timestamp,solar,wind,nuclear,gas,imports,load_shedding,battery_discharge_mw,battery_charge_mw,battery_state_of_charge_mwh
2021-01-01 00:00:00,-0.0,4557.59,2160.0,195.6229999999996,1000.0,-0.0,0.0,-0.0,-0.0
2021-01-01 01:00:00,-0.0,4731.84,2160.0,-0.0,878.058,-0.0,0.0,-0.0,-0.0
2021-01-01 02:00:00,-0.0,4879.93,2160.0,-0.0,633.768,-0.0,0.0,-0.0,-0.0
2021-01-01 03:00:00,-0.0,4987.18,2160.0,-0.0,528.2509999999993,-0.0,0.0,-0.0,-0.0
2021-01-01 04:00:00,-0.0,5043.32,2160.0,-0.0,594.2110000000002,-0.0,0.0,-0.0,-0.0
2021-01-01 05:00:00,-0.0,5043.919999999999,2160.0,-0.0,813.5420000000013,-0.0,0.0,-0.0,-0.0
2021-01-01 06:00:00,-0.0,4991.0,2160.0,124.35200000000077,1000.0,-0.0,0.0,-0.0,-0.0
2021-01-01 07:00:00,-0.0,4892.83,2160.0,448.47700000000077,1000.0,-0.0,0.0,-0.0,-0.0
2021-01-01 08:00:00,7.457265410405837,4762.86,2160.0,714.8597345895942,1000.0,-0.0,0.0,-0.0,-0.0
2021-01-01 09:00:00,700.4135971941178,4617.97,2160.0,214.42740280588168,1000.0,-0.0,0.0,-0.0,-0.0
2021-01-01 10:00:00,1652.3134138759217,4476.32,2160.0,-0.0,374.9895861240782,-0.0,0.0,-0.0,-0.0
2021-01-01 11:00:00,2411.1536025552195,4354.93,1929.3393974447808,-0.0,-0.0,-0.0,0.0,100.0,95.0
2021-01-01 12:00:00,2697.5311601208045,4267.51,1662.8978398791955,-0.0,-0.0,-0.0,0.0,100.0,189.9905
2021-01-01 13:00:00,2411.1536025552195,4222.74,1960.4633974447806,-0.0,-0.0,-0.0,0.0,100.0,284.97150095
2021-01-01 14:00:00,1652.3134138759217,4223.15,2160.0,-0.0,486.07558612407934,-0.0,0.0,-0.0,284.943003799905
2021-01-01 15:00:00,700.4135971941178,4264.96,2160.0,404.14240280588183,1000.0,-0.0,100.0,-0.0,179.6513516047882
2021-01-01 16:00:00,7.457265410405837,4338.66,2160.0,1213.3977345895937,1000.0,-0.0,100.0,-0.0,74.3702285748909
2021-01-01 17:00:00,-0.0,4430.4,2160.0,1393.4193480255685,1000.0,-0.0,70.64465197443175,-0.0,-0.0
2021-01-01 18:00:00,-0.0,4524.04,2160.0,1571.9360000000006,1000.0,-0.0,0.0,-0.0,-0.0
2021-01-01 19:00:00,-0.0,4603.37,2160.0,1575.1690000000008,1000.0,-0.0,0.0,-0.0,-0.0
2021-01-01 20:00:00,-0.0,4654.45,2160.0,1449.8270000000002,1000.0,-0.0,0.0,-0.0,-0.0
2021-01-01 21:00:00,-0.0,4667.58,2160.0,1242.3919999999998,1000.0,-0.0,0.0,-0.0,-0.0
2021-01-01 22:00:00,-0.0,4638.67,2160.0,1040.4529999999995,1000.0,-0.0,0.0,-0.0,-0.0
2021-01-01 23:00:00,-0.0,4569.95,2160.0,916.3530000000001,1000.0,-0.0,0.0,-0.0,-0.0
2021-01-02 00:00:00,-0.0,4473.9800000000005,2160.0,-0.0,963.3549999999996,-0.0,0.0,-0.0,-0.0
2021-01-02 01:00:00,-0.0,4355.39,2160.0,-0.0,937.3449999999993,-0.0,0.0,-0.0,-0.0
2021-01-02 02:00:00,-0.0,4235.0,2160.0,-0.0,960.1509999999998,-0.0,0.0,-0.0,-0.0
2021-01-02 03:00:00,-0.0,4130.38,2160.0,65.02300000000014,1000.0,-0.0,0.0,-0.0,-0.0
2021-01-02 04:00:00,-0.0,4057.81,2160.0,258.11799999999994,1000.0,-0.0,0.0,-0.0,-0.0
2021-01-02 05:00:00,-0.0,4030.11,2160.0,504.0790000000002,1000.0,-0.0,0.0,-0.0,-0.0
2021-01-02 06:00:00,-0.0,4054.87,2160.0,735.4470000000001,1000.0,-0.0,0.0,-0.0,-0.0
2021-01-02 07:00:00,-0.0,4133.46,2160.0,880.9579999999996,1000.0,-0.0,0.0,-0.0,-0.0
2021-01-02 08:00:00,9.258148592503845,4260.75,2160.0,886.3378514074957,1000.0,-0.0,0.0,-0.0,-0.0
2021-01-02 09:00:00,699.9803950540942,4425.81,2160.0,76.15860494590606,1000.0,-0.0,0.0,-0.0,-0.0
2021-01-02 10:00:00,1642.7087035713992,4613.3,2095.756371170365,-0.0,-0.0,-0.0,0.0,21.121074741764055,20.065021004675852
2021-01-02 11:00:00,2393.2623541722455,4805.48,1161.5016458277555,-0.0,-0.0,-0.0,0.0,100.0,115.06301450257538
2021-01-02 12:00:00,2676.3785184836534,4984.54,629.5574815163454,-0.0,-0.0,-0.0,0.0,100.0,210.05150820112513
2021-01-02 13:00:00,2393.2623541722455,5134.88,726.3876458277532,-0.0,-0.0,-0.0,0.0,100.0,305.030503050305
2021-01-02 14:00:00,1642.7087035713992,5245.16,1391.4002964286012,-0.0,-0.0,-0.0,0.0,100.0,400.0
2021-01-02 15:00:00,699.9803950540942,5309.68,2160.0,-0.0,115.0656049459061,-0.0,0.0,-0.0,399.96
2021-01-02 16:00:00,9.258148592503845,5329.080000000001,2160.0,-0.0,973.7938514074949,-0.0,0.0,-0.0,399.920004
2021-01-02 17:00:00,-0.0,5310.08,2160.0,134.33500000000095,1000.0,-0.0,100.0,-0.0,294.6168541048632
2021-01-02 18:00:00,-0.0,5264.51,2160.0,378.6800000000003,1000.0,-0.0,100.0,-0.0,189.3242345247159
2021-01-02 19:00:00,-0.0,5207.540000000001,2160.0,515.4099999999999,1000.0,-0.0,100.0,-0.0,84.0421442065266
2021-01-02 20:00:00,-0.0,5155.530000000001,2160.0,510.45694700749823,1000.0,-0.0,79.83205299250066,-0.0,-0.0
2021-01-02 21:00:00,-0.0,5123.7,2160.0,424.8830000000007,1000.0,-0.0,0.0,-0.0,-0.0
2021-01-02 22:00:00,-0.0,5123.9400000000005,2160.0,190.80199999999968,1000.0,-0.0,0.0,-0.0,-0.0
2021-01-02 23:00:00,-0.0,5163.08,2160.0,-0.0,955.7919999999995,-0.0,0.0,-0.0,-0.0
2021-01-03 00:00:00,-0.0,5245.990000000001,2160.0,-0.0,256.7059999999992,-0.0,0.0,-0.0,-0.0
2021-01-03 01:00:00,-0.0,5358.969999999999,2155.969000000001,-0.0,-0.0,-0.0,0.0,-0.0,-0.0
2021-01-03 02:00:00,-0.0,5494.96,1919.187,-0.0,-0.0,-0.0,0.0,-0.0,-0.0
2021-01-03 03:00:00,-0.0,5638.6,1772.545,-0.0,-0.0,-0.0,0.0,-0.0,-0.0
2021-01-03 04:00:00,-0.0,5772.33,1777.6952242576726,-0.0,-0.0,-0.0,0.0,21.654224257672222,20.57151304478861
2021-01-03 05:00:00,-0.0,5878.7,1964.5910000000003,-0.0,-0.0,-0.0,0.0,100.0,115.56945589348413
2021-01-03 06:00:00,-0.0,5942.650000000001,2153.388999999999,-0.0,-0.0,-0.0,0.0,100.0,210.55789894789478
2021-01-03 07:00:00,-0.0,5953.59,2160.0,-0.0,3.136000000000422,-0.0,100.0,-0.0,105.27368526326316
2021-01-03 08:00:00,11.770721004640585,5906.709999999999,2160.0,-0.0,176.72327899536003,-0.0,100.0,-0.0,-0.0
2021-01-03 09:00:00,729.1472762816815,5803.72,1864.461723718318,-0.0,-0.0,-0.0,0.0,-0.0,-0.0
2021-01-03 10:00:00,1701.6798920326084,5652.549999999999,1029.4091827091568,-0.0,-0.0,-0.0,0.0,21.121074741764055,20.065021004675852
2021-01-03 11:00:00,2474.8838259546874,5466.379999999999,447.32417404531316,-0.0,-0.0,-0.0,0.0,100.0,115.06301450257538
2021-01-03 12:00:00,2766.3979231805524,5261.83,287.0400768194477,-0.0,-0.0,-0.0,0.0,100.0,210.05150820112513
2021-01-03 13:00:00,2474.8838259546874,5056.83,744.0381740453131,-0.0,-0.0,-0.0,0.0,100.0,305.030503050305
2021-01-03 14:00:00,1701.6798920326084,4868.219999999999,1727.0071079673914,-0.0,-0.0,-0.0,0.0,100.0,400.0
2021-01-03 15:00:00,729.1472762816815,4709.59,2160.0,-0.0,700.028723718318,-0.0,0.0,-0.0,399.96
2021-01-03 16:00:00,11.770721004640585,4589.52,2160.0,621.2752789953597,1000.0,-0.0,100.0,-0.0,294.6568461052632
2021-01-03 17:00:00,-0.0,4510.5,2160.0,940.7360000000008,1000.0,-0.0,100.0,-0.0,189.36422252591586
2021-01-03 18:00:00,-0.0,4468.75,2160.0,1177.6460000000006,1000.0,-0.0,100.0,-0.0,84.08212820892645
2021-01-03 19:00:00,-0.0,4454.84,2160.0,1287.8299660037005,1000.0,-0.0,79.87003399630028,-0.0,-0.0
2021-01-03 20:00:00,-0.0,4455.05,2160.0,1286.7470000000003,1000.0,-0.0,0.0,-0.0,-0.0
2021-01-03 21:00:00,-0.0,4453.41,2160.0,1087.5439999999999,1000.0,-0.0,0.0,-0.0,-0.0
2021-01-03 22:00:00,-0.0,4433.9400000000005,2160.0,869.5759999999991,1000.0,-0.0,0.0,-0.0,-0.0
2021-01-03 23:00:00,-0.0,4382.99,2160.0,721.0720000000001,1000.0,-0.0,0.0,-0.0,-0.0
2021-01-04 00:00:00,-0.0,4295.05,2160.0,625.1620000000003,1000.0,-0.0,0.0,-0.0,-0.0
2021-01-04 01:00:00,-0.0,4158.71,2160.0,610.1930000000002,1000.0,-0.0,0.0,-0.0,-0.0
2021-01-04 02:00:00,-0.0,3980.46,2160.0,684.1210000000001,1000.0,-0.0,0.0,-0.0,-0.0
2021-01-04 03:00:00,-0.0,3769.0299999999997,2160.0,889.0430000000006,1000.0,-0.0,0.0,-0.0,-0.0
2021-01-04 04:00:00,-0.0,3538.19,2160.0,1233.6299999999997,1000.0,-0.0,0.0,-0.0,-0.0
2021-01-04 05:00:00,-0.0,3304.97,2160.0,1678.3210000000004,1000.0,-0.0,0.0,-0.0,-0.0
2021-01-04 06:00:00,-0.0,3087.5000000000005,2160.0,2145.1249999999995,1000.0,-0.0,0.0,-0.0,-0.0
2021-01-04 07:00:00,-0.0,2902.6600000000003,2160.0,2547.271,1000.0,-0.0,0.0,-0.0,-0.0
2021-01-04 08:00:00,14.883587810809992,2763.85,2160.0,2806.33541218919,1000.0,-0.0,0.0,-0.0,-0.0
2021-01-04 09:00:00,766.8172966577316,2679.28,2160.0,2177.7977033422685,1000.0,-0.0,0.0,-0.0,-0.0
2021-01-04 10:00:00,1779.1116802608226,2650.9100000000003,2160.0,1155.8073197391768,1000.0,-0.0,0.0,-0.0,-0.0
2021-01-04 11:00:00,2582.7449702185577,2674.2,2160.0,251.7470297814416,1000.0,-0.0,0.0,-0.0,-0.0
2021-01-04 12:00:00,2885.5594546970374,2738.82,2160.0,-0.0,807.8355453029626,-0.0,0.0,-0.0,-0.0
2021-01-04 13:00:00,2582.7449702185577,2829.9999999999995,2160.0,-0.0,976.8490297814419,-0.0,0.0,-0.0,-0.0
2021-01-04 14:00:00,1779.1116802608226,2930.54,2160.0,698.047319739178,1000.0,-0.0,0.0,-0.0,-0.0
2021-01-04 15:00:00,766.8172966577316,3023.13,2160.0,1716.6187033422689,1000.0,-0.0,0.0,-0.0,-0.0
2021-01-04 16:00:00,14.883587810809992,3092.68,2160.0,2579.87141218919,1000.0,-0.0,0.0,-0.0,-0.0
2021-01-04 17:00:00,-0.0,3128.25,2160.0,2784.986999999999,1000.0,-0.0,0.0,-0.0,-0.0
2021-01-04 18:00:00,-0.0,3124.56,2160.0,2981.033000000001,1000.0,-0.0,0.0,-0.0,-0.0
2021-01-04 19:00:00,-0.0,3082.56,2160.0,3096.4410000000007,1000.0,-0.0,0.0,-0.0,-0.0
2021-01-04 20:00:00,-0.0,3009.29,2160.0,3086.3020000000006,1000.0,-0.0,0.0,-0.0,-0.0
2021-01-04 21:00:00,-0.0,2916.7900000000004,2160.0,2975.3660000000004,1000.0,-0.0,0.0,-0.0,-0.0
2021-01-04 22:00:00,-0.0,2820.42,2160.0,2831.7780000000002,1000.0,-0.0,0.0,-0.0,-0.0
2021-01-04 23:00:00,-0.0,2736.6400000000003,2160.0,2713.660999999999,1000.0,-0.0,0.0,-0.0,-0.0
2021-01-05 00:00:00,-0.0,2684.34,2160.0,2143.344,1000.0,-0.0,0.0,-0.0,-0.0
2021-01-05 01:00:00,-0.0,2668.16,2160.0,2005.9319999999998,1000.0,-0.0,0.0,-0.0,-0.0
2021-01-05 02:00:00,-0.0,2698.4900000000002,2160.0,1869.0790000000002,1000.0,-0.0,0.0,-0.0,-0.0
2021-01-05 03:00:00,-0.0,2775.96,2160.0,1782.9840000000004,1000.0,-0.0,0.0,-0.0,-0.0
2021-01-05 04:00:00,-0.0,2894.89,2160.0,1775.77,1000.0,-0.0,0.0,-0.0,-0.0
2021-01-05 05:00:00,-0.0,3043.88,2160.0,1836.3090000000002,1000.0,-0.0,0.0,-0.0,-0.0
2021-01-05 06:00:00,-0.0,3207.28,2160.0,1920.3889999999997,1000.0,-0.0,0.0,-0.0,-0.0
2021-01-05 07:00:00,-0.0,3367.1800000000003,2160.0,1976.0329999999994,1000.0,-0.0,0.0,-0.0,-0.0
2021-01-05 08:00:00,16.78348862491339,3505.7700000000004,2160.0,1954.1275113750867,1000.0,-0.0,0.0,-0.0,-0.0
2021-01-05 09:00:00,728.6088679076522,3607.57,2160.0,1177.752132092348,1000.0,-0.0,0.0,-0.0,-0.0
2021-01-05 10:00:00,1680.0507280414315,3661.53,2160.0,132.8052719585687,1000.0,-0.0,0.0,-0.0,-0.0
2021-01-05 11:00:00,2434.187579200473,3662.37,2160.0,-0.0,299.3064207995267,-0.0,0.0,-0.0,-0.0
2021-01-05 12:00:00,2718.1887135979287,3611.31,2160.0,-0.0,-0.0,-0.0,0.0,11.397713597928032,10.82782791803163
2021-01-05 13:00:00,2434.187579200473,3515.76,2160.0,-0.0,324.34542079952644,-0.0,0.0,-0.0,10.826745135239827
2021-01-05 14:00:00,1680.0507280414315,3388.39,2160.0,212.5858926208782,1000.0,-0.0,10.284379337689987,-0.0,-0.0
2021-01-05 15:00:00,728.6088679076522,3245.31,2160.0,1415.2731320923467,1000.0,-0.0,0.0,-0.0,-0.0
2021-01-05 16:00:00,16.78348862491339,3103.92,2160.0,2448.471511375086,1000.0,-0.0,0.0,-0.0,-0.0
2021-01-05 17:00:00,-0.0,2980.58,2160.0,2813.615,1000.0,-0.0,0.0,-0.0,-0.0
2021-01-05 18:00:00,-0.0,2888.37,2160.0,3097.5019999999995,1000.0,-0.0,0.0,-0.0,-0.0
2021-01-05 19:00:00,-0.0,2835.4,2160.0,3223.304,1000.0,-0.0,0.0,-0.0,-0.0
2021-01-05 20:00:00,-0.0,2823.77,2160.0,3151.053,1000.0,-0.0,0.0,-0.0,-0.0
2021-01-05 21:00:00,-0.0,2849.27,2160.0,2921.7490000000003,1000.0,-0.0,0.0,-0.0,-0.0
2021-01-05 22:00:00,-0.0,2902.11,2160.0,2628.6880000000006,1000.0,-0.0,0.0,-0.0,-0.0
2021-01-05 23:00:00,-0.0,2968.25,2160.0,2360.4930000000004,1000.0,-0.0,0.0,-0.0,-0.0
2021-01-06 00:00:00,-0.0,3034.8399999999997,2160.0,1670.9790000000007,1000.0,-0.0,0.0,-0.0,-0.0
2021-01-06 01:00:00,-0.0,3078.88,2160.0,1473.3990000000003,1000.0,-0.0,0.0,-0.0,-0.0
2021-01-06 02:00:00,-0.0,3089.92,2160.0,1355.9939999999997,1000.0,-0.0,0.0,-0.0,-0.0
2021-01-06 03:00:00,-0.0,3058.48,2160.0,1379.0719999999997,1000.0,-0.0,0.0,-0.0,-0.0
2021-01-06 04:00:00,-0.0,2980.78,2160.0,1568.8560000000002,1000.0,-0.0,0.0,-0.0,-0.0
2021-01-06 05:00:00,-0.0,2859.43,2160.0,1900.2060000000006,1000.0,-0.0,0.0,-0.0,-0.0
2021-01-06 06:00:00,-0.0,2703.1899999999996,2160.0,2304.5020000000004,1000.0,-0.0,0.0,-0.0,-0.0
2021-01-06 07:00:00,-0.0,2525.8799999999997,2160.0,2698.0359999999996,1000.0,-0.0,0.0,-0.0,-0.0
2021-01-06 08:00:00,16.393606698892167,2344.66,2160.0,2997.1133933011074,1000.0,-0.0,0.0,-0.0,-0.0
2021-01-06 09:00:00,606.8481235510258,2177.83,2160.0,2611.623876448974,1000.0,-0.0,0.0,-0.0,-0.0
2021-01-06 10:00:00,1390.2446849676596,2042.45,2160.0,1925.0483150323407,1000.0,-0.0,0.0,-0.0,-0.0
2021-01-06 11:00:00,2010.1755131473976,1952.19,2160.0,1317.9434868526014,1000.0,-0.0,0.0,-0.0,-0.0
2021-01-06 12:00:00,2243.4858085600945,1915.5,2160.0,1044.7471914399057,1000.0,-0.0,0.0,-0.0,-0.0
2021-01-06 13:00:00,2010.1755131473976,1934.6399999999999,2160.0,1216.3954868526025,1000.0,-0.0,0.0,-0.0,-0.0
2021-01-06 14:00:00,1390.2446849676596,2005.41,2160.0,1783.9573150323395,1000.0,-0.0,0.0,-0.0,-0.0
2021-01-06 15:00:00,606.8481235510258,2117.8,2160.0,2554.325876448974,1000.0,-0.0,0.0,-0.0,-0.0
2021-01-06 16:00:00,16.393606698892167,2257.38,2160.0,3186.7593933011076,1000.0,-0.0,0.0,-0.0,-0.0
2021-01-06 17:00:00,-0.0,2407.3,2160.0,3279.9219999999996,1000.0,-0.0,0.0,-0.0,-0.0
2021-01-06 18:00:00,-0.0,2550.6099999999997,2160.0,3330.0510000000004,1000.0,-0.0,0.0,-0.0,-0.0
2021-01-06 19:00:00,-0.0,2672.54,2160.0,3282.8059999999996,1000.0,-0.0,0.0,-0.0,-0.0
2021-01-06 20:00:00,-0.0,2762.48,2160.0,3110.928,1000.0,-0.0,0.0,-0.0,-0.0
2021-01-06 21:00:00,-0.0,2815.45,2160.0,2856.1850000000004,1000.0,-0.0,0.0,-0.0,-0.0
2021-01-06 22:00:00,-0.0,2832.69,2160.0,2600.841999999999,1000.0,-0.0,0.0,-0.0,-0.0
2021-01-06 23:00:00,-0.0,2821.47,2160.0,2412.208,1000.0,-0.0,0.0,-0.0,-0.0
2021-01-07 00:00:00,-0.0,2797.23,2160.0,1815.5520000000001,1000.0,-0.0,0.0,-0.0,-0.0
2021-01-07 01:00:00,-0.0,2769.13,2160.0,1692.4759999999997,1000.0,-0.0,0.0,-0.0,-0.0
2021-01-07 02:00:00,-0.0,2756.96,2160.0,1600.7240000000002,1000.0,-0.0,0.0,-0.0,-0.0
2021-01-07 03:00:00,-0.0,2776.0499999999997,2160.0,1575.7910000000006,1000.0,-0.0,0.0,-0.0,-0.0
2021-01-07 04:00:00,-0.0,2838.3199999999997,2160.0,1628.1990000000005,1000.0,-0.0,0.0,-0.0,-0.0
2021-01-07 05:00:00,-0.0,2950.52,2160.0,1728.6650000000004,1000.0,-0.0,0.0,-0.0,-0.0
2021-01-07 06:00:00,-0.0,3113.21,2160.0,1816.7669999999998,1000.0,-0.0,0.0,-0.0,-0.0
2021-01-07 07:00:00,-0.0,3320.5699999999997,2160.0,1828.434000000001,1000.0,-0.0,0.0,-0.0,-0.0
2021-01-07 08:00:00,15.917084344866236,3561.0199999999995,2160.0,1709.1869156551338,1000.0,-0.0,0.0,-0.0,-0.0
2021-01-07 09:00:00,507.58294746562353,3818.67,2160.0,1000.937052534377,1000.0,-0.0,0.0,-0.0,-0.0
2021-01-07 10:00:00,1155.0035457308572,4075.35,2160.0,61.26945426914244,1000.0,-0.0,0.0,-0.0,-0.0
2021-01-07 11:00:00,1666.448180844691,4312.87,2160.0,-0.0,237.91981915530846,-0.0,0.0,-0.0,-0.0
2021-01-07 12:00:00,1858.80849682116,4515.4,2029.5595031788405,-0.0,-0.0,-0.0,0.0,100.0,95.0
2021-01-07 13:00:00,1666.448180844691,4671.46,2026.4948191553092,-0.0,-0.0,-0.0,0.0,100.0,189.9905
2021-01-07 14:00:00,1155.0035457308572,4775.3,2160.0,-0.0,195.7084542691432,-0.0,0.0,-0.0,189.97150095
2021-01-07 15:00:00,507.58294746562353,4827.64,2160.0,-0.0,893.4050525343768,-0.0,0.0,-0.0,189.952503799905
2021-01-07 16:00:00,15.917084344866236,4835.38,2160.0,462.18791565513425,1000.0,-0.0,100.0,-0.0,84.67035065478818
2021-01-07 17:00:00,-0.0,4810.62,2160.0,752.4662105612629,1000.0,-0.0,80.42878943873657,-0.0,-0.0
2021-01-07 18:00:00,-0.0,4768.9,2160.0,1071.434000000001,1000.0,-0.0,0.0,-0.0,-0.0
2021-01-07 19:00:00,-0.0,4727.05,2160.0,1191.3849999999993,1000.0,-0.0,0.0,-0.0,-0.0
2021-01-07 20:00:00,-0.0,4700.84,2160.0,1139.1049999999996,1000.0,-0.0,0.0,-0.0,-0.0
2021-01-07 21:00:00,-0.0,4702.77,2160.0,938.8799999999992,1000.0,-0.0,0.0,-0.0,-0.0
2021-01-07 22:00:00,-0.0,4740.38,2160.0,666.6729999999998,1000.0,-0.0,0.0,-0.0,-0.0
2021-01-07 23:00:00,-0.0,4815.18,2160.0,395.54899999999907,1000.0,-0.0,0.0,-0.0,-0.0
2021-01-08 00:00:00,-0.0,4925.38,2160.0,-0.0,667.7489999999998,-0.0,0.0,-0.0,-0.0
2021-01-08 01:00:00,-0.0,5054.79,2160.0,-0.0,390.7330000000002,-0.0,0.0,-0.0,-0.0
2021-01-08 02:00:00,-0.0,5191.83,2160.0,-0.0,153.35599999999977,-0.0,0.0,-0.0,-0.0
2021-01-08 03:00:00,-0.0,5319.79,2160.0,-0.0,23.149999999999636,-0.0,0.0,-0.0,-0.0
2021-01-08 04:00:00,-0.0,5422.08,2160.0,-0.0,39.14400000000023,-0.0,0.0,-0.0,-0.0
2021-01-08 05:00:00,-0.0,5484.5,2160.0,-0.0,193.0029999999997,-0.0,0.0,-0.0,-0.0
2021-01-08 06:00:00,-0.0,5497.23,2160.0,-0.0,434.6800000000003,-0.0,0.0,-0.0,-0.0
2021-01-08 07:00:00,-0.0,5456.28,2160.0,-0.0,698.2730000000001,-0.0,0.0,-0.0,-0.0
2021-01-08 08:00:00,18.67101223501611,5364.05,2160.0,-0.0,912.5639877649836,-0.0,0.0,-0.0,-0.0
2021-01-08 09:00:00,517.8745925921837,5229.17,2160.0,-0.0,592.9134074078167,-0.0,0.0,-0.0,-0.0
2021-01-08 10:00:00,1170.1779978356833,5065.37,2160.0,-0.0,72.44000216431618,-0.0,0.0,-0.0,-0.0
2021-01-08 11:00:00,1684.5560302976764,4889.820000000001,1922.811969702323,-0.0,-0.0,-0.0,0.0,100.0,95.0
2021-01-08 12:00:00,1877.8879567881982,4720.849999999999,1828.5490432118027,-0.0,-0.0,-0.0,0.0,100.0,189.9905
2021-01-08 13:00:00,1684.5560302976764,4575.65,2131.267969702324,-0.0,-0.0,-0.0,0.0,100.0,284.97150095
2021-01-08 14:00:00,1170.1779978356833,4468.03,2160.0,-0.0,518.4050021643163,-0.0,0.0,-0.0,284.943003799905
2021-01-08 15:00:00,517.8745925921837,4406.7,2160.0,238.16040740781705,1000.0,-0.0,100.0,-0.0,179.6513516047882
2021-01-08 16:00:00,18.67101223501611,4394.17,2160.0,938.2299877649837,1000.0,-0.0,100.0,-0.0,74.3702285748909
2021-01-08 17:00:00,-0.0,4426.58,2160.0,1187.3243480255692,1000.0,-0.0,70.64465197443175,-0.0,-0.0
2021-01-08 18:00:00,-0.0,4494.29,2160.0,1390.4929999999995,1000.0,-0.0,0.0,-0.0,-0.0
2021-01-08 19:00:00,-0.0,4583.29,2160.0,1382.9739999999993,1000.0,-0.0,0.0,-0.0,-0.0
2021-01-08 20:00:00,-0.0,4677.18,2160.0,1213.9349999999995,1000.0,-0.0,0.0,-0.0,-0.0
2021-01-08 21:00:00,-0.0,4759.49,2160.0,936.6290000000008,1000.0,-0.0,0.0,-0.0,-0.0
2021-01-08 22:00:00,-0.0,4815.95,2160.0,648.826,1000.0,-0.0,0.0,-0.0,-0.0
2021-01-08 23:00:00,-0.0,4836.5,2160.0,435.15999999999985,1000.0,-0.0,0.0,-0.0,-0.0
2021-01-09 00:00:00,-0.0,4819.38,2160.0,-0.0,401.4319999999998,-0.0,0.0,-0.0,-0.0
2021-01-09 01:00:00,-0.0,4760.97,2160.0,-0.0,315.34099999999944,-0.0,0.0,-0.0,-0.0
2021-01-09 02:00:00,-0.0,4671.8,2160.0,-0.0,307.22299999999996,-0.0,0.0,-0.0,-0.0
2021-01-09 03:00:00,-0.0,4564.650000000001,2160.0,-0.0,415.1189999999997,-0.0,0.0,-0.0,-0.0
2021-01-09 04:00:00,-0.0,4455.59,2160.0,-0.0,645.3949999999995,-0.0,0.0,-0.0,-0.0
2021-01-09 05:00:00,-0.0,4361.7,2160.0,-0.0,958.433,-0.0,0.0,-0.0,-0.0
2021-01-09 06:00:00,-0.0,4298.82,2160.0,278.52300000000014,1000.0,-0.0,0.0,-0.0,-0.0
2021-01-09 07:00:00,-0.0,4279.31,2160.0,523.4119999999994,1000.0,-0.0,0.0,-0.0,-0.0
2021-01-09 08:00:00,24.494486717333032,4310.34,2160.0,611.2855132826667,1000.0,-0.0,0.0,-0.0,-0.0
2021-01-09 09:00:00,596.0056928464357,4392.86,2160.0,4.520307153565,1000.0,-0.0,0.0,-0.0,-0.0
2021-01-09 10:00:00,1336.9731989487605,4521.35,2160.0,-0.0,105.61280105123888,-0.0,0.0,-0.0,-0.0
2021-01-09 11:00:00,1920.1746742564994,4684.55,1550.8543257435,-0.0,-0.0,-0.0,0.0,100.0,95.0
2021-01-09 12:00:00,2139.2202420584204,4866.8099999999995,1082.0117579415805,-0.0,-0.0,-0.0,0.0,100.0,189.9905
2021-01-09 13:00:00,1920.1746742564994,5050.13,1084.2083257435004,-0.0,-0.0,-0.0,0.0,100.0,284.97150095
2021-01-09 14:00:00,1336.9731989487605,5216.469999999999,1528.4098010512403,-0.0,-0.0,-0.0,0.0,100.0,379.943003799905
2021-01-09 15:00:00,596.0056928464357,5350.099999999999,2160.0,-0.0,-0.0,-0.0,0.0,16.014692846434855,395.11896770363813
2021-01-09 16:00:00,24.494486717333032,5439.549999999999,2160.0,-0.0,656.4145132826684,-0.0,0.0,-0.0,395.07945580686777
2021-01-09 17:00:00,-0.0,5479.070000000001,2160.0,-0.0,876.8099999999986,-0.0,0.0,-0.0,395.0399478612871
2021-01-09 18:00:00,-0.0,5469.3,2160.0,-0.0,1000.0,-0.0,88.66700000000037,-0.0,301.66675965597426
2021-01-09 19:00:00,-0.0,5417.04,2160.0,124.16999999999916,1000.0,-0.0,100.0,-0.0,196.37343508527186
2021-01-09 20:00:00,-0.0,5334.23,2160.0,133.5,1000.0,-0.0,100.0,-0.0,91.09063984702651
2021-01-09 21:00:00,-0.0,5236.21,2160.0,51.572545756109776,1000.0,-0.0,86.52745424388972,-0.0,-0.0
2021-01-09 22:00:00,-0.0,5139.59,2160.0,4.858000000000175,1000.0,-0.0,0.0,-0.0,-0.0
2021-01-09 23:00:00,-0.0,5059.85,2160.0,-0.0,892.8649999999998,-0.0,0.0,-0.0,-0.0
2021-01-10 00:00:00,-0.0,5011.69,2160.0,-0.0,327.3550000000005,-0.0,0.0,-0.0,-0.0
2021-01-10 01:00:00,-0.0,4997.38,2160.0,-0.0,198.34999999999945,-0.0,0.0,-0.0,-0.0
2021-01-10 02:00:00,-0.0,5020.58,2160.0,-0.0,78.94999999999982,-0.0,0.0,-0.0,-0.0
2021-01-10 03:00:00,-0.0,5076.2300000000005,2160.0,-0.0,25.032999999999447,-0.0,0.0,-0.0,-0.0
2021-01-10 04:00:00,-0.0,5153.65,2160.0,-0.0,69.71300000000065,-0.0,0.0,-0.0,-0.0
2021-01-10 05:00:00,-0.0,5237.99,2160.0,-0.0,205.3040000000001,-0.0,0.0,-0.0,-0.0
2021-01-10 06:00:00,-0.0,5312.23,2160.0,-0.0,388.95400000000063,-0.0,0.0,-0.0,-0.0
2021-01-10 07:00:00,-0.0,5359.44,2160.0,-0.0,567.6980000000003,-0.0,0.0,-0.0,-0.0
2021-01-10 08:00:00,30.095171527637834,5365.12,2160.0,-0.0,675.7938284723623,-0.0,0.0,-0.0,-0.0
2021-01-10 09:00:00,647.2411288072241,5319.1900000000005,2160.0,-0.0,152.21187119277545,-0.0,0.0,-0.0,-0.0
2021-01-10 10:00:00,1441.0531073904247,5217.4,1691.0018926095756,-0.0,-0.0,-0.0,0.0,100.0,95.0
2021-01-10 11:00:00,2064.647587954362,5061.97,1154.637412045639,-0.0,-0.0,-0.0,0.0,100.0,189.9905
2021-01-10 12:00:00,2298.6943270050992,4861.32,1053.7566729949017,-0.0,-0.0,-0.0,0.0,100.0,284.97150095
2021-01-10 13:00:00,2064.647587954362,4629.110000000001,1486.431412045638,-0.0,-0.0,-0.0,0.0,100.0,379.943003799905
2021-01-10 14:00:00,1441.0531073904247,4382.400000000001,2160.0,-0.0,123.91789260957489,-0.0,0.0,-0.0,379.905009499525
2021-01-10 15:00:00,647.2411288072241,4139.5,2160.0,168.6058711927758,1000.0,-0.0,100.0,-0.0,274.60386110383826
2021-01-10 16:00:00,30.095171527637834,3917.6299999999997,2160.0,1197.6218284723623,1000.0,-0.0,100.0,-0.0,169.31324282299107
2021-01-10 17:00:00,-0.0,3730.6600000000003,2160.0,1649.636,1000.0,-0.0,100.0,-0.0,64.03315360397194
2021-01-10 18:00:00,-0.0,3587.44,2160.0,2033.5425872258197,1000.0,-0.0,60.82541277418096,-0.0,-0.0
2021-01-10 19:00:00,-0.0,3490.66,2160.0,2273.710000000001,1000.0,-0.0,0.0,-0.0,-0.0
2021-01-10 20:00:00,-0.0,3436.7,2160.0,2253.4090000000006,1000.0,-0.0,0.0,-0.0,-0.0
2021-01-10 21:00:00,-0.0,3416.19,2160.0,2079.614,1000.0,-0.0,0.0,-0.0,-0.0
2021-01-10 22:00:00,-0.0,3415.45,2160.0,1849.505,1000.0,-0.0,0.0,-0.0,-0.0
2021-01-10 23:00:00,-0.0,3418.4700000000003,2160.0,1653.665,1000.0,-0.0,0.0,-0.0,-0.0
2021-01-11 00:00:00,-0.0,3411.43,2160.0,1481.7379999999998,1000.0,-0.0,0.0,-0.0,-0.0
2021-01-11 01:00:00,-0.0,3376.02,2160.0,1372.5480000000002,1000.0,-0.0,0.0,-0.0,-0.0
2021-01-11 02:00:00,-0.0,3304.93,2160.0,1346.0530000000003,1000.0,-0.0,0.0,-0.0,-0.0
2021-01-11 03:00:00,-0.0,3194.19,2160.0,1457.0459999999998,1000.0,-0.0,0.0,-0.0,-0.0
2021-01-11 04:00:00,-0.0,3046.14,2160.0,1725.6200000000003,1000.0,-0.0,0.0,-0.0,-0.0
2021-01-11 05:00:00,-0.0,2869.14,2160.0,2120.881,1000.0,-0.0,0.0,-0.0,-0.0
2021-01-11 06:00:00,-0.0,2676.5499999999997,2160.0,2569.5989999999997,1000.0,-0.0,0.0,-0.0,-0.0
2021-01-11 07:00:00,-0.0,2484.98,2160.0,2985.271,1000.0,-0.0,0.0,-0.0,-0.0
2021-01-11 08:00:00,34.860395067897166,2312.09,2160.0,3265.2276049321026,1000.0,-0.0,0.0,-0.0,-0.0
2021-01-11 09:00:00,667.3664625123193,2174.26,2160.0,2816.1545374876814,1000.0,-0.0,0.0,-0.0,-0.0
2021-01-11 10:00:00,1474.446803784242,2084.3900000000003,2160.0,2067.639196215758,1000.0,-0.0,0.0,-0.0,-0.0
2021-01-11 11:00:00,2107.1942267066775,2050.16,2160.0,1398.7217732933218,1000.0,-0.0,0.0,-0.0,-0.0
2021-01-11 12:00:00,2344.4961704095917,2073.0,2160.0,1068.8118295904092,1000.0,-0.0,0.0,-0.0,-0.0
2021-01-11 13:00:00,2107.1942267066775,2147.87,2160.0,1195.2977732933218,1000.0,-0.0,0.0,-0.0,-0.0
2021-01-11 14:00:00,1474.446803784242,2263.88,2160.0,1736.7741962157584,1000.0,-0.0,0.0,-0.0,-0.0
2021-01-11 15:00:00,667.3664625123193,2405.77,2160.0,2507.4215374876812,1000.0,-0.0,0.0,-0.0,-0.0
2021-01-11 16:00:00,34.860395067897166,2555.8599999999997,2160.0,3177.243604932103,1000.0,-0.0,0.0,-0.0,-0.0
2021-01-11 17:00:00,-0.0,2696.38,2160.0,3303.8669999999993,1000.0,-0.0,0.0,-0.0,-0.0
2021-01-11 18:00:00,-0.0,2811.7999999999997,2160.0,3387.223,1000.0,-0.0,0.0,-0.0,-0.0
2021-01-11 19:00:00,-0.0,2890.81,2160.0,3387.9719999999998,1000.0,-0.0,0.0,-0.0,-0.0
2021-01-11 20:00:00,-0.0,2927.7599999999998,2160.0,3273.8909999999996,1000.0,-0.0,0.0,-0.0,-0.0
2021-01-11 21:00:00,-0.0,2923.31,2160.0,3081.105000000001,1000.0,-0.0,0.0,-0.0,-0.0
2021-01-11 22:00:00,-0.0,2884.25,2160.0,2886.3240000000005,1000.0,-0.0,0.0,-0.0,-0.0
2021-01-11 23:00:00,-0.0,2822.4100000000003,2160.0,2752.2949999999996,1000.0,-0.0,0.0,-0.0,-0.0
2021-01-12 00:00:00,-0.0,2755.0099999999998,2160.0,2201.217,1000.0,-0.0,0.0,-0.0,-0.0
2021-01-12 01:00:00,-0.0,2694.42,2160.0,2114.049,1000.0,-0.0,0.0,-0.0,-0.0
2021-01-12 02:00:00,-0.0,2657.87,2160.0,2049.808,1000.0,-0.0,0.0,-0.0,-0.0
2021-01-12 03:00:00,-0.0,2657.27,2160.0,2047.4050000000002,1000.0,-0.0,0.0,-0.0,-0.0
2021-01-12 04:00:00,-0.0,2699.48,2160.0,2122.421,1000.0,-0.0,0.0,-0.0,-0.0
2021-01-12 05:00:00,-0.0,2785.2599999999998,2160.0,2251.561,1000.0,-0.0,0.0,-0.0,-0.0
2021-01-12 06:00:00,-0.0,2909.1099999999997,2160.0,2380.46,1000.0,-0.0,0.0,-0.0,-0.0
2021-01-12 07:00:00,-0.0,3059.87,2160.0,2450.3859999999995,1000.0,-0.0,0.0,-0.0,-0.0
2021-01-12 08:00:00,42.74467401632624,3222.1699999999996,2160.0,2383.8203259836746,1000.0,-0.0,0.0,-0.0,-0.0
2021-01-12 09:00:00,733.1141701638974,3378.4399999999996,2160.0,1579.3048298361036,1000.0,-0.0,0.0,-0.0,-0.0
2021-01-12 10:00:00,1606.944772611453,3511.21,2160.0,537.8932273885478,1000.0,-0.0,0.0,-0.0,-0.0
2021-01-12 11:00:00,2290.6120127926592,3605.4199999999996,2160.0,-0.0,686.0859872073415,-0.0,0.0,-0.0,-0.0
2021-01-12 12:00:00,2546.813947004602,3650.41,2160.0,-0.0,311.5750529953989,-0.0,0.0,-0.0,-0.0
2021-01-12 13:00:00,2290.6120127926592,3641.37,2160.0,-0.0,537.3009872073403,-0.0,0.0,-0.0,-0.0
2021-01-12 14:00:00,1606.944772611453,3579.9399999999996,2160.0,303.5522273885474,1000.0,-0.0,0.0,-0.0,-0.0
2021-01-12 15:00:00,733.1141701638974,3474.04,2160.0,1385.1418298361032,1000.0,-0.0,0.0,-0.0,-0.0
2021-01-12 16:00:00,42.74467401632624,3336.75,2160.0,2396.601325983673,1000.0,-0.0,0.0,-0.0,-0.0
2021-01-12 17:00:00,-0.0,3184.68,2160.0,2820.087,1000.0,-0.0,0.0,-0.0,-0.0
2021-01-12 18:00:00,-0.0,3035.6499999999996,2160.0,3164.277,1000.0,-0.0,0.0,-0.0,-0.0
2021-01-12 19:00:00,-0.0,2906.46,2160.0,3369.611,1000.0,-0.0,0.0,-0.0,-0.0
2021-01-12 20:00:00,-0.0,2810.59,2160.0,3384.7379999999994,1000.0,-0.0,0.0,-0.0,-0.0
2021-01-12 21:00:00,-0.0,2756.5299999999997,2160.0,3237.955000000001,1000.0,-0.0,0.0,-0.0,-0.0
2021-01-12 22:00:00,-0.0,2746.71,2160.0,3010.3370000000004,1000.0,-0.0,0.0,-0.0,-0.0
2021-01-12 23:00:00,-0.0,2777.23,2160.0,2780.3620000000005,1000.0,-0.0,0.0,-0.0,-0.0
2021-01-13 00:00:00,-0.0,2840.3,2160.0,2094.986,1000.0,-0.0,0.0,-0.0,-0.0
2021-01-13 01:00:00,-0.0,2918.58,2160.0,1865.397,1000.0,-0.0,0.0,-0.0,-0.0
2021-01-13 02:00:00,-0.0,2997.71,2160.0,1681.946,1000.0,-0.0,0.0,-0.0,-0.0
2021-01-13 03:00:00,-0.0,3061.61,2160.0,1611.538,1000.0,-0.0,0.0,-0.0,-0.0
2021-01-13 04:00:00,-0.0,3096.4799999999996,2160.0,1690.4150000000009,1000.0,-0.0,0.0,-0.0,-0.0
2021-01-13 05:00:00,-0.0,3092.8,2160.0,1905.5659999999998,1000.0,-0.0,0.0,-0.0,-0.0
2021-01-13 06:00:00,-0.0,3046.7300000000005,2160.0,2200.969,1000.0,-0.0,0.0,-0.0,-0.0
2021-01-13 07:00:00,-0.0,2960.77,2160.0,2504.2359999999994,1000.0,-0.0,0.0,-0.0,-0.0
2021-01-13 08:00:00,55.36323349501297,2843.48,2160.0,2701.300766504987,1000.0,-0.0,0.0,-0.0,-0.0
2021-01-13 09:00:00,855.6794327805676,2708.4399999999996,2160.0,2074.8505672194324,1000.0,-0.0,0.0,-0.0,-0.0
2021-01-13 10:00:00,1860.4794193612506,2572.54,2160.0,1167.8845806387499,1000.0,-0.0,0.0,-0.0,-0.0
2021-01-13 11:00:00,2644.9527975259434,2453.73,2160.0,425.0832024740562,1000.0,-0.0,0.0,-0.0,-0.0
2021-01-13 12:00:00,2938.7009800739293,2368.7,2160.0,139.8890199260718,1000.0,-0.0,0.0,-0.0,-0.0
2021-01-13 13:00:00,2644.9527975259434,2330.69,2160.0,429.0262024740564,1000.0,-0.0,0.0,-0.0,-0.0
2021-01-13 14:00:00,1860.4794193612506,2347.71,2160.0,1214.5845806387488,1000.0,-0.0,0.0,-0.0,-0.0
2021-01-13 15:00:00,855.6794327805676,2421.54,2160.0,2244.4215672194323,1000.0,-0.0,0.0,-0.0,-0.0
2021-01-13 16:00:00,55.36323349501297,2547.4599999999996,2160.0,3099.6857665049884,1000.0,-0.0,0.0,-0.0,-0.0
2021-01-13 17:00:00,-0.0,2714.95,2160.0,3213.362,1000.0,-0.0,0.0,-0.0,-0.0
2021-01-13 18:00:00,-0.0,2909.05,2160.0,3211.6179999999995,1000.0,-0.0,0.0,-0.0,-0.0
2021-01-13 19:00:00,-0.0,3112.37,2160.0,3081.705999999999,1000.0,-0.0,0.0,-0.0,-0.0
2021-01-13 20:00:00,-0.0,3307.4300000000003,2160.0,2803.236999999999,1000.0,-0.0,0.0,-0.0,-0.0
2021-01-13 21:00:00,-0.0,3478.9300000000003,2160.0,2428.3009999999995,1000.0,-0.0,0.0,-0.0,-0.0
2021-01-13 22:00:00,-0.0,3615.77,2160.0,2051.5029999999992,1000.0,-0.0,0.0,-0.0,-0.0
2021-01-13 23:00:00,-0.0,3712.47,2160.0,1752.9060000000004,1000.0,-0.0,0.0,-0.0,-0.0
2021-01-14 00:00:00,-0.0,3771.37,2160.0,1069.0780000000004,1000.0,-0.0,0.0,-0.0,-0.0
2021-01-14 01:00:00,-0.0,3796.2200000000003,2160.0,890.6349999999993,1000.0,-0.0,0.0,-0.0,-0.0
2021-01-14 02:00:00,-0.0,3800.46,2160.0,779.8720000000003,1000.0,-0.0,0.0,-0.0,-0.0
2021-01-14 03:00:00,-0.0,3799.2599999999998,2160.0,772.4470000000006,1000.0,-0.0,0.0,-0.0,-0.0
2021-01-14 04:00:00,-0.0,3808.94,2160.0,874.4829999999997,1000.0,-0.0,0.0,-0.0,-0.0
2021-01-14 05:00:00,-0.0,3844.6000000000004,2160.0,1048.3519999999999,1000.0,-0.0,0.0,-0.0,-0.0
2021-01-14 06:00:00,-0.0,3917.98,2160.0,1222.4520000000007,1000.0,-0.0,0.0,-0.0,-0.0
2021-01-14 07:00:00,-0.0,4035.69,2160.0,1320.2860000000005,1000.0,-0.0,0.0,-0.0,-0.0
2021-01-14 08:00:00,66.42845387161516,4198.25,2160.0,1224.7665461283846,1000.0,-0.0,0.0,-0.0,-0.0
2021-01-14 09:00:00,930.3634817206321,4399.81,2160.0,196.52151827936723,1000.0,-0.0,0.0,-0.0,-0.0
2021-01-14 10:00:00,2006.2209964691824,4628.860000000001,2012.0680035308164,-0.0,-0.0,-0.0,0.0,-0.0,-0.0
2021-01-14 11:00:00,2844.3495539767946,4869.63,875.7685207649702,-0.0,-0.0,-0.0,0.0,21.121074741764055,20.065021004675852
2021-01-14 12:00:00,3157.9198287318595,5104.1,328.8451712681399,-0.0,-0.0,-0.0,0.0,100.0,115.06301450257538
2021-01-14 13:00:00,2844.3495539767946,5314.330000000001,388.37744602320527,-0.0,-0.0,-0.0,0.0,100.0,210.05150820112513
2021-01-14 14:00:00,2006.2209964691824,5484.7699999999995,1073.0830035308186,-0.0,-0.0,-0.0,0.0,100.0,305.030503050305
2021-01-14 15:00:00,930.3634817206321,5604.249999999999,2127.3415182793688,-0.0,-0.0,-0.0,0.0,100.0,400.0
2021-01-14 16:00:00,66.42845387161516,5667.42,2160.0,-0.0,848.0895461283849,-0.0,0.0,-0.0,399.96
2021-01-14 17:00:00,-0.0,5675.39,2160.0,31.56800000000021,1000.0,-0.0,100.0,-0.0,294.6568461052632
2021-01-14 18:00:00,-0.0,5635.53,2160.0,263.1050000000005,1000.0,-0.0,100.0,-0.0,189.36422252591586
2021-01-14 19:00:00,-0.0,5560.41,2160.0,411.0570000000007,1000.0,-0.0,100.0,-0.0,84.08212820892645
2021-01-14 20:00:00,-0.0,5466.09,2160.0,441.625966003699,1000.0,-0.0,79.87003399630028,-0.0,-0.0
2021-01-14 21:00:00,-0.0,5369.91,2160.0,413.8719999999994,1000.0,-0.0,0.0,-0.0,-0.0
2021-01-14 22:00:00,-0.0,5288.16,2160.0,255.40200000000004,1000.0,-0.0,0.0,-0.0,-0.0
2021-01-14 23:00:00,-0.0,5233.910000000001,2160.0,107.59699999999884,1000.0,-0.0,0.0,-0.0,-0.0
2021-01-15 00:00:00,-0.0,5216.499999999999,2160.0,-0.0,499.76700000000073,-0.0,0.0,-0.0,-0.0
2021-01-15 01:00:00,-0.0,5235.389999999999,2160.0,-0.0,327.33700000000044,-0.0,0.0,-0.0,-0.0
2021-01-15 02:00:00,-0.0,5287.650000000001,2160.0,-0.0,168.71199999999953,-0.0,0.0,-0.0,-0.0
2021-01-15 03:00:00,-0.0,5363.46,2160.0,-0.0,84.53899999999976,-0.0,0.0,-0.0,-0.0
2021-01-15 04:00:00,-0.0,5448.75,2160.0,-0.0,111.33299999999963,-0.0,0.0,-0.0,-0.0
2021-01-15 05:00:00,-0.0,5527.26,2160.0,-0.0,242.82399999999961,-0.0,0.0,-0.0,-0.0
2021-01-15 06:00:00,-0.0,5582.77,2160.0,-0.0,435.3699999999999,-0.0,0.0,-0.0,-0.0
2021-01-15 07:00:00,-0.0,5601.429999999999,2160.0,-0.0,632.9340000000002,-0.0,0.0,-0.0,-0.0
2021-01-15 08:00:00,68.4706925317263,5573.7300000000005,2160.0,-0.0,726.414307468273,-0.0,0.0,-0.0,-0.0
2021-01-15 09:00:00,873.3540800935294,5495.900000000001,2160.0,-0.0,37.49591990647002,-0.0,0.0,-0.0,-0.0
2021-01-15 10:00:00,1867.509671233633,5370.57,1311.2324035081324,-0.0,-0.0,-0.0,0.0,21.121074741764055,20.065021004675852
2021-01-15 11:00:00,2640.2742144136882,5206.469999999999,704.012785586312,-0.0,-0.0,-0.0,0.0,100.0,115.06301450257538
2021-01-15 12:00:00,2929.145778585409,5017.46,527.5752214145914,-0.0,-0.0,-0.0,0.0,100.0,210.05150820112513
2021-01-15 13:00:00,2640.2742144136882,4820.7,970.6847855863116,-0.0,-0.0,-0.0,0.0,100.0,305.030503050305
2021-01-15 14:00:00,1867.509671233633,4634.5,1948.0503287663664,-0.0,-0.0,-0.0,0.0,100.0,400.0
2021-01-15 15:00:00,873.3540800935294,4475.97,2160.0,-0.0,940.0979199064708,-0.0,0.0,-0.0,399.96
2021-01-15 16:00:00,68.4706925317263,4358.77,2160.0,943.7393074682727,1000.0,-0.0,100.0,-0.0,294.6568461052632
2021-01-15 17:00:00,-0.0,4291.400000000001,2160.0,1306.2699999999995,1000.0,-0.0,100.0,-0.0,189.36422252591586
2021-01-15 18:00:00,-0.0,4276.16,2160.0,1514.9490000000005,1000.0,-0.0,100.0,-0.0,84.08212820892645
2021-01-15 19:00:00,-0.0,4308.88,2160.0,1577.0439660036996,1000.0,-0.0,79.87003399630028,-0.0,-0.0
2021-01-15 20:00:00,-0.0,4379.58,2160.0,1504.2759999999998,1000.0,-0.0,0.0,-0.0,-0.0
2021-01-15 21:00:00,-0.0,4473.900000000001,2160.0,1208.183,1000.0,-0.0,0.0,-0.0,-0.0
2021-01-15 22:00:00,-0.0,4575.05,2160.0,868.9289999999992,1000.0,-0.0,0.0,-0.0,-0.0
2021-01-15 23:00:00,-0.0,4666.11,2160.0,578.0160000000005,1000.0,-0.0,0.0,-0.0,-0.0
2021-01-16 00:00:00,-0.0,4733.45,2160.0,-0.0,451.3130000000001,-0.0,0.0,-0.0,-0.0
2021-01-16 01:00:00,-0.0,4764.42,2160.0,-0.0,269.16700000000037,-0.0,0.0,-0.0,-0.0
2021-01-16 02:00:00,-0.0,4755.150000000001,2160.0,-0.0,174.51499999999942,-0.0,0.0,-0.0,-0.0
2021-01-16 03:00:00,-0.0,4706.9800000000005,2160.0,-0.0,216.84199999999964,-0.0,0.0,-0.0,-0.0
2021-01-16 04:00:00,-0.0,4627.27,2160.0,-0.0,411.22999999999956,-0.0,0.0,-0.0,-0.0
2021-01-16 05:00:00,-0.0,4528.360000000001,2160.0,-0.0,722.8059999999996,-0.0,0.0,-0.0,-0.0
2021-01-16 06:00:00,-0.0,4425.88,2160.0,76.07799999999952,1000.0,-0.0,0.0,-0.0,-0.0
2021-01-16 07:00:00,-0.0,4336.54,2160.0,384.4449999999997,1000.0,-0.0,0.0,-0.0,-0.0
2021-01-16 08:00:00,63.90969285747808,4275.78,2160.0,518.4153071425217,1000.0,-0.0,0.0,-0.0,-0.0
2021-01-16 09:00:00,745.8565016825909,4255.650000000001,2160.0,-0.0,897.6644983174089,-0.0,0.0,-0.0,-0.0
2021-01-16 10:00:00,1581.3053945240576,4283.01,2160.0,-0.0,-0.0,-0.0,0.0,0.7113945240575958,0.675824797854716
2021-01-16 11:00:00,2229.2272695513184,4358.56,1461.4317304486813,-0.0,-0.0,-0.0,0.0,100.0,95.67575721537493
2021-01-16 12:00:00,2471.2263621724883,4476.6,1027.9226378275112,-0.0,-0.0,-0.0,0.0,100.0,190.6661896396534
2021-01-16 13:00:00,2229.2272695513184,4625.71,1081.4467304486816,-0.0,-0.0,-0.0,0.0,100.0,285.64712302068943
2021-01-16 14:00:00,1581.3053945240574,4790.150000000001,1586.5376054759424,-0.0,-0.0,-0.0,0.0,100.0,380.6185583083874
2021-01-16 15:00:00,745.8565016825909,4951.88,2160.0,-0.0,102.8724983174094,-0.0,0.0,-0.0,380.58049645255653
2021-01-16 16:00:00,63.90969285747808,5092.900000000001,2160.0,-0.0,828.6563071425218,-0.0,0.0,-0.0,380.5424384029113
2021-01-16 17:00:00,-0.0,5197.5199999999995,2160.0,-0.0,1000.0,-0.0,17.975999999999658,-0.0,361.5822788959134
2021-01-16 18:00:00,-0.0,5254.43,2160.0,57.88500000000022,1000.0,-0.0,100.0,-0.0,256.282962773287
2021-01-16 19:00:00,-0.0,5258.06,2160.0,132.35599999999886,1000.0,-0.0,100.0,-0.0,150.99417658227287
2021-01-16 20:00:00,-0.0,5209.3,2160.0,102.6259999999993,1000.0,-0.0,100.0,-0.0,45.7159192698778
2021-01-16 21:00:00,-0.0,5115.22,2160.0,54.98521970594584,1000.0,-0.0,43.425780294053276,-0.0,-0.0
2021-01-16 22:00:00,-0.0,4988.11,2160.0,-0.0,990.924,-0.0,0.0,-0.0,-0.0
2021-01-16 23:00:00,-0.0,4843.7,2160.0,-0.0,939.0100000000002,-0.0,0.0,-0.0,-0.0
2021-01-17 00:00:00,-0.0,4699.83,2160.0,-0.0,462.95899999999983,-0.0,0.0,-0.0,-0.0
2021-01-17 01:00:00,-0.0,4570.79,2160.0,-0.0,444.39300000000003,-0.0,0.0,-0.0,-0.0
2021-01-17 02:00:00,-0.0,4470.1,2160.0,-0.0,444.7459999999992,-0.0,0.0,-0.0,-0.0
2021-01-17 03:00:00,-0.0,4405.490000000001,2160.0,-0.0,507.1099999999997,-0.0,0.0,-0.0,-0.0
2021-01-17 04:00:00,-0.0,4378.66,2160.0,-0.0,652.2240000000002,-0.0,0.0,-0.0,-0.0
2021-01-17 05:00:00,-0.0,4385.05,2160.0,-0.0,862.1129999999994,-0.0,0.0,-0.0,-0.0
2021-01-17 06:00:00,-0.0,4414.55,2160.0,87.01999999999953,1000.0,-0.0,0.0,-0.0,-0.0
2021-01-17 07:00:00,-0.0,4452.8099999999995,2160.0,271.40300000000025,1000.0,-0.0,0.0,-0.0,-0.0
2021-01-17 08:00:00,62.894762129422844,4483.3,2160.0,318.7502378705767,1000.0,-0.0,0.0,-0.0,-0.0
2021-01-17 09:00:00,674.5885610467124,4489.61,2160.0,-0.0,745.4194389532884,-0.0,0.0,-0.0,-0.0
2021-01-17 10:00:00,1417.8644156951627,4457.71,2160.0,-0.0,2.073584304837368,-0.0,0.0,-0.0,-0.0
2021-01-17 11:00:00,1992.9711995864611,4377.96,1695.9168004135388,-0.0,-0.0,-0.0,0.0,100.0,95.0
2021-01-17 12:00:00,2207.5795397541406,4246.51,1542.8574602458593,-0.0,-0.0,-0.0,0.0,100.0,189.9905
2021-01-17 13:00:00,1992.9711995864611,4065.93,1902.232800413539,-0.0,-0.0,-0.0,0.0,100.0,284.97150095
2021-01-17 14:00:00,1417.8644156951627,3844.98,2160.0,-0.0,463.4285843048374,-0.0,0.0,-0.0,284.943003799905
2021-01-17 15:00:00,674.5885610467124,3597.5800000000004,2160.0,460.2264389532877,1000.0,-0.0,100.0,-0.0,179.6513516047882
2021-01-17 16:00:00,62.894762129422844,3341.0,2160.0,1516.836237870577,1000.0,-0.0,100.0,-0.0,74.3702285748909
2021-01-17 17:00:00,-0.0,3093.73,2160.0,2089.834348025569,1000.0,-0.0,70.64465197443175,-0.0,-0.0
2021-01-17 18:00:00,-0.0,2873.0699999999997,2160.0,2581.374,1000.0,-0.0,0.0,-0.0,-0.0
2021-01-17 19:00:00,-0.0,2692.9500000000003,2160.0,2842.9740000000006,1000.0,-0.0,0.0,-0.0,-0.0
2021-01-17 20:00:00,-0.0,2562.2,2160.0,2898.575,1000.0,-0.0,0.0,-0.0,-0.0
2021-01-17 21:00:00,-0.0,2483.4300000000003,2160.0,2782.349,1000.0,-0.0,0.0,-0.0,-0.0
2021-01-17 22:00:00,-0.0,2452.89,2160.0,2581.546,1000.0,-0.0,0.0,-0.0,-0.0
2021-01-17 23:00:00,-0.0,2461.0099999999998,2160.0,2380.31,1000.0,-0.0,0.0,-0.0,-0.0
2021-01-18 00:00:00,-0.0,2494.47,2160.0,2165.976,1000.0,-0.0,0.0,-0.0,-0.0
2021-01-18 01:00:00,-0.0,2535.76,2160.0,1980.1849999999995,1000.0,-0.0,0.0,-0.0,-0.0
2021-01-18 02:00:00,-0.0,2569.07,2160.0,1849.587,1000.0,-0.0,0.0,-0.0,-0.0
2021-01-18 03:00:00,-0.0,2580.19,2160.0,1839.2130000000002,1000.0,-0.0,0.0,-0.0,-0.0
2021-01-18 04:00:00,-0.0,2559.11,2160.0,1981.5089999999996,1000.0,-0.0,0.0,-0.0,-0.0
2021-01-18 05:00:00,-0.0,2501.4199999999996,2160.0,2258.347,1000.0,-0.0,0.0,-0.0,-0.0
2021-01-18 06:00:00,-0.0,2408.95,2160.0,2608.027,1000.0,-0.0,0.0,-0.0,-0.0
2021-01-18 07:00:00,-0.0,2289.56,2160.0,2952.796,1000.0,-0.0,0.0,-0.0,-0.0
2021-01-18 08:00:00,69.02766671175661,2156.0699999999997,2160.0,3160.6563332882442,1000.0,-0.0,0.0,-0.0,-0.0
2021-01-18 09:00:00,683.110266001176,2024.54,2160.0,2725.3697339988244,1000.0,-0.0,0.0,-0.0,-0.0
2021-01-18 10:00:00,1423.236122231455,1912.1,2160.0,2068.2338777685445,1000.0,-0.0,0.0,-0.0,-0.0
2021-01-18 11:00:00,1994.5616703005478,1834.5900000000001,2160.0,1506.0613296994516,1000.0,-0.0,0.0,-0.0,-0.0
2021-01-18 12:00:00,2207.56716255014,1804.37,2160.0,1255.7388374498596,1000.0,-0.0,0.0,-0.0,-0.0
2021-01-18 13:00:00,1994.5616703005478,1828.61,2160.0,1410.9753296994531,1000.0,-0.0,0.0,-0.0,-0.0
2021-01-18 14:00:00,1423.236122231455,1908.26,2160.0,1929.9908777685441,1000.0,-0.0,0.0,-0.0,-0.0
2021-01-18 15:00:00,683.110266001176,2037.8,2160.0,2648.814733998824,1000.0,-0.0,0.0,-0.0,-0.0
2021-01-18 16:00:00,69.02766671175661,2205.94,2160.0,3285.1253332882434,1000.0,-0.0,0.0,-0.0,-0.0
2021-01-18 17:00:00,-0.0,2397.02,2160.0,3398.493999999999,1000.0,-0.0,0.0,-0.0,-0.0
2021-01-18 18:00:00,-0.0,2593.02,2160.0,3404.581,1000.0,-0.0,0.0,-0.0,-0.0
2021-01-18 19:00:00,-0.0,2775.88,2160.0,3304.9630000000006,1000.0,-0.0,0.0,-0.0,-0.0
2021-01-18 20:00:00,-0.0,2929.82,2160.0,3077.5439999999994,1000.0,-0.0,0.0,-0.0,-0.0
2021-01-18 21:00:00,-0.0,3043.3500000000004,2160.0,2770.593999999999,1000.0,-0.0,0.0,-0.0,-0.0
2021-01-18 22:00:00,-0.0,3110.6800000000003,2160.0,2473.402,1000.0,-0.0,0.0,-0.0,-0.0
2021-01-18 23:00:00,-0.0,3132.42,2160.0,2259.929,1000.0,-0.0,0.0,-0.0,-0.0
2021-01-19 00:00:00,-0.0,3115.6600000000003,2160.0,1660.6949999999993,1000.0,-0.0,0.0,-0.0,-0.0
2021-01-19 01:00:00,-0.0,3071.58,2160.0,1561.4610000000002,1000.0,-0.0,0.0,-0.0,-0.0
2021-01-19 02:00:00,-0.0,3015.85,2160.0,1520.9900000000002,1000.0,-0.0,0.0,-0.0,-0.0
2021-01-19 03:00:00,-0.0,2964.9900000000002,2160.0,1573.583,1000.0,-0.0,0.0,-0.0,-0.0
2021-01-19 04:00:00,-0.0,2934.4399999999996,2160.0,1726.2330000000002,1000.0,-0.0,0.0,-0.0,-0.0
2021-01-19 05:00:00,-0.0,2936.36,2160.0,1944.2440000000001,1000.0,-0.0,0.0,-0.0,-0.0
2021-01-19 06:00:00,-0.0,2977.9,2160.0,2160.5940000000005,1000.0,-0.0,0.0,-0.0,-0.0
2021-01-19 07:00:00,-0.0,3060.1699999999996,2160.0,2304.279000000001,1000.0,-0.0,0.0,-0.0,-0.0
2021-01-19 08:00:00,74.83257538807253,3178.03,2160.0,2255.4564246119266,1000.0,-0.0,0.0,-0.0,-0.0
2021-01-19 09:00:00,685.9446457173303,3320.72,2160.0,1549.2883542826694,1000.0,-0.0,0.0,-0.0,-0.0
2021-01-19 10:00:00,1416.5338662650902,3473.3199999999997,2160.0,636.9111337349095,1000.0,-0.0,0.0,-0.0,-0.0
2021-01-19 11:00:00,1979.1520513197088,3618.7000000000003,2160.0,-0.0,860.7139486802917,-0.0,0.0,-0.0,-0.0
2021-01-19 12:00:00,2188.7104922551134,3739.8399999999997,2160.0,-0.0,462.5315077448872,-0.0,0.0,-0.0,-0.0
2021-01-19 13:00:00,1979.1520513197088,3822.14,2160.0,-0.0,556.2079486802913,-0.0,0.0,-0.0,-0.0
2021-01-19 14:00:00,1416.5338662650902,3855.4300000000003,2160.0,112.71813373491023,1000.0,-0.0,0.0,-0.0,-0.0
2021-01-19 15:00:00,685.9446457173303,3835.3399999999997,2160.0,971.3733542826694,1000.0,-0.0,0.0,-0.0,-0.0
2021-01-19 16:00:00,74.83257538807253,3763.95,2160.0,1843.8744246119268,1000.0,-0.0,0.0,-0.0,-0.0
2021-01-19 17:00:00,-0.0,3649.6099999999997,2160.0,2267.9970000000003,1000.0,-0.0,0.0,-0.0,-0.0
2021-01-19 18:00:00,-0.0,3505.81,2160.0,2613.3080000000004,1000.0,-0.0,0.0,-0.0,-0.0
2021-01-19 19:00:00,-0.0,3349.5000000000005,2160.0,2852.181,1000.0,-0.0,0.0,-0.0,-0.0
2021-01-19 20:00:00,-0.0,3198.86,2160.0,2928.5589999999997,1000.0,-0.0,0.0,-0.0,-0.0
2021-01-19 21:00:00,-0.0,3070.9500000000003,2160.0,2862.1639999999993,1000.0,-0.0,0.0,-0.0,-0.0
2021-01-19 22:00:00,-0.0,2979.51,2160.0,2722.754999999999,1000.0,-0.0,0.0,-0.0,-0.0
2021-01-19 23:00:00,-0.0,2933.23,2160.0,2576.2149999999997,1000.0,-0.0,0.0,-0.0,-0.0
2021-01-20 00:00:00,-0.0,2934.78,2160.0,1957.226,1000.0,-0.0,0.0,-0.0,-0.0
2021-01-20 01:00:00,-0.0,2980.12,2160.0,1767.286,1000.0,-0.0,0.0,-0.0,-0.0
2021-01-20 02:00:00,-0.0,3059.8599999999997,2160.0,1589.9610000000002,1000.0,-0.0,0.0,-0.0,-0.0
2021-01-20 03:00:00,-0.0,3160.13,2160.0,1489.9439999999995,1000.0,-0.0,0.0,-0.0,-0.0
2021-01-20 04:00:00,-0.0,3264.77,2160.0,1505.828,1000.0,-0.0,0.0,-0.0,-0.0
2021-01-20 05:00:00,-0.0,3357.52,2160.0,1631.3390000000004,1000.0,-0.0,0.0,-0.0,-0.0
2021-01-20 06:00:00,-0.0,3424.41,2160.0,1820.5769999999993,1000.0,-0.0,0.0,-0.0,-0.0
2021-01-20 07:00:00,-0.0,3455.67,2160.0,2013.4189999999999,1000.0,-0.0,0.0,-0.0,-0.0
2021-01-20 08:00:00,76.18787922614628,3447.1800000000003,2160.0,2087.648120773853,1000.0,-0.0,0.0,-0.0,-0.0
2021-01-20 09:00:00,649.2091042433311,3401.09,2160.0,1606.3198957566692,1000.0,-0.0,0.0,-0.0,-0.0
2021-01-20 10:00:00,1328.729981084312,3325.5699999999997,2160.0,971.0140189156887,1000.0,-0.0,0.0,-0.0,-0.0
2021-01-20 11:00:00,1850.750937016721,3233.8,2160.0,470.3630629832794,1000.0,-0.0,0.0,-0.0,-0.0
2021-01-20 12:00:00,2045.0049652052928,3142.2099999999996,2160.0,297.93103479470824,1000.0,-0.0,0.0,-0.0,-0.0
2021-01-20 13:00:00,1850.750937016721,3068.2799999999997,2160.0,530.1690629832799,1000.0,-0.0,0.0,-0.0,-0.0
2021-01-20 14:00:00,1328.729981084312,3028.2,2160.0,1117.0090189156886,1000.0,-0.0,0.0,-0.0,-0.0
2021-01-20 15:00:00,649.2091042433311,3034.7000000000003,2160.0,1895.4868957566691,1000.0,-0.0,0.0,-0.0,-0.0
2021-01-20 16:00:00,76.18787922614628,3095.28,2160.0,2595.334120773853,1000.0,-0.0,0.0,-0.0,-0.0
2021-01-20 17:00:00,-0.0,3211.19,2160.0,2787.894999999999,1000.0,-0.0,0.0,-0.0,-0.0
2021-01-20 18:00:00,-0.0,3377.2200000000003,2160.0,2820.6410000000005,1000.0,-0.0,0.0,-0.0,-0.0
2021-01-20 19:00:00,-0.0,3582.34,2160.0,2695.2800000000007,1000.0,-0.0,0.0,-0.0,-0.0
2021-01-20 20:00:00,-0.0,3811.0899999999997,2160.0,2389.399,1000.0,-0.0,0.0,-0.0,-0.0
2021-01-20 21:00:00,-0.0,4045.66,2160.0,1957.5930000000008,1000.0,-0.0,0.0,-0.0,-0.0
2021-01-20 22:00:00,-0.0,4268.12,2160.0,1501.2920000000004,1000.0,-0.0,0.0,-0.0,-0.0
2021-01-20 23:00:00,-0.0,4462.79,2160.0,1110.7529999999997,1000.0,-0.0,0.0,-0.0,-0.0
2021-01-21 00:00:00,-0.0,4618.110000000001,2160.0,334.6309999999994,1000.0,-0.0,0.0,-0.0,-0.0
2021-01-21 01:00:00,-0.0,4728.54,2160.0,76.44300000000021,1000.0,-0.0,0.0,-0.0,-0.0
2021-01-21 02:00:00,-0.0,4794.49,2160.0,-0.0,909.7020000000002,-0.0,0.0,-0.0,-0.0
2021-01-21 03:00:00,-0.0,4822.62,2160.0,-0.0,878.5699999999997,-0.0,0.0,-0.0,-0.0
2021-01-21 04:00:00,-0.0,4824.66,2160.0,-0.0,993.7550000000001,-0.0,0.0,-0.0,-0.0
2021-01-21 05:00:00,-0.0,4815.73,2160.0,217.60599999999977,1000.0,-0.0,0.0,-0.0,-0.0
2021-01-21 06:00:00,-0.0,4812.11,2160.0,473.97400000000107,1000.0,-0.0,0.0,-0.0,-0.0
2021-01-21 07:00:00,-0.0,4828.93,2160.0,677.8400000000001,1000.0,-0.0,0.0,-0.0,-0.0
2021-01-21 08:00:00,83.37903475053764,4878.03,2160.0,683.8399652494625,1000.0,-0.0,0.0,-0.0,-0.0
2021-01-21 09:00:00,662.6259933800613,4966.2,2160.0,58.54700661993843,1000.0,-0.0,0.0,-0.0,-0.0
2021-01-21 10:00:00,1344.0343938311448,5094.14,2160.0,-0.0,214.38860616885495,-0.0,0.0,-0.0,-0.0
2021-01-21 11:00:00,1866.216253415563,5256.28,1691.3334553553698,-0.0,-0.0,-0.0,0.0,75.19770877093234,71.43782333238572
2021-01-21 12:00:00,2060.352698166128,5441.42,1263.540301833872,-0.0,-0.0,-0.0,0.0,100.0,166.43067955005247
2021-01-21 13:00:00,1866.216253415563,5634.16,1225.4207465844377,-0.0,-0.0,-0.0,0.0,100.0,261.41403648209746
2021-01-21 14:00:00,1344.0343938311448,5816.900000000001,1586.0166061688537,-0.0,-0.0,-0.0,0.0,100.0,356.3878950784493
2021-01-21 15:00:00,662.6259933800612,5972.13,2160.0,-0.0,-0.0,-0.0,0.0,45.944993380061646,400.0
2021-01-21 16:00:00,83.37903475053764,6084.77,2160.0,-0.0,604.4609652494626,-0.0,0.0,-0.0,399.96
2021-01-21 17:00:00,-0.0,6144.18,2160.0,-0.0,857.1010000000006,-0.0,0.0,-0.0,399.920004
2021-01-21 18:00:00,-0.0,6145.5199999999995,2160.0,-0.0,1000.0,-0.0,50.921000000001186,-0.0,346.2789593680198
2021-01-21 19:00:00,-0.0,6090.45,2160.0,82.13499999999931,1000.0,-0.0,100.0,-0.0,240.98117357734617
2021-01-21 20:00:00,-0.0,5986.88,2160.0,104.96200000000044,1000.0,-0.0,100.0,-0.0,135.69391756525158
2021-01-21 21:00:00,-0.0,5847.9400000000005,2160.0,43.05899999999929,1000.0,-0.0,100.0,-0.0,30.417190278758213
2021-01-21 22:00:00,-0.0,5690.22,2160.0,34.447558868255555,1000.0,-0.0,28.89344113174382,-0.0,-0.0
2021-01-21 23:00:00,-0.0,5531.599999999999,2160.0,22.507000000000517,1000.0,-0.0,0.0,-0.0,-0.0
2021-01-22 00:00:00,-0.0,5388.530000000001,2160.0,-0.0,540.9479999999994,-0.0,0.0,-0.0,-0.0
2021-01-22 01:00:00,-0.0,5275.26,2160.0,-0.0,502.90899999999965,-0.0,0.0,-0.0,-0.0
2021-01-22 02:00:00,-0.0,5199.96,2160.0,-0.0,473.8879999999999,-0.0,0.0,-0.0,-0.0
2021-01-22 03:00:00,-0.0,5165.1,2160.0,-0.0,502.2389999999996,-0.0,0.0,-0.0,-0.0
2021-01-22 04:00:00,-0.0,5166.83,2160.0,-0.0,614.2560000000003,-0.0,0.0,-0.0,-0.0
2021-01-22 05:00:00,-0.0,5195.66,2160.0,-0.0,796.8980000000001,-0.0,0.0,-0.0,-0.0
2021-01-22 06:00:00,-0.0,5237.82,2160.0,4.070999999999913,1000.0,-0.0,0.0,-0.0,-0.0
2021-01-22 07:00:00,-0.0,5277.2699999999995,2160.0,181.9280000000008,1000.0,-0.0,0.0,-0.0,-0.0
2021-01-22 08:00:00,107.80544684586698,5297.969999999999,2160.0,188.560553154133,1000.0,-0.0,0.0,-0.0,-0.0
2021-01-22 09:00:00,801.5477310836217,5286.2,2160.0,-0.0,545.4132689163786,-0.0,0.0,-0.0,-0.0
2021-01-22 10:00:00,1611.1653991756828,5232.51,2011.4206008243166,-0.0,-0.0,-0.0,0.0,100.0,95.0
2021-01-22 11:00:00,2230.0565422193636,5133.15,1414.7514577806373,-0.0,-0.0,-0.0,0.0,100.0,189.9905
2021-01-22 12:00:00,2459.9197863178733,4990.68,1250.8812136821261,-0.0,-0.0,-0.0,0.0,100.0,284.97150095
2021-01-22 13:00:00,2230.0565422193636,4813.73,1615.0744577806377,-0.0,-0.0,-0.0,0.0,100.0,379.943003799905
2021-01-22 14:00:00,1611.1653991756828,4616.0,2160.0,-0.0,189.7996008243174,-0.0,0.0,-0.0,379.905009499525
2021-01-22 15:00:00,801.5477310836217,4414.429999999999,2160.0,199.85526891637937,1000.0,-0.0,100.0,-0.0,274.60386110383826
2021-01-22 16:00:00,107.80544684586698,4227.08,2160.0,1261.8155531541324,1000.0,-0.0,100.0,-0.0,169.31324282299107
2021-01-22 17:00:00,-0.0,4070.74,2160.0,1751.7630000000008,1000.0,-0.0,100.0,-0.0,64.03315360397194
2021-01-22 18:00:00,-0.0,3958.72,2160.0,2095.3145872258197,1000.0,-0.0,60.82541277418096,-0.0,-0.0
2021-01-22 19:00:00,-0.0,3899.16,2160.0,2289.108,1000.0,-0.0,0.0,-0.0,-0.0
2021-01-22 20:00:00,-0.0,3893.93,2160.0,2210.9290000000005,1000.0,-0.0,0.0,-0.0,-0.0
2021-01-22 21:00:00,-0.0,3938.43,2160.0,1962.9920000000006,1000.0,-0.0,0.0,-0.0,-0.0
2021-01-22 22:00:00,-0.0,4022.23,2160.0,1639.2350000000001,1000.0,-0.0,0.0,-0.0,-0.0
2021-01-22 23:00:00,-0.0,4130.5,2160.0,1329.0679999999993,1000.0,-0.0,0.0,-0.0,-0.0
2021-01-23 00:00:00,-0.0,4245.38,2160.0,150.78999999999996,1000.0,-0.0,0.0,-0.0,-0.0
2021-01-23 01:00:00,-0.0,4350.69,2160.0,-0.0,891.8870000000006,-0.0,0.0,-0.0,-0.0
2021-01-23 02:00:00,-0.0,4430.66,2160.0,-0.0,705.3940000000002,-0.0,0.0,-0.0,-0.0
2021-01-23 03:00:00,-0.0,4474.34,2160.0,-0.0,653.0889999999999,-0.0,0.0,-0.0,-0.0
2021-01-23 04:00:00,-0.0,4476.37,2160.0,-0.0,762.7759999999998,-0.0,0.0,-0.0,-0.0
2021-01-23 05:00:00,-0.0,4437.6900000000005,2160.0,10.984999999999673,1000.0,-0.0,0.0,-0.0,-0.0
2021-01-23 06:00:00,-0.0,4365.280000000001,2160.0,330.8739999999998,1000.0,-0.0,0.0,-0.0,-0.0
2021-01-23 07:00:00,-0.0,4271.18,2160.0,640.5189999999993,1000.0,-0.0,0.0,-0.0,-0.0
2021-01-23 08:00:00,141.49619613570047,4170.71,2160.0,732.9608038642989,1000.0,-0.0,0.0,-0.0,-0.0
2021-01-23 09:00:00,987.1686594817235,4080.35,2160.0,14.898340518276086,1000.0,-0.0,0.0,-0.0,-0.0
2021-01-23 10:00:00,1966.30451356701,4015.36,2160.0,-0.0,61.206486432989095,-0.0,0.0,-0.0,-0.0
2021-01-23 11:00:00,2712.9098360916414,3987.6299999999997,1523.8101639083598,-0.0,-0.0,-0.0,0.0,100.0,95.0
2021-01-23 12:00:00,2989.9302274327174,4003.9599999999996,1152.696772567283,-0.0,-0.0,-0.0,0.0,100.0,189.9905
2021-01-23 13:00:00,2712.9098360916414,4064.9999999999995,1324.8691639083595,-0.0,-0.0,-0.0,0.0,100.0,284.97150095
2021-01-23 14:00:00,1966.30451356701,4165.1,1988.39148643299,-0.0,-0.0,-0.0,0.0,100.0,379.943003799905
2021-01-23 15:00:00,987.1686594817235,4292.91,2160.0,-0.0,677.5993405182766,-0.0,0.0,-0.0,379.905009499525
2021-01-23 16:00:00,141.49619613570047,4432.83,2160.0,463.3348038642996,1000.0,-0.0,100.0,-0.0,274.60386110383826
2021-01-23 17:00:00,-0.0,4567.0199999999995,2160.0,695.6600000000008,1000.0,-0.0,100.0,-0.0,169.31324282299107
2021-01-23 18:00:00,-0.0,4677.72,2160.0,776.6369999999997,1000.0,-0.0,100.0,-0.0,64.03315360397194
2021-01-23 19:00:00,-0.0,4749.55,2160.0,816.8135872258192,1000.0,-0.0,60.82541277418096,-0.0,-0.0
2021-01-23 20:00:00,-0.0,4771.52,2160.0,771.7880000000005,1000.0,-0.0,0.0,-0.0,-0.0
2021-01-23 21:00:00,-0.0,4738.46,2160.0,601.0440000000008,1000.0,-0.0,0.0,-0.0,-0.0
2021-01-23 22:00:00,-0.0,4651.64,2160.0,447.6439999999993,1000.0,-0.0,0.0,-0.0,-0.0
2021-01-23 23:00:00,-0.0,4518.62,2160.0,378.6090000000004,1000.0,-0.0,0.0,-0.0,-0.0
2021-01-24 00:00:00,-0.0,4351.3099999999995,2160.0,-0.0,918.3610000000008,-0.0,0.0,-0.0,-0.0
2021-01-24 01:00:00,-0.0,4167.58,2160.0,-0.0,948.5510000000004,-0.0,0.0,-0.0,-0.0
2021-01-24 02:00:00,-0.0,3984.12,2160.0,25.64599999999973,1000.0,-0.0,0.0,-0.0,-0.0
2021-01-24 03:00:00,-0.0,3817.39,2160.0,184.01300000000037,1000.0,-0.0,0.0,-0.0,-0.0
2021-01-24 04:00:00,-0.0,3680.6,2160.0,432.88700000000017,1000.0,-0.0,0.0,-0.0,-0.0
2021-01-24 05:00:00,-0.0,3581.96,2160.0,741.5280000000002,1000.0,-0.0,0.0,-0.0,-0.0
2021-01-24 06:00:00,-0.0,3523.6499999999996,2160.0,1047.8940000000002,1000.0,-0.0,0.0,-0.0,-0.0
2021-01-24 07:00:00,-0.0,3501.62,2160.0,1286.1480000000001,1000.0,-0.0,0.0,-0.0,-0.0
2021-01-24 08:00:00,162.9087590568658,3506.15,2160.0,1252.9602409431345,1000.0,-0.0,0.0,-0.0,-0.0
2021-01-24 09:00:00,1069.4646888822022,3523.33,2160.0,367.35931111779837,1000.0,-0.0,0.0,-0.0,-0.0
2021-01-24 10:00:00,2110.882633498878,3537.0,2160.0,-0.0,273.71236650112223,-0.0,0.0,-0.0,-0.0
2021-01-24 11:00:00,2902.961803521984,3531.06,1670.1391964780164,-0.0,-0.0,-0.0,0.0,100.0,95.0
2021-01-24 12:00:00,3196.567648223963,3491.77,1339.2473517760377,-0.0,-0.0,-0.0,0.0,100.0,189.9905
2021-01-24 13:00:00,2902.961803521984,3409.72,1672.3811964780166,-0.0,-0.0,-0.0,0.0,100.0,284.97150095
2021-01-24 14:00:00,2110.882633498878,3281.25,2160.0,-0.0,351.3313665011219,-0.0,0.0,-0.0,284.943003799905
2021-01-24 15:00:00,1069.4646888822022,3109.0299999999997,2160.0,564.3313111177981,1000.0,-0.0,100.0,-0.0,179.6513516047882
2021-01-24 16:00:00,162.9087590568658,2901.9,2160.0,1859.5752409431343,1000.0,-0.0,100.0,-0.0,74.3702285748909
2021-01-24 17:00:00,-0.0,2673.77,2160.0,2506.6593480255688,1000.0,-0.0,70.64465197443175,-0.0,-0.0
2021-01-24 18:00:00,-0.0,2441.87,2160.0,3002.643000000001,1000.0,-0.0,0.0,-0.0,-0.0
2021-01-24 19:00:00,-0.0,2224.55,2160.0,3294.648,1000.0,-0.0,0.0,-0.0,-0.0
2021-01-24 20:00:00,-0.0,2038.96,2160.0,3398.3,1000.0,-0.0,0.0,-0.0,-0.0
2021-01-24 21:00:00,-0.0,1898.79,2160.0,3336.696000000001,1000.0,-0.0,0.0,-0.0,-0.0
2021-01-24 22:00:00,-0.0,1812.57,2160.0,3184.813,1000.0,-0.0,0.0,-0.0,-0.0
2021-01-24 23:00:00,-0.0,1782.6100000000001,2160.0,3014.9199999999996,1000.0,-0.0,0.0,-0.0,-0.0
2021-01-25 00:00:00,-0.0,1803.68,2160.0,2804.468,1000.0,-0.0,0.0,-0.0,-0.0
2021-01-25 01:00:00,-0.0,1867.9399999999998,2160.0,2589.032,1000.0,-0.0,0.0,-0.0,-0.0
2021-01-25 02:00:00,-0.0,1959.94,2160.0,2393.11,1000.0,-0.0,0.0,-0.0,-0.0
2021-01-25 03:00:00,-0.0,2062.88,2160.0,2284.327,1000.0,-0.0,0.0,-0.0,-0.0
2021-01-25 04:00:00,-0.0,2159.83,2160.0,2302.0550000000003,1000.0,-0.0,0.0,-0.0,-0.0
2021-01-25 05:00:00,-0.0,2236.05,2160.0,2438.501,1000.0,-0.0,0.0,-0.0,-0.0
2021-01-25 06:00:00,-0.0,2280.98,2160.0,2644.363,1000.0,-0.0,0.0,-0.0,-0.0
2021-01-25 07:00:00,-0.0,2289.66,2160.0,2854.710000000001,1000.0,-0.0,0.0,-0.0,-0.0
2021-01-25 08:00:00,164.98812932897894,2263.37,2160.0,2853.131870671021,1000.0,-0.0,0.0,-0.0,-0.0
2021-01-25 09:00:00,1021.8433964896107,2209.41,2160.0,2091.30260351039,1000.0,-0.0,0.0,-0.0,-0.0
2021-01-25 10:00:00,1998.540941386764,2140.08,2160.0,1148.368058613236,1000.0,-0.0,0.0,-0.0,-0.0
2021-01-25 11:00:00,2739.508447489089,2070.92,2160.0,402.17655251091037,1000.0,-0.0,0.0,-0.0,-0.0
2021-01-25 12:00:00,3013.886305776021,2018.5900000000001,2160.0,106.65769422397898,1000.0,-0.0,0.0,-0.0,-0.0
2021-01-25 13:00:00,2739.508447489089,1998.46,2160.0,361.8005525109111,1000.0,-0.0,0.0,-0.0,-0.0
2021-01-25 14:00:00,1998.540941386764,2022.48,2160.0,1100.3570586132373,1000.0,-0.0,0.0,-0.0,-0.0
2021-01-25 15:00:00,1021.8433964896107,2097.45,2160.0,2104.70060351039,1000.0,-0.0,0.0,-0.0,-0.0
2021-01-25 16:00:00,164.98812932897894,2223.98,2160.0,3019.883870671022,1000.0,-0.0,0.0,-0.0,-0.0
2021-01-25 17:00:00,-0.0,2396.29,2160.0,3242.5909999999994,1000.0,-0.0,0.0,-0.0,-0.0
2021-01-25 18:00:00,-0.0,2602.85,2160.0,3232.8500000000004,1000.0,-0.0,0.0,-0.0,-0.0
2021-01-25 19:00:00,-0.0,2827.85,2160.0,3085.9509999999996,1000.0,-0.0,0.0,-0.0,-0.0
2021-01-25 20:00:00,-0.0,3053.14,2160.0,2782.171,1000.0,-0.0,0.0,-0.0,-0.0
2021-01-25 21:00:00,-0.0,3260.6200000000003,2160.0,2376.3959999999993,1000.0,-0.0,0.0,-0.0,-0.0
2021-01-25 22:00:00,-0.0,3434.51,2160.0,1967.9089999999997,1000.0,-0.0,0.0,-0.0,-0.0
2021-01-25 23:00:00,-0.0,3563.3900000000003,2160.0,1642.7059999999992,1000.0,-0.0,0.0,-0.0,-0.0
2021-01-26 00:00:00,-0.0,3640.28,2160.0,943.5830000000001,1000.0,-0.0,0.0,-0.0,-0.0
2021-01-26 01:00:00,-0.0,3668.5699999999997,2160.0,767.6860000000006,1000.0,-0.0,0.0,-0.0,-0.0
2021-01-26 02:00:00,-0.0,3653.92,2160.0,681.9989999999998,1000.0,-0.0,0.0,-0.0,-0.0
2021-01-26 03:00:00,-0.0,3608.5,2160.0,725.1729999999998,1000.0,-0.0,0.0,-0.0,-0.0
2021-01-26 04:00:00,-0.0,3547.94,2160.0,904.0170000000003,1000.0,-0.0,0.0,-0.0,-0.0
2021-01-26 05:00:00,-0.0,3489.11,2160.0,1179.1259999999997,1000.0,-0.0,0.0,-0.0,-0.0
2021-01-26 06:00:00,-0.0,3447.85,2160.0,1474.7940000000003,1000.0,-0.0,0.0,-0.0,-0.0
2021-01-26 07:00:00,-0.0,3436.74,2160.0,1708.5470000000005,1000.0,-0.0,0.0,-0.0,-0.0
2021-01-26 08:00:00,163.76278613291225,3463.3599999999997,2160.0,1658.8962138670881,1000.0,-0.0,0.0,-0.0,-0.0
2021-01-26 09:00:00,959.2394986542035,3529.3,2160.0,842.151501345797,1000.0,-0.0,0.0,-0.0,-0.0
2021-01-26 10:00:00,1859.0250978911715,3629.89,2160.0,-0.0,809.8059021088281,-0.0,0.0,-0.0,-0.0
2021-01-26 11:00:00,2539.8950899682254,3754.8399999999997,2160.0,-0.0,-0.0,-0.0,0.0,66.81308996822463,63.4724354698134
2021-01-26 12:00:00,2791.765002779933,3889.69,1736.565997220067,-0.0,-0.0,-0.0,0.0,100.0,158.4660882262664
2021-01-26 13:00:00,2539.8950899682254,4017.78,1824.5329100317745,-0.0,-0.0,-0.0,0.0,100.0,253.4502416174438
2021-01-26 14:00:00,1859.0250978911715,4122.55,2160.0,-0.0,165.77090210882784,-0.0,0.0,-0.0,253.42489659328206
2021-01-26 15:00:00,959.2394986542035,4189.820000000001,2160.0,4.408501345796594,1000.0,-0.0,100.0,-0.0,148.1363962088859
2021-01-26 16:00:00,163.76278613291225,4209.8,2160.0,968.2422138670877,1000.0,-0.0,100.0,-0.0,42.858424674528194
2021-01-26 17:00:00,-0.0,4178.509999999999,2160.0,1456.0615681095423,1000.0,-0.0,40.7114318904577,-0.0,-0.0
2021-01-26 18:00:00,-0.0,4098.35,2160.0,1777.1669999999995,1000.0,-0.0,0.0,-0.0,-0.0
2021-01-26 19:00:00,-0.0,3977.9399999999996,2160.0,1979.0569999999998,1000.0,-0.0,0.0,-0.0,-0.0
2021-01-26 20:00:00,-0.0,3831.02,2160.0,2050.828,1000.0,-0.0,0.0,-0.0,-0.0
2021-01-26 21:00:00,-0.0,3674.73,2160.0,2012.1229999999991,1000.0,-0.0,0.0,-0.0,-0.0
2021-01-26 22:00:00,-0.0,3527.3700000000003,2160.0,1928.1399999999999,1000.0,-0.0,0.0,-0.0,-0.0
2021-01-26 23:00:00,-0.0,3406.1000000000004,2160.0,1856.2939999999999,1000.0,-0.0,0.0,-0.0,-0.0
2021-01-27 00:00:00,-0.0,3323.14,2160.0,1319.9240000000004,1000.0,-0.0,0.0,-0.0,-0.0
2021-01-27 01:00:00,-0.0,3290.22,2160.0,1208.3430000000003,1000.0,-0.0,0.0,-0.0,-0.0
2021-01-27 02:00:00,-0.0,3308.27,2160.0,1093.0049999999997,1000.0,-0.0,0.0,-0.0,-0.0
2021-01-27 03:00:00,-0.0,3373.34,2160.0,1028.6809999999996,1000.0,-0.0,0.0,-0.0,-0.0
2021-01-27 04:00:00,-0.0,3475.72,2160.0,1047.5170000000003,1000.0,-0.0,0.0,-0.0,-0.0
2021-01-27 05:00:00,-0.0,3601.32,2160.0,1141.0639999999999,1000.0,-0.0,0.0,-0.0,-0.0
2021-01-27 06:00:00,-0.0,3733.65,2160.0,1265.9450000000002,1000.0,-0.0,0.0,-0.0,-0.0
2021-01-27 07:00:00,-0.0,3856.1400000000003,2160.0,1368.8339999999998,1000.0,-0.0,0.0,-0.0,-0.0
2021-01-27 08:00:00,171.8760433553538,3954.43,2160.0,1242.0659566446457,1000.0,-0.0,0.0,-0.0,-0.0
2021-01-27 09:00:00,954.4000118899402,4018.33,2160.0,442.9079881100606,1000.0,-0.0,0.0,-0.0,-0.0
2021-01-27 10:00:00,1832.816368419745,4043.29,2160.0,-0.0,510.08163158025513,-0.0,0.0,-0.0,-0.0
2021-01-27 11:00:00,2495.8074893178264,4030.99,2051.033510682174,-0.0,-0.0,-0.0,0.0,100.0,95.0
2021-01-27 12:00:00,2740.81424251116,3989.11,1780.3697574888392,-0.0,-0.0,-0.0,0.0,100.0,189.9905
2021-01-27 13:00:00,2495.8074893178264,3930.34,2050.617510682173,-0.0,-0.0,-0.0,0.0,100.0,284.97150095
2021-01-27 14:00:00,1832.816368419745,3870.6200000000003,2160.0,-0.0,540.6686315802542,-0.0,0.0,-0.0,284.943003799905
2021-01-27 15:00:00,954.4000118899402,3826.91,2160.0,471.0329881100606,1000.0,-0.0,100.0,-0.0,179.6513516047882
2021-01-27 16:00:00,171.8760433553538,3814.94,2160.0,1455.8949566446454,1000.0,-0.0,100.0,-0.0,74.3702285748909
2021-01-27 17:00:00,-0.0,3846.9399999999996,2160.0,1860.5473480255682,1000.0,-0.0,70.64465197443175,-0.0,-0.0
2021-01-27 18:00:00,-0.0,3929.96,2160.0,2050.258999999999,1000.0,-0.0,0.0,-0.0,-0.0
2021-01-27 19:00:00,-0.0,4064.84,2160.0,1998.6209999999992,1000.0,-0.0,0.0,-0.0,-0.0
2021-01-27 20:00:00,-0.0,4245.97,2160.0,1744.0119999999997,1000.0,-0.0,0.0,-0.0,-0.0
2021-01-27 21:00:00,-0.0,4461.95,2160.0,1334.612,1000.0,-0.0,0.0,-0.0,-0.0
2021-01-27 22:00:00,-0.0,4697.03,2160.0,869.670000000001,1000.0,-0.0,0.0,-0.0,-0.0
2021-01-27 23:00:00,-0.0,4933.13,2160.0,441.83700000000044,1000.0,-0.0,0.0,-0.0,-0.0
2021-01-28 00:00:00,-0.0,5150.33,2160.0,-0.0,606.3410000000003,-0.0,0.0,-0.0,-0.0
2021-01-28 01:00:00,-0.0,5336.34,2160.0,-0.0,277.0169999999998,-0.0,0.0,-0.0,-0.0
2021-01-28 02:00:00,-0.0,5477.84,2160.0,-0.0,39.3159999999998,-0.0,0.0,-0.0,-0.0
2021-01-28 03:00:00,-0.0,5569.02,2160.0,-0.0,-0.0,-0.0,0.0,50.13100000000031,47.624450000000294
2021-01-28 04:00:00,-0.0,5610.41,2160.0,-0.0,-0.0,-0.0,30.578999999999724,-0.0,15.431266502369013
2021-01-28 05:00:00,-0.0,5608.76,2160.0,-0.0,237.50176279306703,-0.0,14.658237206932839,-0.0,-0.0
2021-01-28 06:00:00,-0.0,5575.9400000000005,2160.0,-0.0,542.869999999999,-0.0,0.0,-0.0,-0.0
2021-01-28 07:00:00,-0.0,5527.23,2160.0,-0.0,817.5349999999999,-0.0,0.0,-0.0,-0.0
2021-01-28 08:00:00,177.3962763396542,5479.18,2160.0,-0.0,832.0587236603458,-0.0,0.0,-0.0,-0.0
2021-01-28 09:00:00,935.8960919089332,5447.22,2160.0,-0.0,153.15290809106682,-0.0,0.0,-0.0,-0.0
2021-01-28 10:00:00,1780.974449462924,5443.54,1442.5665505370762,-0.0,-0.0,-0.0,0.0,-0.0,-0.0
2021-01-28 11:00:00,2417.137980689545,5475.3099999999995,727.5550940522194,-0.0,-0.0,-0.0,0.0,21.121074741764055,20.065021004675852
2021-01-28 12:00:00,2651.9954266023265,5543.679999999999,435.7225733976734,-0.0,-0.0,-0.0,0.0,100.0,115.06301450257538
2021-01-28 13:00:00,2417.137980689545,5643.55,537.1280193104553,-0.0,-0.0,-0.0,0.0,100.0,210.05150820112513
2021-01-28 14:00:00,1780.974449462924,5764.21,1079.8135505370756,-0.0,-0.0,-0.0,0.0,100.0,305.030503050305
2021-01-28 15:00:00,935.8960919089332,5890.79,1906.287908091067,-0.0,-0.0,-0.0,0.0,100.0,400.0
2021-01-28 16:00:00,177.3962763396542,6006.2300000000005,2160.0,-0.0,479.3467236603453,-0.0,0.0,-0.0,399.96
2021-01-28 17:00:00,-0.0,6093.570000000001,2160.0,-0.0,804.3530000000001,-0.0,0.0,-0.0,399.920004
2021-01-28 18:00:00,-0.0,6138.3,2160.0,-0.0,961.1339999999991,-0.0,0.0,-0.0,399.8800119996
2021-01-28 19:00:00,-0.0,6130.320000000001,2160.0,-0.0,1000.0,-0.0,51.67699999999877,-0.0,345.4431818931382
2021-01-28 20:00:00,-0.0,6065.33,2160.0,-0.0,1000.0,-0.0,42.405000000000655,-0.0,300.77179546968506
2021-01-28 21:00:00,-0.0,5945.54,2160.0,-0.0,967.8900000000003,-0.0,0.0,-0.0,300.74171829013807
2021-01-28 22:00:00,-0.0,5779.36,2160.0,-0.0,903.2210000000005,-0.0,0.0,-0.0,300.71164411830904
2021-01-28 23:00:00,-0.0,5580.389999999999,2160.0,-0.0,909.371000000001,-0.0,0.0,-0.0,300.6815729538972
2021-01-29 00:00:00,-0.0,5363.67,2160.0,-0.0,506.35499999999956,-0.0,0.0,-0.0,300.65150479660184
2021-01-29 01:00:00,-0.0,5151.51,2160.0,-0.0,573.915,-0.0,0.0,-0.0,300.6214396461222
2021-01-29 02:00:00,-0.0,4959.06,2160.0,-0.0,668.781,-0.0,0.0,-0.0,300.5913775021576
2021-01-29 03:00:00,-0.0,4800.19,2160.0,-0.0,827.9030000000002,-0.0,0.0,-0.0,300.56131836440744
2021-01-29 04:00:00,-0.0,4683.68,2160.0,-0.0,1000.0,-0.0,64.9380000000001,-0.0,232.1754727588867
2021-01-29 05:00:00,-0.0,4612.2,2160.0,254.6790000000001,1000.0,-0.0,100.0,-0.0,126.88909731687399
2021-01-29 06:00:00,-0.0,4582.08,2160.0,540.9269999999997,1000.0,-0.0,100.0,-0.0,21.61325051240547
2021-01-29 07:00:00,-0.0,4583.92,2160.0,842.6574652720135,1000.0,-0.0,20.53053472798652,-0.0,-0.0
2021-01-29 08:00:00,164.61062460695842,4603.98,2160.0,820.445375393042,1000.0,-0.0,0.0,-0.0,-0.0
2021-01-29 09:00:00,826.8281702549975,4626.21,2160.0,181.60082974500165,1000.0,-0.0,0.0,-0.0,-0.0
2021-01-29 10:00:00,1559.1687651688528,4634.49,2160.0,-0.0,409.67523483114815,-0.0,0.0,-0.0,-0.0
2021-01-29 11:00:00,2109.0384301027775,4614.96,2068.9355698972217,-0.0,-0.0,-0.0,0.0,100.0,95.0
2021-01-29 12:00:00,2311.826540449814,4557.99,1853.3494595501857,-0.0,-0.0,-0.0,0.0,100.0,189.9905
2021-01-29 13:00:00,2109.0384301027775,4459.58,2118.601569897222,-0.0,-0.0,-0.0,0.0,100.0,284.97150095
2021-01-29 14:00:00,1559.1687651688528,4322.0,2160.0,-0.0,570.7902348311479,-0.0,0.0,-0.0,284.943003799905
2021-01-29 15:00:00,826.8281702549975,4153.57,2160.0,477.017829745002,1000.0,-0.0,100.0,-0.0,179.6513516047882
2021-01-29 16:00:00,164.61062460695842,3967.6,2160.0,1512.6113753930417,1000.0,-0.0,100.0,-0.0,74.3702285748909
2021-01-29 17:00:00,-0.0,3780.6400000000003,2160.0,2125.8203480255675,1000.0,-0.0,70.64465197443175,-0.0,-0.0
2021-01-29 18:00:00,-0.0,3610.31,2160.0,2565.5699999999993,1000.0,-0.0,0.0,-0.0,-0.0
2021-01-29 19:00:00,-0.0,3472.94,2160.0,2782.6999999999994,1000.0,-0.0,0.0,-0.0,-0.0
2021-01-29 20:00:00,-0.0,3381.4,2160.0,2797.109,1000.0,-0.0,0.0,-0.0,-0.0
2021-01-29 21:00:00,-0.0,3343.31,2160.0,2637.9629999999993,1000.0,-0.0,0.0,-0.0,-0.0
2021-01-29 22:00:00,-0.0,3360.09,2160.0,2387.3420000000006,1000.0,-0.0,0.0,-0.0,-0.0
2021-01-29 23:00:00,-0.0,3426.65,2160.0,2124.912,1000.0,-0.0,0.0,-0.0,-0.0
2021-01-30 00:00:00,-0.0,3529.85,2160.0,962.4730000000004,1000.0,-0.0,0.0,-0.0,-0.0
2021-01-30 01:00:00,-0.0,3658.9,2160.0,685.6649999999995,1000.0,-0.0,0.0,-0.0,-0.0
2021-01-30 02:00:00,-0.0,3793.86,2160.0,449.9140000000002,1000.0,-0.0,0.0,-0.0,-0.0
2021-01-30 03:00:00,-0.0,3916.96,2160.0,323.8109999999997,1000.0,-0.0,0.0,-0.0,-0.0
2021-01-30 04:00:00,-0.0,4012.67,2160.0,345.3270000000002,1000.0,-0.0,0.0,-0.0,-0.0
2021-01-30 05:00:00,-0.0,4069.69,2160.0,503.2270000000003,1000.0,-0.0,0.0,-0.0,-0.0
2021-01-30 06:00:00,-0.0,4082.4,2160.0,743.2660000000001,1000.0,-0.0,0.0,-0.0,-0.0
2021-01-30 07:00:00,-0.0,4051.48,2160.0,994.8720000000008,1000.0,-0.0,0.0,-0.0,-0.0
2021-01-30 08:00:00,147.40012244402178,3983.76,2160.0,1053.6708775559782,1000.0,-0.0,0.0,-0.0,-0.0
2021-01-30 09:00:00,706.298957696438,3891.1099999999997,2160.0,629.5460423035622,1000.0,-0.0,0.0,-0.0,-0.0
2021-01-30 10:00:00,1319.8679030198296,3788.7900000000004,2160.0,83.48609698017026,1000.0,-0.0,0.0,-0.0,-0.0
2021-01-30 11:00:00,1779.359224340836,3693.2599999999998,2160.0,-0.0,645.5947756591643,-0.0,0.0,-0.0,-0.0
2021-01-30 12:00:00,1948.6422434580486,3619.81,2160.0,-0.0,476.4427565419519,-0.0,0.0,-0.0,-0.0
2021-01-30 13:00:00,1779.359224340836,3580.41,2160.0,-0.0,645.6097756591641,-0.0,0.0,-0.0,-0.0
2021-01-30 14:00:00,1319.8679030198296,3582.0099999999998,2160.0,124.65509698017104,1000.0,-0.0,0.0,-0.0,-0.0
2021-01-30 15:00:00,706.298957696438,3625.4700000000003,2160.0,796.6230423035615,1000.0,-0.0,0.0,-0.0,-0.0
2021-01-30 16:00:00,147.40012244402178,3705.37,2160.0,1459.4218775559775,1000.0,-0.0,0.0,-0.0,-0.0
2021-01-30 17:00:00,-0.0,3810.6600000000003,2160.0,1730.202999999999,1000.0,-0.0,0.0,-0.0,-0.0
2021-01-30 18:00:00,-0.0,3926.08,2160.0,1809.9429999999993,1000.0,-0.0,0.0,-0.0,-0.0
2021-01-30 19:00:00,-0.0,4034.18,2160.0,1777.9869999999996,1000.0,-0.0,0.0,-0.0,-0.0
2021-01-30 20:00:00,-0.0,4117.59,2160.0,1613.8340000000007,1000.0,-0.0,0.0,-0.0,-0.0
2021-01-30 21:00:00,-0.0,4161.37,2160.0,1369.2110000000002,1000.0,-0.0,0.0,-0.0,-0.0
2021-01-30 22:00:00,-0.0,4154.99,2160.0,1138.1530000000002,1000.0,-0.0,0.0,-0.0,-0.0
2021-01-30 23:00:00,-0.0,4093.77,2160.0,999.9180000000001,1000.0,-0.0,0.0,-0.0,-0.0
2021-01-31 00:00:00,-0.0,3976.9900000000002,2160.0,489.7869999999998,1000.0,-0.0,0.0,-0.0,-0.0
2021-01-31 01:00:00,-0.0,3817.64,2160.0,497.828,1000.0,-0.0,0.0,-0.0,-0.0
2021-01-31 02:00:00,-0.0,3626.4800000000005,2160.0,584.6669999999995,1000.0,-0.0,0.0,-0.0,-0.0
2021-01-31 03:00:00,-0.0,3420.2,2160.0,784.4390000000003,1000.0,-0.0,0.0,-0.0,-0.0
2021-01-31 04:00:00,-0.0,3216.79,2160.0,1101.5960000000005,1000.0,-0.0,0.0,-0.0,-0.0
2021-01-31 05:00:00,-0.0,3033.14,2160.0,1496.717,1000.0,-0.0,0.0,-0.0,-0.0
2021-01-31 06:00:00,-0.0,2882.8599999999997,2160.0,1896.33,1000.0,-0.0,0.0,-0.0,-0.0
2021-01-31 07:00:00,-0.0,2774.56,2160.0,2221.9370000000004,1000.0,-0.0,0.0,-0.0,-0.0
2021-01-31 08:00:00,159.17084344866237,2710.75,2160.0,2261.714156551338,1000.0,-0.0,0.0,-0.0,-0.0
2021-01-31 09:00:00,728.9863726296727,2687.6699999999996,2160.0,1753.8046273703271,1000.0,-0.0,0.0,-0.0,-0.0
2021-01-31 10:00:00,1350.0249605674708,2695.86,2160.0,1086.5100394325295,1000.0,-0.0,0.0,-0.0,-0.0
2021-01-31 11:00:00,1813.9101893087163,2721.5899999999997,2160.0,519.7568106912836,1000.0,-0.0,0.0,-0.0,-0.0
2021-01-31 12:00:00,1984.628964090007,2748.84,2160.0,245.3120359099928,1000.0,-0.0,0.0,-0.0,-0.0
2021-01-31 13:00:00,1813.9101893087163,2761.6200000000003,2160.0,360.6298106912832,1000.0,-0.0,0.0,-0.0,-0.0
2021-01-31 14:00:00,1350.0249605674708,2746.18,2160.0,858.0600394325297,1000.0,-0.0,0.0,-0.0,-0.0
2021-01-31 15:00:00,728.9863726296727,2693.1,2160.0,1631.045627370327,1000.0,-0.0,0.0,-0.0,-0.0
2021-01-31 16:00:00,159.17084344866237,2598.61,2160.0,2476.2191565513376,1000.0,-0.0,0.0,-0.0,-0.0
2021-01-31 17:00:00,-0.0,2465.25,2160.0,2994.553,1000.0,-0.0,0.0,-0.0,-0.0
2021-01-31 18:00:00,-0.0,2301.64,2160.0,3350.5190000000002,1000.0,-0.0,0.0,-0.0,-0.0
2021-01-31 19:00:00,-0.0,2121.43,2160.0,3604.136999999999,1000.0,-0.0,0.0,-0.0,-0.0
2021-01-31 20:00:00,-0.0,1941.52,2160.0,3700.637999999999,1000.0,-0.0,0.0,-0.0,-0.0
2021-01-31 21:00:00,-0.0,1779.93,2160.0,3658.7919999999995,1000.0,-0.0,0.0,-0.0,-0.0
2021-01-31 22:00:00,-0.0,1653.3700000000001,2160.0,3545.3939999999993,1000.0,-0.0,0.0,-0.0,-0.0
2021-01-31 23:00:00,-0.0,1575.1100000000001,2160.0,3421.7569999999996,1000.0,-0.0,0.0,-0.0,-0.0
2021-02-01 00:00:00,-0.0,1550.48,2160.0,3253.0110000000004,1000.0,-0.0,0.0,-0.0,-0.0
2021-02-01 01:00:00,-0.0,1586.7,2160.0,3063.1980000000003,1000.0,-0.0,0.0,-0.0,-0.0
2021-02-01 02:00:00,-0.0,1676.3700000000001,2160.0,2867.0060000000003,1000.0,-0.0,0.0,-0.0,-0.0
2021-02-01 03:00:00,-0.0,1808.97,2160.0,2725.7799999999997,1000.0,-0.0,0.0,-0.0,-0.0
2021-02-01 04:00:00,-0.0,1969.57,2160.0,2676.897,1000.0,-0.0,0.0,-0.0,-0.0
2021-02-01 05:00:00,-0.0,2140.7999999999997,2160.0,2715.1960000000004,1000.0,-0.0,0.0,-0.0,-0.0
2021-02-01 06:00:00,-0.0,2305.17,2160.0,2798.3060000000005,1000.0,-0.0,0.0,-0.0,-0.0
2021-02-01 07:00:00,-0.0,2447.41,2160.0,2871.6100000000006,1000.0,-0.0,0.0,-0.0,-0.0
2021-02-01 08:00:00,206.91590788126072,2556.4399999999996,2160.0,2689.132092118739,1000.0,-0.0,0.0,-0.0,-0.0
2021-02-01 09:00:00,907.3542594833798,2626.78,2160.0,1955.6037405166194,1000.0,-0.0,0.0,-0.0,-0.0
2021-02-01 10:00:00,1665.3527982906314,2659.24,2160.0,1125.6002017093679,1000.0,-0.0,0.0,-0.0,-0.0
2021-02-01 11:00:00,2230.0565422193636,2660.6800000000003,2160.0,480.9344577806364,1000.0,-0.0,0.0,-0.0,-0.0
2021-02-01 12:00:00,2437.659384922662,2643.01,2160.0,213.23861507733727,1000.0,-0.0,0.0,-0.0,-0.0
2021-02-01 13:00:00,2230.0565422193636,2621.42,2160.0,398.6234577806367,1000.0,-0.0,0.0,-0.0,-0.0
2021-02-01 14:00:00,1665.3527982906314,2612.25,2160.0,989.515201709369,1000.0,-0.0,0.0,-0.0,-0.0
2021-02-01 15:00:00,907.3542594833798,2630.6200000000003,2160.0,1827.0247405166197,1000.0,-0.0,0.0,-0.0,-0.0
2021-02-01 16:00:00,206.91590788126072,2688.3,2160.0,2649.766092118739,1000.0,-0.0,0.0,-0.0,-0.0
2021-02-01 17:00:00,-0.0,2791.9300000000003,2160.0,2978.072,1000.0,-0.0,0.0,-0.0,-0.0
2021-02-01 18:00:00,-0.0,2942.0400000000004,2160.0,3019.6379999999995,1000.0,-0.0,0.0,-0.0,-0.0
2021-02-01 19:00:00,-0.0,3132.83,2160.0,2901.6800000000003,1000.0,-0.0,0.0,-0.0,-0.0
2021-02-01 20:00:00,-0.0,3352.82,2160.0,2597.809999999999,1000.0,-0.0,0.0,-0.0,-0.0
2021-02-01 21:00:00,-0.0,3586.2699999999995,2160.0,2160.555000000001,1000.0,-0.0,0.0,-0.0,-0.0
2021-02-01 22:00:00,-0.0,3815.2000000000003,2160.0,1691.4049999999993,1000.0,-0.0,0.0,-0.0,-0.0
2021-02-01 23:00:00,-0.0,4021.7000000000003,2160.0,1282.849999999999,1000.0,-0.0,0.0,-0.0,-0.0
2021-02-02 00:00:00,-0.0,4187.31,2160.0,487.41599999999926,1000.0,-0.0,0.0,-0.0,-0.0
2021-02-02 01:00:00,-0.0,4306.79,2160.0,214.39599999999973,1000.0,-0.0,0.0,-0.0,-0.0
2021-02-02 02:00:00,-0.0,4371.88,2160.0,42.9409999999998,1000.0,-0.0,0.0,-0.0,-0.0
2021-02-02 03:00:00,-0.0,4383.7300000000005,2160.0,22.72899999999936,1000.0,-0.0,0.0,-0.0,-0.0
2021-02-02 04:00:00,-0.0,4349.73,2160.0,168.8130000000001,1000.0,-0.0,0.0,-0.0,-0.0
2021-02-02 05:00:00,-0.0,4282.5,2160.0,446.04299999999967,1000.0,-0.0,0.0,-0.0,-0.0
2021-02-02 06:00:00,-0.0,4198.11,2160.0,778.4890000000005,1000.0,-0.0,0.0,-0.0,-0.0
2021-02-02 07:00:00,-0.0,4113.93,2160.0,1078.893,1000.0,-0.0,0.0,-0.0,-0.0
2021-02-02 08:00:00,257.89761116003524,4046.29,2160.0,1022.8863888399653,1000.0,-0.0,0.0,-0.0,-0.0
2021-02-02 09:00:00,1084.7010270070314,4008.23,2160.0,272.27797299296935,1000.0,-0.0,0.0,-0.0,-0.0
2021-02-02 10:00:00,1973.1738617873837,4007.8599999999997,2160.0,-0.0,345.6161382126163,-0.0,0.0,-0.0,-0.0
2021-02-02 11:00:00,2633.3677345813126,4047.2000000000003,1828.648265418687,-0.0,-0.0,-0.0,0.0,100.0,95.0
2021-02-02 12:00:00,2875.818595148507,4122.05,1434.7714048514922,-0.0,-0.0,-0.0,0.0,100.0,189.9905
2021-02-02 13:00:00,2633.3677345813126,4222.55,1534.2002654186876,-0.0,-0.0,-0.0,0.0,100.0,284.97150095
2021-02-02 14:00:00,1973.1738617873837,4334.66,2100.685138212617,-0.0,-0.0,-0.0,0.0,100.0,379.943003799905
2021-02-02 15:00:00,1084.7010270070314,4442.0599999999995,2160.0,-0.0,721.1199729929685,-0.0,0.0,-0.0,379.905009499525
2021-02-02 16:00:00,257.89761116003524,4528.53,2160.0,543.0123888399655,1000.0,-0.0,100.0,-0.0,274.60386110383826
2021-02-02 17:00:00,-0.0,4580.17,2160.0,975.9590000000007,1000.0,-0.0,100.0,-0.0,169.31324282299107
2021-02-02 18:00:00,-0.0,4587.44,2160.0,1162.1279999999997,1000.0,-0.0,100.0,-0.0,64.03315360397194
2021-02-02 19:00:00,-0.0,4546.51,2160.0,1316.9175872258193,1000.0,-0.0,60.82541277418096,-0.0,-0.0
2021-02-02 20:00:00,-0.0,4459.95,2160.0,1382.3650000000007,1000.0,-0.0,0.0,-0.0,-0.0
2021-02-02 21:00:00,-0.0,4336.43,2160.0,1304.1119999999992,1000.0,-0.0,0.0,-0.0,-0.0
2021-02-02 22:00:00,-0.0,4189.73,2160.0,1212.7080000000005,1000.0,-0.0,0.0,-0.0,-0.0
2021-02-02 23:00:00,-0.0,4036.9300000000003,2160.0,1165.6549999999988,1000.0,-0.0,0.0,-0.0,-0.0
2021-02-03 00:00:00,-0.0,3893.09,2160.0,681.7079999999996,1000.0,-0.0,0.0,-0.0,-0.0
2021-02-03 01:00:00,-0.0,3781.56,2160.0,642.0620000000004,1000.0,-0.0,0.0,-0.0,-0.0
2021-02-03 02:00:00,-0.0,3712.72,2160.0,606.98,1000.0,-0.0,0.0,-0.0,-0.0
2021-02-03 03:00:00,-0.0,3694.98,2160.0,618.877,1000.0,-0.0,0.0,-0.0,-0.0
2021-02-03 04:00:00,-0.0,3730.51,2160.0,698.0249999999996,1000.0,-0.0,0.0,-0.0,-0.0
2021-02-03 05:00:00,-0.0,3815.04,2160.0,826.1610000000001,1000.0,-0.0,0.0,-0.0,-0.0
2021-02-03 06:00:00,-0.0,3938.4599999999996,2160.0,953.5330000000008,1000.0,-0.0,0.0,-0.0,-0.0
2021-02-03 07:00:00,-0.0,4086.2900000000004,2160.0,1024.73,1000.0,-0.0,0.0,-0.0,-0.0
2021-02-03 08:00:00,284.1249064374626,4241.599999999999,2160.0,722.4150935625373,1000.0,-0.0,0.0,-0.0,-0.0
2021-02-03 09:00:00,1148.0228026744776,4387.37,2160.0,-0.0,753.8141973255229,-0.0,0.0,-0.0,-0.0
2021-02-03 10:00:00,2069.9635970726513,4508.75,1856.0464776691124,-0.0,-0.0,-0.0,0.0,21.121074741764055,20.065021004675852
2021-02-03 11:00:00,2753.240955327836,4595.09,1090.9240446721628,-0.0,-0.0,-0.0,0.0,100.0,115.06301450257538
2021-02-03 12:00:00,3003.904090749478,4641.35,720.5299092505211,-0.0,-0.0,-0.0,0.0,100.0,210.05150820112513
2021-02-03 13:00:00,2753.240955327836,4648.72,924.4580446721634,-0.0,-0.0,-0.0,0.0,100.0,305.030503050305
2021-02-03 14:00:00,2069.9635970726513,4624.42,1653.644402927349,-0.0,-0.0,-0.0,0.0,100.0,400.0
2021-02-03 15:00:00,1148.0228026744776,4580.7,2160.0,-0.0,461.9211973255228,-0.0,0.0,-0.0,399.96
2021-02-03 16:00:00,284.1249064374626,4533.05,2160.0,458.3270935625376,1000.0,-0.0,100.0,-0.0,294.6568461052632
2021-02-03 17:00:00,-0.0,4498.05,2160.0,1007.4810000000007,1000.0,-0.0,100.0,-0.0,189.36422252591586
2021-02-03 18:00:00,-0.0,4491.05,2160.0,1211.3000000000002,1000.0,-0.0,100.0,-0.0,84.08212820892645
2021-02-03 19:00:00,-0.0,4523.97,2160.0,1276.6109660036986,1000.0,-0.0,79.87003399630028,-0.0,-0.0
2021-02-03 20:00:00,-0.0,4603.58,2160.0,1198.3809999999994,1000.0,-0.0,0.0,-0.0,-0.0
2021-02-03 21:00:00,-0.0,4730.4800000000005,2160.0,873.1859999999988,1000.0,-0.0,0.0,-0.0,-0.0
2021-02-03 22:00:00,-0.0,4898.88,2160.0,470.1889999999994,1000.0,-0.0,0.0,-0.0,-0.0
2021-02-03 23:00:00,-0.0,5097.27,2160.0,75.47599999999875,1000.0,-0.0,0.0,-0.0,-0.0
2021-02-04 00:00:00,-0.0,5306.419999999999,2160.0,-0.0,241.84600000000046,-0.0,0.0,-0.0,-0.0
2021-02-04 01:00:00,-0.0,5515.04,2045.62,-0.0,-0.0,-0.0,0.0,-0.0,-0.0
2021-02-04 02:00:00,-0.0,5701.64,1758.6819999999998,-0.0,-0.0,-0.0,0.0,-0.0,-0.0
2021-02-04 03:00:00,-0.0,5850.490000000001,1607.5859999999993,-0.0,-0.0,-0.0,0.0,-0.0,-0.0
2021-02-04 04:00:00,-0.0,5950.22,1648.5413736800838,-0.0,-0.0,-0.0,0.0,22.401373680084603,21.281304996080372
2021-02-04 05:00:00,-0.0,5995.21,1897.4300000000003,-0.0,-0.0,-0.0,0.0,100.0,116.27917686558077
2021-02-04 06:00:00,-0.0,5986.3,2160.0,-0.0,-0.0,-0.0,0.0,99.25300000000061,210.55789894789478
2021-02-04 07:00:00,-0.0,5930.55,2160.0,-0.0,79.14000000000033,-0.0,100.0,-0.0,105.27368526326316
2021-02-04 08:00:00,299.43550778629583,5840.21,2160.0,-0.0,10.776492213704614,-0.0,100.0,-0.0,-0.0
2021-02-04 09:00:00,1164.131733681354,5730.969999999999,1559.993266318646,-0.0,-0.0,-0.0,0.0,-0.0,-0.0
2021-02-04 10:00:00,2080.651312727233,5619.84,722.6326872727668,-0.0,-0.0,-0.0,0.0,-0.0,-0.0
2021-02-04 11:00:00,2758.1485167141036,5522.740000000001,92.55755802766089,-0.0,-0.0,-0.0,0.0,21.121074741764055,20.065021004675852
2021-02-04 12:00:00,3006.435228967616,5375.988771032386,-0.0,-0.0,-0.0,-0.0,0.0,100.0,115.06301450257538
2021-02-04 13:00:00,2758.1485167141036,5416.410000000001,172.05248328589641,-0.0,-0.0,-0.0,0.0,100.0,210.05150820112513
2021-02-04 14:00:00,2080.651312727233,5416.6,874.4976872727666,-0.0,-0.0,-0.0,0.0,100.0,305.030503050305
2021-02-04 15:00:00,1164.131733681354,5448.36,1865.3792663186455,-0.0,-0.0,-0.0,0.0,100.0,400.0
2021-02-04 16:00:00,299.43550778629583,5501.57,2160.0,-0.0,605.202492213705,-0.0,0.0,-0.0,399.96
2021-02-04 17:00:00,-0.0,5561.88,2160.0,-0.0,1000.0,-0.0,77.80599999999959,-0.0,318.0189513684215
2021-02-04 18:00:00,-0.0,5612.79,2160.0,127.13000000000011,1000.0,-0.0,100.0,-0.0,212.72399157854784
2021-02-04 19:00:00,-0.0,5637.86,2160.0,183.53999999999996,1000.0,-0.0,100.0,-0.0,107.43956128465315
2021-02-04 20:00:00,-0.0,5623.0599999999995,2160.0,123.19100000000071,1000.0,-0.0,100.0,-0.0,2.1656594337878516
2021-02-04 21:00:00,-0.0,5558.76,2160.0,90.43882927554682,1000.0,-0.0,2.0571707244522495,-0.0,-0.0
2021-02-04 22:00:00,-0.0,5441.099999999999,2160.0,-0.0,978.813000000001,-0.0,0.0,-0.0,-0.0
2021-02-04 23:00:00,-0.0,5272.67,2160.0,-0.0,954.1270000000004,-0.0,0.0,-0.0,-0.0
2021-02-05 00:00:00,-0.0,5058.58,2160.0,-0.0,546.6509999999998,-0.0,0.0,-0.0,-0.0
2021-02-05 01:00:00,-0.0,4819.99,2160.0,-0.0,640.7399999999998,-0.0,0.0,-0.0,-0.0
2021-02-05 02:00:00,-0.0,4570.57,2160.0,-0.0,792.8720000000003,-0.0,0.0,-0.0,-0.0
2021-02-05 03:00:00,-0.0,4328.76,2160.0,35.427999999999884,1000.0,-0.0,0.0,-0.0,-0.0
2021-02-05 04:00:00,-0.0,4111.88,2160.0,373.52300000000014,1000.0,-0.0,0.0,-0.0,-0.0
2021-02-05 05:00:00,-0.0,3933.84,2160.0,770.7110000000002,1000.0,-0.0,0.0,-0.0,-0.0
2021-02-05 06:00:00,-0.0,3803.43,2160.0,1158.3319999999999,1000.0,-0.0,0.0,-0.0,-0.0
2021-02-05 07:00:00,-0.0,3723.2900000000004,2160.0,1463.849999999999,1000.0,-0.0,0.0,-0.0,-0.0
2021-02-05 08:00:00,329.9886358619586,3689.6,2160.0,1310.950364138042,1000.0,-0.0,0.0,-0.0,-0.0
2021-02-05 09:00:00,1236.1794381692753,3692.8100000000004,2160.0,448.8155618307246,1000.0,-0.0,0.0,-0.0,-0.0
2021-02-05 10:00:00,2190.2700199591986,3718.97,2160.0,-0.0,439.1139800408009,-0.0,0.0,-0.0,-0.0
2021-02-05 11:00:00,2893.7160321334813,3751.75,1894.530967866518,-0.0,-0.0,-0.0,0.0,100.0,95.0
2021-02-05 12:00:00,3151.2423271734965,3774.7000000000003,1546.518672826502,-0.0,-0.0,-0.0,0.0,100.0,189.9905
2021-02-05 13:00:00,2893.7160321334813,3773.62,1771.5949678665193,-0.0,-0.0,-0.0,0.0,100.0,284.97150095
2021-02-05 14:00:00,2190.2700199591986,3738.47,2160.0,-0.0,277.5309800408022,-0.0,0.0,-0.0,284.943003799905
2021-02-05 15:00:00,1236.1794381692753,3664.8199999999997,2160.0,313.51056183072524,1000.0,-0.0,100.0,-0.0,179.6513516047882
2021-02-05 16:00:00,329.9886358619586,3554.4900000000002,2160.0,1520.3983641380414,1000.0,-0.0,100.0,-0.0,74.3702285748909
2021-02-05 17:00:00,-0.0,3415.31,2160.0,2254.343348025569,1000.0,-0.0,70.64465197443175,-0.0,-0.0
2021-02-05 18:00:00,-0.0,3260.1200000000003,2160.0,2682.266,1000.0,-0.0,0.0,-0.0,-0.0
2021-02-05 19:00:00,-0.0,3104.96,2160.0,2920.6680000000006,1000.0,-0.0,0.0,-0.0,-0.0
2021-02-05 20:00:00,-0.0,2966.96,2160.0,2985.1889999999994,1000.0,-0.0,0.0,-0.0,-0.0
2021-02-05 21:00:00,-0.0,2861.96,2160.0,2896.7689999999993,1000.0,-0.0,0.0,-0.0,-0.0
2021-02-05 22:00:00,-0.0,2802.35,2160.0,2726.516,1000.0,-0.0,0.0,-0.0,-0.0
2021-02-05 23:00:00,-0.0,2795.2900000000004,2160.0,2541.8439999999996,1000.0,-0.0,0.0,-0.0,-0.0
2021-02-06 00:00:00,-0.0,2837.8900000000003,2160.0,1442.5739999999996,1000.0,-0.0,0.0,-0.0,-0.0
2021-02-06 01:00:00,-0.0,2932.4,2160.0,1204.7499999999995,1000.0,-0.0,0.0,-0.0,-0.0
2021-02-06 02:00:00,-0.0,3063.69,2160.0,977.2599999999998,1000.0,-0.0,0.0,-0.0,-0.0
2021-02-06 03:00:00,-0.0,3216.1400000000003,2160.0,826.5419999999995,1000.0,-0.0,0.0,-0.0,-0.0
2021-02-06 04:00:00,-0.0,3371.79,2160.0,792.9920000000002,1000.0,-0.0,0.0,-0.0,-0.0
2021-02-06 05:00:00,-0.0,3512.6200000000003,2160.0,872.0929999999994,1000.0,-0.0,0.0,-0.0,-0.0
2021-02-06 06:00:00,-0.0,3622.92,2160.0,1019.683,1000.0,-0.0,0.0,-0.0,-0.0
2021-02-06 07:00:00,-0.0,3691.28,2160.0,1177.2779999999998,1000.0,-0.0,0.0,-0.0,-0.0
2021-02-06 08:00:00,362.26219529371497,3711.97,2160.0,938.1958047062851,1000.0,-0.0,0.0,-0.0,-0.0
2021-02-06 09:00:00,1309.489617465265,3685.6899999999996,2160.0,64.88238253473537,1000.0,-0.0,0.0,-0.0,-0.0
2021-02-06 10:00:00,2300.222911699182,3619.27,2160.0,-0.0,111.38108830081774,-0.0,0.0,-0.0,-0.0
2021-02-06 11:00:00,3028.8132138008336,3524.7099999999996,1669.1517861991665,-0.0,-0.0,-0.0,0.0,100.0,95.0
2021-02-06 12:00:00,3295.2572843233334,3417.4,1442.533715676666,-0.0,-0.0,-0.0,0.0,100.0,189.9905
2021-02-06 13:00:00,3028.8132138008336,3313.9999999999995,1778.7957861991667,-0.0,-0.0,-0.0,0.0,100.0,284.97150095
2021-02-06 14:00:00,2300.222911699182,3230.04,2160.0,-0.0,358.5280883008181,-0.0,0.0,-0.0,284.943003799905
2021-02-06 15:00:00,1309.489617465265,3177.8,2160.0,409.4773825347347,1000.0,-0.0,100.0,-0.0,179.6513516047882
2021-02-06 16:00:00,362.26219529371497,3164.5699999999997,2160.0,1559.934804706285,1000.0,-0.0,100.0,-0.0,74.3702285748909
2021-02-06 17:00:00,-0.0,3191.57,2160.0,2159.5013480255684,1000.0,-0.0,70.64465197443175,-0.0,-0.0
2021-02-06 18:00:00,-0.0,3253.8,2160.0,2369.4270000000006,1000.0,-0.0,0.0,-0.0,-0.0
2021-02-06 19:00:00,-0.0,3340.63,2160.0,2365.1600000000008,1000.0,-0.0,0.0,-0.0,-0.0
2021-02-06 20:00:00,-0.0,3437.25,2160.0,2194.2780000000002,1000.0,-0.0,0.0,-0.0,-0.0
2021-02-06 21:00:00,-0.0,3526.69,2160.0,1910.533,1000.0,-0.0,0.0,-0.0,-0.0
2021-02-06 22:00:00,-0.0,3592.0400000000004,2160.0,1614.3339999999994,1000.0,-0.0,0.0,-0.0,-0.0
2021-02-06 23:00:00,-0.0,3618.8599999999997,2160.0,1394.6940000000004,1000.0,-0.0,0.0,-0.0,-0.0
2021-02-07 00:00:00,-0.0,3592.98,2160.0,798.6249999999995,1000.0,-0.0,0.0,-0.0,-0.0
2021-02-07 01:00:00,-0.0,3518.3599999999997,2160.0,728.6450000000004,1000.0,-0.0,0.0,-0.0,-0.0
2021-02-07 02:00:00,-0.0,3393.1099999999997,2160.0,756.3110000000006,1000.0,-0.0,0.0,-0.0,-0.0
2021-02-07 03:00:00,-0.0,3225.69,2160.0,923.9829999999997,1000.0,-0.0,0.0,-0.0,-0.0
2021-02-07 04:00:00,-0.0,3029.7200000000003,2160.0,1240.478,1000.0,-0.0,0.0,-0.0,-0.0
2021-02-07 05:00:00,-0.0,2822.24,2160.0,1666.219,1000.0,-0.0,0.0,-0.0,-0.0
2021-02-07 06:00:00,-0.0,2621.54,2160.0,2123.0470000000005,1000.0,-0.0,0.0,-0.0,-0.0
2021-02-07 07:00:00,-0.0,2444.79,2160.0,2523.898,1000.0,-0.0,0.0,-0.0,-0.0
2021-02-07 08:00:00,355.04628536132225,2305.82,2160.0,2449.7497146386777,1000.0,-0.0,0.0,-0.0,-0.0
2021-02-07 09:00:00,1240.053503021486,2213.4,2160.0,1702.765496978513,1000.0,-0.0,0.0,-0.0,-0.0
2021-02-07 10:00:00,2159.7230804855362,2170.1400000000003,2160.0,795.0509195144641,1000.0,-0.0,0.0,-0.0,-0.0
2021-02-07 11:00:00,2834.3178301342487,2172.34,2160.0,47.85616986575042,1000.0,-0.0,0.0,-0.0,-0.0
2021-02-07 12:00:00,3080.7603389916603,2210.53,2160.0,-0.0,693.4556610083396,-0.0,0.0,-0.0,-0.0
2021-02-07 13:00:00,2834.3178301342487,2270.92,2160.0,-0.0,843.5621698657515,-0.0,0.0,-0.0,-0.0
2021-02-07 14:00:00,2159.7230804855362,2337.38,2160.0,476.4359195144634,1000.0,-0.0,0.0,-0.0,-0.0
2021-02-07 15:00:00,1240.053503021486,2393.71,2160.0,1445.2314969785148,1000.0,-0.0,0.0,-0.0,-0.0
2021-02-07 16:00:00,355.04628536132225,2425.96,2160.0,2485.3947146386777,1000.0,-0.0,0.0,-0.0,-0.0
2021-02-07 17:00:00,-0.0,2424.4,2160.0,3074.2849999999994,1000.0,-0.0,0.0,-0.0,-0.0
2021-02-07 18:00:00,-0.0,2384.9300000000003,2160.0,3312.529999999999,1000.0,-0.0,0.0,-0.0,-0.0
2021-02-07 19:00:00,-0.0,2309.7000000000003,2160.0,3467.5199999999986,1000.0,-0.0,0.0,-0.0,-0.0
2021-02-07 20:00:00,-0.0,2206.92,2160.0,3493.169,1000.0,-0.0,0.0,-0.0,-0.0
2021-02-07 21:00:00,-0.0,2089.7599999999998,2160.0,3413.0920000000006,1000.0,-0.0,0.0,-0.0,-0.0
2021-02-07 22:00:00,-0.0,1974.66,2160.0,3294.3520000000008,1000.0,-0.0,0.0,-0.0,-0.0
2021-02-07 23:00:00,-0.0,1879.09,2160.0,3194.0519999999997,1000.0,-0.0,0.0,-0.0,-0.0
2021-02-08 00:00:00,-0.0,1814.9199999999998,2160.0,3069.0779999999995,1000.0,-0.0,0.0,-0.0,-0.0
2021-02-08 01:00:00,-0.0,1803.5100000000002,2160.0,2932.7309999999998,1000.0,-0.0,0.0,-0.0,-0.0
2021-02-08 02:00:00,-0.0,1848.02,2160.0,2787.4289999999996,1000.0,-0.0,0.0,-0.0,-0.0
2021-02-08 03:00:00,-0.0,1949.7,2160.0,2682.7470000000003,1000.0,-0.0,0.0,-0.0,-0.0
2021-02-08 04:00:00,-0.0,2103.31,2160.0,2646.363,1000.0,-0.0,0.0,-0.0,-0.0
2021-02-08 05:00:00,-0.0,2297.81,2160.0,2666.783,1000.0,-0.0,0.0,-0.0,-0.0
2021-02-08 06:00:00,-0.0,2517.74,2160.0,2699.6010000000006,1000.0,-0.0,0.0,-0.0,-0.0
2021-02-08 07:00:00,-0.0,2745.2599999999998,2160.0,2692.7670000000003,1000.0,-0.0,0.0,-0.0,-0.0
2021-02-08 08:00:00,305.648864194634,2962.42,2160.0,2308.4371358053654,1000.0,-0.0,0.0,-0.0,-0.0
2021-02-08 09:00:00,1032.766279020205,3153.5299999999997,2160.0,1432.3347209797948,1000.0,-0.0,0.0,-0.0,-0.0
2021-02-08 10:00:00,1783.567473701065,3307.14,2160.0,493.1125262989349,1000.0,-0.0,0.0,-0.0,-0.0
2021-02-08 11:00:00,2332.8863530569597,3417.4500000000003,2160.0,-0.0,759.5526469430392,-0.0,0.0,-0.0,-0.0
2021-02-08 12:00:00,2533.3537376538698,3484.9900000000002,2160.0,-0.0,418.2262623461297,-0.0,0.0,-0.0,-0.0
2021-02-08 13:00:00,2332.8863530569597,3516.4,2160.0,-0.0,547.7676469430403,-0.0,0.0,-0.0,-0.0
2021-02-08 14:00:00,1783.567473701065,3523.42,2160.0,111.22052629893551,1000.0,-0.0,0.0,-0.0,-0.0
2021-02-08 15:00:00,1032.766279020205,3521.15,2160.0,966.1517209797942,1000.0,-0.0,0.0,-0.0,-0.0
2021-02-08 16:00:00,305.648864194634,3525.86,2160.0,1872.3591358053663,1000.0,-0.0,0.0,-0.0,-0.0
2021-02-08 17:00:00,-0.0,3552.71,2160.0,2379.8280000000004,1000.0,-0.0,0.0,-0.0,-0.0
2021-02-08 18:00:00,-0.0,3613.52,2160.0,2514.1780000000003,1000.0,-0.0,0.0,-0.0,-0.0
2021-02-08 19:00:00,-0.0,3715.0699999999997,2160.0,2488.772000000001,1000.0,-0.0,0.0,-0.0,-0.0
2021-02-08 20:00:00,-0.0,3858.08,2160.0,2265.0190000000002,1000.0,-0.0,0.0,-0.0,-0.0
2021-02-08 21:00:00,-0.0,4036.98,2160.0,1885.2759999999994,1000.0,-0.0,0.0,-0.0,-0.0
2021-02-08 22:00:00,-0.0,4240.58,2160.0,1444.2379999999994,1000.0,-0.0,0.0,-0.0,-0.0
2021-02-08 23:00:00,-0.0,4453.47,2160.0,1031.8939999999993,1000.0,-0.0,0.0,-0.0,-0.0
2021-02-09 00:00:00,-0.0,4653.53,2160.0,202.73500000000058,1000.0,-0.0,0.0,-0.0,-0.0
2021-02-09 01:00:00,-0.0,4832.32,2160.0,-0.0,872.6360000000004,-0.0,0.0,-0.0,-0.0
2021-02-09 02:00:00,-0.0,4970.24,2160.0,-0.0,630.3950000000004,-0.0,0.0,-0.0,-0.0
2021-02-09 03:00:00,-0.0,5056.63,2160.0,-0.0,537.4960000000001,-0.0,0.0,-0.0,-0.0
2021-02-09 04:00:00,-0.0,5086.650000000001,2160.0,-0.0,621.2239999999993,-0.0,0.0,-0.0,-0.0
2021-02-09 05:00:00,-0.0,5061.96,2160.0,-0.0,857.3850000000002,-0.0,0.0,-0.0,-0.0
2021-02-09 06:00:00,-0.0,4990.46,2160.0,178.21799999999985,1000.0,-0.0,0.0,-0.0,-0.0
2021-02-09 07:00:00,-0.0,4885.2699999999995,2160.0,500.71500000000106,1000.0,-0.0,0.0,-0.0,-0.0
2021-02-09 08:00:00,268.42442316260815,4762.95,2160.0,489.74857683739174,1000.0,-0.0,0.0,-0.0,-0.0
2021-02-09 09:00:00,878.5277513658111,4641.37,2160.0,40.0502486341893,1000.0,-0.0,0.0,-0.0,-0.0
2021-02-09 10:00:00,1504.5729183218816,4537.31,2160.0,-0.0,480.0000816781178,-0.0,0.0,-0.0,-0.0
2021-02-09 11:00:00,1961.452649598746,4464.27,2160.0,-0.0,19.02235040125447,-0.0,0.0,-0.0,-0.0
2021-02-09 12:00:00,2128.0064952338103,4430.73,2069.5325047661904,-0.0,-0.0,-0.0,0.0,100.0,95.0
2021-02-09 13:00:00,1961.452649598746,4439.12,2160.0,-0.0,-0.0,-0.0,0.0,74.92464959874656,166.16891711880922
2021-02-09 14:00:00,1504.5729183218816,4485.53,2160.0,-0.0,353.64908167811905,-0.0,0.0,-0.0,166.15230022709733
2021-02-09 15:00:00,878.527751365811,4560.42,2160.0,-0.0,1000.0,-0.0,3.672248634189714,-0.0,162.2701601189802
2021-02-09 16:00:00,268.42442316260815,4649.95,2160.0,605.1135768373915,1000.0,-0.0,100.0,-0.0,56.990775208231454
2021-02-09 17:00:00,-0.0,4738.01,2160.0,1057.1441776758256,1000.0,-0.0,54.1358223241751,-0.0,-0.0
2021-02-09 18:00:00,-0.0,4808.490000000001,2160.0,1233.1570000000002,1000.0,-0.0,0.0,-0.0,-0.0
2021-02-09 19:00:00,-0.0,4847.56,2160.0,1267.495,1000.0,-0.0,0.0,-0.0,-0.0
2021-02-09 20:00:00,-0.0,4845.7,2160.0,1185.9460000000008,1000.0,-0.0,0.0,-0.0,-0.0
2021-02-09 21:00:00,-0.0,4799.05,2160.0,1029.1590000000006,1000.0,-0.0,0.0,-0.0,-0.0
2021-02-09 22:00:00,-0.0,4710.0599999999995,2160.0,878.1920000000009,1000.0,-0.0,0.0,-0.0,-0.0
2021-02-09 23:00:00,-0.0,4587.2699999999995,2160.0,799.085,1000.0,-0.0,0.0,-0.0,-0.0
2021-02-10 00:00:00,-0.0,4439.49,2160.0,315.16700000000037,1000.0,-0.0,0.0,-0.0,-0.0
2021-02-10 01:00:00,-0.0,4293.07,2160.0,307.9940000000006,1000.0,-0.0,0.0,-0.0,-0.0
2021-02-10 02:00:00,-0.0,4161.1900000000005,2160.0,333.35199999999986,1000.0,-0.0,0.0,-0.0,-0.0
2021-02-10 03:00:00,-0.0,4060.5,2160.0,425.41600000000017,1000.0,-0.0,0.0,-0.0,-0.0
2021-02-10 04:00:00,-0.0,4004.2,2160.0,593.433,1000.0,-0.0,0.0,-0.0,-0.0
2021-02-10 05:00:00,-0.0,4000.2900000000004,2160.0,806.8719999999998,1000.0,-0.0,0.0,-0.0,-0.0
2021-02-10 06:00:00,-0.0,4050.5099999999998,2160.0,1004.1309999999999,1000.0,-0.0,0.0,-0.0,-0.0
2021-02-10 07:00:00,-0.0,4150.13,2160.0,1120.0559999999996,1000.0,-0.0,0.0,-0.0,-0.0
2021-02-10 08:00:00,287.6214665676529,4288.59,2160.0,827.4425334323473,1000.0,-0.0,0.0,-0.0,-0.0
2021-02-10 09:00:00,912.905435477682,4450.94,2160.0,77.05856452231887,1000.0,-0.0,0.0,-0.0,-0.0
2021-02-10 10:00:00,1550.5789855923854,4619.77,2160.0,-0.0,231.00901440761436,-0.0,0.0,-0.0,-0.0
2021-02-10 11:00:00,2014.7736444336476,4777.59,1790.4733555663518,-0.0,-0.0,-0.0,0.0,100.0,95.0
2021-02-10 12:00:00,2183.821496674848,4909.13,1412.1225033251526,-0.0,-0.0,-0.0,0.0,100.0,189.9905
2021-02-10 13:00:00,2014.7736444336476,5003.28,1443.2123555663522,-0.0,-0.0,-0.0,0.0,100.0,284.97150095
2021-02-10 14:00:00,1550.5789855923854,5054.59,1873.114014407614,-0.0,-0.0,-0.0,0.0,100.0,379.943003799905
2021-02-10 15:00:00,912.905435477682,5063.889999999999,2160.0,-0.0,339.3695645223195,-0.0,0.0,-0.0,379.905009499525
2021-02-10 16:00:00,287.6214665676529,5038.07,2160.0,70.45653343234653,1000.0,-0.0,100.0,-0.0,274.60386110383826
2021-02-10 17:00:00,-0.0,4989.05,2160.0,632.1169999999993,1000.0,-0.0,100.0,-0.0,169.31324282299107
2021-02-10 18:00:00,-0.0,4932.08,2160.0,880.7639999999992,1000.0,-0.0,100.0,-0.0,64.03315360397194
2021-02-10 19:00:00,-0.0,4883.55,2160.0,1041.3005872258184,1000.0,-0.0,60.82541277418096,-0.0,-0.0
2021-02-10 20:00:00,-0.0,4858.65,2160.0,1043.1450000000004,1000.0,-0.0,0.0,-0.0,-0.0
2021-02-10 21:00:00,-0.0,4869.2,2160.0,828.7910000000002,1000.0,-0.0,0.0,-0.0,-0.0
2021-02-10 22:00:00,-0.0,4921.93,2160.0,535.8410000000003,1000.0,-0.0,0.0,-0.0,-0.0
2021-02-10 23:00:00,-0.0,5017.45,2160.0,238.26600000000053,1000.0,-0.0,0.0,-0.0,-0.0
2021-02-11 00:00:00,-0.0,5145.09,2160.0,-0.0,478.64300000000003,-0.0,0.0,-0.0,-0.0
2021-02-11 01:00:00,-0.0,5303.41,2160.0,-0.0,166.78300000000036,-0.0,0.0,-0.0,-0.0
2021-02-11 02:00:00,-0.0,5471.81,2052.018,-0.0,-0.0,-0.0,0.0,-0.0,-0.0
2021-02-11 03:00:00,-0.0,5632.43,1928.9358360184242,-0.0,-0.0,-0.0,0.0,45.900836018424464,43.60579421750324
2021-02-11 04:00:00,-0.0,5767.4800000000005,1960.0689999999995,-0.0,-0.0,-0.0,0.0,100.0,138.6014336380815
2021-02-11 05:00:00,-0.0,5861.59,2075.96,-0.0,-0.0,-0.0,0.0,100.0,233.58757349471767
2021-02-11 06:00:00,-0.0,5903.75,2160.0,-0.0,-0.0,-0.0,21.855999999999767,-0.0,210.55789894789478
2021-02-11 07:00:00,-0.0,5888.799999999999,2160.0,-0.0,153.03000000000065,-0.0,100.0,-0.0,105.27368526326316
2021-02-11 08:00:00,340.0574913165065,5818.03,2160.0,-0.0,17.99350868349387,-0.0,100.0,-0.0,-0.0
2021-02-11 09:00:00,1047.8417134930255,5699.0,1727.3742865069748,-0.0,-0.0,-0.0,0.0,-0.0,-0.0
2021-02-11 10:00:00,1765.3049091980708,5544.46,1147.0121655436944,-0.0,-0.0,-0.0,0.0,21.121074741764055,20.065021004675852
2021-02-11 11:00:00,2286.279991392423,5370.669999999999,801.2720086075774,-0.0,-0.0,-0.0,0.0,100.0,115.06301450257538
2021-02-11 12:00:00,2475.805927652738,5195.16,710.6810723472631,-0.0,-0.0,-0.0,0.0,100.0,210.05150820112513
2021-02-11 13:00:00,2286.279991392423,5034.419999999999,1018.4250086075776,-0.0,-0.0,-0.0,0.0,100.0,305.030503050305
2021-02-11 14:00:00,1765.3049091980708,4901.67,1690.551090801929,-0.0,-0.0,-0.0,0.0,100.0,400.0
2021-02-11 15:00:00,1047.8417134930255,4805.17,2160.0,-0.0,343.87528650697504,-0.0,0.0,-0.0,399.96
2021-02-11 16:00:00,340.0574913165065,4747.14,2160.0,191.24850868349313,1000.0,-0.0,100.0,-0.0,294.6568461052632
2021-02-11 17:00:00,-0.0,4723.54,2160.0,781.5950000000003,1000.0,-0.0,100.0,-0.0,189.36422252591586
2021-02-11 18:00:00,-0.0,4724.69,2160.0,973.8840000000009,1000.0,-0.0,100.0,-0.0,84.08212820892645
2021-02-11 19:00:00,-0.0,4736.72,2160.0,1056.6699660036998,1000.0,-0.0,79.87003399630028,-0.0,-0.0
2021-02-11 20:00:00,-0.0,4743.5,2160.0,1047.8220000000001,1000.0,-0.0,0.0,-0.0,-0.0
2021-02-11 21:00:00,-0.0,4728.95,2160.0,860.5980000000009,1000.0,-0.0,0.0,-0.0,-0.0
2021-02-11 22:00:00,-0.0,4679.37,2160.0,672.0749999999998,1000.0,-0.0,0.0,-0.0,-0.0
2021-02-11 23:00:00,-0.0,4585.36,2160.0,566.2310000000007,1000.0,-0.0,0.0,-0.0,-0.0
2021-02-12 00:00:00,-0.0,4438.09,2160.0,83.56999999999971,1000.0,-0.0,0.0,-0.0,-0.0
2021-02-12 01:00:00,-0.0,4250.67,2160.0,119.8140000000003,1000.0,-0.0,0.0,-0.0,-0.0
2021-02-12 02:00:00,-0.0,4026.75,2160.0,239.8119999999999,1000.0,-0.0,0.0,-0.0,-0.0
2021-02-12 03:00:00,-0.0,3780.2400000000002,2160.0,480.4789999999998,1000.0,-0.0,0.0,-0.0,-0.0
2021-02-12 04:00:00,-0.0,3528.4100000000003,2160.0,846.9869999999996,1000.0,-0.0,0.0,-0.0,-0.0
2021-02-12 05:00:00,-0.0,3289.62,2160.0,1298.4440000000004,1000.0,-0.0,0.0,-0.0,-0.0
2021-02-12 06:00:00,-0.0,3081.02,2160.0,1757.8349999999996,1000.0,-0.0,0.0,-0.0,-0.0
2021-02-12 07:00:00,-0.0,2916.33,2160.0,2141.553,1000.0,-0.0,0.0,-0.0,-0.0
2021-02-12 08:00:00,376.48979129248926,2804.08,2160.0,2014.432208707511,1000.0,-0.0,0.0,-0.0,-0.0
2021-02-12 09:00:00,1127.4457010233577,2746.5899999999997,2160.0,1362.033298976642,1000.0,-0.0,0.0,-0.0,-0.0
2021-02-12 10:00:00,1884.1631992165394,2739.71,2160.0,576.628800783461,1000.0,-0.0,0.0,-0.0,-0.0
2021-02-12 11:00:00,2432.281489784369,2773.48,2160.0,-0.0,920.355510215631,-0.0,0.0,-0.0,-0.0
2021-02-12 12:00:00,2631.4802109712095,2833.52,2160.0,-0.0,587.6457890287911,-0.0,0.0,-0.0,-0.0
2021-02-12 13:00:00,2432.281489784369,2903.04,2160.0,-0.0,677.9605102156311,-0.0,0.0,-0.0,-0.0
2021-02-12 14:00:00,1884.1631992165394,2965.14,2160.0,185.58680078346015,1000.0,-0.0,0.0,-0.0,-0.0
2021-02-12 15:00:00,1127.4457010233577,3005.07,2160.0,1004.9902989766415,1000.0,-0.0,0.0,-0.0,-0.0
2021-02-12 16:00:00,376.48979129248926,3012.3100000000004,2160.0,1933.5642087075098,1000.0,-0.0,0.0,-0.0,-0.0
2021-02-12 17:00:00,-0.0,2981.92,2160.0,2570.474,1000.0,-0.0,0.0,-0.0,-0.0
2021-02-12 18:00:00,-0.0,2915.18,2160.0,2834.0319999999997,1000.0,-0.0,0.0,-0.0,-0.0
2021-02-12 19:00:00,-0.0,2819.45,2160.0,3007.8630000000003,1000.0,-0.0,0.0,-0.0,-0.0
2021-02-12 20:00:00,-0.0,2707.04,2160.0,3041.7830000000004,1000.0,-0.0,0.0,-0.0,-0.0
2021-02-12 21:00:00,-0.0,2593.55,2160.0,2956.9790000000003,1000.0,-0.0,0.0,-0.0,-0.0
2021-02-12 22:00:00,-0.0,2495.67,2160.0,2820.2610000000004,1000.0,-0.0,0.0,-0.0,-0.0
2021-02-12 23:00:00,-0.0,2428.81,2160.0,2690.7980000000002,1000.0,-0.0,0.0,-0.0,-0.0
2021-02-13 00:00:00,-0.0,2399.58,2160.0,1657.2709999999997,1000.0,-0.0,0.0,-0.0,-0.0
2021-02-13 01:00:00,-0.0,2425.66,2160.0,1483.585,1000.0,-0.0,0.0,-0.0,-0.0
2021-02-13 02:00:00,-0.0,2502.31,2160.0,1306.5980000000004,1000.0,-0.0,0.0,-0.0,-0.0
2021-02-13 03:00:00,-0.0,2623.83,2160.0,1182.8320000000003,1000.0,-0.0,0.0,-0.0,-0.0
2021-02-13 04:00:00,-0.0,2778.78,2160.0,1146.1659999999997,1000.0,-0.0,0.0,-0.0,-0.0
2021-02-13 05:00:00,-0.0,2951.4,2160.0,1189.8250000000003,1000.0,-0.0,0.0,-0.0,-0.0
2021-02-13 06:00:00,-0.0,3123.66,2160.0,1271.9719999999998,1000.0,-0.0,0.0,-0.0,-0.0
2021-02-13 07:00:00,-0.0,3277.55,2160.0,1340.7249999999995,1000.0,-0.0,0.0,-0.0,-0.0
2021-02-13 08:00:00,400.4396810337926,3397.3900000000003,2160.0,961.1773189662067,1000.0,-0.0,0.0,-0.0,-0.0
2021-02-13 09:00:00,1166.6009858794887,3471.8700000000003,2160.0,165.20901412051126,1000.0,-0.0,0.0,-0.0,-0.0
2021-02-13 10:00:00,1934.1671033792609,3495.42,2160.0,-0.0,342.1228966207391,-0.0,0.0,-0.0,-0.0
2021-02-13 11:00:00,2488.764860241443,3468.9399999999996,2003.2051397585574,-0.0,-0.0,-0.0,0.0,100.0,95.0
2021-02-13 12:00:00,2690.111026322401,3399.52,1801.3779736775987,-0.0,-0.0,-0.0,0.0,100.0,189.9905
2021-02-13 13:00:00,2488.764860241443,3299.44,2066.9911397585565,-0.0,-0.0,-0.0,0.0,100.0,284.97150095
2021-02-13 14:00:00,1934.1671033792609,3184.45,2160.0,-0.0,501.71789662073934,-0.0,0.0,-0.0,284.943003799905
2021-02-13 15:00:00,1166.6009858794887,3071.57,2160.0,388.2860141205115,1000.0,-0.0,100.0,-0.0,179.6513516047882
2021-02-13 16:00:00,400.4396810337926,2976.7599999999998,2160.0,1437.5933189662073,1000.0,-0.0,100.0,-0.0,74.3702285748909
2021-02-13 17:00:00,-0.0,2912.71,2160.0,2164.916348025569,1000.0,-0.0,70.64465197443175,-0.0,-0.0
2021-02-13 18:00:00,-0.0,2887.1400000000003,2160.0,2461.364999999999,1000.0,-0.0,0.0,-0.0,-0.0
2021-02-13 19:00:00,-0.0,2901.77,2160.0,2528.216000000001,1000.0,-0.0,0.0,-0.0,-0.0
2021-02-13 20:00:00,-0.0,2952.0299999999997,2160.0,2402.807,1000.0,-0.0,0.0,-0.0,-0.0
2021-02-13 21:00:00,-0.0,3027.7799999999997,2160.0,2132.0610000000006,1000.0,-0.0,0.0,-0.0,-0.0
2021-02-13 22:00:00,-0.0,3114.67,2160.0,1813.8279999999995,1000.0,-0.0,0.0,-0.0,-0.0
2021-02-13 23:00:00,-0.0,3196.14,2160.0,1539.2419999999997,1000.0,-0.0,0.0,-0.0,-0.0
2021-02-14 00:00:00,-0.0,3250.11,2160.0,861.5939999999996,1000.0,-0.0,0.0,-0.0,-0.0
2021-02-14 01:00:00,-0.0,3273.79,2160.0,693.4130000000005,1000.0,-0.0,0.0,-0.0,-0.0
2021-02-14 02:00:00,-0.0,3251.83,2160.0,618.085,1000.0,-0.0,0.0,-0.0,-0.0
2021-02-14 03:00:00,-0.0,3180.35,2160.0,690.3110000000001,1000.0,-0.0,0.0,-0.0,-0.0
2021-02-14 04:00:00,-0.0,3061.84,2160.0,930.0370000000003,1000.0,-0.0,0.0,-0.0,-0.0
2021-02-14 05:00:00,-0.0,2904.9900000000002,2160.0,1306.034,1000.0,-0.0,0.0,-0.0,-0.0
2021-02-14 06:00:00,-0.0,2723.62,2160.0,1744.6149999999998,1000.0,-0.0,0.0,-0.0,-0.0
2021-02-14 07:00:00,-0.0,2534.9100000000003,2160.0,2158.7039999999993,1000.0,-0.0,0.0,-0.0,-0.0
2021-02-14 08:00:00,458.9405357429764,2357.24,2160.0,2020.8314642570235,1000.0,-0.0,0.0,-0.0,-0.0
2021-02-14 09:00:00,1301.9952204428569,2207.8,2160.0,1374.4827795571432,1000.0,-0.0,0.0,-0.0,-0.0
2021-02-14 10:00:00,2141.769946082559,2100.39,2160.0,612.6680539174417,1000.0,-0.0,0.0,-0.0,-0.0
2021-02-14 11:00:00,2747.0647305315,2043.69,2160.0,-0.0,995.7162694684994,-0.0,0.0,-0.0,-0.0
2021-02-14 12:00:00,2966.5930092894473,2040.19,2160.0,-0.0,712.1509907105528,-0.0,0.0,-0.0,-0.0
2021-02-14 13:00:00,2747.0647305315,2085.9700000000003,2160.0,-0.0,852.3702694684994,-0.0,0.0,-0.0,-0.0
2021-02-14 14:00:00,2141.769946082559,2171.2999999999997,2160.0,399.67505391744135,1000.0,-0.0,0.0,-0.0,-0.0
2021-02-14 15:00:00,1301.9952204428569,2282.11,2160.0,1236.8777795571432,1000.0,-0.0,0.0,-0.0,-0.0
2021-02-14 16:00:00,458.9405357429764,2401.9,2160.0,2150.510464257023,1000.0,-0.0,0.0,-0.0,-0.0
2021-02-14 17:00:00,-0.0,2514.0800000000004,2160.0,2732.6920000000005,1000.0,-0.0,0.0,-0.0,-0.0
2021-02-14 18:00:00,-0.0,2604.2599999999998,2160.0,2844.5990000000006,1000.0,-0.0,0.0,-0.0,-0.0
2021-02-14 19:00:00,-0.0,2662.25,2160.0,2869.8510000000006,1000.0,-0.0,0.0,-0.0,-0.0
2021-02-14 20:00:00,-0.0,2683.45,2160.0,2775.1719999999996,1000.0,-0.0,0.0,-0.0,-0.0
2021-02-14 21:00:00,-0.0,2669.5099999999998,2160.0,2595.6919999999996,1000.0,-0.0,0.0,-0.0,-0.0
2021-02-14 22:00:00,-0.0,2628.08,2160.0,2407.26,1000.0,-0.0,0.0,-0.0,-0.0
2021-02-14 23:00:00,-0.0,2571.8,2160.0,2271.807,1000.0,-0.0,0.0,-0.0,-0.0
2021-02-15 00:00:00,-0.0,2510.7000000000003,2160.0,2146.439,1000.0,-0.0,0.0,-0.0,-0.0
2021-02-15 01:00:00,-0.0,2473.4300000000003,2160.0,2040.3949999999995,1000.0,-0.0,0.0,-0.0,-0.0
2021-02-15 02:00:00,-0.0,2469.8,2160.0,1947.8239999999996,1000.0,-0.0,0.0,-0.0,-0.0
2021-02-15 03:00:00,-0.0,2511.9900000000002,2160.0,1907.3669999999997,1000.0,-0.0,0.0,-0.0,-0.0
2021-02-15 04:00:00,-0.0,2607.02,2160.0,1934.4370000000004,1000.0,-0.0,0.0,-0.0,-0.0
2021-02-15 05:00:00,-0.0,2755.66,2160.0,2005.728,1000.0,-0.0,0.0,-0.0,-0.0
2021-02-15 06:00:00,-0.0,2952.25,2160.0,2067.0280000000002,1000.0,-0.0,0.0,-0.0,-0.0
2021-02-15 07:00:00,-0.0,3185.3599999999997,2160.0,2059.8730000000005,1000.0,-0.0,0.0,-0.0,-0.0
2021-02-15 08:00:00,553.6632779601314,3439.2,2160.0,1396.239722039868,1000.0,-0.0,0.0,-0.0,-0.0
2021-02-15 09:00:00,1530.9611172513175,3695.62,2160.0,210.15588274868173,1000.0,-0.0,0.0,-0.0,-0.0
2021-02-15 10:00:00,2499.019373756001,3936.4500000000003,2153.2007009857634,-0.0,-0.0,-0.0,0.0,21.121074741764055,20.065021004675852
2021-02-15 11:00:00,3195.0885723458828,4145.82,1258.441427654118,-0.0,-0.0,-0.0,0.0,100.0,115.06301450257538
2021-02-15 12:00:00,3447.286481063608,4312.13,772.4485189363918,-0.0,-0.0,-0.0,0.0,100.0,210.05150820112513
2021-02-15 13:00:00,3195.0885723458828,4429.53,873.6644276541169,-0.0,-0.0,-0.0,0.0,100.0,305.030503050305
2021-02-15 14:00:00,2499.019373756001,4498.54,1527.9066262439992,-0.0,-0.0,-0.0,0.0,100.0,400.0
2021-02-15 15:00:00,1530.9611172513175,4525.86,2160.0,-0.0,316.6208827486819,-0.0,0.0,-0.0,399.96
2021-02-15 16:00:00,553.6632779601314,4523.34,2160.0,386.4377220398692,1000.0,-0.0,100.0,-0.0,294.6568461052632
2021-02-15 17:00:00,-0.0,4506.23,2160.0,1192.1599999999999,1000.0,-0.0,100.0,-0.0,189.36422252591586
2021-02-15 18:00:00,-0.0,4491.06,2160.0,1408.8419999999996,1000.0,-0.0,100.0,-0.0,84.08212820892645
2021-02-15 19:00:00,-0.0,4493.24,2160.0,1509.3549660037002,1000.0,-0.0,79.87003399630028,-0.0,-0.0
2021-02-15 20:00:00,-0.0,4524.92,2160.0,1483.2829999999994,1000.0,-0.0,0.0,-0.0,-0.0
2021-02-15 21:00:00,-0.0,4593.26,2160.0,1220.637999999999,1000.0,-0.0,0.0,-0.0,-0.0
2021-02-15 22:00:00,-0.0,4699.39,2160.0,883.6590000000006,1000.0,-0.0,0.0,-0.0,-0.0
2021-02-15 23:00:00,-0.0,4838.18,2160.0,552.0489999999991,1000.0,-0.0,0.0,-0.0,-0.0
2021-02-16 00:00:00,-0.0,4992.84,2160.0,-0.0,773.3620000000001,-0.0,0.0,-0.0,-0.0
2021-02-16 01:00:00,-0.0,5160.61,2160.0,-0.0,460.9920000000002,-0.0,0.0,-0.0,-0.0
2021-02-16 02:00:00,-0.0,5318.31,2160.0,-0.0,205.70799999999963,-0.0,0.0,-0.0,-0.0
2021-02-16 03:00:00,-0.0,5449.000000000001,2160.0,-0.0,75.26999999999953,-0.0,0.0,-0.0,-0.0
2021-02-16 04:00:00,-0.0,5538.1,2160.0,-0.0,106.69499999999971,-0.0,0.0,-0.0,-0.0
2021-02-16 05:00:00,-0.0,5575.4800000000005,2160.0,-0.0,287.5759999999991,-0.0,0.0,-0.0,-0.0
2021-02-16 06:00:00,-0.0,5556.83,2160.0,-0.0,562.3539999999994,-0.0,0.0,-0.0,-0.0
2021-02-16 07:00:00,-0.0,5484.290000000001,2160.0,-0.0,858.9959999999992,-0.0,0.0,-0.0,-0.0
2021-02-16 08:00:00,613.6308313433949,5366.24,2160.0,-0.0,505.34216865660505,-0.0,0.0,-0.0,-0.0
2021-02-16 09:00:00,1655.3148858460852,5216.22,1819.2811141539153,-0.0,-0.0,-0.0,0.0,-0.0,-0.0
2021-02-16 10:00:00,2681.4841151339315,5051.23,947.9179596078338,-0.0,-0.0,-0.0,0.0,21.121074741764055,20.065021004675852
2021-02-16 11:00:00,3417.5750028599905,4889.5,382.0359971400103,-0.0,-0.0,-0.0,0.0,100.0,115.06301450257538
2021-02-16 12:00:00,3684.0005075764902,4748.13,187.2124924235104,-0.0,-0.0,-0.0,0.0,100.0,210.05150820112513
2021-02-16 13:00:00,3417.5750028599905,4640.9,524.9219971400107,-0.0,-0.0,-0.0,0.0,100.0,305.030503050305
2021-02-16 14:00:00,2681.4841151339315,4576.53,1350.1218848660692,-0.0,-0.0,-0.0,0.0,100.0,400.0
2021-02-16 15:00:00,1655.3148858460852,4557.6,2160.0,-0.0,240.6781141539152,-0.0,0.0,-0.0,399.96
2021-02-16 16:00:00,613.6308313433949,4580.36,2160.0,347.0081686566052,1000.0,-0.0,100.0,-0.0,294.6568461052632
2021-02-16 17:00:00,-0.0,4635.3,2160.0,1137.981999999999,1000.0,-0.0,100.0,-0.0,189.36422252591586
2021-02-16 18:00:00,-0.0,4708.61,2160.0,1263.447000000001,1000.0,-0.0,100.0,-0.0,84.08212820892645
2021-02-16 19:00:00,-0.0,4784.11,2160.0,1287.8369660036992,1000.0,-0.0,79.87003399630028,-0.0,-0.0
2021-02-16 20:00:00,-0.0,4845.59,2160.0,1229.0959999999995,1000.0,-0.0,0.0,-0.0,-0.0
2021-02-16 21:00:00,-0.0,4879.08,2160.0,998.3700000000008,1000.0,-0.0,0.0,-0.0,-0.0
2021-02-16 22:00:00,-0.0,4874.83,2160.0,768.7790000000005,1000.0,-0.0,0.0,-0.0,-0.0
2021-02-16 23:00:00,-0.0,4828.72,2160.0,619.0189999999993,1000.0,-0.0,0.0,-0.0,-0.0
2021-02-17 00:00:00,-0.0,4736.639999999999,2160.0,83.7480000000005,1000.0,-0.0,0.0,-0.0,-0.0
2021-02-17 01:00:00,-0.0,4619.32,2160.0,53.3100000000004,1000.0,-0.0,0.0,-0.0,-0.0
2021-02-17 02:00:00,-0.0,4483.6900000000005,2160.0,88.14899999999943,1000.0,-0.0,0.0,-0.0,-0.0
2021-02-17 03:00:00,-0.0,4346.18,2160.0,222.65700000000015,1000.0,-0.0,0.0,-0.0,-0.0
2021-02-17 04:00:00,-0.0,4224.280000000001,2160.0,461.78199999999924,1000.0,-0.0,0.0,-0.0,-0.0
2021-02-17 05:00:00,-0.0,4134.2,2160.0,766.7830000000004,1000.0,-0.0,0.0,-0.0,-0.0
2021-02-17 06:00:00,-0.0,4088.7000000000003,2160.0,1065.0309999999995,1000.0,-0.0,0.0,-0.0,-0.0
2021-02-17 07:00:00,-0.0,4095.29,2160.0,1279.1269999999995,1000.0,-0.0,0.0,-0.0,-0.0
2021-02-17 08:00:00,585.831631157882,4155.25,2160.0,771.8143688421187,1000.0,-0.0,0.0,-0.0,-0.0
2021-02-17 09:00:00,1543.0350797539747,4263.41,2160.0,-0.0,748.5749202460258,-0.0,0.0,-0.0,-0.0
2021-02-17 10:00:00,2480.8929584970147,4408.77,1790.547041502984,-0.0,-0.0,-0.0,0.0,-0.0,-0.0
2021-02-17 11:00:00,3152.04684543354,4575.94,899.4132293082253,-0.0,-0.0,-0.0,0.0,21.121074741764055,20.065021004675852
2021-02-17 12:00:00,3394.7266842747467,4747.14,491.09331572525207,-0.0,-0.0,-0.0,0.0,100.0,115.06301450257538
2021-02-17 13:00:00,3152.04684543354,4904.51,536.8871545664592,-0.0,-0.0,-0.0,0.0,100.0,210.05150820112513
2021-02-17 14:00:00,2480.8929584970147,5032.46,1101.2450415029853,-0.0,-0.0,-0.0,0.0,100.0,305.030503050305
2021-02-17 15:00:00,1543.0350797539747,5119.599999999999,2053.822920246026,-0.0,-0.0,-0.0,0.0,100.0,400.0
2021-02-17 16:00:00,585.831631157882,5160.25,2160.0,-0.0,894.1753688421176,-0.0,0.0,-0.0,399.96
2021-02-17 17:00:00,-0.0,5155.05,2160.0,613.8779999999997,1000.0,-0.0,100.0,-0.0,294.6568461052632
2021-02-17 18:00:00,-0.0,5110.759999999999,2160.0,853.3280000000004,1000.0,-0.0,100.0,-0.0,189.36422252591586
2021-02-17 19:00:00,-0.0,5039.2300000000005,2160.0,1001.0019999999995,1000.0,-0.0,100.0,-0.0,84.08212820892645
2021-02-17 20:00:00,-0.0,4955.68,2160.0,1023.9389660036991,1000.0,-0.0,79.87003399630028,-0.0,-0.0
2021-02-17 21:00:00,-0.0,4876.55,2160.0,982.0960000000005,1000.0,-0.0,0.0,-0.0,-0.0
2021-02-17 22:00:00,-0.0,4817.11,2160.0,804.0980000000009,1000.0,-0.0,0.0,-0.0,-0.0
2021-02-17 23:00:00,-0.0,4789.35,2160.0,632.4040000000005,1000.0,-0.0,0.0,-0.0,-0.0
2021-02-18 00:00:00,-0.0,4793.71,2160.0,-0.0,996.9049999999997,-0.0,0.0,-0.0,-0.0
2021-02-18 01:00:00,-0.0,4844.04,2160.0,-0.0,795.2659999999996,-0.0,0.0,-0.0,-0.0
2021-02-18 02:00:00,-0.0,4928.46,2160.0,-0.0,606.5240000000003,-0.0,0.0,-0.0,-0.0
2021-02-18 03:00:00,-0.0,5035.94,2160.0,-0.0,492.53600000000006,-0.0,0.0,-0.0,-0.0
2021-02-18 04:00:00,-0.0,5151.250000000001,2160.0,-0.0,490.97299999999905,-0.0,0.0,-0.0,-0.0
2021-02-18 05:00:00,-0.0,5256.969999999999,2160.0,-0.0,596.7250000000004,-0.0,0.0,-0.0,-0.0
2021-02-18 06:00:00,-0.0,5335.78,2160.0,-0.0,767.2480000000005,-0.0,0.0,-0.0,-0.0
2021-02-18 07:00:00,-0.0,5372.79,2160.0,-0.0,947.5440000000008,-0.0,0.0,-0.0,-0.0
2021-02-18 08:00:00,514.279014829988,5357.530000000001,2160.0,-0.0,583.6629851700111,-0.0,0.0,-0.0,-0.0
2021-02-18 09:00:00,1323.6677046480363,5285.349999999999,2045.280295351965,-0.0,-0.0,-0.0,0.0,-0.0,-0.0
2021-02-18 10:00:00,2112.5164244269668,5158.089999999999,1366.7476503147986,-0.0,-0.0,-0.0,0.0,21.121074741764055,20.065021004675852
2021-02-18 11:00:00,2675.7163380696174,4983.84,979.5386619303817,-0.0,-0.0,-0.0,0.0,100.0,115.06301450257538
2021-02-18 12:00:00,2879.1542516266886,4775.88,907.5837483733117,-0.0,-0.0,-0.0,0.0,100.0,210.05150820112513
2021-02-18 13:00:00,2675.7163380696174,4551.0,1293.280661930382,-0.0,-0.0,-0.0,0.0,100.0,305.030503050305
2021-02-18 14:00:00,2112.5164244269668,4327.2300000000005,2098.3555755730335,-0.0,-0.0,-0.0,0.0,100.0,400.0
2021-02-18 15:00:00,1323.6677046480363,4121.52,2160.0,-0.0,931.7822953519626,-0.0,0.0,-0.0,399.96
2021-02-18 16:00:00,514.279014829988,3947.56,2160.0,995.998985170012,1000.0,-0.0,100.0,-0.0,294.6568461052632
2021-02-18 17:00:00,-0.0,3814.02,2160.0,1869.6199999999994,1000.0,-0.0,100.0,-0.0,189.36422252591586
2021-02-18 18:00:00,-0.0,3723.48,2160.0,2152.515999999999,1000.0,-0.0,100.0,-0.0,84.08212820892645
2021-02-18 19:00:00,-0.0,3672.21,2160.0,2297.3239660037,1000.0,-0.0,79.87003399630028,-0.0,-0.0
2021-02-18 20:00:00,-0.0,3650.83,2160.0,2315.165000000001,1000.0,-0.0,0.0,-0.0,-0.0
2021-02-18 21:00:00,-0.0,3645.6699999999996,2160.0,2116.8889999999997,1000.0,-0.0,0.0,-0.0,-0.0
2021-02-18 22:00:00,-0.0,3640.76,2160.0,1881.8410000000003,1000.0,-0.0,0.0,-0.0,-0.0
2021-02-18 23:00:00,-0.0,3620.14,2160.0,1700.5639999999999,1000.0,-0.0,0.0,-0.0,-0.0
2021-02-19 00:00:00,-0.0,3563.4500000000003,2160.0,1123.5349999999994,1000.0,-0.0,0.0,-0.0,-0.0
2021-02-19 01:00:00,-0.0,3474.68,2160.0,1058.7130000000002,1000.0,-0.0,0.0,-0.0,-0.0
2021-02-19 02:00:00,-0.0,3343.41,2160.0,1083.46,1000.0,-0.0,0.0,-0.0,-0.0
2021-02-19 03:00:00,-0.0,3172.2299999999996,2160.0,1246.0150000000003,1000.0,-0.0,0.0,-0.0,-0.0
2021-02-19 04:00:00,-0.0,2969.79,2160.0,1560.1710000000003,1000.0,-0.0,0.0,-0.0,-0.0
2021-02-19 05:00:00,-0.0,2749.7700000000004,2160.0,1989.7199999999993,1000.0,-0.0,0.0,-0.0,-0.0
2021-02-19 06:00:00,-0.0,2529.13,2160.0,2457.84,1000.0,-0.0,0.0,-0.0,-0.0
2021-02-19 07:00:00,0.8416498720458041,2325.89,2160.0,2875.7823501279536,1000.0,-0.0,0.0,-0.0,-0.0
2021-02-19 08:00:00,482.60574979226425,2156.81,2160.0,2696.5672502077364,1000.0,-0.0,0.0,-0.0,-0.0
2021-02-19 09:00:00,1214.7606866461094,2035.19,2160.0,2123.2813133538903,1000.0,-0.0,0.0,-0.0,-0.0
2021-02-19 10:00:00,1924.6428449007426,1969.1,2160.0,1439.944155099257,1000.0,-0.0,0.0,-0.0,-0.0
2021-02-19 11:00:00,2430.2887599402607,1960.37,2160.0,864.5062400597403,1000.0,-0.0,0.0,-0.0,-0.0
2021-02-19 12:00:00,2612.759689920191,2004.34,2160.0,560.3033100798093,1000.0,-0.0,0.0,-0.0,-0.0
2021-02-19 13:00:00,2430.2887599402607,2090.5299999999997,2160.0,612.7762400597389,1000.0,-0.0,0.0,-0.0,-0.0
2021-02-19 14:00:00,1924.6428449007426,2204.0299999999997,2160.0,1021.9391550992568,1000.0,-0.0,0.0,-0.0,-0.0
2021-02-19 15:00:00,1214.7606866461094,2327.52,2160.0,1706.2123133538907,1000.0,-0.0,0.0,-0.0,-0.0
2021-02-19 16:00:00,482.60574979226425,2443.56,2160.0,2502.3102502077363,1000.0,-0.0,0.0,-0.0,-0.0
2021-02-19 17:00:00,0.8416498720458041,2536.9,2160.0,3115.7543501279533,1000.0,-0.0,0.0,-0.0,-0.0
2021-02-19 18:00:00,-0.0,2596.51,2160.0,3248.6630000000005,1000.0,-0.0,0.0,-0.0,-0.0
2021-02-19 19:00:00,-0.0,2616.9700000000003,2160.0,3301.034999999999,1000.0,-0.0,0.0,-0.0,-0.0
2021-02-19 20:00:00,-0.0,2599.14,2160.0,3234.9840000000004,1000.0,-0.0,0.0,-0.0,-0.0
2021-02-19 21:00:00,-0.0,2549.9500000000003,2160.0,3080.3699999999994,1000.0,-0.0,0.0,-0.0,-0.0
2021-02-19 22:00:00,-0.0,2481.35,2160.0,2908.7500000000005,1000.0,-0.0,0.0,-0.0,-0.0
2021-02-19 23:00:00,-0.0,2408.6,2160.0,2779.445,1000.0,-0.0,0.0,-0.0,-0.0
2021-02-20 00:00:00,-0.0,2341.23,2160.0,1776.6820000000002,1000.0,-0.0,0.0,-0.0,-0.0
2021-02-20 01:00:00,-0.0,2308.23,2160.0,1656.1420000000003,1000.0,-0.0,0.0,-0.0,-0.0
2021-02-20 02:00:00,-0.0,2314.5299999999997,2160.0,1543.4769999999999,1000.0,-0.0,0.0,-0.0,-0.0
2021-02-20 03:00:00,-0.0,2366.9,2160.0,1482.7440000000001,1000.0,-0.0,0.0,-0.0,-0.0
2021-02-20 04:00:00,-0.0,2465.9300000000003,2160.0,1495.7979999999998,1000.0,-0.0,0.0,-0.0,-0.0
2021-02-20 05:00:00,-0.0,2605.92,2160.0,1565.8090000000002,1000.0,-0.0,0.0,-0.0,-0.0
2021-02-20 06:00:00,-0.0,2775.49,2160.0,1644.295,1000.0,-0.0,0.0,-0.0,-0.0
2021-02-20 07:00:00,4.963258804270109,2959.0,2160.0,1672.04574119573,1000.0,-0.0,0.0,-0.0,-0.0
2021-02-20 08:00:00,500.3546603292302,3138.59,2160.0,1131.3153396707698,1000.0,-0.0,0.0,-0.0,-0.0
2021-02-20 09:00:00,1232.6086148150807,3296.44,2160.0,279.34638518491965,1000.0,-0.0,0.0,-0.0,-0.0
2021-02-20 10:00:00,1938.981835735523,3417.1600000000003,2160.0,-0.0,413.69416426447697,-0.0,0.0,-0.0,-0.0
2021-02-20 11:00:00,2440.970286992842,3489.7200000000003,2021.7107130071577,-0.0,-0.0,-0.0,0.0,100.0,95.0
2021-02-20 12:00:00,2621.949763890691,3508.9300000000003,1744.9462361093088,-0.0,-0.0,-0.0,0.0,100.0,189.9905
2021-02-20 13:00:00,2440.970286992842,3476.0400000000004,1916.2937130071573,-0.0,-0.0,-0.0,0.0,100.0,284.97150095
2021-02-20 14:00:00,1938.981835735523,3398.57,2160.0,-0.0,254.1531642644768,-0.0,0.0,-0.0,284.943003799905
2021-02-20 15:00:00,1232.6086148150807,3289.22,2160.0,69.23738518491928,1000.0,-0.0,100.0,-0.0,179.6513516047882
2021-02-20 16:00:00,500.3546603292302,3164.21,2160.0,1108.0603396707697,1000.0,-0.0,100.0,-0.0,74.3702285748909
2021-02-20 17:00:00,4.963258804270109,3040.9900000000002,2160.0,1982.7160892212983,1000.0,-0.0,70.64465197443175,-0.0,-0.0
2021-02-20 18:00:00,-0.0,2935.99,2160.0,2356.764000000001,1000.0,-0.0,0.0,-0.0,-0.0
2021-02-20 19:00:00,-0.0,2862.3700000000003,2160.0,2505.069,1000.0,-0.0,0.0,-0.0,-0.0
2021-02-20 20:00:00,-0.0,2828.3199999999997,2160.0,2457.1810000000005,1000.0,-0.0,0.0,-0.0,-0.0
2021-02-20 21:00:00,-0.0,2835.95,2160.0,2247.777000000001,1000.0,-0.0,0.0,-0.0,-0.0
2021-02-20 22:00:00,-0.0,2881.15,2160.0,1964.4739999999997,1000.0,-0.0,0.0,-0.0,-0.0
2021-02-20 23:00:00,-0.0,2954.14,2160.0,1691.6300000000006,1000.0,-0.0,0.0,-0.0,-0.0
2021-02-21 00:00:00,-0.0,3033.83,2160.0,980.0290000000005,1000.0,-0.0,0.0,-0.0,-0.0
2021-02-21 01:00:00,-0.0,3118.19,2160.0,744.4929999999999,1000.0,-0.0,0.0,-0.0,-0.0
2021-02-21 02:00:00,-0.0,3183.93,2160.0,574.8310000000006,1000.0,-0.0,0.0,-0.0,-0.0
2021-02-21 03:00:00,-0.0,3217.2200000000003,2160.0,535.6979999999994,1000.0,-0.0,0.0,-0.0,-0.0
2021-02-21 04:00:00,-0.0,3208.5399999999995,2160.0,659.056,1000.0,-0.0,0.0,-0.0,-0.0
2021-02-21 05:00:00,-0.0,3154.1000000000004,2160.0,926.1629999999996,1000.0,-0.0,0.0,-0.0,-0.0
2021-02-21 06:00:00,-0.0,3056.4900000000002,2160.0,1274.5639999999999,1000.0,-0.0,0.0,-0.0,-0.0
2021-02-21 07:00:00,10.533000604573225,2924.39,2160.0,1615.1589993954271,1000.0,-0.0,0.0,-0.0,-0.0
2021-02-21 08:00:00,506.13481459754473,2771.5899999999997,2160.0,1409.4761854024555,1000.0,-0.0,0.0,-0.0,-0.0
2021-02-21 09:00:00,1221.1535125124574,2615.1600000000003,2160.0,891.9544874875423,1000.0,-0.0,0.0,-0.0,-0.0
2021-02-21 10:00:00,1907.4756629518083,2473.32,2160.0,311.90433704819134,1000.0,-0.0,0.0,-0.0,-0.0
2021-02-21 11:00:00,2394.1101926462916,2363.0499999999997,2160.0,-0.0,861.1558073537085,-0.0,0.0,-0.0,-0.0
2021-02-21 12:00:00,2569.37758989783,2297.89,2160.0,-0.0,677.5774101021702,-0.0,0.0,-0.0,-0.0
2021-02-21 13:00:00,2394.1101926462916,2286.2,2160.0,-0.0,825.1698073537082,-0.0,0.0,-0.0,-0.0
2021-02-21 14:00:00,1907.4756629518083,2330.11,2160.0,289.5033370481915,1000.0,-0.0,0.0,-0.0,-0.0
2021-02-21 15:00:00,1221.1535125124574,2425.3,2160.0,983.2514874875424,1000.0,-0.0,0.0,-0.0,-0.0
2021-02-21 16:00:00,506.13481459754473,2561.62,2160.0,1746.8081854024554,1000.0,-0.0,0.0,-0.0,-0.0
2021-02-21 17:00:00,10.533000604573225,2724.5099999999998,2160.0,2309.5499993954277,1000.0,-0.0,0.0,-0.0,-0.0
2021-02-21 18:00:00,-0.0,2896.99,2160.0,2344.4210000000003,1000.0,-0.0,0.0,-0.0,-0.0
2021-02-21 19:00:00,-0.0,3061.95,2160.0,2257.562000000001,1000.0,-0.0,0.0,-0.0,-0.0
2021-02-21 20:00:00,-0.0,3204.5,2160.0,2036.5220000000008,1000.0,-0.0,0.0,-0.0,-0.0
2021-02-21 21:00:00,-0.0,3313.89,2160.0,1728.8379999999993,1000.0,-0.0,0.0,-0.0,-0.0
2021-02-21 22:00:00,-0.0,3385.0099999999998,2160.0,1423.1200000000003,1000.0,-0.0,0.0,-0.0,-0.0
2021-02-21 23:00:00,-0.0,3418.9599999999996,2160.0,1192.8470000000002,1000.0,-0.0,0.0,-0.0,-0.0
2021-02-22 00:00:00,-0.0,3415.61,2160.0,1003.7779999999998,1000.0,-0.0,0.0,-0.0,-0.0
2021-02-22 01:00:00,-0.0,3401.7,2160.0,870.0810000000001,1000.0,-0.0,0.0,-0.0,-0.0
2021-02-22 02:00:00,-0.0,3385.36,2160.0,786.0840000000003,1000.0,-0.0,0.0,-0.0,-0.0
2021-02-22 03:00:00,-0.0,3383.09,2160.0,786.1080000000002,1000.0,-0.0,0.0,-0.0,-0.0
2021-02-22 04:00:00,-0.0,3410.16,2160.0,877.3220000000001,1000.0,-0.0,0.0,-0.0,-0.0
2021-02-22 05:00:00,-0.0,3478.4100000000003,2160.0,1025.351,1000.0,-0.0,0.0,-0.0,-0.0
2021-02-22 06:00:00,-0.0,3594.54,2160.0,1163.629,1000.0,-0.0,0.0,-0.0,-0.0
2021-02-22 07:00:00,16.108931006876677,3759.0699999999997,2160.0,1205.6330689931233,1000.0,-0.0,0.0,-0.0,-0.0
2021-02-22 08:00:00,484.36950136236027,3966.1600000000003,2160.0,671.0144986376392,1000.0,-0.0,0.0,-0.0,-0.0
2021-02-22 09:00:00,1145.3617038143325,4204.22,2160.0,-0.0,816.6342961856676,-0.0,0.0,-0.0,-0.0
2021-02-22 10:00:00,1776.7414456946933,4457.38,2060.1245543053055,-0.0,-0.0,-0.0,0.0,-0.0,-0.0
2021-02-22 11:00:00,2223.409983671002,4707.46,1313.6980910707625,-0.0,-0.0,-0.0,0.0,21.121074741764055,20.065021004675852
2021-02-22 12:00:00,2384.1341662217487,4936.33,933.0818337782516,-0.0,-0.0,-0.0,0.0,100.0,115.06301450257538
2021-02-22 13:00:00,2223.409983671002,5128.21,866.1130163289981,-0.0,-0.0,-0.0,0.0,100.0,210.05150820112513
2021-02-22 14:00:00,1776.7414456946933,5271.67,1194.4595543053058,-0.0,-0.0,-0.0,0.0,100.0,305.030503050305
2021-02-22 15:00:00,1145.3617038143325,5361.0599999999995,1842.5712961856684,-0.0,-0.0,-0.0,0.0,100.0,400.0
2021-02-22 16:00:00,484.36950136236027,5397.17,2160.0,-0.0,395.7904986376396,-0.0,0.0,-0.0,399.96
2021-02-22 17:00:00,16.108931006876677,5387.0,2160.0,7.699068993124229,1000.0,-0.0,100.0,-0.0,294.6568461052632
2021-02-22 18:00:00,-0.0,5342.77,2160.0,268.271999999999,1000.0,-0.0,100.0,-0.0,189.36422252591586
2021-02-22 19:00:00,-0.0,5280.150000000001,2160.0,412.3720000000003,1000.0,-0.0,100.0,-0.0,84.08212820892645
2021-02-22 20:00:00,-0.0,5216.09,2160.0,421.41296600369924,1000.0,-0.0,79.87003399630028,-0.0,-0.0
2021-02-22 21:00:00,-0.0,5166.48,2160.0,355.89800000000105,1000.0,-0.0,0.0,-0.0,-0.0
2021-02-22 22:00:00,-0.0,5143.9800000000005,2160.0,147.05499999999938,1000.0,-0.0,0.0,-0.0,-0.0
2021-02-22 23:00:00,-0.0,5156.25,2160.0,-0.0,941.6689999999999,-0.0,0.0,-0.0,-0.0
2021-02-23 00:00:00,-0.0,5197.46,2160.0,-0.0,274.84299999999985,-0.0,0.0,-0.0,-0.0
2021-02-23 01:00:00,-0.0,5278.030000000001,2160.0,-0.0,49.771999999999025,-0.0,0.0,-0.0,-0.0
2021-02-23 02:00:00,-0.0,5380.27,2018.5775825324727,-0.0,-0.0,-0.0,0.0,8.332582532473,7.915953405849349
2021-02-23 03:00:00,-0.0,5489.82,2001.4400000000005,-0.0,-0.0,-0.0,0.0,100.0,102.91516181050876
2021-02-23 04:00:00,-0.0,5590.09,2022.3859999999995,-0.0,-0.0,-0.0,0.0,100.0,197.9048702943277
2021-02-23 05:00:00,-0.0,5664.63,2160.0,-0.0,-0.0,-0.0,0.0,93.00600000000031,286.24077980729857
2021-02-23 06:00:00,-0.0,5699.349999999999,2160.0,-0.0,29.48400000000038,-0.0,100.0,-0.0,180.94899783458098
2021-02-23 07:00:00,23.795174691294974,5684.5599999999995,2160.0,-0.0,245.8578253087053,-0.0,100.0,-0.0,75.66774504006071
2021-02-23 08:00:00,509.38383064772154,5616.35,2160.0,-0.0,-0.0,-0.0,71.87716935227888,-0.0,-0.0
2021-02-23 09:00:00,1181.2989156302883,5497.23,1726.3490843697127,-0.0,-0.0,-0.0,0.0,-0.0,-0.0
2021-02-23 10:00:00,1820.0430938910501,5335.9,1240.6049808507144,-0.0,-0.0,-0.0,0.0,21.121074741764055,20.065021004675852
2021-02-23 11:00:00,2270.9260698295875,5146.18,989.9639301704119,-0.0,-0.0,-0.0,0.0,100.0,115.06301450257538
2021-02-23 12:00:00,2433.0117448204087,4945.280000000001,961.2412551795901,-0.0,-0.0,-0.0,0.0,100.0,210.05150820112513
2021-02-23 13:00:00,2270.9260698295875,4751.6,1283.477930170413,-0.0,-0.0,-0.0,0.0,100.0,305.030503050305
2021-02-23 14:00:00,1820.0430938910501,4582.33,1930.970906108949,-0.0,-0.0,-0.0,0.0,100.0,400.0
2021-02-23 15:00:00,1181.2989156302883,4451.320000000001,2160.0,-0.0,548.9640843697116,-0.0,0.0,-0.0,399.96
2021-02-23 16:00:00,509.38383064772154,4367.28,2160.0,395.28616935227956,1000.0,-0.0,100.0,-0.0,294.6568461052632
2021-02-23 17:00:00,23.795174691294974,4332.7300000000005,2160.0,1150.8458253087038,1000.0,-0.0,100.0,-0.0,189.36422252591586
2021-02-23 18:00:00,-0.0,4343.79,2160.0,1365.6680000000006,1000.0,-0.0,100.0,-0.0,84.08212820892645
2021-02-23 19:00:00,-0.0,4390.7699999999995,2160.0,1422.0609660036994,1000.0,-0.0,79.87003399630028,-0.0,-0.0
2021-02-23 20:00:00,-0.0,4459.65,2160.0,1359.571,1000.0,-0.0,0.0,-0.0,-0.0
2021-02-23 21:00:00,-0.0,4533.9800000000005,2160.0,1091.820999999999,1000.0,-0.0,0.0,-0.0,-0.0
2021-02-23 22:00:00,-0.0,4597.24,2160.0,798.6990000000005,1000.0,-0.0,0.0,-0.0,-0.0
2021-02-23 23:00:00,-0.0,4635.08,2160.0,569.1260000000002,1000.0,-0.0,0.0,-0.0,-0.0
2021-02-24 00:00:00,-0.0,4629.6900000000005,2160.0,-0.0,949.9849999999997,-0.0,0.0,-0.0,-0.0
2021-02-24 01:00:00,-0.0,4591.93,2160.0,-0.0,844.4309999999996,-0.0,0.0,-0.0,-0.0
2021-02-24 02:00:00,-0.0,4515.83,2160.0,-0.0,824.3310000000001,-0.0,0.0,-0.0,-0.0
2021-02-24 03:00:00,-0.0,4409.12,2160.0,-0.0,932.7730000000001,-0.0,0.0,-0.0,-0.0
2021-02-24 04:00:00,-0.0,4284.54,2160.0,179.45300000000043,1000.0,-0.0,0.0,-0.0,-0.0
2021-02-24 05:00:00,-0.0,4158.04,2160.0,525.884,1000.0,-0.0,0.0,-0.0,-0.0
2021-02-24 06:00:00,-0.0,4046.67,2160.0,895.1440000000002,1000.0,-0.0,0.0,-0.0,-0.0
2021-02-24 07:00:00,38.604499278100924,3966.19,2160.0,1162.9745007218994,1000.0,-0.0,0.0,-0.0,-0.0
2021-02-24 08:00:00,634.5978149205359,3928.91,2160.0,748.1311850794634,1000.0,-0.0,0.0,-0.0,-0.0
2021-02-24 09:00:00,1444.2340488185978,3941.9300000000003,2160.0,-0.0,973.1089511814012,-0.0,0.0,-0.0,-0.0
2021-02-24 10:00:00,2210.308713236289,4006.17,2160.0,-0.0,113.60628676371016,-0.0,0.0,-0.0,-0.0
2021-02-24 11:00:00,2749.892921645654,4116.07,1655.9230783543467,-0.0,-0.0,-0.0,0.0,100.0,95.0
2021-02-24 12:00:00,2943.6828046842,4260.35,1250.3691953157995,-0.0,-0.0,-0.0,0.0,100.0,189.9905
2021-02-24 13:00:00,2749.892921645654,4423.33,1247.5970783543457,-0.0,-0.0,-0.0,0.0,100.0,284.97150095
2021-02-24 14:00:00,2210.308713236289,4587.030000000001,1650.6632867637109,-0.0,-0.0,-0.0,0.0,100.0,379.943003799905
2021-02-24 15:00:00,1444.2340488185978,4733.42,2160.0,-0.0,118.3239511814013,-0.0,0.0,-0.0,379.905009499525
2021-02-24 16:00:00,634.5978149205359,4846.76,2160.0,-0.0,1000.0,-0.0,4.620185079462999,-0.0,375.00366628335087
2021-02-24 17:00:00,38.604499278100924,4915.63,2160.0,666.6925007218986,1000.0,-0.0,100.0,-0.0,269.70300802198574
2021-02-24 18:00:00,-0.0,4934.33,2160.0,888.1080000000002,1000.0,-0.0,100.0,-0.0,164.41287982644673
2021-02-24 19:00:00,-0.0,4903.56,2160.0,1001.4409999999998,1000.0,-0.0,100.0,-0.0,59.13328064372725
2021-02-24 20:00:00,-0.0,4830.18,2160.0,1044.3880010501196,1000.0,-0.0,56.17099894987973,-0.0,-0.0
2021-02-24 21:00:00,-0.0,4726.2,2160.0,1010.2339999999995,1000.0,-0.0,0.0,-0.0,-0.0
2021-02-24 22:00:00,-0.0,4607.07,2160.0,898.5149999999994,1000.0,-0.0,0.0,-0.0,-0.0
2021-02-24 23:00:00,-0.0,4489.4800000000005,2160.0,823.284999999999,1000.0,-0.0,0.0,-0.0,-0.0
2021-02-25 00:00:00,-0.0,4381.13,2160.0,305.71699999999964,1000.0,-0.0,0.0,-0.0,-0.0
2021-02-25 01:00:00,-0.0,4310.16,2160.0,232.08700000000044,1000.0,-0.0,0.0,-0.0,-0.0
2021-02-25 02:00:00,-0.0,4276.01,2160.0,168.65299999999934,1000.0,-0.0,0.0,-0.0,-0.0
2021-02-25 03:00:00,-0.0,4279.99,2160.0,164.92500000000018,1000.0,-0.0,0.0,-0.0,-0.0
2021-02-25 04:00:00,-0.0,4317.150000000001,2160.0,248.28999999999905,1000.0,-0.0,0.0,-0.0,-0.0
2021-02-25 05:00:00,-0.0,4376.97,2160.0,406.72999999999956,1000.0,-0.0,0.0,-0.0,-0.0
2021-02-25 06:00:00,-0.0,4444.719999999999,2160.0,595.1080000000002,1000.0,-0.0,0.0,-0.0,-0.0
2021-02-25 07:00:00,59.62718027324502,4503.49,2160.0,700.8128197267556,1000.0,-0.0,0.0,-0.0,-0.0
2021-02-25 08:00:00,791.0394848870498,4536.5,2160.0,78.31751511295033,1000.0,-0.0,0.0,-0.0,-0.0
2021-02-25 09:00:00,1767.7741613962055,4529.37,2160.0,-0.0,154.31583860379374,-0.0,0.0,-0.0,-0.0
2021-02-25 10:00:00,2687.728414552271,4472.13,1441.4186601894944,-0.0,-0.0,-0.0,0.0,21.121074741764055,20.065021004675852
2021-02-25 11:00:00,3334.3011743434586,4360.64,914.8138256565403,-0.0,-0.0,-0.0,0.0,100.0,115.06301450257538
2021-02-25 12:00:00,3566.2994861320844,4197.22,776.4675138679145,-0.0,-0.0,-0.0,0.0,100.0,210.05150820112513
2021-02-25 13:00:00,3334.3011743434586,3990.39,1179.3498256565413,-0.0,-0.0,-0.0,0.0,100.0,305.030503050305
2021-02-25 14:00:00,2687.728414552271,3753.88,2087.1715854477297,-0.0,-0.0,-0.0,0.0,100.0,400.0
2021-02-25 15:00:00,1767.7741613962055,3504.82,2160.0,1.642838603793507,1000.0,-0.0,100.0,-0.0,294.69684210526316
2021-02-25 16:00:00,791.0394848870498,3261.58,2160.0,1409.0235151129505,1000.0,-0.0,100.0,-0.0,189.4042145263158
2021-02-25 17:00:00,59.62718027324502,3041.41,2160.0,2592.8888197267547,1000.0,-0.0,100.0,-0.0,84.12211621012632
2021-02-25 18:00:00,-0.0,2858.23,2160.0,3054.5639812014197,1000.0,-0.0,79.90801879858006,-0.0,-0.0
2021-02-25 19:00:00,-0.0,2720.8700000000003,2160.0,3351.5909999999985,1000.0,-0.0,0.0,-0.0,-0.0
2021-02-25 20:00:00,-0.0,2632.05,2160.0,3363.281,1000.0,-0.0,0.0,-0.0,-0.0
2021-02-25 21:00:00,-0.0,2588.1,2160.0,3209.993999999999,1000.0,-0.0,0.0,-0.0,-0.0
2021-02-25 22:00:00,-0.0,2579.6400000000003,2160.0,2984.6130000000003,1000.0,-0.0,0.0,-0.0,-0.0
2021-02-25 23:00:00,-0.0,2592.95,2160.0,2775.434,1000.0,-0.0,0.0,-0.0,-0.0
2021-02-26 00:00:00,-0.0,2603.84,2160.0,2135.3239999999996,1000.0,-0.0,0.0,-0.0,-0.0
2021-02-26 01:00:00,-0.0,2612.38,2160.0,1979.0259999999998,1000.0,-0.0,0.0,-0.0,-0.0
2021-02-26 02:00:00,-0.0,2596.56,2160.0,1894.0549999999998,1000.0,-0.0,0.0,-0.0,-0.0
2021-02-26 03:00:00,-0.0,2546.7099999999996,2160.0,1940.9030000000007,1000.0,-0.0,0.0,-0.0,-0.0
2021-02-26 04:00:00,-0.0,2458.77,2160.0,2146.0679999999998,1000.0,-0.0,0.0,-0.0,-0.0
2021-02-26 05:00:00,-0.0,2334.94,2160.0,2484.819,1000.0,-0.0,0.0,-0.0,-0.0
2021-02-26 06:00:00,-0.0,2183.4700000000003,2160.0,2889.0369999999994,1000.0,-0.0,0.0,-0.0,-0.0
2021-02-26 07:00:00,77.70408671622879,2017.58,2160.0,3197.9089132837707,1000.0,-0.0,0.0,-0.0,-0.0
2021-02-26 08:00:00,861.7690171488991,1853.72,2160.0,2716.182982851101,1000.0,-0.0,0.0,-0.0,-0.0
2021-02-26 09:00:00,1892.202193214977,1709.43,2160.0,1872.163806785023,1000.0,-0.0,0.0,-0.0,-0.0
2021-02-26 10:00:00,2858.3729261095577,1600.93,2160.0,979.6830738904428,1000.0,-0.0,0.0,-0.0,-0.0
2021-02-26 11:00:00,3535.9939021364353,1540.96,2160.0,288.101097863565,1000.0,-0.0,0.0,-0.0,-0.0
2021-02-26 12:00:00,3778.9089078536545,1537.0700000000002,2160.0,-0.0,975.7570921463466,-0.0,0.0,-0.0,-0.0
2021-02-26 13:00:00,3535.9939021364353,1590.52,2160.0,125.70609786356363,1000.0,-0.0,0.0,-0.0,-0.0
2021-02-26 14:00:00,2858.3729261095577,1696.13,2160.0,718.871073890442,1000.0,-0.0,0.0,-0.0,-0.0
2021-02-26 15:00:00,1892.202193214977,1842.9,2160.0,1640.1318067850239,1000.0,-0.0,0.0,-0.0,-0.0
2021-02-26 16:00:00,861.7690171488991,2015.41,2160.0,2681.8539828511,1000.0,-0.0,0.0,-0.0,-0.0
2021-02-26 17:00:00,77.70408671622879,2195.86,2160.0,3514.1399132837705,1000.0,-0.0,0.0,-0.0,-0.0
2021-02-26 18:00:00,-0.0,2366.37,2160.0,3616.4939999999997,1000.0,-0.0,0.0,-0.0,-0.0
2021-02-26 19:00:00,-0.0,2511.3,2160.0,3547.7079999999996,1000.0,-0.0,0.0,-0.0,-0.0
2021-02-26 20:00:00,-0.0,2619.24,2160.0,3359.0249999999996,1000.0,-0.0,0.0,-0.0,-0.0
2021-02-26 21:00:00,-0.0,2684.46,2160.0,3092.9620000000004,1000.0,-0.0,0.0,-0.0,-0.0
2021-02-26 22:00:00,-0.0,2707.57,2160.0,2832.414,1000.0,-0.0,0.0,-0.0,-0.0
2021-02-26 23:00:00,-0.0,2695.2599999999998,2160.0,2645.270000000001,1000.0,-0.0,0.0,-0.0,-0.0
2021-02-27 00:00:00,-0.0,2651.0699999999997,2160.0,1620.3280000000004,1000.0,-0.0,0.0,-0.0,-0.0
2021-02-27 01:00:00,-0.0,2606.7200000000003,2160.0,1513.3689999999997,1000.0,-0.0,0.0,-0.0,-0.0
2021-02-27 02:00:00,-0.0,2570.2999999999997,2160.0,1445.4680000000003,1000.0,-0.0,0.0,-0.0,-0.0
2021-02-27 03:00:00,-0.0,2557.04,2160.0,1452.219,1000.0,-0.0,0.0,-0.0,-0.0
2021-02-27 04:00:00,-0.0,2578.83,2160.0,1544.1760000000004,1000.0,-0.0,0.0,-0.0,-0.0
2021-02-27 05:00:00,-0.0,2642.56,2160.0,1691.9180000000001,1000.0,-0.0,0.0,-0.0,-0.0
2021-02-27 06:00:00,-0.0,2749.03,2160.0,1834.7809999999995,1000.0,-0.0,0.0,-0.0,-0.0
2021-02-27 07:00:00,87.6615473347707,2892.75,2160.0,1820.7064526652298,1000.0,-0.0,0.0,-0.0,-0.0
2021-02-27 08:00:00,834.1864180333979,3062.63,2160.0,1039.4395819666024,1000.0,-0.0,0.0,-0.0,-0.0
2021-02-27 09:00:00,1800.6603924259953,3243.35,2160.0,-0.0,931.070607574005,-0.0,0.0,-0.0,-0.0
2021-02-27 10:00:00,2702.890489453096,3417.4,1997.8465852886684,-0.0,-0.0,-0.0,0.0,21.121074741764055,20.065021004675852
2021-02-27 11:00:00,3334.338305955461,3567.3700000000003,1218.169694044539,-0.0,-0.0,-0.0,0.0,100.0,115.06301450257538
2021-02-27 12:00:00,3560.5007660577685,3678.29,804.6102339422314,-0.0,-0.0,-0.0,0.0,100.0,210.05150820112513
2021-02-27 13:00:00,3334.338305955461,3739.56,926.8826940445388,-0.0,-0.0,-0.0,0.0,100.0,305.030503050305
2021-02-27 14:00:00,2702.890489453096,3746.4500000000003,1569.5445105469034,-0.0,-0.0,-0.0,0.0,100.0,400.0
2021-02-27 15:00:00,1800.6603924259953,3700.6800000000003,2160.0,-0.0,356.41260757400414,-0.0,0.0,-0.0,399.96
2021-02-27 16:00:00,834.1864180333979,3610.23,2160.0,494.2045819666014,1000.0,-0.0,100.0,-0.0,294.6568461052632
2021-02-27 17:00:00,87.6615473347707,3488.29,2160.0,1588.4714526652301,1000.0,-0.0,100.0,-0.0,189.36422252591586
2021-02-27 18:00:00,-0.0,3351.48,2160.0,2005.3000000000006,1000.0,-0.0,100.0,-0.0,84.08212820892645
2021-02-27 19:00:00,-0.0,3217.7400000000002,2160.0,2232.5779660036997,1000.0,-0.0,79.87003399630028,-0.0,-0.0
2021-02-27 20:00:00,-0.0,3103.8700000000003,2160.0,2342.909,1000.0,-0.0,0.0,-0.0,-0.0
2021-02-27 21:00:00,-0.0,3023.44,2160.0,2219.9020000000005,1000.0,-0.0,0.0,-0.0,-0.0
2021-02-27 22:00:00,-0.0,2984.9700000000003,2160.0,2018.415,1000.0,-0.0,0.0,-0.0,-0.0
2021-02-27 23:00:00,-0.0,2990.89,2160.0,1810.5980000000004,1000.0,-0.0,0.0,-0.0,-0.0
2021-02-28 00:00:00,-0.0,3028.8700000000003,2160.0,1137.0789999999993,1000.0,-0.0,0.0,-0.0,-0.0
2021-02-28 01:00:00,-0.0,3106.3,2160.0,906.0559999999996,1000.0,-0.0,0.0,-0.0,-0.0
2021-02-28 02:00:00,-0.0,3200.8900000000003,2160.0,704.9439999999995,1000.0,-0.0,0.0,-0.0,-0.0
2021-02-28 03:00:00,-0.0,3296.52,2160.0,600.6879999999996,1000.0,-0.0,0.0,-0.0,-0.0
2021-02-28 04:00:00,-0.0,3377.04,2160.0,631.8850000000002,1000.0,-0.0,0.0,-0.0,-0.0
2021-02-28 05:00:00,-0.0,3428.64,2160.0,789.8139999999999,1000.0,-0.0,0.0,-0.0,-0.0
2021-02-28 06:00:00,-0.0,3441.74,2160.0,1024.1930000000002,1000.0,-0.0,0.0,-0.0,-0.0
2021-02-28 07:00:00,96.33177873724254,3412.44,2160.0,1172.7062212627575,1000.0,-0.0,0.0,-0.0,-0.0
2021-02-28 08:00:00,802.5936048216786,3343.1499999999996,2160.0,669.2023951783217,1000.0,-0.0,0.0,-0.0,-0.0
2021-02-28 09:00:00,1704.1058240167404,3242.35,2160.0,-0.0,905.7401759832596,-0.0,0.0,-0.0,-0.0
2021-02-28 10:00:00,2542.067289270344,3123.5499999999997,2160.0,-0.0,147.03371072965592,-0.0,0.0,-0.0,-0.0
2021-02-28 11:00:00,3127.323380442195,3003.5099999999998,1863.2956195578058,-0.0,-0.0,-0.0,0.0,100.0,95.0
2021-02-28 12:00:00,3336.7580493375926,2900.08,1679.5279506624074,-0.0,-0.0,-0.0,0.0,100.0,189.9905
2021-02-28 13:00:00,3127.323380442195,2829.86,1915.3746195578055,-0.0,-0.0,-0.0,0.0,100.0,284.97150095
2021-02-28 14:00:00,2542.067289270344,2805.93,2160.0,-0.0,281.578710729656,-0.0,0.0,-0.0,284.943003799905
2021-02-28 15:00:00,1704.1058240167404,2836.21,2160.0,87.14117598325993,1000.0,-0.0,100.0,-0.0,179.6513516047882
2021-02-28 16:00:00,802.5936048216786,2922.34,2160.0,1082.5063951783209,1000.0,-0.0,100.0,-0.0,74.3702285748909
2021-02-28 17:00:00,96.33177873724254,3059.4900000000002,2160.0,1905.9925692883262,1000.0,-0.0,70.64465197443175,-0.0,-0.0
2021-02-28 18:00:00,-0.0,3237.02,2160.0,2087.1160000000004,1000.0,-0.0,0.0,-0.0,-0.0
2021-02-28 19:00:00,-0.0,3439.84,2160.0,1957.1280000000006,1000.0,-0.0,0.0,-0.0,-0.0
2021-02-28 20:00:00,-0.0,3650.46,2160.0,1662.6279999999997,1000.0,-0.0,0.0,-0.0,-0.0
2021-02-28 21:00:00,-0.0,3851.28,2160.0,1258.0029999999992,1000.0,-0.0,0.0,-0.0,-0.0
2021-02-28 22:00:00,-0.0,4026.92,2160.0,842.143,1000.0,-0.0,0.0,-0.0,-0.0
2021-02-28 23:00:00,-0.0,4166.17,2160.0,500.83799999999974,1000.0,-0.0,0.0,-0.0,-0.0
2021-03-01 00:00:00,-0.0,4254.83,2160.0,212.54799999999977,1000.0,-0.0,0.0,-0.0,-0.0
2021-03-01 01:00:00,-0.0,4310.92,2160.0,2.9179999999996653,1000.0,-0.0,0.0,-0.0,-0.0
2021-03-01 02:00:00,-0.0,4332.59,2160.0,-0.0,874.8829999999998,-0.0,0.0,-0.0,-0.0
2021-03-01 03:00:00,-0.0,4331.66,2160.0,-0.0,867.4499999999998,-0.0,0.0,-0.0,-0.0
2021-03-01 04:00:00,-0.0,4323.3,2160.0,-0.0,987.8940000000002,-0.0,0.0,-0.0,-0.0
2021-03-01 05:00:00,-0.0,4323.79,2160.0,197.40499999999975,1000.0,-0.0,0.0,-0.0,-0.0
2021-03-01 06:00:00,-0.0,4348.25,2160.0,421.0010000000002,1000.0,-0.0,0.0,-0.0,-0.0
2021-03-01 07:00:00,110.00858915798686,4408.41,2160.0,467.05641084201375,1000.0,-0.0,0.0,-0.0,-0.0
2021-03-01 08:00:00,815.2926161263697,4510.93,2160.0,-0.0,793.5033838736306,-0.0,0.0,-0.0,-0.0
2021-03-01 09:00:00,1703.623113060714,4656.36,1957.877886939287,-0.0,-0.0,-0.0,0.0,-0.0,-0.0
2021-03-01 10:00:00,2525.8593406314617,4838.92,914.5226593685379,-0.0,-0.0,-0.0,0.0,-0.0,-0.0
2021-03-01 11:00:00,3098.9610174746513,5047.160000000001,55.745982525348154,-0.0,-0.0,-0.0,0.0,-0.0,-0.0
2021-03-01 12:00:00,3303.8656297058023,4921.426370294198,-0.0,-0.0,-0.0,-0.0,0.0,100.0,95.0
2021-03-01 13:00:00,3098.9610174746513,5083.808982525349,-0.0,-0.0,-0.0,-0.0,0.0,100.0,189.9905
2021-03-01 14:00:00,2525.8593406314617,5660.2699999999995,-0.0,-0.0,-0.0,-0.0,0.0,84.95834063146094,270.68192454988787
2021-03-01 15:00:00,1703.623113060714,5803.64,729.4537781949391,-0.0,-0.0,-0.0,0.0,36.18489125565487,305.030503050305
2021-03-01 16:00:00,815.2926161263697,5894.79,1772.0083838736307,-0.0,-0.0,-0.0,0.0,100.0,400.0
2021-03-01 17:00:00,110.00858915798686,5928.5,2160.0,-0.0,310.2714108420138,-0.0,100.0,-0.0,294.69684210526316
2021-03-01 18:00:00,-0.0,5906.03,2160.0,-0.0,636.1889999999994,-0.0,100.0,-0.0,189.4042145263158
2021-03-01 19:00:00,-0.0,5834.89,2160.0,-0.0,782.0150000000003,-0.0,100.0,-0.0,84.12211621012632
2021-03-01 20:00:00,-0.0,5727.8099999999995,2160.0,-0.0,827.248981201421,-0.0,79.90801879858006,-0.0,-0.0
2021-03-01 21:00:00,-0.0,5601.0,2160.0,-0.0,832.1929999999993,-0.0,0.0,-0.0,-0.0
2021-03-01 22:00:00,-0.0,5471.95,2160.0,-0.0,723.1400000000003,-0.0,0.0,-0.0,-0.0
2021-03-01 23:00:00,-0.0,5357.12,2160.0,-0.0,638.116,-0.0,0.0,-0.0,-0.0
2021-03-02 00:00:00,-0.0,5260.860000000001,2160.0,-0.0,100.695999999999,-0.0,0.0,-0.0,-0.0
2021-03-02 01:00:00,-0.0,5209.07,2160.0,-0.0,1.3100000000004002,-0.0,0.0,-0.0,-0.0
2021-03-02 02:00:00,-0.0,5195.1,2160.0,-0.0,-0.0,-0.0,0.0,88.64200000000073,84.2099000000007
2021-03-02 03:00:00,-0.0,5214.849999999999,2145.7650000000003,-0.0,-0.0,-0.0,0.0,100.0,179.2014790100007
2021-03-02 04:00:00,-0.0,5258.620000000001,2160.0,-0.0,-0.0,-0.0,0.0,43.327000000001135,220.34420886210077
2021-03-02 05:00:00,-0.0,5312.4800000000005,2160.0,-0.0,15.47899999999936,-0.0,100.0,-0.0,115.05901654647774
2021-03-02 06:00:00,-0.0,5360.26,2160.0,-0.0,218.49099999999999,-0.0,100.0,-0.0,9.784352750086256
2021-03-02 07:00:00,120.31880009054797,5385.83,2160.0,-0.0,382.3359943103819,-0.0,9.294205599070686,-0.0,-0.0
2021-03-02 08:00:00,803.6271013557348,5375.42,2015.8508986442644,-0.0,-0.0,-0.0,0.0,-0.0,-0.0
2021-03-02 09:00:00,1653.4521166439838,5319.610000000001,1262.9028833560158,-0.0,-0.0,-0.0,0.0,-0.0,-0.0
2021-03-02 10:00:00,2436.8053578466156,5214.69,570.0227168951501,-0.0,-0.0,-0.0,0.0,21.121074741764055,20.065021004675852
2021-03-02 11:00:00,2981.71176397627,5063.299999999999,181.0012360237297,-0.0,-0.0,-0.0,0.0,100.0,115.06301450257538
2021-03-02 12:00:00,3176.3618626928637,4874.240000000001,101.94013730713596,-0.0,-0.0,-0.0,0.0,100.0,210.05150820112513
2021-03-02 13:00:00,2981.71176397627,4661.35,470.11523602372927,-0.0,-0.0,-0.0,0.0,100.0,305.030503050305
2021-03-02 14:00:00,2436.8053578466156,4441.83,1256.1506421533845,-0.0,-0.0,-0.0,0.0,100.0,400.0
2021-03-02 15:00:00,1653.4521166439838,4233.96,2160.0,-0.0,89.98988335601621,-0.0,0.0,-0.0,399.96
2021-03-02 16:00:00,803.6271013557348,4054.83,2160.0,203.8028986442655,1000.0,-0.0,100.0,-0.0,294.6568461052632
2021-03-02 17:00:00,120.31880009054797,3918.08,2160.0,1253.8901999094528,1000.0,-0.0,100.0,-0.0,189.36422252591586
2021-03-02 18:00:00,-0.0,3832.16,2160.0,1656.9480000000003,1000.0,-0.0,100.0,-0.0,84.08212820892645
2021-03-02 19:00:00,-0.0,3799.3199999999997,2160.0,1788.0189660037008,1000.0,-0.0,79.87003399630028,-0.0,-0.0
2021-03-02 20:00:00,-0.0,3815.33,2160.0,1773.3889999999992,1000.0,-0.0,0.0,-0.0,-0.0
2021-03-02 21:00:00,-0.0,3870.15,2160.0,1520.2749999999992,1000.0,-0.0,0.0,-0.0,-0.0
2021-03-02 22:00:00,-0.0,3949.35,2160.0,1206.4769999999994,1000.0,-0.0,0.0,-0.0,-0.0
2021-03-02 23:00:00,-0.0,4036.04,2160.0,923.4639999999999,1000.0,-0.0,0.0,-0.0,-0.0
2021-03-03 00:00:00,-0.0,4104.23,2160.0,224.96400000000085,1000.0,-0.0,0.0,-0.0,-0.0
2021-03-03 01:00:00,-0.0,4157.179999999999,2160.0,24.408000000000357,1000.0,-0.0,0.0,-0.0,-0.0
2021-03-03 02:00:00,-0.0,4175.26,2160.0,-0.0,905.9899999999998,-0.0,0.0,-0.0,-0.0
2021-03-03 03:00:00,-0.0,4153.46,2160.0,-0.0,925.5439999999999,-0.0,0.0,-0.0,-0.0
2021-03-03 04:00:00,-0.0,4093.0499999999997,2160.0,104.23799999999983,1000.0,-0.0,0.0,-0.0,-0.0
2021-03-03 05:00:00,-0.0,4001.31,2160.0,412.25800000000027,1000.0,-0.0,0.0,-0.0,-0.0
2021-03-03 06:00:00,-0.0,3890.5299999999997,2160.0,777.4450000000006,1000.0,-0.0,0.0,-0.0,-0.0
2021-03-03 07:00:00,116.63658190034757,3776.26,2160.0,997.7214180996525,1000.0,-0.0,0.0,-0.0,-0.0
2021-03-03 08:00:00,709.5974825626175,3675.1699999999996,2160.0,646.5825174373831,1000.0,-0.0,0.0,-0.0,-0.0
2021-03-03 09:00:00,1438.2620478882727,3602.66,2160.0,35.100952111726656,1000.0,-0.0,0.0,-0.0,-0.0
2021-03-03 10:00:00,2107.225169716679,3570.7400000000002,2160.0,-0.0,366.0868302833205,-0.0,0.0,-0.0,-0.0
2021-03-03 11:00:00,2571.6426182299533,3586.26,2075.350381770047,-0.0,-0.0,-0.0,0.0,100.0,95.0
2021-03-03 12:00:00,2737.398134206974,3649.89,1776.0638657930253,-0.0,-0.0,-0.0,0.0,100.0,189.9905
2021-03-03 13:00:00,2571.6426182299533,3755.96,1799.9363817700464,-0.0,-0.0,-0.0,0.0,100.0,284.97150095
2021-03-03 14:00:00,2107.225169716679,3893.04,2152.411830283321,-0.0,-0.0,-0.0,0.0,100.0,379.943003799905
2021-03-03 15:00:00,1438.2620478882727,4045.42,2160.0,-0.0,515.1169521117272,-0.0,0.0,-0.0,379.905009499525
2021-03-03 16:00:00,709.5974825626175,4195.1,2160.0,182.43851743738242,1000.0,-0.0,100.0,-0.0,274.60386110383826
2021-03-03 17:00:00,116.63658190034757,4324.11,2160.0,879.8674180996522,1000.0,-0.0,100.0,-0.0,169.31324282299107
2021-03-03 18:00:00,-0.0,4416.84,2160.0,1104.0079999999998,1000.0,-0.0,100.0,-0.0,64.03315360397194
2021-03-03 19:00:00,-0.0,4462.04,2160.0,1179.4625872258184,1000.0,-0.0,60.82541277418096,-0.0,-0.0
2021-03-03 20:00:00,-0.0,4454.22,2160.0,1172.9589999999998,1000.0,-0.0,0.0,-0.0,-0.0
2021-03-03 21:00:00,-0.0,4394.35,2160.0,1037.833999999999,1000.0,-0.0,0.0,-0.0,-0.0
2021-03-03 22:00:00,-0.0,4289.61,2160.0,911.2310000000007,1000.0,-0.0,0.0,-0.0,-0.0
2021-03-03 23:00:00,-0.0,4152.37,2160.0,855.3550000000005,1000.0,-0.0,0.0,-0.0,-0.0
2021-03-04 00:00:00,-0.0,3989.28,2160.0,391.11400000000003,1000.0,-0.0,0.0,-0.0,-0.0
2021-03-04 01:00:00,-0.0,3835.8599999999997,2160.0,400.03200000000015,1000.0,-0.0,0.0,-0.0,-0.0
2021-03-04 02:00:00,-0.0,3698.96,2160.0,439.6449999999995,1000.0,-0.0,0.0,-0.0,-0.0
2021-03-04 03:00:00,-0.0,3591.4,2160.0,547.9509999999996,1000.0,-0.0,0.0,-0.0,-0.0
2021-03-04 04:00:00,-0.0,3521.0200000000004,2160.0,739.5459999999994,1000.0,-0.0,0.0,-0.0,-0.0
2021-03-04 05:00:00,-0.0,3489.62,2160.0,990.094,1000.0,-0.0,0.0,-0.0,-0.0
2021-03-04 06:00:00,-0.0,3492.7799999999997,2160.0,1244.1450000000004,1000.0,-0.0,0.0,-0.0,-0.0
2021-03-04 07:00:00,109.86006270997879,3520.44,2160.0,1332.0029372900212,1000.0,-0.0,0.0,-0.0,-0.0
2021-03-04 08:00:00,614.3363319714333,3558.4,2160.0,932.9646680285657,1000.0,-0.0,0.0,-0.0,-0.0
2021-03-04 09:00:00,1227.230719676788,3590.2000000000003,2160.0,335.53728032321237,1000.0,-0.0,0.0,-0.0,-0.0
2021-03-04 10:00:00,1787.682894031289,3599.5,2160.0,-0.0,736.3341059687109,-0.0,0.0,-0.0,-0.0
2021-03-04 11:00:00,2176.0114809504225,3572.34,2160.0,-0.0,306.80851904957717,-0.0,0.0,-0.0,-0.0
2021-03-04 12:00:00,2314.493827911959,3499.1499999999996,2160.0,-0.0,173.98017208804094,-0.0,0.0,-0.0,-0.0
2021-03-04 13:00:00,2176.0114809504225,3376.13,2160.0,-0.0,401.9525190495774,-0.0,0.0,-0.0,-0.0
2021-03-04 14:00:00,1787.682894031289,3205.87,2160.0,-0.0,987.8811059687114,-0.0,0.0,-0.0,-0.0
2021-03-04 15:00:00,1227.230719676788,2997.17,2160.0,865.2722803232125,1000.0,-0.0,0.0,-0.0,-0.0
2021-03-04 16:00:00,614.3363319714333,2763.92,2160.0,1901.7836680285673,1000.0,-0.0,0.0,-0.0,-0.0
2021-03-04 17:00:00,109.86006270997879,2523.42,2160.0,2882.1809372900207,1000.0,-0.0,0.0,-0.0,-0.0
2021-03-04 18:00:00,-0.0,2294.11,2160.0,3423.438,1000.0,-0.0,0.0,-0.0,-0.0
2021-03-04 19:00:00,-0.0,2093.27,2160.0,3707.520999999999,1000.0,-0.0,0.0,-0.0,-0.0
2021-03-04 20:00:00,-0.0,1934.7700000000002,2160.0,3792.5419999999995,1000.0,-0.0,0.0,-0.0,-0.0
2021-03-04 21:00:00,-0.0,1827.3500000000001,2160.0,3706.5419999999995,1000.0,-0.0,0.0,-0.0,-0.0
2021-03-04 22:00:00,-0.0,1773.58,2160.0,3530.4490000000005,1000.0,-0.0,0.0,-0.0,-0.0
2021-03-04 23:00:00,-0.0,1769.5900000000001,2160.0,3342.7070000000003,1000.0,-0.0,0.0,-0.0,-0.0
2021-03-05 00:00:00,-0.0,1796.33,2160.0,2689.7470000000003,1000.0,-0.0,0.0,-0.0,-0.0
2021-03-05 01:00:00,-0.0,1858.53,2160.0,2484.232,1000.0,-0.0,0.0,-0.0,-0.0
2021-03-05 02:00:00,-0.0,1930.3600000000001,2160.0,2316.2019999999998,1000.0,-0.0,0.0,-0.0,-0.0
2021-03-05 03:00:00,-0.0,1995.2700000000002,2160.0,2253.0239999999994,1000.0,-0.0,0.0,-0.0,-0.0
2021-03-05 04:00:00,-0.0,2038.9299999999998,2160.0,2331.4650000000006,1000.0,-0.0,0.0,-0.0,-0.0
2021-03-05 05:00:00,-0.0,2051.16,2160.0,2539.165,1000.0,-0.0,0.0,-0.0,-0.0
2021-03-05 06:00:00,-0.0,2027.4,2160.0,2820.8160000000003,1000.0,-0.0,0.0,-0.0,-0.0
2021-03-05 07:00:00,125.88854189085107,1969.34,2160.0,2978.9414581091487,1000.0,-0.0,0.0,-0.0,-0.0
2021-03-05 08:00:00,651.9877865414824,1884.6499999999999,2160.0,2681.402213458519,1000.0,-0.0,0.0,-0.0,-0.0
2021-03-05 09:00:00,1284.2401213038906,1786.0200000000002,2160.0,2195.41387869611,1000.0,-0.0,0.0,-0.0,-0.0
2021-03-05 10:00:00,1860.1638006592334,1689.34,2160.0,1686.9821993407672,1000.0,-0.0,0.0,-0.0,-0.0
2021-03-05 11:00:00,2258.4560367989093,1611.59,2160.0,1298.2409632010908,1000.0,-0.0,0.0,-0.0,-0.0
2021-03-05 12:00:00,2400.3668692686324,1568.46,2160.0,1131.9761307313674,1000.0,-0.0,0.0,-0.0,-0.0
2021-03-05 13:00:00,2258.4560367989093,1572.1699999999998,2160.0,1236.5949632010902,1000.0,-0.0,0.0,-0.0,-0.0
2021-03-05 14:00:00,1860.1638006592334,1629.76,2160.0,1604.4791993407666,1000.0,-0.0,0.0,-0.0,-0.0
2021-03-05 15:00:00,1284.2401213038906,1742.05,2160.0,2176.08887869611,1000.0,-0.0,0.0,-0.0,-0.0
2021-03-05 16:00:00,651.9877865414824,1903.4,2160.0,2836.991213458519,1000.0,-0.0,0.0,-0.0,-0.0
2021-03-05 17:00:00,125.88854189085107,2102.4100000000003,2160.0,3399.0294581091484,1000.0,-0.0,0.0,-0.0,-0.0
2021-03-05 18:00:00,-0.0,2323.3500000000004,2160.0,3505.49,1000.0,-0.0,0.0,-0.0,-0.0
2021-03-05 19:00:00,-0.0,2548.09,2160.0,3363.312,1000.0,-0.0,0.0,-0.0,-0.0
2021-03-05 20:00:00,-0.0,2758.53,2160.0,3078.6109999999994,1000.0,-0.0,0.0,-0.0,-0.0
2021-03-05 21:00:00,-0.0,2938.8199999999997,2160.0,2704.0149999999994,1000.0,-0.0,0.0,-0.0,-0.0
2021-03-05 22:00:00,-0.0,3077.43,2160.0,2334.556000000001,1000.0,-0.0,0.0,-0.0,-0.0
2021-03-05 23:00:00,-0.0,3168.55,2160.0,2050.6169999999993,1000.0,-0.0,0.0,-0.0,-0.0
2021-03-06 00:00:00,-0.0,3203.21,2160.0,952.2290000000003,1000.0,-0.0,0.0,-0.0,-0.0
2021-03-06 01:00:00,-0.0,3207.27,2160.0,803.569,1000.0,-0.0,0.0,-0.0,-0.0
2021-03-06 02:00:00,-0.0,3183.07,2160.0,730.185,1000.0,-0.0,0.0,-0.0,-0.0
2021-03-06 03:00:00,-0.0,3145.9500000000003,2160.0,767.5569999999993,1000.0,-0.0,0.0,-0.0,-0.0
2021-03-06 04:00:00,-0.0,3112.47,2160.0,921.5620000000004,1000.0,-0.0,0.0,-0.0,-0.0
2021-03-06 05:00:00,-0.0,3098.11,2160.0,1154.1829999999995,1000.0,-0.0,0.0,-0.0,-0.0
2021-03-06 06:00:00,-0.0,3115.0899999999997,2160.0,1393.3310000000006,1000.0,-0.0,0.0,-0.0,-0.0
2021-03-06 07:00:00,170.05659436725477,3170.62,2160.0,1391.8454056327455,1000.0,-0.0,0.0,-0.0,-0.0
2021-03-06 08:00:00,821.1532222206887,3265.8900000000003,2160.0,787.4067777793107,1000.0,-0.0,0.0,-0.0,-0.0
2021-03-06 09:00:00,1595.5391791248323,3395.8300000000004,2160.0,-0.0,928.6838208751672,-0.0,0.0,-0.0,-0.0
2021-03-06 10:00:00,2298.267313467076,3549.77,2160.0,-0.0,40.71068653292377,-0.0,0.0,-0.0,-0.0
2021-03-06 11:00:00,2783.3299382534738,3712.87,1582.1480617465263,-0.0,-0.0,-0.0,0.0,100.0,95.0
2021-03-06 12:00:00,2956.0228770728722,3868.08,1184.4771229271278,-0.0,-0.0,-0.0,0.0,100.0,189.9905
2021-03-06 13:00:00,2783.3299382534738,3998.4599999999996,1190.8430617465265,-0.0,-0.0,-0.0,0.0,100.0,284.97150095
2021-03-06 14:00:00,2298.267313467076,4089.52,1609.5856865329238,-0.0,-0.0,-0.0,0.0,100.0,379.943003799905
2021-03-06 15:00:00,1595.5391791248323,4131.139999999999,2160.0,-0.0,116.14982087516796,-0.0,0.0,-0.0,379.905009499525
2021-03-06 16:00:00,821.1532222206886,4119.04,2160.0,-0.0,1000.0,-0.0,90.04177777931113,-0.0,285.0862002835107
2021-03-06 17:00:00,170.05659436725477,4055.38,2160.0,937.0824056327453,1000.0,-0.0,100.0,-0.0,179.79453376874557
2021-03-06 18:00:00,-0.0,3948.56,2160.0,1412.734,1000.0,-0.0,100.0,-0.0,74.51339642063185
2021-03-06 19:00:00,-0.0,3812.13,2160.0,1658.1423521730594,1000.0,-0.0,70.78064782694031,-0.0,-0.0
2021-03-06 20:00:00,-0.0,3663.09,2160.0,1800.8330000000005,1000.0,-0.0,0.0,-0.0,-0.0
2021-03-06 21:00:00,-0.0,3519.6499999999996,2160.0,1747.036,1000.0,-0.0,0.0,-0.0,-0.0
2021-03-06 22:00:00,-0.0,3398.9,2160.0,1633.9459999999995,1000.0,-0.0,0.0,-0.0,-0.0
2021-03-06 23:00:00,-0.0,3314.61,2160.0,1522.3659999999995,1000.0,-0.0,0.0,-0.0,-0.0
2021-03-07 00:00:00,-0.0,3265.75,2160.0,940.3739999999998,1000.0,-0.0,0.0,-0.0,-0.0
2021-03-07 01:00:00,-0.0,3274.2799999999997,2160.0,784.0860000000002,1000.0,-0.0,0.0,-0.0,-0.0
2021-03-07 02:00:00,-0.0,3326.6800000000003,2160.0,630.8949999999995,1000.0,-0.0,0.0,-0.0,-0.0
2021-03-07 03:00:00,-0.0,3413.3999999999996,2160.0,541.1720000000005,1000.0,-0.0,0.0,-0.0,-0.0
2021-03-07 04:00:00,-0.0,3520.56,2160.0,551.2379999999998,1000.0,-0.0,0.0,-0.0,-0.0
2021-03-07 05:00:00,-0.0,3631.9,2160.0,654.8179999999998,1000.0,-0.0,0.0,-0.0,-0.0
2021-03-07 06:00:00,-0.0,3731.14,2160.0,808.3269999999998,1000.0,-0.0,0.0,-0.0,-0.0
2021-03-07 07:00:00,216.27307410576995,3804.21,2160.0,739.6699258942303,1000.0,-0.0,0.0,-0.0,-0.0
2021-03-07 08:00:00,979.2163059112908,3841.28,2160.0,78.13569408870853,1000.0,-0.0,0.0,-0.0,-0.0
2021-03-07 09:00:00,1877.6713557181863,3838.13,2160.0,-0.0,224.9546442818139,-0.0,0.0,-0.0,-0.0
2021-03-07 10:00:00,2689.974877078393,3796.81,1600.2811976633716,-0.0,-0.0,-0.0,0.0,21.121074741764055,20.065021004675852
2021-03-07 11:00:00,3249.6410989788515,3725.4100000000003,1116.963901021148,-0.0,-0.0,-0.0,0.0,100.0,115.06301450257538
2021-03-07 12:00:00,3448.7284253296857,3636.99,932.9775746703144,-0.0,-0.0,-0.0,0.0,100.0,210.05150820112513
2021-03-07 13:00:00,3249.6410989788515,3547.8900000000003,1181.6489010211485,-0.0,-0.0,-0.0,0.0,100.0,305.030503050305
2021-03-07 14:00:00,2689.974877078393,3475.48,1834.8791229216063,-0.0,-0.0,-0.0,0.0,100.0,400.0
2021-03-07 15:00:00,1877.6713557181863,3435.84,2160.0,-0.0,528.6816442818138,-0.0,0.0,-0.0,399.96
2021-03-07 16:00:00,979.2163059112908,3441.6000000000004,2160.0,505.17669408870916,1000.0,-0.0,100.0,-0.0,294.6568461052632
2021-03-07 17:00:00,216.27307410576995,3500.16,2160.0,1438.230925894231,1000.0,-0.0,100.0,-0.0,189.36422252591586
2021-03-07 18:00:00,-0.0,3612.68,2160.0,1737.1440000000007,1000.0,-0.0,100.0,-0.0,84.08212820892645
2021-03-07 19:00:00,-0.0,3773.86,2160.0,1672.2379660037004,1000.0,-0.0,79.87003399630028,-0.0,-0.0
2021-03-07 20:00:00,-0.0,3972.57,2160.0,1472.6550000000002,1000.0,-0.0,0.0,-0.0,-0.0
2021-03-07 21:00:00,-0.0,4193.32,2160.0,1051.062,1000.0,-0.0,0.0,-0.0,-0.0
2021-03-07 22:00:00,-0.0,4418.21,2160.0,588.7340000000004,1000.0,-0.0,0.0,-0.0,-0.0
2021-03-07 23:00:00,-0.0,4629.28,2160.0,178.20899999999983,1000.0,-0.0,0.0,-0.0,-0.0
2021-03-08 00:00:00,-0.0,4800.91,2160.0,-0.0,808.1400000000003,-0.0,0.0,-0.0,-0.0
2021-03-08 01:00:00,-0.0,4941.41,2160.0,-0.0,516.3310000000001,-0.0,0.0,-0.0,-0.0
2021-03-08 02:00:00,-0.0,5035.1,2160.0,-0.0,318.3199999999997,-0.0,0.0,-0.0,-0.0
2021-03-08 03:00:00,-0.0,5082.54,2160.0,-0.0,264.3710000000001,-0.0,0.0,-0.0,-0.0
2021-03-08 04:00:00,-0.0,5090.38,2160.0,-0.0,370.27899999999954,-0.0,0.0,-0.0,-0.0
2021-03-08 05:00:00,-0.0,5070.41,2160.0,-0.0,601.7200000000003,-0.0,0.0,-0.0,-0.0
2021-03-08 06:00:00,-0.0,5037.76,2160.0,-0.0,883.7029999999995,-0.0,0.0,-0.0,-0.0
2021-03-08 07:00:00,243.3048876432411,5008.8,2160.0,-0.0,886.6651123567592,-0.0,0.0,-0.0,-0.0
2021-03-08 08:00:00,1038.094665342495,4998.74,2160.0,-0.0,237.07333465750457,-0.0,0.0,-0.0,-0.0
2021-03-08 09:00:00,1965.2153196149507,5019.49,1488.0276803850497,-0.0,-0.0,-0.0,0.0,-0.0,-0.0
2021-03-08 10:00:00,2800.404291172403,5077.94,556.3237088275969,-0.0,-0.0,-0.0,0.0,-0.0,-0.0
2021-03-08 11:00:00,3374.787008629662,5082.742991370338,-0.0,-0.0,-0.0,-0.0,0.0,100.0,95.0
2021-03-08 12:00:00,3578.9489886207725,4802.105011379228,-0.0,-0.0,-0.0,-0.0,0.0,100.0,189.9905
2021-03-08 13:00:00,3374.787008629662,4963.645991370338,-0.0,-0.0,-0.0,-0.0,0.0,100.0,284.97150095
2021-03-08 14:00:00,2800.404291172403,5556.1327088275975,-0.0,-0.0,-0.0,-0.0,0.0,100.0,379.943003799905
2021-03-08 15:00:00,1965.2153196149507,5763.93,626.2596803850497,-0.0,-0.0,-0.0,0.0,-0.0,379.905009499525
2021-03-08 16:00:00,1038.094665342495,5883.98,1635.3909462379518,-0.0,-0.0,-0.0,0.0,21.192611580447288,400.0
2021-03-08 17:00:00,243.3048876432411,5961.05,2160.0,-0.0,297.72011235675944,-0.0,100.0,-0.0,294.69684210526316
2021-03-08 18:00:00,-0.0,5984.650000000001,2160.0,-0.0,730.098165281932,-0.0,79.68383471806817,-0.0,210.7896516651914
2021-03-08 19:00:00,-0.0,5950.11,2160.0,-0.0,917.7300000000005,-0.0,0.0,-0.0,210.7685727000249
2021-03-08 20:00:00,-0.0,5859.25,2160.0,-0.0,925.1810000000005,-0.0,0.0,-0.0,210.7474958427549
2021-03-08 21:00:00,-0.0,5720.13,2160.0,-0.0,860.8640000000005,-0.0,0.0,-0.0,210.72642109317061
2021-03-08 22:00:00,-0.0,5546.04,2160.0,-0.0,794.9970000000003,-0.0,0.0,-0.0,210.7053484510613
2021-03-08 23:00:00,-0.0,5353.73,2160.0,-0.0,785.4099999999999,-0.0,0.0,-0.0,210.6842779162162
2021-03-09 00:00:00,-0.0,5151.15,2160.0,-0.0,350.8770000000004,-0.0,0.0,-0.0,210.66320948842457
2021-03-09 01:00:00,-0.0,4975.35,2160.0,-0.0,373.08399999999983,-0.0,0.0,-0.0,210.64214316747572
2021-03-09 02:00:00,-0.0,4829.94,2160.0,-0.0,411.97100000000046,-0.0,0.0,-0.0,210.62107895315899
2021-03-09 03:00:00,-0.0,4723.56,2160.0,-0.0,509.72599999999966,-0.0,0.0,-0.0,210.60001684526367
2021-03-09 04:00:00,-0.0,4658.7699999999995,2160.0,-0.0,686.2320000000009,-0.0,0.0,-0.0,210.57895684357914
2021-03-09 05:00:00,-0.0,4631.83,2160.0,-0.0,922.701,-0.0,0.0,-0.0,210.55789894789478
2021-03-09 06:00:00,-0.0,4633.3099999999995,2160.0,68.70100000000093,1000.0,-0.0,100.0,-0.0,105.27368526326316
2021-03-09 07:00:00,264.6431873404024,4649.51,2160.0,3.401812659597681,1000.0,-0.0,100.0,-0.0,-0.0
2021-03-09 08:00:00,1068.7839426621651,4664.4400000000005,2160.0,-0.0,417.8000573378338,-0.0,0.0,-0.0,-0.0
2021-03-09 09:00:00,1998.3243403167526,4662.09,1687.8596596832467,-0.0,-0.0,-0.0,0.0,-0.0,-0.0
2021-03-09 10:00:00,2832.7335480221623,4628.7699999999995,868.3455267196018,-0.0,-0.0,-0.0,0.0,21.121074741764055,20.065021004675852
2021-03-09 11:00:00,3405.550549173336,4555.03,369.6254508266643,-0.0,-0.0,-0.0,0.0,100.0,115.06301450257538
2021-03-09 12:00:00,3608.9884627304077,4437.110000000001,206.3455372695912,-0.0,-0.0,-0.0,0.0,100.0,210.05150820112513
2021-03-09 13:00:00,3405.550549173336,4277.56,525.5254508266639,-0.0,-0.0,-0.0,0.0,100.0,305.030503050305
2021-03-09 14:00:00,2832.7335480221623,4084.9800000000005,1307.9394519778375,-0.0,-0.0,-0.0,0.0,100.0,400.0
2021-03-09 15:00:00,1998.3243403167526,3873.01,2160.0,-0.0,192.19965968324686,-0.0,0.0,-0.0,399.96
2021-03-09 16:00:00,1068.7839426621651,3658.56,2160.0,416.17305733783473,1000.0,-0.0,100.0,-0.0,294.6568461052632
2021-03-09 17:00:00,264.6431873404024,3459.61,2160.0,1644.283812659598,1000.0,-0.0,100.0,-0.0,189.36422252591586
2021-03-09 18:00:00,-0.0,3292.88,2160.0,2267.334,1000.0,-0.0,100.0,-0.0,84.08212820892645
2021-03-09 19:00:00,-0.0,3171.62,2160.0,2481.5559660037,1000.0,-0.0,79.87003399630028,-0.0,-0.0
2021-03-09 20:00:00,-0.0,3103.8700000000003,2160.0,2545.2950000000005,1000.0,-0.0,0.0,-0.0,-0.0
2021-03-09 21:00:00,-0.0,3091.4,2160.0,2353.9610000000007,1000.0,-0.0,0.0,-0.0,-0.0
2021-03-09 22:00:00,-0.0,3129.54,2160.0,2075.6009999999997,1000.0,-0.0,0.0,-0.0,-0.0
2021-03-09 23:00:00,-0.0,3207.77,2160.0,1795.3160000000003,1000.0,-0.0,0.0,-0.0,-0.0
2021-03-10 00:00:00,-0.0,3300.9500000000003,2160.0,1064.8119999999994,1000.0,-0.0,0.0,-0.0,-0.0
2021-03-10 01:00:00,-0.0,3412.13,2160.0,800.0919999999996,1000.0,-0.0,0.0,-0.0,-0.0
2021-03-10 02:00:00,-0.0,3513.67,2160.0,592.1869999999999,1000.0,-0.0,0.0,-0.0,-0.0
2021-03-10 03:00:00,-0.0,3590.3,2160.0,507.1939999999995,1000.0,-0.0,0.0,-0.0,-0.0
2021-03-10 04:00:00,-0.0,3630.9900000000002,2160.0,578.5880000000002,1000.0,-0.0,0.0,-0.0,-0.0
2021-03-10 05:00:00,-0.0,3630.32,2160.0,789.2589999999996,1000.0,-0.0,0.0,-0.0,-0.0
2021-03-10 06:00:00,-0.0,3589.1400000000003,2160.0,1078.495,1000.0,-0.0,0.0,-0.0,-0.0
2021-03-10 07:00:00,301.12499613238776,3514.4199999999996,2160.0,1068.3140038676129,1000.0,-0.0,0.0,-0.0,-0.0
2021-03-10 08:00:00,1155.6285945328914,3418.12,2160.0,444.3614054671084,1000.0,-0.0,0.0,-0.0,-0.0
2021-03-10 09:00:00,2134.80776883218,3315.5600000000004,2160.0,-0.0,605.8772311678204,-0.0,0.0,-0.0,-0.0
2021-03-10 10:00:00,3010.73630735785,3223.16,1964.9107673839144,-0.0,-0.0,-0.0,0.0,21.121074741764055,20.065021004675852
2021-03-10 11:00:00,3610.9935697785168,3156.2000000000003,1433.0574302214827,-0.0,-0.0,-0.0,0.0,100.0,115.06301450257538
2021-03-10 12:00:00,3824.0114392321098,3126.55,1173.1145607678905,-0.0,-0.0,-0.0,0.0,100.0,210.05150820112513
2021-03-10 13:00:00,3610.9935697785168,3141.04,1329.1204302214837,-0.0,-0.0,-0.0,0.0,100.0,305.030503050305
2021-03-10 14:00:00,3010.73630735785,3200.33,1888.4886926421505,-0.0,-0.0,-0.0,0.0,100.0,400.0
2021-03-10 15:00:00,2134.80776883218,3298.81,2160.0,-0.0,505.2982311678202,-0.0,0.0,-0.0,399.96
2021-03-10 16:00:00,1155.6285945328914,3425.18,2160.0,439.66640546710914,1000.0,-0.0,100.0,-0.0,294.6568461052632
2021-03-10 17:00:00,301.12499613238776,3563.8900000000003,2160.0,1382.1490038676125,1000.0,-0.0,100.0,-0.0,189.36422252591586
2021-03-10 18:00:00,-0.0,3697.18,2160.0,1743.4229999999993,1000.0,-0.0,100.0,-0.0,84.08212820892645
2021-03-10 19:00:00,-0.0,3807.34,2160.0,1728.0789660037003,1000.0,-0.0,79.87003399630028,-0.0,-0.0
2021-03-10 20:00:00,-0.0,3879.08,2160.0,1654.2710000000006,1000.0,-0.0,0.0,-0.0,-0.0
2021-03-10 21:00:00,-0.0,3901.4900000000002,2160.0,1430.086999999999,1000.0,-0.0,0.0,-0.0,-0.0
2021-03-10 22:00:00,-0.0,3869.5,2160.0,1223.9740000000002,1000.0,-0.0,0.0,-0.0,-0.0
2021-03-10 23:00:00,-0.0,3784.48,2160.0,1109.1399999999999,1000.0,-0.0,0.0,-0.0,-0.0
2021-03-11 00:00:00,-0.0,3643.71,2160.0,614.7150000000001,1000.0,-0.0,0.0,-0.0,-0.0
2021-03-11 01:00:00,-0.0,3480.7599999999998,2160.0,626.489,1000.0,-0.0,0.0,-0.0,-0.0
2021-03-11 02:00:00,-0.0,3301.58,2160.0,701.7470000000003,1000.0,-0.0,0.0,-0.0,-0.0
2021-03-11 03:00:00,-0.0,3123.79,2160.0,873.6940000000004,1000.0,-0.0,0.0,-0.0,-0.0
2021-03-11 04:00:00,-0.0,2963.92,2160.0,1148.2420000000002,1000.0,-0.0,0.0,-0.0,-0.0
2021-03-11 05:00:00,-0.0,2835.26,2160.0,1489.5680000000002,1000.0,-0.0,0.0,-0.0,-0.0
2021-03-11 06:00:00,-0.0,2746.13,2160.0,1829.4899999999998,1000.0,-0.0,0.0,-0.0,-0.0
2021-03-11 07:00:00,336.3133871063028,2698.77,2160.0,1759.5646128936974,1000.0,-0.0,0.0,-0.0,-0.0
2021-03-11 08:00:00,1230.739657010979,2689.18,2160.0,1011.847342989021,1000.0,-0.0,0.0,-0.0,-0.0
2021-03-11 09:00:00,2247.1370837402933,2707.7000000000003,2160.0,17.996916259706268,1000.0,-0.0,0.0,-0.0,-0.0
2021-03-11 10:00:00,3153.2783772316075,2740.46,2160.0,-0.0,43.52762276839212,-0.0,0.0,-0.0,-0.0
2021-03-11 11:00:00,3773.1720737993433,2771.3199999999997,1578.3899262006566,-0.0,-0.0,-0.0,0.0,100.0,95.0
2021-03-11 12:00:00,3992.991216851306,2784.2099999999996,1272.209783148695,-0.0,-0.0,-0.0,0.0,100.0,189.9905
2021-03-11 13:00:00,3773.1720737993433,2765.38,1471.493926200657,-0.0,-0.0,-0.0,0.0,100.0,284.97150095
2021-03-11 14:00:00,3153.2783772316075,2705.42,2160.0,-0.0,-0.0,-0.0,0.0,87.04337723160779,367.6342121699324
2021-03-11 15:00:00,2247.1370837402933,2600.6200000000003,2160.0,-0.0,1000.0,-0.0,26.513916259706093,-0.0,339.68806321218267
2021-03-11 16:00:00,1230.739657010979,2453.63,2160.0,1274.7593429890217,1000.0,-0.0,100.0,-0.0,234.3909365111246
2021-03-11 17:00:00,336.3133871063028,2273.24,2160.0,2579.604612893697,1000.0,-0.0,100.0,-0.0,129.10433952273667
2021-03-11 18:00:00,-0.0,2073.26,2160.0,3312.7170000000006,1000.0,-0.0,100.0,-0.0,23.82827119404756
2021-03-11 19:00:00,-0.0,1870.8700000000001,2160.0,3670.573406051418,1000.0,-0.0,22.63459394858175,-0.0,-0.0
2021-03-11 20:00:00,-0.0,1684.31,2160.0,3801.2780000000002,1000.0,-0.0,0.0,-0.0,-0.0
2021-03-11 21:00:00,-0.0,1530.63,2160.0,3756.6639999999998,1000.0,-0.0,0.0,-0.0,-0.0
2021-03-11 22:00:00,-0.0,1423.3899999999999,2160.0,3629.3060000000005,1000.0,-0.0,0.0,-0.0,-0.0
2021-03-11 23:00:00,-0.0,1371.01,2160.0,3485.3629999999994,1000.0,-0.0,0.0,-0.0,-0.0
2021-03-12 00:00:00,-0.0,1365.12,2160.0,2859.4580000000005,1000.0,-0.0,0.0,-0.0,-0.0
2021-03-12 01:00:00,-0.0,1422.47,2160.0,2654.5019999999995,1000.0,-0.0,0.0,-0.0,-0.0
2021-03-12 02:00:00,-0.0,1522.4099999999999,2160.0,2454.2250000000004,1000.0,-0.0,0.0,-0.0,-0.0
2021-03-12 03:00:00,-0.0,1650.4099999999999,2160.0,2323.9790000000003,1000.0,-0.0,0.0,-0.0,-0.0
2021-03-12 04:00:00,-0.0,1789.49,2160.0,2303.183,1000.0,-0.0,0.0,-0.0,-0.0
2021-03-12 05:00:00,-0.0,1922.5600000000002,2160.0,2386.392,1000.0,-0.0,0.0,-0.0,-0.0
2021-03-12 06:00:00,-0.0,2034.7399999999998,2160.0,2528.6190000000006,1000.0,-0.0,0.0,-0.0,-0.0
2021-03-12 07:00:00,331.6224267900475,2115.3,2160.0,2339.0795732099527,1000.0,-0.0,0.0,-0.0,-0.0
2021-03-12 08:00:00,1160.8827176311772,2159.13,2160.0,1606.7212823688233,1000.0,-0.0,0.0,-0.0,-0.0
2021-03-12 09:00:00,2095.6958041900516,2167.33,2160.0,708.3811958099486,1000.0,-0.0,0.0,-0.0,-0.0
2021-03-12 10:00:00,2926.3423418792568,2147.09,2160.0,-0.0,866.004658120743,-0.0,0.0,-0.0,-0.0
2021-03-12 11:00:00,3493.614355638129,2110.5499999999997,2160.0,-0.0,264.47264436187106,-0.0,0.0,-0.0,-0.0
2021-03-12 12:00:00,3694.6263372110684,2073.13,2160.0,-0.0,30.979662788931364,-0.0,0.0,-0.0,-0.0
2021-03-12 13:00:00,3493.614355638129,2051.36,2160.0,-0.0,217.94864436187072,-0.0,0.0,-0.0,-0.0
2021-03-12 14:00:00,2926.3423418792568,2060.51,2160.0,-0.0,801.2096581207429,-0.0,0.0,-0.0,-0.0
2021-03-12 15:00:00,2095.6958041900516,2112.44,2160.0,686.0481958099485,1000.0,-0.0,0.0,-0.0,-0.0
2021-03-12 16:00:00,1160.8827176311772,2213.85,2160.0,1707.787282368823,1000.0,-0.0,0.0,-0.0,-0.0
2021-03-12 17:00:00,331.6224267900475,2365.29,2160.0,2619.0865732099523,1000.0,-0.0,0.0,-0.0,-0.0
2021-03-12 18:00:00,-0.0,2560.92,2160.0,2955.313,1000.0,-0.0,0.0,-0.0,-0.0
2021-03-12 19:00:00,-0.0,2789.17,2160.0,2808.5429999999997,1000.0,-0.0,0.0,-0.0,-0.0
2021-03-12 20:00:00,-0.0,3034.19,2160.0,2488.3740000000003,1000.0,-0.0,0.0,-0.0,-0.0
2021-03-12 21:00:00,-0.0,3277.83,2160.0,2049.7379999999994,1000.0,-0.0,0.0,-0.0,-0.0
2021-03-12 22:00:00,-0.0,3501.99,2160.0,1594.2350000000006,1000.0,-0.0,0.0,-0.0,-0.0
2021-03-12 23:00:00,-0.0,3690.8999999999996,2160.0,1212.2090000000007,1000.0,-0.0,0.0,-0.0,-0.0
2021-03-13 00:00:00,-0.0,3822.4799999999996,2160.0,15.696000000000822,1000.0,-0.0,0.0,-0.0,-0.0
2021-03-13 01:00:00,-0.0,3912.4700000000003,2160.0,-0.0,781.2049999999999,-0.0,0.0,-0.0,-0.0
2021-03-13 02:00:00,-0.0,3951.0,2160.0,-0.0,645.3879999999999,-0.0,0.0,-0.0,-0.0
2021-03-13 03:00:00,-0.0,3945.11,2160.0,-0.0,652.0229999999997,-0.0,0.0,-0.0,-0.0
2021-03-13 04:00:00,-0.0,3907.05,2160.0,-0.0,811.299,-0.0,0.0,-0.0,-0.0
2021-03-13 05:00:00,-0.0,3852.5,2160.0,84.9970000000003,1000.0,-0.0,0.0,-0.0,-0.0
2021-03-13 06:00:00,-0.0,3798.45,2160.0,396.2570000000005,1000.0,-0.0,0.0,-0.0,-0.0
2021-03-13 07:00:00,288.2465153696869,3760.81,2160.0,371.0294846303134,1000.0,-0.0,0.0,-0.0,-0.0
2021-03-13 08:00:00,967.9716160766787,3752.2499999999995,2160.0,-0.0,843.2623839233221,-0.0,0.0,-0.0,-0.0
2021-03-13 09:00:00,1728.3156350420581,3780.48,2160.0,-0.0,101.95536495794204,-0.0,0.0,-0.0,-0.0
2021-03-13 10:00:00,2401.7469275147073,3847.16,1492.393072485293,-0.0,-0.0,-0.0,0.0,-0.0,-0.0
2021-03-13 11:00:00,2860.8916871236947,3947.7200000000003,885.4523876180697,-0.0,-0.0,-0.0,0.0,21.121074741764055,20.065021004675852
2021-03-13 12:00:00,3023.4600730705424,4071.99,609.9559269294577,-0.0,-0.0,-0.0,0.0,100.0,115.06301450257538
2021-03-13 13:00:00,2860.8916871236947,4205.59,605.3953128763055,-0.0,-0.0,-0.0,0.0,100.0,210.05150820112513
2021-03-13 14:00:00,2401.7469275147073,4331.95,965.5200724852925,-0.0,-0.0,-0.0,0.0,100.0,305.030503050305
2021-03-13 15:00:00,1728.3156350420581,4434.58,1644.560364957942,-0.0,-0.0,-0.0,0.0,100.0,400.0
2021-03-13 16:00:00,967.9716160766787,4499.4,2160.0,-0.0,270.45138392332194,-0.0,0.0,-0.0,399.96
2021-03-13 17:00:00,288.2465153696869,4516.68,2160.0,68.31748463031249,1000.0,-0.0,100.0,-0.0,294.6568461052632
2021-03-13 18:00:00,-0.0,4482.49,2160.0,592.8410000000003,1000.0,-0.0,100.0,-0.0,189.36422252591586
2021-03-13 19:00:00,-0.0,4399.3,2160.0,759.2740000000003,1000.0,-0.0,100.0,-0.0,84.08212820892645
2021-03-13 20:00:00,-0.0,4275.75,2160.0,829.4739660036989,1000.0,-0.0,79.87003399630028,-0.0,-0.0
2021-03-13 21:00:00,-0.0,4125.63,2160.0,866.0439999999999,1000.0,-0.0,0.0,-0.0,-0.0
2021-03-13 22:00:00,-0.0,3966.0699999999997,2160.0,795.7420000000002,1000.0,-0.0,0.0,-0.0,-0.0
2021-03-13 23:00:00,-0.0,3815.3900000000003,2160.0,754.6889999999994,1000.0,-0.0,0.0,-0.0,-0.0
2021-03-14 00:00:00,-0.0,3679.9300000000003,2160.0,262.5069999999996,1000.0,-0.0,0.0,-0.0,-0.0
2021-03-14 01:00:00,-0.0,3595.06,2160.0,204.06299999999965,1000.0,-0.0,0.0,-0.0,-0.0
2021-03-14 02:00:00,-0.0,3558.58,2160.0,144.34299999999985,1000.0,-0.0,0.0,-0.0,-0.0
2021-03-14 03:00:00,-0.0,3572.92,2160.0,131.73499999999967,1000.0,-0.0,0.0,-0.0,-0.0
2021-03-14 04:00:00,-0.0,3634.1,2160.0,192.6560000000004,1000.0,-0.0,0.0,-0.0,-0.0
2021-03-14 05:00:00,-0.0,3732.34,2160.0,314.34599999999955,1000.0,-0.0,0.0,-0.0,-0.0
2021-03-14 06:00:00,-0.0,3853.47,2160.0,451.1060000000002,1000.0,-0.0,0.0,-0.0,-0.0
2021-03-14 07:00:00,259.66136273013126,3980.95,2160.0,289.9196372698689,1000.0,-0.0,0.0,-0.0,-0.0
2021-03-14 08:00:00,838.6236456676394,4098.12,2160.0,-0.0,737.6573543323606,-0.0,0.0,-0.0,-0.0
2021-03-14 09:00:00,1481.464678452624,4190.5199999999995,2160.0,-0.0,50.05032154737637,-0.0,0.0,-0.0,-0.0
2021-03-14 10:00:00,2049.0213679035114,4247.9,1577.0467068382532,-0.0,-0.0,-0.0,0.0,21.121074741764055,20.065021004675852
2021-03-14 11:00:00,2435.3386591725352,4265.610000000001,1183.6993408274643,-0.0,-0.0,-0.0,0.0,100.0,115.06301450257538
2021-03-14 12:00:00,2572.026311553974,4245.21,999.9276884460255,-0.0,-0.0,-0.0,0.0,100.0,210.05150820112513
2021-03-14 13:00:00,2435.3386591725352,4194.34,1153.903340827465,-0.0,-0.0,-0.0,0.0,100.0,305.030503050305
2021-03-14 14:00:00,2049.0213679035114,4125.58,1636.1626320964888,-0.0,-0.0,-0.0,0.0,100.0,400.0
2021-03-14 15:00:00,1481.464678452624,4054.77,2160.0,-0.0,122.50532154737584,-0.0,0.0,-0.0,399.96
2021-03-14 16:00:00,838.6236456676394,3998.82,2160.0,-0.0,1000.0,-0.0,11.296354332360238,-0.0,388.0291047027787
2021-03-14 17:00:00,259.66136273013126,3973.38,2160.0,750.6476372698689,1000.0,-0.0,100.0,-0.0,282.7271438975716
2021-03-14 18:00:00,-0.0,3990.6000000000004,2160.0,1194.6000000000004,1000.0,-0.0,100.0,-0.0,177.43571328844502
2021-03-14 19:00:00,-0.0,4057.5099999999998,2160.0,1210.253000000001,1000.0,-0.0,100.0,-0.0,72.15481182237933
2021-03-14 20:00:00,-0.0,4174.88,2160.0,1050.080783475863,1000.0,-0.0,68.54021652413724,-0.0,-0.0
2021-03-14 21:00:00,-0.0,4337.0599999999995,2160.0,762.1360000000004,1000.0,-0.0,0.0,-0.0,-0.0
2021-03-14 22:00:00,-0.0,4532.65,2160.0,335.6970000000001,1000.0,-0.0,0.0,-0.0,-0.0
2021-03-14 23:00:00,-0.0,4745.889999999999,2160.0,-0.0,929.6370000000006,-0.0,0.0,-0.0,-0.0
2021-03-15 00:00:00,-0.0,4947.7300000000005,2160.0,-0.0,534.9759999999997,-0.0,0.0,-0.0,-0.0
2021-03-15 01:00:00,-0.0,5141.9800000000005,2160.0,-0.0,196.1259999999993,-0.0,0.0,-0.0,-0.0
2021-03-15 02:00:00,-0.0,5301.88,2160.0,-0.0,-0.0,-0.0,0.0,61.358000000000175,58.290100000000166
2021-03-15 03:00:00,-0.0,5415.910000000001,2084.8639999999996,-0.0,-0.0,-0.0,0.0,100.0,153.28427099000015
2021-03-15 04:00:00,-0.0,5478.32,2142.9790000000003,-0.0,-0.0,-0.0,0.0,100.0,248.26894256290115
2021-03-15 05:00:00,-0.0,5489.75,2160.0,-0.0,-0.0,-0.0,89.8100000000004,-0.0,153.7072735633813
2021-03-15 06:00:00,-0.0,5456.990000000001,2160.0,-0.0,278.6979999999994,-0.0,100.0,-0.0,48.428744941288144
2021-03-15 07:00:00,284.63856040349054,5392.04,2160.0,-0.0,337.10773263305583,-0.0,46.002706963454315,-0.0,-0.0
2021-03-15 08:00:00,886.207806448229,5310.29,2160.0,-0.0,5.219193551771582,-0.0,0.0,-0.0,-0.0
2021-03-15 09:00:00,1549.3783968043201,5228.4,1629.54160319568,-0.0,-0.0,-0.0,0.0,-0.0,-0.0
2021-03-15 10:00:00,2133.0749602720857,5161.9400000000005,1081.0000397279132,-0.0,-0.0,-0.0,0.0,-0.0,-0.0
2021-03-15 11:00:00,2529.739594085673,5123.23,673.7664806560915,-0.0,-0.0,-0.0,0.0,21.121074741764055,20.065021004675852
2021-03-15 12:00:00,2669.985692617305,5119.599999999999,546.2613073826951,-0.0,-0.0,-0.0,0.0,100.0,115.06301450257538
2021-03-15 13:00:00,2529.739594085673,5152.34,617.8214059143265,-0.0,-0.0,-0.0,0.0,100.0,210.05150820112513
2021-03-15 14:00:00,2133.0749602720857,5216.509999999999,975.0550397279144,-0.0,-0.0,-0.0,0.0,100.0,305.030503050305
2021-03-15 15:00:00,1549.3783968043201,5301.57,1579.14860319568,-0.0,-0.0,-0.0,0.0,100.0,400.0
2021-03-15 16:00:00,886.207806448229,5392.8,2160.0,-0.0,78.49419355177122,-0.0,0.0,-0.0,399.96
2021-03-15 17:00:00,284.63856040349054,5473.29,2160.0,-0.0,831.8574395965095,-0.0,0.0,-0.0,399.920004
2021-03-15 18:00:00,-0.0,5526.2699999999995,2160.0,162.29100000000017,1000.0,-0.0,100.0,-0.0,294.6168541048632
2021-03-15 19:00:00,-0.0,5537.349999999999,2160.0,230.97100000000046,1000.0,-0.0,100.0,-0.0,189.3242345247159
2021-03-15 20:00:00,-0.0,5496.58,2160.0,194.61000000000058,1000.0,-0.0,100.0,-0.0,84.0421442065266
2021-03-15 21:00:00,-0.0,5399.83,2160.0,114.29094700749897,1000.0,-0.0,79.83205299250066,-0.0,-0.0
2021-03-15 22:00:00,-0.0,5249.42,2160.0,110.6929999999993,1000.0,-0.0,0.0,-0.0,-0.0
2021-03-15 23:00:00,-0.0,5053.889999999999,2160.0,110.35300000000097,1000.0,-0.0,0.0,-0.0,-0.0
2021-03-16 00:00:00,-0.0,4815.860000000001,2160.0,-0.0,716.1729999999998,-0.0,0.0,-0.0,-0.0
2021-03-16 01:00:00,-0.0,4574.67,2160.0,-0.0,809.6049999999996,-0.0,0.0,-0.0,-0.0
2021-03-16 02:00:00,-0.0,4337.62,2160.0,-0.0,945.8640000000005,-0.0,0.0,-0.0,-0.0
2021-03-16 03:00:00,-0.0,4121.929999999999,2160.0,158.55100000000039,1000.0,-0.0,0.0,-0.0,-0.0
2021-03-16 04:00:00,-0.0,3941.54,2160.0,456.16700000000037,1000.0,-0.0,0.0,-0.0,-0.0
2021-03-16 05:00:00,-0.0,3805.2799999999997,2160.0,807.3470000000007,1000.0,-0.0,0.0,-0.0,-0.0
2021-03-16 06:00:00,-0.0,3715.85,2160.0,1149.5260000000003,1000.0,-0.0,0.0,-0.0,-0.0
2021-03-16 07:00:00,336.8765498883334,3669.6,2160.0,1079.5854501116664,1000.0,-0.0,0.0,-0.0,-0.0
2021-03-16 08:00:00,1013.2288625051418,3657.14,2160.0,554.1721374948575,1000.0,-0.0,0.0,-0.0,-0.0
2021-03-16 09:00:00,1753.7322234574413,3664.7200000000003,2160.0,-0.0,848.2127765425594,-0.0,0.0,-0.0,-0.0
2021-03-16 10:00:00,2403.510679084803,3676.25,2160.0,-0.0,152.09432091519648,-0.0,0.0,-0.0,-0.0
2021-03-16 11:00:00,2844.386685588797,3675.61,1897.9273144112035,-0.0,-0.0,-0.0,0.0,100.0,95.0
2021-03-16 12:00:00,3000.153797937274,3648.8599999999997,1695.591202062726,-0.0,-0.0,-0.0,0.0,100.0,189.9905
2021-03-16 13:00:00,2844.386685588797,3586.32,1874.3823144112034,-0.0,-0.0,-0.0,0.0,100.0,284.97150095
2021-03-16 14:00:00,2403.510679084803,3483.9199999999996,2160.0,-0.0,178.8123209151977,-0.0,0.0,-0.0,284.943003799905
2021-03-16 15:00:00,1753.7322234574413,3343.86,2160.0,-0.0,1000.0,-0.0,70.51077654255778,-0.0,210.69263945472738
2021-03-16 16:00:00,1013.2288625051418,3174.36,2160.0,1064.313137494858,1000.0,-0.0,100.0,-0.0,105.40841229604509
2021-03-16 17:00:00,336.8765498883334,2988.63,2160.0,2155.0664501116667,1000.0,-0.0,100.0,-0.0,0.13471356007865154
2021-03-16 18:00:00,-0.0,2803.1299999999997,2160.0,2972.475034915714,1000.0,-0.0,0.1279650842865115,-0.0,-0.0
2021-03-16 19:00:00,-0.0,2635.3700000000003,2160.0,3216.5069999999996,1000.0,-0.0,0.0,-0.0,-0.0
2021-03-16 20:00:00,-0.0,2501.59,2160.0,3269.544,1000.0,-0.0,0.0,-0.0,-0.0
2021-03-16 21:00:00,-0.0,2414.52,2160.0,3155.770999999999,1000.0,-0.0,0.0,-0.0,-0.0
2021-03-16 22:00:00,-0.0,2381.71,2160.0,2951.142999999999,1000.0,-0.0,0.0,-0.0,-0.0
2021-03-16 23:00:00,-0.0,2404.44,2160.0,2728.9589999999994,1000.0,-0.0,0.0,-0.0,-0.0
2021-03-17 00:00:00,-0.0,2466.29,2160.0,2031.196,1000.0,-0.0,0.0,-0.0,-0.0
2021-03-17 01:00:00,-0.0,2578.7700000000004,2160.0,1767.4069999999992,1000.0,-0.0,0.0,-0.0,-0.0
2021-03-17 02:00:00,-0.0,2715.24,2160.0,1526.6149999999998,1000.0,-0.0,0.0,-0.0,-0.0
2021-03-17 03:00:00,-0.0,2857.9300000000003,2160.0,1377.4169999999995,1000.0,-0.0,0.0,-0.0,-0.0
2021-03-17 04:00:00,-0.0,2989.0099999999998,2160.0,1360.0840000000003,1000.0,-0.0,0.0,-0.0,-0.0
2021-03-17 05:00:00,-0.0,3092.86,2160.0,1467.7059999999997,1000.0,-0.0,0.0,-0.0,-0.0
2021-03-17 06:00:00,-0.0,3158.14,2160.0,1651.7590000000005,1000.0,-0.0,0.0,-0.0,-0.0
2021-03-17 07:00:00,371.39657184621205,3179.18,2160.0,1476.6284281537883,1000.0,-0.0,0.0,-0.0,-0.0
2021-03-17 08:00:00,1081.2415984888432,3156.63,2160.0,924.4724015111558,1000.0,-0.0,0.0,-0.0,-0.0
2021-03-17 09:00:00,1853.269698030858,3097.28,2160.0,250.6193019691416,1000.0,-0.0,0.0,-0.0,-0.0
2021-03-17 10:00:00,2528.7060975516165,3013.0099999999998,2160.0,-0.0,621.3879024483831,-0.0,0.0,-0.0,-0.0
2021-03-17 11:00:00,2986.2727636505183,2919.07,2160.0,-0.0,180.62323634948189,-0.0,0.0,-0.0,-0.0
2021-03-17 12:00:00,3147.8262188693107,2831.93,2160.0,-0.0,29.73278113068909,-0.0,0.0,-0.0,-0.0
2021-03-17 13:00:00,2986.2727636505183,2766.9,2160.0,-0.0,213.695236349482,-0.0,0.0,-0.0,-0.0
2021-03-17 14:00:00,2528.7060975516165,2736.0,2160.0,-0.0,720.2669024483835,-0.0,0.0,-0.0,-0.0
2021-03-17 15:00:00,1853.269698030858,2746.21,2160.0,484.36130196914223,1000.0,-0.0,0.0,-0.0,-0.0
2021-03-17 16:00:00,1081.2415984888432,2798.4399999999996,2160.0,1385.0274015111581,1000.0,-0.0,0.0,-0.0,-0.0
2021-03-17 17:00:00,371.39657184621205,2887.3399999999997,2160.0,2231.774428153789,1000.0,-0.0,0.0,-0.0,-0.0
2021-03-17 18:00:00,-0.0,3001.93,2160.0,2680.9380000000006,1000.0,-0.0,0.0,-0.0,-0.0
2021-03-17 19:00:00,-0.0,3127.02,2160.0,2629.256,1000.0,-0.0,0.0,-0.0,-0.0
2021-03-17 20:00:00,-0.0,3245.22,2160.0,2427.6470000000004,1000.0,-0.0,0.0,-0.0,-0.0
2021-03-17 21:00:00,-0.0,3339.26,2160.0,2130.17,1000.0,-0.0,0.0,-0.0,-0.0
2021-03-17 22:00:00,-0.0,3394.29,2160.0,1835.183,1000.0,-0.0,0.0,-0.0,-0.0
2021-03-17 23:00:00,-0.0,3399.86,2160.0,1627.716,1000.0,-0.0,0.0,-0.0,-0.0
2021-03-18 00:00:00,-0.0,3339.97,2160.0,1049.2000000000003,1000.0,-0.0,0.0,-0.0,-0.0
2021-03-18 01:00:00,-0.0,3239.25,2160.0,996.3270000000002,1000.0,-0.0,0.0,-0.0,-0.0
2021-03-18 02:00:00,-0.0,3094.42,2160.0,1034.6350000000002,1000.0,-0.0,0.0,-0.0,-0.0
2021-03-18 03:00:00,-0.0,2918.78,2160.0,1201.649,1000.0,-0.0,0.0,-0.0,-0.0
2021-03-18 04:00:00,-0.0,2729.1,2160.0,1503.0459999999998,1000.0,-0.0,0.0,-0.0,-0.0
2021-03-18 05:00:00,-0.0,2543.42,2160.0,1898.255,1000.0,-0.0,0.0,-0.0,-0.0
2021-03-18 06:00:00,-0.0,2378.66,2160.0,2310.4940000000006,1000.0,-0.0,0.0,-0.0,-0.0
2021-03-18 07:00:00,398.70687247369835,2248.5,2160.0,2257.4921275263014,1000.0,-0.0,0.0,-0.0,-0.0
2021-03-18 08:00:00,1125.5458002092544,2161.55,2160.0,1751.0711997907447,1000.0,-0.0,0.0,-0.0,-0.0
2021-03-18 09:00:00,1911.0031660920004,2120.36,2160.0,1044.053833907999,1000.0,-0.0,0.0,-0.0,-0.0
2021-03-18 10:00:00,2596.19899096729,2121.15,2160.0,318.5230090327095,1000.0,-0.0,0.0,-0.0,-0.0
2021-03-18 11:00:00,3059.675771976513,2154.46,2160.0,-0.0,743.2142280234875,-0.0,0.0,-0.0,-0.0
2021-03-18 12:00:00,3223.197202631412,2206.52,2160.0,-0.0,449.8697973685885,-0.0,0.0,-0.0,-0.0
2021-03-18 13:00:00,3059.675771976513,2261.3,2160.0,-0.0,514.8032280234875,-0.0,0.0,-0.0,-0.0
2021-03-18 14:00:00,2596.19899096729,2302.73,2160.0,-0.0,953.8680090327098,-0.0,0.0,-0.0,-0.0
2021-03-18 15:00:00,1911.0031660920004,2317.02,2160.0,722.6548339079995,1000.0,-0.0,0.0,-0.0,-0.0
2021-03-18 16:00:00,1125.5458002092544,2294.65,2160.0,1710.4651997907458,1000.0,-0.0,0.0,-0.0,-0.0
2021-03-18 17:00:00,398.70687247369835,2231.77,2160.0,2725.2031275263016,1000.0,-0.0,0.0,-0.0,-0.0
2021-03-18 18:00:00,-0.0,2130.81,2160.0,3416.5470000000005,1000.0,-0.0,0.0,-0.0,-0.0
2021-03-18 19:00:00,-0.0,2000.2900000000002,2160.0,3619.8990000000003,1000.0,-0.0,0.0,-0.0,-0.0
2021-03-18 20:00:00,-0.0,1853.72,2160.0,3682.5880000000006,1000.0,-0.0,0.0,-0.0,-0.0
2021-03-18 21:00:00,-0.0,1707.8899999999999,2160.0,3624.6140000000014,1000.0,-0.0,0.0,-0.0,-0.0
2021-03-18 22:00:00,-0.0,1580.65,2160.0,3511.634,1000.0,-0.0,0.0,-0.0,-0.0
2021-03-18 23:00:00,-0.0,1488.59,2160.0,3401.639,1000.0,-0.0,0.0,-0.0,-0.0
2021-03-19 00:00:00,-0.0,1433.3000000000002,2160.0,2818.3459999999995,1000.0,-0.0,0.0,-0.0,-0.0
2021-03-19 01:00:00,-0.0,1445.7,2160.0,2652.406,1000.0,-0.0,0.0,-0.0,-0.0
2021-03-19 02:00:00,-0.0,1515.91,2160.0,2475.831,1000.0,-0.0,0.0,-0.0,-0.0
2021-03-19 03:00:00,-0.0,1639.09,2160.0,2344.2889999999998,1000.0,-0.0,0.0,-0.0,-0.0
2021-03-19 04:00:00,-0.0,1804.56,2160.0,2290.903,1000.0,-0.0,0.0,-0.0,-0.0
2021-03-19 05:00:00,-0.0,1997.23,2160.0,2308.234,1000.0,-0.0,0.0,-0.0,-0.0
2021-03-19 06:00:00,-0.0,2199.58,2160.0,2353.9390000000003,1000.0,-0.0,0.0,-0.0,-0.0
2021-03-19 07:00:00,465.98935342136,2394.0,2160.0,1909.7536465786402,1000.0,-0.0,0.0,-0.0,-0.0
2021-03-19 08:00:00,1277.686391785534,2565.0699999999997,2160.0,1061.237608214466,1000.0,-0.0,0.0,-0.0,-0.0
2021-03-19 09:00:00,2149.4376239609765,2701.56,2160.0,91.13137603902351,1000.0,-0.0,0.0,-0.0,-0.0
2021-03-19 10:00:00,2907.7579700722454,2797.9100000000003,2160.0,-0.0,197.90202992775403,-0.0,0.0,-0.0,-0.0
2021-03-19 11:00:00,3419.9266716201187,2854.79,1811.4193283798818,-0.0,-0.0,-0.0,0.0,100.0,95.0
2021-03-19 12:00:00,3600.5100779899462,2879.0,1530.0499220100542,-0.0,-0.0,-0.0,0.0,100.0,189.9905
2021-03-19 13:00:00,3419.9266716201187,2882.3300000000004,1664.78132837988,-0.0,-0.0,-0.0,0.0,100.0,284.97150095
2021-03-19 14:00:00,2907.757970072246,2879.93,2160.0,-0.0,-0.0,-0.0,0.0,62.248970072245356,344.0795253685381
2021-03-19 15:00:00,2149.4376239609765,2888.06,2160.0,-0.0,787.303376039024,-0.0,0.0,-0.0,344.04511741600123
2021-03-19 16:00:00,1277.686391785534,2921.8300000000004,2160.0,706.8436082144653,1000.0,-0.0,100.0,-0.0,238.74755500952284
2021-03-19 17:00:00,465.98935342136,2992.96,2160.0,1674.0996465786407,1000.0,-0.0,100.0,-0.0,133.46052235928505
2021-03-19 18:00:00,-0.0,3108.1,2160.0,2218.3879999999995,1000.0,-0.0,100.0,-0.0,28.184018412312284
2021-03-19 19:00:00,-0.0,3267.78,2160.0,2206.620859990053,1000.0,-0.0,26.772140009947503,-0.0,-0.0
2021-03-19 20:00:00,-0.0,3466.2,2160.0,1953.0350000000008,1000.0,-0.0,0.0,-0.0,-0.0
2021-03-19 21:00:00,-0.0,3691.93,2160.0,1525.5319999999997,1000.0,-0.0,0.0,-0.0,-0.0
2021-03-19 22:00:00,-0.0,3929.2700000000004,2160.0,1050.089,1000.0,-0.0,0.0,-0.0,-0.0
2021-03-19 23:00:00,-0.0,4160.3,2160.0,619.2049999999999,1000.0,-0.0,0.0,-0.0,-0.0
2021-03-20 00:00:00,-0.0,4355.55,2160.0,-0.0,351.3869999999997,-0.0,0.0,-0.0,-0.0
2021-03-20 01:00:00,-0.0,4522.85,2160.0,-0.0,32.91100000000006,-0.0,0.0,-0.0,-0.0
2021-03-20 02:00:00,-0.0,4639.5199999999995,2072.3190000000004,-0.0,-0.0,-0.0,0.0,100.0,95.0
2021-03-20 03:00:00,-0.0,4700.36,2005.6360000000004,-0.0,-0.0,-0.0,0.0,100.0,189.9905
2021-03-20 04:00:00,-0.0,4706.6,2114.0729999999994,-0.0,-0.0,-0.0,0.0,100.0,284.97150095
2021-03-20 05:00:00,-0.0,4665.77,2160.0,-0.0,7.569999999999709,-0.0,100.0,-0.0,179.67984590516818
2021-03-20 06:00:00,-0.0,4590.57,2160.0,-0.0,333.5619999999999,-0.0,100.0,-0.0,74.39872002584083
2021-03-20 07:00:00,567.216316340869,4497.2,2160.0,-0.0,108.07096751298454,-0.0,70.67171614614634,-0.0,-0.0
2021-03-20 08:00:00,1512.8532677983324,4403.150000000001,1624.2757322016676,-0.0,-0.0,-0.0,0.0,-0.0,-0.0
2021-03-20 09:00:00,2522.4061007152736,4324.86,734.078899284727,-0.0,-0.0,-0.0,0.0,-0.0,-0.0
2021-03-20 10:00:00,3398.1737355889345,4168.72533915283,-0.0,-0.0,-0.0,-0.0,0.0,21.121074741764055,20.065021004675852
2021-03-20 11:00:00,3988.7953446950773,3582.5976553049227,-0.0,-0.0,-0.0,-0.0,0.0,100.0,115.06301450257538
2021-03-20 12:00:00,4196.899464160403,3301.0235358395967,-0.0,-0.0,-0.0,-0.0,0.0,100.0,210.05150820112513
2021-03-20 13:00:00,3988.7953446950773,3469.7626553049226,-0.0,-0.0,-0.0,-0.0,0.0,100.0,305.030503050305
2021-03-20 14:00:00,3398.1737355889345,4081.9922644110657,-0.0,-0.0,-0.0,-0.0,0.0,100.0,400.0
2021-03-20 15:00:00,2522.4061007152736,4539.03,421.3458992847268,-0.0,-0.0,-0.0,0.0,-0.0,399.96
2021-03-20 16:00:00,1512.8532677983324,4633.21,1521.6609385174577,-0.0,-0.0,-0.0,0.0,0.08420631578946756,400.0
2021-03-20 17:00:00,567.216316340869,4706.42,2160.0,-0.0,464.03368365913104,-0.0,0.0,-0.0,399.96
2021-03-20 18:00:00,-0.0,4744.8,2160.0,89.6889999999994,1000.0,-0.0,100.0,-0.0,294.6568461052632
2021-03-20 19:00:00,-0.0,4738.85,2160.0,173.73899999999958,1000.0,-0.0,100.0,-0.0,189.36422252591586
2021-03-20 20:00:00,-0.0,4684.79,2160.0,149.3100000000004,1000.0,-0.0,100.0,-0.0,84.08212820892645
2021-03-20 21:00:00,-0.0,4585.17,2160.0,70.76496600370001,1000.0,-0.0,79.87003399630028,-0.0,-0.0
2021-03-20 22:00:00,-0.0,4448.71,2160.0,52.49799999999959,1000.0,-0.0,0.0,-0.0,-0.0
2021-03-20 23:00:00,-0.0,4289.14,2160.0,15.743999999999687,1000.0,-0.0,0.0,-0.0,-0.0
2021-03-21 00:00:00,-0.0,4111.79,2160.0,-0.0,560.1090000000004,-0.0,0.0,-0.0,-0.0
2021-03-21 01:00:00,-0.0,3958.37,2160.0,-0.0,565.9229999999998,-0.0,0.0,-0.0,-0.0
2021-03-21 02:00:00,-0.0,3834.1,2160.0,-0.0,589.8560000000002,-0.0,0.0,-0.0,-0.0
2021-03-21 03:00:00,-0.0,3752.47,2160.0,-0.0,669.2400000000002,-0.0,0.0,-0.0,-0.0
2021-03-21 04:00:00,-0.0,3721.85,2160.0,-0.0,818.1439999999998,-0.0,0.0,-0.0,-0.0
2021-03-21 05:00:00,-0.0,3744.3300000000004,2160.0,11.942999999999756,1000.0,-0.0,0.0,-0.0,-0.0
2021-03-21 06:00:00,-0.0,3815.58,2160.0,195.10000000000036,1000.0,-0.0,0.0,-0.0,-0.0
2021-03-21 07:00:00,626.366974260088,3925.43,2160.0,-0.0,681.5260257399125,-0.0,0.0,-0.0,-0.0
2021-03-21 08:00:00,1627.3857250185654,4059.3,1847.3692749814347,-0.0,-0.0,-0.0,0.0,-0.0,-0.0
2021-03-21 09:00:00,2689.90680245639,4200.19,688.6311975436106,-0.0,-0.0,-0.0,0.0,-0.0,-0.0
2021-03-21 10:00:00,3609.1369891784157,3958.742085563348,-0.0,-0.0,-0.0,-0.0,0.0,21.121074741764055,20.065021004675852
2021-03-21 11:00:00,4228.170470068105,3347.787529931895,-0.0,-0.0,-0.0,-0.0,0.0,100.0,115.06301450257538
2021-03-21 12:00:00,4446.151598325968,3059.905401674032,-0.0,-0.0,-0.0,-0.0,0.0,100.0,210.05150820112513
2021-03-21 13:00:00,4228.170470068105,3242.073529931895,-0.0,-0.0,-0.0,-0.0,0.0,100.0,305.030503050305
2021-03-21 14:00:00,3609.1369891784157,3886.245010821584,-0.0,-0.0,-0.0,-0.0,0.0,100.0,400.0
2021-03-21 15:00:00,2689.90680245639,4482.5599999999995,329.03719754361055,-0.0,-0.0,-0.0,0.0,-0.0,399.96
2021-03-21 16:00:00,1627.3857250185654,4419.15,1643.389481297225,-0.0,-0.0,-0.0,0.0,0.08420631578946756,400.0
2021-03-21 17:00:00,626.366974260088,4350.820000000001,2160.0,-0.0,786.1320257399118,-0.0,0.0,-0.0,399.96
2021-03-21 18:00:00,-0.0,4294.12,2160.0,569.433,1000.0,-0.0,100.0,-0.0,294.6568461052632
2021-03-21 19:00:00,-0.0,4264.39,2160.0,680.6439999999993,1000.0,-0.0,100.0,-0.0,189.36422252591586
2021-03-21 20:00:00,-0.0,4273.52,2160.0,596.3649999999998,1000.0,-0.0,100.0,-0.0,84.08212820892645
2021-03-21 21:00:00,-0.0,4328.3,2160.0,366.71896600369973,1000.0,-0.0,79.87003399630028,-0.0,-0.0
2021-03-21 22:00:00,-0.0,4429.33,2160.0,114.21600000000035,1000.0,-0.0,0.0,-0.0,-0.0
2021-03-21 23:00:00,-0.0,4570.86,2160.0,-0.0,779.5700000000006,-0.0,0.0,-0.0,-0.0
2021-03-22 00:00:00,-0.0,4729.5199999999995,2160.0,-0.0,427.1170000000002,-0.0,0.0,-0.0,-0.0
2021-03-22 01:00:00,-0.0,4913.32,2160.0,-0.0,98.81600000000071,-0.0,0.0,-0.0,-0.0
2021-03-22 02:00:00,-0.0,5092.35,1982.4989999999998,-0.0,-0.0,-0.0,0.0,-0.0,-0.0
2021-03-22 03:00:00,-0.0,5248.610000000001,1826.9839999999995,-0.0,-0.0,-0.0,0.0,-0.0,-0.0
2021-03-22 04:00:00,-0.0,5366.4400000000005,1830.37,-0.0,-0.0,-0.0,0.0,-0.0,-0.0
2021-03-22 05:00:00,-0.0,5434.57,2049.2895664333873,-0.0,-0.0,-0.0,0.0,67.90156643338746,64.50648811171808
2021-03-22 06:00:00,4.36296441023744,5447.530000000001,2160.0,-0.0,-0.0,-0.0,61.27503558976157,-0.0,-0.0
2021-03-22 07:00:00,595.6838855424181,5406.25,1896.6131144575816,-0.0,-0.0,-0.0,0.0,-0.0,-0.0
2021-03-22 08:00:00,1509.5794973401541,5317.94,1214.425502659846,-0.0,-0.0,-0.0,0.0,-0.0,-0.0
2021-03-22 09:00:00,2474.2340227446525,5194.97,420.00797725534767,-0.0,-0.0,-0.0,0.0,-0.0,-0.0
2021-03-22 10:00:00,3306.5886145859504,4853.17238541405,-0.0,-0.0,-0.0,-0.0,0.0,100.0,95.0
2021-03-22 11:00:00,3866.3229111084124,4225.081088891588,-0.0,-0.0,-0.0,-0.0,0.0,100.0,189.9905
2021-03-22 12:00:00,4063.2937355751314,3960.5732644248687,-0.0,-0.0,-0.0,-0.0,0.0,100.0,284.97150095
2021-03-22 13:00:00,3866.3229111084124,4124.015088891587,-0.0,-0.0,-0.0,-0.0,0.0,100.0,379.943003799905
2021-03-22 14:00:00,3306.5886145859504,4612.41,-0.0,-0.0,-0.0,-0.0,0.0,1.3206145859503522,381.1595933561779
2021-03-22 15:00:00,2474.2340227446525,4582.7699999999995,968.9129772553483,-0.0,-0.0,-0.0,0.0,-0.0,381.12147739684224
2021-03-22 16:00:00,1509.5794973401541,4585.71,2140.9067497660526,-0.0,-0.0,-0.0,0.0,19.91224710620785,400.0
2021-03-22 17:00:00,595.6838855424181,4611.24,2160.0,-0.0,1000.0,-0.0,84.78111445758202,-0.0,310.7167216235979
2021-03-22 18:00:00,4.36296441023744,4645.150000000001,2160.0,744.2790355897614,1000.0,-0.0,100.0,-0.0,205.42249205669873
2021-03-22 19:00:00,-0.0,4671.05,2160.0,805.9849999999997,1000.0,-0.0,100.0,-0.0,100.13879191275622
2021-03-22 20:00:00,-0.0,4672.65,2160.0,735.7836608681141,1000.0,-0.0,95.1223391318867,-0.0,-0.0
2021-03-22 21:00:00,-0.0,4636.01,2160.0,674.125,1000.0,-0.0,0.0,-0.0,-0.0
2021-03-22 22:00:00,-0.0,4551.61,2160.0,528.6629999999996,1000.0,-0.0,0.0,-0.0,-0.0
2021-03-22 23:00:00,-0.0,4415.67,2160.0,472.8699999999999,1000.0,-0.0,0.0,-0.0,-0.0
2021-03-23 00:00:00,-0.0,4218.84,2160.0,40.9369999999999,1000.0,-0.0,0.0,-0.0,-0.0
2021-03-23 01:00:00,-0.0,3993.95,2160.0,122.51299999999992,1000.0,-0.0,0.0,-0.0,-0.0
2021-03-23 02:00:00,-0.0,3742.92,2160.0,277.34199999999964,1000.0,-0.0,0.0,-0.0,-0.0
2021-03-23 03:00:00,-0.0,3483.0699999999997,2160.0,538.9250000000002,1000.0,-0.0,0.0,-0.0,-0.0
2021-03-23 04:00:00,-0.0,3232.9,2160.0,911.1950000000002,1000.0,-0.0,0.0,-0.0,-0.0
2021-03-23 05:00:00,-0.0,3009.6800000000003,2160.0,1354.3459999999995,1000.0,-0.0,0.0,-0.0,-0.0
2021-03-23 06:00:00,10.068855454547965,2827.3199999999997,2160.0,1784.5271445454523,1000.0,-0.0,0.0,-0.0,-0.0
2021-03-23 07:00:00,527.231758816693,2694.6,2160.0,1626.0392411833072,1000.0,-0.0,0.0,-0.0,-0.0
2021-03-23 08:00:00,1304.8110343530102,2614.09,2160.0,1072.8399656469896,1000.0,-0.0,0.0,-0.0,-0.0
2021-03-23 09:00:00,2121.1619014214375,2581.93,2160.0,336.28309857856266,1000.0,-0.0,0.0,-0.0,-0.0
2021-03-23 10:00:00,2823.735320713673,2588.5000000000005,2160.0,-0.0,597.9516792863265,-0.0,0.0,-0.0,-0.0
2021-03-23 11:00:00,3295.5419600153496,2619.7599999999998,2160.0,-0.0,26.68603998465096,-0.0,0.0,-0.0,-0.0
2021-03-23 12:00:00,3461.464568246379,2659.28,2013.7594317536214,-0.0,-0.0,-0.0,0.0,100.0,95.0
2021-03-23 13:00:00,3295.5419600153496,2690.5499999999997,2114.83003998465,-0.0,-0.0,-0.0,0.0,100.0,189.9905
2021-03-23 14:00:00,2823.735320713673,2699.22,2160.0,-0.0,345.1486792863275,-0.0,0.0,-0.0,189.97150095
2021-03-23 15:00:00,2121.1619014214375,2675.16,2160.0,79.75809857856257,1000.0,-0.0,100.0,-0.0,84.68934590516817
2021-03-23 16:00:00,1304.8110343530102,2613.81,2160.0,1167.0111325249409,1000.0,-0.0,80.44683312204877,-0.0,-0.0
2021-03-23 17:00:00,527.231758816693,2516.88,2160.0,2356.9172411833074,1000.0,-0.0,0.0,-0.0,-0.0
2021-03-23 18:00:00,10.068855454547965,2392.08,2160.0,3200.3911445454532,1000.0,-0.0,0.0,-0.0,-0.0
2021-03-23 19:00:00,-0.0,2252.09,2160.0,3433.012999999999,1000.0,-0.0,0.0,-0.0,-0.0
2021-03-23 20:00:00,-0.0,2112.86,2160.0,3497.9809999999998,1000.0,-0.0,0.0,-0.0,-0.0
2021-03-23 21:00:00,-0.0,1991.39,2160.0,3425.1459999999997,1000.0,-0.0,0.0,-0.0,-0.0
2021-03-23 22:00:00,-0.0,1903.41,2160.0,3282.277,1000.0,-0.0,0.0,-0.0,-0.0
2021-03-23 23:00:00,-0.0,1861.17,2160.0,3131.697,1000.0,-0.0,0.0,-0.0,-0.0
2021-03-24 00:00:00,-0.0,1859.6399999999999,2160.0,2503.172,1000.0,-0.0,0.0,-0.0,-0.0
2021-03-24 01:00:00,-0.0,1923.93,2160.0,2294.281,1000.0,-0.0,0.0,-0.0,-0.0
2021-03-24 02:00:00,-0.0,2036.3400000000001,2160.0,2084.2870000000003,1000.0,-0.0,0.0,-0.0,-0.0
2021-03-24 03:00:00,-0.0,2185.5299999999997,2160.0,1935.3490000000002,1000.0,-0.0,0.0,-0.0,-0.0
2021-03-24 04:00:00,-0.0,2355.82,2160.0,1885.5840000000003,1000.0,-0.0,0.0,-0.0,-0.0
2021-03-24 05:00:00,-0.0,2529.19,2160.0,1930.475,1000.0,-0.0,0.0,-0.0,-0.0
2021-03-24 06:00:00,16.52356734089924,2687.57,2160.0,2011.6994326591002,1000.0,-0.0,0.0,-0.0,-0.0
2021-03-24 07:00:00,502.8734213433673,2815.23,2160.0,1621.7915786566332,1000.0,-0.0,0.0,-0.0,-0.0
2021-03-24 08:00:00,1216.7472278882176,2900.71,2160.0,964.3647721117825,1000.0,-0.0,0.0,-0.0,-0.0
2021-03-24 09:00:00,1962.3128652767925,2938.31,2160.0,226.8021347232068,1000.0,-0.0,0.0,-0.0,-0.0
2021-03-24 10:00:00,2602.3504613556247,2928.71,2160.0,-0.0,565.0595386443761,-0.0,0.0,-0.0,-0.0
2021-03-24 11:00:00,3031.579518894984,2878.75,2160.0,-0.0,115.39048110501608,-0.0,0.0,-0.0,-0.0
2021-03-24 12:00:00,3182.4328812551935,2800.47,2160.0,-0.0,-0.0,-0.0,0.0,26.950881255193053,25.6033371924334
2021-03-24 13:00:00,3031.579518894984,2709.28,2160.0,-0.0,179.14648110501594,-0.0,0.0,-0.0,25.60077685871416
2021-03-24 14:00:00,2602.3504613556247,2621.8799999999997,2160.0,-0.0,720.5145386443755,-0.0,0.0,-0.0,25.598216781028288
2021-03-24 15:00:00,1962.3128652767925,2553.88,2160.0,509.6932606118239,1000.0,-0.0,24.31587411138268,-0.0,-0.0
2021-03-24 16:00:00,1216.7472278882176,2517.6,2160.0,1503.260772111783,1000.0,-0.0,0.0,-0.0,-0.0
2021-03-24 17:00:00,502.8734213433673,2520.3799999999997,2160.0,2446.6375786566327,1000.0,-0.0,0.0,-0.0,-0.0
2021-03-24 18:00:00,16.52356734089924,2563.5400000000004,2160.0,3088.602432659099,1000.0,-0.0,0.0,-0.0,-0.0
2021-03-24 19:00:00,-0.0,2642.1299999999997,2160.0,3106.2960000000003,1000.0,-0.0,0.0,-0.0,-0.0
2021-03-24 20:00:00,-0.0,2745.61,2160.0,2925.685,1000.0,-0.0,0.0,-0.0,-0.0
2021-03-24 21:00:00,-0.0,2859.25,2160.0,2614.8089999999993,1000.0,-0.0,0.0,-0.0,-0.0
2021-03-24 22:00:00,-0.0,2966.12,2160.0,2274.098000000001,1000.0,-0.0,0.0,-0.0,-0.0
2021-03-24 23:00:00,-0.0,3049.4300000000003,2160.0,1994.9179999999997,1000.0,-0.0,0.0,-0.0,-0.0
2021-03-25 00:00:00,-0.0,3082.5399999999995,2160.0,1328.547000000001,1000.0,-0.0,0.0,-0.0,-0.0
2021-03-25 01:00:00,-0.0,3079.9100000000003,2160.0,1183.4199999999996,1000.0,-0.0,0.0,-0.0,-0.0
2021-03-25 02:00:00,-0.0,3025.1499999999996,2160.0,1137.388,1000.0,-0.0,0.0,-0.0,-0.0
2021-03-25 03:00:00,-0.0,2920.4999999999995,2160.0,1239.0360000000005,1000.0,-0.0,0.0,-0.0,-0.0
2021-03-25 04:00:00,-0.0,2774.46,2160.0,1502.3019999999997,1000.0,-0.0,0.0,-0.0,-0.0
2021-03-25 05:00:00,-0.0,2600.69,2160.0,1890.9919999999997,1000.0,-0.0,0.0,-0.0,-0.0
2021-03-25 06:00:00,24.921500255356275,2416.2400000000002,2160.0,2303.269499744643,1000.0,-0.0,0.0,-0.0,-0.0
2021-03-25 07:00:00,522.3922720524296,2239.42,2160.0,2203.3047279475704,1000.0,-0.0,0.0,-0.0,-0.0
2021-03-25 08:00:00,1237.0705968573236,2087.37,2160.0,1779.1544031426756,1000.0,-0.0,0.0,-0.0,-0.0
2021-03-25 09:00:00,1979.72140270374,1973.93,2160.0,1192.0685972962592,1000.0,-0.0,0.0,-0.0,-0.0
2021-03-25 10:00:00,2615.6868986663503,1907.8100000000002,2160.0,587.4121013336489,1000.0,-0.0,0.0,-0.0,-0.0
2021-03-25 11:00:00,3041.60505413553,1891.62,2160.0,103.75394586446964,1000.0,-0.0,0.0,-0.0,-0.0
2021-03-25 12:00:00,3191.2145074936716,1921.57,2160.0,-0.0,850.8744925063284,-0.0,0.0,-0.0,-0.0
2021-03-25 13:00:00,3041.60505413553,1988.1299999999999,2160.0,-0.0,894.4079458644701,-0.0,0.0,-0.0,-0.0
2021-03-25 14:00:00,2615.6868986663503,2077.44,2160.0,252.1711013336494,1000.0,-0.0,0.0,-0.0,-0.0
2021-03-25 15:00:00,1979.72140270374,2173.27,2160.0,894.1655972962592,1000.0,-0.0,0.0,-0.0,-0.0
2021-03-25 16:00:00,1237.0705968573236,2259.31,2160.0,1734.576403142677,1000.0,-0.0,0.0,-0.0,-0.0
2021-03-25 17:00:00,522.3922720524296,2321.5099999999998,2160.0,2615.7257279475707,1000.0,-0.0,0.0,-0.0,-0.0
2021-03-25 18:00:00,24.921500255356275,2350.0099999999998,2160.0,3279.8564997446438,1000.0,-0.0,0.0,-0.0,-0.0
2021-03-25 19:00:00,-0.0,2340.58,2160.0,3390.3510000000006,1000.0,-0.0,0.0,-0.0,-0.0
2021-03-25 20:00:00,-0.0,2295.25,2160.0,3354.938,1000.0,-0.0,0.0,-0.0,-0.0
2021-03-25 21:00:00,-0.0,2222.0699999999997,2160.0,3227.276,1000.0,-0.0,0.0,-0.0,-0.0
2021-03-25 22:00:00,-0.0,2134.06,2160.0,3077.8479999999995,1000.0,-0.0,0.0,-0.0,-0.0
2021-03-25 23:00:00,-0.0,2047.53,2160.0,2964.9230000000007,1000.0,-0.0,0.0,-0.0,-0.0
2021-03-26 00:00:00,-0.0,1967.45,2160.0,2408.076,1000.0,-0.0,0.0,-0.0,-0.0
2021-03-26 01:00:00,-0.0,1934.55,2160.0,2289.6669999999995,1000.0,-0.0,0.0,-0.0,-0.0
2021-03-26 02:00:00,-0.0,1949.05,2160.0,2170.8450000000003,1000.0,-0.0,0.0,-0.0,-0.0
2021-03-26 03:00:00,-0.0,2018.3100000000002,2160.0,2095.0769999999993,1000.0,-0.0,0.0,-0.0,-0.0
2021-03-26 04:00:00,-0.0,2143.43,2160.0,2083.704,1000.0,-0.0,0.0,-0.0,-0.0
2021-03-26 05:00:00,-0.0,2319.04,2160.0,2119.566,1000.0,-0.0,0.0,-0.0,-0.0
2021-03-26 06:00:00,32.97287145779445,2533.99,2160.0,2120.976128542206,1000.0,-0.0,0.0,-0.0,-0.0
2021-03-26 07:00:00,522.0023901264083,2772.7000000000003,2160.0,1610.5426098735916,1000.0,-0.0,0.0,-0.0,-0.0
2021-03-26 08:00:00,1211.0351482419067,3017.22,2160.0,812.1278517580934,1000.0,-0.0,0.0,-0.0,-0.0
2021-03-26 09:00:00,1923.5412737446825,3249.5400000000004,2160.0,-0.0,906.1277262553178,-0.0,0.0,-0.0,-0.0
2021-03-26 10:00:00,2532.221223487808,3453.87,2160.0,-0.0,55.052776512192395,-0.0,0.0,-0.0,-0.0
2021-03-26 11:00:00,2939.338406079964,3618.7000000000003,1665.9675939200365,-0.0,-0.0,-0.0,0.0,100.0,95.0
2021-03-26 12:00:00,3082.251792073742,3738.19,1327.087207926258,-0.0,-0.0,-0.0,0.0,100.0,189.9905
2021-03-26 13:00:00,2939.338406079964,3812.83,1352.7395939200364,-0.0,-0.0,-0.0,0.0,100.0,284.97150095
2021-03-26 14:00:00,2532.221223487808,3849.2599999999998,1741.5317765121927,-0.0,-0.0,-0.0,0.0,100.0,379.943003799905
2021-03-26 15:00:00,1923.5412737446825,3859.19,2160.0,-0.0,179.14972625531777,-0.0,0.0,-0.0,379.905009499525
2021-03-26 16:00:00,1211.0351482419067,3857.7400000000002,2160.0,-0.0,1000.0,-0.0,73.9738517580929,-0.0,301.9998066216352
2021-03-26 17:00:00,522.0023901264083,3861.21,2160.0,885.3386098735912,1000.0,-0.0,100.0,-0.0,196.70644874623622
2021-03-26 18:00:00,32.97287145779445,3884.7999999999997,2160.0,1543.134128542205,1000.0,-0.0,100.0,-0.0,91.42362020662476
2021-03-26 19:00:00,-0.0,3940.38,2160.0,1607.0912460476266,1000.0,-0.0,86.84375395237389,-0.0,-0.0
2021-03-26 20:00:00,-0.0,4034.81,2160.0,1516.0969999999993,1000.0,-0.0,0.0,-0.0,-0.0
2021-03-26 21:00:00,-0.0,4168.88,2160.0,1178.5899999999992,1000.0,-0.0,0.0,-0.0,-0.0
2021-03-26 22:00:00,-0.0,4337.110000000001,2160.0,770.4030000000002,1000.0,-0.0,0.0,-0.0,-0.0
2021-03-26 23:00:00,-0.0,4528.42,2160.0,377.1949999999997,1000.0,-0.0,0.0,-0.0,-0.0
2021-03-27 00:00:00,-0.0,4715.0599999999995,2160.0,-0.0,115.02300000000014,-0.0,0.0,-0.0,-0.0
2021-03-27 01:00:00,-0.0,4904.45,1932.04,-0.0,-0.0,-0.0,0.0,-0.0,-0.0
2021-03-27 02:00:00,-0.0,5066.75,1663.2169999999996,-0.0,-0.0,-0.0,0.0,-0.0,-0.0
2021-03-27 03:00:00,-0.0,5187.040000000001,1534.3019999999988,-0.0,-0.0,-0.0,0.0,-0.0,-0.0
2021-03-27 04:00:00,-0.0,5254.78,1578.2790000000005,-0.0,-0.0,-0.0,0.0,-0.0,-0.0
2021-03-27 05:00:00,-0.0,5265.2699999999995,1777.3180000000002,-0.0,-0.0,-0.0,0.0,-0.0,-0.0
2021-03-27 06:00:00,39.19860507013326,5220.29,2030.5783949298668,-0.0,-0.0,-0.0,0.0,-0.0,-0.0
2021-03-27 07:00:00,496.6848193430305,5127.89,1881.0371806569692,-0.0,-0.0,-0.0,0.0,-0.0,-0.0
2021-03-27 08:00:00,1129.9273304254925,5001.299999999999,1507.8526695745081,-0.0,-0.0,-0.0,0.0,-0.0,-0.0
2021-03-27 09:00:00,1781.655195682961,4857.22,1037.4548043170387,-0.0,-0.0,-0.0,0.0,-0.0,-0.0
2021-03-27 10:00:00,2337.1007910191893,4713.62,586.0632089808105,-0.0,-0.0,-0.0,0.0,-0.0,-0.0
2021-03-27 11:00:00,2708.138423949382,4587.4,262.72457605061845,-0.0,-0.0,-0.0,0.0,-0.0,-0.0
2021-03-27 12:00:00,2838.309478424466,4492.17,211.93458063811795,-0.0,-0.0,-0.0,0.0,61.91405906258344,58.818356109454264
2021-03-27 13:00:00,2708.138423949382,4436.49,392.0635760506184,-0.0,-0.0,-0.0,0.0,100.0,153.81247427384332
2021-03-27 14:00:00,2337.1007910191893,4422.87,793.7382089808107,-0.0,-0.0,-0.0,0.0,100.0,248.79709302641595
2021-03-27 15:00:00,1781.655195682961,4447.5,1422.4358043170394,-0.0,-0.0,-0.0,0.0,100.0,343.7722133171133
2021-03-27 16:00:00,1129.9273304254928,4500.87,2160.0,-0.0,-0.0,-0.0,0.0,59.22333042549303,400.0
2021-03-27 17:00:00,496.6848193430305,4569.2,2160.0,-0.0,730.7081806569695,-0.0,0.0,-0.0,399.96
2021-03-27 18:00:00,39.19860507013326,4636.42,2160.0,212.65139492986714,1000.0,-0.0,100.0,-0.0,294.6568461052632
2021-03-27 19:00:00,-0.0,4686.429999999999,2160.0,274.6720000000014,1000.0,-0.0,100.0,-0.0,189.36422252591586
2021-03-27 20:00:00,-0.0,4705.4400000000005,2160.0,171.78099999999904,1000.0,-0.0,100.0,-0.0,84.08212820892645
2021-03-27 21:00:00,-0.0,4683.9,2160.0,9.646966003700413,1000.0,-0.0,79.87003399630028,-0.0,-0.0
2021-03-27 22:00:00,-0.0,4617.96,2160.0,-0.0,915.2370000000001,-0.0,0.0,-0.0,-0.0
2021-03-27 23:00:00,-0.0,4510.04,2160.0,-0.0,821.1019999999999,-0.0,0.0,-0.0,-0.0
2021-03-28 00:00:00,-0.0,4356.12,2160.0,-0.0,335.4970000000003,-0.0,0.0,-0.0,-0.0
2021-03-28 01:00:00,-0.0,4194.78,2160.0,-0.0,343.2970000000005,-0.0,0.0,-0.0,-0.0
2021-03-28 02:00:00,-0.0,4030.28,2160.0,-0.0,401.43200000000024,-0.0,0.0,-0.0,-0.0
2021-03-28 03:00:00,-0.0,3880.5099999999998,2160.0,-0.0,542.8390000000004,-0.0,0.0,-0.0,-0.0
2021-03-28 04:00:00,-0.0,3762.04,2160.0,-0.0,773.393,-0.0,0.0,-0.0,-0.0
2021-03-28 05:00:00,-0.0,3688.02,2160.0,57.414000000000215,1000.0,-0.0,0.0,-0.0,-0.0
2021-03-28 06:00:00,50.1709964167304,3666.36,2160.0,276.95900358326935,1000.0,-0.0,0.0,-0.0,-0.0
2021-03-28 07:00:00,529.4782213428151,3698.73,2160.0,-0.0,981.5057786571848,-0.0,0.0,-0.0,-0.0
2021-03-28 08:00:00,1182.1653199103355,3780.3399999999997,2160.0,-0.0,381.45968008966497,-0.0,0.0,-0.0,-0.0
2021-03-28 09:00:00,1850.8375774447259,3900.5499999999997,1790.7124225552748,-0.0,-0.0,-0.0,0.0,-0.0,-0.0
2021-03-28 10:00:00,2419.415386225669,4044.32,1039.805613774331,-0.0,-0.0,-0.0,0.0,-0.0,-0.0
2021-03-28 11:00:00,2798.7395572343125,4194.21,433.1574427656874,-0.0,-0.0,-0.0,0.0,-0.0,-0.0
2021-03-28 12:00:00,2931.744991425551,4332.66,106.24708331621378,-0.0,-0.0,-0.0,0.0,21.121074741764055,20.065021004675852
2021-03-28 13:00:00,2798.7395572343125,4444.31,163.95944276568707,-0.0,-0.0,-0.0,0.0,100.0,115.06301450257538
2021-03-28 14:00:00,2419.415386225669,4518.05,487.9446137743307,-0.0,-0.0,-0.0,0.0,100.0,210.05150820112513
2021-03-28 15:00:00,1850.8375774447259,4548.360000000001,1125.5744225552735,-0.0,-0.0,-0.0,0.0,100.0,305.030503050305
2021-03-28 16:00:00,1182.1653199103355,4536.06,1988.104680089664,-0.0,-0.0,-0.0,0.0,100.0,400.0
2021-03-28 17:00:00,529.4782213428151,4488.0,2160.0,-0.0,655.5417786571853,-0.0,0.0,-0.0,399.96
2021-03-28 18:00:00,50.1709964167304,4416.11,2160.0,300.17800358326986,1000.0,-0.0,100.0,-0.0,294.6568461052632
2021-03-28 19:00:00,-0.0,4335.65,2160.0,505.4940000000006,1000.0,-0.0,100.0,-0.0,189.36422252591586
2021-03-28 20:00:00,-0.0,4263.01,2160.0,496.1959999999999,1000.0,-0.0,100.0,-0.0,84.08212820892645
2021-03-28 21:00:00,-0.0,4213.42,2160.0,364.1429660036997,1000.0,-0.0,79.87003399630028,-0.0,-0.0
2021-03-28 22:00:00,-0.0,4198.73,2160.0,220.59900000000016,1000.0,-0.0,0.0,-0.0,-0.0
2021-03-28 23:00:00,-0.0,4225.74,2160.0,-0.0,993.7359999999999,-0.0,0.0,-0.0,-0.0
2021-03-29 00:00:00,-0.0,4282.5,2160.0,-0.0,735.7979999999998,-0.0,0.0,-0.0,-0.0
2021-03-29 01:00:00,-0.0,4388.639999999999,2160.0,-0.0,478.4830000000002,-0.0,0.0,-0.0,-0.0
2021-03-29 02:00:00,-0.0,4520.24,2160.0,-0.0,242.96000000000004,-0.0,0.0,-0.0,-0.0
2021-03-29 03:00:00,-0.0,4661.77,2160.0,-0.0,95.58699999999953,-0.0,0.0,-0.0,-0.0
2021-03-29 04:00:00,-0.0,4795.49,2160.0,-0.0,76.54500000000007,-0.0,0.0,-0.0,-0.0
2021-03-29 05:00:00,-0.0,4903.719999999999,2160.0,-0.0,180.98200000000088,-0.0,0.0,-0.0,-0.0
2021-03-29 06:00:00,73.70006122201089,4971.2,2160.0,-0.0,290.5929387779897,-0.0,0.0,-0.0,-0.0
2021-03-29 07:00:00,666.7971111282883,4987.08,2060.6438888717116,-0.0,-0.0,-0.0,0.0,-0.0,-0.0
2021-03-29 08:00:00,1462.3109552615815,4946.32,1443.009044738419,-0.0,-0.0,-0.0,0.0,-0.0,-0.0
2021-03-29 09:00:00,2273.704752127739,4850.360000000001,768.6422478722607,-0.0,-0.0,-0.0,0.0,-0.0,-0.0
2021-03-29 10:00:00,2962.081518431202,4706.9,188.15848156879883,-0.0,-0.0,-0.0,0.0,-0.0,-0.0
2021-03-29 11:00:00,3420.768321492165,4461.986678507836,-0.0,-0.0,-0.0,-0.0,0.0,100.0,95.0
2021-03-29 12:00:00,3581.511069848912,4227.772930151088,-0.0,-0.0,-0.0,-0.0,0.0,100.0,189.9905
2021-03-29 13:00:00,3420.768321492165,4135.72,134.56852824586122,-0.0,-0.0,-0.0,0.0,21.13684973802645,210.05150820112513
2021-03-29 14:00:00,2962.081518431202,3954.96,874.4864815687984,-0.0,-0.0,-0.0,0.0,100.0,305.030503050305
2021-03-29 15:00:00,2273.704752127739,3803.64,1816.7992478722613,-0.0,-0.0,-0.0,0.0,100.0,400.0
2021-03-29 16:00:00,1462.3109552615815,3690.1299999999997,2160.0,-0.0,666.5610447384192,-0.0,0.0,-0.0,399.96
2021-03-29 17:00:00,666.7971111282883,3616.7599999999998,2160.0,665.4748888717113,1000.0,-0.0,100.0,-0.0,294.6568461052632
2021-03-29 18:00:00,73.70006122201089,3579.59,2160.0,1492.5599387779894,1000.0,-0.0,100.0,-0.0,189.36422252591586
2021-03-29 19:00:00,-0.0,3569.03,2160.0,1654.920999999999,1000.0,-0.0,100.0,-0.0,84.08212820892645
2021-03-29 20:00:00,-0.0,3571.29,2160.0,1594.3019660036994,1000.0,-0.0,79.87003399630028,-0.0,-0.0
2021-03-29 21:00:00,-0.0,3570.3,2160.0,1476.8669999999993,1000.0,-0.0,0.0,-0.0,-0.0
2021-03-29 22:00:00,-0.0,3550.04,2160.0,1262.5290000000005,1000.0,-0.0,0.0,-0.0,-0.0
2021-03-29 23:00:00,-0.0,3496.84,2160.0,1119.406,1000.0,-0.0,0.0,-0.0,-0.0
2021-03-30 00:00:00,-0.0,3388.6,2160.0,593.7919999999999,1000.0,-0.0,0.0,-0.0,-0.0
2021-03-30 01:00:00,-0.0,3247.1499999999996,2160.0,587.6360000000004,1000.0,-0.0,0.0,-0.0,-0.0
2021-03-30 02:00:00,-0.0,3062.46,2160.0,671.9889999999996,1000.0,-0.0,0.0,-0.0,-0.0
2021-03-30 03:00:00,-0.0,2843.3599999999997,2160.0,888.8430000000008,1000.0,-0.0,0.0,-0.0,-0.0
2021-03-30 04:00:00,-0.0,2603.73,2160.0,1246.757,1000.0,-0.0,0.0,-0.0,-0.0
2021-03-30 05:00:00,-0.0,2360.77,2160.0,1705.9959999999996,1000.0,-0.0,0.0,-0.0,-0.0
2021-03-30 06:00:00,104.21605768567163,2132.8,2160.0,2084.156942314328,1000.0,-0.0,0.0,-0.0,-0.0
2021-03-30 07:00:00,826.2216872589644,1936.87,2160.0,1780.7243127410356,1000.0,-0.0,0.0,-0.0,-0.0
2021-03-30 08:00:00,1781.1105987069311,1786.61,2160.0,1116.8274012930688,1000.0,-0.0,0.0,-0.0,-0.0
2021-03-30 09:00:00,2750.889286567708,1690.46,2160.0,287.8717134322915,1000.0,-0.0,0.0,-0.0,-0.0
2021-03-30 10:00:00,3571.8259077183848,1650.6299999999999,2160.0,-0.0,474.7950922816153,-0.0,0.0,-0.0,-0.0
2021-03-30 11:00:00,4118.180446716118,1662.84,2105.4305532838816,-0.0,-0.0,-0.0,0.0,100.0,95.0
2021-03-30 12:00:00,4309.538209168532,1717.0,1790.0117908314678,-0.0,-0.0,-0.0,0.0,100.0,189.9905
2021-03-30 13:00:00,4118.180446716118,1798.62,1863.936553283882,-0.0,-0.0,-0.0,0.0,100.0,284.97150095
2021-03-30 14:00:00,3571.8259077183848,1890.75,2160.0,-0.0,83.30009228161543,-0.0,0.0,-0.0,284.943003799905
2021-03-30 15:00:00,2750.889286567708,1976.3500000000001,2160.0,-0.0,924.7587134322912,-0.0,0.0,-0.0,284.914509499525
2021-03-30 16:00:00,1781.1105987069311,2040.55,2160.0,918.6734012930685,1000.0,-0.0,100.0,-0.0,179.62286015383825
2021-03-30 17:00:00,826.2216872589644,2072.67,2160.0,2074.9203127410356,1000.0,-0.0,100.0,-0.0,74.34173997308604
2021-03-30 18:00:00,104.21605768567163,2067.64,2160.0,3031.5723518051955,1000.0,-0.0,70.61759050913429,-0.0,-0.0
2021-03-30 19:00:00,-0.0,2026.6200000000001,2160.0,3328.907,1000.0,-0.0,0.0,-0.0,-0.0
2021-03-30 20:00:00,-0.0,1956.82,2160.0,3323.558000000001,1000.0,-0.0,0.0,-0.0,-0.0
2021-03-30 21:00:00,-0.0,1870.4299999999998,2160.0,3214.9519999999993,1000.0,-0.0,0.0,-0.0,-0.0
2021-03-30 22:00:00,-0.0,1782.95,2160.0,3071.089,1000.0,-0.0,0.0,-0.0,-0.0
2021-03-30 23:00:00,-0.0,1710.94,2160.0,2949.9829999999997,1000.0,-0.0,0.0,-0.0,-0.0
2021-03-31 00:00:00,-0.0,1656.92,2160.0,2373.2309999999998,1000.0,-0.0,0.0,-0.0,-0.0
2021-03-31 01:00:00,-0.0,1658.4399999999998,2160.0,2227.21,1000.0,-0.0,0.0,-0.0,-0.0
2021-03-31 02:00:00,-0.0,1709.4699999999998,2160.0,2078.8920000000003,1000.0,-0.0,0.0,-0.0,-0.0
2021-03-31 03:00:00,-0.0,1810.63,2160.0,1978.478,1000.0,-0.0,0.0,-0.0,-0.0
2021-03-31 04:00:00,-0.0,1956.14,2160.0,1954.1839999999993,1000.0,-0.0,0.0,-0.0,-0.0
2021-03-31 05:00:00,-0.0,2134.54,2160.0,1994.9309999999996,1000.0,-0.0,0.0,-0.0,-0.0
2021-03-31 06:00:00,126.0618227468605,2330.0499999999997,2160.0,1930.5701772531397,1000.0,-0.0,0.0,-0.0,-0.0
2021-03-31 07:00:00,890.8430693464812,2524.6200000000003,2160.0,1196.5979306535182,1000.0,-0.0,0.0,-0.0,-0.0
2021-03-31 08:00:00,1889.1202694188091,2700.24,2160.0,166.09873058119092,1000.0,-0.0,0.0,-0.0,-0.0
2021-03-31 09:00:00,2898.7411769577548,2841.23,2160.0,-0.0,62.753823042245585,-0.0,0.0,-0.0,-0.0
2021-03-31 10:00:00,3751.5800414201676,2936.3,1266.5160333215963,-0.0,-0.0,-0.0,0.0,21.121074741764055,20.065021004675852
2021-03-31 11:00:00,4318.48692766102,2979.9300000000003,666.5010723389796,-0.0,-0.0,-0.0,0.0,100.0,115.06301450257538
2021-03-31 12:00:00,4516.94301660782,2973.04,407.3979833921803,-0.0,-0.0,-0.0,0.0,100.0,210.05150820112513
2021-03-31 13:00:00,4318.48692766102,2922.7799999999997,622.5850723389804,-0.0,-0.0,-0.0,0.0,100.0,305.030503050305
2021-03-31 14:00:00,3751.5800414201676,2841.49,1298.1209585798324,-0.0,-0.0,-0.0,0.0,100.0,400.0
2021-03-31 15:00:00,2898.7411769577548,2744.98,2160.0,-0.0,95.70882304224551,-0.0,0.0,-0.0,399.96
2021-03-31 16:00:00,1889.1202694188091,2650.3300000000004,2160.0,290.34673058119006,1000.0,-0.0,100.0,-0.0,294.6568461052632
2021-03-31 17:00:00,890.8430693464812,2573.57,2160.0,1600.8059306535179,1000.0,-0.0,100.0,-0.0,189.36422252591586
2021-03-31 18:00:00,126.0618227468605,2527.4799999999996,2160.0,2613.7641772531406,1000.0,-0.0,100.0,-0.0,84.08212820892645
2021-03-31 19:00:00,-0.0,2519.8399999999997,2160.0,2850.837966003701,1000.0,-0.0,79.87003399630028,-0.0,-0.0
2021-03-31 20:00:00,-0.0,2552.44,2160.0,2824.6289999999995,1000.0,-0.0,0.0,-0.0,-0.0
2021-03-31 21:00:00,-0.0,2620.79,2160.0,2562.8589999999995,1000.0,-0.0,0.0,-0.0,-0.0
2021-03-31 22:00:00,-0.0,2714.81,2160.0,2238.9770000000003,1000.0,-0.0,0.0,-0.0,-0.0
2021-03-31 23:00:00,-0.0,2820.21,2160.0,1941.844,1000.0,-0.0,0.0,-0.0,-0.0
2021-04-01 00:00:00,-0.0,2907.6000000000004,2160.0,1224.897,1000.0,-0.0,0.0,-0.0,-0.0
2021-04-01 01:00:00,-0.0,2986.36,2160.0,1002.8229999999999,1000.0,-0.0,0.0,-0.0,-0.0
2021-04-01 02:00:00,-0.0,3029.58,2160.0,863.402,1000.0,-0.0,0.0,-0.0,-0.0
2021-04-01 03:00:00,-0.0,3027.5800000000004,2160.0,867.1349999999998,1000.0,-0.0,0.0,-0.0,-0.0
2021-04-01 04:00:00,-0.0,2976.48,2160.0,1040.3349999999996,1000.0,-0.0,0.0,-0.0,-0.0
2021-04-01 05:00:00,-0.0,2878.8,2160.0,1357.946,1000.0,-0.0,0.0,-0.0,-0.0
2021-04-01 06:00:00,134.8867691993408,2743.2200000000003,2160.0,1616.5292308006592,1000.0,-0.0,0.0,-0.0,-0.0
2021-04-01 07:00:00,861.3358150088754,2583.53,2160.0,1275.7251849911245,1000.0,-0.0,0.0,-0.0,-0.0
2021-04-01 08:00:00,1798.0054821678507,2416.9,2160.0,649.5555178321495,1000.0,-0.0,0.0,-0.0,-0.0
2021-04-01 09:00:00,2741.4949887311973,2261.66,2160.0,-0.0,908.9400112688031,-0.0,0.0,-0.0,-0.0
2021-04-01 10:00:00,3536.804608998479,2134.95,2160.0,-0.0,211.1523910015212,-0.0,0.0,-0.0,-0.0
2021-04-01 11:00:00,4064.8532632792167,2050.51,1959.3437367207835,-0.0,-0.0,-0.0,0.0,100.0,95.0
2021-04-01 12:00:00,4249.607787397272,2016.93,1740.685212602728,-0.0,-0.0,-0.0,0.0,100.0,189.9905
2021-04-01 13:00:00,4064.8532632792167,2036.63,1872.1577367207829,-0.0,-0.0,-0.0,0.0,100.0,284.97150095
2021-04-01 14:00:00,3536.804608998479,2105.58,2160.0,-0.0,98.43839100152127,-0.0,0.0,-0.0,284.943003799905
2021-04-01 15:00:00,2741.4949887311973,2213.96,2160.0,-0.0,893.3450112688029,-0.0,0.0,-0.0,284.914509499525
2021-04-01 16:00:00,1798.0054821678507,2347.56,2160.0,793.2335178321503,1000.0,-0.0,100.0,-0.0,179.62286015383825
2021-04-01 17:00:00,861.3358150088754,2489.78,2160.0,1822.6321849911237,1000.0,-0.0,100.0,-0.0,74.34173997308604
2021-04-01 18:00:00,134.8867691993408,2623.9,2160.0,2645.8556402915247,1000.0,-0.0,70.61759050913429,-0.0,-0.0
2021-04-01 19:00:00,-0.0,2735.4,2160.0,2822.4230000000002,1000.0,-0.0,0.0,-0.0,-0.0
2021-04-01 20:00:00,-0.0,2813.9500000000003,2160.0,2669.6109999999994,1000.0,-0.0,0.0,-0.0,-0.0
2021-04-01 21:00:00,-0.0,2854.83,2160.0,2434.4259999999995,1000.0,-0.0,0.0,-0.0,-0.0
2021-04-01 22:00:00,-0.0,2859.53,2160.0,2198.876999999999,1000.0,-0.0,0.0,-0.0,-0.0
2021-04-01 23:00:00,-0.0,2835.59,2160.0,2029.9970000000003,1000.0,-0.0,0.0,-0.0,-0.0
2021-04-02 00:00:00,-0.0,2782.54,2160.0,1452.2349999999997,1000.0,-0.0,0.0,-0.0,-0.0
2021-04-02 01:00:00,-0.0,2742.0899999999997,2160.0,1348.0850000000005,1000.0,-0.0,0.0,-0.0,-0.0
2021-04-02 02:00:00,-0.0,2718.09,2160.0,1274.5010000000002,1000.0,-0.0,0.0,-0.0,-0.0
2021-04-02 03:00:00,-0.0,2726.0800000000004,2160.0,1266.7629999999995,1000.0,-0.0,0.0,-0.0,-0.0
2021-04-02 04:00:00,-0.0,2778.16,2160.0,1335.2080000000005,1000.0,-0.0,0.0,-0.0,-0.0
2021-04-02 05:00:00,-0.0,2881.25,2160.0,1450.379,1000.0,-0.0,0.0,-0.0,-0.0
2021-04-02 06:00:00,143.4703601738079,3036.03,2160.0,1408.2566398261915,1000.0,-0.0,0.0,-0.0,-0.0
2021-04-02 07:00:00,837.2312102175636,3236.79,2160.0,737.8367897824367,1000.0,-0.0,0.0,-0.0,-0.0
2021-04-02 08:00:00,1721.477229831686,3472.04,2160.0,-0.0,760.2687701683142,-0.0,0.0,-0.0,-0.0
2021-04-02 09:00:00,2608.6875898039693,3725.9399999999996,1824.7614101960312,-0.0,-0.0,-0.0,0.0,-0.0,-0.0
2021-04-02 10:00:00,3355.020613840586,3980.3300000000004,792.7333861594129,-0.0,-0.0,-0.0,0.0,-0.0,-0.0
2021-04-02 11:00:00,3849.991190429524,4217.02,-0.0,-0.0,-0.0,-0.0,0.0,9.327190429524308,8.860830908048092
2021-04-02 12:00:00,4023.080199776943,4064.835800223057,-0.0,-0.0,-0.0,-0.0,0.0,100.0,103.85994482495728
2021-04-02 13:00:00,3849.9911904295236,4201.977809570477,-0.0,-0.0,-0.0,-0.0,0.0,100.0,198.8495588304748
2021-04-02 14:00:00,3355.020613840586,4685.139999999999,-0.0,-0.0,-0.0,-0.0,0.0,63.45161384058565,259.1087070231481
2021-04-02 15:00:00,2608.6875898039693,4741.77,780.0734174569347,-0.0,-0.0,-0.0,0.0,48.36600726090446,305.030503050305
2021-04-02 16:00:00,1721.477229831686,4754.78,1893.3137701683142,-0.0,-0.0,-0.0,0.0,100.0,400.0
2021-04-02 17:00:00,837.2312102175636,4736.07,2160.0,-0.0,768.5537897824363,-0.0,0.0,-0.0,399.96
2021-04-02 18:00:00,143.4703601738079,4701.02,2160.0,596.1396398261909,1000.0,-0.0,100.0,-0.0,294.6568461052632
2021-04-02 19:00:00,-0.0,4666.22,2160.0,854.168999999999,1000.0,-0.0,100.0,-0.0,189.36422252591586
2021-04-02 20:00:00,-0.0,4647.22,2160.0,796.0389999999998,1000.0,-0.0,100.0,-0.0,84.08212820892645
2021-04-02 21:00:00,-0.0,4656.28,2160.0,609.8719660037009,1000.0,-0.0,79.87003399630028,-0.0,-0.0
2021-04-02 22:00:00,-0.0,4700.6900000000005,2160.0,411.4920000000002,1000.0,-0.0,0.0,-0.0,-0.0
2021-04-02 23:00:00,-0.0,4781.71,2160.0,134.60199999999986,1000.0,-0.0,0.0,-0.0,-0.0
2021-04-03 00:00:00,-0.0,4881.3,2124.885,-0.0,-0.0,-0.0,0.0,-0.0,-0.0
2021-04-03 01:00:00,-0.0,5014.999999999999,1843.4270000000006,-0.0,-0.0,-0.0,0.0,-0.0,-0.0
2021-04-03 02:00:00,-0.0,5154.990000000001,1602.6459999999997,-0.0,-0.0,-0.0,0.0,-0.0,-0.0
2021-04-03 03:00:00,-0.0,5284.32,1470.313,-0.0,-0.0,-0.0,0.0,-0.0,-0.0
2021-04-03 04:00:00,-0.0,5386.18,1485.679,-0.0,-0.0,-0.0,0.0,-0.0,-0.0
2021-04-03 05:00:00,-0.0,5446.15,1640.6290000000008,-0.0,-0.0,-0.0,0.0,-0.0,-0.0
2021-04-03 06:00:00,158.78096152264115,5454.24,1726.5070384773594,-0.0,-0.0,-0.0,0.0,-0.0,-0.0
2021-04-03 07:00:00,854.6459362465114,5406.26,1299.3080637534883,-0.0,-0.0,-0.0,0.0,-0.0,-0.0
2021-04-03 08:00:00,1731.9978532322582,5304.4800000000005,662.2151467677415,-0.0,-0.0,-0.0,0.0,-0.0,-0.0
2021-04-03 09:00:00,2608.9475110879835,5131.869488912016,-0.0,-0.0,-0.0,-0.0,0.0,-0.0,-0.0
2021-04-03 10:00:00,3345.1745480580503,4383.583630969519,-0.0,-0.0,-0.0,-0.0,0.0,22.75217902756864,21.61457007619021
2021-04-03 11:00:00,3832.8982717045933,3899.1777282954067,-0.0,-0.0,-0.0,-0.0,0.0,100.0,116.61240861918259
2021-04-03 12:00:00,4003.36950240587,3655.3874975941294,-0.0,-0.0,-0.0,-0.0,0.0,100.0,211.60074737832068
2021-04-03 13:00:00,3832.8982717045933,3786.3427282954067,-0.0,-0.0,-0.0,-0.0,0.0,100.0,306.57958730358285
2021-04-03 14:00:00,3345.1745480580503,4293.59,-0.0,-0.0,-0.0,-0.0,0.0,98.36954805804999,400.0
2021-04-03 15:00:00,2608.9475110879835,4203.39,829.9164889120161,-0.0,-0.0,-0.0,0.0,-0.0,399.96
2021-04-03 16:00:00,1731.9978532322582,4159.39,1934.7503530835313,-0.0,-0.0,-0.0,0.0,0.08420631578946756,400.0
2021-04-03 17:00:00,854.6459362465114,4157.84,2160.0,-0.0,882.2390637534888,-0.0,0.0,-0.0,399.96
2021-04-03 18:00:00,158.78096152264115,4189.26,2160.0,641.8440384773589,1000.0,-0.0,100.0,-0.0,294.6568461052632
2021-04-03 19:00:00,-0.0,4239.83,2160.0,826.1990000000005,1000.0,-0.0,100.0,-0.0,189.36422252591586
2021-04-03 20:00:00,-0.0,4293.37,2160.0,691.9160000000002,1000.0,-0.0,100.0,-0.0,84.08212820892645
2021-04-03 21:00:00,-0.0,4333.65,2160.0,470.92296600370037,1000.0,-0.0,79.87003399630028,-0.0,-0.0
2021-04-03 22:00:00,-0.0,4346.650000000001,2160.0,300.35499999999956,1000.0,-0.0,0.0,-0.0,-0.0
2021-04-03 23:00:00,-0.0,4322.599999999999,2160.0,124.95000000000073,1000.0,-0.0,0.0,-0.0,-0.0
2021-04-04 00:00:00,-0.0,4244.19,2160.0,-0.0,565.7530000000006,-0.0,0.0,-0.0,-0.0
2021-04-04 01:00:00,-0.0,4139.79,2160.0,-0.0,518.844,-0.0,0.0,-0.0,-0.0
2021-04-04 02:00:00,-0.0,4004.39,2160.0,-0.0,549.9230000000002,-0.0,0.0,-0.0,-0.0
2021-04-04 03:00:00,-0.0,3851.12,2160.0,-0.0,696.6840000000002,-0.0,0.0,-0.0,-0.0
2021-04-04 04:00:00,-0.0,3696.33,2160.0,-0.0,965.2210000000005,-0.0,0.0,-0.0,-0.0
2021-04-04 05:00:00,-0.0,3557.45,2160.0,315.5730000000003,1000.0,-0.0,0.0,-0.0,-0.0
2021-04-04 06:00:00,166.68999487907158,3450.61,2160.0,505.05600512092815,1000.0,-0.0,0.0,-0.0,-0.0
2021-04-04 07:00:00,834.1183434113941,3388.4900000000002,2160.0,117.05465658860521,1000.0,-0.0,0.0,-0.0,-0.0
2021-04-04 08:00:00,1667.0237208307224,3378.53,2160.0,-0.0,429.2472791692778,-0.0,0.0,-0.0,-0.0
2021-04-04 09:00:00,2496.4882355378636,3421.96,1755.1777644621366,-0.0,-0.0,-0.0,0.0,-0.0,-0.0
2021-04-04 10:00:00,3191.4806173796865,3513.52,930.5603826203128,-0.0,-0.0,-0.0,0.0,-0.0,-0.0
2021-04-04 11:00:00,3651.3989522387155,3642.17,264.85404776128416,-0.0,-0.0,-0.0,0.0,-0.0,-0.0
2021-04-04 12:00:00,3812.0612487694593,3769.8847512305406,-0.0,-0.0,-0.0,-0.0,0.0,100.0,95.0
2021-04-04 13:00:00,3651.3989522387155,3887.9260477612843,-0.0,-0.0,-0.0,-0.0,0.0,100.0,189.9905
2021-04-04 14:00:00,3191.4806173796865,4086.65,200.43623235834002,-0.0,-0.0,-0.0,0.0,21.13684973802645,210.05150820112513
2021-04-04 15:00:00,2496.4882355378636,4197.01,962.799764462136,-0.0,-0.0,-0.0,0.0,100.0,305.030503050305
2021-04-04 16:00:00,1667.0237208307224,4266.32,1903.822279169278,-0.0,-0.0,-0.0,0.0,100.0,400.0
2021-04-04 17:00:00,834.1183434113941,4288.86,2160.0,-0.0,679.9896565886061,-0.0,0.0,-0.0,399.96
2021-04-04 18:00:00,166.68999487907158,4265.3,2160.0,463.33500512092814,1000.0,-0.0,100.0,-0.0,294.6568461052632
2021-04-04 19:00:00,-0.0,4202.41,2160.0,766.3230000000003,1000.0,-0.0,100.0,-0.0,189.36422252591586
2021-04-04 20:00:00,-0.0,4112.1,2160.0,773.2239999999993,1000.0,-0.0,100.0,-0.0,84.08212820892645
2021-04-04 21:00:00,-0.0,4009.64,2160.0,692.3769660036996,1000.0,-0.0,79.87003399630028,-0.0,-0.0
2021-04-04 22:00:00,-0.0,3911.5,2160.0,630.4300000000003,1000.0,-0.0,0.0,-0.0,-0.0
2021-04-04 23:00:00,-0.0,3833.05,2160.0,506.9830000000002,1000.0,-0.0,0.0,-0.0,-0.0
2021-04-05 00:00:00,-0.0,3773.14,2160.0,363.0149999999999,1000.0,-0.0,0.0,-0.0,-0.0
2021-04-05 01:00:00,-0.0,3765.21,2160.0,217.35199999999986,1000.0,-0.0,0.0,-0.0,-0.0
2021-04-05 02:00:00,-0.0,3797.02,2160.0,79.01999999999998,1000.0,-0.0,0.0,-0.0,-0.0
2021-04-05 03:00:00,-0.0,3863.3,2160.0,4.113999999999578,1000.0,-0.0,0.0,-0.0,-0.0
2021-04-05 04:00:00,-0.0,3953.13,2160.0,26.001000000000204,1000.0,-0.0,0.0,-0.0,-0.0
2021-04-05 05:00:00,-0.0,4051.3900000000003,2160.0,137.26999999999953,1000.0,-0.0,0.0,-0.0,-0.0
2021-04-05 06:00:00,155.18538376044546,4140.79,2160.0,140.1636162395548,1000.0,-0.0,0.0,-0.0,-0.0
2021-04-05 07:00:00,726.7894189195532,4204.14,2160.0,-0.0,720.7545810804467,-0.0,0.0,-0.0,-0.0
2021-04-05 08:00:00,1433.2183372579982,4226.68,2160.0,-0.0,125.25366274200155,-0.0,0.0,-0.0,-0.0
2021-04-05 09:00:00,2134.2260402441484,4198.05,1650.1259597558515,-0.0,-0.0,-0.0,0.0,-0.0,-0.0
2021-04-05 10:00:00,2720.466119134053,4113.73,1129.781955607712,-0.0,-0.0,-0.0,0.0,21.121074741764055,20.065021004675852
2021-04-05 11:00:00,3107.9963763951428,3975.68,880.6586236048574,-0.0,-0.0,-0.0,0.0,100.0,115.06301450257538
2021-04-05 12:00:00,3243.310159132507,3792.11,851.1518408674929,-0.0,-0.0,-0.0,0.0,100.0,210.05150820112513
2021-04-05 13:00:00,3107.9963763951428,3576.42,1158.3476236048573,-0.0,-0.0,-0.0,0.0,100.0,305.030503050305
2021-04-05 14:00:00,2720.466119134053,3345.47,1793.845880865947,-0.0,-0.0,-0.0,0.0,100.0,400.0
2021-04-05 15:00:00,2134.2260402441484,3117.4,2160.0,-0.0,446.03695975585106,-0.0,0.0,-0.0,399.96
2021-04-05 16:00:00,1433.2183372579982,2909.2400000000002,2160.0,435.1876627420013,1000.0,-0.0,100.0,-0.0,294.6568461052632
2021-04-05 17:00:00,726.7894189195532,2734.7500000000005,2160.0,1541.1255810804473,1000.0,-0.0,100.0,-0.0,189.36422252591586
2021-04-05 18:00:00,155.18538376044546,2602.65,2160.0,2436.506616239555,1000.0,-0.0,100.0,-0.0,84.08212820892645
2021-04-05 19:00:00,-0.0,2515.5499999999997,2160.0,2771.753966003701,1000.0,-0.0,79.87003399630028,-0.0,-0.0
2021-04-05 20:00:00,-0.0,2469.78,2160.0,2813.5129999999995,1000.0,-0.0,0.0,-0.0,-0.0
2021-04-05 21:00:00,-0.0,2455.96,2160.0,2623.5289999999995,1000.0,-0.0,0.0,-0.0,-0.0
2021-04-05 22:00:00,-0.0,2460.4100000000003,2160.0,2378.859,1000.0,-0.0,0.0,-0.0,-0.0
2021-04-05 23:00:00,-0.0,2467.15,2160.0,2170.064,1000.0,-0.0,0.0,-0.0,-0.0
2021-04-06 00:00:00,-0.0,2446.93,2160.0,1550.1560000000004,1000.0,-0.0,0.0,-0.0,-0.0
2021-04-06 01:00:00,-0.0,2412.56,2160.0,1430.9860000000003,1000.0,-0.0,0.0,-0.0,-0.0
2021-04-06 02:00:00,-0.0,2341.32,2160.0,1395.8609999999994,1000.0,-0.0,0.0,-0.0,-0.0
2021-04-06 03:00:00,-0.0,2229.42,2160.0,1499.3980000000001,1000.0,-0.0,0.0,-0.0,-0.0
2021-04-06 04:00:00,-0.0,2079.35,2160.0,1761.5520000000001,1000.0,-0.0,0.0,-0.0,-0.0
2021-04-06 05:00:00,-0.0,1899.67,2160.0,2151.233,1000.0,-0.0,0.0,-0.0,-0.0
2021-04-06 06:00:00,143.10523265578803,1703.9499999999998,2160.0,2451.903767344212,1000.0,-0.0,0.0,-0.0,-0.0
2021-04-06 07:00:00,630.8784651183336,1509.02,2160.0,2375.2845348816663,1000.0,-0.0,0.0,-0.0,-0.0
2021-04-06 08:00:00,1228.1961415888406,1332.78,2160.0,2088.4578584111596,1000.0,-0.0,0.0,-0.0,-0.0
2021-04-06 09:00:00,1818.867259510986,1191.85,2160.0,1676.851740489015,1000.0,-0.0,0.0,-0.0,-0.0
2021-04-06 10:00:00,2311.9193694798187,1099.3899999999999,2160.0,1237.7006305201821,1000.0,-0.0,0.0,-0.0,-0.0
2021-04-06 11:00:00,2637.507909319538,1063.31,2160.0,870.7580906804615,1000.0,-0.0,0.0,-0.0,-0.0
2021-04-06 12:00:00,2751.136830647722,1085.3,2160.0,658.5631693522778,1000.0,-0.0,0.0,-0.0,-0.0
2021-04-06 13:00:00,2637.507909319538,1160.55,2160.0,654.4200906804617,1000.0,-0.0,0.0,-0.0,-0.0
2021-04-06 14:00:00,2311.9193694798187,1278.43,2160.0,880.529630520181,1000.0,-0.0,0.0,-0.0,-0.0
2021-04-06 15:00:00,1818.867259510986,1423.8700000000001,2160.0,1327.503740489014,1000.0,-0.0,0.0,-0.0,-0.0
2021-04-06 16:00:00,1228.1961415888406,1579.3999999999999,2160.0,1944.2028584111595,1000.0,-0.0,0.0,-0.0,-0.0
2021-04-06 17:00:00,630.8784651183336,1727.44,2160.0,2620.1705348816654,1000.0,-0.0,0.0,-0.0,-0.0
2021-04-06 18:00:00,143.10523265578803,1852.6100000000001,2160.0,3176.212767344211,1000.0,-0.0,0.0,-0.0,-0.0
2021-04-06 19:00:00,-0.0,1943.74,2160.0,3302.8729999999996,1000.0,-0.0,0.0,-0.0,-0.0
2021-04-06 20:00:00,-0.0,1995.3000000000002,2160.0,3169.374999999999,1000.0,-0.0,0.0,-0.0,-0.0
2021-04-06 21:00:00,-0.0,2008.0300000000002,2160.0,2954.872,1000.0,-0.0,0.0,-0.0,-0.0
2021-04-06 22:00:00,-0.0,1988.76,2160.0,2736.0379999999996,1000.0,-0.0,0.0,-0.0,-0.0
2021-04-06 23:00:00,-0.0,1949.36,2160.0,2575.585,1000.0,-0.0,0.0,-0.0,-0.0
2021-04-07 00:00:00,-0.0,1891.68,2160.0,1995.375,1000.0,-0.0,0.0,-0.0,-0.0
2021-04-07 01:00:00,-0.0,1858.72,2160.0,1877.1589999999997,1000.0,-0.0,0.0,-0.0,-0.0
2021-04-07 02:00:00,-0.0,1852.3200000000002,2160.0,1779.6370000000002,1000.0,-0.0,0.0,-0.0,-0.0
2021-04-07 03:00:00,-0.0,1884.2700000000002,2160.0,1741.8439999999991,1000.0,-0.0,0.0,-0.0,-0.0
2021-04-07 04:00:00,-0.0,1961.29,2160.0,1779.5010000000002,1000.0,-0.0,0.0,-0.0,-0.0
2021-04-07 05:00:00,-0.0,2083.99,2160.0,1869.4679999999998,1000.0,-0.0,0.0,-0.0,-0.0
2021-04-07 06:00:00,162.98921088287017,2246.64,2160.0,1794.6207891171298,1000.0,-0.0,0.0,-0.0,-0.0
2021-04-07 07:00:00,679.7869867269952,2437.89,2160.0,1305.600013273005,1000.0,-0.0,0.0,-0.0,-0.0
2021-04-07 08:00:00,1307.1503259091373,2642.12,2160.0,611.1266740908627,1000.0,-0.0,0.0,-0.0,-0.0
2021-04-07 09:00:00,1925.4473631607864,2841.5,2160.0,-0.0,834.5156368392134,-0.0,0.0,-0.0,-0.0
2021-04-07 10:00:00,2440.6237252808232,3018.27,2160.0,-0.0,107.00227471917651,-0.0,0.0,-0.0,-0.0
2021-04-07 11:00:00,2780.4708041293184,3157.07,1813.9701958706823,-0.0,-0.0,-0.0,0.0,100.0,95.0
2021-04-07 12:00:00,2899.02585264977,3246.9500000000003,1532.0651473502303,-0.0,-0.0,-0.0,0.0,100.0,189.9905
2021-04-07 13:00:00,2780.4708041293184,3282.77,1575.4351958706825,-0.0,-0.0,-0.0,0.0,100.0,284.97150095
2021-04-07 14:00:00,2440.6237252808232,3265.8700000000003,1953.7902747191756,-0.0,-0.0,-0.0,0.0,100.0,379.943003799905
2021-04-07 15:00:00,1925.4473631607864,3203.84,2160.0,-0.0,373.6126368392131,-0.0,0.0,-0.0,379.905009499525
2021-04-07 16:00:00,1307.1503259091373,3109.4500000000003,2160.0,171.1576740908622,1000.0,-0.0,100.0,-0.0,274.60386110383826
2021-04-07 17:00:00,679.7869867269952,2998.9900000000002,2160.0,1139.0110132730042,1000.0,-0.0,100.0,-0.0,169.31324282299107
2021-04-07 18:00:00,162.98921088287017,2890.02,2160.0,1961.5977891171297,1000.0,-0.0,100.0,-0.0,64.03315360397194
2021-04-07 19:00:00,-0.0,2799.01,2160.0,2332.871587225819,1000.0,-0.0,60.82541277418096,-0.0,-0.0
2021-04-07 20:00:00,-0.0,2739.22,2160.0,2374.998000000001,1000.0,-0.0,0.0,-0.0,-0.0
2021-04-07 21:00:00,-0.0,2718.87,2160.0,2197.053,1000.0,-0.0,0.0,-0.0,-0.0
2021-04-07 22:00:00,-0.0,2740.17,2160.0,1941.156,1000.0,-0.0,0.0,-0.0,-0.0
2021-04-07 23:00:00,-0.0,2799.04,2160.0,1685.9620000000004,1000.0,-0.0,0.0,-0.0,-0.0
2021-04-08 00:00:00,-0.0,2872.36,2160.0,978.2629999999995,1000.0,-0.0,0.0,-0.0,-0.0
2021-04-08 01:00:00,-0.0,2972.96,2160.0,730.0569999999998,1000.0,-0.0,0.0,-0.0,-0.0
2021-04-08 02:00:00,-0.0,3071.2400000000002,2160.0,531.44,1000.0,-0.0,0.0,-0.0,-0.0
2021-04-08 03:00:00,-0.0,3151.02,2160.0,449.4140000000002,1000.0,-0.0,0.0,-0.0,-0.0
2021-04-08 04:00:00,-0.0,3198.47,2160.0,520.248,1000.0,-0.0,0.0,-0.0,-0.0
2021-04-08 05:00:00,-0.0,3204.0600000000004,2160.0,730.9369999999999,1000.0,-0.0,0.0,-0.0,-0.0
2021-04-08 06:00:00,215.54281906973023,3164.0,2160.0,809.8611809302702,1000.0,-0.0,0.0,-0.0,-0.0
2021-04-08 07:00:00,854.2189227084881,3080.82,2160.0,477.0080772915112,1000.0,-0.0,0.0,-0.0,-0.0
2021-04-08 08:00:00,1623.1403440463341,2963.19,2160.0,-0.0,966.4486559536663,-0.0,0.0,-0.0,-0.0
2021-04-08 09:00:00,2378.483972595441,2824.8,2160.0,-0.0,394.16802740455887,-0.0,0.0,-0.0,-0.0
2021-04-08 10:00:00,3006.719904659631,2682.6899999999996,2136.0720953403693,-0.0,-0.0,-0.0,0.0,100.0,95.0
2021-04-08 11:00:00,3420.7435670841633,2554.99,1778.9484329158367,-0.0,-0.0,-0.0,0.0,100.0,189.9905
2021-04-08 12:00:00,3565.1050859460197,2458.59,1661.08591405398,-0.0,-0.0,-0.0,0.0,100.0,284.97150095
2021-04-08 13:00:00,3420.7435670841633,2406.94,1821.284432915837,-0.0,-0.0,-0.0,0.0,100.0,379.943003799905
2021-04-08 14:00:00,3006.7199046596315,2408.2999999999997,2160.0,-0.0,-0.0,-0.0,0.0,0.9139046596314984,380.77321892617493
2021-04-08 15:00:00,2378.483972595441,2464.7,2160.0,-0.0,677.0440274045591,-0.0,0.0,-0.0,380.7351416042823
2021-04-08 16:00:00,1623.1403440463341,2571.6899999999996,2160.0,413.7346559536659,1000.0,-0.0,100.0,-0.0,275.43391019538507
2021-04-08 17:00:00,854.2189227084881,2719.02,2160.0,1268.8040772915115,1000.0,-0.0,100.0,-0.0,170.1432089096287
2021-04-08 18:00:00,215.54281906973023,2892.0,2160.0,1934.7341809302698,1000.0,-0.0,100.0,-0.0,64.86303669400091
2021-04-08 19:00:00,-0.0,3073.54,2160.0,2088.604277129185,1000.0,-0.0,61.61372287081493,-0.0,-0.0
2021-04-08 20:00:00,-0.0,3246.42,2160.0,1902.1890000000003,1000.0,-0.0,0.0,-0.0,-0.0
2021-04-08 21:00:00,-0.0,3395.6,2160.0,1558.0130000000004,1000.0,-0.0,0.0,-0.0,-0.0
2021-04-08 22:00:00,-0.0,3510.27,2160.0,1212.0000000000005,1000.0,-0.0,0.0,-0.0,-0.0
2021-04-08 23:00:00,-0.0,3585.1699999999996,2160.0,943.9840000000008,1000.0,-0.0,0.0,-0.0,-0.0
2021-04-09 00:00:00,-0.0,3607.9,2160.0,289.99500000000035,1000.0,-0.0,0.0,-0.0,-0.0
2021-04-09 01:00:00,-0.0,3612.39,2160.0,141.00400000000036,1000.0,-0.0,0.0,-0.0,-0.0
2021-04-09 02:00:00,-0.0,3597.2799999999997,2160.0,58.827000000000226,1000.0,-0.0,0.0,-0.0,-0.0
2021-04-09 03:00:00,-0.0,3577.9100000000003,2160.0,78.94199999999955,1000.0,-0.0,0.0,-0.0,-0.0
2021-04-09 04:00:00,-0.0,3570.7400000000002,2160.0,207.32799999999997,1000.0,-0.0,0.0,-0.0,-0.0
2021-04-09 05:00:00,-0.0,3590.9799999999996,2160.0,406.2360000000008,1000.0,-0.0,0.0,-0.0,-0.0
2021-04-09 06:00:00,265.5714776404529,3650.4500000000003,2160.0,338.4045223595472,1000.0,-0.0,0.0,-0.0,-0.0
2021-04-09 07:00:00,1004.0078455246398,3755.83,2160.0,-0.0,719.9671544753605,-0.0,0.0,-0.0,-0.0
2021-04-09 08:00:00,1886.0507228266422,3907.64,1989.5122771733584,-0.0,-0.0,-0.0,0.0,-0.0,-0.0
2021-04-09 09:00:00,2749.7691496056473,4100.04,980.660850394353,-0.0,-0.0,-0.0,0.0,-0.0,-0.0
2021-04-09 10:00:00,3466.9043494046755,4321.47,12.644650595324492,-0.0,-0.0,-0.0,0.0,-0.0,-0.0
2021-04-09 11:00:00,3939.0451732143697,3814.7379015273946,-0.0,-0.0,-0.0,-0.0,0.0,21.121074741764055,20.065021004675852
2021-04-09 12:00:00,4103.600100403325,3661.524899596675,-0.0,-0.0,-0.0,-0.0,0.0,100.0,115.06301450257538
2021-04-09 13:00:00,3939.0451732143697,3792.55082678563,-0.0,-0.0,-0.0,-0.0,0.0,100.0,210.05150820112513
2021-04-09 14:00:00,3466.9043494046755,4292.031650595324,-0.0,-0.0,-0.0,-0.0,0.0,100.0,305.030503050305
2021-04-09 15:00:00,2749.7691496056473,5117.4058503943525,-0.0,-0.0,-0.0,-0.0,0.0,100.0,400.0
2021-04-09 16:00:00,1886.0507228266422,5341.12,730.3712771733583,-0.0,-0.0,-0.0,0.0,-0.0,399.96
2021-04-09 17:00:00,1004.0078455246398,5348.95,1840.089360791149,-0.0,-0.0,-0.0,0.0,0.08420631578946756,400.0
2021-04-09 18:00:00,265.5714776404529,5309.27,2160.0,-0.0,560.2085223595459,-0.0,100.0,-0.0,294.69684210526316
2021-04-09 19:00:00,-0.0,5234.43,2160.0,-0.0,983.8629999999994,-0.0,100.0,-0.0,189.4042145263158
2021-04-09 20:00:00,-0.0,5140.240000000001,2160.0,4.573999999999614,1000.0,-0.0,100.0,-0.0,84.12211621012632
2021-04-09 21:00:00,-0.0,5043.79,2160.0,-0.0,927.69498120142,-0.0,79.90801879858006,-0.0,-0.0
2021-04-09 22:00:00,-0.0,4961.15,2160.0,-0.0,860.3810000000003,-0.0,0.0,-0.0,-0.0
2021-04-09 23:00:00,-0.0,4905.11,2160.0,-0.0,724.6880000000001,-0.0,0.0,-0.0,-0.0
2021-04-10 00:00:00,-0.0,4870.0199999999995,1853.6260000000002,-0.0,-0.0,-0.0,0.0,-0.0,-0.0
2021-04-10 01:00:00,-0.0,4884.67,1695.661,-0.0,-0.0,-0.0,0.0,-0.0,-0.0
2021-04-10 02:00:00,-0.0,4931.14,1552.991,-0.0,-0.0,-0.0,0.0,-0.0,-0.0
2021-04-10 03:00:00,-0.0,4999.41,1486.4530000000004,-0.0,-0.0,-0.0,0.0,-0.0,-0.0
2021-04-10 04:00:00,-0.0,5075.24,1532.7240000000002,-0.0,-0.0,-0.0,0.0,-0.0,-0.0
2021-04-10 05:00:00,-0.0,5142.2,1685.6940000000004,-0.0,-0.0,-0.0,0.0,-0.0,-0.0
2021-04-10 06:00:00,291.6935666838745,5183.950000000001,1610.1414333161247,-0.0,-0.0,-0.0,0.0,-0.0,-0.0
2021-04-10 07:00:00,1055.5898431974472,5186.539999999999,1069.6091568025533,-0.0,-0.0,-0.0,0.0,-0.0,-0.0
2021-04-10 08:00:00,1961.2112941207326,5140.39,354.0087058792667,-0.0,-0.0,-0.0,0.0,-0.0,-0.0
2021-04-10 09:00:00,2845.2840328788457,4657.9599671211545,-0.0,-0.0,-0.0,-0.0,0.0,-0.0,-0.0
2021-04-10 10:00:00,3578.082584340726,3917.0944904010375,-0.0,-0.0,-0.0,-0.0,0.0,21.121074741764055,20.065021004675852
2021-04-10 11:00:00,4060.069473932956,3445.7865260670437,-0.0,-0.0,-0.0,-0.0,0.0,100.0,115.06301450257538
2021-04-10 12:00:00,4227.978623406094,3210.3933765939064,-0.0,-0.0,-0.0,-0.0,0.0,100.0,210.05150820112513
2021-04-10 13:00:00,4060.069473932956,3344.720526067044,-0.0,-0.0,-0.0,-0.0,0.0,100.0,305.030503050305
2021-04-10 14:00:00,3578.082584340726,3853.8894156592737,-0.0,-0.0,-0.0,-0.0,0.0,100.0,400.0
2021-04-10 15:00:00,2845.2840328788457,3846.87,747.7939671211548,-0.0,-0.0,-0.0,0.0,-0.0,399.96
2021-04-10 16:00:00,1961.2112941207326,3693.16,1975.6609121950576,-0.0,-0.0,-0.0,0.0,0.08420631578946756,400.0
2021-04-10 17:00:00,1055.5898431974472,3587.61,2160.0,-0.0,1000.0,-0.0,61.69715680255263,-0.0,335.01562441836563
2021-04-10 18:00:00,291.6935666838745,3532.75,2160.0,981.9654333161252,1000.0,-0.0,100.0,-0.0,229.718964961187
2021-04-10 19:00:00,-0.0,3524.64,2160.0,1364.3309999999997,1000.0,-0.0,100.0,-0.0,124.43283516995406
2021-04-10 20:00:00,-0.0,3553.5899999999997,2160.0,1261.1200000000003,1000.0,-0.0,100.0,-0.0,19.157233991700238
2021-04-10 21:00:00,-0.0,3605.51,2160.0,1096.6964476451144,1000.0,-0.0,18.197552354886017,-0.0,-0.0
2021-04-10 22:00:00,-0.0,3663.88,2160.0,825.6750000000002,1000.0,-0.0,0.0,-0.0,-0.0
2021-04-10 23:00:00,-0.0,3712.13,2160.0,584.6059999999998,1000.0,-0.0,0.0,-0.0,-0.0
2021-04-11 00:00:00,-0.0,3722.31,2160.0,-0.0,943.2059999999997,-0.0,0.0,-0.0,-0.0
2021-04-11 01:00:00,-0.0,3711.29,2160.0,-0.0,809.6260000000002,-0.0,0.0,-0.0,-0.0
2021-04-11 02:00:00,-0.0,3660.93,2160.0,-0.0,762.4020000000005,-0.0,0.0,-0.0,-0.0
2021-04-11 03:00:00,-0.0,3572.86,2160.0,-0.0,850.7239999999997,-0.0,0.0,-0.0,-0.0
2021-04-11 04:00:00,-0.0,3454.7299999999996,2160.0,89.37900000000081,1000.0,-0.0,0.0,-0.0,-0.0
2021-04-11 05:00:00,-0.0,3319.2,2160.0,443.1700000000001,1000.0,-0.0,0.0,-0.0,-0.0
2021-04-11 06:00:00,314.57901688111997,3182.16,2160.0,521.7589831188798,1000.0,-0.0,0.0,-0.0,-0.0
2021-04-11 07:00:00,1093.0494511054858,3060.56,2160.0,88.98954889451443,1000.0,-0.0,0.0,-0.0,-0.0
2021-04-11 08:00:00,2009.3709948873536,2970.1,2160.0,-0.0,405.0550051126463,-0.0,0.0,-0.0,-0.0
2021-04-11 09:00:00,2901.2104291558894,2923.0099999999998,1765.9095708441114,-0.0,-0.0,-0.0,0.0,-0.0,-0.0
2021-04-11 10:00:00,3639.219783502053,2926.36,993.2452164979472,-0.0,-0.0,-0.0,0.0,-0.0,-0.0
2021-04-11 11:00:00,4124.189579258446,2980.9900000000002,383.24542074155306,-0.0,-0.0,-0.0,0.0,-0.0,-0.0
2021-04-11 12:00:00,4293.064150643637,3081.33,65.38392409812786,-0.0,-0.0,-0.0,0.0,21.121074741764055,20.065021004675852
2021-04-11 13:00:00,4124.189579258446,3216.04,142.48042074155364,-0.0,-0.0,-0.0,0.0,100.0,115.06301450257538
2021-04-11 14:00:00,3639.219783502053,3369.45,498.7802164979471,-0.0,-0.0,-0.0,0.0,100.0,210.05150820112513
2021-04-11 15:00:00,2901.2104291558894,3523.56,1188.1355708441106,-0.0,-0.0,-0.0,0.0,100.0,305.030503050305
2021-04-11 16:00:00,2009.3709948873536,3660.33,2130.611005112646,-0.0,-0.0,-0.0,0.0,100.0,400.0
2021-04-11 17:00:00,1093.0494511054858,3764.0600000000004,2160.0,-0.0,915.4865488945134,-0.0,0.0,-0.0,399.96
2021-04-11 18:00:00,314.57901688111997,3823.35,2160.0,733.4419831188802,1000.0,-0.0,100.0,-0.0,294.6568461052632
2021-04-11 19:00:00,-0.0,3832.53,2160.0,1118.599999999999,1000.0,-0.0,100.0,-0.0,189.36422252591586
2021-04-11 20:00:00,-0.0,3792.35,2160.0,1081.65,1000.0,-0.0,100.0,-0.0,84.08212820892645
2021-04-11 21:00:00,-0.0,3709.7400000000002,2160.0,987.1529660036995,1000.0,-0.0,79.87003399630028,-0.0,-0.0
2021-04-11 22:00:00,-0.0,3596.78,2160.0,946.1429999999996,1000.0,-0.0,0.0,-0.0,-0.0
2021-04-11 23:00:00,-0.0,3468.9900000000002,2160.0,878.0629999999996,1000.0,-0.0,0.0,-0.0,-0.0
2021-04-12 00:00:00,-0.0,3329.58,2160.0,819.2740000000003,1000.0,-0.0,0.0,-0.0,-0.0
2021-04-12 01:00:00,-0.0,3221.39,2160.0,779.7059999999997,1000.0,-0.0,0.0,-0.0,-0.0
2021-04-12 02:00:00,-0.0,3143.2900000000004,2160.0,757.0149999999999,1000.0,-0.0,0.0,-0.0,-0.0
2021-04-12 03:00:00,-0.0,3102.71,2160.0,794.5919999999996,1000.0,-0.0,0.0,-0.0,-0.0
2021-04-12 04:00:00,-0.0,3101.08,2160.0,913.4480000000003,1000.0,-0.0,0.0,-0.0,-0.0
2021-04-12 05:00:00,-0.0,3133.57,2160.0,1095.8780000000002,1000.0,-0.0,0.0,-0.0,-0.0
2021-04-12 06:00:00,355.7455973873603,3189.75,2160.0,936.7014026126399,1000.0,-0.0,0.0,-0.0,-0.0
2021-04-12 07:00:00,1190.1362392867695,3255.0099999999998,2160.0,257.7367607132305,1000.0,-0.0,0.0,-0.0,-0.0
2021-04-12 08:00:00,2165.571309375854,3312.55,2160.0,-0.0,363.2406906241458,-0.0,0.0,-0.0,-0.0
2021-04-12 09:00:00,3112.1984371533713,3345.68,1585.6075628466292,-0.0,-0.0,-0.0,0.0,-0.0,-0.0
2021-04-12 10:00:00,3894.2768263439334,3340.11,795.4092483978316,-0.0,-0.0,-0.0,0.0,21.121074741764055,20.065021004675852
2021-04-12 11:00:00,4407.732757107877,3285.98,341.03224289212267,-0.0,-0.0,-0.0,0.0,100.0,115.06301450257538
2021-04-12 12:00:00,4586.453394275603,3179.21,195.76260572439696,-0.0,-0.0,-0.0,0.0,100.0,210.05150820112513
2021-04-12 13:00:00,4407.732757107877,3022.2,491.9772428921233,-0.0,-0.0,-0.0,0.0,100.0,305.030503050305
2021-04-12 14:00:00,3894.2768263439334,2823.54,1225.247173656067,-0.0,-0.0,-0.0,0.0,100.0,400.0
2021-04-12 15:00:00,3112.1984371533713,2596.98,2160.0,-0.0,75.74456284662847,-0.0,0.0,-0.0,399.96
2021-04-12 16:00:00,2165.571309375854,2359.7000000000003,2160.0,343.4516906241456,1000.0,-0.0,100.0,-0.0,294.6568461052632
2021-04-12 17:00:00,1190.1362392867695,2130.1,2160.0,1777.1577607132308,1000.0,-0.0,100.0,-0.0,189.36422252591586
2021-04-12 18:00:00,355.7455973873603,1925.4299999999998,2160.0,3011.3784026126395,1000.0,-0.0,100.0,-0.0,84.08212820892645
2021-04-12 19:00:00,-0.0,1759.6000000000001,2160.0,3629.2279660036993,1000.0,-0.0,79.87003399630028,-0.0,-0.0
2021-04-12 20:00:00,-0.0,1641.43,2160.0,3746.5249999999996,1000.0,-0.0,0.0,-0.0,-0.0
2021-04-12 21:00:00,-0.0,1573.59,2160.0,3613.521999999999,1000.0,-0.0,0.0,-0.0,-0.0
2021-04-12 22:00:00,-0.0,1552.3799999999999,2160.0,3397.294,1000.0,-0.0,0.0,-0.0,-0.0
2021-04-12 23:00:00,-0.0,1568.33,2160.0,3181.889,1000.0,-0.0,0.0,-0.0,-0.0
2021-04-13 00:00:00,-0.0,1594.03,2160.0,2518.2530000000006,1000.0,-0.0,0.0,-0.0,-0.0
2021-04-13 01:00:00,-0.0,1640.55,2160.0,2320.424,1000.0,-0.0,0.0,-0.0,-0.0
2021-04-13 02:00:00,-0.0,1678.02,2160.0,2178.6330000000003,1000.0,-0.0,0.0,-0.0,-0.0
2021-04-13 03:00:00,-0.0,1692.44,2160.0,2157.704,1000.0,-0.0,0.0,-0.0,-0.0
2021-04-13 04:00:00,-0.0,1673.98,2160.0,2289.9109999999996,1000.0,-0.0,0.0,-0.0,-0.0
2021-04-13 05:00:00,-0.0,1618.48,2160.0,2556.8830000000003,1000.0,-0.0,0.0,-0.0,-0.0
2021-04-13 06:00:00,390.20992192723594,1527.9699999999998,2160.0,2506.5160780727642,1000.0,-0.0,0.0,-0.0,-0.0
2021-04-13 07:00:00,1260.0117444725722,1410.57,2160.0,1971.421255527428,1000.0,-0.0,0.0,-0.0,-0.0
2021-04-13 08:00:00,2270.22675780355,1279.32,2160.0,1227.59424219645,1000.0,-0.0,0.0,-0.0,-0.0
2021-04-13 09:00:00,3247.8340271947527,1150.55,2160.0,417.58197280524746,1000.0,-0.0,0.0,-0.0,-0.0
2021-04-13 10:00:00,4054.2459994506394,1041.6100000000001,2160.0,-0.0,682.0450005493599,-0.0,0.0,-0.0,-0.0
2021-04-13 11:00:00,4583.192001021425,968.5699999999999,2160.0,-0.0,149.0009989785749,-0.0,0.0,-0.0,-0.0
2021-04-13 12:00:00,4767.234835909441,944.02,2160.0,-0.0,-0.0,-0.0,0.0,86.96883590944162,82.62039411396954
2021-04-13 13:00:00,4583.192001021425,975.3399999999999,2160.0,-0.0,23.13399897857471,-0.0,0.0,-0.0,82.61213207455815
2021-04-13 14:00:00,4054.2459994506394,1063.66,2160.0,-0.0,481.8640005493612,-0.0,0.0,-0.0,82.60387086135069
2021-04-13 15:00:00,3247.8340271947527,1203.6299999999999,2160.0,168.70814285469578,1000.0,-0.0,78.46582995055132,-0.0,-0.0
2021-04-13 16:00:00,2270.22675780355,1384.1200000000001,2160.0,1225.1592421964506,1000.0,-0.0,0.0,-0.0,-0.0
2021-04-13 17:00:00,1260.0117444725722,1589.58,2160.0,2255.716255527429,1000.0,-0.0,0.0,-0.0,-0.0
2021-04-13 18:00:00,390.20992192723594,1802.1000000000001,2160.0,3105.3550780727646,1000.0,-0.0,0.0,-0.0,-0.0
2021-04-13 19:00:00,-0.0,2003.6799999999998,2160.0,3367.393,1000.0,-0.0,0.0,-0.0,-0.0
2021-04-13 20:00:00,-0.0,2178.59,2160.0,3109.0740000000005,1000.0,-0.0,0.0,-0.0,-0.0
2021-04-13 21:00:00,-0.0,2315.33,2160.0,2768.897000000001,1000.0,-0.0,0.0,-0.0,-0.0
2021-04-13 22:00:00,-0.0,2408.1,2160.0,2436.1700000000005,1000.0,-0.0,0.0,-0.0,-0.0
2021-04-13 23:00:00,-0.0,2457.45,2160.0,2184.923,1000.0,-0.0,0.0,-0.0,-0.0
2021-04-14 00:00:00,-0.0,2456.37,2160.0,1545.688,1000.0,-0.0,0.0,-0.0,-0.0
2021-04-14 01:00:00,-0.0,2443.96,2160.0,1404.505,1000.0,-0.0,0.0,-0.0,-0.0
2021-04-14 02:00:00,-0.0,2421.71,2160.0,1320.232,1000.0,-0.0,0.0,-0.0,-0.0
2021-04-14 03:00:00,-0.0,2405.98,2160.0,1327.337,1000.0,-0.0,0.0,-0.0,-0.0
2021-04-14 04:00:00,-0.0,2412.0,2160.0,1433.0330000000004,1000.0,-0.0,0.0,-0.0,-0.0
2021-04-14 05:00:00,-0.0,2451.71,2160.0,1602.8519999999999,1000.0,-0.0,0.0,-0.0,-0.0
2021-04-14 06:00:00,375.3263341164259,2532.01,2160.0,1394.705665883574,1000.0,-0.0,0.0,-0.0,-0.0
2021-04-14 07:00:00,1172.4492147698068,2653.76,2160.0,691.3767852301933,1000.0,-0.0,0.0,-0.0,-0.0
2021-04-14 08:00:00,2092.477731149876,2811.5099999999998,2160.0,-0.0,747.0672688501245,-0.0,0.0,-0.0,-0.0
2021-04-14 09:00:00,2980.3688373421974,2994.25,1873.686162657803,-0.0,-0.0,-0.0,0.0,-0.0,-0.0
2021-04-14 10:00:00,3711.6449927119947,3186.7200000000003,910.394007288005,-0.0,-0.0,-0.0,0.0,-0.0,-0.0
2021-04-14 11:00:00,4190.896520220076,3371.49,167.85047977992417,-0.0,-0.0,-0.0,0.0,-0.0,-0.0
2021-04-14 12:00:00,4357.574137895147,3394.9008621048533,-0.0,-0.0,-0.0,-0.0,0.0,100.0,95.0
2021-04-14 13:00:00,4190.896520220076,3517.7704797799242,-0.0,-0.0,-0.0,-0.0,0.0,100.0,189.9905
2021-04-14 14:00:00,3711.6449927119947,3720.4700000000003,269.8771595849539,-0.0,-0.0,-0.0,0.0,76.30815229694863,262.4642456321012
2021-04-14 15:00:00,2980.3688373421974,3734.8199999999997,1108.3761626578025,-0.0,-0.0,-0.0,0.0,100.0,357.437999207538
2021-04-14 16:00:00,2092.4777311498765,3695.91,2160.0,-0.0,-0.0,-0.0,0.0,44.83973114987657,400.0
2021-04-14 17:00:00,1172.4492147698068,3611.81,2160.0,84.30878523019351,1000.0,-0.0,100.0,-0.0,294.69684210526316
2021-04-14 18:00:00,375.3263341164259,3495.78,2160.0,1189.1386658835745,1000.0,-0.0,100.0,-0.0,189.4042145263158
2021-04-14 19:00:00,-0.0,3364.55,2160.0,1768.5269999999991,1000.0,-0.0,100.0,-0.0,84.12211621012632
2021-04-14 20:00:00,-0.0,3236.08,2160.0,1833.20798120142,1000.0,-0.0,79.90801879858006,-0.0,-0.0
2021-04-14 21:00:00,-0.0,3127.29,2160.0,1818.1019999999999,1000.0,-0.0,0.0,-0.0,-0.0
2021-04-14 22:00:00,-0.0,3051.76,2160.0,1653.4119999999994,1000.0,-0.0,0.0,-0.0,-0.0
2021-04-14 23:00:00,-0.0,3018.0699999999997,2160.0,1485.0470000000005,1000.0,-0.0,0.0,-0.0,-0.0
2021-04-15 00:00:00,-0.0,3015.02,2160.0,847.7189999999996,1000.0,-0.0,0.0,-0.0,-0.0
2021-04-15 01:00:00,-0.0,3066.11,2160.0,643.0889999999995,1000.0,-0.0,0.0,-0.0,-0.0
2021-04-15 02:00:00,-0.0,3148.14,2160.0,454.69399999999996,1000.0,-0.0,0.0,-0.0,-0.0
2021-04-15 03:00:00,-0.0,3247.29,2160.0,347.1809999999996,1000.0,-0.0,0.0,-0.0,-0.0
2021-04-15 04:00:00,-0.0,3347.4100000000003,2160.0,359.145,1000.0,-0.0,0.0,-0.0,-0.0
2021-04-15 05:00:00,-0.0,3432.3599999999997,2160.0,484.1959999999999,1000.0,-0.0,0.0,-0.0,-0.0
2021-04-15 06:00:00,320.7490530754557,3488.28,2160.0,355.5829469245441,1000.0,-0.0,0.0,-0.0,-0.0
2021-04-15 07:00:00,971.2763295448586,3505.54,2160.0,-0.0,904.0196704551416,-0.0,0.0,-0.0,-0.0
2021-04-15 08:00:00,1717.6155421834756,3480.2,2160.0,-0.0,317.27145781652507,-0.0,0.0,-0.0,-0.0
2021-04-15 09:00:00,2435.97608517857,3414.61,1862.6359148214292,-0.0,-0.0,-0.0,0.0,-0.0,-0.0
2021-04-15 10:00:00,3026.7400321307205,3317.1699999999996,1351.8740426110444,-0.0,-0.0,-0.0,0.0,21.121074741764055,20.065021004675852
2021-04-15 11:00:00,3413.5709773657727,3201.3,1082.3580226342274,-0.0,-0.0,-0.0,0.0,100.0,115.06301450257538
2021-04-15 12:00:00,3548.0554874350914,3083.68,988.9175125649085,-0.0,-0.0,-0.0,0.0,100.0,210.05150820112513
2021-04-15 13:00:00,3413.5709773657727,2982.09,1182.4700226342275,-0.0,-0.0,-0.0,0.0,100.0,305.030503050305
2021-04-15 14:00:00,3026.7400321307205,2912.98,1656.8119678692792,-0.0,-0.0,-0.0,0.0,100.0,400.0
2021-04-15 15:00:00,2435.97608517857,2889.3799999999997,2160.0,-0.0,110.5379148214306,-0.0,0.0,-0.0,399.96
2021-04-15 16:00:00,1717.6155421834756,2919.0899999999997,2160.0,-0.0,980.746457816525,-0.0,0.0,-0.0,399.920004
2021-04-15 17:00:00,971.2763295448586,3003.65,2160.0,769.214670455141,1000.0,-0.0,100.0,-0.0,294.6168541048632
2021-04-15 18:00:00,320.7490530754557,3138.13,2160.0,1478.7019469245442,1000.0,-0.0,100.0,-0.0,189.3242345247159
2021-04-15 19:00:00,-0.0,3311.7799999999997,2160.0,1700.4859999999999,1000.0,-0.0,100.0,-0.0,84.0421442065266
2021-04-15 20:00:00,-0.0,3509.4399999999996,2160.0,1441.0559470075,1000.0,-0.0,79.83205299250066,-0.0,-0.0
2021-04-15 21:00:00,-0.0,3713.52,2160.0,1115.034,1000.0,-0.0,0.0,-0.0,-0.0
2021-04-15 22:00:00,-0.0,3906.3599999999997,2160.0,684.0910000000003,1000.0,-0.0,0.0,-0.0,-0.0
2021-04-15 23:00:00,-0.0,4072.4700000000003,2160.0,318.1269999999995,1000.0,-0.0,0.0,-0.0,-0.0
2021-04-16 00:00:00,-0.0,4186.91,2160.0,-0.0,565.5879999999997,-0.0,0.0,-0.0,-0.0
2021-04-16 01:00:00,-0.0,4271.4800000000005,2160.0,-0.0,329.84199999999964,-0.0,0.0,-0.0,-0.0
2021-04-16 02:00:00,-0.0,4313.15,2160.0,-0.0,184.25,-0.0,0.0,-0.0,-0.0
2021-04-16 03:00:00,-0.0,4318.69,2160.0,-0.0,172.8670000000002,-0.0,0.0,-0.0,-0.0
2021-04-16 04:00:00,-0.0,4299.92,2160.0,-0.0,306.3149999999996,-0.0,0.0,-0.0,-0.0
2021-04-16 05:00:00,-0.0,4272.0,2160.0,-0.0,546.9009999999998,-0.0,0.0,-0.0,-0.0
2021-04-16 06:00:00,289.1995600777388,4251.24,2160.0,-0.0,529.2534399222616,-0.0,0.0,-0.0,-0.0
2021-04-16 07:00:00,850.4995729062857,4252.77,2160.0,-0.0,185.4504270937141,-0.0,0.0,-0.0,-0.0
2021-04-16 08:00:00,1490.7847130651312,4288.39,1806.6652869348686,-0.0,-0.0,-0.0,0.0,-0.0,-0.0
2021-04-16 09:00:00,2105.4737953505837,4364.8,1156.632204649416,-0.0,-0.0,-0.0,0.0,-0.0,-0.0
2021-04-16 10:00:00,2610.240928906054,4482.62,498.47807109394626,-0.0,-0.0,-0.0,0.0,-0.0,-0.0
2021-04-16 11:00:00,2940.4832974500264,4636.16,-0.0,-0.0,-0.0,-0.0,0.0,59.689297450026515,56.70483257752519
2021-04-16 12:00:00,3055.2509215462724,4488.233078453728,-0.0,-0.0,-0.0,-0.0,0.0,100.0,151.69916209426742
2021-04-16 13:00:00,2940.4832974500264,4563.635702549973,-0.0,-0.0,-0.0,-0.0,0.0,100.0,246.683992178058
2021-04-16 14:00:00,2610.240928906054,4915.487071093947,-0.0,-0.0,-0.0,-0.0,0.0,100.0,341.6593237788402
2021-04-16 15:00:00,2105.4737953505837,5329.509999999999,93.36020464941703,-0.0,-0.0,-0.0,0.0,-0.0,341.6251578464623
2021-04-16 16:00:00,1490.7847130651312,5438.530000000001,783.8862869348682,-0.0,-0.0,-0.0,0.0,-0.0,341.59099533067763
2021-04-16 17:00:00,850.4995729062857,5494.66,1659.5905468504043,-0.0,-0.0,-0.0,0.0,61.51911975668991,400.0
2021-04-16 18:00:00,289.1995600777388,5492.84,2160.0,-0.0,98.01043992226124,-0.0,100.0,-0.0,294.69684210526316
2021-04-16 19:00:00,-0.0,5434.49,2160.0,-0.0,523.6610000000001,-0.0,100.0,-0.0,189.4042145263158
2021-04-16 20:00:00,-0.0,5327.28,2160.0,-0.0,552.3810000000003,-0.0,100.0,-0.0,84.12211621012632
2021-04-16 21:00:00,-0.0,5184.1,2160.0,-0.0,517.3579812014195,-0.0,79.90801879858006,-0.0,-0.0
2021-04-16 22:00:00,-0.0,5021.3099999999995,2160.0,-0.0,525.4590000000007,-0.0,0.0,-0.0,-0.0
2021-04-16 23:00:00,-0.0,4856.58,2160.0,-0.0,493.8649999999998,-0.0,0.0,-0.0,-0.0
2021-04-17 00:00:00,-0.0,4692.78,1746.9679999999998,-0.0,-0.0,-0.0,0.0,-0.0,-0.0
2021-04-17 01:00:00,-0.0,4570.719999999999,1721.4220000000005,-0.0,-0.0,-0.0,0.0,-0.0,-0.0
2021-04-17 02:00:00,-0.0,4485.03,1706.7750000000005,-0.0,-0.0,-0.0,0.0,-0.0,-0.0
2021-04-17 03:00:00,-0.0,4438.0199999999995,1751.5390000000007,-0.0,-0.0,-0.0,0.0,-0.0,-0.0
2021-04-17 04:00:00,-0.0,4425.74,1882.103,-0.0,-0.0,-0.0,0.0,-0.0,-0.0
2021-04-17 05:00:00,-0.0,4438.599999999999,2085.522000000001,-0.0,-0.0,-0.0,0.0,-0.0,-0.0
2021-04-17 06:00:00,316.15711039120583,4462.7699999999995,1999.601889608795,-0.0,-0.0,-0.0,0.0,-0.0,-0.0
2021-04-17 07:00:00,904.5384455732266,4482.17,1614.463554426773,-0.0,-0.0,-0.0,0.0,-0.0,-0.0
2021-04-17 08:00:00,1572.0286801255527,4480.759999999999,1089.1153198744485,-0.0,-0.0,-0.0,0.0,-0.0,-0.0
2021-04-17 09:00:00,2211.224626332339,4444.85,530.5023736676608,-0.0,-0.0,-0.0,0.0,-0.0,-0.0
2021-04-17 10:00:00,2735.3682727508635,4365.04,54.19872724913648,-0.0,-0.0,-0.0,0.0,-0.0,-0.0
2021-04-17 11:00:00,3078.0125997035107,4105.794400296489,-0.0,-0.0,-0.0,-0.0,0.0,100.0,95.0
2021-04-17 12:00:00,3197.0379819759883,3916.8680180240117,-0.0,-0.0,-0.0,-0.0,0.0,100.0,189.9905
2021-04-17 13:00:00,3078.0125997035107,3857.09,64.12725003451533,-0.0,-0.0,-0.0,0.0,21.13684973802645,210.05150820112513
2021-04-17 14:00:00,2735.3682727508635,3626.5199999999995,741.3437272491369,-0.0,-0.0,-0.0,0.0,100.0,305.030503050305
2021-04-17 15:00:00,2211.224626332339,3390.89,1607.238373667661,-0.0,-0.0,-0.0,0.0,100.0,400.0
2021-04-17 16:00:00,1572.0286801255527,3168.45,2160.0,-0.0,397.2113198744471,-0.0,0.0,-0.0,399.96
2021-04-17 17:00:00,904.5384455732266,2976.26,2160.0,390.369554426773,1000.0,-0.0,100.0,-0.0,294.6568461052632
2021-04-17 18:00:00,316.15711039120583,2827.8799999999997,2160.0,1327.3648896087943,1000.0,-0.0,100.0,-0.0,189.36422252591586
2021-04-17 19:00:00,-0.0,2731.74,2160.0,1821.143,1000.0,-0.0,100.0,-0.0,84.08212820892645
2021-04-17 20:00:00,-0.0,2689.98,2160.0,1807.8839660037002,1000.0,-0.0,79.87003399630028,-0.0,-0.0
2021-04-17 21:00:00,-0.0,2698.31,2160.0,1684.4280000000003,1000.0,-0.0,0.0,-0.0,-0.0
2021-04-17 22:00:00,-0.0,2746.6099999999997,2160.0,1404.7850000000008,1000.0,-0.0,0.0,-0.0,-0.0
2021-04-17 23:00:00,-0.0,2820.34,2160.0,1137.9390000000003,1000.0,-0.0,0.0,-0.0,-0.0
2021-04-18 00:00:00,-0.0,2888.8,2160.0,438.09099999999944,1000.0,-0.0,0.0,-0.0,-0.0
2021-04-18 01:00:00,-0.0,2962.39,2160.0,219.99900000000025,1000.0,-0.0,0.0,-0.0,-0.0
2021-04-18 02:00:00,-0.0,3012.5,2160.0,72.60199999999986,1000.0,-0.0,0.0,-0.0,-0.0
2021-04-18 03:00:00,-0.0,3028.42,2160.0,57.42699999999968,1000.0,-0.0,0.0,-0.0,-0.0
2021-04-18 04:00:00,-0.0,3005.06,2160.0,202.00300000000016,1000.0,-0.0,0.0,-0.0,-0.0
2021-04-18 05:00:00,-0.0,2943.58,2160.0,482.6310000000003,1000.0,-0.0,0.0,-0.0,-0.0
2021-04-18 06:00:00,365.99392229991804,2851.2,2160.0,466.2270777000824,1000.0,-0.0,0.0,-0.0,-0.0
2021-04-18 07:00:00,1020.2900573875261,2740.11,2160.0,148.39994261247398,1000.0,-0.0,0.0,-0.0,-0.0
2021-04-18 08:00:00,1758.6459734457087,2625.81,2160.0,-0.0,667.7420265542917,-0.0,0.0,-0.0,-0.0
2021-04-18 09:00:00,2463.9856978320945,2524.9,2160.0,-0.0,110.57930216790555,-0.0,0.0,-0.0,-0.0
2021-04-18 10:00:00,3041.5617339215273,2452.74,1735.712266078473,-0.0,-0.0,-0.0,0.0,-0.0,-0.0
2021-04-18 11:00:00,3418.825100464059,2421.28,1342.672974277706,-0.0,-0.0,-0.0,0.0,21.121074741764055,20.065021004675852
2021-04-18 12:00:00,3549.8378048111886,2437.35,1206.9321951888119,-0.0,-0.0,-0.0,0.0,100.0,115.06301450257538
2021-04-18 13:00:00,3418.825100464059,2501.6,1240.1658995359412,-0.0,-0.0,-0.0,0.0,100.0,210.05150820112513
2021-04-18 14:00:00,3041.5617339215273,2608.35,1538.0192660784728,-0.0,-0.0,-0.0,0.0,100.0,305.030503050305
2021-04-18 15:00:00,2463.9856978320945,2746.17,2086.0143021679055,-0.0,-0.0,-0.0,0.0,100.0,400.0
2021-04-18 16:00:00,1758.6459734457087,2899.37,2160.0,-0.0,568.5210265542917,-0.0,0.0,-0.0,399.96
2021-04-18 17:00:00,1020.2900573875261,3049.98,2160.0,291.68794261247353,1000.0,-0.0,100.0,-0.0,294.6568461052632
2021-04-18 18:00:00,365.99392229991804,3180.06,2160.0,1017.9910777000823,1000.0,-0.0,100.0,-0.0,189.36422252591586
2021-04-18 19:00:00,-0.0,3274.06,2160.0,1373.2279999999996,1000.0,-0.0,100.0,-0.0,84.08212820892645
2021-04-18 20:00:00,-0.0,3320.7599999999998,2160.0,1273.1789660037002,1000.0,-0.0,79.87003399630028,-0.0,-0.0
2021-04-18 21:00:00,-0.0,3314.7700000000004,2160.0,1165.6179999999995,1000.0,-0.0,0.0,-0.0,-0.0
2021-04-18 22:00:00,-0.0,3257.1,2160.0,993.4259999999999,1000.0,-0.0,0.0,-0.0,-0.0
2021-04-18 23:00:00,-0.0,3155.04,2160.0,903.7539999999999,1000.0,-0.0,0.0,-0.0,-0.0
2021-04-19 00:00:00,-0.0,3007.2700000000004,2160.0,857.5769999999993,1000.0,-0.0,0.0,-0.0,-0.0
2021-04-19 01:00:00,-0.0,2857.25,2160.0,864.2830000000004,1000.0,-0.0,0.0,-0.0,-0.0
2021-04-19 02:00:00,-0.0,2708.4399999999996,2160.0,916.893,1000.0,-0.0,0.0,-0.0,-0.0
2021-04-19 03:00:00,-0.0,2576.98,2160.0,1050.0849999999996,1000.0,-0.0,0.0,-0.0,-0.0
2021-04-19 04:00:00,-0.0,2475.7799999999997,2160.0,1273.3860000000004,1000.0,-0.0,0.0,-0.0,-0.0
2021-04-19 05:00:00,-0.0,2412.7599999999998,2160.0,1556.3359999999998,1000.0,-0.0,0.0,-0.0,-0.0
2021-04-19 06:00:00,394.10255258544777,2389.84,2160.0,1443.0434474145518,1000.0,-0.0,0.0,-0.0,-0.0
2021-04-19 07:00:00,1072.0453359163425,2402.66,2160.0,978.2356640836574,1000.0,-0.0,0.0,-0.0,-0.0
2021-04-19 08:00:00,1833.2248161517673,2441.25,2160.0,322.3361838482324,1000.0,-0.0,0.0,-0.0,-0.0
2021-04-19 09:00:00,2558.646554029246,2491.4700000000003,2160.0,-0.0,594.3284459707534,-0.0,0.0,-0.0,-0.0
2021-04-19 10:00:00,3151.848810169529,2536.93,2136.5260233707345,-0.0,-0.0,-0.0,0.0,50.047833540264435,47.54544186325121
2021-04-19 11:00:00,3539.0263171166002,2561.35,1706.6816828834003,-0.0,-0.0,-0.0,0.0,100.0,142.5406873190649
2021-04-19 12:00:00,3673.424186757914,2550.81,1515.3398132420853,-0.0,-0.0,-0.0,0.0,100.0,237.52643325033299
2021-04-19 13:00:00,3539.0263171166002,2495.7599999999998,1671.2056828833997,-0.0,-0.0,-0.0,0.0,100.0,332.50268060700796
2021-04-19 14:00:00,3151.848810169529,2392.4100000000003,2160.0,-0.0,-0.0,-0.0,0.0,71.08481016952919,400.0
2021-04-19 15:00:00,2558.646554029246,2243.38,2160.0,-0.0,779.1234459707534,-0.0,0.0,-0.0,399.96
2021-04-19 16:00:00,1833.2248161517673,2057.44,2160.0,780.4851838482323,1000.0,-0.0,100.0,-0.0,294.6568461052632
2021-04-19 17:00:00,1072.0453359163425,1848.47,2160.0,1985.5836640836574,1000.0,-0.0,100.0,-0.0,189.36422252591586
2021-04-19 18:00:00,394.10255258544777,1633.7199999999998,2160.0,3079.7874474145538,1000.0,-0.0,100.0,-0.0,84.08212820892645
2021-04-19 19:00:00,-0.0,1431.6000000000001,2160.0,3778.7029660036997,1000.0,-0.0,79.87003399630028,-0.0,-0.0
2021-04-19 20:00:00,-0.0,1259.3,2160.0,3956.611,1000.0,-0.0,0.0,-0.0,-0.0
2021-04-19 21:00:00,-0.0,1130.6299999999999,2160.0,3890.9759999999997,1000.0,-0.0,0.0,-0.0,-0.0
2021-04-19 22:00:00,-0.0,1054.24,2160.0,3736.517,1000.0,-0.0,0.0,-0.0,-0.0
2021-04-19 23:00:00,-0.0,1032.58,2160.0,3565.357,1000.0,-0.0,0.0,-0.0,-0.0
2021-04-20 00:00:00,-0.0,1047.8999999999999,2160.0,2918.768,1000.0,-0.0,0.0,-0.0,-0.0
2021-04-20 01:00:00,-0.0,1117.95,2160.0,2704.1180000000004,1000.0,-0.0,0.0,-0.0,-0.0
2021-04-20 02:00:00,-0.0,1214.8,2160.0,2509.684,1000.0,-0.0,0.0,-0.0,-0.0
2021-04-20 03:00:00,-0.0,1321.84,2160.0,2402.8959999999997,1000.0,-0.0,0.0,-0.0,-0.0
2021-04-20 04:00:00,-0.0,1422.39,2160.0,2422.871,1000.0,-0.0,0.0,-0.0,-0.0
2021-04-20 05:00:00,-0.0,1501.95,2160.0,2561.571,1000.0,-0.0,0.0,-0.0,-0.0
2021-04-20 06:00:00,419.9585317428549,1550.1999999999998,2160.0,2349.4904682571455,1000.0,-0.0,0.0,-0.0,-0.0
2021-04-20 07:00:00,1116.207199790746,1562.4099999999999,2160.0,1865.1338002092543,1000.0,-0.0,0.0,-0.0,-0.0
2021-04-20 08:00:00,1894.1392256410822,1540.0900000000001,2160.0,1251.4487743589175,1000.0,-0.0,0.0,-0.0,-0.0
2021-04-20 09:00:00,2633.813313925337,1490.79,2160.0,606.6776860746631,1000.0,-0.0,0.0,-0.0,-0.0
2021-04-20 10:00:00,3237.876566576211,1427.0,2160.0,35.10043342378867,1000.0,-0.0,0.0,-0.0,-0.0
2021-04-20 11:00:00,3631.836781315651,1364.4899999999998,2160.0,-0.0,633.2492186843492,-0.0,0.0,-0.0,-0.0
2021-04-20 12:00:00,3768.549188105091,1320.08,2160.0,-0.0,471.1788118949089,-0.0,0.0,-0.0,-0.0
2021-04-20 13:00:00,3631.836781315651,1309.32,2160.0,-0.0,582.7052186843493,-0.0,0.0,-0.0,-0.0
2021-04-20 14:00:00,3237.876566576211,1344.3,2160.0,-0.0,966.4244334237883,-0.0,0.0,-0.0,-0.0
2021-04-20 15:00:00,2633.813313925337,1431.9299999999998,2160.0,588.3146860746638,1000.0,-0.0,0.0,-0.0,-0.0
2021-04-20 16:00:00,1894.1392256410822,1572.9199999999998,2160.0,1374.4047743589176,1000.0,-0.0,0.0,-0.0,-0.0
2021-04-20 17:00:00,1116.207199790746,1761.54,2160.0,2195.9998002092534,1000.0,-0.0,0.0,-0.0,-0.0
2021-04-20 18:00:00,419.9585317428549,1986.3,2160.0,2866.264468257144,1000.0,-0.0,0.0,-0.0,-0.0
2021-04-20 19:00:00,-0.0,2231.38,2160.0,3120.901999999999,1000.0,-0.0,0.0,-0.0,-0.0
2021-04-20 20:00:00,-0.0,2478.62,2160.0,2796.532,1000.0,-0.0,0.0,-0.0,-0.0
2021-04-20 21:00:00,-0.0,2709.84,2160.0,2368.0750000000007,1000.0,-0.0,0.0,-0.0,-0.0
2021-04-20 22:00:00,-0.0,2909.1800000000003,2160.0,1934.8939999999993,1000.0,-0.0,0.0,-0.0,-0.0
2021-04-20 23:00:00,-0.0,3065.0899999999997,2160.0,1583.1150000000002,1000.0,-0.0,0.0,-0.0,-0.0
2021-04-21 00:00:00,-0.0,3157.99,2160.0,855.857,1000.0,-0.0,0.0,-0.0,-0.0
2021-04-21 01:00:00,-0.0,3216.0,2160.0,650.0889999999999,1000.0,-0.0,0.0,-0.0,-0.0
2021-04-21 02:00:00,-0.0,3232.14,2160.0,533.1579999999999,1000.0,-0.0,0.0,-0.0,-0.0
2021-04-21 03:00:00,-0.0,3218.35,2160.0,543.9460000000004,1000.0,-0.0,0.0,-0.0,-0.0
2021-04-21 04:00:00,-0.0,3190.0,2160.0,689.5209999999997,1000.0,-0.0,0.0,-0.0,-0.0
2021-04-21 05:00:00,1.3614924400740949,3163.73,2160.0,929.350507559926,1000.0,-0.0,0.0,-0.0,-0.0
2021-04-21 06:00:00,492.0248020367769,3155.0699999999997,2160.0,700.095197963223,1000.0,-0.0,0.0,-0.0,-0.0
2021-04-21 07:00:00,1279.3635029276252,3176.34,2160.0,112.17249707237488,1000.0,-0.0,0.0,-0.0,-0.0
2021-04-21 08:00:00,2154.957856945277,3234.8199999999997,2160.0,-0.0,316.5771430547229,-0.0,0.0,-0.0,-0.0
2021-04-21 09:00:00,2985.6353376444836,3331.81,1591.0336623555163,-0.0,-0.0,-0.0,0.0,-0.0,-0.0
2021-04-21 10:00:00,3663.1449188353554,3462.3199999999997,748.2040811646448,-0.0,-0.0,-0.0,0.0,-0.0,-0.0
2021-04-21 11:00:00,4104.670728549384,3615.79,79.27727145061635,-0.0,-0.0,-0.0,0.0,-0.0,-0.0
2021-04-21 12:00:00,4257.8324394557185,3568.5865605442814,-0.0,-0.0,-0.0,-0.0,0.0,100.0,95.0
2021-04-21 13:00:00,4104.670728549384,3682.2322714506163,-0.0,-0.0,-0.0,-0.0,0.0,100.0,189.9905
2021-04-21 14:00:00,3663.1449188353554,4057.87,8.1789309026708,-0.0,-0.0,-0.0,0.0,21.13684973802645,210.05150820112513
2021-04-21 15:00:00,2985.6353376444836,4145.33,778.9516623555169,-0.0,-0.0,-0.0,0.0,100.0,305.030503050305
2021-04-21 16:00:00,2154.957856945277,4182.81,1755.948143054723,-0.0,-0.0,-0.0,0.0,100.0,400.0
2021-04-21 17:00:00,1279.3635029276252,4166.13,2160.0,-0.0,616.8934970723753,-0.0,0.0,-0.0,399.96
2021-04-21 18:00:00,492.0248020367769,4097.54,2160.0,567.9821979632236,1000.0,-0.0,100.0,-0.0,294.6568461052632
2021-04-21 19:00:00,1.3614924400740949,3985.49,2160.0,1246.839507559927,1000.0,-0.0,100.0,-0.0,189.36422252591586
2021-04-21 20:00:00,-0.0,3843.62,2160.0,1309.3280000000004,1000.0,-0.0,100.0,-0.0,84.08212820892645
2021-04-21 21:00:00,-0.0,3688.97,2160.0,1283.2649660036996,1000.0,-0.0,79.87003399630028,-0.0,-0.0
2021-04-21 22:00:00,-0.0,3539.83,2160.0,1274.8370000000004,1000.0,-0.0,0.0,-0.0,-0.0
2021-04-21 23:00:00,-0.0,3413.3,2160.0,1201.9129999999996,1000.0,-0.0,0.0,-0.0,-0.0
2021-04-22 00:00:00,-0.0,3309.4,2160.0,667.9059999999995,1000.0,-0.0,0.0,-0.0,-0.0
2021-04-22 01:00:00,-0.0,3264.38,2160.0,561.6170000000002,1000.0,-0.0,0.0,-0.0,-0.0
2021-04-22 02:00:00,-0.0,3267.02,2160.0,454.6560000000004,1000.0,-0.0,0.0,-0.0,-0.0
2021-04-22 03:00:00,-0.0,3313.4799999999996,2160.0,401.6870000000008,1000.0,-0.0,0.0,-0.0,-0.0
2021-04-22 04:00:00,-0.0,3394.2,2160.0,434.71500000000015,1000.0,-0.0,0.0,-0.0,-0.0
2021-04-22 05:00:00,6.652747150362054,3495.26,2160.0,538.4732528496381,1000.0,-0.0,0.0,-0.0,-0.0
2021-04-22 06:00:00,593.8396821463178,3600.38,2160.0,95.49931785368199,1000.0,-0.0,0.0,-0.0,-0.0
2021-04-22 07:00:00,1512.3086708223025,3693.21,2160.0,-0.0,301.50732917769733,-0.0,0.0,-0.0,-0.0
2021-04-22 08:00:00,2529.1516768956412,3759.6200000000003,1513.3923231043582,-0.0,-0.0,-0.0,0.0,-0.0,-0.0
2021-04-22 09:00:00,3491.7330206300267,3789.72,559.5369793699733,-0.0,-0.0,-0.0,0.0,-0.0,-0.0
2021-04-22 10:00:00,4275.835082674698,3548.2099920670657,-0.0,-0.0,-0.0,-0.0,0.0,21.121074741764055,20.065021004675852
2021-04-22 11:00:00,4786.462822324488,3039.323177675512,-0.0,-0.0,-0.0,-0.0,0.0,100.0,115.06301450257538
2021-04-22 12:00:00,4963.531102758124,2785.7788972418766,-0.0,-0.0,-0.0,-0.0,0.0,100.0,210.05150820112513
2021-04-22 13:00:00,4786.462822324488,2920.226177675512,-0.0,-0.0,-0.0,-0.0,0.0,100.0,305.030503050305
2021-04-22 14:00:00,4275.835082674698,3448.9589173253016,-0.0,-0.0,-0.0,-0.0,0.0,100.0,400.0
2021-04-22 15:00:00,3491.7330206300267,3371.15,860.7779793699738,-0.0,-0.0,-0.0,0.0,-0.0,399.96
2021-04-22 16:00:00,2529.1516768956412,3320.1000000000004,2055.3615294201486,-0.0,-0.0,-0.0,0.0,0.08420631578946756,400.0
2021-04-22 17:00:00,1512.3086708223025,3313.47,2160.0,44.55232917769786,1000.0,-0.0,100.0,-0.0,294.69684210526316
2021-04-22 18:00:00,593.8396821463178,3358.59,2160.0,1110.258317853682,1000.0,-0.0,100.0,-0.0,189.4042145263158
2021-04-22 19:00:00,6.652747150362054,3456.5499999999997,2160.0,1672.893252849638,1000.0,-0.0,100.0,-0.0,84.12211621012632
2021-04-22 20:00:00,-0.0,3601.98,2160.0,1470.7989812014198,1000.0,-0.0,79.90801879858006,-0.0,-0.0
2021-04-22 21:00:00,-0.0,3783.7,2160.0,1165.5510000000004,1000.0,-0.0,0.0,-0.0,-0.0
2021-04-22 22:00:00,-0.0,3986.17,2160.0,723.1229999999996,1000.0,-0.0,0.0,-0.0,-0.0
2021-04-22 23:00:00,-0.0,4191.46,2160.0,315.9359999999997,1000.0,-0.0,0.0,-0.0,-0.0
2021-04-23 00:00:00,-0.0,4367.8,2160.0,-0.0,499.35099999999966,-0.0,0.0,-0.0,-0.0
2021-04-23 01:00:00,-0.0,4527.01,2160.0,-0.0,186.54799999999977,-0.0,0.0,-0.0,-0.0
2021-04-23 02:00:00,-0.0,4643.85,2123.1849999999995,-0.0,-0.0,-0.0,0.0,-0.0,-0.0
2021-04-23 03:00:00,-0.0,4712.54,2133.160134553733,-0.0,-0.0,-0.0,0.0,87.29013455373293,82.92562782604628
2021-04-23 04:00:00,-0.0,4733.66,2160.0,-0.0,-0.0,-0.0,0.0,23.532999999999447,105.27368526326316
2021-04-23 05:00:00,13.98005191876082,4713.92,2160.0,-0.0,91.75494808123887,-0.0,100.0,-0.0,-0.0
2021-04-23 06:00:00,643.3980069650149,4665.150000000001,2018.5869930349847,-0.0,-0.0,-0.0,0.0,-0.0,-0.0
2021-04-23 07:00:00,1606.4930046654283,4602.570000000001,1333.6169953345714,-0.0,-0.0,-0.0,0.0,-0.0,-0.0
2021-04-23 08:00:00,2668.1291120172045,4542.610000000001,465.408887982795,-0.0,-0.0,-0.0,0.0,-0.0,-0.0
2021-04-23 09:00:00,3670.9982547737823,4042.399745226218,-0.0,-0.0,-0.0,-0.0,0.0,-0.0,-0.0
2021-04-23 10:00:00,4486.915919702186,3186.9360802978135,-0.0,-0.0,-0.0,-0.0,0.0,-0.0,-0.0
2021-04-23 11:00:00,5017.879405525082,2598.5726692166822,-0.0,-0.0,-0.0,-0.0,0.0,21.121074741764055,20.065021004675852
2021-04-23 12:00:00,5201.940806219099,2415.6271937809015,-0.0,-0.0,-0.0,-0.0,0.0,100.0,115.06301450257538
2021-04-23 13:00:00,5017.879405525082,2555.8805944749183,-0.0,-0.0,-0.0,-0.0,0.0,100.0,210.05150820112513
2021-04-23 14:00:00,4486.915919702186,3103.8610802978137,-0.0,-0.0,-0.0,-0.0,0.0,100.0,305.030503050305
2021-04-23 15:00:00,3670.9982547737823,4017.6607452262174,-0.0,-0.0,-0.0,-0.0,0.0,100.0,400.0
2021-04-23 16:00:00,2668.1291120172045,5025.2699999999995,75.24288798279576,-0.0,-0.0,-0.0,0.0,-0.0,399.96
2021-04-23 17:00:00,1606.4930046654283,5110.26,1276.9922016503613,-0.0,-0.0,-0.0,0.0,0.08420631578946756,400.0
2021-04-23 18:00:00,643.3980069650149,5152.57,2160.0,-0.0,129.3699930349851,-0.0,100.0,-0.0,294.69684210526316
2021-04-23 19:00:00,13.98005191876082,5141.85,2160.0,-0.0,842.3399480812388,-0.0,100.0,-0.0,189.4042145263158
2021-04-23 20:00:00,-0.0,5073.6,2160.0,-0.0,840.6889999999994,-0.0,100.0,-0.0,84.12211621012632
2021-04-23 21:00:00,-0.0,4949.79,2160.0,-0.0,780.7869812014196,-0.0,79.90801879858006,-0.0,-0.0
2021-04-23 22:00:00,-0.0,4778.64,2160.0,-0.0,791.625,-0.0,0.0,-0.0,-0.0
2021-04-23 23:00:00,-0.0,4573.5599999999995,2160.0,-0.0,794.6500000000005,-0.0,0.0,-0.0,-0.0
2021-04-24 00:00:00,-0.0,4337.68,2160.0,-0.0,-0.0,-0.0,0.0,45.88600000000042,43.5917000000004
2021-04-24 01:00:00,-0.0,4116.66,2160.0,-0.0,-0.0,-0.0,21.59400000000005,-0.0,20.856814514210875
2021-04-24 02:00:00,-0.0,3913.8,2160.0,-0.0,98.27700760887846,-0.0,19.811992391121482,-0.0,-0.0
2021-04-24 03:00:00,-0.0,3742.87,2160.0,-0.0,280.65599999999995,-0.0,0.0,-0.0,-0.0
2021-04-24 04:00:00,-0.0,3612.59,2160.0,-0.0,523.0199999999995,-0.0,0.0,-0.0,-0.0
2021-04-24 05:00:00,20.075824889092562,3525.62,2160.0,-0.0,799.9151751109074,-0.0,0.0,-0.0,-0.0
2021-04-24 06:00:00,601.6868294827449,3478.26,2160.0,-0.0,513.7201705172553,-0.0,0.0,-0.0,-0.0
2021-04-24 07:00:00,1474.428237978241,3461.15,2034.3127620217585,-0.0,-0.0,-0.0,0.0,-0.0,-0.0
2021-04-24 08:00:00,2432.47952504838,3460.62,1211.04247495162,-0.0,-0.0,-0.0,0.0,-0.0,-0.0
2021-04-24 09:00:00,3335.637912375531,3460.71,345.92908762446905,-0.0,-0.0,-0.0,0.0,-0.0,-0.0
2021-04-24 10:00:00,4069.550412197472,3055.288662544292,-0.0,-0.0,-0.0,-0.0,0.0,21.121074741764055,20.065021004675852
2021-04-24 11:00:00,4546.821587065446,2579.462412934554,-0.0,-0.0,-0.0,-0.0,0.0,100.0,115.06301450257538
2021-04-24 12:00:00,4712.218164126447,2337.4898358735527,-0.0,-0.0,-0.0,-0.0,0.0,100.0,210.05150820112513
2021-04-24 13:00:00,4546.821587065446,2460.364412934554,-0.0,-0.0,-0.0,-0.0,0.0,100.0,305.030503050305
2021-04-24 14:00:00,4069.550412197472,2956.0365878025286,-0.0,-0.0,-0.0,-0.0,0.0,100.0,400.0
2021-04-24 15:00:00,3335.637912375531,2831.21,858.1010876244686,-0.0,-0.0,-0.0,0.0,-0.0,399.96
2021-04-24 16:00:00,2432.47952504838,2617.03,2157.0816812674097,-0.0,-0.0,-0.0,0.0,0.08420631578946756,400.0
2021-04-24 17:00:00,1474.428237978241,2401.95,2160.0,296.8187620217593,1000.0,-0.0,100.0,-0.0,294.69684210526316
2021-04-24 18:00:00,601.6868294827449,2203.85,2160.0,1561.0991705172555,1000.0,-0.0,100.0,-0.0,189.4042145263158
2021-04-24 19:00:00,20.075824889092562,2039.3600000000001,2160.0,2381.8851751109073,1000.0,-0.0,100.0,-0.0,84.12211621012632
2021-04-24 20:00:00,-0.0,1921.62,2160.0,2457.85498120142,1000.0,-0.0,79.90801879858006,-0.0,-0.0
2021-04-24 21:00:00,-0.0,1858.57,2160.0,2399.0390000000007,1000.0,-0.0,0.0,-0.0,-0.0
2021-04-24 22:00:00,-0.0,1851.8799999999999,2160.0,2167.626,1000.0,-0.0,0.0,-0.0,-0.0
2021-04-24 23:00:00,-0.0,1896.75,2160.0,1922.9030000000002,1000.0,-0.0,0.0,-0.0,-0.0
2021-04-25 00:00:00,-0.0,1968.8,2160.0,1212.9030000000002,1000.0,-0.0,0.0,-0.0,-0.0
2021-04-25 01:00:00,-0.0,2080.4900000000002,2160.0,950.0369999999998,1000.0,-0.0,0.0,-0.0,-0.0
2021-04-25 02:00:00,-0.0,2200.62,2160.0,725.9849999999997,1000.0,-0.0,0.0,-0.0,-0.0
2021-04-25 03:00:00,-0.0,2311.62,2160.0,609.1419999999998,1000.0,-0.0,0.0,-0.0,-0.0
2021-04-25 04:00:00,-0.0,2398.14,2160.0,637.2999999999997,1000.0,-0.0,0.0,-0.0,-0.0
2021-04-25 05:00:00,24.215999627317878,2449.05,2160.0,774.8400003726817,1000.0,-0.0,0.0,-0.0,-0.0
2021-04-25 06:00:00,530.8520909868898,2458.85,2160.0,509.1959090131104,1000.0,-0.0,0.0,-0.0,-0.0
2021-04-25 07:00:00,1277.872049845544,2428.33,2160.0,11.722950154456157,1000.0,-0.0,0.0,-0.0,-0.0
2021-04-25 08:00:00,2094.625176043993,2364.37,2160.0,-0.0,396.049823956007,-0.0,0.0,-0.0,-0.0
2021-04-25 09:00:00,2863.045320619812,2278.9,1914.1656793801872,-0.0,-0.0,-0.0,0.0,-0.0,-0.0
2021-04-25 10:00:00,3486.7450074177546,2187.18,1346.618992582245,-0.0,-0.0,-0.0,0.0,-0.0,-0.0
2021-04-25 11:00:00,3892.067495429814,2105.62,969.5925793119504,-0.0,-0.0,-0.0,0.0,21.121074741764055,20.065021004675852
2021-04-25 12:00:00,4032.4868748174554,2049.45,890.7521251825451,-0.0,-0.0,-0.0,0.0,100.0,115.06301450257538
2021-04-25 13:00:00,3892.067495429814,2030.5500000000002,1010.7065045701856,-0.0,-0.0,-0.0,0.0,100.0,210.05150820112513
2021-04-25 14:00:00,3486.7450074177546,2055.75,1412.4379925822454,-0.0,-0.0,-0.0,0.0,100.0,305.030503050305
2021-04-25 15:00:00,2863.045320619812,2125.73,2068.7736793801873,-0.0,-0.0,-0.0,0.0,100.0,400.0
2021-04-25 16:00:00,2094.625176043993,2234.9,2160.0,-0.0,652.8808239560067,-0.0,0.0,-0.0,399.96
2021-04-25 17:00:00,1277.872049845544,2371.99,2160.0,462.5739501544558,1000.0,-0.0,100.0,-0.0,294.6568461052632
2021-04-25 18:00:00,530.8520909868898,2521.51,2160.0,1256.89290901311,1000.0,-0.0,100.0,-0.0,189.36422252591586
2021-04-25 19:00:00,24.215999627317878,2665.74,2160.0,1697.400000372682,1000.0,-0.0,100.0,-0.0,84.08212820892645
2021-04-25 20:00:00,-0.0,2787.04,2160.0,1541.9559660036998,1000.0,-0.0,79.87003399630028,-0.0,-0.0
2021-04-25 21:00:00,-0.0,2870.19,2160.0,1340.3809999999999,1000.0,-0.0,0.0,-0.0,-0.0
2021-04-25 22:00:00,-0.0,2904.35,2160.0,1071.6240000000003,1000.0,-0.0,0.0,-0.0,-0.0
2021-04-25 23:00:00,-0.0,2884.53,2160.0,895.1199999999994,1000.0,-0.0,0.0,-0.0,-0.0
2021-04-26 00:00:00,-0.0,2798.4399999999996,2160.0,782.9990000000007,1000.0,-0.0,0.0,-0.0,-0.0
2021-04-26 01:00:00,-0.0,2681.2799999999997,2160.0,752.5529999999999,1000.0,-0.0,0.0,-0.0,-0.0
2021-04-26 02:00:00,-0.0,2532.2400000000002,2160.0,801.2559999999999,1000.0,-0.0,0.0,-0.0,-0.0
2021-04-26 03:00:00,-0.0,2367.7000000000003,2160.0,963.5499999999997,1000.0,-0.0,0.0,-0.0,-0.0
2021-04-26 04:00:00,-0.0,2205.37,2160.0,1244.1639999999998,1000.0,-0.0,0.0,-0.0,-0.0
2021-04-26 05:00:00,29.556763153608532,2061.85,2160.0,1574.4062368463915,1000.0,-0.0,0.0,-0.0,-0.0
2021-04-26 06:00:00,508.1646760536553,1950.5,2160.0,1461.5553239463452,1000.0,-0.0,0.0,-0.0,-0.0
2021-04-26 07:00:00,1202.6929127454528,1879.68,2160.0,1060.4900872545472,1000.0,-0.0,0.0,-0.0,-0.0
2021-04-26 08:00:00,1959.1257352466193,1851.69,2160.0,472.77926475338086,1000.0,-0.0,0.0,-0.0,-0.0
2021-04-26 09:00:00,2669.428718437275,1862.5700000000002,2160.0,-0.0,796.2692815627247,-0.0,0.0,-0.0,-0.0
2021-04-26 10:00:00,3245.2905117726145,1902.7,2160.0,-0.0,148.30748822738542,-0.0,0.0,-0.0,-0.0
2021-04-26 11:00:00,3619.286296458968,1958.22,1907.9917035410313,-0.0,-0.0,-0.0,0.0,100.0,95.0
2021-04-26 12:00:00,3748.807547724017,2012.99,1653.7994522759832,-0.0,-0.0,-0.0,0.0,100.0,189.9905
2021-04-26 13:00:00,3619.286296458968,2050.94,1709.557703541031,-0.0,-0.0,-0.0,0.0,100.0,284.97150095
2021-04-26 14:00:00,3245.2905117726145,2058.3,2101.332488227385,-0.0,-0.0,-0.0,0.0,100.0,379.943003799905
2021-04-26 15:00:00,2669.428718437275,2025.62,2160.0,-0.0,555.996281562725,-0.0,0.0,-0.0,379.905009499525
2021-04-26 16:00:00,1959.1257352466193,1949.16,2160.0,431.0952647533811,1000.0,-0.0,100.0,-0.0,274.60386110383826
2021-04-26 17:00:00,1202.6929127454528,1831.5,2160.0,1538.667087254547,1000.0,-0.0,100.0,-0.0,169.31324282299107
2021-04-26 18:00:00,508.1646760536553,1681.3400000000001,2160.0,2583.589323946345,1000.0,-0.0,100.0,-0.0,64.03315360397194
2021-04-26 19:00:00,29.556763153608532,1512.4399999999998,2160.0,3351.75182407221,1000.0,-0.0,60.82541277418096,-0.0,-0.0
2021-04-26 20:00:00,-0.0,1341.85,2160.0,3537.5750000000007,1000.0,-0.0,0.0,-0.0,-0.0
2021-04-26 21:00:00,-0.0,1187.73,2160.0,3496.6990000000005,1000.0,-0.0,0.0,-0.0,-0.0
2021-04-26 22:00:00,-0.0,1066.98,2160.0,3386.1059999999998,1000.0,-0.0,0.0,-0.0,-0.0
2021-04-26 23:00:00,-0.0,993.0600000000001,2160.0,3266.91,1000.0,-0.0,0.0,-0.0,-0.0
2021-04-27 00:00:00,-0.0,960.51,2160.0,2668.3019999999997,1000.0,-0.0,0.0,-0.0,-0.0
2021-04-27 01:00:00,-0.0,998.79,2160.0,2485.5200000000004,1000.0,-0.0,0.0,-0.0,-0.0
2021-04-27 02:00:00,-0.0,1089.74,2160.0,2297.2830000000004,1000.0,-0.0,0.0,-0.0,-0.0
2021-04-27 03:00:00,-0.0,1223.08,2160.0,2164.688,1000.0,-0.0,0.0,-0.0,-0.0
2021-04-27 04:00:00,-0.0,1384.1100000000001,2160.0,2124.8740000000003,1000.0,-0.0,0.0,-0.0,-0.0
2021-04-27 05:00:00,36.95833114601134,1555.7099999999998,2160.0,2135.463668853988,1000.0,-0.0,0.0,-0.0,-0.0
2021-04-27 06:00:00,522.0209559324093,1720.6399999999999,2160.0,1742.6810440675904,1000.0,-0.0,0.0,-0.0,-0.0
2021-04-27 07:00:00,1215.68897694616,1863.84,2160.0,1131.1920230538394,1000.0,-0.0,0.0,-0.0,-0.0
2021-04-27 08:00:00,1968.383883839123,1974.46,2160.0,411.2751161608767,1000.0,-0.0,0.0,-0.0,-0.0
2021-04-27 09:00:00,2673.8411916635155,2047.2199999999998,2160.0,-0.0,680.3248083364851,-0.0,0.0,-0.0,-0.0
2021-04-27 10:00:00,3245.1543625286067,2083.12,2160.0,-0.0,43.660637471393784,-0.0,0.0,-0.0,-0.0
2021-04-27 11:00:00,3615.944451378786,2089.18,1858.4535486212148,-0.0,-0.0,-0.0,0.0,100.0,95.0
2021-04-27 12:00:00,3744.3269998757733,2077.44,1674.2740001242273,-0.0,-0.0,-0.0,0.0,100.0,189.9905
2021-04-27 13:00:00,3615.944451378786,2063.2200000000003,1783.3475486212133,-0.0,-0.0,-0.0,0.0,100.0,284.97150095
2021-04-27 14:00:00,3245.1543625286067,2062.94,2160.0,-0.0,-0.0,-0.0,0.0,78.24236252860692,359.27324820208156
2021-04-27 15:00:00,2673.8411916635155,2091.79,2160.0,-0.0,572.4598083364849,-0.0,0.0,-0.0,359.23732087726137
2021-04-27 16:00:00,1968.383883839123,2161.56,2160.0,298.5141161608767,1000.0,-0.0,100.0,-0.0,253.93823925043682
2021-04-27 17:00:00,1215.68897694616,2278.89,2160.0,1169.30002305384,1000.0,-0.0,100.0,-0.0,148.64968753177493
2021-04-27 18:00:00,522.0209559324093,2444.3,2160.0,1899.6450440675908,1000.0,-0.0,100.0,-0.0,43.37166466828491
2021-04-27 19:00:00,36.95833114601134,2651.8999999999996,2160.0,2319.1517077272624,1000.0,-0.0,41.19896112672718,-0.0,-0.0
2021-04-27 20:00:00,-0.0,2890.13,2160.0,2085.5999999999995,1000.0,-0.0,0.0,-0.0,-0.0
2021-04-27 21:00:00,-0.0,3143.13,2160.0,1639.179,1000.0,-0.0,0.0,-0.0,-0.0
2021-04-27 22:00:00,-0.0,3392.77,2160.0,1159.6770000000001,1000.0,-0.0,0.0,-0.0,-0.0
2021-04-27 23:00:00,-0.0,3620.9799999999996,2160.0,739.7340000000004,1000.0,-0.0,0.0,-0.0,-0.0
2021-04-28 00:00:00,-0.0,3798.35,2160.0,-0.0,932.5390000000002,-0.0,0.0,-0.0,-0.0
2021-04-28 01:00:00,-0.0,3940.9100000000003,2160.0,-0.0,646.6649999999995,-0.0,0.0,-0.0,-0.0
2021-04-28 02:00:00,-0.0,4029.42,2160.0,-0.0,461.9549999999999,-0.0,0.0,-0.0,-0.0
2021-04-28 03:00:00,-0.0,4064.78,2160.0,-0.0,428.32699999999977,-0.0,0.0,-0.0,-0.0
2021-04-28 04:00:00,-0.0,4054.11,2160.0,-0.0,561.0979999999995,-0.0,0.0,-0.0,-0.0
2021-04-28 05:00:00,42.51569574231378,4009.76,2160.0,-0.0,782.8623042576859,-0.0,0.0,-0.0,-0.0
2021-04-28 06:00:00,509.72420375774004,3947.53,2160.0,-0.0,635.77379624226,-0.0,0.0,-0.0,-0.0
2021-04-28 07:00:00,1168.9217116296147,3884.5,2160.0,-0.0,265.56128837038545,-0.0,0.0,-0.0,-0.0
2021-04-28 08:00:00,1881.656815406403,3836.71,1904.486184593597,-0.0,-0.0,-0.0,0.0,-0.0,-0.0
2021-04-28 09:00:00,2548.4477379326913,3816.9599999999996,1305.0792620673092,-0.0,-0.0,-0.0,0.0,-0.0,-0.0
2021-04-28 10:00:00,3087.864854088047,3833.05,720.3841459119526,-0.0,-0.0,-0.0,0.0,-0.0,-0.0
2021-04-28 11:00:00,3437.7312795750877,3886.78,248.58872042491248,-0.0,-0.0,-0.0,0.0,-0.0,-0.0
2021-04-28 12:00:00,3558.8360321196783,3973.69,-0.0,-0.0,-0.0,-0.0,0.0,26.910032119678363,25.564530513694443
2021-04-28 13:00:00,3437.7312795750877,4083.73,44.784341942735864,-0.0,-0.0,-0.0,0.0,94.21162151782349,115.06301450257538
2021-04-28 14:00:00,3087.864854088047,4202.63,308.72114591195304,-0.0,-0.0,-0.0,0.0,100.0,210.05150820112513
2021-04-28 15:00:00,2548.4477379326913,4313.93,844.8142620673084,-0.0,-0.0,-0.0,0.0,100.0,305.030503050305
2021-04-28 16:00:00,1881.656815406403,4401.24,1614.2951845935972,-0.0,-0.0,-0.0,0.0,100.0,400.0
2021-04-28 17:00:00,1168.9217116296147,4450.55,2160.0,-0.0,252.66928837038472,-0.0,0.0,-0.0,399.96
2021-04-28 18:00:00,509.72420375774004,4452.23,2160.0,11.697796242260438,1000.0,-0.0,100.0,-0.0,294.6568461052632
2021-04-28 19:00:00,42.51569574231378,4402.42,2160.0,611.2793042576864,1000.0,-0.0,100.0,-0.0,189.36422252591586
2021-04-28 20:00:00,-0.0,4303.63,2160.0,678.3229999999994,1000.0,-0.0,100.0,-0.0,84.08212820892645
2021-04-28 21:00:00,-0.0,4164.570000000001,2160.0,643.2079660036993,1000.0,-0.0,79.87003399630028,-0.0,-0.0
2021-04-28 22:00:00,-0.0,3999.04,2160.0,657.759,1000.0,-0.0,0.0,-0.0,-0.0
2021-04-28 23:00:00,-0.0,3824.23,2160.0,639.7490000000003,1000.0,-0.0,0.0,-0.0,-0.0
2021-04-29 00:00:00,-0.0,3644.8,2160.0,188.21900000000005,1000.0,-0.0,0.0,-0.0,-0.0
2021-04-29 01:00:00,-0.0,3505.22,2160.0,183.19900000000007,1000.0,-0.0,0.0,-0.0,-0.0
2021-04-29 02:00:00,-0.0,3405.55,2160.0,185.28499999999985,1000.0,-0.0,0.0,-0.0,-0.0
2021-04-29 03:00:00,-0.0,3354.41,2160.0,236.6770000000006,1000.0,-0.0,0.0,-0.0,-0.0
2021-04-29 04:00:00,-0.0,3354.19,2160.0,357.422,1000.0,-0.0,0.0,-0.0,-0.0
2021-04-29 05:00:00,45.863729424495986,3400.8500000000004,2160.0,483.15927057550334,1000.0,-0.0,0.0,-0.0,-0.0
2021-04-29 06:00:00,478.27372839202854,3484.58,2160.0,223.1472716079718,1000.0,-0.0,0.0,-0.0,-0.0
2021-04-29 07:00:00,1080.8269621548204,3591.15,2160.0,-0.0,738.1250378451793,-0.0,0.0,-0.0,-0.0
2021-04-29 08:00:00,1730.0670094081534,3703.95,2160.0,-0.0,118.01199059184728,-0.0,0.0,-0.0,-0.0
2021-04-29 09:00:00,2336.38291318715,3806.25,1615.00008681285,-0.0,-0.0,-0.0,0.0,-0.0,-0.0
2021-04-29 10:00:00,2826.3592879618154,3883.5199999999995,1016.4487120381855,-0.0,-0.0,-0.0,0.0,-0.0,-0.0
2021-04-29 11:00:00,3143.9707198231004,3925.44,607.6373549186637,-0.0,-0.0,-0.0,0.0,21.121074741764055,20.065021004675852
2021-04-29 12:00:00,3253.8741027470815,3927.27,505.0158972529184,-0.0,-0.0,-0.0,0.0,100.0,115.06301450257538
2021-04-29 13:00:00,3143.9707198231004,3890.5099999999998,615.7322801768996,-0.0,-0.0,-0.0,0.0,100.0,210.05150820112513
2021-04-29 14:00:00,2826.3592879618154,3822.7100000000005,1025.8837120381845,-0.0,-0.0,-0.0,0.0,100.0,305.030503050305
2021-04-29 15:00:00,2336.38291318715,3736.38,1707.6460868128497,-0.0,-0.0,-0.0,0.0,100.0,400.0
2021-04-29 16:00:00,1730.0670094081534,3647.3,2160.0,-0.0,330.44799059184606,-0.0,0.0,-0.0,399.96
2021-04-29 17:00:00,1080.8269621548204,3572.32,2160.0,186.95103784517937,1000.0,-0.0,100.0,-0.0,294.6568461052632
2021-04-29 18:00:00,478.27372839202854,3527.02,2160.0,1033.580271607971,1000.0,-0.0,100.0,-0.0,189.36422252591586
2021-04-29 19:00:00,45.863729424495986,3523.53,2160.0,1549.2392705755037,1000.0,-0.0,100.0,-0.0,84.08212820892645
2021-04-29 20:00:00,-0.0,3568.81,2160.0,1492.8229660037005,1000.0,-0.0,79.87003399630028,-0.0,-0.0
2021-04-29 21:00:00,-0.0,3663.6200000000003,2160.0,1280.6459999999993,1000.0,-0.0,0.0,-0.0,-0.0
2021-04-29 22:00:00,-0.0,3802.32,2160.0,908.105,1000.0,-0.0,0.0,-0.0,-0.0
2021-04-29 23:00:00,-0.0,3973.4700000000003,2160.0,541.0859999999993,1000.0,-0.0,0.0,-0.0,-0.0
2021-04-30 00:00:00,-0.0,4147.71,2160.0,-0.0,732.8369999999995,-0.0,0.0,-0.0,-0.0
2021-04-30 01:00:00,-0.0,4334.219999999999,2160.0,-0.0,398.5690000000004,-0.0,0.0,-0.0,-0.0
2021-04-30 02:00:00,-0.0,4501.31,2160.0,-0.0,130.6879999999992,-0.0,0.0,-0.0,-0.0
2021-04-30 03:00:00,-0.0,4633.21,2160.0,-0.0,-0.0,-0.0,0.0,4.213999999999942,4.003299999999944
2021-04-30 04:00:00,-0.0,4718.49,2160.0,-0.0,23.929245313500022,-0.0,3.8027546864999477,-0.0,-0.0
2021-04-30 05:00:00,55.45606252501802,4751.45,2160.0,-0.0,154.235937474982,-0.0,0.0,-0.0,-0.0
2021-04-30 06:00:00,512.6699783099004,4732.82,2128.4000216901004,-0.0,-0.0,-0.0,0.0,-0.0,-0.0
2021-04-30 07:00:00,1142.4530608741743,4669.5,1782.6229391258257,-0.0,-0.0,-0.0,0.0,-0.0,-0.0
2021-04-30 08:00:00,1818.7806190829813,4573.58,1340.694380917019,-0.0,-0.0,-0.0,0.0,-0.0,-0.0
2021-04-30 09:00:00,2449.3001452852955,4460.59,865.2898547147047,-0.0,-0.0,-0.0,0.0,-0.0,-0.0
2021-04-30 10:00:00,2958.318848414997,4347.3,434.75015158500264,-0.0,-0.0,-0.0,0.0,-0.0,-0.0
2021-04-30 11:00:00,3288.078506002943,4249.42,128.93949399705707,-0.0,-0.0,-0.0,0.0,-0.0,-0.0
2021-04-30 12:00:00,3402.1530066751516,4179.42,32.6670680666125,-0.0,-0.0,-0.0,0.0,21.121074741764055,20.065021004675852
2021-04-30 13:00:00,3288.078506002943,4144.76,220.7644939970569,-0.0,-0.0,-0.0,0.0,100.0,115.06301450257538
2021-04-30 14:00:00,2958.318848414997,4146.889999999999,569.5481515850033,-0.0,-0.0,-0.0,0.0,100.0,210.05150820112513
2021-04-30 15:00:00,2449.3001452852955,4181.01,1146.3068547147045,-0.0,-0.0,-0.0,0.0,100.0,305.030503050305
2021-04-30 16:00:00,1818.7806190829813,4236.75,1904.885380917019,-0.0,-0.0,-0.0,0.0,100.0,400.0
2021-04-30 17:00:00,1142.4530608741743,4299.52,2160.0,-0.0,487.1139391258257,-0.0,0.0,-0.0,399.96
2021-04-30 18:00:00,512.6699783099004,4352.58,2160.0,158.99702169009902,1000.0,-0.0,100.0,-0.0,294.6568461052632
2021-04-30 19:00:00,55.45606252501802,4379.27,2160.0,665.6649374749811,1000.0,-0.0,100.0,-0.0,189.36422252591586
2021-04-30 20:00:00,-0.0,4365.36,2160.0,654.2879999999996,1000.0,-0.0,100.0,-0.0,84.08212820892645
2021-04-30 21:00:00,-0.0,4301.03,2160.0,537.9049660037003,1000.0,-0.0,79.87003399630028,-0.0,-0.0
2021-04-30 22:00:00,-0.0,4182.27,2160.0,499.09699999999975,1000.0,-0.0,0.0,-0.0,-0.0
2021-04-30 23:00:00,-0.0,4011.5,2160.0,470.41299999999956,1000.0,-0.0,0.0,-0.0,-0.0
2021-05-01 00:00:00,-0.0,3783.77,2160.0,-0.0,624.4760000000001,-0.0,0.0,-0.0,-0.0
2021-05-01 01:00:00,-0.0,3540.07,2160.0,-0.0,716.8669999999997,-0.0,0.0,-0.0,-0.0
2021-05-01 02:00:00,-0.0,3284.05,2160.0,-0.0,868.5659999999998,-0.0,0.0,-0.0,-0.0
2021-05-01 03:00:00,-0.0,3034.1200000000003,2160.0,111.98699999999963,1000.0,-0.0,0.0,-0.0,-0.0
2021-05-01 04:00:00,-0.0,2807.5899999999997,2160.0,452.2649999999999,1000.0,-0.0,0.0,-0.0,-0.0
2021-05-01 05:00:00,77.64220069622543,2618.41,2160.0,775.2737993037747,1000.0,-0.0,0.0,-0.0,-0.0
2021-05-01 06:00:00,645.8858249691502,2475.4300000000003,2160.0,599.3431750308491,1000.0,-0.0,0.0,-0.0,-0.0
2021-05-01 07:00:00,1420.20370725129,2381.37,2160.0,136.39229274871036,1000.0,-0.0,0.0,-0.0,-0.0
2021-05-01 08:00:00,2249.0864933703997,2332.54,2160.0,-0.0,491.4775066296006,-0.0,0.0,-0.0,-0.0
2021-05-01 09:00:00,3020.5452415283835,2319.52,1931.8647584716164,-0.0,-0.0,-0.0,0.0,-0.0,-0.0
2021-05-01 10:00:00,3642.7225322342433,2328.54,1262.6014677657563,-0.0,-0.0,-0.0,0.0,-0.0,-0.0
2021-05-01 11:00:00,4045.5510136401663,2343.45,788.846061101598,-0.0,-0.0,-0.0,0.0,21.121074741764055,20.065021004675852
2021-05-01 12:00:00,4184.868821871748,2348.04,647.3411781282521,-0.0,-0.0,-0.0,0.0,100.0,115.06301450257538
2021-05-01 13:00:00,4045.5510136401663,2328.32,763.757986359833,-0.0,-0.0,-0.0,0.0,100.0,210.05150820112513
2021-05-01 14:00:00,3642.7225322342433,2274.5099999999998,1238.5014677657568,-0.0,-0.0,-0.0,0.0,100.0,305.030503050305
2021-05-01 15:00:00,3020.5452415283835,2182.43,2051.625758471617,-0.0,-0.0,-0.0,0.0,100.0,400.0
2021-05-01 16:00:00,2249.0864933703997,2054.17,2160.0,-0.0,872.2125066296003,-0.0,0.0,-0.0,399.96
2021-05-01 17:00:00,1420.20370725129,1897.8400000000001,2160.0,983.2272927487093,1000.0,-0.0,100.0,-0.0,294.6568461052632
2021-05-01 18:00:00,645.8858249691502,1726.53,2160.0,2121.2121750308497,1000.0,-0.0,100.0,-0.0,189.36422252591586
2021-05-01 19:00:00,77.64220069622543,1556.58,2160.0,2932.813799303775,1000.0,-0.0,100.0,-0.0,84.08212820892645
2021-05-01 20:00:00,-0.0,1405.36,2160.0,3098.3969660037,1000.0,-0.0,79.87003399630028,-0.0,-0.0
2021-05-01 21:00:00,-0.0,1288.9900000000002,2160.0,3091.2009999999996,1000.0,-0.0,0.0,-0.0,-0.0
2021-05-01 22:00:00,-0.0,1220.07,2160.0,2920.1630000000005,1000.0,-0.0,0.0,-0.0,-0.0
2021-05-01 23:00:00,-0.0,1206.01,2160.0,2732.326,1000.0,-0.0,0.0,-0.0,-0.0
2021-05-02 00:00:00,-0.0,1234.44,2160.0,2064.079,1000.0,-0.0,0.0,-0.0,-0.0
2021-05-02 01:00:00,-0.0,1327.16,2160.0,1817.7660000000005,1000.0,-0.0,0.0,-0.0,-0.0
2021-05-02 02:00:00,-0.0,1459.52,2160.0,1578.8830000000003,1000.0,-0.0,0.0,-0.0,-0.0
2021-05-02 03:00:00,-0.0,1616.03,2160.0,1413.7480000000005,1000.0,-0.0,0.0,-0.0,-0.0
2021-05-02 04:00:00,-0.0,1778.8300000000002,2160.0,1362.6639999999998,1000.0,-0.0,0.0,-0.0,-0.0
2021-05-02 05:00:00,103.98089080965883,1929.98,2160.0,1317.0621091903413,1000.0,-0.0,0.0,-0.0,-0.0
2021-05-02 06:00:00,787.9637496928824,2053.81,2160.0,756.7292503071174,1000.0,-0.0,0.0,-0.0,-0.0
2021-05-02 07:00:00,1710.6286105250954,2138.91,2160.0,-0.0,964.5083894749043,-0.0,0.0,-0.0,-0.0
2021-05-02 08:00:00,2695.2661317886814,2179.54,2160.0,-0.0,72.70986821131828,-0.0,0.0,-0.0,-0.0
2021-05-02 09:00:00,3610.207617324474,2176.33,1358.2283826755256,-0.0,-0.0,-0.0,0.0,-0.0,-0.0
2021-05-02 10:00:00,4347.393887604593,2136.0299999999997,621.7961123954074,-0.0,-0.0,-0.0,0.0,-0.0,-0.0
2021-05-02 11:00:00,4824.411329790553,2070.51,152.89774495121128,-0.0,-0.0,-0.0,0.0,21.121074741764055,20.065021004675852
2021-05-02 12:00:00,4989.3375730995285,1995.0100000000002,64.58842690047095,-0.0,-0.0,-0.0,0.0,100.0,115.06301450257538
2021-05-02 13:00:00,4824.411329790553,1926.01,254.7066702094462,-0.0,-0.0,-0.0,0.0,100.0,210.05150820112513
2021-05-02 14:00:00,4347.393887604593,1878.83,795.9211123954074,-0.0,-0.0,-0.0,0.0,100.0,305.030503050305
2021-05-02 15:00:00,3610.207617324474,1865.52,1644.2983826755253,-0.0,-0.0,-0.0,0.0,100.0,400.0
2021-05-02 16:00:00,2695.2661317886814,1893.1100000000001,2160.0,-0.0,451.6328682113185,-0.0,0.0,-0.0,399.96
2021-05-02 17:00:00,1710.6286105250954,1962.5500000000002,2160.0,491.8503894749049,1000.0,-0.0,100.0,-0.0,294.6568461052632
2021-05-02 18:00:00,787.9637496928824,2068.53,2160.0,1500.2122503071178,1000.0,-0.0,100.0,-0.0,189.36422252591586
2021-05-02 19:00:00,103.98089080965883,2200.15,2160.0,2125.4071091903406,1000.0,-0.0,100.0,-0.0,84.08212820892645
2021-05-02 20:00:00,-0.0,2342.2799999999997,2160.0,2023.5069660037002,1000.0,-0.0,79.87003399630028,-0.0,-0.0
2021-05-02 21:00:00,-0.0,2477.6,2160.0,1764.2530000000002,1000.0,-0.0,0.0,-0.0,-0.0
2021-05-02 22:00:00,-0.0,2588.92,2160.0,1412.7129999999997,1000.0,-0.0,0.0,-0.0,-0.0
2021-05-02 23:00:00,-0.0,2661.4500000000003,2160.0,1138.1280000000002,1000.0,-0.0,0.0,-0.0,-0.0
2021-05-03 00:00:00,-0.0,2671.3199999999997,2160.0,924.6050000000005,1000.0,-0.0,0.0,-0.0,-0.0
2021-05-03 01:00:00,-0.0,2640.99,2160.0,801.3950000000004,1000.0,-0.0,0.0,-0.0,-0.0
2021-05-03 02:00:00,-0.0,2558.89,2160.0,777.1300000000006,1000.0,-0.0,0.0,-0.0,-0.0
2021-05-03 03:00:00,-0.0,2433.19,2160.0,894.4670000000001,1000.0,-0.0,0.0,-0.0,-0.0
2021-05-03 04:00:00,-0.0,2277.25,2160.0,1162.491,1000.0,-0.0,0.0,-0.0,-0.0
2021-05-03 05:00:00,119.68756268651362,2107.9,2160.0,1422.1544373134866,1000.0,-0.0,0.0,-0.0,-0.0
2021-05-03 06:00:00,834.5453569494175,1943.1899999999998,2160.0,1120.0626430505827,1000.0,-0.0,0.0,-0.0,-0.0
2021-05-03 07:00:00,1789.7870187114033,1800.1200000000001,2160.0,524.1149812885967,1000.0,-0.0,0.0,-0.0,-0.0
2021-05-03 08:00:00,2806.159691032716,1692.36,2160.0,-0.0,749.7533089672843,-0.0,0.0,-0.0,-0.0
2021-05-03 09:00:00,3749.104600620033,1628.55,2068.753399379967,-0.0,-0.0,-0.0,0.0,-0.0,-0.0
2021-05-03 10:00:00,4508.130447359341,1611.2299999999998,1288.4885526406597,-0.0,-0.0,-0.0,0.0,-0.0,-0.0
2021-05-03 11:00:00,4999.016546628055,1636.61,715.9095281137097,-0.0,-0.0,-0.0,0.0,21.121074741764055,20.065021004675852
2021-05-03 12:00:00,5168.68944767129,1695.2,489.9495523287105,-0.0,-0.0,-0.0,0.0,100.0,115.06301450257538
2021-05-03 13:00:00,4999.016546628055,1773.23,539.0704533719445,-0.0,-0.0,-0.0,0.0,100.0,210.05150820112513
2021-05-03 14:00:00,4508.130447359341,1854.5800000000002,967.007552640659,-0.0,-0.0,-0.0,0.0,100.0,305.030503050305
2021-05-03 15:00:00,3749.104600620033,1923.14,1756.8353993799665,-0.0,-0.0,-0.0,0.0,100.0,400.0
2021-05-03 16:00:00,2806.159691032716,1965.0300000000002,2160.0,-0.0,579.4483089672835,-0.0,0.0,-0.0,399.96
2021-05-03 17:00:00,1789.7870187114033,1970.6599999999999,2160.0,716.8809812885972,1000.0,-0.0,100.0,-0.0,294.6568461052632
2021-05-03 18:00:00,834.5453569494175,1936.08,2160.0,1900.1416430505824,1000.0,-0.0,100.0,-0.0,189.36422252591586
2021-05-03 19:00:00,119.68756268651362,1863.61,2160.0,2762.154437313487,1000.0,-0.0,100.0,-0.0,84.08212820892645
2021-05-03 20:00:00,-0.0,1761.6499999999999,2160.0,2921.9939660037003,1000.0,-0.0,79.87003399630028,-0.0,-0.0
2021-05-03 21:00:00,-0.0,1643.6000000000001,2160.0,2918.1399999999994,1000.0,-0.0,0.0,-0.0,-0.0
2021-05-03 22:00:00,-0.0,1526.09,2160.0,2797.5469999999996,1000.0,-0.0,0.0,-0.0,-0.0
2021-05-03 23:00:00,-0.0,1426.8700000000001,2160.0,2696.9139999999998,1000.0,-0.0,0.0,-0.0,-0.0
2021-05-04 00:00:00,-0.0,1348.9,2160.0,2137.44,1000.0,-0.0,0.0,-0.0,-0.0
2021-05-04 01:00:00,-0.0,1332.06,2160.0,2003.1039999999998,1000.0,-0.0,0.0,-0.0,-0.0
2021-05-04 02:00:00,-0.0,1370.6599999999999,2160.0,1860.5820000000003,1000.0,-0.0,0.0,-0.0,-0.0
2021-05-04 03:00:00,-0.0,1466.17,2160.0,1759.2290000000003,1000.0,-0.0,0.0,-0.0,-0.0
2021-05-04 04:00:00,-0.0,1613.6100000000001,2160.0,1726.466,1000.0,-0.0,0.0,-0.0,-0.0
2021-05-04 05:00:00,123.80917161873792,1802.1699999999998,2160.0,1626.7638283812626,1000.0,-0.0,0.0,-0.0,-0.0
2021-05-04 06:00:00,801.0897745355968,2016.6200000000001,2160.0,985.825225464403,1000.0,-0.0,0.0,-0.0,-0.0
2021-05-04 07:00:00,1698.1214458824147,2239.31,2160.0,85.13055411758523,1000.0,-0.0,0.0,-0.0,-0.0
2021-05-04 08:00:00,2649.817038698208,2452.5,2160.0,-0.0,57.364961301791936,-0.0,0.0,-0.0,-0.0
2021-05-04 09:00:00,3531.414336656186,2640.67,1188.6636633438134,-0.0,-0.0,-0.0,0.0,-0.0,-0.0
2021-05-04 10:00:00,4240.411524824771,2792.4900000000002,292.2794751752281,-0.0,-0.0,-0.0,0.0,-0.0,-0.0
2021-05-04 11:00:00,4698.689880153711,2652.1061198462894,-0.0,-0.0,-0.0,-0.0,0.0,100.0,95.0
2021-05-04 12:00:00,4857.06239394433,2420.2636060556697,-0.0,-0.0,-0.0,-0.0,0.0,100.0,189.9905
2021-05-04 13:00:00,4698.689880153711,2539.2711198462894,-0.0,-0.0,-0.0,-0.0,0.0,100.0,284.97150095
2021-05-04 14:00:00,4240.411524824771,3015.23,-0.0,-0.0,-0.0,-0.0,0.0,96.07152482477068,376.21095238343713
2021-05-04 15:00:00,3531.414336656186,3018.21,712.5616633438135,-0.0,-0.0,-0.0,0.0,-0.0,376.17333128819877
2021-05-04 16:00:00,2649.817038698208,3029.6099999999997,1792.7362624017182,-0.0,-0.0,-0.0,0.0,25.120301099926373,400.0
2021-05-04 17:00:00,1698.1214458824147,3064.5299999999997,2160.0,-0.0,754.4215541175859,-0.0,0.0,-0.0,399.96
2021-05-04 18:00:00,801.0897745355968,3134.71,2160.0,678.0922254644029,1000.0,-0.0,100.0,-0.0,294.6568461052632
2021-05-04 19:00:00,123.80917161873792,3246.81,2160.0,1321.3738283812627,1000.0,-0.0,100.0,-0.0,189.36422252591586
2021-05-04 20:00:00,-0.0,3401.4100000000003,2160.0,1212.0929999999994,1000.0,-0.0,100.0,-0.0,84.08212820892645
2021-05-04 21:00:00,-0.0,3592.7799999999997,2160.0,842.5579660036997,1000.0,-0.0,79.87003399630028,-0.0,-0.0
2021-05-04 22:00:00,-0.0,3809.52,2160.0,471.0909999999999,1000.0,-0.0,0.0,-0.0,-0.0
2021-05-04 23:00:00,-0.0,4036.0299999999997,2160.0,48.25700000000052,1000.0,-0.0,0.0,-0.0,-0.0
2021-05-05 00:00:00,-0.0,4241.08,2160.0,-0.0,209.39300000000003,-0.0,0.0,-0.0,-0.0
2021-05-05 01:00:00,-0.0,4433.7300000000005,2029.1369999999997,-0.0,-0.0,-0.0,0.0,-0.0,-0.0
2021-05-05 02:00:00,-0.0,4585.27,1777.2599999999993,-0.0,-0.0,-0.0,0.0,-0.0,-0.0
2021-05-05 03:00:00,-0.0,4684.76,1675.5239999999994,-0.0,-0.0,-0.0,0.0,-0.0,-0.0
2021-05-05 04:00:00,-0.0,4727.11,1751.4580000000005,-0.0,-0.0,-0.0,0.0,-0.0,-0.0
2021-05-05 05:00:00,129.2056325630316,4713.71,1851.9313674369682,-0.0,-0.0,-0.0,0.0,-0.0,-0.0
2021-05-05 06:00:00,781.3790771645241,4652.2,1515.674922835476,-0.0,-0.0,-0.0,0.0,-0.0,-0.0
2021-05-05 07:00:00,1637.9744230411416,4555.429999999999,978.492576958859,-0.0,-0.0,-0.0,0.0,-0.0,-0.0
2021-05-05 08:00:00,2544.258054378463,4439.7300000000005,328.6409456215365,-0.0,-0.0,-0.0,0.0,-0.0,-0.0
2021-05-05 09:00:00,3382.547515538084,3974.7544844619156,-0.0,-0.0,-0.0,-0.0,0.0,-0.0,-0.0
2021-05-05 10:00:00,4056.1087686527408,3269.2232313472596,-0.0,-0.0,-0.0,-0.0,0.0,-0.0,-0.0
2021-05-05 11:00:00,4491.266506908423,2784.386567833341,-0.0,-0.0,-0.0,-0.0,0.0,21.121074741764055,20.065021004675852
2021-05-05 12:00:00,4641.600026700605,2643.0309732993956,-0.0,-0.0,-0.0,-0.0,0.0,100.0,115.06301450257538
2021-05-05 13:00:00,4491.266506908423,2757.551493091577,-0.0,-0.0,-0.0,-0.0,0.0,100.0,210.05150820112513
2021-05-05 14:00:00,4056.1087686527408,3217.8482313472596,-0.0,-0.0,-0.0,-0.0,0.0,100.0,305.030503050305
2021-05-05 15:00:00,3382.547515538084,3997.5304844619163,-0.0,-0.0,-0.0,-0.0,0.0,100.0,400.0
2021-05-05 16:00:00,2544.258054378463,4291.04,633.1169456215371,-0.0,-0.0,-0.0,0.0,-0.0,399.96
2021-05-05 17:00:00,1637.9744230411416,4361.6,1702.4027832746478,-0.0,-0.0,-0.0,0.0,0.08420631578946756,400.0
2021-05-05 18:00:00,781.3790771645241,4411.49,2160.0,-0.0,549.2579228354765,-0.0,0.0,-0.0,399.96
2021-05-05 19:00:00,129.2056325630316,4426.95,2160.0,167.45236743696887,1000.0,-0.0,100.0,-0.0,294.6568461052632
2021-05-05 20:00:00,-0.0,4398.51,2160.0,249.94899999999961,1000.0,-0.0,100.0,-0.0,189.36422252591586
2021-05-05 21:00:00,-0.0,4322.41,2160.0,131.05299999999988,1000.0,-0.0,100.0,-0.0,84.08212820892645
2021-05-05 22:00:00,-0.0,4201.25,2160.0,40.99996600369968,1000.0,-0.0,79.87003399630028,-0.0,-0.0
2021-05-05 23:00:00,-0.0,4043.7099999999996,2160.0,85.29400000000032,1000.0,-0.0,0.0,-0.0,-0.0
2021-05-06 00:00:00,-0.0,3850.21,2160.0,-0.0,648.219,-0.0,0.0,-0.0,-0.0
2021-05-06 01:00:00,-0.0,3664.5,2160.0,-0.0,689.4279999999999,-0.0,0.0,-0.0,-0.0
2021-05-06 02:00:00,-0.0,3491.41,2160.0,-0.0,765.2300000000005,-0.0,0.0,-0.0,-0.0
2021-05-06 03:00:00,-0.0,3347.8599999999997,2160.0,-0.0,909.5260000000007,-0.0,0.0,-0.0,-0.0
2021-05-06 04:00:00,-0.0,3247.33,2160.0,131.27099999999973,1000.0,-0.0,0.0,-0.0,-0.0
2021-05-06 05:00:00,139.76957617760652,3198.1,2160.0,259.8794238223934,1000.0,-0.0,0.0,-0.0,-0.0
2021-05-06 06:00:00,794.9321155452617,3202.2200000000003,2160.0,-0.0,857.8078844547381,-0.0,0.0,-0.0,-0.0
2021-05-06 07:00:00,1648.711647511726,3255.29,2160.0,-0.0,176.33735248827406,-0.0,0.0,-0.0,-0.0
2021-05-06 08:00:00,2549.6050065067543,3347.0699999999997,1487.061993493246,-0.0,-0.0,-0.0,0.0,-0.0,-0.0
2021-05-06 09:00:00,3381.7120542680386,3462.9,586.390945731961,-0.0,-0.0,-0.0,0.0,-0.0,-0.0
2021-05-06 10:00:00,4049.7283199903936,3372.9457547513703,-0.0,-0.0,-0.0,-0.0,0.0,21.121074741764055,20.065021004675852
2021-05-06 11:00:00,4481.080068015868,2952.1159319841317,-0.0,-0.0,-0.0,-0.0,0.0,100.0,115.06301450257538
2021-05-06 12:00:00,4630.070661173977,2735.5883388260227,-0.0,-0.0,-0.0,-0.0,0.0,100.0,210.05150820112513
2021-05-06 13:00:00,4481.080068015868,2851.0489319841317,-0.0,-0.0,-0.0,-0.0,0.0,100.0,305.030503050305
2021-05-06 14:00:00,4049.7283199903936,3309.7406800096064,-0.0,-0.0,-0.0,-0.0,0.0,100.0,400.0
2021-05-06 15:00:00,3381.7120542680386,3817.86,168.13594573196087,-0.0,-0.0,-0.0,0.0,-0.0,399.96
2021-05-06 16:00:00,2549.6050065067543,3755.1200000000003,1253.434199809035,-0.0,-0.0,-0.0,0.0,0.08420631578946756,400.0
2021-05-06 17:00:00,1648.711647511726,3671.55,2160.0,-0.0,313.234352488274,-0.0,0.0,-0.0,399.96
2021-05-06 18:00:00,794.9321155452617,3582.5699999999997,2160.0,358.08188445473843,1000.0,-0.0,100.0,-0.0,294.6568461052632
2021-05-06 19:00:00,139.76957617760652,3504.7,2160.0,1174.3564238223935,1000.0,-0.0,100.0,-0.0,189.36422252591586
2021-05-06 20:00:00,-0.0,3453.26,2160.0,1292.0869999999995,1000.0,-0.0,100.0,-0.0,84.08212820892645
2021-05-06 21:00:00,-0.0,3440.16,2160.0,1131.8969660036996,1000.0,-0.0,79.87003399630028,-0.0,-0.0
2021-05-06 22:00:00,-0.0,3472.17,2160.0,949.8940000000002,1000.0,-0.0,0.0,-0.0,-0.0
2021-05-06 23:00:00,-0.0,3549.9399999999996,2160.0,680.3920000000007,1000.0,-0.0,0.0,-0.0,-0.0
2021-05-07 00:00:00,-0.0,3654.4300000000003,2160.0,-0.0,946.6989999999996,-0.0,0.0,-0.0,-0.0
2021-05-07 01:00:00,-0.0,3800.83,2160.0,-0.0,656.9849999999997,-0.0,0.0,-0.0,-0.0
2021-05-07 02:00:00,-0.0,3960.14,2160.0,-0.0,401.4749999999999,-0.0,0.0,-0.0,-0.0
2021-05-07 03:00:00,-0.0,4114.38,2160.0,-0.0,248.96699999999964,-0.0,0.0,-0.0,-0.0
2021-05-07 04:00:00,-0.0,4245.63,2160.0,-0.0,239.8180000000002,-0.0,0.0,-0.0,-0.0
2021-05-07 05:00:00,141.79943763371696,4338.36,2160.0,-0.0,225.21856236628307,-0.0,0.0,-0.0,-0.0
2021-05-07 06:00:00,762.5038410634968,4381.39,1979.374158936503,-0.0,-0.0,-0.0,0.0,-0.0,-0.0
2021-05-07 07:00:00,1565.4006873831918,4369.35,1414.4723126168078,-0.0,-0.0,-0.0,0.0,-0.0,-0.0
2021-05-07 08:00:00,2410.417158917179,4303.3,779.3758410828204,-0.0,-0.0,-0.0,0.0,-0.0,-0.0
2021-05-07 09:00:00,3189.8282606455964,4190.57,160.32873935440375,-0.0,-0.0,-0.0,0.0,-0.0,-0.0
2021-05-07 10:00:00,3815.0255891276206,3796.513410872379,-0.0,-0.0,-0.0,-0.0,0.0,100.0,95.0
2021-05-07 11:00:00,4218.52243954958,3324.8175604504204,-0.0,-0.0,-0.0,-0.0,0.0,100.0,189.9905
2021-05-07 12:00:00,4357.858813587162,3117.9971864128374,-0.0,-0.0,-0.0,-0.0,0.0,100.0,284.97150095
2021-05-07 13:00:00,4218.52243954958,3223.7515604504206,-0.0,-0.0,-0.0,-0.0,0.0,100.0,379.943003799905
2021-05-07 14:00:00,3815.0255891276206,3439.58,114.8504108723796,-0.0,-0.0,-0.0,0.0,-0.0,379.905009499525
2021-05-07 15:00:00,3189.8282606455964,3353.52,934.0837393544039,-0.0,-0.0,-0.0,0.0,-0.0,379.8670189985751
2021-05-07 16:00:00,2410.417158917179,3305.74,1972.5074386652677,-0.0,-0.0,-0.0,0.0,21.232597582447134,400.0
2021-05-07 17:00:00,1565.4006873831918,3291.96,2160.0,-0.0,885.0203126168085,-0.0,0.0,-0.0,399.96
2021-05-07 18:00:00,762.5038410634968,3302.31,2160.0,779.0781589365031,1000.0,-0.0,100.0,-0.0,294.6568461052632
2021-05-07 19:00:00,141.79943763371696,3322.71,2160.0,1461.945562366283,1000.0,-0.0,100.0,-0.0,189.36422252591586
2021-05-07 20:00:00,-0.0,3336.8599999999997,2160.0,1515.3330000000005,1000.0,-0.0,100.0,-0.0,84.08212820892645
2021-05-07 21:00:00,-0.0,3328.55,2160.0,1349.4679660036995,1000.0,-0.0,79.87003399630028,-0.0,-0.0
2021-05-07 22:00:00,-0.0,3283.94,2160.0,1243.0989999999997,1000.0,-0.0,0.0,-0.0,-0.0
2021-05-07 23:00:00,-0.0,3193.56,2160.0,1140.659,1000.0,-0.0,0.0,-0.0,-0.0
2021-05-08 00:00:00,-0.0,3040.46,2160.0,227.3119999999999,1000.0,-0.0,0.0,-0.0,-0.0
2021-05-08 01:00:00,-0.0,2853.79,2160.0,269.3810000000003,1000.0,-0.0,0.0,-0.0,-0.0
2021-05-08 02:00:00,-0.0,2629.16,2160.0,396.4270000000006,1000.0,-0.0,0.0,-0.0,-0.0
2021-05-08 03:00:00,-0.0,2380.52,2160.0,645.319,1000.0,-0.0,0.0,-0.0,-0.0
2021-05-08 04:00:00,-0.0,2125.1800000000003,2160.0,1021.1839999999993,1000.0,-0.0,0.0,-0.0,-0.0
2021-05-08 05:00:00,127.66467066494775,1881.59,2160.0,1355.3703293350522,1000.0,-0.0,0.0,-0.0,-0.0
2021-05-08 06:00:00,652.1239357854897,1667.02,2160.0,1301.60906421451,1000.0,-0.0,0.0,-0.0,-0.0
2021-05-08 07:00:00,1325.771829328151,1495.32,2160.0,1023.7631706718489,1000.0,-0.0,0.0,-0.0,-0.0
2021-05-08 08:00:00,2033.00526592664,1375.19,2160.0,578.58673407336,1000.0,-0.0,0.0,-0.0,-0.0
2021-05-08 09:00:00,2684.4608326960933,1309.14,2160.0,38.78416730390654,1000.0,-0.0,0.0,-0.0,-0.0
2021-05-08 10:00:00,3206.580806260508,1293.2099999999998,2160.0,-0.0,501.289193739492,-0.0,0.0,-0.0,-0.0
2021-05-08 11:00:00,3543.3954701288376,1317.68,2160.0,-0.0,69.60452987116241,-0.0,0.0,-0.0,-0.0
2021-05-08 12:00:00,3659.6793017151667,1368.4099999999999,2092.8226982848337,-0.0,-0.0,-0.0,0.0,100.0,95.0
2021-05-08 13:00:00,3543.3954701288376,1428.8400000000001,2112.7305298711626,-0.0,-0.0,-0.0,0.0,100.0,189.9905
2021-05-08 14:00:00,3206.580806260508,1482.32,2160.0,-0.0,160.80419373949235,-0.0,0.0,-0.0,189.97150095
2021-05-08 15:00:00,2684.4608326960933,1514.3899999999999,2160.0,-0.0,756.311167303907,-0.0,0.0,-0.0,189.952503799905
2021-05-08 16:00:00,2033.00526592664,1514.76,2160.0,494.80273407335994,1000.0,-0.0,100.0,-0.0,84.67035065478818
2021-05-08 17:00:00,1325.771829328151,1478.75,2160.0,1489.900381233112,1000.0,-0.0,80.42878943873657,-0.0,-0.0
2021-05-08 18:00:00,652.1239357854897,1407.9,2160.0,2513.602064214511,1000.0,-0.0,0.0,-0.0,-0.0
2021-05-08 19:00:00,127.66467066494775,1309.7900000000002,2160.0,3215.9313293350524,1000.0,-0.0,0.0,-0.0,-0.0
2021-05-08 20:00:00,-0.0,1196.96,2160.0,3379.295,1000.0,-0.0,0.0,-0.0,-0.0
2021-05-08 21:00:00,-0.0,1085.23,2160.0,3293.7890000000007,1000.0,-0.0,0.0,-0.0,-0.0
2021-05-08 22:00:00,-0.0,991.4499999999999,2160.0,3153.728,1000.0,-0.0,0.0,-0.0,-0.0
2021-05-08 23:00:00,-0.0,931.2199999999999,2160.0,3018.088,1000.0,-0.0,0.0,-0.0,-0.0
2021-05-09 00:00:00,-0.0,903.51,2160.0,2412.4889999999996,1000.0,-0.0,0.0,-0.0,-0.0
2021-05-09 01:00:00,-0.0,941.63,2160.0,2226.611,1000.0,-0.0,0.0,-0.0,-0.0
2021-05-09 02:00:00,-0.0,1033.17,2160.0,2034.2799999999997,1000.0,-0.0,0.0,-0.0,-0.0
2021-05-09 03:00:00,-0.0,1172.47,2160.0,1891.9769999999999,1000.0,-0.0,0.0,-0.0,-0.0
2021-05-09 04:00:00,-0.0,1348.1000000000001,2160.0,1833.5729999999994,1000.0,-0.0,0.0,-0.0,-0.0
2021-05-09 05:00:00,116.04247610831524,1544.3200000000002,2160.0,1736.2305238916842,1000.0,-0.0,0.0,-0.0,-0.0
2021-05-09 06:00:00,565.4216217607712,1743.0300000000002,2160.0,1340.890378239228,1000.0,-0.0,0.0,-0.0,-0.0
2021-05-09 07:00:00,1138.8141628979763,1926.13,2160.0,805.0838371020238,1000.0,-0.0,0.0,-0.0,-0.0
2021-05-09 08:00:00,1739.3499124086586,2077.86,2160.0,191.29708759134087,1000.0,-0.0,0.0,-0.0,-0.0
2021-05-09 09:00:00,2291.8002243767237,2186.73,2160.0,-0.0,572.1007756232766,-0.0,0.0,-0.0,-0.0
2021-05-09 10:00:00,2734.223381380801,2247.04,2160.0,-0.0,34.556618619198616,-0.0,0.0,-0.0,-0.0
2021-05-09 11:00:00,3019.4931791883264,2259.46,1922.936820811674,-0.0,-0.0,-0.0,0.0,100.0,95.0
2021-05-09 12:00:00,3117.960025615685,2230.86,1779.749974384314,-0.0,-0.0,-0.0,0.0,100.0,189.9905
2021-05-09 13:00:00,3019.4931791883264,2173.29,1896.2708208116737,-0.0,-0.0,-0.0,0.0,100.0,284.97150095
2021-05-09 14:00:00,2734.223381380801,2102.22,2160.0,-0.0,13.765618619198904,-0.0,0.0,-0.0,284.943003799905
2021-05-09 15:00:00,2291.8002243767237,2034.39,2160.0,-0.0,625.8777756232762,-0.0,0.0,-0.0,284.914509499525
2021-05-09 16:00:00,1739.3499124086586,1985.44,2160.0,311.0780875913417,1000.0,-0.0,100.0,-0.0,179.62286015383825
2021-05-09 17:00:00,1138.8141628979763,1967.77,2160.0,1157.9548371020237,1000.0,-0.0,100.0,-0.0,74.34173997308604
2021-05-09 18:00:00,565.4216217607712,1988.8,2160.0,1934.8597877300936,1000.0,-0.0,70.61759050913429,-0.0,-0.0
2021-05-09 19:00:00,116.04247610831524,2049.88,2160.0,2469.9205238916843,1000.0,-0.0,0.0,-0.0,-0.0
2021-05-09 20:00:00,-0.0,2146.16,2160.0,2408.9400000000005,1000.0,-0.0,0.0,-0.0,-0.0
2021-05-09 21:00:00,-0.0,2267.18,2160.0,2087.0769999999998,1000.0,-0.0,0.0,-0.0,-0.0
2021-05-09 22:00:00,-0.0,2398.26,2160.0,1718.5590000000002,1000.0,-0.0,0.0,-0.0,-0.0
2021-05-09 23:00:00,-0.0,2522.56,2160.0,1394.8039999999996,1000.0,-0.0,0.0,-0.0,-0.0
2021-05-10 00:00:00,-0.0,2610.2599999999998,2160.0,1106.4720000000002,1000.0,-0.0,0.0,-0.0,-0.0
2021-05-10 01:00:00,-0.0,2673.1899999999996,2160.0,892.2330000000002,1000.0,-0.0,0.0,-0.0,-0.0
2021-05-10 02:00:00,-0.0,2688.34,2160.0,772.7609999999995,1000.0,-0.0,0.0,-0.0,-0.0
2021-05-10 03:00:00,-0.0,2651.58,2160.0,803.0129999999999,1000.0,-0.0,0.0,-0.0,-0.0
2021-05-10 04:00:00,-0.0,2565.22,2160.0,1003.1200000000003,1000.0,-0.0,0.0,-0.0,-0.0
2021-05-10 05:00:00,131.78009099517172,2437.77,2160.0,1210.2619090048283,1000.0,-0.0,0.0,-0.0,-0.0
2021-05-10 06:00:00,614.7262138974545,2282.92,2160.0,1131.4987861025456,1000.0,-0.0,0.0,-0.0,-0.0
2021-05-10 07:00:00,1227.0883818307805,2117.74,2160.0,901.6226181692198,1000.0,-0.0,0.0,-0.0,-0.0
2021-05-10 08:00:00,1866.9588856556031,1960.54,2160.0,554.0901143443969,1000.0,-0.0,0.0,-0.0,-0.0
2021-05-10 09:00:00,2454.845132677597,1828.46,2160.0,137.1098673224028,1000.0,-0.0,0.0,-0.0,-0.0
2021-05-10 10:00:00,2925.2902795391997,1735.3,2160.0,-0.0,721.7597204608005,-0.0,0.0,-0.0,-0.0
2021-05-10 11:00:00,3228.4884573417003,1689.7599999999998,2160.0,-0.0,386.9635426583004,-0.0,0.0,-0.0,-0.0
2021-05-10 12:00:00,3333.1253399633947,1694.38,2160.0,-0.0,201.22966003660486,-0.0,0.0,-0.0,-0.0
2021-05-10 13:00:00,3228.4884573417003,1745.34,2160.0,-0.0,212.28554265829916,-0.0,0.0,-0.0,-0.0
2021-05-10 14:00:00,2925.2902795391997,1833.03,2160.0,-0.0,445.89872046080063,-0.0,0.0,-0.0,-0.0
2021-05-10 15:00:00,2454.845132677597,1943.5,2160.0,-0.0,904.7418673224033,-0.0,0.0,-0.0,-0.0
2021-05-10 16:00:00,1866.9588856556031,2060.44,2160.0,556.5561143443967,1000.0,-0.0,0.0,-0.0,-0.0
2021-05-10 17:00:00,1227.0883818307805,2167.44,2160.0,1315.2286181692189,1000.0,-0.0,0.0,-0.0,-0.0
2021-05-10 18:00:00,614.7262138974545,2250.35,2160.0,2037.036786102546,1000.0,-0.0,0.0,-0.0,-0.0
2021-05-10 19:00:00,131.78009099517172,2299.19,2160.0,2544.550909004828,1000.0,-0.0,0.0,-0.0,-0.0
2021-05-10 20:00:00,-0.0,2309.6,2160.0,2582.512,1000.0,-0.0,0.0,-0.0,-0.0
2021-05-10 21:00:00,-0.0,2283.5,2160.0,2405.1760000000004,1000.0,-0.0,0.0,-0.0,-0.0
2021-05-10 22:00:00,-0.0,2228.79,2160.0,2219.928,1000.0,-0.0,0.0,-0.0,-0.0
2021-05-10 23:00:00,-0.0,2158.39,2160.0,2088.431,1000.0,-0.0,0.0,-0.0,-0.0
2021-05-11 00:00:00,-0.0,2075.43,2160.0,1532.3490000000006,1000.0,-0.0,0.0,-0.0,-0.0
2021-05-11 01:00:00,-0.0,2023.1499999999999,2160.0,1431.036,1000.0,-0.0,0.0,-0.0,-0.0
2021-05-11 02:00:00,-0.0,2004.45,2160.0,1343.2129999999997,1000.0,-0.0,0.0,-0.0,-0.0
2021-05-11 03:00:00,-0.0,2031.76,2160.0,1307.2779999999993,1000.0,-0.0,0.0,-0.0,-0.0
2021-05-11 04:00:00,-0.0,2112.33,2160.0,1338.4250000000002,1000.0,-0.0,0.0,-0.0,-0.0
2021-05-11 05:00:00,170.74352918929216,2247.15,2160.0,1242.3894708107082,1000.0,-0.0,0.0,-0.0,-0.0
2021-05-11 06:00:00,764.9978476696326,2430.75,2160.0,712.0151523303673,1000.0,-0.0,0.0,-0.0,-0.0
2021-05-11 07:00:00,1514.022913576396,2651.8799999999997,2160.0,-0.0,957.4040864236042,-0.0,0.0,-0.0,-0.0
2021-05-11 08:00:00,2294.956411396896,2894.89,2160.0,-0.0,66.9295886031041,-0.0,0.0,-0.0,-0.0
2021-05-11 09:00:00,3011.5717686278954,3141.77,1300.684231372104,-0.0,-0.0,-0.0,0.0,-0.0,-0.0
2021-05-11 10:00:00,3584.5991822470805,3374.42,455.46081775291896,-0.0,-0.0,-0.0,0.0,-0.0,-0.0
2021-05-11 11:00:00,3953.74929156717,3482.2097084328298,-0.0,-0.0,-0.0,-0.0,0.0,100.0,95.0
2021-05-11 12:00:00,4081.1169093361013,3277.0790906638986,-0.0,-0.0,-0.0,-0.0,0.0,100.0,189.9905
2021-05-11 13:00:00,3953.74929156717,3360.63870843283,-0.0,-0.0,-0.0,-0.0,0.0,100.0,284.97150095
2021-05-11 14:00:00,3584.5991822470805,3746.805817752919,-0.0,-0.0,-0.0,-0.0,0.0,100.0,379.943003799905
2021-05-11 15:00:00,3011.5717686278954,3944.82,372.8942313721045,-0.0,-0.0,-0.0,0.0,-0.0,379.905009499525
2021-05-11 16:00:00,2294.956411396896,3942.7000000000003,1292.8062001835515,-0.0,-0.0,-0.0,0.0,21.192611580447288,400.0
2021-05-11 17:00:00,1514.022913576396,3927.2000000000003,2160.0,-0.0,133.06608642360356,-0.0,0.0,-0.0,399.96
2021-05-11 18:00:00,764.9978476696326,3914.71,2160.0,-0.0,1000.0,-0.0,86.2581523303677,-0.0,309.1219489154024
2021-05-11 19:00:00,170.74352918929216,3920.48,2160.0,647.5744708107077,1000.0,-0.0,100.0,-0.0,203.82787882577406
2021-05-11 20:00:00,-0.0,3956.48,2160.0,698.4370000000004,1000.0,-0.0,100.0,-0.0,98.54433814315466
2021-05-11 21:00:00,-0.0,4029.66,2160.0,427.8452404761272,1000.0,-0.0,93.60775952387334,-0.0,-0.0
2021-05-11 22:00:00,-0.0,4140.93,2160.0,169.96299999999974,1000.0,-0.0,0.0,-0.0,-0.0
2021-05-11 23:00:00,-0.0,4284.94,2160.0,-0.0,823.8980000000001,-0.0,0.0,-0.0,-0.0
2021-05-12 00:00:00,-0.0,4437.7699999999995,2160.0,-0.0,32.08000000000084,-0.0,0.0,-0.0,-0.0
2021-05-12 01:00:00,-0.0,4610.16,1866.1500000000005,-0.0,-0.0,-0.0,0.0,-0.0,-0.0
2021-05-12 02:00:00,-0.0,4771.82,1598.125,-0.0,-0.0,-0.0,0.0,-0.0,-0.0
2021-05-12 03:00:00,-0.0,4905.54,1456.0420000000004,-0.0,-0.0,-0.0,0.0,-0.0,-0.0
2021-05-12 04:00:00,-0.0,4996.5,1477.1660000000002,-0.0,-0.0,-0.0,0.0,-0.0,-0.0
2021-05-12 05:00:00,204.21148880711354,5034.33,1445.125511192887,-0.0,-0.0,-0.0,0.0,-0.0,-0.0
2021-05-12 06:00:00,881.3930740919669,5014.490000000001,1035.8399259080325,-0.0,-0.0,-0.0,0.0,-0.0,-0.0
2021-05-12 07:00:00,1730.1288954281567,4938.9,478.91810457184374,-0.0,-0.0,-0.0,0.0,-0.0,-0.0
2021-05-12 08:00:00,2613.124817438211,4669.0731825617895,-0.0,-0.0,-0.0,-0.0,0.0,-0.0,-0.0
2021-05-12 09:00:00,3422.4392440322554,3897.8937559677443,-0.0,-0.0,-0.0,-0.0,0.0,-0.0,-0.0
2021-05-12 10:00:00,4069.123398659449,3212.6496013405513,-0.0,-0.0,-0.0,-0.0,0.0,-0.0,-0.0
2021-05-12 11:00:00,4485.548238660112,2739.9118360816524,-0.0,-0.0,-0.0,-0.0,0.0,21.121074741764055,20.065021004675852
2021-05-12 12:00:00,4629.191879689929,2598.572120310071,-0.0,-0.0,-0.0,-0.0,0.0,100.0,115.06301450257538
2021-05-12 13:00:00,4485.548238660112,2699.6937613398886,-0.0,-0.0,-0.0,-0.0,0.0,100.0,210.05150820112513
2021-05-12 14:00:00,4069.123398659449,3134.519601340551,-0.0,-0.0,-0.0,-0.0,0.0,100.0,305.030503050305
2021-05-12 15:00:00,3422.4392440322554,3880.5647559677445,-0.0,-0.0,-0.0,-0.0,0.0,100.0,400.0
2021-05-12 16:00:00,2613.124817438211,3899.37,872.0681825617894,-0.0,-0.0,-0.0,0.0,-0.0,399.96
2021-05-12 17:00:00,1730.1288954281567,3925.98,1955.2273108876334,-0.0,-0.0,-0.0,0.0,0.08420631578946756,400.0
2021-05-12 18:00:00,881.3930740919669,3968.38,2160.0,-0.0,794.9179259080328,-0.0,0.0,-0.0,399.96
2021-05-12 19:00:00,204.21148880711354,4010.5400000000004,2160.0,404.6255111928865,1000.0,-0.0,100.0,-0.0,294.6568461052632
2021-05-12 20:00:00,-0.0,4036.38,2160.0,501.0590000000002,1000.0,-0.0,100.0,-0.0,189.36422252591586
2021-05-12 21:00:00,-0.0,4032.1,2160.0,303.56500000000005,1000.0,-0.0,100.0,-0.0,84.08212820892645
2021-05-12 22:00:00,-0.0,3988.18,2160.0,129.51196600369985,1000.0,-0.0,79.87003399630028,-0.0,-0.0
2021-05-12 23:00:00,-0.0,3900.71,2160.0,96.99799999999959,1000.0,-0.0,0.0,-0.0,-0.0
2021-05-13 00:00:00,-0.0,3759.25,2160.0,-0.0,601.8639999999996,-0.0,0.0,-0.0,-0.0
2021-05-13 01:00:00,-0.0,3597.99,2160.0,-0.0,611.9490000000005,-0.0,0.0,-0.0,-0.0
2021-05-13 02:00:00,-0.0,3417.5299999999997,2160.0,-0.0,688.4859999999999,-0.0,0.0,-0.0,-0.0
2021-05-13 03:00:00,-0.0,3234.6200000000003,2160.0,-0.0,865.5529999999994,-0.0,0.0,-0.0,-0.0
2021-05-13 04:00:00,-0.0,3067.06,2160.0,147.7909999999997,1000.0,-0.0,0.0,-0.0,-0.0
2021-05-13 05:00:00,219.64586219595353,2931.39,2160.0,276.4821378040467,1000.0,-0.0,0.0,-0.0,-0.0
2021-05-13 06:00:00,915.6222317558298,2840.66,2160.0,-0.0,922.0267682441705,-0.0,0.0,-0.0,-0.0
2021-05-13 07:00:00,1783.2456663970474,2802.7200000000003,2160.0,-0.0,311.37133360295275,-0.0,0.0,-0.0,-0.0
2021-05-13 08:00:00,2684.0400077600702,2819.16,1691.25599223993,-0.0,-0.0,-0.0,0.0,-0.0,-0.0
2021-05-13 09:00:00,3508.714544518951,2885.11,841.6984554810497,-0.0,-0.0,-0.0,0.0,-0.0,-0.0
2021-05-13 10:00:00,4167.218928966788,2989.8599999999997,42.877071033212815,-0.0,-0.0,-0.0,0.0,-0.0,-0.0
2021-05-13 11:00:00,4591.076279969854,2634.494720030146,-0.0,-0.0,-0.0,-0.0,0.0,100.0,95.0
2021-05-13 12:00:00,4737.25724781981,2414.8427521801905,-0.0,-0.0,-0.0,-0.0,0.0,100.0,189.9905
2021-05-13 13:00:00,4591.076279969854,2521.6597200301458,-0.0,-0.0,-0.0,-0.0,0.0,100.0,284.97150095
2021-05-13 14:00:00,4167.218928966788,2967.1250710332124,-0.0,-0.0,-0.0,-0.0,0.0,100.0,379.943003799905
2021-05-13 15:00:00,3508.714544518951,3530.7,97.54545548104943,-0.0,-0.0,-0.0,0.0,-0.0,379.905009499525
2021-05-13 16:00:00,2684.0400077600702,3545.44,1113.530603820377,-0.0,-0.0,-0.0,0.0,21.192611580447288,400.0
2021-05-13 17:00:00,1783.2456663970474,3517.3900000000003,2160.0,-0.0,91.21233360295219,-0.0,0.0,-0.0,399.96
2021-05-13 18:00:00,915.6222317558298,3453.39,2160.0,119.65376824417035,1000.0,-0.0,100.0,-0.0,294.6568461052632
2021-05-13 19:00:00,219.64586219595353,3365.38,2160.0,981.741137804046,1000.0,-0.0,100.0,-0.0,189.36422252591586
2021-05-13 20:00:00,-0.0,3268.6,2160.0,1219.6780000000003,1000.0,-0.0,100.0,-0.0,84.08212820892645
2021-05-13 21:00:00,-0.0,3179.47,2160.0,1130.6429660037002,1000.0,-0.0,79.87003399630028,-0.0,-0.0
2021-05-13 22:00:00,-0.0,3113.25,2160.0,1042.1350000000002,1000.0,-0.0,0.0,-0.0,-0.0
2021-05-13 23:00:00,-0.0,3081.83,2160.0,877.232,1000.0,-0.0,0.0,-0.0,-0.0
2021-05-14 00:00:00,-0.0,3079.2999999999997,2160.0,246.8350000000005,1000.0,-0.0,0.0,-0.0,-0.0
2021-05-14 01:00:00,-0.0,3131.93,2160.0,46.59800000000041,1000.0,-0.0,0.0,-0.0,-0.0
2021-05-14 02:00:00,-0.0,3221.3999999999996,2160.0,-0.0,856.7910000000002,-0.0,0.0,-0.0,-0.0
2021-05-14 03:00:00,-0.0,3336.5,2160.0,-0.0,739.4449999999997,-0.0,0.0,-0.0,-0.0
2021-05-14 04:00:00,-0.0,3461.7999999999997,2160.0,-0.0,732.4290000000005,-0.0,0.0,-0.0,-0.0
2021-05-14 05:00:00,235.38347708280997,3579.6499999999996,2160.0,-0.0,595.4745229171901,-0.0,0.0,-0.0,-0.0
2021-05-14 06:00:00,950.0122930717014,3672.49,2160.0,-0.0,42.41370692829901,-0.0,0.0,-0.0,-0.0
2021-05-14 07:00:00,1836.3562487639379,3725.1800000000003,1486.022751236062,-0.0,-0.0,-0.0,0.0,-0.0,-0.0
2021-05-14 08:00:00,2754.763351419919,3726.97,706.5576485800811,-0.0,-0.0,-0.0,0.0,-0.0,-0.0
2021-05-14 09:00:00,3594.6309060896265,3638.3320939103733,-0.0,-0.0,-0.0,-0.0,0.0,-0.0,-0.0
2021-05-14 10:00:00,4264.813182512099,3029.3745348504845,-0.0,-0.0,-0.0,-0.0,0.0,93.19471736258319,88.53498149445403
2021-05-14 11:00:00,4696.010215487566,2534.1837845124346,-0.0,-0.0,-0.0,-0.0,0.0,100.0,183.52612799630458
2021-05-14 12:00:00,4844.691378545657,2315.6016214543424,-0.0,-0.0,-0.0,-0.0,0.0,100.0,278.50777538350496
2021-05-14 13:00:00,4696.010215487566,2428.4697845124338,-0.0,-0.0,-0.0,-0.0,0.0,100.0,373.47992460596663
2021-05-14 14:00:00,4264.813182512099,2812.76,-0.0,-0.0,-0.0,-0.0,0.0,27.955182512098872,400.0
2021-05-14 15:00:00,3594.6309060896265,2626.2400000000002,934.8690939103735,-0.0,-0.0,-0.0,0.0,-0.0,399.96
2021-05-14 16:00:00,2754.763351419919,2470.7799999999997,2118.617854895871,-0.0,-0.0,-0.0,0.0,0.08420631578946756,400.0
2021-05-14 17:00:00,1836.3562487639379,2354.86,2160.0,126.33875123606231,1000.0,-0.0,100.0,-0.0,294.69684210526316
2021-05-14 18:00:00,950.0122930717014,2280.88,2160.0,1286.896706928298,1000.0,-0.0,100.0,-0.0,189.4042145263158
2021-05-14 19:00:00,235.38347708280997,2244.97,2160.0,2118.9155229171906,1000.0,-0.0,100.0,-0.0,84.12211621012632
2021-05-14 20:00:00,-0.0,2237.6,2160.0,2306.61198120142,1000.0,-0.0,79.90801879858006,-0.0,-0.0
2021-05-14 21:00:00,-0.0,2245.02,2160.0,2184.105,1000.0,-0.0,0.0,-0.0,-0.0
2021-05-14 22:00:00,-0.0,2251.2,2160.0,1946.5820000000003,1000.0,-0.0,0.0,-0.0,-0.0
2021-05-14 23:00:00,-0.0,2240.12,2160.0,1764.5460000000003,1000.0,-0.0,0.0,-0.0,-0.0
2021-05-15 00:00:00,-0.0,2185.44,2160.0,753.4259999999999,1000.0,-0.0,0.0,-0.0,-0.0
2021-05-15 01:00:00,-0.0,2103.15,2160.0,691.2149999999997,1000.0,-0.0,0.0,-0.0,-0.0
2021-05-15 02:00:00,-0.0,1976.89,2160.0,720.1870000000001,1000.0,-0.0,0.0,-0.0,-0.0
2021-05-15 03:00:00,-0.0,1809.3300000000002,2160.0,888.4930000000002,1000.0,-0.0,0.0,-0.0,-0.0
2021-05-15 04:00:00,-0.0,1609.23,2160.0,1209.8089999999997,1000.0,-0.0,0.0,-0.0,-0.0
2021-05-15 05:00:00,264.48847229039393,1390.41,2160.0,1383.2885277096061,1000.0,-0.0,0.0,-0.0,-0.0
2021-05-15 06:00:00,1035.7553737863677,1169.99,2160.0,1089.6516262136324,1000.0,-0.0,0.0,-0.0,-0.0
2021-05-15 07:00:00,1987.7418308961765,966.17,2160.0,566.8641691038233,1000.0,-0.0,0.0,-0.0,-0.0
2021-05-15 08:00:00,2972.2741459257563,795.91,2160.0,-0.0,895.9898540742438,-0.0,0.0,-0.0,-0.0
2021-05-15 09:00:00,3871.651297430702,672.7099999999999,2160.0,-0.0,167.07870256929755,-0.0,0.0,-0.0,-0.0
2021-05-15 10:00:00,4588.842194647733,604.9,1648.2478053522673,-0.0,-0.0,-0.0,0.0,-0.0,-0.0
2021-05-15 11:00:00,5050.109644742836,594.52,1150.1244299989276,-0.0,-0.0,-0.0,0.0,21.121074741764055,20.065021004675852
2021-05-15 12:00:00,5209.13196174349,637.17,959.7940382565093,-0.0,-0.0,-0.0,0.0,100.0,115.06301450257538
2021-05-15 13:00:00,5050.109644742836,722.6200000000001,999.8373552571638,-0.0,-0.0,-0.0,0.0,100.0,210.05150820112513
2021-05-15 14:00:00,4588.842194647733,836.1899999999999,1374.8748053522677,-0.0,-0.0,-0.0,0.0,100.0,305.030503050305
2021-05-15 15:00:00,3871.651297430702,960.82,2075.6737025692987,-0.0,-0.0,-0.0,0.0,100.0,400.0
2021-05-15 16:00:00,2972.2741459257563,1079.28,2160.0,-0.0,786.9588540742438,-0.0,0.0,-0.0,399.96
2021-05-15 17:00:00,1987.7418308961765,1176.57,2160.0,809.622169103824,1000.0,-0.0,100.0,-0.0,294.6568461052632
2021-05-15 18:00:00,1035.7553737863677,1241.8600000000001,2160.0,1898.4056262136319,1000.0,-0.0,100.0,-0.0,189.36422252591586
2021-05-15 19:00:00,264.48847229039393,1269.9099999999999,2160.0,2724.864527709606,1000.0,-0.0,100.0,-0.0,84.08212820892645
2021-05-15 20:00:00,-0.0,1261.75,2160.0,2944.1639660036994,1000.0,-0.0,79.87003399630028,-0.0,-0.0
2021-05-15 21:00:00,-0.0,1224.46,2160.0,2867.9039999999995,1000.0,-0.0,0.0,-0.0,-0.0
2021-05-15 22:00:00,-0.0,1170.1000000000001,2160.0,2692.402,1000.0,-0.0,0.0,-0.0,-0.0
2021-05-15 23:00:00,-0.0,1114.05,2160.0,2556.719,1000.0,-0.0,0.0,-0.0,-0.0
2021-05-16 00:00:00,-0.0,1060.19,2160.0,1982.337,1000.0,-0.0,0.0,-0.0,-0.0
2021-05-16 01:00:00,-0.0,1048.92,2160.0,1850.2929999999997,1000.0,-0.0,0.0,-0.0,-0.0
2021-05-16 02:00:00,-0.0,1079.5,2160.0,1723.5119999999997,1000.0,-0.0,0.0,-0.0,-0.0
2021-05-16 03:00:00,-0.0,1158.6499999999999,2160.0,1646.0950000000003,1000.0,-0.0,0.0,-0.0,-0.0
2021-05-16 04:00:00,-0.0,1286.9,2160.0,1639.9450000000002,1000.0,-0.0,0.0,-0.0,-0.0
2021-05-16 05:00:00,284.6633148114919,1458.47,2160.0,1403.6426851885076,1000.0,-0.0,0.0,-0.0,-0.0
2021-05-16 06:00:00,1083.791302512982,1661.84,2160.0,659.0346974870181,1000.0,-0.0,0.0,-0.0,-0.0
2021-05-16 07:00:00,2065.6439528764163,1881.22,2160.0,-0.0,683.7570471235836,-0.0,0.0,-0.0,-0.0
2021-05-16 08:00:00,3079.188434083575,2098.56,1756.7425659164255,-0.0,-0.0,-0.0,0.0,-0.0,-0.0
2021-05-16 09:00:00,4004.1183232479116,2295.84,682.1666767520883,-0.0,-0.0,-0.0,0.0,-0.0,-0.0
2021-05-16 10:00:00,4741.217953100026,2232.8401216417383,-0.0,-0.0,-0.0,-0.0,0.0,21.121074741764055,20.065021004675852
2021-05-16 11:00:00,5215.110151275816,1769.6278487241843,-0.0,-0.0,-0.0,-0.0,0.0,100.0,115.06301450257538
2021-05-16 12:00:00,5378.458301074705,1538.7956989252953,-0.0,-0.0,-0.0,-0.0,0.0,100.0,210.05150820112513
2021-05-16 13:00:00,5215.110151275816,1668.5618487241836,-0.0,-0.0,-0.0,-0.0,0.0,100.0,305.030503050305
2021-05-16 14:00:00,4741.217953100026,2169.6360468999746,-0.0,-0.0,-0.0,-0.0,0.0,100.0,400.0
2021-05-16 15:00:00,4004.1183232479116,2545.98,368.7316767520888,-0.0,-0.0,-0.0,0.0,-0.0,399.96
2021-05-16 16:00:00,3079.188434083575,2464.6,1565.124772232215,-0.0,-0.0,-0.0,0.0,0.08420631578946756,400.0
2021-05-16 17:00:00,2065.6439528764163,2384.4,2160.0,-0.0,733.7350471235841,-0.0,0.0,-0.0,399.96
2021-05-16 18:00:00,1083.791302512982,2321.49,2160.0,880.0086974870183,1000.0,-0.0,100.0,-0.0,294.6568461052632
2021-05-16 19:00:00,284.6633148114919,2288.73,2160.0,1794.459685188508,1000.0,-0.0,100.0,-0.0,189.36422252591586
2021-05-16 20:00:00,-0.0,2293.98,2160.0,1999.6110000000003,1000.0,-0.0,100.0,-0.0,84.08212820892645
2021-05-16 21:00:00,-0.0,2339.11,2160.0,1780.3059660036997,1000.0,-0.0,79.87003399630028,-0.0,-0.0
2021-05-16 22:00:00,-0.0,2419.7,2160.0,1548.737,1000.0,-0.0,0.0,-0.0,-0.0
2021-05-16 23:00:00,-0.0,2525.7400000000002,2160.0,1249.877,1000.0,-0.0,0.0,-0.0,-0.0
2021-05-17 00:00:00,-0.0,2630.5299999999997,2160.0,951.9320000000007,1000.0,-0.0,0.0,-0.0,-0.0
2021-05-17 01:00:00,-0.0,2742.6099999999997,2160.0,695.2520000000004,1000.0,-0.0,0.0,-0.0,-0.0
2021-05-17 02:00:00,-0.0,2833.12,2160.0,507.15800000000036,1000.0,-0.0,0.0,-0.0,-0.0
2021-05-17 03:00:00,-0.0,2888.0899999999997,2160.0,452.44000000000005,1000.0,-0.0,0.0,-0.0,-0.0
2021-05-17 04:00:00,-0.0,2897.88,2160.0,563.1750000000002,1000.0,-0.0,0.0,-0.0,-0.0
2021-05-17 05:00:00,267.1248167425374,2858.62,2160.0,553.5711832574625,1000.0,-0.0,0.0,-0.0,-0.0
2021-05-17 06:00:00,990.5723905819088,2772.85,2160.0,172.02160941809166,1000.0,-0.0,0.0,-0.0,-0.0
2021-05-17 07:00:00,1875.5486652320706,2649.24,2160.0,-0.0,634.7573347679299,-0.0,0.0,-0.0,-0.0
2021-05-17 08:00:00,2787.4886787977002,2501.59,2160.0,-0.0,12.39432120229958,-0.0,0.0,-0.0,-0.0
2021-05-17 09:00:00,3618.8592829209447,2347.02,1541.1967170790558,-0.0,-0.0,-0.0,0.0,-0.0,-0.0
2021-05-17 10:00:00,4280.99637674298,2203.84,990.9346232570197,-0.0,-0.0,-0.0,0.0,-0.0,-0.0
2021-05-17 11:00:00,4706.530838888138,2089.12,630.841235853627,-0.0,-0.0,-0.0,0.0,21.121074741764055,20.065021004675852
2021-05-17 12:00:00,4853.188329092119,2016.57,565.8446709078817,-0.0,-0.0,-0.0,0.0,100.0,115.06301450257538
2021-05-17 13:00:00,4706.530838888138,1994.71,698.4161611118625,-0.0,-0.0,-0.0,0.0,100.0,210.05150820112513
2021-05-17 14:00:00,4280.99637674298,2025.86,1117.5396232570201,-0.0,-0.0,-0.0,0.0,100.0,305.030503050305
2021-05-17 15:00:00,3618.8592829209447,2105.91,1805.0837170790555,-0.0,-0.0,-0.0,0.0,100.0,400.0
2021-05-17 16:00:00,2787.4886787977002,2224.96,2160.0,-0.0,444.81032120229975,-0.0,0.0,-0.0,399.96
2021-05-17 17:00:00,1875.5486652320706,2368.69,2160.0,345.30333476792975,1000.0,-0.0,100.0,-0.0,294.6568461052632
2021-05-17 18:00:00,990.5723905819088,2520.3900000000003,2160.0,1277.354609418091,1000.0,-0.0,100.0,-0.0,189.36422252591586
2021-05-17 19:00:00,267.1248167425374,2663.2299999999996,2160.0,1937.7221832574633,1000.0,-0.0,100.0,-0.0,84.08212820892645
2021-05-17 20:00:00,-0.0,2782.5899999999997,2160.0,2028.4859660037,1000.0,-0.0,79.87003399630028,-0.0,-0.0
2021-05-17 21:00:00,-0.0,2868.0099999999998,2160.0,1825.7000000000003,1000.0,-0.0,0.0,-0.0,-0.0
2021-05-17 22:00:00,-0.0,2914.66,2160.0,1545.2089999999998,1000.0,-0.0,0.0,-0.0,-0.0
2021-05-17 23:00:00,-0.0,2923.92,2160.0,1340.0789999999997,1000.0,-0.0,0.0,-0.0,-0.0
2021-05-18 00:00:00,-0.0,2890.84,2160.0,740.8819999999996,1000.0,-0.0,0.0,-0.0,-0.0
2021-05-18 01:00:00,-0.0,2852.5899999999997,2160.0,631.3750000000005,1000.0,-0.0,0.0,-0.0,-0.0
2021-05-18 02:00:00,-0.0,2812.4500000000003,2160.0,570.7229999999995,1000.0,-0.0,0.0,-0.0,-0.0
2021-05-18 03:00:00,-0.0,2787.15,2160.0,593.0210000000002,1000.0,-0.0,0.0,-0.0,-0.0
2021-05-18 04:00:00,-0.0,2792.15,2160.0,705.2469999999998,1000.0,-0.0,0.0,-0.0,-0.0
2021-05-18 05:00:00,224.74527024423105,2839.4799999999996,2160.0,648.0917297557694,1000.0,-0.0,0.0,-0.0,-0.0
2021-05-18 06:00:00,813.1204168242515,2936.0000000000005,2160.0,215.94458317574754,1000.0,-0.0,0.0,-0.0,-0.0
2021-05-18 07:00:00,1529.8904891052593,3082.36,2160.0,-0.0,573.5005108947407,-0.0,0.0,-0.0,-0.0
2021-05-18 08:00:00,2267.231474435387,3272.8,1944.1985255646123,-0.0,-0.0,-0.0,0.0,-0.0,-0.0
2021-05-18 09:00:00,2938.781431899934,3495.81,1091.7635681000656,-0.0,-0.0,-0.0,0.0,-0.0,-0.0
2021-05-18 10:00:00,3473.3095524750242,3735.55,282.68444752497544,-0.0,-0.0,-0.0,0.0,-0.0,-0.0
2021-05-18 11:00:00,3816.7212660757127,3622.0128086660516,-0.0,-0.0,-0.0,-0.0,0.0,21.121074741764055,20.065021004675852
2021-05-18 12:00:00,3935.0535249241525,3509.2404750758474,-0.0,-0.0,-0.0,-0.0,0.0,100.0,115.06301450257538
2021-05-18 13:00:00,3816.7212660757127,3588.0567339242875,-0.0,-0.0,-0.0,-0.0,0.0,100.0,210.05150820112513
2021-05-18 14:00:00,3473.3095524750242,3952.6224475249755,-0.0,-0.0,-0.0,-0.0,0.0,100.0,305.030503050305
2021-05-18 15:00:00,2938.781431899934,4589.010568100066,-0.0,-0.0,-0.0,-0.0,0.0,100.0,400.0
2021-05-18 16:00:00,2267.231474435387,4627.58,716.7805255646126,-0.0,-0.0,-0.0,0.0,-0.0,399.96
2021-05-18 17:00:00,1529.8904891052593,4614.03,1696.4257172105304,-0.0,-0.0,-0.0,0.0,0.08420631578946756,400.0
2021-05-18 18:00:00,813.1204168242515,4567.33,2160.0,-0.0,484.1092048798294,-0.0,10.862378295918726,-0.0,388.5259175832434
2021-05-18 19:00:00,224.74527024423105,4502.9400000000005,2160.0,123.88072975576824,1000.0,-0.0,100.0,-0.0,283.2239070967483
2021-05-18 20:00:00,-0.0,4437.610000000001,2160.0,333.21299999999974,1000.0,-0.0,100.0,-0.0,177.9324268113018
2021-05-18 21:00:00,-0.0,4387.0,2160.0,182.97999999999956,1000.0,-0.0,100.0,-0.0,72.65147567388382
2021-05-18 22:00:00,-0.0,4363.53,2160.0,-0.0,1000.0,-0.0,69.01200000000063,-0.0,-0.0
2021-05-18 23:00:00,-0.0,4374.63,2160.0,-0.0,858.4579999999996,-0.0,0.0,-0.0,-0.0
2021-05-19 00:00:00,-0.0,4409.429999999999,2160.0,-0.0,187.94600000000082,-0.0,0.0,-0.0,-0.0
2021-05-19 01:00:00,-0.0,4487.68,2118.3869999999997,-0.0,-0.0,-0.0,0.0,-0.0,-0.0
2021-05-19 02:00:00,-0.0,4586.66,1915.085,-0.0,-0.0,-0.0,0.0,-0.0,-0.0
2021-05-19 03:00:00,-0.0,4691.8,1803.437,-0.0,-0.0,-0.0,0.0,-0.0,-0.0
2021-05-19 04:00:00,-0.0,4786.28,1822.7040000000006,-0.0,-0.0,-0.0,0.0,-0.0,-0.0
2021-05-19 05:00:00,202.89950518304218,4853.45,1764.1054948169578,-0.0,-0.0,-0.0,0.0,-0.0,-0.0
2021-05-19 06:00:00,717.3022920530368,4879.04,1473.4457079469628,-0.0,-0.0,-0.0,0.0,-0.0,-0.0
2021-05-19 07:00:00,1341.484689807006,4853.19,1092.4203101929947,-0.0,-0.0,-0.0,0.0,-0.0,-0.0
2021-05-19 08:00:00,1982.5372166138932,4771.87,667.8257833861071,-0.0,-0.0,-0.0,0.0,-0.0,-0.0
2021-05-19 09:00:00,2565.850086757638,4637.45,257.75891324236227,-0.0,-0.0,-0.0,0.0,-0.0,-0.0
2021-05-19 10:00:00,3029.8776533448918,4458.5599999999995,-0.0,-0.0,-0.0,-0.0,0.0,65.44465334489087,62.17242067764632
2021-05-19 11:00:00,3327.89597127311,4117.9600287268895,-0.0,-0.0,-0.0,-0.0,0.0,100.0,157.16620343557855
2021-05-19 12:00:00,3430.564878458698,3938.814121541302,-0.0,-0.0,-0.0,-0.0,0.0,100.0,252.15048681523498
2021-05-19 13:00:00,3327.89597127311,3807.59,91.27202872688986,-0.0,-0.0,-0.0,0.0,-0.0,252.12527176655345
2021-05-19 14:00:00,3029.8776533448918,3611.46,659.241603298191,-0.0,-0.0,-0.0,0.0,55.71625664308233,305.030503050305
2021-05-19 15:00:00,2565.850086757638,3451.3500000000004,1426.529913242361,-0.0,-0.0,-0.0,0.0,100.0,400.0
2021-05-19 16:00:00,1982.5372166138932,3336.0699999999997,2160.0,-0.0,45.99178338610727,-0.0,0.0,-0.0,399.96
2021-05-19 17:00:00,1341.484689807006,3268.28,2160.0,-0.0,980.6363101929937,-0.0,0.0,-0.0,399.920004
2021-05-19 18:00:00,717.3022920530368,3244.25,2160.0,721.2047079469628,1000.0,-0.0,100.0,-0.0,294.6168541048632
2021-05-19 19:00:00,202.89950518304218,3254.5,2160.0,1298.765494816958,1000.0,-0.0,100.0,-0.0,189.3242345247159
2021-05-19 20:00:00,-0.0,3285.19,2160.0,1387.5660000000003,1000.0,-0.0,100.0,-0.0,84.0421442065266
2021-05-19 21:00:00,-0.0,3320.13,2160.0,1169.3579470074988,1000.0,-0.0,79.83205299250066,-0.0,-0.0
2021-05-19 22:00:00,-0.0,3343.03,2160.0,986.3319999999999,1000.0,-0.0,0.0,-0.0,-0.0
2021-05-19 23:00:00,-0.0,3339.84,2160.0,787.625,1000.0,-0.0,0.0,-0.0,-0.0
2021-05-20 00:00:00,-0.0,3288.56,2160.0,200.9659999999999,1000.0,-0.0,0.0,-0.0,-0.0
2021-05-20 01:00:00,-0.0,3209.2900000000004,2160.0,126.64399999999978,1000.0,-0.0,0.0,-0.0,-0.0
2021-05-20 02:00:00,-0.0,3091.89,2160.0,137.52100000000019,1000.0,-0.0,0.0,-0.0,-0.0
2021-05-20 03:00:00,-0.0,2944.4100000000003,2160.0,276.37599999999975,1000.0,-0.0,0.0,-0.0,-0.0
2021-05-20 04:00:00,-0.0,2779.88,2160.0,552.6220000000003,1000.0,-0.0,0.0,-0.0,-0.0
2021-05-20 05:00:00,220.59890690400536,2614.6000000000004,2160.0,706.8320930959942,1000.0,-0.0,0.0,-0.0,-0.0
2021-05-20 06:00:00,763.1474556715318,2465.89,2160.0,560.4735443284687,1000.0,-0.0,0.0,-0.0,-0.0
2021-05-20 07:00:00,1419.0154956672254,2349.7999999999997,2160.0,236.23950433277514,1000.0,-0.0,0.0,-0.0,-0.0
2021-05-20 08:00:00,2091.543252247826,2278.9300000000003,2160.0,-0.0,768.0507477521742,-0.0,0.0,-0.0,-0.0
2021-05-20 09:00:00,2702.9585640750997,2260.64,2160.0,-0.0,212.17443592490054,-0.0,0.0,-0.0,-0.0
2021-05-20 10:00:00,3189.067062599555,2296.07,1811.0909374004445,-0.0,-0.0,-0.0,0.0,-0.0,-0.0
2021-05-20 11:00:00,3501.1644500785396,2379.91,1357.752624663225,-0.0,-0.0,-0.0,0.0,21.121074741764055,20.065021004675852
2021-05-20 12:00:00,3608.67284402839,2501.04,1130.2311559716104,-0.0,-0.0,-0.0,0.0,100.0,115.06301450257538
2021-05-20 13:00:00,3501.1644500785396,2643.96,1051.0115499214608,-0.0,-0.0,-0.0,0.0,100.0,210.05150820112513
2021-05-20 14:00:00,3189.067062599555,2790.8100000000004,1233.275937400445,-0.0,-0.0,-0.0,0.0,100.0,305.030503050305
2021-05-20 15:00:00,2702.9585640750997,2923.67,1684.4054359248998,-0.0,-0.0,-0.0,0.0,100.0,400.0
2021-05-20 16:00:00,2091.543252247826,3026.88,2160.0,-0.0,112.59374775217384,-0.0,0.0,-0.0,399.96
2021-05-20 17:00:00,1419.0154956672254,3089.0299999999997,2160.0,-0.0,947.9915043327751,-0.0,0.0,-0.0,399.920004
2021-05-20 18:00:00,763.1474556715318,3104.4500000000003,2160.0,680.1165443284679,1000.0,-0.0,100.0,-0.0,294.6168541048632
2021-05-20 19:00:00,220.59890690400536,3073.7799999999997,2160.0,1326.1670930959954,1000.0,-0.0,100.0,-0.0,189.3242345247159
2021-05-20 20:00:00,-0.0,3003.8399999999997,2160.0,1532.8250000000003,1000.0,-0.0,100.0,-0.0,84.0421442065266
2021-05-20 21:00:00,-0.0,2906.5299999999997,2160.0,1446.4989470074993,1000.0,-0.0,79.83205299250066,-0.0,-0.0
2021-05-20 22:00:00,-0.0,2797.19,2160.0,1395.4509999999996,1000.0,-0.0,0.0,-0.0,-0.0
2021-05-20 23:00:00,-0.0,2692.3399999999997,2160.0,1298.2460000000005,1000.0,-0.0,0.0,-0.0,-0.0
2021-05-21 00:00:00,-0.0,2595.3500000000004,2160.0,757.3859999999995,1000.0,-0.0,0.0,-0.0,-0.0
2021-05-21 01:00:00,-0.0,2542.4600000000005,2160.0,656.7359999999994,1000.0,-0.0,0.0,-0.0,-0.0
2021-05-21 02:00:00,-0.0,2528.72,2160.0,564.1110000000003,1000.0,-0.0,0.0,-0.0,-0.0
2021-05-21 03:00:00,-0.0,2555.2000000000003,2160.0,529.2689999999998,1000.0,-0.0,0.0,-0.0,-0.0
2021-05-21 04:00:00,-0.0,2616.7000000000003,2160.0,579.8529999999996,1000.0,-0.0,0.0,-0.0,-0.0
2021-05-21 05:00:00,249.23975696156407,2702.4100000000003,2160.0,454.90324303843545,1000.0,-0.0,0.0,-0.0,-0.0
2021-05-21 06:00:00,844.8555678819786,2797.3199999999997,2160.0,12.433432118022097,1000.0,-0.0,0.0,-0.0,-0.0
2021-05-21 07:00:00,1562.3001977810231,2884.23,2160.0,-0.0,424.30280221897647,-0.0,0.0,-0.0,-0.0
2021-05-21 08:00:00,2296.8686894149996,2946.06,1922.1553105849998,-0.0,-0.0,-0.0,0.0,-0.0,-0.0
2021-05-21 09:00:00,2964.105191285312,2968.1600000000003,1270.9538087146875,-0.0,-0.0,-0.0,0.0,-0.0,-0.0
2021-05-21 10:00:00,3494.319856266167,2940.27,730.0701437338325,-0.0,-0.0,-0.0,0.0,-0.0,-0.0
2021-05-21 11:00:00,3834.618703060687,2857.9700000000003,415.7583716810768,-0.0,-0.0,-0.0,0.0,21.121074741764055,20.065021004675852
2021-05-21 12:00:00,3951.8246363450658,2723.32,435.5053636549342,-0.0,-0.0,-0.0,0.0,100.0,115.06301450257538
2021-05-21 13:00:00,3834.618703060687,2544.6000000000004,688.9092969393123,-0.0,-0.0,-0.0,0.0,100.0,210.05150820112513
2021-05-21 14:00:00,3494.319856266167,2335.2999999999997,1256.9091437338343,-0.0,-0.0,-0.0,0.0,100.0,305.030503050305
2021-05-21 15:00:00,2964.105191285312,2112.36,2109.4258087146873,-0.0,-0.0,-0.0,0.0,100.0,400.0
2021-05-21 16:00:00,2296.8686894149996,1893.97,2160.0,-0.0,916.611310585,-0.0,0.0,-0.0,399.96
2021-05-21 17:00:00,1562.3001977810231,1697.21,2160.0,974.628802218977,1000.0,-0.0,100.0,-0.0,294.6568461052632
2021-05-21 18:00:00,844.8555678819786,1535.8700000000001,2160.0,2046.852432118022,1000.0,-0.0,100.0,-0.0,189.36422252591586
2021-05-21 19:00:00,249.23975696156407,1418.71,2160.0,2834.3132430384358,1000.0,-0.0,100.0,-0.0,84.08212820892645
2021-05-21 20:00:00,-0.0,1348.3400000000001,2160.0,3092.1149660036995,1000.0,-0.0,79.87003399630028,-0.0,-0.0
2021-05-21 21:00:00,-0.0,1321.0900000000001,2160.0,2997.4619999999995,1000.0,-0.0,0.0,-0.0,-0.0
2021-05-21 22:00:00,-0.0,1327.5500000000002,2160.0,2752.898,1000.0,-0.0,0.0,-0.0,-0.0
2021-05-21 23:00:00,-0.0,1354.02,2160.0,2526.5750000000003,1000.0,-0.0,0.0,-0.0,-0.0
2021-05-22 00:00:00,-0.0,1372.53,2160.0,1436.496,1000.0,-0.0,0.0,-0.0,-0.0
2021-05-22 01:00:00,-0.0,1390.9099999999999,2160.0,1266.9400000000005,1000.0,-0.0,0.0,-0.0,-0.0
2021-05-22 02:00:00,-0.0,1383.44,2160.0,1170.4879999999998,1000.0,-0.0,0.0,-0.0,-0.0
2021-05-22 03:00:00,-0.0,1340.5500000000002,2160.0,1207.5349999999999,1000.0,-0.0,0.0,-0.0,-0.0
2021-05-22 04:00:00,-0.0,1258.3700000000001,2160.0,1404.393,1000.0,-0.0,0.0,-0.0,-0.0
2021-05-22 05:00:00,262.0439745002609,1139.26,2160.0,1474.125025499739,1000.0,-0.0,0.0,-0.0,-0.0
2021-05-22 06:00:00,871.4479906774258,991.6700000000001,2160.0,1263.1030093225736,1000.0,-0.0,0.0,-0.0,-0.0
2021-05-22 07:00:00,1603.0211989432391,829.0300000000001,2160.0,913.1978010567605,1000.0,-0.0,0.0,-0.0,-0.0
2021-05-22 08:00:00,2350.9694481019437,668.03,2160.0,463.3685518980569,1000.0,-0.0,0.0,-0.0,-0.0
2021-05-22 09:00:00,3029.797201518887,526.42,2160.0,-0.0,967.2177984811133,-0.0,0.0,-0.0,-0.0
2021-05-22 10:00:00,3568.942019186228,420.68,2160.0,-0.0,498.24498081377214,-0.0,0.0,-0.0,-0.0
2021-05-22 11:00:00,3914.872493801054,363.79,2160.0,-0.0,134.82050619894608,-0.0,0.0,-0.0,-0.0
2021-05-22 12:00:00,4033.9968937055373,363.52000000000004,2160.0,-0.0,-0.0,-0.0,0.0,57.5048937055376,54.629649020260715
2021-05-22 13:00:00,3914.8724938010546,421.39000000000004,2160.0,-0.0,-0.0,-0.0,0.0,35.61549380105453,88.4589051663605
2021-05-22 14:00:00,3568.942019186228,532.43,2160.0,-0.0,220.88398081377227,-0.0,0.0,-0.0,88.45005927584386
2021-05-22 15:00:00,3029.797201518887,685.8499999999999,2160.0,-0.0,709.2247984811133,-0.0,0.0,-0.0,88.44121426991627
2021-05-22 16:00:00,2350.9694481019437,866.4399999999999,2160.0,308.3098002569909,1000.0,-0.0,84.01075164106483,-0.0,-0.0
2021-05-22 17:00:00,1603.0211989432391,1056.57,2160.0,1180.1688010567614,1000.0,-0.0,0.0,-0.0,-0.0
2021-05-22 18:00:00,871.4479906774258,1238.52,2160.0,1926.6100093225746,1000.0,-0.0,0.0,-0.0,-0.0
2021-05-22 19:00:00,262.0439745002609,1396.78,2160.0,2455.8550254997394,1000.0,-0.0,0.0,-0.0,-0.0
2021-05-22 20:00:00,-0.0,1520.05,2160.0,2516.139,1000.0,-0.0,0.0,-0.0,-0.0
2021-05-22 21:00:00,-0.0,1602.7,2160.0,2235.1950000000006,1000.0,-0.0,0.0,-0.0,-0.0
2021-05-22 22:00:00,-0.0,1645.35,2160.0,1957.9469999999997,1000.0,-0.0,0.0,-0.0,-0.0
2021-05-22 23:00:00,-0.0,1654.75,2160.0,1752.2240000000002,1000.0,-0.0,0.0,-0.0,-0.0
2021-05-23 00:00:00,-0.0,1630.8700000000001,2160.0,1144.384,1000.0,-0.0,0.0,-0.0,-0.0
2021-05-23 01:00:00,-0.0,1612.48,2160.0,1015.1680000000001,1000.0,-0.0,0.0,-0.0,-0.0
2021-05-23 02:00:00,-0.0,1604.05,2160.0,923.2609999999997,1000.0,-0.0,0.0,-0.0,-0.0
2021-05-23 03:00:00,-0.0,1620.6899999999998,2160.0,904.3749999999998,1000.0,-0.0,0.0,-0.0,-0.0
2021-05-23 04:00:00,-0.0,1674.2,2160.0,969.1490000000001,1000.0,-0.0,0.0,-0.0,-0.0
2021-05-23 05:00:00,277.28031262509006,1771.27,2160.0,811.0776873749096,1000.0,-0.0,0.0,-0.0,-0.0
2021-05-23 06:00:00,905.720468555291,1912.51,2160.0,295.8045314447086,1000.0,-0.0,0.0,-0.0,-0.0
2021-05-23 07:00:00,1657.7098748202156,2092.25,2160.0,-0.0,586.7181251797842,-0.0,0.0,-0.0,-0.0
2021-05-23 08:00:00,2425.4740275839986,2299.13,1912.8059724160012,-0.0,-0.0,-0.0,0.0,-0.0,-0.0
2021-05-23 09:00:00,3121.7226956318896,2517.6,1042.7603043681106,-0.0,-0.0,-0.0,0.0,-0.0,-0.0
2021-05-23 10:00:00,3674.4391174859697,2729.86,245.8138825140304,-0.0,-0.0,-0.0,0.0,-0.0,-0.0
2021-05-23 11:00:00,4028.971748881264,2650.341251118736,-0.0,-0.0,-0.0,-0.0,0.0,100.0,95.0
2021-05-23 12:00:00,4151.041923337907,2458.370076662093,-0.0,-0.0,-0.0,-0.0,0.0,100.0,189.9905
2021-05-23 13:00:00,4028.971748881264,2544.6272511187362,-0.0,-0.0,-0.0,-0.0,0.0,100.0,284.97150095
2021-05-23 14:00:00,3674.4391174859697,2924.2988825140305,-0.0,-0.0,-0.0,-0.0,0.0,100.0,379.943003799905
2021-05-23 15:00:00,3121.7226956318896,3200.8900000000003,282.2473043681098,-0.0,-0.0,-0.0,0.0,-0.0,379.905009499525
2021-05-23 16:00:00,2425.4740275839986,3145.21,1243.7045839964485,-0.0,-0.0,-0.0,0.0,21.192611580447288,400.0
2021-05-23 17:00:00,1657.7098748202156,3056.4,2160.0,-0.0,152.56512517978445,-0.0,0.0,-0.0,399.96
2021-05-23 18:00:00,905.720468555291,2950.83,2160.0,110.35853144470866,1000.0,-0.0,100.0,-0.0,294.6568461052632
2021-05-23 19:00:00,277.28031262509006,2846.14,2160.0,924.9686873749101,1000.0,-0.0,100.0,-0.0,189.36422252591586
2021-05-23 20:00:00,-0.0,2758.91,2160.0,1214.33,1000.0,-0.0,100.0,-0.0,84.08212820892645
2021-05-23 21:00:00,-0.0,2702.4500000000003,2160.0,1095.9239660036992,1000.0,-0.0,79.87003399630028,-0.0,-0.0
2021-05-23 22:00:00,-0.0,2685.1000000000004,2160.0,961.8009999999995,1000.0,-0.0,0.0,-0.0,-0.0
2021-05-23 23:00:00,-0.0,2709.11,2160.0,744.6749999999997,1000.0,-0.0,0.0,-0.0,-0.0
2021-05-24 00:00:00,-0.0,2758.75,2160.0,502.77400000000034,1000.0,-0.0,0.0,-0.0,-0.0
2021-05-24 01:00:00,-0.0,2847.7799999999997,2160.0,269.2430000000004,1000.0,-0.0,0.0,-0.0,-0.0
2021-05-24 02:00:00,-0.0,2950.57,2160.0,69.16499999999951,1000.0,-0.0,0.0,-0.0,-0.0
2021-05-24 03:00:00,-0.0,3050.9500000000003,2160.0,-0.0,969.5309999999995,-0.0,0.0,-0.0,-0.0
2021-05-24 04:00:00,-0.0,3132.7599999999998,2160.0,8.937000000000353,1000.0,-0.0,0.0,-0.0,-0.0
2021-05-24 05:00:00,325.05013146568984,3182.1899999999996,2160.0,-0.0,853.6048685343108,-0.0,0.0,-0.0,-0.0
2021-05-24 06:00:00,1043.9862144468157,3189.7,2160.0,-0.0,384.3687855531848,-0.0,0.0,-0.0,-0.0
2021-05-24 07:00:00,1901.6398112654908,3151.48,1950.3141887345093,-0.0,-0.0,-0.0,0.0,-0.0,-0.0
2021-05-24 08:00:00,2776.114028321081,3070.0499999999997,1300.6679716789195,-0.0,-0.0,-0.0,0.0,-0.0,-0.0
2021-05-24 09:00:00,3568.5335714542057,2954.03,671.5354285457938,-0.0,-0.0,-0.0,0.0,-0.0,-0.0
2021-05-24 10:00:00,4197.295534688425,2817.08,150.27246531157562,-0.0,-0.0,-0.0,0.0,-0.0,-0.0
2021-05-24 11:00:00,4600.489143612366,2595.801856387634,-0.0,-0.0,-0.0,-0.0,0.0,100.0,95.0
2021-05-24 12:00:00,4739.299486479921,2389.4545135200788,-0.0,-0.0,-0.0,-0.0,0.0,100.0,189.9905
2021-05-24 13:00:00,4600.489143612367,2453.54,-0.0,-0.0,-0.0,-0.0,0.0,58.804143612366715,245.8354373817484
2021-05-24 14:00:00,4197.295534688425,2401.98,423.28946531157453,-0.0,-0.0,-0.0,0.0,-0.0,245.81085383801022
2021-05-24 15:00:00,3568.5335714542057,2402.9,1248.5714318720452,-0.0,-0.0,-0.0,0.0,89.20200332625026,330.52817591256417
2021-05-24 16:00:00,2776.114028321081,2458.2200000000003,2160.0,-0.0,-0.0,-0.0,0.0,73.16302832108113,400.0
2021-05-24 17:00:00,1901.6398112654908,2563.42,2160.0,-0.0,931.5321887345087,-0.0,0.0,-0.0,399.96
2021-05-24 18:00:00,1043.9862144468157,2708.13,2160.0,746.5627855531843,1000.0,-0.0,100.0,-0.0,294.6568461052632
2021-05-24 19:00:00,325.05013146568984,2877.5699999999997,2160.0,1379.30186853431,1000.0,-0.0,100.0,-0.0,189.36422252591586
2021-05-24 20:00:00,-0.0,3054.56,2160.0,1453.882,1000.0,-0.0,100.0,-0.0,84.08212820892645
2021-05-24 21:00:00,-0.0,3221.78,2160.0,1113.3719660036995,1000.0,-0.0,79.87003399630028,-0.0,-0.0
2021-05-24 22:00:00,-0.0,3364.11,2160.0,821.0499999999997,1000.0,-0.0,0.0,-0.0,-0.0
2021-05-24 23:00:00,-0.0,3470.63,2160.0,522.7969999999996,1000.0,-0.0,0.0,-0.0,-0.0
2021-05-25 00:00:00,-0.0,3524.4500000000003,2160.0,-0.0,842.011,-0.0,0.0,-0.0,-0.0
2021-05-25 01:00:00,-0.0,3549.6699999999996,2160.0,-0.0,673.4760000000001,-0.0,0.0,-0.0,-0.0
2021-05-25 02:00:00,-0.0,3541.72,2160.0,-0.0,585.2260000000001,-0.0,0.0,-0.0,-0.0
2021-05-25 03:00:00,-0.0,3512.6200000000003,2160.0,-0.0,616.0579999999995,-0.0,0.0,-0.0,-0.0
2021-05-25 04:00:00,-0.0,3477.6800000000003,2160.0,-0.0,773.0990000000002,-0.0,0.0,-0.0,-0.0
2021-05-25 05:00:00,387.6911609130988,3453.31,2160.0,-0.0,629.707839086901,-0.0,0.0,-0.0,-0.0
2021-05-25 06:00:00,1225.6216831567006,3454.72,2160.0,-0.0,48.25831684330001,-0.0,0.0,-0.0,-0.0
2021-05-25 07:00:00,2222.308412514942,3493.73,1398.515587485058,-0.0,-0.0,-0.0,0.0,-0.0,-0.0
2021-05-25 08:00:00,3237.263894978178,3577.0299999999997,444.13110502182235,-0.0,-0.0,-0.0,0.0,-0.0,-0.0
2021-05-25 09:00:00,4156.308423640194,3149.7495763598063,-0.0,-0.0,-0.0,-0.0,0.0,-0.0,-0.0
2021-05-25 10:00:00,4885.2143444438625,2391.6566555561376,-0.0,-0.0,-0.0,-0.0,0.0,-0.0,-0.0
2021-05-25 11:00:00,5352.497115683293,1856.1738843167077,-0.0,-0.0,-0.0,-0.0,0.0,-0.0,-0.0
2021-05-25 12:00:00,5513.351258876047,1648.956815865717,-0.0,-0.0,-0.0,-0.0,0.0,21.121074741764055,20.065021004675852
2021-05-25 13:00:00,5352.497115683293,1855.107884316707,-0.0,-0.0,-0.0,-0.0,0.0,100.0,115.06301450257538
2021-05-25 14:00:00,4885.2143444438625,2349.5726555561378,-0.0,-0.0,-0.0,-0.0,0.0,100.0,210.05150820112513
2021-05-25 15:00:00,4156.308423640194,3186.454576359806,-0.0,-0.0,-0.0,-0.0,0.0,100.0,305.030503050305
2021-05-25 16:00:00,3237.263894978178,4295.499105021821,-0.0,-0.0,-0.0,-0.0,0.0,100.0,400.0
2021-05-25 17:00:00,2222.308412514942,4899.57,545.8335874850586,-0.0,-0.0,-0.0,0.0,-0.0,399.96
2021-05-25 18:00:00,1225.6216831567006,4872.8,1770.8865231590892,-0.0,-0.0,-0.0,0.0,0.08420631578946756,400.0
2021-05-25 19:00:00,387.6911609130988,4797.91,2160.0,-0.0,506.1848390869013,-0.0,100.0,-0.0,294.69684210526316
2021-05-25 20:00:00,-0.0,4687.39,2160.0,-0.0,930.1349999999993,-0.0,100.0,-0.0,189.4042145263158
2021-05-25 21:00:00,-0.0,4557.21,2160.0,-0.0,866.009,-0.0,100.0,-0.0,84.12211621012632
2021-05-25 22:00:00,-0.0,4424.62,2160.0,-0.0,787.8419812014199,-0.0,79.90801879858006,-0.0,-0.0
2021-05-25 23:00:00,-0.0,4305.85,2160.0,-0.0,793.701,-0.0,0.0,-0.0,-0.0
2021-05-26 00:00:00,-0.0,4202.4,2160.0,-0.0,269.15700000000015,-0.0,0.0,-0.0,-0.0
2021-05-26 01:00:00,-0.0,4145.18,2160.0,-0.0,181.77599999999984,-0.0,0.0,-0.0,-0.0
2021-05-26 02:00:00,-0.0,4124.69,2160.0,-0.0,104.6820000000007,-0.0,0.0,-0.0,-0.0
2021-05-26 03:00:00,-0.0,4136.66,2160.0,-0.0,92.96500000000015,-0.0,0.0,-0.0,-0.0
2021-05-26 04:00:00,-0.0,4171.21,2160.0,-0.0,178.9390000000003,-0.0,0.0,-0.0,-0.0
2021-05-26 05:00:00,411.11501948437365,4214.24,2103.0549805156265,-0.0,-0.0,-0.0,0.0,-0.0,-0.0
2021-05-26 06:00:00,1280.4526968796845,4249.47,1454.6153031203148,-0.0,-0.0,-0.0,0.0,-0.0,-0.0
2021-05-26 07:00:00,2311.6594481958045,4260.66,636.3205518041959,-0.0,-0.0,-0.0,0.0,-0.0,-0.0
2021-05-26 08:00:00,3360.4913380088838,3990.0756619911162,-0.0,-0.0,-0.0,-0.0,0.0,-0.0,-0.0
2021-05-26 09:00:00,4309.550586372534,3086.619413627466,-0.0,-0.0,-0.0,-0.0,0.0,-0.0,-0.0
2021-05-26 10:00:00,5061.923685961478,2324.0623887802853,-0.0,-0.0,-0.0,-0.0,0.0,21.121074741764055,20.065021004675852
2021-05-26 11:00:00,5544.127176623721,1850.3378233762787,-0.0,-0.0,-0.0,-0.0,0.0,100.0,115.06301450257538
2021-05-26 12:00:00,5710.0992936707535,1614.5977063292466,-0.0,-0.0,-0.0,-0.0,0.0,100.0,210.05150820112513
2021-05-26 13:00:00,5544.127176623721,1744.6238233762788,-0.0,-0.0,-0.0,-0.0,0.0,100.0,305.030503050305
2021-05-26 14:00:00,5061.923685961478,2251.5663140385213,-0.0,-0.0,-0.0,-0.0,0.0,100.0,400.0
2021-05-26 15:00:00,4309.550586372534,2924.83,84.56641362746632,-0.0,-0.0,-0.0,0.0,-0.0,399.96
2021-05-26 16:00:00,3360.4913380088838,2714.98,1430.9658683069065,-0.0,-0.0,-0.0,0.0,0.08420631578946756,400.0
2021-05-26 17:00:00,2311.6594481958045,2546.25,2160.0,-0.0,720.7265518041959,-0.0,0.0,-0.0,399.96
2021-05-26 18:00:00,1280.4526968796845,2427.33,2160.0,969.6293031203159,1000.0,-0.0,100.0,-0.0,294.6568461052632
2021-05-26 19:00:00,411.11501948437365,2360.67,2160.0,1985.3859805156267,1000.0,-0.0,100.0,-0.0,189.36422252591586
2021-05-26 20:00:00,-0.0,2342.32,2160.0,2337.72,1000.0,-0.0,100.0,-0.0,84.08212820892645
2021-05-26 21:00:00,-0.0,2362.5099999999998,2160.0,2140.4239660037,1000.0,-0.0,79.87003399630028,-0.0,-0.0
2021-05-26 22:00:00,-0.0,2407.07,2160.0,1941.8929999999996,1000.0,-0.0,0.0,-0.0,-0.0
2021-05-26 23:00:00,-0.0,2459.43,2160.0,1693.6640000000002,1000.0,-0.0,0.0,-0.0,-0.0
2021-05-27 00:00:00,-0.0,2491.5899999999997,2160.0,1030.5680000000007,1000.0,-0.0,0.0,-0.0,-0.0
2021-05-27 01:00:00,-0.0,2511.6899999999996,2160.0,862.7110000000002,1000.0,-0.0,0.0,-0.0,-0.0
2021-05-27 02:00:00,-0.0,2498.11,2160.0,775.4990000000003,1000.0,-0.0,0.0,-0.0,-0.0
2021-05-27 03:00:00,-0.0,2446.14,2160.0,824.4670000000001,1000.0,-0.0,0.0,-0.0,-0.0
2021-05-27 04:00:00,-0.0,2357.33,2160.0,1030.5029999999997,1000.0,-0.0,0.0,-0.0,-0.0
2021-05-27 05:00:00,377.6037396525499,2239.23,2160.0,985.9192603474498,1000.0,-0.0,0.0,-0.0,-0.0
2021-05-27 06:00:00,1159.7502034651159,2104.39,2160.0,591.3607965348845,1000.0,-0.0,0.0,-0.0,-0.0
2021-05-27 07:00:00,2085.1132947694755,1968.6000000000001,2160.0,22.473705230524047,1000.0,-0.0,0.0,-0.0,-0.0
2021-05-27 08:00:00,3025.1990702326366,1848.73,2160.0,-0.0,340.73692976736356,-0.0,0.0,-0.0,-0.0
2021-05-27 09:00:00,3875.2840068049,1760.4,1781.1069931950997,-0.0,-0.0,-0.0,0.0,-0.0,-0.0
2021-05-27 10:00:00,4548.919523143561,1715.76,1117.3004768564388,-0.0,-0.0,-0.0,0.0,-0.0,-0.0
2021-05-27 11:00:00,4980.549758259051,1721.81,609.1215088781355,-0.0,-0.0,-0.0,0.0,3.4322671371868436,3.2606537803275013
2021-05-27 12:00:00,5129.094772073135,1779.3300000000002,426.305227926865,-0.0,-0.0,-0.0,0.0,100.0,98.26032771494947
2021-05-27 13:00:00,4980.549758259051,1882.71,431.9542417409493,-0.0,-0.0,-0.0,0.0,100.0,193.25050168217797
2021-05-27 14:00:00,4548.919523143561,2020.5600000000002,746.8884768564394,-0.0,-0.0,-0.0,0.0,100.0,288.23117663200975
2021-05-27 15:00:00,3875.2840068049,2177.18,1365.7639931951007,-0.0,-0.0,-0.0,0.0,100.0,383.20235351434656
2021-05-27 16:00:00,3025.1990702326366,2334.55,2160.0,-0.0,-0.0,-0.0,0.0,17.722070232636725,400.0
2021-05-27 17:00:00,2085.113294769476,2474.64,2160.0,-0.0,1000.0,-0.0,10.944705230524505,-0.0,388.43925765207945
2021-05-27 18:00:00,1159.7502034651159,2581.75,2160.0,924.3577965348843,1000.0,-0.0,100.0,-0.0,283.1372558315774
2021-05-27 19:00:00,377.6037396525499,2644.49,2160.0,1719.9082603474508,1000.0,-0.0,100.0,-0.0,177.84578421125747
2021-05-27 20:00:00,-0.0,2657.23,2160.0,2004.029,1000.0,-0.0,100.0,-0.0,72.5648417380995
2021-05-27 21:00:00,-0.0,2620.75,2160.0,1870.7362940087705,1000.0,-0.0,68.92970599122941,-0.0,-0.0
2021-05-27 22:00:00,-0.0,2542.03,2160.0,1780.9479999999999,1000.0,-0.0,0.0,-0.0,-0.0
2021-05-27 23:00:00,-0.0,2433.21,2160.0,1690.3140000000003,1000.0,-0.0,0.0,-0.0,-0.0
2021-05-28 00:00:00,-0.0,2298.71,2160.0,1190.4750000000004,1000.0,-0.0,0.0,-0.0,-0.0
2021-05-28 01:00:00,-0.0,2177.73,2160.0,1160.1460000000002,1000.0,-0.0,0.0,-0.0,-0.0
2021-05-28 02:00:00,-0.0,2074.87,2160.0,1158.6850000000004,1000.0,-0.0,0.0,-0.0,-0.0
2021-05-28 03:00:00,-0.0,2002.65,2160.0,1224.3969999999995,1000.0,-0.0,0.0,-0.0,-0.0
2021-05-28 04:00:00,-0.0,1968.6000000000001,2160.0,1372.1939999999995,1000.0,-0.0,0.0,-0.0,-0.0
2021-05-28 05:00:00,331.77095323805554,1974.2299999999998,2160.0,1246.2640467619453,1000.0,-0.0,0.0,-0.0,-0.0
2021-05-28 06:00:00,1005.6911452687316,2014.8,2160.0,781.1068547312682,1000.0,-0.0,0.0,-0.0,-0.0
2021-05-28 07:00:00,1801.0378971480156,2079.98,2160.0,137.88710285198408,1000.0,-0.0,0.0,-0.0,-0.0
2021-05-28 08:00:00,2608.14918142994,2155.23,2160.0,-0.0,390.66381857005945,-0.0,0.0,-0.0,-0.0
2021-05-28 09:00:00,3337.525435985634,2223.85,1791.4935640143663,-0.0,-0.0,-0.0,0.0,-0.0,-0.0
2021-05-28 10:00:00,3915.274752931076,2269.2200000000003,1130.3082470689237,-0.0,-0.0,-0.0,0.0,-0.0,-0.0
2021-05-28 11:00:00,4285.377906959218,2277.13,706.3967786341764,-0.0,-0.0,-0.0,0.0,31.239685593394444,29.67770131372472
2021-05-28 12:00:00,4412.733147524149,2237.76,610.6958524758511,-0.0,-0.0,-0.0,0.0,100.0,124.67473354359335
2021-05-28 13:00:00,4285.377906959218,2147.12,786.070093040782,-0.0,-0.0,-0.0,0.0,100.0,219.66226607023899
2021-05-28 14:00:00,3915.274752931076,2007.62,1313.778247068924,-0.0,-0.0,-0.0,0.0,100.0,314.64029984363196
2021-05-28 15:00:00,3337.525435985634,1827.9,2160.0,-0.0,-0.0,-0.0,0.0,89.8854359856341,400.0
2021-05-28 16:00:00,2608.1491814299397,1621.73,2160.0,-0.0,1000.0,-0.0,26.528818570060594,-0.0,372.03492782098886
2021-05-28 17:00:00,1801.0378971480156,1406.29,2160.0,1174.8831028519844,1000.0,-0.0,100.0,-0.0,266.7345664334699
2021-05-28 18:00:00,1005.6911452687316,1199.99,2160.0,2368.8858547312684,1000.0,-0.0,100.0,-0.0,161.44473508208978
2021-05-28 19:00:00,331.77095323805554,1020.04,2160.0,3296.1640467619445,1000.0,-0.0,100.0,-0.0,56.16543271384474
2021-05-28 20:00:00,-0.0,880.33,2160.0,3730.884174637955,1000.0,-0.0,53.351825362044686,-0.0,-0.0
2021-05-28 21:00:00,-0.0,789.6300000000001,2160.0,3671.5,1000.0,-0.0,0.0,-0.0,-0.0
2021-05-28 22:00:00,-0.0,750.54,2160.0,3470.6319999999996,1000.0,-0.0,0.0,-0.0,-0.0
2021-05-28 23:00:00,-0.0,759.3,2160.0,3259.9749999999995,1000.0,-0.0,0.0,-0.0,-0.0
2021-05-29 00:00:00,-0.0,795.32,2160.0,2151.274,1000.0,-0.0,0.0,-0.0,-0.0
2021-05-29 01:00:00,-0.0,866.7700000000001,2160.0,1926.2320000000004,1000.0,-0.0,0.0,-0.0,-0.0
2021-05-29 02:00:00,-0.0,946.3299999999999,2160.0,1740.1490000000003,1000.0,-0.0,0.0,-0.0,-0.0
2021-05-29 03:00:00,-0.0,1017.65,2160.0,1660.2040000000002,1000.0,-0.0,0.0,-0.0,-0.0
2021-05-29 04:00:00,-0.0,1066.56,2160.0,1723.0099999999998,1000.0,-0.0,0.0,-0.0,-0.0
2021-05-29 05:00:00,317.67331788128837,1083.13,2160.0,1598.2956821187117,1000.0,-0.0,0.0,-0.0,-0.0
2021-05-29 06:00:00,951.1757502477647,1063.03,2160.0,1232.373249752235,1000.0,-0.0,0.0,-0.0,-0.0
2021-05-29 07:00:00,1697.0631949403573,1008.1600000000001,2160.0,756.8998050596424,1000.0,-0.0,0.0,-0.0,-0.0
2021-05-29 08:00:00,2453.1989645455074,926.45,2160.0,215.94203545449318,1000.0,-0.0,0.0,-0.0,-0.0
2021-05-29 09:00:00,3136.0864408746716,830.8100000000001,2160.0,-0.0,665.9445591253289,-0.0,0.0,-0.0,-0.0
2021-05-29 10:00:00,3676.809352052099,737.39,2160.0,-0.0,179.0966479479016,-0.0,0.0,-0.0,-0.0
2021-05-29 11:00:00,4023.111142786945,663.39,2088.272857213055,-0.0,-0.0,-0.0,0.0,100.0,95.0
2021-05-29 12:00:00,4142.260297099429,624.72,1930.0307029005708,-0.0,-0.0,-0.0,0.0,100.0,189.9905
2021-05-29 13:00:00,4023.111142786945,633.8199999999999,1996.2718572130557,-0.0,-0.0,-0.0,0.0,100.0,284.97150095
2021-05-29 14:00:00,3676.809352052099,697.9200000000001,2160.0,-0.0,35.491647947900674,-0.0,0.0,-0.0,284.943003799905
2021-05-29 15:00:00,3136.0864408746716,818.0,2160.0,-0.0,554.0155591253283,-0.0,0.0,-0.0,284.914509499525
2021-05-29 16:00:00,2453.1989645455074,988.59,2160.0,146.29603545449254,1000.0,-0.0,100.0,-0.0,179.62286015383825
2021-05-29 17:00:00,1697.0631949403573,1198.43,2160.0,917.6118050596419,1000.0,-0.0,100.0,-0.0,74.34173997308604
2021-05-29 18:00:00,951.1757502477647,1431.8500000000001,2160.0,1651.1376592431006,1000.0,-0.0,70.61759050913429,-0.0,-0.0
2021-05-29 19:00:00,317.67331788128837,1670.8400000000001,2160.0,2189.099682118712,1000.0,-0.0,0.0,-0.0,-0.0
2021-05-29 20:00:00,-0.0,1897.3200000000002,2160.0,2196.413,1000.0,-0.0,0.0,-0.0,-0.0
2021-05-29 21:00:00,-0.0,2095.46,2160.0,1794.4679999999998,1000.0,-0.0,0.0,-0.0,-0.0
2021-05-29 22:00:00,-0.0,2253.72,2160.0,1395.9879999999998,1000.0,-0.0,0.0,-0.0,-0.0
2021-05-29 23:00:00,-0.0,2366.25,2160.0,1081.4030000000002,1000.0,-0.0,0.0,-0.0,-0.0
2021-05-30 00:00:00,-0.0,2422.65,2160.0,388.5920000000001,1000.0,-0.0,0.0,-0.0,-0.0
2021-05-30 01:00:00,-0.0,2451.35,2160.0,206.35200000000032,1000.0,-0.0,0.0,-0.0,-0.0
2021-05-30 02:00:00,-0.0,2453.24,2160.0,98.09700000000066,1000.0,-0.0,0.0,-0.0,-0.0
2021-05-30 03:00:00,-0.0,2443.4700000000003,2160.0,99.5039999999999,1000.0,-0.0,0.0,-0.0,-0.0
2021-05-30 04:00:00,-0.0,2438.43,2160.0,216.62800000000016,1000.0,-0.0,0.0,-0.0,-0.0
2021-05-30 05:00:00,321.25651843948333,2453.38,2160.0,90.42248156051664,1000.0,-0.0,0.0,-0.0,-0.0
2021-05-30 06:00:00,950.8539429437473,2500.31,2160.0,-0.0,661.9510570562526,-0.0,0.0,-0.0,-0.0
2021-05-30 07:00:00,1690.515654024001,2586.1800000000003,2160.0,-0.0,52.64334597599873,-0.0,0.0,-0.0,-0.0
2021-05-30 08:00:00,2439.5840401447667,2711.9100000000003,1472.095959855233,-0.0,-0.0,-0.0,0.0,-0.0,-0.0
2021-05-30 09:00:00,3115.7011858855617,2872.15,673.8738141144386,-0.0,-0.0,-0.0,0.0,-0.0,-0.0
2021-05-30 10:00:00,3650.860543864687,2972.3054561353133,-0.0,-0.0,-0.0,-0.0,0.0,-0.0,-0.0
2021-05-30 11:00:00,3993.529625225335,2573.3224495164286,-0.0,-0.0,-0.0,-0.0,0.0,21.121074741764055,20.065021004675852
2021-05-30 12:00:00,4111.422493331751,2457.733506668249,-0.0,-0.0,-0.0,-0.0,0.0,100.0,115.06301450257538
2021-05-30 13:00:00,3993.529625225335,2533.104374774665,-0.0,-0.0,-0.0,-0.0,0.0,100.0,210.05150820112513
2021-05-30 14:00:00,3650.860543864687,2894.174456135313,-0.0,-0.0,-0.0,-0.0,0.0,100.0,305.030503050305
2021-05-30 15:00:00,3115.7011858855617,3528.694814114438,-0.0,-0.0,-0.0,-0.0,0.0,100.0,400.0
2021-05-30 16:00:00,2439.5840401447667,3778.93,507.44095985523336,-0.0,-0.0,-0.0,0.0,-0.0,399.96
2021-05-30 17:00:00,1690.515654024001,3734.06,1528.152552291789,-0.0,-0.0,-0.0,0.0,0.08420631578946756,400.0
2021-05-30 18:00:00,950.8539429437473,3643.42,2160.0,-0.0,391.8090570562523,-0.0,0.0,-0.0,399.96
2021-05-30 19:00:00,321.25651843948333,3520.37,2160.0,119.1424815605169,1000.0,-0.0,100.0,-0.0,294.6568461052632
2021-05-30 20:00:00,-0.0,3381.71,2160.0,497.1210000000001,1000.0,-0.0,100.0,-0.0,189.36422252591586
2021-05-30 21:00:00,-0.0,3245.5099999999998,2160.0,431.547,1000.0,-0.0,100.0,-0.0,84.08212820892645
2021-05-30 22:00:00,-0.0,3128.74,2160.0,330.34396600369973,1000.0,-0.0,79.87003399630028,-0.0,-0.0
2021-05-30 23:00:00,-0.0,3045.07,2160.0,294.0300000000002,1000.0,-0.0,0.0,-0.0,-0.0
2021-05-31 00:00:00,-0.0,2992.37,2160.0,148.92699999999968,1000.0,-0.0,0.0,-0.0,-0.0
2021-05-31 01:00:00,-0.0,2994.6600000000003,2160.0,-0.0,995.462,-0.0,0.0,-0.0,-0.0
2021-05-31 02:00:00,-0.0,3037.4,2160.0,-0.0,848.7989999999995,-0.0,0.0,-0.0,-0.0
2021-05-31 03:00:00,-0.0,3111.05,2160.0,-0.0,769.3059999999996,-0.0,0.0,-0.0,-0.0
2021-05-31 04:00:00,-0.0,3201.82,2160.0,-0.0,793.2139999999995,-0.0,0.0,-0.0,-0.0
2021-05-31 05:00:00,305.6179211846323,3293.56,2160.0,-0.0,608.5230788153679,-0.0,0.0,-0.0,-0.0
2021-05-31 06:00:00,894.8347176366985,3370.12,2160.0,-0.0,193.53728236330176,-0.0,0.0,-0.0,-0.0
2021-05-31 07:00:00,1585.612661516292,3417.6099999999997,1834.2973384837087,-0.0,-0.0,-0.0,0.0,-0.0,-0.0
2021-05-31 08:00:00,2284.5162398223274,3426.38,1263.7427601776726,-0.0,-0.0,-0.0,0.0,-0.0,-0.0
2021-05-31 09:00:00,2914.998634412639,3392.44,708.2673655873609,-0.0,-0.0,-0.0,0.0,-0.0,-0.0
2021-05-31 10:00:00,3413.8742188637893,3318.07,248.19478113621062,-0.0,-0.0,-0.0,0.0,-0.0,-0.0
2021-05-31 11:00:00,3733.23702509117,3211.6299999999997,-0.0,-0.0,-0.0,-0.0,0.0,39.113025091169675,37.15737383661119
2021-05-31 12:00:00,3843.103276403149,3086.4599999999996,-0.0,-0.0,-0.0,-0.0,0.0,97.28027640314804,129.56992068221817
2021-05-31 13:00:00,3733.2370250911695,2959.1800000000003,109.8473263719884,-0.0,-0.0,-0.0,0.0,9.345351463158254,138.4350475801503
2021-05-31 14:00:00,3413.8742188637893,2847.48,653.1727811362107,-0.0,-0.0,-0.0,0.0,100.0,233.4212040753923
2021-05-31 15:00:00,2914.998634412639,2767.7400000000002,1334.404365587361,-0.0,-0.0,-0.0,0.0,100.0,328.39786195498476
2021-05-31 16:00:00,2284.5162398223274,2732.89,2160.0,-0.0,-0.0,-0.0,0.0,75.40523982232708,400.0
2021-05-31 17:00:00,1585.612661516292,2750.65,2160.0,-0.0,835.7683384837078,-0.0,0.0,-0.0,399.96
2021-05-31 18:00:00,894.8347176366985,2822.4900000000002,2160.0,551.5242823633014,1000.0,-0.0,100.0,-0.0,294.6568461052632
2021-05-31 19:00:00,305.6179211846323,2943.3900000000003,2160.0,1097.942078815367,1000.0,-0.0,100.0,-0.0,189.36422252591586
2021-05-31 20:00:00,-0.0,3102.53,2160.0,1165.931,1000.0,-0.0,100.0,-0.0,84.08212820892645
2021-05-31 21:00:00,-0.0,3284.66,2160.0,805.6359660037001,1000.0,-0.0,79.87003399630028,-0.0,-0.0
2021-05-31 22:00:00,-0.0,3472.15,2160.0,463.4180000000001,1000.0,-0.0,0.0,-0.0,-0.0
2021-05-31 23:00:00,-0.0,3647.2599999999998,2160.0,91.98500000000013,1000.0,-0.0,0.0,-0.0,-0.0
2021-06-01 00:00:00,-0.0,3783.87,2160.0,-0.0,325.15499999999975,-0.0,0.0,-0.0,-0.0
2021-06-01 01:00:00,-0.0,3891.8999999999996,2160.0,-0.0,69.51900000000023,-0.0,0.0,-0.0,-0.0
2021-06-01 02:00:00,-0.0,3955.11,2065.972,-0.0,-0.0,-0.0,0.0,-0.0,-0.0
2021-06-01 03:00:00,-0.0,3974.17,2068.2473054989714,-0.0,-0.0,-0.0,0.0,23.58130549897117,22.40224022402261
2021-06-01 04:00:00,-0.0,3955.8399999999997,2160.0,-0.0,-0.0,-0.0,21.2800000000002,-0.0,-0.0
2021-06-01 05:00:00,282.45398389737164,3911.96,2158.985016102629,-0.0,-0.0,-0.0,0.0,-0.0,-0.0
2021-06-01 06:00:00,818.6901586245546,3857.7,1931.4158413754453,-0.0,-0.0,-0.0,0.0,-0.0,-0.0
2021-06-01 07:00:00,1446.1215724287006,3809.42,1574.907427571299,-0.0,-0.0,-0.0,0.0,-0.0,-0.0
2021-06-01 08:00:00,2080.3604484332172,3782.3,1108.5205515667822,-0.0,-0.0,-0.0,0.0,-0.0,-0.0
2021-06-01 09:00:00,2652.2182162743384,3788.19,575.4457837256618,-0.0,-0.0,-0.0,0.0,-0.0,-0.0
2021-06-01 10:00:00,3104.549325080955,3833.89,45.444674919045156,-0.0,-0.0,-0.0,0.0,-0.0,-0.0
2021-06-01 11:00:00,3394.0706924627116,3540.1343822790523,-0.0,-0.0,-0.0,-0.0,0.0,21.121074741764055,20.065021004675852
2021-06-01 12:00:00,3493.6514872501307,3449.5315127498693,-0.0,-0.0,-0.0,-0.0,0.0,100.0,115.06301450257538
2021-06-01 13:00:00,3394.0706924627116,3513.2993075372883,-0.0,-0.0,-0.0,-0.0,0.0,100.0,210.05150820112513
2021-06-01 14:00:00,3104.549325080955,3827.959674919045,-0.0,-0.0,-0.0,-0.0,0.0,100.0,305.030503050305
2021-06-01 15:00:00,2652.2182162743384,4386.412783725662,-0.0,-0.0,-0.0,-0.0,0.0,100.0,400.0
2021-06-01 16:00:00,2080.3604484332172,4599.42,447.1865515667823,-0.0,-0.0,-0.0,0.0,-0.0,399.96
2021-06-01 17:00:00,1446.1215724287006,4673.94,1240.3844275712997,-0.0,-0.0,-0.0,0.0,-0.0,399.920004
2021-06-01 18:00:00,818.6901586245546,4695.59,2046.5261445337615,-0.0,-0.0,-0.0,0.0,0.12630315831577385,400.0
2021-06-01 19:00:00,282.45398389737164,4659.45,2160.0,-0.0,440.25601610262834,-0.0,100.0,-0.0,294.69684210526316
2021-06-01 20:00:00,-0.0,4567.11,2160.0,-0.0,739.9010000000007,-0.0,100.0,-0.0,189.4042145263158
2021-06-01 21:00:00,-0.0,4426.4,2160.0,-0.0,685.6150000000007,-0.0,100.0,-0.0,84.12211621012632
2021-06-01 22:00:00,-0.0,4250.34,2160.0,-0.0,650.4239812014193,-0.0,79.90801879858006,-0.0,-0.0
2021-06-01 23:00:00,-0.0,4055.48,2160.0,-0.0,732.0759999999996,-0.0,0.0,-0.0,-0.0
2021-06-02 00:00:00,-0.0,3849.18,2160.0,-0.0,311.49699999999984,-0.0,0.0,-0.0,-0.0
2021-06-02 01:00:00,-0.0,3669.06,2160.0,-0.0,347.11600000000044,-0.0,0.0,-0.0,-0.0
2021-06-02 02:00:00,-0.0,3518.1800000000003,2160.0,-0.0,400.70799999999963,-0.0,0.0,-0.0,-0.0
2021-06-02 03:00:00,-0.0,3405.0200000000004,2160.0,-0.0,514.6139999999996,-0.0,0.0,-0.0,-0.0
2021-06-02 04:00:00,-0.0,3332.01,2160.0,-0.0,708.8400000000001,-0.0,0.0,-0.0,-0.0
2021-06-02 05:00:00,303.7737177885319,3295.2999999999997,2160.0,-0.0,660.9232822114686,-0.0,0.0,-0.0,-0.0
2021-06-02 06:00:00,872.2030001214669,3285.4,2160.0,-0.0,359.6049998785327,-0.0,0.0,-0.0,-0.0
2021-06-02 07:00:00,1536.0729025035957,3288.56,2077.9540974964048,-0.0,-0.0,-0.0,0.0,-0.0,-0.0
2021-06-02 08:00:00,2206.583174832086,3288.78,1550.6218251679134,-0.0,-0.0,-0.0,0.0,-0.0,-0.0
2021-06-02 09:00:00,2810.844462746971,3270.0600000000004,1012.3465372530286,-0.0,-0.0,-0.0,0.0,-0.0,-0.0
2021-06-02 10:00:00,3288.660234590975,3218.75,556.3907654090253,-0.0,-0.0,-0.0,0.0,-0.0,-0.0
2021-06-02 11:00:00,3594.4266822236154,3125.4900000000002,296.6483925181492,-0.0,-0.0,-0.0,0.0,21.121074741764055,20.065021004675852
2021-06-02 12:00:00,3699.5957846173387,2986.61,341.7012153826613,-0.0,-0.0,-0.0,0.0,100.0,115.06301450257538
2021-06-02 13:00:00,3594.4266822236154,2804.8,595.1513177763841,-0.0,-0.0,-0.0,0.0,100.0,210.05150820112513
2021-06-02 14:00:00,3288.660234590975,2588.84,1144.2177654090247,-0.0,-0.0,-0.0,0.0,100.0,305.030503050305
2021-06-02 15:00:00,2810.844462746971,2352.5299999999997,1966.5815372530292,-0.0,-0.0,-0.0,0.0,100.0,400.0
2021-06-02 16:00:00,2206.583174832086,2113.0,2160.0,-0.0,740.7408251679135,-0.0,0.0,-0.0,399.96
2021-06-02 17:00:00,1536.0729025035957,1888.46,2160.0,771.2120974964041,1000.0,-0.0,100.0,-0.0,294.6568461052632
2021-06-02 18:00:00,872.2030001214669,1695.8799999999999,2160.0,1829.7489998785331,1000.0,-0.0,100.0,-0.0,189.36422252591586
2021-06-02 19:00:00,303.7737177885319,1548.7600000000002,2160.0,2628.5402822114675,1000.0,-0.0,100.0,-0.0,84.08212820892645
2021-06-02 20:00:00,-0.0,1455.42,2160.0,2972.3049660037,1000.0,-0.0,79.87003399630028,-0.0,-0.0
2021-06-02 21:00:00,-0.0,1417.92,2160.0,2896.255,1000.0,-0.0,0.0,-0.0,-0.0
2021-06-02 22:00:00,-0.0,1431.8500000000001,2160.0,2652.4629999999997,1000.0,-0.0,0.0,-0.0,-0.0
2021-06-02 23:00:00,-0.0,1486.99,2160.0,2405.59,1000.0,-0.0,0.0,-0.0,-0.0
2021-06-03 00:00:00,-0.0,1558.4,2160.0,1708.7729999999997,1000.0,-0.0,0.0,-0.0,-0.0
2021-06-03 01:00:00,-0.0,1649.58,2160.0,1474.2790000000005,1000.0,-0.0,0.0,-0.0,-0.0
2021-06-03 02:00:00,-0.0,1733.0400000000002,2160.0,1294.6189999999997,1000.0,-0.0,0.0,-0.0,-0.0
2021-06-03 03:00:00,-0.0,1793.7900000000002,2160.0,1235.6009999999997,1000.0,-0.0,0.0,-0.0,-0.0
2021-06-03 04:00:00,-0.0,1821.0200000000002,2160.0,1330.4719999999998,1000.0,-0.0,0.0,-0.0,-0.0
2021-06-03 05:00:00,380.89607591672905,1809.53,2160.0,1180.995924083271,1000.0,-0.0,0.0,-0.0,-0.0
2021-06-03 06:00:00,1084.0450351949955,1760.37,2160.0,784.8979648050047,1000.0,-0.0,0.0,-0.0,-0.0
2021-06-03 07:00:00,1903.8367649756103,1680.6499999999999,2160.0,270.78023502438987,1000.0,-0.0,0.0,-0.0,-0.0
2021-06-03 08:00:00,2731.1785891966356,1582.5,2160.0,-0.0,685.4584108033641,-0.0,0.0,-0.0,-0.0
2021-06-03 09:00:00,3476.416230679193,1481.3100000000002,2160.0,-0.0,89.04476932080615,-0.0,0.0,-0.0,-0.0
2021-06-03 10:00:00,4065.534009499254,1393.6200000000001,1718.4289905007458,-0.0,-0.0,-0.0,0.0,-0.0,-0.0
2021-06-03 11:00:00,4442.469380135767,1334.73,1417.4010982427908,-0.0,-0.0,-0.0,0.0,85.21647837855764,80.95565445962976
2021-06-03 12:00:00,4572.102026236822,1316.52,1253.2779737631772,-0.0,-0.0,-0.0,0.0,100.0,175.9475588941838
2021-06-03 13:00:00,4442.469380135767,1345.8,1320.048619864233,-0.0,-0.0,-0.0,0.0,100.0,270.9299641382944
2021-06-03 14:00:00,4065.534009499254,1423.2,1646.7659905007463,-0.0,-0.0,-0.0,0.0,100.0,365.90287114188055
2021-06-03 15:00:00,3476.416230679193,1542.99,2160.0,-0.0,-0.0,-0.0,0.0,35.9302306791933,400.0
2021-06-03 16:00:00,2731.1785891966356,1693.76,2160.0,-0.0,748.5374108033639,-0.0,0.0,-0.0,399.96
2021-06-03 17:00:00,1903.8367649756103,1859.8300000000002,2160.0,544.7582350243899,1000.0,-0.0,100.0,-0.0,294.6568461052632
2021-06-03 18:00:00,1084.0450351949955,2023.22,2160.0,1402.6709648050037,1000.0,-0.0,100.0,-0.0,189.36422252591586
2021-06-03 19:00:00,380.89607591672905,2166.06,2160.0,2045.542924083271,1000.0,-0.0,100.0,-0.0,84.08212820892645
2021-06-03 20:00:00,-0.0,2272.79,2160.0,2265.5769660037,1000.0,-0.0,79.87003399630028,-0.0,-0.0
2021-06-03 21:00:00,-0.0,2332.29,2160.0,2091.642,1000.0,-0.0,0.0,-0.0,-0.0
2021-06-03 22:00:00,-0.0,2339.17,2160.0,1853.9129999999996,1000.0,-0.0,0.0,-0.0,-0.0
2021-06-03 23:00:00,-0.0,2294.5499999999997,2160.0,1705.7140000000004,1000.0,-0.0,0.0,-0.0,-0.0
2021-06-04 00:00:00,-0.0,2195.64,2160.0,1178.2190000000005,1000.0,-0.0,0.0,-0.0,-0.0
2021-06-04 01:00:00,-0.0,2075.21,2160.0,1154.049,1000.0,-0.0,0.0,-0.0,-0.0
2021-06-04 02:00:00,-0.0,1939.15,2160.0,1192.525,1000.0,-0.0,0.0,-0.0,-0.0
2021-06-04 03:00:00,-0.0,1804.76,2160.0,1327.1669999999995,1000.0,-0.0,0.0,-0.0,-0.0
2021-06-04 04:00:00,-0.0,1688.25,2160.0,1564.2020000000002,1000.0,-0.0,0.0,-0.0,-0.0
2021-06-04 05:00:00,455.3759009907823,1602.6299999999999,2160.0,1412.7070990092175,1000.0,-0.0,0.0,-0.0,-0.0
2021-06-04 06:00:00,1285.4468986939564,1555.88,2160.0,885.5141013060438,1000.0,-0.0,0.0,-0.0,-0.0
2021-06-04 07:00:00,2251.654763200539,1549.99,2160.0,149.2972367994612,1000.0,-0.0,0.0,-0.0,-0.0
2021-06-04 08:00:00,3226.025393745566,1580.67,2160.0,-0.0,286.1736062544337,-0.0,0.0,-0.0,-0.0
2021-06-04 09:00:00,4103.31542471131,1638.02,1557.1375752886897,-0.0,-0.0,-0.0,0.0,-0.0,-0.0
2021-06-04 10:00:00,4796.636884013042,1707.93,762.6011159869577,-0.0,-0.0,-0.0,0.0,-0.0,-0.0
2021-06-04 11:00:00,5240.167800775179,1774.0700000000002,203.6502739665857,-0.0,-0.0,-0.0,0.0,21.121074741764055,20.065021004675852
2021-06-04 12:00:00,5392.6920856754805,1820.18,14.127914324519224,-0.0,-0.0,-0.0,0.0,100.0,115.06301450257538
2021-06-04 13:00:00,5240.167800775179,1832.38,118.5051992248209,-0.0,-0.0,-0.0,0.0,100.0,210.05150820112513
2021-06-04 14:00:00,4796.636884013042,1801.11,618.045115986959,-0.0,-0.0,-0.0,0.0,100.0,305.030503050305
2021-06-04 15:00:00,4103.31542471131,1722.6,1495.3335752886896,-0.0,-0.0,-0.0,0.0,100.0,400.0
2021-06-04 16:00:00,3226.025393745566,1599.43,2160.0,-0.0,423.19960625443355,-0.0,0.0,-0.0,399.96
2021-06-04 17:00:00,2251.654763200539,1440.36,2160.0,688.9232367994614,1000.0,-0.0,100.0,-0.0,294.6568461052632
2021-06-04 18:00:00,1285.4468986939564,1259.24,2160.0,2035.0271013060437,1000.0,-0.0,100.0,-0.0,189.36422252591586
2021-06-04 19:00:00,455.3759009907823,1073.24,2160.0,3130.8570990092176,1000.0,-0.0,100.0,-0.0,84.08212820892645
2021-06-04 20:00:00,-0.0,900.6999999999999,2160.0,3701.7729660036994,1000.0,-0.0,79.87003399630028,-0.0,-0.0
2021-06-04 21:00:00,-0.0,758.76,2160.0,3726.3459999999995,1000.0,-0.0,0.0,-0.0,-0.0
2021-06-04 22:00:00,-0.0,661.11,2160.0,3590.1550000000007,1000.0,-0.0,0.0,-0.0,-0.0
2021-06-04 23:00:00,-0.0,616.3,2160.0,3439.0959999999995,1000.0,-0.0,0.0,-0.0,-0.0
2021-06-05 00:00:00,-0.0,616.7099999999999,2160.0,2373.2209999999995,1000.0,-0.0,0.0,-0.0,-0.0
2021-06-05 01:00:00,-0.0,678.1700000000001,2160.0,2164.0029999999997,1000.0,-0.0,0.0,-0.0,-0.0
2021-06-05 02:00:00,-0.0,780.79,2160.0,1960.5919999999996,1000.0,-0.0,0.0,-0.0,-0.0
2021-06-05 03:00:00,-0.0,910.25,2160.0,1828.129,1000.0,-0.0,0.0,-0.0,-0.0
2021-06-05 04:00:00,-0.0,1049.8300000000002,2160.0,1805.7749999999996,1000.0,-0.0,0.0,-0.0,-0.0
2021-06-05 05:00:00,472.20889843169846,1182.68,2160.0,1415.636101568301,1000.0,-0.0,0.0,-0.0,-0.0
2021-06-05 06:00:00,1322.8631863879925,1294.15,2160.0,706.2608136120077,1000.0,-0.0,0.0,-0.0,-0.0
2021-06-05 07:00:00,2311.5418647577985,1373.76,2160.0,-0.0,858.6581352422013,-0.0,0.0,-0.0,-0.0
2021-06-05 08:00:00,3307.8696552000206,1416.63,2117.9393447999796,-0.0,-0.0,-0.0,0.0,-0.0,-0.0
2021-06-05 09:00:00,4204.567142038821,1424.14,1255.855857961179,-0.0,-0.0,-0.0,0.0,-0.0,-0.0
2021-06-05 10:00:00,4913.038299037376,1403.6599999999999,533.0537009626241,-0.0,-0.0,-0.0,0.0,-0.0,-0.0
2021-06-05 11:00:00,5366.192491910038,1367.55,63.200582831726024,-0.0,-0.0,-0.0,0.0,21.121074741764055,20.065021004675852
2021-06-05 12:00:00,5522.009113074518,1280.4928869254827,-0.0,-0.0,-0.0,-0.0,0.0,100.0,115.06301450257538
2021-06-05 13:00:00,5366.192491910038,1312.04,84.75350808996154,-0.0,-0.0,-0.0,0.0,100.0,210.05150820112513
2021-06-05 14:00:00,4913.038299037376,1324.75,546.3527009626232,-0.0,-0.0,-0.0,0.0,100.0,305.030503050305
2021-06-05 15:00:00,4204.567142038821,1381.56,1299.8728579611798,-0.0,-0.0,-0.0,0.0,100.0,400.0
2021-06-05 16:00:00,3307.8696552000206,1489.3000000000002,2160.0,-0.0,12.630344799979412,-0.0,0.0,-0.0,399.96
2021-06-05 17:00:00,2311.5418647577985,1648.57,2160.0,-0.0,1000.0,-0.0,78.35913524220132,-0.0,317.43670374505126
2021-06-05 18:00:00,1322.8631863879925,1853.58,2160.0,957.1878136120076,1000.0,-0.0,100.0,-0.0,212.14180217993993
2021-06-05 19:00:00,472.20889843169846,2092.7799999999997,2160.0,1644.7861015683015,1000.0,-0.0,100.0,-0.0,106.85743010498511
2021-06-05 20:00:00,-0.0,2350.2999999999997,2160.0,1778.7320000000004,1000.0,-0.0,100.0,-0.0,1.5835864672377795
2021-06-05 21:00:00,-0.0,2607.95,2160.0,1418.734743296839,1000.0,-0.0,1.504256703161503,-0.0,-0.0
2021-06-05 22:00:00,-0.0,2847.5499999999997,2160.0,943.2010000000005,1000.0,-0.0,0.0,-0.0,-0.0
2021-06-05 23:00:00,-0.0,3053.23,2160.0,538.0660000000003,1000.0,-0.0,0.0,-0.0,-0.0
2021-06-06 00:00:00,-0.0,3203.65,2160.0,-0.0,754.9549999999995,-0.0,0.0,-0.0,-0.0
2021-06-06 01:00:00,-0.0,3312.64,2160.0,-0.0,494.6560000000004,-0.0,0.0,-0.0,-0.0
2021-06-06 02:00:00,-0.0,3371.02,2160.0,-0.0,331.9540000000002,-0.0,0.0,-0.0,-0.0
2021-06-06 03:00:00,-0.0,3385.63,2160.0,-0.0,310.83600000000024,-0.0,0.0,-0.0,-0.0
2021-06-06 04:00:00,-0.0,3368.4900000000002,2160.0,-0.0,441.7229999999995,-0.0,0.0,-0.0,-0.0
2021-06-06 05:00:00,448.8716802884284,3335.0400000000004,2160.0,-0.0,237.77331971157156,-0.0,0.0,-0.0,-0.0
2021-06-06 06:00:00,1248.6866028119557,3302.01,1880.321397188044,-0.0,-0.0,-0.0,0.0,-0.0,-0.0
2021-06-06 07:00:00,2176.9645256584745,3285.04,1186.3194743415252,-0.0,-0.0,-0.0,0.0,-0.0,-0.0
2021-06-06 08:00:00,3111.8147438293504,3296.5499999999997,375.0972561706503,-0.0,-0.0,-0.0,0.0,-0.0,-0.0
2021-06-06 09:00:00,3952.864321481122,2869.4236785188778,-0.0,-0.0,-0.0,-0.0,0.0,-0.0,-0.0
2021-06-06 10:00:00,4617.204557615277,2167.018442384723,-0.0,-0.0,-0.0,-0.0,0.0,-0.0,-0.0
2021-06-06 11:00:00,5042.064462142398,1665.020537857602,-0.0,-0.0,-0.0,-0.0,0.0,-0.0,-0.0
2021-06-06 12:00:00,5188.146412360348,1463.582662381416,-0.0,-0.0,-0.0,-0.0,0.0,21.121074741764055,20.065021004675852
2021-06-06 13:00:00,5042.064462142398,1645.922537857602,-0.0,-0.0,-0.0,-0.0,0.0,100.0,115.06301450257538
2021-06-06 14:00:00,4617.204557615277,2088.887442384723,-0.0,-0.0,-0.0,-0.0,0.0,100.0,210.05150820112513
2021-06-06 15:00:00,3952.864321481122,2852.0956785188782,-0.0,-0.0,-0.0,-0.0,0.0,100.0,305.030503050305
2021-06-06 16:00:00,3111.8147438293504,3874.01325617065,-0.0,-0.0,-0.0,-0.0,0.0,100.0,400.0
2021-06-06 17:00:00,2176.9645256584745,4169.8,764.8654743415254,-0.0,-0.0,-0.0,0.0,-0.0,399.96
2021-06-06 18:00:00,1248.6866028119557,4135.47,1919.9136035038337,-0.0,-0.0,-0.0,0.0,0.08420631578946756,400.0
2021-06-06 19:00:00,448.8716802884284,4049.06,2160.0,-0.0,719.4623197115718,-0.0,0.0,-0.0,399.96
2021-06-06 20:00:00,-0.0,3919.11,2160.0,114.87599999999975,1000.0,-0.0,100.0,-0.0,294.6568461052632
2021-06-06 21:00:00,-0.0,3759.3300000000004,2160.0,71.2189999999996,1000.0,-0.0,100.0,-0.0,189.36422252591586
2021-06-06 22:00:00,-0.0,3586.85,2160.0,3.7419999999997344,1000.0,-0.0,100.0,-0.0,84.08212820892645
2021-06-06 23:00:00,-0.0,3419.98,2160.0,-0.0,1000.0,-0.0,68.7140000000004,-0.0,11.74319368031567
2021-06-07 00:00:00,-0.0,3266.27,2160.0,12.560081607099391,1000.0,-0.0,11.154918392900257,-0.0,-0.0
2021-06-07 01:00:00,-0.0,3158.7900000000004,2160.0,-0.0,977.6019999999994,-0.0,0.0,-0.0,-0.0
2021-06-07 02:00:00,-0.0,3096.64,2160.0,-0.0,933.2289999999998,-0.0,0.0,-0.0,-0.0
2021-06-07 03:00:00,-0.0,3082.37,2160.0,-0.0,938.8739999999998,-0.0,0.0,-0.0,-0.0
2021-06-07 04:00:00,-0.0,3112.16,2160.0,20.801000000000386,1000.0,-0.0,0.0,-0.0,-0.0
2021-06-07 05:00:00,437.5960474438147,3176.4199999999996,2160.0,-0.0,728.4739525561854,-0.0,0.0,-0.0,-0.0
2021-06-07 06:00:00,1209.4508661298205,3261.2000000000003,2160.0,-0.0,119.31813387017928,-0.0,0.0,-0.0,-0.0
2021-06-07 07:00:00,2104.1246801145103,3350.2,1511.18931988549,-0.0,-0.0,-0.0,0.0,-0.0,-0.0
2021-06-07 08:00:00,3004.5910255715153,3427.0099999999998,667.3809744284849,-0.0,-0.0,-0.0,0.0,-0.0,-0.0
2021-06-07 09:00:00,3814.406728927587,3321.8252710724128,-0.0,-0.0,-0.0,-0.0,0.0,-0.0,-0.0
2021-06-07 10:00:00,4453.936859642391,2663.8702150993727,-0.0,-0.0,-0.0,-0.0,0.0,21.121074741764055,20.065021004675852
2021-06-07 11:00:00,4862.873491222646,2255.2915087773536,-0.0,-0.0,-0.0,-0.0,0.0,100.0,115.06301450257538
2021-06-07 12:00:00,5003.472340068298,2036.9296599317022,-0.0,-0.0,-0.0,-0.0,0.0,100.0,210.05150820112513
2021-06-07 13:00:00,4862.873491222646,2133.7205087773536,-0.0,-0.0,-0.0,-0.0,0.0,100.0,305.030503050305
2021-06-07 14:00:00,4453.936859642391,2559.674140357609,-0.0,-0.0,-0.0,-0.0,0.0,100.0,400.0
2021-06-07 15:00:00,3814.406728927587,3073.7999999999997,123.28627107241346,-0.0,-0.0,-0.0,0.0,-0.0,399.96
2021-06-07 16:00:00,3004.5910255715153,2973.4100000000003,1213.5591807442743,-0.0,-0.0,-0.0,0.0,0.08420631578946756,400.0
2021-06-07 17:00:00,2104.1246801145103,2904.41,2160.0,-0.0,247.96031988548975,-0.0,0.0,-0.0,399.96
2021-06-07 18:00:00,1209.4508661298205,2879.26,2160.0,259.46113387017886,1000.0,-0.0,100.0,-0.0,294.6568461052632
2021-06-07 19:00:00,437.5960474438147,2905.2099999999996,2160.0,1078.1979525561856,1000.0,-0.0,100.0,-0.0,189.36422252591586
2021-06-07 20:00:00,-0.0,2983.31,2160.0,1353.8129999999996,1000.0,-0.0,100.0,-0.0,84.08212820892645
2021-06-07 21:00:00,-0.0,3108.14,2160.0,1045.3089660037003,1000.0,-0.0,79.87003399630028,-0.0,-0.0
2021-06-07 22:00:00,-0.0,3268.4800000000005,2160.0,724.6189999999997,1000.0,-0.0,0.0,-0.0,-0.0
2021-06-07 23:00:00,-0.0,3448.75,2160.0,342.29399999999987,1000.0,-0.0,0.0,-0.0,-0.0
2021-06-08 00:00:00,-0.0,3621.54,2160.0,-0.0,534.7950000000001,-0.0,0.0,-0.0,-0.0
2021-06-08 01:00:00,-0.0,3787.79,2160.0,-0.0,215.0050000000001,-0.0,0.0,-0.0,-0.0
2021-06-08 02:00:00,-0.0,3922.29,2134.1400000000003,-0.0,-0.0,-0.0,0.0,-0.0,-0.0
2021-06-08 03:00:00,-0.0,4013.6,2034.467,-0.0,-0.0,-0.0,0.0,-0.0,-0.0
2021-06-08 04:00:00,-0.0,4055.98,2104.171,-0.0,-0.0,-0.0,0.0,-0.0,-0.0
2021-06-08 05:00:00,441.0678531660037,4050.04,1879.0441468339964,-0.0,-0.0,-0.0,0.0,-0.0,-0.0
2021-06-08 06:00:00,1211.8334778999501,4002.55,1403.8245221000493,-0.0,-0.0,-0.0,0.0,-0.0,-0.0
2021-06-08 07:00:00,2104.1741889305126,3925.41,804.8478110694873,-0.0,-0.0,-0.0,0.0,-0.0,-0.0
2021-06-08 08:00:00,3001.793777467363,3833.91,132.97922253263732,-0.0,-0.0,-0.0,0.0,-0.0,-0.0
2021-06-08 09:00:00,3808.7812897092804,3198.03671029072,-0.0,-0.0,-0.0,-0.0,0.0,-0.0,-0.0
2021-06-08 10:00:00,4445.941185857956,2522.317814142044,-0.0,-0.0,-0.0,-0.0,0.0,-0.0,-0.0
2021-06-08 11:00:00,4853.318289734127,2058.626785007637,-0.0,-0.0,-0.0,-0.0,0.0,21.121074741764055,20.065021004675852
2021-06-08 12:00:00,4993.372541603748,1920.876458396252,-0.0,-0.0,-0.0,-0.0,0.0,100.0,115.06301450257538
2021-06-08 13:00:00,4853.318289734127,2018.4087102658732,-0.0,-0.0,-0.0,-0.0,0.0,100.0,210.05150820112513
2021-06-08 14:00:00,4445.941185857956,2444.1868141420437,-0.0,-0.0,-0.0,-0.0,0.0,100.0,305.030503050305
2021-06-08 15:00:00,3808.7812897092804,3180.707710290719,-0.0,-0.0,-0.0,-0.0,0.0,100.0,400.0
2021-06-08 16:00:00,3001.793777467363,3905.9100000000003,163.34422253263665,-0.0,-0.0,-0.0,0.0,-0.0,399.96
2021-06-08 17:00:00,2104.1741889305126,3990.2599999999998,1203.3870173852774,-0.0,-0.0,-0.0,0.0,0.08420631578946756,400.0
2021-06-08 18:00:00,1211.8334778999501,4047.42,2160.0,-0.0,71.92252210005017,-0.0,0.0,-0.0,399.96
2021-06-08 19:00:00,441.0678531660037,4062.7799999999997,2160.0,-0.0,902.0141468339966,-0.0,0.0,-0.0,399.920004
2021-06-08 20:00:00,-0.0,4026.1400000000003,2160.0,197.78399999999965,1000.0,-0.0,100.0,-0.0,294.6168541048632
2021-06-08 21:00:00,-0.0,3933.15,2160.0,88.99999999999955,1000.0,-0.0,100.0,-0.0,189.3242345247159
2021-06-08 22:00:00,-0.0,3785.8999999999996,2160.0,-0.0,1000.0,-0.0,98.14699999999993,-0.0,85.99267052231615
2021-06-08 23:00:00,-0.0,3592.74,2160.0,9.76813230749974,1000.0,-0.0,81.68486769250072,-0.0,-0.0
2021-06-09 00:00:00,-0.0,3357.9300000000003,2160.0,-0.0,694.0419999999995,-0.0,0.0,-0.0,-0.0
2021-06-09 01:00:00,-0.0,3117.03,2160.0,-0.0,783.7660000000001,-0.0,0.0,-0.0,-0.0
2021-06-09 02:00:00,-0.0,2879.0,2160.0,-0.0,917.8739999999998,-0.0,0.0,-0.0,-0.0
2021-06-09 03:00:00,-0.0,2660.99,2160.0,130.03999999999996,1000.0,-0.0,0.0,-0.0,-0.0
2021-06-09 04:00:00,-0.0,2476.8399999999997,2160.0,428.86799999999994,1000.0,-0.0,0.0,-0.0,-0.0
2021-06-09 05:00:00,413.584271682508,2335.3399999999997,2160.0,369.45072831749235,1000.0,-0.0,0.0,-0.0,-0.0
2021-06-09 06:00:00,1130.1748745055063,2239.18,2160.0,-0.0,999.811125494494,-0.0,0.0,-0.0,-0.0
2021-06-09 07:00:00,1958.8905683706062,2184.72,2160.0,-0.0,444.58343162939445,-0.0,0.0,-0.0,-0.0
2021-06-09 08:00:00,2792.0744328799497,2162.6,1930.6395671200503,-0.0,-0.0,-0.0,0.0,-0.0,-0.0
2021-06-09 09:00:00,3540.907652124702,2159.16,1226.3123478752982,-0.0,-0.0,-0.0,0.0,-0.0,-0.0
2021-06-09 10:00:00,4132.042915196873,2158.42,600.3500848031272,-0.0,-0.0,-0.0,0.0,-0.0,-0.0
2021-06-09 11:00:00,4509.9437077454395,2144.37,183.23536699632496,-0.0,-0.0,-0.0,0.0,21.121074741764055,20.065021004675852
2021-06-09 12:00:00,4639.86102953851,2103.2400000000002,99.85597046149087,-0.0,-0.0,-0.0,0.0,100.0,115.06301450257538
2021-06-09 13:00:00,4509.9437077454395,2025.5200000000002,268.1292922545599,-0.0,-0.0,-0.0,0.0,100.0,210.05150820112513
2021-06-09 14:00:00,4132.042915196873,1907.36,785.7980848031275,-0.0,-0.0,-0.0,0.0,100.0,305.030503050305
2021-06-09 15:00:00,3540.907652124702,1751.1599999999999,1635.749347875298,-0.0,-0.0,-0.0,0.0,100.0,400.0
2021-06-09 16:00:00,2792.0744328799497,1565.38,2160.0,-0.0,495.2205671200504,-0.0,0.0,-0.0,399.96
2021-06-09 17:00:00,1958.8905683706062,1363.5,2160.0,660.3144316293938,1000.0,-0.0,100.0,-0.0,294.6568461052632
2021-06-09 18:00:00,1130.1748745055063,1162.22,2160.0,1887.1281254944934,1000.0,-0.0,100.0,-0.0,189.36422252591586
2021-06-09 19:00:00,413.584271682508,979.33,2160.0,2864.7097283174917,1000.0,-0.0,100.0,-0.0,84.08212820892645
2021-06-09 20:00:00,-0.0,831.33,2160.0,3367.9349660036996,1000.0,-0.0,79.87003399630028,-0.0,-0.0
2021-06-09 21:00:00,-0.0,731.2299999999999,2160.0,3349.6100000000006,1000.0,-0.0,0.0,-0.0,-0.0
2021-06-09 22:00:00,-0.0,686.82,2160.0,3159.4230000000007,1000.0,-0.0,0.0,-0.0,-0.0
2021-06-09 23:00:00,-0.0,699.66,2160.0,2950.259,1000.0,-0.0,0.0,-0.0,-0.0
2021-06-10 00:00:00,-0.0,755.6999999999999,2160.0,2265.755,1000.0,-0.0,0.0,-0.0,-0.0
2021-06-10 01:00:00,-0.0,862.41,2160.0,2011.4390000000003,1000.0,-0.0,0.0,-0.0,-0.0
2021-06-10 02:00:00,-0.0,995.5,2160.0,1778.0119999999997,1000.0,-0.0,0.0,-0.0,-0.0
2021-06-10 03:00:00,-0.0,1137.39,2160.0,1633.8759999999993,1000.0,-0.0,0.0,-0.0,-0.0
2021-06-10 04:00:00,-0.0,1270.3999999999999,2160.0,1619.1500000000005,1000.0,-0.0,0.0,-0.0,-0.0
2021-06-10 05:00:00,345.8933430028241,1379.08,2160.0,1380.8556569971756,1000.0,-0.0,0.0,-0.0,-0.0
2021-06-10 06:00:00,940.5622978171872,1452.1899999999998,2160.0,967.483702182813,1000.0,-0.0,0.0,-0.0,-0.0
2021-06-10 07:00:00,1627.5961374865767,1484.1299999999999,2160.0,471.1528625134231,1000.0,-0.0,0.0,-0.0,-0.0
2021-06-10 08:00:00,2318.0151424501505,1475.61,2160.0,-0.0,929.9858575498497,-0.0,0.0,-0.0,-0.0
2021-06-10 09:00:00,2938.360606963911,1433.45,2160.0,-0.0,396.47339303608896,-0.0,0.0,-0.0,-0.0
2021-06-10 10:00:00,3427.978042822557,1369.4999999999998,2160.0,-0.0,-0.0,-0.0,0.0,61.164042822556894,58.105840681429044
2021-06-10 11:00:00,3740.948023183589,1298.97,1885.5959768164107,-0.0,-0.0,-0.0,0.0,100.0,153.1000300973609
2021-06-10 12:00:00,3848.536868959444,1238.25,1768.8261310405564,-0.0,-0.0,-0.0,0.0,100.0,248.08472009435116
2021-06-10 13:00:00,3740.948023183589,1202.54,1876.311976816411,-0.0,-0.0,-0.0,0.0,100.0,343.0599116223417
2021-06-10 14:00:00,3427.978042822557,1203.72,2160.0,-0.0,-0.0,-0.0,0.0,46.75904282255715,387.44669631260876
2021-06-10 15:00:00,2938.360606963911,1248.58,2160.0,-0.0,504.1203930360889,-0.0,0.0,-0.0,387.4079516429775
2021-06-10 16:00:00,2318.0151424501505,1337.86,2160.0,123.52185754984976,1000.0,-0.0,100.0,-0.0,282.10605295307636
2021-06-10 17:00:00,1627.5961374865767,1465.96,2160.0,919.3188625134233,1000.0,-0.0,100.0,-0.0,176.8146844530442
2021-06-10 18:00:00,940.5622978171872,1621.65,2160.0,1650.896702182813,1000.0,-0.0,100.0,-0.0,71.53384508986208
2021-06-10 19:00:00,345.8933430028241,1789.48,2160.0,2191.2662998770907,1000.0,-0.0,67.95035712008546,-0.0,-0.0
2021-06-10 20:00:00,-0.0,1951.78,2160.0,2367.661,1000.0,-0.0,0.0,-0.0,-0.0
2021-06-10 21:00:00,-0.0,2090.98,2160.0,2033.4649999999997,1000.0,-0.0,0.0,-0.0,-0.0
2021-06-10 22:00:00,-0.0,2191.91,2160.0,1701.192,1000.0,-0.0,0.0,-0.0,-0.0
2021-06-10 23:00:00,-0.0,2243.8,2160.0,1456.1859999999997,1000.0,-0.0,0.0,-0.0,-0.0
2021-06-11 00:00:00,-0.0,2232.79,2160.0,842.0990000000002,1000.0,-0.0,0.0,-0.0,-0.0
2021-06-11 01:00:00,-0.0,2178.2799999999997,2160.0,752.1080000000002,1000.0,-0.0,0.0,-0.0,-0.0
2021-06-11 02:00:00,-0.0,2079.14,2160.0,753.9600000000005,1000.0,-0.0,0.0,-0.0,-0.0
2021-06-11 03:00:00,-0.0,1948.3400000000001,2160.0,885.5059999999994,1000.0,-0.0,0.0,-0.0,-0.0
2021-06-11 04:00:00,-0.0,1802.38,2160.0,1152.6809999999996,1000.0,-0.0,0.0,-0.0,-0.0
2021-06-11 05:00:00,298.7052527502561,1658.9799999999998,2160.0,1216.5237472497442,1000.0,-0.0,0.0,-0.0,-0.0
2021-06-11 06:00:00,808.6584347820087,1534.8400000000001,2160.0,1087.921565217991,1000.0,-0.0,0.0,-0.0,-0.0
2021-06-11 07:00:00,1397.2935026460434,1443.37,2160.0,816.1344973539565,1000.0,-0.0,0.0,-0.0,-0.0
2021-06-11 08:00:00,1988.5772921662217,1392.97,2160.0,418.64970783377817,1000.0,-0.0,0.0,-0.0,-0.0
2021-06-11 09:00:00,2519.7140588451275,1385.98,2160.0,-0.0,941.7689411548722,-0.0,0.0,-0.0,-0.0
2021-06-11 10:00:00,2938.855695123938,1418.47,2160.0,-0.0,460.6863048760615,-0.0,0.0,-0.0,-0.0
2021-06-11 11:00:00,3206.7540871165174,1480.83,2160.0,-0.0,62.07091288348238,-0.0,0.0,-0.0,-0.0
2021-06-11 12:00:00,3298.846673483529,1559.21,2084.062326516471,-0.0,-0.0,-0.0,0.0,100.0,95.0
2021-06-11 13:00:00,3206.7540871165174,1637.49,2064.3449128834827,-0.0,-0.0,-0.0,0.0,100.0,189.9905
2021-06-11 14:00:00,2938.855695123938,1699.55,2160.0,-0.0,37.52330487606196,-0.0,0.0,-0.0,189.97150095
2021-06-11 15:00:00,2519.7140588451275,1731.6000000000001,2160.0,-0.0,532.8539411548718,-0.0,0.0,-0.0,189.952503799905
2021-06-11 16:00:00,1988.5772921662217,1724.15,2160.0,161.80770783377807,1000.0,-0.0,100.0,-0.0,84.67035065478818
2021-06-11 17:00:00,1397.2935026460434,1673.3999999999999,2160.0,1058.8337079152202,1000.0,-0.0,80.42878943873657,-0.0,-0.0
2021-06-11 18:00:00,808.6584347820087,1581.87,2160.0,2021.515565217991,1000.0,-0.0,0.0,-0.0,-0.0
2021-06-11 19:00:00,298.7052527502561,1458.19,2160.0,2738.390747249744,1000.0,-0.0,0.0,-0.0,-0.0
2021-06-11 20:00:00,-0.0,1316.01,2160.0,3105.7969999999996,1000.0,-0.0,0.0,-0.0,-0.0
2021-06-11 21:00:00,-0.0,1172.29,2160.0,3056.0969999999998,1000.0,-0.0,0.0,-0.0,-0.0
2021-06-11 22:00:00,-0.0,1045.07,2160.0,2953.4540000000006,1000.0,-0.0,0.0,-0.0,-0.0
2021-06-11 23:00:00,-0.0,951.1500000000001,2160.0,2855.6420000000003,1000.0,-0.0,0.0,-0.0,-0.0
2021-06-12 00:00:00,-0.0,895.1,2160.0,1851.944,1000.0,-0.0,0.0,-0.0,-0.0
2021-06-12 01:00:00,-0.0,902.5500000000001,2160.0,1701.1799999999994,1000.0,-0.0,0.0,-0.0,-0.0
2021-06-12 02:00:00,-0.0,966.64,2160.0,1540.8890000000006,1000.0,-0.0,0.0,-0.0,-0.0
2021-06-12 03:00:00,-0.0,1082.77,2160.0,1426.4919999999997,1000.0,-0.0,0.0,-0.0,-0.0
2021-06-12 04:00:00,-0.0,1240.54,2160.0,1390.8220000000001,1000.0,-0.0,0.0,-0.0,-0.0
2021-06-12 05:00:00,325.66899166572347,1425.11,2160.0,1100.5140083342767,1000.0,-0.0,0.0,-0.0,-0.0
2021-06-12 06:00:00,878.2059440617936,1619.2,2160.0,611.7770559382066,1000.0,-0.0,0.0,-0.0,-0.0
2021-06-12 07:00:00,1515.477235046475,1805.45,2160.0,14.210764953525086,1000.0,-0.0,0.0,-0.0,-0.0
2021-06-12 08:00:00,2155.3663046772986,1968.6699999999998,2160.0,-0.0,354.9716953227012,-0.0,0.0,-0.0,-0.0
2021-06-12 09:00:00,2730.0398864285735,2097.85,1858.752113571426,-0.0,-0.0,-0.0,0.0,-0.0,-0.0
2021-06-12 10:00:00,3183.4787549932507,2187.63,1286.3452450067489,-0.0,-0.0,-0.0,0.0,-0.0,-0.0
2021-06-12 11:00:00,3473.2662322610213,2238.86,898.2498424807436,-0.0,-0.0,-0.0,0.0,21.121074741764055,20.065021004675852
2021-06-12 12:00:00,3572.8779700584423,2258.5,790.3930299415574,-0.0,-0.0,-0.0,0.0,100.0,115.06301450257538
2021-06-12 13:00:00,3473.2662322610213,2258.47,856.4527677389797,-0.0,-0.0,-0.0,0.0,100.0,210.05150820112513
2021-06-12 14:00:00,3183.4787549932507,2254.02,1177.8722450067498,-0.0,-0.0,-0.0,0.0,100.0,305.030503050305
2021-06-12 15:00:00,2730.0398864285735,2261.5099999999998,1731.797113571426,-0.0,-0.0,-0.0,0.0,100.0,400.0
2021-06-12 16:00:00,2155.3663046772986,2296.07,2160.0,-0.0,201.91069532270103,-0.0,0.0,-0.0,399.96
2021-06-12 17:00:00,1515.477235046475,2369.46,2160.0,-0.0,1000.0,-0.0,3.358764953525224,-0.0,396.38446194365764
2021-06-12 18:00:00,878.2059440617936,2488.3,2160.0,623.301055938206,1000.0,-0.0,100.0,-0.0,291.08166560272645
2021-06-12 19:00:00,325.66899166572347,2653.08,2160.0,1093.6210083342767,1000.0,-0.0,100.0,-0.0,185.78939954142936
2021-06-12 20:00:00,-0.0,2857.9500000000003,2160.0,1140.158,1000.0,-0.0,100.0,-0.0,80.50766270673837
2021-06-12 21:00:00,-0.0,3091.35,2160.0,735.9783686565556,1000.0,-0.0,76.47463134344432,-0.0,-0.0
2021-06-12 22:00:00,-0.0,3337.48,2160.0,335.4739999999997,1000.0,-0.0,0.0,-0.0,-0.0
2021-06-12 23:00:00,-0.0,3578.25,2160.0,-0.0,901.884,-0.0,0.0,-0.0,-0.0
2021-06-13 00:00:00,-0.0,3787.08,2160.0,-0.0,68.48199999999997,-0.0,0.0,-0.0,-0.0
2021-06-13 01:00:00,-0.0,3965.46,1905.5010000000002,-0.0,-0.0,-0.0,0.0,-0.0,-0.0
2021-06-13 02:00:00,-0.0,4093.5899999999997,1679.7870000000007,-0.0,-0.0,-0.0,0.0,-0.0,-0.0
2021-06-13 03:00:00,-0.0,4166.0,1607.629,-0.0,-0.0,-0.0,0.0,-0.0,-0.0
2021-06-13 04:00:00,-0.0,4183.7,1710.4540000000006,-0.0,-0.0,-0.0,0.0,-0.0,-0.0
2021-06-13 05:00:00,398.4531397916845,4153.95,1560.0118602083157,-0.0,-0.0,-0.0,0.0,-0.0,-0.0
2021-06-13 06:00:00,1070.7519180982722,4089.2099999999996,1208.5810819017279,-0.0,-0.0,-0.0,0.0,-0.0,-0.0
2021-06-13 07:00:00,1845.602020152441,4005.4,741.6429798475594,-0.0,-0.0,-0.0,0.0,-0.0,-0.0
2021-06-13 08:00:00,2623.3793309527687,3919.77,191.42266904723147,-0.0,-0.0,-0.0,0.0,-0.0,-0.0
2021-06-13 09:00:00,3321.7445008847753,3458.430499115225,-0.0,-0.0,-0.0,-0.0,0.0,-0.0,-0.0
2021-06-13 10:00:00,3872.70954837276,2876.16045162724,-0.0,-0.0,-0.0,-0.0,0.0,-0.0,-0.0
2021-06-13 11:00:00,4224.810059181921,2474.781015559843,-0.0,-0.0,-0.0,-0.0,0.0,21.121074741764055,20.065021004675852
2021-06-13 12:00:00,4345.828171298508,2362.873828701492,-0.0,-0.0,-0.0,-0.0,0.0,100.0,115.06301450257538
2021-06-13 13:00:00,4224.810059181921,2447.945940818079,-0.0,-0.0,-0.0,-0.0,0.0,100.0,210.05150820112513
2021-06-13 14:00:00,3872.70954837276,2824.78545162724,-0.0,-0.0,-0.0,-0.0,0.0,100.0,305.030503050305
2021-06-13 15:00:00,3321.7445008847753,3481.207499115225,-0.0,-0.0,-0.0,-0.0,0.0,100.0,400.0
2021-06-13 16:00:00,2623.3793309527687,4147.51,119.46866904723129,-0.0,-0.0,-0.0,0.0,-0.0,399.96
2021-06-13 17:00:00,1845.602020152441,4208.94,1068.0989798475591,-0.0,-0.0,-0.0,0.0,-0.0,399.920004
2021-06-13 18:00:00,1070.7519180982722,4232.6,2018.1903850600434,-0.0,-0.0,-0.0,0.0,0.12630315831577385,400.0
2021-06-13 19:00:00,398.4531397916845,4208.94,2160.0,-0.0,572.3252893648324,-0.0,61.45757084348382,-0.0,335.26782016475386
2021-06-13 20:00:00,-0.0,4134.17,2160.0,-0.0,1000.0,-0.0,29.875,-0.0,303.7869249616848
2021-06-13 21:00:00,-0.0,4010.89,2160.0,-0.0,955.9190000000003,-0.0,0.0,-0.0,303.7565462691886
2021-06-13 22:00:00,-0.0,3847.83,2160.0,-0.0,885.1379999999999,-0.0,0.0,-0.0,303.7261706145617
2021-06-13 23:00:00,-0.0,3658.8500000000004,2160.0,-0.0,878.2479999999996,-0.0,0.0,-0.0,303.6957979975002
2021-06-14 00:00:00,-0.0,3452.77,2160.0,-0.0,893.0160000000001,-0.0,0.0,-0.0,303.66542841770047
2021-06-14 01:00:00,-0.0,3264.7,2160.0,-0.0,933.3280000000004,-0.0,0.0,-0.0,303.6350618748587
2021-06-14 02:00:00,-0.0,3103.39,2160.0,-0.0,993.8470000000002,-0.0,0.0,-0.0,303.6046983686712
2021-06-14 03:00:00,-0.0,2982.5800000000004,2160.0,11.65499999999929,1000.0,-0.0,100.0,-0.0,198.31118000409754
2021-06-14 04:00:00,-0.0,2910.84,2160.0,200.6210000000001,1000.0,-0.0,100.0,-0.0,93.02819099136029
2021-06-14 05:00:00,447.47305623635225,2890.54,2160.0,-0.0,1000.0,-0.0,88.3679437636481,-0.0,-0.0
2021-06-14 06:00:00,1198.8869225152457,2917.61,2160.0,-0.0,562.6320774847541,-0.0,0.0,-0.0,-0.0
2021-06-14 07:00:00,2064.3814780683474,2982.17,2013.2635219316521,-0.0,-0.0,-0.0,0.0,-0.0,-0.0
2021-06-14 08:00:00,2932.889882795613,3069.96,1195.4441172043867,-0.0,-0.0,-0.0,0.0,-0.0,-0.0
2021-06-14 09:00:00,3712.5980374200462,3164.2799999999997,363.5409625799539,-0.0,-0.0,-0.0,0.0,-0.0,-0.0
2021-06-14 10:00:00,4327.66462442752,2899.0644503142444,-0.0,-0.0,-0.0,-0.0,0.0,21.121074741764055,20.065021004675852
2021-06-14 11:00:00,4720.696548866908,2510.9804511330913,-0.0,-0.0,-0.0,-0.0,0.0,100.0,115.06301450257538
2021-06-14 12:00:00,4855.787541932261,2302.5704580677393,-0.0,-0.0,-0.0,-0.0,0.0,100.0,210.05150820112513
2021-06-14 13:00:00,4720.696548866908,2398.1454511330912,-0.0,-0.0,-0.0,-0.0,0.0,100.0,305.030503050305
2021-06-14 14:00:00,4327.66462442752,2812.3313755724803,-0.0,-0.0,-0.0,-0.0,0.0,100.0,400.0
2021-06-14 15:00:00,3712.5980374200462,3174.7999999999997,254.4579625799538,-0.0,-0.0,-0.0,0.0,-0.0,399.96
2021-06-14 16:00:00,2932.889882795613,3070.2000000000003,1322.6493235201756,-0.0,-0.0,-0.0,0.0,0.08420631578946756,400.0
2021-06-14 17:00:00,2064.3814780683474,2962.61,2160.0,-0.0,367.3345219316525,-0.0,0.0,-0.0,399.96
2021-06-14 18:00:00,1198.8869225152457,2868.82,2160.0,421.779077484754,1000.0,-0.0,100.0,-0.0,294.6568461052632
2021-06-14 19:00:00,447.47305623635225,2804.36,2160.0,1313.7969437636475,1000.0,-0.0,100.0,-0.0,189.36422252591586
2021-06-14 20:00:00,-0.0,2781.3199999999997,2160.0,1703.567,1000.0,-0.0,100.0,-0.0,84.08212820892645
2021-06-14 21:00:00,-0.0,2806.65,2160.0,1497.5239660036996,1000.0,-0.0,79.87003399630028,-0.0,-0.0
2021-06-14 22:00:00,-0.0,2881.08,2160.0,1265.5259999999998,1000.0,-0.0,0.0,-0.0,-0.0
2021-06-14 23:00:00,-0.0,2998.94,2160.0,948.212,1000.0,-0.0,0.0,-0.0,-0.0
2021-06-15 00:00:00,-0.0,3140.64,2160.0,175.70000000000027,1000.0,-0.0,0.0,-0.0,-0.0
2021-06-15 01:00:00,-0.0,3306.83,2160.0,-0.0,858.201,-0.0,0.0,-0.0,-0.0
2021-06-15 02:00:00,-0.0,3471.2599999999998,2160.0,-0.0,589.4500000000003,-0.0,0.0,-0.0,-0.0
2021-06-15 03:00:00,-0.0,3615.92,2160.0,-0.0,438.28099999999995,-0.0,0.0,-0.0,-0.0
2021-06-15 04:00:00,-0.0,3725.0899999999997,2160.0,-0.0,442.8589999999999,-0.0,0.0,-0.0,-0.0
2021-06-15 05:00:00,457.28817900888646,3787.4,2160.0,-0.0,134.73182099111352,-0.0,0.0,-0.0,-0.0
2021-06-15 06:00:00,1222.0694256085073,3797.2400000000002,1769.4435743914921,-0.0,-0.0,-0.0,0.0,-0.0,-0.0
2021-06-15 07:00:00,2102.497077788422,3755.4100000000003,1148.1529222115782,-0.0,-0.0,-0.0,0.0,-0.0,-0.0
2021-06-15 08:00:00,2985.777675490491,3668.92,486.500324509509,-0.0,-0.0,-0.0,0.0,-0.0,-0.0
2021-06-15 09:00:00,3778.624232161639,3401.399767838361,-0.0,-0.0,-0.0,-0.0,0.0,-0.0,-0.0
2021-06-15 10:00:00,4404.001030101674,2759.07804464009,-0.0,-0.0,-0.0,-0.0,0.0,21.121074741764055,20.065021004675852
2021-06-15 11:00:00,4803.605249865421,2361.214750134579,-0.0,-0.0,-0.0,-0.0,0.0,100.0,115.06301450257538
2021-06-15 12:00:00,4940.948894058895,2147.3951059411047,-0.0,-0.0,-0.0,-0.0,0.0,100.0,210.05150820112513
2021-06-15 13:00:00,4803.605249865421,2242.117750134579,-0.0,-0.0,-0.0,-0.0,0.0,100.0,305.030503050305
2021-06-15 14:00:00,4404.001030101674,2659.8269698983268,-0.0,-0.0,-0.0,-0.0,0.0,100.0,400.0
2021-06-15 15:00:00,3778.624232161639,2994.55,289.52076783836037,-0.0,-0.0,-0.0,0.0,-0.0,399.96
2021-06-15 16:00:00,2985.777675490491,3010.02,1247.849530825299,-0.0,-0.0,-0.0,0.0,0.08420631578946756,400.0
2021-06-15 17:00:00,2102.497077788422,3048.27,2160.0,-0.0,158.59892221157816,-0.0,0.0,-0.0,399.96
2021-06-15 18:00:00,1222.0694256085073,3094.83,2160.0,84.82257439149248,1000.0,-0.0,100.0,-0.0,294.6568461052632
2021-06-15 19:00:00,457.28817900888646,3133.09,2160.0,884.7518209911136,1000.0,-0.0,100.0,-0.0,189.36422252591586
2021-06-15 20:00:00,-0.0,3146.52,2160.0,1245.2009999999996,1000.0,-0.0,100.0,-0.0,84.08212820892645
2021-06-15 21:00:00,-0.0,3120.98,2160.0,1087.4349660036996,1000.0,-0.0,79.87003399630028,-0.0,-0.0
2021-06-15 22:00:00,-0.0,3046.77,2160.0,1001.5570000000002,1000.0,-0.0,0.0,-0.0,-0.0
2021-06-15 23:00:00,-0.0,2919.95,2160.0,926.4800000000005,1000.0,-0.0,0.0,-0.0,-0.0
2021-06-16 00:00:00,-0.0,2735.0299999999997,2160.0,478.4459999999999,1000.0,-0.0,0.0,-0.0,-0.0
2021-06-16 01:00:00,-0.0,2516.73,2160.0,543.1529999999998,1000.0,-0.0,0.0,-0.0,-0.0
2021-06-16 02:00:00,-0.0,2270.8999999999996,2160.0,682.46,1000.0,-0.0,0.0,-0.0,-0.0
2021-06-16 03:00:00,-0.0,2014.81,2160.0,929.9249999999997,1000.0,-0.0,0.0,-0.0,-0.0
2021-06-16 04:00:00,-0.0,1766.9099999999999,2160.0,1289.5420000000004,1000.0,-0.0,0.0,-0.0,-0.0
2021-06-16 05:00:00,472.9886622837409,1544.53,2160.0,1248.461337716259,1000.0,-0.0,0.0,-0.0,-0.0
2021-06-16 06:00:00,1261.3732369126462,1361.59,2160.0,890.4967630873537,1000.0,-0.0,0.0,-0.0,-0.0
2021-06-16 07:00:00,2168.5913471520184,1226.94,2160.0,333.4726528479814,1000.0,-0.0,0.0,-0.0,-0.0
2021-06-16 08:00:00,3078.5571966795405,1143.25,2160.0,-0.0,640.6658033204594,-0.0,0.0,-0.0,-0.0
2021-06-16 09:00:00,3895.2608140619873,1106.8,2057.6621859380125,-0.0,-0.0,-0.0,0.0,-0.0,-0.0
2021-06-16 10:00:00,4539.407641869043,1108.1000000000001,1372.6693581309564,-0.0,-0.0,-0.0,0.0,-0.0,-0.0
2021-06-16 11:00:00,4950.980617901441,1133.3,878.4964568403229,-0.0,-0.0,-0.0,0.0,21.121074741764055,20.065021004675852
2021-06-16 12:00:00,5092.4334938231395,1166.17,705.2895061768604,-0.0,-0.0,-0.0,0.0,100.0,115.06301450257538
2021-06-16 13:00:00,4950.980617901441,1190.38,778.7243820985586,-0.0,-0.0,-0.0,0.0,100.0,210.05150820112513
2021-06-16 14:00:00,4539.407641869043,1191.84,1205.8543581309568,-0.0,-0.0,-0.0,0.0,100.0,305.030503050305
2021-06-16 15:00:00,3895.2608140619873,1160.65,1979.0721859380133,-0.0,-0.0,-0.0,0.0,100.0,400.0
2021-06-16 16:00:00,3078.5571966795405,1092.5,2160.0,-0.0,783.9098033204591,-0.0,0.0,-0.0,399.96
2021-06-16 17:00:00,2168.5913471520184,989.3499999999999,2160.0,922.044652847982,1000.0,-0.0,100.0,-0.0,294.6568461052632
2021-06-16 18:00:00,1261.3732369126462,859.1600000000001,2160.0,2151.1297630873532,1000.0,-0.0,100.0,-0.0,189.36422252591586
2021-06-16 19:00:00,472.9886622837409,714.88,2160.0,3156.6263377162586,1000.0,-0.0,100.0,-0.0,84.08212820892645
2021-06-16 20:00:00,-0.0,572.7,2160.0,3708.043966003699,1000.0,-0.0,79.87003399630028,-0.0,-0.0
2021-06-16 21:00:00,-0.0,449.85999999999996,2160.0,3706.9500000000007,1000.0,-0.0,0.0,-0.0,-0.0
2021-06-16 22:00:00,-0.0,362.31,2160.0,3554.2799999999997,1000.0,-0.0,0.0,-0.0,-0.0
2021-06-16 23:00:00,-0.0,322.52000000000004,2160.0,3392.0149999999994,1000.0,-0.0,0.0,-0.0,-0.0
2021-06-17 00:00:00,-0.0,329.96,2160.0,2751.7920000000004,1000.0,-0.0,0.0,-0.0,-0.0
2021-06-17 01:00:00,-0.0,401.27000000000004,2160.0,2526.9420000000005,1000.0,-0.0,0.0,-0.0,-0.0
2021-06-17 02:00:00,-0.0,523.23,2160.0,2298.6169999999997,1000.0,-0.0,0.0,-0.0,-0.0
2021-06-17 03:00:00,-0.0,684.62,2160.0,2128.8640000000005,1000.0,-0.0,0.0,-0.0,-0.0
2021-06-17 04:00:00,-0.0,869.83,2160.0,2055.7380000000003,1000.0,-0.0,0.0,-0.0,-0.0
2021-06-17 05:00:00,512.5462062698937,1060.91,2160.0,1562.1127937301071,1000.0,-0.0,0.0,-0.0,-0.0
2021-06-17 06:00:00,1364.6238726862653,1239.84,2160.0,779.1611273137346,1000.0,-0.0,0.0,-0.0,-0.0
2021-06-17 07:00:00,2344.805600509608,1390.85,2160.0,-0.0,864.193399490392,-0.0,0.0,-0.0,-0.0
2021-06-17 08:00:00,3327.796953641105,1502.48,2063.8230463588957,-0.0,-0.0,-0.0,0.0,-0.0,-0.0
2021-06-17 09:00:00,4209.957414381113,1568.94,1153.3375856188868,-0.0,-0.0,-0.0,0.0,-0.0,-0.0
2021-06-17 10:00:00,4905.6862398609765,1590.81,397.17976013902353,-0.0,-0.0,-0.0,0.0,-0.0,-0.0
2021-06-17 11:00:00,5350.2011443411675,1566.0398556588325,-0.0,-0.0,-0.0,-0.0,0.0,100.0,95.0
2021-06-17 12:00:00,5502.972973321482,1336.6930266785184,-0.0,-0.0,-0.0,-0.0,0.0,100.0,189.9905
2021-06-17 13:00:00,5350.2011443411675,1446.9428556588327,-0.0,-0.0,-0.0,-0.0,0.0,100.0,284.97150095
2021-06-17 14:00:00,4905.6862398609765,1433.0100000000002,397.99349619207624,-0.0,-0.0,-0.0,0.0,21.144736053052647,305.030503050305
2021-06-17 15:00:00,4209.957414381113,1407.04,1297.9085856188867,-0.0,-0.0,-0.0,0.0,100.0,400.0
2021-06-17 16:00:00,3327.796953641105,1414.2099999999998,2160.0,-0.0,94.45804635889499,-0.0,0.0,-0.0,399.96
2021-06-17 17:00:00,2344.805600509608,1461.6000000000001,2160.0,156.74839949039188,1000.0,-0.0,100.0,-0.0,294.6568461052632
2021-06-17 18:00:00,1364.6238726862653,1550.1999999999998,2160.0,1241.7691273137348,1000.0,-0.0,100.0,-0.0,189.36422252591586
2021-06-17 19:00:00,512.5462062698937,1674.79,2160.0,2043.942793730107,1000.0,-0.0,100.0,-0.0,84.08212820892645
2021-06-17 20:00:00,-0.0,1824.49,2160.0,2344.9809660037004,1000.0,-0.0,79.87003399630028,-0.0,-0.0
2021-06-17 21:00:00,-0.0,1984.26,2160.0,2063.307,1000.0,-0.0,0.0,-0.0,-0.0
2021-06-17 22:00:00,-0.0,2136.8599999999997,2160.0,1672.6040000000003,1000.0,-0.0,0.0,-0.0,-0.0
2021-06-17 23:00:00,-0.0,2265.16,2160.0,1344.4499999999998,1000.0,-0.0,0.0,-0.0,-0.0
2021-06-18 00:00:00,-0.0,2346.85,2160.0,632.4870000000005,1000.0,-0.0,0.0,-0.0,-0.0
2021-06-18 01:00:00,-0.0,2386.84,2160.0,441.3209999999999,1000.0,-0.0,0.0,-0.0,-0.0
2021-06-18 02:00:00,-0.0,2373.06,2160.0,351.17899999999963,1000.0,-0.0,0.0,-0.0,-0.0
2021-06-18 03:00:00,-0.0,2307.5,2160.0,410.89500000000044,1000.0,-0.0,0.0,-0.0,-0.0
2021-06-18 04:00:00,-0.0,2198.39,2160.0,634.6830000000004,1000.0,-0.0,0.0,-0.0,-0.0
2021-06-18 05:00:00,526.0002270186259,2059.16,2160.0,460.57977298137394,1000.0,-0.0,0.0,-0.0,-0.0
2021-06-18 06:00:00,1398.7540127181228,1906.68,2160.0,-0.0,991.0969872818769,-0.0,0.0,-0.0,-0.0
2021-06-18 07:00:00,2402.470993948747,1759.0600000000002,2160.0,-0.0,354.02800605125276,-0.0,0.0,-0.0,-0.0
2021-06-18 08:00:00,3408.948091671521,1633.3,1770.4309083284788,-0.0,-0.0,-0.0,0.0,-0.0,-0.0
2021-06-18 09:00:00,4312.118856202673,1543.1100000000001,998.5161437973275,-0.0,-0.0,-0.0,0.0,-0.0,-0.0
2021-06-18 10:00:00,5024.383626227435,1497.14,296.6543737725642,-0.0,-0.0,-0.0,0.0,-0.0,-0.0
2021-06-18 11:00:00,5479.456285720202,1364.336714279798,-0.0,-0.0,-0.0,-0.0,0.0,100.0,95.0
2021-06-18 12:00:00,5635.854635472713,1134.467364527287,-0.0,-0.0,-0.0,-0.0,0.0,100.0,189.9905
2021-06-18 13:00:00,5479.456285720202,1251.5017142797979,-0.0,-0.0,-0.0,-0.0,0.0,100.0,284.97150095
2021-06-18 14:00:00,5024.383626227436,1715.67,-0.0,-0.0,-0.0,-0.0,0.0,87.48762622743652,368.0562487159697
2021-06-18 15:00:00,4312.118856202673,1815.94,627.1231437973274,-0.0,-0.0,-0.0,0.0,-0.0,368.0194430910981
2021-06-18 16:00:00,3408.948091671521,1903.5,1661.2943913318586,-0.0,-0.0,-0.0,0.0,33.702483003380024,400.0
2021-06-18 17:00:00,2402.470993948747,1964.41,2160.0,-0.0,643.1890060512528,-0.0,0.0,-0.0,399.96
2021-06-18 18:00:00,1398.7540127181228,1988.99,2160.0,719.1439872818773,1000.0,-0.0,100.0,-0.0,294.6568461052632
2021-06-18 19:00:00,526.0002270186259,1973.1799999999998,2160.0,1685.8087729813737,1000.0,-0.0,100.0,-0.0,189.36422252591586
2021-06-18 20:00:00,-0.0,1919.23,2160.0,2187.27,1000.0,-0.0,100.0,-0.0,84.08212820892645
2021-06-18 21:00:00,-0.0,1835.41,2160.0,2092.9249660037,1000.0,-0.0,79.87003399630028,-0.0,-0.0
2021-06-18 22:00:00,-0.0,1735.01,2160.0,2038.598,1000.0,-0.0,0.0,-0.0,-0.0
2021-06-18 23:00:00,-0.0,1634.55,2160.0,1942.7339999999995,1000.0,-0.0,0.0,-0.0,-0.0
2021-06-19 00:00:00,-0.0,1544.24,2160.0,970.4019999999998,1000.0,-0.0,0.0,-0.0,-0.0
2021-06-19 01:00:00,-0.0,1495.19,2160.0,871.846,1000.0,-0.0,0.0,-0.0,-0.0
2021-06-19 02:00:00,-0.0,1492.84,2160.0,773.8580000000004,1000.0,-0.0,0.0,-0.0,-0.0
2021-06-19 03:00:00,-0.0,1544.8,2160.0,719.6520000000003,1000.0,-0.0,0.0,-0.0,-0.0
2021-06-19 04:00:00,-0.0,1652.45,2160.0,730.2859999999998,1000.0,-0.0,0.0,-0.0,-0.0
2021-06-19 05:00:00,469.13316323753105,1810.67,2160.0,319.21283676246844,1000.0,-0.0,0.0,-0.0,-0.0
2021-06-19 06:00:00,1246.576289529841,2008.55,2160.0,-0.0,598.2967104701588,-0.0,0.0,-0.0,-0.0
2021-06-19 07:00:00,2140.5384142844923,2230.74,1864.7875857155077,-0.0,-0.0,-0.0,0.0,-0.0,-0.0
2021-06-19 08:00:00,3036.895528013273,2459.4900000000002,880.4124719867264,-0.0,-0.0,-0.0,0.0,-0.0,-0.0
2021-06-19 09:00:00,3841.2095641910455,2580.261435808954,-0.0,-0.0,-0.0,-0.0,0.0,-0.0,-0.0
2021-06-19 10:00:00,4475.497949011565,1914.0020509884353,-0.0,-0.0,-0.0,-0.0,0.0,-0.0,-0.0
2021-06-19 11:00:00,4880.739985197619,1459.0820895441452,-0.0,-0.0,-0.0,-0.0,0.0,21.121074741764055,20.065021004675852
2021-06-19 12:00:00,5020.014473215198,1328.7855267848017,-0.0,-0.0,-0.0,-0.0,0.0,100.0,115.06301450257538
2021-06-19 13:00:00,4880.739985197619,1432.2470148023813,-0.0,-0.0,-0.0,-0.0,0.0,100.0,210.05150820112513
2021-06-19 14:00:00,4475.497949011565,1862.6270509884353,-0.0,-0.0,-0.0,-0.0,0.0,100.0,305.030503050305
2021-06-19 15:00:00,3841.2095641910455,2603.037435808955,-0.0,-0.0,-0.0,-0.0,0.0,100.0,400.0
2021-06-19 16:00:00,3036.895528013273,3218.13,277.55847198672654,-0.0,-0.0,-0.0,0.0,-0.0,399.96
2021-06-19 17:00:00,2140.5384142844923,3217.88,1407.7277920312972,-0.0,-0.0,-0.0,0.0,0.08420631578946756,400.0
2021-06-19 18:00:00,1246.576289529841,3239.14,2160.0,-0.0,234.81796272012036,-0.0,85.76174775003904,-0.0,309.68447605259047
2021-06-19 19:00:00,469.13316323753105,3293.68,2160.0,24.962836762468896,1000.0,-0.0,100.0,-0.0,204.3903497102484
2021-06-19 20:00:00,-0.0,3388.25,2160.0,324.3770000000004,1000.0,-0.0,100.0,-0.0,99.10675278054055
2021-06-19 21:00:00,-0.0,3523.4900000000002,2160.0,-0.0,1000.0,-0.0,94.14199999999937,-0.0,-0.0
2021-06-19 22:00:00,-0.0,3693.74,2160.0,-0.0,692.549,-0.0,0.0,-0.0,-0.0
2021-06-19 23:00:00,-0.0,3887.7200000000003,2160.0,-0.0,305.4529999999995,-0.0,0.0,-0.0,-0.0
2021-06-20 00:00:00,-0.0,4082.73,1647.3359999999998,-0.0,-0.0,-0.0,0.0,-0.0,-0.0
2021-06-20 01:00:00,-0.0,4275.47,1310.0949999999993,-0.0,-0.0,-0.0,0.0,-0.0,-0.0
2021-06-20 02:00:00,-0.0,4441.13,1047.147,-0.0,-0.0,-0.0,0.0,-0.0,-0.0
2021-06-20 03:00:00,-0.0,4564.52,924.5029999999997,-0.0,-0.0,-0.0,0.0,-0.0,-0.0
2021-06-20 04:00:00,-0.0,4634.849999999999,975.3880000000008,-0.0,-0.0,-0.0,0.0,-0.0,-0.0
2021-06-20 05:00:00,379.5469606806556,4647.19,802.6490393193452,-0.0,-0.0,-0.0,0.0,-0.0,-0.0
2021-06-20 06:00:00,1008.1913404768676,4603.070000000001,475.33565952313154,-0.0,-0.0,-0.0,0.0,-0.0,-0.0
2021-06-20 07:00:00,1731.013865514205,4510.27,70.69213448579421,-0.0,-0.0,-0.0,0.0,-0.0,-0.0
2021-06-20 08:00:00,2455.742479967646,3999.631520032354,-0.0,-0.0,-0.0,-0.0,0.0,-0.0,-0.0
2021-06-20 09:00:00,3106.0407781630365,3396.599221836964,-0.0,-0.0,-0.0,-0.0,0.0,-0.0,-0.0
2021-06-20 10:00:00,3618.8716601249453,2854.317339875055,-0.0,-0.0,-0.0,-0.0,0.0,-0.0,-0.0
2021-06-20 11:00:00,3946.508627226776,2479.445447514988,-0.0,-0.0,-0.0,-0.0,0.0,21.121074741764055,20.065021004675852
2021-06-20 12:00:00,4059.110240622904,2378.1857593770965,-0.0,-0.0,-0.0,-0.0,0.0,100.0,115.06301450257538
2021-06-20 13:00:00,3946.508627226776,2457.257372773224,-0.0,-0.0,-0.0,-0.0,0.0,100.0,210.05150820112513
2021-06-20 14:00:00,3618.8716601249453,2812.2343398750545,-0.0,-0.0,-0.0,-0.0,0.0,100.0,305.030503050305
2021-06-20 15:00:00,3106.0407781630365,3433.3042218369637,-0.0,-0.0,-0.0,-0.0,0.0,100.0,400.0
2021-06-20 16:00:00,2455.742479967646,3791.4199999999996,382.54952003235485,-0.0,-0.0,-0.0,0.0,-0.0,399.96
2021-06-20 17:00:00,1731.013865514205,3837.33,1296.8733408015846,-0.0,-0.0,-0.0,0.0,0.08420631578946756,400.0
2021-06-20 18:00:00,1008.1913404768676,3879.49,2160.0,-0.0,19.539659523132173,-0.0,0.0,-0.0,399.96
2021-06-20 19:00:00,379.5469606806556,3901.8599999999997,2160.0,-0.0,709.0560393193444,-0.0,0.0,-0.0,399.920004
2021-06-20 20:00:00,-0.0,3890.72,2160.0,-0.0,1000.0,-0.0,26.26400000000058,-0.0,372.23369621012574
2021-06-20 21:00:00,-0.0,3836.6299999999997,2160.0,-0.0,886.9340000000007,-0.0,0.0,-0.0,372.1964728405047
2021-06-20 22:00:00,-0.0,3735.8799999999997,2160.0,-0.0,757.8210000000004,-0.0,0.0,-0.0,372.1592531932207
2021-06-20 23:00:00,-0.0,3591.05,2160.0,-0.0,710.9189999999999,-0.0,0.0,-0.0,372.12203726790136
2021-06-21 00:00:00,-0.0,3403.85,2160.0,-0.0,712.6790000000005,-0.0,0.0,-0.0,372.0848250641746
2021-06-21 01:00:00,-0.0,3202.02,2160.0,-0.0,771.194,-0.0,0.0,-0.0,372.0476165816682
2021-06-21 02:00:00,-0.0,2995.6,2160.0,-0.0,881.4140000000002,-0.0,0.0,-0.0,372.01041182001
2021-06-21 03:00:00,-0.0,2802.7200000000003,2160.0,-0.0,1000.0,-0.0,76.02700000000004,-0.0,291.9447897261964
2021-06-21 04:00:00,-0.0,2640.25,2160.0,260.59699999999975,1000.0,-0.0,100.0,-0.0,186.65243735248697
2021-06-21 05:00:00,335.0509122982341,2521.63,2160.0,264.0960877017658,1000.0,-0.0,100.0,-0.0,81.37061421401488
2021-06-21 06:00:00,890.1066257084412,2455.08,2160.0,56.18702099659458,1000.0,-0.0,77.29435329496381,-0.0,-0.0
2021-06-21 07:00:00,1528.318584197174,2442.59,2160.0,-0.0,733.7134158028261,-0.0,0.0,-0.0,-0.0
2021-06-21 08:00:00,2168.226219633999,2479.67,2160.0,-0.0,200.59678036600144,-0.0,0.0,-0.0,-0.0
2021-06-21 09:00:00,2742.4232790312476,2556.02,1757.6837209687524,-0.0,-0.0,-0.0,0.0,-0.0,-0.0
2021-06-21 10:00:00,3195.2309101918904,2656.89,1174.8180898081105,-0.0,-0.0,-0.0,0.0,-0.0,-0.0
2021-06-21 11:00:00,3484.523299299634,2765.16,709.0557007003658,-0.0,-0.0,-0.0,0.0,-0.0,-0.0
2021-06-21 12:00:00,3583.9493790370448,2863.56,491.6221766578801,-0.0,-0.0,-0.0,0.0,47.87655569492459,45.48272791017836
2021-06-21 13:00:00,3484.523299299634,2937.02,536.1297007003659,-0.0,-0.0,-0.0,0.0,100.0,140.47817963738734
2021-06-21 14:00:00,3195.2309101918904,2974.6800000000003,814.9440898081089,-0.0,-0.0,-0.0,0.0,100.0,235.4641318194236
2021-06-21 15:00:00,2742.4232790312476,2971.29,1379.1177209687526,-0.0,-0.0,-0.0,0.0,100.0,330.44058540624167
2021-06-21 16:00:00,2168.226219633999,2927.86,2160.0,-0.0,-0.0,-0.0,0.0,73.25521963399888,400.0
2021-06-21 17:00:00,1528.318584197174,2851.45,2160.0,-0.0,878.0114158028259,-0.0,0.0,-0.0,399.96
2021-06-21 18:00:00,890.1066257084412,2754.16,2160.0,715.0253742915593,1000.0,-0.0,100.0,-0.0,294.6568461052632
2021-06-21 19:00:00,335.0509122982341,2651.37,2160.0,1455.4330877017665,1000.0,-0.0,100.0,-0.0,189.36422252591586
2021-06-21 20:00:00,-0.0,2559.59,2160.0,1808.0029999999997,1000.0,-0.0,100.0,-0.0,84.08212820892645
2021-06-21 21:00:00,-0.0,2494.12,2160.0,1699.2979660036995,1000.0,-0.0,79.87003399630028,-0.0,-0.0
2021-06-21 22:00:00,-0.0,2466.85,2160.0,1575.5890000000004,1000.0,-0.0,0.0,-0.0,-0.0
2021-06-21 23:00:00,-0.0,2484.58,2160.0,1365.0389999999998,1000.0,-0.0,0.0,-0.0,-0.0
2021-06-22 00:00:00,-0.0,2541.1800000000003,2160.0,685.8969999999999,1000.0,-0.0,0.0,-0.0,-0.0
2021-06-22 01:00:00,-0.0,2644.5400000000004,2160.0,437.93699999999944,1000.0,-0.0,0.0,-0.0,-0.0
2021-06-22 02:00:00,-0.0,2776.48,2160.0,208.413,1000.0,-0.0,0.0,-0.0,-0.0
2021-06-22 03:00:00,-0.0,2921.36,2160.0,63.78500000000031,1000.0,-0.0,0.0,-0.0,-0.0
2021-06-22 04:00:00,-0.0,3061.28,2160.0,44.38999999999987,1000.0,-0.0,0.0,-0.0,-0.0
2021-06-22 05:00:00,353.1463845472188,3178.4,2160.0,-0.0,792.3836154527814,-0.0,0.0,-0.0,-0.0
2021-06-22 06:00:00,938.6933400130854,3257.26,2160.0,-0.0,384.1046599869144,-0.0,0.0,-0.0,-0.0
2021-06-22 07:00:00,1612.0441806597303,3286.77,2065.3458193402694,-0.0,-0.0,-0.0,0.0,-0.0,-0.0
2021-06-22 08:00:00,2287.2144702944743,3261.6800000000003,1557.1925297055259,-0.0,-0.0,-0.0,0.0,-0.0,-0.0
2021-06-22 09:00:00,2893.0724175254463,3183.15,1075.4685824745534,-0.0,-0.0,-0.0,0.0,-0.0,-0.0
2021-06-22 10:00:00,3370.857246359448,3058.61,690.9187536405525,-0.0,-0.0,-0.0,0.0,-0.0,-0.0
2021-06-22 11:00:00,3676.116228628061,2900.7,494.28984611370333,-0.0,-0.0,-0.0,0.0,21.121074741764055,20.065021004675852
2021-06-22 12:00:00,3781.02540973777,2725.5299999999997,573.6615902622298,-0.0,-0.0,-0.0,0.0,100.0,115.06301450257538
2021-06-22 13:00:00,3676.116228628061,2550.4900000000002,817.6647713719381,-0.0,-0.0,-0.0,0.0,100.0,210.05150820112513
2021-06-22 14:00:00,3370.857246359448,2391.92,1306.2327536405523,-0.0,-0.0,-0.0,0.0,100.0,305.030503050305
2021-06-22 15:00:00,2893.0724175254463,2262.91,2018.4845824745535,-0.0,-0.0,-0.0,0.0,100.0,400.0
2021-06-22 16:00:00,2287.2144702944743,2171.58,2160.0,-0.0,643.0785297055254,-0.0,0.0,-0.0,399.96
2021-06-22 17:00:00,1612.0441806597303,2120.0099999999998,2160.0,502.1018193402699,1000.0,-0.0,100.0,-0.0,294.6568461052632
2021-06-22 18:00:00,938.6933400130854,2104.02,2160.0,1390.2186599869146,1000.0,-0.0,100.0,-0.0,189.36422252591586
2021-06-22 19:00:00,353.1463845472188,2113.83,2160.0,2045.714615452781,1000.0,-0.0,100.0,-0.0,84.08212820892645
2021-06-22 20:00:00,-0.0,2135.44,2160.0,2320.2509660036994,1000.0,-0.0,79.87003399630028,-0.0,-0.0
2021-06-22 21:00:00,-0.0,2152.61,2160.0,2185.7139999999995,1000.0,-0.0,0.0,-0.0,-0.0
2021-06-22 22:00:00,-0.0,2149.21,2160.0,1955.2730000000001,1000.0,-0.0,0.0,-0.0,-0.0
2021-06-22 23:00:00,-0.0,2111.42,2160.0,1797.1939999999995,1000.0,-0.0,0.0,-0.0,-0.0
2021-06-23 00:00:00,-0.0,2023.23,2160.0,1259.9730000000004,1000.0,-0.0,0.0,-0.0,-0.0
2021-06-23 01:00:00,-0.0,1894.11,2160.0,1241.3360000000002,1000.0,-0.0,0.0,-0.0,-0.0
2021-06-23 02:00:00,-0.0,1720.17,2160.0,1314.4840000000004,1000.0,-0.0,0.0,-0.0,-0.0
2021-06-23 03:00:00,-0.0,1510.23,2160.0,1521.422,1000.0,-0.0,0.0,-0.0,-0.0
2021-06-23 04:00:00,-0.0,1278.2199999999998,2160.0,1870.658,1000.0,-0.0,0.0,-0.0,-0.0
2021-06-23 05:00:00,380.3019701246967,1041.3999999999999,2160.0,1942.0960298753034,1000.0,-0.0,0.0,-0.0,-0.0
2021-06-23 06:00:00,1011.8735586670681,818.19,2160.0,1786.482441332932,1000.0,-0.0,0.0,-0.0,-0.0
2021-06-23 07:00:00,1738.291661466601,625.75,2160.0,1473.190338533399,1000.0,-0.0,0.0,-0.0,-0.0
2021-06-23 08:00:00,2466.7458143242447,477.88,2160.0,1031.0851856757554,1000.0,-0.0,0.0,-0.0,-0.0
2021-06-23 09:00:00,3120.4540322218204,383.18,2160.0,514.2019677781796,1000.0,-0.0,0.0,-0.0,-0.0
2021-06-23 10:00:00,3635.9955218598775,344.03000000000003,2160.0,2.999478140122392,1000.0,-0.0,0.0,-0.0,-0.0
2021-06-23 11:00:00,3965.3838633278033,356.38000000000005,2160.0,-0.0,587.3301366721967,-0.0,0.0,-0.0,-0.0
2021-06-23 12:00:00,4078.5919597199645,410.36,2160.0,-0.0,346.82304028003546,-0.0,0.0,-0.0,-0.0
2021-06-23 13:00:00,3965.3838633278033,491.7,2160.0,-0.0,339.1751366721969,-0.0,0.0,-0.0,-0.0
2021-06-23 14:00:00,3635.9955218598775,583.6999999999999,2160.0,-0.0,597.7174781401222,-0.0,0.0,-0.0,-0.0
2021-06-23 15:00:00,3120.4540322218204,669.5600000000001,2160.0,129.25896777817934,1000.0,-0.0,0.0,-0.0,-0.0
2021-06-23 16:00:00,2466.7458143242447,734.6700000000001,2160.0,901.6561856757553,1000.0,-0.0,0.0,-0.0,-0.0
2021-06-23 17:00:00,1738.291661466601,768.5699999999999,2160.0,1824.8813385333997,1000.0,-0.0,0.0,-0.0,-0.0
2021-06-23 18:00:00,1011.8735586670681,766.44,2160.0,2748.5894413329315,1000.0,-0.0,0.0,-0.0,-0.0
2021-06-23 19:00:00,380.3019701246967,729.65,2160.0,3493.095029875303,1000.0,-0.0,0.0,-0.0,-0.0
2021-06-23 20:00:00,-0.0,665.64,2160.0,3856.6639999999998,1000.0,-0.0,0.0,-0.0,-0.0
2021-06-23 21:00:00,-0.0,586.79,2160.0,3734.6710000000003,1000.0,-0.0,0.0,-0.0,-0.0
2021-06-23 22:00:00,-0.0,508.77,2160.0,3575.2530000000006,1000.0,-0.0,0.0,-0.0,-0.0
2021-06-23 23:00:00,-0.0,448.31,2160.0,3436.259,1000.0,-0.0,0.0,-0.0,-0.0
2021-06-24 00:00:00,-0.0,414.46999999999997,2160.0,2841.356,1000.0,-0.0,0.0,-0.0,-0.0
2021-06-24 01:00:00,-0.0,432.06,2160.0,2672.457,1000.0,-0.0,0.0,-0.0,-0.0
2021-06-24 02:00:00,-0.0,501.54999999999995,2160.0,2498.6449999999995,1000.0,-0.0,0.0,-0.0,-0.0
2021-06-24 03:00:00,-0.0,623.59,2160.0,2370.0969999999998,1000.0,-0.0,0.0,-0.0,-0.0
2021-06-24 04:00:00,-0.0,792.43,2160.0,2315.0040000000004,1000.0,-0.0,0.0,-0.0,-0.0
2021-06-24 05:00:00,382.34420878480785,996.59,2160.0,1939.9717912151918,1000.0,-0.0,0.0,-0.0,-0.0
2021-06-24 06:00:00,1018.7552840914424,1220.23,2160.0,1329.2537159085573,1000.0,-0.0,0.0,-0.0,-0.0
2021-06-24 07:00:00,1750.9597297612904,1445.22,2160.0,589.3652702387094,1000.0,-0.0,0.0,-0.0,-0.0
2021-06-24 08:00:00,2485.3178089272556,1653.4399999999998,2160.0,-0.0,781.9251910727448,-0.0,0.0,-0.0,-0.0
2021-06-24 09:00:00,3144.379167555123,1829.07,2146.0598324448774,-0.0,-0.0,-0.0,0.0,-0.0,-0.0
2021-06-24 10:00:00,3664.1722267674113,1960.6499999999999,1456.6217732325895,-0.0,-0.0,-0.0,0.0,-0.0,-0.0
2021-06-24 11:00:00,3996.283553115485,2042.46,986.6835216262789,-0.0,-0.0,-0.0,0.0,21.121074741764055,20.065021004675852
2021-06-24 12:00:00,4110.426128409697,2075.19,842.2128715903018,-0.0,-0.0,-0.0,0.0,100.0,115.06301450257538
2021-06-24 13:00:00,3996.283553115485,2065.75,923.1744468845145,-0.0,-0.0,-0.0,0.0,100.0,210.05150820112513
2021-06-24 14:00:00,3664.1722267674113,2026.22,1312.9207732325885,-0.0,-0.0,-0.0,0.0,100.0,305.030503050305
2021-06-24 15:00:00,3144.379167555123,1972.12,1985.6818324448768,-0.0,-0.0,-0.0,0.0,100.0,400.0
2021-06-24 16:00:00,2485.3178089272556,1920.24,2160.0,-0.0,617.4911910727446,-0.0,0.0,-0.0,399.96
2021-06-24 17:00:00,1750.9597297612904,1886.3,2160.0,511.59127023870906,1000.0,-0.0,100.0,-0.0,294.6568461052632
2021-06-24 18:00:00,1018.7552840914424,1882.76,2160.0,1439.6927159085571,1000.0,-0.0,100.0,-0.0,189.36422252591586
2021-06-24 19:00:00,382.34420878480785,1917.11,2160.0,2115.1617912151924,1000.0,-0.0,100.0,-0.0,84.08212820892645
2021-06-24 20:00:00,-0.0,1990.8100000000002,2160.0,2360.5269660036997,1000.0,-0.0,79.87003399630028,-0.0,-0.0
2021-06-24 21:00:00,-0.0,2099.06,2160.0,2128.7100000000005,1000.0,-0.0,0.0,-0.0,-0.0
2021-06-24 22:00:00,-0.0,2231.49,2160.0,1756.3230000000003,1000.0,-0.0,0.0,-0.0,-0.0
2021-06-24 23:00:00,-0.0,2373.51,2160.0,1412.4049999999997,1000.0,-0.0,0.0,-0.0,-0.0
2021-06-25 00:00:00,-0.0,2502.19,2160.0,652.8579999999997,1000.0,-0.0,0.0,-0.0,-0.0
2021-06-25 01:00:00,-0.0,2613.21,2160.0,388.2449999999999,1000.0,-0.0,0.0,-0.0,-0.0
2021-06-25 02:00:00,-0.0,2686.13,2160.0,208.80199999999968,1000.0,-0.0,0.0,-0.0,-0.0
2021-06-25 03:00:00,-0.0,2711.0899999999997,2160.0,175.2170000000001,1000.0,-0.0,0.0,-0.0,-0.0
2021-06-25 04:00:00,-0.0,2684.0000000000005,2160.0,314.0229999999997,1000.0,-0.0,0.0,-0.0,-0.0
2021-06-25 05:00:00,393.9911577494417,2607.2400000000002,2160.0,206.3208422505577,1000.0,-0.0,0.0,-0.0,-0.0
2021-06-25 06:00:00,1051.7529099572382,2489.36,2160.0,-0.0,913.9190900427618,-0.0,0.0,-0.0,-0.0
2021-06-25 07:00:00,1808.8107812604387,2344.07,2160.0,-0.0,517.6952187395611,-0.0,0.0,-0.0,-0.0
2021-06-25 08:00:00,2568.2326985277678,2188.46,2160.0,-0.0,47.352301472232284,-0.0,0.0,-0.0,-0.0
2021-06-25 09:00:00,3249.8638886508634,2040.86,1710.571111349137,-0.0,-0.0,-0.0,0.0,-0.0,-0.0
2021-06-25 10:00:00,3787.492498828122,1918.39,1255.8665011718776,-0.0,-0.0,-0.0,0.0,-0.0,-0.0
2021-06-25 11:00:00,4131.015607264817,1834.8400000000001,938.4924674769472,-0.0,-0.0,-0.0,0.0,21.121074741764055,20.065021004675852
2021-06-25 12:00:00,4249.081756227243,1798.8799999999999,857.5032437727568,-0.0,-0.0,-0.0,0.0,100.0,115.06301450257538
2021-06-25 13:00:00,4131.015607264817,1813.03,917.6113927351835,-0.0,-0.0,-0.0,0.0,100.0,210.05150820112513
2021-06-25 14:00:00,3787.492498828122,1873.39,1217.7915011718778,-0.0,-0.0,-0.0,0.0,100.0,305.030503050305
2021-06-25 15:00:00,3249.8638886508634,1970.3100000000002,1756.3811113491365,-0.0,-0.0,-0.0,0.0,100.0,400.0
2021-06-25 16:00:00,2568.2326985277678,2089.7599999999998,2160.0,-0.0,238.54530147223204,-0.0,0.0,-0.0,399.96
2021-06-25 17:00:00,1808.810781260439,2215.36,2160.0,-0.0,1000.0,-0.0,97.38721873956092,-0.0,297.40714216888324
2021-06-25 18:00:00,1051.7529099572382,2330.62,2160.0,830.8620900427616,1000.0,-0.0,100.0,-0.0,192.11424355992955
2021-06-25 19:00:00,393.9911577494417,2421.26,2160.0,1470.815842250558,1000.0,-0.0,100.0,-0.0,86.83187424083671
2021-06-25 20:00:00,-0.0,2477.23,2160.0,1742.4739684992578,1000.0,-0.0,82.482031500742,-0.0,-0.0
2021-06-25 21:00:00,-0.0,2494.0699999999997,2160.0,1604.312,1000.0,-0.0,0.0,-0.0,-0.0
2021-06-25 22:00:00,-0.0,2473.5699999999997,2160.0,1384.5920000000006,1000.0,-0.0,0.0,-0.0,-0.0
2021-06-25 23:00:00,-0.0,2423.54,2160.0,1232.567,1000.0,-0.0,0.0,-0.0,-0.0
2021-06-26 00:00:00,-0.0,2350.82,2160.0,238.4590000000003,1000.0,-0.0,0.0,-0.0,-0.0
2021-06-26 01:00:00,-0.0,2283.3700000000003,2160.0,152.36899999999923,1000.0,-0.0,0.0,-0.0,-0.0
2021-06-26 02:00:00,-0.0,2232.32,2160.0,97.05399999999963,1000.0,-0.0,0.0,-0.0,-0.0
2021-06-26 03:00:00,-0.0,2213.5,2160.0,107.51100000000042,1000.0,-0.0,0.0,-0.0,-0.0
2021-06-26 04:00:00,-0.0,2239.25,2160.0,193.84500000000025,1000.0,-0.0,0.0,-0.0,-0.0
2021-06-26 05:00:00,452.44869224462303,2316.72,2160.0,-0.0,873.9273077553767,-0.0,0.0,-0.0,-0.0
2021-06-26 06:00:00,1210.595757499883,2446.81,2160.0,-0.0,233.7462425001172,-0.0,0.0,-0.0,-0.0
2021-06-26 07:00:00,2083.615653085394,2624.0,1559.760346914606,-0.0,-0.0,-0.0,0.0,-0.0,-0.0
2021-06-26 08:00:00,2959.562757417065,2836.97,605.0942425829357,-0.0,-0.0,-0.0,0.0,-0.0,-0.0
2021-06-26 09:00:00,3745.8803389778577,2693.881661022142,-0.0,-0.0,-0.0,-0.0,0.0,-0.0,-0.0
2021-06-26 10:00:00,4366.132974461613,2035.0700255383872,-0.0,-0.0,-0.0,-0.0,0.0,-0.0,-0.0
2021-06-26 11:00:00,4762.475800971182,1561.293199028818,-0.0,-0.0,-0.0,-0.0,0.0,-0.0,-0.0
2021-06-26 12:00:00,4898.6993082025965,1369.6147665391677,-0.0,-0.0,-0.0,-0.0,0.0,21.121074741764055,20.065021004675852
2021-06-26 13:00:00,4762.475800971182,1542.195199028818,-0.0,-0.0,-0.0,-0.0,0.0,100.0,115.06301450257538
2021-06-26 14:00:00,4366.132974461613,1956.9390255383869,-0.0,-0.0,-0.0,-0.0,0.0,100.0,210.05150820112513
2021-06-26 15:00:00,3745.8803389778577,2676.5536610221425,-0.0,-0.0,-0.0,-0.0,0.0,100.0,305.030503050305
2021-06-26 16:00:00,2959.562757417065,3644.4292425829353,-0.0,-0.0,-0.0,-0.0,0.0,100.0,400.0
2021-06-26 17:00:00,2083.615653085394,3972.2400000000002,674.8253469146052,-0.0,-0.0,-0.0,0.0,-0.0,399.96
2021-06-26 18:00:00,1210.595757499883,3930.73,1782.879448815907,-0.0,-0.0,-0.0,0.0,0.08420631578946756,400.0
2021-06-26 19:00:00,452.44869224462303,3890.71,2160.0,-0.0,395.6473077553765,-0.0,100.0,-0.0,294.69684210526316
2021-06-26 20:00:00,-0.0,3867.54,2160.0,-0.0,789.3280000000004,-0.0,100.0,-0.0,189.4042145263158
2021-06-26 21:00:00,-0.0,3873.31,2160.0,-0.0,581.7840000000001,-0.0,100.0,-0.0,84.12211621012632
2021-06-26 22:00:00,-0.0,3915.09,2160.0,-0.0,321.99298120141975,-0.0,79.90801879858006,-0.0,-0.0
2021-06-26 23:00:00,-0.0,3993.93,2160.0,-0.0,123.20699999999988,-0.0,0.0,-0.0,-0.0
2021-06-27 00:00:00,-0.0,4098.87,1550.1140000000005,-0.0,-0.0,-0.0,0.0,-0.0,-0.0
2021-06-27 01:00:00,-0.0,4230.58,1267.228,-0.0,-0.0,-0.0,0.0,-0.0,-0.0
2021-06-27 02:00:00,-0.0,4368.32,1025.5660000000007,-0.0,-0.0,-0.0,0.0,-0.0,-0.0
2021-06-27 03:00:00,-0.0,4494.9,893.143,-0.0,-0.0,-0.0,0.0,-0.0,-0.0
2021-06-27 04:00:00,-0.0,4593.26,909.4609999999993,-0.0,-0.0,-0.0,0.0,-0.0,-0.0
2021-06-27 05:00:00,521.9095610964033,4648.76,544.7174389035962,-0.0,-0.0,-0.0,0.0,-0.0,-0.0
2021-06-27 06:00:00,1400.3321062282087,4565.846893771792,-0.0,-0.0,-0.0,-0.0,0.0,-0.0,-0.0
2021-06-27 07:00:00,2412.4222659652887,3772.7847340347116,-0.0,-0.0,-0.0,-0.0,0.0,-0.0,-0.0
2021-06-27 08:00:00,3428.176078086568,2894.149921913432,-0.0,-0.0,-0.0,-0.0,0.0,-0.0,-0.0
2021-06-27 09:00:00,4340.1532232641985,2023.2397767358016,-0.0,-0.0,-0.0,-0.0,0.0,-0.0,-0.0
2021-06-27 10:00:00,5059.5905830073525,1268.2344169926473,-0.0,-0.0,-0.0,-0.0,0.0,-0.0,-0.0
2021-06-27 11:00:00,5519.341825612372,734.0991743876275,-0.0,-0.0,-0.0,-0.0,0.0,-0.0,-0.0
2021-06-27 12:00:00,5677.361589088972,523.7294856527919,-0.0,-0.0,-0.0,-0.0,0.0,21.121074741764055,20.065021004675852
2021-06-27 13:00:00,5519.341825612372,721.2631743876273,-0.0,-0.0,-0.0,-0.0,0.0,100.0,115.06301450257538
2021-06-27 14:00:00,5059.5905830073525,1202.6234169926474,-0.0,-0.0,-0.0,-0.0,0.0,100.0,210.05150820112513
2021-06-27 15:00:00,4340.1532232641985,2024.6767767358015,-0.0,-0.0,-0.0,-0.0,0.0,100.0,305.030503050305
2021-06-27 16:00:00,3428.176078086568,3121.511921913432,-0.0,-0.0,-0.0,-0.0,0.0,100.0,400.0
2021-06-27 17:00:00,2412.4222659652887,3169.4,1097.936839297869,-0.0,-0.0,-0.0,0.0,0.04210526315791628,400.0
2021-06-27 18:00:00,1400.3321062282087,3171.1299999999997,2160.0,-0.0,145.07389377179175,-0.0,0.0,-0.0,399.96
2021-06-27 19:00:00,521.9095610964033,3190.04,2160.0,-0.0,1000.0,-0.0,82.68743890359644,-0.0,312.88059462779324
2021-06-27 20:00:00,-0.0,3210.1000000000004,2160.0,406.04699999999957,1000.0,-0.0,100.0,-0.0,207.58614867359364
2021-06-27 21:00:00,-0.0,3215.25,2160.0,202.60300000000007,1000.0,-0.0,100.0,-0.0,102.30223216398944
2021-06-27 22:00:00,-0.0,3191.6800000000003,2160.0,-0.0,1000.0,-0.0,91.57499999999982,-0.0,5.897265098667987
2021-06-27 23:00:00,-0.0,3129.8399999999997,2160.0,-0.0,957.0920000000001,-0.0,0.0,-0.0,5.8966753721581195
2021-06-28 00:00:00,-0.0,3020.27,2160.0,-0.0,878.4519999999998,-0.0,0.0,-0.0,5.896085704620904
2021-06-28 01:00:00,-0.0,2876.4,2160.0,-0.0,874.7159999999999,-0.0,0.0,-0.0,5.895496096050442
2021-06-28 02:00:00,-0.0,2701.1000000000004,2160.0,-0.0,949.6790000000001,-0.0,0.0,-0.0,5.894906546440837
2021-06-28 03:00:00,-0.0,2507.79,2160.0,135.14339879700356,1000.0,-0.0,5.599601202996884,-0.0,-0.0
2021-06-28 04:00:00,-0.0,2313.13,2160.0,453.6869999999999,1000.0,-0.0,0.0,-0.0,-0.0
2021-06-28 05:00:00,530.9944288328977,2134.85,2160.0,317.25157116710193,1000.0,-0.0,0.0,-0.0,-0.0
2021-06-28 06:00:00,1429.319517997786,1989.41,2160.0,-0.0,818.7734820022138,-0.0,0.0,-0.0,-0.0
2021-06-28 07:00:00,2465.0191943661507,1889.76,2160.0,-0.0,105.3668056338488,-0.0,0.0,-0.0,-0.0
2021-06-28 08:00:00,3504.8095366567377,1843.68,1412.3884633432617,-0.0,-0.0,-0.0,0.0,-0.0,-0.0
2021-06-28 09:00:00,4438.527240661553,1852.6699999999998,514.3537593384472,-0.0,-0.0,-0.0,0.0,-0.0,-0.0
2021-06-28 10:00:00,5175.212234179645,1598.3687658203553,-0.0,-0.0,-0.0,-0.0,0.0,-0.0,-0.0
2021-06-28 11:00:00,5646.010131355266,1077.891943386498,-0.0,-0.0,-0.0,-0.0,0.0,21.121074741764055,20.065021004675852
2021-06-28 12:00:00,5807.829696460072,925.0503035399279,-0.0,-0.0,-0.0,-0.0,0.0,100.0,115.06301450257538
2021-06-28 13:00:00,5646.010131355266,1051.056868644734,-0.0,-0.0,-0.0,-0.0,0.0,100.0,210.05150820112513
2021-06-28 14:00:00,5175.212234179645,1546.9937658203553,-0.0,-0.0,-0.0,-0.0,0.0,100.0,305.030503050305
2021-06-28 15:00:00,4438.527240661553,2389.8007593384473,-0.0,-0.0,-0.0,-0.0,0.0,100.0,400.0
2021-06-28 16:00:00,3504.8095366567377,2524.2599999999998,887.5944633432628,-0.0,-0.0,-0.0,0.0,-0.0,399.96
2021-06-28 17:00:00,2465.0191943661507,2534.22,2150.988011949639,-0.0,-0.0,-0.0,0.0,0.08420631578946756,400.0
2021-06-28 18:00:00,1429.319517997786,2501.4599999999996,2160.0,159.59748200221475,1000.0,-0.0,100.0,-0.0,294.69684210526316
2021-06-28 19:00:00,530.9944288328977,2432.82,2160.0,1208.0425711671023,1000.0,-0.0,100.0,-0.0,189.4042145263158
2021-06-28 20:00:00,-0.0,2340.21,2160.0,1756.4979999999996,1000.0,-0.0,100.0,-0.0,84.12211621012632
2021-06-28 21:00:00,-0.0,2238.88,2160.0,1682.9239812014202,1000.0,-0.0,79.90801879858006,-0.0,-0.0
2021-06-28 22:00:00,-0.0,2145.25,2160.0,1625.1189999999997,1000.0,-0.0,0.0,-0.0,-0.0
2021-06-28 23:00:00,-0.0,2074.6,2160.0,1502.6529999999998,1000.0,-0.0,0.0,-0.0,-0.0
2021-06-29 00:00:00,-0.0,2033.5600000000002,2160.0,922.7379999999996,1000.0,-0.0,0.0,-0.0,-0.0
2021-06-29 01:00:00,-0.0,2039.6200000000001,2160.0,772.1769999999995,1000.0,-0.0,0.0,-0.0,-0.0
2021-06-29 02:00:00,-0.0,2088.29,2160.0,626.2200000000003,1000.0,-0.0,0.0,-0.0,-0.0
2021-06-29 03:00:00,-0.0,2174.0699999999997,2160.0,541.1850000000004,1000.0,-0.0,0.0,-0.0,-0.0
2021-06-29 04:00:00,-0.0,2285.81,2160.0,550.6609999999996,1000.0,-0.0,0.0,-0.0,-0.0
2021-06-29 05:00:00,470.4575240656032,2408.18,2160.0,176.9814759343967,1000.0,-0.0,0.0,-0.0,-0.0
2021-06-29 06:00:00,1271.052210441173,2523.6,2160.0,-0.0,518.1767895588268,-0.0,0.0,-0.0,-0.0
2021-06-29 07:00:00,2194.7876994194444,2614.6200000000003,1888.800300580555,-0.0,-0.0,-0.0,0.0,-0.0,-0.0
2021-06-29 08:00:00,3122.4900822799314,2666.1800000000003,1052.9359177200681,-0.0,-0.0,-0.0,0.0,-0.0,-0.0
2021-06-29 09:00:00,3955.742021411279,2667.6499999999996,265.480978588721,-0.0,-0.0,-0.0,0.0,-0.0,-0.0
2021-06-29 10:00:00,4613.243852335061,2346.1781476649385,-0.0,-0.0,-0.0,-0.0,0.0,100.0,95.0
2021-06-29 11:00:00,5033.46849396393,1857.5965060360695,-0.0,-0.0,-0.0,-0.0,0.0,100.0,189.9905
2021-06-29 12:00:00,5177.916653253792,1645.6113467462083,-0.0,-0.0,-0.0,-0.0,0.0,100.0,284.97150095
2021-06-29 13:00:00,5033.46849396393,1756.5305060360697,-0.0,-0.0,-0.0,-0.0,0.0,100.0,379.943003799905
2021-06-29 14:00:00,4613.243852335061,1971.41,132.685147664939,-0.0,-0.0,-0.0,0.0,-0.0,379.905009499525
2021-06-29 15:00:00,3955.742021411279,1773.8200000000002,1117.208590169168,-0.0,-0.0,-0.0,0.0,21.192611580447288,400.0
2021-06-29 16:00:00,3122.4900822799314,1595.3,2160.0,-0.0,138.15491772006817,-0.0,0.0,-0.0,399.96
2021-06-29 17:00:00,2194.7876994194444,1449.3600000000001,2160.0,347.2183005805555,1000.0,-0.0,100.0,-0.0,294.6568461052632
2021-06-29 18:00:00,1271.052210441173,1344.55,2160.0,1577.8507895588273,1000.0,-0.0,100.0,-0.0,189.36422252591586
2021-06-29 19:00:00,470.4575240656032,1283.32,2160.0,2522.918475934397,1000.0,-0.0,100.0,-0.0,84.08212820892645
2021-06-29 20:00:00,-0.0,1261.83,2160.0,2961.5169660036995,1000.0,-0.0,79.87003399630028,-0.0,-0.0
2021-06-29 21:00:00,-0.0,1270.5900000000001,2160.0,2839.206,1000.0,-0.0,0.0,-0.0,-0.0
2021-06-29 22:00:00,-0.0,1295.8500000000001,2160.0,2584.084,1000.0,-0.0,0.0,-0.0,-0.0
2021-06-29 23:00:00,-0.0,1321.58,2160.0,2366.621,1000.0,-0.0,0.0,-0.0,-0.0
2021-06-30 00:00:00,-0.0,1326.67,2160.0,1742.1099999999997,1000.0,-0.0,0.0,-0.0,-0.0
2021-06-30 01:00:00,-0.0,1307.6,2160.0,1617.8650000000002,1000.0,-0.0,0.0,-0.0,-0.0
2021-06-30 02:00:00,-0.0,1249.85,2160.0,1579.4150000000004,1000.0,-0.0,0.0,-0.0,-0.0
2021-06-30 03:00:00,-0.0,1149.7,2160.0,1681.2970000000005,1000.0,-0.0,0.0,-0.0,-0.0
2021-06-30 04:00:00,-0.0,1009.75,2160.0,1943.348,1000.0,-0.0,0.0,-0.0,-0.0
2021-06-30 05:00:00,404.50559254801396,838.67,2160.0,1929.8524074519864,1000.0,-0.0,0.0,-0.0,-0.0
2021-06-30 06:00:00,1097.449547127725,650.1700000000001,2160.0,1683.2994528722747,1000.0,-0.0,0.0,-0.0,-0.0
2021-06-30 07:00:00,1897.6419743732731,461.27000000000004,2160.0,1297.961025626726,1000.0,-0.0,0.0,-0.0,-0.0
2021-06-30 08:00:00,2701.6094488390263,300.0,2160.0,799.1335511609741,1000.0,-0.0,0.0,-0.0,-0.0
2021-06-30 09:00:00,3423.8811882983337,300.0,2160.0,124.49581170166675,1000.0,-0.0,0.0,-0.0,-0.0
2021-06-30 10:00:00,3993.9071299473553,300.0,2160.0,-0.0,525.281870052645,-0.0,0.0,-0.0,-0.0
2021-06-30 11:00:00,4358.254884115184,300.0,2160.0,-0.0,92.73511588481597,-0.0,0.0,-0.0,-0.0
2021-06-30 12:00:00,4483.506,300.0,2160.0,-0.0,-0.0,-0.0,0.0,100.0,95.0
2021-06-30 13:00:00,4358.254884115184,300.0,2160.0,-0.0,-0.0,-0.0,0.0,8.330884115183835,102.90483990942464
2021-06-30 14:00:00,3993.9071299473553,300.0,2160.0,-0.0,383.19887005264445,-0.0,0.0,-0.0,102.8945494254337
2021-06-30 15:00:00,3423.8811882983337,406.59000000000003,2160.0,-0.0,954.6108117016665,-0.0,0.0,-0.0,102.88425997049116
2021-06-30 16:00:00,2701.6094488390263,567.18,2160.0,608.5622781937043,1000.0,-0.0,97.73027296726941,-0.0,-0.0
2021-06-30 17:00:00,1897.6419743732731,721.33,2160.0,1591.059025626727,1000.0,-0.0,0.0,-0.0,-0.0
2021-06-30 18:00:00,1097.449547127725,853.86,2160.0,2460.233452872275,1000.0,-0.0,0.0,-0.0,-0.0
2021-06-30 19:00:00,404.50559254801396,953.7900000000001,2160.0,3135.809407451986,1000.0,-0.0,0.0,-0.0,-0.0
2021-06-30 20:00:00,-0.0,1015.75,2160.0,3404.094,1000.0,-0.0,0.0,-0.0,-0.0
2021-06-30 21:00:00,-0.0,1040.6200000000001,2160.0,3184.9179999999997,1000.0,-0.0,0.0,-0.0,-0.0
2021-06-30 22:00:00,-0.0,1035.3600000000001,2160.0,2959.329,1000.0,-0.0,0.0,-0.0,-0.0
2021-06-30 23:00:00,-0.0,1011.9200000000001,2160.0,2789.95,1000.0,-0.0,0.0,-0.0,-0.0
2021-07-01 00:00:00,-0.0,980.69,2160.0,2200.819,1000.0,-0.0,0.0,-0.0,-0.0
2021-07-01 01:00:00,-0.0,967.7900000000001,2160.0,2069.1189999999997,1000.0,-0.0,0.0,-0.0,-0.0
2021-07-01 02:00:00,-0.0,983.5000000000001,2160.0,1955.8239999999996,1000.0,-0.0,0.0,-0.0,-0.0
2021-07-01 03:00:00,-0.0,1039.6,2160.0,1899.9770000000003,1000.0,-0.0,0.0,-0.0,-0.0
2021-07-01 04:00:00,-0.0,1142.73,2160.0,1917.3709999999996,1000.0,-0.0,0.0,-0.0,-0.0
2021-07-01 05:00:00,379.94303120867716,1293.43,2160.0,1604.9889687913228,1000.0,-0.0,0.0,-0.0,-0.0
2021-07-01 06:00:00,1035.631601746361,1485.86,2160.0,1012.9983982536392,1000.0,-0.0,0.0,-0.0,-0.0
2021-07-01 07:00:00,1793.5311229216072,1708.5,2160.0,256.5608770783924,1000.0,-0.0,0.0,-0.0,-0.0
2021-07-01 08:00:00,2555.329463357066,1945.5600000000002,2160.0,-0.0,399.629536642934,-0.0,0.0,-0.0,-0.0
2021-07-01 09:00:00,3239.912616634322,2179.01,1687.199383365678,-0.0,-0.0,-0.0,0.0,-0.0,-0.0
2021-07-01 10:00:00,3780.276588895729,2390.86,903.6804111042711,-0.0,-0.0,-0.0,0.0,-0.0,-0.0
2021-07-01 11:00:00,4125.699598146528,2565.52,313.1974018534729,-0.0,-0.0,-0.0,0.0,-0.0,-0.0
2021-07-01 12:00:00,4244.446493328991,2691.76,19.5635814127736,-0.0,-0.0,-0.0,0.0,21.121074741764055,20.065021004675852
2021-07-01 13:00:00,4125.699598146528,2764.17,108.83340185347242,-0.0,-0.0,-0.0,0.0,100.0,115.06301450257538
2021-07-01 14:00:00,3780.276588895729,2783.8,459.3654111042706,-0.0,-0.0,-0.0,0.0,100.0,210.05150820112513
2021-07-01 15:00:00,3239.912616634322,2757.9199999999996,1131.066383365679,-0.0,-0.0,-0.0,0.0,100.0,305.030503050305
2021-07-01 16:00:00,2555.329463357066,2699.04,2061.9355366429345,-0.0,-0.0,-0.0,0.0,100.0,400.0
2021-07-01 17:00:00,1793.5311229216072,2623.12,2160.0,-0.0,871.9368770783926,-0.0,0.0,-0.0,399.96
2021-07-01 18:00:00,1035.631601746361,2547.42,2160.0,804.3123982536385,1000.0,-0.0,100.0,-0.0,294.6568461052632
2021-07-01 19:00:00,379.94303120867716,2488.13,2160.0,1599.0499687913225,1000.0,-0.0,100.0,-0.0,189.36422252591586
2021-07-01 20:00:00,-0.0,2458.2000000000003,2160.0,1931.792,1000.0,-0.0,100.0,-0.0,84.08212820892645
2021-07-01 21:00:00,-0.0,2465.61,2160.0,1747.2759660037,1000.0,-0.0,79.87003399630028,-0.0,-0.0
2021-07-01 22:00:00,-0.0,2512.3,2160.0,1546.6149999999998,1000.0,-0.0,0.0,-0.0,-0.0
2021-07-01 23:00:00,-0.0,2593.96,2160.0,1269.0860000000002,1000.0,-0.0,0.0,-0.0,-0.0
2021-07-02 00:00:00,-0.0,2696.0,2160.0,543.8289999999997,1000.0,-0.0,0.0,-0.0,-0.0
2021-07-02 01:00:00,-0.0,2813.59,2160.0,278.48199999999997,1000.0,-0.0,0.0,-0.0,-0.0
2021-07-02 02:00:00,-0.0,2925.69,2160.0,65.58999999999969,1000.0,-0.0,0.0,-0.0,-0.0
2021-07-02 03:00:00,-0.0,3016.02,2160.0,-0.0,972.2580000000003,-0.0,0.0,-0.0,-0.0
2021-07-02 04:00:00,-0.0,3070.64,2160.0,34.86400000000003,1000.0,-0.0,0.0,-0.0,-0.0
2021-07-02 05:00:00,370.8457862681821,3079.9700000000003,2160.0,-0.0,869.6082137318176,-0.0,0.0,-0.0,-0.0
2021-07-02 06:00:00,1016.0694308232963,3040.1699999999996,2160.0,-0.0,516.9325691767036,-0.0,0.0,-0.0,-0.0
2021-07-02 07:00:00,1762.6499989399267,2953.7799999999997,2160.0,-0.0,77.42800106007371,-0.0,0.0,-0.0,-0.0
2021-07-02 08:00:00,2513.445005018786,2829.4900000000002,1749.4019949812136,-0.0,-0.0,-0.0,0.0,-0.0,-0.0
2021-07-02 09:00:00,3188.330618961515,2681.0899999999997,1265.0413810384862,-0.0,-0.0,-0.0,0.0,-0.0,-0.0
2021-07-02 10:00:00,3721.1383081805106,2525.7000000000003,852.8126918194885,-0.0,-0.0,-0.0,0.0,-0.0,-0.0
2021-07-02 11:00:00,4061.771339483049,2381.59,603.4797352587157,-0.0,-0.0,-0.0,0.0,21.121074741764055,20.065021004675852
2021-07-02 12:00:00,4178.8782551354225,2265.81,607.7127448645779,-0.0,-0.0,-0.0,0.0,100.0,115.06301450257538
2021-07-02 13:00:00,4061.771339483049,2191.9900000000002,759.1236605169515,-0.0,-0.0,-0.0,0.0,100.0,210.05150820112513
2021-07-02 14:00:00,3721.1383081805106,2168.62,1144.2806918194892,-0.0,-0.0,-0.0,0.0,100.0,305.030503050305
2021-07-02 15:00:00,3188.330618961515,2197.95,1749.6183810384855,-0.0,-0.0,-0.0,0.0,100.0,400.0
2021-07-02 16:00:00,2513.445005018786,2275.79,2160.0,-0.0,270.46399498121355,-0.0,0.0,-0.0,399.96
2021-07-02 17:00:00,1762.6499989399267,2392.1600000000003,2160.0,33.55900106007266,1000.0,-0.0,100.0,-0.0,294.6568461052632
2021-07-02 18:00:00,1016.0694308232963,2532.67,2160.0,834.7895691767039,1000.0,-0.0,100.0,-0.0,189.36422252591586
2021-07-02 19:00:00,370.8457862681821,2680.5,2160.0,1408.3272137318177,1000.0,-0.0,100.0,-0.0,84.08212820892645
2021-07-02 20:00:00,-0.0,2818.73,2160.0,1580.3299660037,1000.0,-0.0,79.87003399630028,-0.0,-0.0
2021-07-02 21:00:00,-0.0,2932.65,2160.0,1345.4370000000004,1000.0,-0.0,0.0,-0.0,-0.0
2021-07-02 22:00:00,-0.0,3011.72,2160.0,1028.9290000000005,1000.0,-0.0,0.0,-0.0,-0.0
2021-07-02 23:00:00,-0.0,3051.0,2160.0,790.1949999999997,1000.0,-0.0,0.0,-0.0,-0.0
2021-07-03 00:00:00,-0.0,3047.36,2160.0,-0.0,731.1510000000003,-0.0,0.0,-0.0,-0.0
2021-07-03 01:00:00,-0.0,3017.0099999999998,2160.0,-0.0,610.1920000000005,-0.0,0.0,-0.0,-0.0
2021-07-03 02:00:00,-0.0,2967.8300000000004,2160.0,-0.0,555.0499999999997,-0.0,0.0,-0.0,-0.0
2021-07-03 03:00:00,-0.0,2915.42,2160.0,-0.0,600.9520000000002,-0.0,0.0,-0.0,-0.0
2021-07-03 04:00:00,-0.0,2876.45,2160.0,-0.0,753.6689999999999,-0.0,0.0,-0.0,-0.0
2021-07-03 05:00:00,337.67487954637687,2866.34,2160.0,-0.0,637.5761204536234,-0.0,0.0,-0.0,-0.0
2021-07-03 06:00:00,930.4624993526376,2897.0600000000004,2160.0,-0.0,263.401500647362,-0.0,0.0,-0.0,-0.0
2021-07-03 07:00:00,1617.1497773100084,2975.45,1875.6302226899913,-0.0,-0.0,-0.0,0.0,-0.0,-0.0
2021-07-03 08:00:00,2308.0824362396097,3102.13,1193.1555637603906,-0.0,-0.0,-0.0,0.0,-0.0,-0.0
2021-07-03 09:00:00,2929.362379655421,3271.3399999999997,441.4916203445796,-0.0,-0.0,-0.0,0.0,-0.0,-0.0
2021-07-03 10:00:00,3419.9452374261195,3184.1837625738804,-0.0,-0.0,-0.0,-0.0,0.0,-0.0,-0.0
2021-07-03 11:00:00,3733.6207184151904,2807.081321073424,-0.0,-0.0,-0.0,-0.0,0.0,13.711039488614677,13.025487514183943
2021-07-03 12:00:00,3841.463296873059,2709.0507031269412,-0.0,-0.0,-0.0,-0.0,0.0,100.0,108.02418496543253
2021-07-03 13:00:00,3733.6207184151904,2774.2722815848097,-0.0,-0.0,-0.0,-0.0,0.0,100.0,203.013382546936
2021-07-03 14:00:00,3419.9452374261195,3106.05276257388,-0.0,-0.0,-0.0,-0.0,0.0,100.0,297.9930812086813
2021-07-03 15:00:00,2929.362379655421,3695.503620344579,-0.0,-0.0,-0.0,-0.0,0.0,100.0,392.96328190056045
2021-07-03 16:00:00,2308.08243623961,4405.1,-0.0,-0.0,-0.0,-0.0,0.0,7.448436239610146,400.0
2021-07-03 17:00:00,1617.1497773100084,4404.62,909.7662226899918,-0.0,-0.0,-0.0,0.0,-0.0,399.96
2021-07-03 18:00:00,930.4624993526376,4358.0,1835.513706963152,-0.0,-0.0,-0.0,0.0,0.08420631578946756,400.0
2021-07-03 19:00:00,337.67487954637687,4277.36,2160.0,-0.0,322.26612045362384,-0.0,100.0,-0.0,294.69684210526316
2021-07-03 20:00:00,-0.0,4178.33,2160.0,-0.0,675.5619999999999,-0.0,100.0,-0.0,189.4042145263158
2021-07-03 21:00:00,-0.0,4077.7799999999997,2160.0,-0.0,572.6750000000002,-0.0,100.0,-0.0,84.12211621012632
2021-07-03 22:00:00,-0.0,3991.5299999999997,2160.0,-0.0,439.05998120141976,-0.0,79.90801879858006,-0.0,-0.0
2021-07-03 23:00:00,-0.0,3932.1499999999996,2160.0,-0.0,376.4500000000007,-0.0,0.0,-0.0,-0.0
2021-07-04 00:00:00,-0.0,3903.04,1936.9120000000003,-0.0,-0.0,-0.0,0.0,-0.0,-0.0
2021-07-04 01:00:00,-0.0,3914.16,1772.1990000000005,-0.0,-0.0,-0.0,0.0,-0.0,-0.0
2021-07-04 02:00:00,-0.0,3956.6600000000003,1623.176,-0.0,-0.0,-0.0,0.0,-0.0,-0.0
2021-07-04 03:00:00,-0.0,4020.2700000000004,1550.9409999999998,-0.0,-0.0,-0.0,0.0,-0.0,-0.0
2021-07-04 04:00:00,-0.0,4090.55,1592.3779999999997,-0.0,-0.0,-0.0,0.0,-0.0,-0.0
2021-07-04 05:00:00,302.63501502046995,4150.87,1438.9509849795304,-0.0,-0.0,-0.0,0.0,-0.0,-0.0
2021-07-04 06:00:00,839.1001680216652,4184.7,1116.1358319783346,-0.0,-0.0,-0.0,0.0,-0.0,-0.0
2021-07-04 07:00:00,1461.3207789415278,4177.92,716.2402210584719,-0.0,-0.0,-0.0,0.0,-0.0,-0.0
2021-07-04 08:00:00,2087.7558278236197,4120.8099999999995,280.3831721763804,-0.0,-0.0,-0.0,0.0,-0.0,-0.0
2021-07-04 09:00:00,2651.2280399542847,3896.092034787479,-0.0,-0.0,-0.0,-0.0,0.0,21.121074741764055,20.065021004675852
2021-07-04 10:00:00,3096.2627870025044,3490.390212997496,-0.0,-0.0,-0.0,-0.0,0.0,100.0,115.06301450257538
2021-07-04 11:00:00,3380.8580271919923,3127.2739728080073,-0.0,-0.0,-0.0,-0.0,0.0,100.0,210.05150820112513
2021-07-04 12:00:00,3478.7060134193175,2951.662986580682,-0.0,-0.0,-0.0,-0.0,0.0,100.0,305.030503050305
2021-07-04 13:00:00,3380.8580271919923,3005.7029728080074,-0.0,-0.0,-0.0,-0.0,0.0,100.0,400.0
2021-07-04 14:00:00,3096.2627870025044,2916.8100000000004,290.5052129974956,-0.0,-0.0,-0.0,0.0,-0.0,399.96
2021-07-04 15:00:00,2651.2280399542847,2699.89,1050.3419600457155,-0.0,-0.0,-0.0,0.0,-0.0,399.920004
2021-07-04 16:00:00,2087.7558278236197,2520.73,1973.0834753346962,-0.0,-0.0,-0.0,0.0,0.12630315831577385,400.0
2021-07-04 17:00:00,1461.3207789415278,2388.15,2160.0,-0.0,796.9912210584725,-0.0,0.0,-0.0,399.96
2021-07-04 18:00:00,839.1001680216652,2304.81,2160.0,594.2288319783349,1000.0,-0.0,100.0,-0.0,294.6568461052632
2021-07-04 19:00:00,302.63501502046995,2266.98,2160.0,1241.3559849795297,1000.0,-0.0,100.0,-0.0,189.36422252591586
2021-07-04 20:00:00,-0.0,2265.14,2160.0,1461.9500000000003,1000.0,-0.0,100.0,-0.0,84.08212820892645
2021-07-04 21:00:00,-0.0,2285.43,2160.0,1257.9859660037,1000.0,-0.0,79.87003399630028,-0.0,-0.0
2021-07-04 22:00:00,-0.0,2311.59,2160.0,1071.4759999999997,1000.0,-0.0,0.0,-0.0,-0.0
2021-07-04 23:00:00,-0.0,2327.2799999999997,2160.0,853.7310000000007,1000.0,-0.0,0.0,-0.0,-0.0
2021-07-05 00:00:00,-0.0,2314.42,2160.0,674.2910000000002,1000.0,-0.0,0.0,-0.0,-0.0
2021-07-05 01:00:00,-0.0,2271.03,2160.0,564.1410000000001,1000.0,-0.0,0.0,-0.0,-0.0
2021-07-05 02:00:00,-0.0,2188.7999999999997,2160.0,540.0059999999999,1000.0,-0.0,0.0,-0.0,-0.0
2021-07-05 03:00:00,-0.0,2069.69,2160.0,650.7530000000002,1000.0,-0.0,0.0,-0.0,-0.0
2021-07-05 04:00:00,-0.0,1921.64,2160.0,910.887,1000.0,-0.0,0.0,-0.0,-0.0
2021-07-05 05:00:00,321.1451236034773,1757.58,2160.0,963.8028763965231,1000.0,-0.0,0.0,-0.0,-0.0
2021-07-05 06:00:00,896.4437541567861,1593.7,2160.0,800.4402458432139,1000.0,-0.0,0.0,-0.0,-0.0
2021-07-05 07:00:00,1564.6085463271488,1447.23,2160.0,494.96945367285116,1000.0,-0.0,0.0,-0.0,-0.0
2021-07-05 08:00:00,2237.724220097781,1334.1100000000001,2160.0,69.22477990221887,1000.0,-0.0,0.0,-0.0,-0.0
2021-07-05 09:00:00,2843.4088864727437,1266.84,2160.0,-0.0,568.9451135272566,-0.0,0.0,-0.0,-0.0
2021-07-05 10:00:00,3321.8992159347836,1252.6799999999998,2160.0,-0.0,66.05578406521681,-0.0,0.0,-0.0,-0.0
2021-07-05 11:00:00,3627.9255848514385,1292.7,1833.5155308448002,-0.0,-0.0,-0.0,0.0,30.94111569623888,29.394059911426936
2021-07-05 12:00:00,3733.150384663165,1381.47,1632.0046153368348,-0.0,-0.0,-0.0,0.0,100.0,124.3911205054358
2021-07-05 13:00:00,3627.9255848514385,1507.83,1568.3474151485616,-0.0,-0.0,-0.0,0.0,100.0,219.37868139338525
2021-07-05 14:00:00,3321.8992159347836,1656.1899999999998,1744.4147840652167,-0.0,-0.0,-0.0,0.0,100.0,314.3567435252459
2021-07-05 15:00:00,2843.4088864727437,1808.6399999999999,2160.0,-0.0,-0.0,-0.0,0.0,90.18388647274378,400.0
2021-07-05 16:00:00,2237.724220097781,1947.21,2160.0,-0.0,558.4897799022187,-0.0,0.0,-0.0,399.96
2021-07-05 17:00:00,1564.6085463271488,2056.2,2160.0,249.30445367285165,1000.0,-0.0,100.0,-0.0,294.6568461052632
2021-07-05 18:00:00,896.4437541567861,2124.19,2160.0,1042.9182458432133,1000.0,-0.0,100.0,-0.0,189.36422252591586
2021-07-05 19:00:00,321.1451236034773,2145.47,2160.0,1671.6228763965232,1000.0,-0.0,100.0,-0.0,84.08212820892645
2021-07-05 20:00:00,-0.0,2120.71,2160.0,1955.7199660037,1000.0,-0.0,79.87003399630028,-0.0,-0.0
2021-07-05 21:00:00,-0.0,2056.7,2160.0,1897.826,1000.0,-0.0,0.0,-0.0,-0.0
2021-07-05 22:00:00,-0.0,1965.3999999999999,2160.0,1751.0230000000001,1000.0,-0.0,0.0,-0.0,-0.0
2021-07-05 23:00:00,-0.0,1862.1499999999999,2160.0,1654.4190000000008,1000.0,-0.0,0.0,-0.0,-0.0
2021-07-06 00:00:00,-0.0,1759.79,2160.0,1130.8680000000004,1000.0,-0.0,0.0,-0.0,-0.0
2021-07-06 01:00:00,-0.0,1681.26,2160.0,1058.2219999999998,1000.0,-0.0,0.0,-0.0,-0.0
2021-07-06 02:00:00,-0.0,1635.0300000000002,2160.0,1000.5300000000002,1000.0,-0.0,0.0,-0.0,-0.0
2021-07-06 03:00:00,-0.0,1628.26,2160.0,1001.4569999999997,1000.0,-0.0,0.0,-0.0,-0.0
2021-07-06 04:00:00,-0.0,1662.09,2160.0,1082.304,1000.0,-0.0,0.0,-0.0,-0.0
2021-07-06 05:00:00,393.1680736833969,1731.4099999999999,2160.0,832.482926316603,1000.0,-0.0,0.0,-0.0,-0.0
2021-07-06 06:00:00,1105.5566157481665,1825.4799999999998,2160.0,276.81638425183405,1000.0,-0.0,0.0,-0.0,-0.0
2021-07-06 07:00:00,1934.1423489712595,1929.3799999999999,2160.0,-0.0,563.3576510287405,-0.0,0.0,-0.0,-0.0
2021-07-06 08:00:00,2769.4303381607174,2026.01,1928.5596618392824,-0.0,-0.0,-0.0,0.0,-0.0,-0.0
2021-07-06 09:00:00,3521.345481201638,2098.37,1145.350518798362,-0.0,-0.0,-0.0,0.0,-0.0,-0.0
2021-07-06 10:00:00,4115.500782049973,2131.88,482.1182179500265,-0.0,-0.0,-0.0,0.0,-0.0,-0.0
2021-07-06 11:00:00,4495.555208094656,2116.38,64.29986664710759,-0.0,-0.0,-0.0,0.0,21.121074741764055,20.065021004675852
2021-07-06 12:00:00,4626.252293739769,2047.52,7.871706260230894,-0.0,-0.0,-0.0,0.0,100.0,115.06301450257538
2021-07-06 13:00:00,4495.555208094656,1927.43,219.29379190534382,-0.0,-0.0,-0.0,0.0,100.0,210.05150820112513
2021-07-06 14:00:00,4115.500782049973,1764.4599999999998,783.9262179500265,-0.0,-0.0,-0.0,0.0,100.0,305.030503050305
2021-07-06 15:00:00,3521.345481201638,1572.1599999999999,1672.9975187983619,-0.0,-0.0,-0.0,0.0,100.0,400.0
2021-07-06 16:00:00,2769.4303381607174,1367.5,2160.0,-0.0,554.4306618392825,-0.0,0.0,-0.0,399.96
2021-07-06 17:00:00,1934.1423489712595,1168.71,2160.0,718.5386510287401,1000.0,-0.0,100.0,-0.0,294.6568461052632
2021-07-06 18:00:00,1105.5566157481665,992.9,2160.0,1919.7533842518342,1000.0,-0.0,100.0,-0.0,189.36422252591586
2021-07-06 19:00:00,393.1680736833969,853.87,2160.0,2849.2719263166036,1000.0,-0.0,100.0,-0.0,84.08212820892645
2021-07-06 20:00:00,-0.0,760.36,2160.0,3277.5909660036996,1000.0,-0.0,79.87003399630028,-0.0,-0.0
2021-07-06 21:00:00,-0.0,714.9999999999999,2160.0,3204.526,1000.0,-0.0,0.0,-0.0,-0.0
2021-07-06 22:00:00,-0.0,714.06,2160.0,2970.869,1000.0,-0.0,0.0,-0.0,-0.0
2021-07-06 23:00:00,-0.0,748.11,2160.0,2740.4949999999994,1000.0,-0.0,0.0,-0.0,-0.0
2021-07-07 00:00:00,-0.0,799.85,2160.0,2066.65,1000.0,-0.0,0.0,-0.0,-0.0
2021-07-07 01:00:00,-0.0,860.25,2160.0,1858.643,1000.0,-0.0,0.0,-0.0,-0.0
2021-07-07 02:00:00,-0.0,909.63,2160.0,1708.9259999999995,1000.0,-0.0,0.0,-0.0,-0.0
2021-07-07 03:00:00,-0.0,934.1099999999999,2160.0,1682.2000000000007,1000.0,-0.0,0.0,-0.0,-0.0
2021-07-07 04:00:00,-0.0,924.05,2160.0,1810.5439999999999,1000.0,-0.0,0.0,-0.0,-0.0
2021-07-07 05:00:00,452.35586321461795,875.42,2160.0,1623.0971367853817,1000.0,-0.0,0.0,-0.0,-0.0
2021-07-07 06:00:00,1282.061733399772,790.4799999999999,2160.0,1132.739266600228,1000.0,-0.0,0.0,-0.0,-0.0
2021-07-07 07:00:00,2248.616159618374,677.54,2160.0,501.766840381626,1000.0,-0.0,0.0,-0.0,-0.0
2021-07-07 08:00:00,3223.6922907914395,549.87,2160.0,-0.0,795.0937092085605,-0.0,0.0,-0.0,-0.0
2021-07-07 09:00:00,4101.811594425228,424.03000000000003,2160.0,-0.0,87.48640557477302,-0.0,0.0,-0.0,-0.0
2021-07-07 10:00:00,4795.875685967,317.60999999999996,1627.8723140330003,-0.0,-0.0,-0.0,0.0,-0.0,-0.0
2021-07-07 11:00:00,5239.920256695166,300.0,1191.6491769717377,-0.0,-0.0,-0.0,0.0,61.01043366690394,57.95991198355874
2021-07-07 12:00:00,5392.624011053476,300.0,1008.033988946524,-0.0,-0.0,-0.0,0.0,100.0,152.95411599236039
2021-07-07 13:00:00,5239.920256695166,300.0,1124.9237433048338,-0.0,-0.0,-0.0,0.0,100.0,247.93882058076116
2021-07-07 14:00:00,4795.875685967,350.41999999999996,1543.687314033,-0.0,-0.0,-0.0,0.0,100.0,342.9140266987031
2021-07-07 15:00:00,4101.811594425228,494.42,2160.0,-0.0,-0.0,-0.0,0.0,60.12659442522818,400.0
2021-07-07 16:00:00,3223.6922907914395,679.87,2160.0,-0.0,820.8797092085606,-0.0,0.0,-0.0,399.96
2021-07-07 17:00:00,2248.616159618374,891.45,2160.0,717.8538403816265,1000.0,-0.0,100.0,-0.0,294.6568461052632
2021-07-07 18:00:00,1282.061733399772,1111.38,2160.0,1664.7122666002283,1000.0,-0.0,100.0,-0.0,189.36422252591586
2021-07-07 19:00:00,452.35586321461795,1321.82,2160.0,2365.4581367853825,1000.0,-0.0,100.0,-0.0,84.08212820892645
2021-07-07 20:00:00,-0.0,1507.13,2160.0,2577.4849660036994,1000.0,-0.0,79.87003399630028,-0.0,-0.0
2021-07-07 21:00:00,-0.0,1655.9299999999998,2160.0,2313.56,1000.0,-0.0,0.0,-0.0,-0.0
2021-07-07 22:00:00,-0.0,1762.4699999999998,2160.0,1975.6770000000001,1000.0,-0.0,0.0,-0.0,-0.0
2021-07-07 23:00:00,-0.0,1827.3200000000002,2160.0,1717.7109999999998,1000.0,-0.0,0.0,-0.0,-0.0
2021-07-08 00:00:00,-0.0,1853.85,2160.0,1072.4870000000005,1000.0,-0.0,0.0,-0.0,-0.0
2021-07-08 01:00:00,-0.0,1860.38,2160.0,921.4560000000001,1000.0,-0.0,0.0,-0.0,-0.0
2021-07-08 02:00:00,-0.0,1858.71,2160.0,825.8379999999997,1000.0,-0.0,0.0,-0.0,-0.0
2021-07-08 03:00:00,-0.0,1865.13,2160.0,820.1639999999998,1000.0,-0.0,0.0,-0.0,-0.0
2021-07-08 04:00:00,-0.0,1894.72,2160.0,911.7900000000002,1000.0,-0.0,0.0,-0.0,-0.0
2021-07-08 05:00:00,451.7370030145844,1959.29,2160.0,614.630996985416,1000.0,-0.0,0.0,-0.0,-0.0
2021-07-08 06:00:00,1291.245618768272,2065.56,2160.0,-0.0,926.0623812317285,-0.0,0.0,-0.0,-0.0
2021-07-08 07:00:00,2270.8456180035832,2214.18,2160.0,-0.0,23.22138199641722,-0.0,0.0,-0.0,-0.0
2021-07-08 08:00:00,3259.852292279407,2399.5099999999998,1152.2827077205934,-0.0,-0.0,-0.0,0.0,-0.0,-0.0
2021-07-08 09:00:00,4150.9181512979,2610.25,97.74384870209997,-0.0,-0.0,-0.0,0.0,-0.0,-0.0
2021-07-08 10:00:00,4855.416225812241,1974.0447741877597,-0.0,-0.0,-0.0,-0.0,0.0,-0.0,-0.0
2021-07-08 11:00:00,5306.212561322774,1476.0125134189907,-0.0,-0.0,-0.0,-0.0,0.0,21.121074741764055,20.065021004675852
2021-07-08 12:00:00,5461.2494186352105,1332.3175813647895,-0.0,-0.0,-0.0,-0.0,0.0,100.0,115.06301450257538
2021-07-08 13:00:00,5306.212561322774,1453.825438677226,-0.0,-0.0,-0.0,-0.0,0.0,100.0,210.05150820112513
2021-07-08 14:00:00,4855.416225812241,1931.9617741877591,-0.0,-0.0,-0.0,-0.0,0.0,100.0,305.030503050305
2021-07-08 15:00:00,4150.9181512979,2744.6978487020997,-0.0,-0.0,-0.0,-0.0,0.0,100.0,400.0
2021-07-08 16:00:00,3259.852292279407,3497.77,228.36170772059359,-0.0,-0.0,-0.0,0.0,-0.0,399.96
2021-07-08 17:00:00,2270.8456180035832,3435.36,1515.2835883122061,-0.0,-0.0,-0.0,0.0,0.08420631578946756,400.0
2021-07-08 18:00:00,1291.245618768272,3338.9799999999996,2160.0,-0.0,633.2663812317287,-0.0,0.0,-0.0,399.96
2021-07-08 19:00:00,451.7370030145844,3225.0899999999997,2160.0,569.9079969854156,1000.0,-0.0,100.0,-0.0,294.6568461052632
2021-07-08 20:00:00,-0.0,3111.4599999999996,2160.0,1061.7950000000005,1000.0,-0.0,100.0,-0.0,189.36422252591586
2021-07-08 21:00:00,-0.0,3014.77,2160.0,965.065,1000.0,-0.0,100.0,-0.0,84.08212820892645
2021-07-08 22:00:00,-0.0,2948.4300000000003,2160.0,821.6729660036995,1000.0,-0.0,79.87003399630028,-0.0,-0.0
2021-07-08 23:00:00,-0.0,2920.85,2160.0,737.3899999999999,1000.0,-0.0,0.0,-0.0,-0.0
2021-07-09 00:00:00,-0.0,2931.33,2160.0,109.75900000000001,1000.0,-0.0,0.0,-0.0,-0.0
2021-07-09 01:00:00,-0.0,2982.0200000000004,2160.0,-0.0,915.7549999999992,-0.0,0.0,-0.0,-0.0
2021-07-09 02:00:00,-0.0,3060.29,2160.0,-0.0,741.2839999999997,-0.0,0.0,-0.0,-0.0
2021-07-09 03:00:00,-0.0,3152.25,2160.0,-0.0,651.0569999999998,-0.0,0.0,-0.0,-0.0
2021-07-09 04:00:00,-0.0,3241.78,2160.0,-0.0,683.627,-0.0,0.0,-0.0,-0.0
2021-07-09 05:00:00,418.59703930278084,3312.77,2160.0,-0.0,413.9709606972189,-0.0,0.0,-0.0,-0.0
2021-07-09 06:00:00,1207.4705134897129,3351.4,2004.3574865102871,-0.0,-0.0,-0.0,0.0,-0.0,-0.0
2021-07-09 07:00:00,2129.6464747638993,3348.16,1311.3765252361009,-0.0,-0.0,-0.0,0.0,-0.0,-0.0
2021-07-09 08:00:00,3061.439523546609,3299.23,572.3834764533908,-0.0,-0.0,-0.0,0.0,-0.0,-0.0
2021-07-09 09:00:00,3901.3627756343194,3079.3242243656805,-0.0,-0.0,-0.0,-0.0,0.0,-0.0,-0.0
2021-07-09 10:00:00,4565.628748544469,2406.9913261972947,-0.0,-0.0,-0.0,-0.0,0.0,21.121074741764055,20.065021004675852
2021-07-09 11:00:00,4990.748574355605,1992.5514256443948,-0.0,-0.0,-0.0,-0.0,0.0,100.0,115.06301450257538
2021-07-09 12:00:00,5136.972862419563,1778.8421375804364,-0.0,-0.0,-0.0,-0.0,0.0,100.0,210.05150820112513
2021-07-09 13:00:00,4990.748574355605,1891.4844256443948,-0.0,-0.0,-0.0,-0.0,0.0,100.0,305.030503050305
2021-07-09 14:00:00,4565.628748544469,2343.787251455531,-0.0,-0.0,-0.0,-0.0,0.0,100.0,400.0
2021-07-09 15:00:00,3901.3627756343194,2473.32,542.7092243656807,-0.0,-0.0,-0.0,0.0,-0.0,399.96
2021-07-09 16:00:00,3061.439523546609,2462.49,1583.5456827691805,-0.0,-0.0,-0.0,0.0,0.08420631578946756,400.0
2021-07-09 17:00:00,2129.6464747638993,2505.6499999999996,2160.0,-0.0,547.0435252361012,-0.0,0.0,-0.0,399.96
2021-07-09 18:00:00,1207.4705134897129,2598.18,2160.0,478.20148651028717,1000.0,-0.0,100.0,-0.0,294.6568461052632
2021-07-09 19:00:00,418.59703930278084,2729.64,2160.0,1218.177960697219,1000.0,-0.0,100.0,-0.0,189.36422252591586
2021-07-09 20:00:00,-0.0,2885.18,2160.0,1406.9730000000004,1000.0,-0.0,100.0,-0.0,84.08212820892645
2021-07-09 21:00:00,-0.0,3047.5299999999997,2160.0,1070.4479660037,1000.0,-0.0,79.87003399630028,-0.0,-0.0
2021-07-09 22:00:00,-0.0,3199.2799999999997,2160.0,767.719,1000.0,-0.0,0.0,-0.0,-0.0
2021-07-09 23:00:00,-0.0,3325.2599999999998,2160.0,448.9190000000003,1000.0,-0.0,0.0,-0.0,-0.0
2021-07-10 00:00:00,-0.0,3411.6600000000003,2160.0,-0.0,308.288,-0.0,0.0,-0.0,-0.0
2021-07-10 01:00:00,-0.0,3458.7400000000002,2160.0,-0.0,116.60799999999972,-0.0,0.0,-0.0,-0.0
2021-07-10 02:00:00,-0.0,3464.59,2160.0,-0.0,13.173999999999978,-0.0,0.0,-0.0,-0.0
2021-07-10 03:00:00,-0.0,3436.17,2160.0,-0.0,41.84599999999955,-0.0,0.0,-0.0,-0.0
2021-07-10 04:00:00,-0.0,3385.46,2160.0,-0.0,213.08100000000013,-0.0,0.0,-0.0,-0.0
2021-07-10 05:00:00,400.86050596981556,3327.76,2160.0,-0.0,88.1814940301839,-0.0,0.0,-0.0,-0.0
2021-07-10 06:00:00,1167.677802627547,3279.48,1785.7721973724533,-0.0,-0.0,-0.0,0.0,-0.0,-0.0
2021-07-10 07:00:00,2065.780102120423,3255.83,1135.4208978795768,-0.0,-0.0,-0.0,0.0,-0.0,-0.0
2021-07-10 08:00:00,2974.0317088938523,3268.65,356.27729110614746,-0.0,-0.0,-0.0,0.0,-0.0,-0.0
2021-07-10 09:00:00,3793.15506965843,2851.40693034157,-0.0,-0.0,-0.0,-0.0,0.0,-0.0,-0.0
2021-07-10 10:00:00,4441.175962317697,2172.081037682303,-0.0,-0.0,-0.0,-0.0,0.0,-0.0,-0.0
2021-07-10 11:00:00,4855.985577196271,1686.8714228037288,-0.0,-0.0,-0.0,-0.0,0.0,-0.0,-0.0
2021-07-10 12:00:00,4998.676173518037,1495.5339012237268,-0.0,-0.0,-0.0,-0.0,0.0,21.121074741764055,20.065021004675852
2021-07-10 13:00:00,4855.985577196271,1681.1574228037289,-0.0,-0.0,-0.0,-0.0,0.0,100.0,115.06301450257538
2021-07-10 14:00:00,4441.175962317697,2120.706037682303,-0.0,-0.0,-0.0,-0.0,0.0,100.0,210.05150820112513
2021-07-10 15:00:00,3793.15506965843,2874.18393034157,-0.0,-0.0,-0.0,-0.0,0.0,100.0,305.030503050305
2021-07-10 16:00:00,2974.0317088938523,3880.7132911061476,-0.0,-0.0,-0.0,-0.0,0.0,100.0,400.0
2021-07-10 17:00:00,2065.780102120423,4369.1,552.1478978795767,-0.0,-0.0,-0.0,0.0,-0.0,399.96
2021-07-10 18:00:00,1167.677802627547,4364.19,1654.019403688243,-0.0,-0.0,-0.0,0.0,0.08420631578946756,400.0
2021-07-10 19:00:00,400.86050596981556,4303.77,2160.0,-0.0,300.9324940301841,-0.0,100.0,-0.0,294.69684210526316
2021-07-10 20:00:00,-0.0,4195.29,2160.0,-0.0,733.1419999999998,-0.0,100.0,-0.0,189.4042145263158
2021-07-10 21:00:00,-0.0,4051.3700000000003,2160.0,-0.0,679.8249999999994,-0.0,100.0,-0.0,84.12211621012632
2021-07-10 22:00:00,-0.0,3888.15,2160.0,-0.0,629.2969812014194,-0.0,79.90801879858006,-0.0,-0.0
2021-07-10 23:00:00,-0.0,3723.05,2160.0,-0.0,678.4349999999995,-0.0,0.0,-0.0,-0.0
2021-07-11 00:00:00,-0.0,3569.83,2160.0,-0.0,210.72500000000036,-0.0,0.0,-0.0,-0.0
2021-07-11 01:00:00,-0.0,3446.7999999999997,2160.0,-0.0,185.99699999999984,-0.0,0.0,-0.0,-0.0
2021-07-11 02:00:00,-0.0,3359.5199999999995,2160.0,-0.0,172.4860000000008,-0.0,0.0,-0.0,-0.0
2021-07-11 03:00:00,-0.0,3310.09,2160.0,-0.0,218.91399999999976,-0.0,0.0,-0.0,-0.0
2021-07-11 04:00:00,-0.0,3294.37,2160.0,-0.0,351.8590000000004,-0.0,0.0,-0.0,-0.0
2021-07-11 05:00:00,392.8277005733784,3302.62,2160.0,-0.0,165.70229942662132,-0.0,0.0,-0.0,-0.0
2021-07-11 06:00:00,1156.3093407529284,3320.8500000000004,1796.7386592470714,-0.0,-0.0,-0.0,0.0,-0.0,-0.0
2021-07-11 07:00:00,2052.319892769691,3332.8799999999997,1109.3841072303094,-0.0,-0.0,-0.0,0.0,-0.0,-0.0
2021-07-11 08:00:00,2959.28427032705,3322.58,351.1987296729503,-0.0,-0.0,-0.0,0.0,-0.0,-0.0
2021-07-11 09:00:00,3777.695941861589,2897.491058138411,-0.0,-0.0,-0.0,-0.0,0.0,-0.0,-0.0
2021-07-11 10:00:00,4425.3702728088365,2236.127801932928,-0.0,-0.0,-0.0,-0.0,0.0,21.121074741764055,20.065021004675852
2021-07-11 11:00:00,4840.037549841404,1826.4084501585958,-0.0,-0.0,-0.0,-0.0,0.0,100.0,115.06301450257538
2021-07-11 12:00:00,4982.6910145511665,1610.435985448834,-0.0,-0.0,-0.0,-0.0,0.0,100.0,210.05150820112513
2021-07-11 13:00:00,4840.037549841404,1713.5734501585957,-0.0,-0.0,-0.0,-0.0,0.0,100.0,305.030503050305
2021-07-11 14:00:00,4425.3702728088365,2149.394727191164,-0.0,-0.0,-0.0,-0.0,0.0,100.0,400.0
2021-07-11 15:00:00,3777.695941861589,2126.54,672.3890581384112,-0.0,-0.0,-0.0,0.0,-0.0,399.96
2021-07-11 16:00:00,2959.28427032705,1883.39,1917.8339359887395,-0.0,-0.0,-0.0,0.0,0.08420631578946756,400.0
2021-07-11 17:00:00,2052.319892769691,1669.48,2160.0,7.295107230309441,1000.0,-0.0,100.0,-0.0,294.69684210526316
2021-07-11 18:00:00,1156.3093407529284,1498.61,2160.0,1269.3356592470718,1000.0,-0.0,100.0,-0.0,189.4042145263158
2021-07-11 19:00:00,392.8277005733784,1379.38,2160.0,2228.1912994266218,1000.0,-0.0,100.0,-0.0,84.12211621012632
2021-07-11 20:00:00,-0.0,1314.2,2160.0,2625.54798120142,1000.0,-0.0,79.90801879858006,-0.0,-0.0
2021-07-11 21:00:00,-0.0,1299.02,2160.0,2519.793,1000.0,-0.0,0.0,-0.0,-0.0
2021-07-11 22:00:00,-0.0,1323.9899999999998,2160.0,2257.385,1000.0,-0.0,0.0,-0.0,-0.0
2021-07-11 23:00:00,-0.0,1374.83,2160.0,2007.0910000000003,1000.0,-0.0,0.0,-0.0,-0.0
2021-07-12 00:00:00,-0.0,1432.52,2160.0,1761.306,1000.0,-0.0,0.0,-0.0,-0.0
2021-07-12 01:00:00,-0.0,1484.9699999999998,2160.0,1557.547,1000.0,-0.0,0.0,-0.0,-0.0
2021-07-12 02:00:00,-0.0,1515.2099999999998,2160.0,1422.9859999999999,1000.0,-0.0,0.0,-0.0,-0.0
2021-07-12 03:00:00,-0.0,1512.84,2160.0,1418.8469999999998,1000.0,-0.0,0.0,-0.0,-0.0
2021-07-12 04:00:00,-0.0,1473.0099999999998,2160.0,1572.4240000000004,1000.0,-0.0,0.0,-0.0,-0.0
2021-07-12 05:00:00,353.62909550324514,1397.15,2160.0,1506.1269044967548,1000.0,-0.0,0.0,-0.0,-0.0
2021-07-12 06:00:00,1052.6378800432865,1292.69,2160.0,1160.9111199567133,1000.0,-0.0,0.0,-0.0,-0.0
2021-07-12 07:00:00,1874.7379583700265,1172.0700000000002,2160.0,676.7380416299736,1000.0,-0.0,0.0,-0.0,-0.0
2021-07-12 08:00:00,2707.705221809358,1050.98,2160.0,99.99877819064204,1000.0,-0.0,0.0,-0.0,-0.0
2021-07-12 09:00:00,3459.762702696287,946.18,2160.0,-0.0,491.5662973037133,-0.0,0.0,-0.0,-0.0
2021-07-12 10:00:00,4055.137158138688,873.1700000000001,2112.257916603077,-0.0,-0.0,-0.0,0.0,21.121074741764055,20.065021004675852
2021-07-12 11:00:00,4436.404550175437,844.0400000000001,1761.8614498245624,-0.0,-0.0,-0.0,0.0,100.0,115.06301450257538
2021-07-12 12:00:00,4567.584346776576,865.6899999999999,1532.5546532234239,-0.0,-0.0,-0.0,0.0,100.0,210.05150820112513
2021-07-12 13:00:00,4436.404550175437,938.8399999999999,1547.9644498245625,-0.0,-0.0,-0.0,0.0,100.0,305.030503050305
2021-07-12 14:00:00,4055.137158138688,1057.81,1828.3658418613127,-0.0,-0.0,-0.0,0.0,100.0,400.0
2021-07-12 15:00:00,3459.762702696287,1211.18,2160.0,-0.0,109.23829730371244,-0.0,0.0,-0.0,399.96
2021-07-12 16:00:00,2707.705221809358,1383.19,2160.0,-0.0,870.1537781906418,-0.0,0.0,-0.0,399.920004
2021-07-12 17:00:00,1874.7379583700265,1555.82,2160.0,656.2930416299735,1000.0,-0.0,100.0,-0.0,294.6168541048632
2021-07-12 18:00:00,1052.6378800432865,1711.0,2160.0,1515.570119956713,1000.0,-0.0,100.0,-0.0,189.3242345247159
2021-07-12 19:00:00,353.62909550324514,1833.05,2160.0,2165.936904496755,1000.0,-0.0,100.0,-0.0,84.0421442065266
2021-07-12 20:00:00,-0.0,1910.5800000000002,2160.0,2378.7949470074996,1000.0,-0.0,79.83205299250066,-0.0,-0.0
2021-07-12 21:00:00,-0.0,1937.98,2160.0,2227.7900000000004,1000.0,-0.0,0.0,-0.0,-0.0
2021-07-12 22:00:00,-0.0,1916.07,2160.0,2009.7430000000004,1000.0,-0.0,0.0,-0.0,-0.0
2021-07-12 23:00:00,-0.0,1851.86,2160.0,1872.0560000000005,1000.0,-0.0,0.0,-0.0,-0.0
2021-07-13 00:00:00,-0.0,1755.43,2160.0,1342.1359999999995,1000.0,-0.0,0.0,-0.0,-0.0
2021-07-13 01:00:00,-0.0,1646.67,2160.0,1297.304,1000.0,-0.0,0.0,-0.0,-0.0
2021-07-13 02:00:00,-0.0,1540.3700000000001,2160.0,1297.0810000000001,1000.0,-0.0,0.0,-0.0,-0.0
2021-07-13 03:00:00,-0.0,1452.38,2160.0,1376.446,1000.0,-0.0,0.0,-0.0,-0.0
2021-07-13 04:00:00,-0.0,1395.2800000000002,2160.0,1545.2620000000002,1000.0,-0.0,0.0,-0.0,-0.0
2021-07-13 05:00:00,284.5085997614835,1376.69,2160.0,1488.8724002385165,1000.0,-0.0,0.0,-0.0,-0.0
2021-07-13 06:00:00,857.047113822642,1398.2,2160.0,1142.3038861773584,1000.0,-0.0,0.0,-0.0,-0.0
2021-07-13 07:00:00,1531.938916367371,1455.14,2160.0,626.016083632629,1000.0,-0.0,0.0,-0.0,-0.0
2021-07-13 08:00:00,2216.4539950226235,1537.24,2160.0,-0.0,992.870004977377,-0.0,0.0,-0.0,-0.0
2021-07-13 09:00:00,2834.8500499062775,1630.0700000000002,2160.0,-0.0,318.89395009372265,-0.0,0.0,-0.0,-0.0
2021-07-13 10:00:00,3324.5912578049306,1716.9599999999998,1883.8378169368339,-0.0,-0.0,-0.0,0.0,21.121074741764055,20.065021004675852
2021-07-13 11:00:00,3638.2853046000023,1781.36,1506.1006953999981,-0.0,-0.0,-0.0,0.0,100.0,115.06301450257538
2021-07-13 12:00:00,3746.2207120878766,1809.12,1292.643287912124,-0.0,-0.0,-0.0,0.0,100.0,210.05150820112513
2021-07-13 13:00:00,3638.2853046000023,1790.48,1375.4106953999976,-0.0,-0.0,-0.0,0.0,100.0,305.030503050305
2021-07-13 14:00:00,3324.5912578049306,1721.46,1775.1417421950696,-0.0,-0.0,-0.0,0.0,100.0,400.0
2021-07-13 15:00:00,2834.8500499062775,1604.51,2160.0,-0.0,219.7139500937219,-0.0,0.0,-0.0,399.96
2021-07-13 16:00:00,2216.4539950226235,1448.2800000000002,2160.0,74.32300497737606,1000.0,-0.0,100.0,-0.0,294.6568461052632
2021-07-13 17:00:00,1531.938916367371,1266.54,2160.0,1165.5980836326294,1000.0,-0.0,100.0,-0.0,189.36422252591586
2021-07-13 18:00:00,857.047113822642,1076.48,2160.0,2222.2268861773573,1000.0,-0.0,100.0,-0.0,84.08212820892645
2021-07-13 19:00:00,284.5085997614835,896.46,2160.0,3067.7473662422167,1000.0,-0.0,79.87003399630028,-0.0,-0.0
2021-07-13 20:00:00,-0.0,743.6800000000001,2160.0,3501.0249999999996,1000.0,-0.0,0.0,-0.0,-0.0
2021-07-13 21:00:00,-0.0,631.96,2160.0,3408.941,1000.0,-0.0,0.0,-0.0,-0.0
2021-07-13 22:00:00,-0.0,570.02,2160.0,3230.661,1000.0,-0.0,0.0,-0.0,-0.0
2021-07-13 23:00:00,-0.0,560.38,2160.0,3038.246,1000.0,-0.0,0.0,-0.0,-0.0
2021-07-14 00:00:00,-0.0,597.31,2160.0,2375.172,1000.0,-0.0,0.0,-0.0,-0.0
2021-07-14 01:00:00,-0.0,674.93,2160.0,2144.012,1000.0,-0.0,0.0,-0.0,-0.0
2021-07-14 02:00:00,-0.0,777.34,2160.0,1935.237,1000.0,-0.0,0.0,-0.0,-0.0
2021-07-14 03:00:00,-0.0,888.1500000000001,2160.0,1816.0639999999999,1000.0,-0.0,0.0,-0.0,-0.0
2021-07-14 04:00:00,-0.0,990.8599999999999,2160.0,1825.438,1000.0,-0.0,0.0,-0.0,-0.0
2021-07-14 05:00:00,240.8480126491074,1071.19,2160.0,1714.2609873508927,1000.0,-0.0,0.0,-0.0,-0.0
2021-07-14 06:00:00,734.81603571399,1119.06,2160.0,1420.4789642860096,1000.0,-0.0,0.0,-0.0,-0.0
2021-07-14 07:00:00,1318.4940333757547,1129.99,2160.0,1042.0949666242452,1000.0,-0.0,0.0,-0.0,-0.0
2021-07-14 08:00:00,1911.126938132007,1105.72,2160.0,607.9830618679928,1000.0,-0.0,0.0,-0.0,-0.0
2021-07-14 09:00:00,2446.855647495162,1054.06,2160.0,162.04935250483823,1000.0,-0.0,0.0,-0.0,-0.0
2021-07-14 10:00:00,2871.294727086261,987.74,2160.0,-0.0,765.3712729137392,-0.0,0.0,-0.0,-0.0
2021-07-14 11:00:00,3143.22189898106,922.78,2160.0,-0.0,480.9691010189399,-0.0,0.0,-0.0,-0.0
2021-07-14 12:00:00,3236.7997498281525,876.22,2160.0,-0.0,357.376250171847,-0.0,0.0,-0.0,-0.0
2021-07-14 13:00:00,3143.22189898106,863.83,2160.0,-0.0,420.82210101894,-0.0,0.0,-0.0,-0.0
2021-07-14 14:00:00,2871.294727086261,897.92,2160.0,-0.0,677.0602729137386,-0.0,0.0,-0.0,-0.0
2021-07-14 15:00:00,2446.855647495162,985.58,2160.0,113.20035250483852,1000.0,-0.0,0.0,-0.0,-0.0
2021-07-14 16:00:00,1911.126938132007,1127.6799999999998,2160.0,688.388061867993,1000.0,-0.0,0.0,-0.0,-0.0
2021-07-14 17:00:00,1318.4940333757547,1318.63,2160.0,1316.759966624245,1000.0,-0.0,0.0,-0.0,-0.0
2021-07-14 18:00:00,734.81603571399,1547.0700000000002,2160.0,1865.4369642860102,1000.0,-0.0,0.0,-0.0,-0.0
2021-07-14 19:00:00,240.8480126491074,1797.26,2160.0,2183.9009873508926,1000.0,-0.0,0.0,-0.0,-0.0
2021-07-14 20:00:00,-0.0,2051.09,2160.0,2088.9809999999998,1000.0,-0.0,0.0,-0.0,-0.0
2021-07-14 21:00:00,-0.0,2290.44,2160.0,1647.8569999999995,1000.0,-0.0,0.0,-0.0,-0.0
2021-07-14 22:00:00,-0.0,2499.42,2160.0,1200.7740000000003,1000.0,-0.0,0.0,-0.0,-0.0
2021-07-14 23:00:00,-0.0,2666.4700000000003,2160.0,833.8699999999999,1000.0,-0.0,0.0,-0.0,-0.0
2021-07-15 00:00:00,-0.0,2784.06,2160.0,92.67800000000034,1000.0,-0.0,0.0,-0.0,-0.0
2021-07-15 01:00:00,-0.0,2856.0,2160.0,-0.0,869.5619999999999,-0.0,0.0,-0.0,-0.0
2021-07-15 02:00:00,-0.0,2887.2799999999997,2160.0,-0.0,734.3600000000006,-0.0,0.0,-0.0,-0.0
2021-07-15 03:00:00,-0.0,2889.7200000000003,2160.0,-0.0,726.0769999999993,-0.0,0.0,-0.0,-0.0
2021-07-15 04:00:00,-0.0,2878.51,2160.0,-0.0,851.9650000000001,-0.0,0.0,-0.0,-0.0
2021-07-15 05:00:00,258.2874930860565,2870.09,2160.0,-0.0,814.763506913943,-0.0,0.0,-0.0,-0.0
2021-07-15 06:00:00,798.76286018347,2879.8,2160.0,-0.0,515.3701398165298,-0.0,0.0,-0.0,-0.0
2021-07-15 07:00:00,1439.0294345363147,2919.7099999999996,2160.0,-0.0,54.22156546368592,-0.0,0.0,-0.0,-0.0
2021-07-15 08:00:00,2089.859952503734,2996.85,1623.3700474962661,-0.0,-0.0,-0.0,0.0,-0.0,-0.0
2021-07-15 09:00:00,2678.5692835917725,3112.26,960.3177164082272,-0.0,-0.0,-0.0,0.0,-0.0,-0.0
2021-07-15 10:00:00,3145.1836858151664,3260.71,309.68531418483326,-0.0,-0.0,-0.0,0.0,-0.0,-0.0
2021-07-15 11:00:00,3444.1983686654394,3275.7754821357394,-0.0,-0.0,-0.0,-0.0,0.0,78.77885080117909,74.83990826112013
2021-07-15 12:00:00,3547.1148199310405,3120.6091800689596,-0.0,-0.0,-0.0,-0.0,0.0,100.0,169.832424270294
2021-07-15 13:00:00,3444.1983686654394,3184.160631334561,-0.0,-0.0,-0.0,-0.0,0.0,100.0,264.815441027867
2021-07-15 14:00:00,3145.1836858151664,3504.7843141848334,-0.0,-0.0,-0.0,-0.0,0.0,100.0,359.7889594837642
2021-07-15 15:00:00,2678.5692835917725,4016.38,-0.0,-0.0,-0.0,-0.0,0.0,42.36528359177282,400.0
2021-07-15 16:00:00,2089.859952503734,4063.1600000000003,684.4220474962658,-0.0,-0.0,-0.0,0.0,-0.0,399.96
2021-07-15 17:00:00,1439.0294345363147,4053.48,1575.0457717794745,-0.0,-0.0,-0.0,0.0,0.08420631578946756,400.0
2021-07-15 18:00:00,798.76286018347,3989.37,2160.0,-0.0,316.15713981653005,-0.0,0.0,-0.0,399.96
2021-07-15 19:00:00,258.2874930860565,3879.1,2160.0,-0.0,1000.0,-0.0,45.00350691394323,-0.0,352.54789145900713
2021-07-15 20:00:00,-0.0,3736.16,2160.0,267.741,1000.0,-0.0,100.0,-0.0,247.24947877512443
2021-07-15 21:00:00,-0.0,3577.46,2160.0,228.14699999999993,1000.0,-0.0,100.0,-0.0,141.96159593251008
2021-07-15 22:00:00,-0.0,3421.16,2160.0,149.84900000000016,1000.0,-0.0,100.0,-0.0,36.68424187818
2021-07-15 23:00:00,-0.0,3284.31,2160.0,155.5294552187072,1000.0,-0.0,34.84654478129258,-0.0,-0.0
2021-07-16 00:00:00,-0.0,3179.24,2160.0,-0.0,675.6540000000005,-0.0,0.0,-0.0,-0.0
2021-07-16 01:00:00,-0.0,3117.4800000000005,2160.0,-0.0,589.8079999999991,-0.0,0.0,-0.0,-0.0
2021-07-16 02:00:00,-0.0,3100.17,2160.0,-0.0,506.77999999999975,-0.0,0.0,-0.0,-0.0
2021-07-16 03:00:00,-0.0,3123.57,2160.0,-0.0,481.13399999999956,-0.0,0.0,-0.0,-0.0
2021-07-16 04:00:00,-0.0,3178.17,2160.0,-0.0,544.8180000000002,-0.0,0.0,-0.0,-0.0
2021-07-16 05:00:00,304.4606526105693,3250.19,2160.0,-0.0,384.6173473894307,-0.0,0.0,-0.0,-0.0
2021-07-16 06:00:00,955.2416617619859,3323.4900000000002,2074.943338238014,-0.0,-0.0,-0.0,0.0,-0.0,-0.0
2021-07-16 07:00:00,1728.2475604200542,3381.92,1466.150439579946,-0.0,-0.0,-0.0,0.0,-0.0,-0.0
2021-07-16 08:00:00,2514.9364581008676,3411.56,790.5535418991326,-0.0,-0.0,-0.0,0.0,-0.0,-0.0
2021-07-16 09:00:00,3227.034135871621,3402.73,131.958864128379,-0.0,-0.0,-0.0,0.0,-0.0,-0.0
2021-07-16 10:00:00,3791.68218238235,2996.110475595331,-0.0,-0.0,-0.0,-0.0,0.0,58.040657977680866,55.13862507879682
2021-07-16 11:00:00,4153.616381770047,2605.3366182299533,-0.0,-0.0,-0.0,-0.0,0.0,100.0,150.13311121628894
2021-07-16 12:00:00,4278.1991286388275,2410.852871361172,-0.0,-0.0,-0.0,-0.0,0.0,100.0,245.1180979051673
2021-07-16 13:00:00,4153.616381770047,2499.6226182299524,-0.0,-0.0,-0.0,-0.0,0.0,100.0,340.0935860953768
2021-07-16 14:00:00,3791.6821823823507,2849.79,-0.0,-0.0,-0.0,-0.0,0.0,63.09518238235023,400.0
2021-07-16 15:00:00,3227.034135871621,2720.96,736.5048641283788,-0.0,-0.0,-0.0,0.0,-0.0,399.96
2021-07-16 16:00:00,2514.9364581008676,2623.95,1734.0337482149225,-0.0,-0.0,-0.0,0.0,0.08420631578946756,400.0
2021-07-16 17:00:00,1728.2475604200542,2571.6,2160.0,-0.0,646.4664395799462,-0.0,0.0,-0.0,399.96
2021-07-16 18:00:00,955.2416617619859,2571.56,2160.0,519.7463382380138,1000.0,-0.0,100.0,-0.0,294.6568461052632
2021-07-16 19:00:00,304.4606526105693,2625.21,2160.0,1198.3573473894307,1000.0,-0.0,100.0,-0.0,189.36422252591586
2021-07-16 20:00:00,-0.0,2727.4900000000002,2160.0,1325.3889999999997,1000.0,-0.0,100.0,-0.0,84.08212820892645
2021-07-16 21:00:00,-0.0,2867.49,2160.0,1010.5239660037,1000.0,-0.0,79.87003399630028,-0.0,-0.0
2021-07-16 22:00:00,-0.0,3029.9300000000003,2160.0,696.6109999999999,1000.0,-0.0,0.0,-0.0,-0.0
2021-07-16 23:00:00,-0.0,3197.1,2160.0,336.3250000000003,1000.0,-0.0,0.0,-0.0,-0.0
2021-07-17 00:00:00,-0.0,3350.0400000000004,2160.0,-0.0,130.85999999999922,-0.0,0.0,-0.0,-0.0
2021-07-17 01:00:00,-0.0,3475.57,2020.8290000000002,-0.0,-0.0,-0.0,0.0,-0.0,-0.0
2021-07-17 02:00:00,-0.0,3561.2,1837.911,-0.0,-0.0,-0.0,0.0,-0.0,-0.0
2021-07-17 03:00:00,-0.0,3601.2699999999995,1798.5870000000004,-0.0,-0.0,-0.0,0.0,-0.0,-0.0
2021-07-17 04:00:00,-0.0,3596.46,1924.6130000000003,-0.0,-0.0,-0.0,0.0,-0.0,-0.0
2021-07-17 05:00:00,327.0923701258009,3553.54,1859.5876298741994,-0.0,-0.0,-0.0,0.0,-0.0,-0.0
2021-07-17 06:00:00,1042.1420110507152,3484.36,1470.9289889492843,-0.0,-0.0,-0.0,0.0,-0.0,-0.0
2021-07-17 07:00:00,1893.891681561069,3404.14,924.7783184389316,-0.0,-0.0,-0.0,0.0,-0.0,-0.0
2021-07-17 08:00:00,2761.7936032923017,3329.29,275.124396707698,-0.0,-0.0,-0.0,0.0,-0.0,-0.0
2021-07-17 09:00:00,3547.968847007087,2865.5051529929133,-0.0,-0.0,-0.0,-0.0,0.0,-0.0,-0.0
2021-07-17 10:00:00,4171.6314021930275,2212.392597806973,-0.0,-0.0,-0.0,-0.0,0.0,-0.0,-0.0
2021-07-17 11:00:00,4571.50173184279,1765.2863428989745,-0.0,-0.0,-0.0,-0.0,0.0,21.121074741764055,20.065021004675852
2021-07-17 12:00:00,4709.15480613628,1638.97519386372,-0.0,-0.0,-0.0,-0.0,0.0,100.0,115.06301450257538
2021-07-17 13:00:00,4571.50173184279,1743.0992681572097,-0.0,-0.0,-0.0,-0.0,0.0,100.0,210.05150820112513
2021-07-17 14:00:00,4171.6314021930275,2170.3095978069723,-0.0,-0.0,-0.0,-0.0,0.0,100.0,305.030503050305
2021-07-17 15:00:00,3547.968847007087,2902.210152992913,-0.0,-0.0,-0.0,-0.0,0.0,100.0,400.0
2021-07-17 16:00:00,2761.7936032923017,3777.71,1.043396707697866,-0.0,-0.0,-0.0,0.0,-0.0,399.96
2021-07-17 17:00:00,1893.891681561069,3866.3599999999997,1015.7163184389312,-0.0,-0.0,-0.0,0.0,-0.0,399.920004
2021-07-17 18:00:00,1042.1420110507152,3913.33,2022.709292107601,-0.0,-0.0,-0.0,0.0,0.12630315831577385,400.0
2021-07-17 19:00:00,327.0923701258009,3908.02,2160.0,-0.0,566.1846298741987,-0.0,100.0,-0.0,294.69684210526316
2021-07-17 20:00:00,-0.0,3845.69,2160.0,-0.0,882.1280000000002,-0.0,100.0,-0.0,189.4042145263158
2021-07-17 21:00:00,-0.0,3728.05,2160.0,-0.0,806.348,-0.0,100.0,-0.0,84.12211621012632
2021-07-17 22:00:00,-0.0,3563.0699999999997,2160.0,-0.0,840.0116727013608,-0.0,1.4543272986395828,-0.0,82.58283315783207
2021-07-17 23:00:00,-0.0,3363.93,2160.0,-0.0,848.873,-0.0,0.0,-0.0,82.57457487451629
2021-07-18 00:00:00,-0.0,3146.34,2160.0,-0.0,451.6309999999994,-0.0,0.0,-0.0,82.56631741702884
2021-07-18 01:00:00,-0.0,2930.15,2160.0,-0.0,524.5070000000001,-0.0,0.0,-0.0,82.55806078528714
2021-07-18 02:00:00,-0.0,2731.2599999999998,2160.0,-0.0,627.1970000000006,-0.0,0.0,-0.0,82.54980497920862
2021-07-18 03:00:00,-0.0,2563.2700000000004,2160.0,-0.0,796.9189999999999,-0.0,0.0,-0.0,82.54154999871069
2021-07-18 04:00:00,-0.0,2434.78,2160.0,-0.0,1000.0,-0.0,47.50999999999976,-0.0,32.522769527921604
2021-07-18 05:00:00,323.0264586115797,2348.3,2160.0,-0.0,1000.0,-0.0,30.893541388420374,-0.0,-0.0
2021-07-18 06:00:00,1046.1522251469335,2300.0699999999997,2160.0,-0.0,613.8887748530667,-0.0,0.0,-0.0,-0.0
2021-07-18 07:00:00,1910.099630199951,2280.65,2155.3153698000488,-0.0,-0.0,-0.0,0.0,-0.0,-0.0
2021-07-18 08:00:00,2791.5731561179223,2276.35,1422.0118438820787,-0.0,-0.0,-0.0,0.0,-0.0,-0.0
2021-07-18 09:00:00,3590.639257799409,2271.19,675.739742200592,-0.0,-0.0,-0.0,0.0,-0.0,-0.0
2021-07-18 10:00:00,4224.822436385923,2249.2000000000003,34.358563614077866,-0.0,-0.0,-0.0,0.0,-0.0,-0.0
2021-07-18 11:00:00,4631.549737052057,1908.6322629479428,-0.0,-0.0,-0.0,-0.0,0.0,100.0,95.0
2021-07-18 12:00:00,4771.585423115678,1701.1125768843222,-0.0,-0.0,-0.0,-0.0,0.0,100.0,189.9905
2021-07-18 13:00:00,4631.549737052057,1807.566262947943,-0.0,-0.0,-0.0,-0.0,0.0,100.0,284.97150095
2021-07-18 14:00:00,4224.822436385923,1791.8600000000001,370.7602996671303,-0.0,-0.0,-0.0,0.0,21.144736053052647,305.030503050305
2021-07-18 15:00:00,3590.639257799409,1582.9499999999998,1400.6847422005917,-0.0,-0.0,-0.0,0.0,100.0,400.0
2021-07-18 16:00:00,2791.5731561179223,1355.6299999999999,2160.0,-0.0,357.07084388207795,-0.0,0.0,-0.0,399.96
2021-07-18 17:00:00,1910.099630199951,1126.93,2160.0,602.1933698000487,1000.0,-0.0,100.0,-0.0,294.6568461052632
2021-07-18 18:00:00,1046.1522251469335,914.9699999999999,2160.0,1879.611774853067,1000.0,-0.0,100.0,-0.0,189.36422252591586
2021-07-18 19:00:00,323.0264586115797,736.61,2160.0,2863.6605413884204,1000.0,-0.0,100.0,-0.0,84.08212820892645
2021-07-18 20:00:00,-0.0,605.26,2160.0,3263.904966003699,1000.0,-0.0,79.87003399630028,-0.0,-0.0
2021-07-18 21:00:00,-0.0,529.1,2160.0,3225.629999999999,1000.0,-0.0,0.0,-0.0,-0.0
2021-07-18 22:00:00,-0.0,510.08,2160.0,3013.8010000000004,1000.0,-0.0,0.0,-0.0,-0.0
2021-07-18 23:00:00,-0.0,543.66,2160.0,2787.402,1000.0,-0.0,0.0,-0.0,-0.0
2021-07-19 00:00:00,-0.0,618.77,2160.0,2532.6789999999996,1000.0,-0.0,0.0,-0.0,-0.0
2021-07-19 01:00:00,-0.0,722.0300000000001,2160.0,2284.819,1000.0,-0.0,0.0,-0.0,-0.0
2021-07-19 02:00:00,-0.0,835.5400000000001,2160.0,2073.7250000000004,1000.0,-0.0,0.0,-0.0,-0.0
2021-07-19 03:00:00,-0.0,941.95,2160.0,1967.567,1000.0,-0.0,0.0,-0.0,-0.0
2021-07-19 04:00:00,-0.0,1026.1399999999999,2160.0,2003.9020000000005,1000.0,-0.0,0.0,-0.0,-0.0
2021-07-19 05:00:00,326.7767514237838,1077.1699999999998,2160.0,1844.3562485762159,1000.0,-0.0,0.0,-0.0,-0.0
2021-07-19 06:00:00,1076.8600682726046,1089.71,2160.0,1337.860931727395,1000.0,-0.0,0.0,-0.0,-0.0
2021-07-19 07:00:00,1975.841149249529,1064.71,2160.0,687.9808507504711,1000.0,-0.0,0.0,-0.0,-0.0
2021-07-19 08:00:00,2894.3039493235133,1009.1600000000001,2160.0,-0.0,966.9960506764869,-0.0,0.0,-0.0,-0.0
2021-07-19 09:00:00,3727.54969985286,935.0799999999999,2160.0,-0.0,253.43330014714002,-0.0,0.0,-0.0,-0.0
2021-07-19 10:00:00,4389.179328310867,857.79,1818.909746430897,-0.0,-0.0,-0.0,0.0,21.121074741764055,20.065021004675852
2021-07-19 11:00:00,4813.630785105966,793.73,1466.9972148940342,-0.0,-0.0,-0.0,0.0,100.0,115.06301450257538
2021-07-19 12:00:00,4959.793187149921,758.1400000000001,1286.6568128500785,-0.0,-0.0,-0.0,0.0,100.0,210.05150820112513
2021-07-19 13:00:00,4813.630785105966,762.86,1392.1532148940341,-0.0,-0.0,-0.0,0.0,100.0,305.030503050305
2021-07-19 14:00:00,4389.179328310867,814.64,1789.5636716891322,-0.0,-0.0,-0.0,0.0,100.0,400.0
2021-07-19 15:00:00,3727.54969985286,914.07,2160.0,-0.0,197.22030014713982,-0.0,0.0,-0.0,399.96
2021-07-19 16:00:00,2894.3039493235133,1055.4099999999999,2160.0,-0.0,1000.0,-0.0,76.53205067648696,-0.0,319.35995065632954
2021-07-19 17:00:00,1975.841149249529,1227.25,2160.0,955.4378507504716,1000.0,-0.0,100.0,-0.0,214.0648567665271
2021-07-19 18:00:00,1076.8600682726046,1413.8999999999999,2160.0,1866.5439317273958,1000.0,-0.0,100.0,-0.0,108.7802923861136
2021-07-19 19:00:00,326.7767514237838,1597.4099999999999,2160.0,2512.8772485762165,1000.0,-0.0,100.0,-0.0,3.506256462138154
2021-07-19 20:00:00,-0.0,1759.92,2160.0,2696.6823894553327,1000.0,-0.0,3.3306105446673437,-0.0,-0.0
2021-07-19 21:00:00,-0.0,1885.93,2160.0,2376.767,1000.0,-0.0,0.0,-0.0,-0.0
2021-07-19 22:00:00,-0.0,1964.33,2160.0,2064.526,1000.0,-0.0,0.0,-0.0,-0.0
2021-07-19 23:00:00,-0.0,1989.82,2160.0,1843.1660000000002,1000.0,-0.0,0.0,-0.0,-0.0
2021-07-20 00:00:00,-0.0,1963.0900000000001,2160.0,1251.2889999999998,1000.0,-0.0,0.0,-0.0,-0.0
2021-07-20 01:00:00,-0.0,1892.48,2160.0,1174.1420000000003,1000.0,-0.0,0.0,-0.0,-0.0
2021-07-20 02:00:00,-0.0,1790.13,2160.0,1175.6999999999998,1000.0,-0.0,0.0,-0.0,-0.0
2021-07-20 03:00:00,-0.0,1672.1,2160.0,1290.7280000000005,1000.0,-0.0,0.0,-0.0,-0.0
2021-07-20 04:00:00,-0.0,1555.77,2160.0,1524.284,1000.0,-0.0,0.0,-0.0,-0.0
2021-07-20 05:00:00,344.4080785227433,1457.43,2160.0,1493.1359214772565,1000.0,-0.0,0.0,-0.0,-0.0
2021-07-20 06:00:00,1156.1855687129216,1390.15,2160.0,1001.386431287078,1000.0,-0.0,0.0,-0.0,-0.0
2021-07-20 07:00:00,2132.332328032045,1361.9999999999998,2160.0,274.07567196795526,1000.0,-0.0,0.0,-0.0,-0.0
2021-07-20 08:00:00,3131.042730244397,1375.0200000000002,2160.0,-0.0,400.8242697556025,-0.0,0.0,-0.0,-0.0
2021-07-20 09:00:00,4037.8276383437455,1424.97,1646.214361656254,-0.0,-0.0,-0.0,0.0,-0.0,-0.0
2021-07-20 10:00:00,4758.21185419295,1502.01,813.9791458070495,-0.0,-0.0,-0.0,0.0,-0.0,-0.0
2021-07-20 11:00:00,5220.494235016109,1592.07,208.8268397256561,-0.0,-0.0,-0.0,0.0,21.121074741764055,20.065021004675852
2021-07-20 12:00:00,5379.702210076773,1647.2487899232274,-0.0,-0.0,-0.0,-0.0,0.0,100.0,115.06301450257538
2021-07-20 13:00:00,5220.494235016109,1746.1499999999999,20.790764983891677,-0.0,-0.0,-0.0,0.0,100.0,210.05150820112513
2021-07-20 14:00:00,4758.21185419295,1780.05,470.3271458070494,-0.0,-0.0,-0.0,0.0,100.0,305.030503050305
2021-07-20 15:00:00,4037.8276383437455,1771.0300000000002,1301.5913616562543,-0.0,-0.0,-0.0,0.0,100.0,400.0
2021-07-20 16:00:00,3131.042730244397,1715.2800000000002,2160.0,-0.0,187.9262697556028,-0.0,0.0,-0.0,399.96
2021-07-20 17:00:00,2132.332328032045,1615.3799999999999,2160.0,415.20667196795466,1000.0,-0.0,100.0,-0.0,294.6568461052632
2021-07-20 18:00:00,1156.1855687129216,1480.04,2160.0,1721.853431287078,1000.0,-0.0,100.0,-0.0,189.36422252591586
2021-07-20 19:00:00,344.4080785227433,1323.0600000000002,2160.0,2766.754921477256,1000.0,-0.0,100.0,-0.0,84.08212820892645
2021-07-20 20:00:00,-0.0,1161.57,2160.0,3212.039966003699,1000.0,-0.0,79.87003399630028,-0.0,-0.0
2021-07-20 21:00:00,-0.0,1013.82,2160.0,3238.817,1000.0,-0.0,0.0,-0.0,-0.0
2021-07-20 22:00:00,-0.0,896.87,2160.0,3118.3289999999997,1000.0,-0.0,0.0,-0.0,-0.0
2021-07-20 23:00:00,-0.0,824.32,2160.0,2991.4249999999997,1000.0,-0.0,0.0,-0.0,-0.0
2021-07-21 00:00:00,-0.0,804.38,2160.0,2389.446,1000.0,-0.0,0.0,-0.0,-0.0
2021-07-21 01:00:00,-0.0,839.76,2160.0,2202.7569999999996,1000.0,-0.0,0.0,-0.0,-0.0
2021-07-21 02:00:00,-0.0,925.99,2160.0,2012.2060000000001,1000.0,-0.0,0.0,-0.0,-0.0
2021-07-21 03:00:00,-0.0,1053.03,2160.0,1878.6570000000002,1000.0,-0.0,0.0,-0.0,-0.0
2021-07-21 04:00:00,-0.0,1206.42,2160.0,1839.0140000000001,1000.0,-0.0,0.0,-0.0,-0.0
2021-07-21 05:00:00,339.04874919045164,1369.31,2160.0,1548.5472508095481,1000.0,-0.0,0.0,-0.0,-0.0
2021-07-21 06:00:00,1160.8455860191752,1524.71,2160.0,820.6834139808243,1000.0,-0.0,0.0,-0.0,-0.0
2021-07-21 07:00:00,2152.4947933491426,1657.8300000000002,2160.0,-0.0,913.2212066508578,-0.0,0.0,-0.0,-0.0
2021-07-21 08:00:00,3168.564224172439,1758.06,2092.0597758275608,-0.0,-0.0,-0.0,0.0,-0.0,-0.0
2021-07-21 09:00:00,4091.891265418688,1820.39,1145.2277345813118,-0.0,-0.0,-0.0,0.0,-0.0,-0.0
2021-07-21 10:00:00,4825.797576638629,1846.04,347.6064233613715,-0.0,-0.0,-0.0,0.0,-0.0,-0.0
2021-07-21 11:00:00,5296.911092516267,1745.3949074837328,-0.0,-0.0,-0.0,-0.0,0.0,100.0,95.0
2021-07-21 12:00:00,5459.182425567098,1506.6465744329016,-0.0,-0.0,-0.0,-0.0,0.0,100.0,189.9905
2021-07-21 13:00:00,5296.911092516267,1626.297907483733,-0.0,-0.0,-0.0,-0.0,0.0,100.0,284.97150095
2021-07-21 14:00:00,4825.797576638629,1791.1,224.4154233613708,-0.0,-0.0,-0.0,0.0,-0.0,284.943003799905
2021-07-21 15:00:00,4091.891265418688,1813.71,1069.7406390797696,-0.0,-0.0,-0.0,0.0,35.16090449845807,318.3173687730602
2021-07-21 16:00:00,3168.564224172439,1878.5,2160.0,-0.0,-0.0,-0.0,0.0,86.01522417243905,400.0
2021-07-21 17:00:00,2152.4947933491426,1992.22,2160.0,-0.0,1000.0,-0.0,42.13620665085682,-0.0,355.60609826225595
2021-07-21 18:00:00,1160.8455860191752,2155.4100000000003,2160.0,962.9524139808241,1000.0,-0.0,100.0,-0.0,250.3073797576929
2021-07-21 19:00:00,339.04874919045164,2362.2599999999998,2160.0,1651.3072508095483,1000.0,-0.0,100.0,-0.0,145.0191911249803
2021-07-21 20:00:00,-0.0,2601.2000000000003,2160.0,1668.007,1000.0,-0.0,100.0,-0.0,39.74153131113097
2021-07-21 21:00:00,-0.0,2856.3300000000004,2160.0,1271.6893206999002,1000.0,-0.0,37.75067930009987,-0.0,-0.0
2021-07-21 22:00:00,-0.0,3109.49,2160.0,816.3230000000003,1000.0,-0.0,0.0,-0.0,-0.0
2021-07-21 23:00:00,-0.0,3342.4900000000002,2160.0,381.42599999999993,1000.0,-0.0,0.0,-0.0,-0.0
2021-07-22 00:00:00,-0.0,3539.52,2160.0,-0.0,560.3700000000003,-0.0,0.0,-0.0,-0.0
2021-07-22 01:00:00,-0.0,3689.0899999999997,2160.0,-0.0,257.2080000000001,-0.0,0.0,-0.0,-0.0
2021-07-22 02:00:00,-0.0,3785.48,2160.0,-0.0,54.29499999999962,-0.0,0.0,-0.0,-0.0
2021-07-22 03:00:00,-0.0,3829.41,2160.0,-0.0,1.7399999999997817,-0.0,0.0,-0.0,-0.0
2021-07-22 04:00:00,-0.0,3827.79,2160.0,-0.0,115.07600000000002,-0.0,0.0,-0.0,-0.0
2021-07-22 05:00:00,288.80967815171755,3792.74,2160.0,-0.0,70.8453218482831,-0.0,0.0,-0.0,-0.0
2021-07-22 06:00:00,1009.8313200069567,3739.8199999999997,1810.2236799930436,-0.0,-0.0,-0.0,0.0,-0.0,-0.0
2021-07-22 07:00:00,1883.0554394584792,3685.89,1206.4735605415208,-0.0,-0.0,-0.0,0.0,-0.0,-0.0
2021-07-22 08:00:00,2779.1711977092477,3646.71,483.00680229075215,-0.0,-0.0,-0.0,0.0,-0.0,-0.0
2021-07-22 09:00:00,3594.210081153604,3351.926918846396,-0.0,-0.0,-0.0,-0.0,0.0,-0.0,-0.0
2021-07-22 10:00:00,4242.391877464879,2664.2001225351205,-0.0,-0.0,-0.0,-0.0,0.0,-0.0,-0.0
2021-07-22 11:00:00,4658.61249359953,2180.185293091344,-0.0,-0.0,-0.0,-0.0,0.0,10.727786690874971,10.191397356331223
2021-07-22 12:00:00,4801.996213345334,2048.3117866546663,-0.0,-0.0,-0.0,-0.0,0.0,100.0,105.19037821659559
2021-07-22 13:00:00,4658.61249359953,2147.8875064004696,-0.0,-0.0,-0.0,-0.0,0.0,100.0,200.17985917877394
2021-07-22 14:00:00,4242.391877464879,2581.1251225351207,-0.0,-0.0,-0.0,-0.0,0.0,100.0,295.15984119285605
2021-07-22 15:00:00,3594.210081153604,3327.1879188463963,-0.0,-0.0,-0.0,-0.0,0.0,100.0,390.1303252087368
2021-07-22 16:00:00,2779.1711977092473,4232.639999999999,-0.0,-0.0,-0.0,-0.0,0.0,10.430197709246386,400.0
2021-07-22 17:00:00,1883.0554394584792,4275.33,1068.0155605415207,-0.0,-0.0,-0.0,0.0,-0.0,399.96
2021-07-22 18:00:00,1009.8313200069567,4267.7300000000005,2140.6008863088327,-0.0,-0.0,-0.0,0.0,0.08420631578946756,400.0
2021-07-22 19:00:00,288.80967815171755,4205.88,2160.0,-0.0,760.3895746026253,-0.0,75.83074724565691,-0.0,320.13816079404535
2021-07-22 20:00:00,-0.0,4092.2,2160.0,54.82900000000063,1000.0,-0.0,100.0,-0.0,214.8429890832291
2021-07-22 21:00:00,-0.0,3935.36,2160.0,7.8650000000002365,1000.0,-0.0,100.0,-0.0,109.55834688958396
2021-07-22 22:00:00,-0.0,3749.15,2160.0,-0.0,1000.0,-0.0,53.85500000000002,-0.0,52.85791737068447
2021-07-22 23:00:00,-0.0,3550.74,2160.0,-0.0,1000.0,-0.0,50.210000000000036,-0.0,-0.0
2021-07-23 00:00:00,-0.0,3358.77,2160.0,-0.0,618.3589999999999,-0.0,0.0,-0.0,-0.0
2021-07-23 01:00:00,-0.0,3189.96,2160.0,-0.0,633.6289999999999,-0.0,0.0,-0.0,-0.0
2021-07-23 02:00:00,-0.0,3058.42,2160.0,-0.0,658.8040000000001,-0.0,0.0,-0.0,-0.0
2021-07-23 03:00:00,-0.0,2972.88,2160.0,-0.0,735.9809999999998,-0.0,0.0,-0.0,-0.0
2021-07-23 04:00:00,-0.0,2935.91,2160.0,-0.0,885.0349999999999,-0.0,0.0,-0.0,-0.0
2021-07-23 05:00:00,225.50027968827212,2943.67,2160.0,-0.0,861.7757203117277,-0.0,0.0,-0.0,-0.0
2021-07-23 06:00:00,806.3253318278817,2986.57,2160.0,-0.0,486.1066681721186,-0.0,0.0,-0.0,-0.0
2021-07-23 07:00:00,1512.4757630763118,3050.6299999999997,2092.120236923688,-0.0,-0.0,-0.0,0.0,-0.0,-0.0
2021-07-23 08:00:00,2238.299760083812,3119.5099999999998,1431.667239916188,-0.0,-0.0,-0.0,0.0,-0.0,-0.0
2021-07-23 09:00:00,2899.0506070577712,3176.76,751.8013929422286,-0.0,-0.0,-0.0,0.0,-0.0,-0.0
2021-07-23 10:00:00,3424.834233006385,3208.17,156.04876699361466,-0.0,-0.0,-0.0,0.0,-0.0,-0.0
2021-07-23 11:00:00,3762.564809970766,3049.0531900292344,-0.0,-0.0,-0.0,-0.0,0.0,100.0,95.0
2021-07-23 12:00:00,3878.929093383098,2856.1139066169017,-0.0,-0.0,-0.0,-0.0,0.0,100.0,189.9905
2021-07-23 13:00:00,3762.564809970766,2929.9561900292338,-0.0,-0.0,-0.0,-0.0,0.0,100.0,284.97150095
2021-07-23 14:00:00,3424.834233006385,2961.9,224.18776699361433,-0.0,-0.0,-0.0,0.0,-0.0,284.943003799905
2021-07-23 15:00:00,2899.0506070577712,2830.31,1002.0971229956817,-0.0,-0.0,-0.0,0.0,21.17473005345262,305.030503050305
2021-07-23 16:00:00,2238.299760083812,2697.04,2056.5022399161876,-0.0,-0.0,-0.0,0.0,100.0,400.0
2021-07-23 17:00:00,1512.4757630763118,2579.23,2160.0,-0.0,866.8252369236882,-0.0,0.0,-0.0,399.96
2021-07-23 18:00:00,806.3253318278817,2492.75,2160.0,752.8956681721179,1000.0,-0.0,100.0,-0.0,294.6568461052632
2021-07-23 19:00:00,225.50027968827212,2449.99,2160.0,1451.165720311728,1000.0,-0.0,100.0,-0.0,189.36422252591586
2021-07-23 20:00:00,-0.0,2458.17,2160.0,1586.5479999999998,1000.0,-0.0,100.0,-0.0,84.08212820892645
2021-07-23 21:00:00,-0.0,2518.2599999999998,2160.0,1344.8139660037004,1000.0,-0.0,79.87003399630028,-0.0,-0.0
2021-07-23 22:00:00,-0.0,2624.8100000000004,2160.0,1080.031,1000.0,-0.0,0.0,-0.0,-0.0
2021-07-23 23:00:00,-0.0,2766.56,2160.0,738.4270000000001,1000.0,-0.0,0.0,-0.0,-0.0
2021-07-24 00:00:00,-0.0,2928.3799999999997,2160.0,-0.0,519.1790000000005,-0.0,0.0,-0.0,-0.0
2021-07-24 01:00:00,-0.0,3091.37,2160.0,-0.0,205.01299999999992,-0.0,0.0,-0.0,-0.0
2021-07-24 02:00:00,-0.0,3237.9900000000002,2114.471,-0.0,-0.0,-0.0,0.0,-0.0,-0.0
2021-07-24 03:00:00,-0.0,3352.53,1994.0880000000002,-0.0,-0.0,-0.0,0.0,-0.0,-0.0
2021-07-24 04:00:00,-0.0,3423.56,2037.7360000000003,-0.0,-0.0,-0.0,0.0,-0.0,-0.0
2021-07-24 05:00:00,194.58821269658984,3445.36,2034.0137873034105,-0.0,-0.0,-0.0,0.0,-0.0,-0.0
2021-07-24 06:00:00,712.6051431347812,3418.6,1793.5488568652188,-0.0,-0.0,-0.0,0.0,-0.0,-0.0
2021-07-24 07:00:00,1344.9564955291949,3350.11,1448.714504470805,-0.0,-0.0,-0.0,0.0,-0.0,-0.0
2021-07-24 08:00:00,1996.0098031686264,3251.8399999999997,1033.0511968313738,-0.0,-0.0,-0.0,0.0,-0.0,-0.0
2021-07-24 09:00:00,2589.255379522912,3139.18,593.5316204770879,-0.0,-0.0,-0.0,0.0,-0.0,-0.0
2021-07-24 10:00:00,3061.5942385966177,3028.73,196.07576140338188,-0.0,-0.0,-0.0,0.0,-0.0,-0.0
2021-07-24 11:00:00,3365.108035101135,2936.03,-0.0,-0.0,-0.0,-0.0,0.0,89.12203510113568,84.66593334607889
2021-07-24 12:00:00,3469.695408906827,2768.849591093173,-0.0,-0.0,-0.0,-0.0,0.0,100.0,179.65746675274428
2021-07-24 13:00:00,3365.108035101135,2834.071964898865,-0.0,-0.0,-0.0,-0.0,0.0,100.0,274.63950100606905
2021-07-24 14:00:00,3061.5942385966177,2860.72,198.47476140338222,-0.0,-0.0,-0.0,0.0,-0.0,274.61203705596847
2021-07-24 15:00:00,2589.255379522912,2907.0,759.1979648960792,-0.0,-0.0,-0.0,0.0,32.0483444189917,305.030503050305
2021-07-24 16:00:00,1996.0098031686264,2976.01,1536.2431968313733,-0.0,-0.0,-0.0,0.0,100.0,400.0
2021-07-24 17:00:00,1344.9564955291949,3052.91,2160.0,-0.0,80.42550447080566,-0.0,0.0,-0.0,399.96
2021-07-24 18:00:00,712.6051431347812,3120.6600000000003,2160.0,-0.0,841.8458568652184,-0.0,0.0,-0.0,399.920004
2021-07-24 19:00:00,194.58821269658984,3162.35,2160.0,296.2737873034107,1000.0,-0.0,100.0,-0.0,294.6168541048632
2021-07-24 20:00:00,-0.0,3163.5200000000004,2160.0,411.2019999999993,1000.0,-0.0,100.0,-0.0,189.3242345247159
2021-07-24 21:00:00,-0.0,3114.0699999999997,2160.0,262.35699999999997,1000.0,-0.0,100.0,-0.0,84.0421442065266
2021-07-24 22:00:00,-0.0,3009.76,2160.0,152.2379470074991,1000.0,-0.0,79.83205299250066,-0.0,-0.0
2021-07-24 23:00:00,-0.0,2852.81,2160.0,192.69699999999966,1000.0,-0.0,0.0,-0.0,-0.0
2021-07-25 00:00:00,-0.0,2652.3799999999997,2160.0,-0.0,775.654,-0.0,0.0,-0.0,-0.0
2021-07-25 01:00:00,-0.0,2420.67,2160.0,-0.0,859.7579999999998,-0.0,0.0,-0.0,-0.0
2021-07-25 02:00:00,-0.0,2175.47,2160.0,4.621000000000549,1000.0,-0.0,0.0,-0.0,-0.0
2021-07-25 03:00:00,-0.0,1935.09,2160.0,242.75500000000034,1000.0,-0.0,0.0,-0.0,-0.0
2021-07-25 04:00:00,-0.0,1716.74,2160.0,579.3889999999999,1000.0,-0.0,0.0,-0.0,-0.0
2021-07-25 05:00:00,197.78153132876363,1534.2900000000002,2160.0,780.3364686712366,1000.0,-0.0,0.0,-0.0,-0.0
2021-07-25 06:00:00,742.9973675584353,1396.57,2160.0,627.2476324415647,1000.0,-0.0,0.0,-0.0,-0.0
2021-07-25 07:00:00,1411.3911380028103,1306.28,2160.0,271.7868619971896,1000.0,-0.0,0.0,-0.0,-0.0
2021-07-25 08:00:00,2100.751892024327,1259.77,2160.0,-0.0,769.6681079756727,-0.0,0.0,-0.0,-0.0
2021-07-25 09:00:00,2729.5200438605452,1247.68,2160.0,-0.0,197.66295613945476,-0.0,0.0,-0.0,-0.0
2021-07-25 10:00:00,3230.4440555738065,1256.29,1837.280019167958,-0.0,-0.0,-0.0,0.0,21.121074741764055,20.065021004675852
2021-07-25 11:00:00,3552.4370176513303,1269.6,1510.05598234867,-0.0,-0.0,-0.0,0.0,100.0,115.06301450257538
2021-07-25 12:00:00,3663.4172173233696,1271.5099999999998,1327.264782676631,-0.0,-0.0,-0.0,0.0,100.0,210.05150820112513
2021-07-25 13:00:00,3552.4370176513303,1248.2,1425.7419823486698,-0.0,-0.0,-0.0,0.0,100.0,305.030503050305
2021-07-25 14:00:00,3230.4440555738065,1190.07,1831.0039444261938,-0.0,-0.0,-0.0,0.0,100.0,400.0
2021-07-25 15:00:00,2729.5200438605452,1093.1499999999999,2160.0,-0.0,274.96995613945546,-0.0,0.0,-0.0,399.96
2021-07-25 16:00:00,2100.751892024327,959.74,2160.0,125.48410797567294,1000.0,-0.0,100.0,-0.0,294.6568461052632
2021-07-25 17:00:00,1411.3911380028103,798.2,2160.0,1209.8638619971898,1000.0,-0.0,100.0,-0.0,189.36422252591586
2021-07-25 18:00:00,742.9973675584353,621.84,2160.0,2254.851632441565,1000.0,-0.0,100.0,-0.0,84.08212820892645
2021-07-25 19:00:00,197.78153132876363,447.26,2160.0,3076.2574346749357,1000.0,-0.0,79.87003399630028,-0.0,-0.0
2021-07-25 20:00:00,-0.0,300.0,2160.0,3426.0200000000004,1000.0,-0.0,0.0,-0.0,-0.0
2021-07-25 21:00:00,-0.0,300.0,2160.0,3231.0240000000003,1000.0,-0.0,0.0,-0.0,-0.0
2021-07-25 22:00:00,-0.0,300.0,2160.0,2999.6809999999996,1000.0,-0.0,0.0,-0.0,-0.0
2021-07-25 23:00:00,-0.0,300.0,2160.0,2806.5649999999996,1000.0,-0.0,0.0,-0.0,-0.0
2021-07-26 00:00:00,-0.0,300.0,2160.0,2628.6540000000005,1000.0,-0.0,0.0,-0.0,-0.0
2021-07-26 01:00:00,-0.0,300.0,2160.0,2484.1530000000002,1000.0,-0.0,0.0,-0.0,-0.0
2021-07-26 02:00:00,-0.0,364.75,2160.0,2322.115,1000.0,-0.0,0.0,-0.0,-0.0
2021-07-26 03:00:00,-0.0,528.59,2160.0,2159.0209999999997,1000.0,-0.0,0.0,-0.0,-0.0
2021-07-26 04:00:00,-0.0,701.1,2160.0,2107.7270000000003,1000.0,-0.0,0.0,-0.0,-0.0
2021-07-26 05:00:00,201.69272779297648,864.4699999999999,2160.0,1961.8122722070239,1000.0,-0.0,0.0,-0.0,-0.0
2021-07-26 06:00:00,778.6003948663729,1003.14,2160.0,1503.4446051336276,1000.0,-0.0,0.0,-0.0,-0.0
2021-07-26 07:00:00,1489.0333386990358,1105.75,2160.0,915.7806613009645,1000.0,-0.0,0.0,-0.0,-0.0
2021-07-26 08:00:00,2223.069610560983,1166.63,2160.0,264.26238943901717,1000.0,-0.0,0.0,-0.0,-0.0
2021-07-26 09:00:00,2893.270452789457,1186.3899999999999,2160.0,-0.0,621.5685472105433,-0.0,0.0,-0.0,-0.0
2021-07-26 10:00:00,3427.5386520805328,1171.77,2160.0,-0.0,72.46934791946751,-0.0,0.0,-0.0,-0.0
2021-07-26 11:00:00,3771.0865149252295,1134.58,1957.7544850747709,-0.0,-0.0,-0.0,0.0,100.0,95.0
2021-07-26 12:00:00,3889.5177914056744,1089.98,1816.386208594326,-0.0,-0.0,-0.0,0.0,100.0,189.9905
2021-07-26 13:00:00,3771.0865149252295,1054.32,1936.9484850747704,-0.0,-0.0,-0.0,0.0,100.0,284.97150095
2021-07-26 14:00:00,3427.5386520805328,1042.79,2160.0,-0.0,59.36634791946699,-0.0,0.0,-0.0,284.943003799905
2021-07-26 15:00:00,2893.270452789457,1067.24,2160.0,-0.0,677.4235472105433,-0.0,0.0,-0.0,284.914509499525
2021-07-26 16:00:00,2223.069610560983,1134.51,2160.0,370.721389439017,1000.0,-0.0,100.0,-0.0,179.62286015383825
2021-07-26 17:00:00,1489.0333386990358,1245.3,2160.0,1229.3886613009636,1000.0,-0.0,100.0,-0.0,74.34173997308604
2021-07-26 18:00:00,778.6003948663729,1394.0800000000002,2160.0,2022.5110146244933,1000.0,-0.0,70.61759050913429,-0.0,-0.0
2021-07-26 19:00:00,201.69272779297648,1569.6499999999999,2160.0,2577.709272207024,1000.0,-0.0,0.0,-0.0,-0.0
2021-07-26 20:00:00,-0.0,1756.6000000000001,2160.0,2518.9719999999998,1000.0,-0.0,0.0,-0.0,-0.0
2021-07-26 21:00:00,-0.0,1937.32,2160.0,2144.8320000000003,1000.0,-0.0,0.0,-0.0,-0.0
2021-07-26 22:00:00,-0.0,2094.3,2160.0,1757.9899999999998,1000.0,-0.0,0.0,-0.0,-0.0
2021-07-26 23:00:00,-0.0,2212.43,2160.0,1448.127,1000.0,-0.0,0.0,-0.0,-0.0
2021-07-27 00:00:00,-0.0,2282.21,2160.0,765.8289999999997,1000.0,-0.0,0.0,-0.0,-0.0
2021-07-27 01:00:00,-0.0,2296.42,2160.0,608.3050000000003,1000.0,-0.0,0.0,-0.0,-0.0
2021-07-27 02:00:00,-0.0,2257.84,2160.0,550.6849999999995,1000.0,-0.0,0.0,-0.0,-0.0
2021-07-27 03:00:00,-0.0,2174.35,2160.0,635.9069999999997,1000.0,-0.0,0.0,-0.0,-0.0
2021-07-27 04:00:00,-0.0,2059.02,2160.0,873.3380000000002,1000.0,-0.0,0.0,-0.0,-0.0
2021-07-27 05:00:00,192.52121962847735,1928.39,2160.0,1031.3767803715218,1000.0,-0.0,0.0,-0.0,-0.0
2021-07-27 06:00:00,765.1958829336434,1800.27,2160.0,844.7121170663565,1000.0,-0.0,0.0,-0.0,-0.0
2021-07-27 07:00:00,1473.7351145542032,1691.41,2160.0,470.9878854457968,1000.0,-0.0,0.0,-0.0,-0.0
2021-07-27 08:00:00,2207.1958464301197,1615.27,2160.0,-0.0,957.53715356988,-0.0,0.0,-0.0,-0.0
2021-07-27 09:00:00,2877.5699695146022,1580.3,2160.0,-0.0,369.7670304853973,-0.0,0.0,-0.0,-0.0
2021-07-27 10:00:00,3412.327068363705,1588.89,1957.2319316362941,-0.0,-0.0,-0.0,0.0,-0.0,-0.0
2021-07-27 11:00:00,3756.3266991544265,1637.1299999999999,1521.617887255206,-0.0,-0.0,-0.0,0.0,24.824586409632623,23.58335708915099
2021-07-27 12:00:00,3874.931256490881,1715.43,1332.4047435091184,-0.0,-0.0,-0.0,0.0,100.0,118.58099875344207
2021-07-27 13:00:00,3756.3266991544265,1809.9399999999998,1322.9173008455741,-0.0,-0.0,-0.0,0.0,100.0,213.56914065356673
2021-07-27 14:00:00,3412.327068363705,1904.5300000000002,1599.5089316362942,-0.0,-0.0,-0.0,0.0,100.0,308.54778373950137
2021-07-27 15:00:00,2877.5699695146022,1983.0700000000002,2160.0,-0.0,-0.0,-0.0,0.0,96.29796951460276,400.0
2021-07-27 16:00:00,2207.1958464301197,2031.76,2160.0,-0.0,715.3861535698798,-0.0,0.0,-0.0,399.96
2021-07-27 17:00:00,1473.7351145542032,2041.04,2160.0,574.515885445797,1000.0,-0.0,100.0,-0.0,294.6568461052632
2021-07-27 18:00:00,765.1958829336434,2007.07,2160.0,1518.5361170663564,1000.0,-0.0,100.0,-0.0,189.36422252591586
2021-07-27 19:00:00,192.52121962847735,1932.3000000000002,2160.0,2248.543780371522,1000.0,-0.0,100.0,-0.0,84.08212820892645
2021-07-27 20:00:00,-0.0,1825.29,2160.0,2493.9429660037,1000.0,-0.0,79.87003399630028,-0.0,-0.0
2021-07-27 21:00:00,-0.0,1699.61,2160.0,2505.188,1000.0,-0.0,0.0,-0.0,-0.0
2021-07-27 22:00:00,-0.0,1572.12,2160.0,2401.8289999999997,1000.0,-0.0,0.0,-0.0,-0.0
2021-07-27 23:00:00,-0.0,1460.7700000000002,2160.0,2320.3589999999995,1000.0,-0.0,0.0,-0.0,-0.0
2021-07-28 00:00:00,-0.0,1383.6499999999999,2160.0,1784.0280000000002,1000.0,-0.0,0.0,-0.0,-0.0
2021-07-28 01:00:00,-0.0,1351.14,2160.0,1671.938,1000.0,-0.0,0.0,-0.0,-0.0
2021-07-28 02:00:00,-0.0,1372.68,2160.0,1552.8139999999994,1000.0,-0.0,0.0,-0.0,-0.0
2021-07-28 03:00:00,-0.0,1450.03,2160.0,1475.7160000000003,1000.0,-0.0,0.0,-0.0,-0.0
2021-07-28 04:00:00,-0.0,1578.4699999999998,2160.0,1467.801,1000.0,-0.0,0.0,-0.0,-0.0
2021-07-28 05:00:00,191.3825168604154,1747.47,2160.0,1325.6794831395846,1000.0,-0.0,0.0,-0.0,-0.0
2021-07-28 06:00:00,784.7889968667097,1942.07,2160.0,793.8010031332906,1000.0,-0.0,0.0,-0.0,-0.0
2021-07-28 07:00:00,1522.6374475608648,2144.8900000000003,2160.0,77.23355243913534,1000.0,-0.0,0.0,-0.0,-0.0
2021-07-28 08:00:00,2287.926159524513,2338.44,2160.0,-0.0,260.3228404754873,-0.0,0.0,-0.0,-0.0
2021-07-28 09:00:00,2988.160287260621,2507.42,1596.7117127393794,-0.0,-0.0,-0.0,0.0,-0.0,-0.0
2021-07-28 10:00:00,3547.1024427270395,2640.74,873.1445572729608,-0.0,-0.0,-0.0,0.0,-0.0,-0.0
2021-07-28 11:00:00,3906.802556792615,2732.9199999999996,350.8644432073861,-0.0,-0.0,-0.0,0.0,-0.0,-0.0
2021-07-28 12:00:00,4030.846895287366,2784.7699999999995,190.2575898582395,-0.0,-0.0,-0.0,0.0,85.05548514560422,80.80271088832401
2021-07-28 13:00:00,3906.802556792615,2803.14,274.930443207385,-0.0,-0.0,-0.0,0.0,100.0,175.79463061723519
2021-07-28 14:00:00,3547.1024427270395,2799.93,662.5795572729612,-0.0,-0.0,-0.0,0.0,100.0,270.7770511541735
2021-07-28 15:00:00,2988.160287260621,2790.32,1336.588712739379,-0.0,-0.0,-0.0,0.0,100.0,365.7499734490581
2021-07-28 16:00:00,2287.926159524513,2790.64,2160.0,-0.0,-0.0,-0.0,0.0,36.09115952451248,400.0
2021-07-28 17:00:00,1522.6374475608648,2816.02,2160.0,-0.0,936.1005524391351,-0.0,0.0,-0.0,399.96
2021-07-28 18:00:00,784.7889968667097,2878.19,2160.0,710.5540031332907,1000.0,-0.0,100.0,-0.0,294.6568461052632
2021-07-28 19:00:00,191.3825168604154,2983.8199999999997,2160.0,1278.0904831395846,1000.0,-0.0,100.0,-0.0,189.36422252591586
2021-07-28 20:00:00,-0.0,3133.41,2160.0,1242.7520000000004,1000.0,-0.0,100.0,-0.0,84.08212820892645
2021-07-28 21:00:00,-0.0,3321.15,2160.0,877.9059660037001,1000.0,-0.0,79.87003399630028,-0.0,-0.0
2021-07-28 22:00:00,-0.0,3535.55,2160.0,509.53499999999985,1000.0,-0.0,0.0,-0.0,-0.0
2021-07-28 23:00:00,-0.0,3760.87,2160.0,88.34500000000025,1000.0,-0.0,0.0,-0.0,-0.0
2021-07-29 00:00:00,-0.0,3980.7599999999998,2160.0,-0.0,252.1529999999998,-0.0,0.0,-0.0,-0.0
2021-07-29 01:00:00,-0.0,4174.0,2071.1549999999997,-0.0,-0.0,-0.0,0.0,-0.0,-0.0
2021-07-29 02:00:00,-0.0,4326.72,1817.6439999999993,-0.0,-0.0,-0.0,0.0,-0.0,-0.0
2021-07-29 03:00:00,-0.0,4427.78,1713.5820000000003,-0.0,-0.0,-0.0,0.0,-0.0,-0.0
2021-07-29 04:00:00,-0.0,4471.86,1786.7270000000008,-0.0,-0.0,-0.0,0.0,-0.0,-0.0
2021-07-29 05:00:00,212.15146517354566,4460.1,1801.2565348264538,-0.0,-0.0,-0.0,0.0,-0.0,-0.0
2021-07-29 06:00:00,899.6123183809585,4399.91,1426.7336816190418,-0.0,-0.0,-0.0,0.0,-0.0,-0.0
2021-07-29 07:00:00,1758.887328923722,4303.89,884.1646710762777,-0.0,-0.0,-0.0,0.0,-0.0,-0.0
2021-07-29 08:00:00,2651.921163378322,4188.12,245.37983662167835,-0.0,-0.0,-0.0,0.0,-0.0,-0.0
2021-07-29 09:00:00,3469.9615187928416,3657.5834812071585,-0.0,-0.0,-0.0,-0.0,0.0,-0.0,-0.0
2021-07-29 10:00:00,4123.391249600402,2969.3437503995974,-0.0,-0.0,-0.0,-0.0,0.0,-0.0,-0.0
2021-07-29 11:00:00,4544.067659175296,2495.857415566468,-0.0,-0.0,-0.0,-0.0,0.0,21.121074741764055,20.065021004675852
2021-07-29 12:00:00,4689.165621675193,2356.319378324807,-0.0,-0.0,-0.0,-0.0,0.0,100.0,115.06301450257538
2021-07-29 13:00:00,4544.067659175296,2461.9013408247038,-0.0,-0.0,-0.0,-0.0,0.0,100.0,210.05150820112513
2021-07-29 14:00:00,4123.391249600402,2903.7317503995973,-0.0,-0.0,-0.0,-0.0,0.0,100.0,305.030503050305
2021-07-29 15:00:00,3469.9615187928416,3659.0214812071586,-0.0,-0.0,-0.0,-0.0,0.0,100.0,400.0
2021-07-29 16:00:00,2651.921163378322,3982.83,578.0308366216782,-0.0,-0.0,-0.0,0.0,-0.0,399.96
2021-07-29 17:00:00,1758.887328923722,4036.69,1645.9598773920682,-0.0,-0.0,-0.0,0.0,0.08420631578946756,400.0
2021-07-29 18:00:00,899.6123183809585,4067.3900000000003,2160.0,-0.0,509.61068161904143,-0.0,0.0,-0.0,399.96
2021-07-29 19:00:00,212.15146517354566,4061.11,2160.0,179.49553482645388,1000.0,-0.0,100.0,-0.0,294.6568461052632
2021-07-29 20:00:00,-0.0,4008.3999999999996,2160.0,363.6140000000005,1000.0,-0.0,100.0,-0.0,189.36422252591586
2021-07-29 21:00:00,-0.0,3905.52,2160.0,265.6510000000003,1000.0,-0.0,100.0,-0.0,84.08212820892645
2021-07-29 22:00:00,-0.0,3755.1299999999997,2160.0,198.7329660037003,1000.0,-0.0,79.87003399630028,-0.0,-0.0
2021-07-29 23:00:00,-0.0,3566.0199999999995,2160.0,268.2590000000009,1000.0,-0.0,0.0,-0.0,-0.0
2021-07-30 00:00:00,-0.0,3353.97,2160.0,-0.0,860.6889999999999,-0.0,0.0,-0.0,-0.0
2021-07-30 01:00:00,-0.0,3132.4,2160.0,-0.0,930.9500000000003,-0.0,0.0,-0.0,-0.0
2021-07-30 02:00:00,-0.0,2921.55,2160.0,37.47900000000027,1000.0,-0.0,0.0,-0.0,-0.0
2021-07-30 03:00:00,-0.0,2738.57,2160.0,213.95000000000027,1000.0,-0.0,0.0,-0.0,-0.0
2021-07-30 04:00:00,-0.0,2597.1699999999996,2160.0,469.0970000000002,1000.0,-0.0,0.0,-0.0,-0.0
2021-07-30 05:00:00,232.36962790864595,2505.8799999999997,2160.0,539.489372091354,1000.0,-0.0,0.0,-0.0,-0.0
2021-07-30 06:00:00,1021.484457573591,2467.03,2160.0,38.55754242640887,1000.0,-0.0,0.0,-0.0,-0.0
2021-07-30 07:00:00,2013.2636255455654,2476.5,2160.0,-0.0,254.61537445443446,-0.0,0.0,-0.0,-0.0
2021-07-30 08:00:00,3046.184619615779,2524.3500000000004,1468.9823803842205,-0.0,-0.0,-0.0,0.0,-0.0,-0.0
2021-07-30 09:00:00,3993.4615506033315,2596.25,488.63044939666815,-0.0,-0.0,-0.0,0.0,-0.0,-0.0
2021-07-30 10:00:00,4750.661759752539,2310.736314989225,-0.0,-0.0,-0.0,-0.0,0.0,21.121074741764055,20.065021004675852
2021-07-30 11:00:00,5238.35454038908,1824.7844596109198,-0.0,-0.0,-0.0,-0.0,0.0,100.0,115.06301450257538
2021-07-30 12:00:00,5406.597874370237,1580.064125629763,-0.0,-0.0,-0.0,-0.0,0.0,100.0,210.05150820112513
2021-07-30 13:00:00,5238.35454038908,1705.68745961092,-0.0,-0.0,-0.0,-0.0,0.0,100.0,305.030503050305
2021-07-30 14:00:00,4750.661759752539,2211.4842402474605,-0.0,-0.0,-0.0,-0.0,0.0,100.0,400.0
2021-07-30 15:00:00,3993.4615506033315,2704.82,262.732449396668,-0.0,-0.0,-0.0,0.0,-0.0,399.96
2021-07-30 16:00:00,3046.184619615779,2606.69,1489.0915867000108,-0.0,-0.0,-0.0,0.0,0.08420631578946756,400.0
2021-07-30 17:00:00,2013.2636255455654,2490.06,2160.0,-0.0,704.3603744544348,-0.0,0.0,-0.0,399.96
2021-07-30 18:00:00,1021.484457573591,2370.59,2160.0,907.966542426409,1000.0,-0.0,100.0,-0.0,294.6568461052632
2021-07-30 19:00:00,232.36962790864595,2265.01,2160.0,1876.0693720913532,1000.0,-0.0,100.0,-0.0,189.36422252591586
2021-07-30 20:00:00,-0.0,2188.7999999999997,2160.0,2101.2400000000002,1000.0,-0.0,100.0,-0.0,84.08212820892645
2021-07-30 21:00:00,-0.0,2154.02,2160.0,1952.7129660036999,1000.0,-0.0,79.87003399630028,-0.0,-0.0
2021-07-30 22:00:00,-0.0,2167.56,2160.0,1779.0859999999998,1000.0,-0.0,0.0,-0.0,-0.0
2021-07-30 23:00:00,-0.0,2230.14,2160.0,1514.609,1000.0,-0.0,0.0,-0.0,-0.0
2021-07-31 00:00:00,-0.0,2338.22,2160.0,348.6480000000006,1000.0,-0.0,0.0,-0.0,-0.0
2021-07-31 01:00:00,-0.0,2476.13,2160.0,57.14499999999953,1000.0,-0.0,0.0,-0.0,-0.0
2021-07-31 02:00:00,-0.0,2630.29,2160.0,-0.0,796.4629999999997,-0.0,0.0,-0.0,-0.0
2021-07-31 03:00:00,-0.0,2782.6600000000003,2160.0,-0.0,635.4670000000001,-0.0,0.0,-0.0,-0.0
2021-07-31 04:00:00,-0.0,2915.27,2160.0,-0.0,614.5740000000001,-0.0,0.0,-0.0,-0.0
2021-07-31 05:00:00,222.2698294440963,3012.44,2160.0,-0.0,504.6631705559032,-0.0,0.0,-0.0,-0.0
2021-07-31 06:00:00,1015.7414349172785,3062.86,2068.250565082721,-0.0,-0.0,-0.0,0.0,-0.0,-0.0
2021-07-31 07:00:00,2018.8024243358666,3060.98,1282.6145756641333,-0.0,-0.0,-0.0,0.0,-0.0,-0.0
2021-07-31 08:00:00,3065.7529791408438,3007.7,422.4120208591562,-0.0,-0.0,-0.0,0.0,-0.0,-0.0
2021-07-31 09:00:00,4027.0594708631597,2506.05552913684,-0.0,-0.0,-0.0,-0.0,0.0,-0.0,-0.0
2021-07-31 10:00:00,4796.036589619009,1718.654485122755,-0.0,-0.0,-0.0,-0.0,0.0,21.121074741764055,20.065021004675852
2021-07-31 11:00:00,5291.520820173974,1223.5271798260255,-0.0,-0.0,-0.0,-0.0,0.0,100.0,115.06301450257538
2021-07-31 12:00:00,5462.4933276372785,974.7916723627213,-0.0,-0.0,-0.0,-0.0,0.0,100.0,210.05150820112513
2021-07-31 13:00:00,5291.520820173974,1101.9561798260256,-0.0,-0.0,-0.0,-0.0,0.0,100.0,305.030503050305
2021-07-31 14:00:00,4796.036589619009,1614.4584103809912,-0.0,-0.0,-0.0,-0.0,0.0,100.0,400.0
2021-07-31 15:00:00,4027.0594708631597,2199.55,181.7665291368403,-0.0,-0.0,-0.0,0.0,-0.0,399.96
2021-07-31 16:00:00,3065.7529791408438,2176.23,1346.4602271749459,-0.0,-0.0,-0.0,0.0,0.08420631578946756,400.0
2021-07-31 17:00:00,2018.8024243358666,2187.15,2160.0,-0.0,447.425575664133,-0.0,0.0,-0.0,399.96
2021-07-31 18:00:00,1015.7414349172785,2222.15,2160.0,507.16356508272156,1000.0,-0.0,100.0,-0.0,294.6568461052632
2021-07-31 19:00:00,222.2698294440963,2266.89,2160.0,1328.7271705559037,1000.0,-0.0,100.0,-0.0,189.36422252591586
2021-07-31 20:00:00,-0.0,2304.84,2160.0,1429.1660000000002,1000.0,-0.0,100.0,-0.0,84.08212820892645
2021-07-31 21:00:00,-0.0,2319.57,2160.0,1230.7619660036999,1000.0,-0.0,79.87003399630028,-0.0,-0.0
2021-07-31 22:00:00,-0.0,2297.02,2160.0,1092.962,1000.0,-0.0,0.0,-0.0,-0.0
2021-07-31 23:00:00,-0.0,2227.56,2160.0,960.3669999999997,1000.0,-0.0,0.0,-0.0,-0.0
2021-08-01 00:00:00,-0.0,2109.66,2160.0,456.7330000000002,1000.0,-0.0,0.0,-0.0,-0.0
2021-08-01 01:00:00,-0.0,1941.17,2160.0,471.683,1000.0,-0.0,0.0,-0.0,-0.0
2021-08-01 02:00:00,-0.0,1733.19,2160.0,573.2980000000002,1000.0,-0.0,0.0,-0.0,-0.0
2021-08-01 03:00:00,-0.0,1499.6000000000001,2160.0,798.5249999999999,1000.0,-0.0,0.0,-0.0,-0.0
2021-08-01 04:00:00,-0.0,1257.6699999999998,2160.0,1152.5389999999998,1000.0,-0.0,0.0,-0.0,-0.0
2021-08-01 05:00:00,185.7508890401089,1025.85,2160.0,1408.609110959891,1000.0,-0.0,0.0,-0.0,-0.0
2021-08-01 06:00:00,885.1928757201738,821.43,2160.0,1161.6431242798262,1000.0,-0.0,0.0,-0.0,-0.0
2021-08-01 07:00:00,1774.8167904725885,658.3100000000001,2160.0,651.3632095274113,1000.0,-0.0,0.0,-0.0,-0.0
2021-08-01 08:00:00,2705.4773250892367,545.27,2160.0,-0.0,967.9936749107633,-0.0,0.0,-0.0,-0.0
2021-08-01 09:00:00,3561.057740237799,484.92,2160.0,-0.0,210.89825976220118,-0.0,0.0,-0.0,-0.0
2021-08-01 10:00:00,4245.987455227074,473.47,1658.8595447729258,-0.0,-0.0,-0.0,0.0,-0.0,-0.0
2021-08-01 11:00:00,4687.519453543103,501.32000000000005,1133.1636211986615,-0.0,-0.0,-0.0,0.0,21.121074741764055,20.065021004675852
2021-08-01 12:00:00,4839.901400597396,554.51,929.8955994026037,-0.0,-0.0,-0.0,0.0,100.0,115.06301450257538
2021-08-01 13:00:00,4687.519453543103,616.7099999999999,977.555546456897,-0.0,-0.0,-0.0,0.0,100.0,210.05150820112513
2021-08-01 14:00:00,4245.987455227074,671.4599999999999,1382.7385447729257,-0.0,-0.0,-0.0,0.0,100.0,305.030503050305
2021-08-01 15:00:00,3561.057740237799,704.53,2133.959259762201,-0.0,-0.0,-0.0,0.0,100.0,400.0
2021-08-01 16:00:00,2705.4773250892367,705.87,2160.0,-0.0,909.7586749107631,-0.0,0.0,-0.0,399.96
2021-08-01 17:00:00,1774.8167904725885,671.04,2160.0,1001.9382095274113,1000.0,-0.0,100.0,-0.0,294.6568461052632
2021-08-01 18:00:00,885.1928757201738,601.82,2160.0,2154.2211242798267,1000.0,-0.0,100.0,-0.0,189.36422252591586
2021-08-01 19:00:00,185.7508890401089,506.03000000000003,2160.0,3024.1391109598917,1000.0,-0.0,100.0,-0.0,84.08212820892645
2021-08-01 20:00:00,-0.0,396.46,2160.0,3257.6519660036993,1000.0,-0.0,79.87003399630028,-0.0,-0.0
2021-08-01 21:00:00,-0.0,300.0,2160.0,3232.2079999999996,1000.0,-0.0,0.0,-0.0,-0.0
2021-08-01 22:00:00,-0.0,300.0,2160.0,2994.1049999999996,1000.0,-0.0,0.0,-0.0,-0.0
2021-08-01 23:00:00,-0.0,300.0,2160.0,2794.251,1000.0,-0.0,0.0,-0.0,-0.0
2021-08-02 00:00:00,-0.0,300.0,2160.0,2611.398,1000.0,-0.0,0.0,-0.0,-0.0
2021-08-02 01:00:00,-0.0,300.0,2160.0,2460.2219999999998,1000.0,-0.0,0.0,-0.0,-0.0
2021-08-02 02:00:00,-0.0,300.0,2160.0,2356.3,1000.0,-0.0,0.0,-0.0,-0.0
2021-08-02 03:00:00,-0.0,453.9,2160.0,2196.5570000000002,1000.0,-0.0,0.0,-0.0,-0.0
2021-08-02 04:00:00,-0.0,647.09,2160.0,2118.045,1000.0,-0.0,0.0,-0.0,-0.0
2021-08-02 05:00:00,152.23960920828515,863.19,2160.0,1962.3713907917154,1000.0,-0.0,0.0,-0.0,-0.0
2021-08-02 06:00:00,759.161995983315,1084.12,2160.0,1385.3110040166848,1000.0,-0.0,0.0,-0.0,-0.0
2021-08-02 07:00:00,1536.1162227175982,1291.79,2160.0,619.7137772824017,1000.0,-0.0,0.0,-0.0,-0.0
2021-08-02 08:00:00,2350.808544449935,1470.38,2160.0,-0.0,763.5514555500645,-0.0,0.0,-0.0,-0.0
2021-08-02 09:00:00,3100.755712054749,1608.3600000000001,2076.690287945251,-0.0,-0.0,-0.0,0.0,-0.0,-0.0
2021-08-02 10:00:00,3701.582325859447,1699.9,1348.756674140553,-0.0,-0.0,-0.0,0.0,-0.0,-0.0
2021-08-02 11:00:00,4089.0754515085346,1745.55,862.3506232332293,-0.0,-0.0,-0.0,0.0,21.121074741764055,20.065021004675852
2021-08-02 12:00:00,4222.835895143814,1752.04,727.508104856186,-0.0,-0.0,-0.0,0.0,100.0,115.06301450257538
2021-08-02 13:00:00,4089.0754515085346,1731.22,842.7235484914654,-0.0,-0.0,-0.0,0.0,100.0,210.05150820112513
2021-08-02 14:00:00,3701.582325859447,1698.3300000000002,1284.715674140553,-0.0,-0.0,-0.0,0.0,100.0,305.030503050305
2021-08-02 15:00:00,3100.755712054749,1669.8899999999999,2016.5982879452504,-0.0,-0.0,-0.0,0.0,100.0,400.0
2021-08-02 16:00:00,2350.808544449935,1661.3,2160.0,-0.0,699.9934555500645,-0.0,0.0,-0.0,399.96
2021-08-02 17:00:00,1536.1162227175982,1684.66,2160.0,621.3547772824022,1000.0,-0.0,100.0,-0.0,294.6568461052632
2021-08-02 18:00:00,759.161995983315,1747.1100000000001,2160.0,1532.6780040166846,1000.0,-0.0,100.0,-0.0,189.36422252591586
2021-08-02 19:00:00,152.23960920828515,1849.71,2160.0,2115.1013907917154,1000.0,-0.0,100.0,-0.0,84.08212820892645
2021-08-02 20:00:00,-0.0,1987.29,2160.0,2071.4009660036995,1000.0,-0.0,79.87003399630028,-0.0,-0.0
2021-08-02 21:00:00,-0.0,2149.0699999999997,2160.0,1791.196,1000.0,-0.0,0.0,-0.0,-0.0
2021-08-02 22:00:00,-0.0,2320.09,2160.0,1385.5789999999997,1000.0,-0.0,0.0,-0.0,-0.0
2021-08-02 23:00:00,-0.0,2483.19,2160.0,1026.1559999999995,1000.0,-0.0,0.0,-0.0,-0.0
2021-08-03 00:00:00,-0.0,2624.14,2160.0,270.00400000000036,1000.0,-0.0,0.0,-0.0,-0.0
2021-08-03 01:00:00,-0.0,2722.69,2160.0,23.8479999999995,1000.0,-0.0,0.0,-0.0,-0.0
2021-08-03 02:00:00,-0.0,2771.43,2160.0,-0.0,874.77,-0.0,0.0,-0.0,-0.0
2021-08-03 03:00:00,-0.0,2765.98,2160.0,-0.0,877.9739999999997,-0.0,0.0,-0.0,-0.0
2021-08-03 04:00:00,-0.0,2708.42,2160.0,53.81800000000021,1000.0,-0.0,0.0,-0.0,-0.0
2021-08-03 05:00:00,135.75317347938793,2607.04,2160.0,235.72482652061217,1000.0,-0.0,0.0,-0.0,-0.0
2021-08-03 06:00:00,711.0951242466991,2475.33,2160.0,46.49987575330124,1000.0,-0.0,0.0,-0.0,-0.0
2021-08-03 07:00:00,1452.6691133450568,2330.21,2160.0,-0.0,672.6888866549434,-0.0,0.0,-0.0,-0.0
2021-08-03 08:00:00,2232.1668555014785,2189.8599999999997,2160.0,-0.0,174.27314449852202,-0.0,0.0,-0.0,-0.0
2021-08-03 09:00:00,2950.6635477405803,2071.3,1779.0094522594195,-0.0,-0.0,-0.0,0.0,-0.0,-0.0
2021-08-03 10:00:00,3526.7543193499323,1988.28,1253.9676806500684,-0.0,-0.0,-0.0,0.0,-0.0,-0.0
2021-08-03 11:00:00,3898.4726985001616,1949.46,871.3913762416032,-0.0,-0.0,-0.0,0.0,21.121074741764055,20.065021004675852
2021-08-03 12:00:00,4026.818115385147,1957.37,744.1138846148529,-0.0,-0.0,-0.0,0.0,100.0,115.06301450257538
2021-08-03 13:00:00,3898.4726985001616,2008.22,785.7963014998377,-0.0,-0.0,-0.0,0.0,100.0,210.05150820112513
2021-08-03 14:00:00,3526.7543193499323,2092.47,1098.4026806500688,-0.0,-0.0,-0.0,0.0,100.0,305.030503050305
2021-08-03 15:00:00,2950.6635477405803,2196.27,1676.815452259419,-0.0,-0.0,-0.0,0.0,100.0,400.0
2021-08-03 16:00:00,2232.1668555014785,2303.42,2160.0,-0.0,216.49914449852167,-0.0,0.0,-0.0,399.96
2021-08-03 17:00:00,1452.6691133450568,2397.69,2160.0,35.20488665494349,1000.0,-0.0,100.0,-0.0,294.6568461052632
2021-08-03 18:00:00,711.0951242466991,2465.08,2160.0,909.6228757533008,1000.0,-0.0,100.0,-0.0,189.36422252591586
2021-08-03 19:00:00,135.75317347938793,2495.84,2160.0,1535.6848265206122,1000.0,-0.0,100.0,-0.0,84.08212820892645
2021-08-03 20:00:00,-0.0,2485.84,2160.0,1626.4189660036996,1000.0,-0.0,79.87003399630028,-0.0,-0.0
2021-08-03 21:00:00,-0.0,2437.22,2160.0,1559.9140000000002,1000.0,-0.0,0.0,-0.0,-0.0
2021-08-03 22:00:00,-0.0,2358.18,2160.0,1407.6110000000003,1000.0,-0.0,0.0,-0.0,-0.0
2021-08-03 23:00:00,-0.0,2261.9,2160.0,1310.775,1000.0,-0.0,0.0,-0.0,-0.0
2021-08-04 00:00:00,-0.0,2167.85,2160.0,793.0270000000005,1000.0,-0.0,0.0,-0.0,-0.0
2021-08-04 01:00:00,-0.0,2087.44,2160.0,728.9360000000001,1000.0,-0.0,0.0,-0.0,-0.0
2021-08-04 02:00:00,-0.0,2039.91,2160.0,679.1779999999997,1000.0,-0.0,0.0,-0.0,-0.0
2021-08-04 03:00:00,-0.0,2037.99,2160.0,681.8439999999998,1000.0,-0.0,0.0,-0.0,-0.0
2021-08-04 04:00:00,-0.0,2089.22,2160.0,751.8300000000004,1000.0,-0.0,0.0,-0.0,-0.0
2021-08-04 05:00:00,123.15936840870255,2194.84,2160.0,742.1976315912975,1000.0,-0.0,0.0,-0.0,-0.0
2021-08-04 06:00:00,680.6967112210448,2349.6800000000003,2160.0,287.0312887789553,1000.0,-0.0,0.0,-0.0,-0.0
2021-08-04 07:00:00,1404.515601180436,2542.7,2160.0,-0.0,595.5713988195644,-0.0,0.0,-0.0,-0.0
2021-08-04 08:00:00,2167.279363527947,2758.4900000000002,1920.415636472053,-0.0,-0.0,-0.0,0.0,-0.0,-0.0
2021-08-04 09:00:00,2871.313292892262,2979.2400000000002,1042.897707107738,-0.0,-0.0,-0.0,0.0,-0.0,-0.0
2021-08-04 10:00:00,3436.276958105008,3187.06,240.66404189499235,-0.0,-0.0,-0.0,0.0,-0.0,-0.0
2021-08-04 11:00:00,3800.996028392857,3094.647971607143,-0.0,-0.0,-0.0,-0.0,0.0,100.0,95.0
2021-08-04 12:00:00,3926.952644905712,2901.154355094288,-0.0,-0.0,-0.0,-0.0,0.0,100.0,189.9905
2021-08-04 13:00:00,3800.996028392857,2993.5819716071433,-0.0,-0.0,-0.0,-0.0,0.0,100.0,284.97150095
2021-08-04 14:00:00,3436.276958105008,3385.6400418949925,-0.0,-0.0,-0.0,-0.0,0.0,100.0,379.943003799905
2021-08-04 15:00:00,2871.313292892262,3656.85,301.99270710773817,-0.0,-0.0,-0.0,0.0,-0.0,379.905009499525
2021-08-04 16:00:00,2167.279363527947,3639.81,1234.6262480525002,-0.0,-0.0,-0.0,0.0,21.192611580447288,400.0
2021-08-04 17:00:00,1404.515601180436,3611.15,2160.0,-0.0,80.27939881956354,-0.0,0.0,-0.0,399.96
2021-08-04 18:00:00,680.6967112210448,3587.19,2160.0,-0.0,1000.0,-0.0,30.14528877895532,-0.0,368.1881210747839
2021-08-04 19:00:00,123.15936840870255,3583.11,2160.0,575.0046315912978,1000.0,-0.0,100.0,-0.0,262.8881443679396
2021-08-04 20:00:00,-0.0,3610.77,2160.0,597.0250000000001,1000.0,-0.0,100.0,-0.0,157.598697658766
2021-08-04 21:00:00,-0.0,3676.9800000000005,2160.0,337.3949999999995,1000.0,-0.0,100.0,-0.0,52.319779894263306
2021-08-04 22:00:00,-0.0,3782.4999999999995,2160.0,52.314179479540144,1000.0,-0.0,49.69882052046019,-0.0,-0.0
2021-08-04 23:00:00,-0.0,3921.79,2160.0,-0.0,770.9899999999998,-0.0,0.0,-0.0,-0.0
2021-08-05 00:00:00,-0.0,4086.97,2155.5440000000003,-0.0,-0.0,-0.0,0.0,-0.0,-0.0
2021-08-05 01:00:00,-0.0,4256.110000000001,1843.0899999999992,-0.0,-0.0,-0.0,0.0,-0.0,-0.0
2021-08-05 02:00:00,-0.0,4414.92,1588.08,-0.0,-0.0,-0.0,0.0,-0.0,-0.0
2021-08-05 03:00:00,-0.0,4545.94,1458.7920000000004,-0.0,-0.0,-0.0,0.0,-0.0,-0.0
2021-08-05 04:00:00,-0.0,4634.14,1492.692,-0.0,-0.0,-0.0,0.0,-0.0,-0.0
2021-08-05 05:00:00,103.0340347036073,4668.900000000001,1574.828965296392,-0.0,-0.0,-0.0,0.0,-0.0,-0.0
2021-08-05 06:00:00,603.8590287848631,4645.43,1355.3639712151369,-0.0,-0.0,-0.0,0.0,-0.0,-0.0
2021-08-05 07:00:00,1259.0339453565189,4565.429999999999,1006.1440546434819,-0.0,-0.0,-0.0,0.0,-0.0,-0.0
2021-08-05 08:00:00,1951.2847765121924,4436.85,586.3432234878073,-0.0,-0.0,-0.0,0.0,-0.0,-0.0
2021-08-05 09:00:00,2591.130525929014,4272.85,158.13147407098586,-0.0,-0.0,-0.0,0.0,-0.0,-0.0
2021-08-05 10:00:00,3105.025847434981,3987.898152565019,-0.0,-0.0,-0.0,-0.0,0.0,100.0,95.0
2021-08-05 11:00:00,3436.945327121045,3587.7796728789554,-0.0,-0.0,-0.0,-0.0,0.0,100.0,189.9905
2021-08-05 12:00:00,3551.601556381285,3405.639443618715,-0.0,-0.0,-0.0,-0.0,0.0,100.0,284.97150095
2021-08-05 13:00:00,3436.945327121045,3486.7136728789546,-0.0,-0.0,-0.0,-0.0,0.0,100.0,379.943003799905
2021-08-05 14:00:00,3105.025847434981,3500.7700000000004,245.04515256501872,-0.0,-0.0,-0.0,0.0,-0.0,379.905009499525
2021-08-05 15:00:00,2591.130525929014,3441.46,926.2264740709861,-0.0,-0.0,-0.0,0.0,-0.0,379.8670189985751
2021-08-05 16:00:00,1951.2847765121924,3418.98,1799.7848210702546,-0.0,-0.0,-0.0,0.0,21.232597582447134,400.0
2021-08-05 17:00:00,1259.0339453565189,3423.89,2160.0,-0.0,540.8420546434809,-0.0,0.0,-0.0,399.96
2021-08-05 18:00:00,603.8590287848631,3442.44,2160.0,278.9779712151369,1000.0,-0.0,100.0,-0.0,294.6568461052632
2021-08-05 19:00:00,103.0340347036073,3458.64,2160.0,846.1659652963929,1000.0,-0.0,100.0,-0.0,189.36422252591586
2021-08-05 20:00:00,-0.0,3456.49,2160.0,877.0880000000006,1000.0,-0.0,100.0,-0.0,84.08212820892645
2021-08-05 21:00:00,-0.0,3422.31,2160.0,737.0929660037,1000.0,-0.0,79.87003399630028,-0.0,-0.0
2021-08-05 22:00:00,-0.0,3346.67,2160.0,661.7539999999999,1000.0,-0.0,0.0,-0.0,-0.0
2021-08-05 23:00:00,-0.0,3225.8599999999997,2160.0,589.7440000000006,1000.0,-0.0,0.0,-0.0,-0.0
2021-08-06 00:00:00,-0.0,3066.0,2160.0,138.39500000000044,1000.0,-0.0,0.0,-0.0,-0.0
2021-08-06 01:00:00,-0.0,2868.7200000000003,2160.0,191.07499999999982,1000.0,-0.0,0.0,-0.0,-0.0
2021-08-06 02:00:00,-0.0,2651.2599999999998,2160.0,310.9510000000005,1000.0,-0.0,0.0,-0.0,-0.0
2021-08-06 03:00:00,-0.0,2430.6,2160.0,531.8629999999998,1000.0,-0.0,0.0,-0.0,-0.0
2021-08-06 04:00:00,-0.0,2224.8399999999997,2160.0,858.1480000000006,1000.0,-0.0,0.0,-0.0,-0.0
2021-08-06 05:00:00,85.60693147065888,2050.77,2160.0,1164.8710685293408,1000.0,-0.0,0.0,-0.0,-0.0
2021-08-06 06:00:00,535.0850947551203,1921.7699999999998,2160.0,1100.5209052448804,1000.0,-0.0,0.0,-0.0,-0.0
2021-08-06 07:00:00,1127.8789031633812,1845.97,2160.0,807.6290968366186,1000.0,-0.0,0.0,-0.0,-0.0
2021-08-06 08:00:00,1755.9167999635602,1825.28,2160.0,342.20820003643985,1000.0,-0.0,0.0,-0.0,-0.0
2021-08-06 09:00:00,2337.2616946711983,1855.13,2160.0,-0.0,776.6173053288016,-0.0,0.0,-0.0,-0.0
2021-08-06 10:00:00,2804.5815975226305,1925.12,2160.0,-0.0,208.0024024773693,-0.0,0.0,-0.0,-0.0
2021-08-06 11:00:00,3106.566809333065,2020.42,2000.3161906669347,-0.0,-0.0,-0.0,0.0,100.0,95.0
2021-08-06 12:00:00,3210.912827660744,2123.81,1722.8121723392564,-0.0,-0.0,-0.0,0.0,100.0,189.9905
2021-08-06 13:00:00,3106.566809333065,2217.92,1697.1021906669348,-0.0,-0.0,-0.0,0.0,100.0,284.97150095
2021-08-06 14:00:00,2804.5815975226305,2287.61,1954.1364024773702,-0.0,-0.0,-0.0,0.0,100.0,379.943003799905
2021-08-06 15:00:00,2337.2616946711983,2321.9300000000003,2160.0,-0.0,232.5933053288013,-0.0,0.0,-0.0,379.905009499525
2021-08-06 16:00:00,1755.9167999635602,2315.55,2160.0,-0.0,1000.0,-0.0,7.72420003643947,-0.0,371.73628211811246
2021-08-06 17:00:00,1127.8789031633812,2269.41,2160.0,814.1850968366191,1000.0,-0.0,100.0,-0.0,266.43595059516383
2021-08-06 18:00:00,535.0850947551203,2190.5099999999998,2160.0,1684.65490524488,1000.0,-0.0,100.0,-0.0,161.1461491053675
2021-08-06 19:00:00,85.60693147065888,2090.91,2160.0,2313.4920685293414,1000.0,-0.0,100.0,-0.0,55.866876595720115
2021-08-06 20:00:00,-0.0,1985.9199999999998,2160.0,2473.890774587342,1000.0,-0.0,53.06822541265752,-0.0,-0.0
2021-08-06 21:00:00,-0.0,1892.0400000000002,2160.0,2423.602,1000.0,-0.0,0.0,-0.0,-0.0
2021-08-06 22:00:00,-0.0,1824.53,2160.0,2257.2710000000006,1000.0,-0.0,0.0,-0.0,-0.0
2021-08-06 23:00:00,-0.0,1795.29,2160.0,2090.642,1000.0,-0.0,0.0,-0.0,-0.0
2021-08-07 00:00:00,-0.0,1814.8600000000001,2160.0,1020.8520000000003,1000.0,-0.0,0.0,-0.0,-0.0
2021-08-07 01:00:00,-0.0,1876.4,2160.0,811.5549999999998,1000.0,-0.0,0.0,-0.0,-0.0
2021-08-07 02:00:00,-0.0,1978.02,2160.0,609.1429999999996,1000.0,-0.0,0.0,-0.0,-0.0
2021-08-07 03:00:00,-0.0,2108.34,2160.0,475.8209999999999,1000.0,-0.0,0.0,-0.0,-0.0
2021-08-07 04:00:00,-0.0,2251.7799999999997,2160.0,449.60699999999997,1000.0,-0.0,0.0,-0.0,-0.0
2021-08-07 05:00:00,84.96950546462419,2390.5,2160.0,440.8374945353755,1000.0,-0.0,0.0,-0.0,-0.0
2021-08-07 06:00:00,570.1930339030309,2506.7099999999996,2160.0,92.15196609696977,1000.0,-0.0,0.0,-0.0,-0.0
2021-08-07 07:00:00,1215.6642225381586,2585.02,2160.0,-0.0,589.0567774618414,-0.0,0.0,-0.0,-0.0
2021-08-07 08:00:00,1901.4479646034804,2614.44,2160.0,-0.0,12.332035396519814,-0.0,0.0,-0.0,-0.0
2021-08-07 09:00:00,2537.1968594960786,2589.79,1603.3581405039217,-0.0,-0.0,-0.0,0.0,-0.0,-0.0
2021-08-07 10:00:00,3048.7095692319162,2512.33,1155.615505509848,-0.0,-0.0,-0.0,0.0,21.121074741764055,20.065021004675852
2021-08-07 11:00:00,3379.4346487319144,2389.6,952.5683512680862,-0.0,-0.0,-0.0,0.0,100.0,115.06301450257538
2021-08-07 12:00:00,3493.7319390761354,2234.31,920.2420609238648,-0.0,-0.0,-0.0,0.0,100.0,210.05150820112513
2021-08-07 13:00:00,3379.4346487319144,2062.67,1166.6633512680855,-0.0,-0.0,-0.0,0.0,100.0,305.030503050305
2021-08-07 14:00:00,3048.7095692319162,1892.18,1689.032430768083,-0.0,-0.0,-0.0,0.0,100.0,400.0
2021-08-07 15:00:00,2537.1968594960786,1739.27,2160.0,-0.0,195.3151405039216,-0.0,0.0,-0.0,399.96
2021-08-07 16:00:00,1901.4479646034804,1617.12,2160.0,37.01403539652006,1000.0,-0.0,100.0,-0.0,294.6568461052632
2021-08-07 17:00:00,1215.6642225381586,1533.93,2160.0,1034.6577774618418,1000.0,-0.0,100.0,-0.0,189.36422252591586
2021-08-07 18:00:00,570.1930339030309,1491.87,2160.0,1917.3489660969694,1000.0,-0.0,100.0,-0.0,84.08212820892645
2021-08-07 19:00:00,84.96950546462419,1486.8200000000002,2160.0,2503.896460539075,1000.0,-0.0,79.87003399630028,-0.0,-0.0
2021-08-07 20:00:00,-0.0,1509.0700000000002,2160.0,2565.743,1000.0,-0.0,0.0,-0.0,-0.0
2021-08-07 21:00:00,-0.0,1544.6699999999998,2160.0,2329.3,1000.0,-0.0,0.0,-0.0,-0.0
2021-08-07 22:00:00,-0.0,1577.4299999999998,2160.0,2059.1020000000003,1000.0,-0.0,0.0,-0.0,-0.0
2021-08-07 23:00:00,-0.0,1591.21,2160.0,1845.8680000000004,1000.0,-0.0,0.0,-0.0,-0.0
2021-08-08 00:00:00,-0.0,1576.23,2160.0,1243.4479999999999,1000.0,-0.0,0.0,-0.0,-0.0
2021-08-08 01:00:00,-0.0,1515.0900000000001,2160.0,1153.2789999999995,1000.0,-0.0,0.0,-0.0,-0.0
2021-08-08 02:00:00,-0.0,1408.06,2160.0,1155.9869999999996,1000.0,-0.0,0.0,-0.0,-0.0
2021-08-08 03:00:00,-0.0,1257.79,2160.0,1299.7489999999998,1000.0,-0.0,0.0,-0.0,-0.0
2021-08-08 04:00:00,-0.0,1073.08,2160.0,1598.2060000000001,1000.0,-0.0,0.0,-0.0,-0.0
2021-08-08 05:00:00,95.32303661118765,867.8,2160.0,1919.6349633888121,1000.0,-0.0,0.0,-0.0,-0.0
2021-08-08 06:00:00,692.1208705136665,659.15,2160.0,1780.8201294863338,1000.0,-0.0,0.0,-0.0,-0.0
2021-08-08 07:00:00,1493.3282284872696,465.44,2160.0,1390.62877151273,1000.0,-0.0,0.0,-0.0,-0.0
2021-08-08 08:00:00,2347.0582516377312,303.77000000000004,2160.0,833.7067483622682,1000.0,-0.0,0.0,-0.0,-0.0
2021-08-08 09:00:00,3139.73152745287,300.0,2160.0,83.62947254712981,1000.0,-0.0,0.0,-0.0,-0.0
2021-08-08 10:00:00,3778.0982009916106,300.0,2160.0,-0.0,407.19779900838967,-0.0,0.0,-0.0,-0.0
2021-08-08 11:00:00,4191.057423872085,300.0,2160.0,-0.0,-0.0,-0.0,0.0,82.8994238720843,78.75445267848008
2021-08-08 12:00:00,4333.822283417854,300.0,1957.8587165821455,-0.0,-0.0,-0.0,0.0,100.0,173.74657723321224
2021-08-08 13:00:00,4191.057423872085,300.0,2058.0025761279157,-0.0,-0.0,-0.0,0.0,100.0,268.7292025754889
2021-08-08 14:00:00,3778.0982009916106,373.88,2160.0,-0.0,155.18679900838924,-0.0,0.0,-0.0,268.7023296552313
2021-08-08 15:00:00,3139.73152745287,501.87,2160.0,-0.0,764.4304725471302,-0.0,0.0,-0.0,268.6754594222658
2021-08-08 16:00:00,2347.0582516377312,623.87,2160.0,515.9727483622687,1000.0,-0.0,100.0,-0.0,163.3854339815868
2021-08-08 17:00:00,1493.3282284872696,725.11,2160.0,1494.2647715127305,1000.0,-0.0,100.0,-0.0,58.105937543451816
2021-08-08 18:00:00,692.1208705136665,794.97,2160.0,2462.773008884121,1000.0,-0.0,55.1951206022126,-0.0,-0.0
2021-08-08 19:00:00,95.32303661118765,828.46,2160.0,3154.683963388812,1000.0,-0.0,0.0,-0.0,-0.0
2021-08-08 20:00:00,-0.0,826.82,2160.0,3168.2380000000003,1000.0,-0.0,0.0,-0.0,-0.0
2021-08-08 21:00:00,-0.0,797.31,2160.0,2994.3120000000004,1000.0,-0.0,0.0,-0.0,-0.0
2021-08-08 22:00:00,-0.0,752.18,2160.0,2799.484,1000.0,-0.0,0.0,-0.0,-0.0
2021-08-08 23:00:00,-0.0,706.9499999999999,2160.0,2642.817,1000.0,-0.0,0.0,-0.0,-0.0
2021-08-09 00:00:00,-0.0,682.42,2160.0,2483.9700000000003,1000.0,-0.0,0.0,-0.0,-0.0
2021-08-09 01:00:00,-0.0,685.53,2160.0,2327.268,1000.0,-0.0,0.0,-0.0,-0.0
2021-08-09 02:00:00,-0.0,732.41,2160.0,2173.865,1000.0,-0.0,0.0,-0.0,-0.0
2021-08-09 03:00:00,-0.0,829.8,2160.0,2067.8499999999995,1000.0,-0.0,0.0,-0.0,-0.0
2021-08-09 04:00:00,-0.0,978.28,2160.0,2031.0860000000002,1000.0,-0.0,0.0,-0.0,-0.0
2021-08-09 05:00:00,98.25643395934729,1172.03,2160.0,1948.6085660406534,1000.0,-0.0,0.0,-0.0,-0.0
2021-08-09 06:00:00,779.0521628123975,1399.5,2160.0,1287.8228371876025,1000.0,-0.0,0.0,-0.0,-0.0
2021-08-09 07:00:00,1701.9955107346257,1644.83,2160.0,335.0934892653743,1000.0,-0.0,0.0,-0.0,-0.0
2021-08-09 08:00:00,2688.433915180309,1889.85,2160.0,-0.0,237.1030848196906,-0.0,0.0,-0.0,-0.0
2021-08-09 09:00:00,3605.7889554962335,2116.42,1290.4280445037662,-0.0,-0.0,-0.0,0.0,-0.0,-0.0
2021-08-09 10:00:00,4345.265008516477,2308.73,319.0969914835223,-0.0,-0.0,-0.0,0.0,-0.0,-0.0
2021-08-09 11:00:00,4823.903864426526,2170.666135573474,-0.0,-0.0,-0.0,-0.0,0.0,100.0,95.0
2021-08-09 12:00:00,4989.418024925533,1927.3889750744665,-0.0,-0.0,-0.0,-0.0,0.0,100.0,189.9905
2021-08-09 13:00:00,4823.903864426526,2049.095135573474,-0.0,-0.0,-0.0,-0.0,0.0,100.0,284.97150095
2021-08-09 14:00:00,4345.265008516477,2544.751991483523,-0.0,-0.0,-0.0,-0.0,0.0,100.0,379.943003799905
2021-08-09 15:00:00,3605.7889554962335,2565.0699999999997,717.039044503767,-0.0,-0.0,-0.0,0.0,-0.0,379.905009499525
2021-08-09 16:00:00,2688.433915180309,2518.32,1882.3196964001377,-0.0,-0.0,-0.0,0.0,21.192611580447288,400.0
2021-08-09 17:00:00,1701.9955107346257,2472.46,2160.0,-0.0,958.4454892653741,-0.0,0.0,-0.0,399.96
2021-08-09 18:00:00,779.0521628123975,2443.29,2160.0,1002.235837187603,1000.0,-0.0,100.0,-0.0,294.6568461052632
2021-08-09 19:00:00,98.25643395934729,2443.37,2160.0,1755.7835660406527,1000.0,-0.0,100.0,-0.0,189.36422252591586
2021-08-09 20:00:00,-0.0,2480.28,2160.0,1733.2490000000003,1000.0,-0.0,100.0,-0.0,84.08212820892645
2021-08-09 21:00:00,-0.0,2555.58,2160.0,1474.2739660037,1000.0,-0.0,79.87003399630028,-0.0,-0.0
2021-08-09 22:00:00,-0.0,2664.57,2160.0,1204.9339999999997,1000.0,-0.0,0.0,-0.0,-0.0
2021-08-09 23:00:00,-0.0,2796.98,2160.0,870.4689999999996,1000.0,-0.0,0.0,-0.0,-0.0
2021-08-10 00:00:00,-0.0,2942.74,2160.0,105.3690000000006,1000.0,-0.0,0.0,-0.0,-0.0
2021-08-10 01:00:00,-0.0,3076.34,2160.0,-0.0,818.2290000000003,-0.0,0.0,-0.0,-0.0
2021-08-10 02:00:00,-0.0,3185.6299999999997,2160.0,-0.0,602.5740000000001,-0.0,0.0,-0.0,-0.0
2021-08-10 03:00:00,-0.0,3256.42,2160.0,-0.0,523.4219999999996,-0.0,0.0,-0.0,-0.0
2021-08-10 04:00:00,-0.0,3278.92,2160.0,-0.0,613.0060000000003,-0.0,0.0,-0.0,-0.0
2021-08-10 05:00:00,87.14170476674241,3249.14,2160.0,-0.0,765.6442952332582,-0.0,0.0,-0.0,-0.0
2021-08-10 06:00:00,762.9308546015201,3169.48,2160.0,-0.0,417.57114539847987,-0.0,0.0,-0.0,-0.0
2021-08-10 07:00:00,1688.6838278319012,3048.5699999999997,1988.9521721680992,-0.0,-0.0,-0.0,0.0,-0.0,-0.0
2021-08-10 08:00:00,2681.2427596559182,2900.14,1279.0742403440822,-0.0,-0.0,-0.0,0.0,-0.0,-0.0
2021-08-10 09:00:00,3605.813709904235,2741.3199999999997,551.4582900957648,-0.0,-0.0,-0.0,0.0,-0.0,-0.0
2021-08-10 10:00:00,4351.8373038408345,2590.4500000000003,-0.0,-0.0,-0.0,-0.0,0.0,82.25430384083393,78.14158864879222
2021-08-10 11:00:00,4834.993839211129,2047.6051607888712,-0.0,-0.0,-0.0,-0.0,0.0,100.0,173.13377448992736
2021-08-10 12:00:00,5002.110847628224,1803.9121523717758,-0.0,-0.0,-0.0,-0.0,0.0,100.0,268.11646111247836
2021-08-10 13:00:00,4834.993839211129,1928.5071607888713,-0.0,-0.0,-0.0,-0.0,0.0,100.0,363.0896494663671
2021-08-10 14:00:00,4351.8373038408345,2348.92,-0.0,-0.0,-0.0,-0.0,0.0,18.855303840834495,380.96587915021325
2021-08-10 15:00:00,3605.813709904235,2405.58,769.8702900957651,-0.0,-0.0,-0.0,0.0,-0.0,380.92778256229826
2021-08-10 16:00:00,2681.2427596559182,2498.6,1803.0963563608793,-0.0,-0.0,-0.0,0.0,20.116116016797847,400.0
2021-08-10 17:00:00,1688.6838278319012,2613.92,2160.0,-0.0,726.9081721680984,-0.0,0.0,-0.0,399.96
2021-08-10 18:00:00,762.9308546015201,2735.05,2160.0,624.9701453984799,1000.0,-0.0,100.0,-0.0,294.6568461052632
2021-08-10 19:00:00,87.14170476674241,2845.45,2160.0,1265.0442952332583,1000.0,-0.0,100.0,-0.0,189.36422252591586
2021-08-10 20:00:00,-0.0,2930.77,2160.0,1184.9280000000003,1000.0,-0.0,100.0,-0.0,84.08212820892645
2021-08-10 21:00:00,-0.0,2980.86,2160.0,953.1949660036998,1000.0,-0.0,79.87003399630028,-0.0,-0.0
2021-08-10 22:00:00,-0.0,2991.18,2160.0,784.6410000000001,1000.0,-0.0,0.0,-0.0,-0.0
2021-08-10 23:00:00,-0.0,2963.4100000000003,2160.0,612.5579999999995,1000.0,-0.0,0.0,-0.0,-0.0
2021-08-11 00:00:00,-0.0,2909.95,2160.0,49.197000000000116,1000.0,-0.0,0.0,-0.0,-0.0
2021-08-11 01:00:00,-0.0,2834.1899999999996,2160.0,-0.0,973.781,-0.0,0.0,-0.0,-0.0
2021-08-11 02:00:00,-0.0,2756.74,2160.0,-0.0,947.3090000000002,-0.0,0.0,-0.0,-0.0
2021-08-11 03:00:00,-0.0,2694.62,2160.0,3.58600000000024,1000.0,-0.0,0.0,-0.0,-0.0
2021-08-11 04:00:00,-0.0,2663.56,2160.0,149.32400000000007,1000.0,-0.0,0.0,-0.0,-0.0
2021-08-11 05:00:00,71.67019976590042,2675.83,2160.0,278.04980023409985,1000.0,-0.0,0.0,-0.0,-0.0
2021-08-11 06:00:00,702.2082917742155,2738.53,2160.0,-0.0,835.603708225784,-0.0,0.0,-0.0,-0.0
2021-08-11 07:00:00,1575.6861439077516,2852.5,2160.0,-0.0,67.18285609224813,-0.0,0.0,-0.0,-0.0
2021-08-11 08:00:00,2515.2706426088857,3012.18,1265.038357391114,-0.0,-0.0,-0.0,0.0,-0.0,-0.0
2021-08-11 09:00:00,3391.9727563845972,3206.21,235.37324361540232,-0.0,-0.0,-0.0,0.0,-0.0,-0.0
2021-08-11 10:00:00,4100.084974467134,2697.903025532866,-0.0,-0.0,-0.0,-0.0,0.0,-0.0,-0.0
2021-08-11 11:00:00,4558.957435588107,2185.7676391536575,-0.0,-0.0,-0.0,-0.0,0.0,21.121074741764055,20.065021004675852
2021-08-11 12:00:00,4717.719831304747,2032.4131686952533,-0.0,-0.0,-0.0,-0.0,0.0,100.0,115.06301450257538
2021-08-11 13:00:00,4558.957435588107,2151.810564411893,-0.0,-0.0,-0.0,-0.0,0.0,100.0,210.05150820112513
2021-08-11 14:00:00,4100.084974467134,2632.2920255328663,-0.0,-0.0,-0.0,-0.0,0.0,100.0,305.030503050305
2021-08-11 15:00:00,3391.9727563845972,3443.020243615403,-0.0,-0.0,-0.0,-0.0,0.0,100.0,400.0
2021-08-11 16:00:00,2515.2706426088857,4191.74,212.84035739111414,-0.0,-0.0,-0.0,0.0,-0.0,399.96
2021-08-11 17:00:00,1575.6861439077516,4165.4400000000005,1408.8380624080378,-0.0,-0.0,-0.0,0.0,0.08420631578946756,400.0
2021-08-11 18:00:00,702.2082917742155,4107.81,2160.0,-0.0,280.68889176202345,-0.0,95.99181646376027,-0.0,298.915982669726
2021-08-11 19:00:00,71.67019976590042,4034.17,2160.0,58.9598002340997,1000.0,-0.0,100.0,-0.0,193.62293317672223
2021-08-11 20:00:00,-0.0,3961.1000000000004,2160.0,125.21000000000004,1000.0,-0.0,100.0,-0.0,88.34041298866772
2021-08-11 21:00:00,-0.0,3904.1,2160.0,-0.0,1000.0,-0.0,83.91500000000042,-0.0,-0.0
2021-08-11 22:00:00,-0.0,3875.36,2160.0,-0.0,878.0579999999995,-0.0,0.0,-0.0,-0.0
2021-08-11 23:00:00,-0.0,3882.12,2160.0,-0.0,674.9750000000004,-0.0,0.0,-0.0,-0.0
2021-08-12 00:00:00,-0.0,3930.42,2160.0,-0.0,13.639000000000124,-0.0,0.0,-0.0,-0.0
2021-08-12 01:00:00,-0.0,4005.48,1950.9730000000004,-0.0,-0.0,-0.0,0.0,-0.0,-0.0
2021-08-12 02:00:00,-0.0,4101.49,1754.6260000000002,-0.0,-0.0,-0.0,0.0,-0.0,-0.0
2021-08-12 03:00:00,-0.0,4203.63,1650.2399999999998,-0.0,-0.0,-0.0,0.0,-0.0,-0.0
2021-08-12 04:00:00,-0.0,4294.86,1677.2940000000008,-0.0,-0.0,-0.0,0.0,-0.0,-0.0
2021-08-12 05:00:00,60.26460627927971,4358.28,1769.8883937207206,-0.0,-0.0,-0.0,0.0,-0.0,-0.0
2021-08-12 06:00:00,672.0512342265743,4379.4,1391.3887657734263,-0.0,-0.0,-0.0,0.0,-0.0,-0.0
2021-08-12 07:00:00,1529.7790942692534,4348.17,787.5339057307467,-0.0,-0.0,-0.0,0.0,-0.0,-0.0
2021-08-12 08:00:00,2455.5506333056355,4260.34,90.32536669436467,-0.0,-0.0,-0.0,0.0,-0.0,-0.0
2021-08-12 09:00:00,3320.878096604728,3530.009903395272,-0.0,-0.0,-0.0,-0.0,0.0,-0.0,-0.0
2021-08-12 10:00:00,4020.5304957528047,2819.508578988959,-0.0,-0.0,-0.0,-0.0,0.0,21.121074741764055,20.065021004675852
2021-08-12 11:00:00,4474.192153989494,2373.9258460105066,-0.0,-0.0,-0.0,-0.0,0.0,100.0,115.06301450257538
2021-08-12 12:00:00,4631.190798136037,2147.0262018639623,-0.0,-0.0,-0.0,-0.0,0.0,100.0,210.05150820112513
2021-08-12 13:00:00,4474.192153989494,2268.2118460105066,-0.0,-0.0,-0.0,-0.0,0.0,100.0,305.030503050305
2021-08-12 14:00:00,4020.5304957528047,2747.012504247195,-0.0,-0.0,-0.0,-0.0,0.0,100.0,400.0
2021-08-12 15:00:00,3320.878096604728,2851.3300000000004,601.4569033952716,-0.0,-0.0,-0.0,0.0,-0.0,399.96
2021-08-12 16:00:00,2455.5506333056355,2716.4,1790.1345730101539,-0.0,-0.0,-0.0,0.0,0.08420631578946756,400.0
2021-08-12 17:00:00,1529.7790942692534,2627.21,2160.0,-0.0,878.4909057307461,-0.0,0.0,-0.0,399.96
2021-08-12 18:00:00,672.0512342265743,2580.1000000000004,2160.0,883.5627657734253,1000.0,-0.0,100.0,-0.0,294.6568461052632
2021-08-12 19:00:00,60.26460627927971,2565.69,2160.0,1591.2393937207207,1000.0,-0.0,100.0,-0.0,189.36422252591586
2021-08-12 20:00:00,-0.0,2570.2999999999997,2160.0,1571.7450000000003,1000.0,-0.0,100.0,-0.0,84.08212820892645
2021-08-12 21:00:00,-0.0,2577.88,2160.0,1389.2989660036997,1000.0,-0.0,79.87003399630028,-0.0,-0.0
2021-08-12 22:00:00,-0.0,2572.34,2160.0,1243.3670000000002,1000.0,-0.0,0.0,-0.0,-0.0
2021-08-12 23:00:00,-0.0,2539.8500000000004,2160.0,1082.7399999999998,1000.0,-0.0,0.0,-0.0,-0.0
2021-08-13 00:00:00,-0.0,2475.88,2160.0,537.0649999999996,1000.0,-0.0,0.0,-0.0,-0.0
2021-08-13 01:00:00,-0.0,2366.27,2160.0,502.17300000000023,1000.0,-0.0,0.0,-0.0,-0.0
2021-08-13 02:00:00,-0.0,2218.4100000000003,2160.0,552.7459999999996,1000.0,-0.0,0.0,-0.0,-0.0
2021-08-13 03:00:00,-0.0,2040.6299999999999,2160.0,731.2720000000002,1000.0,-0.0,0.0,-0.0,-0.0
2021-08-13 04:00:00,-0.0,1846.24,2160.0,1046.8770000000002,1000.0,-0.0,0.0,-0.0,-0.0
2021-08-13 05:00:00,50.18337362073107,1651.82,2160.0,1410.2616263792697,1000.0,-0.0,0.0,-0.0,-0.0
2021-08-13 06:00:00,650.750066141415,1475.01,2160.0,1243.7159338585843,1000.0,-0.0,0.0,-0.0,-0.0
2021-08-13 07:00:00,1503.7127026438347,1332.14,2160.0,759.0012973561652,1000.0,-0.0,0.0,-0.0,-0.0
2021-08-13 08:00:00,2427.590529468114,1236.08,2160.0,74.58147053188668,1000.0,-0.0,0.0,-0.0,-0.0
2021-08-13 09:00:00,3292.6952030951948,1194.47,2160.0,-0.0,298.3537969048052,-0.0,0.0,-0.0,-0.0
2021-08-13 10:00:00,3992.9107650253013,1208.73,1714.4272349746984,-0.0,-0.0,-0.0,0.0,-0.0,-0.0
2021-08-13 11:00:00,4447.222226472026,1273.77,1147.8398482697394,-0.0,-0.0,-0.0,0.0,21.121074741764055,20.065021004675852
2021-08-13 12:00:00,4604.499357708585,1378.72,896.9556422914147,-0.0,-0.0,-0.0,0.0,100.0,115.06301450257538
2021-08-13 13:00:00,4447.222226472026,1508.27,891.1527735279742,-0.0,-0.0,-0.0,0.0,100.0,210.05150820112513
2021-08-13 14:00:00,3992.9107650253013,1644.74,1236.3342349746986,-0.0,-0.0,-0.0,0.0,100.0,305.030503050305
2021-08-13 15:00:00,3292.6952030951948,1770.36,1919.1687969048057,-0.0,-0.0,-0.0,0.0,100.0,400.0
2021-08-13 16:00:00,2427.590529468114,1869.59,2160.0,-0.0,615.4104705318864,-0.0,0.0,-0.0,399.96
2021-08-13 17:00:00,1503.7127026438347,1931.13,2160.0,613.1692973561649,1000.0,-0.0,100.0,-0.0,294.6568461052632
2021-08-13 18:00:00,650.750066141415,1949.34,2160.0,1650.009933858585,1000.0,-0.0,100.0,-0.0,189.36422252591586
2021-08-13 19:00:00,50.18337362073107,1924.9099999999999,2160.0,2358.248626379269,1000.0,-0.0,100.0,-0.0,84.08212820892645
2021-08-13 20:00:00,-0.0,1864.6399999999999,2160.0,2415.3529660037,1000.0,-0.0,79.87003399630028,-0.0,-0.0
2021-08-13 21:00:00,-0.0,1780.4,2160.0,2386.043,1000.0,-0.0,0.0,-0.0,-0.0
2021-08-13 22:00:00,-0.0,1687.45,2160.0,2249.13,1000.0,-0.0,0.0,-0.0,-0.0
2021-08-13 23:00:00,-0.0,1602.2,2160.0,2142.648,1000.0,-0.0,0.0,-0.0,-0.0
2021-08-14 00:00:00,-0.0,1545.25,2160.0,1155.3199999999997,1000.0,-0.0,0.0,-0.0,-0.0
2021-08-14 01:00:00,-0.0,1517.94,2160.0,1039.3160000000003,1000.0,-0.0,0.0,-0.0,-0.0
2021-08-14 02:00:00,-0.0,1532.51,2160.0,928.5450000000003,1000.0,-0.0,0.0,-0.0,-0.0
2021-08-14 03:00:00,-0.0,1589.7900000000002,2160.0,872.9979999999994,1000.0,-0.0,0.0,-0.0,-0.0
2021-08-14 04:00:00,-0.0,1684.33,2160.0,900.558,1000.0,-0.0,0.0,-0.0,-0.0
2021-08-14 05:00:00,36.90263372800831,1805.08,2160.0,962.8363662719921,1000.0,-0.0,0.0,-0.0,-0.0
2021-08-14 06:00:00,572.3404787971477,1936.7400000000002,2160.0,553.628521202852,1000.0,-0.0,0.0,-0.0,-0.0
2021-08-14 07:00:00,1343.5516828751183,2061.83,2160.0,-0.0,883.2823171248815,-0.0,0.0,-0.0,-0.0
2021-08-14 08:00:00,2181.933973064745,2162.95,2160.0,-0.0,87.65002693525503,-0.0,0.0,-0.0,-0.0
2021-08-14 09:00:00,2968.4372126855474,2225.15,1446.5807873144527,-0.0,-0.0,-0.0,0.0,-0.0,-0.0
2021-08-14 10:00:00,3605.7270694762306,2237.8700000000003,767.3829305237682,-0.0,-0.0,-0.0,0.0,-0.0,-0.0
2021-08-14 11:00:00,4019.478433412747,2196.37,348.0536413290174,-0.0,-0.0,-0.0,0.0,21.121074741764055,20.065021004675852
2021-08-14 12:00:00,4162.750758322544,2102.4,310.1452416774564,-0.0,-0.0,-0.0,0.0,100.0,115.06301450257538
2021-08-14 13:00:00,4019.478433412747,1963.9499999999998,558.285566587253,-0.0,-0.0,-0.0,0.0,100.0,210.05150820112513
2021-08-14 14:00:00,3605.7270694762306,1794.24,1168.9299305237696,-0.0,-0.0,-0.0,0.0,100.0,305.030503050305
2021-08-14 15:00:00,2968.4372126855474,1609.9099999999999,2098.5257873144524,-0.0,-0.0,-0.0,0.0,100.0,400.0
2021-08-14 16:00:00,2181.933973064745,1428.9199999999998,2160.0,-0.0,996.0180269352554,-0.0,0.0,-0.0,399.96
2021-08-14 17:00:00,1343.5516828751183,1268.1200000000001,2160.0,1130.1493171248817,1000.0,-0.0,100.0,-0.0,294.6568461052632
2021-08-14 18:00:00,572.3404787971477,1141.09,2160.0,2229.902521202852,1000.0,-0.0,100.0,-0.0,189.36422252591586
2021-08-14 19:00:00,36.90263372800831,1056.3899999999999,2160.0,2932.6033662719915,1000.0,-0.0,100.0,-0.0,84.08212820892645
2021-08-14 20:00:00,-0.0,1016.5100000000001,2160.0,2955.2539660036996,1000.0,-0.0,79.87003399630028,-0.0,-0.0
2021-08-14 21:00:00,-0.0,1017.64,2160.0,2839.689,1000.0,-0.0,0.0,-0.0,-0.0
2021-08-14 22:00:00,-0.0,1050.27,2160.0,2576.2099999999996,1000.0,-0.0,0.0,-0.0,-0.0
2021-08-14 23:00:00,-0.0,1100.6499999999999,2160.0,2333.01,1000.0,-0.0,0.0,-0.0,-0.0
2021-08-15 00:00:00,-0.0,1158.24,2160.0,1666.3310000000001,1000.0,-0.0,0.0,-0.0,-0.0
2021-08-15 01:00:00,-0.0,1195.95,2160.0,1484.0209999999997,1000.0,-0.0,0.0,-0.0,-0.0
2021-08-15 02:00:00,-0.0,1205.53,2160.0,1376.857,1000.0,-0.0,0.0,-0.0,-0.0
2021-08-15 03:00:00,-0.0,1177.5,2160.0,1405.1390000000001,1000.0,-0.0,0.0,-0.0,-0.0
2021-08-15 04:00:00,-0.0,1108.07,2160.0,1595.094,1000.0,-0.0,0.0,-0.0,-0.0
2021-08-15 05:00:00,23.430047173275103,999.72,2160.0,1898.274952826725,1000.0,-0.0,0.0,-0.0,-0.0
2021-08-15 06:00:00,451.7555688205853,861.04,2160.0,1864.7574311794147,1000.0,-0.0,0.0,-0.0,-0.0
2021-08-15 07:00:00,1078.172051896676,705.64,2160.0,1617.8419481033243,1000.0,-0.0,0.0,-0.0,-0.0
2021-08-15 08:00:00,1761.7278972418765,550.38,2160.0,1231.4731027581238,1000.0,-0.0,0.0,-0.0,-0.0
2021-08-15 09:00:00,2404.2161797128415,413.24,2160.0,771.7288202871591,1000.0,-0.0,0.0,-0.0,-0.0
2021-08-15 10:00:00,2925.395485773205,310.89,2160.0,321.5945142267947,1000.0,-0.0,0.0,-0.0,-0.0
2021-08-15 11:00:00,3263.9862784156317,300.0,2160.0,-0.0,923.4927215843686,-0.0,0.0,-0.0,-0.0
2021-08-15 12:00:00,3381.266474924015,300.0,2160.0,-0.0,736.4455250759856,-0.0,0.0,-0.0,-0.0
2021-08-15 13:00:00,3263.9862784156317,317.7,2160.0,-0.0,800.0787215843689,-0.0,0.0,-0.0,-0.0
2021-08-15 14:00:00,2925.395485773205,430.21999999999997,2160.0,50.8895142267952,1000.0,-0.0,0.0,-0.0,-0.0
2021-08-15 15:00:00,2404.2161797128415,585.24,2160.0,522.504820287159,1000.0,-0.0,0.0,-0.0,-0.0
2021-08-15 16:00:00,1761.7278972418765,767.79,2160.0,1169.849102758124,1000.0,-0.0,0.0,-0.0,-0.0
2021-08-15 17:00:00,1078.172051896676,960.46,2160.0,1893.018948103324,1000.0,-0.0,0.0,-0.0,-0.0
2021-08-15 18:00:00,451.7555688205853,1145.74,2160.0,2532.9304311794153,1000.0,-0.0,0.0,-0.0,-0.0
2021-08-15 19:00:00,23.430047173275103,1308.32,2160.0,2878.4349528267257,1000.0,-0.0,0.0,-0.0,-0.0
2021-08-15 20:00:00,-0.0,1437.07,2160.0,2695.9850000000006,1000.0,-0.0,0.0,-0.0,-0.0
2021-08-15 21:00:00,-0.0,1526.49,2160.0,2409.3280000000004,1000.0,-0.0,0.0,-0.0,-0.0
2021-08-15 22:00:00,-0.0,1577.37,2160.0,2124.607,1000.0,-0.0,0.0,-0.0,-0.0
2021-08-15 23:00:00,-0.0,1596.54,2160.0,1909.5680000000002,1000.0,-0.0,0.0,-0.0,-0.0
2021-08-16 00:00:00,-0.0,1601.6,2160.0,1728.6889999999999,1000.0,-0.0,0.0,-0.0,-0.0
2021-08-16 01:00:00,-0.0,1596.25,2160.0,1586.281,1000.0,-0.0,0.0,-0.0,-0.0
2021-08-16 02:00:00,-0.0,1602.53,2160.0,1479.21,1000.0,-0.0,0.0,-0.0,-0.0
2021-08-16 03:00:00,-0.0,1635.55,2160.0,1443.187,1000.0,-0.0,0.0,-0.0,-0.0
2021-08-16 04:00:00,-0.0,1707.04,2160.0,1488.9229999999998,1000.0,-0.0,0.0,-0.0,-0.0
2021-08-16 05:00:00,15.087811676821106,1823.6399999999999,2160.0,1572.1551883231787,1000.0,-0.0,0.0,-0.0,-0.0
2021-08-16 06:00:00,382.5979414668217,1985.8400000000001,2160.0,1295.1940585331777,1000.0,-0.0,0.0,-0.0,-0.0
2021-08-16 07:00:00,929.1381385245653,2187.83,2160.0,767.3498614754349,1000.0,-0.0,0.0,-0.0,-0.0
2021-08-16 08:00:00,1527.8791934551498,2418.11,2160.0,76.80680654485036,1000.0,-0.0,0.0,-0.0,-0.0
2021-08-16 09:00:00,2091.7536647158367,2660.9100000000003,2160.0,-0.0,312.2573352841632,-0.0,0.0,-0.0,-0.0
2021-08-16 10:00:00,2549.691646934759,2898.25,1742.1683530652408,-0.0,-0.0,-0.0,0.0,-0.0,-0.0
2021-08-16 11:00:00,2847.39434616096,3112.21,1177.6967285808046,-0.0,-0.0,-0.0,0.0,21.121074741764055,20.065021004675852
2021-08-16 12:00:00,2950.545964302574,3287.25,905.0640356974259,-0.0,-0.0,-0.0,0.0,100.0,115.06301450257538
2021-08-16 13:00:00,2847.39434616096,3412.23,843.7196538390399,-0.0,-0.0,-0.0,0.0,100.0,210.05150820112513
2021-08-16 14:00:00,2549.691646934759,3481.84,1092.9673530652408,-0.0,-0.0,-0.0,0.0,100.0,305.030503050305
2021-08-16 15:00:00,2091.7536647158367,3497.21,1637.3943352841634,-0.0,-0.0,-0.0,0.0,100.0,400.0
2021-08-16 16:00:00,1527.8791934551498,3465.73,2160.0,-0.0,156.54880654485055,-0.0,0.0,-0.0,399.96
2021-08-16 17:00:00,929.1381385245653,3400.0099999999998,2160.0,-0.0,1000.0,-0.0,49.680861475434654,-0.0,347.62436034164773
2021-08-16 18:00:00,382.5979414668217,3316.1200000000003,2160.0,775.2710585331774,1000.0,-0.0,100.0,-0.0,242.32644001087675
2021-08-16 19:00:00,15.087811676821106,3231.44,2160.0,1303.6051883231785,1000.0,-0.0,100.0,-0.0,137.03904947213886
2021-08-16 20:00:00,-0.0,3162.28,2160.0,1307.1100000000001,1000.0,-0.0,100.0,-0.0,31.7621876724548
2021-08-16 21:00:00,-0.0,3121.7099999999996,2160.0,1216.665939118997,1000.0,-0.0,30.17106088100318,-0.0,-0.0
2021-08-16 22:00:00,-0.0,3117.81,2160.0,1013.2990000000004,1000.0,-0.0,0.0,-0.0,-0.0
2021-08-16 23:00:00,-0.0,3152.64,2160.0,779.0140000000006,1000.0,-0.0,0.0,-0.0,-0.0
2021-08-17 00:00:00,-0.0,3227.94,2160.0,88.40000000000009,1000.0,-0.0,0.0,-0.0,-0.0
2021-08-17 01:00:00,-0.0,3321.96,2160.0,-0.0,843.0709999999999,-0.0,0.0,-0.0,-0.0
2021-08-17 02:00:00,-0.0,3426.61,2160.0,-0.0,634.0999999999999,-0.0,0.0,-0.0,-0.0
2021-08-17 03:00:00,-0.0,3525.6,2160.0,-0.0,528.6010000000001,-0.0,0.0,-0.0,-0.0
2021-08-17 04:00:00,-0.0,3602.72,2160.0,-0.0,565.2289999999998,-0.0,0.0,-0.0,-0.0
2021-08-17 05:00:00,11.275632844613641,3644.0699999999997,2160.0,-0.0,724.0743671553868,-0.0,0.0,-0.0,-0.0
2021-08-17 06:00:00,410.65706293634867,3640.14,2160.0,-0.0,577.9559370636512,-0.0,0.0,-0.0,-0.0
2021-08-17 07:00:00,1015.6733602952747,3587.13,2160.0,-0.0,243.25663970472556,-0.0,0.0,-0.0,-0.0
2021-08-17 08:00:00,1681.1956194114937,3487.6000000000004,1972.4023805885063,-0.0,-0.0,-0.0,0.0,-0.0,-0.0
2021-08-17 09:00:00,2309.221139007672,3350.2599999999998,1520.5428609923288,-0.0,-0.0,-0.0,0.0,-0.0,-0.0
2021-08-17 10:00:00,2819.867444463462,3188.91,1135.2980966671453,-0.0,-0.0,-0.0,0.0,2.1175411306074174,2.0116640740770464
2021-08-17 11:00:00,3152.059222637541,3020.66,992.1007773624588,-0.0,-0.0,-0.0,0.0,100.0,97.01146290766964
2021-08-17 12:00:00,3267.198162853807,2863.76,957.3858371461929,-0.0,-0.0,-0.0,0.0,100.0,192.00176176137887
2021-08-17 13:00:00,3152.059222637541,2735.23,1158.4337773624593,-0.0,-0.0,-0.0,0.0,100.0,286.98256158520275
2021-08-17 14:00:00,2819.867444463462,2648.67,1595.2905555365382,-0.0,-0.0,-0.0,0.0,100.0,381.9538633290442
2021-08-17 15:00:00,2309.221139007672,2612.51,2160.0,-0.0,-0.0,-0.0,0.0,19.03613900767232,400.0
2021-08-17 16:00:00,1681.1956194114937,2628.96,2160.0,-0.0,773.4073805885064,-0.0,0.0,-0.0,399.96
2021-08-17 17:00:00,1015.6733602952747,2693.76,2160.0,499.93263970472503,1000.0,-0.0,100.0,-0.0,294.6568461052632
2021-08-17 18:00:00,410.65706293634867,2796.8500000000004,2160.0,1194.2149370636507,1000.0,-0.0,100.0,-0.0,189.36422252591586
2021-08-17 19:00:00,11.275632844613641,2923.77,2160.0,1540.0843671553866,1000.0,-0.0,100.0,-0.0,84.08212820892645
2021-08-17 20:00:00,-0.0,3057.64,2160.0,1354.2109660036995,1000.0,-0.0,79.87003399630028,-0.0,-0.0
2021-08-17 21:00:00,-0.0,3181.4500000000003,2160.0,1106.8349999999996,1000.0,-0.0,0.0,-0.0,-0.0
2021-08-17 22:00:00,-0.0,3280.42,2160.0,767.9070000000002,1000.0,-0.0,0.0,-0.0,-0.0
2021-08-17 23:00:00,-0.0,3343.91,2160.0,502.52000000000044,1000.0,-0.0,0.0,-0.0,-0.0
2021-08-18 00:00:00,-0.0,3373.09,2160.0,-0.0,855.8829999999998,-0.0,0.0,-0.0,-0.0
2021-08-18 01:00:00,-0.0,3356.85,2160.0,-0.0,718.5310000000004,-0.0,0.0,-0.0,-0.0
2021-08-18 02:00:00,-0.0,3308.63,2160.0,-0.0,660.2280000000001,-0.0,0.0,-0.0,-0.0
2021-08-18 03:00:00,-0.0,3240.71,2160.0,-0.0,719.5219999999999,-0.0,0.0,-0.0,-0.0
2021-08-18 04:00:00,-0.0,3168.6,2160.0,-0.0,903.3489999999997,-0.0,0.0,-0.0,-0.0
2021-08-18 05:00:00,7.729563898420656,3108.96,2160.0,164.78843610157946,1000.0,-0.0,0.0,-0.0,-0.0
2021-08-18 06:00:00,474.7276594458355,3077.15,2160.0,-0.0,977.080340554164,-0.0,0.0,-0.0,-0.0
2021-08-18 07:00:00,1196.9375128851395,3085.1400000000003,2160.0,-0.0,462.42448711486054,-0.0,0.0,-0.0,-0.0
2021-08-18 08:00:00,1994.7597055645583,3139.73,1903.480294435442,-0.0,-0.0,-0.0,0.0,-0.0,-0.0
2021-08-18 09:00:00,2749.2059868236165,3241.58,1084.4340131763838,-0.0,-0.0,-0.0,0.0,-0.0,-0.0
2021-08-18 10:00:00,3363.381415143041,3384.92,287.37358485695904,-0.0,-0.0,-0.0,0.0,-0.0,-0.0
2021-08-18 11:00:00,3763.208424578801,3293.9445754211993,-0.0,-0.0,-0.0,-0.0,0.0,100.0,95.0
2021-08-18 12:00:00,3901.833109386345,3077.5568906136555,-0.0,-0.0,-0.0,-0.0,0.0,100.0,189.9905
2021-08-18 13:00:00,3763.208424578801,3172.3735754211993,-0.0,-0.0,-0.0,-0.0,0.0,100.0,284.97150095
2021-08-18 14:00:00,3363.381415143041,3589.2185848569593,-0.0,-0.0,-0.0,-0.0,0.0,100.0,379.943003799905
2021-08-18 15:00:00,2749.2059868236165,4216.09,-0.0,-0.0,-0.0,-0.0,0.0,14.814986823616891,393.97924698196107
2021-08-18 16:00:00,1994.7597055645583,4291.599999999999,844.1042944354422,-0.0,-0.0,-0.0,0.0,-0.0,393.9398490572629
2021-08-18 17:00:00,1196.9375128851395,4312.67,1852.2970607229056,-0.0,-0.0,-0.0,0.0,6.420573608045049,400.0
2021-08-18 18:00:00,474.7276594458355,4280.16,2160.0,-0.0,632.2723405541644,-0.0,0.0,-0.0,399.96
2021-08-18 19:00:00,7.729563898420656,4201.16,2160.0,151.10243610157977,1000.0,-0.0,100.0,-0.0,294.6568461052632
2021-08-18 20:00:00,-0.0,4087.9700000000003,2160.0,188.14199999999983,1000.0,-0.0,100.0,-0.0,189.36422252591586
2021-08-18 21:00:00,-0.0,3956.31,2160.0,115.99699999999984,1000.0,-0.0,100.0,-0.0,84.08212820892645
2021-08-18 22:00:00,-0.0,3823.23,2160.0,28.986966003700218,1000.0,-0.0,79.87003399630028,-0.0,-0.0
2021-08-18 23:00:00,-0.0,3704.6800000000003,2160.0,25.35199999999986,1000.0,-0.0,0.0,-0.0,-0.0
2021-08-19 00:00:00,-0.0,3619.78,2160.0,-0.0,492.962,-0.0,0.0,-0.0,-0.0
2021-08-19 01:00:00,-0.0,3563.5,2160.0,-0.0,395.7020000000002,-0.0,0.0,-0.0,-0.0
2021-08-19 02:00:00,-0.0,3543.96,2160.0,-0.0,308.8770000000004,-0.0,0.0,-0.0,-0.0
2021-08-19 03:00:00,-0.0,3556.63,2160.0,-0.0,287.84400000000005,-0.0,0.0,-0.0,-0.0
2021-08-19 04:00:00,-0.0,3591.42,2160.0,-0.0,365.1390000000001,-0.0,0.0,-0.0,-0.0
2021-08-19 05:00:00,3.292336264179175,3634.02,2160.0,-0.0,529.246663735821,-0.0,0.0,-0.0,-0.0
2021-08-19 06:00:00,497.84208791709347,3667.93,2160.0,-0.0,248.84291208290648,-0.0,0.0,-0.0,-0.0
2021-08-19 07:00:00,1280.9106534277093,3676.76,1833.1683465722904,-0.0,-0.0,-0.0,0.0,-0.0,-0.0
2021-08-19 08:00:00,2149.7903742749954,3646.51,1128.7896257250045,-0.0,-0.0,-0.0,0.0,-0.0,-0.0
2021-08-19 09:00:00,2973.1838704198058,3567.5600000000004,422.4811295801942,-0.0,-0.0,-0.0,0.0,-0.0,-0.0
2021-08-19 10:00:00,3644.3315687543313,3380.334431245669,-0.0,-0.0,-0.0,-0.0,0.0,100.0,95.0
2021-08-19 11:00:00,4081.556300078126,2865.675699921874,-0.0,-0.0,-0.0,-0.0,0.0,100.0,189.9905
2021-08-19 12:00:00,4233.195614892378,2637.4603851076217,-0.0,-0.0,-0.0,-0.0,0.0,100.0,284.97150095
2021-08-19 13:00:00,4081.556300078126,2746.5776999218742,-0.0,-0.0,-0.0,-0.0,0.0,100.0,379.943003799905
2021-08-19 14:00:00,3644.3315687543313,2522.65,579.5534312456689,-0.0,-0.0,-0.0,0.0,-0.0,379.905009499525
2021-08-19 15:00:00,2973.1838704198058,2271.49,1622.4157411606416,-0.0,-0.0,-0.0,0.0,21.192611580447288,400.0
2021-08-19 16:00:00,2149.7903742749954,2046.2,2160.0,-0.0,671.4656257250049,-0.0,0.0,-0.0,399.96
2021-08-19 17:00:00,1280.9106534277093,1860.7,2160.0,852.5343465722913,1000.0,-0.0,100.0,-0.0,294.6568461052632
2021-08-19 18:00:00,497.84208791709347,1723.8100000000002,2160.0,1965.931912082906,1000.0,-0.0,100.0,-0.0,189.36422252591586
2021-08-19 19:00:00,3.292336264179175,1638.1499999999999,2160.0,2620.8266637358215,1000.0,-0.0,100.0,-0.0,84.08212820892645
2021-08-19 20:00:00,-0.0,1599.95,2160.0,2600.5109660037,1000.0,-0.0,79.87003399630028,-0.0,-0.0
2021-08-19 21:00:00,-0.0,1599.6399999999999,2160.0,2478.918,1000.0,-0.0,0.0,-0.0,-0.0
2021-08-19 22:00:00,-0.0,1623.29,2160.0,2217.1639999999998,1000.0,-0.0,0.0,-0.0,-0.0
2021-08-19 23:00:00,-0.0,1654.54,2160.0,1986.0609999999997,1000.0,-0.0,0.0,-0.0,-0.0
2021-08-20 00:00:00,-0.0,1683.5900000000001,2160.0,1342.2209999999995,1000.0,-0.0,0.0,-0.0,-0.0
2021-08-20 01:00:00,-0.0,1683.01,2160.0,1191.625,1000.0,-0.0,0.0,-0.0,-0.0
2021-08-20 02:00:00,-0.0,1649.37,2160.0,1121.3429999999998,1000.0,-0.0,0.0,-0.0,-0.0
2021-08-20 03:00:00,-0.0,1578.24,2160.0,1186.63,1000.0,-0.0,0.0,-0.0,-0.0
2021-08-20 04:00:00,-0.0,1471.43,2160.0,1408.1169999999993,1000.0,-0.0,0.0,-0.0,-0.0
2021-08-20 05:00:00,0.08045182600437832,1336.77,2160.0,1755.3635481739957,1000.0,-0.0,0.0,-0.0,-0.0
2021-08-20 06:00:00,485.669107782431,1187.08,2160.0,1670.2568922175692,1000.0,-0.0,0.0,-0.0,-0.0
2021-08-20 07:00:00,1276.5724434254732,1038.41,2160.0,1247.050556574527,1000.0,-0.0,0.0,-0.0,-0.0
2021-08-20 08:00:00,2158.1821185874524,907.8700000000001,2160.0,633.100881412548,1000.0,-0.0,0.0,-0.0,-0.0
2021-08-20 09:00:00,2995.4937806310204,811.2900000000001,2160.0,-0.0,933.4352193689797,-0.0,0.0,-0.0,-0.0
2021-08-20 10:00:00,3678.8515907122096,761.02,2160.0,-0.0,264.78040928779046,-0.0,0.0,-0.0,-0.0
2021-08-20 11:00:00,4124.356671512455,764.2500000000001,2001.6603284875446,-0.0,-0.0,-0.0,0.0,100.0,95.0
2021-08-20 12:00:00,4278.923195072867,821.91,1715.9638049271325,-0.0,-0.0,-0.0,0.0,100.0,189.9905
2021-08-20 13:00:00,4124.356671512455,928.51,1724.5653284875443,-0.0,-0.0,-0.0,0.0,100.0,284.97150095
2021-08-20 14:00:00,3678.8515907122096,1072.76,2047.4284092877901,-0.0,-0.0,-0.0,0.0,100.0,379.943003799905
2021-08-20 15:00:00,2995.4937806310204,1239.03,2160.0,-0.0,407.1322193689798,-0.0,0.0,-0.0,379.905009499525
2021-08-20 16:00:00,2158.1821185874524,1409.32,2160.0,159.01188141254806,1000.0,-0.0,100.0,-0.0,274.60386110383826
2021-08-20 17:00:00,1276.5724434254732,1565.6100000000001,2160.0,1114.3615565745267,1000.0,-0.0,100.0,-0.0,169.31324282299107
2021-08-20 18:00:00,485.669107782431,1692.15,2160.0,1975.543892217569,1000.0,-0.0,100.0,-0.0,64.03315360397194
2021-08-20 19:00:00,0.08045182600437832,1777.5,2160.0,2493.0571353998143,1000.0,-0.0,60.82541277418096,-0.0,-0.0
2021-08-20 20:00:00,-0.0,1815.91,2160.0,2437.0640000000003,1000.0,-0.0,0.0,-0.0,-0.0
2021-08-20 21:00:00,-0.0,1808.05,2160.0,2246.629,1000.0,-0.0,0.0,-0.0,-0.0
2021-08-20 22:00:00,-0.0,1760.72,2160.0,2059.362,1000.0,-0.0,0.0,-0.0,-0.0
2021-08-20 23:00:00,-0.0,1685.8799999999999,2160.0,1937.8779999999997,1000.0,-0.0,0.0,-0.0,-0.0
2021-08-21 00:00:00,-0.0,1605.7099999999998,2160.0,970.8760000000004,1000.0,-0.0,0.0,-0.0,-0.0
2021-08-21 01:00:00,-0.0,1523.21,2160.0,905.7699999999995,1000.0,-0.0,0.0,-0.0,-0.0
2021-08-21 02:00:00,-0.0,1460.69,2160.0,867.9519999999998,1000.0,-0.0,0.0,-0.0,-0.0
2021-08-21 03:00:00,-0.0,1430.41,2160.0,895.9859999999996,1000.0,-0.0,0.0,-0.0,-0.0
2021-08-21 04:00:00,-0.0,1439.6000000000001,2160.0,1005.0809999999994,1000.0,-0.0,0.0,-0.0,-0.0
2021-08-21 05:00:00,-0.0,1489.45,2160.0,1171.5100000000002,1000.0,-0.0,0.0,-0.0,-0.0
2021-08-21 06:00:00,490.93560808471756,1574.9199999999998,2160.0,849.5113919152825,1000.0,-0.0,0.0,-0.0,-0.0
2021-08-21 07:00:00,1319.8555258158287,1685.35,2160.0,132.80447418417157,1000.0,-0.0,0.0,-0.0,-0.0
2021-08-21 08:00:00,2248.2634093043544,1805.91,2160.0,-0.0,224.56859069564598,-0.0,0.0,-0.0,-0.0
2021-08-21 09:00:00,3132.02052936045,1919.55,1431.8444706395499,-0.0,-0.0,-0.0,0.0,-0.0,-0.0
2021-08-21 10:00:00,3854.230382799754,2009.3500000000001,587.8646172002454,-0.0,-0.0,-0.0,0.0,-0.0,-0.0
2021-08-21 11:00:00,4325.418161901397,2060.81,15.537912840368335,-0.0,-0.0,-0.0,0.0,21.121074741764055,20.065021004675852
2021-08-21 12:00:00,4488.958158362297,1921.785841637703,-0.0,-0.0,-0.0,-0.0,0.0,100.0,115.06301450257538
2021-08-21 13:00:00,4325.418161901397,2014.14,35.37283809860219,-0.0,-0.0,-0.0,0.0,100.0,210.05150820112513
2021-08-21 14:00:00,3854.230382799754,1913.91,631.9286172002467,-0.0,-0.0,-0.0,0.0,100.0,305.030503050305
2021-08-21 15:00:00,3132.02052936045,1771.54,1602.63047063955,-0.0,-0.0,-0.0,0.0,100.0,400.0
2021-08-21 16:00:00,2248.2634093043544,1600.6200000000001,2160.0,-0.0,585.644590695646,-0.0,0.0,-0.0,399.96
2021-08-21 17:00:00,1319.8555258158287,1418.16,2160.0,829.9904741841717,1000.0,-0.0,100.0,-0.0,294.6568461052632
2021-08-21 18:00:00,490.93560808471756,1242.4,2160.0,2034.9043919152823,1000.0,-0.0,100.0,-0.0,189.36422252591586
2021-08-21 19:00:00,-0.0,1090.46,2160.0,2759.26,1000.0,-0.0,100.0,-0.0,84.08212820892645
2021-08-21 20:00:00,-0.0,976.1400000000001,2160.0,2818.5609660036994,1000.0,-0.0,79.87003399630028,-0.0,-0.0
2021-08-21 21:00:00,-0.0,908.1500000000001,2160.0,2771.426,1000.0,-0.0,0.0,-0.0,-0.0
2021-08-21 22:00:00,-0.0,889.11,2160.0,2559.123,1000.0,-0.0,0.0,-0.0,-0.0
2021-08-21 23:00:00,-0.0,915.2299999999999,2160.0,2339.887,1000.0,-0.0,0.0,-0.0,-0.0
2021-08-22 00:00:00,-0.0,984.0300000000001,2160.0,1663.4320000000002,1000.0,-0.0,0.0,-0.0,-0.0
2021-08-22 01:00:00,-0.0,1067.67,2160.0,1435.29,1000.0,-0.0,0.0,-0.0,-0.0
2021-08-22 02:00:00,-0.0,1156.98,2160.0,1248.6929999999998,1000.0,-0.0,0.0,-0.0,-0.0
2021-08-22 03:00:00,-0.0,1235.73,2160.0,1170.6889999999999,1000.0,-0.0,0.0,-0.0,-0.0
2021-08-22 04:00:00,-0.0,1289.93,2160.0,1237.7039999999997,1000.0,-0.0,0.0,-0.0,-0.0
2021-08-22 05:00:00,-0.0,1309.81,2160.0,1436.9720000000002,1000.0,-0.0,0.0,-0.0,-0.0
2021-08-22 06:00:00,513.5487597939483,1291.25,2160.0,1199.1942402060522,1000.0,-0.0,0.0,-0.0,-0.0
2021-08-22 07:00:00,1413.95321923095,1236.35,2160.0,579.0677807690502,1000.0,-0.0,0.0,-0.0,-0.0
2021-08-22 08:00:00,2427.4358144181056,1153.3,2160.0,-0.0,792.0331855818945,-0.0,0.0,-0.0,-0.0
2021-08-22 09:00:00,3394.4481971847317,1055.23,2130.3578028152688,-0.0,-0.0,-0.0,0.0,-0.0,-0.0
2021-08-22 10:00:00,4185.747603355796,958.54,1406.2973966442041,-0.0,-0.0,-0.0,0.0,-0.0,-0.0
2021-08-22 11:00:00,4702.415418557915,880.6899999999999,963.6038004553911,-0.0,-0.0,-0.0,0.0,64.48121901330542,61.257158062640144
2021-08-22 12:00:00,4881.8044247416765,837.8299999999999,795.0575752583236,-0.0,-0.0,-0.0,0.0,100.0,156.25103234683388
2021-08-22 13:00:00,4702.415418557915,842.6500000000001,936.0965814420861,-0.0,-0.0,-0.0,0.0,100.0,251.2354072435992
2021-08-22 14:00:00,4185.747603355796,902.62,1420.1343966442046,-0.0,-0.0,-0.0,0.0,100.0,346.21028370287485
2021-08-22 15:00:00,3394.448197184732,1018.95,2160.0,-0.0,-0.0,-0.0,0.0,56.65719718473201,400.0
2021-08-22 16:00:00,2427.4358144181056,1186.3799999999999,2160.0,-0.0,933.2921855818945,-0.0,0.0,-0.0,399.96
2021-08-22 17:00:00,1413.95321923095,1393.8400000000001,2160.0,874.7357807690503,1000.0,-0.0,100.0,-0.0,294.6568461052632
2021-08-22 18:00:00,513.5487597939483,1625.8600000000001,2160.0,1745.2072402060517,1000.0,-0.0,100.0,-0.0,189.36422252591586
2021-08-22 19:00:00,-0.0,1864.5700000000002,2160.0,2103.289,1000.0,-0.0,100.0,-0.0,84.08212820892645
2021-08-22 20:00:00,-0.0,2092.02,2160.0,1822.4899660037,1000.0,-0.0,79.87003399630028,-0.0,-0.0
2021-08-22 21:00:00,-0.0,2292.4900000000002,2160.0,1508.4699999999998,1000.0,-0.0,0.0,-0.0,-0.0
2021-08-22 22:00:00,-0.0,2454.51,2160.0,1116.5869999999995,1000.0,-0.0,0.0,-0.0,-0.0
2021-08-22 23:00:00,-0.0,2572.27,2160.0,807.0949999999998,1000.0,-0.0,0.0,-0.0,-0.0
2021-08-23 00:00:00,-0.0,2653.4999999999995,2160.0,555.8530000000005,1000.0,-0.0,0.0,-0.0,-0.0
2021-08-23 01:00:00,-0.0,2690.42,2160.0,375.6189999999997,1000.0,-0.0,0.0,-0.0,-0.0
2021-08-23 02:00:00,-0.0,2701.96,2160.0,267.8789999999999,1000.0,-0.0,0.0,-0.0,-0.0
2021-08-23 03:00:00,-0.0,2703.2099999999996,2160.0,268.36100000000033,1000.0,-0.0,0.0,-0.0,-0.0
2021-08-23 04:00:00,-0.0,2710.44,2160.0,383.2310000000002,1000.0,-0.0,0.0,-0.0,-0.0
2021-08-23 05:00:00,-0.0,2738.8,2160.0,574.8019999999997,1000.0,-0.0,0.0,-0.0,-0.0
2021-08-23 06:00:00,495.4223445349618,2800.11,2160.0,275.9596554650384,1000.0,-0.0,0.0,-0.0,-0.0
2021-08-23 07:00:00,1398.8839733601296,2901.16,2160.0,-0.0,497.40302663987063,-0.0,0.0,-0.0,-0.0
2021-08-23 08:00:00,2421.09249736776,3042.66,1637.56450263224,-0.0,-0.0,-0.0,0.0,-0.0,-0.0
2021-08-23 09:00:00,3398.7678413809667,3219.0400000000004,531.1431586190329,-0.0,-0.0,-0.0,0.0,-0.0,-0.0
2021-08-23 10:00:00,4199.900936130566,2919.8620638694338,-0.0,-0.0,-0.0,-0.0,0.0,-0.0,-0.0
2021-08-23 11:00:00,4723.407156543057,2349.2779181987075,-0.0,-0.0,-0.0,-0.0,0.0,21.121074741764055,20.065021004675852
2021-08-23 12:00:00,4905.228283312951,2178.851716687049,-0.0,-0.0,-0.0,-0.0,0.0,100.0,115.06301450257538
2021-08-23 13:00:00,4723.407156543057,2327.090843456943,-0.0,-0.0,-0.0,-0.0,0.0,100.0,210.05150820112513
2021-08-23 14:00:00,4199.900936130566,2877.779063869434,-0.0,-0.0,-0.0,-0.0,0.0,100.0,305.030503050305
2021-08-23 15:00:00,3398.7678413809667,3786.888158619033,-0.0,-0.0,-0.0,-0.0,0.0,100.0,400.0
2021-08-23 16:00:00,2421.09249736776,4227.99,626.57350263224,-0.0,-0.0,-0.0,0.0,-0.0,399.96
2021-08-23 17:00:00,1398.8839733601296,4193.02,1918.7852329556592,-0.0,-0.0,-0.0,0.0,0.08420631578946756,400.0
2021-08-23 18:00:00,495.4223445349618,4110.33,2160.0,-0.0,946.3636554650383,-0.0,0.0,-0.0,399.96
2021-08-23 19:00:00,-0.0,3993.04,2160.0,541.6390000000001,1000.0,-0.0,100.0,-0.0,294.6568461052632
2021-08-23 20:00:00,-0.0,3857.76,2160.0,602.6570000000002,1000.0,-0.0,100.0,-0.0,189.36422252591586
2021-08-23 21:00:00,-0.0,3722.37,2160.0,543.7420000000002,1000.0,-0.0,100.0,-0.0,84.08212820892645
2021-08-23 22:00:00,-0.0,3603.6600000000003,2160.0,451.7329660036994,1000.0,-0.0,79.87003399630028,-0.0,-0.0
2021-08-23 23:00:00,-0.0,3515.16,2160.0,427.28300000000036,1000.0,-0.0,0.0,-0.0,-0.0
2021-08-24 00:00:00,-0.0,3472.79,2160.0,-0.0,862.5119999999997,-0.0,0.0,-0.0,-0.0
2021-08-24 01:00:00,-0.0,3464.1899999999996,2160.0,-0.0,726.5120000000006,-0.0,0.0,-0.0,-0.0
2021-08-24 02:00:00,-0.0,3492.8799999999997,2160.0,-0.0,600.2380000000007,-0.0,0.0,-0.0,-0.0
2021-08-24 03:00:00,-0.0,3549.35,2160.0,-0.0,544.02,-0.0,0.0,-0.0,-0.0
2021-08-24 04:00:00,-0.0,3619.8,2160.0,-0.0,594.0950000000003,-0.0,0.0,-0.0,-0.0
2021-08-24 05:00:00,-0.0,3688.13,2160.0,-0.0,744.0259999999998,-0.0,0.0,-0.0,-0.0
2021-08-24 06:00:00,412.69311299445945,3738.27,2160.0,-0.0,537.3208870055403,-0.0,0.0,-0.0,-0.0
2021-08-24 07:00:00,1196.8508724571348,3756.4399999999996,2119.095127542866,-0.0,-0.0,-0.0,0.0,-0.0,-0.0
2021-08-24 08:00:00,2088.86358758168,3733.13,1392.31941241832,-0.0,-0.0,-0.0,0.0,-0.0,-0.0
2021-08-24 09:00:00,2944.1407612322255,3664.5299999999997,651.2452387677749,-0.0,-0.0,-0.0,0.0,-0.0,-0.0
2021-08-24 10:00:00,3645.9653596824205,3553.1200000000003,29.52564031757902,-0.0,-0.0,-0.0,0.0,-0.0,-0.0
2021-08-24 11:00:00,4104.943027037399,3153.2679729626016,-0.0,-0.0,-0.0,-0.0,0.0,100.0,95.0
2021-08-24 12:00:00,4264.417111984078,2924.0258880159226,-0.0,-0.0,-0.0,-0.0,0.0,100.0,189.9905
2021-08-24 13:00:00,4104.943027037399,3047.5539729626016,-0.0,-0.0,-0.0,-0.0,0.0,100.0,284.97150095
2021-08-24 14:00:00,3645.9653596824205,2915.38,537.0353763706321,-0.0,-0.0,-0.0,0.0,21.144736053052647,305.030503050305
2021-08-24 15:00:00,2944.1407612322255,2790.49,1548.062238767775,-0.0,-0.0,-0.0,0.0,100.0,400.0
2021-08-24 16:00:00,2088.86358758168,2709.74,2160.0,-0.0,411.4954124183205,-0.0,0.0,-0.0,399.96
2021-08-24 17:00:00,1196.8508724571348,2681.1800000000003,2160.0,464.35112754286456,1000.0,-0.0,100.0,-0.0,294.6568461052632
2021-08-24 18:00:00,412.69311299445945,2706.5899999999997,2160.0,1421.8738870055408,1000.0,-0.0,100.0,-0.0,189.36422252591586
2021-08-24 19:00:00,-0.0,2781.2799999999997,2160.0,1839.6370000000006,1000.0,-0.0,100.0,-0.0,84.08212820892645
2021-08-24 20:00:00,-0.0,2894.73,2160.0,1669.1859660036998,1000.0,-0.0,79.87003399630028,-0.0,-0.0
2021-08-24 21:00:00,-0.0,3032.0200000000004,2160.0,1414.5299999999997,1000.0,-0.0,0.0,-0.0,-0.0
2021-08-24 22:00:00,-0.0,3175.79,2160.0,1036.9189999999999,1000.0,-0.0,0.0,-0.0,-0.0
2021-08-24 23:00:00,-0.0,3308.61,2160.0,708.2289999999998,1000.0,-0.0,0.0,-0.0,-0.0
2021-08-25 00:00:00,-0.0,3422.81,2160.0,-0.0,983.9879999999998,-0.0,0.0,-0.0,-0.0
2021-08-25 01:00:00,-0.0,3492.1600000000003,2160.0,-0.0,766.8799999999997,-0.0,0.0,-0.0,-0.0
2021-08-25 02:00:00,-0.0,3518.8199999999997,2160.0,-0.0,639.4290000000001,-0.0,0.0,-0.0,-0.0
2021-08-25 03:00:00,-0.0,3503.6699999999996,2160.0,-0.0,651.5760000000005,-0.0,0.0,-0.0,-0.0
2021-08-25 04:00:00,-0.0,3453.64,2160.0,-0.0,818.8319999999999,-0.0,0.0,-0.0,-0.0
2021-08-25 05:00:00,-0.0,3380.7,2160.0,106.69200000000001,1000.0,-0.0,0.0,-0.0,-0.0
2021-08-25 06:00:00,319.0719419333645,3300.13,2160.0,120.93905806663497,1000.0,-0.0,0.0,-0.0,-0.0
2021-08-25 07:00:00,951.955514099807,3228.35,2160.0,-0.0,780.5214859001933,-0.0,0.0,-0.0,-0.0
2021-08-25 08:00:00,1675.9476849152081,3180.6,2160.0,-0.0,242.75831508479155,-0.0,0.0,-0.0,-0.0
2021-08-25 09:00:00,2371.8931114650827,3168.73,1760.806888534918,-0.0,-0.0,-0.0,0.0,-0.0,-0.0
2021-08-25 10:00:00,2943.800388122207,3199.5099999999998,1123.3086118777928,-0.0,-0.0,-0.0,0.0,-0.0,-0.0
2021-08-25 11:00:00,3318.1303573165783,3273.59,600.9686426834219,-0.0,-0.0,-0.0,0.0,-0.0,-0.0
2021-08-25 12:00:00,3448.2395257716594,3385.3,306.9515489701048,-0.0,-0.0,-0.0,0.0,21.121074741764055,20.065021004675852
2021-08-25 13:00:00,3318.1303573165783,3523.2799999999997,338.44364268342224,-0.0,-0.0,-0.0,0.0,100.0,115.06301450257538
2021-08-25 14:00:00,2943.800388122207,3671.96,585.2476118777927,-0.0,-0.0,-0.0,0.0,100.0,210.05150820112513
2021-08-25 15:00:00,2371.8931114650827,3813.49,1117.4838885349177,-0.0,-0.0,-0.0,0.0,100.0,305.030503050305
2021-08-25 16:00:00,1675.9476849152081,3930.12,1880.5993150847924,-0.0,-0.0,-0.0,0.0,100.0,400.0
2021-08-25 17:00:00,951.955514099807,4006.5099999999998,2160.0,-0.0,496.87248590019294,-0.0,0.0,-0.0,399.96
2021-08-25 18:00:00,319.0719419333645,4031.6800000000003,2160.0,199.74605806663476,1000.0,-0.0,100.0,-0.0,294.6568461052632
2021-08-25 19:00:00,-0.0,4000.49,2160.0,626.152,1000.0,-0.0,100.0,-0.0,189.36422252591586
2021-08-25 20:00:00,-0.0,3914.2700000000004,2160.0,631.6289999999999,1000.0,-0.0,100.0,-0.0,84.08212820892645
2021-08-25 21:00:00,-0.0,3780.5899999999997,2160.0,584.5959660036997,1000.0,-0.0,79.87003399630028,-0.0,-0.0
2021-08-25 22:00:00,-0.0,3612.24,2160.0,595.3780000000006,1000.0,-0.0,0.0,-0.0,-0.0
2021-08-25 23:00:00,-0.0,3425.49,2160.0,582.6729999999998,1000.0,-0.0,0.0,-0.0,-0.0
2021-08-26 00:00:00,-0.0,3245.69,2160.0,149.06299999999965,1000.0,-0.0,0.0,-0.0,-0.0
2021-08-26 01:00:00,-0.0,3073.75,2160.0,169.69400000000041,1000.0,-0.0,0.0,-0.0,-0.0
2021-08-26 02:00:00,-0.0,2930.71,2160.0,208.41299999999956,1000.0,-0.0,0.0,-0.0,-0.0
2021-08-26 03:00:00,-0.0,2824.86,2160.0,307.75399999999945,1000.0,-0.0,0.0,-0.0,-0.0
2021-08-26 04:00:00,-0.0,2758.4199999999996,2160.0,487.94100000000026,1000.0,-0.0,0.0,-0.0,-0.0
2021-08-26 05:00:00,-0.0,2727.3599999999997,2160.0,730.473,1000.0,-0.0,0.0,-0.0,-0.0
2021-08-26 06:00:00,275.8878771750143,2722.0299999999997,2160.0,709.2481228249862,1000.0,-0.0,0.0,-0.0,-0.0
2021-08-26 07:00:00,848.3211850021672,2728.55,2160.0,347.60181499783266,1000.0,-0.0,0.0,-0.0,-0.0
2021-08-26 08:00:00,1507.0112275100144,2730.8100000000004,2160.0,-0.0,821.7897724899851,-0.0,0.0,-0.0,-0.0
2021-08-26 09:00:00,2141.8503979085635,2712.7400000000002,2160.0,-0.0,243.84560209143592,-0.0,0.0,-0.0,-0.0
2021-08-26 10:00:00,2664.3107445829964,2660.6400000000003,1995.4202554170033,-0.0,-0.0,-0.0,0.0,100.0,95.0
2021-08-26 11:00:00,3006.565189609623,2565.1200000000003,1671.5478103903765,-0.0,-0.0,-0.0,0.0,100.0,189.9905
2021-08-26 12:00:00,3125.572006076099,2422.55,1618.633993923901,-0.0,-0.0,-0.0,0.0,100.0,284.97150095
2021-08-26 13:00:00,3006.565189609623,2235.63,1881.9398103903773,-0.0,-0.0,-0.0,0.0,100.0,379.943003799905
2021-08-26 14:00:00,2664.3107445829964,2013.22,2160.0,-0.0,204.70925541700308,-0.0,0.0,-0.0,379.905009499525
2021-08-26 15:00:00,2141.8503979085635,1769.23,2160.0,-0.0,1000.0,-0.0,70.02760209143662,-0.0,306.15375363916814
2021-08-26 16:00:00,1507.0112275100144,1520.92,2160.0,1034.044772489985,1000.0,-0.0,100.0,-0.0,200.8599803690674
2021-08-26 17:00:00,848.3211850021672,1286.65,2160.0,2152.8068149978335,1000.0,-0.0,100.0,-0.0,95.57673647629365
2021-08-26 18:00:00,275.8878771750143,1083.5500000000002,2160.0,3129.9083029624726,1000.0,-0.0,90.78881986251372,-0.0,-0.0
2021-08-26 19:00:00,-0.0,925.35,2160.0,3728.1929999999993,1000.0,-0.0,0.0,-0.0,-0.0
2021-08-26 20:00:00,-0.0,820.5600000000001,2160.0,3749.5739999999996,1000.0,-0.0,0.0,-0.0,-0.0
2021-08-26 21:00:00,-0.0,771.4799999999999,2160.0,3595.2170000000006,1000.0,-0.0,0.0,-0.0,-0.0
2021-08-26 22:00:00,-0.0,773.95,2160.0,3352.79,1000.0,-0.0,0.0,-0.0,-0.0
2021-08-26 23:00:00,-0.0,818.01,2160.0,3106.8329999999996,1000.0,-0.0,0.0,-0.0,-0.0
2021-08-27 00:00:00,-0.0,897.25,2160.0,2412.0159999999996,1000.0,-0.0,0.0,-0.0,-0.0
2021-08-27 01:00:00,-0.0,978.86,2160.0,2176.8129999999996,1000.0,-0.0,0.0,-0.0,-0.0
2021-08-27 02:00:00,-0.0,1053.92,2160.0,1995.2309999999998,1000.0,-0.0,0.0,-0.0,-0.0
2021-08-27 03:00:00,-0.0,1107.67,2160.0,1932.8549999999996,1000.0,-0.0,0.0,-0.0,-0.0
2021-08-27 04:00:00,-0.0,1129.56,2160.0,2022.6820000000002,1000.0,-0.0,0.0,-0.0,-0.0
2021-08-27 05:00:00,-0.0,1114.6200000000001,2160.0,2247.151,1000.0,-0.0,0.0,-0.0,-0.0
2021-08-27 06:00:00,276.8966193010692,1064.1200000000001,2160.0,2268.233380698931,1000.0,-0.0,0.0,-0.0,-0.0
2021-08-27 07:00:00,879.1837431778467,985.38,2160.0,1960.2312568221532,1000.0,-0.0,0.0,-0.0,-0.0
2021-08-27 08:00:00,1576.4844735657953,890.6899999999999,2160.0,1491.0885264342046,1000.0,-0.0,0.0,-0.0,-0.0
2021-08-27 09:00:00,2250.3551567804684,795.6199999999999,2160.0,949.5378432195316,1000.0,-0.0,0.0,-0.0,-0.0
2021-08-27 10:00:00,2805.7821863106956,716.8199999999999,2160.0,433.36481368930436,1000.0,-0.0,0.0,-0.0,-0.0
2021-08-27 11:00:00,3169.9504710205147,669.69,2160.0,37.805528979484734,1000.0,-0.0,0.0,-0.0,-0.0
2021-08-27 12:00:00,3296.624965365408,666.21,2160.0,-0.0,836.8480346345918,-0.0,0.0,-0.0,-0.0
2021-08-27 13:00:00,3169.9504710205147,713.1999999999999,2160.0,-0.0,872.7245289794855,-0.0,0.0,-0.0,-0.0
2021-08-27 14:00:00,2805.7821863106956,811.3,2160.0,155.81081368930427,1000.0,-0.0,0.0,-0.0,-0.0
2021-08-27 15:00:00,2250.3551567804684,954.7700000000001,2160.0,665.648843219532,1000.0,-0.0,0.0,-0.0,-0.0
2021-08-27 16:00:00,1576.4844735657953,1132.1299999999999,2160.0,1342.1425264342042,1000.0,-0.0,0.0,-0.0,-0.0
2021-08-27 17:00:00,879.1837431778467,1327.6,2160.0,2068.992256822153,1000.0,-0.0,0.0,-0.0,-0.0
2021-08-27 18:00:00,276.8966193010692,1523.1200000000001,2160.0,2667.4363806989313,1000.0,-0.0,0.0,-0.0,-0.0
2021-08-27 19:00:00,-0.0,1700.61,2160.0,2839.675,1000.0,-0.0,0.0,-0.0,-0.0
2021-08-27 20:00:00,-0.0,1844.3799999999999,2160.0,2612.0240000000003,1000.0,-0.0,0.0,-0.0,-0.0
2021-08-27 21:00:00,-0.0,1943.05,2160.0,2309.55,1000.0,-0.0,0.0,-0.0,-0.0
2021-08-27 22:00:00,-0.0,1991.06,2160.0,2021.3200000000002,1000.0,-0.0,0.0,-0.0,-0.0
2021-08-27 23:00:00,-0.0,1989.2199999999998,2160.0,1821.105,1000.0,-0.0,0.0,-0.0,-0.0
2021-08-28 00:00:00,-0.0,1952.8000000000002,2160.0,805.9430000000002,1000.0,-0.0,0.0,-0.0,-0.0
2021-08-28 01:00:00,-0.0,1877.6599999999999,2160.0,727.5430000000006,1000.0,-0.0,0.0,-0.0,-0.0
2021-08-28 02:00:00,-0.0,1787.68,2160.0,711.1579999999997,1000.0,-0.0,0.0,-0.0,-0.0
2021-08-28 03:00:00,-0.0,1699.86,2160.0,790.6150000000005,1000.0,-0.0,0.0,-0.0,-0.0
2021-08-28 04:00:00,-0.0,1630.1,2160.0,972.4590000000003,1000.0,-0.0,0.0,-0.0,-0.0
2021-08-28 05:00:00,-0.0,1591.06,2160.0,1221.5000000000005,1000.0,-0.0,0.0,-0.0,-0.0
2021-08-28 06:00:00,274.5140075309396,1590.4299999999998,2160.0,1195.6719924690606,1000.0,-0.0,0.0,-0.0,-0.0
2021-08-28 07:00:00,901.9887415490878,1629.86,2160.0,744.9912584509127,1000.0,-0.0,0.0,-0.0,-0.0
2021-08-28 08:00:00,1633.116370470877,1704.77,2160.0,73.2046295291234,1000.0,-0.0,0.0,-0.0,-0.0
2021-08-28 09:00:00,2341.643224887436,1804.9699999999998,2160.0,-0.0,302.61277511256367,-0.0,0.0,-0.0,-0.0
2021-08-28 10:00:00,2926.546565745268,1916.06,1728.0604342547322,-0.0,-0.0,-0.0,0.0,-0.0,-0.0
2021-08-28 11:00:00,3310.376039010157,2021.47,1182.5080357316074,-0.0,-0.0,-0.0,0.0,21.121074741764055,20.065021004675852
2021-08-28 12:00:00,3443.944635983426,2104.68,968.0323640165748,-0.0,-0.0,-0.0,0.0,100.0,115.06301450257538
2021-08-28 13:00:00,3310.376039010157,2151.6,1012.1589609898429,-0.0,-0.0,-0.0,0.0,100.0,210.05150820112513
2021-08-28 14:00:00,2926.546565745268,2152.5,1413.4894342547323,-0.0,-0.0,-0.0,0.0,100.0,305.030503050305
2021-08-28 15:00:00,2341.643224887436,2103.43,2146.8247751125646,-0.0,-0.0,-0.0,0.0,100.0,400.0
2021-08-28 16:00:00,1633.116370470877,2006.8700000000001,2160.0,-0.0,873.4696295291233,-0.0,0.0,-0.0,399.96
2021-08-28 17:00:00,901.9887415490878,1871.47,2160.0,866.6872584509117,1000.0,-0.0,100.0,-0.0,294.6568461052632
2021-08-28 18:00:00,274.5140075309396,1711.0,2160.0,1848.0709924690605,1000.0,-0.0,100.0,-0.0,189.36422252591586
2021-08-28 19:00:00,-0.0,1542.6200000000001,2160.0,2365.6500000000005,1000.0,-0.0,100.0,-0.0,84.08212820892645
2021-08-28 20:00:00,-0.0,1384.68,2160.0,2461.7819660037,1000.0,-0.0,79.87003399630028,-0.0,-0.0
2021-08-28 21:00:00,-0.0,1254.33,2160.0,2470.228,1000.0,-0.0,0.0,-0.0,-0.0
2021-08-28 22:00:00,-0.0,1165.34,2160.0,2321.115,1000.0,-0.0,0.0,-0.0,-0.0
2021-08-28 23:00:00,-0.0,1126.36,2160.0,2160.242,1000.0,-0.0,0.0,-0.0,-0.0
2021-08-29 00:00:00,-0.0,1148.23,2160.0,1525.4140000000002,1000.0,-0.0,0.0,-0.0,-0.0
2021-08-29 01:00:00,-0.0,1210.24,2160.0,1312.228,1000.0,-0.0,0.0,-0.0,-0.0
2021-08-29 02:00:00,-0.0,1311.04,2160.0,1107.5060000000003,1000.0,-0.0,0.0,-0.0,-0.0
2021-08-29 03:00:00,-0.0,1436.49,2160.0,976.2130000000004,1000.0,-0.0,0.0,-0.0,-0.0
2021-08-29 04:00:00,-0.0,1570.0900000000001,2160.0,957.29,1000.0,-0.0,0.0,-0.0,-0.0
2021-08-29 05:00:00,-0.0,1695.24,2160.0,1044.8069999999996,1000.0,-0.0,0.0,-0.0,-0.0
2021-08-29 06:00:00,256.2452544259453,1797.51,2160.0,937.0837455740543,1000.0,-0.0,0.0,-0.0,-0.0
2021-08-29 07:00:00,873.3540800935294,1866.7,2160.0,469.81191990647085,1000.0,-0.0,0.0,-0.0,-0.0
2021-08-29 08:00:00,1597.2348560729245,1898.1899999999998,2160.0,-0.0,851.5611439270758,-0.0,0.0,-0.0,-0.0
2021-08-29 09:00:00,2300.7489428692106,1893.6,2160.0,-0.0,193.70305713078915,-0.0,0.0,-0.0,-0.0
2021-08-29 10:00:00,2882.440399288868,1860.58,1790.5856754528963,-0.0,-0.0,-0.0,0.0,21.121074741764055,20.065021004675852
2021-08-29 11:00:00,3264.5123095856607,1811.75,1461.8376904143397,-0.0,-0.0,-0.0,0.0,100.0,115.06301450257538
2021-08-29 12:00:00,3397.523932378899,1763.0000000000002,1304.1050676211007,-0.0,-0.0,-0.0,0.0,100.0,210.05150820112513
2021-08-29 13:00:00,3264.5123095856607,1731.23,1429.5226904143392,-0.0,-0.0,-0.0,0.0,100.0,305.030503050305
2021-08-29 14:00:00,2882.440399288868,1732.1100000000001,1832.3226007111311,-0.0,-0.0,-0.0,0.0,100.0,400.0
2021-08-29 15:00:00,2300.7489428692106,1777.83,2160.0,-0.0,210.91005713078903,-0.0,0.0,-0.0,399.96
2021-08-29 16:00:00,1597.2348560729245,1875.38,2160.0,-0.0,1000.0,-0.0,1.7321439270751853,-0.0,398.09669460307873
2021-08-29 17:00:00,873.3540800935294,2025.5300000000002,2160.0,705.4929199064709,1000.0,-0.0,100.0,-0.0,292.7937270388816
2021-08-29 18:00:00,256.2452544259453,2222.63,2160.0,1322.3207455740544,1000.0,-0.0,100.0,-0.0,187.5012897714409
2021-08-29 19:00:00,-0.0,2455.23,2160.0,1424.0660000000003,1000.0,-0.0,100.0,-0.0,82.21938174772693
2021-08-29 20:00:00,-0.0,2707.56,2160.0,1115.1463981809252,1000.0,-0.0,78.10060181907456,-0.0,-0.0
2021-08-29 21:00:00,-0.0,2961.46,2160.0,741.0519999999997,1000.0,-0.0,0.0,-0.0,-0.0
2021-08-29 22:00:00,-0.0,3198.7700000000004,2160.0,269.1449999999995,1000.0,-0.0,0.0,-0.0,-0.0
2021-08-29 23:00:00,-0.0,3403.62,2160.0,-0.0,867.9710000000005,-0.0,0.0,-0.0,-0.0
2021-08-30 00:00:00,-0.0,3572.99,2160.0,-0.0,525.5320000000002,-0.0,0.0,-0.0,-0.0
2021-08-30 01:00:00,-0.0,3683.9,2160.0,-0.0,267.0160000000001,-0.0,0.0,-0.0,-0.0
2021-08-30 02:00:00,-0.0,3745.46,2160.0,-0.0,105.11899999999969,-0.0,0.0,-0.0,-0.0
2021-08-30 03:00:00,-0.0,3764.3700000000003,2160.0,-0.0,83.96299999999928,-0.0,0.0,-0.0,-0.0
2021-08-30 04:00:00,-0.0,3752.49,2160.0,-0.0,214.1270000000004,-0.0,0.0,-0.0,-0.0
2021-08-30 05:00:00,-0.0,3725.1,2160.0,-0.0,457.7959999999998,-0.0,0.0,-0.0,-0.0
2021-08-30 06:00:00,253.4480063217931,3698.73,2160.0,-0.0,485.1249936782068,-0.0,0.0,-0.0,-0.0
2021-08-30 07:00:00,898.3993523888925,3688.8199999999997,2160.0,-0.0,72.72664761110775,-0.0,0.0,-0.0,-0.0
2021-08-30 08:00:00,1660.253390242354,3707.5399999999995,1592.8856097576465,-0.0,-0.0,-0.0,0.0,-0.0,-0.0
2021-08-30 09:00:00,2402.8546872727675,3762.06,840.4363127272322,-0.0,-0.0,-0.0,0.0,-0.0,-0.0
2021-08-30 10:00:00,3017.871765464238,3853.54,101.96923453576255,-0.0,-0.0,-0.0,0.0,-0.0,-0.0
2021-08-30 11:00:00,3422.204077156242,3580.376922843758,-0.0,-0.0,-0.0,-0.0,0.0,100.0,95.0
2021-08-30 12:00:00,3563.031904275906,3369.648095724094,-0.0,-0.0,-0.0,-0.0,0.0,100.0,189.9905
2021-08-30 13:00:00,3422.204077156242,3474.662922843758,-0.0,-0.0,-0.0,-0.0,0.0,100.0,284.97150095
2021-08-30 14:00:00,3017.871765464238,3904.1342345357625,-0.0,-0.0,-0.0,-0.0,0.0,100.0,379.943003799905
2021-08-30 15:00:00,2402.8546872727675,4524.389999999999,0.8833127272328056,-0.0,-0.0,-0.0,0.0,-0.0,379.905009499525
2021-08-30 16:00:00,1660.253390242354,4594.400000000001,861.8106097576454,-0.0,-0.0,-0.0,0.0,-0.0,379.8670189985751
2021-08-30 17:00:00,898.3993523888925,4612.06,1860.7162451935542,-0.0,-0.0,-0.0,0.0,21.232597582447134,400.0
2021-08-30 18:00:00,253.4480063217931,4573.08,2160.0,-0.0,463.6489936782067,-0.0,100.0,-0.0,294.69684210526316
2021-08-30 19:00:00,-0.0,4479.63,2160.0,-0.0,892.027,-0.0,100.0,-0.0,189.4042145263158
2021-08-30 20:00:00,-0.0,4340.13,2160.0,-0.0,956.3779999999997,-0.0,100.0,-0.0,84.12211621012632
2021-08-30 21:00:00,-0.0,4168.17,2160.0,-0.0,953.4339812014196,-0.0,79.90801879858006,-0.0,-0.0
2021-08-30 22:00:00,-0.0,3980.7599999999998,2160.0,-0.0,989.4100000000003,-0.0,0.0,-0.0,-0.0
2021-08-30 23:00:00,-0.0,3796.1800000000003,2160.0,-0.0,980.8729999999996,-0.0,0.0,-0.0,-0.0
2021-08-31 00:00:00,-0.0,3640.31,2160.0,-0.0,530.8700000000003,-0.0,0.0,-0.0,-0.0
2021-08-31 01:00:00,-0.0,3509.4700000000003,2160.0,-0.0,517.2089999999998,-0.0,0.0,-0.0,-0.0
2021-08-31 02:00:00,-0.0,3421.18,2160.0,-0.0,508.2109999999998,-0.0,0.0,-0.0,-0.0
2021-08-31 03:00:00,-0.0,3378.05,2160.0,-0.0,552.0869999999995,-0.0,0.0,-0.0,-0.0
2021-08-31 04:00:00,-0.0,3376.36,2160.0,-0.0,674.9929999999999,-0.0,0.0,-0.0,-0.0
2021-08-31 05:00:00,-0.0,3406.65,2160.0,-0.0,863.8499999999999,-0.0,0.0,-0.0,-0.0
2021-08-31 06:00:00,279.4215689172066,3455.15,2160.0,-0.0,793.1394310827935,-0.0,0.0,-0.0,-0.0
2021-08-31 07:00:00,1033.1066521302234,3505.72,2160.0,-0.0,214.2633478697769,-0.0,0.0,-0.0,-0.0
2021-08-31 08:00:00,1929.9526654170315,3542.19,1584.3453345829687,-0.0,-0.0,-0.0,0.0,-0.0,-0.0
2021-08-31 09:00:00,2806.803305640751,3550.62,746.3306943592488,-0.0,-0.0,-0.0,0.0,-0.0,-0.0
2021-08-31 10:00:00,3534.217773362338,3521.3100000000004,18.776226637661694,-0.0,-0.0,-0.0,0.0,-0.0,-0.0
2021-08-31 11:00:00,4012.899949486389,3093.0470505136113,-0.0,-0.0,-0.0,-0.0,0.0,100.0,95.0
2021-08-31 12:00:00,4179.695150599467,2858.7148494005332,-0.0,-0.0,-0.0,-0.0,0.0,100.0,189.9905
2021-08-31 13:00:00,4012.899949486389,2991.9810505136115,-0.0,-0.0,-0.0,-0.0,0.0,100.0,284.97150095
2021-08-31 14:00:00,3534.217773362338,3037.05,382.0969626907149,-0.0,-0.0,-0.0,0.0,21.144736053052647,305.030503050305
2021-08-31 15:00:00,2806.803305640751,2875.09,1458.5656943592485,-0.0,-0.0,-0.0,0.0,100.0,400.0
2021-08-31 16:00:00,1929.9526654170315,2728.9799999999996,2160.0,-0.0,411.8933345829689,-0.0,0.0,-0.0,399.96
2021-08-31 17:00:00,1033.1066521302234,2614.98,2160.0,558.1613478697761,1000.0,-0.0,100.0,-0.0,294.6568461052632
2021-08-31 18:00:00,279.4215689172066,2545.87,2160.0,1583.0434310827936,1000.0,-0.0,100.0,-0.0,189.36422252591586
2021-08-31 19:00:00,-0.0,2529.21,2160.0,1962.3670000000002,1000.0,-0.0,100.0,-0.0,84.08212820892645
2021-08-31 20:00:00,-0.0,2566.32,2160.0,1871.9079660036996,1000.0,-0.0,79.87003399630028,-0.0,-0.0
2021-08-31 21:00:00,-0.0,2652.06,2160.0,1672.618,1000.0,-0.0,0.0,-0.0,-0.0
2021-08-31 22:00:00,-0.0,2775.47,2160.0,1319.346,1000.0,-0.0,0.0,-0.0,-0.0
2021-08-31 23:00:00,-0.0,2921.2,2160.0,981.8829999999998,1000.0,-0.0,0.0,-0.0,-0.0
2021-09-01 00:00:00,-0.0,3080.4199999999996,2160.0,218.25900000000047,1000.0,-0.0,0.0,-0.0,-0.0
2021-09-01 01:00:00,-0.0,3217.4700000000003,2160.0,-0.0,937.8949999999995,-0.0,0.0,-0.0,-0.0
2021-09-01 02:00:00,-0.0,3325.68,2160.0,-0.0,733.4839999999999,-0.0,0.0,-0.0,-0.0
2021-09-01 03:00:00,-0.0,3393.7400000000002,2160.0,-0.0,667.1569999999997,-0.0,0.0,-0.0,-0.0
2021-09-01 04:00:00,-0.0,3415.97,2160.0,-0.0,767.0270000000005,-0.0,0.0,-0.0,-0.0
2021-09-01 05:00:00,-0.0,3393.05,2160.0,9.877999999999702,1000.0,-0.0,0.0,-0.0,-0.0
2021-09-01 06:00:00,299.75731509031334,3331.77,2160.0,29.290684909686888,1000.0,-0.0,0.0,-0.0,-0.0
2021-09-01 07:00:00,1159.7502034651159,3244.0,2160.0,-0.0,483.02279653488426,-0.0,0.0,-0.0,-0.0
2021-09-01 08:00:00,2191.0064635972385,3145.0,1854.6365364027615,-0.0,-0.0,-0.0,0.0,-0.0,-0.0
2021-09-01 09:00:00,3202.422065716282,3051.2200000000003,984.6349342837179,-0.0,-0.0,-0.0,0.0,-0.0,-0.0
2021-09-01 10:00:00,4042.9146691880223,2977.97,188.20433081197825,-0.0,-0.0,-0.0,0.0,-0.0,-0.0
2021-09-01 11:00:00,4596.540815536152,2644.3491844638484,-0.0,-0.0,-0.0,-0.0,0.0,100.0,95.0
2021-09-01 12:00:00,4789.538557518656,2383.8674424813444,-0.0,-0.0,-0.0,-0.0,0.0,100.0,189.9905
2021-09-01 13:00:00,4596.540815536152,2543.2831844638476,-0.0,-0.0,-0.0,-0.0,0.0,100.0,284.97150095
2021-09-01 14:00:00,4042.9146691880223,3049.27,-0.0,-0.0,-0.0,-0.0,0.0,25.178669188022013,308.86273952852594
2021-09-01 15:00:00,3202.422065716282,3147.39,825.1699342837182,-0.0,-0.0,-0.0,0.0,-0.0,308.8318532545731
2021-09-01 16:00:00,2191.0064635972385,3254.2900000000004,2015.6835152772373,-0.0,-0.0,-0.0,0.0,95.9989788744762,400.0
2021-09-01 17:00:00,1159.7502034651159,3352.55,2160.0,-0.0,927.6307965348835,-0.0,0.0,-0.0,399.96
2021-09-01 18:00:00,299.75731509031334,3424.88,2160.0,816.8046849096866,1000.0,-0.0,100.0,-0.0,294.6568461052632
2021-09-01 19:00:00,-0.0,3456.39,2160.0,1167.6150000000002,1000.0,-0.0,100.0,-0.0,189.36422252591586
2021-09-01 20:00:00,-0.0,3436.61,2160.0,1113.1330000000003,1000.0,-0.0,100.0,-0.0,84.08212820892645
2021-09-01 21:00:00,-0.0,3360.91,2160.0,1014.6579660037,1000.0,-0.0,79.87003399630028,-0.0,-0.0
2021-09-01 22:00:00,-0.0,3231.12,2160.0,993.469,1000.0,-0.0,0.0,-0.0,-0.0
2021-09-01 23:00:00,-0.0,3055.3599999999997,2160.0,976.4090000000006,1000.0,-0.0,0.0,-0.0,-0.0
2021-09-02 00:00:00,-0.0,2856.0099999999998,2160.0,570.3480000000004,1000.0,-0.0,0.0,-0.0,-0.0
2021-09-02 01:00:00,-0.0,2631.6299999999997,2160.0,650.1280000000002,1000.0,-0.0,0.0,-0.0,-0.0
2021-09-02 02:00:00,-0.0,2409.3700000000003,2160.0,774.8039999999996,1000.0,-0.0,0.0,-0.0,-0.0
2021-09-02 03:00:00,-0.0,2206.19,2160.0,978.2360000000003,1000.0,-0.0,0.0,-0.0,-0.0
2021-09-02 04:00:00,-0.0,2035.75,2160.0,1269.1999999999998,1000.0,-0.0,0.0,-0.0,-0.0
2021-09-02 05:00:00,-0.0,1906.72,2160.0,1616.491,1000.0,-0.0,0.0,-0.0,-0.0
2021-09-02 06:00:00,278.90791495117867,1821.69,2160.0,1678.7410850488213,1000.0,-0.0,0.0,-0.0,-0.0
2021-09-02 07:00:00,1133.3434387296786,1776.9099999999999,2160.0,1093.1875612703216,1000.0,-0.0,0.0,-0.0,-0.0
2021-09-02 08:00:00,2166.245866993891,1762.98,2160.0,216.14213300610936,1000.0,-0.0,0.0,-0.0,-0.0
2021-09-02 09:00:00,3182.5504646932004,1766.23,2160.0,-0.0,242.19053530679912,-0.0,0.0,-0.0,-0.0
2021-09-02 10:00:00,4028.588055557243,1770.68,1541.5190191845213,-0.0,-0.0,-0.0,0.0,21.121074741764055,20.065021004675852
2021-09-02 11:00:00,4586.422451265601,1760.35,1002.4935487343982,-0.0,-0.0,-0.0,0.0,100.0,115.06301450257538
2021-09-02 12:00:00,4780.967343748189,1721.55,776.9806562518106,-0.0,-0.0,-0.0,0.0,100.0,210.05150820112513
2021-09-02 13:00:00,4586.422451265601,1644.87,1012.2595487343988,-0.0,-0.0,-0.0,0.0,100.0,305.030503050305
2021-09-02 14:00:00,4028.588055557243,1526.56,1713.1429444427567,-0.0,-0.0,-0.0,0.0,100.0,400.0
2021-09-02 15:00:00,3182.5504646932004,1369.1999999999998,2160.0,-0.0,561.9975353067994,-0.0,0.0,-0.0,399.96
2021-09-02 16:00:00,2166.245866993891,1181.4099999999999,2160.0,853.4981330061096,1000.0,-0.0,100.0,-0.0,294.6568461052632
2021-09-02 17:00:00,1133.3434387296786,976.84,2160.0,2323.2535612703214,1000.0,-0.0,100.0,-0.0,189.36422252591586
2021-09-02 18:00:00,278.90791495117867,772.4300000000001,2160.0,3580.8750850488204,1000.0,-0.0,100.0,-0.0,84.08212820892645
2021-09-02 19:00:00,-0.0,586.1899999999999,2160.0,4170.925467353835,1000.0,-0.0,54.8565326461649,-0.0,26.33000142119513
2021-09-02 20:00:00,-0.0,434.83,2160.0,4275.0,1000.0,-0.0,25.011000000000365,-0.0,-0.0
2021-09-02 21:00:00,-0.0,331.63,2160.0,4205.974999999999,1000.0,-0.0,0.0,-0.0,-0.0
2021-09-02 22:00:00,-0.0,300.0,2160.0,4003.764,1000.0,-0.0,0.0,-0.0,-0.0
2021-09-02 23:00:00,-0.0,300.0,2160.0,3807.8950000000004,1000.0,-0.0,0.0,-0.0,-0.0
2021-09-03 00:00:00,-0.0,369.21000000000004,2160.0,3130.3450000000003,1000.0,-0.0,0.0,-0.0,-0.0
2021-09-03 01:00:00,-0.0,476.31,2160.0,2875.488,1000.0,-0.0,0.0,-0.0,-0.0
2021-09-03 02:00:00,-0.0,611.26,2160.0,2639.746,1000.0,-0.0,0.0,-0.0,-0.0
2021-09-03 03:00:00,-0.0,756.7,2160.0,2491.304,1000.0,-0.0,0.0,-0.0,-0.0
2021-09-03 04:00:00,-0.0,895.15,2160.0,2470.0799999999995,1000.0,-0.0,0.0,-0.0,-0.0
2021-09-03 05:00:00,-0.0,1011.35,2160.0,2568.7999999999997,1000.0,-0.0,0.0,-0.0,-0.0
2021-09-03 06:00:00,228.19851016041895,1094.2,2160.0,2510.499489839581,1000.0,-0.0,0.0,-0.0,-0.0
2021-09-03 07:00:00,977.9414538992213,1138.27,2160.0,1937.3725461007784,1000.0,-0.0,0.0,-0.0,-0.0
2021-09-03 08:00:00,1892.016535154967,1144.37,2160.0,1155.6764648450335,1000.0,-0.0,0.0,-0.0,-0.0
2021-09-03 09:00:00,2794.3889700280756,1119.3799999999999,2160.0,320.4190299719244,1000.0,-0.0,0.0,-0.0,-0.0
2021-09-03 10:00:00,3546.9353504730307,1075.22,2160.0,-0.0,577.2216495269695,-0.0,0.0,-0.0,-0.0
2021-09-03 11:00:00,4043.626358418061,1027.1299999999999,2160.0,-0.0,54.68964158193876,-0.0,0.0,-0.0,-0.0
2021-09-03 12:00:00,4216.931968835493,991.46,2103.7350311645077,-0.0,-0.0,-0.0,0.0,100.0,95.0
2021-09-03 13:00:00,4043.626358418061,983.39,2160.0,-0.0,-0.0,-0.0,0.0,14.405358418061041,108.67559049715798
2021-09-03 14:00:00,3546.9353504730307,1014.72,2160.0,-0.0,472.1096495269694,-0.0,0.0,-0.0,108.66472293810827
2021-09-03 15:00:00,2794.3889700280756,1092.13,2160.0,149.10602997192427,1000.0,-0.0,100.0,-0.0,3.390698571077621
2021-09-03 16:00:00,1892.016535154967,1216.22,2160.0,1207.9676233188738,1000.0,-0.0,3.220841526159488,-0.0,-0.0
2021-09-03 17:00:00,977.9414538992213,1381.22,2160.0,2188.9335461007786,1000.0,-0.0,0.0,-0.0,-0.0
2021-09-03 18:00:00,228.19851016041895,1575.73,2160.0,2939.3264898395805,1000.0,-0.0,0.0,-0.0,-0.0
2021-09-03 19:00:00,-0.0,1784.0500000000002,2160.0,3035.349,1000.0,-0.0,0.0,-0.0,-0.0
2021-09-03 20:00:00,-0.0,1988.28,2160.0,2750.376,1000.0,-0.0,0.0,-0.0,-0.0
2021-09-03 21:00:00,-0.0,2170.58,2160.0,2367.233,1000.0,-0.0,0.0,-0.0,-0.0
2021-09-03 22:00:00,-0.0,2315.51,2160.0,1984.8649999999998,1000.0,-0.0,0.0,-0.0,-0.0
2021-09-03 23:00:00,-0.0,2411.99,2160.0,1688.9310000000005,1000.0,-0.0,0.0,-0.0,-0.0
2021-09-04 00:00:00,-0.0,2464.27,2160.0,588.7670000000003,1000.0,-0.0,0.0,-0.0,-0.0
2021-09-04 01:00:00,-0.0,2454.6299999999997,2160.0,447.0980000000004,1000.0,-0.0,0.0,-0.0,-0.0
2021-09-04 02:00:00,-0.0,2400.0099999999998,2160.0,397.3970000000004,1000.0,-0.0,0.0,-0.0,-0.0
2021-09-04 03:00:00,-0.0,2313.08,2160.0,477.8180000000002,1000.0,-0.0,0.0,-0.0,-0.0
2021-09-04 04:00:00,-0.0,2210.01,2160.0,694.6350000000002,1000.0,-0.0,0.0,-0.0,-0.0
2021-09-04 05:00:00,-0.0,2108.2400000000002,2160.0,1007.877,1000.0,-0.0,0.0,-0.0,-0.0
2021-09-04 06:00:00,185.33625270608633,2024.15,2160.0,1155.9637472939135,1000.0,-0.0,0.0,-0.0,-0.0
2021-09-04 07:00:00,841.5817974238004,1970.8700000000001,2160.0,770.3052025761995,1000.0,-0.0,0.0,-0.0,-0.0
2021-09-04 08:00:00,1648.8601739597339,1956.54,2160.0,112.49482604026662,1000.0,-0.0,0.0,-0.0,-0.0
2021-09-04 09:00:00,2448.5327586372537,1983.26,2160.0,-0.0,324.9272413627464,-0.0,0.0,-0.0,-0.0
2021-09-04 10:00:00,3116.6666077976147,2046.8700000000001,1715.1183922023852,-0.0,-0.0,-0.0,0.0,-0.0,-0.0
2021-09-04 11:00:00,3558.0933998796377,2137.59,1126.9546748621265,-0.0,-0.0,-0.0,0.0,21.121074741764055,20.065021004675852
2021-09-04 12:00:00,3712.1957782900245,2241.37,871.4742217099756,-0.0,-0.0,-0.0,0.0,100.0,115.06301450257538
2021-09-04 13:00:00,3558.0933998796377,2341.97,882.356600120363,-0.0,-0.0,-0.0,0.0,100.0,210.05150820112513
2021-09-04 14:00:00,3116.6666077976147,2423.17,1260.6873922023856,-0.0,-0.0,-0.0,0.0,100.0,305.030503050305
2021-09-04 15:00:00,2448.5327586372537,2471.1,1979.7592413627458,-0.0,-0.0,-0.0,0.0,100.0,400.0
2021-09-04 16:00:00,1648.8601739597339,2476.2400000000002,2160.0,-0.0,695.1598260402661,-0.0,0.0,-0.0,399.96
2021-09-04 17:00:00,841.5817974238004,2434.77,2160.0,669.7102025761997,1000.0,-0.0,100.0,-0.0,294.6568461052632
2021-09-04 18:00:00,185.33625270608633,2349.24,2160.0,1603.8427472939138,1000.0,-0.0,100.0,-0.0,189.36422252591586
2021-09-04 19:00:00,-0.0,2228.34,2160.0,1983.487,1000.0,-0.0,100.0,-0.0,84.08212820892645
2021-09-04 20:00:00,-0.0,2085.8199999999997,2160.0,2062.7279660036997,1000.0,-0.0,79.87003399630028,-0.0,-0.0
2021-09-04 21:00:00,-0.0,1938.75,2160.0,2086.2309999999998,1000.0,-0.0,0.0,-0.0,-0.0
2021-09-04 22:00:00,-0.0,1805.32,2160.0,1979.7040000000006,1000.0,-0.0,0.0,-0.0,-0.0
2021-09-04 23:00:00,-0.0,1702.5100000000002,2160.0,1880.6170000000002,1000.0,-0.0,0.0,-0.0,-0.0
2021-09-05 00:00:00,-0.0,1653.46,2160.0,1315.737,1000.0,-0.0,0.0,-0.0,-0.0
2021-09-05 01:00:00,-0.0,1647.2800000000002,2160.0,1168.324,1000.0,-0.0,0.0,-0.0,-0.0
2021-09-05 02:00:00,-0.0,1695.71,2160.0,1013.3720000000003,1000.0,-0.0,0.0,-0.0,-0.0
2021-09-05 03:00:00,-0.0,1794.4199999999998,2160.0,906.0360000000003,1000.0,-0.0,0.0,-0.0,-0.0
2021-09-05 04:00:00,-0.0,1933.26,2160.0,878.9129999999998,1000.0,-0.0,0.0,-0.0,-0.0
2021-09-05 05:00:00,-0.0,2097.66,2160.0,924.0420000000004,1000.0,-0.0,0.0,-0.0,-0.0
2021-09-05 06:00:00,163.06966270887455,2270.64,2160.0,835.4713372911251,1000.0,-0.0,0.0,-0.0,-0.0
2021-09-05 07:00:00,788.8115881669285,2435.1,2160.0,260.8144118330713,1000.0,-0.0,0.0,-0.0,-0.0
2021-09-05 08:00:00,1565.8648325332174,2576.1299999999997,2160.0,-0.0,476.19916746678336,-0.0,0.0,-0.0,-0.0
2021-09-05 09:00:00,2338.3137570112553,2683.01,1794.1202429887448,-0.0,-0.0,-0.0,0.0,-0.0,-0.0
2021-09-05 10:00:00,2984.9174598124446,2750.6000000000004,1040.3815401875554,-0.0,-0.0,-0.0,0.0,-0.0,-0.0
2021-09-05 11:00:00,3412.5746124437183,2780.05,525.8734622980464,-0.0,-0.0,-0.0,0.0,21.121074741764055,20.065021004675852
2021-09-05 12:00:00,3561.936521721847,2778.4900000000002,379.1874782781524,-0.0,-0.0,-0.0,0.0,100.0,115.06301450257538
2021-09-05 13:00:00,3412.5746124437183,2758.1,505.1313875562814,-0.0,-0.0,-0.0,0.0,100.0,210.05150820112513
2021-09-05 14:00:00,2984.9174598124446,2734.31,973.5965401875551,-0.0,-0.0,-0.0,0.0,100.0,305.030503050305
2021-09-05 15:00:00,2338.3137570112553,2723.62,1728.7712429887447,-0.0,-0.0,-0.0,0.0,100.0,400.0
2021-09-05 16:00:00,1565.8648325332174,2741.3300000000004,2160.0,-0.0,403.4931674667823,-0.0,0.0,-0.0,399.96
2021-09-05 17:00:00,788.8115881669285,2799.3,2160.0,247.5954118330717,1000.0,-0.0,100.0,-0.0,294.6568461052632
2021-09-05 18:00:00,163.06966270887455,2904.23,2160.0,960.0843372911254,1000.0,-0.0,100.0,-0.0,189.36422252591586
2021-09-05 19:00:00,-0.0,3056.68,2160.0,1043.5360000000005,1000.0,-0.0,100.0,-0.0,84.08212820892645
2021-09-05 20:00:00,-0.0,3250.7999999999997,2160.0,785.6649660037001,1000.0,-0.0,79.87003399630028,-0.0,-0.0
2021-09-05 21:00:00,-0.0,3475.04,2160.0,437.491,1000.0,-0.0,0.0,-0.0,-0.0
2021-09-05 22:00:00,-0.0,3713.5499999999997,2160.0,-0.0,958.761,-0.0,0.0,-0.0,-0.0
2021-09-05 23:00:00,-0.0,3948.18,2160.0,-0.0,522.0760000000005,-0.0,0.0,-0.0,-0.0
2021-09-06 00:00:00,-0.0,4170.62,2160.0,-0.0,121.96900000000005,-0.0,0.0,-0.0,-0.0
2021-09-06 01:00:00,-0.0,4345.51,1953.5389999999998,-0.0,-0.0,-0.0,0.0,-0.0,-0.0
2021-09-06 02:00:00,-0.0,4471.25,1721.4340000000002,-0.0,-0.0,-0.0,0.0,-0.0,-0.0
2021-09-06 03:00:00,-0.0,4542.22,1642.1009999999997,-0.0,-0.0,-0.0,0.0,-0.0,-0.0
2021-09-06 04:00:00,-0.0,4559.2300000000005,1737.1749999999993,-0.0,-0.0,-0.0,0.0,-0.0,-0.0
2021-09-06 05:00:00,-0.0,4529.34,1977.0659999999998,-0.0,-0.0,-0.0,0.0,-0.0,-0.0
2021-09-06 06:00:00,143.2847021137978,4464.78,2146.397297886203,-0.0,-0.0,-0.0,0.0,-0.0,-0.0
2021-09-06 07:00:00,742.9664245484336,4381.25,1846.469575451566,-0.0,-0.0,-0.0,0.0,-0.0,-0.0
2021-09-06 08:00:00,1495.116734465367,4295.74,1314.080265534633,-0.0,-0.0,-0.0,0.0,-0.0,-0.0
2021-09-06 09:00:00,2245.534235822206,4224.19,673.3477641777945,-0.0,-0.0,-0.0,0.0,-0.0,-0.0
2021-09-06 10:00:00,2874.9088706544576,4179.26,50.344129345542115,-0.0,-0.0,-0.0,0.0,-0.0,-0.0
2021-09-06 11:00:00,3291.6245749491363,3835.453425050864,-0.0,-0.0,-0.0,-0.0,0.0,100.0,95.0
2021-09-06 12:00:00,3437.23619141506,3613.2668085849396,-0.0,-0.0,-0.0,-0.0,0.0,100.0,189.9905
2021-09-06 13:00:00,3291.6245749491363,3716.3564250508634,-0.0,-0.0,-0.0,-0.0,0.0,100.0,284.97150095
2021-09-06 14:00:00,2874.9088706544576,4151.4731293455425,-0.0,-0.0,-0.0,-0.0,0.0,100.0,379.943003799905
2021-09-06 15:00:00,2245.534235822206,4414.78,365.4297641777939,-0.0,-0.0,-0.0,0.0,-0.0,379.905009499525
2021-09-06 16:00:00,1495.116734465367,4490.61,1233.3336144035336,-0.0,-0.0,-0.0,0.0,11.758348868900516,391.03745042403057
2021-09-06 17:00:00,742.9664245484335,4540.5,2160.0,-0.0,-0.0,-0.0,0.0,9.475424548433466,400.0
2021-09-06 18:00:00,143.2847021137978,4550.4,2160.0,-0.0,773.7462978862021,-0.0,0.0,-0.0,399.96
2021-09-06 19:00:00,-0.0,4510.68,2160.0,-0.0,1000.0,-0.0,31.435999999999694,-0.0,366.8294776842109
2021-09-06 20:00:00,-0.0,4417.46,2160.0,-0.0,1000.0,-0.0,42.71799999999985,-0.0,321.8264789469689
2021-09-06 21:00:00,-0.0,4273.29,2160.0,-0.0,985.1140000000005,-0.0,0.0,-0.0,321.79429629907423
2021-09-06 22:00:00,-0.0,4086.9,2160.0,-0.0,933.4010000000003,-0.0,0.0,-0.0,321.76211686944436
2021-09-06 23:00:00,-0.0,3872.1699999999996,2160.0,-0.0,948.2770000000005,-0.0,0.0,-0.0,321.7299406577574
2021-09-07 00:00:00,-0.0,3656.3,2160.0,-0.0,552.7789999999995,-0.0,0.0,-0.0,321.69776766369165
2021-09-07 01:00:00,-0.0,3437.81,2160.0,-0.0,620.0930000000003,-0.0,0.0,-0.0,321.6655978869253
2021-09-07 02:00:00,-0.0,3243.89,2160.0,-0.0,710.0909999999999,-0.0,0.0,-0.0,321.63343132713663
2021-09-07 03:00:00,-0.0,3088.44,2160.0,-0.0,859.6979999999999,-0.0,0.0,-0.0,321.6012679840039
2021-09-07 04:00:00,-0.0,2980.1899999999996,2160.0,-0.0,1000.0,-0.0,82.6260000000002,-0.0,234.59437101510008
2021-09-07 05:00:00,-0.0,2921.72,2160.0,253.76200000000017,1000.0,-0.0,100.0,-0.0,129.30775368326175
2021-09-07 06:00:00,115.26890085827314,2909.16,2160.0,401.84509914172736,1000.0,-0.0,100.0,-0.0,24.031665013156598
2021-09-07 07:00:00,645.347416595121,2932.9,2160.0,144.22578465055676,1000.0,-0.0,22.82779875432252,-0.0,-0.0
2021-09-07 08:00:00,1317.2563129756875,2978.9300000000003,2160.0,-0.0,586.2346870243125,-0.0,0.0,-0.0,-0.0
2021-09-07 09:00:00,1990.124442666306,3030.84,2062.523557333694,-0.0,-0.0,-0.0,0.0,-0.0,-0.0
2021-09-07 10:00:00,2555.5770074370794,3072.15,1441.314067304685,-0.0,-0.0,-0.0,0.0,21.121074741764055,20.065021004675852
2021-09-07 11:00:00,2930.3834989854768,3088.5499999999997,1054.6025010145236,-0.0,-0.0,-0.0,0.0,100.0,115.06301450257538
2021-09-07 12:00:00,3061.414769138608,3069.9500000000003,868.7002308613914,-0.0,-0.0,-0.0,0.0,100.0,210.05150820112513
2021-09-07 13:00:00,2930.3834989854768,3011.86,1018.4565010145229,-0.0,-0.0,-0.0,0.0,100.0,305.030503050305
2021-09-07 14:00:00,2555.5770074370794,2916.04,1510.6919925629209,-0.0,-0.0,-0.0,0.0,100.0,400.0
2021-09-07 15:00:00,1990.124442666306,2790.24,2160.0,-0.0,44.560557333694305,-0.0,0.0,-0.0,399.96
2021-09-07 16:00:00,1317.2563129756877,2647.23,2160.0,-0.0,1000.0,-0.0,45.29668702431263,-0.0,352.23928081651303
2021-09-07 17:00:00,645.347416595121,2503.0200000000004,2160.0,991.4445834048784,1000.0,-0.0,100.0,-0.0,246.9408989936946
2021-09-07 18:00:00,115.26890085827314,2374.6600000000003,2160.0,1846.7020991417266,1000.0,-0.0,100.0,-0.0,141.6530470090584
2021-09-07 19:00:00,-0.0,2277.95,2160.0,2136.782,1000.0,-0.0,100.0,-0.0,36.37572380962068
2021-09-07 20:00:00,-0.0,2225.21,2160.0,2176.4785180746226,1000.0,-0.0,34.55348192537774,-0.0,-0.0
2021-09-07 21:00:00,-0.0,2223.58,2160.0,2014.3670000000002,1000.0,-0.0,0.0,-0.0,-0.0
2021-09-07 22:00:00,-0.0,2274.0,2160.0,1729.3500000000004,1000.0,-0.0,0.0,-0.0,-0.0
2021-09-07 23:00:00,-0.0,2370.94,2160.0,1436.087,1000.0,-0.0,0.0,-0.0,-0.0
2021-09-08 00:00:00,-0.0,2513.25,2160.0,686.1199999999999,1000.0,-0.0,0.0,-0.0,-0.0
2021-09-08 01:00:00,-0.0,2665.04,2160.0,386.72299999999996,1000.0,-0.0,0.0,-0.0,-0.0
2021-09-08 02:00:00,-0.0,2818.46,2160.0,132.96600000000035,1000.0,-0.0,0.0,-0.0,-0.0
2021-09-08 03:00:00,-0.0,2955.4799999999996,2160.0,-0.0,993.7000000000007,-0.0,0.0,-0.0,-0.0
2021-09-08 04:00:00,-0.0,3060.41,2160.0,7.054000000000087,1000.0,-0.0,0.0,-0.0,-0.0
2021-09-08 05:00:00,-0.0,3121.83,2160.0,161.91300000000047,1000.0,-0.0,0.0,-0.0,-0.0
2021-09-08 06:00:00,93.33649536907954,3134.0499999999997,2160.0,310.76450463092056,1000.0,-0.0,0.0,-0.0,-0.0
2021-09-08 07:00:00,569.0419539309684,3097.7700000000004,2160.0,93.98104606903098,1000.0,-0.0,0.0,-0.0,-0.0
2021-09-08 08:00:00,1178.811097626153,3019.87,2160.0,-0.0,702.8449023738469,-0.0,0.0,-0.0,-0.0
2021-09-08 09:00:00,1791.8230687695143,2912.3700000000003,2160.0,-0.0,242.00493123048568,-0.0,0.0,-0.0,-0.0
2021-09-08 10:00:00,2308.0143616176065,2790.72,2075.4936383823933,-0.0,-0.0,-0.0,0.0,100.0,95.0
2021-09-08 11:00:00,2650.5534823362477,2671.62,1781.2555176637525,-0.0,-0.0,-0.0,0.0,100.0,189.9905
2021-09-08 12:00:00,2770.3710056647687,2570.67,1692.4869943352314,-0.0,-0.0,-0.0,0.0,100.0,284.97150095
2021-09-08 13:00:00,2650.5534823362477,2500.2000000000003,1846.9605176637515,-0.0,-0.0,-0.0,0.0,100.0,379.943003799905
2021-09-08 14:00:00,2308.0143616176065,2467.56,2160.0,-0.0,-0.0,-0.0,0.0,12.721361617606362,391.9903030362511
2021-09-08 15:00:00,1791.8230687695143,2474.06,2160.0,-0.0,603.0919312304861,-0.0,0.0,-0.0,391.95110400594746
2021-09-08 16:00:00,1178.811097626153,2514.74,2160.0,263.7609023738471,1000.0,-0.0,100.0,-0.0,286.64875100081
2021-09-08 17:00:00,569.0419539309684,2579.0800000000004,2160.0,1042.6680460690313,1000.0,-0.0,100.0,-0.0,181.3569282309731
2021-09-08 18:00:00,93.33649536907954,2652.33,2160.0,1645.357504630921,1000.0,-0.0,100.0,-0.0,76.07563464341315
2021-09-08 19:00:00,-0.0,2717.5899999999997,2160.0,1782.649374274049,1000.0,-0.0,72.26462572595138,-0.0,-0.0
2021-09-08 20:00:00,-0.0,2758.06,2160.0,1739.2949999999996,1000.0,-0.0,0.0,-0.0,-0.0
2021-09-08 21:00:00,-0.0,2759.33,2160.0,1543.0299999999997,1000.0,-0.0,0.0,-0.0,-0.0
2021-09-08 22:00:00,-0.0,2711.4500000000003,2160.0,1359.5669999999996,1000.0,-0.0,0.0,-0.0,-0.0
2021-09-08 23:00:00,-0.0,2610.25,2160.0,1267.6509999999998,1000.0,-0.0,0.0,-0.0,-0.0
2021-09-09 00:00:00,-0.0,2468.31,2160.0,805.2469999999998,1000.0,-0.0,0.0,-0.0,-0.0
2021-09-09 01:00:00,-0.0,2273.58,2160.0,855.4759999999997,1000.0,-0.0,0.0,-0.0,-0.0
2021-09-09 02:00:00,-0.0,2050.0299999999997,2160.0,981.7380000000003,1000.0,-0.0,0.0,-0.0,-0.0
2021-09-09 03:00:00,-0.0,1814.78,2160.0,1217.7340000000004,1000.0,-0.0,0.0,-0.0,-0.0
2021-09-09 04:00:00,-0.0,1586.19,2160.0,1567.5399999999995,1000.0,-0.0,0.0,-0.0,-0.0
2021-09-09 05:00:00,-0.0,1381.48,2160.0,1991.3979999999997,1000.0,-0.0,0.0,-0.0,-0.0
2021-09-09 06:00:00,91.16429606696133,1214.53,2160.0,2324.3937039330385,1000.0,-0.0,0.0,-0.0,-0.0
2021-09-09 07:00:00,611.4524434392764,1094.16,2160.0,2149.8545565607233,1000.0,-0.0,0.0,-0.0,-0.0
2021-09-09 08:00:00,1286.3566231880059,1023.06,2160.0,1689.448376811994,1000.0,-0.0,0.0,-0.0,-0.0
2021-09-09 09:00:00,1967.5546111710778,997.53,2160.0,1081.047388828922,1000.0,-0.0,0.0,-0.0,-0.0
2021-09-09 10:00:00,2542.35815356436,1008.1700000000001,2160.0,466.15284643563973,1000.0,-0.0,0.0,-0.0,-0.0
2021-09-09 11:00:00,2924.2258399951415,1041.2,2160.0,-0.0,982.8981600048583,-0.0,0.0,-0.0,-0.0
2021-09-09 12:00:00,3057.862511590414,1080.52,2160.0,-0.0,742.4044884095861,-0.0,0.0,-0.0,-0.0
2021-09-09 13:00:00,2924.2258399951415,1109.96,2160.0,-0.0,813.0721600048582,-0.0,0.0,-0.0,-0.0
2021-09-09 14:00:00,2542.35815356436,1115.5800000000002,2160.0,216.65984643564025,1000.0,-0.0,0.0,-0.0,-0.0
2021-09-09 15:00:00,1967.5546111710778,1087.68,2160.0,927.6013888289222,1000.0,-0.0,0.0,-0.0,-0.0
2021-09-09 16:00:00,1286.3566231880059,1022.16,2160.0,1864.687376811994,1000.0,-0.0,0.0,-0.0,-0.0
2021-09-09 17:00:00,611.4524434392764,921.19,2160.0,2875.982556560723,1000.0,-0.0,0.0,-0.0,-0.0
2021-09-09 18:00:00,91.16429606696133,792.97,2160.0,3726.5777039330387,1000.0,-0.0,0.0,-0.0,-0.0
2021-09-09 19:00:00,-0.0,650.6800000000001,2160.0,4043.2749999999996,1000.0,-0.0,0.0,-0.0,-0.0
2021-09-09 20:00:00,-0.0,510.75,2160.0,4109.725,1000.0,-0.0,0.0,-0.0,-0.0
2021-09-09 21:00:00,-0.0,390.65999999999997,2160.0,4036.3950000000004,1000.0,-0.0,0.0,-0.0,-0.0
2021-09-09 22:00:00,-0.0,306.6,2160.0,3890.593,1000.0,-0.0,0.0,-0.0,-0.0
2021-09-09 23:00:00,-0.0,300.0,2160.0,3705.46,1000.0,-0.0,0.0,-0.0,-0.0
2021-09-10 00:00:00,-0.0,302.65,2160.0,3099.906,1000.0,-0.0,0.0,-0.0,-0.0
2021-09-10 01:00:00,-0.0,381.03,2160.0,2878.2120000000004,1000.0,-0.0,0.0,-0.0,-0.0
2021-09-10 02:00:00,-0.0,511.66,2160.0,2651.3820000000005,1000.0,-0.0,0.0,-0.0,-0.0
2021-09-10 03:00:00,-0.0,683.48,2160.0,2481.2940000000003,1000.0,-0.0,0.0,-0.0,-0.0
2021-09-10 04:00:00,-0.0,881.04,2160.0,2405.834,1000.0,-0.0,0.0,-0.0,-0.0
2021-09-10 05:00:00,-0.0,1086.5,2160.0,2420.3050000000003,1000.0,-0.0,0.0,-0.0,-0.0
2021-09-10 06:00:00,98.69582470137121,1281.95,2160.0,2384.0491752986286,1000.0,-0.0,0.0,-0.0,-0.0
2021-09-10 07:00:00,737.3409853301274,1451.6899999999998,2160.0,1801.6190146698727,1000.0,-0.0,0.0,-0.0,-0.0
2021-09-10 08:00:00,1576.3668901277886,1584.2800000000002,2160.0,973.8731098722117,1000.0,-0.0,0.0,-0.0,-0.0
2021-09-10 09:00:00,2426.6869935760647,1673.9499999999998,2160.0,81.51700642393598,1000.0,-0.0,0.0,-0.0,-0.0
2021-09-10 10:00:00,3145.722094189196,1721.26,2160.0,-0.0,285.9839058108041,-0.0,0.0,-0.0,-0.0
2021-09-10 11:00:00,3623.9772567752234,1732.8799999999999,1987.9097432247763,-0.0,-0.0,-0.0,0.0,100.0,95.0
2021-09-10 12:00:00,3791.4346383023367,1720.57,1765.278361697664,-0.0,-0.0,-0.0,0.0,100.0,189.9905
2021-09-10 13:00:00,3623.9772567752234,1699.4699999999998,1920.2537432247764,-0.0,-0.0,-0.0,0.0,100.0,284.97150095
2021-09-10 14:00:00,3145.722094189196,1685.9099999999999,2160.0,-0.0,179.25090581080394,-0.0,0.0,-0.0,284.943003799905
2021-09-10 15:00:00,2426.6869935760647,1695.06,2160.0,-0.0,997.1120064239358,-0.0,0.0,-0.0,284.914509499525
2021-09-10 16:00:00,1576.3668901277886,1738.8100000000002,2160.0,893.6821098722114,1000.0,-0.0,100.0,-0.0,179.62286015383825
2021-09-10 17:00:00,737.3409853301274,1823.98,2160.0,1882.4870146698727,1000.0,-0.0,100.0,-0.0,74.34173997308604
2021-09-10 18:00:00,98.69582470137121,1951.3500000000001,2160.0,2624.6555847894942,1000.0,-0.0,70.61759050913429,-0.0,-0.0
2021-09-10 19:00:00,-0.0,2115.41,2160.0,2712.4719999999998,1000.0,-0.0,0.0,-0.0,-0.0
2021-09-10 20:00:00,-0.0,2305.01,2160.0,2448.6099999999997,1000.0,-0.0,0.0,-0.0,-0.0
2021-09-10 21:00:00,-0.0,2504.8199999999997,2160.0,2054.495,1000.0,-0.0,0.0,-0.0,-0.0
2021-09-10 22:00:00,-0.0,2697.29,2160.0,1631.1760000000004,1000.0,-0.0,0.0,-0.0,-0.0
2021-09-10 23:00:00,-0.0,2864.9900000000002,2160.0,1270.6559999999995,1000.0,-0.0,0.0,-0.0,-0.0
2021-09-11 00:00:00,-0.0,3003.48,2160.0,92.07599999999957,1000.0,-0.0,0.0,-0.0,-0.0
2021-09-11 01:00:00,-0.0,3080.9900000000002,2160.0,-0.0,869.9649999999997,-0.0,0.0,-0.0,-0.0
2021-09-11 02:00:00,-0.0,3103.34,2160.0,-0.0,750.031,-0.0,0.0,-0.0,-0.0
2021-09-11 03:00:00,-0.0,3072.22,2160.0,-0.0,781.4029999999998,-0.0,0.0,-0.0,-0.0
2021-09-11 04:00:00,-0.0,2995.59,2160.0,-0.0,978.558,-0.0,0.0,-0.0,-0.0
2021-09-11 05:00:00,-0.0,2886.61,2160.0,305.7989999999995,1000.0,-0.0,0.0,-0.0,-0.0
2021-09-11 06:00:00,96.40604196124659,2761.8900000000003,2160.0,590.2409580387534,1000.0,-0.0,0.0,-0.0,-0.0
2021-09-11 07:00:00,814.506663672327,2639.34,2160.0,218.79233632767296,1000.0,-0.0,0.0,-0.0,-0.0
2021-09-11 08:00:00,1770.8189535803713,2535.76,2160.0,-0.0,507.9870464196283,-0.0,0.0,-0.0,-0.0
2021-09-11 09:00:00,2744.1189559793397,2464.69,1811.3600440206596,-0.0,-0.0,-0.0,0.0,-0.0,-0.0
2021-09-11 10:00:00,3568.9358305842275,2434.63,985.298169415772,-0.0,-0.0,-0.0,0.0,-0.0,-0.0
2021-09-11 11:00:00,4118.20520112412,2448.0099999999998,373.36987361764386,-0.0,-0.0,-0.0,0.0,21.121074741764055,20.065021004675852
2021-09-11 12:00:00,4310.639780324593,2500.94,137.11621967540668,-0.0,-0.0,-0.0,0.0,100.0,115.06301450257538
2021-09-11 13:00:00,4118.20520112412,2583.88,210.66479887587957,-0.0,-0.0,-0.0,0.0,100.0,210.05150820112513
2021-09-11 14:00:00,3568.9358305842275,2682.9900000000002,685.5631694157723,-0.0,-0.0,-0.0,0.0,100.0,305.030503050305
2021-09-11 15:00:00,2744.1189559793397,2782.1299999999997,1516.697044020661,-0.0,-0.0,-0.0,0.0,100.0,400.0
2021-09-11 16:00:00,1770.8189535803713,2865.18,2160.0,-0.0,334.35304641962875,-0.0,0.0,-0.0,399.96
2021-09-11 17:00:00,814.506663672327,2918.29,2160.0,369.83833632767323,1000.0,-0.0,100.0,-0.0,294.6568461052632
2021-09-11 18:00:00,96.40604196124659,2931.89,2160.0,1273.1139580387535,1000.0,-0.0,100.0,-0.0,189.36422252591586
2021-09-11 19:00:00,-0.0,2902.09,2160.0,1479.08,1000.0,-0.0,100.0,-0.0,84.08212820892645
2021-09-11 20:00:00,-0.0,2831.2799999999997,2160.0,1492.8889660036998,1000.0,-0.0,79.87003399630028,-0.0,-0.0
2021-09-11 21:00:00,-0.0,2727.9700000000003,2160.0,1478.8329999999996,1000.0,-0.0,0.0,-0.0,-0.0
2021-09-11 22:00:00,-0.0,2605.6400000000003,2160.0,1367.3220000000001,1000.0,-0.0,0.0,-0.0,-0.0
2021-09-11 23:00:00,-0.0,2481.09,2160.0,1296.0029999999997,1000.0,-0.0,0.0,-0.0,-0.0
2021-09-12 00:00:00,-0.0,2382.9,2160.0,787.2909999999997,1000.0,-0.0,0.0,-0.0,-0.0
2021-09-12 01:00:00,-0.0,2306.19,2160.0,716.2429999999999,1000.0,-0.0,0.0,-0.0,-0.0
2021-09-12 02:00:00,-0.0,2274.81,2160.0,646.8319999999999,1000.0,-0.0,0.0,-0.0,-0.0
2021-09-12 03:00:00,-0.0,2296.67,2160.0,621.9700000000003,1000.0,-0.0,0.0,-0.0,-0.0
2021-09-12 04:00:00,-0.0,2373.45,2160.0,662.415,1000.0,-0.0,0.0,-0.0,-0.0
2021-09-12 05:00:00,-0.0,2500.3199999999997,2160.0,750.4660000000003,1000.0,-0.0,0.0,-0.0,-0.0
2021-09-12 06:00:00,80.66223847238979,2666.6499999999996,2160.0,756.2217615276102,1000.0,-0.0,0.0,-0.0,-0.0
2021-09-12 07:00:00,785.7172871667601,2857.3700000000003,2160.0,81.1327128332398,1000.0,-0.0,0.0,-0.0,-0.0
2021-09-12 08:00:00,1738.4463765166095,3055.03,2160.0,-0.0,69.22262348338995,-0.0,0.0,-0.0,-0.0
2021-09-12 09:00:00,2712.3404847076104,3242.04,1110.44251529239,-0.0,-0.0,-0.0,0.0,-0.0,-0.0
2021-09-12 10:00:00,3539.5090280726263,3403.03,87.47397192737344,-0.0,-0.0,-0.0,0.0,-0.0,-0.0
2021-09-12 11:00:00,4091.0062953326396,2965.0757046673607,-0.0,-0.0,-0.0,-0.0,0.0,100.0,95.0
2021-09-12 12:00:00,4284.332033221161,2698.4309667788393,-0.0,-0.0,-0.0,-0.0,0.0,100.0,189.9905
2021-09-12 13:00:00,4091.0062953326396,2852.2407046673607,-0.0,-0.0,-0.0,-0.0,0.0,100.0,284.97150095
2021-09-12 14:00:00,3539.5090280726263,3424.8919719273736,-0.0,-0.0,-0.0,-0.0,0.0,100.0,379.943003799905
2021-09-12 15:00:00,2712.3404847076104,3631.61,622.3105152923899,-0.0,-0.0,-0.0,0.0,-0.0,379.905009499525
2021-09-12 16:00:00,1738.4463765166095,3604.1600000000003,1828.6462350638378,-0.0,-0.0,-0.0,0.0,21.192611580447288,400.0
2021-09-12 17:00:00,785.7172871667601,3584.9199999999996,2160.0,-0.0,848.09371283324,-0.0,0.0,-0.0,399.96
2021-09-12 18:00:00,80.66223847238979,3589.0499999999997,2160.0,644.17876152761,1000.0,-0.0,100.0,-0.0,294.6568461052632
2021-09-12 19:00:00,-0.0,3628.2999999999997,2160.0,761.7350000000001,1000.0,-0.0,100.0,-0.0,189.36422252591586
2021-09-12 20:00:00,-0.0,3709.38,2160.0,599.9120000000003,1000.0,-0.0,100.0,-0.0,84.08212820892645
2021-09-12 21:00:00,-0.0,3832.86,2160.0,295.7189660036993,1000.0,-0.0,79.87003399630028,-0.0,-0.0
2021-09-12 22:00:00,-0.0,3993.0,2160.0,-0.0,978.0110000000004,-0.0,0.0,-0.0,-0.0
2021-09-12 23:00:00,-0.0,4178.38,2160.0,-0.0,593.1769999999997,-0.0,0.0,-0.0,-0.0
2021-09-13 00:00:00,-0.0,4384.26,2160.0,-0.0,213.11599999999999,-0.0,0.0,-0.0,-0.0
2021-09-13 01:00:00,-0.0,4570.9800000000005,2035.0869999999995,-0.0,-0.0,-0.0,0.0,-0.0,-0.0
2021-09-13 02:00:00,-0.0,4731.61,1770.1350000000002,-0.0,-0.0,-0.0,0.0,-0.0,-0.0
2021-09-13 03:00:00,-0.0,4850.78,1644.4570000000003,-0.0,-0.0,-0.0,0.0,-0.0,-0.0
2021-09-13 04:00:00,-0.0,4917.4800000000005,1691.504,-0.0,-0.0,-0.0,0.0,-0.0,-0.0
2021-09-13 05:00:00,-0.0,4926.55,1893.9049999999997,-0.0,-0.0,-0.0,0.0,-0.0,-0.0
2021-09-13 06:00:00,62.671972457410725,4879.26,2127.8560275425884,-0.0,-0.0,-0.0,0.0,-0.0,-0.0
2021-09-13 07:00:00,721.696199473276,4783.19,1782.2088005267246,-0.0,-0.0,-0.0,0.0,-0.0,-0.0
2021-09-13 08:00:00,1626.3212854745072,4651.1,1144.8117145254926,-0.0,-0.0,-0.0,0.0,-0.0,-0.0
2021-09-13 09:00:00,2555.2180685210596,4499.2300000000005,406.6109314789401,-0.0,-0.0,-0.0,0.0,-0.0,-0.0
2021-09-13 10:00:00,3345.9666891140932,4119.342173156987,-0.0,-0.0,-0.0,-0.0,0.0,42.31586227107984,40.200069157525846
2021-09-13 11:00:00,3873.842062538821,3572.0139374611786,-0.0,-0.0,-0.0,-0.0,0.0,100.0,135.1960491506101
2021-09-13 12:00:00,4058.9926571848973,3310.3863428151026,-0.0,-0.0,-0.0,-0.0,0.0,100.0,230.18252954569505
2021-09-13 13:00:00,3873.842062538821,3452.9159374611786,-0.0,-0.0,-0.0,-0.0,0.0,100.0,325.1595112927405
2021-09-13 14:00:00,3345.9666891140937,3977.71,-0.0,-0.0,-0.0,-0.0,0.0,78.81368911409345,400.0
2021-09-13 15:00:00,2555.2180685210596,3973.02,815.4919314789399,-0.0,-0.0,-0.0,0.0,-0.0,399.96
2021-09-13 16:00:00,1626.3212854745072,3992.58,1905.7819208412827,-0.0,-0.0,-0.0,0.0,0.08420631578946756,400.0
2021-09-13 17:00:00,721.696199473276,4022.52,2160.0,-0.0,846.1848005267238,-0.0,0.0,-0.0,399.96
2021-09-13 18:00:00,62.671972457410725,4046.6800000000003,2160.0,573.4050275425886,1000.0,-0.0,100.0,-0.0,294.6568461052632
2021-09-13 19:00:00,-0.0,4049.01,2160.0,707.1549999999997,1000.0,-0.0,100.0,-0.0,189.36422252591586
2021-09-13 20:00:00,-0.0,4015.75,2160.0,657.0060000000003,1000.0,-0.0,100.0,-0.0,84.08212820892645
2021-09-13 21:00:00,-0.0,3937.53,2160.0,551.9199660036993,1000.0,-0.0,79.87003399630028,-0.0,-0.0
2021-09-13 22:00:00,-0.0,3810.65,2160.0,518.712,1000.0,-0.0,0.0,-0.0,-0.0
2021-09-13 23:00:00,-0.0,3637.82,2160.0,489.645,1000.0,-0.0,0.0,-0.0,-0.0
2021-09-14 00:00:00,-0.0,3438.89,2160.0,76.01999999999998,1000.0,-0.0,0.0,-0.0,-0.0
2021-09-14 01:00:00,-0.0,3205.67,2160.0,155.64699999999993,1000.0,-0.0,0.0,-0.0,-0.0
2021-09-14 02:00:00,-0.0,2966.41,2160.0,288.384,1000.0,-0.0,0.0,-0.0,-0.0
2021-09-14 03:00:00,-0.0,2739.46,2160.0,506.70899999999983,1000.0,-0.0,0.0,-0.0,-0.0
2021-09-14 04:00:00,-0.0,2541.91,2160.0,815.9750000000004,1000.0,-0.0,0.0,-0.0,-0.0
2021-09-14 05:00:00,-0.0,2387.44,2160.0,1179.9739999999997,1000.0,-0.0,0.0,-0.0,-0.0
2021-09-14 06:00:00,49.15606568867516,2284.5299999999997,2160.0,1481.2079343113255,1000.0,-0.0,0.0,-0.0,-0.0
2021-09-14 07:00:00,692.0961161056651,2235.45,2160.0,1102.891883894335,1000.0,-0.0,0.0,-0.0,-0.0
2021-09-14 08:00:00,1589.7899678665192,2236.0099999999998,2160.0,338.1070321334812,1000.0,-0.0,0.0,-0.0,-0.0
2021-09-14 09:00:00,2515.8771256049185,2276.18,2160.0,-0.0,409.09987439508177,-0.0,0.0,-0.0,-0.0
2021-09-14 10:00:00,3306.068772017922,2341.56,1695.1033027238418,-0.0,-0.0,-0.0,0.0,21.121074741764055,20.065021004675852
2021-09-14 11:00:00,3834.2473869406663,2415.29,1093.5516130593337,-0.0,-0.0,-0.0,0.0,100.0,115.06301450257538
2021-09-14 12:00:00,4019.6083940547546,2480.4100000000003,765.3086059452448,-0.0,-0.0,-0.0,0.0,100.0,210.05150820112513
2021-09-14 13:00:00,3834.2473869406663,2522.16,865.1116130593341,-0.0,-0.0,-0.0,0.0,100.0,305.030503050305
2021-09-14 14:00:00,3306.068772017922,2529.96,1402.507227982078,-0.0,-0.0,-0.0,0.0,100.0,400.0
2021-09-14 15:00:00,2515.8771256049185,2498.81,2160.0,-0.0,61.72987439508188,-0.0,0.0,-0.0,399.96
2021-09-14 16:00:00,1589.7899678665192,2429.98,2160.0,136.63003213348043,1000.0,-0.0,100.0,-0.0,294.6568461052632
2021-09-14 17:00:00,692.0961161056651,2330.79,2160.0,1358.5338838943348,1000.0,-0.0,100.0,-0.0,189.36422252591586
2021-09-14 18:00:00,49.15606568867516,2213.52,2160.0,2310.420934311325,1000.0,-0.0,100.0,-0.0,84.08212820892645
2021-09-14 19:00:00,-0.0,2093.7400000000002,2160.0,2572.3189660036996,1000.0,-0.0,79.87003399630028,-0.0,-0.0
2021-09-14 20:00:00,-0.0,1988.1299999999999,2160.0,2673.9179999999997,1000.0,-0.0,0.0,-0.0,-0.0
2021-09-14 21:00:00,-0.0,1912.11,2160.0,2546.134,1000.0,-0.0,0.0,-0.0,-0.0
2021-09-14 22:00:00,-0.0,1877.6699999999998,2160.0,2340.3540000000003,1000.0,-0.0,0.0,-0.0,-0.0
2021-09-14 23:00:00,-0.0,1891.67,2160.0,2124.299,1000.0,-0.0,0.0,-0.0,-0.0
2021-09-15 00:00:00,-0.0,1965.98,2160.0,1437.5149999999999,1000.0,-0.0,0.0,-0.0,-0.0
2021-09-15 01:00:00,-0.0,2072.5499999999997,2160.0,1177.4050000000002,1000.0,-0.0,0.0,-0.0,-0.0
2021-09-15 02:00:00,-0.0,2211.14,2160.0,932.4500000000003,1000.0,-0.0,0.0,-0.0,-0.0
2021-09-15 03:00:00,-0.0,2366.04,2160.0,769.1869999999999,1000.0,-0.0,0.0,-0.0,-0.0
2021-09-15 04:00:00,-0.0,2519.24,2160.0,728.0709999999999,1000.0,-0.0,0.0,-0.0,-0.0
2021-09-15 05:00:00,-0.0,2652.77,2160.0,804.5419999999999,1000.0,-0.0,0.0,-0.0,-0.0
2021-09-15 06:00:00,36.72935287199888,2751.0099999999998,2160.0,917.6286471280018,1000.0,-0.0,0.0,-0.0,-0.0
2021-09-15 07:00:00,663.1644017540906,2802.69,2160.0,455.7375982459089,1000.0,-0.0,0.0,-0.0,-0.0
2021-09-15 08:00:00,1554.211694966583,2802.33,2160.0,-0.0,699.3013050334168,-0.0,0.0,-0.0,-0.0
2021-09-15 09:00:00,2477.8605435168497,2750.8700000000003,2025.2474564831505,-0.0,-0.0,-0.0,0.0,-0.0,-0.0
2021-09-15 10:00:00,3267.860343267843,2655.48,1313.199731473922,-0.0,-0.0,-0.0,0.0,21.121074741764055,20.065021004675852
2021-09-15 11:00:00,3796.5897437686176,2528.5299999999997,912.864256231383,-0.0,-0.0,-0.0,0.0,100.0,115.06301450257538
2021-09-15 12:00:00,3982.2539923807212,2385.8399999999997,793.3150076192783,-0.0,-0.0,-0.0,0.0,100.0,210.05150820112513
2021-09-15 13:00:00,3796.5897437686176,2244.5,1077.797256231382,-0.0,-0.0,-0.0,0.0,100.0,305.030503050305
2021-09-15 14:00:00,3267.860343267843,2120.57,1748.857656732156,-0.0,-0.0,-0.0,0.0,100.0,400.0
2021-09-15 15:00:00,2477.8605435168497,2026.83,2160.0,-0.0,471.9584564831507,-0.0,0.0,-0.0,399.96
2021-09-15 16:00:00,1554.211694966583,1971.1000000000001,2160.0,532.8963050334162,1000.0,-0.0,100.0,-0.0,294.6568461052632
2021-09-15 17:00:00,663.1644017540906,1955.1499999999999,2160.0,1666.5825982459096,1000.0,-0.0,100.0,-0.0,189.36422252591586
2021-09-15 18:00:00,36.72935287199888,1974.54,2160.0,2467.0666471280015,1000.0,-0.0,100.0,-0.0,84.08212820892645
2021-09-15 19:00:00,-0.0,2019.1999999999998,2160.0,2553.9519660037,1000.0,-0.0,79.87003399630028,-0.0,-0.0
2021-09-15 20:00:00,-0.0,2074.88,2160.0,2496.2039999999997,1000.0,-0.0,0.0,-0.0,-0.0
2021-09-15 21:00:00,-0.0,2125.09,2160.0,2244.2200000000003,1000.0,-0.0,0.0,-0.0,-0.0
2021-09-15 22:00:00,-0.0,2153.48,2160.0,1977.7270000000003,1000.0,-0.0,0.0,-0.0,-0.0
2021-09-15 23:00:00,-0.0,2146.0499999999997,2160.0,1785.3030000000003,1000.0,-0.0,0.0,-0.0,-0.0
2021-09-16 00:00:00,-0.0,2104.51,2160.0,1216.7839999999997,1000.0,-0.0,0.0,-0.0,-0.0
2021-09-16 01:00:00,-0.0,2002.39,2160.0,1167.728,1000.0,-0.0,0.0,-0.0,-0.0
2021-09-16 02:00:00,-0.0,1853.58,2160.0,1212.616,1000.0,-0.0,0.0,-0.0,-0.0
2021-09-16 03:00:00,-0.0,1666.82,2160.0,1393.5330000000004,1000.0,-0.0,0.0,-0.0,-0.0
2021-09-16 04:00:00,-0.0,1456.0,2160.0,1719.0299999999997,1000.0,-0.0,0.0,-0.0,-0.0
2021-09-16 05:00:00,-0.0,1238.35,2160.0,2149.347,1000.0,-0.0,0.0,-0.0,-0.0
2021-09-16 06:00:00,22.95352481924917,1032.29,2160.0,2583.2454751807504,1000.0,-0.0,0.0,-0.0,-0.0
2021-09-16 07:00:00,571.2884164570905,855.05,2160.0,2431.177583542909,1000.0,-0.0,0.0,-0.0,-0.0
2021-09-16 08:00:00,1367.3221031584121,720.47,2160.0,1906.843896841588,1000.0,-0.0,0.0,-0.0,-0.0
2021-09-16 09:00:00,2196.5823939995416,637.2600000000001,2160.0,1201.8596060004584,1000.0,-0.0,0.0,-0.0,-0.0
2021-09-16 10:00:00,2907.584689216236,607.94,2160.0,484.6103107837639,1000.0,-0.0,0.0,-0.0,-0.0
2021-09-16 11:00:00,3384.0822888341677,628.59,2160.0,-0.0,913.0777111658322,-0.0,0.0,-0.0,-0.0
2021-09-16 12:00:00,3551.502538749279,689.53,2160.0,-0.0,611.2464612507215,-0.0,0.0,-0.0,-0.0
2021-09-16 13:00:00,3384.0822888341677,776.65,2160.0,-0.0,652.1827111658322,-0.0,0.0,-0.0,-0.0
2021-09-16 14:00:00,2907.584689216236,873.5,2160.0,53.43831078376434,1000.0,-0.0,0.0,-0.0,-0.0
2021-09-16 15:00:00,2196.5823939995416,963.47,2160.0,777.0866060004582,1000.0,-0.0,0.0,-0.0,-0.0
2021-09-16 16:00:00,1367.3221031584121,1032.17,2160.0,1722.504896841588,1000.0,-0.0,0.0,-0.0,-0.0
2021-09-16 17:00:00,571.2884164570905,1069.4199999999998,2160.0,2711.3185835429094,1000.0,-0.0,0.0,-0.0,-0.0
2021-09-16 18:00:00,22.95352481924917,1070.6000000000001,2160.0,3455.2924751807504,1000.0,-0.0,0.0,-0.0,-0.0
2021-09-16 19:00:00,-0.0,1037.3400000000001,2160.0,3589.6059999999998,1000.0,-0.0,0.0,-0.0,-0.0
2021-09-16 20:00:00,-0.0,977.31,2160.0,3571.147000000001,1000.0,-0.0,0.0,-0.0,-0.0
2021-09-16 21:00:00,-0.0,903.12,2160.0,3447.0420000000004,1000.0,-0.0,0.0,-0.0,-0.0
2021-09-16 22:00:00,-0.0,830.64,2160.0,3284.9249999999993,1000.0,-0.0,0.0,-0.0,-0.0
2021-09-16 23:00:00,-0.0,776.82,2160.0,3142.4210000000003,1000.0,-0.0,0.0,-0.0,-0.0
2021-09-17 00:00:00,-0.0,768.74,2160.0,2544.12,1000.0,-0.0,0.0,-0.0,-0.0
2021-09-17 01:00:00,-0.0,795.7,2160.0,2369.554,1000.0,-0.0,0.0,-0.0,-0.0
2021-09-17 02:00:00,-0.0,876.15,2160.0,2188.766,1000.0,-0.0,0.0,-0.0,-0.0
2021-09-17 03:00:00,-0.0,1010.8499999999999,2160.0,2051.82,1000.0,-0.0,0.0,-0.0,-0.0
2021-09-17 04:00:00,-0.0,1194.1499999999999,2160.0,1986.804,1000.0,-0.0,0.0,-0.0,-0.0
2021-09-17 05:00:00,-0.0,1414.6100000000001,2160.0,1982.6240000000003,1000.0,-0.0,0.0,-0.0,-0.0
2021-09-17 06:00:00,11.461290904623743,1656.4499999999998,2160.0,1983.7297090953762,1000.0,-0.0,0.0,-0.0,-0.0
2021-09-17 07:00:00,444.2426059921765,1901.53,2160.0,1528.5113940078236,1000.0,-0.0,0.0,-0.0,-0.0
2021-09-17 08:00:00,1086.9413009311531,2131.69,2160.0,796.3846990688464,1000.0,-0.0,0.0,-0.0,-0.0
2021-09-17 09:00:00,1759.9084482537774,2331.07,2160.0,-0.0,968.7105517462228,-0.0,0.0,-0.0,-0.0
2021-09-17 10:00:00,2338.3508886232576,2488.09,2160.0,-0.0,201.27711137674214,-0.0,0.0,-0.0,-0.0
2021-09-17 11:00:00,2726.530949094383,2596.9300000000003,1893.4580509056168,-0.0,-0.0,-0.0,0.0,100.0,95.0
2021-09-17 12:00:00,2863.0020004058097,2658.14,1625.875999594191,-0.0,-0.0,-0.0,0.0,100.0,189.9905
2021-09-17 13:00:00,2726.530949094383,2678.43,1706.2440509056169,-0.0,-0.0,-0.0,0.0,100.0,284.97150095
2021-09-17 14:00:00,2338.3508886232576,2669.69,2128.3021113767427,-0.0,-0.0,-0.0,0.0,100.0,379.943003799905
2021-09-17 15:00:00,1759.9084482537774,2647.21,2160.0,-0.0,575.3465517462228,-0.0,0.0,-0.0,379.905009499525
2021-09-17 16:00:00,1086.9413009311531,2627.55,2160.0,356.31069906884636,1000.0,-0.0,100.0,-0.0,274.60386110383826
2021-09-17 17:00:00,444.2426059921765,2626.15,2160.0,1233.8873940078233,1000.0,-0.0,100.0,-0.0,169.31324282299107
2021-09-17 18:00:00,11.461290904623743,2655.22,2160.0,1837.8327090953767,1000.0,-0.0,100.0,-0.0,64.03315360397194
2021-09-17 19:00:00,-0.0,2721.9500000000003,2160.0,1903.2185872258183,1000.0,-0.0,60.82541277418096,-0.0,-0.0
2021-09-17 20:00:00,-0.0,2827.5099999999998,2160.0,1783.3350000000005,1000.0,-0.0,0.0,-0.0,-0.0
2021-09-17 21:00:00,-0.0,2966.8,2160.0,1449.0500000000002,1000.0,-0.0,0.0,-0.0,-0.0
2021-09-17 22:00:00,-0.0,3129.1600000000003,2160.0,1055.3469999999993,1000.0,-0.0,0.0,-0.0,-0.0
2021-09-17 23:00:00,-0.0,3299.71,2160.0,691.6809999999996,1000.0,-0.0,0.0,-0.0,-0.0
2021-09-18 00:00:00,-0.0,3472.98,2160.0,-0.0,479.1609999999996,-0.0,0.0,-0.0,-0.0
2021-09-18 01:00:00,-0.0,3608.8700000000003,2160.0,-0.0,198.76999999999998,-0.0,0.0,-0.0,-0.0
2021-09-18 02:00:00,-0.0,3704.44,2160.0,-0.0,5.911999999999807,-0.0,0.0,-0.0,-0.0
2021-09-18 03:00:00,-0.0,3749.5899999999997,2160.0,-0.0,-0.0,-0.0,0.0,38.491999999999734,36.56739999999974
2021-09-18 04:00:00,-0.0,3740.0,2160.0,-0.0,57.57844390300055,-0.0,34.73555609699976,-0.0,-0.0
2021-09-18 05:00:00,-0.0,3677.86,2160.0,-0.0,373.6010000000001,-0.0,0.0,-0.0,-0.0
2021-09-18 06:00:00,4.870429774265058,3571.5400000000004,2160.0,-0.0,732.2615702257341,-0.0,0.0,-0.0,-0.0
2021-09-18 07:00:00,377.9131697525667,3434.61,2160.0,-0.0,721.5278302474335,-0.0,0.0,-0.0,-0.0
2021-09-18 08:00:00,946.2867546674986,3284.05,2160.0,-0.0,447.11224533250083,-0.0,0.0,-0.0,-0.0
2021-09-18 09:00:00,1544.60079606006,3138.09,2160.0,-0.0,42.02420393993998,-0.0,0.0,-0.0,-0.0
2021-09-18 10:00:00,2060.179417310119,3013.83,1802.376657431646,-0.0,-0.0,-0.0,0.0,21.121074741764055,20.065021004675852
2021-09-18 11:00:00,2406.6544889009742,2925.02,1555.2335110990261,-0.0,-0.0,-0.0,0.0,100.0,115.06301450257538
2021-09-18 12:00:00,2528.5390052976077,2880.37,1410.4619947023925,-0.0,-0.0,-0.0,0.0,100.0,210.05150820112513
2021-09-18 13:00:00,2406.6544889009742,2882.4100000000003,1496.777511099025,-0.0,-0.0,-0.0,0.0,100.0,305.030503050305
2021-09-18 14:00:00,2060.179417310119,2927.36,1825.6415826898806,-0.0,-0.0,-0.0,0.0,100.0,400.0
2021-09-18 15:00:00,1544.60079606006,3005.6699999999996,2160.0,-0.0,111.14920393994043,-0.0,0.0,-0.0,399.96
2021-09-18 16:00:00,946.2867546674986,3103.47,2160.0,-0.0,802.0302453325019,-0.0,0.0,-0.0,399.920004
2021-09-18 17:00:00,377.9131697525667,3204.5299999999997,2160.0,404.7658302474333,1000.0,-0.0,100.0,-0.0,294.6168541048632
2021-09-18 18:00:00,4.870429774265058,3292.57,2160.0,891.8555702257352,1000.0,-0.0,100.0,-0.0,189.3242345247159
2021-09-18 19:00:00,-0.0,3353.55,2160.0,918.9879999999994,1000.0,-0.0,100.0,-0.0,84.0421442065266
2021-09-18 20:00:00,-0.0,3377.6499999999996,2160.0,841.5769470074999,1000.0,-0.0,79.83205299250066,-0.0,-0.0
2021-09-18 21:00:00,-0.0,3360.69,2160.0,744.9490000000001,1000.0,-0.0,0.0,-0.0,-0.0
2021-09-18 22:00:00,-0.0,3304.72,2160.0,571.0570000000002,1000.0,-0.0,0.0,-0.0,-0.0
2021-09-18 23:00:00,-0.0,3217.86,2160.0,466.18399999999974,1000.0,-0.0,0.0,-0.0,-0.0
2021-09-19 00:00:00,-0.0,3124.92,2160.0,-0.0,957.4279999999999,-0.0,0.0,-0.0,-0.0
2021-09-19 01:00:00,-0.0,3018.8199999999997,2160.0,-0.0,920.2130000000006,-0.0,0.0,-0.0,-0.0
2021-09-19 02:00:00,-0.0,2928.69,2160.0,-0.0,914.1429999999996,-0.0,0.0,-0.0,-0.0
2021-09-19 03:00:00,-0.0,2870.63,2160.0,-0.0,973.9359999999997,-0.0,0.0,-0.0,-0.0
2021-09-19 04:00:00,-0.0,2857.2999999999997,2160.0,109.36600000000044,1000.0,-0.0,0.0,-0.0,-0.0
2021-09-19 05:00:00,-0.0,2896.14,2160.0,290.4569999999999,1000.0,-0.0,0.0,-0.0,-0.0
2021-09-19 06:00:00,1.113948360060623,2988.33,2160.0,455.04305163993945,1000.0,-0.0,0.0,-0.0,-0.0
2021-09-19 07:00:00,406.18889229210555,3128.6000000000004,2160.0,135.65310770789415,1000.0,-0.0,0.0,-0.0,-0.0
2021-09-19 08:00:00,1042.0986908367129,3305.8700000000003,2160.0,-0.0,466.3433091632867,-0.0,0.0,-0.0,-0.0
2021-09-19 09:00:00,1715.1896101993436,3504.6699999999996,1802.0863898006567,-0.0,-0.0,-0.0,0.0,-0.0,-0.0
2021-09-19 10:00:00,2296.726351568992,3707.14,988.891648431008,-0.0,-0.0,-0.0,0.0,-0.0,-0.0
2021-09-19 11:00:00,2688.07497626429,3895.3500000000004,341.1330237357097,-0.0,-0.0,-0.0,0.0,-0.0,-0.0
2021-09-19 12:00:00,2825.833256791787,4053.62,-0.0,-0.0,-0.0,-0.0,0.0,22.379256791787157,21.2602939521978
2021-09-19 13:00:00,2688.07497626429,4170.51,63.64896750389198,-0.0,-0.0,-0.0,0.0,98.7419437681819,115.06301450257538
2021-09-19 14:00:00,2296.726351568992,4240.28,413.6676484310083,-0.0,-0.0,-0.0,0.0,100.0,210.05150820112513
2021-09-19 15:00:00,1715.1896101993436,4263.51,1079.951389800656,-0.0,-0.0,-0.0,0.0,100.0,305.030503050305
2021-09-19 16:00:00,1042.0986908367129,4246.91,1959.641309163287,-0.0,-0.0,-0.0,0.0,100.0,400.0
2021-09-19 17:00:00,406.18889229210555,4202.29,2160.0,-0.0,615.1201077078947,-0.0,0.0,-0.0,399.96
2021-09-19 18:00:00,1.113948360060623,4144.83,2160.0,179.16705163993925,1000.0,-0.0,100.0,-0.0,294.6568461052632
2021-09-19 19:00:00,-0.0,4090.93,2160.0,316.74400000000014,1000.0,-0.0,100.0,-0.0,189.36422252591586
2021-09-19 20:00:00,-0.0,4055.86,2160.0,277.55200000000013,1000.0,-0.0,100.0,-0.0,84.08212820892645
2021-09-19 21:00:00,-0.0,4051.5499999999997,2160.0,107.68696600370004,1000.0,-0.0,79.87003399630028,-0.0,-0.0
2021-09-19 22:00:00,-0.0,4084.95,2160.0,-0.0,923.308,-0.0,0.0,-0.0,-0.0
2021-09-19 23:00:00,-0.0,4156.91,2160.0,-0.0,658.5280000000002,-0.0,0.0,-0.0,-0.0
2021-09-20 00:00:00,-0.0,4273.85,2160.0,-0.0,374.96699999999964,-0.0,0.0,-0.0,-0.0
2021-09-20 01:00:00,-0.0,4401.1,2160.0,-0.0,103.11699999999928,-0.0,0.0,-0.0,-0.0
2021-09-20 02:00:00,-0.0,4535.26,2031.3729999999996,-0.0,-0.0,-0.0,0.0,-0.0,-0.0
2021-09-20 03:00:00,-0.0,4658.92,1907.9650000000001,-0.0,-0.0,-0.0,0.0,-0.0,-0.0
2021-09-20 04:00:00,-0.0,4754.76,1997.864722052267,-0.0,-0.0,-0.0,0.0,65.21472205226789,61.953985949654495
2021-09-20 05:00:00,-0.0,4807.9,2160.0,-0.0,-0.0,-0.0,0.0,62.22899999999936,121.06534055105892
2021-09-20 06:00:00,-0.0,4807.9,2160.0,-0.0,93.89900000000034,-0.0,100.0,-0.0,15.790076122266976
2021-09-20 07:00:00,460.79092774107704,4750.110000000001,2160.0,-0.0,-0.0,-0.0,14.999072258922013,-0.0,-0.0
2021-09-20 08:00:00,1212.7988998120027,4636.4,1678.6291001879981,-0.0,-0.0,-0.0,0.0,-0.0,-0.0
2021-09-20 09:00:00,2013.294568555567,4474.87,1085.2664314444328,-0.0,-0.0,-0.0,0.0,-0.0,-0.0
2021-09-20 10:00:00,2706.770742907307,4278.83,556.5252570926932,-0.0,-0.0,-0.0,0.0,-0.0,-0.0
2021-09-20 11:00:00,3174.1092115647407,4065.06,311.72450979753694,-0.0,-0.0,-0.0,0.0,79.1677213622783,75.20933529416438
2021-09-20 12:00:00,3338.7260247736995,3851.6299999999997,311.6019752263005,-0.0,-0.0,-0.0,0.0,100.0,170.20181436063496
2021-09-20 13:00:00,3174.1092115647407,3655.4900000000002,636.4127884352588,-0.0,-0.0,-0.0,0.0,100.0,265.1847941791989
2021-09-20 14:00:00,2706.770742907307,3490.36,1293.620257092693,-0.0,-0.0,-0.0,0.0,100.0,360.158275699781
2021-09-20 15:00:00,2013.2945685555671,3364.89,2160.0,-0.0,-0.0,-0.0,0.0,41.97656855556738,400.0
2021-09-20 16:00:00,1212.798899812003,3281.6800000000003,2160.0,-0.0,1000.0,-0.0,29.134100187997092,-0.0,369.29252611789775
2021-09-20 17:00:00,460.79092774107704,3237.02,2160.0,958.0860722589227,1000.0,-0.0,100.0,-0.0,263.99243897054913
2021-09-20 18:00:00,-0.0,3221.51,2160.0,1633.1619999999994,1000.0,-0.0,100.0,-0.0,158.70288183191525
2021-09-20 19:00:00,-0.0,3221.4700000000003,2160.0,1712.9620000000004,1000.0,-0.0,100.0,-0.0,53.423853648995234
2021-09-20 20:00:00,-0.0,3220.94,2160.0,1685.6134142995516,1000.0,-0.0,50.74758570044882,-0.0,-0.0
2021-09-20 21:00:00,-0.0,3203.95,2160.0,1556.1140000000005,1000.0,-0.0,0.0,-0.0,-0.0
2021-09-20 22:00:00,-0.0,3156.81,2160.0,1369.4140000000002,1000.0,-0.0,0.0,-0.0,-0.0
2021-09-20 23:00:00,-0.0,3070.1099999999997,2160.0,1260.2440000000006,1000.0,-0.0,0.0,-0.0,-0.0
2021-09-21 00:00:00,-0.0,2952.0499999999997,2160.0,772.5419999999999,1000.0,-0.0,0.0,-0.0,-0.0
2021-09-21 01:00:00,-0.0,2781.2999999999997,2160.0,795.5340000000001,1000.0,-0.0,0.0,-0.0,-0.0
2021-09-21 02:00:00,-0.0,2578.43,2160.0,897.6129999999998,1000.0,-0.0,0.0,-0.0,-0.0
2021-09-21 03:00:00,-0.0,2357.11,2160.0,1115.9299999999998,1000.0,-0.0,0.0,-0.0,-0.0
2021-09-21 04:00:00,-0.0,2134.2400000000002,2160.0,1456.0259999999994,1000.0,-0.0,0.0,-0.0,-0.0
2021-09-21 05:00:00,-0.0,1927.8400000000001,2160.0,1877.3459999999995,1000.0,-0.0,0.0,-0.0,-0.0
2021-09-21 06:00:00,-0.0,1754.63,2160.0,2303.3050000000003,1000.0,-0.0,0.0,-0.0,-0.0
2021-09-21 07:00:00,472.82775863173214,1627.86,2160.0,2177.933241368268,1000.0,-0.0,0.0,-0.0,-0.0
2021-09-21 08:00:00,1278.422835423574,1555.59,2160.0,1583.0861645764262,1000.0,-0.0,0.0,-0.0,-0.0
2021-09-21 09:00:00,2141.0087480365173,1539.6000000000001,2160.0,778.6152519634825,1000.0,-0.0,0.0,-0.0,-0.0
2021-09-21 10:00:00,2890.3246782372967,1575.23,2160.0,-0.0,958.8583217627029,-0.0,0.0,-0.0,-0.0
2021-09-21 11:00:00,3396.032479296818,1651.94,2160.0,-0.0,302.510520703182,-0.0,0.0,-0.0,-0.0
2021-09-21 12:00:00,3574.276594110519,1754.82,2160.0,-0.0,-0.0,-0.0,0.0,51.93359411051915,49.336914404993195
2021-09-21 13:00:00,3396.0324792968186,1866.5100000000002,2160.0,-0.0,-0.0,-0.0,0.0,24.89547929681885,72.9826860455306
2021-09-21 14:00:00,2890.3246782372967,1969.56,2160.0,-0.0,398.91732176270307,-0.0,0.0,-0.0,72.97538777692604
2021-09-21 15:00:00,2141.0087480365173,2048.71,2160.0,101.6225662372417,1000.0,-0.0,69.31968572624093,-0.0,-0.0
2021-09-21 16:00:00,1278.422835423574,2092.92,2160.0,1173.1181645764264,1000.0,-0.0,0.0,-0.0,-0.0
2021-09-21 17:00:00,472.82775863173214,2096.76,2160.0,2203.544241368267,1000.0,-0.0,0.0,-0.0,-0.0
2021-09-21 18:00:00,-0.0,2061.1,2160.0,2907.1920000000005,1000.0,-0.0,0.0,-0.0,-0.0
2021-09-21 19:00:00,-0.0,1992.86,2160.0,3051.576,1000.0,-0.0,0.0,-0.0,-0.0
2021-09-21 20:00:00,-0.0,1904.02,2160.0,3059.6730000000002,1000.0,-0.0,0.0,-0.0,-0.0
2021-09-21 21:00:00,-0.0,1809.8600000000001,2160.0,2952.9900000000002,1000.0,-0.0,0.0,-0.0,-0.0
2021-09-21 22:00:00,-0.0,1726.83,2160.0,2798.5820000000003,1000.0,-0.0,0.0,-0.0,-0.0
2021-09-21 23:00:00,-0.0,1670.1499999999999,2160.0,2655.8070000000007,1000.0,-0.0,0.0,-0.0,-0.0
2021-09-22 00:00:00,-0.0,1663.76,2160.0,2052.9719999999998,1000.0,-0.0,0.0,-0.0,-0.0
2021-09-22 01:00:00,-0.0,1690.33,2160.0,1875.0929999999998,1000.0,-0.0,0.0,-0.0,-0.0
2021-09-22 02:00:00,-0.0,1762.59,2160.0,1698.5109999999995,1000.0,-0.0,0.0,-0.0,-0.0
2021-09-22 03:00:00,-0.0,1874.8899999999999,2160.0,1579.703,1000.0,-0.0,0.0,-0.0,-0.0
2021-09-22 04:00:00,-0.0,2015.8999999999999,2160.0,1552.4400000000005,1000.0,-0.0,0.0,-0.0,-0.0
2021-09-22 05:00:00,-0.0,2170.07,2160.0,1609.7419999999997,1000.0,-0.0,0.0,-0.0,-0.0
2021-09-22 06:00:00,-0.0,2319.59,2160.0,1709.5550000000003,1000.0,-0.0,0.0,-0.0,-0.0
2021-09-22 07:00:00,457.17678417288033,2446.7400000000002,2160.0,1342.5342158271196,1000.0,-0.0,0.0,-0.0,-0.0
2021-09-22 08:00:00,1271.6834478452074,2536.2000000000003,2160.0,573.7055521547923,1000.0,-0.0,0.0,-0.0,-0.0
2021-09-22 09:00:00,2149.13438246296,2577.04,2160.0,-0.0,694.2406175370402,-0.0,0.0,-0.0,-0.0
2021-09-22 10:00:00,2913.4948041265575,2564.13,2160.0,-0.0,-0.0,-0.0,0.0,95.27480412655723,90.51106392022936
2021-09-22 11:00:00,3430.119299114673,2498.84,1636.2527008853272,-0.0,-0.0,-0.0,0.0,100.0,185.50201281383733
2021-09-22 12:00:00,3612.34268501459,2388.77,1487.62231498541,-0.0,-0.0,-0.0,0.0,100.0,280.48346261255597
2021-09-22 13:00:00,3430.119299114673,2246.7200000000003,1769.2747008853262,-0.0,-0.0,-0.0,0.0,100.0,375.4554142662947
2021-09-22 14:00:00,2913.4948041265575,2088.9900000000002,2160.0,-0.0,201.73419587344233,-0.0,0.0,-0.0,375.4178687248681
2021-09-22 15:00:00,2149.13438246296,1933.1499999999999,2160.0,120.80261753704099,1000.0,-0.0,100.0,-0.0,270.11716904325874
2021-09-22 16:00:00,1271.6834478452074,1795.69,2160.0,1316.5815521547925,1000.0,-0.0,100.0,-0.0,164.8269994316176
2021-09-22 17:00:00,457.17678417288033,1689.89,2160.0,2462.690215827119,1000.0,-0.0,100.0,-0.0,59.54735883693759
2021-09-22 18:00:00,-0.0,1624.01,2160.0,3221.5386661039993,1000.0,-0.0,56.56433389600121,-0.0,-0.0
2021-09-22 19:00:00,-0.0,1600.26,2160.0,3375.2609999999995,1000.0,-0.0,0.0,-0.0,-0.0
2021-09-22 20:00:00,-0.0,1614.59,2160.0,3277.522,1000.0,-0.0,0.0,-0.0,-0.0
2021-09-22 21:00:00,-0.0,1657.31,2160.0,3031.3660000000004,1000.0,-0.0,0.0,-0.0,-0.0
2021-09-22 22:00:00,-0.0,1714.52,2160.0,2734.198,1000.0,-0.0,0.0,-0.0,-0.0
2021-09-22 23:00:00,-0.0,1770.03,2160.0,2476.791,1000.0,-0.0,0.0,-0.0,-0.0
2021-09-23 00:00:00,-0.0,1819.9,2160.0,1815.4339999999997,1000.0,-0.0,0.0,-0.0,-0.0
2021-09-23 01:00:00,-0.0,1826.0100000000002,2160.0,1655.7309999999998,1000.0,-0.0,0.0,-0.0,-0.0
2021-09-23 02:00:00,-0.0,1791.06,2160.0,1584.159,1000.0,-0.0,0.0,-0.0,-0.0
2021-09-23 03:00:00,-0.0,1711.31,2160.0,1655.283,1000.0,-0.0,0.0,-0.0,-0.0
2021-09-23 04:00:00,-0.0,1589.3799999999999,2160.0,1888.9300000000003,1000.0,-0.0,0.0,-0.0,-0.0
2021-09-23 05:00:00,-0.0,1434.0,2160.0,2253.839,1000.0,-0.0,0.0,-0.0,-0.0
2021-09-23 06:00:00,-0.0,1258.96,2160.0,2676.358,1000.0,-0.0,0.0,-0.0,-0.0
2021-09-23 07:00:00,462.6413197391778,1081.37,2160.0,2606.851680260823,1000.0,-0.0,0.0,-0.0,-0.0
2021-09-23 08:00:00,1326.0131848061642,919.47,2160.0,2038.8478151938357,1000.0,-0.0,0.0,-0.0,-0.0
2021-09-23 09:00:00,2261.9835399391013,790.2299999999999,2160.0,1269.3674600608992,1000.0,-0.0,0.0,-0.0,-0.0
2021-09-23 10:00:00,3079.658767835601,707.2,2160.0,495.17723216439936,1000.0,-0.0,0.0,-0.0,-0.0
2021-09-23 11:00:00,3633.1673307457236,678.74,2160.0,-0.0,891.6066692542768,-0.0,0.0,-0.0,-0.0
2021-09-23 12:00:00,3828.522930090355,706.98,2160.0,-0.0,590.2480699096454,-0.0,0.0,-0.0,-0.0
2021-09-23 13:00:00,3633.1673307457236,787.5799999999999,2160.0,-0.0,661.1956692542767,-0.0,0.0,-0.0,-0.0
2021-09-23 14:00:00,3079.658767835601,910.3700000000001,2160.0,108.93223216439947,1000.0,-0.0,0.0,-0.0,-0.0
2021-09-23 15:00:00,2261.9835399391013,1060.78,2160.0,874.0784600608986,1000.0,-0.0,0.0,-0.0,-0.0
2021-09-23 16:00:00,1326.0131848061642,1221.81,2160.0,1829.0018151938352,1000.0,-0.0,0.0,-0.0,-0.0
2021-09-23 17:00:00,462.6413197391778,1376.3300000000002,2160.0,2762.8726802608226,1000.0,-0.0,0.0,-0.0,-0.0
2021-09-23 18:00:00,-0.0,1509.4199999999998,2160.0,3284.1009999999997,1000.0,-0.0,0.0,-0.0,-0.0
2021-09-23 19:00:00,-0.0,1610.3100000000002,2160.0,3256.0429999999997,1000.0,-0.0,0.0,-0.0,-0.0
2021-09-23 20:00:00,-0.0,1673.8600000000001,2160.0,3108.611999999999,1000.0,-0.0,0.0,-0.0,-0.0
2021-09-23 21:00:00,-0.0,1701.1599999999999,2160.0,2877.508,1000.0,-0.0,0.0,-0.0,-0.0
2021-09-23 22:00:00,-0.0,1699.33,2160.0,2639.1180000000004,1000.0,-0.0,0.0,-0.0,-0.0
2021-09-23 23:00:00,-0.0,1680.51,2160.0,2455.883,1000.0,-0.0,0.0,-0.0,-0.0
2021-09-24 00:00:00,-0.0,1672.37,2160.0,1852.5820000000003,1000.0,-0.0,0.0,-0.0,-0.0
2021-09-24 01:00:00,-0.0,1666.84,2160.0,1704.5720000000001,1000.0,-0.0,0.0,-0.0,-0.0
2021-09-24 02:00:00,-0.0,1691.4399999999998,2160.0,1573.607,1000.0,-0.0,0.0,-0.0,-0.0
2021-09-24 03:00:00,-0.0,1758.0100000000002,2160.0,1498.674,1000.0,-0.0,0.0,-0.0,-0.0
2021-09-24 04:00:00,-0.0,1873.24,2160.0,1495.5280000000002,1000.0,-0.0,0.0,-0.0,-0.0
2021-09-24 05:00:00,-0.0,2037.65,2160.0,1541.1190000000001,1000.0,-0.0,0.0,-0.0,-0.0
2021-09-24 06:00:00,-0.0,2245.36,2160.0,1581.4649999999997,1000.0,-0.0,0.0,-0.0,-0.0
2021-09-24 07:00:00,480.2788354401376,2484.81,2160.0,1077.9601645598623,1000.0,-0.0,0.0,-0.0,-0.0
2021-09-24 08:00:00,1420.884453471327,2740.11,2160.0,16.30554652867295,1000.0,-0.0,0.0,-0.0,-0.0
2021-09-24 09:00:00,2447.2455294211836,2993.1200000000003,1935.069470578817,-0.0,-0.0,-0.0,0.0,-0.0,-0.0
2021-09-24 10:00:00,3346.5236632941237,3225.6800000000003,764.6723367058762,-0.0,-0.0,-0.0,0.0,-0.0,-0.0
2021-09-24 11:00:00,3956.2061665613037,3403.2358334386963,-0.0,-0.0,-0.0,-0.0,0.0,100.0,95.0
2021-09-24 12:00:00,4171.538573163022,3111.327426836978,-0.0,-0.0,-0.0,-0.0,0.0,100.0,189.9905
2021-09-24 13:00:00,3956.2061665613037,3284.1378334386964,-0.0,-0.0,-0.0,-0.0,0.0,100.0,284.97150095
2021-09-24 14:00:00,3346.5236632941237,3709.33,124.0360727589291,-0.0,-0.0,-0.0,0.0,21.144736053052647,305.030503050305
2021-09-24 15:00:00,2447.2455294211836,3706.97,1203.8914705788166,-0.0,-0.0,-0.0,0.0,100.0,400.0
2021-09-24 16:00:00,1420.884453471327,3671.42,2160.0,-0.0,187.36054652867278,-0.0,0.0,-0.0,399.96
2021-09-24 17:00:00,480.2788354401376,3618.38,2160.0,307.6961645598619,1000.0,-0.0,100.0,-0.0,294.6568461052632
2021-09-24 18:00:00,-0.0,3564.84,2160.0,1034.9539999999997,1000.0,-0.0,100.0,-0.0,189.36422252591586
2021-09-24 19:00:00,-0.0,3526.69,2160.0,1147.7890000000002,1000.0,-0.0,100.0,-0.0,84.08212820892645
2021-09-24 20:00:00,-0.0,3516.63,2160.0,1096.0409660036999,1000.0,-0.0,79.87003399630028,-0.0,-0.0
2021-09-24 21:00:00,-0.0,3542.34,2160.0,948.4279999999999,1000.0,-0.0,0.0,-0.0,-0.0
2021-09-24 22:00:00,-0.0,3605.4900000000002,2160.0,647.1739999999995,1000.0,-0.0,0.0,-0.0,-0.0
2021-09-24 23:00:00,-0.0,3701.54,2160.0,351.27099999999973,1000.0,-0.0,0.0,-0.0,-0.0
2021-09-25 00:00:00,-0.0,3832.69,2160.0,-0.0,174.9090000000001,-0.0,0.0,-0.0,-0.0
2021-09-25 01:00:00,-0.0,3959.8,2056.624,-0.0,-0.0,-0.0,0.0,-0.0,-0.0
2021-09-25 02:00:00,-0.0,4078.7000000000003,1833.801,-0.0,-0.0,-0.0,0.0,-0.0,-0.0
2021-09-25 03:00:00,-0.0,4172.93,1733.728,-0.0,-0.0,-0.0,0.0,-0.0,-0.0
2021-09-25 04:00:00,-0.0,4228.39,1803.7614870889856,-0.0,-0.0,-0.0,0.0,10.81548708898591,10.274712734536614
2021-09-25 05:00:00,-0.0,4235.39,2098.6129999999994,-0.0,-0.0,-0.0,0.0,100.0,105.27368526326316
2021-09-25 06:00:00,-0.0,4190.0,2160.0,-0.0,34.79399999999987,-0.0,100.0,-0.0,-0.0
2021-09-25 07:00:00,454.19387800871806,4094.72,2154.9081219912823,-0.0,-0.0,-0.0,0.0,-0.0,-0.0
2021-09-25 08:00:00,1389.5453729416215,3958.2099999999996,1493.186627058379,-0.0,-0.0,-0.0,0.0,-0.0,-0.0
2021-09-25 09:00:00,2417.100849077543,3794.2599999999998,670.6471509224571,-0.0,-0.0,-0.0,0.0,-0.0,-0.0
2021-09-25 10:00:00,3320.1354643646873,3620.05,-0.0,-0.0,-0.0,-0.0,0.0,93.7444643646877,89.05724114645331
2021-09-25 11:00:00,3933.320716364058,2938.7352836359414,-0.0,-0.0,-0.0,-0.0,0.0,100.0,184.04833542233865
2021-09-25 12:00:00,4150.0455584158535,2648.5394415841465,-0.0,-0.0,-0.0,-0.0,0.0,100.0,279.02993058879645
2021-09-25 13:00:00,3933.320716364058,2825.9002836359414,-0.0,-0.0,-0.0,-0.0,0.0,100.0,374.00202759573756
2021-09-25 14:00:00,3320.1354643646873,3156.9799999999996,203.71353563531284,-0.0,-0.0,-0.0,0.0,-0.0,373.964627392978
2021-09-25 15:00:00,2417.100849077543,3152.91,1240.8791709958896,-0.0,-0.0,-0.0,0.0,27.445020073432957,400.0
2021-09-25 16:00:00,1389.5453729416215,3195.0,2160.0,-0.0,223.75762705837838,-0.0,0.0,-0.0,399.96
2021-09-25 17:00:00,454.19387800871806,3273.51,2160.0,210.6291219912814,1000.0,-0.0,100.0,-0.0,294.6568461052632
2021-09-25 18:00:00,-0.0,3374.31,2160.0,760.8409999999999,1000.0,-0.0,100.0,-0.0,189.36422252591586
2021-09-25 19:00:00,-0.0,3480.89,2160.0,732.3620000000005,1000.0,-0.0,100.0,-0.0,84.08212820892645
2021-09-25 20:00:00,-0.0,3576.61,2160.0,578.2829660036996,1000.0,-0.0,79.87003399630028,-0.0,-0.0
2021-09-25 21:00:00,-0.0,3647.06,2160.0,389.4079999999999,1000.0,-0.0,0.0,-0.0,-0.0
2021-09-25 22:00:00,-0.0,3682.0199999999995,2160.0,119.85100000000057,1000.0,-0.0,0.0,-0.0,-0.0
2021-09-25 23:00:00,-0.0,3676.87,2160.0,-0.0,928.6769999999997,-0.0,0.0,-0.0,-0.0
2021-09-26 00:00:00,-0.0,3645.7200000000003,2160.0,-0.0,354.40599999999995,-0.0,0.0,-0.0,-0.0
2021-09-26 01:00:00,-0.0,3571.2500000000005,2160.0,-0.0,281.27,-0.0,0.0,-0.0,-0.0
2021-09-26 02:00:00,-0.0,3478.56,2160.0,-0.0,273.62300000000005,-0.0,0.0,-0.0,-0.0
2021-09-26 03:00:00,-0.0,3383.55,2160.0,-0.0,366.3869999999997,-0.0,0.0,-0.0,-0.0
2021-09-26 04:00:00,-0.0,3303.15,2160.0,-0.0,565.0709999999995,-0.0,0.0,-0.0,-0.0
2021-09-26 05:00:00,-0.0,3253.05,2160.0,-0.0,831.4499999999998,-0.0,0.0,-0.0,-0.0
2021-09-26 06:00:00,-0.0,3245.47,2160.0,93.43700000000035,1000.0,-0.0,0.0,-0.0,-0.0
2021-09-26 07:00:00,370.5982421881686,3287.4500000000003,2160.0,-0.0,903.5017578118313,-0.0,0.0,-0.0,-0.0
2021-09-26 08:00:00,1174.8442037439372,3379.8,2160.0,-0.0,147.63779625606276,-0.0,0.0,-0.0,-0.0
2021-09-26 09:00:00,2064.60426774036,3516.93,1325.4207322596403,-0.0,-0.0,-0.0,0.0,-0.0,-0.0
2021-09-26 10:00:00,2848.935308059044,3687.46,338.5896919409556,-0.0,-0.0,-0.0,0.0,-0.0,-0.0
2021-09-26 11:00:00,3382.3742346820745,3521.810765317926,-0.0,-0.0,-0.0,-0.0,0.0,100.0,95.0
2021-09-26 12:00:00,3571.046143866343,3263.237856133657,-0.0,-0.0,-0.0,-0.0,0.0,100.0,189.9905
2021-09-26 13:00:00,3382.3742346820745,3416.096765317925,-0.0,-0.0,-0.0,-0.0,0.0,100.0,284.97150095
2021-09-26 14:00:00,2848.935308059044,3974.6736919409564,-0.0,-0.0,-0.0,-0.0,0.0,100.0,379.943003799905
2021-09-26 15:00:00,2064.60426774036,4457.83,307.29673225964007,-0.0,-0.0,-0.0,0.0,-0.0,379.905009499525
2021-09-26 16:00:00,1174.8442037439372,4496.04,1368.3764078365102,-0.0,-0.0,-0.0,0.0,21.192611580447288,400.0
2021-09-26 17:00:00,370.5982421881686,4483.54,2160.0,-0.0,137.4077578118317,-0.0,100.0,-0.0,294.69684210526316
2021-09-26 18:00:00,-0.0,4427.18,2160.0,-0.0,764.5999999999995,-0.0,100.0,-0.0,189.4042145263158
2021-09-26 19:00:00,-0.0,4338.9800000000005,2160.0,-0.0,934.281,-0.0,100.0,-0.0,84.12211621012632
2021-09-26 20:00:00,-0.0,4234.38,2160.0,-0.0,983.8239812014199,-0.0,79.90801879858006,-0.0,-0.0
2021-09-26 21:00:00,-0.0,4130.07,2160.0,-0.0,973.0460000000003,-0.0,0.0,-0.0,-0.0
2021-09-26 22:00:00,-0.0,4041.6600000000003,2160.0,-0.0,830.1129999999998,-0.0,0.0,-0.0,-0.0
2021-09-26 23:00:00,-0.0,3981.5099999999998,2160.0,-0.0,697.1470000000004,-0.0,0.0,-0.0,-0.0
2021-09-27 00:00:00,-0.0,3969.56,2160.0,-0.0,543.0679999999998,-0.0,0.0,-0.0,-0.0
2021-09-27 01:00:00,-0.0,3981.9700000000003,2160.0,-0.0,386.15599999999995,-0.0,0.0,-0.0,-0.0
2021-09-27 02:00:00,-0.0,4026.4100000000003,2160.0,-0.0,244.42899999999963,-0.0,0.0,-0.0,-0.0
2021-09-27 03:00:00,-0.0,4092.38,2160.0,-0.0,179.20499999999993,-0.0,0.0,-0.0,-0.0
2021-09-27 04:00:00,-0.0,4165.19,2160.0,-0.0,227.61000000000058,-0.0,0.0,-0.0,-0.0
2021-09-27 05:00:00,-0.0,4227.969999999999,2160.0,-0.0,383.978000000001,-0.0,0.0,-0.0,-0.0
2021-09-27 06:00:00,-0.0,4263.95,2160.0,-0.0,605.2089999999998,-0.0,0.0,-0.0,-0.0
2021-09-27 07:00:00,284.3972049254774,4258.79,2160.0,-0.0,551.349795074523,-0.0,0.0,-0.0,-0.0
2021-09-27 08:00:00,936.3169168449559,4202.57,2160.0,-0.0,99.04908315504406,-0.0,0.0,-0.0,-0.0
2021-09-27 09:00:00,1662.827848674494,4091.18,1691.1941513255065,-0.0,-0.0,-0.0,0.0,-0.0,-0.0
2021-09-27 10:00:00,2305.266622329457,3926.9500000000003,1204.6554524123076,-0.0,-0.0,-0.0,0.0,21.121074741764055,20.065021004675852
2021-09-27 11:00:00,2742.9121785892744,3718.45,986.031821410726,-0.0,-0.0,-0.0,0.0,100.0,115.06301450257538
2021-09-27 12:00:00,2897.8190752597043,3479.43,1002.6089247402961,-0.0,-0.0,-0.0,0.0,100.0,210.05150820112513
2021-09-27 13:00:00,2742.9121785892744,3227.06,1376.3558214107256,-0.0,-0.0,-0.0,0.0,100.0,305.030503050305
2021-09-27 14:00:00,2305.266622329457,2979.71,2088.691377670543,-0.0,-0.0,-0.0,0.0,100.0,400.0
2021-09-27 15:00:00,1662.827848674494,2754.67,2160.0,-0.0,804.4091513255062,-0.0,0.0,-0.0,399.96
2021-09-27 16:00:00,936.3169168449559,2565.87,2160.0,810.0870831550446,1000.0,-0.0,100.0,-0.0,294.6568461052632
2021-09-27 17:00:00,284.3972049254774,2422.15,2160.0,1841.147795074522,1000.0,-0.0,100.0,-0.0,189.36422252591586
2021-09-27 18:00:00,-0.0,2326.24,2160.0,2423.5430000000006,1000.0,-0.0,100.0,-0.0,84.08212820892645
2021-09-27 19:00:00,-0.0,2274.4900000000002,2160.0,2578.664966003699,1000.0,-0.0,79.87003399630028,-0.0,-0.0
2021-09-27 20:00:00,-0.0,2257.5,2160.0,2602.0460000000003,1000.0,-0.0,0.0,-0.0,-0.0
2021-09-27 21:00:00,-0.0,2261.56,2160.0,2404.5660000000003,1000.0,-0.0,0.0,-0.0,-0.0
2021-09-27 22:00:00,-0.0,2270.58,2160.0,2165.683,1000.0,-0.0,0.0,-0.0,-0.0
2021-09-27 23:00:00,-0.0,2268.42,2160.0,1976.1109999999999,1000.0,-0.0,0.0,-0.0,-0.0
2021-09-28 00:00:00,-0.0,2253.85,2160.0,1389.8709999999996,1000.0,-0.0,0.0,-0.0,-0.0
2021-09-28 01:00:00,-0.0,2191.81,2160.0,1308.5970000000002,1000.0,-0.0,0.0,-0.0,-0.0
2021-09-28 02:00:00,-0.0,2090.93,2160.0,1313.2770000000005,1000.0,-0.0,0.0,-0.0,-0.0
2021-09-28 03:00:00,-0.0,1953.39,2160.0,1452.549,1000.0,-0.0,0.0,-0.0,-0.0
2021-09-28 04:00:00,-0.0,1787.4,2160.0,1740.6399999999999,1000.0,-0.0,0.0,-0.0,-0.0
2021-09-28 05:00:00,-0.0,1606.19,2160.0,2141.78,1000.0,-0.0,0.0,-0.0,-0.0
2021-09-28 06:00:00,-0.0,1426.2,2160.0,2579.66,1000.0,-0.0,0.0,-0.0,-0.0
2021-09-28 07:00:00,246.4177544494105,1264.9299999999998,2160.0,2720.4672455505893,1000.0,-0.0,0.0,-0.0,-0.0
2021-09-28 08:00:00,844.6018351999646,1138.6000000000001,2160.0,2392.4831648000354,1000.0,-0.0,0.0,-0.0,-0.0
2021-09-28 09:00:00,1516.2941305105196,1059.94,2160.0,1847.0848694894812,1000.0,-0.0,0.0,-0.0,-0.0
2021-09-28 10:00:00,2112.169862714948,1036.49,2160.0,1245.4711372850525,1000.0,-0.0,0.0,-0.0,-0.0
2021-09-28 11:00:00,2518.773391341076,1069.5,2160.0,737.6586086589236,1000.0,-0.0,0.0,-0.0,-0.0
2021-09-28 12:00:00,2662.794537092914,1153.8,2160.0,441.85346290708594,1000.0,-0.0,0.0,-0.0,-0.0
2021-09-28 13:00:00,2518.773391341076,1278.3600000000001,2160.0,427.7326086589237,1000.0,-0.0,0.0,-0.0,-0.0
2021-09-28 14:00:00,2112.169862714948,1427.8,2160.0,712.0781372850515,1000.0,-0.0,0.0,-0.0,-0.0
2021-09-28 15:00:00,1516.2941305105196,1584.31,2160.0,1259.4198694894808,1000.0,-0.0,0.0,-0.0,-0.0
2021-09-28 16:00:00,844.6018351999646,1730.03,2160.0,1975.392164800036,1000.0,-0.0,0.0,-0.0,-0.0
2021-09-28 17:00:00,246.4177544494105,1849.34,2160.0,2689.2152455505893,1000.0,-0.0,0.0,-0.0,-0.0
2021-09-28 18:00:00,-0.0,1930.8600000000001,2160.0,3055.6240000000003,1000.0,-0.0,0.0,-0.0,-0.0
2021-09-28 19:00:00,-0.0,1968.89,2160.0,3100.157,1000.0,-0.0,0.0,-0.0,-0.0
2021-09-28 20:00:00,-0.0,1964.06,2160.0,3030.725,1000.0,-0.0,0.0,-0.0,-0.0
2021-09-28 21:00:00,-0.0,1923.1200000000001,2160.0,2877.3599999999997,1000.0,-0.0,0.0,-0.0,-0.0
2021-09-28 22:00:00,-0.0,1857.9399999999998,2160.0,2711.6910000000007,1000.0,-0.0,0.0,-0.0,-0.0
2021-09-28 23:00:00,-0.0,1783.73,2160.0,2593.0809999999997,1000.0,-0.0,0.0,-0.0,-0.0
2021-09-29 00:00:00,-0.0,1729.7,2160.0,2045.1930000000002,1000.0,-0.0,0.0,-0.0,-0.0
2021-09-29 01:00:00,-0.0,1685.5700000000002,2160.0,1944.7229999999995,1000.0,-0.0,0.0,-0.0,-0.0
2021-09-29 02:00:00,-0.0,1676.1200000000001,2160.0,1856.589,1000.0,-0.0,0.0,-0.0,-0.0
2021-09-29 03:00:00,-0.0,1708.28,2160.0,1824.6810000000005,1000.0,-0.0,0.0,-0.0,-0.0
2021-09-29 04:00:00,-0.0,1782.93,2160.0,1870.5549999999994,1000.0,-0.0,0.0,-0.0,-0.0
2021-09-29 05:00:00,-0.0,1894.68,2160.0,1977.0659999999998,1000.0,-0.0,0.0,-0.0,-0.0
2021-09-29 06:00:00,-0.0,2032.5099999999998,2160.0,2095.364,1000.0,-0.0,0.0,-0.0,-0.0
2021-09-29 07:00:00,243.73190118126433,2181.21,2160.0,1927.0340988187354,1000.0,-0.0,0.0,-0.0,-0.0
2021-09-29 08:00:00,872.0420964694581,2323.33,2160.0,1298.5309035305422,1000.0,-0.0,0.0,-0.0,-0.0
2021-09-29 09:00:00,1583.1372207161573,2441.58,2160.0,514.788779283843,1000.0,-0.0,0.0,-0.0,-0.0
2021-09-29 10:00:00,2216.045547290601,2521.06,2160.0,-0.0,771.0954527093991,-0.0,0.0,-0.0,-0.0
2021-09-29 11:00:00,2648.641204318144,2551.28,2160.0,-0.0,237.8797956818562,-0.0,0.0,-0.0,-0.0
2021-09-29 12:00:00,2801.988573284489,2527.58,2160.0,-0.0,38.46442671551131,-0.0,0.0,-0.0,-0.0
2021-09-29 13:00:00,2648.641204318144,2451.79,2160.0,-0.0,231.6557956818565,-0.0,0.0,-0.0,-0.0
2021-09-29 14:00:00,2216.045547290601,2331.97,2160.0,-0.0,808.8104527093992,-0.0,0.0,-0.0,-0.0
2021-09-29 15:00:00,1583.1372207161573,2181.39,2160.0,697.7557792838431,1000.0,-0.0,0.0,-0.0,-0.0
2021-09-29 16:00:00,872.0420964694581,2016.76,2160.0,1760.886903530542,1000.0,-0.0,0.0,-0.0,-0.0
2021-09-29 17:00:00,243.73190118126433,1856.09,2160.0,2782.1500988187354,1000.0,-0.0,0.0,-0.0,-0.0
2021-09-29 18:00:00,-0.0,1716.27,2160.0,3364.477999999999,1000.0,-0.0,0.0,-0.0,-0.0
2021-09-29 19:00:00,-0.0,1610.92,2160.0,3549.5869999999995,1000.0,-0.0,0.0,-0.0,-0.0
2021-09-29 20:00:00,-0.0,1548.62,2160.0,3534.7560000000003,1000.0,-0.0,0.0,-0.0,-0.0
2021-09-29 21:00:00,-0.0,1531.8799999999999,2160.0,3354.26,1000.0,-0.0,0.0,-0.0,-0.0
2021-09-29 22:00:00,-0.0,1556.87,2160.0,3095.429,1000.0,-0.0,0.0,-0.0,-0.0
2021-09-29 23:00:00,-0.0,1614.1,2160.0,2842.3300000000004,1000.0,-0.0,0.0,-0.0,-0.0
2021-09-30 00:00:00,-0.0,1702.6299999999999,2160.0,2148.8499999999995,1000.0,-0.0,0.0,-0.0,-0.0
2021-09-30 01:00:00,-0.0,1780.66,2160.0,1923.062,1000.0,-0.0,0.0,-0.0,-0.0
2021-09-30 02:00:00,-0.0,1844.9399999999998,2160.0,1757.991,1000.0,-0.0,0.0,-0.0,-0.0
2021-09-30 03:00:00,-0.0,1881.6399999999999,2160.0,1718.288,1000.0,-0.0,0.0,-0.0,-0.0
2021-09-30 04:00:00,-0.0,1881.23,2160.0,1835.9240000000004,1000.0,-0.0,0.0,-0.0,-0.0
2021-09-30 05:00:00,-0.0,1839.79,2160.0,2092.2839999999997,1000.0,-0.0,0.0,-0.0,-0.0
2021-09-30 06:00:00,-0.0,1759.74,2160.0,2425.0830000000005,1000.0,-0.0,0.0,-0.0,-0.0
2021-09-30 07:00:00,234.78318268877732,1649.55,2160.0,2521.1758173112225,1000.0,-0.0,0.0,-0.0,-0.0
2021-09-30 08:00:00,879.4807960738628,1522.7099999999998,2160.0,2141.7962039261374,1000.0,-0.0,0.0,-0.0,-0.0
2021-09-30 09:00:00,1615.1446702618991,1395.97,2160.0,1574.9973297381007,1000.0,-0.0,0.0,-0.0,-0.0
2021-09-30 10:00:00,2272.1080928116526,1287.1499999999999,2160.0,992.0429071883482,1000.0,-0.0,0.0,-0.0,-0.0
2021-09-30 11:00:00,2721.9204406041317,1212.81,2160.0,542.640559395868,1000.0,-0.0,0.0,-0.0,-0.0
2021-09-30 12:00:00,2881.493543182816,1186.02,2160.0,336.53745681718465,1000.0,-0.0,0.0,-0.0,-0.0
2021-09-30 13:00:00,2721.9204406041317,1214.66,2160.0,427.9545593958683,1000.0,-0.0,0.0,-0.0,-0.0
2021-09-30 14:00:00,2272.1080928116526,1300.3200000000002,2160.0,813.2619071883469,1000.0,-0.0,0.0,-0.0,-0.0
2021-09-30 15:00:00,1615.1446702618991,1438.1399999999999,2160.0,1434.264329738101,1000.0,-0.0,0.0,-0.0,-0.0
2021-09-30 16:00:00,879.4807960738628,1617.43,2160.0,2174.4382039261372,1000.0,-0.0,0.0,-0.0,-0.0
2021-09-30 17:00:00,234.78318268877732,1823.07,2160.0,2842.1668173112234,1000.0,-0.0,0.0,-0.0,-0.0
2021-09-30 18:00:00,-0.0,2037.5099999999998,2160.0,3057.6700000000005,1000.0,-0.0,0.0,-0.0,-0.0
2021-09-30 19:00:00,-0.0,2243.13,2160.0,2928.1940000000004,1000.0,-0.0,0.0,-0.0,-0.0
2021-09-30 20:00:00,-0.0,2424.48,2160.0,2666.101,1000.0,-0.0,0.0,-0.0,-0.0
2021-09-30 21:00:00,-0.0,2570.33,2160.0,2319.4080000000004,1000.0,-0.0,0.0,-0.0,-0.0
2021-09-30 22:00:00,-0.0,2675.09,2160.0,1977.21,1000.0,-0.0,0.0,-0.0,-0.0
2021-09-30 23:00:00,-0.0,2739.43,2160.0,1713.4150000000004,1000.0,-0.0,0.0,-0.0,-0.0
2021-10-01 00:00:00,-0.0,2783.06,2160.0,1061.3350000000005,1000.0,-0.0,0.0,-0.0,-0.0
2021-10-01 01:00:00,-0.0,2791.9,2160.0,901.1860000000001,1000.0,-0.0,0.0,-0.0,-0.0
2021-10-01 02:00:00,-0.0,2794.01,2160.0,794.7539999999999,1000.0,-0.0,0.0,-0.0,-0.0
2021-10-01 03:00:00,-0.0,2805.67,2160.0,776.5860000000002,1000.0,-0.0,0.0,-0.0,-0.0
2021-10-01 04:00:00,-0.0,2841.96,2160.0,854.0429999999997,1000.0,-0.0,0.0,-0.0,-0.0
2021-10-01 05:00:00,-0.0,2914.6,2160.0,992.8750000000005,1000.0,-0.0,0.0,-0.0,-0.0
2021-10-01 06:00:00,-0.0,3030.2400000000002,2160.0,1126.5679999999998,1000.0,-0.0,0.0,-0.0,-0.0
2021-10-01 07:00:00,214.53407694367533,3189.41,2160.0,970.1699230563245,1000.0,-0.0,0.0,-0.0,-0.0
2021-10-01 08:00:00,844.1933874679426,3386.3300000000004,2160.0,278.72861253205747,1000.0,-0.0,0.0,-0.0,-0.0
2021-10-01 09:00:00,1568.8477386973796,3609.54,2160.0,-0.0,369.6902613026209,-0.0,0.0,-0.0,-0.0
2021-10-01 10:00:00,2218.2053693887187,3843.36,1608.447630611281,-0.0,-0.0,-0.0,0.0,-0.0,-0.0
2021-10-01 11:00:00,2663.5928667509575,4069.87,880.5332079908071,-0.0,-0.0,-0.0,0.0,21.121074741764055,20.065021004675852
2021-10-01 12:00:00,2821.7116478595626,4271.25,523.4363521404375,-0.0,-0.0,-0.0,0.0,100.0,115.06301450257538
2021-10-01 13:00:00,2663.5928667509575,4432.070000000001,478.11413324904197,-0.0,-0.0,-0.0,0.0,100.0,210.05150820112513
2021-10-01 14:00:00,2218.2053693887187,4541.29,832.3866306112809,-0.0,-0.0,-0.0,0.0,100.0,305.030503050305
2021-10-01 15:00:00,1568.8477386973796,4593.71,1528.1912613026202,-0.0,-0.0,-0.0,0.0,100.0,400.0
2021-10-01 16:00:00,844.1933874679426,4590.6,2160.0,-0.0,176.82461253205747,-0.0,0.0,-0.0,399.96
2021-10-01 17:00:00,214.53407694367533,4539.47,2160.0,-0.0,1000.0,-0.0,83.41592305632449,-0.0,312.11376920386897
2021-10-01 18:00:00,-0.0,4453.08,2160.0,476.6959999999999,1000.0,-0.0,100.0,-0.0,206.81939993221175
2021-10-01 19:00:00,-0.0,4347.62,2160.0,655.5639999999994,1000.0,-0.0,100.0,-0.0,101.5355600974817
2021-10-01 20:00:00,-0.0,4240.610000000001,2160.0,682.7158637856007,1000.0,-0.0,96.44913621439838,-0.0,-0.0
2021-10-01 21:00:00,-0.0,4148.5,2160.0,667.8389999999999,1000.0,-0.0,0.0,-0.0,-0.0
2021-10-01 22:00:00,-0.0,4084.4900000000002,2160.0,491.8910000000001,1000.0,-0.0,0.0,-0.0,-0.0
2021-10-01 23:00:00,-0.0,4056.79,2160.0,317.6940000000004,1000.0,-0.0,0.0,-0.0,-0.0
2021-10-02 00:00:00,-0.0,4080.61,2160.0,-0.0,246.9760000000001,-0.0,0.0,-0.0,-0.0
2021-10-02 01:00:00,-0.0,4125.79,2160.0,-0.0,48.20300000000043,-0.0,0.0,-0.0,-0.0
2021-10-02 02:00:00,-0.0,4195.650000000001,2031.8199999999997,-0.0,-0.0,-0.0,0.0,-0.0,-0.0
2021-10-02 03:00:00,-0.0,4276.22,2039.5852847167034,-0.0,-0.0,-0.0,0.0,96.96028471670357,92.11227048086839
2021-10-02 04:00:00,-0.0,4351.320000000001,2079.2419999999993,-0.0,-0.0,-0.0,0.0,100.0,187.1030592538203
2021-10-02 05:00:00,-0.0,4404.8,2160.0,-0.0,-0.0,-0.0,0.0,24.708999999999833,210.55789894789478
2021-10-02 06:00:00,-0.0,4422.84,2160.0,-0.0,104.72999999999956,-0.0,100.0,-0.0,105.27368526326316
2021-10-02 07:00:00,211.22317487349517,4395.99,2160.0,-0.0,135.90182512650483,-0.0,100.0,-0.0,-0.0
2021-10-02 08:00:00,876.3555520636929,4320.48,1939.7474479363073,-0.0,-0.0,-0.0,0.0,-0.0,-0.0
2021-10-02 09:00:00,1648.6683272977234,4198.92,1326.2446727022761,-0.0,-0.0,-0.0,0.0,-0.0,-0.0
2021-10-02 10:00:00,2343.165620979519,4040.03,772.2124537622453,-0.0,-0.0,-0.0,0.0,21.121074741764055,20.065021004675852
2021-10-02 11:00:00,2820.362532623489,3857.61,477.7934673765103,-0.0,-0.0,-0.0,0.0,100.0,115.06301450257538
2021-10-02 12:00:00,2989.905473024716,3668.7799999999997,419.3175269752842,-0.0,-0.0,-0.0,0.0,100.0,210.05150820112513
2021-10-02 13:00:00,2820.362532623489,3491.7599999999998,722.0724673765108,-0.0,-0.0,-0.0,0.0,100.0,305.030503050305
2021-10-02 14:00:00,2343.165620979519,3343.56,1364.4863790204813,-0.0,-0.0,-0.0,0.0,100.0,400.0
2021-10-02 15:00:00,1648.6683272977234,3237.7299999999996,2160.0,-0.0,2.6956727022770792,-0.0,0.0,-0.0,399.96
2021-10-02 16:00:00,876.355552063693,3182.66,2160.0,-0.0,1000.0,-0.0,10.061447936307331,-0.0,389.3290061723081
2021-10-02 17:00:00,211.22317487349517,3180.4900000000002,2160.0,802.382825126504,1000.0,-0.0,100.0,-0.0,284.02691537695404
2021-10-02 18:00:00,-0.0,3226.9300000000003,2160.0,1158.8429999999998,1000.0,-0.0,100.0,-0.0,178.73535479067954
2021-10-02 19:00:00,-0.0,3311.85,2160.0,1146.7549999999997,1000.0,-0.0,100.0,-0.0,73.45432336046365
2021-10-02 20:00:00,-0.0,3420.7,2160.0,984.2493709682792,1000.0,-0.0,69.77462903172122,-0.0,-0.0
2021-10-02 21:00:00,-0.0,3536.5400000000004,2160.0,734.3799999999997,1000.0,-0.0,0.0,-0.0,-0.0
2021-10-02 22:00:00,-0.0,3642.2900000000004,2160.0,388.4099999999994,1000.0,-0.0,0.0,-0.0,-0.0
2021-10-02 23:00:00,-0.0,3723.08,2160.0,105.56500000000051,1000.0,-0.0,0.0,-0.0,-0.0
2021-10-03 00:00:00,-0.0,3781.32,2160.0,-0.0,436.5830000000001,-0.0,0.0,-0.0,-0.0
2021-10-03 01:00:00,-0.0,3785.7400000000002,2160.0,-0.0,278.62300000000005,-0.0,0.0,-0.0,-0.0
2021-10-03 02:00:00,-0.0,3750.5899999999997,2160.0,-0.0,207.4079999999999,-0.0,0.0,-0.0,-0.0
2021-10-03 03:00:00,-0.0,3683.1000000000004,2160.0,-0.0,266.53499999999985,-0.0,0.0,-0.0,-0.0
2021-10-03 04:00:00,-0.0,3595.4799999999996,2160.0,-0.0,466.2400000000007,-0.0,0.0,-0.0,-0.0
2021-10-03 05:00:00,-0.0,3503.23,2160.0,-0.0,768.4900000000002,-0.0,0.0,-0.0,-0.0
2021-10-03 06:00:00,-0.0,3422.9300000000003,2160.0,96.84599999999955,1000.0,-0.0,0.0,-0.0,-0.0
2021-10-03 07:00:00,231.00813546857188,3369.94,2160.0,135.051864531428,1000.0,-0.0,0.0,-0.0,-0.0
2021-10-03 08:00:00,1014.7450699952243,3356.23,2160.0,-0.0,499.2759300047759,-0.0,0.0,-0.0,-0.0
2021-10-03 09:00:00,1933.269756089212,3388.58,1746.5362439107885,-0.0,-0.0,-0.0,0.0,-0.0,-0.0
2021-10-03 10:00:00,2762.214428228325,3467.67,799.9425717716754,-0.0,-0.0,-0.0,0.0,-0.0,-0.0
2021-10-03 11:00:00,3332.8159098633782,3587.75,31.82709013662179,-0.0,-0.0,-0.0,0.0,-0.0,-0.0
2021-10-03 12:00:00,3535.7092264444195,3440.1077735555805,-0.0,-0.0,-0.0,-0.0,0.0,100.0,95.0
2021-10-03 13:00:00,3332.8159098633782,3600.479090136622,-0.0,-0.0,-0.0,-0.0,0.0,100.0,189.9905
2021-10-03 14:00:00,2762.214428228325,4060.17,50.44842150970135,-0.0,-0.0,-0.0,0.0,21.13684973802645,210.05150820112513
2021-10-03 15:00:00,1933.269756089212,4197.33,920.458243910788,-0.0,-0.0,-0.0,0.0,100.0,305.030503050305
2021-10-03 16:00:00,1014.7450699952243,4296.74,1921.1319300047762,-0.0,-0.0,-0.0,0.0,100.0,400.0
2021-10-03 17:00:00,231.00813546857188,4347.16,2160.0,-0.0,621.1378645314278,-0.0,0.0,-0.0,399.96
2021-10-03 18:00:00,-0.0,4343.12,2160.0,-0.0,1000.0,-0.0,49.625,-0.0,347.6831618947368
2021-10-03 19:00:00,-0.0,4285.610000000001,2160.0,81.81999999999971,1000.0,-0.0,100.0,-0.0,242.38523568381055
2021-10-03 20:00:00,-0.0,4181.84,2160.0,103.65200000000004,1000.0,-0.0,100.0,-0.0,137.09783926550534
2021-10-03 21:00:00,-0.0,4044.2299999999996,2160.0,39.48900000000049,1000.0,-0.0,100.0,-0.0,31.820971586841964
2021-10-03 22:00:00,-0.0,3888.64,2160.0,26.748099984800774,1000.0,-0.0,30.226900015199117,-0.0,-0.0
2021-10-03 23:00:00,-0.0,3732.2499999999995,2160.0,13.512000000000171,1000.0,-0.0,0.0,-0.0,-0.0
2021-10-04 00:00:00,-0.0,3604.3199999999997,2160.0,-0.0,969.1880000000001,-0.0,0.0,-0.0,-0.0
2021-10-04 01:00:00,-0.0,3491.38,2160.0,-0.0,930.9520000000002,-0.0,0.0,-0.0,-0.0
2021-10-04 02:00:00,-0.0,3414.4799999999996,2160.0,-0.0,903.9300000000003,-0.0,0.0,-0.0,-0.0
2021-10-04 03:00:00,-0.0,3375.49,2160.0,-0.0,937.0770000000002,-0.0,0.0,-0.0,-0.0
2021-10-04 04:00:00,-0.0,3370.0200000000004,2160.0,57.22399999999925,1000.0,-0.0,0.0,-0.0,-0.0
2021-10-04 05:00:00,-0.0,3388.08,2160.0,251.83100000000013,1000.0,-0.0,0.0,-0.0,-0.0
2021-10-04 06:00:00,-0.0,3415.5099999999998,2160.0,475.19300000000067,1000.0,-0.0,0.0,-0.0,-0.0
2021-10-04 07:00:00,241.95577240716767,3435.91,2160.0,431.8642275928321,1000.0,-0.0,0.0,-0.0,-0.0
2021-10-04 08:00:00,1130.577133635528,3432.9900000000002,2160.0,-0.0,683.282866364472,-0.0,0.0,-0.0,-0.0
2021-10-04 09:00:00,2182.162951338757,3392.83,1872.9230486612432,-0.0,-0.0,-0.0,0.0,-0.0,-0.0
2021-10-04 10:00:00,3134.6754396185947,3305.9100000000003,992.88463512317,-0.0,-0.0,-0.0,0.0,21.121074741764055,20.065021004675852
2021-10-04 11:00:00,3791.546033138343,3168.46,477.95796686165704,-0.0,-0.0,-0.0,0.0,100.0,115.06301450257538
2021-10-04 12:00:00,4025.3080964970645,2983.13,356.05590350293505,-0.0,-0.0,-0.0,0.0,100.0,210.05150820112513
2021-10-04 13:00:00,3791.546033138343,2758.7400000000002,774.8429668616564,-0.0,-0.0,-0.0,0.0,100.0,305.030503050305
2021-10-04 14:00:00,3134.6754396185947,2509.22,1702.841560381405,-0.0,-0.0,-0.0,0.0,100.0,400.0
2021-10-04 15:00:00,2182.162951338757,2251.9,2160.0,-0.0,755.2910486612432,-0.0,0.0,-0.0,399.96
2021-10-04 16:00:00,1130.577133635528,2005.24,2160.0,1138.3938663644722,1000.0,-0.0,100.0,-0.0,294.6568461052632
2021-10-04 17:00:00,241.95577240716767,1786.54,2160.0,2475.745227592832,1000.0,-0.0,100.0,-0.0,189.36422252591586
2021-10-04 18:00:00,-0.0,1609.69,2160.0,3091.370000000001,1000.0,-0.0,100.0,-0.0,84.08212820892645
2021-10-04 19:00:00,-0.0,1483.45,2160.0,3315.8399660036994,1000.0,-0.0,79.87003399630028,-0.0,-0.0
2021-10-04 20:00:00,-0.0,1410.3899999999999,2160.0,3390.281000000001,1000.0,-0.0,0.0,-0.0,-0.0
2021-10-04 21:00:00,-0.0,1386.65,2160.0,3215.7260000000006,1000.0,-0.0,0.0,-0.0,-0.0
2021-10-04 22:00:00,-0.0,1402.57,2160.0,2965.2090000000007,1000.0,-0.0,0.0,-0.0,-0.0
2021-10-04 23:00:00,-0.0,1444.1200000000001,2160.0,2727.335,1000.0,-0.0,0.0,-0.0,-0.0
2021-10-05 00:00:00,-0.0,1508.08,2160.0,2058.577,1000.0,-0.0,0.0,-0.0,-0.0
2021-10-05 01:00:00,-0.0,1551.43,2160.0,1867.621,1000.0,-0.0,0.0,-0.0,-0.0
2021-10-05 02:00:00,-0.0,1573.07,2160.0,1745.643,1000.0,-0.0,0.0,-0.0,-0.0
2021-10-05 03:00:00,-0.0,1562.82,2160.0,1753.647,1000.0,-0.0,0.0,-0.0,-0.0
2021-10-05 04:00:00,-0.0,1516.1299999999999,2160.0,1918.621,1000.0,-0.0,0.0,-0.0,-0.0
2021-10-05 05:00:00,-0.0,1434.65,2160.0,2216.381,1000.0,-0.0,0.0,-0.0,-0.0
2021-10-05 06:00:00,-0.0,1326.08,2160.0,2579.358,1000.0,-0.0,0.0,-0.0,-0.0
2021-10-05 07:00:00,218.48240501989022,1203.08,2160.0,2706.51859498011,1000.0,-0.0,0.0,-0.0,-0.0
2021-10-05 08:00:00,1091.7622218894155,1081.5800000000002,2160.0,2095.4707781105844,1000.0,-0.0,0.0,-0.0,-0.0
2021-10-05 09:00:00,2135.736059132231,978.53,2160.0,1199.2199408677693,1000.0,-0.0,0.0,-0.0,-0.0
2021-10-05 10:00:00,3084.900513729886,909.63,2160.0,286.9854862701136,1000.0,-0.0,0.0,-0.0,-0.0
2021-10-05 11:00:00,3740.688101899575,887.12,2160.0,-0.0,582.9078981004254,-0.0,0.0,-0.0,-0.0
2021-10-05 12:00:00,3974.252129994286,918.04,2160.0,-0.0,248.52287000571368,-0.0,0.0,-0.0,-0.0
2021-10-05 13:00:00,3740.688101899575,1003.2299999999999,2160.0,-0.0,361.0838981004258,-0.0,0.0,-0.0,-0.0
2021-10-05 14:00:00,3084.900513729886,1137.0900000000001,2160.0,-0.0,908.1494862701143,-0.0,0.0,-0.0,-0.0
2021-10-05 15:00:00,2135.736059132231,1308.23,2160.0,792.2959408677689,1000.0,-0.0,0.0,-0.0,-0.0
2021-10-05 16:00:00,1091.7622218894155,1500.94,2160.0,1831.8967781105848,1000.0,-0.0,0.0,-0.0,-0.0
2021-10-05 17:00:00,218.48240501989022,1697.16,2160.0,2742.43459498011,1000.0,-0.0,0.0,-0.0,-0.0
2021-10-05 18:00:00,-0.0,1878.79,2160.0,2979.5209999999997,1000.0,-0.0,0.0,-0.0,-0.0
2021-10-05 19:00:00,-0.0,2030.05,2160.0,2909.741,1000.0,-0.0,0.0,-0.0,-0.0
2021-10-05 20:00:00,-0.0,2139.46,2160.0,2725.182,1000.0,-0.0,0.0,-0.0,-0.0
2021-10-05 21:00:00,-0.0,2201.27,2160.0,2468.377,1000.0,-0.0,0.0,-0.0,-0.0
2021-10-05 22:00:00,-0.0,2216.11,2160.0,2222.194,1000.0,-0.0,0.0,-0.0,-0.0
2021-10-05 23:00:00,-0.0,2190.8,2160.0,2054.388,1000.0,-0.0,0.0,-0.0,-0.0
2021-10-06 00:00:00,-0.0,2150.63,2160.0,1492.964,1000.0,-0.0,0.0,-0.0,-0.0
2021-10-06 01:00:00,-0.0,2084.37,2160.0,1414.723,1000.0,-0.0,0.0,-0.0,-0.0
2021-10-06 02:00:00,-0.0,2021.99,2160.0,1379.8150000000005,1000.0,-0.0,0.0,-0.0,-0.0
2021-10-06 03:00:00,-0.0,1979.04,2160.0,1423.5110000000004,1000.0,-0.0,0.0,-0.0,-0.0
2021-10-06 04:00:00,-0.0,1967.8100000000002,2160.0,1555.9569999999994,1000.0,-0.0,0.0,-0.0,-0.0
2021-10-06 05:00:00,-0.0,1995.61,2160.0,1747.304,1000.0,-0.0,0.0,-0.0,-0.0
2021-10-06 06:00:00,-0.0,2063.7,2160.0,1936.4250000000002,1000.0,-0.0,0.0,-0.0,-0.0
2021-10-06 07:00:00,174.6856686635067,2167.1000000000004,2160.0,1883.718331336493,1000.0,-0.0,0.0,-0.0,-0.0
2021-10-06 08:00:00,939.2565027951159,2295.23,2160.0,1134.415497204884,1000.0,-0.0,0.0,-0.0,-0.0
2021-10-06 09:00:00,1863.04150058939,2433.31,2160.0,119.81649941060982,1000.0,-0.0,0.0,-0.0,-0.0
2021-10-06 10:00:00,2706.1518827072737,2564.4,2160.0,-0.0,116.16611729272608,-0.0,0.0,-0.0,-0.0
2021-10-06 11:00:00,3289.767994349035,2671.6299999999997,1616.963005650965,-0.0,-0.0,-0.0,0.0,100.0,95.0
2021-10-06 12:00:00,3497.8040391923564,2740.57,1272.4499608076426,-0.0,-0.0,-0.0,0.0,100.0,189.9905
2021-10-06 13:00:00,3289.767994349035,2761.19,1426.3370056509648,-0.0,-0.0,-0.0,0.0,100.0,284.97150095
2021-10-06 14:00:00,2706.1518827072737,2729.28,2069.2021172927257,-0.0,-0.0,-0.0,0.0,100.0,379.943003799905
2021-10-06 15:00:00,1863.04150058939,2647.05,2160.0,-0.0,842.7814994106095,-0.0,0.0,-0.0,379.905009499525
2021-10-06 16:00:00,939.2565027951159,2522.97,2160.0,981.0134972048841,1000.0,-0.0,100.0,-0.0,274.60386110383826
2021-10-06 17:00:00,174.6856686635067,2370.63,2160.0,2133.3463313364937,1000.0,-0.0,100.0,-0.0,169.31324282299107
2021-10-06 18:00:00,-0.0,2207.0899999999997,2160.0,2673.659,1000.0,-0.0,100.0,-0.0,64.03315360397194
2021-10-06 19:00:00,-0.0,2050.6,2160.0,2952.565587225819,1000.0,-0.0,60.82541277418096,-0.0,-0.0
2021-10-06 20:00:00,-0.0,1918.28,2160.0,3072.232,1000.0,-0.0,0.0,-0.0,-0.0
2021-10-06 21:00:00,-0.0,1823.92,2160.0,2973.1719999999996,1000.0,-0.0,0.0,-0.0,-0.0
2021-10-06 22:00:00,-0.0,1776.23,2160.0,2790.9999999999995,1000.0,-0.0,0.0,-0.0,-0.0
2021-10-06 23:00:00,-0.0,1777.76,2160.0,2597.737,1000.0,-0.0,0.0,-0.0,-0.0
2021-10-07 00:00:00,-0.0,1838.06,2160.0,1937.1730000000002,1000.0,-0.0,0.0,-0.0,-0.0
2021-10-07 01:00:00,-0.0,1920.8600000000001,2160.0,1711.0579999999995,1000.0,-0.0,0.0,-0.0,-0.0
2021-10-07 02:00:00,-0.0,2025.62,2160.0,1510.098,1000.0,-0.0,0.0,-0.0,-0.0
2021-10-07 03:00:00,-0.0,2136.09,2160.0,1401.3609999999999,1000.0,-0.0,0.0,-0.0,-0.0
2021-10-07 04:00:00,-0.0,2235.96,2160.0,1423.5910000000003,1000.0,-0.0,0.0,-0.0,-0.0
2021-10-07 05:00:00,-0.0,2311.1200000000003,2160.0,1568.3619999999996,1000.0,-0.0,0.0,-0.0,-0.0
2021-10-07 06:00:00,-0.0,2351.71,2160.0,1785.6620000000003,1000.0,-0.0,0.0,-0.0,-0.0
2021-10-07 07:00:00,140.1037606856247,2353.48,2160.0,1869.7432393143754,1000.0,-0.0,0.0,-0.0,-0.0
2021-10-07 08:00:00,816.3446784664269,2318.43,2160.0,1372.4223215335733,1000.0,-0.0,0.0,-0.0,-0.0
2021-10-07 09:00:00,1642.5601771233912,2254.6,2160.0,657.670822876609,1000.0,-0.0,0.0,-0.0,-0.0
2021-10-07 10:00:00,2399.574728212589,2175.01,2160.0,-0.0,951.0582717874108,-0.0,0.0,-0.0,-0.0
2021-10-07 11:00:00,2924.6095333191624,2095.93,2160.0,-0.0,436.90346668083794,-0.0,0.0,-0.0,-0.0
2021-10-07 12:00:00,3111.9199500633567,2034.68,2160.0,-0.0,243.3590499366428,-0.0,0.0,-0.0,-0.0
2021-10-07 13:00:00,2924.6095333191624,2007.28,2160.0,-0.0,424.4874666808382,-0.0,0.0,-0.0,-0.0
2021-10-07 14:00:00,2399.574728212589,2026.3,2160.0,-0.0,957.684271787411,-0.0,0.0,-0.0,-0.0
2021-10-07 15:00:00,1642.5601771233912,2099.08,2160.0,749.8958228766089,1000.0,-0.0,0.0,-0.0,-0.0
2021-10-07 16:00:00,816.3446784664269,2226.71,2160.0,1638.4803215335728,1000.0,-0.0,0.0,-0.0,-0.0
2021-10-07 17:00:00,140.1037606856247,2403.85,2160.0,2372.5302393143756,1000.0,-0.0,0.0,-0.0,-0.0
2021-10-07 18:00:00,-0.0,2619.3,2160.0,2498.695999999999,1000.0,-0.0,0.0,-0.0,-0.0
2021-10-07 19:00:00,-0.0,2857.5,2160.0,2343.0589999999993,1000.0,-0.0,0.0,-0.0,-0.0
2021-10-07 20:00:00,-0.0,3100.51,2160.0,2025.7870000000003,1000.0,-0.0,0.0,-0.0,-0.0
2021-10-07 21:00:00,-0.0,3330.3100000000004,2160.0,1601.6819999999998,1000.0,-0.0,0.0,-0.0,-0.0
2021-10-07 22:00:00,-0.0,3531.12,2160.0,1170.0230000000001,1000.0,-0.0,0.0,-0.0,-0.0
2021-10-07 23:00:00,-0.0,3691.43,2160.0,816.8930000000005,1000.0,-0.0,0.0,-0.0,-0.0
2021-10-08 00:00:00,-0.0,3818.83,2160.0,88.07999999999993,1000.0,-0.0,0.0,-0.0,-0.0
2021-10-08 01:00:00,-0.0,3886.9900000000002,2160.0,-0.0,875.3200000000002,-0.0,0.0,-0.0,-0.0
2021-10-08 02:00:00,-0.0,3915.96,2160.0,-0.0,748.7659999999996,-0.0,0.0,-0.0,-0.0
2021-10-08 03:00:00,-0.0,3917.48,2160.0,-0.0,747.498,-0.0,0.0,-0.0,-0.0
2021-10-08 04:00:00,-0.0,3906.67,2160.0,-0.0,878.8329999999996,-0.0,0.0,-0.0,-0.0
2021-10-08 05:00:00,-0.0,3899.86,2160.0,103.904,1000.0,-0.0,0.0,-0.0,-0.0
2021-10-08 06:00:00,-0.0,3912.25,2160.0,347.6419999999998,1000.0,-0.0,0.0,-0.0,-0.0
2021-10-08 07:00:00,120.79532244457391,3955.74,2160.0,407.4576775554267,1000.0,-0.0,0.0,-0.0,-0.0
2021-10-08 08:00:00,769.0885135918552,4037.21,2160.0,-0.0,819.6214864081448,-0.0,0.0,-0.0,-0.0
2021-10-08 09:00:00,1570.4753410234682,4157.46,2103.5886589765323,-0.0,-0.0,-0.0,0.0,-0.0,-0.0
2021-10-08 10:00:00,2307.686365711588,4311.04,1181.4926342884119,-0.0,-0.0,-0.0,0.0,-0.0,-0.0
2021-10-08 11:00:00,2819.9850279014686,4486.89,422.9429720985313,-0.0,-0.0,-0.0,0.0,-0.0,-0.0
2021-10-08 12:00:00,3002.9077258274237,4669.74,8.524348914341317,-0.0,-0.0,-0.0,0.0,21.121074741764055,20.065021004675852
2021-10-08 13:00:00,2819.9850279014686,4842.13,61.988972098531576,-0.0,-0.0,-0.0,0.0,100.0,115.06301450257538
2021-10-08 14:00:00,2307.686365711588,4986.72,454.43663428841137,-0.0,-0.0,-0.0,0.0,100.0,210.05150820112513
2021-10-08 15:00:00,1570.4753410234682,5088.589999999999,1195.2346589765327,-0.0,-0.0,-0.0,0.0,100.0,305.030503050305
2021-10-08 16:00:00,769.0885135918552,5137.24,2135.377486408145,-0.0,-0.0,-0.0,0.0,100.0,400.0
2021-10-08 17:00:00,120.79532244457391,5128.0,2160.0,-0.0,765.1936775554257,-0.0,0.0,-0.0,399.96
2021-10-08 18:00:00,-0.0,5062.7,2160.0,50.0649999999996,1000.0,-0.0,100.0,-0.0,294.6568461052632
2021-10-08 19:00:00,-0.0,4949.39,2160.0,243.1339999999991,1000.0,-0.0,100.0,-0.0,189.36422252591586
2021-10-08 20:00:00,-0.0,4801.349999999999,2160.0,314.0440000000008,1000.0,-0.0,100.0,-0.0,84.08212820892645
2021-10-08 21:00:00,-0.0,4635.32,2160.0,302.96696600370024,1000.0,-0.0,79.87003399630028,-0.0,-0.0
2021-10-08 22:00:00,-0.0,4469.31,2160.0,315.0059999999994,1000.0,-0.0,0.0,-0.0,-0.0
2021-10-08 23:00:00,-0.0,4320.23,2160.0,268.21700000000055,1000.0,-0.0,0.0,-0.0,-0.0
2021-10-09 00:00:00,-0.0,4215.22,2160.0,-0.0,332.59499999999935,-0.0,0.0,-0.0,-0.0
2021-10-09 01:00:00,-0.0,4135.93,2160.0,-0.0,264.1279999999997,-0.0,0.0,-0.0,-0.0
2021-10-09 02:00:00,-0.0,4098.39,2160.0,-0.0,200.8759999999993,-0.0,0.0,-0.0,-0.0
2021-10-09 03:00:00,-0.0,4098.81,2160.0,-0.0,197.45399999999972,-0.0,0.0,-0.0,-0.0
2021-10-09 04:00:00,-0.0,4127.73,2160.0,-0.0,285.7600000000002,-0.0,0.0,-0.0,-0.0
2021-10-09 05:00:00,-0.0,4171.42,2160.0,-0.0,456.9899999999998,-0.0,0.0,-0.0,-0.0
2021-10-09 06:00:00,-0.0,4213.82,2160.0,-0.0,667.3389999999999,-0.0,0.0,-0.0,-0.0
2021-10-09 07:00:00,101.9757837615497,4238.91,2160.0,-0.0,760.9592162384507,-0.0,0.0,-0.0,-0.0
2021-10-09 08:00:00,716.4049447629881,4232.9,2160.0,-0.0,291.0180552370126,-0.0,0.0,-0.0,-0.0
2021-10-09 09:00:00,1485.3511205088355,4186.3099999999995,1770.7868794911653,-0.0,-0.0,-0.0,0.0,-0.0,-0.0
2021-10-09 10:00:00,2195.6169720874896,4095.31,1137.8311026542747,-0.0,-0.0,-0.0,0.0,21.121074741764055,20.065021004675852
2021-10-09 11:00:00,2690.172912342404,3962.3799999999997,781.1540876575968,-0.0,-0.0,-0.0,0.0,100.0,115.06301450257538
2021-10-09 12:00:00,2866.9131968700226,3796.06,697.4138031299772,-0.0,-0.0,-0.0,0.0,100.0,210.05150820112513
2021-10-09 13:00:00,2690.172912342404,3609.91,1020.7880876575964,-0.0,-0.0,-0.0,0.0,100.0,305.030503050305
2021-10-09 14:00:00,2195.6169720874896,3420.77,1725.6390279125103,-0.0,-0.0,-0.0,0.0,100.0,400.0
2021-10-09 15:00:00,1485.3511205088355,3246.55,2160.0,-0.0,451.98387949116454,-0.0,0.0,-0.0,399.96
2021-10-09 16:00:00,716.4049447629881,3103.88,2160.0,447.4000552370121,1000.0,-0.0,100.0,-0.0,294.6568461052632
2021-10-09 17:00:00,101.9757837615497,3005.93,2160.0,1388.4502162384501,1000.0,-0.0,100.0,-0.0,189.36422252591586
2021-10-09 18:00:00,-0.0,2960.66,2160.0,1730.8559999999998,1000.0,-0.0,100.0,-0.0,84.08212820892645
2021-10-09 19:00:00,-0.0,2969.79,2160.0,1817.9989660036995,1000.0,-0.0,79.87003399630028,-0.0,-0.0
2021-10-09 20:00:00,-0.0,3028.54,2160.0,1758.3760000000002,1000.0,-0.0,0.0,-0.0,-0.0
2021-10-09 21:00:00,-0.0,3126.33,2160.0,1459.7439999999997,1000.0,-0.0,0.0,-0.0,-0.0
2021-10-09 22:00:00,-0.0,3248.16,2160.0,1100.4760000000006,1000.0,-0.0,0.0,-0.0,-0.0
2021-10-09 23:00:00,-0.0,3376.6000000000004,2160.0,772.5809999999992,1000.0,-0.0,0.0,-0.0,-0.0
2021-10-10 00:00:00,-0.0,3507.6600000000003,2160.0,33.49800000000005,1000.0,-0.0,0.0,-0.0,-0.0
2021-10-10 01:00:00,-0.0,3598.98,2160.0,-0.0,790.8690000000001,-0.0,0.0,-0.0,-0.0
2021-10-10 02:00:00,-0.0,3652.99,2160.0,-0.0,632.5380000000005,-0.0,0.0,-0.0,-0.0
2021-10-10 03:00:00,-0.0,3664.2200000000003,2160.0,-0.0,614.799,-0.0,0.0,-0.0,-0.0
2021-10-10 04:00:00,-0.0,3633.49,2160.0,-0.0,759.2759999999998,-0.0,0.0,-0.0,-0.0
2021-10-10 05:00:00,-0.0,3567.71,2160.0,36.52800000000025,1000.0,-0.0,0.0,-0.0,-0.0
2021-10-10 06:00:00,-0.0,3478.83,2160.0,374.741,1000.0,-0.0,0.0,-0.0,-0.0
2021-10-10 07:00:00,78.25487229425877,3382.1299999999997,2160.0,610.4931277057412,1000.0,-0.0,0.0,-0.0,-0.0
2021-10-10 08:00:00,613.7979235974041,3294.04,2160.0,298.1780764025957,1000.0,-0.0,0.0,-0.0,-0.0
2021-10-10 09:00:00,1292.792769268356,3229.7999999999997,2160.0,-0.0,722.2482307316445,-0.0,0.0,-0.0,-0.0
2021-10-10 10:00:00,1922.5882290366308,3201.3,2160.0,-0.0,82.8877709633689,-0.0,0.0,-0.0,-0.0
2021-10-10 11:00:00,2362.0099140705447,3215.3500000000004,1812.2780859294548,-0.0,-0.0,-0.0,0.0,100.0,95.0
2021-10-10 12:00:00,2519.181839073098,3272.6499999999996,1521.3291609269022,-0.0,-0.0,-0.0,0.0,100.0,189.9905
2021-10-10 13:00:00,2362.0099140705447,3367.6,1540.9310859294555,-0.0,-0.0,-0.0,0.0,100.0,284.97150095
2021-10-10 14:00:00,1922.5882290366308,3488.91,1877.1467709633698,-0.0,-0.0,-0.0,0.0,100.0,379.943003799905
2021-10-10 15:00:00,1292.792769268356,3621.08,2160.0,-0.0,213.6402307316439,-0.0,0.0,-0.0,379.905009499525
2021-10-10 16:00:00,613.7979235974041,3746.38,2160.0,-0.0,948.2030764025961,-0.0,0.0,-0.0,379.8670189985751
2021-10-10 17:00:00,78.25487229425877,3847.16,2160.0,508.76812770574134,1000.0,-0.0,100.0,-0.0,274.5658744019384
2021-10-10 18:00:00,-0.0,3908.16,2160.0,718.3800000000001,1000.0,-0.0,100.0,-0.0,169.27525991976137
2021-10-10 19:00:00,-0.0,3918.53,2160.0,781.4180000000001,1000.0,-0.0,100.0,-0.0,63.99517449903256
2021-10-10 20:00:00,-0.0,3873.26,2160.0,782.489663767496,1000.0,-0.0,60.78933623250353,-0.0,-0.0
2021-10-10 21:00:00,-0.0,3773.7799999999997,2160.0,739.3220000000001,1000.0,-0.0,0.0,-0.0,-0.0
2021-10-10 22:00:00,-0.0,3627.79,2160.0,645.3550000000005,1000.0,-0.0,0.0,-0.0,-0.0
2021-10-10 23:00:00,-0.0,3448.21,2160.0,623.0379999999996,1000.0,-0.0,0.0,-0.0,-0.0
2021-10-11 00:00:00,-0.0,3264.98,2160.0,632.0539999999996,1000.0,-0.0,0.0,-0.0,-0.0
2021-10-11 01:00:00,-0.0,3068.65,2160.0,674.7909999999997,1000.0,-0.0,0.0,-0.0,-0.0
2021-10-11 02:00:00,-0.0,2889.41,2160.0,747.509,1000.0,-0.0,0.0,-0.0,-0.0
2021-10-11 03:00:00,-0.0,2740.61,2160.0,887.6829999999995,1000.0,-0.0,0.0,-0.0,-0.0
2021-10-11 04:00:00,-0.0,2630.6200000000003,2160.0,1109.3899999999999,1000.0,-0.0,0.0,-0.0,-0.0
2021-10-11 05:00:00,-0.0,2561.77,2160.0,1387.7689999999998,1000.0,-0.0,0.0,-0.0,-0.0
2021-10-11 06:00:00,-0.0,2530.1,2160.0,1666.9180000000001,1000.0,-0.0,0.0,-0.0,-0.0
2021-10-11 07:00:00,61.17433077332922,2526.03,2160.0,1825.3586692266708,1000.0,-0.0,0.0,-0.0,-0.0
2021-10-11 08:00:00,543.5077820775787,2535.75,2160.0,1466.7732179224213,1000.0,-0.0,0.0,-0.0,-0.0
2021-10-11 09:00:00,1163.4881190733192,2543.17,2160.0,876.6228809266806,1000.0,-0.0,0.0,-0.0,-0.0
2021-10-11 10:00:00,1741.0022691427487,2532.27,2160.0,270.4637308572512,1000.0,-0.0,0.0,-0.0,-0.0
2021-10-11 11:00:00,2144.7714180527223,2489.35,2160.0,-0.0,831.0925819472777,-0.0,0.0,-0.0,-0.0
2021-10-11 12:00:00,2289.318594974589,2405.04,2160.0,-0.0,693.0924050254112,-0.0,0.0,-0.0,-0.0
2021-10-11 13:00:00,2144.7714180527223,2275.67,2160.0,-0.0,923.2015819472776,-0.0,0.0,-0.0,-0.0
2021-10-11 14:00:00,1741.0022691427487,2103.95,2160.0,515.7087308572516,1000.0,-0.0,0.0,-0.0,-0.0
2021-10-11 15:00:00,1163.4881190733192,1898.67,2160.0,1396.3838809266808,1000.0,-0.0,0.0,-0.0,-0.0
2021-10-11 16:00:00,543.5077820775787,1673.6799999999998,2160.0,2421.337217922421,1000.0,-0.0,0.0,-0.0,-0.0
2021-10-11 17:00:00,61.17433077332922,1446.18,2160.0,3356.1906692266703,1000.0,-0.0,0.0,-0.0,-0.0
2021-10-11 18:00:00,-0.0,1234.44,2160.0,3820.780999999999,1000.0,-0.0,0.0,-0.0,-0.0
2021-10-11 19:00:00,-0.0,1055.5,2160.0,4072.553,1000.0,-0.0,0.0,-0.0,-0.0
2021-10-11 20:00:00,-0.0,922.97,2160.0,4121.203,1000.0,-0.0,0.0,-0.0,-0.0
2021-10-11 21:00:00,-0.0,845.24,2160.0,3995.1280000000006,1000.0,-0.0,0.0,-0.0,-0.0
2021-10-11 22:00:00,-0.0,824.4899999999999,2160.0,3775.6580000000004,1000.0,-0.0,0.0,-0.0,-0.0
2021-10-11 23:00:00,-0.0,856.43,2160.0,3541.6629999999996,1000.0,-0.0,0.0,-0.0,-0.0
2021-10-12 00:00:00,-0.0,944.52,2160.0,2843.18,1000.0,-0.0,0.0,-0.0,-0.0
2021-10-12 01:00:00,-0.0,1047.04,2160.0,2587.12,1000.0,-0.0,0.0,-0.0,-0.0
2021-10-12 02:00:00,-0.0,1160.62,2160.0,2367.175,1000.0,-0.0,0.0,-0.0,-0.0
2021-10-12 03:00:00,-0.0,1268.17,2160.0,2251.2619999999997,1000.0,-0.0,0.0,-0.0,-0.0
2021-10-12 04:00:00,-0.0,1354.79,2160.0,2276.7259999999997,1000.0,-0.0,0.0,-0.0,-0.0
2021-10-12 05:00:00,-0.0,1409.76,2160.0,2431.7569999999996,1000.0,-0.0,0.0,-0.0,-0.0
2021-10-12 06:00:00,-0.0,1427.98,2160.0,2661.5930000000003,1000.0,-0.0,0.0,-0.0,-0.0
2021-10-12 07:00:00,57.89437171315072,1410.56,2160.0,2837.342628286849,1000.0,-0.0,0.0,-0.0,-0.0
2021-10-12 08:00:00,593.0475410902746,1364.68,2160.0,2482.320458909725,1000.0,-0.0,0.0,-0.0,-0.0
2021-10-12 09:00:00,1291.02901769826,1302.51,2160.0,1884.64398230174,1000.0,-0.0,0.0,-0.0,-0.0
2021-10-12 10:00:00,1944.0317349677978,1239.47,2160.0,1256.1222650322015,1000.0,-0.0,0.0,-0.0,-0.0
2021-10-12 11:00:00,2401.5303264446957,1192.11,2160.0,768.5496735553043,1000.0,-0.0,0.0,-0.0,-0.0
2021-10-12 12:00:00,2565.460204831617,1175.71,2160.0,544.4437951683826,1000.0,-0.0,0.0,-0.0,-0.0
2021-10-12 13:00:00,2401.5303264446957,1202.17,2160.0,639.3916735553039,1000.0,-0.0,0.0,-0.0,-0.0
2021-10-12 14:00:00,1944.0317349677978,1278.2099999999998,2160.0,1039.2512650322026,1000.0,-0.0,0.0,-0.0,-0.0
2021-10-12 15:00:00,1291.02901769826,1404.42,2160.0,1665.4059823017396,1000.0,-0.0,0.0,-0.0,-0.0
2021-10-12 16:00:00,593.0475410902746,1574.99,2160.0,2374.3754589097252,1000.0,-0.0,0.0,-0.0,-0.0
2021-10-12 17:00:00,57.89437171315072,1778.41,2160.0,2932.7986282868496,1000.0,-0.0,0.0,-0.0,-0.0
2021-10-12 18:00:00,-0.0,1998.8500000000001,2160.0,2963.692,1000.0,-0.0,0.0,-0.0,-0.0
2021-10-12 19:00:00,-0.0,2218.23,2160.0,2818.9970000000008,1000.0,-0.0,0.0,-0.0,-0.0
2021-10-12 20:00:00,-0.0,2418.4900000000002,2160.0,2536.7989999999995,1000.0,-0.0,0.0,-0.0,-0.0
2021-10-12 21:00:00,-0.0,2583.93,2160.0,2169.586,1000.0,-0.0,0.0,-0.0,-0.0
2021-10-12 22:00:00,-0.0,2703.2099999999996,2160.0,1812.2020000000007,1000.0,-0.0,0.0,-0.0,-0.0
2021-10-12 23:00:00,-0.0,2770.7599999999998,2160.0,1544.7990000000004,1000.0,-0.0,0.0,-0.0,-0.0
2021-10-13 00:00:00,-0.0,2801.11,2160.0,906.3560000000002,1000.0,-0.0,0.0,-0.0,-0.0
2021-10-13 01:00:00,-0.0,2774.1,2160.0,782.19,1000.0,-0.0,0.0,-0.0,-0.0
2021-10-13 02:00:00,-0.0,2715.66,2160.0,736.7080000000005,1000.0,-0.0,0.0,-0.0,-0.0
2021-10-13 03:00:00,-0.0,2641.5699999999997,2160.0,804.9549999999999,1000.0,-0.0,0.0,-0.0,-0.0
2021-10-13 04:00:00,-0.0,2568.87,2160.0,992.3320000000003,1000.0,-0.0,0.0,-0.0,-0.0
2021-10-13 05:00:00,-0.0,2513.5600000000004,2160.0,1260.3089999999993,1000.0,-0.0,0.0,-0.0,-0.0
2021-10-13 06:00:00,-0.0,2488.37,2160.0,1536.2910000000002,1000.0,-0.0,0.0,-0.0,-0.0
2021-10-13 07:00:00,59.13209211321807,2501.07,2160.0,1683.4859078867817,1000.0,-0.0,0.0,-0.0,-0.0
2021-10-13 08:00:00,714.6350045908916,2553.39,2160.0,1112.7829954091085,1000.0,-0.0,0.0,-0.0,-0.0
2021-10-13 09:00:00,1582.9082424421447,2640.83,2160.0,198.1357575578552,1000.0,-0.0,0.0,-0.0,-0.0
2021-10-13 10:00:00,2398.8630389825507,2753.27,2160.0,-0.0,234.17396101744907,-0.0,0.0,-0.0,-0.0
2021-10-13 11:00:00,2971.729548949727,2876.39,1723.8024510502723,-0.0,-0.0,-0.0,0.0,100.0,95.0
2021-10-13 12:00:00,3177.184946758908,2993.67,1327.5960532410918,-0.0,-0.0,-0.0,0.0,100.0,189.9905
2021-10-13 13:00:00,2971.729548949727,3088.67,1398.6874510502735,-0.0,-0.0,-0.0,0.0,100.0,284.97150095
2021-10-13 14:00:00,2398.8630389825507,3147.34,1934.4919610174488,-0.0,-0.0,-0.0,0.0,100.0,379.943003799905
2021-10-13 15:00:00,1582.9082424421447,3159.99,2160.0,-0.0,580.4127575578552,-0.0,0.0,-0.0,379.905009499525
2021-10-13 16:00:00,714.6350045908916,3122.71,2160.0,570.8239954091082,1000.0,-0.0,100.0,-0.0,274.60386110383826
2021-10-13 17:00:00,59.13209211321807,3037.99,2160.0,1541.0769078867816,1000.0,-0.0,100.0,-0.0,169.31324282299107
2021-10-13 18:00:00,-0.0,2914.5,2160.0,1920.518,1000.0,-0.0,100.0,-0.0,64.03315360397194
2021-10-13 19:00:00,-0.0,2766.0099999999998,2160.0,2186.2825872258195,1000.0,-0.0,60.82541277418096,-0.0,-0.0
2021-10-13 20:00:00,-0.0,2609.66,2160.0,2324.969,1000.0,-0.0,0.0,-0.0,-0.0
2021-10-13 21:00:00,-0.0,2463.78,2160.0,2272.5539999999996,1000.0,-0.0,0.0,-0.0,-0.0
2021-10-13 22:00:00,-0.0,2345.48,2160.0,2156.257,1000.0,-0.0,0.0,-0.0,-0.0
2021-10-13 23:00:00,-0.0,2268.49,2160.0,2036.9229999999998,1000.0,-0.0,0.0,-0.0,-0.0
2021-10-14 00:00:00,-0.0,2255.07,2160.0,1445.8139999999999,1000.0,-0.0,0.0,-0.0,-0.0
2021-10-14 01:00:00,-0.0,2280.27,2160.0,1273.0080000000003,1000.0,-0.0,0.0,-0.0,-0.0
2021-10-14 02:00:00,-0.0,2353.74,2160.0,1099.201,1000.0,-0.0,0.0,-0.0,-0.0
2021-10-14 03:00:00,-0.0,2465.64,2160.0,985.0549999999998,1000.0,-0.0,0.0,-0.0,-0.0
2021-10-14 04:00:00,-0.0,2601.76,2160.0,967.219,1000.0,-0.0,0.0,-0.0,-0.0
2021-10-14 05:00:00,-0.0,2745.49,2160.0,1039.768,1000.0,-0.0,0.0,-0.0,-0.0
2021-10-14 06:00:00,-0.0,2880.11,2160.0,1159.5549999999998,1000.0,-0.0,0.0,-0.0,-0.0
2021-10-14 07:00:00,53.141525376892055,2991.11,2160.0,1218.056474623108,1000.0,-0.0,0.0,-0.0,-0.0
2021-10-14 08:00:00,780.7416511584893,3068.15,2160.0,554.1483488415106,1000.0,-0.0,0.0,-0.0,-0.0
2021-10-14 09:00:00,1760.5891944738144,3106.51,2160.0,-0.0,580.6138055261852,-0.0,0.0,-0.0,-0.0
2021-10-14 10:00:00,2685.574781056154,3107.69,1803.5992936856105,-0.0,-0.0,-0.0,0.0,21.121074741764055,20.065021004675852
2021-10-14 11:00:00,3336.3929218195726,3079.24,1189.3100781804278,-0.0,-0.0,-0.0,0.0,100.0,115.06301450257538
2021-10-14 12:00:00,3570.018835934287,3033.6600000000003,931.3631640657127,-0.0,-0.0,-0.0,0.0,100.0,210.05150820112513
2021-10-14 13:00:00,3336.3929218195726,2986.72,1176.1160781804274,-0.0,-0.0,-0.0,0.0,100.0,305.030503050305
2021-10-14 14:00:00,2685.574781056154,2955.26,1883.5332189438464,-0.0,-0.0,-0.0,0.0,100.0,400.0
2021-10-14 15:00:00,1760.5891944738144,2954.85,2160.0,-0.0,655.0498055261853,-0.0,0.0,-0.0,399.96
2021-10-14 16:00:00,780.7416511584893,2997.57,2160.0,680.5143488415106,1000.0,-0.0,100.0,-0.0,294.6568461052632
2021-10-14 17:00:00,53.141525376892055,3090.37,2160.0,1548.7924746231083,1000.0,-0.0,100.0,-0.0,189.36422252591586
2021-10-14 18:00:00,-0.0,3233.96,2160.0,1658.5779999999995,1000.0,-0.0,100.0,-0.0,84.08212820892645
2021-10-14 19:00:00,-0.0,3422.6299999999997,2160.0,1571.5189660037004,1000.0,-0.0,79.87003399630028,-0.0,-0.0
2021-10-14 20:00:00,-0.0,3644.9199999999996,2160.0,1353.9500000000003,1000.0,-0.0,0.0,-0.0,-0.0
2021-10-14 21:00:00,-0.0,3885.0,2160.0,918.8739999999998,1000.0,-0.0,0.0,-0.0,-0.0
2021-10-14 22:00:00,-0.0,4124.74,2160.0,447.79100000000017,1000.0,-0.0,0.0,-0.0,-0.0
2021-10-14 23:00:00,-0.0,4345.98,2160.0,33.4350000000004,1000.0,-0.0,0.0,-0.0,-0.0
2021-10-15 00:00:00,-0.0,4546.55,2160.0,-0.0,231.5010000000002,-0.0,0.0,-0.0,-0.0
2021-10-15 01:00:00,-0.0,4687.54,2160.0,-0.0,-0.0,-0.0,0.0,53.98999999999978,51.29049999999979
2021-10-15 02:00:00,-0.0,4776.84,2019.4219999999996,-0.0,-0.0,-0.0,0.0,100.0,146.2853709499998
2021-10-15 03:00:00,-0.0,4815.05,1981.9579999999996,-0.0,-0.0,-0.0,0.0,100.0,241.27074241290478
2021-10-15 04:00:00,-0.0,4808.97,2109.254,-0.0,-0.0,-0.0,0.0,100.0,336.2466153386635
2021-10-15 05:00:00,-0.0,4770.54,2160.0,-0.0,6.831000000000131,-0.0,100.0,-0.0,230.94983278239283
2021-10-15 06:00:00,-0.0,4715.150000000001,2160.0,-0.0,319.4319999999998,-0.0,100.0,-0.0,125.66357990437776
2021-10-15 07:00:00,40.23829020618984,4659.45,2160.0,-0.0,560.2727097938106,-0.0,100.0,-0.0,20.387855651650483
2021-10-15 08:00:00,749.1055177327677,4619.0,2160.0,-0.0,115.88695624445165,-0.0,19.366526022781052,-0.0,-0.0
2021-10-15 09:00:00,1720.8150494176498,4606.11,1383.6999505823505,-0.0,-0.0,-0.0,0.0,-0.0,-0.0
2021-10-15 10:00:00,2642.3907162978035,4628.1,410.68428370219635,-0.0,-0.0,-0.0,0.0,-0.0,-0.0
2021-10-15 11:00:00,3292.2063035371675,4420.611696462833,-0.0,-0.0,-0.0,-0.0,0.0,100.0,95.0
2021-10-15 12:00:00,3525.6960684078745,4119.584931592126,-0.0,-0.0,-0.0,-0.0,0.0,100.0,189.9905
2021-10-15 13:00:00,3292.2063035371675,4319.545696462833,-0.0,-0.0,-0.0,-0.0,0.0,100.0,284.97150095
2021-10-15 14:00:00,2642.3907162978035,4996.700283702197,-0.0,-0.0,-0.0,-0.0,0.0,100.0,379.943003799905
2021-10-15 15:00:00,1720.8150494176498,5106.96,819.5549505823501,-0.0,-0.0,-0.0,0.0,-0.0,379.905009499525
2021-10-15 16:00:00,749.1055177327677,5184.370000000001,1925.414093847679,-0.0,-0.0,-0.0,0.0,21.192611580447288,400.0
2021-10-15 17:00:00,40.23829020618984,5219.6900000000005,2160.0,-0.0,653.18970979381,-0.0,0.0,-0.0,399.96
2021-10-15 18:00:00,-0.0,5202.97,2160.0,-0.0,912.2359999999999,-0.0,0.0,-0.0,399.920004
2021-10-15 19:00:00,-0.0,5130.0599999999995,2160.0,-0.0,1000.0,-0.0,68.38800000000083,-0.0,327.89264357854654
2021-10-15 20:00:00,-0.0,5003.26,2160.0,21.708999999998923,1000.0,-0.0,100.0,-0.0,222.59669641945186
2021-10-15 21:00:00,-0.0,4831.13,2160.0,0.41899999999986903,1000.0,-0.0,100.0,-0.0,117.31127885507307
2021-10-15 22:00:00,-0.0,4627.35,2160.0,-0.0,1000.0,-0.0,74.33599999999933,-0.0,39.051126674556684
2021-10-15 23:00:00,-0.0,4409.07,2160.0,63.789139516205296,1000.0,-0.0,37.09486048379477,-0.0,-0.0
2021-10-16 00:00:00,-0.0,4208.35,2160.0,-0.0,265.3809999999994,-0.0,0.0,-0.0,-0.0
2021-10-16 01:00:00,-0.0,4014.98,2160.0,-0.0,315.43700000000035,-0.0,0.0,-0.0,-0.0
2021-10-16 02:00:00,-0.0,3856.57,2160.0,-0.0,377.6469999999995,-0.0,0.0,-0.0,-0.0
2021-10-16 03:00:00,-0.0,3741.93,2160.0,-0.0,494.0189999999998,-0.0,0.0,-0.0,-0.0
2021-10-16 04:00:00,-0.0,3673.72,2160.0,-0.0,684.3300000000004,-0.0,0.0,-0.0,-0.0
2021-10-16 05:00:00,-0.0,3648.24,2160.0,-0.0,929.7399999999998,-0.0,0.0,-0.0,-0.0
2021-10-16 06:00:00,-0.0,3656.06,2160.0,179.80999999999995,1000.0,-0.0,0.0,-0.0,-0.0
2021-10-16 07:00:00,27.67542814550615,3683.38,2160.0,350.7695718544935,1000.0,-0.0,0.0,-0.0,-0.0
2021-10-16 08:00:00,693.7794158497567,3714.0699999999997,2160.0,-0.0,797.8455841502433,-0.0,0.0,-0.0,-0.0
2021-10-16 09:00:00,1624.5265908944095,3731.93,2056.87240910559,-0.0,-0.0,-0.0,0.0,-0.0,-0.0
2021-10-16 10:00:00,2511.4275207666765,3722.99,1170.8445539750878,-0.0,-0.0,-0.0,0.0,21.121074741764055,20.065021004675852
2021-10-16 11:00:00,3138.1843769527854,3677.49,600.2676230472148,-0.0,-0.0,-0.0,0.0,100.0,115.06301450257538
2021-10-16 12:00:00,3363.591827611053,3591.31,393.55617238894683,-0.0,-0.0,-0.0,0.0,100.0,210.05150820112513
2021-10-16 13:00:00,3138.1843769527854,3466.5800000000004,710.1116230472144,-0.0,-0.0,-0.0,0.0,100.0,305.030503050305
2021-10-16 14:00:00,2511.4275207666765,3311.4500000000003,1519.1804792333232,-0.0,-0.0,-0.0,0.0,100.0,400.0
2021-10-16 15:00:00,1624.5265908944095,3139.09,2160.0,-0.0,426.41740910558997,-0.0,0.0,-0.0,399.96
2021-10-16 16:00:00,693.7794158497567,2965.88,2160.0,620.3745841502428,1000.0,-0.0,100.0,-0.0,294.6568461052632
2021-10-16 17:00:00,27.67542814550615,2809.28,2160.0,1678.027571854494,1000.0,-0.0,100.0,-0.0,189.36422252591586
2021-10-16 18:00:00,-0.0,2685.45,2160.0,2031.0439999999999,1000.0,-0.0,100.0,-0.0,84.08212820892645
2021-10-16 19:00:00,-0.0,2607.09,2160.0,2212.0969660036994,1000.0,-0.0,79.87003399630028,-0.0,-0.0
2021-10-16 20:00:00,-0.0,2581.6800000000003,2160.0,2243.115,1000.0,-0.0,0.0,-0.0,-0.0
2021-10-16 21:00:00,-0.0,2610.46,2160.0,2020.0299999999997,1000.0,-0.0,0.0,-0.0,-0.0
2021-10-16 22:00:00,-0.0,2688.2099999999996,2160.0,1711.431,1000.0,-0.0,0.0,-0.0,-0.0
2021-10-16 23:00:00,-0.0,2803.89,2160.0,1402.931,1000.0,-0.0,0.0,-0.0,-0.0
2021-10-17 00:00:00,-0.0,2955.83,2160.0,649.7280000000001,1000.0,-0.0,0.0,-0.0,-0.0
2021-10-17 01:00:00,-0.0,3098.75,2160.0,362.20799999999963,1000.0,-0.0,0.0,-0.0,-0.0
2021-10-17 02:00:00,-0.0,3228.53,2160.0,134.8439999999996,1000.0,-0.0,0.0,-0.0,-0.0
2021-10-17 03:00:00,-0.0,3329.5400000000004,2160.0,34.085999999999785,1000.0,-0.0,0.0,-0.0,-0.0
2021-10-17 04:00:00,-0.0,3390.43,2160.0,93.721,1000.0,-0.0,0.0,-0.0,-0.0
2021-10-17 05:00:00,-0.0,3405.5200000000004,2160.0,296.8919999999998,1000.0,-0.0,0.0,-0.0,-0.0
2021-10-17 06:00:00,-0.0,3375.47,2160.0,583.0700000000002,1000.0,-0.0,0.0,-0.0,-0.0
2021-10-17 07:00:00,18.083095044984116,3307.08,2160.0,857.4779049550157,1000.0,-0.0,0.0,-0.0,-0.0
2021-10-17 08:00:00,672.6453400186066,3212.25,2160.0,439.67365998139394,1000.0,-0.0,0.0,-0.0,-0.0
2021-10-17 09:00:00,1606.5115704714292,3106.26,2160.0,-0.0,657.4004295285702,-0.0,0.0,-0.0,-0.0
2021-10-17 10:00:00,2500.708862102093,3005.61,2013.669212639671,-0.0,-0.0,-0.0,0.0,21.121074741764055,20.065021004675852
2021-10-17 11:00:00,3134.019447806559,2925.64,1468.8075521934402,-0.0,-0.0,-0.0,0.0,100.0,115.06301450257538
2021-10-17 12:00:00,3362.0075454989665,2878.4300000000003,1218.2614545010329,-0.0,-0.0,-0.0,0.0,100.0,210.05150820112513
2021-10-17 13:00:00,3134.019447806559,2871.0,1417.7335521934406,-0.0,-0.0,-0.0,0.0,100.0,305.030503050305
2021-10-17 14:00:00,2500.708862102093,2904.34,2042.443137897907,-0.0,-0.0,-0.0,0.0,100.0,400.0
2021-10-17 15:00:00,1606.5115704714292,2973.13,2160.0,-0.0,713.3074295285703,-0.0,0.0,-0.0,399.96
2021-10-17 16:00:00,672.6453400186066,3066.4799999999996,2160.0,643.9467289738759,1000.0,-0.0,97.28293100751752,-0.0,297.51691872892894
2021-10-17 17:00:00,18.083095044984116,3169.2599999999998,2160.0,1525.2949049550161,1000.0,-0.0,0.0,-0.0,297.48716703705605
2021-10-17 18:00:00,-0.0,3264.17,2160.0,1647.2429999999995,1000.0,-0.0,0.0,-0.0,297.45741832035236
2021-10-17 19:00:00,-0.0,3334.01,2160.0,1657.1629999999996,1000.0,-0.0,0.0,-0.0,297.42767257852034
2021-10-17 20:00:00,-0.0,3363.9900000000002,2160.0,1550.0520000000001,1000.0,-0.0,0.0,-0.0,297.3979298112625
2021-10-17 21:00:00,-0.0,3343.77,2160.0,1373.0359999999996,1000.0,-0.0,0.0,-0.0,297.3681900182814
2021-10-17 22:00:00,-0.0,3268.82,2160.0,1214.145,1000.0,-0.0,0.0,-0.0,297.33845319927957
2021-10-17 23:00:00,-0.0,3141.05,2160.0,1146.045,1000.0,-0.0,0.0,-0.0,297.30871935395965
2021-10-18 00:00:00,-0.0,2982.43,2160.0,1136.44,1000.0,-0.0,0.0,-0.0,297.27898848202426
2021-10-18 01:00:00,-0.0,2778.83,2160.0,1192.2830000000004,1000.0,-0.0,0.0,-0.0,297.24926058317607
2021-10-18 02:00:00,-0.0,2560.8399999999997,2160.0,1309.4810000000002,1000.0,-0.0,0.0,-0.0,297.2195356571178
2021-10-18 03:00:00,-0.0,2346.59,2160.0,1520.7290000000003,1000.0,-0.0,0.0,-0.0,297.1898137035521
2021-10-18 04:00:00,-0.0,2153.08,2160.0,1831.4650000000001,1000.0,-0.0,0.0,-0.0,297.1600947221817
2021-10-18 05:00:00,-0.0,1994.04,2160.0,2205.425,1000.0,-0.0,0.0,-0.0,297.1303787127095
2021-10-18 06:00:00,-0.0,1878.17,2160.0,2574.0429999999997,1000.0,-0.0,0.0,-0.0,297.10066567483824
2021-10-18 07:00:00,9.728482344529441,1808.07,2160.0,2855.1015176554706,1000.0,-0.0,0.0,-0.0,297.07095560827076
2021-10-18 08:00:00,643.4660815870186,1780.02,2160.0,2387.891918412981,1000.0,-0.0,0.0,-0.0,297.04124851270996
2021-10-18 09:00:00,1568.6063832193663,1784.6200000000001,2160.0,1500.2766167806335,1000.0,-0.0,0.0,-0.0,297.0115443878587
2021-10-18 10:00:00,2458.8244037638133,1808.15,2160.0,551.7175962361866,1000.0,-0.0,0.0,-0.0,296.9818432334199
2021-10-18 11:00:00,3090.742554018204,1834.62,2160.0,-0.0,819.3994459817959,-0.0,0.0,-0.0,296.95214504909654
2021-10-18 12:00:00,3318.4521646205962,1848.0,2160.0,-0.0,504.98983537940376,-0.0,0.0,-0.0,296.92244983459165
2021-10-18 13:00:00,3090.742554018204,1834.54,2160.0,-0.0,706.6434459817965,-0.0,0.0,-0.0,296.8927575896082
2021-10-18 14:00:00,2458.8244037638133,1784.75,2160.0,409.50659623618685,1000.0,-0.0,0.0,-0.0,296.8630683138492
2021-10-18 15:00:00,1568.6063832193663,1694.8,2160.0,1491.533616780633,1000.0,-0.0,0.0,-0.0,296.83338200701786
2021-10-18 16:00:00,643.4660815870186,1567.1399999999999,2160.0,2728.133918412982,1000.0,-0.0,0.0,-0.0,296.80369866881716
2021-10-18 17:00:00,9.728482344529441,1410.32,2160.0,3747.3615176554704,1000.0,-0.0,0.0,-0.0,296.7740182989503
2021-10-18 18:00:00,-0.0,1237.8400000000001,2160.0,4124.73,1000.0,-0.0,0.0,-0.0,296.7443408971204
2021-10-18 19:00:00,-0.0,1066.51,2160.0,4275.0,1000.0,-0.0,97.20399999999995,-0.0,194.39466646303077
2021-10-18 20:00:00,-0.0,914.2,2160.0,4275.0,1000.0,68.7709999999995,100.0,-0.0,89.11206910164763
2021-10-18 21:00:00,-0.0,797.48,2160.0,4275.0,1000.0,-0.0,84.6480000000006,-0.0,-0.0
2021-10-18 22:00:00,-0.0,729.4599999999999,2160.0,4190.23,1000.0,-0.0,0.0,-0.0,-0.0
2021-10-18 23:00:00,-0.0,718.0300000000001,2160.0,4002.206,1000.0,-0.0,0.0,-0.0,-0.0
2021-10-19 00:00:00,-0.0,778.59,2160.0,3333.693,1000.0,-0.0,0.0,-0.0,-0.0
2021-10-19 01:00:00,-0.0,878.78,2160.0,3082.1940000000004,1000.0,-0.0,0.0,-0.0,-0.0
2021-10-19 02:00:00,-0.0,1021.67,2160.0,2834.983,1000.0,-0.0,0.0,-0.0,-0.0
2021-10-19 03:00:00,-0.0,1192.16,2160.0,2657.9840000000004,1000.0,-0.0,0.0,-0.0,-0.0
2021-10-19 04:00:00,-0.0,1372.75,2160.0,2591.1409999999996,1000.0,-0.0,0.0,-0.0,-0.0
2021-10-19 05:00:00,-0.0,1545.8,2160.0,2629.563,1000.0,-0.0,0.0,-0.0,-0.0
2021-10-19 06:00:00,-0.0,1695.8999999999999,2160.0,2728.7960000000003,1000.0,-0.0,0.0,-0.0,-0.0
2021-10-19 07:00:00,2.9457745521603145,1811.8500000000001,2160.0,2827.207225447839,1000.0,-0.0,0.0,-0.0,-0.0
2021-10-19 08:00:00,548.842357001869,1888.06,2160.0,2340.2386429981307,1000.0,-0.0,0.0,-0.0,-0.0
2021-10-19 09:00:00,1366.5609051123706,1925.24,2160.0,1524.16509488763,1000.0,-0.0,0.0,-0.0,-0.0
2021-10-19 10:00:00,2157.383788929409,1930.1699999999998,2160.0,690.3472110705907,1000.0,-0.0,0.0,-0.0,-0.0
2021-10-19 11:00:00,2720.032916994029,1914.69,2160.0,66.0400830059707,1000.0,-0.0,0.0,-0.0,-0.0
2021-10-19 12:00:00,2922.9757423910737,1893.94,2160.0,-0.0,807.3702576089263,-0.0,0.0,-0.0,-0.0
2021-10-19 13:00:00,2720.032916994029,1884.24,2160.0,-0.0,977.3930830059712,-0.0,0.0,-0.0,-0.0
2021-10-19 14:00:00,2157.383788929409,1900.6899999999998,2160.0,541.6962110705917,1000.0,-0.0,0.0,-0.0,-0.0
2021-10-19 15:00:00,1366.5609051123706,1955.0600000000002,2160.0,1377.017094887629,1000.0,-0.0,0.0,-0.0,-0.0
2021-10-19 16:00:00,548.842357001869,2054.03,2160.0,2276.633642998131,1000.0,-0.0,0.0,-0.0,-0.0
2021-10-19 17:00:00,2.9457745521603145,2198.1600000000003,2160.0,2904.20222544784,1000.0,-0.0,0.0,-0.0,-0.0
2021-10-19 18:00:00,-0.0,2381.73,2160.0,2915.935000000001,1000.0,-0.0,0.0,-0.0,-0.0
2021-10-19 19:00:00,-0.0,2593.31,2160.0,2777.7630000000004,1000.0,-0.0,0.0,-0.0,-0.0
2021-10-19 20:00:00,-0.0,2817.27,2160.0,2470.3940000000007,1000.0,-0.0,0.0,-0.0,-0.0
2021-10-19 21:00:00,-0.0,3035.73,2160.0,2048.4970000000008,1000.0,-0.0,0.0,-0.0,-0.0
2021-10-19 22:00:00,-0.0,3230.92,2160.0,1613.3500000000004,1000.0,-0.0,0.0,-0.0,-0.0
2021-10-19 23:00:00,-0.0,3387.44,2160.0,1254.9329999999995,1000.0,-0.0,0.0,-0.0,-0.0
2021-10-20 00:00:00,-0.0,3508.08,2160.0,523.9610000000002,1000.0,-0.0,0.0,-0.0,-0.0
2021-10-20 01:00:00,-0.0,3560.14,2160.0,318.30800000000045,1000.0,-0.0,0.0,-0.0,-0.0
2021-10-20 02:00:00,-0.0,3558.7000000000003,2160.0,213.2249999999999,1000.0,-0.0,0.0,-0.0,-0.0
2021-10-20 03:00:00,-0.0,3511.3,2160.0,252.0,1000.0,-0.0,0.0,-0.0,-0.0
2021-10-20 04:00:00,-0.0,3430.74,2160.0,444.27700000000004,1000.0,-0.0,0.0,-0.0,-0.0
2021-10-20 05:00:00,-0.0,3333.25,2160.0,751.2950000000001,1000.0,-0.0,0.0,-0.0,-0.0
2021-10-20 06:00:00,-0.0,3236.3599999999997,2160.0,1095.665,1000.0,-0.0,0.0,-0.0,-0.0
2021-10-20 07:00:00,-0.0,3156.55,2160.0,1391.0199999999995,1000.0,-0.0,0.0,-0.0,-0.0
2021-10-20 08:00:00,426.1223793351904,3107.04,2160.0,1147.875620664809,1000.0,-0.0,0.0,-0.0,-0.0
2021-10-20 09:00:00,1084.4968031410203,3096.05,2160.0,537.741196858979,1000.0,-0.0,0.0,-0.0,-0.0
2021-10-20 10:00:00,1724.5034562098506,3125.77,2160.0,-0.0,828.4685437901496,-0.0,0.0,-0.0,-0.0
2021-10-20 11:00:00,2180.9004765306886,3192.09,2160.0,-0.0,227.2305234693108,-0.0,0.0,-0.0,-0.0
2021-10-20 12:00:00,2345.678193391656,3285.2799999999997,2151.499806608344,-0.0,-0.0,-0.0,0.0,100.0,95.0
2021-10-20 13:00:00,2180.9004765306886,3391.3900000000003,2160.0,-0.0,-0.0,-0.0,0.0,93.64047653068928,183.9489527041548
2021-10-20 14:00:00,1724.5034562098506,3494.1800000000003,2160.0,-0.0,276.9835437901495,-0.0,0.0,-0.0,183.9305578088844
2021-10-20 15:00:00,1084.4968031410203,3577.48,2160.0,-0.0,931.5721968589796,-0.0,0.0,-0.0,183.91216475310353
2021-10-20 16:00:00,426.1223793351904,3627.45,2160.0,619.95962066481,1000.0,-0.0,100.0,-0.0,78.63061564189137
2021-10-20 17:00:00,-0.0,3634.56,2160.0,1289.2993850486896,1000.0,-0.0,74.69161495131083,-0.0,-0.0
2021-10-20 18:00:00,-0.0,3595.0,2160.0,1595.2279999999992,1000.0,-0.0,0.0,-0.0,-0.0
2021-10-20 19:00:00,-0.0,3511.32,2160.0,1751.7399999999993,1000.0,-0.0,0.0,-0.0,-0.0
2021-10-20 20:00:00,-0.0,3392.17,2160.0,1787.009,1000.0,-0.0,0.0,-0.0,-0.0
2021-10-20 21:00:00,-0.0,3251.26,2160.0,1724.1149999999998,1000.0,-0.0,0.0,-0.0,-0.0
2021-10-20 22:00:00,-0.0,3105.6299999999997,2160.0,1629.525,1000.0,-0.0,0.0,-0.0,-0.0
2021-10-20 23:00:00,-0.0,2973.4100000000003,2160.0,1559.69,1000.0,-0.0,0.0,-0.0,-0.0
2021-10-21 00:00:00,-0.0,2885.28,2160.0,1037.417,1000.0,-0.0,0.0,-0.0,-0.0
2021-10-21 01:00:00,-0.0,2827.1400000000003,2160.0,942.0169999999998,1000.0,-0.0,0.0,-0.0,-0.0
2021-10-21 02:00:00,-0.0,2821.0499999999997,2160.0,841.7420000000006,1000.0,-0.0,0.0,-0.0,-0.0
2021-10-21 03:00:00,-0.0,2869.04,2160.0,785.3890000000001,1000.0,-0.0,0.0,-0.0,-0.0
2021-10-21 04:00:00,-0.0,2966.67,2160.0,799.8429999999998,1000.0,-0.0,0.0,-0.0,-0.0
2021-10-21 05:00:00,-0.0,3103.72,2160.0,872.7940000000003,1000.0,-0.0,0.0,-0.0,-0.0
2021-10-21 06:00:00,-0.0,3265.5,2160.0,959.0699999999997,1000.0,-0.0,0.0,-0.0,-0.0
2021-10-21 07:00:00,-0.0,3434.95,2160.0,1005.844,1000.0,-0.0,0.0,-0.0,-0.0
2021-10-21 08:00:00,369.1501093200898,3594.86,2160.0,611.0348906799102,1000.0,-0.0,0.0,-0.0,-0.0
2021-10-21 09:00:00,961.0527590403021,3730.23,2160.0,-0.0,921.8972409596981,-0.0,0.0,-0.0,-0.0
2021-10-21 10:00:00,1539.4580677977801,3830.25,2160.0,-0.0,204.91293220221996,-0.0,0.0,-0.0,-0.0
2021-10-21 11:00:00,1952.89381303228,3889.7,1914.59218696772,-0.0,-0.0,-0.0,0.0,100.0,95.0
2021-10-21 12:00:00,2102.3114197284112,3909.63,1668.6695802715885,-0.0,-0.0,-0.0,0.0,100.0,189.9905
2021-10-21 13:00:00,1952.89381303228,3897.1299999999997,1788.0651869677204,-0.0,-0.0,-0.0,0.0,100.0,284.97150095
2021-10-21 14:00:00,1539.4580677977801,3864.3,2160.0,-0.0,-0.0,-0.0,0.0,7.268067797780532,291.8476682077965
2021-10-21 15:00:00,961.0527590403021,3826.51,2160.0,-0.0,708.2882409596973,-0.0,0.0,-0.0,291.81848344097574
2021-10-21 16:00:00,369.1501093200898,3800.25,2160.0,408.0098906799101,1000.0,-0.0,100.0,-0.0,186.52614369789484
2021-10-21 17:00:00,-0.0,3800.77,2160.0,1003.3290000000002,1000.0,-0.0,100.0,-0.0,81.24433318878822
2021-10-21 18:00:00,-0.0,3839.9100000000003,2160.0,1180.4536016823045,1000.0,-0.0,77.17439831769587,-0.0,-0.0
2021-10-21 19:00:00,-0.0,3924.38,2160.0,1247.844,1000.0,-0.0,0.0,-0.0,-0.0
2021-10-21 20:00:00,-0.0,4054.7400000000002,2160.0,1035.5459999999998,1000.0,-0.0,0.0,-0.0,-0.0
2021-10-21 21:00:00,-0.0,4225.19,2160.0,663.3220000000001,1000.0,-0.0,0.0,-0.0,-0.0
2021-10-21 22:00:00,-0.0,4424.2,2160.0,226.20899999999983,1000.0,-0.0,0.0,-0.0,-0.0
2021-10-21 23:00:00,-0.0,4635.9800000000005,2160.0,-0.0,814.5749999999998,-0.0,0.0,-0.0,-0.0
2021-10-22 00:00:00,-0.0,4856.21,2146.202,-0.0,-0.0,-0.0,0.0,-0.0,-0.0
2021-10-22 01:00:00,-0.0,5039.34,1811.897,-0.0,-0.0,-0.0,0.0,-0.0,-0.0
2021-10-22 02:00:00,-0.0,5183.47,1563.844,-0.0,-0.0,-0.0,0.0,-0.0,-0.0
2021-10-22 03:00:00,-0.0,5277.3099999999995,1464.161,-0.0,-0.0,-0.0,0.0,-0.0,-0.0
2021-10-22 04:00:00,-0.0,5315.339999999999,1586.7674100588401,-0.0,-0.0,-0.0,0.0,45.95841005883883,43.66048955589689
2021-10-22 05:00:00,-0.0,5298.5199999999995,1870.2960000000003,-0.0,-0.0,-0.0,0.0,100.0,138.6561235069413
2021-10-22 06:00:00,-0.0,5234.03,2160.0,-0.0,-0.0,-0.0,0.0,74.42299999999977,209.3441078945904
2021-10-22 07:00:00,-0.0,5134.26,2160.0,-0.0,144.375,-0.0,100.0,-0.0,104.0600155890641
2021-10-22 08:00:00,401.8568708918698,5015.05,2160.0,-0.0,-0.0,-0.0,98.84712910812993,-0.0,-0.0
2021-10-22 09:00:00,1071.0613481982891,4893.55,1752.2096518017106,-0.0,-0.0,-0.0,0.0,-0.0,-0.0
2021-10-22 10:00:00,1728.5074817040686,4785.849999999999,1166.8965182959319,-0.0,-0.0,-0.0,0.0,-0.0,-0.0
2021-10-22 11:00:00,2199.5467343577034,4704.8,723.6433403840606,-0.0,-0.0,-0.0,0.0,21.121074741764055,20.065021004675852
2021-10-22 12:00:00,2369.949890436977,4658.2699999999995,605.1781095630236,-0.0,-0.0,-0.0,0.0,100.0,115.06301450257538
2021-10-22 13:00:00,2199.5467343577034,4648.11,746.3772656422966,-0.0,-0.0,-0.0,0.0,100.0,210.05150820112513
2021-10-22 14:00:00,1728.5074817040686,4669.93,1217.204518295931,-0.0,-0.0,-0.0,0.0,100.0,305.030503050305
2021-10-22 15:00:00,1071.0613481982891,4713.75,1933.4466518017107,-0.0,-0.0,-0.0,0.0,100.0,400.0
2021-10-22 16:00:00,401.8568708918698,4765.37,2160.0,-0.0,475.8891291081303,-0.0,0.0,-0.0,399.96
2021-10-22 17:00:00,-0.0,4808.41,2160.0,-0.0,1000.0,-0.0,64.73599999999988,-0.0,331.7768461052633
2021-10-22 18:00:00,-0.0,4826.5599999999995,2160.0,143.40400000000045,1000.0,-0.0,100.0,-0.0,226.48051052591597
2021-10-22 19:00:00,-0.0,4805.91,2160.0,242.15500000000065,1000.0,-0.0,100.0,-0.0,121.19470458012655
2021-10-22 20:00:00,-0.0,4736.9,2160.0,232.6750000000011,1000.0,-0.0,100.0,-0.0,15.919427214931702
2021-10-22 21:00:00,-0.0,4615.77,2160.0,240.38905649139974,1000.0,-0.0,15.1219435085997,-0.0,-0.0
2021-10-22 22:00:00,-0.0,4445.16,2160.0,191.52300000000014,1000.0,-0.0,0.0,-0.0,-0.0
2021-10-22 23:00:00,-0.0,4233.87,2160.0,206.48999999999978,1000.0,-0.0,0.0,-0.0,-0.0
2021-10-23 00:00:00,-0.0,4009.58,2160.0,-0.0,390.0119999999997,-0.0,0.0,-0.0,-0.0
2021-10-23 01:00:00,-0.0,3762.06,2160.0,-0.0,489.92599999999993,-0.0,0.0,-0.0,-0.0
2021-10-23 02:00:00,-0.0,3523.54,2160.0,-0.0,628.1090000000004,-0.0,0.0,-0.0,-0.0
2021-10-23 03:00:00,-0.0,3311.2799999999997,2160.0,-0.0,838.1230000000005,-0.0,0.0,-0.0,-0.0
2021-10-23 04:00:00,-0.0,3139.1400000000003,2160.0,128.54699999999957,1000.0,-0.0,0.0,-0.0,-0.0
2021-10-23 05:00:00,-0.0,3015.88,2160.0,468.08600000000024,1000.0,-0.0,0.0,-0.0,-0.0
2021-10-23 06:00:00,-0.0,2944.02,2160.0,794.3529999999996,1000.0,-0.0,0.0,-0.0,-0.0
2021-10-23 07:00:00,-0.0,2919.68,2160.0,1041.3359999999998,1000.0,-0.0,0.0,-0.0,-0.0
2021-10-23 08:00:00,453.22845609666547,2933.1800000000003,2160.0,715.340543903334,1000.0,-0.0,0.0,-0.0,-0.0
2021-10-23 09:00:00,1237.7142114653586,2970.4399999999996,2160.0,-0.0,938.266788534642,-0.0,0.0,-0.0,-0.0
2021-10-23 10:00:00,2012.6200109375304,3015.01,2160.0,-0.0,86.82098906246938,-0.0,0.0,-0.0,-0.0
2021-10-23 11:00:00,2569.148611623818,3050.29,1684.212388376182,-0.0,-0.0,-0.0,0.0,100.0,95.0
2021-10-23 12:00:00,2770.6804357647857,3061.92,1401.1495642352143,-0.0,-0.0,-0.0,0.0,100.0,189.9905
2021-10-23 13:00:00,2569.148611623818,3039.7000000000003,1589.0883883761812,-0.0,-0.0,-0.0,0.0,100.0,284.97150095
2021-10-23 14:00:00,2012.6200109375304,2979.0499999999997,2160.0,-0.0,-0.0,-0.0,0.0,28.59401093753013,312.1073141905586
2021-10-23 15:00:00,1237.7142114653586,2881.62,2160.0,-0.0,949.8637885346418,-0.0,0.0,-0.0,312.0761034591396
2021-10-23 16:00:00,453.22845609666547,2755.09,2160.0,949.215543903334,1000.0,-0.0,100.0,-0.0,206.78173795405684
2021-10-23 17:00:00,-0.0,2612.1,2160.0,1778.913,1000.0,-0.0,100.0,-0.0,101.4979018855246
2021-10-23 18:00:00,-0.0,2468.5699999999997,2160.0,2126.2636355094314,1000.0,-0.0,96.41336449056925,-0.0,-0.0
2021-10-23 19:00:00,-0.0,2341.47,2160.0,2431.257,1000.0,-0.0,0.0,-0.0,-0.0
2021-10-23 20:00:00,-0.0,2246.49,2160.0,2451.0880000000006,1000.0,-0.0,0.0,-0.0,-0.0
2021-10-23 21:00:00,-0.0,2195.88,2160.0,2306.702,1000.0,-0.0,0.0,-0.0,-0.0
2021-10-23 22:00:00,-0.0,2196.71,2160.0,2074.5299999999997,1000.0,-0.0,0.0,-0.0,-0.0
2021-10-23 23:00:00,-0.0,2249.8199999999997,2160.0,1828.3029999999999,1000.0,-0.0,0.0,-0.0,-0.0
2021-10-24 00:00:00,-0.0,2363.41,2160.0,1113.2200000000003,1000.0,-0.0,0.0,-0.0,-0.0
2021-10-24 01:00:00,-0.0,2498.63,2160.0,833.4979999999996,1000.0,-0.0,0.0,-0.0,-0.0
2021-10-24 02:00:00,-0.0,2653.56,2160.0,581.2810000000004,1000.0,-0.0,0.0,-0.0,-0.0
2021-10-24 03:00:00,-0.0,2810.18,2160.0,425.4060000000004,1000.0,-0.0,0.0,-0.0,-0.0
2021-10-24 04:00:00,-0.0,2950.4799999999996,2160.0,406.3220000000001,1000.0,-0.0,0.0,-0.0,-0.0
2021-10-24 05:00:00,-0.0,3058.72,2160.0,517.23,1000.0,-0.0,0.0,-0.0,-0.0
2021-10-24 06:00:00,-0.0,3123.52,2160.0,709.6399999999999,1000.0,-0.0,0.0,-0.0,-0.0
2021-10-24 07:00:00,-0.0,3139.19,2160.0,919.3489999999997,1000.0,-0.0,0.0,-0.0,-0.0
2021-10-24 08:00:00,462.40615286316495,3106.4599999999996,2160.0,633.0708471368353,1000.0,-0.0,0.0,-0.0,-0.0
2021-10-24 09:00:00,1294.977345774475,3032.2599999999998,2160.0,-0.0,921.966654225525,-0.0,0.0,-0.0,-0.0
2021-10-24 10:00:00,2121.972608283482,2928.6600000000003,2160.0,-0.0,169.1203917165176,-0.0,0.0,-0.0,-0.0
2021-10-24 11:00:00,2717.3408751238826,2811.16,1882.8951248761173,-0.0,-0.0,-0.0,0.0,100.0,95.0
2021-10-24 12:00:00,2933.1559926816276,2696.52,1714.1830073183723,-0.0,-0.0,-0.0,0.0,100.0,189.9905
2021-10-24 13:00:00,2717.3408751238826,2600.42,1992.5691248761173,-0.0,-0.0,-0.0,0.0,100.0,284.97150095
2021-10-24 14:00:00,2121.972608283482,2535.2799999999997,2160.0,-0.0,420.4173917165185,-0.0,0.0,-0.0,284.943003799905
2021-10-24 15:00:00,1294.977345774475,2508.52,2160.0,282.41165422552467,1000.0,-0.0,100.0,-0.0,179.6513516047882
2021-10-24 16:00:00,462.40615286316495,2521.54,2160.0,1292.3298471368348,1000.0,-0.0,100.0,-0.0,74.3702285748909
2021-10-24 17:00:00,-0.0,2569.48,2160.0,1971.5723480255683,1000.0,-0.0,70.64465197443175,-0.0,-0.0
2021-10-24 18:00:00,-0.0,2641.8999999999996,2160.0,2171.884,1000.0,-0.0,0.0,-0.0,-0.0
2021-10-24 19:00:00,-0.0,2724.15,2160.0,2172.877,1000.0,-0.0,0.0,-0.0,-0.0
2021-10-24 20:00:00,-0.0,2799.41,2160.0,2024.138,1000.0,-0.0,0.0,-0.0,-0.0
2021-10-24 21:00:00,-0.0,2850.95,2160.0,1779.1770000000006,1000.0,-0.0,0.0,-0.0,-0.0
2021-10-24 22:00:00,-0.0,2864.4700000000003,2160.0,1535.795,1000.0,-0.0,0.0,-0.0,-0.0
2021-10-24 23:00:00,-0.0,2830.07,2160.0,1378.462,1000.0,-0.0,0.0,-0.0,-0.0
2021-10-25 00:00:00,-0.0,2757.3799999999997,2160.0,1287.056,1000.0,-0.0,0.0,-0.0,-0.0
2021-10-25 01:00:00,-0.0,2621.27,2160.0,1279.8520000000003,1000.0,-0.0,0.0,-0.0,-0.0
2021-10-25 02:00:00,-0.0,2444.05,2160.0,1360.8719999999994,1000.0,-0.0,0.0,-0.0,-0.0
2021-10-25 03:00:00,-0.0,2239.44,2160.0,1567.2140000000004,1000.0,-0.0,0.0,-0.0,-0.0
2021-10-25 04:00:00,-0.0,2024.59,2160.0,1904.165,1000.0,-0.0,0.0,-0.0,-0.0
2021-10-25 05:00:00,-0.0,1817.84,2160.0,2330.8450000000003,1000.0,-0.0,0.0,-0.0,-0.0
2021-10-25 06:00:00,-0.0,1636.42,2160.0,2770.1549999999997,1000.0,-0.0,0.0,-0.0,-0.0
2021-10-25 07:00:00,-0.0,1494.19,2160.0,3138.34,1000.0,-0.0,0.0,-0.0,-0.0
2021-10-25 08:00:00,451.2604806605584,1399.95,2160.0,2925.189519339441,1000.0,-0.0,0.0,-0.0,-0.0
2021-10-25 09:00:00,1297.161922280594,1356.31,2160.0,2170.5620777194063,1000.0,-0.0,0.0,-0.0,-0.0
2021-10-25 10:00:00,2142.178393814581,1359.54,2160.0,1293.1276061854187,1000.0,-0.0,0.0,-0.0,-0.0
2021-10-25 11:00:00,2751.9970463257687,1400.15,2160.0,574.4999536742307,1000.0,-0.0,0.0,-0.0,-0.0
2021-10-25 12:00:00,2973.276699449811,1464.28,2160.0,221.60630055018873,1000.0,-0.0,0.0,-0.0,-0.0
2021-10-25 13:00:00,2751.9970463257687,1535.7299999999998,2160.0,337.8539536742319,1000.0,-0.0,0.0,-0.0,-0.0
2021-10-25 14:00:00,2142.178393814581,1598.2099999999998,2160.0,912.374606185419,1000.0,-0.0,0.0,-0.0,-0.0
2021-10-25 15:00:00,1297.161922280594,1637.68,2160.0,1825.8970777194054,1000.0,-0.0,0.0,-0.0,-0.0
2021-10-25 16:00:00,451.2604806605584,1644.28,2160.0,2855.198519339441,1000.0,-0.0,0.0,-0.0,-0.0
2021-10-25 17:00:00,-0.0,1613.79,2160.0,3571.898,1000.0,-0.0,0.0,-0.0,-0.0
2021-10-25 18:00:00,-0.0,1548.2199999999998,2160.0,3838.979000000001,1000.0,-0.0,0.0,-0.0,-0.0
2021-10-25 19:00:00,-0.0,1455.62,2160.0,4014.1420000000007,1000.0,-0.0,0.0,-0.0,-0.0
2021-10-25 20:00:00,-0.0,1349.03,2160.0,4046.4700000000003,1000.0,-0.0,0.0,-0.0,-0.0
2021-10-25 21:00:00,-0.0,1244.7,2160.0,3956.495,1000.0,-0.0,0.0,-0.0,-0.0
2021-10-25 22:00:00,-0.0,1159.97,2160.0,3810.3759999999993,1000.0,-0.0,0.0,-0.0,-0.0
2021-10-25 23:00:00,-0.0,1110.8500000000001,2160.0,3666.6759999999995,1000.0,-0.0,0.0,-0.0,-0.0
2021-10-26 00:00:00,-0.0,1123.64,2160.0,3052.4139999999998,1000.0,-0.0,0.0,-0.0,-0.0
2021-10-26 01:00:00,-0.0,1178.2,2160.0,2853.254,1000.0,-0.0,0.0,-0.0,-0.0
2021-10-26 02:00:00,-0.0,1289.37,2160.0,2644.5,1000.0,-0.0,0.0,-0.0,-0.0
2021-10-26 03:00:00,-0.0,1451.76,2160.0,2482.362,1000.0,-0.0,0.0,-0.0,-0.0
2021-10-26 04:00:00,-0.0,1654.2,2160.0,2400.447,1000.0,-0.0,0.0,-0.0,-0.0
2021-10-26 05:00:00,-0.0,1881.11,2160.0,2391.7970000000005,1000.0,-0.0,0.0,-0.0,-0.0
2021-10-26 06:00:00,-0.0,2114.53,2160.0,2414.5049999999997,1000.0,-0.0,0.0,-0.0,-0.0
2021-10-26 07:00:00,-0.0,2336.45,2160.0,2416.687,1000.0,-0.0,0.0,-0.0,-0.0
2021-10-26 08:00:00,465.3952476293277,2531.08,2160.0,1898.5887523706729,1000.0,-0.0,0.0,-0.0,-0.0
2021-10-26 09:00:00,1374.469938468801,2686.9100000000003,2160.0,879.287061531199,1000.0,-0.0,0.0,-0.0,-0.0
2021-10-26 10:00:00,2287.8395190965084,2798.1,2160.0,-0.0,823.423480903492,-0.0,0.0,-0.0,-0.0
2021-10-26 11:00:00,2948.615120478469,2865.16,2160.0,-0.0,25.18687952153141,-0.0,0.0,-0.0,-0.0
2021-10-26 12:00:00,3188.627671857531,2894.73,1945.836328142469,-0.0,-0.0,-0.0,0.0,100.0,95.0
2021-10-26 13:00:00,2948.615120478469,2898.5499999999997,2146.082879521531,-0.0,-0.0,-0.0,0.0,100.0,189.9905
2021-10-26 14:00:00,2287.8395190965084,2891.7599999999998,2160.0,-0.0,578.3874809034919,-0.0,0.0,-0.0,189.97150095
2021-10-26 15:00:00,1374.469938468801,2890.67,2160.0,498.3040615311993,1000.0,-0.0,100.0,-0.0,84.68934590516817
2021-10-26 16:00:00,465.3952476293277,2910.51,2160.0,1594.497919248624,1000.0,-0.0,80.44683312204877,-0.0,-0.0
2021-10-26 17:00:00,-0.0,2963.19,2160.0,2319.9429999999998,1000.0,-0.0,0.0,-0.0,-0.0
2021-10-26 18:00:00,-0.0,3055.58,2160.0,2426.3289999999997,1000.0,-0.0,0.0,-0.0,-0.0
2021-10-26 19:00:00,-0.0,3188.5200000000004,2160.0,2373.1479999999992,1000.0,-0.0,0.0,-0.0,-0.0
2021-10-26 20:00:00,-0.0,3356.56,2160.0,2127.9780000000005,1000.0,-0.0,0.0,-0.0,-0.0
2021-10-26 21:00:00,-0.0,3548.6499999999996,2160.0,1738.6509999999998,1000.0,-0.0,0.0,-0.0,-0.0
2021-10-26 22:00:00,-0.0,3749.5299999999997,2160.0,1303.9299999999994,1000.0,-0.0,0.0,-0.0,-0.0
2021-10-26 23:00:00,-0.0,3941.76,2160.0,915.8310000000001,1000.0,-0.0,0.0,-0.0,-0.0
2021-10-27 00:00:00,-0.0,4121.7,2160.0,131.26800000000003,1000.0,-0.0,0.0,-0.0,-0.0
2021-10-27 01:00:00,-0.0,4247.03,2160.0,-0.0,858.1800000000003,-0.0,0.0,-0.0,-0.0
2021-10-27 02:00:00,-0.0,4320.96,2160.0,-0.0,683.4589999999998,-0.0,0.0,-0.0,-0.0
2021-10-27 03:00:00,-0.0,4338.82,2160.0,-0.0,662.5960000000005,-0.0,0.0,-0.0,-0.0
2021-10-27 04:00:00,-0.0,4302.4400000000005,2160.0,-0.0,816.2019999999993,-0.0,0.0,-0.0,-0.0
2021-10-27 05:00:00,-0.0,4219.85,2160.0,113.71299999999974,1000.0,-0.0,0.0,-0.0,-0.0
2021-10-27 06:00:00,-0.0,4104.33,2160.0,481.98099999999977,1000.0,-0.0,0.0,-0.0,-0.0
2021-10-27 07:00:00,-0.0,3972.58,2160.0,834.4170000000004,1000.0,-0.0,0.0,-0.0,-0.0
2021-10-27 08:00:00,488.1074169705637,3842.61,2160.0,614.7585830294358,1000.0,-0.0,0.0,-0.0,-0.0
2021-10-27 09:00:00,1482.5167407926813,3731.29,2160.0,-0.0,773.7932592073191,-0.0,0.0,-0.0,-0.0
2021-10-27 10:00:00,2487.5271398413756,3652.25,1994.1339349003888,-0.0,-0.0,-0.0,0.0,21.121074741764055,20.065021004675852
2021-10-27 11:00:00,3216.395929033042,3614.04,1308.4230709669582,-0.0,-0.0,-0.0,0.0,100.0,115.06301450257538
2021-10-27 12:00:00,3481.416621095465,3619.1600000000003,964.9633789045342,-0.0,-0.0,-0.0,0.0,100.0,210.05150820112513
2021-10-27 13:00:00,3216.395929033042,3663.77,1145.8580709669586,-0.0,-0.0,-0.0,0.0,100.0,305.030503050305
2021-10-27 14:00:00,2487.5271398413756,3738.34,1821.310860158624,-0.0,-0.0,-0.0,0.0,100.0,400.0
2021-10-27 15:00:00,1482.5167407926813,3829.07,2160.0,-0.0,577.4512592073181,-0.0,0.0,-0.0,399.96
2021-10-27 16:00:00,488.1074169705637,3919.84,2160.0,564.8895830294357,1000.0,-0.0,100.0,-0.0,294.6568461052632
2021-10-27 17:00:00,-0.0,3994.51,2160.0,1206.9979999999996,1000.0,-0.0,100.0,-0.0,189.36422252591586
2021-10-27 18:00:00,-0.0,4039.2299999999996,2160.0,1357.438,1000.0,-0.0,100.0,-0.0,84.08212820892645
2021-10-27 19:00:00,-0.0,4044.4,2160.0,1448.5419660036996,1000.0,-0.0,79.87003399630028,-0.0,-0.0
2021-10-27 20:00:00,-0.0,4006.1000000000004,2160.0,1485.9689999999991,1000.0,-0.0,0.0,-0.0,-0.0
2021-10-27 21:00:00,-0.0,3926.69,2160.0,1364.5360000000005,1000.0,-0.0,0.0,-0.0,-0.0
2021-10-27 22:00:00,-0.0,3814.6000000000004,2160.0,1239.188,1000.0,-0.0,0.0,-0.0,-0.0
2021-10-27 23:00:00,-0.0,3683.2799999999997,2160.0,1171.054,1000.0,-0.0,0.0,-0.0,-0.0
2021-10-28 00:00:00,-0.0,3563.1000000000004,2160.0,682.991,1000.0,-0.0,0.0,-0.0,-0.0
2021-10-28 01:00:00,-0.0,3444.51,2160.0,650.2719999999999,1000.0,-0.0,0.0,-0.0,-0.0
2021-10-28 02:00:00,-0.0,3357.69,2160.0,632.7710000000002,1000.0,-0.0,0.0,-0.0,-0.0
2021-10-28 03:00:00,-0.0,3315.67,2160.0,668.2820000000002,1000.0,-0.0,0.0,-0.0,-0.0
2021-10-28 04:00:00,-0.0,3326.29,2160.0,771.4099999999999,1000.0,-0.0,0.0,-0.0,-0.0
2021-10-28 05:00:00,-0.0,3391.1200000000003,2160.0,918.0509999999999,1000.0,-0.0,0.0,-0.0,-0.0
2021-10-28 06:00:00,-0.0,3505.27,2160.0,1053.234,1000.0,-0.0,0.0,-0.0,-0.0
2021-10-28 07:00:00,-0.0,3658.02,2160.0,1117.7909999999997,1000.0,-0.0,0.0,-0.0,-0.0
2021-10-28 08:00:00,461.7377838471286,3834.23,2160.0,614.981216152871,1000.0,-0.0,0.0,-0.0,-0.0
2021-10-28 09:00:00,1443.8008466785743,4016.36,2160.0,-0.0,489.6131533214259,-0.0,0.0,-0.0,-0.0
2021-10-28 10:00:00,2442.294647820914,4186.78,1442.634352179086,-0.0,-0.0,-0.0,0.0,-0.0,-0.0
2021-10-28 11:00:00,3168.242416868421,4330.04,517.4096578733433,-0.0,-0.0,-0.0,0.0,21.121074741764055,20.065021004675852
2021-10-28 12:00:00,3432.4709678748013,4434.94,150.68403212519934,-0.0,-0.0,-0.0,0.0,100.0,115.06301450257538
2021-10-28 13:00:00,3168.242416868421,4495.9,311.33158313157946,-0.0,-0.0,-0.0,0.0,100.0,210.05150820112513
2021-10-28 14:00:00,2442.294647820914,4513.64,1037.643352179086,-0.0,-0.0,-0.0,0.0,100.0,305.030503050305
2021-10-28 15:00:00,1443.8008466785743,4494.9800000000005,2153.6651533214254,-0.0,-0.0,-0.0,0.0,100.0,400.0
2021-10-28 16:00:00,461.7377838471286,4451.76,2160.0,-0.0,1000.0,-0.0,99.8162161528715,-0.0,294.890298786451
2021-10-28 17:00:00,-0.0,4399.2,2160.0,739.9160000000002,1000.0,-0.0,100.0,-0.0,189.59765186183557
2021-10-28 18:00:00,-0.0,4353.62,2160.0,977.8530000000001,1000.0,-0.0,100.0,-0.0,84.31553420191257
2021-10-28 19:00:00,-0.0,4330.22,2160.0,1094.5692524839315,1000.0,-0.0,80.09174751606776,-0.0,-0.0
2021-10-28 20:00:00,-0.0,4340.820000000001,2160.0,1080.6519999999991,1000.0,-0.0,0.0,-0.0,-0.0
2021-10-28 21:00:00,-0.0,4392.18,2160.0,825.8549999999996,1000.0,-0.0,0.0,-0.0,-0.0
2021-10-28 22:00:00,-0.0,4484.95,2160.0,493.1280000000006,1000.0,-0.0,0.0,-0.0,-0.0
2021-10-28 23:00:00,-0.0,4613.48,2160.0,162.70100000000002,1000.0,-0.0,0.0,-0.0,-0.0
2021-10-29 00:00:00,-0.0,4780.110000000001,2160.0,-0.0,385.40999999999985,-0.0,0.0,-0.0,-0.0
2021-10-29 01:00:00,-0.0,4942.01,2160.0,-0.0,69.91699999999946,-0.0,0.0,-0.0,-0.0
2021-10-29 02:00:00,-0.0,5095.070000000001,2002.8512182656486,-0.0,-0.0,-0.0,0.0,32.51621826564908,30.890407352366626
2021-10-29 03:00:00,-0.0,5221.639999999999,1935.139000000001,-0.0,-0.0,-0.0,0.0,100.0,125.88731831163139
2021-10-29 04:00:00,-0.0,5306.450000000001,1962.0459999999994,-0.0,-0.0,-0.0,0.0,100.0,220.87472957980023
2021-10-29 05:00:00,-0.0,5338.650000000001,2139.374999999999,-0.0,-0.0,-0.0,0.0,100.0,315.85264210684227
2021-10-29 06:00:00,-0.0,5313.23,2160.0,-0.0,52.27400000000034,-0.0,100.0,-0.0,210.55789894789478
2021-10-29 07:00:00,-0.0,5231.63,2160.0,-0.0,349.41899999999987,-0.0,100.0,-0.0,105.27368526326316
2021-10-29 08:00:00,377.8203407225617,5101.57,2160.0,-0.0,235.12665927743842,-0.0,100.0,-0.0,-0.0
2021-10-29 09:00:00,1217.5579347502617,4935.97,1858.239065249738,-0.0,-0.0,-0.0,0.0,-0.0,-0.0
2021-10-29 10:00:00,2076.573024009011,4751.2300000000005,1165.5400507327527,-0.0,-0.0,-0.0,0.0,21.121074741764055,20.065021004675852
2021-10-29 11:00:00,2702.686265587085,4565.06,725.9537344129144,-0.0,-0.0,-0.0,0.0,100.0,115.06301450257538
2021-10-29 12:00:00,2930.8167011255,4394.08,591.0402988745,-0.0,-0.0,-0.0,0.0,100.0,210.05150820112513
2021-10-29 13:00:00,2702.686265587085,4251.6900000000005,917.7527344129144,-0.0,-0.0,-0.0,0.0,100.0,305.030503050305
2021-10-29 14:00:00,2076.573024009011,4146.27,1666.3039759909884,-0.0,-0.0,-0.0,0.0,100.0,400.0
2021-10-29 15:00:00,1217.5579347502617,4080.17,2160.0,-0.0,429.3000652497385,-0.0,0.0,-0.0,399.96
2021-10-29 16:00:00,377.8203407225617,4049.47,2160.0,379.7206592774389,1000.0,-0.0,100.0,-0.0,294.6568461052632
2021-10-29 17:00:00,-0.0,4044.61,2160.0,987.4200000000005,1000.0,-0.0,100.0,-0.0,189.36422252591586
2021-10-29 18:00:00,-0.0,4051.79,2160.0,1171.9170000000004,1000.0,-0.0,100.0,-0.0,84.08212820892645
2021-10-29 19:00:00,-0.0,4054.95,2160.0,1261.7189660037006,1000.0,-0.0,79.87003399630028,-0.0,-0.0
2021-10-29 20:00:00,-0.0,4038.0899999999997,2160.0,1274.569,1000.0,-0.0,0.0,-0.0,-0.0
2021-10-29 21:00:00,-0.0,3987.53,2160.0,1121.3239999999992,1000.0,-0.0,0.0,-0.0,-0.0
2021-10-29 22:00:00,-0.0,3893.9,2160.0,974.7339999999999,1000.0,-0.0,0.0,-0.0,-0.0
2021-10-29 23:00:00,-0.0,3753.57,2160.0,913.0089999999996,1000.0,-0.0,0.0,-0.0,-0.0
2021-10-30 00:00:00,-0.0,3582.8500000000004,2160.0,36.80899999999929,1000.0,-0.0,0.0,-0.0,-0.0
2021-10-30 01:00:00,-0.0,3363.32,2160.0,102.79899999999952,1000.0,-0.0,0.0,-0.0,-0.0
2021-10-30 02:00:00,-0.0,3122.47,2160.0,237.2840000000001,1000.0,-0.0,0.0,-0.0,-0.0
2021-10-30 03:00:00,-0.0,2877.47,2160.0,473.922,1000.0,-0.0,0.0,-0.0,-0.0
2021-10-30 04:00:00,-0.0,2646.6299999999997,2160.0,816.846,1000.0,-0.0,0.0,-0.0,-0.0
2021-10-30 05:00:00,-0.0,2446.97,2160.0,1226.5059999999999,1000.0,-0.0,0.0,-0.0,-0.0
2021-10-30 06:00:00,-0.0,2292.11,2160.0,1629.422,1000.0,-0.0,0.0,-0.0,-0.0
2021-10-30 07:00:00,-0.0,2190.46,2160.0,1947.2960000000003,1000.0,-0.0,0.0,-0.0,-0.0
2021-10-30 08:00:00,295.47480250608027,2144.19,2160.0,1832.3421974939192,1000.0,-0.0,0.0,-0.0,-0.0
2021-10-30 09:00:00,982.4591333594673,2149.0,2160.0,1178.6828666405327,1000.0,-0.0,0.0,-0.0,-0.0
2021-10-30 10:00:00,1689.5935523259507,2194.78,2160.0,387.20944767404876,1000.0,-0.0,0.0,-0.0,-0.0
2021-10-30 11:00:00,2206.304687742071,2267.0,2160.0,-0.0,720.8443122579292,-0.0,0.0,-0.0,-0.0
2021-10-30 12:00:00,2394.772373060328,2348.69,2160.0,-0.0,374.11062693967233,-0.0,0.0,-0.0,-0.0
2021-10-30 13:00:00,2206.304687742071,2422.79,2160.0,-0.0,445.9563122579293,-0.0,0.0,-0.0,-0.0
2021-10-30 14:00:00,1689.5935523259507,2474.41,2160.0,-0.0,929.4484476740497,-0.0,0.0,-0.0,-0.0
2021-10-30 15:00:00,982.4591333594673,2492.85,2160.0,717.5048666405332,1000.0,-0.0,0.0,-0.0,-0.0
2021-10-30 16:00:00,295.47480250608027,2473.0099999999998,2160.0,1605.8881974939195,1000.0,-0.0,0.0,-0.0,-0.0
2021-10-30 17:00:00,-0.0,2416.0499999999997,2160.0,2185.012,1000.0,-0.0,0.0,-0.0,-0.0
2021-10-30 18:00:00,-0.0,2329.17,2160.0,2465.331,1000.0,-0.0,0.0,-0.0,-0.0
2021-10-30 19:00:00,-0.0,2224.5699999999997,2160.0,2644.616,1000.0,-0.0,0.0,-0.0,-0.0
2021-10-30 20:00:00,-0.0,2117.73,2160.0,2669.5179999999996,1000.0,-0.0,0.0,-0.0,-0.0
2021-10-30 21:00:00,-0.0,2025.23,2160.0,2560.2450000000003,1000.0,-0.0,0.0,-0.0,-0.0
2021-10-30 22:00:00,-0.0,1962.42,2160.0,2384.951,1000.0,-0.0,0.0,-0.0,-0.0
2021-10-30 23:00:00,-0.0,1941.25,2160.0,2206.268,1000.0,-0.0,0.0,-0.0,-0.0
2021-10-31 00:00:00,-0.0,1982.09,2160.0,1556.8769999999995,1000.0,-0.0,0.0,-0.0,-0.0
2021-10-31 01:00:00,-0.0,2058.44,2160.0,1329.351,1000.0,-0.0,0.0,-0.0,-0.0
2021-10-31 02:00:00,-0.0,2178.15,2160.0,1105.7189999999996,1000.0,-0.0,0.0,-0.0,-0.0
2021-10-31 03:00:00,-0.0,2329.7799999999997,2160.0,948.2460000000001,1000.0,-0.0,0.0,-0.0,-0.0
2021-10-31 04:00:00,-0.0,2497.63,2160.0,895.0739999999996,1000.0,-0.0,0.0,-0.0,-0.0
2021-10-31 05:00:00,-0.0,2663.69,2160.0,941.6799999999998,1000.0,-0.0,0.0,-0.0,-0.0
2021-10-31 06:00:00,-0.0,2810.0199999999995,2160.0,1046.1420000000007,1000.0,-0.0,0.0,-0.0,-0.0
2021-10-31 07:00:00,-0.0,2921.0000000000005,2160.0,1154.1889999999999,1000.0,-0.0,0.0,-0.0,-0.0
2021-10-31 08:00:00,263.368335328333,2985.43,2160.0,963.5106646716674,1000.0,-0.0,0.0,-0.0,-0.0
2021-10-31 09:00:00,904.6127087972307,2997.8500000000004,2160.0,350.912291202769,1000.0,-0.0,0.0,-0.0,-0.0
2021-10-31 10:00:00,1568.8477386973796,2959.27,2160.0,-0.0,689.6902613026205,-0.0,0.0,-0.0,-0.0
2021-10-31 11:00:00,2055.4513253818614,2876.93,2160.0,-0.0,211.0416746181386,-0.0,0.0,-0.0,-0.0
2021-10-31 12:00:00,2233.1260888115307,2763.26,2160.0,-0.0,73.56691118846948,-0.0,0.0,-0.0,-0.0
2021-10-31 13:00:00,2055.4513253818614,2634.15,2160.0,-0.0,340.9866746181383,-0.0,0.0,-0.0,-0.0
2021-10-31 14:00:00,1568.8477386973796,2506.77,2160.0,-0.0,976.5792613026206,-0.0,0.0,-0.0,-0.0
2021-10-31 15:00:00,904.6127087972307,2397.2599999999998,2160.0,852.9402912027697,1000.0,-0.0,0.0,-0.0,-0.0
2021-10-31 16:00:00,263.368335328333,2318.48,2160.0,1757.821664671667,1000.0,-0.0,0.0,-0.0,-0.0
2021-10-31 17:00:00,-0.0,2278.32,2160.0,2291.3799999999997,1000.0,-0.0,0.0,-0.0,-0.0
2021-10-31 18:00:00,-0.0,2278.6400000000003,2160.0,2487.879,1000.0,-0.0,0.0,-0.0,-0.0
2021-10-31 19:00:00,-0.0,2315.06,2160.0,2529.56,1000.0,-0.0,0.0,-0.0,-0.0
2021-10-31 20:00:00,-0.0,2377.59,2160.0,2388.54,1000.0,-0.0,0.0,-0.0,-0.0
2021-10-31 21:00:00,-0.0,2452.01,2160.0,2115.825,1000.0,-0.0,0.0,-0.0,-0.0
2021-10-31 22:00:00,-0.0,2521.92,2160.0,1811.3180000000002,1000.0,-0.0,0.0,-0.0,-0.0
2021-10-31 23:00:00,-0.0,2570.9900000000002,2160.0,1565.9239999999995,1000.0,-0.0,0.0,-0.0,-0.0
2021-11-01 00:00:00,-0.0,2598.7900000000004,2160.0,1369.2059999999997,1000.0,-0.0,0.0,-0.0,-0.0
2021-11-01 01:00:00,-0.0,2568.67,2160.0,1251.7200000000003,1000.0,-0.0,0.0,-0.0,-0.0
2021-11-01 02:00:00,-0.0,2490.34,2160.0,1229.7129999999997,1000.0,-0.0,0.0,-0.0,-0.0
2021-11-01 03:00:00,-0.0,2366.36,2160.0,1351.4469999999997,1000.0,-0.0,0.0,-0.0,-0.0
2021-11-01 04:00:00,-0.0,2205.47,2160.0,1630.6210000000005,1000.0,-0.0,0.0,-0.0,-0.0
2021-11-01 05:00:00,-0.0,2021.52,2160.0,2030.85,1000.0,-0.0,0.0,-0.0,-0.0
2021-11-01 06:00:00,-0.0,1831.71,2160.0,2475.067,1000.0,-0.0,0.0,-0.0,-0.0
2021-11-01 07:00:00,-0.0,1654.4,2160.0,2875.02,1000.0,-0.0,0.0,-0.0,-0.0
2021-11-01 08:00:00,263.8572348863596,1506.75,2160.0,2899.5447651136406,1000.0,-0.0,0.0,-0.0,-0.0
2021-11-01 09:00:00,937.3875449910142,1402.52,2160.0,2374.917455008986,1000.0,-0.0,0.0,-0.0,-0.0
2021-11-01 10:00:00,1639.5587051532277,1350.33,2160.0,1692.9662948467721,1000.0,-0.0,0.0,-0.0,-0.0
2021-11-01 11:00:00,2155.2796642492945,1352.6,2160.0,1104.1753357507055,1000.0,-0.0,0.0,-0.0,-0.0
2021-11-01 12:00:00,2343.7721039755525,1405.29,2160.0,793.091896024448,1000.0,-0.0,0.0,-0.0,-0.0
2021-11-01 13:00:00,2155.2796642492945,1498.59,2160.0,852.4713357507057,1000.0,-0.0,0.0,-0.0,-0.0
2021-11-01 14:00:00,1639.5587051532277,1618.29,2160.0,1273.631294846772,1000.0,-0.0,0.0,-0.0,-0.0
2021-11-01 15:00:00,937.3875449910142,1747.7500000000002,2160.0,1952.4644550089856,1000.0,-0.0,0.0,-0.0,-0.0
2021-11-01 16:00:00,263.8572348863596,1870.25,2160.0,2691.8307651136406,1000.0,-0.0,0.0,-0.0,-0.0
2021-11-01 17:00:00,-0.0,1971.26,2160.0,3088.1569999999992,1000.0,-0.0,0.0,-0.0,-0.0
2021-11-01 18:00:00,-0.0,2040.41,2160.0,3219.241,1000.0,-0.0,0.0,-0.0,-0.0
2021-11-01 19:00:00,-0.0,2072.9500000000003,2160.0,3268.1809999999987,1000.0,-0.0,0.0,-0.0,-0.0
2021-11-01 20:00:00,-0.0,2070.36,2160.0,3195.6219999999994,1000.0,-0.0,0.0,-0.0,-0.0
2021-11-01 21:00:00,-0.0,2040.15,2160.0,3030.8360000000007,1000.0,-0.0,0.0,-0.0,-0.0
2021-11-01 22:00:00,-0.0,1994.78,2160.0,2844.8630000000003,1000.0,-0.0,0.0,-0.0,-0.0
2021-11-01 23:00:00,-0.0,1949.99,2160.0,2696.5370000000003,1000.0,-0.0,0.0,-0.0,-0.0
2021-11-02 00:00:00,-0.0,1936.06,2160.0,2108.4869999999996,1000.0,-0.0,0.0,-0.0,-0.0
2021-11-02 01:00:00,-0.0,1941.54,2160.0,1958.5060000000003,1000.0,-0.0,0.0,-0.0,-0.0
2021-11-02 02:00:00,-0.0,1991.97,2160.0,1810.7879999999996,1000.0,-0.0,0.0,-0.0,-0.0
2021-11-02 03:00:00,-0.0,2094.25,2160.0,1709.254,1000.0,-0.0,0.0,-0.0,-0.0
2021-11-02 04:00:00,-0.0,2249.0499999999997,2160.0,1675.6690000000003,1000.0,-0.0,0.0,-0.0,-0.0
2021-11-02 05:00:00,-0.0,2450.63,2160.0,1693.237,1000.0,-0.0,0.0,-0.0,-0.0
2021-11-02 06:00:00,-0.0,2687.4900000000002,2160.0,1713.5880000000002,1000.0,-0.0,0.0,-0.0,-0.0
2021-11-02 07:00:00,-0.0,2943.76,2160.0,1682.6970000000001,1000.0,-0.0,0.0,-0.0,-0.0
2021-11-02 08:00:00,255.01991122987866,3201.29,2160.0,1313.5450887701209,1000.0,-0.0,0.0,-0.0,-0.0
2021-11-02 09:00:00,938.2848922810631,3441.86,2160.0,436.9761077189369,1000.0,-0.0,0.0,-0.0,-0.0
2021-11-02 10:00:00,1655.2777542340832,3649.62,2160.0,-0.0,482.772245765917,-0.0,0.0,-0.0,-0.0
2021-11-02 11:00:00,2183.2397680868157,3812.9800000000005,1983.094231913184,-0.0,-0.0,-0.0,0.0,100.0,95.0
2021-11-02 12:00:00,2376.4169795273287,3926.1400000000003,1609.220020472671,-0.0,-0.0,-0.0,0.0,100.0,189.9905
2021-11-02 13:00:00,2183.2397680868157,3989.66,1705.3472319131847,-0.0,-0.0,-0.0,0.0,100.0,284.97150095
2021-11-02 14:00:00,1655.2777542340832,4010.32,2160.0,-0.0,-0.0,-0.0,0.0,20.010754234082924,303.95322032228376
2021-11-02 15:00:00,938.2848922810631,4000.05,2160.0,-0.0,815.4911077189367,-0.0,0.0,-0.0,303.9228250002515
2021-11-02 16:00:00,255.01991122987866,3974.22,2160.0,614.9530887701217,1000.0,-0.0,100.0,-0.0,198.62927482301467
2021-11-02 17:00:00,-0.0,3949.45,2160.0,1130.1639999999998,1000.0,-0.0,100.0,-0.0,93.34625400079553
2021-11-02 18:00:00,-0.0,3941.2999999999997,2160.0,1351.7319265933738,1000.0,-0.0,88.67007340662569,-0.0,-0.0
2021-11-02 19:00:00,-0.0,3962.06,2160.0,1502.8839999999996,1000.0,-0.0,0.0,-0.0,-0.0
2021-11-02 20:00:00,-0.0,4019.04,2160.0,1372.4250000000002,1000.0,-0.0,0.0,-0.0,-0.0
2021-11-02 21:00:00,-0.0,4113.5,2160.0,1084.545,1000.0,-0.0,0.0,-0.0,-0.0
2021-11-02 22:00:00,-0.0,4240.49,2160.0,727.692,1000.0,-0.0,0.0,-0.0,-0.0
2021-11-02 23:00:00,-0.0,4389.45,2160.0,387.0,1000.0,-0.0,0.0,-0.0,-0.0
2021-11-03 00:00:00,-0.0,4559.07,2160.0,-0.0,616.6100000000006,-0.0,0.0,-0.0,-0.0
2021-11-03 01:00:00,-0.0,4705.5599999999995,2160.0,-0.0,326.8060000000005,-0.0,0.0,-0.0,-0.0
2021-11-03 02:00:00,-0.0,4825.5199999999995,2160.0,-0.0,110.64500000000044,-0.0,0.0,-0.0,-0.0
2021-11-03 03:00:00,-0.0,4904.56,2160.0,-0.0,33.33799999999974,-0.0,0.0,-0.0,-0.0
2021-11-03 04:00:00,-0.0,4932.6900000000005,2160.0,-0.0,127.30799999999908,-0.0,0.0,-0.0,-0.0
2021-11-03 05:00:00,-0.0,4905.73,2160.0,-0.0,374.1990000000005,-0.0,0.0,-0.0,-0.0
2021-11-03 06:00:00,-0.0,4825.93,2160.0,-0.0,711.8890000000001,-0.0,0.0,-0.0,-0.0
2021-11-03 07:00:00,-0.0,4701.8,2160.0,61.97400000000016,1000.0,-0.0,0.0,-0.0,-0.0
2021-11-03 08:00:00,236.78828973688644,4546.96,2160.0,123.89571026311387,1000.0,-0.0,0.0,-0.0,-0.0
2021-11-03 09:00:00,903.4740060291688,4378.5,2160.0,-0.0,673.3039939708315,-0.0,0.0,-0.0,-0.0
2021-11-03 10:00:00,1607.7492908714967,4214.71,2160.0,-0.0,103.63070912850344,-0.0,0.0,-0.0,-0.0
2021-11-03 11:00:00,2127.6846879297923,4072.7200000000003,1917.486312070207,-0.0,-0.0,-0.0,0.0,100.0,95.0
2021-11-03 12:00:00,2318.1265372861567,3966.3599999999997,1765.9204627138438,-0.0,-0.0,-0.0,0.0,100.0,189.9905
2021-11-03 13:00:00,2127.6846879297923,3904.35,1984.790312070208,-0.0,-0.0,-0.0,0.0,100.0,284.97150095
2021-11-03 14:00:00,1607.7492908714967,3889.2700000000004,2160.0,-0.0,286.9877091285025,-0.0,0.0,-0.0,284.943003799905
2021-11-03 15:00:00,903.4740060291687,3917.31,2160.0,-0.0,1000.0,-0.0,71.19899397083157,-0.0,209.96820005654445
2021-11-03 16:00:00,236.78828973688644,3978.94,2160.0,766.2537102631136,1000.0,-0.0,100.0,-0.0,104.68404534180196
2021-11-03 17:00:00,-0.0,4060.28,2160.0,1157.2121019095962,1000.0,-0.0,99.4398980904044,-0.0,-0.0
2021-11-03 18:00:00,-0.0,4145.0599999999995,2160.0,1373.3829999999998,1000.0,-0.0,0.0,-0.0,-0.0
2021-11-03 19:00:00,-0.0,4216.9800000000005,2160.0,1384.025999999999,1000.0,-0.0,0.0,-0.0,-0.0
2021-11-03 20:00:00,-0.0,4261.95,2160.0,1264.7940000000008,1000.0,-0.0,0.0,-0.0,-0.0
2021-11-03 21:00:00,-0.0,4270.1,2160.0,1062.339,1000.0,-0.0,0.0,-0.0,-0.0
2021-11-03 22:00:00,-0.0,4237.179999999999,2160.0,864.4100000000008,1000.0,-0.0,0.0,-0.0,-0.0
2021-11-03 23:00:00,-0.0,4165.2,2160.0,743.5700000000006,1000.0,-0.0,0.0,-0.0,-0.0
2021-11-04 00:00:00,-0.0,4075.57,2160.0,231.163,1000.0,-0.0,0.0,-0.0,-0.0
2021-11-04 01:00:00,-0.0,3954.56,2160.0,207.57299999999987,1000.0,-0.0,0.0,-0.0,-0.0
2021-11-04 02:00:00,-0.0,3831.81,2160.0,232.73900000000003,1000.0,-0.0,0.0,-0.0,-0.0
2021-11-04 03:00:00,-0.0,3724.67,2160.0,340.1310000000003,1000.0,-0.0,0.0,-0.0,-0.0
2021-11-04 04:00:00,-0.0,3649.17,2160.0,536.156,1000.0,-0.0,0.0,-0.0,-0.0
2021-11-04 05:00:00,-0.0,3617.8900000000003,2160.0,785.6970000000001,1000.0,-0.0,0.0,-0.0,-0.0
2021-11-04 06:00:00,-0.0,3638.2,2160.0,1021.5150000000003,1000.0,-0.0,0.0,-0.0,-0.0
2021-11-04 07:00:00,-0.0,3711.2200000000003,2160.0,1172.5959999999995,1000.0,-0.0,0.0,-0.0,-0.0
2021-11-04 08:00:00,241.65253090915115,3831.64,2160.0,952.4504690908493,1000.0,-0.0,0.0,-0.0,-0.0
2021-11-04 09:00:00,957.5809533181133,3988.31,2160.0,125.45604668188662,1000.0,-0.0,0.0,-0.0,-0.0
2021-11-04 10:00:00,1718.995600429551,4165.72,2160.0,-0.0,155.3263995704483,-0.0,0.0,-0.0,-0.0
2021-11-04 11:00:00,2282.5730187942218,4346.0,1601.0679812057779,-0.0,-0.0,-0.0,0.0,100.0,95.0
2021-11-04 12:00:00,2489.2166281874674,4511.18,1159.477371812532,-0.0,-0.0,-0.0,0.0,100.0,189.9905
2021-11-04 13:00:00,2282.5730187942218,4645.58,1195.773981205778,-0.0,-0.0,-0.0,0.0,100.0,284.97150095
2021-11-04 14:00:00,1718.995600429551,4737.77,1691.901399570449,-0.0,-0.0,-0.0,0.0,100.0,379.943003799905
2021-11-04 15:00:00,957.5809533181133,4782.01,2160.0,-0.0,254.53204668188607,-0.0,0.0,-0.0,379.905009499525
2021-11-04 16:00:00,241.65253090915115,4778.92,2160.0,60.95646909084917,1000.0,-0.0,100.0,-0.0,274.60386110383826
2021-11-04 17:00:00,-0.0,4735.26,2160.0,578.5519999999997,1000.0,-0.0,100.0,-0.0,169.31324282299107
2021-11-04 18:00:00,-0.0,4662.89,2160.0,849.6979999999994,1000.0,-0.0,100.0,-0.0,64.03315360397194
2021-11-04 19:00:00,-0.0,4577.06,2160.0,1054.4615872258182,1000.0,-0.0,60.82541277418096,-0.0,-0.0
2021-11-04 20:00:00,-0.0,4494.24,2160.0,1120.9770000000008,1000.0,-0.0,0.0,-0.0,-0.0
2021-11-04 21:00:00,-0.0,4429.8,2160.0,988.1799999999994,1000.0,-0.0,0.0,-0.0,-0.0
2021-11-04 22:00:00,-0.0,4395.780000000001,2160.0,788.3589999999986,1000.0,-0.0,0.0,-0.0,-0.0
2021-11-04 23:00:00,-0.0,4399.2300000000005,2160.0,589.04,1000.0,-0.0,0.0,-0.0,-0.0
2021-11-05 00:00:00,-0.0,4454.46,2160.0,-0.0,928.5839999999998,-0.0,0.0,-0.0,-0.0
2021-11-05 01:00:00,-0.0,4529.53,2160.0,-0.0,705.7560000000003,-0.0,0.0,-0.0,-0.0
2021-11-05 02:00:00,-0.0,4626.89,2160.0,-0.0,507.60499999999956,-0.0,0.0,-0.0,-0.0
2021-11-05 03:00:00,-0.0,4731.45,2160.0,-0.0,400.0430000000006,-0.0,0.0,-0.0,-0.0
2021-11-05 04:00:00,-0.0,4825.95,2160.0,-0.0,422.76900000000023,-0.0,0.0,-0.0,-0.0
2021-11-05 05:00:00,-0.0,4893.219999999999,2160.0,-0.0,570.4190000000008,-0.0,0.0,-0.0,-0.0
2021-11-05 06:00:00,-0.0,4918.54,2160.0,-0.0,797.8469999999998,-0.0,0.0,-0.0,-0.0
2021-11-05 07:00:00,-0.0,4891.58,2160.0,45.49300000000039,1000.0,-0.0,0.0,-0.0,-0.0
2021-11-05 08:00:00,273.48669959888366,4807.88,2160.0,-0.0,994.1853004011159,-0.0,0.0,-0.0,-0.0
2021-11-05 09:00:00,1127.216722749345,4669.42,2160.0,-0.0,321.0402772506545,-0.0,0.0,-0.0,-0.0
2021-11-05 10:00:00,2041.446519055099,4484.45,1816.969480944901,-0.0,-0.0,-0.0,0.0,100.0,95.0
2021-11-05 11:00:00,2719.8905791480215,4266.41,1282.63442085198,-0.0,-0.0,-0.0,0.0,100.0,189.9905
2021-11-05 12:00:00,2968.9137350395736,4032.19,1194.512264960426,-0.0,-0.0,-0.0,0.0,100.0,284.97150095
2021-11-05 13:00:00,2719.8905791480215,3799.98,1636.2294208519793,-0.0,-0.0,-0.0,0.0,100.0,379.943003799905
2021-11-05 14:00:00,2041.446519055099,3586.84,2160.0,-0.0,288.9674809449007,-0.0,0.0,-0.0,379.905009499525
2021-11-05 15:00:00,1127.216722749345,3406.5499999999997,2160.0,385.34727725065477,1000.0,-0.0,100.0,-0.0,274.60386110383826
2021-11-05 16:00:00,273.48669959888366,3267.86,2160.0,1561.5663004011167,1000.0,-0.0,100.0,-0.0,169.31324282299107
2021-11-05 17:00:00,-0.0,3173.43,2160.0,2158.154000000001,1000.0,-0.0,100.0,-0.0,64.03315360397194
2021-11-05 18:00:00,-0.0,3119.5899999999997,2160.0,2446.32858722582,1000.0,-0.0,60.82541277418096,-0.0,-0.0
2021-11-05 19:00:00,-0.0,3096.97,2160.0,2605.918000000001,1000.0,-0.0,0.0,-0.0,-0.0
2021-11-05 20:00:00,-0.0,3091.93,2160.0,2530.2150000000006,1000.0,-0.0,0.0,-0.0,-0.0
2021-11-05 21:00:00,-0.0,3088.49,2160.0,2332.812,1000.0,-0.0,0.0,-0.0,-0.0
2021-11-05 22:00:00,-0.0,3070.6699999999996,2160.0,2113.194,1000.0,-0.0,0.0,-0.0,-0.0
2021-11-05 23:00:00,-0.0,3024.77,2160.0,1959.6399999999999,1000.0,-0.0,0.0,-0.0,-0.0
2021-11-06 00:00:00,-0.0,2954.6,2160.0,984.7779999999998,1000.0,-0.0,0.0,-0.0,-0.0
2021-11-06 01:00:00,-0.0,2829.82,2160.0,958.2490000000003,1000.0,-0.0,0.0,-0.0,-0.0
2021-11-06 02:00:00,-0.0,2666.19,2160.0,1017.5570000000002,1000.0,-0.0,0.0,-0.0,-0.0
2021-11-06 03:00:00,-0.0,2472.26,2160.0,1204.9789999999994,1000.0,-0.0,0.0,-0.0,-0.0
2021-11-06 04:00:00,-0.0,2261.61,2160.0,1529.3759999999997,1000.0,-0.0,0.0,-0.0,-0.0
2021-11-06 05:00:00,-0.0,2051.04,2160.0,1951.4170000000004,1000.0,-0.0,0.0,-0.0,-0.0
2021-11-06 06:00:00,-0.0,1858.44,2160.0,2393.35,1000.0,-0.0,0.0,-0.0,-0.0
2021-11-06 07:00:00,-0.0,1700.44,2160.0,2768.6569999999997,1000.0,-0.0,0.0,-0.0,-0.0
2021-11-06 08:00:00,293.2716601939604,1590.1599999999999,2160.0,2720.8033398060393,1000.0,-0.0,0.0,-0.0,-0.0
2021-11-06 09:00:00,1259.2257920185293,1535.52,2160.0,1848.31520798147,1000.0,-0.0,0.0,-0.0,-0.0
2021-11-06 10:00:00,2300.8789035112177,1538.18,2160.0,765.9360964887819,1000.0,-0.0,0.0,-0.0,-0.0
2021-11-06 11:00:00,3075.8899092173956,1593.3400000000001,2160.0,-0.0,858.6280907826044,-0.0,0.0,-0.0,-0.0
2021-11-06 12:00:00,3360.658430262893,1690.34,2160.0,-0.0,400.38256973710713,-0.0,0.0,-0.0,-0.0
2021-11-06 13:00:00,3075.8899092173956,1814.12,2160.0,-0.0,518.7500907826047,-0.0,0.0,-0.0,-0.0
2021-11-06 14:00:00,2300.8789035112177,1947.21,2160.0,178.77609648878206,1000.0,-0.0,0.0,-0.0,-0.0
2021-11-06 15:00:00,1259.2257920185293,2072.02,2160.0,1194.4862079814707,1000.0,-0.0,0.0,-0.0,-0.0
2021-11-06 16:00:00,293.2716601939604,2173.19,2160.0,2240.139339806039,1000.0,-0.0,0.0,-0.0,-0.0
2021-11-06 17:00:00,-0.0,2239.56,2160.0,2692.8430000000003,1000.0,-0.0,0.0,-0.0,-0.0
2021-11-06 18:00:00,-0.0,2265.59,2160.0,2859.169,1000.0,-0.0,0.0,-0.0,-0.0
2021-11-06 19:00:00,-0.0,2252.0699999999997,2160.0,2946.0969999999998,1000.0,-0.0,0.0,-0.0,-0.0
2021-11-06 20:00:00,-0.0,2205.83,2160.0,2908.928,1000.0,-0.0,0.0,-0.0,-0.0
2021-11-06 21:00:00,-0.0,2138.78,2160.0,2772.542,1000.0,-0.0,0.0,-0.0,-0.0
2021-11-06 22:00:00,-0.0,2066.15,2160.0,2605.2139999999995,1000.0,-0.0,0.0,-0.0,-0.0
2021-11-06 23:00:00,-0.0,2004.31,2160.0,2465.1569999999997,1000.0,-0.0,0.0,-0.0,-0.0
2021-11-07 00:00:00,-0.0,1981.67,2160.0,1876.4560000000001,1000.0,-0.0,0.0,-0.0,-0.0
2021-11-07 01:00:00,-0.0,1983.6799999999998,2160.0,1720.8539999999998,1000.0,-0.0,0.0,-0.0,-0.0
2021-11-07 02:00:00,-0.0,2030.32,2160.0,1567.6910000000007,1000.0,-0.0,0.0,-0.0,-0.0
2021-11-07 03:00:00,-0.0,2122.2599999999998,2160.0,1467.1260000000007,1000.0,-0.0,0.0,-0.0,-0.0
2021-11-07 04:00:00,-0.0,2253.85,2160.0,1447.252,1000.0,-0.0,0.0,-0.0,-0.0
2021-11-07 05:00:00,-0.0,2413.79,2160.0,1496.8410000000003,1000.0,-0.0,0.0,-0.0,-0.0
2021-11-07 06:00:00,-0.0,2586.56,2160.0,1571.551,1000.0,-0.0,0.0,-0.0,-0.0
2021-11-07 07:00:00,-0.0,2754.39,2160.0,1619.2649999999999,1000.0,-0.0,0.0,-0.0,-0.0
2021-11-07 08:00:00,271.4506495407728,2899.62,2160.0,1336.0533504592272,1000.0,-0.0,0.0,-0.0,-0.0
2021-11-07 09:00:00,1216.23976252419,3006.97,2160.0,321.16323747580986,1000.0,-0.0,0.0,-0.0,-0.0
2021-11-07 10:00:00,2242.2914083740293,3065.58,2160.0,-0.0,196.9565916259712,-0.0,0.0,-0.0,-0.0
2021-11-07 11:00:00,3007.697703775684,3070.3999999999996,1608.2082962243157,-0.0,-0.0,-0.0,0.0,100.0,95.0
2021-11-07 12:00:00,3289.229585975006,3022.86,1296.4544140249932,-0.0,-0.0,-0.0,0.0,100.0,189.9905
2021-11-07 13:00:00,3007.697703775684,2930.64,1626.3982962243153,-0.0,-0.0,-0.0,0.0,100.0,284.97150095
2021-11-07 14:00:00,2242.2914083740293,2806.6000000000004,2160.0,-0.0,272.86159162597005,-0.0,0.0,-0.0,284.943003799905
2021-11-07 15:00:00,1216.23976252419,2667.1299999999997,2160.0,436.26423747581043,1000.0,-0.0,100.0,-0.0,179.6513516047882
2021-11-07 16:00:00,271.4506495407728,2529.8399999999997,2160.0,1698.3263504592278,1000.0,-0.0,100.0,-0.0,74.3702285748909
2021-11-07 17:00:00,-0.0,2411.3399999999997,2160.0,2342.6523480255682,1000.0,-0.0,70.64465197443175,-0.0,-0.0
2021-11-07 18:00:00,-0.0,2324.92,2160.0,2691.3940000000002,1000.0,-0.0,0.0,-0.0,-0.0
2021-11-07 19:00:00,-0.0,2278.9100000000003,2160.0,2810.2360000000003,1000.0,-0.0,0.0,-0.0,-0.0
2021-11-07 20:00:00,-0.0,2275.57,2160.0,2729.695,1000.0,-0.0,0.0,-0.0,-0.0
2021-11-07 21:00:00,-0.0,2310.9,2160.0,2490.561,1000.0,-0.0,0.0,-0.0,-0.0
2021-11-07 22:00:00,-0.0,2375.2400000000002,2160.0,2186.0009999999997,1000.0,-0.0,0.0,-0.0,-0.0
2021-11-07 23:00:00,-0.0,2454.67,2160.0,1904.5159999999996,1000.0,-0.0,0.0,-0.0,-0.0
2021-11-08 00:00:00,-0.0,2546.19,2160.0,1637.654,1000.0,-0.0,0.0,-0.0,-0.0
2021-11-08 01:00:00,-0.0,2607.39,2160.0,1422.9140000000002,1000.0,-0.0,0.0,-0.0,-0.0
2021-11-08 02:00:00,-0.0,2637.6,2160.0,1286.3390000000004,1000.0,-0.0,0.0,-0.0,-0.0
2021-11-08 03:00:00,-0.0,2627.34,2160.0,1288.2359999999999,1000.0,-0.0,0.0,-0.0,-0.0
2021-11-08 04:00:00,-0.0,2572.82,2160.0,1454.8399999999997,1000.0,-0.0,0.0,-0.0,-0.0
2021-11-08 05:00:00,-0.0,2476.61,2160.0,1761.051,1000.0,-0.0,0.0,-0.0,-0.0
2021-11-08 06:00:00,-0.0,2347.36,2160.0,2138.3569999999995,1000.0,-0.0,0.0,-0.0,-0.0
2021-11-08 07:00:00,-0.0,2198.79,2160.0,2503.151,1000.0,-0.0,0.0,-0.0,-0.0
2021-11-08 08:00:00,225.8158983902893,2047.93,2160.0,2562.4461016097102,1000.0,-0.0,0.0,-0.0,-0.0
2021-11-08 09:00:00,1057.613516051557,1912.8899999999999,2160.0,1903.823483948443,1000.0,-0.0,0.0,-0.0,-0.0
2021-11-08 10:00:00,1967.467970743073,1810.56,2160.0,1057.7400292569273,1000.0,-0.0,0.0,-0.0,-0.0
2021-11-08 11:00:00,2647.9604580981068,1754.3600000000001,2160.0,356.01254190189275,1000.0,-0.0,0.0,-0.0,-0.0
2021-11-08 12:00:00,2898.5245758877427,1752.52,2160.0,30.713424112257144,1000.0,-0.0,0.0,-0.0,-0.0
2021-11-08 13:00:00,2647.9604580981068,1807.04,2160.0,184.23554190189316,1000.0,-0.0,0.0,-0.0,-0.0
2021-11-08 14:00:00,1967.467970743073,1913.4399999999998,2160.0,776.7290292569271,1000.0,-0.0,0.0,-0.0,-0.0
2021-11-08 15:00:00,1057.613516051557,2061.42,2160.0,1637.9644839484426,1000.0,-0.0,0.0,-0.0,-0.0
2021-11-08 16:00:00,225.8158983902893,2236.27,2160.0,2476.4711016097103,1000.0,-0.0,0.0,-0.0,-0.0
2021-11-08 17:00:00,-0.0,2420.83,2160.0,2744.4159999999993,1000.0,-0.0,0.0,-0.0,-0.0
2021-11-08 18:00:00,-0.0,2597.85,2160.0,2760.8349999999996,1000.0,-0.0,0.0,-0.0,-0.0
2021-11-08 19:00:00,-0.0,2752.26,2160.0,2681.110999999999,1000.0,-0.0,0.0,-0.0,-0.0
2021-11-08 20:00:00,-0.0,2873.1600000000003,2160.0,2478.2730000000006,1000.0,-0.0,0.0,-0.0,-0.0
2021-11-08 21:00:00,-0.0,2955.28,2160.0,2194.3789999999995,1000.0,-0.0,0.0,-0.0,-0.0
2021-11-08 22:00:00,-0.0,2999.58,2160.0,1911.9759999999997,1000.0,-0.0,0.0,-0.0,-0.0
2021-11-08 23:00:00,-0.0,3013.1000000000004,2160.0,1698.6019999999999,1000.0,-0.0,0.0,-0.0,-0.0
2021-11-09 00:00:00,-0.0,3020.91,2160.0,1081.4850000000006,1000.0,-0.0,0.0,-0.0,-0.0
2021-11-09 01:00:00,-0.0,3012.2,2160.0,939.0200000000004,1000.0,-0.0,0.0,-0.0,-0.0
2021-11-09 02:00:00,-0.0,3016.44,2160.0,830.8569999999995,1000.0,-0.0,0.0,-0.0,-0.0
2021-11-09 03:00:00,-0.0,3048.81,2160.0,792.6439999999998,1000.0,-0.0,0.0,-0.0,-0.0
2021-11-09 04:00:00,-0.0,3121.09,2160.0,835.0419999999995,1000.0,-0.0,0.0,-0.0,-0.0
2021-11-09 05:00:00,-0.0,3239.94,2160.0,928.8589999999999,1000.0,-0.0,0.0,-0.0,-0.0
2021-11-09 06:00:00,-0.0,3405.8500000000004,2160.0,1013.7399999999998,1000.0,-0.0,0.0,-0.0,-0.0
2021-11-09 07:00:00,-0.0,3612.94,2160.0,1025.6780000000003,1000.0,-0.0,0.0,-0.0,-0.0
2021-11-09 08:00:00,191.78477599043728,3849.66,2160.0,734.2922240095629,1000.0,-0.0,0.0,-0.0,-0.0
2021-11-09 09:00:00,940.6736926531931,4100.14,2160.0,-0.0,775.9903073468066,-0.0,0.0,-0.0,-0.0
2021-11-09 10:00:00,1765.8185631640988,4346.26,1829.158436835901,-0.0,-0.0,-0.0,0.0,-0.0,-0.0
2021-11-09 11:00:00,2384.5673683617724,4569.96,933.4457063799919,-0.0,-0.0,-0.0,0.0,21.121074741764055,20.065021004675852
2021-11-09 12:00:00,2612.6359178801845,4755.51,525.2350821198156,-0.0,-0.0,-0.0,0.0,100.0,115.06301450257538
2021-11-09 13:00:00,2384.5673683617724,4891.58,577.8696316382275,-0.0,-0.0,-0.0,0.0,100.0,210.05150820112513
2021-11-09 14:00:00,1765.8185631640988,4972.639999999999,1137.1664368359018,-0.0,-0.0,-0.0,0.0,100.0,305.030503050305
2021-11-09 15:00:00,940.6736926531931,4999.58,2037.987307346807,-0.0,-0.0,-0.0,0.0,100.0,400.0
2021-11-09 16:00:00,191.78477599043728,4979.57,2160.0,-0.0,731.7442240095631,-0.0,0.0,-0.0,399.96
2021-11-09 17:00:00,-0.0,4924.93,2160.0,108.19900000000052,1000.0,-0.0,100.0,-0.0,294.6568461052632
2021-11-09 18:00:00,-0.0,4851.5,2160.0,378.4470000000001,1000.0,-0.0,100.0,-0.0,189.36422252591586
2021-11-09 19:00:00,-0.0,4776.38,2160.0,531.6680000000006,1000.0,-0.0,100.0,-0.0,84.08212820892645
2021-11-09 20:00:00,-0.0,4715.63,2160.0,534.058966003699,1000.0,-0.0,79.87003399630028,-0.0,-0.0
2021-11-09 21:00:00,-0.0,4682.06,2160.0,449.2039999999988,1000.0,-0.0,0.0,-0.0,-0.0
2021-11-09 22:00:00,-0.0,4683.5,2160.0,213.16600000000017,1000.0,-0.0,0.0,-0.0,-0.0
2021-11-09 23:00:00,-0.0,4721.78,2160.0,-0.0,978.5630000000001,-0.0,0.0,-0.0,-0.0
2021-11-10 00:00:00,-0.0,4805.4400000000005,2160.0,-0.0,289.04299999999967,-0.0,0.0,-0.0,-0.0
2021-11-10 01:00:00,-0.0,4898.4800000000005,2160.0,-0.0,48.396999999999935,-0.0,0.0,-0.0,-0.0
2021-11-10 02:00:00,-0.0,4999.67,2106.8689999999997,-0.0,-0.0,-0.0,0.0,100.0,95.0
2021-11-10 03:00:00,-0.0,5092.55,2011.7429999999995,-0.0,-0.0,-0.0,0.0,100.0,189.9905
2021-11-10 04:00:00,-0.0,5160.76,2061.817,-0.0,-0.0,-0.0,0.0,100.0,284.97150095
2021-11-10 05:00:00,-0.0,5190.35,2160.0,-0.0,-0.0,-0.0,0.0,11.493000000000393,295.8613537999054
2021-11-10 06:00:00,-0.0,5171.7,2160.0,-0.0,161.5640000000003,-0.0,100.0,-0.0,190.56860976978857
2021-11-10 07:00:00,-0.0,5100.9800000000005,2160.0,-0.0,454.9269999999997,-0.0,100.0,-0.0,85.28639501407476
2021-11-10 08:00:00,175.08792779352862,4980.74,2160.0,-0.0,572.2804435383002,-0.0,68.53062866817154,-0.0,13.140362513340158
2021-11-10 09:00:00,901.0975828610394,4819.73,2160.0,-0.0,120.48441713896091,-0.0,0.0,-0.0,13.139048477088824
2021-11-10 10:00:00,1706.9649581408962,4631.79,1730.5860418591042,-0.0,-0.0,-0.0,0.0,100.0,108.13773457224111
2021-11-10 11:00:00,2312.829093973868,4434.13,1251.5829060261322,-0.0,-0.0,-0.0,0.0,100.0,203.12692079878389
2021-11-10 12:00:00,2536.3799640320344,4245.110000000001,1147.1510359679646,-0.0,-0.0,-0.0,0.0,100.0,298.106608106704
2021-11-10 13:00:00,2312.829093973868,4081.92,1498.0789060261322,-0.0,-0.0,-0.0,0.0,100.0,393.07679744589336
2021-11-10 14:00:00,1706.9649581408964,3958.33,2160.0,-0.0,-0.0,-0.0,0.0,7.32895814089602,400.0
2021-11-10 15:00:00,901.0975828610394,3882.9900000000002,2160.0,-0.0,980.0004171389601,-0.0,0.0,-0.0,399.96
2021-11-10 16:00:00,175.08792779352862,3858.32,2160.0,819.0170722064713,1000.0,-0.0,100.0,-0.0,294.6568461052632
2021-11-10 17:00:00,-0.0,3880.3300000000004,2160.0,1205.5729999999999,1000.0,-0.0,100.0,-0.0,189.36422252591586
2021-11-10 18:00:00,-0.0,3939.2500000000005,2160.0,1346.8870000000002,1000.0,-0.0,100.0,-0.0,84.08212820892645
2021-11-10 19:00:00,-0.0,4020.89,2160.0,1366.8569660037,1000.0,-0.0,79.87003399630028,-0.0,-0.0
2021-11-10 20:00:00,-0.0,4108.67,2160.0,1283.7980000000007,1000.0,-0.0,0.0,-0.0,-0.0
2021-11-10 21:00:00,-0.0,4185.92,2160.0,1011.5529999999999,1000.0,-0.0,0.0,-0.0,-0.0
2021-11-10 22:00:00,-0.0,4238.14,2160.0,727.9899999999998,1000.0,-0.0,0.0,-0.0,-0.0
2021-11-10 23:00:00,-0.0,4255.04,2160.0,517.9740000000002,1000.0,-0.0,0.0,-0.0,-0.0
2021-11-11 00:00:00,-0.0,4244.84,2160.0,-0.0,925.3620000000001,-0.0,0.0,-0.0,-0.0
2021-11-11 01:00:00,-0.0,4183.27,2160.0,-0.0,842.4309999999996,-0.0,0.0,-0.0,-0.0
2021-11-11 02:00:00,-0.0,4090.82,2160.0,-0.0,837.5929999999994,-0.0,0.0,-0.0,-0.0
2021-11-11 03:00:00,-0.0,3980.0400000000004,2160.0,-0.0,949.1189999999992,-0.0,0.0,-0.0,-0.0
2021-11-11 04:00:00,-0.0,3866.76,2160.0,183.61399999999958,1000.0,-0.0,0.0,-0.0,-0.0
2021-11-11 05:00:00,-0.0,3767.85,2160.0,501.672,1000.0,-0.0,0.0,-0.0,-0.0
2021-11-11 06:00:00,-0.0,3698.94,2160.0,827.7930000000001,1000.0,-0.0,0.0,-0.0,-0.0
2021-11-11 07:00:00,-0.0,3672.21,2160.0,1079.902,1000.0,-0.0,0.0,-0.0,-0.0
2021-11-11 08:00:00,155.36485321845524,3694.6400000000003,2160.0,1045.5051467815447,1000.0,-0.0,0.0,-0.0,-0.0
2021-11-11 09:00:00,840.6782615317512,3767.03,2160.0,335.06773846824854,1000.0,-0.0,0.0,-0.0,-0.0
2021-11-11 10:00:00,1607.0809218554605,3883.78,2160.0,-0.0,422.46507814453935,-0.0,0.0,-0.0,-0.0
2021-11-11 11:00:00,2184.7807299848996,4033.48,1886.7082700151004,-0.0,-0.0,-0.0,0.0,100.0,95.0
2021-11-11 12:00:00,2398.1575383545123,4200.45,1438.8244616454876,-0.0,-0.0,-0.0,0.0,100.0,189.9905
2021-11-11 13:00:00,2184.7807299848996,4366.63,1452.4922700151005,-0.0,-0.0,-0.0,0.0,100.0,284.97150095
2021-11-11 14:00:00,1607.0809218554605,4513.99,1910.17107814454,-0.0,-0.0,-0.0,0.0,100.0,379.943003799905
2021-11-11 15:00:00,840.6782615317512,4626.81,2160.0,-0.0,411.99273846824815,-0.0,0.0,-0.0,379.905009499525
2021-11-11 16:00:00,155.36485321845524,4693.66,2160.0,120.82314678154489,1000.0,-0.0,100.0,-0.0,274.60386110383826
2021-11-11 17:00:00,-0.0,4708.91,2160.0,496.3590000000004,1000.0,-0.0,100.0,-0.0,169.31324282299107
2021-11-11 18:00:00,-0.0,4673.280000000001,2160.0,734.0769999999993,1000.0,-0.0,100.0,-0.0,64.03315360397194
2021-11-11 19:00:00,-0.0,4593.73,2160.0,936.0435872258197,1000.0,-0.0,60.82541277418096,-0.0,-0.0
2021-11-11 20:00:00,-0.0,4482.360000000001,2160.0,1034.7600000000002,1000.0,-0.0,0.0,-0.0,-0.0
2021-11-11 21:00:00,-0.0,4354.71,2160.0,968.9900000000007,1000.0,-0.0,0.0,-0.0,-0.0
2021-11-11 22:00:00,-0.0,4227.6,2160.0,866.2369999999992,1000.0,-0.0,0.0,-0.0,-0.0
2021-11-11 23:00:00,-0.0,4116.77,2160.0,785.3349999999991,1000.0,-0.0,0.0,-0.0,-0.0
2021-11-12 00:00:00,-0.0,4047.4900000000002,2160.0,252.9760000000001,1000.0,-0.0,0.0,-0.0,-0.0
2021-11-12 01:00:00,-0.0,4001.63,2160.0,155.52199999999993,1000.0,-0.0,0.0,-0.0,-0.0
2021-11-12 02:00:00,-0.0,3993.48,2160.0,67.47200000000021,1000.0,-0.0,0.0,-0.0,-0.0
2021-11-12 03:00:00,-0.0,4018.25,2160.0,44.4340000000002,1000.0,-0.0,0.0,-0.0,-0.0
2021-11-12 04:00:00,-0.0,4065.57,2160.0,119.21499999999969,1000.0,-0.0,0.0,-0.0,-0.0
2021-11-12 05:00:00,-0.0,4120.889999999999,2160.0,283.8250000000007,1000.0,-0.0,0.0,-0.0,-0.0
2021-11-12 06:00:00,-0.0,4167.46,2160.0,495.14599999999973,1000.0,-0.0,0.0,-0.0,-0.0
2021-11-12 07:00:00,-0.0,4188.64,2160.0,699.9200000000001,1000.0,-0.0,0.0,-0.0,-0.0
2021-11-12 08:00:00,126.50740209088475,4170.22,2160.0,735.7025979091152,1000.0,-0.0,0.0,-0.0,-0.0
2021-11-12 09:00:00,721.3125061492551,4102.37,2160.0,256.3814938507453,1000.0,-0.0,0.0,-0.0,-0.0
2021-11-12 10:00:00,1391.5442913877303,3981.0899999999997,2160.0,-0.0,678.2417086122703,-0.0,0.0,-0.0,-0.0
2021-11-12 11:00:00,1898.0566107072955,3808.8,2160.0,-0.0,275.820389292704,-0.0,0.0,-0.0,-0.0
2021-11-12 12:00:00,2085.3298958394876,3594.1600000000003,2160.0,-0.0,235.70310416051234,-0.0,0.0,-0.0,-0.0
2021-11-12 13:00:00,1898.0566107072955,3350.97,2160.0,-0.0,632.5843892927046,-0.0,0.0,-0.0,-0.0
2021-11-12 14:00:00,1391.5442913877303,3096.4599999999996,2160.0,420.78870861226983,1000.0,-0.0,0.0,-0.0,-0.0
2021-11-12 15:00:00,721.3125061492551,2849.05,2160.0,1446.406493850745,1000.0,-0.0,0.0,-0.0,-0.0
2021-11-12 16:00:00,126.50740209088475,2626.0499999999997,2160.0,2454.211597909116,1000.0,-0.0,0.0,-0.0,-0.0
2021-11-12 17:00:00,-0.0,2441.38,2160.0,3000.3380000000006,1000.0,-0.0,0.0,-0.0,-0.0
2021-11-12 18:00:00,-0.0,2303.9100000000003,2160.0,3339.3189999999995,1000.0,-0.0,0.0,-0.0,-0.0
2021-11-12 19:00:00,-0.0,2216.33,2160.0,3509.4619999999995,1000.0,-0.0,0.0,-0.0,-0.0
2021-11-12 20:00:00,-0.0,2174.95,2160.0,3476.580000000001,1000.0,-0.0,0.0,-0.0,-0.0
2021-11-12 21:00:00,-0.0,2170.35,2160.0,3286.875,1000.0,-0.0,0.0,-0.0,-0.0
2021-11-12 22:00:00,-0.0,2188.7200000000003,2160.0,3037.656,1000.0,-0.0,0.0,-0.0,-0.0
2021-11-12 23:00:00,-0.0,2213.92,2160.0,2819.6370000000006,1000.0,-0.0,0.0,-0.0,-0.0
2021-11-13 00:00:00,-0.0,2242.44,2160.0,1752.0260000000003,1000.0,-0.0,0.0,-0.0,-0.0
2021-11-13 01:00:00,-0.0,2234.81,2160.0,1615.056,1000.0,-0.0,0.0,-0.0,-0.0
2021-11-13 02:00:00,-0.0,2193.96,2160.0,1558.3220000000001,1000.0,-0.0,0.0,-0.0,-0.0
2021-11-13 03:00:00,-0.0,2115.7000000000003,2160.0,1636.8339999999994,1000.0,-0.0,0.0,-0.0,-0.0
2021-11-13 04:00:00,-0.0,2002.08,2160.0,1870.9790000000003,1000.0,-0.0,0.0,-0.0,-0.0
2021-11-13 05:00:00,-0.0,1861.21,2160.0,2230.1090000000004,1000.0,-0.0,0.0,-0.0,-0.0
2021-11-13 06:00:00,-0.0,1706.1399999999999,2160.0,2641.3070000000002,1000.0,-0.0,0.0,-0.0,-0.0
2021-11-13 07:00:00,-0.0,1553.17,2160.0,3018.379,1000.0,-0.0,0.0,-0.0,-0.0
2021-11-13 08:00:00,108.3314780158956,1419.68,2160.0,3185.464521984104,1000.0,-0.0,0.0,-0.0,-0.0
2021-11-13 09:00:00,652.3219710495006,1321.72,2160.0,2785.037028950499,1000.0,-0.0,0.0,-0.0,-0.0
2021-11-13 10:00:00,1270.0001481011157,1271.8899999999999,2160.0,2185.8848518988843,1000.0,-0.0,0.0,-0.0,-0.0
2021-11-13 11:00:00,1738.0007971725852,1277.5600000000002,2160.0,1641.813202827414,1000.0,-0.0,0.0,-0.0,-0.0
2021-11-13 12:00:00,1911.2135785600117,1339.8799999999999,2160.0,1336.512421439988,1000.0,-0.0,0.0,-0.0,-0.0
2021-11-13 13:00:00,1738.0007971725852,1453.5,2160.0,1360.1592028274144,1000.0,-0.0,0.0,-0.0,-0.0
2021-11-13 14:00:00,1270.0001481011157,1607.3100000000002,2160.0,1699.088851898884,1000.0,-0.0,0.0,-0.0,-0.0
2021-11-13 15:00:00,652.3219710495006,1785.7700000000002,2160.0,2243.764028950499,1000.0,-0.0,0.0,-0.0,-0.0
2021-11-13 16:00:00,108.3314780158956,1970.99,2160.0,2789.940521984104,1000.0,-0.0,0.0,-0.0,-0.0
2021-11-13 17:00:00,-0.0,2144.99,2160.0,2956.5550000000003,1000.0,-0.0,0.0,-0.0,-0.0
2021-11-13 18:00:00,-0.0,2292.07,2160.0,3008.2509999999997,1000.0,-0.0,0.0,-0.0,-0.0
2021-11-13 19:00:00,-0.0,2400.77,2160.0,2979.31,1000.0,-0.0,0.0,-0.0,-0.0
2021-11-13 20:00:00,-0.0,2465.33,2160.0,2837.620000000001,1000.0,-0.0,0.0,-0.0,-0.0
2021-11-13 21:00:00,-0.0,2486.33,2160.0,2619.383,1000.0,-0.0,0.0,-0.0,-0.0
2021-11-13 22:00:00,-0.0,2470.48,2160.0,2401.3920000000003,1000.0,-0.0,0.0,-0.0,-0.0
2021-11-13 23:00:00,-0.0,2429.6,2160.0,2246.403,1000.0,-0.0,0.0,-0.0,-0.0
2021-11-14 00:00:00,-0.0,2391.55,2160.0,1678.2849999999999,1000.0,-0.0,0.0,-0.0,-0.0
2021-11-14 01:00:00,-0.0,2347.48,2160.0,1574.5970000000002,1000.0,-0.0,0.0,-0.0,-0.0
2021-11-14 02:00:00,-0.0,2325.31,2160.0,1495.976,1000.0,-0.0,0.0,-0.0,-0.0
2021-11-14 03:00:00,-0.0,2337.06,2160.0,1481.2230000000004,1000.0,-0.0,0.0,-0.0,-0.0
2021-11-14 04:00:00,-0.0,2389.7,2160.0,1545.8090000000002,1000.0,-0.0,0.0,-0.0,-0.0
2021-11-14 05:00:00,-0.0,2484.15,2160.0,1666.279,1000.0,-0.0,0.0,-0.0,-0.0
2021-11-14 06:00:00,-0.0,2615.0699999999997,2160.0,1788.1080000000002,1000.0,-0.0,0.0,-0.0,-0.0
2021-11-14 07:00:00,-0.0,2771.5,2160.0,1852.3639999999996,1000.0,-0.0,0.0,-0.0,-0.0
2021-11-14 08:00:00,115.06467699226202,2938.2799999999997,2160.0,1708.9983230077382,1000.0,-0.0,0.0,-0.0,-0.0
2021-11-14 09:00:00,733.4545432739159,3098.05,2160.0,972.9624567260835,1000.0,-0.0,0.0,-0.0,-0.0
2021-11-14 10:00:00,1441.0716731964258,3233.58,2160.0,95.00432680357426,1000.0,-0.0,0.0,-0.0,-0.0
2021-11-14 11:00:00,1978.5950771396788,3330.0299999999997,2160.0,-0.0,387.10092286032113,-0.0,0.0,-0.0,-0.0
2021-11-14 12:00:00,2177.7381009085166,3377.0099999999998,2160.0,-0.0,67.65789909148361,-0.0,0.0,-0.0,-0.0
2021-11-14 13:00:00,1978.5950771396788,3369.93,2160.0,-0.0,234.3649228603217,-0.0,0.0,-0.0,-0.0
2021-11-14 14:00:00,1441.0716731964258,3310.69,2160.0,-0.0,852.2833268035743,-0.0,0.0,-0.0,-0.0
2021-11-14 15:00:00,733.4545432739159,3207.41,2160.0,765.0394567260846,1000.0,-0.0,0.0,-0.0,-0.0
2021-11-14 16:00:00,115.06467699226202,3073.42,2160.0,1701.2193230077378,1000.0,-0.0,0.0,-0.0,-0.0
2021-11-14 17:00:00,-0.0,2925.4999999999995,2160.0,2192.8750000000005,1000.0,-0.0,0.0,-0.0,-0.0
2021-11-14 18:00:00,-0.0,2781.71,2160.0,2531.825,1000.0,-0.0,0.0,-0.0,-0.0
2021-11-14 19:00:00,-0.0,2658.97,2160.0,2730.7090000000003,1000.0,-0.0,0.0,-0.0,-0.0
2021-11-14 20:00:00,-0.0,2570.9300000000003,2160.0,2738.0059999999994,1000.0,-0.0,0.0,-0.0,-0.0
2021-11-14 21:00:00,-0.0,2526.21,2160.0,2581.8830000000007,1000.0,-0.0,0.0,-0.0,-0.0
2021-11-14 22:00:00,-0.0,2527.31,2160.0,2343.345,1000.0,-0.0,0.0,-0.0,-0.0
2021-11-14 23:00:00,-0.0,2570.4100000000003,2160.0,2100.7899999999995,1000.0,-0.0,0.0,-0.0,-0.0
2021-11-15 00:00:00,-0.0,2658.54,2160.0,1838.946,1000.0,-0.0,0.0,-0.0,-0.0
2021-11-15 01:00:00,-0.0,2752.8,2160.0,1593.3769999999995,1000.0,-0.0,0.0,-0.0,-0.0
2021-11-15 02:00:00,-0.0,2849.61,2160.0,1392.2449999999994,1000.0,-0.0,0.0,-0.0,-0.0
2021-11-15 03:00:00,-0.0,2932.81,2160.0,1302.5369999999998,1000.0,-0.0,0.0,-0.0,-0.0
2021-11-15 04:00:00,-0.0,2988.52,2160.0,1360.574,1000.0,-0.0,0.0,-0.0,-0.0
2021-11-15 05:00:00,-0.0,3007.12,2160.0,1553.446,1000.0,-0.0,0.0,-0.0,-0.0
2021-11-15 06:00:00,-0.0,2984.62,2160.0,1825.2790000000005,1000.0,-0.0,0.0,-0.0,-0.0
2021-11-15 07:00:00,-0.0,2923.35,2160.0,2103.855,1000.0,-0.0,0.0,-0.0,-0.0
2021-11-15 08:00:00,132.38657399120473,2831.68,2160.0,2198.2774260087945,1000.0,-0.0,0.0,-0.0,-0.0
2021-11-15 09:00:00,895.6578017027433,2722.98,2160.0,1582.5311982972567,1000.0,-0.0,0.0,-0.0,-0.0
2021-11-15 10:00:00,1775.905984424648,2613.89,2160.0,773.3080155753514,1000.0,-0.0,0.0,-0.0,-0.0
2021-11-15 11:00:00,2446.2615417031298,2522.12,2160.0,117.58445829687071,1000.0,-0.0,0.0,-0.0,-0.0
2021-11-15 12:00:00,2694.8700612606594,2464.0899999999997,2160.0,-0.0,850.5289387393404,-0.0,0.0,-0.0,-0.0
2021-11-15 13:00:00,2446.2615417031298,2452.77,2160.0,67.83645829687066,1000.0,-0.0,0.0,-0.0,-0.0
2021-11-15 14:00:00,1775.905984424648,2495.88,2160.0,713.1870155753518,1000.0,-0.0,0.0,-0.0,-0.0
2021-11-15 15:00:00,895.6578017027433,2594.9100000000003,2160.0,1593.2731982972568,1000.0,-0.0,0.0,-0.0,-0.0
2021-11-15 16:00:00,132.38657399120473,2744.87,2160.0,2387.452426008796,1000.0,-0.0,0.0,-0.0,-0.0
2021-11-15 17:00:00,-0.0,2934.9500000000003,2160.0,2555.561,1000.0,-0.0,0.0,-0.0,-0.0
2021-11-15 18:00:00,-0.0,3149.9,2160.0,2532.9680000000003,1000.0,-0.0,0.0,-0.0,-0.0
2021-11-15 19:00:00,-0.0,3372.08,2160.0,2384.196,1000.0,-0.0,0.0,-0.0,-0.0
2021-11-15 20:00:00,-0.0,3583.77,2160.0,2089.097,1000.0,-0.0,0.0,-0.0,-0.0
2021-11-15 21:00:00,-0.0,3769.4100000000003,2160.0,1700.02,1000.0,-0.0,0.0,-0.0,-0.0
2021-11-15 22:00:00,-0.0,3917.7200000000003,2160.0,1311.7529999999997,1000.0,-0.0,0.0,-0.0,-0.0
2021-11-15 23:00:00,-0.0,4023.01,2160.0,1004.5659999999998,1000.0,-0.0,0.0,-0.0,-0.0
2021-11-16 00:00:00,-0.0,4098.35,2160.0,316.8699999999999,1000.0,-0.0,0.0,-0.0,-0.0
2021-11-16 01:00:00,-0.0,4125.59,2160.0,136.03700000000026,1000.0,-0.0,0.0,-0.0,-0.0
2021-11-16 02:00:00,-0.0,4128.93,2160.0,26.174999999999272,1000.0,-0.0,0.0,-0.0,-0.0
2021-11-16 03:00:00,-0.0,4123.49,2160.0,22.989000000000487,1000.0,-0.0,0.0,-0.0,-0.0
2021-11-16 04:00:00,-0.0,4125.54,2160.0,132.65599999999995,1000.0,-0.0,0.0,-0.0,-0.0
2021-11-16 05:00:00,-0.0,4150.18,2160.0,317.5450000000001,1000.0,-0.0,0.0,-0.0,-0.0
2021-11-16 06:00:00,-0.0,4209.16,2160.0,506.04399999999987,1000.0,-0.0,0.0,-0.0,-0.0
2021-11-16 07:00:00,-0.0,4309.17,2160.0,621.5789999999997,1000.0,-0.0,0.0,-0.0,-0.0
2021-11-16 08:00:00,136.60101195343407,4450.81,2160.0,476.8059880465662,1000.0,-0.0,0.0,-0.0,-0.0
2021-11-16 09:00:00,983.5111956995245,4628.35,2160.0,-0.0,489.6058043004757,-0.0,0.0,-0.0,-0.0
2021-11-16 10:00:00,1967.9568703010996,4830.45,1423.514129698901,-0.0,-0.0,-0.0,0.0,-0.0,-0.0
2021-11-16 11:00:00,2719.5502060380027,5041.51,403.4608687037612,-0.0,-0.0,-0.0,0.0,21.121074741764055,20.065021004675852
2021-11-16 12:00:00,2998.563327223187,5167.073672776813,-0.0,-0.0,-0.0,-0.0,0.0,100.0,115.06301450257538
2021-11-16 13:00:00,2719.5502060380027,5402.2787939619975,-0.0,-0.0,-0.0,-0.0,0.0,100.0,210.05150820112513
2021-11-16 14:00:00,1967.9568703010996,5553.209999999999,617.680129698901,-0.0,-0.0,-0.0,0.0,100.0,305.030503050305
2021-11-16 15:00:00,983.5111956995245,5634.280000000001,1618.936804300474,-0.0,-0.0,-0.0,0.0,100.0,400.0
2021-11-16 16:00:00,136.60101195343407,5657.55,2160.0,-0.0,362.5599880465651,-0.0,0.0,-0.0,399.96
2021-11-16 17:00:00,-0.0,5624.42,2160.0,-0.0,757.3099999999995,-0.0,0.0,-0.0,399.920004
2021-11-16 18:00:00,-0.0,5542.57,2160.0,-0.0,1000.0,-0.0,30.836999999999534,-0.0,367.4200119996005
2021-11-16 19:00:00,-0.0,5424.900000000001,2160.0,121.33899999999903,1000.0,-0.0,100.0,-0.0,262.1201121036637
2021-11-16 20:00:00,-0.0,5287.76,2160.0,174.59799999999996,1000.0,-0.0,100.0,-0.0,156.83074219771652
2021-11-16 21:00:00,-0.0,5148.81,2160.0,109.74399999999969,1000.0,-0.0,100.0,-0.0,51.55190122875992
2021-11-16 22:00:00,-0.0,5024.66,2160.0,44.7045912632957,1000.0,-0.0,48.96940873670519,-0.0,-0.0
2021-11-16 23:00:00,-0.0,4928.65,2160.0,-0.0,987.6290000000008,-0.0,0.0,-0.0,-0.0
2021-11-17 00:00:00,-0.0,4881.46,2160.0,-0.0,422.27899999999954,-0.0,0.0,-0.0,-0.0
2021-11-17 01:00:00,-0.0,4860.72,2160.0,-0.0,289.47899999999936,-0.0,0.0,-0.0,-0.0
2021-11-17 02:00:00,-0.0,4874.81,2160.0,-0.0,169.02399999999943,-0.0,0.0,-0.0,-0.0
2021-11-17 03:00:00,-0.0,4914.1,2160.0,-0.0,121.37099999999919,-0.0,0.0,-0.0,-0.0
2021-11-17 04:00:00,-0.0,4964.759999999999,2160.0,-0.0,182.79500000000098,-0.0,0.0,-0.0,-0.0
2021-11-17 05:00:00,-0.0,5010.66,2160.0,-0.0,346.89599999999973,-0.0,0.0,-0.0,-0.0
2021-11-17 06:00:00,-0.0,5035.74,2160.0,-0.0,569.8720000000003,-0.0,0.0,-0.0,-0.0
2021-11-17 07:00:00,-0.0,5026.27,2160.0,-0.0,795.5659999999998,-0.0,0.0,-0.0,-0.0
2021-11-17 08:00:00,124.39090020676957,4972.8099999999995,2160.0,-0.0,858.8860997932313,-0.0,0.0,-0.0,-0.0
2021-11-17 09:00:00,955.8233903500177,4871.66,2160.0,-0.0,166.7386096499822,-0.0,0.0,-0.0,-0.0
2021-11-17 10:00:00,1929.9959856310338,4725.4400000000005,1499.3302956834045,-0.0,-0.0,-0.0,0.0,39.104281314438616,37.14906724871668
2021-11-17 11:00:00,2675.6111318356116,4542.900000000001,919.716868164388,-0.0,-0.0,-0.0,0.0,100.0,132.1453523419918
2021-11-17 12:00:00,2952.6686547886893,4337.81,771.1743452113105,-0.0,-0.0,-0.0,0.0,100.0,227.1321378067576
2021-11-17 13:00:00,2675.6111318356116,4127.3,1216.2198681643886,-0.0,-0.0,-0.0,0.0,100.0,322.10942459297695
2021-11-17 14:00:00,1929.9959856310338,3929.5600000000004,2160.0,-0.0,-0.0,-0.0,0.0,82.02398563103407,400.0
2021-11-17 15:00:00,955.8233903500177,3761.57,2160.0,59.499609649982176,1000.0,-0.0,100.0,-0.0,294.69684210526316
2021-11-17 16:00:00,124.39090020676957,3636.82,2160.0,1197.2410997932298,1000.0,-0.0,100.0,-0.0,189.4042145263158
2021-11-17 17:00:00,-0.0,3563.67,2160.0,1621.4709999999995,1000.0,-0.0,100.0,-0.0,84.12211621012632
2021-11-17 18:00:00,-0.0,3544.19,2160.0,1854.4819812014198,1000.0,-0.0,79.90801879858006,-0.0,-0.0
2021-11-17 19:00:00,-0.0,3574.01,2160.0,1979.2559999999994,1000.0,-0.0,0.0,-0.0,-0.0
2021-11-17 20:00:00,-0.0,3642.94,2160.0,1828.3879999999995,1000.0,-0.0,0.0,-0.0,-0.0
2021-11-17 21:00:00,-0.0,3736.35,2160.0,1533.2040000000002,1000.0,-0.0,0.0,-0.0,-0.0
2021-11-17 22:00:00,-0.0,3837.23,2160.0,1194.221,1000.0,-0.0,0.0,-0.0,-0.0
2021-11-17 23:00:00,-0.0,3928.42,2160.0,903.1769999999997,1000.0,-0.0,0.0,-0.0,-0.0
2021-11-18 00:00:00,-0.0,4007.21,2160.0,213.9939999999997,1000.0,-0.0,0.0,-0.0,-0.0
2021-11-18 01:00:00,-0.0,4038.3599999999997,2160.0,31.668000000000575,1000.0,-0.0,0.0,-0.0,-0.0
2021-11-18 02:00:00,-0.0,4028.95,2160.0,-0.0,937.156,-0.0,0.0,-0.0,-0.0
2021-11-18 03:00:00,-0.0,3980.09,2160.0,-0.0,980.1729999999998,-0.0,0.0,-0.0,-0.0
2021-11-18 04:00:00,-0.0,3898.94,2160.0,176.00099999999975,1000.0,-0.0,0.0,-0.0,-0.0
2021-11-18 05:00:00,-0.0,3797.65,2160.0,489.9569999999999,1000.0,-0.0,0.0,-0.0,-0.0
2021-11-18 06:00:00,-0.0,3691.67,2160.0,846.7290000000003,1000.0,-0.0,0.0,-0.0,-0.0
2021-11-18 07:00:00,-0.0,3597.5699999999997,2160.0,1159.8560000000007,1000.0,-0.0,0.0,-0.0,-0.0
2021-11-18 08:00:00,110.55937473601684,3530.67,2160.0,1253.3166252639835,1000.0,-0.0,0.0,-0.0,-0.0
2021-11-18 09:00:00,909.4088753474916,3502.92,2160.0,523.2831246525084,1000.0,-0.0,0.0,-0.0,-0.0
2021-11-18 10:00:00,1852.93551352284,3521.11,2160.0,-0.0,525.99948647716,-0.0,0.0,-0.0,-0.0
2021-11-18 11:00:00,2576.884364124239,3585.92,1922.8566358757612,-0.0,-0.0,-0.0,0.0,100.0,95.0
2021-11-18 12:00:00,2846.156625760893,3691.62,1474.4133742391068,-0.0,-0.0,-0.0,0.0,100.0,189.9905
2021-11-18 13:00:00,2576.884364124239,3826.83,1569.110635875761,-0.0,-0.0,-0.0,0.0,100.0,284.97150095
2021-11-18 14:00:00,1852.93551352284,3975.8500000000004,2160.0,-0.0,-0.0,-0.0,0.0,94.35151352284015,374.57694164660313
2021-11-18 15:00:00,909.4088753474916,4120.7300000000005,2160.0,-0.0,806.9111246525081,-0.0,0.0,-0.0,374.5394839524385
2021-11-18 16:00:00,110.55937473601684,4243.57,2160.0,567.7786252639837,1000.0,-0.0,100.0,-0.0,269.23887210930644
2021-11-18 17:00:00,-0.0,4328.85,2160.0,823.0869999999995,1000.0,-0.0,100.0,-0.0,163.94879032735867
2021-11-18 18:00:00,-0.0,4365.39,2160.0,983.3659999999991,1000.0,-0.0,100.0,-0.0,58.6692375535891
2021-11-18 19:00:00,-0.0,4347.84,2160.0,1123.2867979016578,1000.0,-0.0,55.73020209834206,-0.0,-0.0
2021-11-18 20:00:00,-0.0,4277.28,2160.0,1171.0870000000004,1000.0,-0.0,0.0,-0.0,-0.0
2021-11-18 21:00:00,-0.0,4161.02,2160.0,1089.0519999999997,1000.0,-0.0,0.0,-0.0,-0.0
2021-11-18 22:00:00,-0.0,4011.6000000000004,2160.0,1003.875,1000.0,-0.0,0.0,-0.0,-0.0
2021-11-18 23:00:00,-0.0,3845.0099999999998,2160.0,974.1420000000003,1000.0,-0.0,0.0,-0.0,-0.0
2021-11-19 00:00:00,-0.0,3690.64,2160.0,521.5300000000002,1000.0,-0.0,0.0,-0.0,-0.0
2021-11-19 01:00:00,-0.0,3540.4900000000002,2160.0,524.0740000000001,1000.0,-0.0,0.0,-0.0,-0.0
2021-11-19 02:00:00,-0.0,3419.64,2160.0,544.587,1000.0,-0.0,0.0,-0.0,-0.0
2021-11-19 03:00:00,-0.0,3336.1000000000004,2160.0,625.8809999999994,1000.0,-0.0,0.0,-0.0,-0.0
2021-11-19 04:00:00,-0.0,3291.83,2160.0,788.4350000000004,1000.0,-0.0,0.0,-0.0,-0.0
2021-11-19 05:00:00,-0.0,3282.57,2160.0,1013.9739999999997,1000.0,-0.0,0.0,-0.0,-0.0
2021-11-19 06:00:00,-0.0,3298.43,2160.0,1252.5210000000002,1000.0,-0.0,0.0,-0.0,-0.0
2021-11-19 07:00:00,-0.0,3325.3100000000004,2160.0,1448.2839999999997,1000.0,-0.0,0.0,-0.0,-0.0
2021-11-19 08:00:00,102.6627185835871,3346.92,2160.0,1464.743281416413,1000.0,-0.0,0.0,-0.0,-0.0
2021-11-19 09:00:00,906.9086801393556,3347.02,2160.0,705.0703198606443,1000.0,-0.0,0.0,-0.0,-0.0
2021-11-19 10:00:00,1864.50819926347,3311.77,2160.0,-0.0,750.7508007365304,-0.0,0.0,-0.0,-0.0
2021-11-19 11:00:00,2601.0446663335533,3231.6699999999996,2160.0,-0.0,23.514333666447328,-0.0,0.0,-0.0,-0.0
2021-11-19 12:00:00,2875.2554323664767,3103.0,2068.0725676335237,-0.0,-0.0,-0.0,0.0,100.0,95.0
2021-11-19 13:00:00,2601.0446663335533,2928.42,2160.0,-0.0,221.05033366644693,-0.0,0.0,-0.0,94.9905
2021-11-19 14:00:00,1864.50819926347,2716.7599999999998,2160.0,104.15284983403035,1000.0,-0.0,90.2319509025,-0.0,-0.0
2021-11-19 15:00:00,906.9086801393556,2481.94,2160.0,1492.926319860644,1000.0,-0.0,0.0,-0.0,-0.0
2021-11-19 16:00:00,102.6627185835871,2241.24,2160.0,2726.2092814164125,1000.0,-0.0,0.0,-0.0,-0.0
2021-11-19 17:00:00,-0.0,2013.11,2160.0,3290.4800000000005,1000.0,-0.0,0.0,-0.0,-0.0
2021-11-19 18:00:00,-0.0,1814.78,2160.0,3689.044000000001,1000.0,-0.0,0.0,-0.0,-0.0
2021-11-19 19:00:00,-0.0,1660.07,2160.0,3925.2350000000006,1000.0,-0.0,0.0,-0.0,-0.0
2021-11-19 20:00:00,-0.0,1557.6599999999999,2160.0,3952.496000000001,1000.0,-0.0,0.0,-0.0,-0.0
2021-11-19 21:00:00,-0.0,1510.02,2160.0,3805.1399999999994,1000.0,-0.0,0.0,-0.0,-0.0
2021-11-19 22:00:00,-0.0,1513.19,2160.0,3570.6269999999986,1000.0,-0.0,0.0,-0.0,-0.0
2021-11-19 23:00:00,-0.0,1557.3799999999999,2160.0,3333.321,1000.0,-0.0,0.0,-0.0,-0.0
2021-11-20 00:00:00,-0.0,1640.44,2160.0,2210.145,1000.0,-0.0,0.0,-0.0,-0.0
2021-11-20 01:00:00,-0.0,1721.78,2160.0,1984.3029999999999,1000.0,-0.0,0.0,-0.0,-0.0
2021-11-20 02:00:00,-0.0,1796.71,2160.0,1812.0860000000002,1000.0,-0.0,0.0,-0.0,-0.0
2021-11-20 03:00:00,-0.0,1850.7299999999998,2160.0,1758.8120000000008,1000.0,-0.0,0.0,-0.0,-0.0
2021-11-20 04:00:00,-0.0,1873.52,2160.0,1857.2369999999996,1000.0,-0.0,0.0,-0.0,-0.0
2021-11-20 05:00:00,-0.0,1860.3500000000001,2160.0,2089.5549999999994,1000.0,-0.0,0.0,-0.0,-0.0
2021-11-20 06:00:00,-0.0,1812.75,2160.0,2394.366,1000.0,-0.0,0.0,-0.0,-0.0
2021-11-20 07:00:00,-0.0,1738.25,2160.0,2694.2439999999997,1000.0,-0.0,0.0,-0.0,-0.0
2021-11-20 08:00:00,92.57529732303811,1649.35,2160.0,2833.967702676962,1000.0,-0.0,0.0,-0.0,-0.0
2021-11-20 09:00:00,881.3621310819652,1561.82,2160.0,2179.9768689180346,1000.0,-0.0,0.0,-0.0,-0.0
2021-11-20 10:00:00,1828.1872941234933,1492.49,2160.0,1273.0307058765065,1000.0,-0.0,0.0,-0.0,-0.0
2021-11-20 11:00:00,2558.200974685222,1456.8999999999999,2160.0,510.2500253147782,1000.0,-0.0,0.0,-0.0,-0.0
2021-11-20 12:00:00,2830.2395414160264,1467.1699999999998,2160.0,160.4054585839731,1000.0,-0.0,0.0,-0.0,-0.0
2021-11-20 13:00:00,2558.200974685222,1530.23,2160.0,335.854025314778,1000.0,-0.0,0.0,-0.0,-0.0
2021-11-20 14:00:00,1828.1872941234933,1646.78,2160.0,976.657705876507,1000.0,-0.0,0.0,-0.0,-0.0
2021-11-20 15:00:00,881.3621310819652,1811.1399999999999,2160.0,1867.3618689180344,1000.0,-0.0,0.0,-0.0,-0.0
2021-11-20 16:00:00,92.57529732303811,2011.82,2160.0,2645.835702676962,1000.0,-0.0,0.0,-0.0,-0.0
2021-11-20 17:00:00,-0.0,2233.05,2160.0,2752.602,1000.0,-0.0,0.0,-0.0,-0.0
2021-11-20 18:00:00,-0.0,2456.69,2160.0,2731.0499999999997,1000.0,-0.0,0.0,-0.0,-0.0
2021-11-20 19:00:00,-0.0,2664.61,2160.0,2606.372,1000.0,-0.0,0.0,-0.0,-0.0
2021-11-20 20:00:00,-0.0,2840.98,2160.0,2356.5230000000006,1000.0,-0.0,0.0,-0.0,-0.0
2021-11-20 21:00:00,-0.0,2974.31,2160.0,2029.7729999999997,1000.0,-0.0,0.0,-0.0,-0.0
2021-11-20 22:00:00,-0.0,3058.8199999999997,2160.0,1715.4000000000005,1000.0,-0.0,0.0,-0.0,-0.0
2021-11-20 23:00:00,-0.0,3095.1600000000003,2160.0,1487.328,1000.0,-0.0,0.0,-0.0,-0.0
2021-11-21 00:00:00,-0.0,3102.06,2160.0,877.5980000000004,1000.0,-0.0,0.0,-0.0,-0.0
2021-11-21 01:00:00,-0.0,3067.74,2160.0,768.6040000000003,1000.0,-0.0,0.0,-0.0,-0.0
2021-11-21 02:00:00,-0.0,3019.52,2160.0,720.6240000000003,1000.0,-0.0,0.0,-0.0,-0.0
2021-11-21 03:00:00,-0.0,2974.1,2160.0,767.7760000000003,1000.0,-0.0,0.0,-0.0,-0.0
2021-11-21 04:00:00,-0.0,2947.1000000000004,2160.0,916.8769999999995,1000.0,-0.0,0.0,-0.0,-0.0
2021-11-21 05:00:00,-0.0,2950.88,2160.0,1133.027,1000.0,-0.0,0.0,-0.0,-0.0
2021-11-21 06:00:00,-0.0,2992.8100000000004,2160.0,1348.9879999999994,1000.0,-0.0,0.0,-0.0,-0.0
2021-11-21 07:00:00,-0.0,3074.23,2160.0,1493.5220000000004,1000.0,-0.0,0.0,-0.0,-0.0
2021-11-21 08:00:00,73.70006122201089,3190.24,2160.0,1447.6819387779897,1000.0,-0.0,0.0,-0.0,-0.0
2021-11-21 09:00:00,758.9330177093026,3330.34,2160.0,669.9829822906977,1000.0,-0.0,0.0,-0.0,-0.0
2021-11-21 10:00:00,1588.187119948432,3479.84,2160.0,-0.0,662.0408800515681,-0.0,0.0,-0.0,-0.0
2021-11-21 11:00:00,2229.06636589931,3621.87,2070.93263410069,-0.0,-0.0,-0.0,0.0,100.0,95.0
2021-11-21 12:00:00,2468.113495366319,3739.6400000000003,1646.6315046336808,-0.0,-0.0,-0.0,0.0,100.0,189.9905
2021-11-21 13:00:00,2229.06636589931,3818.82,1772.9166341006899,-0.0,-0.0,-0.0,0.0,100.0,284.97150095
2021-11-21 14:00:00,1588.187119948432,3849.42,2160.0,-0.0,150.37788005156767,-0.0,0.0,-0.0,284.943003799905
2021-11-21 15:00:00,758.9330177093026,3827.31,2160.0,9.717982290697819,1000.0,-0.0,100.0,-0.0,179.6513516047882
2021-11-21 16:00:00,73.70006122201089,3754.7599999999998,2160.0,957.5009387779896,1000.0,-0.0,100.0,-0.0,74.3702285748909
2021-11-21 17:00:00,-0.0,3640.28,2160.0,1409.9853480255679,1000.0,-0.0,70.64465197443175,-0.0,-0.0
2021-11-21 18:00:00,-0.0,3497.5099999999998,2160.0,1824.9110000000005,1000.0,-0.0,0.0,-0.0,-0.0
2021-11-21 19:00:00,-0.0,3343.53,2160.0,2061.454,1000.0,-0.0,0.0,-0.0,-0.0
2021-11-21 20:00:00,-0.0,3196.62,2160.0,2134.102,1000.0,-0.0,0.0,-0.0,-0.0
2021-11-21 21:00:00,-0.0,3073.8900000000003,2160.0,2062.526999999999,1000.0,-0.0,0.0,-0.0,-0.0
2021-11-21 22:00:00,-0.0,2989.1499999999996,2160.0,1916.4180000000006,1000.0,-0.0,0.0,-0.0,-0.0
2021-11-21 23:00:00,-0.0,2951.06,2160.0,1761.6889999999999,1000.0,-0.0,0.0,-0.0,-0.0
2021-11-22 00:00:00,-0.0,2973.94,2160.0,1570.7890000000002,1000.0,-0.0,0.0,-0.0,-0.0
2021-11-22 01:00:00,-0.0,3030.3999999999996,2160.0,1369.7290000000003,1000.0,-0.0,0.0,-0.0,-0.0
2021-11-22 02:00:00,-0.0,3122.61,2160.0,1179.935,1000.0,-0.0,0.0,-0.0,-0.0
2021-11-22 03:00:00,-0.0,3236.6,2160.0,1066.1969999999997,1000.0,-0.0,0.0,-0.0,-0.0
2021-11-22 04:00:00,-0.0,3356.0499999999997,2160.0,1067.2720000000004,1000.0,-0.0,0.0,-0.0,-0.0
2021-11-22 05:00:00,-0.0,3464.58,2160.0,1177.0029999999997,1000.0,-0.0,0.0,-0.0,-0.0
2021-11-22 06:00:00,-0.0,3547.99,2160.0,1349.7210000000005,1000.0,-0.0,0.0,-0.0,-0.0
2021-11-22 07:00:00,-0.0,3596.32,2160.0,1525.4919999999997,1000.0,-0.0,0.0,-0.0,-0.0
2021-11-22 08:00:00,53.77276278092641,3605.2200000000003,2160.0,1604.7472372190732,1000.0,-0.0,0.0,-0.0,-0.0
2021-11-22 09:00:00,601.284570352723,3576.6,2160.0,1131.4584296472776,1000.0,-0.0,0.0,-0.0,-0.0
2021-11-22 10:00:00,1269.307024677078,3518.37,2160.0,490.3609753229225,1000.0,-0.0,0.0,-0.0,-0.0
2021-11-22 11:00:00,1786.7917353432404,3443.46,2160.0,-0.0,977.3862646567604,-0.0,0.0,-0.0,-0.0
2021-11-22 12:00:00,1979.9813239877542,3368.01,2160.0,-0.0,789.8786760122464,-0.0,0.0,-0.0,-0.0
2021-11-22 13:00:00,1786.7917353432404,3309.24,2160.0,5.892264656760744,1000.0,-0.0,0.0,-0.0,-0.0
2021-11-22 14:00:00,1269.307024677078,3283.09,2160.0,574.2659753229223,1000.0,-0.0,0.0,-0.0,-0.0
2021-11-22 15:00:00,601.284570352723,3301.9900000000002,2160.0,1328.8454296472773,1000.0,-0.0,0.0,-0.0,-0.0
2021-11-22 16:00:00,53.77276278092641,3373.2000000000003,2160.0,1992.5532372190733,1000.0,-0.0,0.0,-0.0,-0.0
2021-11-22 17:00:00,-0.0,3497.73,2160.0,2154.0789999999993,1000.0,-0.0,0.0,-0.0,-0.0
2021-11-22 18:00:00,-0.0,3670.14,2160.0,2180.444000000001,1000.0,-0.0,0.0,-0.0,-0.0
2021-11-22 19:00:00,-0.0,3879.18,2160.0,2051.1639999999993,1000.0,-0.0,0.0,-0.0,-0.0
2021-11-22 20:00:00,-0.0,4109.23,2160.0,1743.9830000000002,1000.0,-0.0,0.0,-0.0,-0.0
2021-11-22 21:00:00,-0.0,4342.28,2160.0,1313.697000000001,1000.0,-0.0,0.0,-0.0,-0.0
2021-11-22 22:00:00,-0.0,4560.29,2160.0,861.8460000000005,1000.0,-0.0,0.0,-0.0,-0.0
2021-11-22 23:00:00,-0.0,4747.46,2160.0,478.8059999999996,1000.0,-0.0,0.0,-0.0,-0.0
2021-11-23 00:00:00,-0.0,4903.92,2160.0,-0.0,714.9189999999999,-0.0,0.0,-0.0,-0.0
2021-11-23 01:00:00,-0.0,5000.55,2160.0,-0.0,470.53200000000015,-0.0,0.0,-0.0,-0.0
2021-11-23 02:00:00,-0.0,5049.5199999999995,2160.0,-0.0,320.77000000000044,-0.0,0.0,-0.0,-0.0
2021-11-23 03:00:00,-0.0,5057.5,2160.0,-0.0,309.78799999999956,-0.0,0.0,-0.0,-0.0
2021-11-23 04:00:00,-0.0,5036.29,2160.0,-0.0,448.22400000000016,-0.0,0.0,-0.0,-0.0
2021-11-23 05:00:00,-0.0,5001.07,2160.0,-0.0,698.3640000000005,-0.0,0.0,-0.0,-0.0
2021-11-23 06:00:00,-0.0,4968.25,2160.0,-0.0,983.933,-0.0,0.0,-0.0,-0.0
2021-11-23 07:00:00,-0.0,4953.11,2160.0,219.75900000000092,1000.0,-0.0,0.0,-0.0,-0.0
2021-11-23 08:00:00,44.4527281684192,4967.67,2160.0,299.2242718315804,1000.0,-0.0,0.0,-0.0,-0.0
2021-11-23 09:00:00,542.0163289954975,5018.9,2160.0,-0.0,792.5556710045026,-0.0,0.0,-0.0,-0.0
2021-11-23 10:00:00,1154.075255430807,5107.75,2160.0,-0.0,56.83574456919314,-0.0,0.0,-0.0,-0.0
2021-11-23 11:00:00,1629.2980030366693,5228.9,1613.104920322175,-0.0,-0.0,-0.0,0.0,66.5719233588439,63.24332719090171
2021-11-23 12:00:00,1806.8675602323328,5371.43,1253.113439767667,-0.0,-0.0,-0.0,0.0,100.0,158.23700285818262
2021-11-23 13:00:00,1629.2980030366693,5520.22,1242.3769969633308,-0.0,-0.0,-0.0,0.0,100.0,253.2211791578968
2021-11-23 14:00:00,1154.075255430807,5657.96,1601.0147445691923,-0.0,-0.0,-0.0,0.0,100.0,348.19585703998104
2021-11-23 15:00:00,542.0163289954975,5767.46,2160.0,-0.0,-0.0,-0.0,0.0,54.56732899549786,400.0
2021-11-23 16:00:00,44.4527281684192,5833.98,2160.0,-0.0,560.276271831582,-0.0,0.0,-0.0,399.96
2021-11-23 17:00:00,-0.0,5847.16,2160.0,-0.0,820.2199999999993,-0.0,0.0,-0.0,399.920004
2021-11-23 18:00:00,-0.0,5802.509999999999,2160.0,-0.0,1000.0,-0.0,60.030000000001564,-0.0,336.69053831538787
2021-11-23 19:00:00,-0.0,5701.99,2160.0,136.69300000000112,1000.0,-0.0,100.0,-0.0,231.3937113668195
2021-11-23 20:00:00,-0.0,5553.820000000001,2160.0,204.1199999999999,1000.0,-0.0,100.0,-0.0,126.10741410094597
2021-11-23 21:00:00,-0.0,5371.42,2160.0,185.67699999999968,1000.0,-0.0,100.0,-0.0,20.83164546479904
2021-11-23 22:00:00,-0.0,5171.67,2160.0,228.2019158147598,1000.0,-0.0,19.78808418523993,-0.0,-0.0
2021-11-23 23:00:00,-0.0,4972.7,2160.0,247.5050000000001,1000.0,-0.0,0.0,-0.0,-0.0
2021-11-24 00:00:00,-0.0,4803.07,2160.0,-0.0,805.9800000000005,-0.0,0.0,-0.0,-0.0
2021-11-24 01:00:00,-0.0,4653.5199999999995,2160.0,-0.0,804.2210000000005,-0.0,0.0,-0.0,-0.0
2021-11-24 02:00:00,-0.0,4544.26,2160.0,-0.0,809.1599999999999,-0.0,0.0,-0.0,-0.0
2021-11-24 03:00:00,-0.0,4477.92,2160.0,-0.0,868.991,-0.0,0.0,-0.0,-0.0
2021-11-24 04:00:00,-0.0,4450.79,2160.0,9.868999999999687,1000.0,-0.0,0.0,-0.0,-0.0
2021-11-24 05:00:00,-0.0,4453.47,2160.0,218.65999999999985,1000.0,-0.0,0.0,-0.0,-0.0
2021-11-24 06:00:00,-0.0,4472.2699999999995,2160.0,449.1930000000002,1000.0,-0.0,0.0,-0.0,-0.0
2021-11-24 07:00:00,-0.0,4491.18,2160.0,647.5900000000001,1000.0,-0.0,0.0,-0.0,-0.0
2021-11-24 08:00:00,45.60380814048184,4494.17,2160.0,734.1341918595176,1000.0,-0.0,0.0,-0.0,-0.0
2021-11-24 09:00:00,609.1379062911504,4467.48,2160.0,236.11509370885005,1000.0,-0.0,0.0,-0.0,-0.0
2021-11-24 10:00:00,1308.0476731991862,4401.6,2160.0,-0.0,565.0203268008131,-0.0,0.0,-0.0,-0.0
2021-11-24 11:00:00,1851.9143941927846,4292.6900000000005,2160.0,-0.0,52.92560580721556,-0.0,0.0,-0.0,-0.0
2021-11-24 12:00:00,2055.3089875358537,4143.18,2160.0,-0.0,-0.0,-0.0,0.0,77.4349875358539,73.56323815906121
2021-11-24 13:00:00,1851.9143941927846,3961.58,2160.0,-0.0,264.9386058072164,-0.0,0.0,-0.0,73.55588183524532
2021-11-24 14:00:00,1308.0476731991862,3761.3999999999996,2160.0,-0.0,1000.0,-0.0,27.089326800814433,-0.0,45.033445404099226
2021-11-24 15:00:00,609.1379062911504,3559.3999999999996,2160.0,984.0895987522697,1000.0,-0.0,42.777494956580874,-0.0,-0.0
2021-11-24 16:00:00,45.60380814048184,3373.43,2160.0,1957.2391918595176,1000.0,-0.0,0.0,-0.0,-0.0
2021-11-24 17:00:00,-0.0,3220.04,2160.0,2382.0350000000008,1000.0,-0.0,0.0,-0.0,-0.0
2021-11-24 18:00:00,-0.0,3112.32,2160.0,2682.1120000000005,1000.0,-0.0,0.0,-0.0,-0.0
2021-11-24 19:00:00,-0.0,3058.14,2160.0,2809.7000000000003,1000.0,-0.0,0.0,-0.0,-0.0
2021-11-24 20:00:00,-0.0,3059.1200000000003,2160.0,2725.311,1000.0,-0.0,0.0,-0.0,-0.0
2021-11-24 21:00:00,-0.0,3110.42,2160.0,2470.5740000000005,1000.0,-0.0,0.0,-0.0,-0.0
2021-11-24 22:00:00,-0.0,3201.3599999999997,2160.0,2139.6770000000006,1000.0,-0.0,0.0,-0.0,-0.0
2021-11-24 23:00:00,-0.0,3316.8399999999997,2160.0,1822.2999999999997,1000.0,-0.0,0.0,-0.0,-0.0
2021-11-25 00:00:00,-0.0,3450.74,2160.0,1074.719,1000.0,-0.0,0.0,-0.0,-0.0
2021-11-25 01:00:00,-0.0,3562.71,2160.0,809.156,1000.0,-0.0,0.0,-0.0,-0.0
2021-11-25 02:00:00,-0.0,3648.75,2160.0,616.594,1000.0,-0.0,0.0,-0.0,-0.0
2021-11-25 03:00:00,-0.0,3697.69,2160.0,559.0279999999998,1000.0,-0.0,0.0,-0.0,-0.0
2021-11-25 04:00:00,-0.0,3704.02,2160.0,664.4150000000004,1000.0,-0.0,0.0,-0.0,-0.0
2021-11-25 05:00:00,-0.0,3668.5,2160.0,909.4639999999999,1000.0,-0.0,0.0,-0.0,-0.0
2021-11-25 06:00:00,-0.0,3598.0299999999997,2160.0,1227.4130000000005,1000.0,-0.0,0.0,-0.0,-0.0
2021-11-25 07:00:00,-0.0,3504.51,2160.0,1536.4779999999992,1000.0,-0.0,0.0,-0.0,-0.0
2021-11-25 08:00:00,47.42325712858086,3403.21,2160.0,1723.8227428714195,1000.0,-0.0,0.0,-0.0,-0.0
2021-11-25 09:00:00,697.2883531839476,3310.56,2160.0,1203.8576468160527,1000.0,-0.0,0.0,-0.0,-0.0
2021-11-25 10:00:00,1509.8703616341697,3241.82,2160.0,420.47063836583015,1000.0,-0.0,0.0,-0.0,-0.0
2021-11-25 11:00:00,2143.5955836726584,3208.89,2160.0,-0.0,741.1534163273409,-0.0,0.0,-0.0,-0.0
2021-11-25 12:00:00,2380.792321141567,3218.62,2160.0,-0.0,416.46367885843347,-0.0,0.0,-0.0,-0.0
2021-11-25 13:00:00,2143.5955836726584,3271.76,2160.0,-0.0,556.7124163273415,-0.0,0.0,-0.0,-0.0
2021-11-25 14:00:00,1509.8703616341697,3362.7400000000002,2160.0,116.47563836583026,1000.0,-0.0,0.0,-0.0,-0.0
2021-11-25 15:00:00,697.2883531839476,3480.36,2160.0,909.3186468160529,1000.0,-0.0,0.0,-0.0,-0.0
2021-11-25 16:00:00,47.42325712858086,3609.1800000000003,2160.0,1610.3467428714198,1000.0,-0.0,0.0,-0.0,-0.0
2021-11-25 17:00:00,-0.0,3731.55,2160.0,1760.418999999999,1000.0,-0.0,0.0,-0.0,-0.0
2021-11-25 18:00:00,-0.0,3829.9,2160.0,1853.7460000000005,1000.0,-0.0,0.0,-0.0,-0.0
2021-11-25 19:00:00,-0.0,3889.07,2160.0,1867.407999999999,1000.0,-0.0,0.0,-0.0,-0.0
2021-11-25 20:00:00,-0.0,3898.32,2160.0,1774.2769999999996,1000.0,-0.0,0.0,-0.0,-0.0
2021-11-25 21:00:00,-0.0,3852.7200000000003,2160.0,1616.0729999999994,1000.0,-0.0,0.0,-0.0,-0.0
2021-11-25 22:00:00,-0.0,3753.8100000000004,2160.0,1474.763,1000.0,-0.0,0.0,-0.0,-0.0
2021-11-25 23:00:00,-0.0,3609.3999999999996,2160.0,1417.1180000000004,1000.0,-0.0,0.0,-0.0,-0.0
2021-11-26 00:00:00,-0.0,3443.73,2160.0,968.8899999999999,1000.0,-0.0,0.0,-0.0,-0.0
2021-11-26 01:00:00,-0.0,3250.81,2160.0,1008.27,1000.0,-0.0,0.0,-0.0,-0.0
2021-11-26 02:00:00,-0.0,3059.65,2160.0,1093.065,1000.0,-0.0,0.0,-0.0,-0.0
2021-11-26 03:00:00,-0.0,2886.95,2160.0,1257.402,1000.0,-0.0,0.0,-0.0,-0.0
2021-11-26 04:00:00,-0.0,2746.1400000000003,2160.0,1510.2959999999994,1000.0,-0.0,0.0,-0.0,-0.0
2021-11-26 05:00:00,-0.0,2645.67,2160.0,1820.7669999999998,1000.0,-0.0,0.0,-0.0,-0.0
2021-11-26 06:00:00,-0.0,2587.93,2160.0,2126.5630000000006,1000.0,-0.0,0.0,-0.0,-0.0
2021-11-26 07:00:00,-0.0,2569.0099999999998,2160.0,2361.707,1000.0,-0.0,0.0,-0.0,-0.0
2021-11-26 08:00:00,44.496048382421556,2579.36,2160.0,2441.111951617579,1000.0,-0.0,0.0,-0.0,-0.0
2021-11-26 09:00:00,723.9240961933972,2605.2,2160.0,1773.978903806602,1000.0,-0.0,0.0,-0.0,-0.0
2021-11-26 10:00:00,1580.42661304001,2630.47,2160.0,853.6473869599902,1000.0,-0.0,0.0,-0.0,-0.0
2021-11-26 11:00:00,2249.83531421244,2639.12,2160.0,98.15368578756033,1000.0,-0.0,0.0,-0.0,-0.0
2021-11-26 12:00:00,2500.5974672660873,2617.4500000000003,2160.0,-0.0,792.4865327339121,-0.0,0.0,-0.0,-0.0
2021-11-26 13:00:00,2249.83531421244,2556.0699999999997,2160.0,62.106685787559854,1000.0,-0.0,0.0,-0.0,-0.0
2021-11-26 14:00:00,1580.42661304001,2451.25,2160.0,854.7363869599897,1000.0,-0.0,0.0,-0.0,-0.0
2021-11-26 15:00:00,723.9240961933972,2305.64,2160.0,1956.2099038066035,1000.0,-0.0,0.0,-0.0,-0.0
2021-11-26 16:00:00,44.496048382421556,2127.96,2160.0,2994.876951617579,1000.0,-0.0,0.0,-0.0,-0.0
2021-11-26 17:00:00,-0.0,1932.0,2160.0,3462.022000000001,1000.0,-0.0,0.0,-0.0,-0.0
2021-11-26 18:00:00,-0.0,1734.82,2160.0,3852.6409999999996,1000.0,-0.0,0.0,-0.0,-0.0
2021-11-26 19:00:00,-0.0,1554.6,2160.0,4107.5470000000005,1000.0,-0.0,0.0,-0.0,-0.0
2021-11-26 20:00:00,-0.0,1408.27,2160.0,4171.939,1000.0,-0.0,0.0,-0.0,-0.0
2021-11-26 21:00:00,-0.0,1309.28,2160.0,4069.1549999999997,1000.0,-0.0,0.0,-0.0,-0.0
2021-11-26 22:00:00,-0.0,1265.91,2160.0,3874.4220000000005,1000.0,-0.0,0.0,-0.0,-0.0
2021-11-26 23:00:00,-0.0,1280.1799999999998,2160.0,3660.2980000000007,1000.0,-0.0,0.0,-0.0,-0.0
2021-11-27 00:00:00,-0.0,1358.75,2160.0,2533.7969999999996,1000.0,-0.0,0.0,-0.0,-0.0
2021-11-27 01:00:00,-0.0,1469.1299999999999,2160.0,2272.241,1000.0,-0.0,0.0,-0.0,-0.0
2021-11-27 02:00:00,-0.0,1607.72,2160.0,2029.7289999999994,1000.0,-0.0,0.0,-0.0,-0.0
2021-11-27 03:00:00,-0.0,1757.4,2160.0,1874.2059999999997,1000.0,-0.0,0.0,-0.0,-0.0
2021-11-27 04:00:00,-0.0,1900.92,2160.0,1845.3630000000003,1000.0,-0.0,0.0,-0.0,-0.0
2021-11-27 05:00:00,-0.0,2023.22,2160.0,1935.7299999999996,1000.0,-0.0,0.0,-0.0,-0.0
2021-11-27 06:00:00,-0.0,2113.44,2160.0,2096.302,1000.0,-0.0,0.0,-0.0,-0.0
2021-11-27 07:00:00,-0.0,2166.2999999999997,2160.0,2262.4690000000005,1000.0,-0.0,0.0,-0.0,-0.0
2021-11-27 08:00:00,40.35587364419624,2182.79,2160.0,2342.7431263558037,1000.0,-0.0,0.0,-0.0,-0.0
2021-11-27 09:00:00,730.7129925877667,2169.94,2160.0,1706.3020074122333,1000.0,-0.0,0.0,-0.0,-0.0
2021-11-27 10:00:00,1608.0710981755142,2139.79,2160.0,823.5269018244858,1000.0,-0.0,0.0,-0.0,-0.0
2021-11-27 11:00:00,2295.203955476909,2107.67,2160.0,94.12904452309067,1000.0,-0.0,0.0,-0.0,-0.0
2021-11-27 12:00:00,2552.8107023429284,2090.0,2160.0,-0.0,780.722297657072,-0.0,0.0,-0.0,-0.0
2021-11-27 13:00:00,2295.203955476909,2101.98,2160.0,-0.0,986.9840445230907,-0.0,0.0,-0.0,-0.0
2021-11-27 14:00:00,1608.0710981755142,2155.4100000000003,2160.0,642.2949018244854,1000.0,-0.0,0.0,-0.0,-0.0
2021-11-27 15:00:00,730.7129925877667,2256.9700000000003,2160.0,1520.709007412233,1000.0,-0.0,0.0,-0.0,-0.0
2021-11-27 16:00:00,40.35587364419624,2407.18,2160.0,2245.7141263558037,1000.0,-0.0,0.0,-0.0,-0.0
2021-11-27 17:00:00,-0.0,2600.19,2160.0,2323.0899999999997,1000.0,-0.0,0.0,-0.0,-0.0
2021-11-27 18:00:00,-0.0,2824.4700000000003,2160.0,2295.629,1000.0,-0.0,0.0,-0.0,-0.0
2021-11-27 19:00:00,-0.0,3064.1800000000003,2160.0,2134.0190000000002,1000.0,-0.0,0.0,-0.0,-0.0
2021-11-27 20:00:00,-0.0,3301.24,2160.0,1818.4699999999993,1000.0,-0.0,0.0,-0.0,-0.0
2021-11-27 21:00:00,-0.0,3517.6200000000003,2160.0,1403.7949999999996,1000.0,-0.0,0.0,-0.0,-0.0
2021-11-27 22:00:00,-0.0,3697.62,2160.0,989.1980000000003,1000.0,-0.0,0.0,-0.0,-0.0
2021-11-27 23:00:00,-0.0,3829.96,2160.0,660.5339999999997,1000.0,-0.0,0.0,-0.0,-0.0
2021-11-28 00:00:00,-0.0,3920.1000000000004,2160.0,-0.0,961.991,-0.0,0.0,-0.0,-0.0
2021-11-28 01:00:00,-0.0,3947.0499999999997,2160.0,-0.0,787.4340000000007,-0.0,0.0,-0.0,-0.0
2021-11-28 02:00:00,-0.0,3928.95,2160.0,-0.0,705.1970000000001,-0.0,0.0,-0.0,-0.0
2021-11-28 03:00:00,-0.0,3878.19,2160.0,-0.0,753.7109999999998,-0.0,0.0,-0.0,-0.0
2021-11-28 04:00:00,-0.0,3810.6299999999997,2160.0,-0.0,939.5550000000007,-0.0,0.0,-0.0,-0.0
2021-11-28 05:00:00,-0.0,3743.39,2160.0,223.07400000000007,1000.0,-0.0,0.0,-0.0,-0.0
2021-11-28 06:00:00,-0.0,3692.57,2160.0,528.3020000000001,1000.0,-0.0,0.0,-0.0,-0.0
2021-11-28 07:00:00,-0.0,3671.0,2160.0,772.5150000000003,1000.0,-0.0,0.0,-0.0,-0.0
2021-11-28 08:00:00,38.771591532110016,3686.54,2160.0,858.9354084678903,1000.0,-0.0,0.0,-0.0,-0.0
2021-11-28 09:00:00,786.0390944707776,3741.02,2160.0,101.85990552922226,1000.0,-0.0,0.0,-0.0,-0.0
2021-11-28 10:00:00,1743.3972581168787,3830.0299999999997,2160.0,-0.0,23.521741883121194,-0.0,0.0,-0.0,-0.0
2021-11-28 11:00:00,2494.718295365767,3943.53,1347.9017046342324,-0.0,-0.0,-0.0,0.0,100.0,95.0
2021-11-28 12:00:00,2776.602927879108,4067.2999999999997,872.3460721208921,-0.0,-0.0,-0.0,0.0,100.0,189.9905
2021-11-28 13:00:00,2494.718295365767,4184.88,1000.8377046342325,-0.0,-0.0,-0.0,0.0,100.0,284.97150095
2021-11-28 14:00:00,1743.3972581168787,4279.91,1682.266741883121,-0.0,-0.0,-0.0,0.0,100.0,379.943003799905
2021-11-28 15:00:00,786.0390944707776,4338.389999999999,2160.0,-0.0,427.26690552922287,-0.0,0.0,-0.0,379.905009499525
2021-11-28 16:00:00,38.771591532110016,4350.7,2160.0,250.5614084678905,1000.0,-0.0,100.0,-0.0,274.60386110383826
2021-11-28 17:00:00,-0.0,4312.96,2160.0,560.5510000000004,1000.0,-0.0,100.0,-0.0,169.31324282299107
2021-11-28 18:00:00,-0.0,4227.7,2160.0,846.045000000001,1000.0,-0.0,100.0,-0.0,64.03315360397194
2021-11-28 19:00:00,-0.0,4103.58,2160.0,1090.8195872258193,1000.0,-0.0,60.82541277418096,-0.0,-0.0
2021-11-28 20:00:00,-0.0,3954.41,2160.0,1225.6659999999993,1000.0,-0.0,0.0,-0.0,-0.0
2021-11-28 21:00:00,-0.0,3797.33,2160.0,1187.7510000000002,1000.0,-0.0,0.0,-0.0,-0.0
2021-11-28 22:00:00,-0.0,3650.62,2160.0,1103.1180000000004,1000.0,-0.0,0.0,-0.0,-0.0
2021-11-28 23:00:00,-0.0,3531.39,2160.0,1029.2320000000004,1000.0,-0.0,0.0,-0.0,-0.0
2021-11-29 00:00:00,-0.0,3464.1499999999996,2160.0,927.1990000000005,1000.0,-0.0,0.0,-0.0,-0.0
2021-11-29 01:00:00,-0.0,3435.8,2160.0,811.0469999999996,1000.0,-0.0,0.0,-0.0,-0.0
2021-11-29 02:00:00,-0.0,3459.5,2160.0,690.0600000000004,1000.0,-0.0,0.0,-0.0,-0.0
2021-11-29 03:00:00,-0.0,3531.14,2160.0,619.1650000000004,1000.0,-0.0,0.0,-0.0,-0.0
2021-11-29 04:00:00,-0.0,3640.83,2160.0,630.6909999999998,1000.0,-0.0,0.0,-0.0,-0.0
2021-11-29 05:00:00,-0.0,3774.2799999999997,2160.0,716.3890000000001,1000.0,-0.0,0.0,-0.0,-0.0
2021-11-29 06:00:00,-0.0,3914.7799999999997,2160.0,833.0990000000002,1000.0,-0.0,0.0,-0.0,-0.0
2021-11-29 07:00:00,-0.0,4045.5299999999997,2160.0,927.7280000000001,1000.0,-0.0,0.0,-0.0,-0.0
2021-11-29 08:00:00,37.26776124602818,4151.92,2160.0,927.4682387539726,1000.0,-0.0,0.0,-0.0,-0.0
2021-11-29 09:00:00,851.6939730923507,4223.53,2160.0,88.69902690765025,1000.0,-0.0,0.0,-0.0,-0.0
2021-11-29 10:00:00,1903.4345058455883,4255.53,2160.0,-0.0,-0.0,-0.0,0.0,24.492505845588312,23.267880553308895
2021-11-29 11:00:00,2730.448334160596,4249.34,1346.3266658394036,-0.0,-0.0,-0.0,0.0,100.0,118.26555376525357
2021-11-29 12:00:00,3040.961439527495,4212.41,1005.2065604725067,-0.0,-0.0,-0.0,0.0,100.0,213.25372720987704
2021-11-29 13:00:00,2730.448334160596,4157.17,1337.430665839403,-0.0,-0.0,-0.0,0.0,100.0,308.2324018371561
2021-11-29 14:00:00,1903.4345058455883,4099.3099999999995,2160.0,-0.0,-0.0,-0.0,0.0,10.355505845587686,318.03930915028064
2021-11-29 15:00:00,851.6939730923507,4055.58,2160.0,93.35402690765,1000.0,-0.0,100.0,-0.0,212.7443473246288
2021-11-29 16:00:00,37.26776124602818,4041.5,2160.0,1112.2272387539724,1000.0,-0.0,100.0,-0.0,107.45991499515951
2021-11-29 17:00:00,-0.0,4069.11,2160.0,1357.3059999999991,1000.0,-0.0,100.0,-0.0,2.1860111089231538
2021-11-29 18:00:00,-0.0,4145.3,2160.0,1581.1264971175788,1000.0,-0.0,2.0765028824216483,-0.0,-0.0
2021-11-29 19:00:00,-0.0,4270.75,2160.0,1540.9959999999992,1000.0,-0.0,0.0,-0.0,-0.0
2021-11-29 20:00:00,-0.0,4439.74,2160.0,1298.527,1000.0,-0.0,0.0,-0.0,-0.0
2021-11-29 21:00:00,-0.0,4640.8,2160.0,904.0459999999994,1000.0,-0.0,0.0,-0.0,-0.0
2021-11-29 22:00:00,-0.0,4858.12,2160.0,456.8640000000005,1000.0,-0.0,0.0,-0.0,-0.0
2021-11-29 23:00:00,-0.0,5073.58,2160.0,49.67100000000028,1000.0,-0.0,0.0,-0.0,-0.0
2021-11-30 00:00:00,-0.0,5279.7300000000005,2160.0,-0.0,239.20799999999963,-0.0,0.0,-0.0,-0.0
2021-11-30 01:00:00,-0.0,5439.429999999999,2160.0,-0.0,-0.0,-0.0,0.0,63.805999999999585,60.615699999999606
2021-11-30 02:00:00,-0.0,5551.88,1987.5429999999997,-0.0,-0.0,-0.0,0.0,100.0,155.60963842999962
2021-11-30 03:00:00,-0.0,5611.35,1929.8059999999996,-0.0,-0.0,-0.0,0.0,100.0,250.59407746615662
2021-11-30 04:00:00,-0.0,5618.54,2044.7160000000003,-0.0,-0.0,-0.0,0.0,100.0,345.56901805841
2021-11-30 05:00:00,-0.0,5580.34,2160.0,-0.0,-0.0,-0.0,42.84699999999975,-0.0,300.4323558934465
2021-11-30 06:00:00,-0.0,5508.83,2160.0,-0.0,272.2470000000003,-0.0,100.0,-0.0,195.13915476312036
2021-11-30 07:00:00,-0.0,5419.509999999999,2160.0,-0.0,587.5219999999999,-0.0,100.0,-0.0,89.8564829529072
2021-11-30 08:00:00,31.797037077730455,5329.17,2160.0,-0.0,804.5798404828881,-0.0,85.35512243938132,-0.0,-0.0
2021-11-30 09:00:00,825.256265346912,5253.5,2160.0,-0.0,219.7797346530881,-0.0,0.0,-0.0,-0.0
2021-11-30 10:00:00,1858.022544367117,5204.97,1375.8175419624704,-0.0,-0.0,-0.0,0.0,9.462086329586796,8.988982013107456
2021-11-30 11:00:00,2671.662803759397,5191.0599999999995,598.4261962406031,-0.0,-0.0,-0.0,0.0,100.0,103.98808311490615
2021-11-30 12:00:00,2977.3735539740337,5213.21,203.08044602596692,-0.0,-0.0,-0.0,0.0,100.0,198.97768430659465
2021-11-30 13:00:00,2671.662803759397,5266.650000000001,421.7691962406029,-0.0,-0.0,-0.0,0.0,100.0,293.957786538164
2021-11-30 14:00:00,1858.022544367117,5340.99,1188.2524556328826,-0.0,-0.0,-0.0,0.0,100.0,388.9283907595102
2021-11-30 15:00:00,825.256265346912,5421.679999999999,2160.0,-0.0,-0.0,-0.0,0.0,11.695265346911356,400.0
2021-11-30 16:00:00,31.797037077730455,5491.96,2160.0,-0.0,901.4829629222693,-0.0,0.0,-0.0,399.96
2021-11-30 17:00:00,-0.0,5535.2,2160.0,24.989000000000487,1000.0,-0.0,100.0,-0.0,294.6568461052632
2021-11-30 18:00:00,-0.0,5537.18,2160.0,224.52099999999882,1000.0,-0.0,100.0,-0.0,189.36422252591586
2021-11-30 19:00:00,-0.0,5488.09,2160.0,356.17399999999907,1000.0,-0.0,100.0,-0.0,84.08212820892645
2021-11-30 20:00:00,-0.0,5383.91,2160.0,406.22196600370035,1000.0,-0.0,79.87003399630028,-0.0,-0.0
2021-11-30 21:00:00,-0.0,5227.08,2160.0,448.6170000000002,1000.0,-0.0,0.0,-0.0,-0.0
2021-11-30 22:00:00,-0.0,5026.24,2160.0,418.6080000000002,1000.0,-0.0,0.0,-0.0,-0.0
2021-11-30 23:00:00,-0.0,4795.19,2160.0,456.83800000000065,1000.0,-0.0,0.0,-0.0,-0.0
2021-12-01 00:00:00,-0.0,4561.69,2160.0,84.65500000000065,1000.0,-0.0,0.0,-0.0,-0.0
2021-12-01 01:00:00,-0.0,4323.1,2160.0,178.64499999999953,1000.0,-0.0,0.0,-0.0,-0.0
2021-12-01 02:00:00,-0.0,4107.24,2160.0,296.9210000000003,1000.0,-0.0,0.0,-0.0,-0.0
2021-12-01 03:00:00,-0.0,3928.05,2160.0,476.3629999999994,1000.0,-0.0,0.0,-0.0,-0.0
2021-12-01 04:00:00,-0.0,3794.3500000000004,2160.0,730.5879999999997,1000.0,-0.0,0.0,-0.0,-0.0
2021-12-01 05:00:00,-0.0,3708.8399999999997,2160.0,1034.359,1000.0,-0.0,0.0,-0.0,-0.0
2021-12-01 06:00:00,-0.0,3667.82,2160.0,1331.507,1000.0,-0.0,0.0,-0.0,-0.0
2021-12-01 07:00:00,-0.0,3661.83,2160.0,1561.598,1000.0,-0.0,0.0,-0.0,-0.0
2021-12-01 08:00:00,23.38053835727241,3677.07,2160.0,1664.905461642727,1000.0,-0.0,0.0,-0.0,-0.0
2021-12-01 09:00:00,694.6891403438062,3697.35,2160.0,1018.9198596561946,1000.0,-0.0,0.0,-0.0,-0.0
2021-12-01 10:00:00,1575.2838847777298,3706.4399999999996,2160.0,97.93011522227107,1000.0,-0.0,0.0,-0.0,-0.0
2021-12-01 11:00:00,2270.301021027554,3690.29,2160.0,-0.0,348.66297897244704,-0.0,0.0,-0.0,-0.0
2021-12-01 12:00:00,2531.6271176957757,3639.0899999999997,2160.0,-0.0,68.76888230422537,-0.0,0.0,-0.0,-0.0
2021-12-01 13:00:00,2270.301021027554,3548.62,2160.0,-0.0,384.61897897244717,-0.0,0.0,-0.0,-0.0
2021-12-01 14:00:00,1575.2838847777298,3420.94,2160.0,232.05511522227062,1000.0,-0.0,0.0,-0.0,-0.0
2021-12-01 15:00:00,694.6891403438062,3264.1,2160.0,1374.9468596561946,1000.0,-0.0,0.0,-0.0,-0.0
2021-12-01 16:00:00,23.38053835727241,3091.16,2160.0,2406.6014616427274,1000.0,-0.0,0.0,-0.0,-0.0
2021-12-01 17:00:00,-0.0,2918.42,2160.0,2835.004999999999,1000.0,-0.0,0.0,-0.0,-0.0
2021-12-01 18:00:00,-0.0,2763.23,2160.0,3188.970000000001,1000.0,-0.0,0.0,-0.0,-0.0
2021-12-01 19:00:00,-0.0,2641.64,2160.0,3390.3199999999997,1000.0,-0.0,0.0,-0.0,-0.0
2021-12-01 20:00:00,-0.0,2566.25,2160.0,3388.5789999999997,1000.0,-0.0,0.0,-0.0,-0.0
2021-12-01 21:00:00,-0.0,2544.44,2160.0,3213.1530000000002,1000.0,-0.0,0.0,-0.0,-0.0
2021-12-01 22:00:00,-0.0,2577.35,2160.0,2946.4020000000005,1000.0,-0.0,0.0,-0.0,-0.0
2021-12-01 23:00:00,-0.0,2659.67,2160.0,2668.2119999999995,1000.0,-0.0,0.0,-0.0,-0.0
2021-12-02 00:00:00,-0.0,2790.66,2160.0,1928.25,1000.0,-0.0,0.0,-0.0,-0.0
2021-12-02 01:00:00,-0.0,2934.0899999999997,2160.0,1637.0630000000006,1000.0,-0.0,0.0,-0.0,-0.0
2021-12-02 02:00:00,-0.0,3082.46,2160.0,1387.9009999999998,1000.0,-0.0,0.0,-0.0,-0.0
2021-12-02 03:00:00,-0.0,3217.83,2160.0,1249.5290000000005,1000.0,-0.0,0.0,-0.0,-0.0
2021-12-02 04:00:00,-0.0,3324.56,2160.0,1260.025,1000.0,-0.0,0.0,-0.0,-0.0
2021-12-02 05:00:00,-0.0,3391.23,2160.0,1408.275,1000.0,-0.0,0.0,-0.0,-0.0
2021-12-02 06:00:00,-0.0,3412.15,2160.0,1640.1030000000005,1000.0,-0.0,0.0,-0.0,-0.0
2021-12-02 07:00:00,-0.0,3387.9700000000003,2160.0,1884.969,1000.0,-0.0,0.0,-0.0,-0.0
2021-12-02 08:00:00,16.560698952901262,3325.48,2160.0,2069.377301047098,1000.0,-0.0,0.0,-0.0,-0.0
2021-12-02 09:00:00,568.4107165269339,3236.5899999999997,2160.0,1648.5422834730662,1000.0,-0.0,0.0,-0.0,-0.0
2021-12-02 10:00:00,1297.842668500631,3136.61,2160.0,984.2793314993689,1000.0,-0.0,0.0,-0.0,-0.0
2021-12-02 11:00:00,1874.5708661160174,3042.04,2160.0,428.19013388398207,1000.0,-0.0,0.0,-0.0,-0.0
2021-12-02 12:00:00,2091.5556294518265,2968.31,2160.0,211.61637054817356,1000.0,-0.0,0.0,-0.0,-0.0
2021-12-02 13:00:00,1874.5708661160174,2927.5,2160.0,429.8951338839829,1000.0,-0.0,0.0,-0.0,-0.0
2021-12-02 14:00:00,1297.842668500631,2926.73,2160.0,1028.5473314993699,1000.0,-0.0,0.0,-0.0,-0.0
2021-12-02 15:00:00,568.4107165269339,2967.0299999999997,2160.0,1819.539283473066,1000.0,-0.0,0.0,-0.0,-0.0
2021-12-02 16:00:00,16.560698952901262,3043.18,2160.0,2479.0393010470993,1000.0,-0.0,0.0,-0.0,-0.0
2021-12-02 17:00:00,-0.0,3144.3399999999997,2160.0,2623.110000000001,1000.0,-0.0,0.0,-0.0,-0.0
2021-12-02 18:00:00,-0.0,3255.49,2160.0,2707.120000000001,1000.0,-0.0,0.0,-0.0,-0.0
2021-12-02 19:00:00,-0.0,3359.39,2160.0,2679.364000000001,1000.0,-0.0,0.0,-0.0,-0.0
2021-12-02 20:00:00,-0.0,3438.9399999999996,2160.0,2519.071000000001,1000.0,-0.0,0.0,-0.0,-0.0
2021-12-02 21:00:00,-0.0,3479.4599999999996,2160.0,2277.708,1000.0,-0.0,0.0,-0.0,-0.0
2021-12-02 22:00:00,-0.0,3470.65,2160.0,2049.0799999999995,1000.0,-0.0,0.0,-0.0,-0.0
2021-12-02 23:00:00,-0.0,3408.08,2160.0,1912.196,1000.0,-0.0,0.0,-0.0,-0.0
2021-12-03 00:00:00,-0.0,3303.97,2160.0,1403.5760000000005,1000.0,-0.0,0.0,-0.0,-0.0
2021-12-03 01:00:00,-0.0,3146.16,2160.0,1410.0770000000002,1000.0,-0.0,0.0,-0.0,-0.0
2021-12-03 02:00:00,-0.0,2958.31,2160.0,1493.6060000000002,1000.0,-0.0,0.0,-0.0,-0.0
2021-12-03 03:00:00,-0.0,2757.3199999999997,2160.0,1688.0870000000004,1000.0,-0.0,0.0,-0.0,-0.0
2021-12-03 04:00:00,-0.0,2561.3399999999997,2160.0,1997.815,1000.0,-0.0,0.0,-0.0,-0.0
2021-12-03 05:00:00,-0.0,2387.4300000000003,2160.0,2383.196,1000.0,-0.0,0.0,-0.0,-0.0
2021-12-03 06:00:00,-0.0,2249.35,2160.0,2770.609,1000.0,-0.0,0.0,-0.0,-0.0
2021-12-03 07:00:00,-0.0,2155.7799999999997,2160.0,3081.486,1000.0,-0.0,0.0,-0.0,-0.0
2021-12-03 08:00:00,13.336437310725792,2109.35,2160.0,3249.717562689274,1000.0,-0.0,0.0,-0.0,-0.0
2021-12-03 09:00:00,533.7669225290485,2106.3,2160.0,2771.163077470951,1000.0,-0.0,0.0,-0.0,-0.0
2021-12-03 10:00:00,1226.8346491487666,2137.21,2160.0,2009.1193508512342,1000.0,-0.0,0.0,-0.0,-0.0
2021-12-03 11:00:00,1775.7327035686387,2188.32,2160.0,1331.9732964313616,1000.0,-0.0,0.0,-0.0,-0.0
2021-12-03 12:00:00,1982.3825015638847,2243.59,2160.0,993.5774984361144,1000.0,-0.0,0.0,-0.0,-0.0
2021-12-03 13:00:00,1775.7327035686387,2286.91,2160.0,1114.2862964313617,1000.0,-0.0,0.0,-0.0,-0.0
2021-12-03 14:00:00,1226.8346491487666,2304.44,2160.0,1663.7583508512325,1000.0,-0.0,0.0,-0.0,-0.0
2021-12-03 15:00:00,533.7669225290485,2286.61,2160.0,2473.524077470951,1000.0,-0.0,0.0,-0.0,-0.0
2021-12-03 16:00:00,13.336437310725792,2229.48,2160.0,3231.9525626892746,1000.0,-0.0,0.0,-0.0,-0.0
2021-12-03 17:00:00,-0.0,2135.39,2160.0,3565.1810000000005,1000.0,-0.0,0.0,-0.0,-0.0
2021-12-03 18:00:00,-0.0,2012.73,2160.0,3880.1980000000003,1000.0,-0.0,0.0,-0.0,-0.0
2021-12-03 19:00:00,-0.0,1874.8999999999999,2160.0,4091.4359999999997,1000.0,-0.0,0.0,-0.0,-0.0
2021-12-03 20:00:00,-0.0,1738.5500000000002,2160.0,4144.3769999999995,1000.0,-0.0,0.0,-0.0,-0.0
2021-12-03 21:00:00,-0.0,1621.39,2160.0,4058.0999999999995,1000.0,-0.0,0.0,-0.0,-0.0
2021-12-03 22:00:00,-0.0,1539.8500000000001,2160.0,3899.682999999999,1000.0,-0.0,0.0,-0.0,-0.0
2021-12-03 23:00:00,-0.0,1506.8899999999999,2160.0,3730.746000000001,1000.0,-0.0,0.0,-0.0,-0.0
2021-12-04 00:00:00,-0.0,1540.27,2160.0,2645.9330000000004,1000.0,-0.0,0.0,-0.0,-0.0
2021-12-04 01:00:00,-0.0,1621.39,2160.0,2411.2199999999993,1000.0,-0.0,0.0,-0.0,-0.0
2021-12-04 02:00:00,-0.0,1755.28,2160.0,2170.8070000000007,1000.0,-0.0,0.0,-0.0,-0.0
2021-12-04 03:00:00,-0.0,1931.1200000000001,2160.0,1986.3420000000006,1000.0,-0.0,0.0,-0.0,-0.0
2021-12-04 04:00:00,-0.0,2133.66,2160.0,1895.5190000000002,1000.0,-0.0,0.0,-0.0,-0.0
2021-12-04 05:00:00,-0.0,2345.23,2160.0,1893.4770000000003,1000.0,-0.0,0.0,-0.0,-0.0
2021-12-04 06:00:00,-0.0,2548.09,2160.0,1938.0969999999998,1000.0,-0.0,0.0,-0.0,-0.0
2021-12-04 07:00:00,-0.0,2726.6800000000003,2160.0,1975.0519999999997,1000.0,-0.0,0.0,-0.0,-0.0
2021-12-04 08:00:00,11.7397779946389,2869.68,2160.0,1953.7802220053609,1000.0,-0.0,0.0,-0.0,-0.0
2021-12-04 09:00:00,554.1954977321603,2971.41,2160.0,1346.8445022678397,1000.0,-0.0,0.0,-0.0,-0.0
2021-12-04 10:00:00,1281.8884525437627,3032.49,2160.0,518.525547456238,1000.0,-0.0,0.0,-0.0,-0.0
2021-12-04 11:00:00,1859.1364927271775,3059.6099999999997,2160.0,-0.0,835.6365072728227,-0.0,0.0,-0.0,-0.0
2021-12-04 12:00:00,2076.5854012130117,3064.54,2160.0,-0.0,535.4945987869883,-0.0,0.0,-0.0,-0.0
2021-12-04 13:00:00,1859.1364927271775,3062.39,2160.0,-0.0,711.2855072728225,-0.0,0.0,-0.0,-0.0
2021-12-04 14:00:00,1281.8884525437627,3069.4100000000003,2160.0,298.5305474562367,1000.0,-0.0,0.0,-0.0,-0.0
2021-12-04 15:00:00,554.1954977321603,3100.7000000000003,2160.0,1092.8155022678397,1000.0,-0.0,0.0,-0.0,-0.0
2021-12-04 16:00:00,11.7397779946389,3168.0199999999995,2160.0,1747.9342220053618,1000.0,-0.0,0.0,-0.0,-0.0
2021-12-04 17:00:00,-0.0,3278.06,2160.0,1874.6529999999998,1000.0,-0.0,0.0,-0.0,-0.0
2021-12-04 18:00:00,-0.0,3431.4,2160.0,1912.9899999999993,1000.0,-0.0,0.0,-0.0,-0.0
2021-12-04 19:00:00,-0.0,3622.3300000000004,2160.0,1794.8919999999994,1000.0,-0.0,0.0,-0.0,-0.0
2021-12-04 20:00:00,-0.0,3839.5,2160.0,1493.8410000000003,1000.0,-0.0,0.0,-0.0,-0.0
2021-12-04 21:00:00,-0.0,4067.3199999999997,2160.0,1062.2170000000006,1000.0,-0.0,0.0,-0.0,-0.0
2021-12-04 22:00:00,-0.0,4287.99,2160.0,601.3270000000002,1000.0,-0.0,0.0,-0.0,-0.0
2021-12-04 23:00:00,-0.0,4483.82,2160.0,203.442,1000.0,-0.0,0.0,-0.0,-0.0
2021-12-05 00:00:00,-0.0,4649.37,2160.0,-0.0,422.3609999999999,-0.0,0.0,-0.0,-0.0
2021-12-05 01:00:00,-0.0,4754.01,2160.0,-0.0,164.18099999999959,-0.0,0.0,-0.0,-0.0
2021-12-05 02:00:00,-0.0,4802.54,2160.0,-0.0,9.286000000000058,-0.0,0.0,-0.0,-0.0
2021-12-05 03:00:00,-0.0,4796.389999999999,2160.0,-0.0,7.07300000000032,-0.0,0.0,-0.0,-0.0
2021-12-05 04:00:00,-0.0,4743.23,2160.0,-0.0,172.317,-0.0,0.0,-0.0,-0.0
2021-12-05 05:00:00,-0.0,4655.9400000000005,2160.0,-0.0,469.60799999999927,-0.0,0.0,-0.0,-0.0
2021-12-05 06:00:00,-0.0,4550.87,2160.0,-0.0,822.7340000000004,-0.0,0.0,-0.0,-0.0
2021-12-05 07:00:00,-0.0,4445.67,2160.0,144.15800000000036,1000.0,-0.0,0.0,-0.0,-0.0
2021-12-05 08:00:00,9.765613956531462,4356.93,2160.0,357.3833860434679,1000.0,-0.0,0.0,-0.0,-0.0
2021-12-05 09:00:00,550.7917666319751,4297.95,2160.0,-0.0,913.4722333680251,-0.0,0.0,-0.0,-0.0
2021-12-05 10:00:00,1281.7213602897534,4277.08,2160.0,-0.0,164.8536397102464,-0.0,0.0,-0.0,-0.0
2021-12-05 11:00:00,1862.4164517873562,4296.57,1747.2335482126443,-0.0,-0.0,-0.0,0.0,100.0,95.0
2021-12-05 12:00:00,2081.2887387332676,4352.41,1395.946261266733,-0.0,-0.0,-0.0,0.0,100.0,189.9905
2021-12-05 13:00:00,1862.4164517873562,4434.96,1489.7465482126433,-0.0,-0.0,-0.0,0.0,100.0,284.97150095
2021-12-05 14:00:00,1281.7213602897534,4530.29,1993.512639710247,-0.0,-0.0,-0.0,0.0,100.0,379.943003799905
2021-12-05 15:00:00,550.7917666319751,4622.26,2160.0,-0.0,471.83323336802493,-0.0,0.0,-0.0,379.905009499525
2021-12-05 16:00:00,9.765613956531462,4694.71,2160.0,21.968386043468854,1000.0,-0.0,100.0,-0.0,274.60386110383826
2021-12-05 17:00:00,-0.0,4733.85,2160.0,219.28299999999945,1000.0,-0.0,100.0,-0.0,169.31324282299107
2021-12-05 18:00:00,-0.0,4730.17,2160.0,416.40300000000025,1000.0,-0.0,100.0,-0.0,64.03315360397194
2021-12-05 19:00:00,-0.0,4679.860000000001,2160.0,580.5725872258183,1000.0,-0.0,60.82541277418096,-0.0,-0.0
2021-12-05 20:00:00,-0.0,4585.47,2160.0,653.8499999999995,1000.0,-0.0,0.0,-0.0,-0.0
2021-12-05 21:00:00,-0.0,4455.63,2160.0,581.9160000000002,1000.0,-0.0,0.0,-0.0,-0.0
2021-12-05 22:00:00,-0.0,4304.03,2160.0,495.41300000000047,1000.0,-0.0,0.0,-0.0,-0.0
2021-12-05 23:00:00,-0.0,4147.68,2160.0,451.90899999999965,1000.0,-0.0,0.0,-0.0,-0.0
2021-12-06 00:00:00,-0.0,4014.37,2160.0,407.924,1000.0,-0.0,0.0,-0.0,-0.0
2021-12-06 01:00:00,-0.0,3901.52,2160.0,369.5980000000004,1000.0,-0.0,0.0,-0.0,-0.0
2021-12-06 02:00:00,-0.0,3832.2400000000002,2160.0,334.9549999999995,1000.0,-0.0,0.0,-0.0,-0.0
2021-12-06 03:00:00,-0.0,3814.74,2160.0,346.6120000000001,1000.0,-0.0,0.0,-0.0,-0.0
2021-12-06 04:00:00,-0.0,3850.98,2160.0,425.0499999999997,1000.0,-0.0,0.0,-0.0,-0.0
2021-12-06 05:00:00,-0.0,3936.4500000000003,2160.0,552.2469999999998,1000.0,-0.0,0.0,-0.0,-0.0
2021-12-06 06:00:00,-0.0,4060.8300000000004,2160.0,678.6579999999999,1000.0,-0.0,0.0,-0.0,-0.0
2021-12-06 07:00:00,-0.0,4209.37,2160.0,749.1459999999997,1000.0,-0.0,0.0,-0.0,-0.0
2021-12-06 08:00:00,7.810015724425035,4364.91,2160.0,722.9159842755755,1000.0,-0.0,0.0,-0.0,-0.0
2021-12-06 09:00:00,533.296588777023,4510.17,2160.0,93.23541122297638,1000.0,-0.0,0.0,-0.0,-0.0
2021-12-06 10:00:00,1248.1234400299252,4630.08,2160.0,-0.0,222.9315599700751,-0.0,0.0,-0.0,-0.0
2021-12-06 11:00:00,1816.8373980548756,4713.75,1756.1626019451244,-0.0,-0.0,-0.0,0.0,100.0,95.0
2021-12-06 12:00:00,2031.3095889785477,4755.900000000001,1426.0694110214522,-0.0,-0.0,-0.0,0.0,100.0,189.9905
2021-12-06 13:00:00,1816.8373980548756,4757.52,1599.557601945124,-0.0,-0.0,-0.0,0.0,100.0,284.97150095
2021-12-06 14:00:00,1248.1234400299252,4725.650000000001,2160.0,-0.0,-0.0,-0.0,0.0,38.250440029925585,321.28092182833433
2021-12-06 15:00:00,533.296588777023,4672.34,2160.0,-0.0,832.5024112229761,-0.0,0.0,-0.0,321.2487937361515
2021-12-06 16:00:00,7.810015724425035,4612.95,2160.0,502.2369842755745,1000.0,-0.0,100.0,-0.0,215.9535109620411
2021-12-06 17:00:00,-0.0,4563.93,2160.0,789.0969999999998,1000.0,-0.0,100.0,-0.0,110.66875771620805
2021-12-06 18:00:00,-0.0,4540.54,2160.0,1009.3049999999994,1000.0,-0.0,100.0,-0.0,5.394532945699595
2021-12-06 19:00:00,-0.0,4554.61,2160.0,1168.2117061822155,1000.0,-0.0,5.124293817784774,-0.0,-0.0
2021-12-06 20:00:00,-0.0,4612.89,2160.0,1036.567,1000.0,-0.0,0.0,-0.0,-0.0
2021-12-06 21:00:00,-0.0,4715.97,2160.0,735.192,1000.0,-0.0,0.0,-0.0,-0.0
2021-12-06 22:00:00,-0.0,4858.08,2160.0,358.4850000000006,1000.0,-0.0,0.0,-0.0,-0.0
2021-12-06 23:00:00,-0.0,5027.77,2160.0,-0.0,992.4709999999995,-0.0,0.0,-0.0,-0.0
2021-12-07 00:00:00,-0.0,5218.85,2160.0,-0.0,191.29899999999998,-0.0,0.0,-0.0,-0.0
2021-12-07 01:00:00,-0.0,5394.25,2045.5428985451772,-0.0,-0.0,-0.0,0.0,17.24989854517779,16.3874036179189
2021-12-07 02:00:00,-0.0,5545.57,1876.6350000000002,-0.0,-0.0,-0.0,0.0,100.0,111.38576487755711
2021-12-07 03:00:00,-0.0,5657.2699999999995,1762.6890000000003,-0.0,-0.0,-0.0,0.0,100.0,206.37462630106936
2021-12-07 04:00:00,-0.0,5718.17,1820.0730000000003,-0.0,-0.0,-0.0,0.0,100.0,301.35398883843925
2021-12-07 05:00:00,-0.0,5722.89,2031.6329999999998,-0.0,-0.0,-0.0,0.0,100.0,396.3238534395554
2021-12-07 06:00:00,-0.0,5672.5199999999995,2160.0,-0.0,-0.0,-0.0,76.41000000000076,-0.0,315.85264210684227
2021-12-07 07:00:00,-0.0,5574.38,2160.0,-0.0,297.1930000000002,-0.0,100.0,-0.0,210.55789894789478
2021-12-07 08:00:00,6.875536822374179,5441.009999999999,2160.0,-0.0,564.4194631776268,-0.0,100.0,-0.0,105.27368526326316
2021-12-07 09:00:00,577.984483821455,5288.41,2160.0,-0.0,190.5835161785443,-0.0,100.0,-0.0,-0.0
2021-12-07 10:00:00,1360.0133641960144,5133.870000000001,1812.2447105457488,-0.0,-0.0,-0.0,0.0,21.121074741764055,20.065021004675852
2021-12-07 11:00:00,1983.0323047739203,4993.65,1337.5256952260806,-0.0,-0.0,-0.0,0.0,100.0,115.06301450257538
2021-12-07 12:00:00,2218.1063517567136,4880.75,1145.450648243287,-0.0,-0.0,-0.0,0.0,100.0,210.05150820112513
2021-12-07 13:00:00,1983.0323047739203,4803.19,1422.271695226079,-0.0,-0.0,-0.0,0.0,100.0,305.030503050305
2021-12-07 14:00:00,1360.0133641960144,4762.97,2110.6486358039847,-0.0,-0.0,-0.0,0.0,100.0,400.0
2021-12-07 15:00:00,577.984483821455,4755.86,2160.0,-0.0,745.9095161785461,-0.0,0.0,-0.0,399.96
2021-12-07 16:00:00,6.875536822374179,4771.99,2160.0,389.22546317762635,1000.0,-0.0,100.0,-0.0,294.6568461052632
2021-12-07 17:00:00,-0.0,4797.3,2160.0,604.2689999999993,1000.0,-0.0,100.0,-0.0,189.36422252591586
2021-12-07 18:00:00,-0.0,4815.54,2160.0,786.2629999999999,1000.0,-0.0,100.0,-0.0,84.08212820892645
2021-12-07 19:00:00,-0.0,4810.49,2160.0,892.9229660036995,1000.0,-0.0,79.87003399630028,-0.0,-0.0
2021-12-07 20:00:00,-0.0,4768.34,2160.0,939.7939999999999,1000.0,-0.0,0.0,-0.0,-0.0
2021-12-07 21:00:00,-0.0,4679.64,2160.0,833.4989999999989,1000.0,-0.0,0.0,-0.0,-0.0
2021-12-07 22:00:00,-0.0,4540.67,2160.0,741.1260000000002,1000.0,-0.0,0.0,-0.0,-0.0
2021-12-07 23:00:00,-0.0,4354.13,2160.0,734.5500000000002,1000.0,-0.0,0.0,-0.0,-0.0
2021-12-08 00:00:00,-0.0,4138.25,2160.0,343.29200000000037,1000.0,-0.0,0.0,-0.0,-0.0
2021-12-08 01:00:00,-0.0,3888.2299999999996,2160.0,448.8110000000006,1000.0,-0.0,0.0,-0.0,-0.0
2021-12-08 02:00:00,-0.0,3630.7299999999996,2160.0,609.0230000000001,1000.0,-0.0,0.0,-0.0,-0.0
2021-12-08 03:00:00,-0.0,3384.2299999999996,2160.0,856.2690000000002,1000.0,-0.0,0.0,-0.0,-0.0
2021-12-08 04:00:00,-0.0,3165.96,2160.0,1195.755,1000.0,-0.0,0.0,-0.0,-0.0
2021-12-08 05:00:00,-0.0,2989.78,2160.0,1591.083,1000.0,-0.0,0.0,-0.0,-0.0
2021-12-08 06:00:00,-0.0,2864.37,2160.0,1973.7030000000004,1000.0,-0.0,0.0,-0.0,-0.0
2021-12-08 07:00:00,-0.0,2792.21,2160.0,2271.2419999999993,1000.0,-0.0,0.0,-0.0,-0.0
2021-12-08 08:00:00,6.559918120357002,2769.34,2160.0,2430.950081879643,1000.0,-0.0,0.0,-0.0,-0.0
2021-12-08 09:00:00,691.174014407615,2786.0099999999998,2160.0,1776.9329855923852,1000.0,-0.0,0.0,-0.0,-0.0
2021-12-08 10:00:00,1634.5521261349552,2828.0499999999997,2160.0,762.0638738650443,1000.0,-0.0,0.0,-0.0,-0.0
2021-12-08 11:00:00,2387.0675635699085,2878.8999999999996,2160.0,-0.0,890.3414364300911,-0.0,0.0,-0.0,-0.0
2021-12-08 12:00:00,2671.1243953853673,2921.86,2160.0,-0.0,495.78760461463344,-0.0,0.0,-0.0,-0.0
2021-12-08 13:00:00,2387.0675635699085,2942.47,2160.0,-0.0,725.705436430092,-0.0,0.0,-0.0,-0.0
2021-12-08 14:00:00,1634.5521261349552,2930.4,2160.0,517.6308738650453,1000.0,-0.0,0.0,-0.0,-0.0
2021-12-08 15:00:00,691.174014407615,2880.95,2160.0,1618.6979855923855,1000.0,-0.0,0.0,-0.0,-0.0
2021-12-08 16:00:00,6.559918120357002,2795.66,2160.0,2578.9690818796435,1000.0,-0.0,0.0,-0.0,-0.0
2021-12-08 17:00:00,-0.0,2682.08,2160.0,2934.5300000000007,1000.0,-0.0,0.0,-0.0,-0.0
2021-12-08 18:00:00,-0.0,2552.74,2160.0,3265.9570000000003,1000.0,-0.0,0.0,-0.0,-0.0
2021-12-08 19:00:00,-0.0,2423.44,2160.0,3478.5,1000.0,-0.0,0.0,-0.0,-0.0
2021-12-08 20:00:00,-0.0,2311.03,2160.0,3517.4299999999985,1000.0,-0.0,0.0,-0.0,-0.0
2021-12-08 21:00:00,-0.0,2231.11,2160.0,3403.9300000000003,1000.0,-0.0,0.0,-0.0,-0.0
2021-12-08 22:00:00,-0.0,2195.83,2160.0,3209.348,1000.0,-0.0,0.0,-0.0,-0.0
2021-12-08 23:00:00,-0.0,2212.16,2160.0,3001.285,1000.0,-0.0,0.0,-0.0,-0.0
2021-12-09 00:00:00,-0.0,2290.08,2160.0,2317.309,1000.0,-0.0,0.0,-0.0,-0.0
2021-12-09 01:00:00,-0.0,2405.54,2160.0,2058.535,1000.0,-0.0,0.0,-0.0,-0.0
2021-12-09 02:00:00,-0.0,2556.3599999999997,2160.0,1811.5150000000003,1000.0,-0.0,0.0,-0.0,-0.0
2021-12-09 03:00:00,-0.0,2726.7999999999997,2160.0,1642.8070000000002,1000.0,-0.0,0.0,-0.0,-0.0
2021-12-09 04:00:00,-0.0,2898.8199999999997,2160.0,1592.8870000000006,1000.0,-0.0,0.0,-0.0,-0.0
2021-12-09 05:00:00,-0.0,3054.3599999999997,2160.0,1657.2780000000002,1000.0,-0.0,0.0,-0.0,-0.0
2021-12-09 06:00:00,-0.0,3177.7,2160.0,1791.8280000000004,1000.0,-0.0,0.0,-0.0,-0.0
2021-12-09 07:00:00,-0.0,3257.4399999999996,2160.0,1938.0430000000006,1000.0,-0.0,0.0,-0.0,-0.0
2021-12-09 08:00:00,5.7306454523118715,3287.9,2160.0,2045.7223545476872,1000.0,-0.0,0.0,-0.0,-0.0
2021-12-09 09:00:00,774.0393951921245,3269.84,2160.0,1343.1076048078744,1000.0,-0.0,0.0,-0.0,-0.0
2021-12-09 10:00:00,1839.1039880520873,3210.2000000000003,2160.0,308.4950119479133,1000.0,-0.0,0.0,-0.0,-0.0
2021-12-09 11:00:00,2689.6716355803765,3121.11,2160.0,-0.0,478.8183644196238,-0.0,0.0,-0.0,-0.0
2021-12-09 12:00:00,3010.884833805858,3018.1200000000003,2160.0,-0.0,193.1111661941418,-0.0,0.0,-0.0,-0.0
2021-12-09 13:00:00,2689.6716355803765,2918.0499999999997,2160.0,-0.0,580.8123644196235,-0.0,0.0,-0.0,-0.0
2021-12-09 14:00:00,1839.1039880520873,2836.63,2160.0,539.982011947913,1000.0,-0.0,0.0,-0.0,-0.0
2021-12-09 15:00:00,774.0393951921245,2786.36,2160.0,1763.2926048078743,1000.0,-0.0,0.0,-0.0,-0.0
2021-12-09 16:00:00,5.7306454523118715,2774.7300000000005,2160.0,2733.231354547687,1000.0,-0.0,0.0,-0.0,-0.0
2021-12-09 17:00:00,-0.0,2803.21,2160.0,2945.4309999999996,1000.0,-0.0,0.0,-0.0,-0.0
2021-12-09 18:00:00,-0.0,2867.0299999999997,2160.0,3083.1220000000003,1000.0,-0.0,0.0,-0.0,-0.0
2021-12-09 19:00:00,-0.0,2955.81,2160.0,3076.905,1000.0,-0.0,0.0,-0.0,-0.0
2021-12-09 20:00:00,-0.0,3054.9900000000002,2160.0,2903.4629999999993,1000.0,-0.0,0.0,-0.0,-0.0
2021-12-09 21:00:00,-0.0,3147.82,2160.0,2616.327999999999,1000.0,-0.0,0.0,-0.0,-0.0
2021-12-09 22:00:00,-0.0,3217.63,2160.0,2315.669000000001,1000.0,-0.0,0.0,-0.0,-0.0
2021-12-09 23:00:00,-0.0,3250.19,2160.0,2090.2889999999993,1000.0,-0.0,0.0,-0.0,-0.0
2021-12-10 00:00:00,-0.0,3244.66,2160.0,1488.3680000000004,1000.0,-0.0,0.0,-0.0,-0.0
2021-12-10 01:00:00,-0.0,3178.95,2160.0,1409.478,1000.0,-0.0,0.0,-0.0,-0.0
2021-12-10 02:00:00,-0.0,3064.46,2160.0,1426.384,1000.0,-0.0,0.0,-0.0,-0.0
2021-12-10 03:00:00,-0.0,2909.79,2160.0,1581.3059999999996,1000.0,-0.0,0.0,-0.0,-0.0
2021-12-10 04:00:00,-0.0,2728.67,2160.0,1882.951,1000.0,-0.0,0.0,-0.0,-0.0
2021-12-10 05:00:00,-0.0,2538.2599999999998,2160.0,2291.6210000000005,1000.0,-0.0,0.0,-0.0,-0.0
2021-12-10 06:00:00,-0.0,2356.88,2160.0,2729.129,1000.0,-0.0,0.0,-0.0,-0.0
2021-12-10 07:00:00,-0.0,2201.7400000000002,2160.0,3108.371000000001,1000.0,-0.0,0.0,-0.0,-0.0
2021-12-10 08:00:00,4.214437962229357,2086.68,2160.0,3361.1435620377706,1000.0,-0.0,0.0,-0.0,-0.0
2021-12-10 09:00:00,748.7837104287502,2020.43,2160.0,2728.4272895712493,1000.0,-0.0,0.0,-0.0,-0.0
2021-12-10 10:00:00,1786.7793581392398,2005.5500000000002,2160.0,1674.0076418607596,1000.0,-0.0,0.0,-0.0,-0.0
2021-12-10 11:00:00,2616.615188966401,2038.23,2160.0,741.090811033599,1000.0,-0.0,0.0,-0.0,-0.0
2021-12-10 12:00:00,2930.1235777014626,2108.89,2160.0,287.1544222985376,1000.0,-0.0,0.0,-0.0,-0.0
2021-12-10 13:00:00,2616.615188966401,2203.59,2160.0,470.0168110335985,1000.0,-0.0,0.0,-0.0,-0.0
2021-12-10 14:00:00,1786.7793581392398,2306.0,2160.0,1222.1816418607596,1000.0,-0.0,0.0,-0.0,-0.0
2021-12-10 15:00:00,748.7837104287502,2399.73,2160.0,2271.9042895712496,1000.0,-0.0,0.0,-0.0,-0.0
2021-12-10 16:00:00,4.214437962229357,2470.6,2160.0,3133.0095620377706,1000.0,-0.0,0.0,-0.0,-0.0
2021-12-10 17:00:00,-0.0,2508.62,2160.0,3331.487,1000.0,-0.0,0.0,-0.0,-0.0
2021-12-10 18:00:00,-0.0,2509.42,2160.0,3529.4629999999997,1000.0,-0.0,0.0,-0.0,-0.0
2021-12-10 19:00:00,-0.0,2474.88,2160.0,3643.7619999999997,1000.0,-0.0,0.0,-0.0,-0.0
2021-12-10 20:00:00,-0.0,2412.9,2160.0,3628.612000000001,1000.0,-0.0,0.0,-0.0,-0.0
2021-12-10 21:00:00,-0.0,2336.34,2160.0,3507.9349999999995,1000.0,-0.0,0.0,-0.0,-0.0
2021-12-10 22:00:00,-0.0,2261.34,2160.0,3349.093999999999,1000.0,-0.0,0.0,-0.0,-0.0
2021-12-10 23:00:00,-0.0,2205.06,2160.0,3209.505000000001,1000.0,-0.0,0.0,-0.0,-0.0
2021-12-11 00:00:00,-0.0,2192.23,2160.0,2175.4199999999996,1000.0,-0.0,0.0,-0.0,-0.0
2021-12-11 01:00:00,-0.0,2217.57,2160.0,2002.3219999999997,1000.0,-0.0,0.0,-0.0,-0.0
2021-12-11 02:00:00,-0.0,2297.12,2160.0,1821.9809999999998,1000.0,-0.0,0.0,-0.0,-0.0
2021-12-11 03:00:00,-0.0,2431.85,2160.0,1684.2490000000003,1000.0,-0.0,0.0,-0.0,-0.0
2021-12-11 04:00:00,-0.0,2616.26,2160.0,1617.0639999999994,1000.0,-0.0,0.0,-0.0,-0.0
2021-12-11 05:00:00,-0.0,2839.05,2160.0,1609.1949999999997,1000.0,-0.0,0.0,-0.0,-0.0
2021-12-11 06:00:00,-0.0,3084.5699999999997,2160.0,1616.4230000000007,1000.0,-0.0,0.0,-0.0,-0.0
2021-12-11 07:00:00,-0.0,3334.7599999999998,2160.0,1586.9190000000003,1000.0,-0.0,0.0,-0.0,-0.0
2021-12-11 08:00:00,2.7353620841488633,3571.5200000000004,2160.0,1485.90263791585,1000.0,-0.0,0.0,-0.0,-0.0
2021-12-11 09:00:00,659.717350439903,3779.02,2160.0,663.5446495600963,1000.0,-0.0,0.0,-0.0,-0.0
2021-12-11 10:00:00,1580.43280164201,3945.69,2160.0,-0.0,541.3491983579897,-0.0,0.0,-0.0,-0.0
2021-12-11 11:00:00,2317.229189996108,4065.67,1870.6418100038932,-0.0,-0.0,-0.0,0.0,100.0,95.0
2021-12-11 12:00:00,2595.685337001262,4139.45,1445.0866629987381,-0.0,-0.0,-0.0,0.0,100.0,189.9905
2021-12-11 13:00:00,2317.229189996108,4173.66,1649.8168100038924,-0.0,-0.0,-0.0,0.0,100.0,284.97150095
2021-12-11 14:00:00,1580.43280164201,4180.070000000001,2160.0,-0.0,141.3571983579891,-0.0,0.0,-0.0,284.943003799905
2021-12-11 15:00:00,659.717350439903,4173.82,2160.0,70.18264956009762,1000.0,-0.0,100.0,-0.0,179.6513516047882
2021-12-11 16:00:00,2.7353620841488633,4171.3,2160.0,913.4836379158512,1000.0,-0.0,100.0,-0.0,74.3702285748909
2021-12-11 17:00:00,-0.0,4187.76,2160.0,1157.7853480255685,1000.0,-0.0,70.64465197443175,-0.0,-0.0
2021-12-11 18:00:00,-0.0,4235.19,2160.0,1376.1600000000008,1000.0,-0.0,0.0,-0.0,-0.0
2021-12-11 19:00:00,-0.0,4320.56,2160.0,1366.9340000000002,1000.0,-0.0,0.0,-0.0,-0.0
2021-12-11 20:00:00,-0.0,4444.78,2160.0,1161.9710000000005,1000.0,-0.0,0.0,-0.0,-0.0
2021-12-11 21:00:00,-0.0,4602.5,2160.0,803.4079999999994,1000.0,-0.0,0.0,-0.0,-0.0
2021-12-11 22:00:00,-0.0,4782.79,2160.0,385.6799999999994,1000.0,-0.0,0.0,-0.0,-0.0
2021-12-11 23:00:00,-0.0,4970.5,2160.0,-0.0,998.5159999999996,-0.0,0.0,-0.0,-0.0
2021-12-12 00:00:00,-0.0,5156.96,2160.0,-0.0,197.5060000000003,-0.0,0.0,-0.0,-0.0
2021-12-12 01:00:00,-0.0,5307.650000000001,2155.5069999999996,-0.0,-0.0,-0.0,0.0,100.0,95.0
2021-12-12 02:00:00,-0.0,5416.4400000000005,1942.3959999999997,-0.0,-0.0,-0.0,0.0,100.0,189.9905
2021-12-12 03:00:00,-0.0,5472.96,1879.3670000000002,-0.0,-0.0,-0.0,0.0,100.0,284.97150095
2021-12-12 04:00:00,-0.0,5472.679999999999,1993.3950000000004,-0.0,-0.0,-0.0,0.0,100.0,379.943003799905
2021-12-12 05:00:00,-0.0,5417.530000000001,2160.0,-0.0,-0.0,-0.0,0.01599999999962165,-0.0,379.88816739426227
2021-12-12 06:00:00,-0.0,5315.69,2160.0,-0.0,251.1890000000003,-0.0,100.0,-0.0,274.58702068278603
2021-12-12 07:00:00,-0.0,5180.55,2160.0,-0.0,603.6359999999995,-0.0,100.0,-0.0,169.29640408598095
2021-12-12 08:00:00,1.7637515700959865,5028.92,2160.0,-0.0,888.6402484299035,-0.0,100.0,-0.0,64.01631655083553
2021-12-12 09:00:00,601.1669869147166,4878.91,2160.0,-0.0,517.2635939120618,-0.0,60.80941917322143,-0.0,-0.0
2021-12-12 10:00:00,1445.2613567506537,4747.49,2008.45371799111,-0.0,-0.0,-0.0,0.0,21.121074741764055,20.065021004675852
2021-12-12 11:00:00,2121.322805073446,4648.360000000001,1433.2631949265533,-0.0,-0.0,-0.0,0.0,100.0,115.06301450257538
2021-12-12 12:00:00,2376.912067687356,4590.179999999999,1159.377932312645,-0.0,-0.0,-0.0,0.0,100.0,210.05150820112513
2021-12-12 13:00:00,2121.322805073446,4575.4800000000005,1387.0461949265537,-0.0,-0.0,-0.0,0.0,100.0,305.030503050305
2021-12-12 14:00:00,1445.2613567506537,4600.49,2056.2026432493462,-0.0,-0.0,-0.0,0.0,100.0,400.0
2021-12-12 15:00:00,601.1669869147166,4655.7300000000005,2160.0,-0.0,683.9240130852828,-0.0,0.0,-0.0,399.96
2021-12-12 16:00:00,1.7637515700959865,4727.4,2160.0,292.52524842990465,1000.0,-0.0,100.0,-0.0,294.6568461052632
2021-12-12 17:00:00,-0.0,4799.42,2160.0,448.0709999999999,1000.0,-0.0,100.0,-0.0,189.36422252591586
2021-12-12 18:00:00,-0.0,4855.650000000001,2160.0,584.1979999999994,1000.0,-0.0,100.0,-0.0,84.08212820892645
2021-12-12 19:00:00,-0.0,4882.2300000000005,2160.0,651.1559660036987,1000.0,-0.0,79.87003399630028,-0.0,-0.0
2021-12-12 20:00:00,-0.0,4869.56,2160.0,660.2869999999994,1000.0,-0.0,0.0,-0.0,-0.0
2021-12-12 21:00:00,-0.0,4813.66,2160.0,512.7510000000002,1000.0,-0.0,0.0,-0.0,-0.0
2021-12-12 22:00:00,-0.0,4716.88,2160.0,369.5729999999994,1000.0,-0.0,0.0,-0.0,-0.0
2021-12-12 23:00:00,-0.0,4587.58,2160.0,296.97599999999966,1000.0,-0.0,0.0,-0.0,-0.0
2021-12-13 00:00:00,-0.0,4447.64,2160.0,255.9349999999995,1000.0,-0.0,0.0,-0.0,-0.0
2021-12-13 01:00:00,-0.0,4296.76,2160.0,253.22199999999975,1000.0,-0.0,0.0,-0.0,-0.0
2021-12-13 02:00:00,-0.0,4161.13,2160.0,282.3299999999999,1000.0,-0.0,0.0,-0.0,-0.0
2021-12-13 03:00:00,-0.0,4057.1800000000003,2160.0,377.65399999999954,1000.0,-0.0,0.0,-0.0,-0.0
2021-12-13 04:00:00,-0.0,3997.89,2160.0,548.6610000000005,1000.0,-0.0,0.0,-0.0,-0.0
2021-12-13 05:00:00,-0.0,3991.0,2160.0,765.0799999999999,1000.0,-0.0,0.0,-0.0,-0.0
2021-12-13 06:00:00,-0.0,4038.03,2160.0,965.529,1000.0,-0.0,0.0,-0.0,-0.0
2021-12-13 07:00:00,-0.0,4134.0,2160.0,1085.1039999999994,1000.0,-0.0,0.0,-0.0,-0.0
2021-12-13 08:00:00,1.1572685740629807,4268.12,2160.0,1083.2947314259372,1000.0,-0.0,0.0,-0.0,-0.0
2021-12-13 09:00:00,585.0828103158412,4425.2,2160.0,379.53918968415906,1000.0,-0.0,0.0,-0.0,-0.0
2021-12-13 10:00:00,1411.0012560767893,4587.64,2160.0,-0.0,351.6357439232104,-0.0,0.0,-0.0,-0.0
2021-12-13 11:00:00,2073.014577858817,4737.73,1721.0104221411825,-0.0,-0.0,-0.0,0.0,100.0,95.0
2021-12-13 12:00:00,2323.3620945784414,4860.01,1270.6199054215585,-0.0,-0.0,-0.0,0.0,100.0,189.9905
2021-12-13 13:00:00,2073.014577858817,4943.2300000000005,1393.9394221411817,-0.0,-0.0,-0.0,0.0,100.0,284.97150095
2021-12-13 14:00:00,1411.0012560767893,4981.79,2034.41074392321,-0.0,-0.0,-0.0,0.0,100.0,379.943003799905
2021-12-13 15:00:00,585.0828103158412,4976.400000000001,2160.0,-0.0,703.6001896841587,-0.0,0.0,-0.0,379.905009499525
2021-12-13 16:00:00,1.1572685740629807,4933.86,2160.0,410.04873142593806,1000.0,-0.0,100.0,-0.0,274.60386110383826
2021-12-13 17:00:00,-0.0,4866.0599999999995,2160.0,704.0259999999998,1000.0,-0.0,100.0,-0.0,169.31324282299107
2021-12-13 18:00:00,-0.0,4788.19,2160.0,973.572000000001,1000.0,-0.0,100.0,-0.0,64.03315360397194
2021-12-13 19:00:00,-0.0,4716.66,2160.0,1157.1085872258182,1000.0,-0.0,60.82541277418096,-0.0,-0.0
2021-12-13 20:00:00,-0.0,4666.69,2160.0,1184.0240000000003,1000.0,-0.0,0.0,-0.0,-0.0
2021-12-13 21:00:00,-0.0,4650.16,2160.0,996.7489999999998,1000.0,-0.0,0.0,-0.0,-0.0
2021-12-13 22:00:00,-0.0,4673.91,2160.0,732.7790000000005,1000.0,-0.0,0.0,-0.0,-0.0
2021-12-13 23:00:00,-0.0,4738.68,2160.0,465.9539999999997,1000.0,-0.0,0.0,-0.0,-0.0
2021-12-14 00:00:00,-0.0,4847.2,2160.0,-0.0,740.0349999999999,-0.0,0.0,-0.0,-0.0
2021-12-14 01:00:00,-0.0,4971.6900000000005,2160.0,-0.0,462.0049999999992,-0.0,0.0,-0.0,-0.0
2021-12-14 02:00:00,-0.0,5105.030000000001,2160.0,-0.0,222.29999999999927,-0.0,0.0,-0.0,-0.0
2021-12-14 03:00:00,-0.0,5229.58,2160.0,-0.0,89.38699999999972,-0.0,0.0,-0.0,-0.0
2021-12-14 04:00:00,-0.0,5327.82,2160.0,-0.0,103.23100000000068,-0.0,0.0,-0.0,-0.0
2021-12-14 05:00:00,-0.0,5384.62,2160.0,-0.0,256.4319999999998,-0.0,0.0,-0.0,-0.0
2021-12-14 06:00:00,-0.0,5389.27,2160.0,-0.0,499.83799999999974,-0.0,0.0,-0.0,-0.0
2021-12-14 07:00:00,-0.0,5336.9,2160.0,-0.0,768.4320000000007,-0.0,0.0,-0.0,-0.0
2021-12-14 08:00:00,0.6807462200370474,5229.099999999999,2160.0,9.802253779964076,1000.0,-0.0,0.0,-0.0,-0.0
2021-12-14 09:00:00,546.6949121077521,5073.74,2160.0,-0.0,657.2830878922489,-0.0,0.0,-0.0,-0.0
2021-12-14 10:00:00,1322.0029707099459,4883.87,2160.0,-0.0,33.286029290053875,-0.0,0.0,-0.0,-0.0
2021-12-14 11:00:00,1943.8584541117884,4676.05,1801.8155458882115,-0.0,-0.0,-0.0,0.0,100.0,95.0
2021-12-14 12:00:00,2179.0810275425893,4468.099999999999,1697.9679724574107,-0.0,-0.0,-0.0,0.0,100.0,189.9905
2021-12-14 13:00:00,1943.8584541117884,4276.78,2081.9885458882122,-0.0,-0.0,-0.0,0.0,100.0,284.97150095
2021-12-14 14:00:00,1322.0029707099459,4115.61,2160.0,-0.0,623.4150292900547,-0.0,0.0,-0.0,284.943003799905
2021-12-14 15:00:00,546.6949121077521,3993.09,2160.0,520.604087892247,1000.0,-0.0,100.0,-0.0,179.6513516047882
2021-12-14 16:00:00,0.6807462200370474,3911.67,2160.0,1329.597253779963,1000.0,-0.0,100.0,-0.0,74.3702285748909
2021-12-14 17:00:00,-0.0,3867.51,2160.0,1630.4823480255686,1000.0,-0.0,70.64465197443175,-0.0,-0.0
2021-12-14 18:00:00,-0.0,3851.12,2160.0,1910.9559999999992,1000.0,-0.0,0.0,-0.0,-0.0
2021-12-14 19:00:00,-0.0,3848.78,2160.0,1987.9820000000004,1000.0,-0.0,0.0,-0.0,-0.0
2021-12-14 20:00:00,-0.0,3844.48,2160.0,1910.3440000000005,1000.0,-0.0,0.0,-0.0,-0.0
2021-12-14 21:00:00,-0.0,3822.2400000000002,2160.0,1730.809999999999,1000.0,-0.0,0.0,-0.0,-0.0
2021-12-14 22:00:00,-0.0,3768.41,2160.0,1546.5370000000003,1000.0,-0.0,0.0,-0.0,-0.0
2021-12-14 23:00:00,-0.0,3673.63,2160.0,1441.4630000000006,1000.0,-0.0,0.0,-0.0,-0.0
2021-12-15 00:00:00,-0.0,3542.3500000000004,2160.0,957.4069999999992,1000.0,-0.0,0.0,-0.0,-0.0
2021-12-15 01:00:00,-0.0,3361.0499999999997,2160.0,987.5310000000004,1000.0,-0.0,0.0,-0.0,-0.0
2021-12-15 02:00:00,-0.0,3146.59,2160.0,1098.0689999999995,1000.0,-0.0,0.0,-0.0,-0.0
2021-12-15 03:00:00,-0.0,2912.7999999999997,2160.0,1326.016,1000.0,-0.0,0.0,-0.0,-0.0
2021-12-15 04:00:00,-0.0,2676.79,2160.0,1676.7039999999997,1000.0,-0.0,0.0,-0.0,-0.0
2021-12-15 05:00:00,-0.0,2456.77,2160.0,2109.391,1000.0,-0.0,0.0,-0.0,-0.0
2021-12-15 06:00:00,-0.0,2269.7000000000003,2160.0,2547.252,1000.0,-0.0,0.0,-0.0,-0.0
2021-12-15 07:00:00,-0.0,2129.06,2160.0,2906.9199999999996,1000.0,-0.0,0.0,-0.0,-0.0
2021-12-15 08:00:00,0.3403731100185237,2043.18,2160.0,3129.578626889981,1000.0,-0.0,0.0,-0.0,-0.0
2021-12-15 09:00:00,470.6431821256133,2014.0900000000001,2160.0,2729.432817874386,1000.0,-0.0,0.0,-0.0,-0.0
2021-12-15 10:00:00,1140.7078751100794,2037.38,2160.0,2000.5101248899205,1000.0,-0.0,0.0,-0.0,-0.0
2021-12-15 11:00:00,1678.4540687253443,2102.7999999999997,2160.0,1322.959931274656,1000.0,-0.0,0.0,-0.0,-0.0
2021-12-15 12:00:00,1881.9043594864165,2195.7,2160.0,953.138640513584,1000.0,-0.0,0.0,-0.0,-0.0
2021-12-15 13:00:00,1678.4540687253443,2298.96,2160.0,1013.9639312746554,1000.0,-0.0,0.0,-0.0,-0.0
2021-12-15 14:00:00,1140.7078751100794,2395.39,2160.0,1476.8891248899208,1000.0,-0.0,0.0,-0.0,-0.0
2021-12-15 15:00:00,470.6431821256133,2469.96,2160.0,2174.999817874386,1000.0,-0.0,0.0,-0.0,-0.0
2021-12-15 16:00:00,0.3403731100185237,2511.84,2160.0,2788.280626889981,1000.0,-0.0,0.0,-0.0,-0.0
2021-12-15 17:00:00,-0.0,2515.8,2160.0,3014.691,1000.0,-0.0,0.0,-0.0,-0.0
2021-12-15 18:00:00,-0.0,2482.88,2160.0,3244.428999999999,1000.0,-0.0,0.0,-0.0,-0.0
2021-12-15 19:00:00,-0.0,2420.15,2160.0,3385.26,1000.0,-0.0,0.0,-0.0,-0.0
2021-12-15 20:00:00,-0.0,2339.7200000000003,2160.0,3387.2,1000.0,-0.0,0.0,-0.0,-0.0
2021-12-15 21:00:00,-0.0,2256.9500000000003,2160.0,3271.6759999999995,1000.0,-0.0,0.0,-0.0,-0.0
2021-12-15 22:00:00,-0.0,2188.35,2160.0,3105.678,1000.0,-0.0,0.0,-0.0,-0.0
2021-12-15 23:00:00,-0.0,2149.18,2160.0,2948.525,1000.0,-0.0,0.0,-0.0,-0.0
2021-12-16 00:00:00,-0.0,2159.21,2160.0,2326.4880000000003,1000.0,-0.0,0.0,-0.0,-0.0
2021-12-16 01:00:00,-0.0,2209.39,2160.0,2128.7019999999998,1000.0,-0.0,0.0,-0.0,-0.0
2021-12-16 02:00:00,-0.0,2308.2400000000002,2160.0,1929.5139999999997,1000.0,-0.0,0.0,-0.0,-0.0
2021-12-16 03:00:00,-0.0,2449.98,2160.0,1785.5279999999998,1000.0,-0.0,0.0,-0.0,-0.0
2021-12-16 04:00:00,-0.0,2623.17,2160.0,1730.6220000000003,1000.0,-0.0,0.0,-0.0,-0.0
2021-12-16 05:00:00,-0.0,2812.08,2160.0,1757.9920000000002,1000.0,-0.0,0.0,-0.0,-0.0
2021-12-16 06:00:00,-0.0,2998.73,2160.0,1825.7490000000003,1000.0,-0.0,0.0,-0.0,-0.0
2021-12-16 07:00:00,-0.0,3165.17,2160.0,1881.9519999999993,1000.0,-0.0,0.0,-0.0,-0.0
2021-12-16 08:00:00,0.16090365200875664,3295.83,2160.0,1891.8630963479904,1000.0,-0.0,0.0,-0.0,-0.0
2021-12-16 09:00:00,435.86942748572073,3379.5199999999995,2160.0,1417.1375725142798,1000.0,-0.0,0.0,-0.0,-0.0
2021-12-16 10:00:00,1058.3932799035997,3410.86,2160.0,731.3027200964007,1000.0,-0.0,0.0,-0.0,-0.0
2021-12-16 11:00:00,1558.2219090628012,3390.89,2160.0,180.64509093719857,1000.0,-0.0,0.0,-0.0,-0.0
2021-12-16 12:00:00,1747.351774795094,3326.9100000000003,2160.0,-0.0,985.5942252049056,-0.0,0.0,-0.0,-0.0
2021-12-16 13:00:00,1558.2219090628012,3231.42,2160.0,234.40109093719843,1000.0,-0.0,0.0,-0.0,-0.0
2021-12-16 14:00:00,1058.3932799035997,3120.37,2160.0,870.4177200964009,1000.0,-0.0,0.0,-0.0,-0.0
2021-12-16 15:00:00,435.86942748572073,3011.03,2160.0,1708.403572514279,1000.0,-0.0,0.0,-0.0,-0.0
2021-12-16 16:00:00,0.16090365200875664,2919.58,2160.0,2423.8990963479905,1000.0,-0.0,0.0,-0.0,-0.0
2021-12-16 17:00:00,-0.0,2858.9700000000003,2160.0,2718.148,1000.0,-0.0,0.0,-0.0,-0.0
2021-12-16 18:00:00,-0.0,2837.1600000000003,2160.0,2940.1920000000005,1000.0,-0.0,0.0,-0.0,-0.0
2021-12-16 19:00:00,-0.0,2856.08,2160.0,3002.7520000000004,1000.0,-0.0,0.0,-0.0,-0.0
2021-12-16 20:00:00,-0.0,2911.4,2160.0,2872.283000000001,1000.0,-0.0,0.0,-0.0,-0.0
2021-12-16 21:00:00,-0.0,2993.2,2160.0,2595.4880000000003,1000.0,-0.0,0.0,-0.0,-0.0
2021-12-16 22:00:00,-0.0,3087.31,2160.0,2270.0349999999994,1000.0,-0.0,0.0,-0.0,-0.0
2021-12-16 23:00:00,-0.0,3177.38,2160.0,1986.8489999999993,1000.0,-0.0,0.0,-0.0,-0.0
2021-12-17 00:00:00,-0.0,3254.7999999999997,2160.0,1300.3540000000007,1000.0,-0.0,0.0,-0.0,-0.0
2021-12-17 01:00:00,-0.0,3290.25,2160.0,1120.4030000000002,1000.0,-0.0,0.0,-0.0,-0.0
2021-12-17 02:00:00,-0.0,3281.83,2160.0,1031.5349999999999,1000.0,-0.0,0.0,-0.0,-0.0
2021-12-17 03:00:00,-0.0,3225.7400000000002,2160.0,1088.3709999999996,1000.0,-0.0,0.0,-0.0,-0.0
2021-12-17 04:00:00,-0.0,3124.52,2160.0,1310.8070000000002,1000.0,-0.0,0.0,-0.0,-0.0
2021-12-17 05:00:00,-0.0,2986.9,2160.0,1667.574,1000.0,-0.0,0.0,-0.0,-0.0
2021-12-17 06:00:00,-0.0,2826.68,2160.0,2085.0050000000006,1000.0,-0.0,0.0,-0.0,-0.0
2021-12-17 07:00:00,-0.0,2661.0099999999998,2160.0,2476.0540000000005,1000.0,-0.0,0.0,-0.0,-0.0
2021-12-17 08:00:00,0.07426322400404153,2508.2,2160.0,2772.1877367759957,1000.0,-0.0,0.0,-0.0,-0.0
2021-12-17 09:00:00,504.74237914746897,2385.35,2160.0,2437.6356208525303,1000.0,-0.0,0.0,-0.0,-0.0
2021-12-17 10:00:00,1227.3854347267966,2306.11,2160.0,1764.7825652732035,1000.0,-0.0,0.0,-0.0,-0.0
2021-12-17 11:00:00,1807.7958505323836,2279.0299999999997,2160.0,1143.095149467617,1000.0,-0.0,0.0,-0.0,-0.0
2021-12-17 12:00:00,2027.4479013303373,2306.4,2160.0,828.5360986696626,1000.0,-0.0,0.0,-0.0,-0.0
2021-12-17 13:00:00,1807.7958505323836,2384.09,2160.0,936.9691494676158,1000.0,-0.0,0.0,-0.0,-0.0
2021-12-17 14:00:00,1227.3854347267966,2502.16,2160.0,1426.6495652732033,1000.0,-0.0,0.0,-0.0,-0.0
2021-12-17 15:00:00,504.74237914746897,2646.2799999999997,2160.0,2113.4106208525322,1000.0,-0.0,0.0,-0.0,-0.0
2021-12-17 16:00:00,0.07426322400404153,2799.67,2160.0,2655.0567367759954,1000.0,-0.0,0.0,-0.0,-0.0
2021-12-17 17:00:00,-0.0,2945.4900000000002,2160.0,2744.7319999999995,1000.0,-0.0,0.0,-0.0,-0.0
2021-12-17 18:00:00,-0.0,3069.04,2160.0,2823.2689999999993,1000.0,-0.0,0.0,-0.0,-0.0
2021-12-17 19:00:00,-0.0,3159.8500000000004,2160.0,2815.700999999999,1000.0,-0.0,0.0,-0.0,-0.0
2021-12-17 20:00:00,-0.0,3213.01,2160.0,2689.062,1000.0,-0.0,0.0,-0.0,-0.0
2021-12-17 21:00:00,-0.0,3229.8700000000003,2160.0,2478.7819999999997,1000.0,-0.0,0.0,-0.0,-0.0
2021-12-17 22:00:00,-0.0,3217.8,2160.0,2260.9900000000007,1000.0,-0.0,0.0,-0.0,-0.0
2021-12-17 23:00:00,-0.0,3189.15,2160.0,2097.9070000000006,1000.0,-0.0,0.0,-0.0,-0.0
2021-12-18 00:00:00,-0.0,3167.04,2160.0,1075.8540000000003,1000.0,-0.0,0.0,-0.0,-0.0
2021-12-18 01:00:00,-0.0,3153.14,2160.0,946.4389999999999,1000.0,-0.0,0.0,-0.0,-0.0
2021-12-18 02:00:00,-0.0,3170.3700000000003,2160.0,833.0089999999996,1000.0,-0.0,0.0,-0.0,-0.0
2021-12-18 03:00:00,-0.0,3230.7000000000003,2160.0,774.4109999999996,1000.0,-0.0,0.0,-0.0,-0.0
2021-12-18 04:00:00,-0.0,3340.96,2160.0,786.2520000000004,1000.0,-0.0,0.0,-0.0,-0.0
2021-12-18 05:00:00,-0.0,3501.74,2160.0,845.402,1000.0,-0.0,0.0,-0.0,-0.0
2021-12-18 06:00:00,-0.0,3707.2500000000005,2160.0,897.7829999999999,1000.0,-0.0,0.0,-0.0,-0.0
2021-12-18 07:00:00,-0.0,3945.95,2160.0,885.0370000000003,1000.0,-0.0,0.0,-0.0,-0.0
2021-12-18 08:00:00,0.024754408001347178,4201.96,2160.0,772.8722455919985,1000.0,-0.0,0.0,-0.0,-0.0
2021-12-18 09:00:00,623.6749323899415,4457.09,2160.0,-0.0,941.7260676100583,-0.0,0.0,-0.0,-0.0
2021-12-18 10:00:00,1518.0950136926174,4693.17,1963.1590610491469,-0.0,-0.0,-0.0,0.0,21.121074741764055,20.065021004675852
2021-12-18 11:00:00,2236.653591951723,4894.33,1054.1204080482776,-0.0,-0.0,-0.0,0.0,100.0,115.06301450257538
2021-12-18 12:00:00,2508.605518254523,5049.05,559.9644817454769,-0.0,-0.0,-0.0,0.0,100.0,210.05150820112513
2021-12-18 13:00:00,2236.653591951723,5151.55,695.8344080482766,-0.0,-0.0,-0.0,0.0,100.0,305.030503050305
2021-12-18 14:00:00,1518.0950136926174,5202.47,1390.6549863073826,-0.0,-0.0,-0.0,0.0,100.0,400.0
2021-12-18 15:00:00,623.6749323899415,5208.67,2160.0,-0.0,126.8510676100583,-0.0,0.0,-0.0,399.96
2021-12-18 16:00:00,0.024754408001347178,5182.17,2160.0,-0.0,967.0012455919984,-0.0,0.0,-0.0,399.920004
2021-12-18 17:00:00,-0.0,5138.44,2160.0,145.70500000000084,1000.0,-0.0,100.0,-0.0,294.6168541048632
2021-12-18 18:00:00,-0.0,5094.21,2160.0,391.4469999999992,1000.0,-0.0,100.0,-0.0,189.3242345247159
2021-12-18 19:00:00,-0.0,5065.16,2160.0,503.0589999999993,1000.0,-0.0,100.0,-0.0,84.0421442065266
2021-12-18 20:00:00,-0.0,5063.7,2160.0,450.4259470075001,1000.0,-0.0,79.83205299250066,-0.0,-0.0
2021-12-18 21:00:00,-0.0,5097.28,2160.0,302.3720000000003,1000.0,-0.0,0.0,-0.0,-0.0
2021-12-18 22:00:00,-0.0,5167.31,2160.0,1.4929999999994834,1000.0,-0.0,0.0,-0.0,-0.0
2021-12-18 23:00:00,-0.0,5268.969999999999,2160.0,-0.0,707.014000000001,-0.0,0.0,-0.0,-0.0
2021-12-19 00:00:00,-0.0,5399.150000000001,2127.401999999999,-0.0,-0.0,-0.0,0.0,-0.0,-0.0
2021-12-19 01:00:00,-0.0,5528.64,1853.312,-0.0,-0.0,-0.0,0.0,-0.0,-0.0
2021-12-19 02:00:00,-0.0,5647.96,1650.9842910176112,-0.0,-0.0,-0.0,0.0,14.576291017610966,13.847476466730418
2021-12-19 03:00:00,-0.0,5740.429999999999,1644.1900000000005,-0.0,-0.0,-0.0,0.0,100.0,108.84609171908374
2021-12-19 04:00:00,-0.0,5791.78,1713.3650000000007,-0.0,-0.0,-0.0,0.0,100.0,203.83520710991183
2021-12-19 05:00:00,-0.0,5792.16,1931.246,-0.0,-0.0,-0.0,0.0,100.0,298.81482358920084
2021-12-19 06:00:00,-0.0,5737.5,2160.0,-0.0,-0.0,-0.0,0.0,17.96600000000035,315.85264210684227
2021-12-19 07:00:00,-0.0,5630.18,2160.0,-0.0,213.45499999999993,-0.0,100.0,-0.0,210.55789894789478
2021-12-19 08:00:00,-0.0,5478.78,2160.0,-0.0,506.78200000000015,-0.0,100.0,-0.0,105.27368526326316
2021-12-19 09:00:00,688.252994263456,5297.06,2160.0,-0.0,45.853005736542855,-0.0,100.0,-0.0,-0.0
2021-12-19 10:00:00,1676.2199834032228,5102.16,1502.6020913385426,-0.0,-0.0,-0.0,0.0,21.121074741764055,20.065021004675852
2021-12-19 11:00:00,2470.038150588424,4912.4400000000005,906.9818494115748,-0.0,-0.0,-0.0,0.0,100.0,115.06301450257538
2021-12-19 12:00:00,2770.494777704775,4745.110000000001,704.0882222952237,-0.0,-0.0,-0.0,0.0,100.0,210.05150820112513
2021-12-19 13:00:00,2470.038150588424,4614.03,1099.6778494115765,-0.0,-0.0,-0.0,0.0,100.0,305.030503050305
2021-12-19 14:00:00,1676.2199834032228,4527.95,2004.3160165967781,-0.0,-0.0,-0.0,0.0,100.0,400.0
2021-12-19 15:00:00,688.252994263456,4489.47,2160.0,-0.0,876.2190057365428,-0.0,0.0,-0.0,399.96
2021-12-19 16:00:00,-0.0,4494.81,2160.0,646.5379999999996,1000.0,-0.0,100.0,-0.0,294.6568461052632
2021-12-19 17:00:00,-0.0,4534.42,2160.0,839.2109999999993,1000.0,-0.0,100.0,-0.0,189.36422252591586
2021-12-19 18:00:00,-0.0,4594.400000000001,2160.0,978.0069999999987,1000.0,-0.0,100.0,-0.0,84.08212820892645
2021-12-19 19:00:00,-0.0,4658.46,2160.0,1013.835966003699,1000.0,-0.0,79.87003399630028,-0.0,-0.0
2021-12-19 20:00:00,-0.0,4710.26,2160.0,964.7759999999998,1000.0,-0.0,0.0,-0.0,-0.0
2021-12-19 21:00:00,-0.0,4735.67,2160.0,742.1290000000008,1000.0,-0.0,0.0,-0.0,-0.0
2021-12-19 22:00:00,-0.0,4724.7699999999995,2160.0,519.188000000001,1000.0,-0.0,0.0,-0.0,-0.0
2021-12-19 23:00:00,-0.0,4673.23,2160.0,374.8590000000004,1000.0,-0.0,0.0,-0.0,-0.0
2021-12-20 00:00:00,-0.0,4590.12,2160.0,281.35000000000036,1000.0,-0.0,0.0,-0.0,-0.0
2021-12-20 01:00:00,-0.0,4469.17,2160.0,254.54200000000037,1000.0,-0.0,0.0,-0.0,-0.0
2021-12-20 02:00:00,-0.0,4330.47,2160.0,292.451,1000.0,-0.0,0.0,-0.0,-0.0
2021-12-20 03:00:00,-0.0,4190.19,2160.0,429.72800000000007,1000.0,-0.0,0.0,-0.0,-0.0
2021-12-20 04:00:00,-0.0,4065.6,2160.0,671.5440000000003,1000.0,-0.0,0.0,-0.0,-0.0
2021-12-20 05:00:00,-0.0,3972.6800000000003,2160.0,979.384,1000.0,-0.0,0.0,-0.0,-0.0
2021-12-20 06:00:00,-0.0,3923.92,2160.0,1280.893,1000.0,-0.0,0.0,-0.0,-0.0
2021-12-20 07:00:00,-0.0,3926.62,2160.0,1498.879,1000.0,-0.0,0.0,-0.0,-0.0
2021-12-20 08:00:00,-0.0,3981.8700000000003,2160.0,1582.1079999999988,1000.0,-0.0,0.0,-0.0,-0.0
2021-12-20 09:00:00,678.1036869829037,4084.28,2160.0,843.718313017097,1000.0,-0.0,0.0,-0.0,-0.0
2021-12-20 10:00:00,1651.6821764718875,4222.67,2160.0,-0.0,696.9398235281119,-0.0,0.0,-0.0,-0.0
2021-12-20 11:00:00,2433.9586009264603,4381.5,1941.9023990735404,-0.0,-0.0,-0.0,0.0,100.0,95.0
2021-12-20 12:00:00,2730.052263632574,4542.85,1411.139736367425,-0.0,-0.0,-0.0,0.0,100.0,189.9905
2021-12-20 13:00:00,2433.9586009264603,4688.76,1521.8073990735393,-0.0,-0.0,-0.0,0.0,100.0,284.97150095
2021-12-20 14:00:00,1651.6821764718875,4803.53,2160.0,-0.0,-0.0,-0.0,0.0,49.53217647188694,331.9985714481976
2021-12-20 15:00:00,678.1036869829037,4875.76,2160.0,-0.0,953.676313017097,-0.0,0.0,-0.0,331.96537159105276
2021-12-20 16:00:00,-0.0,4899.72,2160.0,691.6189999999997,1000.0,-0.0,100.0,-0.0,226.66901715915685
2021-12-20 17:00:00,-0.0,4876.0599999999995,2160.0,943.9500000000007,1000.0,-0.0,100.0,-0.0,121.3831923627041
2021-12-20 18:00:00,-0.0,4811.58,2160.0,1203.5900000000001,1000.0,-0.0,100.0,-0.0,16.107896148730987
2021-12-20 19:00:00,-0.0,4718.2,2160.0,1457.8130289088404,1000.0,-0.0,15.30097109116031,-0.0,-0.0
2021-12-20 20:00:00,-0.0,4611.24,2160.0,1499.3310000000001,1000.0,-0.0,0.0,-0.0,-0.0
2021-12-20 21:00:00,-0.0,4507.2699999999995,2160.0,1402.4579999999996,1000.0,-0.0,0.0,-0.0,-0.0
2021-12-20 22:00:00,-0.0,4421.71,2160.0,1250.5800000000008,1000.0,-0.0,0.0,-0.0,-0.0
2021-12-20 23:00:00,-0.0,4366.73,2160.0,1106.1059999999998,1000.0,-0.0,0.0,-0.0,-0.0
2021-12-21 00:00:00,-0.0,4356.37,2160.0,499.89500000000044,1000.0,-0.0,0.0,-0.0,-0.0
2021-12-21 01:00:00,-0.0,4377.93,2160.0,327.02599999999984,1000.0,-0.0,0.0,-0.0,-0.0
2021-12-21 02:00:00,-0.0,4433.16,2160.0,167.47500000000036,1000.0,-0.0,0.0,-0.0,-0.0
2021-12-21 03:00:00,-0.0,4511.29,2160.0,82.83600000000024,1000.0,-0.0,0.0,-0.0,-0.0
2021-12-21 04:00:00,-0.0,4597.38,2160.0,110.49399999999969,1000.0,-0.0,0.0,-0.0,-0.0
2021-12-21 05:00:00,-0.0,4674.2699999999995,2160.0,245.07500000000073,1000.0,-0.0,0.0,-0.0,-0.0
2021-12-21 06:00:00,-0.0,4724.95,2160.0,443.72800000000007,1000.0,-0.0,0.0,-0.0,-0.0
2021-12-21 07:00:00,-0.0,4734.8,2160.0,651.1850000000004,1000.0,-0.0,0.0,-0.0,-0.0
2021-12-21 08:00:00,0.012377204000673589,4693.65,2160.0,827.4606227959994,1000.0,-0.0,0.0,-0.0,-0.0
2021-12-21 09:00:00,662.8797260620751,4597.13,2160.0,299.93827393792526,1000.0,-0.0,0.0,-0.0,-0.0
2021-12-21 10:00:00,1614.0554763098398,4447.360000000001,2160.0,-0.0,460.4675236901594,-0.0,0.0,-0.0,-0.0
2021-12-21 11:00:00,2378.27356012743,4252.6900000000005,2073.7814398725704,-0.0,-0.0,-0.0,0.0,100.0,95.0
2021-12-21 12:00:00,2667.5226290211713,4026.6600000000003,1934.086370978829,-0.0,-0.0,-0.0,0.0,100.0,189.9905
2021-12-21 13:00:00,2378.27356012743,3786.27,2160.0,-0.0,161.1044398725694,-0.0,0.0,-0.0,189.97150095
2021-12-21 14:00:00,1614.0554763098398,3549.75,2160.0,79.94652369016057,1000.0,-0.0,100.0,-0.0,84.68934590516817
2021-12-21 15:00:00,662.8797260620751,3334.26,2160.0,1365.033440815877,1000.0,-0.0,80.44683312204877,-0.0,-0.0
2021-12-21 16:00:00,0.012377204000673589,3153.63,2160.0,2469.8456227959987,1000.0,-0.0,0.0,-0.0,-0.0
2021-12-21 17:00:00,-0.0,3016.65,2160.0,2832.640000000001,1000.0,-0.0,0.0,-0.0,-0.0
2021-12-21 18:00:00,-0.0,2925.99,2160.0,3115.657000000001,1000.0,-0.0,0.0,-0.0,-0.0
2021-12-21 19:00:00,-0.0,2878.02,2160.0,3237.035,1000.0,-0.0,0.0,-0.0,-0.0
2021-12-21 20:00:00,-0.0,2863.35,2160.0,3168.2960000000003,1000.0,-0.0,0.0,-0.0,-0.0
2021-12-21 21:00:00,-0.0,2868.33,2160.0,2959.879000000001,1000.0,-0.0,0.0,-0.0,-0.0
2021-12-21 22:00:00,-0.0,2876.95,2160.0,2711.3020000000006,1000.0,-0.0,0.0,-0.0,-0.0
2021-12-21 23:00:00,-0.0,2873.1800000000003,2160.0,2513.1749999999993,1000.0,-0.0,0.0,-0.0,-0.0
2021-12-22 00:00:00,-0.0,2849.94,2160.0,1917.2450000000003,1000.0,-0.0,0.0,-0.0,-0.0
2021-12-22 01:00:00,-0.0,2784.32,2160.0,1829.2729999999997,1000.0,-0.0,0.0,-0.0,-0.0
2021-12-22 02:00:00,-0.0,2679.12,2160.0,1827.9499999999998,1000.0,-0.0,0.0,-0.0,-0.0
2021-12-22 03:00:00,-0.0,2536.73,2160.0,1961.7149999999997,1000.0,-0.0,0.0,-0.0,-0.0
2021-12-22 04:00:00,-0.0,2365.61,2160.0,2244.551,1000.0,-0.0,0.0,-0.0,-0.0
2021-12-22 05:00:00,-0.0,2179.18,2160.0,2640.5099999999998,1000.0,-0.0,0.0,-0.0,-0.0
2021-12-22 06:00:00,-0.0,1994.13,2160.0,3073.04,1000.0,-0.0,0.0,-0.0,-0.0
2021-12-22 07:00:00,-0.0,1828.2399999999998,2160.0,3454.474,1000.0,-0.0,0.0,-0.0,-0.0
2021-12-22 08:00:00,0.05569741800303116,1697.95,2160.0,3718.1773025819984,1000.0,-0.0,0.0,-0.0,-0.0
2021-12-22 09:00:00,678.3388538589164,1616.27,2160.0,3158.8241461410844,1000.0,-0.0,0.0,-0.0,-0.0
2021-12-22 10:00:00,1650.4382674698197,1590.9499999999998,2160.0,2172.498732530181,1000.0,-0.0,0.0,-0.0,-0.0
2021-12-22 11:00:00,2431.3098792703163,1623.52,2160.0,1280.535120729683,1000.0,-0.0,0.0,-0.0,-0.0
2021-12-22 12:00:00,2726.8403791943992,1709.01,2160.0,821.7526208055997,1000.0,-0.0,0.0,-0.0,-0.0
2021-12-22 13:00:00,2431.3098792703163,1836.62,2160.0,945.8651207296839,1000.0,-0.0,0.0,-0.0,-0.0
2021-12-22 14:00:00,1650.4382674698197,1991.1499999999999,2160.0,1589.2237325301803,1000.0,-0.0,0.0,-0.0,-0.0
2021-12-22 15:00:00,678.3388538589164,2154.99,2160.0,2495.364146141083,1000.0,-0.0,0.0,-0.0,-0.0
2021-12-22 16:00:00,0.05569741800303116,2310.43,2160.0,3198.1903025819965,1000.0,-0.0,0.0,-0.0,-0.0
2021-12-22 17:00:00,-0.0,2441.96,2160.0,3291.736,1000.0,-0.0,0.0,-0.0,-0.0
2021-12-22 18:00:00,-0.0,2538.31,2160.0,3387.063,1000.0,-0.0,0.0,-0.0,-0.0
2021-12-22 19:00:00,-0.0,2593.85,2160.0,3404.3549999999996,1000.0,-0.0,0.0,-0.0,-0.0
2021-12-22 20:00:00,-0.0,2609.2599999999998,2160.0,3305.0640000000003,1000.0,-0.0,0.0,-0.0,-0.0
2021-12-22 21:00:00,-0.0,2591.3,2160.0,3119.2200000000003,1000.0,-0.0,0.0,-0.0,-0.0
2021-12-22 22:00:00,-0.0,2551.8,2160.0,2918.499999999999,1000.0,-0.0,0.0,-0.0,-0.0
2021-12-22 23:00:00,-0.0,2505.9300000000003,2160.0,2762.3150000000005,1000.0,-0.0,0.0,-0.0,-0.0
2021-12-23 00:00:00,-0.0,2476.5,2160.0,2172.286,1000.0,-0.0,0.0,-0.0,-0.0
2021-12-23 01:00:00,-0.0,2465.73,2160.0,2029.516,1000.0,-0.0,0.0,-0.0,-0.0
2021-12-23 02:00:00,-0.0,2491.91,2160.0,1896.9710000000005,1000.0,-0.0,0.0,-0.0,-0.0
2021-12-23 03:00:00,-0.0,2561.83,2160.0,1818.688,1000.0,-0.0,0.0,-0.0,-0.0
2021-12-23 04:00:00,-0.0,2676.1600000000003,2160.0,1816.4419999999996,1000.0,-0.0,0.0,-0.0,-0.0
2021-12-23 05:00:00,-0.0,2829.27,2160.0,1873.333,1000.0,-0.0,0.0,-0.0,-0.0
2021-12-23 06:00:00,-0.0,3009.8999999999996,2160.0,1940.759,1000.0,-0.0,0.0,-0.0,-0.0
2021-12-23 07:00:00,-0.0,3202.54,2160.0,1964.3429999999998,1000.0,-0.0,0.0,-0.0,-0.0
2021-12-23 08:00:00,0.16090365200875664,3389.49,2160.0,1911.4830963479912,1000.0,-0.0,0.0,-0.0,-0.0
2021-12-23 09:00:00,667.6635154083355,3553.1400000000003,2160.0,1118.4654845916643,1000.0,-0.0,0.0,-0.0,-0.0
2021-12-23 10:00:00,1622.4843522342985,3678.27,2160.0,-0.0,999.9556477657006,-0.0,0.0,-0.0,-0.0
2021-12-23 11:00:00,2389.2583286780277,3754.09,2160.0,-0.0,79.92667132197175,-0.0,0.0,-0.0,-0.0
2021-12-23 12:00:00,2679.423310667819,3775.62,1951.656689332182,-0.0,-0.0,-0.0,0.0,100.0,95.0
2021-12-23 13:00:00,2389.2583286780273,3744.36,2160.0,-0.0,-0.0,-0.0,0.0,29.440328678027527,122.95881224412615
2021-12-23 14:00:00,1622.4843522342985,3668.0600000000004,2160.0,-0.0,832.0346477657008,-0.0,0.0,-0.0,122.94651636290173
2021-12-23 15:00:00,667.6635154083355,3559.6899999999996,2160.0,894.5864845916653,1000.0,-0.0,100.0,-0.0,17.6710638165286
2021-12-23 16:00:00,0.16090365200875664,3435.67,2160.0,1950.882264473351,1000.0,-0.0,16.7858318746396,-0.0,-0.0
2021-12-23 17:00:00,-0.0,3313.72,2160.0,2316.4680000000003,1000.0,-0.0,0.0,-0.0,-0.0
2021-12-23 18:00:00,-0.0,3210.49,2160.0,2613.1370000000006,1000.0,-0.0,0.0,-0.0,-0.0
2021-12-23 19:00:00,-0.0,3139.3500000000004,2160.0,2758.9629999999997,1000.0,-0.0,0.0,-0.0,-0.0
2021-12-23 20:00:00,-0.0,3108.67,2160.0,2707.705,1000.0,-0.0,0.0,-0.0,-0.0
2021-12-23 21:00:00,-0.0,3120.77,2160.0,2493.8310000000006,1000.0,-0.0,0.0,-0.0,-0.0
2021-12-23 22:00:00,-0.0,3171.68,2160.0,2204.8179999999998,1000.0,-0.0,0.0,-0.0,-0.0
2021-12-23 23:00:00,-0.0,3251.76,2160.0,1924.884,1000.0,-0.0,0.0,-0.0,-0.0
2021-12-24 00:00:00,-0.0,3353.41,2160.0,1205.821,1000.0,-0.0,0.0,-0.0,-0.0
2021-12-24 01:00:00,-0.0,3447.92,2160.0,960.1350000000002,1000.0,-0.0,0.0,-0.0,-0.0
2021-12-24 02:00:00,-0.0,3525.44,2160.0,778.6929999999998,1000.0,-0.0,0.0,-0.0,-0.0
2021-12-24 03:00:00,-0.0,3572.14,2160.0,726.1500000000001,1000.0,-0.0,0.0,-0.0,-0.0
2021-12-24 04:00:00,-0.0,3578.5099999999998,2160.0,834.4569999999999,1000.0,-0.0,0.0,-0.0,-0.0
2021-12-24 05:00:00,-0.0,3540.72,2160.0,1084.9140000000002,1000.0,-0.0,0.0,-0.0,-0.0
2021-12-24 06:00:00,-0.0,3461.2900000000004,2160.0,1415.136,1000.0,-0.0,0.0,-0.0,-0.0
2021-12-24 07:00:00,-0.0,3348.8,2160.0,1746.6529999999993,1000.0,-0.0,0.0,-0.0,-0.0
2021-12-24 08:00:00,0.30324149801650296,3216.91,2160.0,2015.3597585019838,1000.0,-0.0,0.0,-0.0,-0.0
2021-12-24 09:00:00,579.1541295995186,3082.5399999999995,2160.0,1611.9448704004812,1000.0,-0.0,0.0,-0.0,-0.0
2021-12-24 10:00:00,1405.0849525644671,2963.7400000000002,2160.0,869.2470474355327,1000.0,-0.0,0.0,-0.0,-0.0
2021-12-24 11:00:00,2068.0822620645486,2877.27,2160.0,218.33473793545136,1000.0,-0.0,0.0,-0.0,-0.0
2021-12-24 12:00:00,2318.937244148201,2836.45,2160.0,-0.0,934.8297558517997,-0.0,0.0,-0.0,-0.0
2021-12-24 13:00:00,2068.0822620645486,2849.41,2160.0,133.35973793545236,1000.0,-0.0,0.0,-0.0,-0.0
2021-12-24 14:00:00,1405.0849525644671,2918.0099999999998,2160.0,749.3650474355322,1000.0,-0.0,0.0,-0.0,-0.0
2021-12-24 15:00:00,579.1541295995186,3037.67,2160.0,1558.2518704004806,1000.0,-0.0,0.0,-0.0,-0.0
2021-12-24 16:00:00,0.30324149801650296,3197.96,2160.0,2161.6707585019826,1000.0,-0.0,0.0,-0.0,-0.0
2021-12-24 17:00:00,-0.0,3384.04,2160.0,2205.924,1000.0,-0.0,0.0,-0.0,-0.0
2021-12-24 18:00:00,-0.0,3578.6400000000003,2160.0,2208.142999999999,1000.0,-0.0,0.0,-0.0,-0.0
2021-12-24 19:00:00,-0.0,3764.38,2160.0,2100.5029999999997,1000.0,-0.0,0.0,-0.0,-0.0
2021-12-24 20:00:00,-0.0,3926.08,2160.0,1860.3140000000003,1000.0,-0.0,0.0,-0.0,-0.0
2021-12-24 21:00:00,-0.0,4052.75,2160.0,1535.3490000000002,1000.0,-0.0,0.0,-0.0,-0.0
2021-12-24 22:00:00,-0.0,4139.0,2160.0,1214.5020000000004,1000.0,-0.0,0.0,-0.0,-0.0
2021-12-24 23:00:00,-0.0,4185.72,2160.0,971.4579999999996,1000.0,-0.0,0.0,-0.0,-0.0
2021-12-25 00:00:00,-0.0,4205.92,2160.0,-0.0,901.0079999999998,-0.0,0.0,-0.0,-0.0
2021-12-25 01:00:00,-0.0,4199.4,2160.0,-0.0,759.9220000000005,-0.0,0.0,-0.0,-0.0
2021-12-25 02:00:00,-0.0,4187.5,2160.0,-0.0,671.4840000000004,-0.0,0.0,-0.0,-0.0
2021-12-25 03:00:00,-0.0,4186.58,2160.0,-0.0,670.1580000000004,-0.0,0.0,-0.0,-0.0
2021-12-25 04:00:00,-0.0,4211.78,2160.0,-0.0,763.2430000000004,-0.0,0.0,-0.0,-0.0
2021-12-25 05:00:00,-0.0,4274.88,2160.0,-0.0,916.4219999999996,-0.0,0.0,-0.0,-0.0
2021-12-25 06:00:00,-0.0,4382.5199999999995,2160.0,63.189000000000306,1000.0,-0.0,0.0,-0.0,-0.0
2021-12-25 07:00:00,-0.0,4535.22,2160.0,133.1319999999996,1000.0,-0.0,0.0,-0.0,-0.0
2021-12-25 08:00:00,0.45176794602458603,4727.12,2160.0,81.51223205397537,1000.0,-0.0,0.0,-0.0,-0.0
2021-12-25 09:00:00,467.68503036945225,4946.71,2160.0,-0.0,439.3619696305473,-0.0,0.0,-0.0,-0.0
2021-12-25 10:00:00,1132.2913763896213,5178.1900000000005,1671.3056236103785,-0.0,-0.0,-0.0,0.0,-0.0,-0.0
2021-12-25 11:00:00,1665.5198905446407,5403.5,863.0881841971238,-0.0,-0.0,-0.0,0.0,21.121074741764055,20.065021004675852
2021-12-25 12:00:00,1867.2373727456184,5604.66,469.188627254382,-0.0,-0.0,-0.0,0.0,100.0,115.06301450257538
2021-12-25 13:00:00,1665.5198905446407,5766.0599999999995,473.69310945535995,-0.0,-0.0,-0.0,0.0,100.0,210.05150820112513
2021-12-25 14:00:00,1132.2913763896213,5876.46,921.6596236103787,-0.0,-0.0,-0.0,0.0,100.0,305.030503050305
2021-12-25 15:00:00,467.68503036945225,5930.450000000001,1638.3979696305473,-0.0,-0.0,-0.0,0.0,100.0,400.0
2021-12-25 16:00:00,0.45176794602458603,5929.07,2160.0,-0.0,-0.0,-0.0,35.34823205397559,-0.0,362.75133468002565
2021-12-25 17:00:00,-0.0,5879.59,2160.0,-0.0,218.7579999999998,-0.0,100.0,-0.0,257.45190165182083
2021-12-25 18:00:00,-0.0,5794.51,2160.0,-0.0,504.0720000000001,-0.0,100.0,-0.0,152.16299856691882
2021-12-25 19:00:00,-0.0,5689.8099999999995,2160.0,-0.0,690.2520000000004,-0.0,100.0,-0.0,46.88462437232529
2021-12-25 20:00:00,-0.0,5582.72,2160.0,-0.0,777.6580608856068,-0.0,44.53593911439366,-0.0,-0.0
2021-12-25 21:00:00,-0.0,5489.48,2160.0,-0.0,720.4380000000001,-0.0,0.0,-0.0,-0.0
2021-12-25 22:00:00,-0.0,5423.04,2160.0,-0.0,555.5349999999999,-0.0,0.0,-0.0,-0.0
2021-12-25 23:00:00,-0.0,5391.39,2160.0,-0.0,394.0689999999995,-0.0,0.0,-0.0,-0.0
2021-12-26 00:00:00,-0.0,5402.360000000001,1931.9119999999994,-0.0,-0.0,-0.0,0.0,-0.0,-0.0
2021-12-26 01:00:00,-0.0,5439.96,1749.8109999999997,-0.0,-0.0,-0.0,0.0,-0.0,-0.0
2021-12-26 02:00:00,-0.0,5500.14,1592.3429999999998,-0.0,-0.0,-0.0,0.0,-0.0,-0.0
2021-12-26 03:00:00,-0.0,5568.82,1578.0589700888677,-0.0,-0.0,-0.0,0.0,53.649970088866965,50.96747158442361
2021-12-26 04:00:00,-0.0,5629.66,1684.7849999999999,-0.0,-0.0,-0.0,0.0,100.0,145.96237483726517
2021-12-26 05:00:00,-0.0,5666.45,1867.1419999999998,-0.0,-0.0,-0.0,0.0,100.0,240.94777859978146
2021-12-26 06:00:00,-0.0,5665.3,2125.5029999999997,-0.0,-0.0,-0.0,0.0,100.0,335.9236838219215
2021-12-26 07:00:00,-0.0,5616.71,2160.0,-0.0,39.47199999999975,-0.0,100.0,-0.0,230.62693355880248
2021-12-26 08:00:00,0.693123424037721,5516.93,2160.0,-0.0,281.9568765759619,-0.0,100.0,-0.0,125.34071297070976
2021-12-26 09:00:00,437.26186293579656,5368.579999999999,2160.0,-0.0,41.004137064203974,-0.0,100.0,-0.0,20.065021004675852
2021-12-26 10:00:00,1055.992102327469,5180.47,1940.9338976725305,-0.0,-0.0,-0.0,0.0,100.0,115.06301450257538
2021-12-26 11:00:00,1552.1075702864684,4966.48,1590.4514297135318,-0.0,-0.0,-0.0,0.0,100.0,210.05150820112513
2021-12-26 12:00:00,1739.7397943346796,4743.85,1557.9122056653205,-0.0,-0.0,-0.0,0.0,100.0,305.030503050305
2021-12-26 13:00:00,1552.1075702864684,4530.96,1924.9054297135315,-0.0,-0.0,-0.0,0.0,100.0,400.0
2021-12-26 14:00:00,1055.992102327469,4345.0,2160.0,-0.0,374.32089767253115,-0.0,0.0,-0.0,399.96
2021-12-26 15:00:00,437.26186293579656,4199.75,2160.0,146.53913706420371,1000.0,-0.0,100.0,-0.0,294.6568461052632
2021-12-26 16:00:00,0.693123424037721,4103.8,2160.0,869.4258765759619,1000.0,-0.0,100.0,-0.0,189.36422252591586
2021-12-26 17:00:00,-0.0,4059.58,2160.0,1149.7600000000002,1000.0,-0.0,100.0,-0.0,84.08212820892645
2021-12-26 18:00:00,-0.0,4063.05,2160.0,1368.5069660036993,1000.0,-0.0,79.87003399630028,-0.0,-0.0
2021-12-26 19:00:00,-0.0,4104.360000000001,2160.0,1490.3089999999993,1000.0,-0.0,0.0,-0.0,-0.0
2021-12-26 20:00:00,-0.0,4169.29,2160.0,1351.9000000000005,1000.0,-0.0,0.0,-0.0,-0.0
2021-12-26 21:00:00,-0.0,4241.1900000000005,2160.0,1086.58,1000.0,-0.0,0.0,-0.0,-0.0
2021-12-26 22:00:00,-0.0,4303.31,2160.0,794.597999999999,1000.0,-0.0,0.0,-0.0,-0.0
2021-12-26 23:00:00,-0.0,4341.08,2160.0,565.0950000000003,1000.0,-0.0,0.0,-0.0,-0.0
2021-12-27 00:00:00,-0.0,4349.78,2160.0,382.40000000000055,1000.0,-0.0,0.0,-0.0,-0.0
2021-12-27 01:00:00,-0.0,4313.34,2160.0,275.52499999999964,1000.0,-0.0,0.0,-0.0,-0.0
2021-12-27 02:00:00,-0.0,4238.89,2160.0,253.77499999999964,1000.0,-0.0,0.0,-0.0,-0.0
2021-12-27 03:00:00,-0.0,4133.91,2160.0,360.4870000000001,1000.0,-0.0,0.0,-0.0,-0.0
2021-12-27 04:00:00,-0.0,4010.89,2160.0,605.6079999999997,1000.0,-0.0,0.0,-0.0,-0.0
2021-12-27 05:00:00,-0.0,3885.58,2160.0,950.848,1000.0,-0.0,0.0,-0.0,-0.0
2021-12-27 06:00:00,-0.0,3774.79,2160.0,1319.5289999999995,1000.0,-0.0,0.0,-0.0,-0.0
2021-12-27 07:00:00,-0.0,3694.1000000000004,2160.0,1626.1729999999989,1000.0,-0.0,0.0,-0.0,-0.0
2021-12-27 08:00:00,1.2253431960666854,3655.61,2160.0,1807.3086568039334,1000.0,-0.0,0.0,-0.0,-0.0
2021-12-27 09:00:00,503.8512204594205,3666.29,2160.0,1341.63677954058,1000.0,-0.0,0.0,-0.0,-0.0
2021-12-27 10:00:00,1213.263044962028,3726.9,2160.0,542.426955037972,1000.0,-0.0,0.0,-0.0,-0.0
2021-12-27 11:00:00,1781.6737614889619,3831.8,2160.0,-0.0,800.9162385110374,-0.0,0.0,-0.0,-0.0
2021-12-27 12:00:00,1996.5977203586583,3969.6,2160.0,-0.0,380.70827964134264,-0.0,0.0,-0.0,-0.0
2021-12-27 13:00:00,1781.6737614889619,4124.59,2160.0,-0.0,407.0602385110385,-0.0,0.0,-0.0,-0.0
2021-12-27 14:00:00,1213.263044962028,4278.74,2160.0,-0.0,848.5029550379716,-0.0,0.0,-0.0,-0.0
2021-12-27 15:00:00,503.8512204594205,4414.04,2160.0,530.5907795405794,1000.0,-0.0,0.0,-0.0,-0.0
2021-12-27 16:00:00,1.2253431960666854,4514.8,2160.0,1122.4566568039331,1000.0,-0.0,0.0,-0.0,-0.0
2021-12-27 17:00:00,-0.0,4569.650000000001,2160.0,1303.781,1000.0,-0.0,0.0,-0.0,-0.0
2021-12-27 18:00:00,-0.0,4573.01,2160.0,1501.932999999999,1000.0,-0.0,0.0,-0.0,-0.0
2021-12-27 19:00:00,-0.0,4525.67,2160.0,1631.8349999999991,1000.0,-0.0,0.0,-0.0,-0.0
2021-12-27 20:00:00,-0.0,4434.66,2160.0,1648.5840000000007,1000.0,-0.0,0.0,-0.0,-0.0
2021-12-27 21:00:00,-0.0,4312.1900000000005,2160.0,1576.7479999999996,1000.0,-0.0,0.0,-0.0,-0.0
2021-12-27 22:00:00,-0.0,4173.87,2160.0,1484.219,1000.0,-0.0,0.0,-0.0,-0.0
2021-12-27 23:00:00,-0.0,4036.6400000000003,2160.0,1428.63,1000.0,-0.0,0.0,-0.0,-0.0
2021-12-28 00:00:00,-0.0,3921.7400000000002,2160.0,931.9540000000002,1000.0,-0.0,0.0,-0.0,-0.0
2021-12-28 01:00:00,-0.0,3830.92,2160.0,878.174,1000.0,-0.0,0.0,-0.0,-0.0
2021-12-28 02:00:00,-0.0,3777.2099999999996,2160.0,834.3000000000006,1000.0,-0.0,0.0,-0.0,-0.0
2021-12-28 03:00:00,-0.0,3762.19,2160.0,849.5719999999997,1000.0,-0.0,0.0,-0.0,-0.0
2021-12-28 04:00:00,-0.0,3781.1800000000003,2160.0,951.107,1000.0,-0.0,0.0,-0.0,-0.0
2021-12-28 05:00:00,-0.0,3823.95,2160.0,1126.5969999999998,1000.0,-0.0,0.0,-0.0,-0.0
2021-12-28 06:00:00,-0.0,3876.02,2160.0,1330.6549999999993,1000.0,-0.0,0.0,-0.0,-0.0
2021-12-28 07:00:00,-0.0,3920.7599999999998,2160.0,1510.0170000000003,1000.0,-0.0,0.0,-0.0,-0.0
2021-12-28 08:00:00,2.0422386601111424,3941.6400000000003,2160.0,1629.0217613398881,1000.0,-0.0,0.0,-0.0,-0.0
2021-12-28 09:00:00,581.5986273896516,3924.5200000000004,2160.0,1112.1883726103488,1000.0,-0.0,0.0,-0.0,-0.0
2021-12-28 10:00:00,1395.820615369963,3859.66,2160.0,331.5223846300378,1000.0,-0.0,0.0,-0.0,-0.0
2021-12-28 11:00:00,2047.6846298714388,3743.13,2160.0,-0.0,725.7873701285619,-0.0,0.0,-0.0,-0.0
2021-12-28 12:00:00,2294.083818514848,3577.4,2160.0,-0.0,575.3501814851525,-0.0,0.0,-0.0,-0.0
2021-12-28 13:00:00,2047.6846298714388,3371.19,2160.0,-0.0,992.013370128562,-0.0,0.0,-0.0,-0.0
2021-12-28 14:00:00,1395.820615369963,3138.33,2160.0,901.4763846300375,1000.0,-0.0,0.0,-0.0,-0.0
2021-12-28 15:00:00,581.5986273896516,2896.05,2160.0,2063.435372610349,1000.0,-0.0,0.0,-0.0,-0.0
2021-12-28 16:00:00,2.0422386601111424,2662.81,2160.0,3063.6377613398886,1000.0,-0.0,0.0,-0.0,-0.0
2021-12-28 17:00:00,-0.0,2455.88,2160.0,3504.892999999999,1000.0,-0.0,0.0,-0.0,-0.0
2021-12-28 18:00:00,-0.0,2289.17,2160.0,3870.379000000001,1000.0,-0.0,0.0,-0.0,-0.0
2021-12-28 19:00:00,-0.0,2171.52,2160.0,4067.7880000000005,1000.0,-0.0,0.0,-0.0,-0.0
2021-12-28 20:00:00,-0.0,2105.5499999999997,2160.0,4056.6280000000006,1000.0,-0.0,0.0,-0.0,-0.0
2021-12-28 21:00:00,-0.0,2087.52,2160.0,3877.4210000000003,1000.0,-0.0,0.0,-0.0,-0.0
2021-12-28 22:00:00,-0.0,2107.9,2160.0,3623.2000000000007,1000.0,-0.0,0.0,-0.0,-0.0
2021-12-28 23:00:00,-0.0,2152.83,2160.0,3382.401,1000.0,-0.0,0.0,-0.0,-0.0
2021-12-29 00:00:00,-0.0,2211.23,2160.0,2709.074,1000.0,-0.0,0.0,-0.0,-0.0
2021-12-29 01:00:00,-0.0,2256.35,2160.0,2516.1960000000004,1000.0,-0.0,0.0,-0.0,-0.0
2021-12-29 02:00:00,-0.0,2279.2599999999998,2160.0,2392.4950000000003,1000.0,-0.0,0.0,-0.0,-0.0
2021-12-29 03:00:00,-0.0,2270.01,2160.0,2398.7429999999995,1000.0,-0.0,0.0,-0.0,-0.0
2021-12-29 04:00:00,-0.0,2224.2799999999997,2160.0,2561.6990000000005,1000.0,-0.0,0.0,-0.0,-0.0
2021-12-29 05:00:00,-0.0,2143.98,2160.0,2856.9190000000003,1000.0,-0.0,0.0,-0.0,-0.0
2021-12-29 06:00:00,-0.0,2037.04,2160.0,3216.607000000001,1000.0,-0.0,0.0,-0.0,-0.0
2021-12-29 07:00:00,-0.0,1916.3700000000001,2160.0,3557.9630000000006,1000.0,-0.0,0.0,-0.0,-0.0
2021-12-29 08:00:00,2.9643403581613246,1798.12,2160.0,3811.7276596418387,1000.0,-0.0,0.0,-0.0,-0.0
2021-12-29 09:00:00,611.0068640952521,1699.4799999999998,2160.0,3344.450135904748,1000.0,-0.0,0.0,-0.0,-0.0
2021-12-29 10:00:00,1460.937085617507,1636.3700000000001,2160.0,2522.8189143824934,1000.0,-0.0,0.0,-0.0,-0.0
2021-12-29 11:00:00,2140.767392558504,1621.2299999999998,2160.0,1784.197607441496,1000.0,-0.0,0.0,-0.0,-0.0
2021-12-29 12:00:00,2397.650072990484,1661.29,2160.0,1413.935927009516,1000.0,-0.0,0.0,-0.0,-0.0
2021-12-29 13:00:00,2140.767392558504,1757.53,2160.0,1535.0626074414968,1000.0,-0.0,0.0,-0.0,-0.0
2021-12-29 14:00:00,1460.937085617507,1904.51,2160.0,2089.066914382492,1000.0,-0.0,0.0,-0.0,-0.0
2021-12-29 15:00:00,611.0068640952521,2090.95,2160.0,2854.4171359047477,1000.0,-0.0,0.0,-0.0,-0.0
2021-12-29 16:00:00,2.9643403581613246,2301.22,2160.0,3435.98865964184,1000.0,-0.0,0.0,-0.0,-0.0
2021-12-29 17:00:00,-0.0,2517.31,2160.0,3451.5339999999997,1000.0,-0.0,0.0,-0.0,-0.0
2021-12-29 18:00:00,-0.0,2721.17,2160.0,3442.8340000000007,1000.0,-0.0,0.0,-0.0,-0.0
2021-12-29 19:00:00,-0.0,2896.99,2160.0,3343.1579999999994,1000.0,-0.0,0.0,-0.0,-0.0
2021-12-29 20:00:00,-0.0,3033.27,2160.0,3126.135,1000.0,-0.0,0.0,-0.0,-0.0
2021-12-29 21:00:00,-0.0,3124.18,2160.0,2834.382,1000.0,-0.0,0.0,-0.0,-0.0
2021-12-29 22:00:00,-0.0,3170.25,2160.0,2550.874,1000.0,-0.0,0.0,-0.0,-0.0
2021-12-29 23:00:00,-0.0,3178.19,2160.0,2343.48,1000.0,-0.0,0.0,-0.0,-0.0
2021-12-30 00:00:00,-0.0,3164.77,2160.0,1738.1560000000004,1000.0,-0.0,0.0,-0.0,-0.0
2021-12-30 01:00:00,-0.0,3135.26,2160.0,1616.357,1000.0,-0.0,0.0,-0.0,-0.0
2021-12-30 02:00:00,-0.0,3111.06,2160.0,1536.2350000000001,1000.0,-0.0,0.0,-0.0,-0.0
2021-12-30 03:00:00,-0.0,3107.51,2160.0,1533.277,1000.0,-0.0,0.0,-0.0,-0.0
2021-12-30 04:00:00,-0.0,3136.63,2160.0,1617.9039999999995,1000.0,-0.0,0.0,-0.0,-0.0
2021-12-30 05:00:00,-0.0,3205.46,2160.0,1760.5460000000003,1000.0,-0.0,0.0,-0.0,-0.0
2021-12-30 06:00:00,-0.0,3314.98,2160.0,1900.359,1000.0,-0.0,0.0,-0.0,-0.0
2021-12-30 07:00:00,-0.0,3459.89,2160.0,1972.7550000000006,1000.0,-0.0,0.0,-0.0,-0.0
2021-12-30 08:00:00,4.1030431262232945,3629.3199999999997,2160.0,1934.3599568737764,1000.0,-0.0,0.0,-0.0,-0.0
2021-12-30 09:00:00,633.972766118502,3808.18,2160.0,1164.4562338814985,1000.0,-0.0,0.0,-0.0,-0.0
2021-12-30 10:00:00,1509.635194758157,3979.2,2160.0,79.70880524184304,1000.0,-0.0,0.0,-0.0,-0.0
2021-12-30 11:00:00,2209.3247255182355,4125.22,2160.0,-0.0,156.86127448176512,-0.0,0.0,-0.0,-0.0
2021-12-30 12:00:00,2473.615162544618,4231.5,1969.8138374553819,-0.0,-0.0,-0.0,0.0,100.0,95.0
2021-12-30 13:00:00,2209.3247255182355,4287.7300000000005,2135.253274481765,-0.0,-0.0,-0.0,0.0,100.0,189.9905
2021-12-30 14:00:00,1509.635194758157,4289.4,2160.0,-0.0,591.3778052418438,-0.0,0.0,-0.0,189.97150095
2021-12-30 15:00:00,633.972766118502,4238.49,2160.0,516.818233881499,1000.0,-0.0,100.0,-0.0,84.68934590516817
2021-12-30 16:00:00,4.1030431262232945,4143.21,2160.0,1442.3891237517273,1000.0,-0.0,80.44683312204877,-0.0,-0.0
2021-12-30 17:00:00,-0.0,4016.94,2160.0,1879.010999999999,1000.0,-0.0,0.0,-0.0,-0.0
2021-12-30 18:00:00,-0.0,3876.55,2160.0,2211.7570000000005,1000.0,-0.0,0.0,-0.0,-0.0
2021-12-30 19:00:00,-0.0,3740.12,2160.0,2421.5950000000003,1000.0,-0.0,0.0,-0.0,-0.0
2021-12-30 20:00:00,-0.0,3624.6499999999996,2160.0,2453.656000000001,1000.0,-0.0,0.0,-0.0,-0.0
2021-12-30 21:00:00,-0.0,3543.8199999999997,2160.0,2331.050000000001,1000.0,-0.0,0.0,-0.0,-0.0
2021-12-30 22:00:00,-0.0,3506.2599999999998,2160.0,2128.6520000000005,1000.0,-0.0,0.0,-0.0,-0.0
2021-12-30 23:00:00,-0.0,3514.5,2160.0,1918.5149999999994,1000.0,-0.0,0.0,-0.0,-0.0
2021-12-31 00:00:00,-0.0,3569.4900000000002,2160.0,1242.1680000000001,1000.0,-0.0,0.0,-0.0,-0.0
2021-12-31 01:00:00,-0.0,3652.18,2160.0,1005.8849999999998,1000.0,-0.0,0.0,-0.0,-0.0
2021-12-31 02:00:00,-0.0,3753.5099999999998,2160.0,798.0329999999999,1000.0,-0.0,0.0,-0.0,-0.0
2021-12-31 03:00:00,-0.0,3857.31,2160.0,685.6070000000004,1000.0,-0.0,0.0,-0.0,-0.0
2021-12-31 04:00:00,-0.0,3947.3799999999997,2160.0,707.2540000000004,1000.0,-0.0,0.0,-0.0,-0.0
2021-12-31 05:00:00,-0.0,4009.8,2160.0,854.3629999999994,1000.0,-0.0,0.0,-0.0,-0.0
2021-12-31 06:00:00,-0.0,4034.88,2160.0,1076.763,1000.0,-0.0,0.0,-0.0,-0.0
2021-12-31 07:00:00,-0.0,4018.57,2160.0,1308.6169999999997,1000.0,-0.0,0.0,-0.0,-0.0
2021-12-31 08:00:00,5.922492114322313,3963.11,2160.0,1491.6225078856783,1000.0,-0.0,0.0,-0.0,-0.0
2021-12-31 09:00:00,704.7084869823515,3876.77,2160.0,916.4265130176491,1000.0,-0.0,0.0,-0.0,-0.0
2021-12-31 10:00:00,1670.545035368914,3772.85,2160.0,14.964964631086787,1000.0,-0.0,0.0,-0.0,-0.0
2021-12-31 11:00:00,2441.434432142867,3667.88,2160.0,-0.0,270.52356785713255,-0.0,0.0,-0.0,-0.0
2021-12-31 12:00:00,2732.490572820707,3579.46,2160.0,-0.0,-0.0,-0.0,0.0,9.875572820706111,9.381794179670806
2021-12-31 13:00:00,2441.434432142867,3523.9300000000003,2160.0,-0.0,292.90256785713245,-0.0,0.0,-0.0,9.38085600025284
2021-12-31 14:00:00,1670.545035368914,3514.12,2160.0,81.70904261216583,1000.0,-0.0,8.910922018920175,-0.0,-0.0
2021-12-31 15:00:00,704.7084869823515,3557.67,2160.0,1110.7875130176476,1000.0,-0.0,0.0,-0.0,-0.0
2021-12-31 16:00:00,5.922492114322313,3655.9599999999996,2160.0,1891.2665078856776,1000.0,-0.0,0.0,-0.0,-0.0
2021-12-31 17:00:00,-0.0,3803.91,2160.0,1974.259,1000.0,-0.0,0.0,-0.0,-0.0
2021-12-31 18:00:00,-0.0,3990.59,2160.0,1979.2549999999992,1000.0,-0.0,0.0,-0.0,-0.0
2021-12-31 19:00:00,-0.0,4200.68,2160.0,1841.9969999999994,1000.0,-0.0,0.0,-0.0,-0.0
2021-12-31 20:00:00,-0.0,4416.47,2160.0,1542.3270000000002,1000.0,-0.0,0.0,-0.0,-0.0
2021-12-31 21:00:00,-0.0,4620.15,2160.0,1134.8420000000006,1000.0,-0.0,0.0,-0.0,-0.0
2021-12-31 22:00:00,-0.0,4796.12,2160.0,718.652000000001,1000.0,-0.0,0.0,-0.0,-0.0
2021-12-31 23:00:00,-0.0,4933.02,2160.0,379.6970000000001,1000.0,-0.0,0.0,-0.0,-0.0
