timestamp,demand_mw,solar_capacity_factor,wind_capacity_factor
2021-01-01 00:00:00,7913.213,0.0,0.455759
2021-01-01 01:00:00,7769.898,0.0,0.473184
2021-01-01 02:00:00,7673.698,0.0,0.487993
2021-01-01 03:00:00,7675.431,0.0,0.498718
2021-01-01 04:00:00,7797.531,0.0,0.504332
2021-01-01 05:00:00,8017.462,0.0,0.504392
2021-01-01 06:00:00,8275.352,0.0,0.4991
2021-01-01 07:00:00,8501.307,0.0,0.489283
2021-01-01 08:00:00,8645.177,0.001205,0.476286
2021-01-01 09:00:00,8692.811,0.113178,0.461797
2021-01-01 10:00:00,8663.623,0.266993,0.447632
2021-01-01 11:00:00,8595.423,0.389612,0.435493
2021-01-01 12:00:00,8527.939,0.435887,0.426751
2021-01-01 13:00:00,8494.357,0.389612,0.422274
2021-01-01 14:00:00,8521.539,0.266993,0.422315
2021-01-01 15:00:00,8629.516,0.113178,0.426496
2021-01-01 16:00:00,8819.515,0.001205,0.433866
2021-01-01 17:00:00,9054.464,0.0,0.44304
2021-01-01 18:00:00,9255.976,0.0,0.452404
2021-01-01 19:00:00,9338.539,0.0,0.460337
2021-01-01 20:00:00,9264.277,0.0,0.465445
2021-01-01 21:00:00,9069.972,0.0,0.466758
2021-01-01 22:00:00,8839.123,0.0,0.463867
2021-01-01 23:00:00,8646.303,0.0,0.456995
2021-01-02 00:00:00,7597.335,0.0,0.447398
2021-01-02 01:00:00,7452.735,0.0,0.435539
2021-01-02 02:00:00,7355.151,0.0,0.4235
2021-01-02 03:00:00,7355.403,0.0,0.413038
2021-01-02 04:00:00,7475.928,0.0,0.405781
2021-01-02 05:00:00,7694.189,0.0,0.403011
2021-01-02 06:00:00,7950.317,0.0,0.405487
2021-01-02 07:00:00,8174.418,0.0,0.413346
2021-01-02 08:00:00,8316.346,0.001496,0.426075
2021-01-02 09:00:00,8361.949,0.113108,0.442581
2021-01-02 10:00:00,8330.644,0.265441,0.46133
2021-01-02 11:00:00,8260.244,0.386721,0.480548
2021-01-02 12:00:00,8190.476,0.432469,0.498454
2021-01-02 13:00:00,8154.53,0.386721,0.513488
2021-01-02 14:00:00,8179.269,0.265441,0.524516
2021-01-02 15:00:00,8284.726,0.113108,0.530968
2021-01-02 16:00:00,8472.132,0.001496,0.532908
2021-01-02 17:00:00,8704.415,0.0,0.531008
2021-01-02 18:00:00,8903.19,0.0,0.526451
2021-01-02 19:00:00,8982.95,0.0,0.520754
2021-01-02 20:00:00,8905.819,0.0,0.515553
2021-01-02 21:00:00,8708.583,0.0,0.51237
2021-01-02 22:00:00,8474.742,0.0,0.512394
2021-01-02 23:00:00,8278.872,0.0,0.516308
2021-01-03 00:00:00,7662.696,0.0,0.524599
2021-01-03 01:00:00,7514.939,0.0,0.535897
2021-01-03 02:00:00,7414.147,0.0,0.549496
2021-01-03 03:00:00,7411.145,0.0,0.56386
2021-01-03 04:00:00,7528.371,0.0,0.577233
2021-01-03 05:00:00,7743.291,0.0,0.58787
2021-01-03 06:00:00,7996.039,0.0,0.594265
2021-01-03 07:00:00,8216.726,0.0,0.595359
2021-01-03 08:00:00,8355.204,0.001902,0.590671
2021-01-03 09:00:00,8397.329,0.117821,0.580372
2021-01-03 10:00:00,8362.518,0.27497,0.565255
2021-01-03 11:00:00,8288.588,0.39991,0.546638
2021-01-03 12:00:00,8215.268,0.447015,0.526183
2021-01-03 13:00:00,8175.752,0.39991,0.505683
2021-01-03 14:00:00,8196.907,0.27497,0.486822
2021-01-03 15:00:00,8298.766,0.117821,0.470959
2021-01-03 16:00:00,8482.566,0.001902,0.458952
2021-01-03 17:00:00,8711.236,0.0,0.45105
2021-01-03 18:00:00,8906.396,0.0,0.446875
2021-01-03 19:00:00,8982.54,0.0,0.445484
2021-01-03 20:00:00,8901.797,0.0,0.445505
2021-01-03 21:00:00,8700.954,0.0,0.445341
2021-01-03 22:00:00,8463.516,0.0,0.443394
2021-01-03 23:00:00,8264.062,0.0,0.438299
2021-01-04 00:00:00,8080.212,0.0,0.429505
2021-01-04 01:00:00,7928.903,0.0,0.415871
2021-01-04 02:00:00,7824.581,0.0,0.398046
2021-01-04 03:00:00,7818.073,0.0,0.376903
2021-01-04 04:00:00,7931.82,0.0,0.353819
2021-01-04 05:00:00,8143.291,0.0,0.330497
2021-01-04 06:00:00,8392.625,0.0,0.30875
2021-01-04 07:00:00,8609.931,0.0,0.290266
2021-01-04 08:00:00,8745.069,0.002405,0.276385
2021-01-04 09:00:00,8783.895,0.123908,0.267928
2021-01-04 10:00:00,8745.829,0.287482,0.265091
2021-01-04 11:00:00,8668.692,0.417339,0.26742
2021-01-04 12:00:00,8592.215,0.46627,0.273882
2021-01-04 13:00:00,8549.594,0.417339,0.283
2021-01-04 14:00:00,8567.699,0.287482,0.293054
2021-01-04 15:00:00,8666.566,0.123908,0.302313
2021-01-04 16:00:00,8847.435,0.002405,0.309268
2021-01-04 17:00:00,9073.237,0.0,0.312825
2021-01-04 18:00:00,9265.593,0.0,0.312456
2021-01-04 19:00:00,9339.001,0.0,0.308256
2021-01-04 20:00:00,9255.592,0.0,0.300929
2021-01-04 21:00:00,9052.156,0.0,0.291679
2021-01-04 22:00:00,8812.198,0.0,0.282042
2021-01-04 23:00:00,8610.301,0.0,0.273664
2021-01-05 00:00:00,7987.684,0.0,0.268434
2021-01-05 01:00:00,7834.092,0.0,0.266816
2021-01-05 02:00:00,7727.569,0.0,0.269849
2021-01-05 03:00:00,7718.944,0.0,0.277596
2021-01-05 04:00:00,7830.66,0.0,0.289489
2021-01-05 05:00:00,8040.189,0.0,0.304388
2021-01-05 06:00:00,8287.669,0.0,0.320728
2021-01-05 07:00:00,8503.213,0.0,0.336718
2021-01-05 08:00:00,8636.681,0.002712,0.350577
2021-01-05 09:00:00,8673.931,0.117734,0.360757
2021-01-05 10:00:00,8634.386,0.271475,0.366153
2021-01-05 11:00:00,8555.864,0.393334,0.366237
2021-01-05 12:00:00,8478.101,0.439225,0.361131
2021-01-05 13:00:00,8434.293,0.393334,0.351576
2021-01-05 14:00:00,8451.311,0.271475,0.338839
2021-01-05 15:00:00,8549.192,0.117734,0.324531
2021-01-05 16:00:00,8729.175,0.002712,0.310392
2021-01-05 17:00:00,8954.195,0.0,0.298058
2021-01-05 18:00:00,9145.872,0.0,0.288837
2021-01-05 19:00:00,9218.704,0.0,0.28354
2021-01-05 20:00:00,9134.823,0.0,0.282377
2021-01-05 21:00:00,8931.019,0.0,0.284927
2021-01-05 22:00:00,8690.798,0.0,0.290211
2021-01-05 23:00:00,8488.743,0.0,0.296825
2021-01-06 00:00:00,7865.819,0.0,0.303484
2021-01-06 01:00:00,7712.279,0.0,0.307888
2021-01-06 02:00:00,7605.914,0.0,0.308992
2021-01-06 03:00:00,7597.552,0.0,0.305848
2021-01-06 04:00:00,7709.636,0.0,0.298078
2021-01-06 05:00:00,7919.636,0.0,0.285943
2021-01-06 06:00:00,8167.692,0.0,0.270319
2021-01-06 07:00:00,8383.916,0.0,0.252588
2021-01-06 08:00:00,8518.167,0.002649,0.234466
2021-01-06 09:00:00,8556.302,0.098059,0.217783
2021-01-06 10:00:00,8517.743,0.224646,0.204245
2021-01-06 11:00:00,8440.309,0.324819,0.195219
2021-01-06 12:00:00,8363.733,0.362519,0.19155
2021-01-06 13:00:00,8321.211,0.324819,0.193464
2021-01-06 14:00:00,8339.612,0.224646,0.200541
2021-01-06 15:00:00,8438.974,0.098059,0.21178
2021-01-06 16:00:00,8620.533,0.002649,0.225738
2021-01-06 17:00:00,8847.222,0.0,0.24073
2021-01-06 18:00:00,9040.661,0.0,0.255061
2021-01-06 19:00:00,9115.346,0.0,0.267254
2021-01-06 20:00:00,9033.408,0.0,0.276248
2021-01-06 21:00:00,8831.635,0.0,0.281545
2021-01-06 22:00:00,8593.532,0.0,0.283269
2021-01-06 23:00:00,8393.678,0.0,0.282147
2021-01-07 00:00:00,7772.782,0.0,0.279723
2021-01-07 01:00:00,7621.606,0.0,0.276913
2021-01-07 02:00:00,7517.684,0.0,0.275696
2021-01-07 03:00:00,7511.841,0.0,0.277605
2021-01-07 04:00:00,7626.519,0.0,0.283832
2021-01-07 05:00:00,7839.185,0.0,0.295052
2021-01-07 06:00:00,8089.977,0.0,0.311321
2021-01-07 07:00:00,8309.004,0.0,0.332057
2021-01-07 08:00:00,8446.124,0.002572,0.356102
2021-01-07 09:00:00,8487.19,0.082019,0.381867
2021-01-07 10:00:00,8451.623,0.186634,0.407535
2021-01-07 11:00:00,8377.238,0.269277,0.431287
2021-01-07 12:00:00,8303.768,0.30036,0.45154
2021-01-07 13:00:00,8264.403,0.269277,0.467146
2021-01-07 14:00:00,8286.012,0.186634,0.47753
2021-01-07 15:00:00,8388.628,0.082019,0.482764
2021-01-07 16:00:00,8573.485,0.002572,0.483538
2021-01-07 17:00:00,8803.515,0.0,0.481062
2021-01-07 18:00:00,9000.334,0.0,0.47689
2021-01-07 19:00:00,9078.435,0.0,0.472705
2021-01-07 20:00:00,8999.945,0.0,0.470084
2021-01-07 21:00:00,8801.65,0.0,0.470277
2021-01-07 22:00:00,8567.053,0.0,0.474038
2021-01-07 23:00:00,8370.729,0.0,0.481518
2021-01-08 00:00:00,7753.129,0.0,0.492538
2021-01-08 01:00:00,7605.523,0.0,0.505479
2021-01-08 02:00:00,7505.186,0.0,0.519183
2021-01-08 03:00:00,7502.94,0.0,0.531979
2021-01-08 04:00:00,7621.224,0.0,0.542208
2021-01-08 05:00:00,7837.503,0.0,0.54845
2021-01-08 06:00:00,8091.91,0.0,0.549723
2021-01-08 07:00:00,8314.553,0.0,0.545628
2021-01-08 08:00:00,8455.285,0.003017,0.536405
2021-01-08 09:00:00,8499.958,0.083682,0.522917
2021-01-08 10:00:00,8467.988,0.189086,0.506537
2021-01-08 11:00:00,8397.188,0.272203,0.488982
2021-01-08 12:00:00,8327.287,0.303443,0.472085
2021-01-08 13:00:00,8291.474,0.272203,0.457565
2021-01-08 14:00:00,8316.613,0.189086,0.446803
2021-01-08 15:00:00,8422.735,0.083682,0.44067
2021-01-08 16:00:00,8611.071,0.003017,0.439417
2021-01-08 17:00:00,8844.549,0.0,0.442658
2021-01-08 18:00:00,9044.783,0.0,0.449429
2021-01-08 19:00:00,9126.264,0.0,0.458329
2021-01-08 20:00:00,9051.115,0.0,0.467718
2021-01-08 21:00:00,8856.119,0.0,0.475949
2021-01-08 22:00:00,8624.776,0.0,0.481595
2021-01-08 23:00:00,8431.66,0.0,0.48365
2021-01-09 00:00:00,7380.812,0.0,0.481938
2021-01-09 01:00:00,7236.311,0.0,0.476097
2021-01-09 02:00:00,7139.023,0.0,0.46718
2021-01-09 03:00:00,7139.769,0.0,0.456465
2021-01-09 04:00:00,7260.985,0.0,0.445559
2021-01-09 05:00:00,7480.133,0.0,0.43617
2021-01-09 06:00:00,7737.343,0.0,0.429882
2021-01-09 07:00:00,7962.722,0.0,0.427931
2021-01-09 08:00:00,8106.12,0.003958,0.431034
2021-01-09 09:00:00,8153.386,0.096307,0.439286
2021-01-09 10:00:00,8123.936,0.216038,0.452135
2021-01-09 11:00:00,8055.579,0.310276,0.468455
2021-01-09 12:00:00,7988.042,0.345671,0.486681
2021-01-09 13:00:00,7954.513,0.310276,0.505013
2021-01-09 14:00:00,7981.853,0.216038,0.521647
2021-01-09 15:00:00,8090.091,0.096307,0.53501
2021-01-09 16:00:00,8280.459,0.003958,0.543955
2021-01-09 17:00:00,8515.88,0.0,0.547907
2021-01-09 18:00:00,8717.967,0.0,0.54693
2021-01-09 19:00:00,8801.21,0.0,0.541704
2021-01-09 20:00:00,8727.73,0.0,0.533423
2021-01-09 21:00:00,8534.31,0.0,0.523621
2021-01-09 22:00:00,8304.448,0.0,0.513959
2021-01-09 23:00:00,8112.715,0.0,0.505985
2021-01-10 00:00:00,7499.045,0.0,0.501169
2021-01-10 01:00:00,7355.73,0.0,0.499738
2021-01-10 02:00:00,7259.53,0.0,0.502058
2021-01-10 03:00:00,7261.263,0.0,0.507623
2021-01-10 04:00:00,7383.363,0.0,0.515365
2021-01-10 05:00:00,7603.294,0.0,0.523799
2021-01-10 06:00:00,7861.184,0.0,0.531223
2021-01-10 07:00:00,8087.138,0.0,0.535944
2021-01-10 08:00:00,8231.009,0.004863,0.536512
2021-01-10 09:00:00,8278.643,0.104586,0.531919
2021-01-10 10:00:00,8249.455,0.232856,0.52174
2021-01-10 11:00:00,8181.255,0.333621,0.506197
2021-01-10 12:00:00,8113.771,0.37144,0.486132
2021-01-10 13:00:00,8080.189,0.333621,0.462911
2021-01-10 14:00:00,8107.371,0.232856,0.43824
2021-01-10 15:00:00,8215.347,0.104586,0.41395
2021-01-10 16:00:00,8405.347,0.004863,0.391763
2021-01-10 17:00:00,8640.296,0.0,0.373066
2021-01-10 18:00:00,8841.808,0.0,0.358744
2021-01-10 19:00:00,8924.37,0.0,0.349066
2021-01-10 20:00:00,8850.109,0.0,0.34367
2021-01-10 21:00:00,8655.804,0.0,0.341619
2021-01-10 22:00:00,8424.955,0.0,0.341545
2021-01-10 23:00:00,8232.135,0.0,0.341847
2021-01-11 00:00:00,8053.168,0.0,0.341143
2021-01-11 01:00:00,7908.568,0.0,0.337602
2021-01-11 02:00:00,7810.983,0.0,0.330493
2021-01-11 03:00:00,7811.236,0.0,0.319419
2021-01-11 04:00:00,7931.76,0.0,0.304614
2021-01-11 05:00:00,8150.021,0.0,0.286914
2021-01-11 06:00:00,8406.149,0.0,0.267655
2021-01-11 07:00:00,8630.251,0.0,0.248498
2021-01-11 08:00:00,8772.178,0.005633,0.231209
2021-01-11 09:00:00,8817.781,0.107838,0.217426
2021-01-11 10:00:00,8786.476,0.238252,0.208439
2021-01-11 11:00:00,8716.076,0.340496,0.205016
2021-01-11 12:00:00,8646.308,0.378841,0.2073
2021-01-11 13:00:00,8610.362,0.340496,0.214787
2021-01-11 14:00:00,8635.101,0.238252,0.226388
2021-01-11 15:00:00,8740.558,0.107838,0.240577
2021-01-11 16:00:00,8927.964,0.005633,0.255586
2021-01-11 17:00:00,9160.247,0.0,0.269638
2021-01-11 18:00:00,9359.023,0.0,0.28118
2021-01-11 19:00:00,9438.782,0.0,0.289081
2021-01-11 20:00:00,9361.651,0.0,0.292776
2021-01-11 21:00:00,9164.415,0.0,0.292331
2021-01-11 22:00:00,8930.574,0.0,0.288425
2021-01-11 23:00:00,8734.705,0.0,0.282241
2021-01-12 00:00:00,8116.227,0.0,0.275501
2021-01-12 01:00:00,7968.469,0.0,0.269442
2021-01-12 02:00:00,7867.678,0.0,0.265787
2021-01-12 03:00:00,7864.675,0.0,0.265727
2021-01-12 04:00:00,7981.901,0.0,0.269948
2021-01-12 05:00:00,8196.821,0.0,0.278526
2021-01-12 06:00:00,8449.57,0.0,0.290911
2021-01-12 07:00:00,8670.256,0.0,0.305987
2021-01-12 08:00:00,8808.735,0.006907,0.322217
2021-01-12 09:00:00,8850.859,0.118462,0.337844
2021-01-12 10:00:00,8816.048,0.259662,0.351121
2021-01-12 11:00:00,8742.118,0.370134,0.360542
2021-01-12 12:00:00,8668.799,0.411533,0.365041
2021-01-12 13:00:00,8629.283,0.370134,0.364137
2021-01-12 14:00:00,8650.437,0.259662,0.357994
2021-01-12 15:00:00,8752.296,0.118462,0.347404
2021-01-12 16:00:00,8936.096,0.006907,0.333675
2021-01-12 17:00:00,9164.767,0.0,0.318468
2021-01-12 18:00:00,9359.927,0.0,0.303565
2021-01-12 19:00:00,9436.071,0.0,0.290646
2021-01-12 20:00:00,9355.328,0.0,0.281059
2021-01-12 21:00:00,9154.485,0.0,0.275653
2021-01-12 22:00:00,8917.047,0.0,0.274671
2021-01-12 23:00:00,8717.592,0.0,0.277723
2021-01-13 00:00:00,8095.286,0.0,0.28403
2021-01-13 01:00:00,7943.977,0.0,0.291858
2021-01-13 02:00:00,7839.656,0.0,0.299771
2021-01-13 03:00:00,7833.148,0.0,0.306161
2021-01-13 04:00:00,7946.895,0.0,0.309648
2021-01-13 05:00:00,8158.366,0.0,0.30928
2021-01-13 06:00:00,8407.699,0.0,0.304673
2021-01-13 07:00:00,8625.006,0.0,0.296077
2021-01-13 08:00:00,8760.144,0.008946,0.284348
2021-01-13 09:00:00,8798.97,0.138267,0.270844
2021-01-13 10:00:00,8760.904,0.30063,0.257254
2021-01-13 11:00:00,8683.766,0.427391,0.245373
2021-01-13 12:00:00,8607.29,0.474857,0.23687
2021-01-13 13:00:00,8564.669,0.427391,0.233069
2021-01-13 14:00:00,8582.774,0.30063,0.234771
2021-01-13 15:00:00,8681.641,0.138267,0.242154
2021-01-13 16:00:00,8862.509,0.008946,0.254746
2021-01-13 17:00:00,9088.312,0.0,0.271495
2021-01-13 18:00:00,9280.668,0.0,0.290905
2021-01-13 19:00:00,9354.076,0.0,0.311237
2021-01-13 20:00:00,9270.667,0.0,0.330743
2021-01-13 21:00:00,9067.231,0.0,0.347893
2021-01-13 22:00:00,8827.273,0.0,0.361577
2021-01-13 23:00:00,8625.376,0.0,0.371247
2021-01-14 00:00:00,8000.448,0.0,0.377137
2021-01-14 01:00:00,7846.855,0.0,0.379622
2021-01-14 02:00:00,7740.332,0.0,0.380046
2021-01-14 03:00:00,7731.707,0.0,0.379926
2021-01-14 04:00:00,7843.423,0.0,0.380894
2021-01-14 05:00:00,8052.952,0.0,0.38446
2021-01-14 06:00:00,8300.432,0.0,0.391798
2021-01-14 07:00:00,8515.976,0.0,0.403569
2021-01-14 08:00:00,8649.445,0.010734,0.419825
2021-01-14 09:00:00,8686.695,0.150335,0.439981
2021-01-14 10:00:00,8647.149,0.32418,0.462886
2021-01-14 11:00:00,8568.627,0.459611,0.486963
2021-01-14 12:00:00,8490.865,0.51028,0.51041
2021-01-14 13:00:00,8447.057,0.459611,0.531433
2021-01-14 14:00:00,8464.074,0.32418,0.548477
2021-01-14 15:00:00,8561.955,0.150335,0.560425
2021-01-14 16:00:00,8741.938,0.010734,0.566742
2021-01-14 17:00:00,8966.958,0.0,0.567539
2021-01-14 18:00:00,9158.635,0.0,0.563553
2021-01-14 19:00:00,9231.467,0.0,0.556041
2021-01-14 20:00:00,9147.586,0.0,0.546609
2021-01-14 21:00:00,8943.782,0.0,0.536991
2021-01-14 22:00:00,8703.562,0.0,0.528816
2021-01-14 23:00:00,8501.507,0.0,0.523391
2021-01-15 00:00:00,7876.267,0.0,0.52165
2021-01-15 01:00:00,7722.727,0.0,0.523539
2021-01-15 02:00:00,7616.362,0.0,0.528765
2021-01-15 03:00:00,7607.999,0.0,0.536346
2021-01-15 04:00:00,7720.083,0.0,0.544875
2021-01-15 05:00:00,7930.084,0.0,0.552726
2021-01-15 06:00:00,8178.14,0.0,0.558277
2021-01-15 07:00:00,8394.364,0.0,0.560143
2021-01-15 08:00:00,8528.615,0.011064,0.557373
2021-01-15 09:00:00,8566.75,0.141123,0.54959
2021-01-15 10:00:00,8528.191,0.301766,0.537057
2021-01-15 11:00:00,8450.757,0.426635,0.520647
2021-01-15 12:00:00,8374.181,0.473313,0.501746
2021-01-15 13:00:00,8331.659,0.426635,0.48207
2021-01-15 14:00:00,8350.06,0.301766,0.46345
2021-01-15 15:00:00,8449.422,0.141123,0.447597
2021-01-15 16:00:00,8630.98,0.011064,0.435877
2021-01-15 17:00:00,8857.67,0.0,0.42914
2021-01-15 18:00:00,9051.109,0.0,0.427616
2021-01-15 19:00:00,9125.794,0.0,0.430888
2021-01-15 20:00:00,9043.856,0.0,0.437958
2021-01-15 21:00:00,8842.083,0.0,0.44739
2021-01-15 22:00:00,8603.979,0.0,0.457505
2021-01-15 23:00:00,8404.126,0.0,0.466611
2021-01-16 00:00:00,7344.763,0.0,0.473345
2021-01-16 01:00:00,7193.587,0.0,0.476442
2021-01-16 02:00:00,7089.665,0.0,0.475515
2021-01-16 03:00:00,7083.822,0.0,0.470698
2021-01-16 04:00:00,7198.5,0.0,0.462727
2021-01-16 05:00:00,7411.166,0.0,0.452836
2021-01-16 06:00:00,7661.958,0.0,0.442588
2021-01-16 07:00:00,7880.985,0.0,0.433654
2021-01-16 08:00:00,8018.105,0.010327,0.427578
2021-01-16 09:00:00,8059.171,0.120521,0.425565
2021-01-16 10:00:00,8023.604,0.255519,0.428301
2021-01-16 11:00:00,7949.219,0.360215,0.435856
2021-01-16 12:00:00,7875.749,0.399319,0.44766
2021-01-16 13:00:00,7836.384,0.360215,0.462571
2021-01-16 14:00:00,7857.993,0.255519,0.479015
2021-01-16 15:00:00,7960.609,0.120521,0.495188
2021-01-16 16:00:00,8145.466,0.010327,0.50929
2021-01-16 17:00:00,8375.496,0.0,0.519752
2021-01-16 18:00:00,8572.315,0.0,0.525443
2021-01-16 19:00:00,8650.416,0.0,0.525806
2021-01-16 20:00:00,8571.926,0.0,0.52093
2021-01-16 21:00:00,8373.631,0.0,0.511522
2021-01-16 22:00:00,8139.034,0.0,0.498811
2021-01-16 23:00:00,7942.71,0.0,0.48437
2021-01-17 00:00:00,7322.789,0.0,0.469983
2021-01-17 01:00:00,7175.183,0.0,0.457079
2021-01-17 02:00:00,7074.846,0.0,0.44701
2021-01-17 03:00:00,7072.6,0.0,0.440549
2021-01-17 04:00:00,7190.884,0.0,0.437866
2021-01-17 05:00:00,7407.163,0.0,0.438505
2021-01-17 06:00:00,7661.57,0.0,0.441455
2021-01-17 07:00:00,7884.213,0.0,0.445281
2021-01-17 08:00:00,8024.945,0.010163,0.44833
2021-01-17 09:00:00,8069.618,0.109005,0.448961
2021-01-17 10:00:00,8037.648,0.229109,0.445771
2021-01-17 11:00:00,7966.848,0.322039,0.437796
2021-01-17 12:00:00,7896.947,0.356717,0.424651
2021-01-17 13:00:00,7861.134,0.322039,0.406593
2021-01-17 14:00:00,7886.273,0.229109,0.384498
2021-01-17 15:00:00,7992.395,0.109005,0.359758
2021-01-17 16:00:00,8180.731,0.010163,0.3341
2021-01-17 17:00:00,8414.209,0.0,0.309373
2021-01-17 18:00:00,8614.444,0.0,0.287307
2021-01-17 19:00:00,8695.924,0.0,0.269295
2021-01-17 20:00:00,8620.775,0.0,0.25622
2021-01-17 21:00:00,8425.779,0.0,0.248343
2021-01-17 22:00:00,8194.436,0.0,0.245289
2021-01-17 23:00:00,8001.32,0.0,0.246101
2021-01-18 00:00:00,7820.446,0.0,0.249447
2021-01-18 01:00:00,7675.945,0.0,0.253576
2021-01-18 02:00:00,7578.657,0.0,0.256907
2021-01-18 03:00:00,7579.403,0.0,0.258019
2021-01-18 04:00:00,7700.619,0.0,0.255911
2021-01-18 05:00:00,7919.767,0.0,0.250142
2021-01-18 06:00:00,8176.977,0.0,0.240895
2021-01-18 07:00:00,8402.356,0.0,0.228956
2021-01-18 08:00:00,8545.754,0.011154,0.215607
2021-01-18 09:00:00,8593.02,0.110382,0.202454
2021-01-18 10:00:00,8563.57,0.229977,0.19121
2021-01-18 11:00:00,8495.213,0.322296,0.183459
2021-01-18 12:00:00,8427.676,0.356715,0.180437
2021-01-18 13:00:00,8394.147,0.322296,0.182861
2021-01-18 14:00:00,8421.487,0.229977,0.190826
2021-01-18 15:00:00,8529.725,0.110382,0.20378
2021-01-18 16:00:00,8720.093,0.011154,0.220594
2021-01-18 17:00:00,8955.514,0.0,0.239702
2021-01-18 18:00:00,9157.601,0.0,0.259302
2021-01-18 19:00:00,9240.843,0.0,0.277588
2021-01-18 20:00:00,9167.364,0.0,0.292982
2021-01-18 21:00:00,8973.944,0.0,0.304335
2021-01-18 22:00:00,8744.082,0.0,0.311068
2021-01-18 23:00:00,8552.349,0.0,0.313242
2021-01-19 00:00:00,7936.355,0.0,0.311566
2021-01-19 01:00:00,7793.041,0.0,0.307158
2021-01-19 02:00:00,7696.84,0.0,0.301585
2021-01-19 03:00:00,7698.573,0.0,0.296499
2021-01-19 04:00:00,7820.673,0.0,0.293444
2021-01-19 05:00:00,8040.604,0.0,0.293636
2021-01-19 06:00:00,8298.494,0.0,0.29779
2021-01-19 07:00:00,8524.449,0.0,0.306017
2021-01-19 08:00:00,8668.319,0.012092,0.317803
2021-01-19 09:00:00,8715.953,0.11084,0.332072
2021-01-19 10:00:00,8686.765,0.228894,0.347332
2021-01-19 11:00:00,8618.566,0.319806,0.36187
2021-01-19 12:00:00,8551.082,0.353668,0.373984
2021-01-19 13:00:00,8517.5,0.319806,0.382214
2021-01-19 14:00:00,8544.682,0.228894,0.385543
2021-01-19 15:00:00,8652.658,0.11084,0.383534
2021-01-19 16:00:00,8842.657,0.012092,0.376395
2021-01-19 17:00:00,9077.607,0.0,0.364961
2021-01-19 18:00:00,9279.118,0.0,0.350581
2021-01-19 19:00:00,9361.681,0.0,0.33495
2021-01-19 20:00:00,9287.419,0.0,0.319886
2021-01-19 21:00:00,9093.114,0.0,0.307095
2021-01-19 22:00:00,8862.265,0.0,0.297951
2021-01-19 23:00:00,8669.445,0.0,0.293323
2021-01-20 00:00:00,8052.006,0.0,0.293478
2021-01-20 01:00:00,7907.406,0.0,0.298012
2021-01-20 02:00:00,7809.821,0.0,0.305986
2021-01-20 03:00:00,7810.074,0.0,0.316013
2021-01-20 04:00:00,7930.598,0.0,0.326477
2021-01-20 05:00:00,8148.859,0.0,0.335752
2021-01-20 06:00:00,8404.987,0.0,0.342441
2021-01-20 07:00:00,8629.089,0.0,0.345567
2021-01-20 08:00:00,8771.016,0.012311,0.344718
2021-01-20 09:00:00,8816.619,0.104904,0.340109
2021-01-20 10:00:00,8785.314,0.214706,0.332557
2021-01-20 11:00:00,8714.914,0.299058,0.32338
2021-01-20 12:00:00,8645.146,0.330447,0.314221
2021-01-20 13:00:00,8609.2,0.299058,0.306828
2021-01-20 14:00:00,8633.939,0.214706,0.30282
2021-01-20 15:00:00,8739.396,0.104904,0.30347
2021-01-20 16:00:00,8926.802,0.012311,0.309528
2021-01-20 17:00:00,9159.085,0.0,0.321119
2021-01-20 18:00:00,9357.861,0.0,0.337722
2021-01-20 19:00:00,9437.62,0.0,0.358234
2021-01-20 20:00:00,9360.489,0.0,0.381109
2021-01-20 21:00:00,9163.253,0.0,0.404566
2021-01-20 22:00:00,8929.412,0.0,0.426812
2021-01-20 23:00:00,8733.543,0.0,0.446279
2021-01-21 00:00:00,8112.741,0.0,0.461811
2021-01-21 01:00:00,7964.983,0.0,0.472854
2021-01-21 02:00:00,7864.192,0.0,0.479449
2021-01-21 03:00:00,7861.19,0.0,0.482262
2021-01-21 04:00:00,7978.415,0.0,0.482466
2021-01-21 05:00:00,8193.336,0.0,0.481573
2021-01-21 06:00:00,8446.084,0.0,0.481211
2021-01-21 07:00:00,8666.77,0.0,0.482893
2021-01-21 08:00:00,8805.249,0.013473,0.487803
2021-01-21 09:00:00,8847.373,0.107072,0.49662
2021-01-21 10:00:00,8812.563,0.217179,0.509414
2021-01-21 11:00:00,8738.632,0.301557,0.525628
2021-01-21 12:00:00,8665.313,0.332927,0.544142
2021-01-21 13:00:00,8625.797,0.301557,0.563416
2021-01-21 14:00:00,8646.951,0.217179,0.58169
2021-01-21 15:00:00,8748.811,0.107072,0.597213
2021-01-21 16:00:00,8932.61,0.013473,0.608477
2021-01-21 17:00:00,9161.281,0.0,0.614418
2021-01-21 18:00:00,9356.441,0.0,0.614552
2021-01-21 19:00:00,9432.585,0.0,0.609045
2021-01-21 20:00:00,9351.842,0.0,0.598688
2021-01-21 21:00:00,9150.999,0.0,0.584794
2021-01-21 22:00:00,8913.561,0.0,0.569022
2021-01-21 23:00:00,8714.107,0.0,0.55316
2021-01-22 00:00:00,8089.478,0.0,0.538853
2021-01-22 01:00:00,7938.169,0.0,0.527526
2021-01-22 02:00:00,7833.848,0.0,0.519996
2021-01-22 03:00:00,7827.339,0.0,0.51651
2021-01-22 04:00:00,7941.086,0.0,0.516683
2021-01-22 05:00:00,8152.558,0.0,0.519566
2021-01-22 06:00:00,8401.891,0.0,0.523782
2021-01-22 07:00:00,8619.198,0.0,0.527727
2021-01-22 08:00:00,8754.336,0.01742,0.529797
2021-01-22 09:00:00,8793.161,0.12952,0.52862
2021-01-22 10:00:00,8755.096,0.260344,0.523251
2021-01-22 11:00:00,8677.958,0.360349,0.513315
2021-01-22 12:00:00,8601.481,0.397492,0.499068
2021-01-22 13:00:00,8558.861,0.360349,0.481373
2021-01-22 14:00:00,8576.965,0.260344,0.4616
2021-01-22 15:00:00,8675.833,0.12952,0.441443
2021-01-22 16:00:00,8856.701,0.01742,0.422708
2021-01-22 17:00:00,9082.503,0.0,0.407074
2021-01-22 18:00:00,9274.86,0.0,0.395872
2021-01-22 19:00:00,9348.268,0.0,0.389916
2021-01-22 20:00:00,9264.859,0.0,0.389393
2021-01-22 21:00:00,9061.422,0.0,0.393843
2021-01-22 22:00:00,8821.465,0.0,0.402223
2021-01-22 23:00:00,8619.568,0.0,0.41305
2021-01-23 00:00:00,7556.17,0.0,0.424538
2021-01-23 01:00:00,7402.577,0.0,0.435069
2021-01-23 02:00:00,7296.054,0.0,0.443066
2021-01-23 03:00:00,7287.429,0.0,0.447434
2021-01-23 04:00:00,7399.146,0.0,0.447637
2021-01-23 05:00:00,7608.675,0.0,0.443769
2021-01-23 06:00:00,7856.154,0.0,0.436528
2021-01-23 07:00:00,8071.699,0.0,0.427118
2021-01-23 08:00:00,8205.167,0.022864,0.417071
2021-01-23 09:00:00,8242.417,0.159514,0.408035
2021-01-23 10:00:00,8202.871,0.31773,0.401536
2021-01-23 11:00:00,8124.35,0.438372,0.398763
2021-01-23 12:00:00,8046.587,0.483135,0.400396
2021-01-23 13:00:00,8002.779,0.438372,0.4065
2021-01-23 14:00:00,8019.796,0.31773,0.41651
2021-01-23 15:00:00,8117.678,0.159514,0.429291
2021-01-23 16:00:00,8297.661,0.022864,0.443283
2021-01-23 17:00:00,8522.68,0.0,0.456702
2021-01-23 18:00:00,8714.357,0.0,0.467772
2021-01-23 19:00:00,8787.189,0.0,0.474955
2021-01-23 20:00:00,8703.308,0.0,0.477152
2021-01-23 21:00:00,8499.504,0.0,0.473846
2021-01-23 22:00:00,8259.284,0.0,0.465164
2021-01-23 23:00:00,8057.229,0.0,0.451862
2021-01-24 00:00:00,7429.671,0.0,0.435131
2021-01-24 01:00:00,7276.131,0.0,0.416758
2021-01-24 02:00:00,7169.766,0.0,0.398412
2021-01-24 03:00:00,7161.403,0.0,0.381739
2021-01-24 04:00:00,7273.487,0.0,0.36806
2021-01-24 05:00:00,7483.488,0.0,0.358196
2021-01-24 06:00:00,7731.544,0.0,0.352365
2021-01-24 07:00:00,7947.768,0.0,0.350162
2021-01-24 08:00:00,8082.019,0.026324,0.350615
2021-01-24 09:00:00,8120.154,0.172812,0.352333
2021-01-24 10:00:00,8081.595,0.341092,0.3537
2021-01-24 11:00:00,8004.161,0.469082,0.353106
2021-01-24 12:00:00,7927.585,0.516525,0.349177
2021-01-24 13:00:00,7885.063,0.469082,0.340972
2021-01-24 14:00:00,7903.464,0.341092,0.328125
2021-01-24 15:00:00,8002.826,0.172812,0.310903
2021-01-24 16:00:00,8184.384,0.026324,0.29019
2021-01-24 17:00:00,8411.074,0.0,0.267377
2021-01-24 18:00:00,8604.513,0.0,0.244187
2021-01-24 19:00:00,8679.198,0.0,0.222455
2021-01-24 20:00:00,8597.26,0.0,0.203896
2021-01-24 21:00:00,8395.486,0.0,0.189879
2021-01-24 22:00:00,8157.383,0.0,0.181257
2021-01-24 23:00:00,7957.53,0.0,0.178261
2021-01-25 00:00:00,7768.148,0.0,0.180368
2021-01-25 01:00:00,7616.972,0.0,0.186794
2021-01-25 02:00:00,7513.05,0.0,0.195994
2021-01-25 03:00:00,7507.207,0.0,0.206288
2021-01-25 04:00:00,7621.885,0.0,0.215983
2021-01-25 05:00:00,7834.551,0.0,0.223605
2021-01-25 06:00:00,8085.343,0.0,0.228098
2021-01-25 07:00:00,8304.37,0.0,0.228966
2021-01-25 08:00:00,8441.49,0.02666,0.226337
2021-01-25 09:00:00,8482.556,0.165117,0.220941
2021-01-25 10:00:00,8446.989,0.322939,0.214008
2021-01-25 11:00:00,8372.605,0.44267,0.207092
2021-01-25 12:00:00,8299.134,0.487006,0.201859
2021-01-25 13:00:00,8259.769,0.44267,0.199846
2021-01-25 14:00:00,8281.378,0.322939,0.202248
2021-01-25 15:00:00,8383.994,0.165117,0.209745
2021-01-25 16:00:00,8568.852,0.02666,0.222398
2021-01-25 17:00:00,8798.881,0.0,0.239629
2021-01-25 18:00:00,8995.7,0.0,0.260285
2021-01-25 19:00:00,9073.801,0.0,0.282785
2021-01-25 20:00:00,8995.311,0.0,0.305314
2021-01-25 21:00:00,8797.016,0.0,0.326062
2021-01-25 22:00:00,8562.419,0.0,0.343451
2021-01-25 23:00:00,8366.096,0.0,0.356339
2021-01-26 00:00:00,7743.863,0.0,0.364028
2021-01-26 01:00:00,7596.256,0.0,0.366857
2021-01-26 02:00:00,7495.919,0.0,0.365392
2021-01-26 03:00:00,7493.673,0.0,0.36085
2021-01-26 04:00:00,7611.957,0.0,0.354794
2021-01-26 05:00:00,7828.236,0.0,0.348911
2021-01-26 06:00:00,8082.644,0.0,0.344785
2021-01-26 07:00:00,8305.287,0.0,0.343674
2021-01-26 08:00:00,8446.019,0.026462,0.346336
2021-01-26 09:00:00,8490.691,0.155001,0.35293
2021-01-26 10:00:00,8458.721,0.300395,0.362989
2021-01-26 11:00:00,8387.922,0.410415,0.375484
2021-01-26 12:00:00,8318.021,0.451114,0.388969
2021-01-26 13:00:00,8282.208,0.410415,0.401778
2021-01-26 14:00:00,8307.346,0.300395,0.412255
2021-01-26 15:00:00,8413.468,0.155001,0.418982
2021-01-26 16:00:00,8601.805,0.026462,0.42098
2021-01-26 17:00:00,8835.283,0.0,0.417851
2021-01-26 18:00:00,9035.517,0.0,0.409835
2021-01-26 19:00:00,9116.997,0.0,0.397794
2021-01-26 20:00:00,9041.848,0.0,0.383102
2021-01-26 21:00:00,8846.853,0.0,0.367473
2021-01-26 22:00:00,8615.51,0.0,0.352737
2021-01-26 23:00:00,8422.394,0.0,0.34061
2021-01-27 00:00:00,7803.064,0.0,0.332314
2021-01-27 01:00:00,7658.563,0.0,0.329022
2021-01-27 02:00:00,7561.275,0.0,0.330827
2021-01-27 03:00:00,7562.021,0.0,0.337334
2021-01-27 04:00:00,7683.237,0.0,0.347572
2021-01-27 05:00:00,7902.384,0.0,0.360132
2021-01-27 06:00:00,8159.595,0.0,0.373365
2021-01-27 07:00:00,8384.974,0.0,0.385614
2021-01-27 08:00:00,8528.372,0.027773,0.395443
2021-01-27 09:00:00,8575.638,0.154219,0.401833
2021-01-27 10:00:00,8546.188,0.29616,0.404329
2021-01-27 11:00:00,8477.831,0.403291,0.403099
2021-01-27 12:00:00,8410.294,0.442881,0.398911
2021-01-27 13:00:00,8376.765,0.403291,0.393034
2021-01-27 14:00:00,8404.105,0.29616,0.387062
2021-01-27 15:00:00,8512.343,0.154219,0.382691
2021-01-27 16:00:00,8702.711,0.027773,0.381494
2021-01-27 17:00:00,8938.132,0.0,0.384694
2021-01-27 18:00:00,9140.219,0.0,0.392996
2021-01-27 19:00:00,9223.461,0.0,0.406484
2021-01-27 20:00:00,9149.982,0.0,0.424597
2021-01-27 21:00:00,8956.562,0.0,0.446195
2021-01-27 22:00:00,8726.7,0.0,0.469703
2021-01-27 23:00:00,8534.967,0.0,0.493313
2021-01-28 00:00:00,7916.671,0.0,0.515033
2021-01-28 01:00:00,7773.357,0.0,0.533634
2021-01-28 02:00:00,7677.156,0.0,0.547784
2021-01-28 03:00:00,7678.889,0.0,0.556902
2021-01-28 04:00:00,7800.989,0.0,0.561041
2021-01-28 05:00:00,8020.92,0.0,0.560876
2021-01-28 06:00:00,8278.81,0.0,0.557594
2021-01-28 07:00:00,8504.765,0.0,0.552723
2021-01-28 08:00:00,8648.635,0.028665,0.547918
2021-01-28 09:00:00,8696.269,0.151229,0.544722
2021-01-28 10:00:00,8667.081,0.287783,0.544354
2021-01-28 11:00:00,8598.882,0.390579,0.547531
2021-01-28 12:00:00,8531.398,0.428529,0.554368
2021-01-28 13:00:00,8497.816,0.390579,0.564355
2021-01-28 14:00:00,8524.998,0.287783,0.576421
2021-01-28 15:00:00,8632.974,0.151229,0.589079
2021-01-28 16:00:00,8822.973,0.028665,0.600623
2021-01-28 17:00:00,9057.923,0.0,0.609357
2021-01-28 18:00:00,9259.434,0.0,0.61383
2021-01-28 19:00:00,9341.997,0.0,0.613032
2021-01-28 20:00:00,9267.735,0.0,0.606533
2021-01-28 21:00:00,9073.43,0.0,0.594554
2021-01-28 22:00:00,8842.581,0.0,0.577936
2021-01-28 23:00:00,8649.761,0.0,0.558039
2021-01-29 00:00:00,8030.025,0.0,0.536367
2021-01-29 01:00:00,7885.425,0.0,0.515151
2021-01-29 02:00:00,7787.841,0.0,0.495906
2021-01-29 03:00:00,7788.093,0.0,0.480019
2021-01-29 04:00:00,7908.618,0.0,0.468368
2021-01-29 05:00:00,8126.879,0.0,0.46122
2021-01-29 06:00:00,8383.007,0.0,0.458208
2021-01-29 07:00:00,8607.108,0.0,0.458392
2021-01-29 08:00:00,8749.036,0.026599,0.460398
2021-01-29 09:00:00,8794.639,0.133605,0.462621
2021-01-29 10:00:00,8763.334,0.251942,0.463449
2021-01-29 11:00:00,8692.934,0.340794,0.461496
2021-01-29 12:00:00,8623.166,0.373562,0.455799
2021-01-29 13:00:00,8587.22,0.340794,0.445958
2021-01-29 14:00:00,8611.959,0.251942,0.4322
2021-01-29 15:00:00,8717.416,0.133605,0.415357
2021-01-29 16:00:00,8904.822,0.026599,0.39676
2021-01-29 17:00:00,9137.105,0.0,0.378064
2021-01-29 18:00:00,9335.88,0.0,0.361031
2021-01-29 19:00:00,9415.64,0.0,0.347294
2021-01-29 20:00:00,9338.509,0.0,0.33814
2021-01-29 21:00:00,9141.273,0.0,0.334331
2021-01-29 22:00:00,8907.432,0.0,0.336009
2021-01-29 23:00:00,8711.562,0.0,0.342665
2021-01-30 00:00:00,7652.323,0.0,0.352985
2021-01-30 01:00:00,7504.565,0.0,0.36589
2021-01-30 02:00:00,7403.774,0.0,0.379386
2021-01-30 03:00:00,7400.771,0.0,0.391696
2021-01-30 04:00:00,7517.997,0.0,0.401267
2021-01-30 05:00:00,7732.917,0.0,0.406969
2021-01-30 06:00:00,7985.666,0.0,0.40824
2021-01-30 07:00:00,8206.352,0.0,0.405148
2021-01-30 08:00:00,8344.831,0.023818,0.398376
2021-01-30 09:00:00,8386.955,0.114129,0.389111
2021-01-30 10:00:00,8352.144,0.213274,0.378879
2021-01-30 11:00:00,8278.214,0.287522,0.369326
2021-01-30 12:00:00,8204.895,0.314876,0.361981
2021-01-30 13:00:00,8165.379,0.287522,0.358041
2021-01-30 14:00:00,8186.533,0.213274,0.358201
2021-01-30 15:00:00,8288.392,0.114129,0.362547
2021-01-30 16:00:00,8472.192,0.023818,0.370537
2021-01-30 17:00:00,8700.863,0.0,0.381066
2021-01-30 18:00:00,8896.023,0.0,0.392608
2021-01-30 19:00:00,8972.167,0.0,0.403418
2021-01-30 20:00:00,8891.424,0.0,0.411759
2021-01-30 21:00:00,8690.581,0.0,0.416137
2021-01-30 22:00:00,8453.143,0.0,0.415499
2021-01-30 23:00:00,8253.688,0.0,0.409377
2021-01-31 00:00:00,7626.777,0.0,0.397699
2021-01-31 01:00:00,7475.468,0.0,0.381764
2021-01-31 02:00:00,7371.147,0.0,0.362648
2021-01-31 03:00:00,7364.639,0.0,0.34202
2021-01-31 04:00:00,7478.386,0.0,0.321679
2021-01-31 05:00:00,7689.857,0.0,0.303314
2021-01-31 06:00:00,7939.19,0.0,0.288286
2021-01-31 07:00:00,8156.497,0.0,0.277456
2021-01-31 08:00:00,8291.635,0.02572,0.271075
2021-01-31 09:00:00,8330.461,0.117795,0.268767
2021-01-31 10:00:00,8292.395,0.218147,0.269586
2021-01-31 11:00:00,8215.257,0.293105,0.272159
2021-01-31 12:00:00,8138.781,0.320691,0.274884
2021-01-31 13:00:00,8096.16,0.293105,0.276162
2021-01-31 14:00:00,8114.265,0.218147,0.274618
2021-01-31 15:00:00,8213.132,0.117795,0.26931
2021-01-31 16:00:00,8394.0,0.02572,0.259861
2021-01-31 17:00:00,8619.803,0.0,0.246525
2021-01-31 18:00:00,8812.159,0.0,0.230164
2021-01-31 19:00:00,8885.567,0.0,0.212143
2021-01-31 20:00:00,8802.158,0.0,0.194152
2021-01-31 21:00:00,8598.722,0.0,0.177993
2021-01-31 22:00:00,8358.764,0.0,0.165337
2021-01-31 23:00:00,8156.867,0.0,0.157511
2021-02-01 00:00:00,7963.491,0.0,0.155048
2021-02-01 01:00:00,7809.898,0.0,0.15867
2021-02-01 02:00:00,7703.376,0.0,0.167637
2021-02-01 03:00:00,7694.75,0.0,0.180897
2021-02-01 04:00:00,7806.467,0.0,0.196957
2021-02-01 05:00:00,8015.996,0.0,0.21408
2021-02-01 06:00:00,8263.476,0.0,0.230517
2021-02-01 07:00:00,8479.02,0.0,0.244741
2021-02-01 08:00:00,8612.488,0.033435,0.255644
2021-02-01 09:00:00,8649.738,0.146617,0.262678
2021-02-01 10:00:00,8610.193,0.2691,0.265924
2021-02-01 11:00:00,8531.671,0.360349,0.266068
2021-02-01 12:00:00,8453.908,0.393895,0.264301
2021-02-01 13:00:00,8410.1,0.360349,0.262142
2021-02-01 14:00:00,8427.118,0.2691,0.261225
2021-02-01 15:00:00,8524.999,0.146617,0.263062
2021-02-01 16:00:00,8704.982,0.033435,0.26883
2021-02-01 17:00:00,8930.002,0.0,0.279193
2021-02-01 18:00:00,9121.678,0.0,0.294204
2021-02-01 19:00:00,9194.51,0.0,0.313283
2021-02-01 20:00:00,9110.63,0.0,0.335282
2021-02-01 21:00:00,8906.825,0.0,0.358627
2021-02-01 22:00:00,8666.605,0.0,0.38152
2021-02-01 23:00:00,8464.55,0.0,0.40217
2021-02-02 00:00:00,7834.726,0.0,0.418731
2021-02-02 01:00:00,7681.186,0.0,0.430679
2021-02-02 02:00:00,7574.821,0.0,0.437188
2021-02-02 03:00:00,7566.459,0.0,0.438373
2021-02-02 04:00:00,7678.543,0.0,0.434973
2021-02-02 05:00:00,7888.543,0.0,0.42825
2021-02-02 06:00:00,8136.599,0.0,0.419811
2021-02-02 07:00:00,8352.823,0.0,0.411393
2021-02-02 08:00:00,8487.074,0.041673,0.404629
2021-02-02 09:00:00,8525.209,0.175274,0.400823
2021-02-02 10:00:00,8486.65,0.31884,0.400786
2021-02-02 11:00:00,8409.216,0.425519,0.40472
2021-02-02 12:00:00,8332.64,0.464696,0.412205
2021-02-02 13:00:00,8290.118,0.425519,0.422255
2021-02-02 14:00:00,8308.519,0.31884,0.433466
2021-02-02 15:00:00,8407.881,0.175274,0.444206
2021-02-02 16:00:00,8589.44,0.041673,0.452853
2021-02-02 17:00:00,8816.129,0.0,0.458017
2021-02-02 18:00:00,9009.568,0.0,0.458744
2021-02-02 19:00:00,9084.253,0.0,0.454651
2021-02-02 20:00:00,9002.315,0.0,0.445995
2021-02-02 21:00:00,8800.542,0.0,0.433643
2021-02-02 22:00:00,8562.438,0.0,0.418973
2021-02-02 23:00:00,8362.585,0.0,0.403693
2021-02-03 00:00:00,7734.798,0.0,0.389309
2021-02-03 01:00:00,7583.622,0.0,0.378156
2021-02-03 02:00:00,7479.7,0.0,0.371272
2021-02-03 03:00:00,7473.857,0.0,0.369498
2021-02-03 04:00:00,7588.535,0.0,0.373051
2021-02-03 05:00:00,7801.201,0.0,0.381504
2021-02-03 06:00:00,8051.993,0.0,0.393846
2021-02-03 07:00:00,8271.02,0.0,0.408629
2021-02-03 08:00:00,8408.14,0.045911,0.42416
2021-02-03 09:00:00,8449.207,0.185506,0.438737
2021-02-03 10:00:00,8413.639,0.33448,0.450875
2021-02-03 11:00:00,8339.255,0.444889,0.459509
2021-02-03 12:00:00,8265.784,0.485393,0.464135
2021-02-03 13:00:00,8226.419,0.444889,0.464872
2021-02-03 14:00:00,8248.028,0.33448,0.462442
2021-02-03 15:00:00,8350.644,0.185506,0.45807
2021-02-03 16:00:00,8535.502,0.045911,0.453305
2021-02-03 17:00:00,8765.531,0.0,0.449805
2021-02-03 18:00:00,8962.35,0.0,0.449105
2021-02-03 19:00:00,9040.451,0.0,0.452397
2021-02-03 20:00:00,8961.961,0.0,0.460358
2021-02-03 21:00:00,8763.666,0.0,0.473048
2021-02-03 22:00:00,8529.069,0.0,0.489888
2021-02-03 23:00:00,8332.746,0.0,0.509727
2021-02-04 00:00:00,7708.266,0.0,0.530642
2021-02-04 01:00:00,7560.66,0.0,0.551504
2021-02-04 02:00:00,7460.322,0.0,0.570164
2021-02-04 03:00:00,7458.076,0.0,0.585049
2021-02-04 04:00:00,7576.36,0.0,0.595022
2021-02-04 05:00:00,7792.64,0.0,0.599521
2021-02-04 06:00:00,8047.047,0.0,0.59863
2021-02-04 07:00:00,8269.69,0.0,0.593055
2021-02-04 08:00:00,8410.422,0.048385,0.584021
2021-02-04 09:00:00,8455.095,0.188109,0.573097
2021-02-04 10:00:00,8423.124,0.336207,0.561984
2021-02-04 11:00:00,8352.325,0.445682,0.552274
2021-02-04 12:00:00,8282.424,0.485802,0.545236
2021-02-04 13:00:00,8246.611,0.445682,0.541641
2021-02-04 14:00:00,8271.749,0.336207,0.54166
2021-02-04 15:00:00,8377.871,0.188109,0.544836
2021-02-04 16:00:00,8566.208,0.048385,0.550157
2021-02-04 17:00:00,8799.686,0.0,0.556188
2021-02-04 18:00:00,8999.92,0.0,0.561279
2021-02-04 19:00:00,9081.4,0.0,0.563786
2021-02-04 20:00:00,9006.251,0.0,0.562306
2021-02-04 21:00:00,8811.256,0.0,0.555876
2021-02-04 22:00:00,8579.913,0.0,0.54411
2021-02-04 23:00:00,8386.797,0.0,0.527267
2021-02-05 00:00:00,7765.231,0.0,0.505858
2021-02-05 01:00:00,7620.73,0.0,0.481999
2021-02-05 02:00:00,7523.442,0.0,0.457057
2021-02-05 03:00:00,7524.188,0.0,0.432876
2021-02-05 04:00:00,7645.403,0.0,0.411188
2021-02-05 05:00:00,7864.551,0.0,0.393384
2021-02-05 06:00:00,8121.762,0.0,0.380343
2021-02-05 07:00:00,8347.14,0.0,0.372329
2021-02-05 08:00:00,8490.539,0.053322,0.36896
2021-02-05 09:00:00,8537.805,0.199751,0.369281
2021-02-05 10:00:00,8508.354,0.35392,0.371897
2021-02-05 11:00:00,8439.997,0.467588,0.375175
2021-02-05 12:00:00,8372.461,0.509201,0.37747
2021-02-05 13:00:00,8338.931,0.467588,0.377362
2021-02-05 14:00:00,8366.271,0.35392,0.373847
2021-02-05 15:00:00,8474.51,0.199751,0.366482
2021-02-05 16:00:00,8664.877,0.053322,0.355449
2021-02-05 17:00:00,8900.298,0.0,0.341531
2021-02-05 18:00:00,9102.386,0.0,0.326012
2021-02-05 19:00:00,9185.628,0.0,0.310496
2021-02-05 20:00:00,9112.149,0.0,0.296696
2021-02-05 21:00:00,8918.729,0.0,0.286196
2021-02-05 22:00:00,8688.866,0.0,0.280235
2021-02-05 23:00:00,8497.134,0.0,0.279529
2021-02-06 00:00:00,7440.464,0.0,0.283789
2021-02-06 01:00:00,7297.15,0.0,0.29324
2021-02-06 02:00:00,7200.95,0.0,0.306369
2021-02-06 03:00:00,7202.682,0.0,0.321614
2021-02-06 04:00:00,7324.782,0.0,0.337179
2021-02-06 05:00:00,7544.713,0.0,0.351262
2021-02-06 06:00:00,7802.603,0.0,0.362292
2021-02-06 07:00:00,8028.558,0.0,0.369128
2021-02-06 08:00:00,8172.428,0.058537,0.371197
2021-02-06 09:00:00,8220.062,0.211597,0.368569
2021-02-06 10:00:00,8190.874,0.371687,0.361927
2021-02-06 11:00:00,8122.675,0.489418,0.352471
2021-02-06 12:00:00,8055.191,0.532472,0.34174
2021-02-06 13:00:00,8021.609,0.489418,0.3314
2021-02-06 14:00:00,8048.791,0.371687,0.323004
2021-02-06 15:00:00,8156.767,0.211597,0.31778
2021-02-06 16:00:00,8346.767,0.058537,0.316457
2021-02-06 17:00:00,8581.716,0.0,0.319157
2021-02-06 18:00:00,8783.227,0.0,0.32538
2021-02-06 19:00:00,8865.79,0.0,0.334063
2021-02-06 20:00:00,8791.528,0.0,0.343725
2021-02-06 21:00:00,8597.223,0.0,0.352669
2021-02-06 22:00:00,8366.374,0.0,0.359204
2021-02-06 23:00:00,8173.554,0.0,0.361886
2021-02-07 00:00:00,7551.605,0.0,0.359298
2021-02-07 01:00:00,7407.005,0.0,0.351836
2021-02-07 02:00:00,7309.421,0.0,0.339311
2021-02-07 03:00:00,7309.673,0.0,0.322569
2021-02-07 04:00:00,7430.198,0.0,0.302972
2021-02-07 05:00:00,7648.459,0.0,0.282224
2021-02-07 06:00:00,7904.587,0.0,0.262154
2021-02-07 07:00:00,8128.688,0.0,0.244479
2021-02-07 08:00:00,8270.616,0.057371,0.230582
2021-02-07 09:00:00,8316.219,0.200377,0.22134
2021-02-07 10:00:00,8284.914,0.348984,0.217014
2021-02-07 11:00:00,8214.514,0.45799,0.217234
2021-02-07 12:00:00,8144.746,0.497812,0.221053
2021-02-07 13:00:00,8108.8,0.45799,0.227092
2021-02-07 14:00:00,8133.539,0.348984,0.233738
2021-02-07 15:00:00,8238.995,0.200377,0.239371
2021-02-07 16:00:00,8426.401,0.057371,0.242596
2021-02-07 17:00:00,8658.685,0.0,0.24244
2021-02-07 18:00:00,8857.46,0.0,0.238493
2021-02-07 19:00:00,8937.22,0.0,0.23097
2021-02-07 20:00:00,8860.089,0.0,0.220692
2021-02-07 21:00:00,8662.852,0.0,0.208976
2021-02-07 22:00:00,8429.012,0.0,0.197466
2021-02-07 23:00:00,8233.142,0.0,0.187909
2021-02-08 00:00:00,8043.998,0.0,0.181492
2021-02-08 01:00:00,7896.241,0.0,0.180351
2021-02-08 02:00:00,7795.449,0.0,0.184802
2021-02-08 03:00:00,7792.447,0.0,0.19497
2021-02-08 04:00:00,7909.673,0.0,0.210331
2021-02-08 05:00:00,8124.593,0.0,0.229781
2021-02-08 06:00:00,8377.341,0.0,0.251774
2021-02-08 07:00:00,8598.027,0.0,0.274526
2021-02-08 08:00:00,8736.506,0.049389,0.296242
2021-02-08 09:00:00,8778.631,0.166882,0.315353
2021-02-08 10:00:00,8743.82,0.288202,0.330714
2021-02-08 11:00:00,8669.889,0.376965,0.341745
2021-02-08 12:00:00,8596.57,0.409358,0.348499
2021-02-08 13:00:00,8557.054,0.376965,0.35164
2021-02-08 14:00:00,8578.208,0.288202,0.352342
2021-02-08 15:00:00,8680.068,0.166882,0.352115
2021-02-08 16:00:00,8863.868,0.049389,0.352586
2021-02-08 17:00:00,9092.538,0.0,0.355271
2021-02-08 18:00:00,9287.698,0.0,0.361352
2021-02-08 19:00:00,9363.842,0.0,0.371507
2021-02-08 20:00:00,9283.099,0.0,0.385808
2021-02-08 21:00:00,9082.256,0.0,0.403698
2021-02-08 22:00:00,8844.818,0.0,0.424058
2021-02-08 23:00:00,8645.364,0.0,0.445347
2021-02-09 00:00:00,8016.265,0.0,0.465353
2021-02-09 01:00:00,7864.956,0.0,0.483232
2021-02-09 02:00:00,7760.635,0.0,0.497024
2021-02-09 03:00:00,7754.126,0.0,0.505663
2021-02-09 04:00:00,7867.874,0.0,0.508665
2021-02-09 05:00:00,8079.345,0.0,0.506196
2021-02-09 06:00:00,8328.678,0.0,0.499046
2021-02-09 07:00:00,8545.985,0.0,0.488527
2021-02-09 08:00:00,8681.123,0.043374,0.476295
2021-02-09 09:00:00,8719.948,0.141959,0.464137
2021-02-09 10:00:00,8681.883,0.24312,0.453731
2021-02-09 11:00:00,8604.745,0.316946,0.446427
2021-02-09 12:00:00,8528.269,0.343859,0.443073
2021-02-09 13:00:00,8485.648,0.316946,0.443912
2021-02-09 14:00:00,8503.752,0.24312,0.448553
2021-02-09 15:00:00,8602.62,0.141959,0.456042
2021-02-09 16:00:00,8783.488,0.043374,0.464995
2021-02-09 17:00:00,9009.29,0.0,0.473801
2021-02-09 18:00:00,9201.647,0.0,0.480849
2021-02-09 19:00:00,9275.055,0.0,0.484756
2021-02-09 20:00:00,9191.646,0.0,0.48457
2021-02-09 21:00:00,8988.209,0.0,0.479905
2021-02-09 22:00:00,8748.252,0.0,0.471006
2021-02-09 23:00:00,8546.355,0.0,0.458727
2021-02-10 00:00:00,7914.657,0.0,0.443949
2021-02-10 01:00:00,7761.064,0.0,0.429307
2021-02-10 02:00:00,7654.542,0.0,0.416119
2021-02-10 03:00:00,7645.916,0.0,0.40605
2021-02-10 04:00:00,7757.633,0.0,0.40042
2021-02-10 05:00:00,7967.162,0.0,0.400029
2021-02-10 06:00:00,8214.641,0.0,0.405051
2021-02-10 07:00:00,8430.186,0.0,0.415013
2021-02-10 08:00:00,8563.654,0.046476,0.428859
2021-02-10 09:00:00,8600.904,0.147514,0.445094
2021-02-10 10:00:00,8561.358,0.250554,0.461977
2021-02-10 11:00:00,8482.837,0.325562,0.477759
2021-02-10 12:00:00,8405.074,0.352878,0.490913
2021-02-10 13:00:00,8361.266,0.325562,0.500328
2021-02-10 14:00:00,8378.283,0.250554,0.505459
2021-02-10 15:00:00,8476.165,0.147514,0.506389
2021-02-10 16:00:00,8656.148,0.046476,0.503807
2021-02-10 17:00:00,8881.167,0.0,0.498905
2021-02-10 18:00:00,9072.844,0.0,0.493208
2021-02-10 19:00:00,9145.676,0.0,0.488355
2021-02-10 20:00:00,9061.795,0.0,0.485865
2021-02-10 21:00:00,8857.991,0.0,0.48692
2021-02-10 22:00:00,8617.771,0.0,0.492193
2021-02-10 23:00:00,8415.716,0.0,0.501745
2021-02-11 00:00:00,7783.733,0.0,0.514509
2021-02-11 01:00:00,7630.193,0.0,0.530341
2021-02-11 02:00:00,7523.828,0.0,0.547181
2021-02-11 03:00:00,7515.465,0.0,0.563243
2021-02-11 04:00:00,7627.549,0.0,0.576748
2021-02-11 05:00:00,7837.55,0.0,0.586159
2021-02-11 06:00:00,8085.606,0.0,0.590375
2021-02-11 07:00:00,8301.83,0.0,0.58888
2021-02-11 08:00:00,8436.081,0.054949,0.581803
2021-02-11 09:00:00,8474.216,0.169318,0.5699
2021-02-11 10:00:00,8435.656,0.285251,0.554446
2021-02-11 11:00:00,8358.222,0.369434,0.537067
2021-02-11 12:00:00,8281.647,0.400059,0.519516
2021-02-11 13:00:00,8239.125,0.369434,0.503442
2021-02-11 14:00:00,8257.526,0.285251,0.490167
2021-02-11 15:00:00,8356.887,0.169318,0.480517
2021-02-11 16:00:00,8538.446,0.054949,0.474714
2021-02-11 17:00:00,8765.135,0.0,0.472354
2021-02-11 18:00:00,8958.574,0.0,0.472469
2021-02-11 19:00:00,9033.26,0.0,0.473672
2021-02-11 20:00:00,8951.322,0.0,0.47435
2021-02-11 21:00:00,8749.548,0.0,0.472895
2021-02-11 22:00:00,8511.445,0.0,0.467937
2021-02-11 23:00:00,8311.591,0.0,0.458536
2021-02-12 00:00:00,7681.66,0.0,0.443809
2021-02-12 01:00:00,7530.484,0.0,0.425067
2021-02-12 02:00:00,7426.562,0.0,0.402675
2021-02-12 03:00:00,7420.719,0.0,0.378024
2021-02-12 04:00:00,7535.397,0.0,0.352841
2021-02-12 05:00:00,7748.064,0.0,0.328962
2021-02-12 06:00:00,7998.855,0.0,0.308102
2021-02-12 07:00:00,8217.883,0.0,0.291633
2021-02-12 08:00:00,8355.002,0.060836,0.280408
2021-02-12 09:00:00,8396.069,0.182181,0.274659
2021-02-12 10:00:00,8360.502,0.304457,0.273971
2021-02-12 11:00:00,8286.117,0.393026,0.277348
2021-02-12 12:00:00,8212.646,0.425214,0.283352
2021-02-12 13:00:00,8173.282,0.393026,0.290304
2021-02-12 14:00:00,8194.89,0.304457,0.296514
2021-02-12 15:00:00,8297.506,0.182181,0.300507
2021-02-12 16:00:00,8482.364,0.060836,0.301231
2021-02-12 17:00:00,8712.394,0.0,0.298192
2021-02-12 18:00:00,8909.212,0.0,0.291518
2021-02-12 19:00:00,8987.313,0.0,0.281945
2021-02-12 20:00:00,8908.823,0.0,0.270704
2021-02-12 21:00:00,8710.529,0.0,0.259355
2021-02-12 22:00:00,8475.931,0.0,0.249567
2021-02-12 23:00:00,8279.608,0.0,0.242881
2021-02-13 00:00:00,7216.851,0.0,0.239958
2021-02-13 01:00:00,7069.245,0.0,0.242566
2021-02-13 02:00:00,6968.908,0.0,0.250231
2021-02-13 03:00:00,6966.662,0.0,0.262383
2021-02-13 04:00:00,7084.946,0.0,0.277878
2021-02-13 05:00:00,7301.225,0.0,0.29514
2021-02-13 06:00:00,7555.632,0.0,0.312366
2021-02-13 07:00:00,7778.275,0.0,0.327755
2021-02-13 08:00:00,7919.007,0.064706,0.339739
2021-02-13 09:00:00,7963.68,0.188508,0.347187
2021-02-13 10:00:00,7931.71,0.312537,0.349542
2021-02-13 11:00:00,7860.91,0.402153,0.346894
2021-02-13 12:00:00,7791.009,0.434688,0.339952
2021-02-13 13:00:00,7755.196,0.402153,0.329944
2021-02-13 14:00:00,7780.335,0.312537,0.318445
2021-02-13 15:00:00,7886.457,0.188508,0.307157
2021-02-13 16:00:00,8074.793,0.064706,0.297676
2021-02-13 17:00:00,8308.271,0.0,0.291271
2021-02-13 18:00:00,8508.505,0.0,0.288714
2021-02-13 19:00:00,8589.986,0.0,0.290177
2021-02-13 20:00:00,8514.837,0.0,0.295203
2021-02-13 21:00:00,8319.841,0.0,0.302778
2021-02-13 22:00:00,8088.498,0.0,0.311467
2021-02-13 23:00:00,7895.382,0.0,0.319614
2021-02-14 00:00:00,7271.704,0.0,0.325011
2021-02-14 01:00:00,7127.203,0.0,0.327379
2021-02-14 02:00:00,7029.915,0.0,0.325183
2021-02-14 03:00:00,7030.661,0.0,0.318035
2021-02-14 04:00:00,7151.877,0.0,0.306184
2021-02-14 05:00:00,7371.024,0.0,0.290499
2021-02-14 06:00:00,7628.235,0.0,0.272362
2021-02-14 07:00:00,7853.614,0.0,0.253491
2021-02-14 08:00:00,7997.012,0.074159,0.235724
2021-02-14 09:00:00,8044.278,0.210386,0.22078
2021-02-14 10:00:00,8014.828,0.346083,0.210039
2021-02-14 11:00:00,7946.471,0.443891,0.204369
2021-02-14 12:00:00,7878.934,0.479364,0.204019
2021-02-14 13:00:00,7845.405,0.443891,0.208597
2021-02-14 14:00:00,7872.745,0.346083,0.21713
2021-02-14 15:00:00,7980.983,0.210386,0.228211
2021-02-14 16:00:00,8171.351,0.074159,0.24019
2021-02-14 17:00:00,8406.772,0.0,0.251408
2021-02-14 18:00:00,8608.859,0.0,0.260426
2021-02-14 19:00:00,8692.101,0.0,0.266225
2021-02-14 20:00:00,8618.622,0.0,0.268345
2021-02-14 21:00:00,8425.202,0.0,0.266951
2021-02-14 22:00:00,8195.34,0.0,0.262808
2021-02-14 23:00:00,8003.607,0.0,0.25718
2021-02-15 00:00:00,7817.139,0.0,0.25107
2021-02-15 01:00:00,7673.825,0.0,0.247343
2021-02-15 02:00:00,7577.624,0.0,0.24698
2021-02-15 03:00:00,7579.357,0.0,0.251199
2021-02-15 04:00:00,7701.457,0.0,0.260702
2021-02-15 05:00:00,7921.388,0.0,0.275566
2021-02-15 06:00:00,8179.278,0.0,0.295225
2021-02-15 07:00:00,8405.233,0.0,0.318536
2021-02-15 08:00:00,8549.103,0.089465,0.34392
2021-02-15 09:00:00,8596.737,0.247384,0.369562
2021-02-15 10:00:00,8567.549,0.40381,0.393645
2021-02-15 11:00:00,8499.35,0.516286,0.414582
2021-02-15 12:00:00,8431.865,0.557038,0.431213
2021-02-15 13:00:00,8398.283,0.516286,0.442953
2021-02-15 14:00:00,8425.466,0.40381,0.449854
2021-02-15 15:00:00,8533.442,0.247384,0.452586
2021-02-15 16:00:00,8723.441,0.089465,0.452334
2021-02-15 17:00:00,8958.39,0.0,0.450623
2021-02-15 18:00:00,9159.902,0.0,0.449106
2021-02-15 19:00:00,9242.465,0.0,0.449324
2021-02-15 20:00:00,9168.203,0.0,0.452492
2021-02-15 21:00:00,8973.898,0.0,0.459326
2021-02-15 22:00:00,8743.049,0.0,0.469939
2021-02-15 23:00:00,8550.229,0.0,0.483818
2021-02-16 00:00:00,7926.202,0.0,0.499284
2021-02-16 01:00:00,7781.602,0.0,0.516061
2021-02-16 02:00:00,7684.018,0.0,0.531831
2021-02-16 03:00:00,7684.27,0.0,0.5449
2021-02-16 04:00:00,7804.795,0.0,0.55381
2021-02-16 05:00:00,8023.056,0.0,0.557548
2021-02-16 06:00:00,8279.184,0.0,0.555683
2021-02-16 07:00:00,8503.286,0.0,0.548429
2021-02-16 08:00:00,8645.213,0.099155,0.536624
2021-02-16 09:00:00,8690.816,0.267478,0.521622
2021-02-16 10:00:00,8659.511,0.433294,0.505123
2021-02-16 11:00:00,8589.111,0.552237,0.48895
2021-02-16 12:00:00,8519.343,0.595288,0.474813
2021-02-16 13:00:00,8483.397,0.552237,0.46409
2021-02-16 14:00:00,8508.136,0.433294,0.457653
2021-02-16 15:00:00,8613.593,0.267478,0.45576
2021-02-16 16:00:00,8800.999,0.099155,0.458036
2021-02-16 17:00:00,9033.282,0.0,0.46353
2021-02-16 18:00:00,9232.057,0.0,0.470861
2021-02-16 19:00:00,9311.817,0.0,0.478411
2021-02-16 20:00:00,9234.686,0.0,0.484559
2021-02-16 21:00:00,9037.45,0.0,0.487908
2021-02-16 22:00:00,8803.609,0.0,0.487483
2021-02-16 23:00:00,8607.739,0.0,0.482872
2021-02-17 00:00:00,7980.388,0.0,0.473664
2021-02-17 01:00:00,7832.63,0.0,0.461932
2021-02-17 02:00:00,7731.839,0.0,0.448369
2021-02-17 03:00:00,7728.837,0.0,0.434618
2021-02-17 04:00:00,7846.062,0.0,0.422428
2021-02-17 05:00:00,8060.983,0.0,0.41342
2021-02-17 06:00:00,8313.731,0.0,0.40887
2021-02-17 07:00:00,8534.417,0.0,0.409529
2021-02-17 08:00:00,8672.896,0.094663,0.415525
2021-02-17 09:00:00,8715.02,0.249335,0.426341
2021-02-17 10:00:00,8680.21,0.400881,0.440877
2021-02-17 11:00:00,8606.279,0.509331,0.457594
2021-02-17 12:00:00,8532.96,0.548545,0.474714
2021-02-17 13:00:00,8493.444,0.509331,0.490451
2021-02-17 14:00:00,8514.598,0.400881,0.503246
2021-02-17 15:00:00,8616.458,0.249335,0.51196
2021-02-17 16:00:00,8800.257,0.094663,0.516025
2021-02-17 17:00:00,9028.928,0.0,0.515505
2021-02-17 18:00:00,9224.088,0.0,0.511076
2021-02-17 19:00:00,9300.232,0.0,0.503923
2021-02-17 20:00:00,9219.489,0.0,0.495568
2021-02-17 21:00:00,9018.646,0.0,0.487655
2021-02-17 22:00:00,8781.208,0.0,0.481711
2021-02-17 23:00:00,8581.754,0.0,0.478935
2021-02-18 00:00:00,7950.615,0.0,0.479371
2021-02-18 01:00:00,7799.306,0.0,0.484404
2021-02-18 02:00:00,7694.984,0.0,0.492846
2021-02-18 03:00:00,7688.476,0.0,0.503594
2021-02-18 04:00:00,7802.223,0.0,0.515125
2021-02-18 05:00:00,8013.695,0.0,0.525697
2021-02-18 06:00:00,8263.028,0.0,0.533578
2021-02-18 07:00:00,8480.334,0.0,0.537279
2021-02-18 08:00:00,8615.472,0.083101,0.535753
2021-02-18 09:00:00,8654.298,0.213888,0.528535
2021-02-18 10:00:00,8616.233,0.341356,0.515809
2021-02-18 11:00:00,8539.095,0.432362,0.498384
2021-02-18 12:00:00,8462.618,0.465235,0.477588
2021-02-18 13:00:00,8419.997,0.432362,0.4551
2021-02-18 14:00:00,8438.102,0.341356,0.432723
2021-02-18 15:00:00,8536.97,0.213888,0.412152
2021-02-18 16:00:00,8717.838,0.083101,0.394756
2021-02-18 17:00:00,8943.64,0.0,0.381402
2021-02-18 18:00:00,9135.996,0.0,0.372348
2021-02-18 19:00:00,9209.404,0.0,0.367221
2021-02-18 20:00:00,9125.995,0.0,0.365083
2021-02-18 21:00:00,8922.559,0.0,0.364567
2021-02-18 22:00:00,8682.601,0.0,0.364076
2021-02-18 23:00:00,8480.704,0.0,0.362014
2021-02-19 00:00:00,7846.985,0.0,0.356345
2021-02-19 01:00:00,7693.393,0.0,0.347468
2021-02-19 02:00:00,7586.87,0.0,0.334341
2021-02-19 03:00:00,7578.245,0.0,0.317223
2021-02-19 04:00:00,7689.961,0.0,0.296979
2021-02-19 05:00:00,7899.49,0.0,0.274977
2021-02-19 06:00:00,8146.97,0.0,0.252913
2021-02-19 07:00:00,8362.514,0.000136,0.232589
2021-02-19 08:00:00,8495.983,0.077983,0.215681
2021-02-19 09:00:00,8533.232,0.19629,0.203519
2021-02-19 10:00:00,8493.687,0.310998,0.19691
2021-02-19 11:00:00,8415.165,0.392704,0.196037
2021-02-19 12:00:00,8337.403,0.422189,0.200434
2021-02-19 13:00:00,8293.595,0.392704,0.209053
2021-02-19 14:00:00,8310.612,0.310998,0.220403
2021-02-19 15:00:00,8408.493,0.19629,0.232752
2021-02-19 16:00:00,8588.476,0.077983,0.244356
2021-02-19 17:00:00,8813.496,0.000136,0.25369
2021-02-19 18:00:00,9005.173,0.0,0.259651
2021-02-19 19:00:00,9078.005,0.0,0.261697
2021-02-19 20:00:00,8994.124,0.0,0.259914
2021-02-19 21:00:00,8790.32,0.0,0.254995
2021-02-19 22:00:00,8550.1,0.0,0.248135
2021-02-19 23:00:00,8348.045,0.0,0.24086
2021-02-20 00:00:00,7277.912,0.0,0.234123
2021-02-20 01:00:00,7124.372,0.0,0.230823
2021-02-20 02:00:00,7018.007,0.0,0.231453
2021-02-20 03:00:00,7009.644,0.0,0.23669
2021-02-20 04:00:00,7121.728,0.0,0.246593
2021-02-20 05:00:00,7331.729,0.0,0.260592
2021-02-20 06:00:00,7579.785,0.0,0.277549
2021-02-20 07:00:00,7796.009,0.000802,0.2959
2021-02-20 08:00:00,7930.26,0.080851,0.313859
2021-02-20 09:00:00,7968.395,0.199174,0.329644
2021-02-20 10:00:00,7929.836,0.313315,0.341716
2021-02-20 11:00:00,7852.401,0.39443,0.348972
2021-02-20 12:00:00,7775.826,0.423674,0.350893
2021-02-20 13:00:00,7733.304,0.39443,0.347604
2021-02-20 14:00:00,7751.705,0.313315,0.339857
2021-02-20 15:00:00,7851.066,0.199174,0.328922
2021-02-20 16:00:00,8032.625,0.080851,0.316421
2021-02-20 17:00:00,8259.314,0.000802,0.304099
2021-02-20 18:00:00,8452.754,0.0,0.293599
2021-02-20 19:00:00,8527.439,0.0,0.286237
2021-02-20 20:00:00,8445.501,0.0,0.282832
2021-02-20 21:00:00,8243.727,0.0,0.283595
2021-02-20 22:00:00,8005.624,0.0,0.288115
2021-02-20 23:00:00,7805.77,0.0,0.295414
2021-02-21 00:00:00,7173.859,0.0,0.303383
2021-02-21 01:00:00,7022.683,0.0,0.311819
2021-02-21 02:00:00,6918.761,0.0,0.318393
2021-02-21 03:00:00,6912.918,0.0,0.321722
2021-02-21 04:00:00,7027.596,0.0,0.320854
2021-02-21 05:00:00,7240.263,0.0,0.31541
2021-02-21 06:00:00,7491.054,0.0,0.305649
2021-02-21 07:00:00,7710.082,0.001702,0.292439
2021-02-21 08:00:00,7847.201,0.081785,0.277159
2021-02-21 09:00:00,7888.268,0.197323,0.261516
2021-02-21 10:00:00,7852.7,0.308224,0.247332
2021-02-21 11:00:00,7778.316,0.386858,0.236305
2021-02-21 12:00:00,7704.845,0.415179,0.229789
2021-02-21 13:00:00,7665.48,0.386858,0.22862
2021-02-21 14:00:00,7687.089,0.308224,0.233011
2021-02-21 15:00:00,7789.705,0.197323,0.24253
2021-02-21 16:00:00,7974.563,0.081785,0.256162
2021-02-21 17:00:00,8204.593,0.001702,0.272451
2021-02-21 18:00:00,8401.411,0.0,0.289699
2021-02-21 19:00:00,8479.512,0.0,0.306195
2021-02-21 20:00:00,8401.022,0.0,0.32045
2021-02-21 21:00:00,8202.728,0.0,0.331389
2021-02-21 22:00:00,7968.13,0.0,0.338501
2021-02-21 23:00:00,7771.807,0.0,0.341896
2021-02-22 00:00:00,7579.388,0.0,0.341561
2021-02-22 01:00:00,7431.781,0.0,0.34017
2021-02-22 02:00:00,7331.444,0.0,0.338536
2021-02-22 03:00:00,7329.198,0.0,0.338309
2021-02-22 04:00:00,7447.482,0.0,0.341016
2021-02-22 05:00:00,7663.761,0.0,0.347841
2021-02-22 06:00:00,7918.169,0.0,0.359454
2021-02-22 07:00:00,8140.812,0.002603,0.375907
2021-02-22 08:00:00,8281.544,0.078268,0.396616
2021-02-22 09:00:00,8326.216,0.185076,0.420422
2021-02-22 10:00:00,8294.246,0.287099,0.445738
2021-02-22 11:00:00,8223.447,0.359275,0.470746
2021-02-22 12:00:00,8153.546,0.385246,0.493633
2021-02-22 13:00:00,8117.733,0.359275,0.512821
2021-02-22 14:00:00,8142.871,0.287099,0.527167
2021-02-22 15:00:00,8248.993,0.185076,0.536106
2021-02-22 16:00:00,8437.33,0.078268,0.539717
2021-02-22 17:00:00,8670.808,0.002603,0.5387
2021-02-22 18:00:00,8871.042,0.0,0.534277
2021-02-22 19:00:00,8952.522,0.0,0.528015
2021-02-22 20:00:00,8877.373,0.0,0.521609
2021-02-22 21:00:00,8682.378,0.0,0.516648
2021-02-22 22:00:00,8451.035,0.0,0.514398
2021-02-22 23:00:00,8257.919,0.0,0.515625
2021-02-23 00:00:00,7632.303,0.0,0.519746
2021-02-23 01:00:00,7487.802,0.0,0.527803
2021-02-23 02:00:00,7390.515,0.0,0.538027
2021-02-23 03:00:00,7391.26,0.0,0.548982
2021-02-23 04:00:00,7512.476,0.0,0.559009
2021-02-23 05:00:00,7731.624,0.0,0.566463
2021-02-23 06:00:00,7988.834,0.0,0.569935
2021-02-23 07:00:00,8214.213,0.003845,0.568456
2021-02-23 08:00:00,8357.611,0.08231,0.561635
2021-02-23 09:00:00,8404.878,0.190883,0.549723
2021-02-23 10:00:00,8375.427,0.294096,0.53359
2021-02-23 11:00:00,8307.07,0.366953,0.514618
2021-02-23 12:00:00,8239.533,0.393144,0.494528
2021-02-23 13:00:00,8206.004,0.366953,0.47516
2021-02-23 14:00:00,8233.344,0.294096,0.458233
2021-02-23 15:00:00,8341.583,0.190883,0.445132
2021-02-23 16:00:00,8531.95,0.08231,0.436728
2021-02-23 17:00:00,8767.371,0.003845,0.433273
2021-02-23 18:00:00,8969.458,0.0,0.434379
2021-02-23 19:00:00,9052.701,0.0,0.439077
2021-02-23 20:00:00,8979.221,0.0,0.445965
2021-02-23 21:00:00,8785.801,0.0,0.453398
2021-02-23 22:00:00,8555.939,0.0,0.459724
2021-02-23 23:00:00,8364.206,0.0,0.463508
2021-02-24 00:00:00,7739.675,0.0,0.462969
2021-02-24 01:00:00,7596.361,0.0,0.459193
2021-02-24 02:00:00,7500.161,0.0,0.451583
2021-02-24 03:00:00,7501.893,0.0,0.440912
2021-02-24 04:00:00,7623.993,0.0,0.428454
2021-02-24 05:00:00,7843.924,0.0,0.415804
2021-02-24 06:00:00,8101.814,0.0,0.404667
2021-02-24 07:00:00,8327.769,0.006238,0.396619
2021-02-24 08:00:00,8471.639,0.102543,0.392891
2021-02-24 09:00:00,8519.273,0.23337,0.394193
2021-02-24 10:00:00,8490.085,0.357158,0.400617
2021-02-24 11:00:00,8421.886,0.444348,0.411607
2021-02-24 12:00:00,8354.402,0.475662,0.426035
2021-02-24 13:00:00,8320.82,0.444348,0.442333
2021-02-24 14:00:00,8348.002,0.357158,0.458703
2021-02-24 15:00:00,8455.978,0.23337,0.473342
2021-02-24 16:00:00,8645.978,0.102543,0.484676
2021-02-24 17:00:00,8880.927,0.006238,0.491563
2021-02-24 18:00:00,9082.438,0.0,0.493433
2021-02-24 19:00:00,9165.001,0.0,0.490356
2021-02-24 20:00:00,9090.739,0.0,0.483018
2021-02-24 21:00:00,8896.434,0.0,0.47262
2021-02-24 22:00:00,8665.585,0.0,0.460707
2021-02-24 23:00:00,8472.765,0.0,0.448948
2021-02-25 00:00:00,7846.847,0.0,0.438113
2021-02-25 01:00:00,7702.247,0.0,0.431016
2021-02-25 02:00:00,7604.663,0.0,0.427601
2021-02-25 03:00:00,7604.915,0.0,0.427999
2021-02-25 04:00:00,7725.44,0.0,0.431715
2021-02-25 05:00:00,7943.7,0.0,0.437697
2021-02-25 06:00:00,8199.828,0.0,0.444472
2021-02-25 07:00:00,8423.93,0.009635,0.450349
2021-02-25 08:00:00,8565.857,0.127822,0.45365
2021-02-25 09:00:00,8611.46,0.28565,0.452937
2021-02-25 10:00:00,8580.156,0.434303,0.447213
2021-02-25 11:00:00,8509.755,0.538781,0.436064
2021-02-25 12:00:00,8439.987,0.576269,0.419722
2021-02-25 13:00:00,8404.041,0.538781,0.399039
2021-02-25 14:00:00,8428.78,0.434303,0.375388
2021-02-25 15:00:00,8534.237,0.28565,0.350482
2021-02-25 16:00:00,8721.643,0.127822,0.326158
2021-02-25 17:00:00,8953.926,0.009635,0.304141
2021-02-25 18:00:00,9152.702,0.0,0.285823
2021-02-25 19:00:00,9232.461,0.0,0.272087
2021-02-25 20:00:00,9155.331,0.0,0.263205
2021-02-25 21:00:00,8958.094,0.0,0.25881
2021-02-25 22:00:00,8724.253,0.0,0.257964
2021-02-25 23:00:00,8528.384,0.0,0.259295
2021-02-26 00:00:00,7899.164,0.0,0.260384
2021-02-26 01:00:00,7751.406,0.0,0.261238
2021-02-26 02:00:00,7650.615,0.0,0.259656
2021-02-26 03:00:00,7647.613,0.0,0.254671
2021-02-26 04:00:00,7764.838,0.0,0.245877
2021-02-26 05:00:00,7979.759,0.0,0.233494
2021-02-26 06:00:00,8232.507,0.0,0.218347
2021-02-26 07:00:00,8453.193,0.012556,0.201758
2021-02-26 08:00:00,8591.672,0.139251,0.185372
2021-02-26 09:00:00,8633.796,0.305756,0.170943
2021-02-26 10:00:00,8598.986,0.461877,0.160093
2021-02-26 11:00:00,8525.055,0.571372,0.154096
2021-02-26 12:00:00,8451.736,0.610624,0.153707
2021-02-26 13:00:00,8412.22,0.571372,0.159052
2021-02-26 14:00:00,8433.374,0.461877,0.169613
2021-02-26 15:00:00,8535.234,0.305756,0.18429
2021-02-26 16:00:00,8719.033,0.139251,0.201541
2021-02-26 17:00:00,8947.704,0.012556,0.219586
2021-02-26 18:00:00,9142.864,0.0,0.236637
2021-02-26 19:00:00,9219.008,0.0,0.25113
2021-02-26 20:00:00,9138.265,0.0,0.261924
2021-02-26 21:00:00,8937.422,0.0,0.268446
2021-02-26 22:00:00,8699.984,0.0,0.270757
2021-02-26 23:00:00,8500.53,0.0,0.269526
2021-02-27 00:00:00,7431.398,0.0,0.265107
2021-02-27 01:00:00,7280.089,0.0,0.260672
2021-02-27 02:00:00,7175.768,0.0,0.25703
2021-02-27 03:00:00,7169.259,0.0,0.255704
2021-02-27 04:00:00,7283.006,0.0,0.257883
2021-02-27 05:00:00,7494.478,0.0,0.264256
2021-02-27 06:00:00,7743.811,0.0,0.274903
2021-02-27 07:00:00,7961.118,0.014165,0.289275
2021-02-27 08:00:00,8096.256,0.134794,0.306263
2021-02-27 09:00:00,8135.081,0.290964,0.324335
2021-02-27 10:00:00,8097.016,0.436753,0.34174
2021-02-27 11:00:00,8019.878,0.538787,0.356737
2021-02-27 12:00:00,7943.401,0.575332,0.367829
2021-02-27 13:00:00,7900.781,0.538787,0.373956
2021-02-27 14:00:00,7918.885,0.436753,0.374645
2021-02-27 15:00:00,8017.753,0.290964,0.370068
2021-02-27 16:00:00,8198.621,0.134794,0.361023
2021-02-27 17:00:00,8424.423,0.014165,0.348829
2021-02-27 18:00:00,8616.78,0.0,0.335148
2021-02-27 19:00:00,8690.188,0.0,0.321774
2021-02-27 20:00:00,8606.779,0.0,0.310387
2021-02-27 21:00:00,8403.342,0.0,0.302344
2021-02-27 22:00:00,8163.385,0.0,0.298497
2021-02-27 23:00:00,7961.488,0.0,0.299089
2021-02-28 00:00:00,7325.949,0.0,0.302887
2021-02-28 01:00:00,7172.356,0.0,0.31063
2021-02-28 02:00:00,7065.834,0.0,0.320089
2021-02-28 03:00:00,7057.208,0.0,0.329652
2021-02-28 04:00:00,7168.925,0.0,0.337704
2021-02-28 05:00:00,7378.454,0.0,0.342864
2021-02-28 06:00:00,7625.933,0.0,0.344174
2021-02-28 07:00:00,7841.478,0.015566,0.341244
2021-02-28 08:00:00,7974.946,0.129689,0.334315
2021-02-28 09:00:00,8012.196,0.275362,0.324235
2021-02-28 10:00:00,7972.651,0.410766,0.312355
2021-02-28 11:00:00,7894.129,0.505336,0.300351
2021-02-28 12:00:00,7816.366,0.539178,0.290008
2021-02-28 13:00:00,7772.558,0.505336,0.282986
2021-02-28 14:00:00,7789.576,0.410766,0.280593
2021-02-28 15:00:00,7887.457,0.275362,0.283621
2021-02-28 16:00:00,8067.44,0.129689,0.292234
2021-02-28 17:00:00,8292.459,0.015566,0.305949
2021-02-28 18:00:00,8484.136,0.0,0.323702
2021-02-28 19:00:00,8556.968,0.0,0.343984
2021-02-28 20:00:00,8473.088,0.0,0.365046
2021-02-28 21:00:00,8269.283,0.0,0.385128
2021-02-28 22:00:00,8029.063,0.0,0.402692
2021-02-28 23:00:00,7827.008,0.0,0.416617
2021-03-01 00:00:00,7627.378,0.0,0.425483
2021-03-01 01:00:00,7473.838,0.0,0.431092
2021-03-01 02:00:00,7367.473,0.0,0.433259
2021-03-01 03:00:00,7359.11,0.0,0.433166
2021-03-01 04:00:00,7471.194,0.0,0.43233
2021-03-01 05:00:00,7681.195,0.0,0.432379
2021-03-01 06:00:00,7929.251,0.0,0.434825
2021-03-01 07:00:00,8145.475,0.017776,0.440841
2021-03-01 08:00:00,8279.726,0.131741,0.451093
2021-03-01 09:00:00,8317.861,0.275284,0.465636
2021-03-01 10:00:00,8279.302,0.408147,0.483892
2021-03-01 11:00:00,8201.867,0.500753,0.504716
2021-03-01 12:00:00,8125.292,0.533863,0.526539
2021-03-01 13:00:00,8082.77,0.500753,0.547571
2021-03-01 14:00:00,8101.171,0.408147,0.566027
2021-03-01 15:00:00,8200.532,0.275284,0.580364
2021-03-01 16:00:00,8382.091,0.131741,0.589479
2021-03-01 17:00:00,8608.78,0.017776,0.59285
2021-03-01 18:00:00,8802.219,0.0,0.590603
2021-03-01 19:00:00,8876.905,0.0,0.583489
2021-03-01 20:00:00,8794.967,0.0,0.572781
2021-03-01 21:00:00,8593.193,0.0,0.5601
2021-03-01 22:00:00,8355.09,0.0,0.547195
2021-03-01 23:00:00,8155.236,0.0,0.535712
2021-03-02 00:00:00,7521.556,0.0,0.526086
2021-03-02 01:00:00,7370.38,0.0,0.520907
2021-03-02 02:00:00,7266.458,0.0,0.51951
2021-03-02 03:00:00,7260.615,0.0,0.521485
2021-03-02 04:00:00,7375.293,0.0,0.525862
2021-03-02 05:00:00,7587.959,0.0,0.531248
2021-03-02 06:00:00,7838.751,0.0,0.536026
2021-03-02 07:00:00,8057.779,0.019442,0.538583
2021-03-02 08:00:00,8194.898,0.129856,0.537542
2021-03-02 09:00:00,8235.965,0.267177,0.531961
2021-03-02 10:00:00,8200.397,0.393757,0.521469
2021-03-02 11:00:00,8126.013,0.481807,0.50633
2021-03-02 12:00:00,8052.542,0.51326,0.487424
2021-03-02 13:00:00,8013.177,0.481807,0.466135
2021-03-02 14:00:00,8034.786,0.393757,0.444183
2021-03-02 15:00:00,8137.402,0.267177,0.423396
2021-03-02 16:00:00,8322.26,0.129856,0.405483
2021-03-02 17:00:00,8552.289,0.019442,0.391808
2021-03-02 18:00:00,8749.108,0.0,0.383216
2021-03-02 19:00:00,8827.209,0.0,0.379932
2021-03-02 20:00:00,8748.719,0.0,0.381533
2021-03-02 21:00:00,8550.425,0.0,0.387015
2021-03-02 22:00:00,8315.827,0.0,0.394935
2021-03-02 23:00:00,8119.504,0.0,0.403604
2021-03-03 00:00:00,7489.194,0.0,0.410423
2021-03-03 01:00:00,7341.588,0.0,0.415718
2021-03-03 02:00:00,7241.25,0.0,0.417526
2021-03-03 03:00:00,7239.004,0.0,0.415346
2021-03-03 04:00:00,7357.288,0.0,0.409305
2021-03-03 05:00:00,7573.568,0.0,0.400131
2021-03-03 06:00:00,7827.975,0.0,0.389053
2021-03-03 07:00:00,8050.618,0.018847,0.377626
2021-03-03 08:00:00,8191.35,0.114662,0.367517
2021-03-03 09:00:00,8236.023,0.232405,0.360266
2021-03-03 10:00:00,8204.052,0.340501,0.357074
2021-03-03 11:00:00,8133.253,0.415545,0.358626
2021-03-03 12:00:00,8063.352,0.442329,0.364989
2021-03-03 13:00:00,8027.539,0.415545,0.375596
2021-03-03 14:00:00,8052.677,0.340501,0.389304
2021-03-03 15:00:00,8158.799,0.232405,0.404542
2021-03-03 16:00:00,8347.136,0.114662,0.41951
2021-03-03 17:00:00,8580.614,0.018847,0.432411
2021-03-03 18:00:00,8780.848,0.0,0.441684
2021-03-03 19:00:00,8862.328,0.0,0.446204
2021-03-03 20:00:00,8787.179,0.0,0.445422
2021-03-03 21:00:00,8592.184,0.0,0.439435
2021-03-03 22:00:00,8360.841,0.0,0.428961
2021-03-03 23:00:00,8167.725,0.0,0.415237
2021-03-04 00:00:00,7540.394,0.0,0.398928
2021-03-04 01:00:00,7395.892,0.0,0.383586
2021-03-04 02:00:00,7298.605,0.0,0.369896
2021-03-04 03:00:00,7299.351,0.0,0.35914
2021-03-04 04:00:00,7420.566,0.0,0.352102
2021-03-04 05:00:00,7639.714,0.0,0.348962
2021-03-04 06:00:00,7896.925,0.0,0.349278
2021-03-04 07:00:00,8122.303,0.017752,0.352044
2021-03-04 08:00:00,8265.701,0.099269,0.35584
2021-03-04 09:00:00,8312.968,0.198305,0.35902
2021-03-04 10:00:00,8283.517,0.288867,0.35995
2021-03-04 11:00:00,8215.16,0.351616,0.357234
2021-03-04 12:00:00,8147.624,0.373993,0.349915
2021-03-04 13:00:00,8114.094,0.351616,0.337613
2021-03-04 14:00:00,8141.434,0.288867,0.320587
2021-03-04 15:00:00,8249.673,0.198305,0.299717
2021-03-04 16:00:00,8440.04,0.099269,0.276392
2021-03-04 17:00:00,8675.461,0.017752,0.252342
2021-03-04 18:00:00,8877.548,0.0,0.229411
2021-03-04 19:00:00,8960.791,0.0,0.209327
2021-03-04 20:00:00,8887.312,0.0,0.193477
2021-03-04 21:00:00,8693.892,0.0,0.182735
2021-03-04 22:00:00,8464.029,0.0,0.177358
2021-03-04 23:00:00,8272.297,0.0,0.176959
2021-03-05 00:00:00,7646.077,0.0,0.179633
2021-03-05 01:00:00,7502.762,0.0,0.185853
2021-03-05 02:00:00,7406.562,0.0,0.193036
2021-03-05 03:00:00,7408.294,0.0,0.199527
2021-03-05 04:00:00,7530.395,0.0,0.203893
2021-03-05 05:00:00,7750.325,0.0,0.205116
2021-03-05 06:00:00,8008.216,0.0,0.20274
2021-03-05 07:00:00,8234.17,0.020342,0.196934
2021-03-05 08:00:00,8378.04,0.105353,0.188465
2021-03-05 09:00:00,8425.674,0.207517,0.178602
2021-03-05 10:00:00,8396.486,0.300579,0.168934
2021-03-05 11:00:00,8328.287,0.364938,0.161159
2021-03-05 12:00:00,8260.803,0.387869,0.156846
2021-03-05 13:00:00,8227.221,0.364938,0.157217
2021-03-05 14:00:00,8254.403,0.300579,0.162976
2021-03-05 15:00:00,8362.379,0.207517,0.174205
2021-03-05 16:00:00,8552.379,0.105353,0.19034
2021-03-05 17:00:00,8787.328,0.020342,0.210241
2021-03-05 18:00:00,8988.84,0.0,0.232335
2021-03-05 19:00:00,9071.402,0.0,0.254809
2021-03-05 20:00:00,8997.141,0.0,0.275853
2021-03-05 21:00:00,8802.835,0.0,0.293882
2021-03-05 22:00:00,8571.986,0.0,0.307743
2021-03-05 23:00:00,8379.167,0.0,0.316855
2021-03-06 00:00:00,7315.439,0.0,0.320321
2021-03-06 01:00:00,7170.839,0.0,0.320727
2021-03-06 02:00:00,7073.255,0.0,0.318307
2021-03-06 03:00:00,7073.507,0.0,0.314595
2021-03-06 04:00:00,7194.032,0.0,0.311247
2021-03-06 05:00:00,7412.293,0.0,0.309811
2021-03-06 06:00:00,7668.421,0.0,0.311509
2021-03-06 07:00:00,7892.522,0.027479,0.317062
2021-03-06 08:00:00,8034.45,0.132688,0.326589
2021-03-06 09:00:00,8080.053,0.257819,0.339583
2021-03-06 10:00:00,8048.748,0.371371,0.354977
2021-03-06 11:00:00,7978.348,0.449751,0.371287
2021-03-06 12:00:00,7908.58,0.477656,0.386808
2021-03-06 13:00:00,7872.633,0.449751,0.399846
2021-03-06 14:00:00,7897.373,0.371371,0.408952
2021-03-06 15:00:00,8002.829,0.257819,0.413114
2021-03-06 16:00:00,8190.235,0.132688,0.411904
2021-03-06 17:00:00,8422.519,0.027479,0.405538
2021-03-06 18:00:00,8621.294,0.0,0.394856
2021-03-06 19:00:00,8701.053,0.0,0.381213
2021-03-06 20:00:00,8623.923,0.0,0.366309
2021-03-06 21:00:00,8426.686,0.0,0.351965
2021-03-06 22:00:00,8192.846,0.0,0.33989
2021-03-06 23:00:00,7996.976,0.0,0.331461
2021-03-07 00:00:00,7366.124,0.0,0.326575
2021-03-07 01:00:00,7218.366,0.0,0.327428
2021-03-07 02:00:00,7117.575,0.0,0.332668
2021-03-07 03:00:00,7114.572,0.0,0.34134
2021-03-07 04:00:00,7231.798,0.0,0.352056
2021-03-07 05:00:00,7446.718,0.0,0.36319
2021-03-07 06:00:00,7699.467,0.0,0.373114
2021-03-07 07:00:00,7920.153,0.034947,0.380421
2021-03-07 08:00:00,8058.632,0.158229,0.384128
2021-03-07 09:00:00,8100.756,0.303408,0.383813
2021-03-07 10:00:00,8065.945,0.434666,0.379681
2021-03-07 11:00:00,7992.015,0.525101,0.372541
2021-03-07 12:00:00,7918.696,0.557271,0.363699
2021-03-07 13:00:00,7879.18,0.525101,0.354789
2021-03-07 14:00:00,7900.334,0.434666,0.347548
2021-03-07 15:00:00,8002.193,0.303408,0.343584
2021-03-07 16:00:00,8185.993,0.158229,0.34416
2021-03-07 17:00:00,8414.664,0.034947,0.350016
2021-03-07 18:00:00,8609.824,0.0,0.361268
2021-03-07 19:00:00,8685.968,0.0,0.377386
2021-03-07 20:00:00,8605.225,0.0,0.397257
2021-03-07 21:00:00,8404.382,0.0,0.419332
2021-03-07 22:00:00,8166.944,0.0,0.441821
2021-03-07 23:00:00,7967.489,0.0,0.462928
2021-03-08 00:00:00,7769.05,0.0,0.480091
2021-03-08 01:00:00,7617.741,0.0,0.494141
2021-03-08 02:00:00,7513.42,0.0,0.50351
2021-03-08 03:00:00,7506.911,0.0,0.508254
2021-03-08 04:00:00,7620.659,0.0,0.509038
2021-03-08 05:00:00,7832.13,0.0,0.507041
2021-03-08 06:00:00,8081.463,0.0,0.503776
2021-03-08 07:00:00,8298.77,0.039315,0.50088
2021-03-08 08:00:00,8433.908,0.167743,0.499874
2021-03-08 09:00:00,8472.733,0.317554,0.501949
2021-03-08 10:00:00,8434.668,0.45251,0.507794
2021-03-08 11:00:00,8357.53,0.545323,0.517491
2021-03-08 12:00:00,8281.054,0.578313,0.530496
2021-03-08 13:00:00,8238.433,0.545323,0.545702
2021-03-08 14:00:00,8256.537,0.45251,0.561583
2021-03-08 15:00:00,8355.405,0.317554,0.576393
2021-03-08 16:00:00,8536.273,0.167743,0.588398
2021-03-08 17:00:00,8762.075,0.039315,0.596105
2021-03-08 18:00:00,8954.432,0.0,0.598465
2021-03-08 19:00:00,9027.84,0.0,0.595011
2021-03-08 20:00:00,8944.431,0.0,0.585925
2021-03-08 21:00:00,8740.994,0.0,0.572013
2021-03-08 22:00:00,8501.037,0.0,0.554604
2021-03-08 23:00:00,8299.14,0.0,0.535373
2021-03-09 00:00:00,7662.027,0.0,0.515115
2021-03-09 01:00:00,7508.434,0.0,0.497535
2021-03-09 02:00:00,7401.911,0.0,0.482994
2021-03-09 03:00:00,7393.286,0.0,0.472356
2021-03-09 04:00:00,7505.002,0.0,0.465877
2021-03-09 05:00:00,7714.531,0.0,0.463183
2021-03-09 06:00:00,7962.011,0.0,0.463331
2021-03-09 07:00:00,8177.555,0.042763,0.464951
2021-03-09 08:00:00,8311.024,0.172702,0.466444
2021-03-09 09:00:00,8348.274,0.322904,0.466209
2021-03-09 10:00:00,8308.728,0.457734,0.462877
2021-03-09 11:00:00,8230.206,0.550294,0.455503
2021-03-09 12:00:00,8152.444,0.583167,0.443711
2021-03-09 13:00:00,8108.636,0.550294,0.427756
2021-03-09 14:00:00,8125.653,0.457734,0.408498
2021-03-09 15:00:00,8223.534,0.322904,0.387301
2021-03-09 16:00:00,8403.517,0.172702,0.365856
2021-03-09 17:00:00,8628.537,0.042763,0.345961
2021-03-09 18:00:00,8820.214,0.0,0.329288
2021-03-09 19:00:00,8893.046,0.0,0.317162
2021-03-09 20:00:00,8809.165,0.0,0.310387
2021-03-09 21:00:00,8605.361,0.0,0.30914
2021-03-09 22:00:00,8365.141,0.0,0.312954
2021-03-09 23:00:00,8163.086,0.0,0.320777
2021-03-10 00:00:00,7525.762,0.0,0.330095
2021-03-10 01:00:00,7372.222,0.0,0.341213
2021-03-10 02:00:00,7265.857,0.0,0.351367
2021-03-10 03:00:00,7257.494,0.0,0.35903
2021-03-10 04:00:00,7369.578,0.0,0.363099
2021-03-10 05:00:00,7579.579,0.0,0.363032
2021-03-10 06:00:00,7827.635,0.0,0.358914
2021-03-10 07:00:00,8043.859,0.048658,0.351442
2021-03-10 08:00:00,8178.11,0.186735,0.341812
2021-03-10 09:00:00,8216.245,0.344958,0.331556
2021-03-10 10:00:00,8177.686,0.486497,0.322316
2021-03-10 11:00:00,8100.251,0.583491,0.31562
2021-03-10 12:00:00,8023.676,0.617912,0.312655
2021-03-10 13:00:00,7981.154,0.583491,0.314104
2021-03-10 14:00:00,7999.555,0.486497,0.320033
2021-03-10 15:00:00,8098.916,0.344958,0.329881
2021-03-10 16:00:00,8280.475,0.186735,0.342518
2021-03-10 17:00:00,8507.164,0.048658,0.356389
2021-03-10 18:00:00,8700.603,0.0,0.369718
2021-03-10 19:00:00,8775.289,0.0,0.380734
2021-03-10 20:00:00,8693.351,0.0,0.387908
2021-03-10 21:00:00,8491.577,0.0,0.390149
2021-03-10 22:00:00,8253.474,0.0,0.38695
2021-03-10 23:00:00,8053.62,0.0,0.378448
2021-03-11 00:00:00,7418.425,0.0,0.364371
2021-03-11 01:00:00,7267.249,0.0,0.348076
2021-03-11 02:00:00,7163.327,0.0,0.330158
2021-03-11 03:00:00,7157.484,0.0,0.312379
2021-03-11 04:00:00,7272.162,0.0,0.296392
2021-03-11 05:00:00,7484.828,0.0,0.283526
2021-03-11 06:00:00,7735.62,0.0,0.274613
2021-03-11 07:00:00,7954.648,0.054344,0.269877
2021-03-11 08:00:00,8091.767,0.198872,0.268918
2021-03-11 09:00:00,8132.834,0.363109,0.27077
2021-03-11 10:00:00,8097.266,0.50953,0.274046
2021-03-11 11:00:00,8022.882,0.609697,0.277132
2021-03-11 12:00:00,7949.411,0.645217,0.278421
2021-03-11 13:00:00,7910.046,0.609697,0.276538
2021-03-11 14:00:00,7931.655,0.50953,0.270542
2021-03-11 15:00:00,8034.271,0.363109,0.260062
2021-03-11 16:00:00,8219.129,0.198872,0.245363
2021-03-11 17:00:00,8449.158,0.054344,0.227324
2021-03-11 18:00:00,8645.977,0.0,0.207326
2021-03-11 19:00:00,8724.078,0.0,0.187087
2021-03-11 20:00:00,8645.588,0.0,0.168431
2021-03-11 21:00:00,8447.294,0.0,0.153063
2021-03-11 22:00:00,8212.696,0.0,0.142339
2021-03-11 23:00:00,8016.373,0.0,0.137101
2021-03-12 00:00:00,7384.578,0.0,0.136512
2021-03-12 01:00:00,7236.972,0.0,0.142247
2021-03-12 02:00:00,7136.635,0.0,0.152241
2021-03-12 03:00:00,7134.389,0.0,0.165041
2021-03-12 04:00:00,7252.673,0.0,0.178949
2021-03-12 05:00:00,7468.952,0.0,0.192256
2021-03-12 06:00:00,7723.359,0.0,0.203474
2021-03-12 07:00:00,7946.002,0.053586,0.21153
2021-03-12 08:00:00,8086.734,0.187584,0.215913
2021-03-12 09:00:00,8131.407,0.338638,0.216733
2021-03-12 10:00:00,8099.437,0.47286,0.214709
2021-03-12 11:00:00,8028.637,0.564524,0.211055
2021-03-12 12:00:00,7958.736,0.597005,0.207313
2021-03-12 13:00:00,7922.923,0.564524,0.205136
2021-03-12 14:00:00,7948.062,0.47286,0.206051
2021-03-12 15:00:00,8054.184,0.338638,0.211244
2021-03-12 16:00:00,8242.52,0.187584,0.221385
2021-03-12 17:00:00,8475.999,0.053586,0.236529
2021-03-12 18:00:00,8676.233,0.0,0.256092
2021-03-12 19:00:00,8757.713,0.0,0.278917
2021-03-12 20:00:00,8682.564,0.0,0.303419
2021-03-12 21:00:00,8487.568,0.0,0.327783
2021-03-12 22:00:00,8256.225,0.0,0.350199
2021-03-12 23:00:00,8063.109,0.0,0.36909
2021-03-13 00:00:00,6998.176,0.0,0.382248
2021-03-13 01:00:00,6853.675,0.0,0.391247
2021-03-13 02:00:00,6756.388,0.0,0.3951
2021-03-13 03:00:00,6757.133,0.0,0.394511
2021-03-13 04:00:00,6878.349,0.0,0.390705
2021-03-13 05:00:00,7097.497,0.0,0.38525
2021-03-13 06:00:00,7354.707,0.0,0.379845
2021-03-13 07:00:00,7580.086,0.046577,0.376081
2021-03-13 08:00:00,7723.484,0.156412,0.375225
2021-03-13 09:00:00,7770.751,0.279274,0.378048
2021-03-13 10:00:00,7741.3,0.388092,0.384716
2021-03-13 11:00:00,7672.943,0.462284,0.394772
2021-03-13 12:00:00,7605.406,0.488553,0.407199
2021-03-13 13:00:00,7571.877,0.462284,0.420559
2021-03-13 14:00:00,7599.217,0.388092,0.433195
2021-03-13 15:00:00,7707.456,0.279274,0.443458
2021-03-13 16:00:00,7897.823,0.156412,0.44994
2021-03-13 17:00:00,8133.244,0.046577,0.451668
2021-03-13 18:00:00,8335.331,0.0,0.448249
2021-03-13 19:00:00,8418.574,0.0,0.43993
2021-03-13 20:00:00,8345.094,0.0,0.427575
2021-03-13 21:00:00,8151.674,0.0,0.412563
2021-03-13 22:00:00,7921.812,0.0,0.396607
2021-03-13 23:00:00,7730.079,0.0,0.381539
2021-03-14 00:00:00,7102.437,0.0,0.367993
2021-03-14 01:00:00,6959.123,0.0,0.359506
2021-03-14 02:00:00,6862.923,0.0,0.355858
2021-03-14 03:00:00,6864.655,0.0,0.357292
2021-03-14 04:00:00,6986.756,0.0,0.36341
2021-03-14 05:00:00,7206.686,0.0,0.373234
2021-03-14 06:00:00,7464.576,0.0,0.385347
2021-03-14 07:00:00,7690.531,0.041958,0.398095
2021-03-14 08:00:00,7834.401,0.135511,0.409812
2021-03-14 09:00:00,7882.035,0.239386,0.419052
2021-03-14 10:00:00,7852.847,0.331096,0.42479
2021-03-14 11:00:00,7784.648,0.39352,0.426561
2021-03-14 12:00:00,7717.164,0.415607,0.424521
2021-03-14 13:00:00,7683.582,0.39352,0.419434
2021-03-14 14:00:00,7710.764,0.331096,0.412558
2021-03-14 15:00:00,7818.74,0.239386,0.405477
2021-03-14 16:00:00,8008.74,0.135511,0.399882
2021-03-14 17:00:00,8243.689,0.041958,0.397338
2021-03-14 18:00:00,8445.2,0.0,0.39906
2021-03-14 19:00:00,8527.763,0.0,0.405751
2021-03-14 20:00:00,8453.501,0.0,0.417488
2021-03-14 21:00:00,8259.196,0.0,0.433706
2021-03-14 22:00:00,8028.347,0.0,0.453265
2021-03-14 23:00:00,7835.527,0.0,0.474589
2021-03-15 00:00:00,7642.706,0.0,0.494773
2021-03-15 01:00:00,7498.106,0.0,0.514198
2021-03-15 02:00:00,7400.522,0.0,0.530188
2021-03-15 03:00:00,7400.774,0.0,0.541591
2021-03-15 04:00:00,7521.299,0.0,0.547832
2021-03-15 05:00:00,7739.56,0.0,0.548975
2021-03-15 06:00:00,7995.688,0.0,0.545699
2021-03-15 07:00:00,8219.789,0.045994,0.539204
2021-03-15 08:00:00,8361.717,0.1432,0.531029
2021-03-15 09:00:00,8407.32,0.25036,0.52284
2021-03-15 10:00:00,8376.015,0.344678,0.516194
2021-03-15 11:00:00,8305.615,0.408774,0.512323
2021-03-15 12:00:00,8235.847,0.431436,0.51196
2021-03-15 13:00:00,8199.901,0.408774,0.515234
2021-03-15 14:00:00,8224.64,0.344678,0.521651
2021-03-15 15:00:00,8330.097,0.25036,0.530157
2021-03-15 16:00:00,8517.502,0.1432,0.53928
2021-03-15 17:00:00,8749.786,0.045994,0.547329
2021-03-15 18:00:00,8948.561,0.0,0.552627
2021-03-15 19:00:00,9028.321,0.0,0.553735
2021-03-15 20:00:00,8951.19,0.0,0.549658
2021-03-15 21:00:00,8753.953,0.0,0.539983
2021-03-15 22:00:00,8520.113,0.0,0.524942
2021-03-15 23:00:00,8324.243,0.0,0.505389
2021-03-16 00:00:00,7692.033,0.0,0.481586
2021-03-16 01:00:00,7544.275,0.0,0.457467
2021-03-16 02:00:00,7443.484,0.0,0.433762
2021-03-16 03:00:00,7440.481,0.0,0.412193
2021-03-16 04:00:00,7557.707,0.0,0.394154
2021-03-16 05:00:00,7772.627,0.0,0.380528
2021-03-16 06:00:00,8025.376,0.0,0.371585
2021-03-16 07:00:00,8246.062,0.054435,0.36696
2021-03-16 08:00:00,8384.541,0.163725,0.365714
2021-03-16 09:00:00,8426.665,0.283381,0.366472
2021-03-16 10:00:00,8391.855,0.388377,0.367625
2021-03-16 11:00:00,8317.924,0.459617,0.367561
2021-03-16 12:00:00,8244.605,0.484787,0.364886
2021-03-16 13:00:00,8205.089,0.459617,0.358632
2021-03-16 14:00:00,8226.243,0.388377,0.348392
2021-03-16 15:00:00,8328.103,0.283381,0.334386
2021-03-16 16:00:00,8511.902,0.163725,0.317436
2021-03-16 17:00:00,8740.573,0.054435,0.298863
2021-03-16 18:00:00,8935.733,0.0,0.280313
2021-03-16 19:00:00,9011.877,0.0,0.263537
2021-03-16 20:00:00,8931.134,0.0,0.250159
2021-03-16 21:00:00,8730.291,0.0,0.241452
2021-03-16 22:00:00,8492.853,0.0,0.238171
2021-03-16 23:00:00,8293.399,0.0,0.240444
2021-03-17 00:00:00,7657.486,0.0,0.246629
2021-03-17 01:00:00,7506.177,0.0,0.257877
2021-03-17 02:00:00,7401.855,0.0,0.271524
2021-03-17 03:00:00,7395.347,0.0,0.285793
2021-03-17 04:00:00,7509.094,0.0,0.298901
2021-03-17 05:00:00,7720.566,0.0,0.309286
2021-03-17 06:00:00,7969.899,0.0,0.315814
2021-03-17 07:00:00,8187.205,0.060013,0.317918
2021-03-17 08:00:00,8322.344,0.174715,0.315663
2021-03-17 09:00:00,8361.169,0.299465,0.309728
2021-03-17 10:00:00,8323.104,0.408607,0.301301
2021-03-17 11:00:00,8245.966,0.482544,0.291907
2021-03-17 12:00:00,8169.489,0.508649,0.283193
2021-03-17 13:00:00,8126.868,0.482544,0.27669
2021-03-17 14:00:00,8144.973,0.408607,0.2736
2021-03-17 15:00:00,8243.841,0.299465,0.274621
2021-03-17 16:00:00,8424.709,0.174715,0.279844
2021-03-17 17:00:00,8650.511,0.060013,0.288734
2021-03-17 18:00:00,8842.868,0.0,0.300193
2021-03-17 19:00:00,8916.276,0.0,0.312702
2021-03-17 20:00:00,8832.867,0.0,0.324522
2021-03-17 21:00:00,8629.43,0.0,0.333926
2021-03-17 22:00:00,8389.473,0.0,0.339429
2021-03-17 23:00:00,8187.576,0.0,0.339986
2021-03-18 00:00:00,7549.17,0.0,0.333997
2021-03-18 01:00:00,7395.577,0.0,0.323925
2021-03-18 02:00:00,7289.055,0.0,0.309442
2021-03-18 03:00:00,7280.429,0.0,0.291878
2021-03-18 04:00:00,7392.146,0.0,0.27291
2021-03-18 05:00:00,7601.675,0.0,0.254342
2021-03-18 06:00:00,7849.154,0.0,0.237866
2021-03-18 07:00:00,8064.699,0.064426,0.22485
2021-03-18 08:00:00,8198.167,0.181874,0.216155
2021-03-18 09:00:00,8235.417,0.308794,0.212036
2021-03-18 10:00:00,8195.872,0.419513,0.212115
2021-03-18 11:00:00,8117.35,0.494405,0.215446
2021-03-18 12:00:00,8039.587,0.520828,0.220652
2021-03-18 13:00:00,7995.779,0.494405,0.22613
2021-03-18 14:00:00,8012.797,0.419513,0.230273
2021-03-18 15:00:00,8110.678,0.308794,0.231702
2021-03-18 16:00:00,8290.661,0.181874,0.229465
2021-03-18 17:00:00,8515.68,0.064426,0.223177
2021-03-18 18:00:00,8707.357,0.0,0.213081
2021-03-18 19:00:00,8780.189,0.0,0.200029
2021-03-18 20:00:00,8696.308,0.0,0.185372
2021-03-18 21:00:00,8492.504,0.0,0.170789
2021-03-18 22:00:00,8252.284,0.0,0.158065
2021-03-18 23:00:00,8050.229,0.0,0.148859
2021-03-19 00:00:00,7411.646,0.0,0.14333
2021-03-19 01:00:00,7258.106,0.0,0.14457
2021-03-19 02:00:00,7151.741,0.0,0.151591
2021-03-19 03:00:00,7143.379,0.0,0.163909
2021-03-19 04:00:00,7255.463,0.0,0.180456
2021-03-19 05:00:00,7465.464,0.0,0.199723
2021-03-19 06:00:00,7713.519,0.0,0.219958
2021-03-19 07:00:00,7929.743,0.075298,0.2394
2021-03-19 08:00:00,8063.994,0.206458,0.256507
2021-03-19 09:00:00,8102.129,0.347322,0.270156
2021-03-19 10:00:00,8063.57,0.469857,0.279791
2021-03-19 11:00:00,7986.136,0.552617,0.285479
2021-03-19 12:00:00,7909.56,0.581797,0.2879
2021-03-19 13:00:00,7867.038,0.552617,0.288233
2021-03-19 14:00:00,7885.439,0.469857,0.287993
2021-03-19 15:00:00,7984.801,0.347322,0.288806
2021-03-19 16:00:00,8166.36,0.206458,0.292183
2021-03-19 17:00:00,8393.049,0.075298,0.299296
2021-03-19 18:00:00,8586.488,0.0,0.31081
2021-03-19 19:00:00,8661.173,0.0,0.326778
2021-03-19 20:00:00,8579.235,0.0,0.34662
2021-03-19 21:00:00,8377.462,0.0,0.369193
2021-03-19 22:00:00,8139.359,0.0,0.392927
2021-03-19 23:00:00,7939.505,0.0,0.41603
2021-03-20 00:00:00,6866.937,0.0,0.435555
2021-03-20 01:00:00,6715.761,0.0,0.452285
2021-03-20 02:00:00,6611.839,0.0,0.463952
2021-03-20 03:00:00,6605.996,0.0,0.470036
2021-03-20 04:00:00,6720.673,0.0,0.47066
2021-03-20 05:00:00,6933.34,0.0,0.466577
2021-03-20 06:00:00,7184.132,0.0,0.459057
2021-03-20 07:00:00,7403.159,0.091655,0.44972
2021-03-20 08:00:00,7540.279,0.244458,0.440315
2021-03-20 09:00:00,7581.345,0.407589,0.432486
2021-03-20 10:00:00,7545.778,0.549102,0.42755
2021-03-20 11:00:00,7471.393,0.644539,0.426326
2021-03-20 12:00:00,7397.923,0.678166,0.429028
2021-03-20 13:00:00,7358.558,0.644539,0.435246
2021-03-20 14:00:00,7380.166,0.549102,0.444003
2021-03-20 15:00:00,7482.782,0.407589,0.453903
2021-03-20 16:00:00,7667.64,0.244458,0.463321
2021-03-20 17:00:00,7897.67,0.091655,0.470642
2021-03-20 18:00:00,8094.489,0.0,0.47448
2021-03-20 19:00:00,8172.589,0.0,0.473885
2021-03-20 20:00:00,8094.1,0.0,0.468479
2021-03-20 21:00:00,7895.805,0.0,0.458517
2021-03-20 22:00:00,7661.208,0.0,0.444871
2021-03-20 23:00:00,7464.884,0.0,0.428914
2021-03-21 00:00:00,6831.899,0.0,0.411179
2021-03-21 01:00:00,6684.293,0.0,0.395837
2021-03-21 02:00:00,6583.956,0.0,0.38341
2021-03-21 03:00:00,6581.71,0.0,0.375247
2021-03-21 04:00:00,6699.994,0.0,0.372185
2021-03-21 05:00:00,6916.273,0.0,0.374433
2021-03-21 06:00:00,7170.68,0.0,0.381558
2021-03-21 07:00:00,7393.323,0.101213,0.392543
2021-03-21 08:00:00,7534.055,0.262965,0.40593
2021-03-21 09:00:00,7578.728,0.434655,0.420019
2021-03-21 10:00:00,7546.758,0.583191,0.4331
2021-03-21 11:00:00,7475.958,0.683219,0.44368
2021-03-21 12:00:00,7406.057,0.718442,0.450688
2021-03-21 13:00:00,7370.244,0.683219,0.45361
2021-03-21 14:00:00,7395.382,0.583191,0.452561
2021-03-21 15:00:00,7501.504,0.434655,0.448256
2021-03-21 16:00:00,7689.841,0.262965,0.441915
2021-03-21 17:00:00,7923.319,0.101213,0.435082
2021-03-21 18:00:00,8123.553,0.0,0.429412
2021-03-21 19:00:00,8205.034,0.0,0.426439
2021-03-21 20:00:00,8129.885,0.0,0.427352
2021-03-21 21:00:00,7934.889,0.0,0.43283
2021-03-21 22:00:00,7703.546,0.0,0.442933
2021-03-21 23:00:00,7510.43,0.0,0.457086
2021-03-22 00:00:00,7316.637,0.0,0.472952
2021-03-22 01:00:00,7172.136,0.0,0.491332
2021-03-22 02:00:00,7074.849,0.0,0.509235
2021-03-22 03:00:00,7075.594,0.0,0.524861
2021-03-22 04:00:00,7196.81,0.0,0.536644
2021-03-22 05:00:00,7415.958,0.0,0.543457
2021-03-22 06:00:00,7673.168,0.000705,0.544753
2021-03-22 07:00:00,7898.547,0.096255,0.540625
2021-03-22 08:00:00,8041.945,0.243929,0.531794
2021-03-22 09:00:00,8089.212,0.399805,0.519497
2021-03-22 10:00:00,8059.761,0.534303,0.50532
2021-03-22 11:00:00,7991.404,0.624749,0.490977
2021-03-22 12:00:00,7923.867,0.656577,0.478076
2021-03-22 13:00:00,7890.338,0.624749,0.467902
2021-03-22 14:00:00,7917.678,0.534303,0.461241
2021-03-22 15:00:00,8025.917,0.399805,0.458277
2021-03-22 16:00:00,8216.284,0.243929,0.458571
2021-03-22 17:00:00,8451.705,0.096255,0.461124
2021-03-22 18:00:00,8653.792,0.000705,0.464515
2021-03-22 19:00:00,8737.035,0.0,0.467105
2021-03-22 20:00:00,8663.556,0.0,0.467265
2021-03-22 21:00:00,8470.135,0.0,0.463601
2021-03-22 22:00:00,8240.273,0.0,0.455161
2021-03-22 23:00:00,8048.54,0.0,0.441567
2021-03-23 00:00:00,7419.777,0.0,0.421884
2021-03-23 01:00:00,7276.463,0.0,0.399395
2021-03-23 02:00:00,7180.262,0.0,0.374292
2021-03-23 03:00:00,7181.995,0.0,0.348307
2021-03-23 04:00:00,7304.095,0.0,0.32329
2021-03-23 05:00:00,7524.026,0.0,0.300968
2021-03-23 06:00:00,7781.916,0.001627,0.282732
2021-03-23 07:00:00,8007.871,0.085194,0.26946
2021-03-23 08:00:00,8151.741,0.210841,0.261409
2021-03-23 09:00:00,8199.375,0.342753,0.258193
2021-03-23 10:00:00,8170.187,0.45628,0.25885
2021-03-23 11:00:00,8101.988,0.532518,0.261976
2021-03-23 12:00:00,8034.504,0.559329,0.265928
2021-03-23 13:00:00,8000.922,0.532518,0.269055
2021-03-23 14:00:00,8028.104,0.45628,0.269922
2021-03-23 15:00:00,8136.08,0.342753,0.267516
2021-03-23 16:00:00,8326.079,0.210841,0.261381
2021-03-23 17:00:00,8561.029,0.085194,0.251688
2021-03-23 18:00:00,8762.54,0.001627,0.239208
2021-03-23 19:00:00,8845.103,0.0,0.225209
2021-03-23 20:00:00,8770.841,0.0,0.211286
2021-03-23 21:00:00,8576.536,0.0,0.199139
2021-03-23 22:00:00,8345.687,0.0,0.190341
2021-03-23 23:00:00,8152.867,0.0,0.186117
2021-03-24 00:00:00,7522.812,0.0,0.185964
2021-03-24 01:00:00,7378.211,0.0,0.192393
2021-03-24 02:00:00,7280.627,0.0,0.203634
2021-03-24 03:00:00,7280.879,0.0,0.218553
2021-03-24 04:00:00,7401.404,0.0,0.235582
2021-03-24 05:00:00,7619.665,0.0,0.252919
2021-03-24 06:00:00,7875.793,0.00267,0.268757
2021-03-24 07:00:00,8099.895,0.081258,0.281523
2021-03-24 08:00:00,8241.822,0.196611,0.290071
2021-03-24 09:00:00,8287.425,0.317085,0.293831
2021-03-24 10:00:00,8256.12,0.420507,0.292871
2021-03-24 11:00:00,8185.72,0.489865,0.287875
2021-03-24 12:00:00,8115.952,0.514241,0.280047
2021-03-24 13:00:00,8080.006,0.489865,0.270928
2021-03-24 14:00:00,8104.745,0.420507,0.262188
2021-03-24 15:00:00,8210.202,0.317085,0.255388
2021-03-24 16:00:00,8397.608,0.196611,0.25176
2021-03-24 17:00:00,8629.891,0.081258,0.252038
2021-03-24 18:00:00,8828.666,0.00267,0.256354
2021-03-24 19:00:00,8908.426,0.0,0.264213
2021-03-24 20:00:00,8831.295,0.0,0.274561
2021-03-24 21:00:00,8634.059,0.0,0.285925
2021-03-24 22:00:00,8400.218,0.0,0.296612
2021-03-24 23:00:00,8204.348,0.0,0.304943
2021-03-25 00:00:00,7571.087,0.0,0.308254
2021-03-25 01:00:00,7423.33,0.0,0.307991
2021-03-25 02:00:00,7322.538,0.0,0.302515
2021-03-25 03:00:00,7319.536,0.0,0.29205
2021-03-25 04:00:00,7436.762,0.0,0.277446
2021-03-25 05:00:00,7651.682,0.0,0.260069
2021-03-25 06:00:00,7904.431,0.004027,0.241624
2021-03-25 07:00:00,8125.117,0.084412,0.223942
2021-03-25 08:00:00,8263.595,0.199895,0.208737
2021-03-25 09:00:00,8305.72,0.319898,0.197393
2021-03-25 10:00:00,8270.909,0.422662,0.190781
2021-03-25 11:00:00,8196.979,0.491485,0.189162
2021-03-25 12:00:00,8123.659,0.51566,0.192157
2021-03-25 13:00:00,8084.143,0.491485,0.198813
2021-03-25 14:00:00,8105.298,0.422662,0.207744
2021-03-25 15:00:00,8207.157,0.319898,0.217327
2021-03-25 16:00:00,8390.957,0.199895,0.225931
2021-03-25 17:00:00,8619.628,0.084412,0.232151
2021-03-25 18:00:00,8814.788,0.004027,0.235001
2021-03-25 19:00:00,8890.931,0.0,0.234058
2021-03-25 20:00:00,8810.188,0.0,0.229525
2021-03-25 21:00:00,8609.346,0.0,0.222207
2021-03-25 22:00:00,8371.908,0.0,0.213406
2021-03-25 23:00:00,8172.453,0.0,0.204753
2021-03-26 00:00:00,7535.526,0.0,0.196745
2021-03-26 01:00:00,7384.217,0.0,0.193455
2021-03-26 02:00:00,7279.895,0.0,0.194905
2021-03-26 03:00:00,7273.387,0.0,0.201831
2021-03-26 04:00:00,7387.134,0.0,0.214343
2021-03-26 05:00:00,7598.606,0.0,0.231904
2021-03-26 06:00:00,7847.939,0.005328,0.253399
2021-03-26 07:00:00,8065.245,0.084349,0.27727
2021-03-26 08:00:00,8200.383,0.195688,0.301722
2021-03-26 09:00:00,8239.209,0.31082,0.324954
2021-03-26 10:00:00,8201.144,0.409175,0.345387
2021-03-26 11:00:00,8124.006,0.47496,0.36187
2021-03-26 12:00:00,8047.529,0.498053,0.373819
2021-03-26 13:00:00,8004.908,0.47496,0.381283
2021-03-26 14:00:00,8023.013,0.409175,0.384926
2021-03-26 15:00:00,8121.881,0.31082,0.385919
2021-03-26 16:00:00,8302.749,0.195688,0.385774
2021-03-26 17:00:00,8528.551,0.084349,0.386121
2021-03-26 18:00:00,8720.907,0.005328,0.38848
2021-03-26 19:00:00,8794.315,0.0,0.394038
2021-03-26 20:00:00,8710.907,0.0,0.403481
2021-03-26 21:00:00,8507.47,0.0,0.416888
2021-03-26 22:00:00,8267.513,0.0,0.433711
2021-03-26 23:00:00,8065.615,0.0,0.452842
2021-03-27 00:00:00,6990.083,0.0,0.471506
2021-03-27 01:00:00,6836.49,0.0,0.490445
2021-03-27 02:00:00,6729.967,0.0,0.506675
2021-03-27 03:00:00,6721.342,0.0,0.518704
2021-03-27 04:00:00,6833.059,0.0,0.525478
2021-03-27 05:00:00,7042.588,0.0,0.526527
2021-03-27 06:00:00,7290.067,0.006334,0.522029
2021-03-27 07:00:00,7505.612,0.080258,0.512789
2021-03-27 08:00:00,7639.08,0.182582,0.50013
2021-03-27 09:00:00,7676.33,0.287893,0.485722
2021-03-27 10:00:00,7636.784,0.377646,0.471362
2021-03-27 11:00:00,7558.263,0.437601,0.45874
2021-03-27 12:00:00,7480.5,0.458635,0.449217
2021-03-27 13:00:00,7436.692,0.437601,0.443649
2021-03-27 14:00:00,7453.709,0.377646,0.442287
2021-03-27 15:00:00,7551.591,0.287893,0.44475
2021-03-27 16:00:00,7731.574,0.182582,0.450087
2021-03-27 17:00:00,7956.593,0.080258,0.45692
2021-03-27 18:00:00,8148.27,0.006334,0.463642
2021-03-27 19:00:00,8221.102,0.0,0.468643
2021-03-27 20:00:00,8137.221,0.0,0.470544
2021-03-27 21:00:00,7933.417,0.0,0.46839
2021-03-27 22:00:00,7693.197,0.0,0.461796
2021-03-27 23:00:00,7491.142,0.0,0.451004
2021-03-28 00:00:00,6851.617,0.0,0.435612
2021-03-28 01:00:00,6698.077,0.0,0.419478
2021-03-28 02:00:00,6591.712,0.0,0.403028
2021-03-28 03:00:00,6583.349,0.0,0.388051
2021-03-28 04:00:00,6695.433,0.0,0.376204
2021-03-28 05:00:00,6905.434,0.0,0.368802
2021-03-28 06:00:00,7153.49,0.008107,0.366636
2021-03-28 07:00:00,7369.714,0.085557,0.369873
2021-03-28 08:00:00,7503.965,0.191023,0.378034
2021-03-28 09:00:00,7542.1,0.299072,0.390055
2021-03-28 10:00:00,7503.541,0.390947,0.404432
2021-03-28 11:00:00,7426.107,0.452241,0.419421
2021-03-28 12:00:00,7349.531,0.473733,0.433266
2021-03-28 13:00:00,7307.009,0.452241,0.444431
2021-03-28 14:00:00,7325.41,0.390947,0.451805
2021-03-28 15:00:00,7424.772,0.299072,0.454836
2021-03-28 16:00:00,7606.33,0.191023,0.453606
2021-03-28 17:00:00,7833.02,0.085557,0.4488
2021-03-28 18:00:00,8026.459,0.008107,0.441611
2021-03-28 19:00:00,8101.144,0.0,0.433565
2021-03-28 20:00:00,8019.206,0.0,0.426301
2021-03-28 21:00:00,7817.433,0.0,0.421342
2021-03-28 22:00:00,7579.329,0.0,0.419873
2021-03-28 23:00:00,7379.476,0.0,0.422574
2021-03-29 00:00:00,7178.298,0.0,0.42825
2021-03-29 01:00:00,7027.123,0.0,0.438864
2021-03-29 02:00:00,6923.2,0.0,0.452024
2021-03-29 03:00:00,6917.357,0.0,0.466177
2021-03-29 04:00:00,7032.035,0.0,0.479549
2021-03-29 05:00:00,7244.702,0.0,0.490372
2021-03-29 06:00:00,7495.493,0.011909,0.49712
2021-03-29 07:00:00,7714.521,0.107746,0.498708
2021-03-29 08:00:00,7851.64,0.236291,0.494632
2021-03-29 09:00:00,7892.707,0.367402,0.485036
2021-03-29 10:00:00,7857.14,0.478635,0.47069
2021-03-29 11:00:00,7782.755,0.552753,0.452883
2021-03-29 12:00:00,7709.284,0.578727,0.433254
2021-03-29 13:00:00,7669.92,0.552753,0.413572
2021-03-29 14:00:00,7691.528,0.478635,0.395496
2021-03-29 15:00:00,7794.144,0.367402,0.380364
2021-03-29 16:00:00,7979.002,0.236291,0.369013
2021-03-29 17:00:00,8209.032,0.107746,0.361676
2021-03-29 18:00:00,8405.85,0.011909,0.357959
2021-03-29 19:00:00,8483.951,0.0,0.356903
2021-03-29 20:00:00,8405.462,0.0,0.357129
2021-03-29 21:00:00,8207.167,0.0,0.35703
2021-03-29 22:00:00,7972.569,0.0,0.355004
2021-03-29 23:00:00,7776.246,0.0,0.349684
2021-03-30 00:00:00,7142.392,0.0,0.33886
2021-03-30 01:00:00,6994.786,0.0,0.324715
2021-03-30 02:00:00,6894.449,0.0,0.306246
2021-03-30 03:00:00,6892.203,0.0,0.284336
2021-03-30 04:00:00,7010.487,0.0,0.260373
2021-03-30 05:00:00,7226.766,0.0,0.236077
2021-03-30 06:00:00,7481.173,0.01684,0.21328
2021-03-30 07:00:00,7703.816,0.133507,0.193687
2021-03-30 08:00:00,7844.548,0.287805,0.178661
2021-03-30 09:00:00,7889.221,0.444509,0.169046
2021-03-30 10:00:00,7857.251,0.577162,0.165063
2021-03-30 11:00:00,7786.451,0.665446,0.166284
2021-03-30 12:00:00,7716.55,0.696367,0.1717
2021-03-30 13:00:00,7680.737,0.665446,0.179862
2021-03-30 14:00:00,7705.876,0.577162,0.189075
2021-03-30 15:00:00,7811.998,0.444509,0.197635
2021-03-30 16:00:00,8000.334,0.287805,0.204055
2021-03-30 17:00:00,8233.812,0.133507,0.207267
2021-03-30 18:00:00,8434.046,0.01684,0.206764
2021-03-30 19:00:00,8515.527,0.0,0.202662
2021-03-30 20:00:00,8440.378,0.0,0.195682
2021-03-30 21:00:00,8245.382,0.0,0.187043
2021-03-30 22:00:00,8014.039,0.0,0.178295
2021-03-30 23:00:00,7820.923,0.0,0.171094
2021-03-31 00:00:00,7190.151,0.0,0.165692
2021-03-31 01:00:00,7045.65,0.0,0.165844
2021-03-31 02:00:00,6948.362,0.0,0.170947
2021-03-31 03:00:00,6949.108,0.0,0.181063
2021-03-31 04:00:00,7070.324,0.0,0.195614
2021-03-31 05:00:00,7289.471,0.0,0.213454
2021-03-31 06:00:00,7546.682,0.02037,0.233005
2021-03-31 07:00:00,7772.061,0.143949,0.252462
2021-03-31 08:00:00,7915.459,0.305258,0.270024
2021-03-31 09:00:00,7962.725,0.4684,0.284123
2021-03-31 10:00:00,7933.275,0.606208,0.29363
2021-03-31 11:00:00,7864.918,0.697813,0.297993
2021-03-31 12:00:00,7797.381,0.729881,0.297304
2021-03-31 13:00:00,7763.852,0.697813,0.292278
2021-03-31 14:00:00,7791.191,0.606208,0.284149
2021-03-31 15:00:00,7899.43,0.4684,0.274498
2021-03-31 16:00:00,8089.797,0.305258,0.265033
2021-03-31 17:00:00,8325.219,0.143949,0.257357
2021-03-31 18:00:00,8527.306,0.02037,0.252748
2021-03-31 19:00:00,8610.548,0.0,0.251984
2021-03-31 20:00:00,8537.069,0.0,0.255244
2021-03-31 21:00:00,8343.649,0.0,0.262079
2021-03-31 22:00:00,8113.787,0.0,0.271481
2021-03-31 23:00:00,7922.054,0.0,0.282021
2021-04-01 00:00:00,7292.497,0.0,0.29076
2021-04-01 01:00:00,7149.183,0.0,0.298636
2021-04-01 02:00:00,7052.982,0.0,0.302958
2021-04-01 03:00:00,7054.715,0.0,0.302758
2021-04-01 04:00:00,7176.815,0.0,0.297648
2021-04-01 05:00:00,7396.746,0.0,0.28788
2021-04-01 06:00:00,7654.636,0.021796,0.274322
2021-04-01 07:00:00,7880.591,0.139181,0.258353
2021-04-01 08:00:00,8024.461,0.290535,0.24169
2021-04-01 09:00:00,8072.095,0.442991,0.226166
2021-04-01 10:00:00,8042.907,0.571503,0.213495
2021-04-01 11:00:00,7974.707,0.656829,0.205051
2021-04-01 12:00:00,7907.223,0.686683,0.201693
2021-04-01 13:00:00,7873.641,0.656829,0.203663
2021-04-01 14:00:00,7900.823,0.571503,0.210558
2021-04-01 15:00:00,8008.8,0.442991,0.221396
2021-04-01 16:00:00,8198.799,0.290535,0.234756
2021-04-01 17:00:00,8433.748,0.139181,0.248978
2021-04-01 18:00:00,8635.26,0.021796,0.26239
2021-04-01 19:00:00,8717.823,0.0,0.27354
2021-04-01 20:00:00,8643.561,0.0,0.281395
2021-04-01 21:00:00,8449.256,0.0,0.285483
2021-04-01 22:00:00,8218.407,0.0,0.285953
2021-04-01 23:00:00,8025.587,0.0,0.283559
2021-04-02 00:00:00,7394.775,0.0,0.278254
2021-04-02 01:00:00,7250.175,0.0,0.274209
2021-04-02 02:00:00,7152.591,0.0,0.271809
2021-04-02 03:00:00,7152.843,0.0,0.272608
2021-04-02 04:00:00,7273.368,0.0,0.277816
2021-04-02 05:00:00,7491.629,0.0,0.288125
2021-04-02 06:00:00,7747.757,0.023183,0.303603
2021-04-02 07:00:00,7971.858,0.135286,0.323679
2021-04-02 08:00:00,8113.786,0.278169,0.347204
2021-04-02 09:00:00,8159.389,0.421531,0.372594
2021-04-02 10:00:00,8128.084,0.542129,0.398033
2021-04-02 11:00:00,8057.684,0.62211,0.421702
2021-04-02 12:00:00,7987.916,0.650079,0.442014
2021-04-02 13:00:00,7951.969,0.62211,0.457812
2021-04-02 14:00:00,7976.709,0.542129,0.468514
2021-04-02 15:00:00,8082.165,0.421531,0.474177
2021-04-02 16:00:00,8269.571,0.278169,0.475478
2021-04-02 17:00:00,8501.855,0.135286,0.473607
2021-04-02 18:00:00,8700.63,0.023183,0.470102
2021-04-02 19:00:00,8780.389,0.0,0.466622
2021-04-02 20:00:00,8703.259,0.0,0.464722
2021-04-02 21:00:00,8506.022,0.0,0.465628
2021-04-02 22:00:00,8272.182,0.0,0.470069
2021-04-02 23:00:00,8076.312,0.0,0.478171
2021-04-03 00:00:00,7006.185,0.0,0.48813
2021-04-03 01:00:00,6858.427,0.0,0.5015
2021-04-03 02:00:00,6757.636,0.0,0.515499
2021-04-03 03:00:00,6754.633,0.0,0.528432
2021-04-03 04:00:00,6871.859,0.0,0.538618
2021-04-03 05:00:00,7086.779,0.0,0.544615
2021-04-03 06:00:00,7339.528,0.025657,0.545424
2021-04-03 07:00:00,7560.214,0.1381,0.540626
2021-04-03 08:00:00,7698.693,0.279869,0.530448
2021-04-03 09:00:00,7740.817,0.421573,0.51574
2021-04-03 10:00:00,7706.006,0.540538,0.497868
2021-04-03 11:00:00,7632.076,0.619348,0.478541
2021-04-03 12:00:00,7558.757,0.646894,0.45959
2021-04-03 13:00:00,7519.241,0.619348,0.442735
2021-04-03 14:00:00,7540.395,0.540538,0.429359
2021-04-03 15:00:00,7642.254,0.421573,0.420339
2021-04-03 16:00:00,7826.054,0.279869,0.415939
2021-04-03 17:00:00,8054.725,0.1381,0.415784
2021-04-03 18:00:00,8249.885,0.025657,0.418926
2021-04-03 19:00:00,8326.029,0.0,0.423983
2021-04-03 20:00:00,8245.286,0.0,0.429337
2021-04-03 21:00:00,8044.443,0.0,0.433365
2021-04-03 22:00:00,7807.005,0.0,0.434665
2021-04-03 23:00:00,7607.55,0.0,0.43226
2021-04-04 00:00:00,6969.943,0.0,0.424419
2021-04-04 01:00:00,6818.634,0.0,0.413979
2021-04-04 02:00:00,6714.313,0.0,0.400439
2021-04-04 03:00:00,6707.804,0.0,0.385112
2021-04-04 04:00:00,6821.551,0.0,0.369633
2021-04-04 05:00:00,7033.023,0.0,0.355745
2021-04-04 06:00:00,7282.356,0.026935,0.345061
2021-04-04 07:00:00,7499.663,0.134783,0.338849
2021-04-04 08:00:00,7634.801,0.26937,0.337853
2021-04-04 09:00:00,7673.626,0.403401,0.342196
2021-04-04 10:00:00,7635.561,0.515703,0.351352
2021-04-04 11:00:00,7558.423,0.59002,0.364217
2021-04-04 12:00:00,7481.946,0.615981,0.379246
2021-04-04 13:00:00,7439.325,0.59002,0.394658
2021-04-04 14:00:00,7457.43,0.515703,0.408665
2021-04-04 15:00:00,7556.298,0.403401,0.419701
2021-04-04 16:00:00,7737.166,0.26937,0.426632
2021-04-04 17:00:00,7962.968,0.134783,0.428886
2021-04-04 18:00:00,8155.325,0.026935,0.42653
2021-04-04 19:00:00,8228.733,0.0,0.420241
2021-04-04 20:00:00,8145.324,0.0,0.41121
2021-04-04 21:00:00,7941.887,0.0,0.400964
2021-04-04 22:00:00,7701.93,0.0,0.39115
2021-04-04 23:00:00,7500.033,0.0,0.383305
2021-04-05 00:00:00,7296.155,0.0,0.377314
2021-04-05 01:00:00,7142.562,0.0,0.376521
2021-04-05 02:00:00,7036.04,0.0,0.379702
2021-04-05 03:00:00,7027.414,0.0,0.38633
2021-04-05 04:00:00,7139.131,0.0,0.395313
2021-04-05 05:00:00,7348.66,0.0,0.405139
2021-04-05 06:00:00,7596.139,0.025076,0.414079
2021-04-05 07:00:00,7811.684,0.11744,0.420414
2021-04-05 08:00:00,7945.152,0.23159,0.422668
2021-04-05 09:00:00,7982.402,0.344864,0.419805
2021-04-05 10:00:00,7942.857,0.439593,0.411373
2021-04-05 11:00:00,7864.335,0.502213,0.397568
2021-04-05 12:00:00,7786.572,0.524078,0.379211
2021-04-05 13:00:00,7742.764,0.502213,0.357642
2021-04-05 14:00:00,7759.782,0.439593,0.334547
2021-04-05 15:00:00,7857.663,0.344864,0.31174
2021-04-05 16:00:00,8037.646,0.23159,0.290924
2021-04-05 17:00:00,8262.665,0.11744,0.273475
2021-04-05 18:00:00,8454.342,0.025076,0.260265
2021-04-05 19:00:00,8527.174,0.0,0.251555
2021-04-05 20:00:00,8443.293,0.0,0.246978
2021-04-05 21:00:00,8239.489,0.0,0.245596
2021-04-05 22:00:00,7999.269,0.0,0.246041
2021-04-05 23:00:00,7797.214,0.0,0.246715
2021-04-06 00:00:00,7157.086,0.0,0.244693
2021-04-06 01:00:00,7003.546,0.0,0.241256
2021-04-06 02:00:00,6897.181,0.0,0.234132
2021-04-06 03:00:00,6888.818,0.0,0.222942
2021-04-06 04:00:00,7000.902,0.0,0.207935
2021-04-06 05:00:00,7210.903,0.0,0.189967
2021-04-06 06:00:00,7458.959,0.023124,0.170395
2021-04-06 07:00:00,7675.183,0.101942,0.150902
2021-04-06 08:00:00,7809.434,0.198461,0.133278
2021-04-06 09:00:00,7847.569,0.293906,0.119185
2021-04-06 10:00:00,7809.01,0.373577,0.109939
2021-04-06 11:00:00,7731.576,0.426188,0.106331
2021-04-06 12:00:00,7655.0,0.444549,0.10853
2021-04-06 13:00:00,7612.478,0.426188,0.116055
2021-04-06 14:00:00,7630.879,0.373577,0.127843
2021-04-06 15:00:00,7730.241,0.293906,0.142387
2021-04-06 16:00:00,7911.799,0.198461,0.15794
2021-04-06 17:00:00,8138.489,0.101942,0.172744
2021-04-06 18:00:00,8331.928,0.023124,0.185261
2021-04-06 19:00:00,8406.613,0.0,0.194374
2021-04-06 20:00:00,8324.675,0.0,0.19953
2021-04-06 21:00:00,8122.902,0.0,0.200803
2021-04-06 22:00:00,7884.798,0.0,0.198876
2021-04-06 23:00:00,7684.945,0.0,0.194936
2021-04-07 00:00:00,7047.055,0.0,0.189168
2021-04-07 01:00:00,6895.879,0.0,0.185872
2021-04-07 02:00:00,6791.957,0.0,0.185232
2021-04-07 03:00:00,6786.114,0.0,0.188427
2021-04-07 04:00:00,6900.791,0.0,0.196129
2021-04-07 05:00:00,7113.458,0.0,0.208399
2021-04-07 06:00:00,7364.25,0.026337,0.224664
2021-04-07 07:00:00,7583.277,0.109845,0.243789
2021-04-07 08:00:00,7720.397,0.211219,0.264212
2021-04-07 09:00:00,7761.463,0.311128,0.28415
2021-04-07 10:00:00,7725.896,0.394374,0.301827
2021-04-07 11:00:00,7651.511,0.449289,0.315707
2021-04-07 12:00:00,7578.041,0.468446,0.324695
2021-04-07 13:00:00,7538.676,0.449289,0.328277
2021-04-07 14:00:00,7560.284,0.394374,0.326587
2021-04-07 15:00:00,7662.9,0.311128,0.320384
2021-04-07 16:00:00,7847.758,0.211219,0.310945
2021-04-07 17:00:00,8077.788,0.109845,0.299899
2021-04-07 18:00:00,8274.607,0.026337,0.289002
2021-04-07 19:00:00,8352.707,0.0,0.279901
2021-04-07 20:00:00,8274.218,0.0,0.273922
2021-04-07 21:00:00,8075.923,0.0,0.271887
2021-04-07 22:00:00,7841.326,0.0,0.274017
2021-04-07 23:00:00,7645.002,0.0,0.279904
2021-04-08 00:00:00,7010.623,0.0,0.287236
2021-04-08 01:00:00,6863.017,0.0,0.297296
2021-04-08 02:00:00,6762.68,0.0,0.307124
2021-04-08 03:00:00,6760.434,0.0,0.315102
2021-04-08 04:00:00,6878.718,0.0,0.319847
2021-04-08 05:00:00,7094.997,0.0,0.320406
2021-04-08 06:00:00,7349.404,0.034829,0.3164
2021-04-08 07:00:00,7572.047,0.138031,0.308082
2021-04-08 08:00:00,7712.779,0.262279,0.296319
2021-04-08 09:00:00,7757.452,0.384333,0.28248
2021-04-08 10:00:00,7725.482,0.485848,0.268269
2021-04-08 11:00:00,7654.682,0.552749,0.255499
2021-04-08 12:00:00,7584.781,0.576076,0.245859
2021-04-08 13:00:00,7548.968,0.552749,0.240694
2021-04-08 14:00:00,7574.106,0.485848,0.24083
2021-04-08 15:00:00,7680.228,0.384333,0.24647
2021-04-08 16:00:00,7868.565,0.262279,0.257169
2021-04-08 17:00:00,8102.043,0.138031,0.271902
2021-04-08 18:00:00,8302.277,0.034829,0.2892
2021-04-08 19:00:00,8383.758,0.0,0.307354
2021-04-08 20:00:00,8308.609,0.0,0.324642
2021-04-08 21:00:00,8113.613,0.0,0.33956
2021-04-08 22:00:00,7882.27,0.0,0.351027
2021-04-08 23:00:00,7689.154,0.0,0.358517
2021-04-09 00:00:00,7057.895,0.0,0.36079
2021-04-09 01:00:00,6913.394,0.0,0.361239
2021-04-09 02:00:00,6816.107,0.0,0.359728
2021-04-09 03:00:00,6816.852,0.0,0.357791
2021-04-09 04:00:00,6938.068,0.0,0.357074
2021-04-09 05:00:00,7157.216,0.0,0.359098
2021-04-09 06:00:00,7414.426,0.042913,0.365045
2021-04-09 07:00:00,7639.805,0.162235,0.375583
2021-04-09 08:00:00,7783.203,0.304762,0.390764
2021-04-09 09:00:00,7830.47,0.444328,0.410004
2021-04-09 10:00:00,7801.019,0.560208,0.432147
2021-04-09 11:00:00,7732.662,0.6365,0.45561
2021-04-09 12:00:00,7665.125,0.66309,0.478581
2021-04-09 13:00:00,7631.596,0.6365,0.499255
2021-04-09 14:00:00,7658.936,0.560208,0.51606
2021-04-09 15:00:00,7767.175,0.444328,0.527864
2021-04-09 16:00:00,7957.542,0.304762,0.534112
2021-04-09 17:00:00,8192.963,0.162235,0.534895
2021-04-09 18:00:00,8395.05,0.042913,0.530927
2021-04-09 19:00:00,8478.293,0.0,0.523443
2021-04-09 20:00:00,8404.814,0.0,0.514024
2021-04-09 21:00:00,8211.393,0.0,0.504379
2021-04-09 22:00:00,7981.531,0.0,0.496115
2021-04-09 23:00:00,7789.798,0.0,0.490511
2021-04-10 00:00:00,6723.646,0.0,0.487002
2021-04-10 01:00:00,6580.331,0.0,0.488467
2021-04-10 02:00:00,6484.131,0.0,0.493114
2021-04-10 03:00:00,6485.863,0.0,0.499941
2021-04-10 04:00:00,6607.964,0.0,0.507524
2021-04-10 05:00:00,6827.894,0.0,0.51422
2021-04-10 06:00:00,7085.785,0.047134,0.518395
2021-04-10 07:00:00,7311.739,0.17057,0.518654
2021-04-10 08:00:00,7455.61,0.316907,0.514039
2021-04-10 09:00:00,7503.244,0.459762,0.504168
2021-04-10 10:00:00,7474.056,0.578173,0.489302
2021-04-10 11:00:00,7405.856,0.656056,0.470317
2021-04-10 12:00:00,7338.372,0.683188,0.448603
2021-04-10 13:00:00,7304.79,0.656056,0.425884
2021-04-10 14:00:00,7331.972,0.578173,0.404004
2021-04-10 15:00:00,7439.948,0.459762,0.384687
2021-04-10 16:00:00,7629.948,0.316907,0.369316
2021-04-10 17:00:00,7864.897,0.17057,0.358761
2021-04-10 18:00:00,8066.409,0.047134,0.353275
2021-04-10 19:00:00,8148.971,0.0,0.352464
2021-04-10 20:00:00,8074.71,0.0,0.355359
2021-04-10 21:00:00,7880.404,0.0,0.360551
2021-04-10 22:00:00,7649.555,0.0,0.366388
2021-04-10 23:00:00,7456.736,0.0,0.371213
2021-04-11 00:00:00,6825.516,0.0,0.372231
2021-04-11 01:00:00,6680.916,0.0,0.371129
2021-04-11 02:00:00,6583.332,0.0,0.366093
2021-04-11 03:00:00,6583.584,0.0,0.357286
2021-04-11 04:00:00,6704.109,0.0,0.345473
2021-04-11 05:00:00,6922.37,0.0,0.33192
2021-04-11 06:00:00,7178.498,0.050832,0.318216
2021-04-11 07:00:00,7402.599,0.176623,0.306056
2021-04-11 08:00:00,7544.526,0.324689,0.29701
2021-04-11 09:00:00,7590.13,0.468799,0.292301
2021-04-11 10:00:00,7558.825,0.588052,0.292636
2021-04-11 11:00:00,7488.425,0.666417,0.298099
2021-04-11 12:00:00,7418.657,0.693705,0.308133
2021-04-11 13:00:00,7382.71,0.666417,0.321604
2021-04-11 14:00:00,7407.45,0.588052,0.336945
2021-04-11 15:00:00,7512.906,0.468799,0.352356
2021-04-11 16:00:00,7700.312,0.324689,0.366033
2021-04-11 17:00:00,7932.596,0.176623,0.376406
2021-04-11 18:00:00,8131.371,0.050832,0.382335
2021-04-11 19:00:00,8211.13,0.0,0.383253
2021-04-11 20:00:00,8134.0,0.0,0.379235
2021-04-11 21:00:00,7936.763,0.0,0.370974
2021-04-11 22:00:00,7702.923,0.0,0.359678
2021-04-11 23:00:00,7507.053,0.0,0.346899
2021-04-12 00:00:00,7308.854,0.0,0.332958
2021-04-12 01:00:00,7161.096,0.0,0.322139
2021-04-12 02:00:00,7060.305,0.0,0.314329
2021-04-12 03:00:00,7057.302,0.0,0.310271
2021-04-12 04:00:00,7174.528,0.0,0.310108
2021-04-12 05:00:00,7389.448,0.0,0.313357
2021-04-12 06:00:00,7642.197,0.057484,0.318975
2021-04-12 07:00:00,7862.883,0.192311,0.325501
2021-04-12 08:00:00,8001.362,0.349929,0.331255
2021-04-12 09:00:00,8043.486,0.502892,0.334568
2021-04-12 10:00:00,8008.675,0.629266,0.334011
2021-04-12 11:00:00,7934.745,0.712234,0.328598
2021-04-12 12:00:00,7861.426,0.741113,0.317921
2021-04-12 13:00:00,7821.91,0.712234,0.30222
2021-04-12 14:00:00,7843.064,0.629266,0.282354
2021-04-12 15:00:00,7944.923,0.502892,0.259698
2021-04-12 16:00:00,8128.723,0.349929,0.23597
2021-04-12 17:00:00,8357.394,0.192311,0.21301
2021-04-12 18:00:00,8552.554,0.057484,0.192543
2021-04-12 19:00:00,8628.698,0.0,0.17596
2021-04-12 20:00:00,8547.955,0.0,0.164143
2021-04-12 21:00:00,8347.112,0.0,0.157359
2021-04-12 22:00:00,8109.674,0.0,0.155238
2021-04-12 23:00:00,7910.219,0.0,0.156833
2021-04-13 00:00:00,7272.283,0.0,0.159403
2021-04-13 01:00:00,7120.974,0.0,0.164055
2021-04-13 02:00:00,7016.653,0.0,0.167802
2021-04-13 03:00:00,7010.144,0.0,0.169244
2021-04-13 04:00:00,7123.891,0.0,0.167398
2021-04-13 05:00:00,7335.363,0.0,0.161848
2021-04-13 06:00:00,7584.696,0.063053,0.152797
2021-04-13 07:00:00,7802.003,0.203602,0.141057
2021-04-13 08:00:00,7937.141,0.36684,0.127932
2021-04-13 09:00:00,7975.966,0.524809,0.115055
2021-04-13 10:00:00,7937.901,0.655115,0.104161
2021-04-13 11:00:00,7860.763,0.740586,0.096857
2021-04-13 12:00:00,7784.286,0.770325,0.094402
2021-04-13 13:00:00,7741.666,0.740586,0.097534
2021-04-13 14:00:00,7759.77,0.655115,0.106366
2021-04-13 15:00:00,7858.638,0.524809,0.120363
2021-04-13 16:00:00,8039.506,0.36684,0.138412
2021-04-13 17:00:00,8265.308,0.203602,0.158958
2021-04-13 18:00:00,8457.665,0.063053,0.18021
2021-04-13 19:00:00,8531.073,0.0,0.200368
2021-04-13 20:00:00,8447.664,0.0,0.217859
2021-04-13 21:00:00,8244.227,0.0,0.231533
2021-04-13 22:00:00,8004.27,0.0,0.24081
2021-04-13 23:00:00,7802.373,0.0,0.245745
2021-04-14 00:00:00,7162.058,0.0,0.245637
2021-04-14 01:00:00,7008.465,0.0,0.244396
2021-04-14 02:00:00,6901.942,0.0,0.242171
2021-04-14 03:00:00,6893.317,0.0,0.240598
2021-04-14 04:00:00,7005.033,0.0,0.2412
2021-04-14 05:00:00,7214.562,0.0,0.245171
2021-04-14 06:00:00,7462.042,0.060648,0.253201
2021-04-14 07:00:00,7677.586,0.189453,0.265376
2021-04-14 08:00:00,7811.055,0.338118,0.281151
2021-04-14 09:00:00,7848.305,0.48159,0.299425
2021-04-14 10:00:00,7808.759,0.599755,0.318672
2021-04-14 11:00:00,7730.237,0.677196,0.337149
2021-04-14 12:00:00,7652.475,0.704129,0.353124
2021-04-14 13:00:00,7608.667,0.677196,0.365106
2021-04-14 14:00:00,7625.684,0.599755,0.372047
2021-04-14 15:00:00,7723.565,0.48159,0.373482
2021-04-14 16:00:00,7903.548,0.338118,0.369591
2021-04-14 17:00:00,8128.568,0.189453,0.361181
2021-04-14 18:00:00,8320.245,0.060648,0.349578
2021-04-14 19:00:00,8393.077,0.0,0.336455
2021-04-14 20:00:00,8309.196,0.0,0.323608
2021-04-14 21:00:00,8105.392,0.0,0.312729
2021-04-14 22:00:00,7865.172,0.0,0.305176
2021-04-14 23:00:00,7663.117,0.0,0.301807
2021-04-15 00:00:00,7022.739,0.0,0.301502
2021-04-15 01:00:00,6869.199,0.0,0.306611
2021-04-15 02:00:00,6762.834,0.0,0.314814
2021-04-15 03:00:00,6754.471,0.0,0.324729
2021-04-15 04:00:00,6866.555,0.0,0.334741
2021-04-15 05:00:00,7076.556,0.0,0.343236
2021-04-15 06:00:00,7324.612,0.051829,0.348828
2021-04-15 07:00:00,7540.836,0.156946,0.350554
2021-04-15 08:00:00,7675.087,0.277545,0.34802
2021-04-15 09:00:00,7713.222,0.393623,0.341461
2021-04-15 10:00:00,7674.663,0.489083,0.331717
2021-04-15 11:00:00,7597.229,0.55159,0.32013
2021-04-15 12:00:00,7520.653,0.573321,0.308368
2021-04-15 13:00:00,7478.131,0.55159,0.298209
2021-04-15 14:00:00,7496.532,0.489083,0.291298
2021-04-15 15:00:00,7595.894,0.393623,0.288938
2021-04-15 16:00:00,7777.452,0.277545,0.291909
2021-04-15 17:00:00,8004.141,0.156946,0.300365
2021-04-15 18:00:00,8197.581,0.051829,0.313813
2021-04-15 19:00:00,8272.266,0.0,0.331178
2021-04-15 20:00:00,8190.328,0.0,0.350944
2021-04-15 21:00:00,7988.554,0.0,0.371352
2021-04-15 22:00:00,7750.451,0.0,0.390636
2021-04-15 23:00:00,7550.597,0.0,0.407247
2021-04-16 00:00:00,6912.498,0.0,0.418691
2021-04-16 01:00:00,6761.322,0.0,0.427148
2021-04-16 02:00:00,6657.4,0.0,0.431315
2021-04-16 03:00:00,6651.557,0.0,0.431869
2021-04-16 04:00:00,6766.235,0.0,0.429992
2021-04-16 05:00:00,6978.901,0.0,0.4272
2021-04-16 06:00:00,7229.693,0.046731,0.425124
2021-04-16 07:00:00,7448.72,0.13743,0.425277
2021-04-16 08:00:00,7585.84,0.240892,0.428839
2021-04-16 09:00:00,7626.906,0.340218,0.43648
2021-04-16 10:00:00,7591.339,0.421782,0.448262
2021-04-16 11:00:00,7516.954,0.475145,0.463616
2021-04-16 12:00:00,7443.484,0.49369,0.481408
2021-04-16 13:00:00,7404.119,0.475145,0.500079
2021-04-16 14:00:00,7425.728,0.421782,0.51785
2021-04-16 15:00:00,7528.344,0.340218,0.532951
2021-04-16 16:00:00,7713.201,0.240892,0.543853
2021-04-16 17:00:00,7943.231,0.13743,0.549466
2021-04-16 18:00:00,8140.05,0.046731,0.549284
2021-04-16 19:00:00,8218.151,0.0,0.543449
2021-04-16 20:00:00,8139.661,0.0,0.532728
2021-04-16 21:00:00,7941.366,0.0,0.51841
2021-04-16 22:00:00,7706.769,0.0,0.502131
2021-04-16 23:00:00,7510.445,0.0,0.485658
2021-04-17 00:00:00,6439.748,0.0,0.469278
2021-04-17 01:00:00,6292.142,0.0,0.457072
2021-04-17 02:00:00,6191.805,0.0,0.448503
2021-04-17 03:00:00,6189.559,0.0,0.443802
2021-04-17 04:00:00,6307.843,0.0,0.442574
2021-04-17 05:00:00,6524.122,0.0,0.44386
2021-04-17 06:00:00,6778.529,0.051087,0.446277
2021-04-17 07:00:00,7001.172,0.146162,0.448217
2021-04-17 08:00:00,7141.904,0.25402,0.448076
2021-04-17 09:00:00,7186.577,0.357306,0.444485
2021-04-17 10:00:00,7154.607,0.442001,0.436504
2021-04-17 11:00:00,7083.807,0.497368,0.423767
2021-04-17 12:00:00,7013.906,0.516601,0.406543
2021-04-17 13:00:00,6978.093,0.497368,0.385709
2021-04-17 14:00:00,7003.232,0.442001,0.362652
2021-04-17 15:00:00,7109.353,0.357306,0.339089
2021-04-17 16:00:00,7297.69,0.25402,0.316845
2021-04-17 17:00:00,7531.168,0.146162,0.297626
2021-04-17 18:00:00,7731.402,0.051087,0.282788
2021-04-17 19:00:00,7812.883,0.0,0.273174
2021-04-17 20:00:00,7737.734,0.0,0.268998
2021-04-17 21:00:00,7542.738,0.0,0.269831
2021-04-17 22:00:00,7311.395,0.0,0.274661
2021-04-17 23:00:00,7118.279,0.0,0.282034
2021-04-18 00:00:00,6486.891,0.0,0.28888
2021-04-18 01:00:00,6342.389,0.0,0.296239
2021-04-18 02:00:00,6245.102,0.0,0.30125
2021-04-18 03:00:00,6245.847,0.0,0.302842
2021-04-18 04:00:00,6367.063,0.0,0.300506
2021-04-18 05:00:00,6586.211,0.0,0.294358
2021-04-18 06:00:00,6843.421,0.05914,0.28512
2021-04-18 07:00:00,7068.8,0.164866,0.274011
2021-04-18 08:00:00,7212.198,0.284175,0.262581
2021-04-18 09:00:00,7259.465,0.398149,0.25249
2021-04-18 10:00:00,7230.014,0.491478,0.245274
2021-04-18 11:00:00,7161.657,0.552439,0.242128
2021-04-18 12:00:00,7094.12,0.573609,0.243735
2021-04-18 13:00:00,7060.591,0.552439,0.25016
2021-04-18 14:00:00,7087.931,0.491478,0.260835
2021-04-18 15:00:00,7196.17,0.398149,0.274617
2021-04-18 16:00:00,7386.537,0.284175,0.289937
2021-04-18 17:00:00,7621.958,0.164866,0.304998
2021-04-18 18:00:00,7824.045,0.05914,0.318006
2021-04-18 19:00:00,7907.288,0.0,0.327406
2021-04-18 20:00:00,7833.809,0.0,0.332076
2021-04-18 21:00:00,7640.388,0.0,0.331477
2021-04-18 22:00:00,7410.526,0.0,0.32571
2021-04-18 23:00:00,7218.794,0.0,0.315504
2021-04-19 00:00:00,7024.847,0.0,0.300727
2021-04-19 01:00:00,6881.533,0.0,0.285725
2021-04-19 02:00:00,6785.333,0.0,0.270844
2021-04-19 03:00:00,6787.065,0.0,0.257698
2021-04-19 04:00:00,6909.166,0.0,0.247578
2021-04-19 05:00:00,7129.096,0.0,0.241276
2021-04-19 06:00:00,7386.986,0.063682,0.238984
2021-04-19 07:00:00,7612.941,0.173229,0.240266
2021-04-19 08:00:00,7756.811,0.296226,0.244125
2021-04-19 09:00:00,7804.445,0.413445,0.249147
2021-04-19 10:00:00,7775.257,0.509299,0.253693
2021-04-19 11:00:00,7707.058,0.571862,0.256135
2021-04-19 12:00:00,7639.574,0.593579,0.255081
2021-04-19 13:00:00,7605.992,0.571862,0.249576
2021-04-19 14:00:00,7633.174,0.509299,0.239241
2021-04-19 15:00:00,7741.15,0.413445,0.224338
2021-04-19 16:00:00,7931.15,0.296226,0.205744
2021-04-19 17:00:00,8166.099,0.173229,0.184847
2021-04-19 18:00:00,8367.61,0.063682,0.163372
2021-04-19 19:00:00,8450.173,0.0,0.14316
2021-04-19 20:00:00,8375.911,0.0,0.12593
2021-04-19 21:00:00,8181.606,0.0,0.113063
2021-04-19 22:00:00,7950.757,0.0,0.105424
2021-04-19 23:00:00,7757.937,0.0,0.103258
2021-04-20 00:00:00,7126.668,0.0,0.10479
2021-04-20 01:00:00,6982.068,0.0,0.111795
2021-04-20 02:00:00,6884.484,0.0,0.12148
2021-04-20 03:00:00,6884.736,0.0,0.132184
2021-04-20 04:00:00,7005.261,0.0,0.142239
2021-04-20 05:00:00,7223.521,0.0,0.150195
2021-04-20 06:00:00,7479.649,0.06786,0.15502
2021-04-20 07:00:00,7703.751,0.180365,0.156241
2021-04-20 08:00:00,7845.678,0.306069,0.154009
2021-04-20 09:00:00,7891.281,0.425591,0.149079
2021-04-20 10:00:00,7859.977,0.5232,0.1427
2021-04-20 11:00:00,7789.576,0.586859,0.136449
2021-04-20 12:00:00,7719.808,0.60895,0.132008
2021-04-20 13:00:00,7683.862,0.586859,0.130932
2021-04-20 14:00:00,7708.601,0.5232,0.13443
2021-04-20 15:00:00,7814.058,0.425591,0.143193
2021-04-20 16:00:00,8001.464,0.306069,0.157292
2021-04-20 17:00:00,8233.747,0.180365,0.176154
2021-04-20 18:00:00,8432.523,0.06786,0.19863
2021-04-20 19:00:00,8512.282,0.0,0.223138
2021-04-20 20:00:00,8435.152,0.0,0.247862
2021-04-20 21:00:00,8237.915,0.0,0.270984
2021-04-20 22:00:00,8004.074,0.0,0.290918
2021-04-20 23:00:00,7808.205,0.0,0.306509
2021-04-21 00:00:00,7173.847,0.0,0.315799
2021-04-21 01:00:00,7026.089,0.0,0.3216
2021-04-21 02:00:00,6925.298,0.0,0.323214
2021-04-21 03:00:00,6922.296,0.0,0.321835
2021-04-21 04:00:00,7039.521,0.0,0.319
2021-04-21 05:00:00,7254.442,0.00022,0.316373
2021-04-21 06:00:00,7507.19,0.079505,0.315507
2021-04-21 07:00:00,7727.876,0.206729,0.317634
2021-04-21 08:00:00,7866.355,0.348214,0.323482
2021-04-21 09:00:00,7908.479,0.482441,0.333181
2021-04-21 10:00:00,7873.669,0.591918,0.346232
2021-04-21 11:00:00,7799.738,0.663263,0.361579
2021-04-21 12:00:00,7726.419,0.688012,0.377748
2021-04-21 13:00:00,7686.903,0.663263,0.393045
2021-04-21 14:00:00,7708.057,0.591918,0.405787
2021-04-21 15:00:00,7809.917,0.482441,0.414533
2021-04-21 16:00:00,7993.716,0.348214,0.418281
2021-04-21 17:00:00,8222.387,0.206729,0.416613
2021-04-21 18:00:00,8417.547,0.079505,0.409754
2021-04-21 19:00:00,8493.691,0.00022,0.398549
2021-04-21 20:00:00,8412.948,0.0,0.384362
2021-04-21 21:00:00,8212.105,0.0,0.368897
2021-04-21 22:00:00,7974.667,0.0,0.353983
2021-04-21 23:00:00,7775.213,0.0,0.34133
2021-04-22 00:00:00,7137.306,0.0,0.33094
2021-04-22 01:00:00,6985.997,0.0,0.326438
2021-04-22 02:00:00,6881.676,0.0,0.326702
2021-04-22 03:00:00,6875.167,0.0,0.331348
2021-04-22 04:00:00,6988.915,0.0,0.33942
2021-04-22 05:00:00,7200.386,0.001075,0.349526
2021-04-22 06:00:00,7449.719,0.095957,0.360038
2021-04-22 07:00:00,7667.026,0.24437,0.369321
2021-04-22 08:00:00,7802.164,0.408679,0.375962
2021-04-22 09:00:00,7840.99,0.56422,0.378972
2021-04-22 10:00:00,7802.924,0.690921,0.377922
2021-04-22 11:00:00,7725.786,0.773432,0.373009
2021-04-22 12:00:00,7649.31,0.802044,0.365032
2021-04-22 13:00:00,7606.689,0.773432,0.355291
2021-04-22 14:00:00,7624.794,0.690921,0.345409
2021-04-22 15:00:00,7723.661,0.56422,0.337115
2021-04-22 16:00:00,7904.529,0.408679,0.33201
2021-04-22 17:00:00,8130.331,0.24437,0.331347
2021-04-22 18:00:00,8322.688,0.095957,0.335859
2021-04-22 19:00:00,8396.096,0.001075,0.345655
2021-04-22 20:00:00,8312.687,0.0,0.360198
2021-04-22 21:00:00,8109.251,0.0,0.37837
2021-04-22 22:00:00,7869.293,0.0,0.398617
2021-04-22 23:00:00,7667.396,0.0,0.419146
2021-04-23 00:00:00,7027.151,0.0,0.43678
2021-04-23 01:00:00,6873.558,0.0,0.452701
2021-04-23 02:00:00,6767.035,0.0,0.464385
2021-04-23 03:00:00,6758.41,0.0,0.471254
2021-04-23 04:00:00,6870.127,0.0,0.473366
2021-04-23 05:00:00,7079.655,0.002259,0.471392
2021-04-23 06:00:00,7327.135,0.103965,0.466515
2021-04-23 07:00:00,7542.68,0.259589,0.460257
2021-04-23 08:00:00,7676.148,0.431136,0.454261
2021-04-23 09:00:00,7713.398,0.593187,0.450058
2021-04-23 10:00:00,7673.852,0.725029,0.448851
2021-04-23 11:00:00,7595.331,0.810826,0.451341
2021-04-23 12:00:00,7517.568,0.840568,0.457621
2021-04-23 13:00:00,7473.76,0.810826,0.467162
2021-04-23 14:00:00,7490.777,0.725029,0.47887
2021-04-23 15:00:00,7588.659,0.593187,0.491236
2021-04-23 16:00:00,7768.642,0.431136,0.502527
2021-04-23 17:00:00,7993.661,0.259589,0.511026
2021-04-23 18:00:00,8185.338,0.103965,0.515257
2021-04-23 19:00:00,8258.17,0.002259,0.514185
2021-04-23 20:00:00,8174.289,0.0,0.50736
2021-04-23 21:00:00,7970.485,0.0,0.494979
2021-04-23 22:00:00,7730.265,0.0,0.477864
2021-04-23 23:00:00,7528.21,0.0,0.457356
2021-04-24 00:00:00,6451.794,0.0,0.433768
2021-04-24 01:00:00,6298.254,0.0,0.411666
2021-04-24 02:00:00,6191.889,0.0,0.39138
2021-04-24 03:00:00,6183.526,0.0,0.374287
2021-04-24 04:00:00,6295.61,0.0,0.361259
2021-04-24 05:00:00,6505.611,0.003244,0.352562
2021-04-24 06:00:00,6753.667,0.097225,0.347826
2021-04-24 07:00:00,6969.891,0.238249,0.346115
2021-04-24 08:00:00,7104.142,0.393058,0.346062
2021-04-24 09:00:00,7142.277,0.538997,0.346071
2021-04-24 10:00:00,7103.718,0.657588,0.344541
2021-04-24 11:00:00,7026.284,0.734709,0.340102
2021-04-24 12:00:00,6949.708,0.761435,0.331808
2021-04-24 13:00:00,6907.186,0.734709,0.31928
2021-04-24 14:00:00,6925.587,0.657588,0.302766
2021-04-24 15:00:00,7024.949,0.538997,0.283121
2021-04-24 16:00:00,7206.507,0.393058,0.261703
2021-04-24 17:00:00,7433.197,0.238249,0.240195
2021-04-24 18:00:00,7626.636,0.097225,0.220385
2021-04-24 19:00:00,7701.321,0.003244,0.203936
2021-04-24 20:00:00,7619.383,0.0,0.192162
2021-04-24 21:00:00,7417.609,0.0,0.185857
2021-04-24 22:00:00,7179.506,0.0,0.185188
2021-04-24 23:00:00,6979.653,0.0,0.189675
2021-04-25 00:00:00,6341.703,0.0,0.19688
2021-04-25 01:00:00,6190.527,0.0,0.208049
2021-04-25 02:00:00,6086.605,0.0,0.220062
2021-04-25 03:00:00,6080.762,0.0,0.231162
2021-04-25 04:00:00,6195.44,0.0,0.239814
2021-04-25 05:00:00,6408.106,0.003913,0.244905
2021-04-25 06:00:00,6658.898,0.085779,0.245885
2021-04-25 07:00:00,6877.925,0.206488,0.242833
2021-04-25 08:00:00,7015.045,0.338465,0.236437
2021-04-25 09:00:00,7056.111,0.462632,0.22789
2021-04-25 10:00:00,7020.544,0.563414,0.218718
2021-04-25 11:00:00,6946.159,0.628909,0.210562
2021-04-25 12:00:00,6872.689,0.651599,0.204945
2021-04-25 13:00:00,6833.324,0.628909,0.203055
2021-04-25 14:00:00,6854.933,0.563414,0.205575
2021-04-25 15:00:00,6957.549,0.462632,0.212573
2021-04-25 16:00:00,7142.406,0.338465,0.22349
2021-04-25 17:00:00,7372.436,0.206488,0.237199
2021-04-25 18:00:00,7569.255,0.085779,0.252151
2021-04-25 19:00:00,7647.356,0.003913,0.266574
2021-04-25 20:00:00,7568.866,0.0,0.278704
2021-04-25 21:00:00,7370.571,0.0,0.287019
2021-04-25 22:00:00,7135.974,0.0,0.290435
2021-04-25 23:00:00,6939.65,0.0,0.288453
2021-04-26 00:00:00,6741.439,0.0,0.279844
2021-04-26 01:00:00,6593.833,0.0,0.268128
2021-04-26 02:00:00,6493.496,0.0,0.253224
2021-04-26 03:00:00,6491.25,0.0,0.23677
2021-04-26 04:00:00,6609.534,0.0,0.220537
2021-04-26 05:00:00,6825.813,0.004776,0.206185
2021-04-26 06:00:00,7080.22,0.082113,0.19505
2021-04-26 07:00:00,7302.863,0.19434,0.187968
2021-04-26 08:00:00,7443.595,0.31657,0.185169
2021-04-26 09:00:00,7488.268,0.431346,0.186257
2021-04-26 10:00:00,7456.298,0.524398,0.19027
2021-04-26 11:00:00,7385.498,0.584831,0.195822
2021-04-26 12:00:00,7315.597,0.60576,0.201299
2021-04-26 13:00:00,7279.784,0.584831,0.205094
2021-04-26 14:00:00,7304.923,0.524398,0.20583
2021-04-26 15:00:00,7411.045,0.431346,0.202562
2021-04-26 16:00:00,7599.381,0.31657,0.194916
2021-04-26 17:00:00,7832.86,0.19434,0.18315
2021-04-26 18:00:00,8033.094,0.082113,0.168134
2021-04-26 19:00:00,8114.574,0.004776,0.151244
2021-04-26 20:00:00,8039.425,0.0,0.134185
2021-04-26 21:00:00,7844.429,0.0,0.118773
2021-04-26 22:00:00,7613.086,0.0,0.106698
2021-04-26 23:00:00,7419.97,0.0,0.099306
2021-04-27 00:00:00,6788.812,0.0,0.096051
2021-04-27 01:00:00,6644.31,0.0,0.099879
2021-04-27 02:00:00,6547.023,0.0,0.108974
2021-04-27 03:00:00,6547.768,0.0,0.122308
2021-04-27 04:00:00,6668.984,0.0,0.138411
2021-04-27 05:00:00,6888.132,0.005972,0.155571
2021-04-27 06:00:00,7145.342,0.084352,0.172064
2021-04-27 07:00:00,7370.721,0.19644,0.186384
2021-04-27 08:00:00,7514.119,0.318066,0.197446
2021-04-27 09:00:00,7561.386,0.432059,0.204722
2021-04-27 10:00:00,7531.935,0.524376,0.208312
2021-04-27 11:00:00,7463.578,0.584291,0.208918
2021-04-27 12:00:00,7396.041,0.605036,0.207744
2021-04-27 13:00:00,7362.512,0.584291,0.206322
2021-04-27 14:00:00,7389.852,0.524376,0.206294
2021-04-27 15:00:00,7498.091,0.432059,0.209179
2021-04-27 16:00:00,7688.458,0.318066,0.216156
2021-04-27 17:00:00,7923.879,0.19644,0.227889
2021-04-27 18:00:00,8125.966,0.084352,0.24443
2021-04-27 19:00:00,8209.209,0.005972,0.26519
2021-04-27 20:00:00,8135.73,0.0,0.289013
2021-04-27 21:00:00,7942.309,0.0,0.314313
2021-04-27 22:00:00,7712.447,0.0,0.339277
2021-04-27 23:00:00,7520.714,0.0,0.362098
2021-04-28 00:00:00,6890.889,0.0,0.379835
2021-04-28 01:00:00,6747.575,0.0,0.394091
2021-04-28 02:00:00,6651.375,0.0,0.402942
2021-04-28 03:00:00,6653.107,0.0,0.406478
2021-04-28 04:00:00,6775.208,0.0,0.405411
2021-04-28 05:00:00,6995.138,0.00687,0.400976
2021-04-28 06:00:00,7253.028,0.082365,0.394753
2021-04-28 07:00:00,7478.983,0.188883,0.38845
2021-04-28 08:00:00,7622.853,0.304052,0.383671
2021-04-28 09:00:00,7670.487,0.411797,0.381696
2021-04-28 10:00:00,7641.299,0.49896,0.383305
2021-04-28 11:00:00,7573.1,0.555494,0.388678
2021-04-28 12:00:00,7505.616,0.575063,0.397369
2021-04-28 13:00:00,7472.034,0.555494,0.408373
2021-04-28 14:00:00,7499.216,0.49896,0.420263
2021-04-28 15:00:00,7607.192,0.411797,0.431393
2021-04-28 16:00:00,7797.192,0.304052,0.440124
2021-04-28 17:00:00,8032.141,0.188883,0.445055
2021-04-28 18:00:00,8233.652,0.082365,0.445223
2021-04-28 19:00:00,8316.215,0.00687,0.440242
2021-04-28 20:00:00,8241.953,0.0,0.430363
2021-04-28 21:00:00,8047.648,0.0,0.416457
2021-04-28 22:00:00,7816.799,0.0,0.399904
2021-04-28 23:00:00,7623.979,0.0,0.382423
2021-04-29 00:00:00,6993.019,0.0,0.36448
2021-04-29 01:00:00,6848.419,0.0,0.350522
2021-04-29 02:00:00,6750.835,0.0,0.340555
2021-04-29 03:00:00,6751.087,0.0,0.335441
2021-04-29 04:00:00,6871.612,0.0,0.335419
2021-04-29 05:00:00,7089.873,0.007411,0.340085
2021-04-29 06:00:00,7346.001,0.077283,0.348458
2021-04-29 07:00:00,7570.102,0.174648,0.359115
2021-04-29 08:00:00,7712.029,0.279557,0.370395
2021-04-29 09:00:00,7757.633,0.37753,0.380625
2021-04-29 10:00:00,7726.328,0.456704,0.388352
2021-04-29 11:00:00,7655.927,0.508026,0.392544
2021-04-29 12:00:00,7586.16,0.525785,0.392727
2021-04-29 13:00:00,7550.213,0.508026,0.389051
2021-04-29 14:00:00,7574.953,0.456704,0.382271
2021-04-29 15:00:00,7680.409,0.37753,0.373638
2021-04-29 16:00:00,7867.815,0.279557,0.36473
2021-04-29 17:00:00,8100.098,0.174648,0.357232
2021-04-29 18:00:00,8298.874,0.077283,0.352702
2021-04-29 19:00:00,8378.633,0.007411,0.352353
2021-04-29 20:00:00,8301.503,0.0,0.356881
2021-04-29 21:00:00,8104.266,0.0,0.366362
2021-04-29 22:00:00,7870.425,0.0,0.380232
2021-04-29 23:00:00,7674.556,0.0,0.397347
2021-04-30 00:00:00,7040.547,0.0,0.414771
2021-04-30 01:00:00,6892.789,0.0,0.433422
2021-04-30 02:00:00,6791.998,0.0,0.450131
2021-04-30 03:00:00,6788.996,0.0,0.463321
2021-04-30 04:00:00,6906.222,0.0,0.471849
2021-04-30 05:00:00,7121.142,0.008961,0.475145
2021-04-30 06:00:00,7373.89,0.082841,0.473282
2021-04-30 07:00:00,7594.576,0.184606,0.46695
2021-04-30 08:00:00,7733.055,0.293892,0.457358
2021-04-30 09:00:00,7775.18,0.395776,0.446059
2021-04-30 10:00:00,7740.369,0.478027,0.43473
2021-04-30 11:00:00,7666.438,0.531312,0.424942
2021-04-30 12:00:00,7593.119,0.549745,0.417942
2021-04-30 13:00:00,7553.603,0.531312,0.414476
2021-04-30 14:00:00,7574.757,0.478027,0.414689
2021-04-30 15:00:00,7676.617,0.395776,0.418101
2021-04-30 16:00:00,7860.416,0.293892,0.423675
2021-04-30 17:00:00,8089.087,0.184606,0.429952
2021-04-30 18:00:00,8284.247,0.082841,0.435258
2021-04-30 19:00:00,8360.391,0.008961,0.437927
2021-04-30 20:00:00,8279.648,0.0,0.436536
2021-04-30 21:00:00,8078.805,0.0,0.430103
2021-04-30 22:00:00,7841.367,0.0,0.418227
2021-04-30 23:00:00,7641.913,0.0,0.40115
2021-05-01 00:00:00,6568.246,0.0,0.378377
2021-05-01 01:00:00,6416.937,0.0,0.354007
2021-05-01 02:00:00,6312.616,0.0,0.328405
2021-05-01 03:00:00,6306.107,0.0,0.303412
2021-05-01 04:00:00,6419.855,0.0,0.280759
2021-05-01 05:00:00,6631.326,0.012546,0.261841
2021-05-01 06:00:00,6880.659,0.104367,0.247543
2021-05-01 07:00:00,7097.966,0.229487,0.238137
2021-05-01 08:00:00,7233.104,0.363424,0.233254
2021-05-01 09:00:00,7271.93,0.488082,0.231952
2021-05-01 10:00:00,7233.864,0.588618,0.232854
2021-05-01 11:00:00,7156.726,0.65371,0.234345
2021-05-01 12:00:00,7080.25,0.676222,0.234804
2021-05-01 13:00:00,7037.629,0.65371,0.232832
2021-05-01 14:00:00,7055.734,0.588618,0.227451
2021-05-01 15:00:00,7154.601,0.488082,0.218243
2021-05-01 16:00:00,7335.469,0.363424,0.205417
2021-05-01 17:00:00,7561.271,0.229487,0.189784
2021-05-01 18:00:00,7753.628,0.104367,0.172653
2021-05-01 19:00:00,7827.036,0.012546,0.155658
2021-05-01 20:00:00,7743.627,0.0,0.140536
2021-05-01 21:00:00,7540.191,0.0,0.128899
2021-05-01 22:00:00,7300.233,0.0,0.122007
2021-05-01 23:00:00,7098.336,0.0,0.120601
2021-05-02 00:00:00,6458.519,0.0,0.123444
2021-05-02 01:00:00,6304.926,0.0,0.132716
2021-05-02 02:00:00,6198.403,0.0,0.145952
2021-05-02 03:00:00,6189.778,0.0,0.161603
2021-05-02 04:00:00,6301.494,0.0,0.177883
2021-05-02 05:00:00,6511.023,0.016802,0.192998
2021-05-02 06:00:00,6758.503,0.127325,0.205381
2021-05-02 07:00:00,6974.047,0.276416,0.213891
2021-05-02 08:00:00,7107.516,0.435521,0.217954
2021-05-02 09:00:00,7144.766,0.583364,0.217633
2021-05-02 10:00:00,7105.22,0.702484,0.213603
2021-05-02 11:00:00,7026.698,0.779564,0.207051
2021-05-02 12:00:00,6948.936,0.806214,0.199501
2021-05-02 13:00:00,6905.128,0.779564,0.192601
2021-05-02 14:00:00,6922.145,0.702484,0.187883
2021-05-02 15:00:00,7020.026,0.583364,0.186552
2021-05-02 16:00:00,7200.009,0.435521,0.189311
2021-05-02 17:00:00,7425.029,0.276416,0.196255
2021-05-02 18:00:00,7616.706,0.127325,0.206853
2021-05-02 19:00:00,7689.538,0.016802,0.220015
2021-05-02 20:00:00,7605.657,0.0,0.234228
2021-05-02 21:00:00,7401.853,0.0,0.24776
2021-05-02 22:00:00,7161.633,0.0,0.258892
2021-05-02 23:00:00,6959.578,0.0,0.266145
2021-05-03 00:00:00,6755.925,0.0,0.267132
2021-05-03 01:00:00,6602.385,0.0,0.264099
2021-05-03 02:00:00,6496.02,0.0,0.255889
2021-05-03 03:00:00,6487.657,0.0,0.243319
2021-05-03 04:00:00,6599.741,0.0,0.227725
2021-05-03 05:00:00,6809.742,0.01934,0.21079
2021-05-03 06:00:00,7057.798,0.134852,0.194319
2021-05-03 07:00:00,7274.022,0.289207,0.180012
2021-05-03 08:00:00,7408.273,0.45344,0.169236
2021-05-03 09:00:00,7446.408,0.605808,0.162855
2021-05-03 10:00:00,7407.849,0.728457,0.161123
2021-05-03 11:00:00,7330.415,0.807778,0.163661
2021-05-03 12:00:00,7253.839,0.835195,0.16952
2021-05-03 13:00:00,7211.317,0.807778,0.177323
2021-05-03 14:00:00,7229.718,0.728457,0.185458
2021-05-03 15:00:00,7329.08,0.605808,0.192314
2021-05-03 16:00:00,7510.638,0.45344,0.196503
2021-05-03 17:00:00,7737.328,0.289207,0.197066
2021-05-03 18:00:00,7930.767,0.134852,0.193608
2021-05-03 19:00:00,8005.452,0.01934,0.186361
2021-05-03 20:00:00,7923.514,0.0,0.176165
2021-05-03 21:00:00,7721.74,0.0,0.16436
2021-05-03 22:00:00,7483.637,0.0,0.152609
2021-05-03 23:00:00,7283.784,0.0,0.142687
2021-05-04 00:00:00,6646.34,0.0,0.13489
2021-05-04 01:00:00,6495.164,0.0,0.133206
2021-05-04 02:00:00,6391.242,0.0,0.137066
2021-05-04 03:00:00,6385.399,0.0,0.146617
2021-05-04 04:00:00,6500.076,0.0,0.161361
2021-05-04 05:00:00,6712.743,0.020006,0.180217
2021-05-04 06:00:00,6963.535,0.129446,0.201662
2021-05-04 07:00:00,7182.562,0.274395,0.223931
2021-05-04 08:00:00,7319.682,0.428177,0.24525
2021-05-04 09:00:00,7360.748,0.570632,0.264067
2021-05-04 10:00:00,7325.181,0.685197,0.279249
2021-05-04 11:00:00,7250.796,0.759249,0.29023
2021-05-04 12:00:00,7177.326,0.78484,0.297071
2021-05-04 13:00:00,7137.961,0.759249,0.300444
2021-05-04 14:00:00,7159.57,0.685197,0.301523
2021-05-04 15:00:00,7262.186,0.570632,0.301821
2021-05-04 16:00:00,7447.043,0.428177,0.302961
2021-05-04 17:00:00,7677.073,0.274395,0.306453
2021-05-04 18:00:00,7873.892,0.129446,0.313471
2021-05-04 19:00:00,7951.993,0.020006,0.324681
2021-05-04 20:00:00,7873.503,0.0,0.340141
2021-05-04 21:00:00,7675.208,0.0,0.359278
2021-05-04 22:00:00,7440.611,0.0,0.380952
2021-05-04 23:00:00,7244.287,0.0,0.403603
2021-05-05 00:00:00,6610.473,0.0,0.424108
2021-05-05 01:00:00,6462.867,0.0,0.443373
2021-05-05 02:00:00,6362.53,0.0,0.458527
2021-05-05 03:00:00,6360.284,0.0,0.468476
2021-05-05 04:00:00,6478.568,0.0,0.472711
2021-05-05 05:00:00,6694.847,0.020878,0.471371
2021-05-05 06:00:00,6949.254,0.126261,0.46522
2021-05-05 07:00:00,7171.897,0.264676,0.455543
2021-05-05 08:00:00,7312.629,0.41112,0.443973
2021-05-05 09:00:00,7357.302,0.546577,0.432274
2021-05-05 10:00:00,7325.332,0.655416,0.422101
2021-05-05 11:00:00,7254.532,0.725732,0.414784
2021-05-05 12:00:00,7184.631,0.750024,0.411157
2021-05-05 13:00:00,7148.818,0.725732,0.411444
2021-05-05 14:00:00,7173.957,0.655416,0.415245
2021-05-05 15:00:00,7280.078,0.546577,0.421595
2021-05-05 16:00:00,7468.415,0.41112,0.429104
2021-05-05 17:00:00,7701.893,0.264676,0.43616
2021-05-05 18:00:00,7902.127,0.126261,0.441149
2021-05-05 19:00:00,7983.608,0.020878,0.442695
2021-05-05 20:00:00,7908.459,0.0,0.439851
2021-05-05 21:00:00,7713.463,0.0,0.432241
2021-05-05 22:00:00,7482.12,0.0,0.420125
2021-05-05 23:00:00,7289.004,0.0,0.404371
2021-05-06 00:00:00,6658.429,0.0,0.385021
2021-05-06 01:00:00,6513.928,0.0,0.36645
2021-05-06 02:00:00,6416.64,0.0,0.349141
2021-05-06 03:00:00,6417.386,0.0,0.334786
2021-05-06 04:00:00,6538.601,0.0,0.324733
2021-05-06 05:00:00,6757.749,0.022585,0.31981
2021-05-06 06:00:00,7014.96,0.128451,0.320222
2021-05-06 07:00:00,7240.339,0.266411,0.325529
2021-05-06 08:00:00,7383.737,0.411984,0.334707
2021-05-06 09:00:00,7431.003,0.546442,0.34629
2021-05-06 10:00:00,7401.553,0.654385,0.358573
2021-05-06 11:00:00,7333.196,0.724086,0.369837
2021-05-06 12:00:00,7265.659,0.748161,0.378583
2021-05-06 13:00:00,7232.129,0.724086,0.383731
2021-05-06 14:00:00,7259.469,0.654385,0.384763
2021-05-06 15:00:00,7367.708,0.546442,0.381786
2021-05-06 16:00:00,7558.075,0.411984,0.375512
2021-05-06 17:00:00,7793.496,0.266411,0.367155
2021-05-06 18:00:00,7995.584,0.128451,0.358257
2021-05-06 19:00:00,8078.826,0.022585,0.35047
2021-05-06 20:00:00,8005.347,0.0,0.345326
2021-05-06 21:00:00,7811.927,0.0,0.344016
2021-05-06 22:00:00,7582.064,0.0,0.347217
2021-05-06 23:00:00,7390.332,0.0,0.354994
2021-05-07 00:00:00,6761.129,0.0,0.365443
2021-05-07 01:00:00,6617.815,0.0,0.380083
2021-05-07 02:00:00,6521.615,0.0,0.396014
2021-05-07 03:00:00,6523.347,0.0,0.411438
2021-05-07 04:00:00,6645.448,0.0,0.424563
2021-05-07 05:00:00,6865.378,0.022913,0.433836
2021-05-07 06:00:00,7123.268,0.123211,0.438139
2021-05-07 07:00:00,7349.223,0.252949,0.436935
2021-05-07 08:00:00,7493.093,0.389493,0.43033
2021-05-07 09:00:00,7540.727,0.515436,0.419057
2021-05-07 10:00:00,7511.539,0.61646,0.404367
2021-05-07 11:00:00,7443.34,0.68166,0.387859
2021-05-07 12:00:00,7375.856,0.704175,0.371261
2021-05-07 13:00:00,7342.274,0.68166,0.356195
2021-05-07 14:00:00,7369.456,0.61646,0.343958
2021-05-07 15:00:00,7477.432,0.515436,0.335352
2021-05-07 16:00:00,7667.432,0.389493,0.330574
2021-05-07 17:00:00,7902.381,0.252949,0.329196
2021-05-07 18:00:00,8103.892,0.123211,0.330231
2021-05-07 19:00:00,8186.455,0.022913,0.332271
2021-05-07 20:00:00,8112.193,0.0,0.333686
2021-05-07 21:00:00,7917.888,0.0,0.332855
2021-05-07 22:00:00,7687.039,0.0,0.328394
2021-05-07 23:00:00,7494.219,0.0,0.319356
2021-05-08 00:00:00,6427.772,0.0,0.304046
2021-05-08 01:00:00,6283.171,0.0,0.285379
2021-05-08 02:00:00,6185.587,0.0,0.262916
2021-05-08 03:00:00,6185.839,0.0,0.238052
2021-05-08 04:00:00,6306.364,0.0,0.212518
2021-05-08 05:00:00,6524.625,0.020629,0.188159
2021-05-08 06:00:00,6780.753,0.105375,0.166702
2021-05-08 07:00:00,7004.855,0.214228,0.149532
2021-05-08 08:00:00,7146.782,0.328508,0.137519
2021-05-08 09:00:00,7192.385,0.433775,0.130914
2021-05-08 10:00:00,7161.08,0.518143,0.129321
2021-05-08 11:00:00,7090.68,0.572568,0.131768
2021-05-08 12:00:00,7020.912,0.591358,0.136841
2021-05-08 13:00:00,6984.966,0.572568,0.142884
2021-05-08 14:00:00,7009.705,0.518143,0.148232
2021-05-08 15:00:00,7115.162,0.433775,0.151439
2021-05-08 16:00:00,7302.568,0.328508,0.151476
2021-05-08 17:00:00,7534.851,0.214228,0.147875
2021-05-08 18:00:00,7733.626,0.105375,0.14079
2021-05-08 19:00:00,7813.386,0.020629,0.130979
2021-05-08 20:00:00,7736.255,0.0,0.119696
2021-05-08 21:00:00,7539.019,0.0,0.108523
2021-05-08 22:00:00,7305.178,0.0,0.099145
2021-05-08 23:00:00,7109.308,0.0,0.093122
2021-05-09 00:00:00,6475.999,0.0,0.090351
2021-05-09 01:00:00,6328.241,0.0,0.094163
2021-05-09 02:00:00,6227.45,0.0,0.103317
2021-05-09 03:00:00,6224.447,0.0,0.117247
2021-05-09 04:00:00,6341.673,0.0,0.13481
2021-05-09 05:00:00,6556.593,0.018751,0.154432
2021-05-09 06:00:00,6809.342,0.091365,0.174303
2021-05-09 07:00:00,7030.028,0.184018,0.192613
2021-05-09 08:00:00,7168.507,0.281057,0.207786
2021-05-09 09:00:00,7210.631,0.370326,0.218673
2021-05-09 10:00:00,7175.82,0.441816,0.224704
2021-05-09 11:00:00,7101.89,0.487912,0.225946
2021-05-09 12:00:00,7028.57,0.503823,0.223086
2021-05-09 13:00:00,6989.054,0.487912,0.217329
2021-05-09 14:00:00,7010.209,0.441816,0.210222
2021-05-09 15:00:00,7112.068,0.370326,0.203439
2021-05-09 16:00:00,7295.868,0.281057,0.198544
2021-05-09 17:00:00,7524.539,0.184018,0.196777
2021-05-09 18:00:00,7719.699,0.091365,0.19888
2021-05-09 19:00:00,7795.843,0.018751,0.204988
2021-05-09 20:00:00,7715.1,0.0,0.214616
2021-05-09 21:00:00,7514.257,0.0,0.226718
2021-05-09 22:00:00,7276.819,0.0,0.239826
2021-05-09 23:00:00,7077.364,0.0,0.252256
2021-05-10 00:00:00,6876.732,0.0,0.261026
2021-05-10 01:00:00,6725.423,0.0,0.267319
2021-05-10 02:00:00,6621.101,0.0,0.268834
2021-05-10 03:00:00,6614.593,0.0,0.265158
2021-05-10 04:00:00,6728.34,0.0,0.256522
2021-05-10 05:00:00,6939.812,0.021294,0.243777
2021-05-10 06:00:00,7189.145,0.099332,0.228292
2021-05-10 07:00:00,7406.451,0.198282,0.211774
2021-05-10 08:00:00,7541.589,0.301677,0.196054
2021-05-10 09:00:00,7580.415,0.396672,0.182846
2021-05-10 10:00:00,7542.35,0.47269,0.17353
2021-05-10 11:00:00,7465.212,0.521683,0.168976
2021-05-10 12:00:00,7388.735,0.538591,0.169438
2021-05-10 13:00:00,7346.114,0.521683,0.174534
2021-05-10 14:00:00,7364.219,0.47269,0.183303
2021-05-10 15:00:00,7463.087,0.396672,0.19435
2021-05-10 16:00:00,7643.955,0.301677,0.206044
2021-05-10 17:00:00,7869.757,0.198282,0.216744
2021-05-10 18:00:00,8062.113,0.099332,0.225035
2021-05-10 19:00:00,8135.521,0.021294,0.229919
2021-05-10 20:00:00,8052.112,0.0,0.23096
2021-05-10 21:00:00,7848.676,0.0,0.22835
2021-05-10 22:00:00,7608.718,0.0,0.222879
2021-05-10 23:00:00,7406.821,0.0,0.215839
2021-05-11 00:00:00,6767.779,0.0,0.207543
2021-05-11 01:00:00,6614.186,0.0,0.202315
2021-05-11 02:00:00,6507.663,0.0,0.200445
2021-05-11 03:00:00,6499.038,0.0,0.203176
2021-05-11 04:00:00,6610.755,0.0,0.211233
2021-05-11 05:00:00,6820.283,0.02759,0.224715
2021-05-11 06:00:00,7067.763,0.123614,0.243075
2021-05-11 07:00:00,7283.307,0.244647,0.265188
2021-05-11 08:00:00,7416.776,0.370836,0.289489
2021-05-11 09:00:00,7454.026,0.486632,0.314177
2021-05-11 10:00:00,7414.48,0.579226,0.337442
2021-05-11 11:00:00,7335.959,0.638876,0.357705
2021-05-11 12:00:00,7258.196,0.659457,0.37381
2021-05-11 13:00:00,7214.388,0.638876,0.385172
2021-05-11 14:00:00,7231.405,0.579226,0.391841
2021-05-11 15:00:00,7329.286,0.486632,0.394482
2021-05-11 16:00:00,7509.27,0.370836,0.39427
2021-05-11 17:00:00,7734.289,0.244647,0.39272
2021-05-11 18:00:00,7925.966,0.123614,0.391471
2021-05-11 19:00:00,7998.798,0.02759,0.392048
2021-05-11 20:00:00,7914.917,0.0,0.395648
2021-05-11 21:00:00,7711.113,0.0,0.402966
2021-05-11 22:00:00,7470.893,0.0,0.414093
2021-05-11 23:00:00,7268.838,0.0,0.428494
2021-05-12 00:00:00,6629.85,0.0,0.443777
2021-05-12 01:00:00,6476.31,0.0,0.461016
2021-05-12 02:00:00,6369.945,0.0,0.477182
2021-05-12 03:00:00,6361.582,0.0,0.490554
2021-05-12 04:00:00,6473.666,0.0,0.49965
2021-05-12 05:00:00,6683.667,0.032998,0.503433
2021-05-12 06:00:00,6931.723,0.142422,0.501449
2021-05-12 07:00:00,7147.947,0.279567,0.49389
2021-05-12 08:00:00,7282.198,0.422248,0.481575
2021-05-12 09:00:00,7320.333,0.553023,0.46584
2021-05-12 10:00:00,7281.773,0.657519,0.448371
2021-05-12 11:00:00,7204.339,0.724808,0.430975
2021-05-12 12:00:00,7127.764,0.748019,0.415354
2021-05-12 13:00:00,7085.242,0.724808,0.40288
2021-05-12 14:00:00,7103.643,0.657519,0.394419
2021-05-12 15:00:00,7203.004,0.553023,0.390229
2021-05-12 16:00:00,7384.563,0.422248,0.389937
2021-05-12 17:00:00,7611.252,0.279567,0.392598
2021-05-12 18:00:00,7804.691,0.142422,0.396838
2021-05-12 19:00:00,7879.377,0.032998,0.401054
2021-05-12 20:00:00,7797.439,0.0,0.403638
2021-05-12 21:00:00,7595.665,0.0,0.40321
2021-05-12 22:00:00,7357.562,0.0,0.398818
2021-05-12 23:00:00,7157.708,0.0,0.390071
2021-05-13 00:00:00,6521.114,0.0,0.375925
2021-05-13 01:00:00,6369.939,0.0,0.359799
2021-05-13 02:00:00,6266.016,0.0,0.341753
2021-05-13 03:00:00,6260.173,0.0,0.323462
2021-05-13 04:00:00,6374.851,0.0,0.306706
2021-05-13 05:00:00,6587.518,0.035492,0.293139
2021-05-13 06:00:00,6838.309,0.147953,0.284066
2021-05-13 07:00:00,7057.337,0.28815,0.280272
2021-05-13 08:00:00,7194.456,0.433707,0.281916
2021-05-13 09:00:00,7235.523,0.566964,0.288511
2021-05-13 10:00:00,7199.956,0.67337,0.298986
2021-05-13 11:00:00,7125.571,0.74186,0.31183
2021-05-13 12:00:00,7052.1,0.765481,0.325292
2021-05-13 13:00:00,7012.736,0.74186,0.337609
2021-05-13 14:00:00,7034.344,0.67337,0.347241
2021-05-13 15:00:00,7136.96,0.566964,0.35307
2021-05-13 16:00:00,7321.818,0.433707,0.354544
2021-05-13 17:00:00,7551.848,0.28815,0.351739
2021-05-13 18:00:00,7748.666,0.147953,0.345339
2021-05-13 19:00:00,7826.767,0.035492,0.336538
2021-05-13 20:00:00,7748.278,0.0,0.32686
2021-05-13 21:00:00,7549.983,0.0,0.317947
2021-05-13 22:00:00,7315.385,0.0,0.311325
2021-05-13 23:00:00,7119.062,0.0,0.308183
2021-05-14 00:00:00,6486.135,0.0,0.30793
2021-05-14 01:00:00,6338.528,0.0,0.313193
2021-05-14 02:00:00,6238.191,0.0,0.32214
2021-05-14 03:00:00,6235.945,0.0,0.33365
2021-05-14 04:00:00,6354.229,0.0,0.34618
2021-05-14 05:00:00,6570.508,0.038035,0.357965
2021-05-14 06:00:00,6824.916,0.15351,0.367249
2021-05-14 07:00:00,7047.559,0.296732,0.372518
2021-05-14 08:00:00,7188.291,0.445135,0.372697
2021-05-14 09:00:00,7232.963,0.580847,0.367296
2021-05-14 10:00:00,7200.993,0.68914,0.356469
2021-05-14 11:00:00,7130.194,0.758816,0.341
2021-05-14 12:00:00,7060.293,0.782841,0.322189
2021-05-14 13:00:00,7024.48,0.758816,0.301688
2021-05-14 14:00:00,7049.618,0.68914,0.281276
2021-05-14 15:00:00,7155.74,0.580847,0.262624
2021-05-14 16:00:00,7344.077,0.445135,0.247078
2021-05-14 17:00:00,7577.555,0.296732,0.235486
2021-05-14 18:00:00,7777.789,0.15351,0.228088
2021-05-14 19:00:00,7859.269,0.038035,0.224497
2021-05-14 20:00:00,7784.12,0.0,0.22376
2021-05-14 21:00:00,7589.125,0.0,0.224502
2021-05-14 22:00:00,7357.782,0.0,0.22512
2021-05-14 23:00:00,7164.666,0.0,0.224012
2021-05-15 00:00:00,6098.866,0.0,0.218544
2021-05-15 01:00:00,5954.365,0.0,0.210315
2021-05-15 02:00:00,5857.077,0.0,0.197689
2021-05-15 03:00:00,5857.823,0.0,0.180933
2021-05-15 04:00:00,5979.039,0.0,0.160923
2021-05-15 05:00:00,6198.187,0.042738,0.139041
2021-05-15 06:00:00,6455.397,0.167365,0.116999
2021-05-15 07:00:00,6680.776,0.321194,0.096617
2021-05-15 08:00:00,6824.174,0.480282,0.079591
2021-05-15 09:00:00,6871.44,0.62561,0.067271
2021-05-15 10:00:00,6841.99,0.741499,0.06049
2021-05-15 11:00:00,6773.633,0.816034,0.059452
2021-05-15 12:00:00,6706.096,0.84173,0.063717
2021-05-15 13:00:00,6672.567,0.816034,0.072262
2021-05-15 14:00:00,6699.907,0.741499,0.083619
2021-05-15 15:00:00,6808.145,0.62561,0.096082
2021-05-15 16:00:00,6998.513,0.480282,0.107928
2021-05-15 17:00:00,7233.934,0.321194,0.117657
2021-05-15 18:00:00,7436.021,0.167365,0.124186
2021-05-15 19:00:00,7519.263,0.042738,0.126991
2021-05-15 20:00:00,7445.784,0.0,0.126175
2021-05-15 21:00:00,7252.364,0.0,0.122446
2021-05-15 22:00:00,7022.502,0.0,0.11701
2021-05-15 23:00:00,6830.769,0.0,0.111405
2021-05-16 00:00:00,6202.527,0.0,0.106019
2021-05-16 01:00:00,6059.213,0.0,0.104892
2021-05-16 02:00:00,5963.012,0.0,0.10795
2021-05-16 03:00:00,5964.745,0.0,0.115865
2021-05-16 04:00:00,6086.845,0.0,0.12869
2021-05-16 05:00:00,6306.776,0.045998,0.145847
2021-05-16 06:00:00,6564.666,0.175127,0.166184
2021-05-16 07:00:00,6790.621,0.333782,0.188122
2021-05-16 08:00:00,6934.491,0.497558,0.209856
2021-05-16 09:00:00,6982.125,0.647015,0.229584
2021-05-16 10:00:00,6952.937,0.766121,0.245743
2021-05-16 11:00:00,6884.738,0.842696,0.257205
2021-05-16 12:00:00,6817.254,0.869091,0.263423
2021-05-16 13:00:00,6783.672,0.842696,0.264494
2021-05-16 14:00:00,6810.854,0.766121,0.261139
2021-05-16 15:00:00,6918.83,0.647015,0.254598
2021-05-16 16:00:00,7108.829,0.497558,0.24646
2021-05-16 17:00:00,7343.779,0.333782,0.23844
2021-05-16 18:00:00,7545.29,0.175127,0.232149
2021-05-16 19:00:00,7627.853,0.045998,0.228873
2021-05-16 20:00:00,7553.591,0.0,0.229398
2021-05-16 21:00:00,7359.286,0.0,0.233911
2021-05-16 22:00:00,7128.437,0.0,0.24197
2021-05-16 23:00:00,6935.617,0.0,0.252574
2021-05-17 00:00:00,6742.462,0.0,0.263053
2021-05-17 01:00:00,6597.862,0.0,0.274261
2021-05-17 02:00:00,6500.278,0.0,0.283312
2021-05-17 03:00:00,6500.53,0.0,0.288809
2021-05-17 04:00:00,6621.055,0.0,0.289788
2021-05-17 05:00:00,6839.316,0.043164,0.285862
2021-05-17 06:00:00,7095.444,0.160064,0.277285
2021-05-17 07:00:00,7319.546,0.303065,0.264924
2021-05-17 08:00:00,7461.473,0.450423,0.250159
2021-05-17 09:00:00,7507.076,0.584762,0.234702
2021-05-17 10:00:00,7475.771,0.691755,0.220384
2021-05-17 11:00:00,7405.371,0.760516,0.208912
2021-05-17 12:00:00,7335.603,0.784214,0.201657
2021-05-17 13:00:00,7299.657,0.760516,0.199471
2021-05-17 14:00:00,7324.396,0.691755,0.202586
2021-05-17 15:00:00,7429.853,0.584762,0.210591
2021-05-17 16:00:00,7617.259,0.450423,0.222496
2021-05-17 17:00:00,7849.542,0.303065,0.236869
2021-05-17 18:00:00,8048.317,0.160064,0.252039
2021-05-17 19:00:00,8128.077,0.043164,0.266323
2021-05-17 20:00:00,8050.946,0.0,0.278259
2021-05-17 21:00:00,7853.71,0.0,0.286801
2021-05-17 22:00:00,7619.869,0.0,0.291466
2021-05-17 23:00:00,7423.999,0.0,0.292392
2021-05-18 00:00:00,6791.722,0.0,0.289084
2021-05-18 01:00:00,6643.965,0.0,0.285259
2021-05-18 02:00:00,6543.173,0.0,0.281245
2021-05-18 03:00:00,6540.171,0.0,0.278715
2021-05-18 04:00:00,6657.397,0.0,0.279215
2021-05-18 05:00:00,6872.317,0.036316,0.283948
2021-05-18 06:00:00,7125.065,0.13139,0.2936
2021-05-18 07:00:00,7345.751,0.247211,0.308236
2021-05-18 08:00:00,7484.23,0.366356,0.32728
2021-05-18 09:00:00,7526.355,0.47487,0.349581
2021-05-18 10:00:00,7491.544,0.561243,0.373555
2021-05-18 11:00:00,7417.613,0.616734,0.397386
2021-05-18 12:00:00,7344.294,0.635855,0.419259
2021-05-18 13:00:00,7304.778,0.616734,0.437589
2021-05-18 14:00:00,7325.932,0.561243,0.451226
2021-05-18 15:00:00,7427.792,0.47487,0.459594
2021-05-18 16:00:00,7611.592,0.366356,0.462758
2021-05-18 17:00:00,7840.262,0.247211,0.461403
2021-05-18 18:00:00,8035.422,0.13139,0.456733
2021-05-18 19:00:00,8111.566,0.036316,0.450294
2021-05-18 20:00:00,8030.823,0.0,0.443761
2021-05-18 21:00:00,7829.98,0.0,0.4387
2021-05-18 22:00:00,7592.542,0.0,0.436353
2021-05-18 23:00:00,7393.088,0.0,0.437463
2021-05-19 00:00:00,6757.376,0.0,0.440943
2021-05-19 01:00:00,6606.067,0.0,0.448768
2021-05-19 02:00:00,6501.745,0.0,0.458666
2021-05-19 03:00:00,6495.237,0.0,0.46918
2021-05-19 04:00:00,6608.984,0.0,0.478628
2021-05-19 05:00:00,6820.455,0.032786,0.485345
2021-05-19 06:00:00,7069.788,0.115907,0.487904
2021-05-19 07:00:00,7287.095,0.216767,0.485319
2021-05-19 08:00:00,7422.233,0.320353,0.477187
2021-05-19 09:00:00,7461.059,0.414609,0.463745
2021-05-19 10:00:00,7422.993,0.48959,0.445856
2021-05-19 11:00:00,7345.856,0.537746,0.424896
2021-05-19 12:00:00,7269.379,0.554336,0.402584
2021-05-19 13:00:00,7226.758,0.537746,0.380759
2021-05-19 14:00:00,7244.863,0.48959,0.361146
2021-05-19 15:00:00,7343.73,0.414609,0.345135
2021-05-19 16:00:00,7524.599,0.320353,0.333607
2021-05-19 17:00:00,7750.401,0.216767,0.326828
2021-05-19 18:00:00,7942.757,0.115907,0.324425
2021-05-19 19:00:00,8016.165,0.032786,0.32545
2021-05-19 20:00:00,7932.756,0.0,0.328519
2021-05-19 21:00:00,7729.32,0.0,0.332013
2021-05-19 22:00:00,7489.362,0.0,0.334303
2021-05-19 23:00:00,7287.465,0.0,0.333984
2021-05-20 00:00:00,6649.526,0.0,0.328856
2021-05-20 01:00:00,6495.934,0.0,0.320929
2021-05-20 02:00:00,6389.411,0.0,0.309189
2021-05-20 03:00:00,6380.786,0.0,0.294441
2021-05-20 04:00:00,6492.502,0.0,0.277988
2021-05-20 05:00:00,6702.031,0.035646,0.26146
2021-05-20 06:00:00,6949.511,0.123315,0.246589
2021-05-20 07:00:00,7165.055,0.229295,0.23498
2021-05-20 08:00:00,7298.524,0.337967,0.227893
2021-05-20 09:00:00,7335.773,0.436764,0.226064
2021-05-20 10:00:00,7296.228,0.515313,0.229607
2021-05-20 11:00:00,7217.706,0.565744,0.237991
2021-05-20 12:00:00,7139.944,0.583116,0.250104
2021-05-20 13:00:00,7096.136,0.565744,0.264396
2021-05-20 14:00:00,7113.153,0.515313,0.279081
2021-05-20 15:00:00,7211.034,0.436764,0.292367
2021-05-20 16:00:00,7391.017,0.337967,0.302688
2021-05-20 17:00:00,7616.037,0.229295,0.308903
2021-05-20 18:00:00,7807.714,0.123315,0.310445
2021-05-20 19:00:00,7880.546,0.035646,0.307378
2021-05-20 20:00:00,7796.665,0.0,0.300384
2021-05-20 21:00:00,7592.861,0.0,0.290653
2021-05-20 22:00:00,7352.641,0.0,0.279719
2021-05-20 23:00:00,7150.586,0.0,0.269234
2021-05-21 00:00:00,6512.736,0.0,0.259535
2021-05-21 01:00:00,6359.196,0.0,0.254246
2021-05-21 02:00:00,6252.831,0.0,0.252872
2021-05-21 03:00:00,6244.469,0.0,0.25552
2021-05-21 04:00:00,6356.553,0.0,0.26167
2021-05-21 05:00:00,6566.553,0.040274,0.270241
2021-05-21 06:00:00,6814.609,0.136518,0.279732
2021-05-21 07:00:00,7030.833,0.252448,0.288423
2021-05-21 08:00:00,7165.084,0.371145,0.294606
2021-05-21 09:00:00,7203.219,0.478962,0.296816
2021-05-21 10:00:00,7164.66,0.564638,0.294027
2021-05-21 11:00:00,7087.226,0.619626,0.285797
2021-05-21 12:00:00,7010.65,0.638565,0.272332
2021-05-21 13:00:00,6968.128,0.619626,0.25446
2021-05-21 14:00:00,6986.529,0.564638,0.23353
2021-05-21 15:00:00,7085.891,0.478962,0.211236
2021-05-21 16:00:00,7267.45,0.371145,0.189397
2021-05-21 17:00:00,7494.139,0.252448,0.169721
2021-05-21 18:00:00,7687.578,0.136518,0.153587
2021-05-21 19:00:00,7762.263,0.040274,0.141871
2021-05-21 20:00:00,7680.325,0.0,0.134834
2021-05-21 21:00:00,7478.552,0.0,0.132109
2021-05-21 22:00:00,7240.448,0.0,0.132755
2021-05-21 23:00:00,7040.595,0.0,0.135402
2021-05-22 00:00:00,5969.026,0.0,0.137253
2021-05-22 01:00:00,5817.85,0.0,0.139091
2021-05-22 02:00:00,5713.928,0.0,0.138344
2021-05-22 03:00:00,5708.085,0.0,0.134055
2021-05-22 04:00:00,5822.763,0.0,0.125837
2021-05-22 05:00:00,6035.429,0.042343,0.113926
2021-05-22 06:00:00,6286.221,0.140815,0.099167
2021-05-22 07:00:00,6505.249,0.259028,0.082903
2021-05-22 08:00:00,6642.368,0.379887,0.066803
2021-05-22 09:00:00,6683.435,0.489577,0.052642
2021-05-22 10:00:00,6647.867,0.576696,0.042068
2021-05-22 11:00:00,6573.483,0.632594,0.036379
2021-05-22 12:00:00,6500.012,0.651843,0.036352
2021-05-22 13:00:00,6460.647,0.632594,0.042139
2021-05-22 14:00:00,6482.256,0.576696,0.053243
2021-05-22 15:00:00,6584.872,0.489577,0.068585
2021-05-22 16:00:00,6769.73,0.379887,0.086644
2021-05-22 17:00:00,6999.76,0.259028,0.105657
2021-05-22 18:00:00,7196.578,0.140815,0.123852
2021-05-22 19:00:00,7274.679,0.042343,0.139678
2021-05-22 20:00:00,7196.189,0.0,0.152005
2021-05-22 21:00:00,6997.895,0.0,0.16027
2021-05-22 22:00:00,6763.297,0.0,0.164535
2021-05-22 23:00:00,6566.974,0.0,0.165475
2021-05-23 00:00:00,5935.254,0.0,0.163087
2021-05-23 01:00:00,5787.648,0.0,0.161248
2021-05-23 02:00:00,5687.311,0.0,0.160405
2021-05-23 03:00:00,5685.065,0.0,0.162069
2021-05-23 04:00:00,5803.349,0.0,0.16742
2021-05-23 05:00:00,6019.628,0.044805,0.177127
2021-05-23 06:00:00,6274.035,0.146353,0.191251
2021-05-23 07:00:00,6496.678,0.267865,0.209225
2021-05-23 08:00:00,6637.41,0.391926,0.229913
2021-05-23 09:00:00,6682.083,0.504431,0.25176
2021-05-23 10:00:00,6650.113,0.593743,0.272986
2021-05-23 11:00:00,6579.313,0.651031,0.291823
2021-05-23 12:00:00,6509.412,0.670756,0.306741
2021-05-23 13:00:00,6473.599,0.651031,0.316654
2021-05-23 14:00:00,6498.738,0.593743,0.321056
2021-05-23 15:00:00,6604.86,0.504431,0.320089
2021-05-23 16:00:00,6793.196,0.391926,0.314521
2021-05-23 17:00:00,7026.675,0.267865,0.30564
2021-05-23 18:00:00,7226.909,0.146353,0.295083
2021-05-23 19:00:00,7308.389,0.044805,0.284614
2021-05-23 20:00:00,7233.24,0.0,0.275891
2021-05-23 21:00:00,7038.244,0.0,0.270245
2021-05-23 22:00:00,6806.901,0.0,0.26851
2021-05-23 23:00:00,6613.785,0.0,0.270911
2021-05-24 00:00:00,6421.524,0.0,0.275875
2021-05-24 01:00:00,6277.023,0.0,0.284778
2021-05-24 02:00:00,6179.735,0.0,0.295057
2021-05-24 03:00:00,6180.481,0.0,0.305095
2021-05-24 04:00:00,6301.697,0.0,0.313276
2021-05-24 05:00:00,6520.845,0.052524,0.318219
2021-05-24 06:00:00,6778.055,0.168695,0.31897
2021-05-24 07:00:00,7003.434,0.307281,0.315148
2021-05-24 08:00:00,7146.832,0.448585,0.307005
2021-05-24 09:00:00,7194.099,0.57663,0.295403
2021-05-24 10:00:00,7164.648,0.67823,0.281708
2021-05-24 11:00:00,7096.291,0.743381,0.267618
2021-05-24 12:00:00,7028.754,0.765811,0.254939
2021-05-24 13:00:00,6995.225,0.743381,0.245354
2021-05-24 14:00:00,7022.565,0.67823,0.240198
2021-05-24 15:00:00,7130.803,0.57663,0.24029
2021-05-24 16:00:00,7321.171,0.448585,0.245822
2021-05-24 17:00:00,7556.592,0.307281,0.256342
2021-05-24 18:00:00,7758.679,0.168695,0.270813
2021-05-24 19:00:00,7841.922,0.052524,0.287757
2021-05-24 20:00:00,7768.442,0.0,0.305456
2021-05-24 21:00:00,7575.022,0.0,0.322178
2021-05-24 22:00:00,7345.16,0.0,0.336411
2021-05-24 23:00:00,7153.427,0.0,0.347063
2021-05-25 00:00:00,6526.461,0.0,0.352445
2021-05-25 01:00:00,6383.146,0.0,0.354967
2021-05-25 02:00:00,6286.946,0.0,0.354172
2021-05-25 03:00:00,6288.678,0.0,0.351262
2021-05-25 04:00:00,6410.779,0.0,0.347768
2021-05-25 05:00:00,6630.709,0.062646,0.345331
2021-05-25 06:00:00,6888.6,0.198045,0.345472
2021-05-25 07:00:00,7114.554,0.359097,0.349373
2021-05-25 08:00:00,7258.425,0.523101,0.357703
2021-05-25 09:00:00,7306.058,0.671607,0.370516
2021-05-25 10:00:00,7276.871,0.789389,0.387233
2021-05-25 11:00:00,7208.671,0.864896,0.406703
2021-05-25 12:00:00,7141.187,0.890888,0.427349
2021-05-25 13:00:00,7107.605,0.864896,0.44737
2021-05-25 14:00:00,7134.787,0.789389,0.464967
2021-05-25 15:00:00,7242.763,0.671607,0.478582
2021-05-25 16:00:00,7432.763,0.523101,0.487092
2021-05-25 17:00:00,7667.712,0.359097,0.489957
2021-05-25 18:00:00,7869.224,0.198045,0.48728
2021-05-25 19:00:00,7951.786,0.062646,0.479791
2021-05-25 20:00:00,7877.525,0.0,0.468739
2021-05-25 21:00:00,7683.219,0.0,0.455721
2021-05-25 22:00:00,7452.37,0.0,0.442462
2021-05-25 23:00:00,7259.551,0.0,0.430585
2021-05-26 00:00:00,6631.557,0.0,0.42024
2021-05-26 01:00:00,6486.956,0.0,0.414518
2021-05-26 02:00:00,6389.372,0.0,0.412469
2021-05-26 03:00:00,6389.625,0.0,0.413666
2021-05-26 04:00:00,6510.149,0.0,0.417121
2021-05-26 05:00:00,6728.41,0.066431,0.421424
2021-05-26 06:00:00,6984.538,0.206905,0.424947
2021-05-26 07:00:00,7208.64,0.373535,0.426066
2021-05-26 08:00:00,7350.567,0.543013,0.423397
2021-05-26 09:00:00,7396.17,0.696369,0.415991
2021-05-26 10:00:00,7364.865,0.817943,0.403476
2021-05-26 11:00:00,7294.465,0.895861,0.386119
2021-05-26 12:00:00,7224.697,0.92268,0.364802
2021-05-26 13:00:00,7188.751,0.895861,0.340919
2021-05-26 14:00:00,7213.49,0.817943,0.316198
2021-05-26 15:00:00,7318.947,0.696369,0.292483
2021-05-26 16:00:00,7506.353,0.543013,0.271498
2021-05-26 17:00:00,7738.636,0.373535,0.254625
2021-05-26 18:00:00,7937.412,0.206905,0.242733
2021-05-26 19:00:00,8017.171,0.066431,0.236067
2021-05-26 20:00:00,7940.04,0.0,0.234232
2021-05-26 21:00:00,7742.804,0.0,0.236251
2021-05-26 22:00:00,7508.963,0.0,0.240707
2021-05-26 23:00:00,7313.094,0.0,0.245943
2021-05-27 00:00:00,6682.158,0.0,0.249159
2021-05-27 01:00:00,6534.401,0.0,0.251169
2021-05-27 02:00:00,6433.609,0.0,0.249811
2021-05-27 03:00:00,6430.607,0.0,0.244614
2021-05-27 04:00:00,6547.833,0.0,0.235733
2021-05-27 05:00:00,6762.753,0.061016,0.223923
2021-05-27 06:00:00,7015.501,0.187401,0.210439
2021-05-27 07:00:00,7236.187,0.336928,0.19686
2021-05-27 08:00:00,7374.666,0.488834,0.184873
2021-05-27 09:00:00,7416.791,0.626197,0.17604
2021-05-27 10:00:00,7381.98,0.735048,0.171576
2021-05-27 11:00:00,7308.049,0.804794,0.172181
2021-05-27 12:00:00,7234.73,0.828797,0.177933
2021-05-27 13:00:00,7195.214,0.804794,0.188271
2021-05-27 14:00:00,7216.368,0.735048,0.202056
2021-05-27 15:00:00,7318.228,0.626197,0.217718
2021-05-27 16:00:00,7502.027,0.488834,0.233455
2021-05-27 17:00:00,7730.698,0.336928,0.247464
2021-05-27 18:00:00,7925.858,0.187401,0.258175
2021-05-27 19:00:00,8002.002,0.061016,0.264449
2021-05-27 20:00:00,7921.259,0.0,0.265723
2021-05-27 21:00:00,7720.416,0.0,0.262075
2021-05-27 22:00:00,7482.978,0.0,0.254203
2021-05-27 23:00:00,7283.524,0.0,0.243321
2021-05-28 00:00:00,6649.185,0.0,0.229871
2021-05-28 01:00:00,6497.876,0.0,0.217773
2021-05-28 02:00:00,6393.555,0.0,0.207487
2021-05-28 03:00:00,6387.047,0.0,0.200265
2021-05-28 04:00:00,6500.794,0.0,0.19686
2021-05-28 05:00:00,6712.265,0.05361,0.197423
2021-05-28 06:00:00,6961.598,0.162507,0.20148
2021-05-28 07:00:00,7178.905,0.291025,0.207998
2021-05-28 08:00:00,7314.043,0.421444,0.215523
2021-05-28 09:00:00,7352.869,0.539302,0.222385
2021-05-28 10:00:00,7314.803,0.632659,0.226922
2021-05-28 11:00:00,7237.665,0.692463,0.227713
2021-05-28 12:00:00,7161.189,0.713042,0.223776
2021-05-28 13:00:00,7118.568,0.692463,0.214712
2021-05-28 14:00:00,7136.673,0.632659,0.200762
2021-05-28 15:00:00,7235.54,0.539302,0.18279
2021-05-28 16:00:00,7416.408,0.421444,0.162173
2021-05-28 17:00:00,7642.211,0.291025,0.140629
2021-05-28 18:00:00,7834.567,0.162507,0.119999
2021-05-28 19:00:00,7907.975,0.05361,0.102004
2021-05-28 20:00:00,7824.566,0.0,0.088033
2021-05-28 21:00:00,7621.13,0.0,0.078963
2021-05-28 22:00:00,7381.172,0.0,0.075054
2021-05-28 23:00:00,7179.275,0.0,0.07593
2021-05-29 00:00:00,6106.594,0.0,0.079532
2021-05-29 01:00:00,5953.002,0.0,0.086677
2021-05-29 02:00:00,5846.479,0.0,0.094633
2021-05-29 03:00:00,5837.854,0.0,0.101765
2021-05-29 04:00:00,5949.57,0.0,0.106656
2021-05-29 05:00:00,6159.099,0.051332,0.108313
2021-05-29 06:00:00,6406.579,0.153698,0.106303
2021-05-29 07:00:00,6622.123,0.274224,0.100816
2021-05-29 08:00:00,6755.591,0.396406,0.092645
2021-05-29 09:00:00,6792.841,0.506752,0.083081
2021-05-29 10:00:00,6753.296,0.594126,0.073739
2021-05-29 11:00:00,6674.774,0.650084,0.066339
2021-05-29 12:00:00,6597.011,0.669337,0.062472
2021-05-29 13:00:00,6553.203,0.650084,0.063382
2021-05-29 14:00:00,6570.221,0.594126,0.069792
2021-05-29 15:00:00,6668.102,0.506752,0.0818
2021-05-29 16:00:00,6848.085,0.396406,0.098859
2021-05-29 17:00:00,7073.105,0.274224,0.119843
2021-05-29 18:00:00,7264.781,0.153698,0.143185
2021-05-29 19:00:00,7337.613,0.051332,0.167084
2021-05-29 20:00:00,7253.733,0.0,0.189732
2021-05-29 21:00:00,7049.928,0.0,0.209546
2021-05-29 22:00:00,6809.708,0.0,0.225372
2021-05-29 23:00:00,6607.653,0.0,0.236625
2021-05-30 00:00:00,5971.242,0.0,0.242265
2021-05-30 01:00:00,5817.702,0.0,0.245135
2021-05-30 02:00:00,5711.337,0.0,0.245324
2021-05-30 03:00:00,5702.974,0.0,0.244347
2021-05-30 04:00:00,5815.058,0.0,0.243843
2021-05-30 05:00:00,6025.059,0.051911,0.245338
2021-05-30 06:00:00,6273.115,0.153646,0.250031
2021-05-30 07:00:00,6489.339,0.273166,0.258618
2021-05-30 08:00:00,6623.59,0.394206,0.271191
2021-05-30 09:00:00,6661.725,0.503458,0.287215
2021-05-30 10:00:00,6623.166,0.589933,0.305596
2021-05-30 11:00:00,6545.731,0.645304,0.324819
2021-05-30 12:00:00,6469.156,0.664354,0.34315
2021-05-30 13:00:00,6426.634,0.645304,0.358867
2021-05-30 14:00:00,6445.035,0.589933,0.370492
2021-05-30 15:00:00,6544.396,0.503458,0.376985
2021-05-30 16:00:00,6725.955,0.394206,0.377893
2021-05-30 17:00:00,6952.644,0.273166,0.373406
2021-05-30 18:00:00,7146.083,0.153646,0.364342
2021-05-30 19:00:00,7220.769,0.051911,0.352037
2021-05-30 20:00:00,7138.831,0.0,0.338171
2021-05-30 21:00:00,6937.057,0.0,0.324551
2021-05-30 22:00:00,6698.954,0.0,0.312874
2021-05-30 23:00:00,6499.1,0.0,0.304507
2021-05-31 00:00:00,6301.297,0.0,0.299237
2021-05-31 01:00:00,6150.122,0.0,0.299466
2021-05-31 02:00:00,6046.199,0.0,0.30374
2021-05-31 03:00:00,6040.356,0.0,0.311105
2021-05-31 04:00:00,6155.034,0.0,0.320182
2021-05-31 05:00:00,6367.701,0.049384,0.329356
2021-05-31 06:00:00,6618.492,0.144594,0.337012
2021-05-31 07:00:00,6837.52,0.256215,0.341761
2021-05-31 08:00:00,6974.639,0.369149,0.342638
2021-05-31 09:00:00,7015.706,0.471027,0.339244
2021-05-31 10:00:00,6980.139,0.551639,0.331807
2021-05-31 11:00:00,6905.754,0.603244,0.321163
2021-05-31 12:00:00,6832.283,0.620997,0.308646
2021-05-31 13:00:00,6792.919,0.603244,0.295918
2021-05-31 14:00:00,6814.527,0.551639,0.284748
2021-05-31 15:00:00,6917.143,0.471027,0.276774
2021-05-31 16:00:00,7102.001,0.369149,0.273289
2021-05-31 17:00:00,7332.031,0.256215,0.275065
2021-05-31 18:00:00,7528.849,0.144594,0.282249
2021-05-31 19:00:00,7606.95,0.049384,0.294339
2021-05-31 20:00:00,7528.461,0.0,0.310253
2021-05-31 21:00:00,7330.166,0.0,0.328466
2021-05-31 22:00:00,7095.568,0.0,0.347215
2021-05-31 23:00:00,6899.245,0.0,0.364726
2021-06-01 00:00:00,6269.025,0.0,0.378387
2021-06-01 01:00:00,6121.419,0.0,0.38919
2021-06-01 02:00:00,6021.082,0.0,0.395511
2021-06-01 03:00:00,6018.836,0.0,0.397417
2021-06-01 04:00:00,6137.12,0.0,0.395584
2021-06-01 05:00:00,6353.399,0.045641,0.391196
2021-06-01 06:00:00,6607.806,0.13229,0.38577
2021-06-01 07:00:00,6830.449,0.233675,0.380942
2021-06-01 08:00:00,6971.181,0.33616,0.37823
2021-06-01 09:00:00,7015.854,0.428565,0.378819
2021-06-01 10:00:00,6983.884,0.501656,0.383389
2021-06-01 11:00:00,6913.084,0.548439,0.39201
2021-06-01 12:00:00,6843.183,0.56453,0.404124
2021-06-01 13:00:00,6807.37,0.548439,0.418606
2021-06-01 14:00:00,6832.509,0.501656,0.433913
2021-06-01 15:00:00,6938.631,0.428565,0.448277
2021-06-01 16:00:00,7126.967,0.33616,0.459942
2021-06-01 17:00:00,7360.446,0.233675,0.467394
2021-06-01 18:00:00,7560.68,0.13229,0.469559
2021-06-01 19:00:00,7642.16,0.045641,0.465945
2021-06-01 20:00:00,7567.011,0.0,0.456711
2021-06-01 21:00:00,7372.015,0.0,0.44264
2021-06-01 22:00:00,7140.672,0.0,0.425034
2021-06-01 23:00:00,6947.556,0.0,0.405548
2021-06-02 00:00:00,6320.677,0.0,0.384918
2021-06-02 01:00:00,6176.176,0.0,0.366906
2021-06-02 02:00:00,6078.888,0.0,0.351818
2021-06-02 03:00:00,6079.634,0.0,0.340502
2021-06-02 04:00:00,6200.85,0.0,0.333201
2021-06-02 05:00:00,6419.997,0.049086,0.32953
2021-06-02 06:00:00,6677.208,0.140937,0.32854
2021-06-02 07:00:00,6902.587,0.24821,0.328856
2021-06-02 08:00:00,7045.985,0.356556,0.328878
2021-06-02 09:00:00,7093.251,0.454197,0.327006
2021-06-02 10:00:00,7063.801,0.531406,0.321875
2021-06-02 11:00:00,6995.444,0.580814,0.312549
2021-06-02 12:00:00,6927.907,0.597808,0.298661
2021-06-02 13:00:00,6894.378,0.580814,0.28048
2021-06-02 14:00:00,6921.718,0.531406,0.258884
2021-06-02 15:00:00,7029.956,0.454197,0.235253
2021-06-02 16:00:00,7220.324,0.356556,0.2113
2021-06-02 17:00:00,7455.745,0.24821,0.188846
2021-06-02 18:00:00,7657.832,0.140937,0.169588
2021-06-02 19:00:00,7741.074,0.049086,0.154876
2021-06-02 20:00:00,7667.595,0.0,0.145542
2021-06-02 21:00:00,7474.175,0.0,0.141792
2021-06-02 22:00:00,7244.313,0.0,0.143185
2021-06-02 23:00:00,7052.58,0.0,0.148699
2021-06-03 00:00:00,6427.173,0.0,0.15584
2021-06-03 01:00:00,6283.859,0.0,0.164958
2021-06-03 02:00:00,6187.659,0.0,0.173304
2021-06-03 03:00:00,6189.391,0.0,0.179379
2021-06-03 04:00:00,6311.492,0.0,0.182102
2021-06-03 05:00:00,6531.422,0.061548,0.180953
2021-06-03 06:00:00,6789.313,0.175168,0.176037
2021-06-03 07:00:00,7015.267,0.307636,0.168065
2021-06-03 08:00:00,7159.137,0.441324,0.15825
2021-06-03 09:00:00,7206.771,0.561745,0.148131
2021-06-03 10:00:00,7177.583,0.656939,0.139362
2021-06-03 11:00:00,7109.384,0.717847,0.133473
2021-06-03 12:00:00,7041.9,0.738794,0.131652
2021-06-03 13:00:00,7008.318,0.717847,0.13458
2021-06-03 14:00:00,7035.5,0.656939,0.14232
2021-06-03 15:00:00,7143.476,0.561745,0.154299
2021-06-03 16:00:00,7333.476,0.441324,0.169376
2021-06-03 17:00:00,7568.425,0.307636,0.185983
2021-06-03 18:00:00,7769.936,0.175168,0.202322
2021-06-03 19:00:00,7852.499,0.061548,0.216606
2021-06-03 20:00:00,7778.237,0.0,0.227279
2021-06-03 21:00:00,7583.932,0.0,0.233229
2021-06-03 22:00:00,7353.083,0.0,0.233917
2021-06-03 23:00:00,7160.264,0.0,0.229455
2021-06-04 00:00:00,6533.859,0.0,0.219564
2021-06-04 01:00:00,6389.259,0.0,0.207521
2021-06-04 02:00:00,6291.675,0.0,0.193915
2021-06-04 03:00:00,6291.927,0.0,0.180476
2021-06-04 04:00:00,6412.452,0.0,0.168825
2021-06-04 05:00:00,6630.713,0.073583,0.160263
2021-06-04 06:00:00,6886.841,0.207712,0.155588
2021-06-04 07:00:00,7110.942,0.363839,0.154999
2021-06-04 08:00:00,7252.869,0.521285,0.158067
2021-06-04 09:00:00,7298.473,0.663044,0.163802
2021-06-04 10:00:00,7267.168,0.775076,0.170793
2021-06-04 11:00:00,7196.767,0.846745,0.177407
2021-06-04 12:00:00,7127.0,0.871391,0.182018
2021-06-04 13:00:00,7091.053,0.846745,0.183238
2021-06-04 14:00:00,7115.792,0.775076,0.180111
2021-06-04 15:00:00,7221.249,0.663044,0.17226
2021-06-04 16:00:00,7408.655,0.521285,0.159943
2021-06-04 17:00:00,7640.938,0.363839,0.144036
2021-06-04 18:00:00,7839.714,0.207712,0.125924
2021-06-04 19:00:00,7919.473,0.073583,0.107324
2021-06-04 20:00:00,7842.343,0.0,0.09007
2021-06-04 21:00:00,7645.106,0.0,0.075876
2021-06-04 22:00:00,7411.265,0.0,0.066111
2021-06-04 23:00:00,7215.396,0.0,0.06163
2021-06-05 00:00:00,6149.931,0.0,0.061671
2021-06-05 01:00:00,6002.173,0.0,0.067817
2021-06-05 02:00:00,5901.382,0.0,0.078079
2021-06-05 03:00:00,5898.379,0.0,0.091025
2021-06-05 04:00:00,6015.605,0.0,0.104983
2021-06-05 05:00:00,6230.525,0.076303,0.118268
2021-06-05 06:00:00,6483.274,0.213758,0.129415
2021-06-05 07:00:00,6703.96,0.373516,0.137376
2021-06-05 08:00:00,6842.439,0.53451,0.141663
2021-06-05 09:00:00,6884.563,0.679405,0.142414
2021-06-05 10:00:00,6849.752,0.793885,0.140366
2021-06-05 11:00:00,6775.822,0.867109,0.136755
2021-06-05 12:00:00,6702.502,0.892287,0.133145
2021-06-05 13:00:00,6662.986,0.867109,0.131204
2021-06-05 14:00:00,6684.141,0.793885,0.132475
2021-06-05 15:00:00,6786.0,0.679405,0.138156
2021-06-05 16:00:00,6969.8,0.53451,0.14893
2021-06-05 17:00:00,7198.471,0.373516,0.164857
2021-06-05 18:00:00,7393.631,0.213758,0.185358
2021-06-05 19:00:00,7469.775,0.076303,0.209278
2021-06-05 20:00:00,7389.032,0.0,0.23503
2021-06-05 21:00:00,7188.189,0.0,0.260795
2021-06-05 22:00:00,6950.751,0.0,0.284755
2021-06-05 23:00:00,6751.296,0.0,0.305323
2021-06-06 00:00:00,6118.605,0.0,0.320365
2021-06-06 01:00:00,5967.296,0.0,0.331264
2021-06-06 02:00:00,5862.974,0.0,0.337102
2021-06-06 03:00:00,5856.466,0.0,0.338563
2021-06-06 04:00:00,5970.213,0.0,0.336849
2021-06-06 05:00:00,6181.685,0.072532,0.333504
2021-06-06 06:00:00,6431.018,0.201772,0.330201
2021-06-06 07:00:00,6648.324,0.35177,0.328504
2021-06-06 08:00:00,6783.462,0.50283,0.329655
2021-06-06 09:00:00,6822.288,0.638733,0.334395
2021-06-06 10:00:00,6784.223,0.746082,0.342862
2021-06-06 11:00:00,6707.085,0.814734,0.354574
2021-06-06 12:00:00,6630.608,0.838339,0.368485
2021-06-06 13:00:00,6587.987,0.814734,0.383133
2021-06-06 14:00:00,6606.092,0.746082,0.396837
2021-06-06 15:00:00,6704.96,0.638733,0.407926
2021-06-06 16:00:00,6885.828,0.50283,0.41497
2021-06-06 17:00:00,7111.63,0.35177,0.41698
2021-06-06 18:00:00,7303.986,0.201772,0.413547
2021-06-06 19:00:00,7377.394,0.072532,0.404906
2021-06-06 20:00:00,7293.986,0.0,0.391911
2021-06-06 21:00:00,7090.549,0.0,0.375933
2021-06-06 22:00:00,6850.592,0.0,0.358685
2021-06-06 23:00:00,6648.694,0.0,0.341998
2021-06-07 00:00:00,6449.985,0.0,0.326627
2021-06-07 01:00:00,6296.392,0.0,0.315879
2021-06-07 02:00:00,6189.869,0.0,0.309664
2021-06-07 03:00:00,6181.244,0.0,0.308237
2021-06-07 04:00:00,6292.961,0.0,0.311216
2021-06-07 05:00:00,6502.49,0.07071,0.317642
2021-06-07 06:00:00,6749.969,0.195432,0.32612
2021-06-07 07:00:00,6965.514,0.34,0.33502
2021-06-07 08:00:00,7098.982,0.485504,0.342701
2021-06-07 09:00:00,7136.232,0.61636,0.347748
2021-06-07 10:00:00,7096.686,0.7197,0.349163
2021-06-07 11:00:00,7018.165,0.785779,0.34651
2021-06-07 12:00:00,6940.402,0.808498,0.339981
2021-06-07 13:00:00,6896.594,0.785779,0.330368
2021-06-07 14:00:00,6913.611,0.7197,0.318962
2021-06-07 15:00:00,7011.493,0.61636,0.30738
2021-06-07 16:00:00,7191.476,0.485504,0.297341
2021-06-07 17:00:00,7416.495,0.34,0.290441
2021-06-07 18:00:00,7608.172,0.195432,0.287926
2021-06-07 19:00:00,7681.004,0.07071,0.290521
2021-06-07 20:00:00,7597.123,0.0,0.298331
2021-06-07 21:00:00,7393.319,0.0,0.310814
2021-06-07 22:00:00,7153.099,0.0,0.326848
2021-06-07 23:00:00,6951.044,0.0,0.344875
2021-06-08 00:00:00,6316.335,0.0,0.362154
2021-06-08 01:00:00,6162.795,0.0,0.378779
2021-06-08 02:00:00,6056.43,0.0,0.392229
2021-06-08 03:00:00,6048.067,0.0,0.40136
2021-06-08 04:00:00,6160.151,0.0,0.405598
2021-06-08 05:00:00,6370.152,0.071271,0.405004
2021-06-08 06:00:00,6618.208,0.195817,0.400255
2021-06-08 07:00:00,6834.432,0.340008,0.392541
2021-06-08 08:00:00,6968.683,0.485052,0.383391
2021-06-08 09:00:00,7006.818,0.615451,0.374458
2021-06-08 10:00:00,6968.259,0.718408,0.367284
2021-06-08 11:00:00,6890.824,0.784235,0.363082
2021-06-08 12:00:00,6814.249,0.806866,0.362565
2021-06-08 13:00:00,6771.727,0.784235,0.365841
2021-06-08 14:00:00,6790.128,0.718408,0.372392
2021-06-08 15:00:00,6889.489,0.615451,0.381141
2021-06-08 16:00:00,7071.048,0.485052,0.390591
2021-06-08 17:00:00,7297.737,0.340008,0.399026
2021-06-08 18:00:00,7491.176,0.195817,0.404742
2021-06-08 19:00:00,7565.862,0.071271,0.406278
2021-06-08 20:00:00,7483.924,0.0,0.402614
2021-06-08 21:00:00,7282.15,0.0,0.393315
2021-06-08 22:00:00,7044.047,0.0,0.37859
2021-06-08 23:00:00,6844.193,0.0,0.359274
2021-06-09 00:00:00,6211.972,0.0,0.335793
2021-06-09 01:00:00,6060.796,0.0,0.311703
2021-06-09 02:00:00,5956.874,0.0,0.2879
2021-06-09 03:00:00,5951.03,0.0,0.266099
2021-06-09 04:00:00,6065.708,0.0,0.247684
2021-06-09 05:00:00,6278.375,0.06683,0.233534
2021-06-09 06:00:00,6529.166,0.182622,0.223918
2021-06-09 07:00:00,6748.194,0.316532,0.218472
2021-06-09 08:00:00,6885.314,0.451164,0.21626
2021-06-09 09:00:00,6926.38,0.572166,0.215916
2021-06-09 10:00:00,6890.813,0.667686,0.215842
2021-06-09 11:00:00,6816.428,0.72875,0.214437
2021-06-09 12:00:00,6742.957,0.749743,0.210324
2021-06-09 13:00:00,6703.593,0.72875,0.202552
2021-06-09 14:00:00,6725.201,0.667686,0.190736
2021-06-09 15:00:00,6827.817,0.572166,0.175116
2021-06-09 16:00:00,7012.675,0.451164,0.156538
2021-06-09 17:00:00,7242.705,0.316532,0.13635
2021-06-09 18:00:00,7439.523,0.182622,0.116222
2021-06-09 19:00:00,7517.624,0.06683,0.097933
2021-06-09 20:00:00,7439.135,0.0,0.083133
2021-06-09 21:00:00,7240.84,0.0,0.073123
2021-06-09 22:00:00,7006.243,0.0,0.068682
2021-06-09 23:00:00,6809.919,0.0,0.069966
2021-06-10 00:00:00,6181.455,0.0,0.07557
2021-06-10 01:00:00,6033.849,0.0,0.086241
2021-06-10 02:00:00,5933.512,0.0,0.09955
2021-06-10 03:00:00,5931.266,0.0,0.113739
2021-06-10 04:00:00,6049.55,0.0,0.12704
2021-06-10 05:00:00,6265.829,0.055892,0.137908
2021-06-10 06:00:00,6520.236,0.151983,0.145219
2021-06-10 07:00:00,6742.879,0.262999,0.148413
2021-06-10 08:00:00,6883.611,0.374562,0.147561
2021-06-10 09:00:00,6928.284,0.474802,0.143345
2021-06-10 10:00:00,6896.314,0.553918,0.13695
2021-06-10 11:00:00,6825.514,0.60449,0.129897
2021-06-10 12:00:00,6755.613,0.621875,0.123825
2021-06-10 13:00:00,6719.8,0.60449,0.120254
2021-06-10 14:00:00,6744.939,0.553918,0.120372
2021-06-10 15:00:00,6851.061,0.474802,0.124858
2021-06-10 16:00:00,7039.397,0.374562,0.133786
2021-06-10 17:00:00,7272.875,0.262999,0.146596
2021-06-10 18:00:00,7473.109,0.151983,0.162165
2021-06-10 19:00:00,7554.59,0.055892,0.178948
2021-06-10 20:00:00,7479.441,0.0,0.195178
2021-06-10 21:00:00,7284.445,0.0,0.209098
2021-06-10 22:00:00,7053.102,0.0,0.219191
2021-06-10 23:00:00,6859.986,0.0,0.22438
2021-06-11 00:00:00,6234.889,0.0,0.223279
2021-06-11 01:00:00,6090.388,0.0,0.217828
2021-06-11 02:00:00,5993.1,0.0,0.207914
2021-06-11 03:00:00,5993.846,0.0,0.194834
2021-06-11 04:00:00,6115.061,0.0,0.180238
2021-06-11 05:00:00,6334.209,0.048267,0.165898
2021-06-11 06:00:00,6591.42,0.130669,0.153484
2021-06-11 07:00:00,6816.798,0.225785,0.144337
2021-06-11 08:00:00,6960.197,0.321329,0.139297
2021-06-11 09:00:00,7007.463,0.407154,0.138598
2021-06-11 10:00:00,6978.012,0.474882,0.141847
2021-06-11 11:00:00,6909.655,0.518171,0.148083
2021-06-11 12:00:00,6842.119,0.533052,0.155921
2021-06-11 13:00:00,6808.589,0.518171,0.163749
2021-06-11 14:00:00,6835.929,0.474882,0.169955
2021-06-11 15:00:00,6944.168,0.407154,0.17316
2021-06-11 16:00:00,7134.535,0.321329,0.172415
2021-06-11 17:00:00,7369.956,0.225785,0.16734
2021-06-11 18:00:00,7572.044,0.130669,0.158187
2021-06-11 19:00:00,7655.286,0.048267,0.145819
2021-06-11 20:00:00,7581.807,0.0,0.131601
2021-06-11 21:00:00,7388.387,0.0,0.117229
2021-06-11 22:00:00,7158.524,0.0,0.104507
2021-06-11 23:00:00,6966.792,0.0,0.095115
2021-06-12 00:00:00,5907.044,0.0,0.08951
2021-06-12 01:00:00,5763.73,0.0,0.090255
2021-06-12 02:00:00,5667.529,0.0,0.096664
2021-06-12 03:00:00,5669.262,0.0,0.108277
2021-06-12 04:00:00,5791.362,0.0,0.124054
2021-06-12 05:00:00,6011.293,0.052624,0.142511
2021-06-12 06:00:00,6269.183,0.141907,0.16192
2021-06-12 07:00:00,6495.138,0.244882,0.180545
2021-06-12 08:00:00,6639.008,0.34828,0.196867
2021-06-12 09:00:00,6686.642,0.44114,0.209785
2021-06-12 10:00:00,6657.454,0.51441,0.218763
2021-06-12 11:00:00,6589.255,0.561236,0.223886
2021-06-12 12:00:00,6521.771,0.577332,0.22585
2021-06-12 13:00:00,6488.189,0.561236,0.225847
2021-06-12 14:00:00,6515.371,0.51441,0.225402
2021-06-12 15:00:00,6623.347,0.44114,0.226151
2021-06-12 16:00:00,6813.347,0.34828,0.229607
2021-06-12 17:00:00,7048.296,0.244882,0.236946
2021-06-12 18:00:00,7249.807,0.141907,0.24883
2021-06-12 19:00:00,7332.37,0.052624,0.265308
2021-06-12 20:00:00,7258.108,0.0,0.285795
2021-06-12 21:00:00,7063.803,0.0,0.309135
2021-06-12 22:00:00,6832.954,0.0,0.333748
2021-06-12 23:00:00,6640.134,0.0,0.357825
2021-06-13 00:00:00,6015.562,0.0,0.378708
2021-06-13 01:00:00,5870.961,0.0,0.396546
2021-06-13 02:00:00,5773.377,0.0,0.409359
2021-06-13 03:00:00,5773.629,0.0,0.4166
2021-06-13 04:00:00,5894.154,0.0,0.41837
2021-06-13 05:00:00,6112.415,0.064385,0.415395
2021-06-13 06:00:00,6368.543,0.17302,0.408921
2021-06-13 07:00:00,6592.645,0.298226,0.40054
2021-06-13 08:00:00,6734.572,0.423905,0.391977
2021-06-13 09:00:00,6780.175,0.536752,0.384847
2021-06-13 10:00:00,6748.87,0.625781,0.380445
2021-06-13 11:00:00,6678.47,0.682676,0.379566
2021-06-13 12:00:00,6608.702,0.702231,0.382402
2021-06-13 13:00:00,6572.756,0.682676,0.388522
2021-06-13 14:00:00,6597.495,0.625781,0.396933
2021-06-13 15:00:00,6702.952,0.536752,0.406221
2021-06-13 16:00:00,6890.358,0.423905,0.414751
2021-06-13 17:00:00,7122.641,0.298226,0.420894
2021-06-13 18:00:00,7321.416,0.17302,0.42326
2021-06-13 19:00:00,7401.176,0.064385,0.420894
2021-06-13 20:00:00,7324.045,0.0,0.413417
2021-06-13 21:00:00,7126.809,0.0,0.401089
2021-06-13 22:00:00,6892.968,0.0,0.384783
2021-06-13 23:00:00,6697.098,0.0,0.365885
2021-06-14 00:00:00,6505.786,0.0,0.345277
2021-06-14 01:00:00,6358.028,0.0,0.32647
2021-06-14 02:00:00,6257.237,0.0,0.310339
2021-06-14 03:00:00,6254.235,0.0,0.298258
2021-06-14 04:00:00,6371.461,0.0,0.291084
2021-06-14 05:00:00,6586.381,0.072306,0.289054
2021-06-14 06:00:00,6839.129,0.193725,0.291761
2021-06-14 07:00:00,7059.815,0.333578,0.298217
2021-06-14 08:00:00,7198.294,0.473918,0.306996
2021-06-14 09:00:00,7240.419,0.599909,0.316428
2021-06-14 10:00:00,7205.608,0.699296,0.324834
2021-06-14 11:00:00,7131.677,0.762805,0.330756
2021-06-14 12:00:00,7058.358,0.784634,0.333152
2021-06-14 13:00:00,7018.842,0.762805,0.331542
2021-06-14 14:00:00,7039.996,0.699296,0.326069
2021-06-14 15:00:00,7141.856,0.599909,0.31748
2021-06-14 16:00:00,7325.655,0.473918,0.30702
2021-06-14 17:00:00,7554.326,0.333578,0.296261
2021-06-14 18:00:00,7749.486,0.193725,0.286882
2021-06-14 19:00:00,7825.63,0.072306,0.280436
2021-06-14 20:00:00,7744.887,0.0,0.278132
2021-06-14 21:00:00,7544.044,0.0,0.280665
2021-06-14 22:00:00,7306.606,0.0,0.288108
2021-06-14 23:00:00,7107.152,0.0,0.299894
2021-06-15 00:00:00,6476.34,0.0,0.314064
2021-06-15 01:00:00,6325.031,0.0,0.330683
2021-06-15 02:00:00,6220.71,0.0,0.347126
2021-06-15 03:00:00,6214.201,0.0,0.361592
2021-06-15 04:00:00,6327.949,0.0,0.372509
2021-06-15 05:00:00,6539.42,0.073892,0.37874
2021-06-15 06:00:00,6788.753,0.197471,0.379724
2021-06-15 07:00:00,7006.06,0.339737,0.375541
2021-06-15 08:00:00,7141.198,0.482464,0.366892
2021-06-15 09:00:00,7180.024,0.610578,0.354996
2021-06-15 10:00:00,7141.958,0.711631,0.341417
2021-06-15 11:00:00,7064.82,0.776202,0.327845
2021-06-15 12:00:00,6988.344,0.798395,0.315863
2021-06-15 13:00:00,6945.723,0.776202,0.306731
2021-06-15 14:00:00,6963.828,0.711631,0.301209
2021-06-15 15:00:00,7062.695,0.610578,0.299455
2021-06-15 16:00:00,7243.563,0.482464,0.301002
2021-06-15 17:00:00,7469.366,0.339737,0.304827
2021-06-15 18:00:00,7661.722,0.197471,0.309483
2021-06-15 19:00:00,7735.13,0.073892,0.313309
2021-06-15 20:00:00,7651.721,0.0,0.314652
2021-06-15 21:00:00,7448.285,0.0,0.312098
2021-06-15 22:00:00,7208.327,0.0,0.304677
2021-06-15 23:00:00,7006.43,0.0,0.291995
2021-06-16 00:00:00,6373.476,0.0,0.273503
2021-06-16 01:00:00,6219.883,0.0,0.251673
2021-06-16 02:00:00,6113.36,0.0,0.22709
2021-06-16 03:00:00,6104.735,0.0,0.201481
2021-06-16 04:00:00,6216.452,0.0,0.176691
2021-06-16 05:00:00,6425.98,0.076429,0.154453
2021-06-16 06:00:00,6673.46,0.203822,0.136159
2021-06-16 07:00:00,6889.004,0.350417,0.122694
2021-06-16 08:00:00,7022.473,0.497456,0.114325
2021-06-16 09:00:00,7059.723,0.629425,0.11068
2021-06-16 10:00:00,7020.177,0.733511,0.11081
2021-06-16 11:00:00,6941.656,0.800016,0.11333
2021-06-16 12:00:00,6863.893,0.822873,0.116617
2021-06-16 13:00:00,6820.085,0.800016,0.119038
2021-06-16 14:00:00,6837.102,0.733511,0.119184
2021-06-16 15:00:00,6934.983,0.629425,0.116065
2021-06-16 16:00:00,7114.967,0.497456,0.10925
2021-06-16 17:00:00,7339.986,0.350417,0.098935
2021-06-16 18:00:00,7531.663,0.203822,0.085916
2021-06-16 19:00:00,7604.495,0.076429,0.071488
2021-06-16 20:00:00,7520.614,0.0,0.05727
2021-06-16 21:00:00,7316.81,0.0,0.044986
2021-06-16 22:00:00,7076.59,0.0,0.036231
2021-06-16 23:00:00,6874.535,0.0,0.032252
2021-06-17 00:00:00,6241.752,0.0,0.032996
2021-06-17 01:00:00,6088.212,0.0,0.040127
2021-06-17 02:00:00,5981.847,0.0,0.052323
2021-06-17 03:00:00,5973.484,0.0,0.068462
2021-06-17 04:00:00,6085.568,0.0,0.086983
2021-06-17 05:00:00,6295.569,0.082821,0.106091
2021-06-17 06:00:00,6543.625,0.220506,0.123984
2021-06-17 07:00:00,6759.849,0.378891,0.139085
2021-06-17 08:00:00,6894.1,0.53773,0.150248
2021-06-17 09:00:00,6932.235,0.680276,0.156894
2021-06-17 10:00:00,6893.676,0.792697,0.159081
2021-06-17 11:00:00,6816.241,0.864525,0.157482
2021-06-17 12:00:00,6739.666,0.889211,0.153282
2021-06-17 13:00:00,6697.144,0.864525,0.148006
2021-06-17 14:00:00,6715.545,0.792697,0.143301
2021-06-17 15:00:00,6814.906,0.680276,0.140704
2021-06-17 16:00:00,6996.465,0.53773,0.141421
2021-06-17 17:00:00,7223.154,0.378891,0.14616
2021-06-17 18:00:00,7416.593,0.220506,0.15502
2021-06-17 19:00:00,7491.279,0.082821,0.167479
2021-06-17 20:00:00,7409.341,0.0,0.182449
2021-06-17 21:00:00,7207.567,0.0,0.198426
2021-06-17 22:00:00,6969.464,0.0,0.213686
2021-06-17 23:00:00,6769.61,0.0,0.226516
2021-06-18 00:00:00,6139.337,0.0,0.234685
2021-06-18 01:00:00,5988.161,0.0,0.238684
2021-06-18 02:00:00,5884.239,0.0,0.237306
2021-06-18 03:00:00,5878.395,0.0,0.23075
2021-06-18 04:00:00,5993.073,0.0,0.219839
2021-06-18 05:00:00,6205.74,0.084995,0.205916
2021-06-18 06:00:00,6456.531,0.226021,0.190668
2021-06-18 07:00:00,6675.559,0.388209,0.175906
2021-06-18 08:00:00,6812.679,0.550843,0.16333
2021-06-18 09:00:00,6853.745,0.696784,0.154311
2021-06-18 10:00:00,6818.178,0.811877,0.149714
2021-06-18 11:00:00,6743.793,0.885411,0.149793
2021-06-18 12:00:00,6670.322,0.910683,0.154167
2021-06-18 13:00:00,6630.958,0.885411,0.161886
2021-06-18 14:00:00,6652.566,0.811877,0.171567
2021-06-18 15:00:00,6755.182,0.696784,0.181594
2021-06-18 16:00:00,6940.04,0.550843,0.19035
2021-06-18 17:00:00,7170.07,0.388209,0.196441
2021-06-18 18:00:00,7366.888,0.226021,0.198899
2021-06-18 19:00:00,7444.989,0.084995,0.197318
2021-06-18 20:00:00,7366.5,0.0,0.191923
2021-06-18 21:00:00,7168.205,0.0,0.183541
2021-06-18 22:00:00,6933.608,0.0,0.173501
2021-06-18 23:00:00,6737.284,0.0,0.163455
2021-06-19 00:00:00,5674.642,0.0,0.154424
2021-06-19 01:00:00,5527.036,0.0,0.149519
2021-06-19 02:00:00,5426.698,0.0,0.149284
2021-06-19 03:00:00,5424.452,0.0,0.15448
2021-06-19 04:00:00,5542.736,0.0,0.165245
2021-06-19 05:00:00,5759.016,0.075806,0.181067
2021-06-19 06:00:00,6013.423,0.201431,0.200855
2021-06-19 07:00:00,6236.066,0.345884,0.223074
2021-06-19 08:00:00,6376.798,0.490724,0.245949
2021-06-19 09:00:00,6421.471,0.620691,0.267699
2021-06-19 10:00:00,6389.5,0.723184,0.28676
2021-06-19 11:00:00,6318.701,0.788666,0.301996
2021-06-19 12:00:00,6248.8,0.811171,0.312833
2021-06-19 13:00:00,6212.987,0.788666,0.319329
2021-06-19 14:00:00,6238.125,0.723184,0.322152
2021-06-19 15:00:00,6344.247,0.620691,0.322476
2021-06-19 16:00:00,6532.584,0.490724,0.321813
2021-06-19 17:00:00,6766.062,0.345884,0.321788
2021-06-19 18:00:00,6966.296,0.201431,0.323914
2021-06-19 19:00:00,7047.776,0.075806,0.329368
2021-06-19 20:00:00,6972.627,0.0,0.338825
2021-06-19 21:00:00,6777.632,0.0,0.352349
2021-06-19 22:00:00,6546.289,0.0,0.369374
2021-06-19 23:00:00,6353.173,0.0,0.388772
2021-06-20 00:00:00,5730.066,0.0,0.408273
2021-06-20 01:00:00,5585.565,0.0,0.427547
2021-06-20 02:00:00,5488.277,0.0,0.444113
2021-06-20 03:00:00,5489.023,0.0,0.456452
2021-06-20 04:00:00,5610.238,0.0,0.463485
2021-06-20 05:00:00,5829.386,0.06133,0.464719
2021-06-20 06:00:00,6086.597,0.162911,0.460307
2021-06-20 07:00:00,6311.976,0.27971,0.451027
2021-06-20 08:00:00,6455.374,0.396817,0.438182
2021-06-20 09:00:00,6502.64,0.501897,0.423419
2021-06-20 10:00:00,6473.189,0.584764,0.408516
2021-06-20 11:00:00,6404.833,0.637706,0.395142
2021-06-20 12:00:00,6337.296,0.655901,0.384643
2021-06-20 13:00:00,6303.766,0.637706,0.377863
2021-06-20 14:00:00,6331.106,0.584764,0.37504
2021-06-20 15:00:00,6439.345,0.501897,0.375785
2021-06-20 16:00:00,6629.712,0.396817,0.379142
2021-06-20 17:00:00,6865.133,0.27971,0.383733
2021-06-20 18:00:00,7067.221,0.162911,0.387949
2021-06-20 19:00:00,7150.463,0.06133,0.390186
2021-06-20 20:00:00,7076.984,0.0,0.389072
2021-06-20 21:00:00,6883.564,0.0,0.383663
2021-06-20 22:00:00,6653.701,0.0,0.373588
2021-06-20 23:00:00,6461.969,0.0,0.359105
2021-06-21 00:00:00,6276.529,0.0,0.340385
2021-06-21 01:00:00,6133.214,0.0,0.320202
2021-06-21 02:00:00,6037.014,0.0,0.29956
2021-06-21 03:00:00,6038.747,0.0,0.280272
2021-06-21 04:00:00,6160.847,0.0,0.264025
2021-06-21 05:00:00,6380.777,0.05414,0.252163
2021-06-21 06:00:00,6638.668,0.14383,0.245508
2021-06-21 07:00:00,6864.622,0.246957,0.244259
2021-06-21 08:00:00,7008.493,0.350358,0.247967
2021-06-21 09:00:00,7056.127,0.443141,0.255602
2021-06-21 10:00:00,7026.939,0.516309,0.265689
2021-06-21 11:00:00,6958.739,0.563055,0.276516
2021-06-21 12:00:00,6891.255,0.579121,0.286356
2021-06-21 13:00:00,6857.673,0.563055,0.293702
2021-06-21 14:00:00,6884.855,0.516309,0.297468
2021-06-21 15:00:00,6992.831,0.443141,0.297129
2021-06-21 16:00:00,7182.831,0.350358,0.292786
2021-06-21 17:00:00,7417.78,0.246957,0.285145
2021-06-21 18:00:00,7619.292,0.14383,0.275416
2021-06-21 19:00:00,7701.854,0.05414,0.265137
2021-06-21 20:00:00,7627.593,0.0,0.255959
2021-06-21 21:00:00,7433.288,0.0,0.249412
2021-06-21 22:00:00,7202.439,0.0,0.246685
2021-06-21 23:00:00,7009.619,0.0,0.248458
2021-06-22 00:00:00,6387.077,0.0,0.254118
2021-06-22 01:00:00,6242.477,0.0,0.264454
2021-06-22 02:00:00,6144.893,0.0,0.277648
2021-06-22 03:00:00,6145.145,0.0,0.292136
2021-06-22 04:00:00,6265.67,0.0,0.306128
2021-06-22 05:00:00,6483.93,0.057064,0.31784
2021-06-22 06:00:00,6740.058,0.151681,0.325726
2021-06-22 07:00:00,6964.16,0.260486,0.328677
2021-06-22 08:00:00,7106.087,0.369585,0.326168
2021-06-22 09:00:00,7151.691,0.467484,0.318315
2021-06-22 10:00:00,7120.386,0.544688,0.305861
2021-06-22 11:00:00,7049.985,0.594014,0.29007
2021-06-22 12:00:00,6980.217,0.610966,0.272553
2021-06-22 13:00:00,6944.271,0.594014,0.255049
2021-06-22 14:00:00,6969.01,0.544688,0.239192
2021-06-22 15:00:00,7074.467,0.467484,0.226291
2021-06-22 16:00:00,7261.873,0.369585,0.217158
2021-06-22 17:00:00,7494.156,0.260486,0.212001
2021-06-22 18:00:00,7692.932,0.151681,0.210402
2021-06-22 19:00:00,7772.691,0.057064,0.211383
2021-06-22 20:00:00,7695.561,0.0,0.213544
2021-06-22 21:00:00,7498.324,0.0,0.215261
2021-06-22 22:00:00,7264.483,0.0,0.214921
2021-06-22 23:00:00,7068.614,0.0,0.211142
2021-06-23 00:00:00,6443.203,0.0,0.202323
2021-06-23 01:00:00,6295.446,0.0,0.189411
2021-06-23 02:00:00,6194.654,0.0,0.172017
2021-06-23 03:00:00,6191.652,0.0,0.151023
2021-06-23 04:00:00,6308.878,0.0,0.127822
2021-06-23 05:00:00,6523.798,0.061452,0.10414
2021-06-23 06:00:00,6776.546,0.163506,0.081819
2021-06-23 07:00:00,6997.232,0.280886,0.062575
2021-06-23 08:00:00,7135.711,0.398595,0.047788
2021-06-23 09:00:00,7177.836,0.504226,0.038318
2021-06-23 10:00:00,7143.025,0.587531,0.034403
2021-06-23 11:00:00,7069.094,0.640756,0.035638
2021-06-23 12:00:00,6995.775,0.659049,0.041036
2021-06-23 13:00:00,6956.259,0.640756,0.04917
2021-06-23 14:00:00,6977.413,0.587531,0.05837
2021-06-23 15:00:00,7079.273,0.504226,0.066956
2021-06-23 16:00:00,7263.072,0.398595,0.073467
2021-06-23 17:00:00,7491.743,0.280886,0.076857
2021-06-23 18:00:00,7686.903,0.163506,0.076644
2021-06-23 19:00:00,7763.047,0.061452,0.072965
2021-06-23 20:00:00,7682.304,0.0,0.066564
2021-06-23 21:00:00,7481.461,0.0,0.058679
2021-06-23 22:00:00,7244.023,0.0,0.050877
2021-06-23 23:00:00,7044.569,0.0,0.044831
2021-06-24 00:00:00,6415.826,0.0,0.041447
2021-06-24 01:00:00,6264.517,0.0,0.043206
2021-06-24 02:00:00,6160.195,0.0,0.050155
2021-06-24 03:00:00,6153.687,0.0,0.062359
2021-06-24 04:00:00,6267.434,0.0,0.079243
2021-06-24 05:00:00,6478.906,0.061782,0.099659
2021-06-24 06:00:00,6728.239,0.164618,0.122023
2021-06-24 07:00:00,6945.545,0.282933,0.144522
2021-06-24 08:00:00,7080.683,0.401596,0.165344
2021-06-24 09:00:00,7119.509,0.508092,0.182907
2021-06-24 10:00:00,7081.444,0.592084,0.196065
2021-06-24 11:00:00,7004.306,0.645749,0.204246
2021-06-24 12:00:00,6927.829,0.664193,0.207519
2021-06-24 13:00:00,6885.208,0.645749,0.206575
2021-06-24 14:00:00,6903.313,0.592084,0.202622
2021-06-24 15:00:00,7002.181,0.508092,0.197212
2021-06-24 16:00:00,7183.049,0.401596,0.192024
2021-06-24 17:00:00,7408.851,0.282933,0.18863
2021-06-24 18:00:00,7601.208,0.164618,0.188276
2021-06-24 19:00:00,7674.616,0.061782,0.191711
2021-06-24 20:00:00,7591.207,0.0,0.199081
2021-06-24 21:00:00,7387.77,0.0,0.209906
2021-06-24 22:00:00,7147.813,0.0,0.223149
2021-06-24 23:00:00,6945.915,0.0,0.237351
2021-06-25 00:00:00,6315.048,0.0,0.250219
2021-06-25 01:00:00,6161.455,0.0,0.261321
2021-06-25 02:00:00,6054.932,0.0,0.268613
2021-06-25 03:00:00,6046.307,0.0,0.271109
2021-06-25 04:00:00,6158.023,0.0,0.2684
2021-06-25 05:00:00,6367.552,0.063664,0.260724
2021-06-25 06:00:00,6615.032,0.16995,0.248936
2021-06-25 07:00:00,6830.576,0.292281,0.234407
2021-06-25 08:00:00,6964.045,0.414994,0.218846
2021-06-25 09:00:00,7001.295,0.525137,0.204086
2021-06-25 10:00:00,6961.749,0.612011,0.191839
2021-06-25 11:00:00,6883.227,0.66752,0.183484
2021-06-25 12:00:00,6805.465,0.686598,0.179888
2021-06-25 13:00:00,6761.657,0.66752,0.181303
2021-06-25 14:00:00,6778.674,0.612011,0.187339
2021-06-25 15:00:00,6876.555,0.525137,0.197031
2021-06-25 16:00:00,7056.538,0.414994,0.208976
2021-06-25 17:00:00,7281.558,0.292281,0.221536
2021-06-25 18:00:00,7473.235,0.16995,0.233062
2021-06-25 19:00:00,7546.067,0.063664,0.242126
2021-06-25 20:00:00,7462.186,0.0,0.247723
2021-06-25 21:00:00,7258.382,0.0,0.249407
2021-06-25 22:00:00,7018.162,0.0,0.247357
2021-06-25 23:00:00,6816.107,0.0,0.242354
2021-06-26 00:00:00,5749.279,0.0,0.235082
2021-06-26 01:00:00,5595.739,0.0,0.228337
2021-06-26 02:00:00,5489.374,0.0,0.223232
2021-06-26 03:00:00,5481.011,0.0,0.22135
2021-06-26 04:00:00,5593.095,0.0,0.223925
2021-06-26 05:00:00,5803.096,0.07311,0.231672
2021-06-26 06:00:00,6051.152,0.195617,0.244681
2021-06-26 07:00:00,6267.376,0.336686,0.2624
2021-06-26 08:00:00,6401.627,0.478228,0.283697
2021-06-26 09:00:00,6439.762,0.605287,0.307003
2021-06-26 10:00:00,6401.203,0.705512,0.330511
2021-06-26 11:00:00,6323.769,0.769556,0.352413
2021-06-26 12:00:00,6247.193,0.791568,0.371126
2021-06-26 13:00:00,6204.671,0.769556,0.385496
2021-06-26 14:00:00,6223.072,0.705512,0.39494
2021-06-26 15:00:00,6322.434,0.605287,0.39951
2021-06-26 16:00:00,6503.992,0.478228,0.399878
2021-06-26 17:00:00,6730.681,0.336686,0.397224
2021-06-26 18:00:00,6924.121,0.195617,0.393073
2021-06-26 19:00:00,6998.806,0.07311,0.389071
2021-06-26 20:00:00,6916.868,0.0,0.386754
2021-06-26 21:00:00,6715.094,0.0,0.387331
2021-06-26 22:00:00,6476.991,0.0,0.391509
2021-06-26 23:00:00,6277.137,0.0,0.399393
2021-06-27 00:00:00,5648.984,0.0,0.409887
2021-06-27 01:00:00,5497.808,0.0,0.423058
2021-06-27 02:00:00,5393.886,0.0,0.436832
2021-06-27 03:00:00,5388.043,0.0,0.44949
2021-06-27 04:00:00,5502.721,0.0,0.459326
2021-06-27 05:00:00,5715.387,0.084334,0.464876
2021-06-27 06:00:00,5966.179,0.226276,0.465118
2021-06-27 07:00:00,6185.207,0.389817,0.459612
2021-06-27 08:00:00,6322.326,0.55395,0.448568
2021-06-27 09:00:00,6363.393,0.701314,0.432816
2021-06-27 10:00:00,6327.825,0.817566,0.413709
2021-06-27 11:00:00,6253.441,0.891856,0.392944
2021-06-27 12:00:00,6179.97,0.91739,0.372342
2021-06-27 13:00:00,6140.605,0.891856,0.353614
2021-06-27 14:00:00,6162.214,0.817566,0.338141
2021-06-27 15:00:00,6264.83,0.701314,0.3268
2021-06-27 16:00:00,6449.688,0.55395,0.319856
2021-06-27 17:00:00,6679.717,0.389817,0.31694
2021-06-27 18:00:00,6876.536,0.226276,0.317113
2021-06-27 19:00:00,6954.637,0.084334,0.319004
2021-06-27 20:00:00,6876.147,0.0,0.32101
2021-06-27 21:00:00,6677.853,0.0,0.321525
2021-06-27 22:00:00,6443.255,0.0,0.319168
2021-06-27 23:00:00,6246.932,0.0,0.312984
2021-06-28 00:00:00,6058.722,0.0,0.302027
2021-06-28 01:00:00,5911.116,0.0,0.28764
2021-06-28 02:00:00,5810.779,0.0,0.27011
2021-06-28 03:00:00,5808.533,0.0,0.250779
2021-06-28 04:00:00,5926.817,0.0,0.231313
2021-06-28 05:00:00,6143.096,0.085802,0.213485
2021-06-28 06:00:00,6397.503,0.23096,0.198941
2021-06-28 07:00:00,6620.146,0.398316,0.188976
2021-06-28 08:00:00,6760.878,0.566333,0.184368
2021-06-28 09:00:00,6805.551,0.71721,0.185267
2021-06-28 10:00:00,6773.581,0.836249,0.191176
2021-06-28 11:00:00,6702.781,0.912324,0.201016
2021-06-28 12:00:00,6632.88,0.938472,0.213268
2021-06-28 13:00:00,6597.067,0.912324,0.226173
2021-06-28 14:00:00,6622.206,0.836249,0.237961
2021-06-28 15:00:00,6728.328,0.71721,0.247087
2021-06-28 16:00:00,6916.664,0.566333,0.252426
2021-06-28 17:00:00,7150.143,0.398316,0.253422
2021-06-28 18:00:00,7350.377,0.23096,0.250146
2021-06-28 19:00:00,7431.857,0.085802,0.243282
2021-06-28 20:00:00,7356.708,0.0,0.234021
2021-06-28 21:00:00,7161.712,0.0,0.223888
2021-06-28 22:00:00,6930.369,0.0,0.214525
2021-06-28 23:00:00,6737.253,0.0,0.20746
2021-06-29 00:00:00,6116.298,0.0,0.203356
2021-06-29 01:00:00,5971.797,0.0,0.203962
2021-06-29 02:00:00,5874.51,0.0,0.208829
2021-06-29 03:00:00,5875.255,0.0,0.217407
2021-06-29 04:00:00,5996.471,0.0,0.228581
2021-06-29 05:00:00,6215.619,0.07602,0.240818
2021-06-29 06:00:00,6472.829,0.205386,0.25236
2021-06-29 07:00:00,6698.208,0.35465,0.261462
2021-06-29 08:00:00,6841.606,0.504555,0.266618
2021-06-29 09:00:00,6888.873,0.639198,0.266765
2021-06-29 10:00:00,6859.422,0.745442,0.261421
2021-06-29 11:00:00,6791.065,0.813345,0.250752
2021-06-29 12:00:00,6723.528,0.836686,0.235549
2021-06-29 13:00:00,6689.999,0.813345,0.217126
2021-06-29 14:00:00,6717.339,0.745442,0.197141
2021-06-29 15:00:00,6825.578,0.639198,0.177382
2021-06-29 16:00:00,7015.945,0.504555,0.15953
2021-06-29 17:00:00,7251.366,0.35465,0.144936
2021-06-29 18:00:00,7453.453,0.205386,0.134455
2021-06-29 19:00:00,7536.696,0.07602,0.128332
2021-06-29 20:00:00,7463.217,0.0,0.126183
2021-06-29 21:00:00,7269.796,0.0,0.127059
2021-06-29 22:00:00,7039.934,0.0,0.129585
2021-06-29 23:00:00,6848.201,0.0,0.132158
2021-06-30 00:00:00,6228.78,0.0,0.132667
2021-06-30 01:00:00,6085.465,0.0,0.13076
2021-06-30 02:00:00,5989.265,0.0,0.124985
2021-06-30 03:00:00,5990.997,0.0,0.11497
2021-06-30 04:00:00,6113.098,0.0,0.100975
2021-06-30 05:00:00,6333.028,0.065363,0.083867
2021-06-30 06:00:00,6590.919,0.177334,0.065017
2021-06-30 07:00:00,6816.873,0.306635,0.046127
2021-06-30 08:00:00,6960.743,0.436546,0.03
2021-06-30 09:00:00,7008.377,0.553256,0.03
2021-06-30 10:00:00,6979.189,0.645365,0.03
2021-06-30 11:00:00,6910.99,0.704239,0.03
2021-06-30 12:00:00,6843.506,0.724478,0.03
2021-06-30 13:00:00,6809.924,0.704239,0.03
2021-06-30 14:00:00,6837.106,0.645365,0.03
2021-06-30 15:00:00,6945.082,0.553256,0.040659
2021-06-30 16:00:00,7135.082,0.436546,0.056718
2021-06-30 17:00:00,7370.031,0.306635,0.072133
2021-06-30 18:00:00,7571.543,0.177334,0.085386
2021-06-30 19:00:00,7654.105,0.065363,0.095379
2021-06-30 20:00:00,7579.844,0.0,0.101575
2021-06-30 21:00:00,7385.538,0.0,0.104062
2021-06-30 22:00:00,7154.689,0.0,0.103536
2021-06-30 23:00:00,6961.87,0.0,0.101192
2021-07-01 00:00:00,6341.509,0.0,0.098069
2021-07-01 01:00:00,6196.909,0.0,0.096779
2021-07-01 02:00:00,6099.324,0.0,0.09835
2021-07-01 03:00:00,6099.577,0.0,0.10396
2021-07-01 04:00:00,6220.101,0.0,0.114273
2021-07-01 05:00:00,6438.362,0.061394,0.129343
2021-07-01 06:00:00,6694.49,0.167345,0.148586
2021-07-01 07:00:00,6918.592,0.289812,0.17085
2021-07-01 08:00:00,7060.519,0.412909,0.194556
2021-07-01 09:00:00,7106.122,0.523529,0.217901
2021-07-01 10:00:00,7074.817,0.610845,0.239086
2021-07-01 11:00:00,7004.417,0.666661,0.256552
2021-07-01 12:00:00,6934.649,0.685849,0.269176
2021-07-01 13:00:00,6898.703,0.666661,0.276417
2021-07-01 14:00:00,6923.442,0.610845,0.27838
2021-07-01 15:00:00,7028.899,0.523529,0.275792
2021-07-01 16:00:00,7216.305,0.412909,0.269904
2021-07-01 17:00:00,7448.588,0.289812,0.262312
2021-07-01 18:00:00,7647.364,0.167345,0.254742
2021-07-01 19:00:00,7727.123,0.061394,0.248813
2021-07-01 20:00:00,7649.992,0.0,0.24582
2021-07-01 21:00:00,7452.756,0.0,0.246561
2021-07-01 22:00:00,7218.915,0.0,0.25123
2021-07-01 23:00:00,7023.046,0.0,0.259396
2021-07-02 00:00:00,6399.829,0.0,0.2696
2021-07-02 01:00:00,6252.072,0.0,0.281359
2021-07-02 02:00:00,6151.28,0.0,0.292569
2021-07-02 03:00:00,6148.278,0.0,0.301602
2021-07-02 04:00:00,6265.504,0.0,0.307064
2021-07-02 05:00:00,6480.424,0.059924,0.307997
2021-07-02 06:00:00,6733.172,0.164184,0.304017
2021-07-02 07:00:00,6953.858,0.284822,0.295378
2021-07-02 08:00:00,7092.337,0.406141,0.282949
2021-07-02 09:00:00,7134.462,0.515194,0.268109
2021-07-02 10:00:00,7099.651,0.601289,0.25257
2021-07-02 11:00:00,7025.72,0.656331,0.238159
2021-07-02 12:00:00,6952.401,0.675254,0.226581
2021-07-02 13:00:00,6912.885,0.656331,0.219199
2021-07-02 14:00:00,6934.039,0.601289,0.216862
2021-07-02 15:00:00,7035.899,0.515194,0.219795
2021-07-02 16:00:00,7219.699,0.406141,0.227579
2021-07-02 17:00:00,7448.369,0.284822,0.239216
2021-07-02 18:00:00,7643.529,0.164184,0.253267
2021-07-02 19:00:00,7719.673,0.059924,0.26805
2021-07-02 20:00:00,7638.93,0.0,0.281873
2021-07-02 21:00:00,7438.087,0.0,0.293265
2021-07-02 22:00:00,7200.649,0.0,0.301172
2021-07-02 23:00:00,7001.195,0.0,0.3051
2021-07-03 00:00:00,5938.511,0.0,0.304736
2021-07-03 01:00:00,5787.202,0.0,0.301701
2021-07-03 02:00:00,5682.88,0.0,0.296783
2021-07-03 03:00:00,5676.372,0.0,0.291542
2021-07-03 04:00:00,5790.119,0.0,0.287645
2021-07-03 05:00:00,6001.591,0.054564,0.286634
2021-07-03 06:00:00,6250.924,0.150351,0.289706
2021-07-03 07:00:00,6468.23,0.261311,0.297545
2021-07-03 08:00:00,6603.368,0.372957,0.310213
2021-07-03 09:00:00,6642.194,0.473348,0.327134
2021-07-03 10:00:00,6604.129,0.55262,0.347158
2021-07-03 11:00:00,6526.991,0.603306,0.368705
2021-07-03 12:00:00,6450.514,0.620732,0.38996
2021-07-03 13:00:00,6407.893,0.603306,0.409114
2021-07-03 14:00:00,6425.998,0.55262,0.42459
2021-07-03 15:00:00,6524.866,0.473348,0.435244
2021-07-03 16:00:00,6705.734,0.372957,0.44051
2021-07-03 17:00:00,6931.536,0.261311,0.440462
2021-07-03 18:00:00,7123.892,0.150351,0.4358
2021-07-03 19:00:00,7197.301,0.054564,0.427736
2021-07-03 20:00:00,7113.892,0.0,0.417833
2021-07-03 21:00:00,6910.455,0.0,0.407778
2021-07-03 22:00:00,6670.498,0.0,0.399153
2021-07-03 23:00:00,6468.6,0.0,0.393215
2021-07-04 00:00:00,5839.952,0.0,0.390304
2021-07-04 01:00:00,5686.359,0.0,0.391416
2021-07-04 02:00:00,5579.836,0.0,0.395666
2021-07-04 03:00:00,5571.211,0.0,0.402027
2021-07-04 04:00:00,5682.928,0.0,0.409055
2021-07-04 05:00:00,5892.456,0.048902,0.415087
2021-07-04 06:00:00,6139.936,0.135588,0.41847
2021-07-04 07:00:00,6355.481,0.236131,0.417792
2021-07-04 08:00:00,6488.949,0.337355,0.412081
2021-07-04 09:00:00,6526.199,0.428405,0.400944
2021-07-04 10:00:00,6486.653,0.500317,0.384632
2021-07-04 11:00:00,6408.132,0.546304,0.364016
2021-07-04 12:00:00,6330.369,0.562115,0.340482
2021-07-04 13:00:00,6286.561,0.546304,0.315755
2021-07-04 14:00:00,6303.578,0.500317,0.291681
2021-07-04 15:00:00,6401.46,0.428405,0.269989
2021-07-04 16:00:00,6581.443,0.337355,0.252073
2021-07-04 17:00:00,6806.462,0.236131,0.238815
2021-07-04 18:00:00,6998.139,0.135588,0.230481
2021-07-04 19:00:00,7070.971,0.048902,0.226698
2021-07-04 20:00:00,6987.09,0.0,0.226514
2021-07-04 21:00:00,6783.286,0.0,0.228543
2021-07-04 22:00:00,6543.066,0.0,0.231159
2021-07-04 23:00:00,6341.011,0.0,0.232728
2021-07-05 00:00:00,6148.711,0.0,0.231442
2021-07-05 01:00:00,5995.171,0.0,0.227103
2021-07-05 02:00:00,5888.806,0.0,0.21888
2021-07-05 03:00:00,5880.443,0.0,0.206969
2021-07-05 04:00:00,5992.527,0.0,0.192164
2021-07-05 05:00:00,6202.528,0.051893,0.175758
2021-07-05 06:00:00,6450.584,0.144854,0.15937
2021-07-05 07:00:00,6666.808,0.252821,0.144723
2021-07-05 08:00:00,6801.059,0.361588,0.133411
2021-07-05 09:00:00,6839.194,0.459459,0.126684
2021-07-05 10:00:00,6800.635,0.536777,0.125268
2021-07-05 11:00:00,6723.2,0.586227,0.12927
2021-07-05 12:00:00,6646.625,0.60323,0.138147
2021-07-05 13:00:00,6604.103,0.586227,0.150783
2021-07-05 14:00:00,6622.504,0.536777,0.165619
2021-07-05 15:00:00,6721.865,0.459459,0.180864
2021-07-05 16:00:00,6903.424,0.361588,0.194721
2021-07-05 17:00:00,7130.113,0.252821,0.20562
2021-07-05 18:00:00,7323.552,0.144854,0.212419
2021-07-05 19:00:00,7398.238,0.051893,0.214547
2021-07-05 20:00:00,7316.3,0.0,0.212071
2021-07-05 21:00:00,7114.526,0.0,0.20567
2021-07-05 22:00:00,6876.423,0.0,0.19654
2021-07-05 23:00:00,6676.569,0.0,0.186215
2021-07-06 00:00:00,6050.658,0.0,0.175979
2021-07-06 01:00:00,5899.482,0.0,0.168126
2021-07-06 02:00:00,5795.56,0.0,0.163503
2021-07-06 03:00:00,5789.717,0.0,0.162826
2021-07-06 04:00:00,5904.394,0.0,0.166209
2021-07-06 05:00:00,6117.061,0.063531,0.173141
2021-07-06 06:00:00,6367.853,0.178644,0.182548
2021-07-06 07:00:00,6586.88,0.312533,0.192938
2021-07-06 08:00:00,6724.0,0.447505,0.202601
2021-07-06 09:00:00,6765.066,0.569005,0.209837
2021-07-06 10:00:00,6729.499,0.665013,0.213188
2021-07-06 11:00:00,6655.114,0.726425,0.211638
2021-07-06 12:00:00,6581.644,0.747544,0.204752
2021-07-06 13:00:00,6542.279,0.726425,0.192743
2021-07-06 14:00:00,6563.887,0.665013,0.176446
2021-07-06 15:00:00,6666.503,0.569005,0.157216
2021-07-06 16:00:00,6851.361,0.447505,0.13675
2021-07-06 17:00:00,7081.391,0.312533,0.116871
2021-07-06 18:00:00,7278.21,0.178644,0.09929
2021-07-06 19:00:00,7356.31,0.063531,0.085387
2021-07-06 20:00:00,7277.821,0.0,0.076036
2021-07-06 21:00:00,7079.526,0.0,0.0715
2021-07-06 22:00:00,6844.929,0.0,0.071406
2021-07-06 23:00:00,6648.605,0.0,0.074811
2021-07-07 00:00:00,6026.5,0.0,0.079985
2021-07-07 01:00:00,5878.893,0.0,0.086025
2021-07-07 02:00:00,5778.556,0.0,0.090963
2021-07-07 03:00:00,5776.31,0.0,0.093411
2021-07-07 04:00:00,5894.594,0.0,0.092405
2021-07-07 05:00:00,6110.873,0.073095,0.087542
2021-07-07 06:00:00,6365.281,0.207165,0.079048
2021-07-07 07:00:00,6587.923,0.363348,0.067754
2021-07-07 08:00:00,6728.656,0.520908,0.054987
2021-07-07 09:00:00,6773.328,0.662801,0.042403
2021-07-07 10:00:00,6741.358,0.774953,0.031761
2021-07-07 11:00:00,6670.559,0.846705,0.03
2021-07-07 12:00:00,6600.658,0.87138,0.03
2021-07-07 13:00:00,6564.844,0.846705,0.03
2021-07-07 14:00:00,6589.983,0.774953,0.035042
2021-07-07 15:00:00,6696.105,0.662801,0.049442
2021-07-07 16:00:00,6884.442,0.520908,0.067987
2021-07-07 17:00:00,7117.92,0.363348,0.089145
2021-07-07 18:00:00,7318.154,0.207165,0.111138
2021-07-07 19:00:00,7399.634,0.073095,0.132182
2021-07-07 20:00:00,7324.485,0.0,0.150713
2021-07-07 21:00:00,7129.49,0.0,0.165593
2021-07-07 22:00:00,6898.147,0.0,0.176247
2021-07-07 23:00:00,6705.031,0.0,0.182732
2021-07-08 00:00:00,6086.337,0.0,0.185385
2021-07-08 01:00:00,5941.836,0.0,0.186038
2021-07-08 02:00:00,5844.548,0.0,0.185871
2021-07-08 03:00:00,5845.294,0.0,0.186513
2021-07-08 04:00:00,5966.51,0.0,0.189472
2021-07-08 05:00:00,6185.658,0.072995,0.195929
2021-07-08 06:00:00,6442.868,0.208649,0.206556
2021-07-08 07:00:00,6668.247,0.36694,0.221418
2021-07-08 08:00:00,6811.645,0.526751,0.239951
2021-07-08 09:00:00,6858.912,0.670736,0.261025
2021-07-08 10:00:00,6829.461,0.784574,0.283093
2021-07-08 11:00:00,6761.104,0.857417,0.304382
2021-07-08 12:00:00,6693.567,0.882469,0.323134
2021-07-08 13:00:00,6660.038,0.857417,0.337829
2021-07-08 14:00:00,6687.378,0.784574,0.347389
2021-07-08 15:00:00,6795.616,0.670736,0.351321
2021-07-08 16:00:00,6985.984,0.526751,0.349777
2021-07-08 17:00:00,7221.405,0.36694,0.343536
2021-07-08 18:00:00,7423.492,0.208649,0.333898
2021-07-08 19:00:00,7506.735,0.072995,0.322509
2021-07-08 20:00:00,7433.255,0.0,0.311146
2021-07-08 21:00:00,7239.835,0.0,0.301477
2021-07-08 22:00:00,7009.973,0.0,0.294843
2021-07-08 23:00:00,6818.24,0.0,0.292085
2021-07-09 00:00:00,6201.089,0.0,0.293133
2021-07-09 01:00:00,6057.775,0.0,0.298202
2021-07-09 02:00:00,5961.574,0.0,0.306029
2021-07-09 03:00:00,5963.307,0.0,0.315225
2021-07-09 04:00:00,6085.407,0.0,0.324178
2021-07-09 05:00:00,6305.338,0.06764,0.331277
2021-07-09 06:00:00,6563.228,0.195112,0.33514
2021-07-09 07:00:00,6789.183,0.344124,0.334816
2021-07-09 08:00:00,6933.053,0.49469,0.329923
2021-07-09 09:00:00,6980.687,0.630411,0.320711
2021-07-09 10:00:00,6951.499,0.737748,0.30804
2021-07-09 11:00:00,6883.3,0.806442,0.293273
2021-07-09 12:00:00,6815.815,0.83007,0.278102
2021-07-09 13:00:00,6782.233,0.806442,0.264329
2021-07-09 14:00:00,6809.416,0.737748,0.253629
2021-07-09 15:00:00,6917.392,0.630411,0.247332
2021-07-09 16:00:00,7107.391,0.49469,0.246249
2021-07-09 17:00:00,7342.34,0.344124,0.250565
2021-07-09 18:00:00,7543.852,0.195112,0.259818
2021-07-09 19:00:00,7626.415,0.06764,0.272964
2021-07-09 20:00:00,7552.153,0.0,0.288518
2021-07-09 21:00:00,7357.848,0.0,0.304753
2021-07-09 22:00:00,7126.999,0.0,0.319928
2021-07-09 23:00:00,6934.179,0.0,0.332526
2021-07-10 00:00:00,5879.948,0.0,0.341166
2021-07-10 01:00:00,5735.348,0.0,0.345874
2021-07-10 02:00:00,5637.764,0.0,0.346459
2021-07-10 03:00:00,5638.016,0.0,0.343617
2021-07-10 04:00:00,5758.541,0.0,0.338546
2021-07-10 05:00:00,5976.802,0.064774,0.332776
2021-07-10 06:00:00,6232.93,0.188682,0.327948
2021-07-10 07:00:00,6457.031,0.333804,0.325583
2021-07-10 08:00:00,6598.959,0.480566,0.326865
2021-07-10 09:00:00,6644.562,0.612926,0.332466
2021-07-10 10:00:00,6613.257,0.717638,0.342446
2021-07-10 11:00:00,6542.857,0.784666,0.35623
2021-07-10 12:00:00,6473.089,0.807723,0.372676
2021-07-10 13:00:00,6437.143,0.784666,0.390215
2021-07-10 14:00:00,6461.882,0.717638,0.407055
2021-07-10 15:00:00,6567.339,0.612926,0.42141
2021-07-10 16:00:00,6754.745,0.480566,0.431731
2021-07-10 17:00:00,6987.028,0.333804,0.43691
2021-07-10 18:00:00,7185.803,0.188682,0.436419
2021-07-10 19:00:00,7265.563,0.064774,0.430377
2021-07-10 20:00:00,7188.432,0.0,0.419529
2021-07-10 21:00:00,6991.195,0.0,0.405137
2021-07-10 22:00:00,6757.355,0.0,0.388815
2021-07-10 23:00:00,6561.485,0.0,0.372305
2021-07-11 00:00:00,5940.555,0.0,0.356983
2021-07-11 01:00:00,5792.797,0.0,0.34468
2021-07-11 02:00:00,5692.006,0.0,0.335952
2021-07-11 03:00:00,5689.004,0.0,0.331009
2021-07-11 04:00:00,5806.229,0.0,0.329437
2021-07-11 05:00:00,6021.15,0.063476,0.330262
2021-07-11 06:00:00,6273.898,0.186845,0.332085
2021-07-11 07:00:00,6494.584,0.331629,0.333288
2021-07-11 08:00:00,6633.063,0.478183,0.332258
2021-07-11 09:00:00,6675.187,0.610428,0.327618
2021-07-11 10:00:00,6640.377,0.715084,0.318429
2021-07-11 11:00:00,6566.446,0.782089,0.304321
2021-07-11 12:00:00,6493.127,0.80514,0.285568
2021-07-11 13:00:00,6453.611,0.782089,0.263054
2021-07-11 14:00:00,6474.765,0.715084,0.238173
2021-07-11 15:00:00,6576.625,0.610428,0.212654
2021-07-11 16:00:00,6760.424,0.478183,0.188339
2021-07-11 17:00:00,6989.095,0.331629,0.166948
2021-07-11 18:00:00,7184.255,0.186845,0.149861
2021-07-11 19:00:00,7260.399,0.063476,0.137938
2021-07-11 20:00:00,7179.656,0.0,0.13142
2021-07-11 21:00:00,6978.813,0.0,0.129902
2021-07-11 22:00:00,6741.375,0.0,0.132399
2021-07-11 23:00:00,6541.921,0.0,0.137483
2021-07-12 00:00:00,6353.826,0.0,0.143252
2021-07-12 01:00:00,6202.517,0.0,0.148497
2021-07-12 02:00:00,6098.196,0.0,0.151521
2021-07-12 03:00:00,6091.687,0.0,0.151284
2021-07-12 04:00:00,6205.434,0.0,0.147301
2021-07-12 05:00:00,6416.906,0.057142,0.139715
2021-07-12 06:00:00,6666.239,0.170093,0.129269
2021-07-12 07:00:00,6883.546,0.302934,0.117207
2021-07-12 08:00:00,7018.684,0.437531,0.105098
2021-07-12 09:00:00,7057.509,0.559054,0.094618
2021-07-12 10:00:00,7019.444,0.655259,0.087317
2021-07-12 11:00:00,6942.306,0.716867,0.084404
2021-07-12 12:00:00,6865.829,0.738064,0.086569
2021-07-12 13:00:00,6823.209,0.716867,0.093884
2021-07-12 14:00:00,6841.313,0.655259,0.105781
2021-07-12 15:00:00,6940.181,0.559054,0.121118
2021-07-12 16:00:00,7121.049,0.437531,0.138319
2021-07-12 17:00:00,7346.851,0.302934,0.155582
2021-07-12 18:00:00,7539.208,0.170093,0.1711
2021-07-12 19:00:00,7612.616,0.057142,0.183305
2021-07-12 20:00:00,7529.207,0.0,0.191058
2021-07-12 21:00:00,7325.77,0.0,0.193798
2021-07-12 22:00:00,7085.813,0.0,0.191607
2021-07-12 23:00:00,6883.916,0.0,0.185186
2021-07-13 00:00:00,6257.566,0.0,0.175543
2021-07-13 01:00:00,6103.974,0.0,0.164667
2021-07-13 02:00:00,5997.451,0.0,0.154037
2021-07-13 03:00:00,5988.826,0.0,0.145238
2021-07-13 04:00:00,6100.542,0.0,0.139528
2021-07-13 05:00:00,6310.071,0.045973,0.137669
2021-07-13 06:00:00,6557.551,0.138488,0.13982
2021-07-13 07:00:00,6773.095,0.247542,0.145514
2021-07-13 08:00:00,6906.564,0.358151,0.153724
2021-07-13 09:00:00,6943.814,0.458076,0.163007
2021-07-13 10:00:00,6904.268,0.537212,0.171696
2021-07-13 11:00:00,6825.746,0.587901,0.178136
2021-07-13 12:00:00,6747.984,0.605342,0.180912
2021-07-13 13:00:00,6704.176,0.587901,0.179048
2021-07-13 14:00:00,6721.193,0.537212,0.172146
2021-07-13 15:00:00,6819.074,0.458076,0.160451
2021-07-13 16:00:00,6999.057,0.358151,0.144828
2021-07-13 17:00:00,7224.077,0.247542,0.126654
2021-07-13 18:00:00,7415.754,0.138488,0.107648
2021-07-13 19:00:00,7488.586,0.045973,0.089646
2021-07-13 20:00:00,7404.705,0.0,0.074368
2021-07-13 21:00:00,7200.901,0.0,0.063196
2021-07-13 22:00:00,6960.681,0.0,0.057002
2021-07-13 23:00:00,6758.626,0.0,0.056038
2021-07-14 00:00:00,6132.482,0.0,0.059731
2021-07-14 01:00:00,5978.942,0.0,0.067493
2021-07-14 02:00:00,5872.577,0.0,0.077734
2021-07-14 03:00:00,5864.214,0.0,0.088815
2021-07-14 04:00:00,5976.298,0.0,0.099086
2021-07-14 05:00:00,6186.299,0.038918,0.107119
2021-07-14 06:00:00,6434.355,0.118737,0.111906
2021-07-14 07:00:00,6650.579,0.213052,0.112999
2021-07-14 08:00:00,6784.83,0.308814,0.110572
2021-07-14 09:00:00,6822.965,0.395381,0.105406
2021-07-14 10:00:00,6784.406,0.463965,0.098774
2021-07-14 11:00:00,6706.971,0.507905,0.092278
2021-07-14 12:00:00,6630.396,0.523026,0.087622
2021-07-14 13:00:00,6587.874,0.507905,0.086383
2021-07-14 14:00:00,6606.275,0.463965,0.089792
2021-07-14 15:00:00,6705.636,0.395381,0.098558
2021-07-14 16:00:00,6887.195,0.308814,0.112768
2021-07-14 17:00:00,7113.884,0.213052,0.131863
2021-07-14 18:00:00,7307.323,0.118737,0.154707
2021-07-14 19:00:00,7382.009,0.038918,0.179726
2021-07-14 20:00:00,7300.071,0.0,0.205109
2021-07-14 21:00:00,7098.297,0.0,0.229044
2021-07-14 22:00:00,6860.194,0.0,0.249942
2021-07-14 23:00:00,6660.34,0.0,0.266647
2021-07-15 00:00:00,6036.738,0.0,0.278406
2021-07-15 01:00:00,5885.562,0.0,0.2856
2021-07-15 02:00:00,5781.64,0.0,0.288728
2021-07-15 03:00:00,5775.797,0.0,0.288972
2021-07-15 04:00:00,5890.475,0.0,0.287851
2021-07-15 05:00:00,6103.141,0.041736,0.287009
2021-07-15 06:00:00,6353.933,0.12907,0.28798
2021-07-15 07:00:00,6572.961,0.232529,0.291971
2021-07-15 08:00:00,6710.08,0.337695,0.299685
2021-07-15 09:00:00,6751.147,0.432823,0.311226
2021-07-15 10:00:00,6715.579,0.508222,0.326071
2021-07-15 11:00:00,6641.195,0.556539,0.343134
2021-07-15 12:00:00,6567.724,0.573169,0.360914
2021-07-15 13:00:00,6528.359,0.556539,0.377691
2021-07-15 14:00:00,6549.968,0.508222,0.391754
2021-07-15 15:00:00,6652.584,0.432823,0.401638
2021-07-15 16:00:00,6837.442,0.337695,0.406316
2021-07-15 17:00:00,7067.471,0.232529,0.405348
2021-07-15 18:00:00,7264.29,0.12907,0.398937
2021-07-15 19:00:00,7342.391,0.041736,0.38791
2021-07-15 20:00:00,7263.901,0.0,0.373616
2021-07-15 21:00:00,7065.607,0.0,0.357746
2021-07-15 22:00:00,6831.009,0.0,0.342116
2021-07-15 23:00:00,6634.686,0.0,0.328431
2021-07-16 00:00:00,6014.894,0.0,0.317924
2021-07-16 01:00:00,5867.288,0.0,0.311748
2021-07-16 02:00:00,5766.95,0.0,0.310017
2021-07-16 03:00:00,5764.704,0.0,0.312357
2021-07-16 04:00:00,5882.988,0.0,0.317817
2021-07-16 05:00:00,6099.268,0.049197,0.325019
2021-07-16 06:00:00,6353.675,0.154355,0.332349
2021-07-16 07:00:00,6576.318,0.279263,0.338192
2021-07-16 08:00:00,6717.05,0.406382,0.341156
2021-07-16 09:00:00,6761.723,0.521448,0.340273
2021-07-16 10:00:00,6729.752,0.612688,0.335141
2021-07-16 11:00:00,6658.953,0.671172,0.325984
2021-07-16 12:00:00,6589.052,0.691303,0.313631
2021-07-16 13:00:00,6553.239,0.671172,0.299411
2021-07-16 14:00:00,6578.377,0.612688,0.284979
2021-07-16 15:00:00,6684.499,0.521448,0.272096
2021-07-16 16:00:00,6872.836,0.406382,0.262395
2021-07-16 17:00:00,7106.314,0.279263,0.25716
2021-07-16 18:00:00,7306.548,0.154355,0.257156
2021-07-16 19:00:00,7388.028,0.049197,0.262521
2021-07-16 20:00:00,7312.879,0.0,0.272749
2021-07-16 21:00:00,7117.884,0.0,0.286749
2021-07-16 22:00:00,6886.541,0.0,0.302993
2021-07-16 23:00:00,6693.425,0.0,0.31971
2021-07-17 00:00:00,5640.9,0.0,0.335004
2021-07-17 01:00:00,5496.399,0.0,0.347557
2021-07-17 02:00:00,5399.111,0.0,0.35612
2021-07-17 03:00:00,5399.857,0.0,0.360127
2021-07-17 04:00:00,5521.073,0.0,0.359646
2021-07-17 05:00:00,5740.22,0.052854,0.355354
2021-07-17 06:00:00,5997.431,0.168397,0.348436
2021-07-17 07:00:00,6222.81,0.306029,0.340414
2021-07-17 08:00:00,6366.208,0.446271,0.332929
2021-07-17 09:00:00,6413.474,0.573307,0.327504
2021-07-17 10:00:00,6384.024,0.674083,0.325332
2021-07-17 11:00:00,6315.667,0.738697,0.327102
2021-07-17 12:00:00,6248.13,0.76094,0.332894
2021-07-17 13:00:00,6214.601,0.738697,0.342159
2021-07-17 14:00:00,6241.941,0.674083,0.353785
2021-07-17 15:00:00,6350.179,0.573307,0.36624
2021-07-17 16:00:00,6540.547,0.446271,0.377771
2021-07-17 17:00:00,6775.968,0.306029,0.386636
2021-07-17 18:00:00,6978.055,0.168397,0.391333
2021-07-17 19:00:00,7061.297,0.052854,0.390802
2021-07-17 20:00:00,6987.818,0.0,0.384569
2021-07-17 21:00:00,6794.398,0.0,0.372805
2021-07-17 22:00:00,6564.536,0.0,0.356307
2021-07-17 23:00:00,6372.803,0.0,0.336393
2021-07-18 00:00:00,5757.971,0.0,0.314634
2021-07-18 01:00:00,5614.657,0.0,0.293015
2021-07-18 02:00:00,5518.457,0.0,0.273126
2021-07-18 03:00:00,5520.189,0.0,0.256327
2021-07-18 04:00:00,5642.29,0.0,0.243478
2021-07-18 05:00:00,5862.22,0.052197,0.23483
2021-07-18 06:00:00,6120.111,0.169045,0.230007
2021-07-18 07:00:00,6346.065,0.308648,0.228065
2021-07-18 08:00:00,6489.935,0.451083,0.227635
2021-07-18 09:00:00,6537.569,0.580202,0.227119
2021-07-18 10:00:00,6508.381,0.682678,0.22492
2021-07-18 11:00:00,6440.182,0.7484,0.219674
2021-07-18 12:00:00,6372.698,0.771028,0.210443
2021-07-18 13:00:00,6339.116,0.7484,0.196859
2021-07-18 14:00:00,6366.298,0.682678,0.179186
2021-07-18 15:00:00,6474.274,0.580202,0.158295
2021-07-18 16:00:00,6664.274,0.451083,0.135563
2021-07-18 17:00:00,6899.223,0.308648,0.112693
2021-07-18 18:00:00,7100.734,0.169045,0.091497
2021-07-18 19:00:00,7183.297,0.052197,0.073661
2021-07-18 20:00:00,7109.035,0.0,0.060526
2021-07-18 21:00:00,6914.73,0.0,0.05291
2021-07-18 22:00:00,6683.881,0.0,0.051008
2021-07-18 23:00:00,6491.062,0.0,0.054366
2021-07-19 00:00:00,6311.449,0.0,0.061877
2021-07-19 01:00:00,6166.849,0.0,0.072203
2021-07-19 02:00:00,6069.265,0.0,0.083554
2021-07-19 03:00:00,6069.517,0.0,0.094195
2021-07-19 04:00:00,6190.042,0.0,0.102614
2021-07-19 05:00:00,6408.303,0.052803,0.107717
2021-07-19 06:00:00,6664.431,0.174007,0.108971
2021-07-19 07:00:00,6888.532,0.319271,0.106471
2021-07-19 08:00:00,7030.46,0.467683,0.100916
2021-07-19 09:00:00,7076.063,0.602325,0.093508
2021-07-19 10:00:00,7044.758,0.709236,0.085779
2021-07-19 11:00:00,6974.358,0.777822,0.079373
2021-07-19 12:00:00,6904.59,0.80144,0.075814
2021-07-19 13:00:00,6868.644,0.777822,0.076286
2021-07-19 14:00:00,6893.383,0.709236,0.081464
2021-07-19 15:00:00,6998.84,0.602325,0.091407
2021-07-19 16:00:00,7186.246,0.467683,0.105541
2021-07-19 17:00:00,7418.529,0.319271,0.122725
2021-07-19 18:00:00,7617.304,0.174007,0.14139
2021-07-19 19:00:00,7697.064,0.052803,0.159741
2021-07-19 20:00:00,7619.933,0.0,0.175992
2021-07-19 21:00:00,7422.697,0.0,0.188593
2021-07-19 22:00:00,7188.856,0.0,0.196433
2021-07-19 23:00:00,6992.986,0.0,0.198982
2021-07-20 00:00:00,6374.379,0.0,0.196309
2021-07-20 01:00:00,6226.622,0.0,0.189248
2021-07-20 02:00:00,6125.83,0.0,0.179013
2021-07-20 03:00:00,6122.828,0.0,0.16721
2021-07-20 04:00:00,6240.054,0.0,0.155577
2021-07-20 05:00:00,6454.974,0.055652,0.145743
2021-07-20 06:00:00,6707.722,0.186825,0.139015
2021-07-20 07:00:00,6928.408,0.344558,0.1362
2021-07-20 08:00:00,7066.887,0.505937,0.137502
2021-07-20 09:00:00,7109.012,0.652462,0.142497
2021-07-20 10:00:00,7074.201,0.768867,0.150201
2021-07-20 11:00:00,7000.27,0.843566,0.159207
2021-07-20 12:00:00,6926.951,0.869292,0.167887
2021-07-20 13:00:00,6887.435,0.843566,0.174615
2021-07-20 14:00:00,6908.589,0.768867,0.178005
2021-07-20 15:00:00,7010.449,0.652462,0.177103
2021-07-20 16:00:00,7194.249,0.505937,0.171528
2021-07-20 17:00:00,7422.919,0.344558,0.161538
2021-07-20 18:00:00,7618.079,0.186825,0.148004
2021-07-20 19:00:00,7694.223,0.055652,0.132306
2021-07-20 20:00:00,7613.48,0.0,0.116157
2021-07-20 21:00:00,7412.637,0.0,0.101382
2021-07-20 22:00:00,7175.199,0.0,0.089687
2021-07-20 23:00:00,6975.745,0.0,0.082432
2021-07-21 00:00:00,6353.826,0.0,0.080438
2021-07-21 01:00:00,6202.517,0.0,0.083976
2021-07-21 02:00:00,6098.196,0.0,0.092599
2021-07-21 03:00:00,6091.687,0.0,0.105303
2021-07-21 04:00:00,6205.434,0.0,0.120642
2021-07-21 05:00:00,6416.906,0.054786,0.136931
2021-07-21 06:00:00,6666.239,0.187578,0.152471
2021-07-21 07:00:00,6883.546,0.347816,0.165783
2021-07-21 08:00:00,7018.684,0.512,0.175806
2021-07-21 09:00:00,7057.509,0.661198,0.182039
2021-07-21 10:00:00,7019.444,0.779788,0.184604
2021-07-21 11:00:00,6942.306,0.855914,0.184228
2021-07-21 12:00:00,6865.829,0.882135,0.182134
2021-07-21 13:00:00,6823.209,0.855914,0.179875
2021-07-21 14:00:00,6841.313,0.779788,0.17911
2021-07-21 15:00:00,6940.181,0.661198,0.181371
2021-07-21 16:00:00,7121.049,0.512,0.18785
2021-07-21 17:00:00,7346.851,0.347816,0.199222
2021-07-21 18:00:00,7539.208,0.187578,0.215541
2021-07-21 19:00:00,7612.616,0.054786,0.236226
2021-07-21 20:00:00,7529.207,0.0,0.26012
2021-07-21 21:00:00,7325.77,0.0,0.285633
2021-07-21 22:00:00,7085.813,0.0,0.310949
2021-07-21 23:00:00,6883.916,0.0,0.334249
2021-07-22 00:00:00,6259.89,0.0,0.353952
2021-07-22 01:00:00,6106.298,0.0,0.368909
2021-07-22 02:00:00,5999.775,0.0,0.378548
2021-07-22 03:00:00,5991.15,0.0,0.382941
2021-07-22 04:00:00,6102.866,0.0,0.382779
2021-07-22 05:00:00,6312.395,0.046668,0.379274
2021-07-22 06:00:00,6559.875,0.163176,0.373982
2021-07-22 07:00:00,6775.419,0.304278,0.368589
2021-07-22 08:00:00,6908.888,0.449079,0.364671
2021-07-22 09:00:00,6946.137,0.580779,0.363482
2021-07-22 10:00:00,6906.592,0.685517,0.365778
2021-07-22 11:00:00,6828.07,0.752773,0.371713
2021-07-22 12:00:00,6750.308,0.775942,0.380816
2021-07-22 13:00:00,6706.5,0.752773,0.392057
2021-07-22 14:00:00,6723.517,0.685517,0.403989
2021-07-22 15:00:00,6821.398,0.580779,0.414944
2021-07-22 16:00:00,7001.381,0.449079,0.423264
2021-07-22 17:00:00,7226.401,0.304278,0.427533
2021-07-22 18:00:00,7418.078,0.163176,0.426773
2021-07-22 19:00:00,7490.91,0.046668,0.420588
2021-07-22 20:00:00,7407.029,0.0,0.40922
2021-07-22 21:00:00,7203.225,0.0,0.393536
2021-07-22 22:00:00,6963.005,0.0,0.374915
2021-07-22 23:00:00,6760.95,0.0,0.355074
2021-07-23 00:00:00,6137.129,0.0,0.335877
2021-07-23 01:00:00,5983.589,0.0,0.318996
2021-07-23 02:00:00,5877.224,0.0,0.305842
2021-07-23 03:00:00,5868.861,0.0,0.297288
2021-07-23 04:00:00,5980.945,0.0,0.293591
2021-07-23 05:00:00,6190.946,0.036438,0.294367
2021-07-23 06:00:00,6439.002,0.130292,0.298657
2021-07-23 07:00:00,6655.226,0.244397,0.305063
2021-07-23 08:00:00,6789.477,0.361681,0.311951
2021-07-23 09:00:00,6827.612,0.46845,0.317676
2021-07-23 10:00:00,6789.053,0.55341,0.320817
2021-07-23 11:00:00,6711.618,0.607983,0.32037
2021-07-23 12:00:00,6635.043,0.626786,0.315895
2021-07-23 13:00:00,6592.521,0.607983,0.307573
2021-07-23 14:00:00,6610.922,0.55341,0.29619
2021-07-23 15:00:00,6710.283,0.46845,0.283031
2021-07-23 16:00:00,6891.842,0.361681,0.269704
2021-07-23 17:00:00,7118.531,0.244397,0.257923
2021-07-23 18:00:00,7311.971,0.130292,0.249275
2021-07-23 19:00:00,7386.656,0.036438,0.244999
2021-07-23 20:00:00,7304.718,0.0,0.245817
2021-07-23 21:00:00,7102.944,0.0,0.251826
2021-07-23 22:00:00,6864.841,0.0,0.262481
2021-07-23 23:00:00,6664.987,0.0,0.276656
2021-07-24 00:00:00,5607.559,0.0,0.292838
2021-07-24 01:00:00,5456.383,0.0,0.309137
2021-07-24 02:00:00,5352.461,0.0,0.323799
2021-07-24 03:00:00,5346.618,0.0,0.335253
2021-07-24 04:00:00,5461.296,0.0,0.342356
2021-07-24 05:00:00,5673.962,0.031443,0.344536
2021-07-24 06:00:00,5924.754,0.115148,0.34186
2021-07-24 07:00:00,6143.781,0.217328,0.335011
2021-07-24 08:00:00,6280.901,0.32253,0.325184
2021-07-24 09:00:00,6321.967,0.418391,0.313918
2021-07-24 10:00:00,6286.4,0.494715,0.302873
2021-07-24 11:00:00,6212.016,0.543759,0.293603
2021-07-24 12:00:00,6138.545,0.560659,0.287331
2021-07-24 13:00:00,6099.18,0.543759,0.28478
2021-07-24 14:00:00,6120.789,0.494715,0.286072
2021-07-24 15:00:00,6223.405,0.418391,0.2907
2021-07-24 16:00:00,6408.263,0.32253,0.297601
2021-07-24 17:00:00,6638.292,0.217328,0.305291
2021-07-24 18:00:00,6835.111,0.115148,0.312066
2021-07-24 19:00:00,6913.212,0.031443,0.316235
2021-07-24 20:00:00,6834.722,0.0,0.316352
2021-07-24 21:00:00,6636.427,0.0,0.311407
2021-07-24 22:00:00,6401.83,0.0,0.300976
2021-07-24 23:00:00,6205.507,0.0,0.285281
2021-07-25 00:00:00,5588.034,0.0,0.265238
2021-07-25 01:00:00,5440.428,0.0,0.242067
2021-07-25 02:00:00,5340.091,0.0,0.217547
2021-07-25 03:00:00,5337.845,0.0,0.193509
2021-07-25 04:00:00,5456.129,0.0,0.171674
2021-07-25 05:00:00,5672.408,0.031959,0.153429
2021-07-25 06:00:00,5926.815,0.120059,0.139657
2021-07-25 07:00:00,6149.458,0.228063,0.130628
2021-07-25 08:00:00,6290.19,0.339455,0.125977
2021-07-25 09:00:00,6334.863,0.441056,0.124768
2021-07-25 10:00:00,6302.893,0.521999,0.125629
2021-07-25 11:00:00,6232.093,0.574029,0.12696
2021-07-25 12:00:00,6162.192,0.591962,0.127151
2021-07-25 13:00:00,6126.379,0.574029,0.12482
2021-07-25 14:00:00,6151.518,0.521999,0.119007
2021-07-25 15:00:00,6257.64,0.441056,0.109315
2021-07-25 16:00:00,6445.976,0.339455,0.095974
2021-07-25 17:00:00,6679.455,0.228063,0.07982
2021-07-25 18:00:00,6879.689,0.120059,0.062184
2021-07-25 19:00:00,6961.169,0.031959,0.044726
2021-07-25 20:00:00,6886.02,0.0,0.03
2021-07-25 21:00:00,6691.024,0.0,0.03
2021-07-25 22:00:00,6459.681,0.0,0.03
2021-07-25 23:00:00,6266.565,0.0,0.03
2021-07-26 00:00:00,6088.654,0.0,0.03
2021-07-26 01:00:00,5944.153,0.0,0.03
2021-07-26 02:00:00,5846.865,0.0,0.036475
2021-07-26 03:00:00,5847.611,0.0,0.052859
2021-07-26 04:00:00,5968.827,0.0,0.07011
2021-07-26 05:00:00,6187.975,0.032591,0.086447
2021-07-26 06:00:00,6445.185,0.125812,0.100314
2021-07-26 07:00:00,6670.564,0.240609,0.110575
2021-07-26 08:00:00,6813.962,0.35922,0.116663
2021-07-26 09:00:00,6861.229,0.467516,0.118639
2021-07-26 10:00:00,6831.778,0.553847,0.117177
2021-07-26 11:00:00,6763.421,0.60936,0.113458
2021-07-26 12:00:00,6695.884,0.628497,0.108998
2021-07-26 13:00:00,6662.355,0.60936,0.105432
2021-07-26 14:00:00,6689.695,0.553847,0.104279
2021-07-26 15:00:00,6797.934,0.467516,0.106724
2021-07-26 16:00:00,6988.301,0.35922,0.113451
2021-07-26 17:00:00,7223.722,0.240609,0.12453
2021-07-26 18:00:00,7425.809,0.125812,0.139408
2021-07-26 19:00:00,7509.052,0.032591,0.156965
2021-07-26 20:00:00,7435.572,0.0,0.17566
2021-07-26 21:00:00,7242.152,0.0,0.193732
2021-07-26 22:00:00,7012.29,0.0,0.20943
2021-07-26 23:00:00,6820.557,0.0,0.221243
2021-07-27 00:00:00,6208.039,0.0,0.228221
2021-07-27 01:00:00,6064.725,0.0,0.229642
2021-07-27 02:00:00,5968.525,0.0,0.225784
2021-07-27 03:00:00,5970.257,0.0,0.217435
2021-07-27 04:00:00,6092.358,0.0,0.205902
2021-07-27 05:00:00,6312.288,0.031109,0.192839
2021-07-27 06:00:00,6570.178,0.123646,0.180027
2021-07-27 07:00:00,6796.133,0.238137,0.169141
2021-07-27 08:00:00,6940.003,0.356655,0.161527
2021-07-27 09:00:00,6987.637,0.464979,0.15803
2021-07-27 10:00:00,6958.449,0.551389,0.158889
2021-07-27 11:00:00,6890.25,0.606975,0.163713
2021-07-27 12:00:00,6822.766,0.62614,0.171543
2021-07-27 13:00:00,6789.184,0.606975,0.180994
2021-07-27 14:00:00,6816.366,0.551389,0.190453
2021-07-27 15:00:00,6924.342,0.464979,0.198307
2021-07-27 16:00:00,7114.342,0.356655,0.203176
2021-07-27 17:00:00,7349.291,0.238137,0.204104
2021-07-27 18:00:00,7550.802,0.123646,0.200707
2021-07-27 19:00:00,7633.365,0.031109,0.19323
2021-07-27 20:00:00,7559.103,0.0,0.182529
2021-07-27 21:00:00,7364.798,0.0,0.169961
2021-07-27 22:00:00,7133.949,0.0,0.157212
2021-07-27 23:00:00,6941.129,0.0,0.146077
2021-07-28 00:00:00,6327.678,0.0,0.138365
2021-07-28 01:00:00,6183.078,0.0,0.135114
2021-07-28 02:00:00,6085.494,0.0,0.137268
2021-07-28 03:00:00,6085.746,0.0,0.145003
2021-07-28 04:00:00,6206.271,0.0,0.157847
2021-07-28 05:00:00,6424.532,0.030925,0.174747
2021-07-28 06:00:00,6680.66,0.126812,0.194207
2021-07-28 07:00:00,6904.761,0.246039,0.214489
2021-07-28 08:00:00,7046.689,0.3697,0.233844
2021-07-28 09:00:00,7092.292,0.482849,0.250742
2021-07-28 10:00:00,7060.987,0.573167,0.264074
2021-07-28 11:00:00,6990.587,0.63129,0.273292
2021-07-28 12:00:00,6920.819,0.651334,0.278477
2021-07-28 13:00:00,6884.873,0.63129,0.280314
2021-07-28 14:00:00,6909.612,0.573167,0.279993
2021-07-28 15:00:00,7015.069,0.482849,0.279032
2021-07-28 16:00:00,7202.475,0.3697,0.279064
2021-07-28 17:00:00,7434.758,0.246039,0.281602
2021-07-28 18:00:00,7633.533,0.126812,0.287819
2021-07-28 19:00:00,7713.293,0.030925,0.298382
2021-07-28 20:00:00,7636.162,0.0,0.313341
2021-07-28 21:00:00,7438.926,0.0,0.332115
2021-07-28 22:00:00,7205.085,0.0,0.353555
2021-07-28 23:00:00,7009.215,0.0,0.376087
2021-07-29 00:00:00,6392.913,0.0,0.398076
2021-07-29 01:00:00,6245.155,0.0,0.4174
2021-07-29 02:00:00,6144.364,0.0,0.432672
2021-07-29 03:00:00,6141.362,0.0,0.442778
2021-07-29 04:00:00,6258.587,0.0,0.447186
2021-07-29 05:00:00,6473.508,0.034281,0.44601
2021-07-29 06:00:00,6726.256,0.145366,0.439991
2021-07-29 07:00:00,6946.942,0.284214,0.430389
2021-07-29 08:00:00,7085.421,0.428517,0.418812
2021-07-29 09:00:00,7127.545,0.560702,0.406999
2021-07-29 10:00:00,7092.735,0.666288,0.396583
2021-07-29 11:00:00,7018.804,0.734264,0.388872
2021-07-29 12:00:00,6945.485,0.75771,0.384677
2021-07-29 13:00:00,6905.969,0.734264,0.384205
2021-07-29 14:00:00,6927.123,0.666288,0.387039
2021-07-29 15:00:00,7028.983,0.560702,0.392199
2021-07-29 16:00:00,7212.782,0.428517,0.398283
2021-07-29 17:00:00,7441.453,0.284214,0.403669
2021-07-29 18:00:00,7636.613,0.145366,0.406739
2021-07-29 19:00:00,7712.757,0.034281,0.406111
2021-07-29 20:00:00,7632.014,0.0,0.40084
2021-07-29 21:00:00,7431.171,0.0,0.390552
2021-07-29 22:00:00,7193.733,0.0,0.375513
2021-07-29 23:00:00,6994.279,0.0,0.356602
2021-07-30 00:00:00,6374.659,0.0,0.335397
2021-07-30 01:00:00,6223.35,0.0,0.31324
2021-07-30 02:00:00,6119.029,0.0,0.292155
2021-07-30 03:00:00,6112.52,0.0,0.273857
2021-07-30 04:00:00,6226.267,0.0,0.259717
2021-07-30 05:00:00,6437.739,0.037548,0.250588
2021-07-30 06:00:00,6687.072,0.165059,0.246703
2021-07-30 07:00:00,6904.379,0.325318,0.24765
2021-07-30 08:00:00,7039.517,0.492225,0.252435
2021-07-30 09:00:00,7078.342,0.645293,0.259625
2021-07-30 10:00:00,7040.277,0.767647,0.267545
2021-07-30 11:00:00,6963.139,0.846452,0.274507
2021-07-30 12:00:00,6886.662,0.873638,0.279044
2021-07-30 13:00:00,6844.042,0.846452,0.280107
2021-07-30 14:00:00,6862.146,0.767647,0.277208
2021-07-30 15:00:00,6961.014,0.645293,0.270482
2021-07-30 16:00:00,7141.882,0.492225,0.260669
2021-07-30 17:00:00,7367.684,0.325318,0.249006
2021-07-30 18:00:00,7560.041,0.165059,0.237059
2021-07-30 19:00:00,7633.449,0.037548,0.226501
2021-07-30 20:00:00,7550.04,0.0,0.21888
2021-07-30 21:00:00,7346.603,0.0,0.215402
2021-07-30 22:00:00,7106.646,0.0,0.216756
2021-07-30 23:00:00,6904.749,0.0,0.223014
2021-07-31 00:00:00,5846.868,0.0,0.233822
2021-07-31 01:00:00,5693.275,0.0,0.247613
2021-07-31 02:00:00,5586.753,0.0,0.263029
2021-07-31 03:00:00,5578.127,0.0,0.278266
2021-07-31 04:00:00,5689.844,0.0,0.291527
2021-07-31 05:00:00,5899.373,0.035916,0.301244
2021-07-31 06:00:00,6146.852,0.164131,0.306286
2021-07-31 07:00:00,6362.397,0.326213,0.306098
2021-07-31 08:00:00,6495.865,0.495387,0.30077
2021-07-31 09:00:00,6533.115,0.650722,0.291011
2021-07-31 10:00:00,6493.57,0.774979,0.278048
2021-07-31 11:00:00,6415.048,0.855043,0.263456
2021-07-31 12:00:00,6337.285,0.88267,0.248935
2021-07-31 13:00:00,6293.477,0.855043,0.236082
2021-07-31 14:00:00,6310.495,0.774979,0.226164
2021-07-31 15:00:00,6408.376,0.650722,0.219955
2021-07-31 16:00:00,6588.359,0.495387,0.217623
2021-07-31 17:00:00,6813.378,0.326213,0.218715
2021-07-31 18:00:00,7005.055,0.164131,0.222215
2021-07-31 19:00:00,7077.887,0.035916,0.226689
2021-07-31 20:00:00,6994.006,0.0,0.230484
2021-07-31 21:00:00,6790.202,0.0,0.231957
2021-07-31 22:00:00,6549.982,0.0,0.229702
2021-07-31 23:00:00,6347.927,0.0,0.222756
2021-08-01 00:00:00,5726.393,0.0,0.210966
2021-08-01 01:00:00,5572.853,0.0,0.194117
2021-08-01 02:00:00,5466.488,0.0,0.173319
2021-08-01 03:00:00,5458.125,0.0,0.14996
2021-08-01 04:00:00,5570.209,0.0,0.125767
2021-08-01 05:00:00,5780.21,0.030015,0.102585
2021-08-01 06:00:00,6028.266,0.143036,0.082143
2021-08-01 07:00:00,6244.49,0.286788,0.065831
2021-08-01 08:00:00,6378.741,0.437171,0.054527
2021-08-01 09:00:00,6416.876,0.575422,0.048492
2021-08-01 10:00:00,6378.317,0.686098,0.047347
2021-08-01 11:00:00,6300.882,0.757444,0.050132
2021-08-01 12:00:00,6224.307,0.782067,0.055451
2021-08-01 13:00:00,6181.785,0.757444,0.061671
2021-08-01 14:00:00,6200.186,0.686098,0.067146
2021-08-01 15:00:00,6299.547,0.575422,0.070453
2021-08-01 16:00:00,6481.106,0.437171,0.070587
2021-08-01 17:00:00,6707.795,0.286788,0.067104
2021-08-01 18:00:00,6901.234,0.143036,0.060182
2021-08-01 19:00:00,6975.92,0.030015,0.050603
2021-08-01 20:00:00,6893.982,0.0,0.039646
2021-08-01 21:00:00,6692.208,0.0,0.03
2021-08-01 22:00:00,6454.105,0.0,0.03
2021-08-01 23:00:00,6254.251,0.0,0.03
2021-08-02 00:00:00,6071.398,0.0,0.03
2021-08-02 01:00:00,5920.222,0.0,0.03
2021-08-02 02:00:00,5816.3,0.0,0.03
2021-08-02 03:00:00,5810.457,0.0,0.04539
2021-08-02 04:00:00,5925.135,0.0,0.064709
2021-08-02 05:00:00,6137.801,0.0246,0.086319
2021-08-02 06:00:00,6388.593,0.122671,0.108412
2021-08-02 07:00:00,6607.62,0.248217,0.129179
2021-08-02 08:00:00,6744.74,0.379861,0.147038
2021-08-02 09:00:00,6785.806,0.501043,0.160836
2021-08-02 10:00:00,6750.239,0.598129,0.16999
2021-08-02 11:00:00,6675.855,0.660743,0.174555
2021-08-02 12:00:00,6602.384,0.682357,0.175204
2021-08-02 13:00:00,6563.019,0.660743,0.173122
2021-08-02 14:00:00,6584.628,0.598129,0.169833
2021-08-02 15:00:00,6687.244,0.501043,0.166989
2021-08-02 16:00:00,6872.102,0.379861,0.16613
2021-08-02 17:00:00,7102.131,0.248217,0.168466
2021-08-02 18:00:00,7298.95,0.122671,0.174711
2021-08-02 19:00:00,7377.051,0.0246,0.184971
2021-08-02 20:00:00,7298.561,0.0,0.198729
2021-08-02 21:00:00,7100.266,0.0,0.214907
2021-08-02 22:00:00,6865.669,0.0,0.232009
2021-08-02 23:00:00,6669.346,0.0,0.248319
2021-08-03 00:00:00,6054.144,0.0,0.262414
2021-08-03 01:00:00,5906.538,0.0,0.272269
2021-08-03 02:00:00,5806.2,0.0,0.277143
2021-08-03 03:00:00,5803.954,0.0,0.276598
2021-08-03 04:00:00,5922.238,0.0,0.270842
2021-08-03 05:00:00,6138.518,0.021936,0.260704
2021-08-03 06:00:00,6392.925,0.114904,0.247533
2021-08-03 07:00:00,6615.568,0.234733,0.233021
2021-08-03 08:00:00,6756.3,0.36069,0.218986
2021-08-03 09:00:00,6800.973,0.47679,0.20713
2021-08-03 10:00:00,6769.002,0.569879,0.198828
2021-08-03 11:00:00,6698.203,0.629944,0.194946
2021-08-03 12:00:00,6628.302,0.650683,0.195737
2021-08-03 13:00:00,6592.489,0.629944,0.200822
2021-08-03 14:00:00,6617.627,0.569879,0.209247
2021-08-03 15:00:00,6723.749,0.47679,0.219627
2021-08-03 16:00:00,6912.086,0.36069,0.230342
2021-08-03 17:00:00,7145.564,0.234733,0.239769
2021-08-03 18:00:00,7345.798,0.114904,0.246508
2021-08-03 19:00:00,7427.278,0.021936,0.249584
2021-08-03 20:00:00,7352.129,0.0,0.248584
2021-08-03 21:00:00,7157.134,0.0,0.243722
2021-08-03 22:00:00,6925.791,0.0,0.235818
2021-08-03 23:00:00,6732.675,0.0,0.22619
2021-08-04 00:00:00,6120.877,0.0,0.216785
2021-08-04 01:00:00,5976.376,0.0,0.208744
2021-08-04 02:00:00,5879.088,0.0,0.203991
2021-08-04 03:00:00,5879.834,0.0,0.203799
2021-08-04 04:00:00,6001.05,0.0,0.208922
2021-08-04 05:00:00,6220.197,0.019901,0.219484
2021-08-04 06:00:00,6477.408,0.109992,0.234968
2021-08-04 07:00:00,6702.787,0.226952,0.25427
2021-08-04 08:00:00,6846.185,0.350205,0.275849
2021-08-04 09:00:00,6893.451,0.463968,0.297924
2021-08-04 10:00:00,6864.001,0.555259,0.318706
2021-08-04 11:00:00,6795.644,0.614193,0.336627
2021-08-04 12:00:00,6728.107,0.634546,0.350548
2021-08-04 13:00:00,6694.578,0.614193,0.359891
2021-08-04 14:00:00,6721.917,0.555259,0.364714
2021-08-04 15:00:00,6830.156,0.463968,0.365685
2021-08-04 16:00:00,7020.523,0.350205,0.363981
2021-08-04 17:00:00,7255.945,0.226952,0.361115
2021-08-04 18:00:00,7458.032,0.109992,0.358719
2021-08-04 19:00:00,7541.274,0.019901,0.358311
2021-08-04 20:00:00,7467.795,0.0,0.361077
2021-08-04 21:00:00,7274.375,0.0,0.367698
2021-08-04 22:00:00,7044.513,0.0,0.37825
2021-08-04 23:00:00,6852.78,0.0,0.392179
2021-08-05 00:00:00,6242.514,0.0,0.408697
2021-08-05 01:00:00,6099.2,0.0,0.425611
2021-08-05 02:00:00,6003.0,0.0,0.441492
2021-08-05 03:00:00,6004.732,0.0,0.454594
2021-08-05 04:00:00,6126.832,0.0,0.463414
2021-08-05 05:00:00,6346.763,0.016649,0.46689
2021-08-05 06:00:00,6604.653,0.097576,0.464543
2021-08-05 07:00:00,6830.608,0.203444,0.456543
2021-08-05 08:00:00,6974.478,0.315303,0.443685
2021-08-05 09:00:00,7022.112,0.418694,0.427285
2021-08-05 10:00:00,6992.924,0.501733,0.409007
2021-08-05 11:00:00,6924.725,0.555367,0.390644
2021-08-05 12:00:00,6857.241,0.573894,0.373879
2021-08-05 13:00:00,6823.659,0.555367,0.360072
2021-08-05 14:00:00,6850.841,0.501733,0.350077
2021-08-05 15:00:00,6958.817,0.418694,0.344146
2021-08-05 16:00:00,7148.817,0.315303,0.341898
2021-08-05 17:00:00,7383.766,0.203444,0.342389
2021-08-05 18:00:00,7585.277,0.097576,0.344244
2021-08-05 19:00:00,7667.84,0.016649,0.345864
2021-08-05 20:00:00,7593.578,0.0,0.345649
2021-08-05 21:00:00,7399.273,0.0,0.342231
2021-08-05 22:00:00,7168.424,0.0,0.334667
2021-08-05 23:00:00,6975.604,0.0,0.322586
2021-08-06 00:00:00,6364.395,0.0,0.3066
2021-08-06 01:00:00,6219.795,0.0,0.286872
2021-08-06 02:00:00,6122.211,0.0,0.265126
2021-08-06 03:00:00,6122.463,0.0,0.24306
2021-08-06 04:00:00,6242.988,0.0,0.222484
2021-08-06 05:00:00,6461.248,0.013833,0.205077
2021-08-06 06:00:00,6717.376,0.086463,0.192177
2021-08-06 07:00:00,6941.478,0.182251,0.184597
2021-08-06 08:00:00,7083.405,0.283734,0.182528
2021-08-06 09:00:00,7129.009,0.377672,0.185513
2021-08-06 10:00:00,7097.704,0.453185,0.192512
2021-08-06 11:00:00,7027.303,0.501982,0.202042
2021-08-06 12:00:00,6957.535,0.518843,0.212381
2021-08-06 13:00:00,6921.589,0.501982,0.221792
2021-08-06 14:00:00,6946.328,0.453185,0.228761
2021-08-06 15:00:00,7051.785,0.377672,0.232193
2021-08-06 16:00:00,7239.191,0.283734,0.231555
2021-08-06 17:00:00,7471.474,0.182251,0.226941
2021-08-06 18:00:00,7670.25,0.086463,0.219051
2021-08-06 19:00:00,7750.009,0.013833,0.209091
2021-08-06 20:00:00,7672.879,0.0,0.198592
2021-08-06 21:00:00,7475.642,0.0,0.189204
2021-08-06 22:00:00,7241.801,0.0,0.182453
2021-08-06 23:00:00,7045.932,0.0,0.179529
2021-08-07 00:00:00,5995.712,0.0,0.181486
2021-08-07 01:00:00,5847.955,0.0,0.18764
2021-08-07 02:00:00,5747.163,0.0,0.197802
2021-08-07 03:00:00,5744.161,0.0,0.210834
2021-08-07 04:00:00,5861.387,0.0,0.225178
2021-08-07 05:00:00,6076.307,0.01373,0.23905
2021-08-07 06:00:00,6329.055,0.092136,0.250671
2021-08-07 07:00:00,6549.741,0.196436,0.258502
2021-08-07 08:00:00,6688.22,0.30725,0.261444
2021-08-07 09:00:00,6730.345,0.409979,0.258979
2021-08-07 10:00:00,6695.534,0.492633,0.251233
2021-08-07 11:00:00,6621.603,0.546074,0.23896
2021-08-07 12:00:00,6548.284,0.564543,0.223431
2021-08-07 13:00:00,6508.768,0.546074,0.206267
2021-08-07 14:00:00,6529.922,0.492633,0.189218
2021-08-07 15:00:00,6631.782,0.409979,0.173927
2021-08-07 16:00:00,6815.582,0.30725,0.161712
2021-08-07 17:00:00,7044.252,0.196436,0.153393
2021-08-07 18:00:00,7239.412,0.092136,0.149187
2021-08-07 19:00:00,7315.556,0.01373,0.148682
2021-08-07 20:00:00,7234.813,0.0,0.150907
2021-08-07 21:00:00,7033.97,0.0,0.154467
2021-08-07 22:00:00,6796.532,0.0,0.157743
2021-08-07 23:00:00,6597.078,0.0,0.159121
2021-08-08 00:00:00,5979.678,0.0,0.157623
2021-08-08 01:00:00,5828.369,0.0,0.151509
2021-08-08 02:00:00,5724.047,0.0,0.140806
2021-08-08 03:00:00,5717.539,0.0,0.125779
2021-08-08 04:00:00,5831.286,0.0,0.107308
2021-08-08 05:00:00,6042.758,0.015403,0.08678
2021-08-08 06:00:00,6292.091,0.111838,0.065915
2021-08-08 07:00:00,6509.397,0.241303,0.046544
2021-08-08 08:00:00,6644.535,0.379255,0.030377
2021-08-08 09:00:00,6683.361,0.507341,0.03
2021-08-08 10:00:00,6645.296,0.610493,0.03
2021-08-08 11:00:00,6568.158,0.677222,0.03
2021-08-08 12:00:00,6491.681,0.700291,0.03
2021-08-08 13:00:00,6449.06,0.677222,0.03
2021-08-08 14:00:00,6467.165,0.610493,0.037388
2021-08-08 15:00:00,6566.032,0.507341,0.050187
2021-08-08 16:00:00,6746.901,0.379255,0.062387
2021-08-08 17:00:00,6972.703,0.241303,0.072511
2021-08-08 18:00:00,7165.059,0.111838,0.079497
2021-08-08 19:00:00,7238.467,0.015403,0.082846
2021-08-08 20:00:00,7155.058,0.0,0.082682
2021-08-08 21:00:00,6951.622,0.0,0.079731
2021-08-08 22:00:00,6711.664,0.0,0.075218
2021-08-08 23:00:00,6509.767,0.0,0.070695
2021-08-09 00:00:00,6326.39,0.0,0.068242
2021-08-09 01:00:00,6172.798,0.0,0.068553
2021-08-09 02:00:00,6066.275,0.0,0.073241
2021-08-09 03:00:00,6057.65,0.0,0.08298
2021-08-09 04:00:00,6169.366,0.0,0.097828
2021-08-09 05:00:00,6378.895,0.015877,0.117203
2021-08-09 06:00:00,6626.375,0.125885,0.13995
2021-08-09 07:00:00,6841.919,0.275021,0.164483
2021-08-09 08:00:00,6975.387,0.434417,0.188985
2021-08-09 09:00:00,7012.637,0.58265,0.211642
2021-08-09 10:00:00,6973.092,0.70214,0.230873
2021-08-09 11:00:00,6894.57,0.779482,0.245532
2021-08-09 12:00:00,6816.807,0.806227,0.255051
2021-08-09 13:00:00,6772.999,0.779482,0.259503
2021-08-09 14:00:00,6790.017,0.70214,0.259584
2021-08-09 15:00:00,6887.898,0.58265,0.256507
2021-08-09 16:00:00,7067.881,0.434417,0.251832
2021-08-09 17:00:00,7292.901,0.275021,0.247246
2021-08-09 18:00:00,7484.578,0.125885,0.244329
2021-08-09 19:00:00,7557.41,0.015877,0.244337
2021-08-09 20:00:00,7473.529,0.0,0.248028
2021-08-09 21:00:00,7269.724,0.0,0.255558
2021-08-09 22:00:00,7029.504,0.0,0.266457
2021-08-09 23:00:00,6827.449,0.0,0.279698
2021-08-10 00:00:00,6208.109,0.0,0.294274
2021-08-10 01:00:00,6054.569,0.0,0.307634
2021-08-10 02:00:00,5948.204,0.0,0.318563
2021-08-10 03:00:00,5939.842,0.0,0.325642
2021-08-10 04:00:00,6051.926,0.0,0.327892
2021-08-10 05:00:00,6261.926,0.014081,0.324914
2021-08-10 06:00:00,6509.982,0.12328,0.316948
2021-08-10 07:00:00,6726.206,0.27287,0.304857
2021-08-10 08:00:00,6860.457,0.433255,0.290014
2021-08-10 09:00:00,6898.592,0.582654,0.274132
2021-08-10 10:00:00,6860.033,0.703202,0.259045
2021-08-10 11:00:00,6782.599,0.781274,0.246466
2021-08-10 12:00:00,6706.023,0.808278,0.237774
2021-08-10 13:00:00,6663.501,0.781274,0.233833
2021-08-10 14:00:00,6681.902,0.703202,0.234892
2021-08-10 15:00:00,6781.264,0.582654,0.240558
2021-08-10 16:00:00,6962.823,0.433255,0.24986
2021-08-10 17:00:00,7189.512,0.27287,0.261392
2021-08-10 18:00:00,7382.951,0.12328,0.273505
2021-08-10 19:00:00,7457.636,0.014081,0.284545
2021-08-10 20:00:00,7375.698,0.0,0.293077
2021-08-10 21:00:00,7173.925,0.0,0.298086
2021-08-10 22:00:00,6935.821,0.0,0.299118
2021-08-10 23:00:00,6735.968,0.0,0.296341
2021-08-11 00:00:00,6119.147,0.0,0.290995
2021-08-11 01:00:00,5967.971,0.0,0.283419
2021-08-11 02:00:00,5864.049,0.0,0.275674
2021-08-11 03:00:00,5858.206,0.0,0.269462
2021-08-11 04:00:00,5972.884,0.0,0.266356
2021-08-11 05:00:00,6185.55,0.011581,0.267583
2021-08-11 06:00:00,6436.342,0.113468,0.273853
2021-08-11 07:00:00,6655.369,0.254611,0.28525
2021-08-11 08:00:00,6792.489,0.406436,0.301218
2021-08-11 09:00:00,6833.556,0.5481,0.320621
2021-08-11 10:00:00,6797.988,0.662522,0.341887
2021-08-11 11:00:00,6723.604,0.73667,0.363212
2021-08-11 12:00:00,6650.133,0.762324,0.382784
2021-08-11 13:00:00,6610.768,0.73667,0.399025
2021-08-11 14:00:00,6632.377,0.662522,0.410783
2021-08-11 15:00:00,6734.993,0.5481,0.417479
2021-08-11 16:00:00,6919.851,0.406436,0.419174
2021-08-11 17:00:00,7149.88,0.254611,0.416544
2021-08-11 18:00:00,7346.699,0.113468,0.410781
2021-08-11 19:00:00,7424.8,0.011581,0.403417
2021-08-11 20:00:00,7346.31,0.0,0.39611
2021-08-11 21:00:00,7148.015,0.0,0.39041
2021-08-11 22:00:00,6913.418,0.0,0.387536
2021-08-11 23:00:00,6717.095,0.0,0.388212
2021-08-12 00:00:00,6104.059,0.0,0.393042
2021-08-12 01:00:00,5956.453,0.0,0.400548
2021-08-12 02:00:00,5856.116,0.0,0.410149
2021-08-12 03:00:00,5853.87,0.0,0.420363
2021-08-12 04:00:00,5972.154,0.0,0.429486
2021-08-12 05:00:00,6188.433,0.009738,0.435828
2021-08-12 06:00:00,6442.84,0.108595,0.43794
2021-08-12 07:00:00,6665.483,0.247193,0.434817
2021-08-12 08:00:00,6806.216,0.396786,0.426034
2021-08-12 09:00:00,6850.888,0.536612,0.411812
2021-08-12 10:00:00,6818.918,0.649667,0.392999
2021-08-12 11:00:00,6748.118,0.722973,0.370958
2021-08-12 12:00:00,6678.217,0.748342,0.347396
2021-08-12 13:00:00,6642.404,0.722973,0.324147
2021-08-12 14:00:00,6667.543,0.649667,0.302929
2021-08-12 15:00:00,6773.665,0.536612,0.285133
2021-08-12 16:00:00,6962.001,0.396786,0.27164
2021-08-12 17:00:00,7195.48,0.247193,0.262721
2021-08-12 18:00:00,7395.714,0.108595,0.25801
2021-08-12 19:00:00,7477.194,0.009738,0.256569
2021-08-12 20:00:00,7402.045,0.0,0.25703
2021-08-12 21:00:00,7207.049,0.0,0.257788
2021-08-12 22:00:00,6975.707,0.0,0.257234
2021-08-12 23:00:00,6782.59,0.0,0.253985
2021-08-13 00:00:00,6172.945,0.0,0.247588
2021-08-13 01:00:00,6028.443,0.0,0.236627
2021-08-13 02:00:00,5931.156,0.0,0.221841
2021-08-13 03:00:00,5931.902,0.0,0.204063
2021-08-13 04:00:00,6053.117,0.0,0.184624
2021-08-13 05:00:00,6272.265,0.008109,0.165182
2021-08-13 06:00:00,6529.476,0.105153,0.147501
2021-08-13 07:00:00,6754.854,0.242981,0.133214
2021-08-13 08:00:00,6898.252,0.392268,0.123608
2021-08-13 09:00:00,6945.519,0.532058,0.119447
2021-08-13 10:00:00,6916.068,0.645204,0.120873
2021-08-13 11:00:00,6847.711,0.718615,0.127377
2021-08-13 12:00:00,6780.175,0.744029,0.137872
2021-08-13 13:00:00,6746.645,0.718615,0.150827
2021-08-13 14:00:00,6773.985,0.645204,0.164474
2021-08-13 15:00:00,6882.224,0.532058,0.177036
2021-08-13 16:00:00,7072.591,0.392268,0.186959
2021-08-13 17:00:00,7308.012,0.242981,0.193113
2021-08-13 18:00:00,7510.1,0.105153,0.194934
2021-08-13 19:00:00,7593.342,0.008109,0.192491
2021-08-13 20:00:00,7519.863,0.0,0.186464
2021-08-13 21:00:00,7326.443,0.0,0.17804
2021-08-13 22:00:00,7096.58,0.0,0.168745
2021-08-13 23:00:00,6904.848,0.0,0.16022
2021-08-14 00:00:00,5860.57,0.0,0.154525
2021-08-14 01:00:00,5717.256,0.0,0.151794
2021-08-14 02:00:00,5621.055,0.0,0.153251
2021-08-14 03:00:00,5622.788,0.0,0.158979
2021-08-14 04:00:00,5744.888,0.0,0.168433
2021-08-14 05:00:00,5964.819,0.005963,0.180508
2021-08-14 06:00:00,6222.709,0.092483,0.193674
2021-08-14 07:00:00,6448.664,0.217101,0.206183
2021-08-14 08:00:00,6592.534,0.352573,0.216295
2021-08-14 09:00:00,6640.168,0.479662,0.222515
2021-08-14 10:00:00,6610.98,0.58264,0.223787
2021-08-14 11:00:00,6542.781,0.649497,0.219637
2021-08-14 12:00:00,6475.296,0.672648,0.21024
2021-08-14 13:00:00,6441.714,0.649497,0.196395
2021-08-14 14:00:00,6468.897,0.58264,0.179424
2021-08-14 15:00:00,6576.873,0.479662,0.160991
2021-08-14 16:00:00,6766.872,0.352573,0.142892
2021-08-14 17:00:00,7001.821,0.217101,0.126812
2021-08-14 18:00:00,7203.333,0.092483,0.114109
2021-08-14 19:00:00,7285.896,0.005963,0.105639
2021-08-14 20:00:00,7211.634,0.0,0.101651
2021-08-14 21:00:00,7017.329,0.0,0.101764
2021-08-14 22:00:00,6786.48,0.0,0.105027
2021-08-14 23:00:00,6593.66,0.0,0.110065
2021-08-15 00:00:00,5984.571,0.0,0.115824
2021-08-15 01:00:00,5839.971,0.0,0.119595
2021-08-15 02:00:00,5742.387,0.0,0.120553
2021-08-15 03:00:00,5742.639,0.0,0.11775
2021-08-15 04:00:00,5863.164,0.0,0.110807
2021-08-15 05:00:00,6081.425,0.003786,0.099972
2021-08-15 06:00:00,6337.553,0.072998,0.086104
2021-08-15 07:00:00,6561.654,0.174219,0.070564
2021-08-15 08:00:00,6703.581,0.284673,0.055038
2021-08-15 09:00:00,6749.185,0.388491,0.041324
2021-08-15 10:00:00,6717.88,0.472707,0.031089
2021-08-15 11:00:00,6647.479,0.527419,0.03
2021-08-15 12:00:00,6577.712,0.54637,0.03
2021-08-15 13:00:00,6541.765,0.527419,0.03177
2021-08-15 14:00:00,6566.505,0.472707,0.043022
2021-08-15 15:00:00,6671.961,0.388491,0.058524
2021-08-15 16:00:00,6859.367,0.284673,0.076779
2021-08-15 17:00:00,7091.651,0.174219,0.096046
2021-08-15 18:00:00,7290.426,0.072998,0.114574
2021-08-15 19:00:00,7370.185,0.003786,0.130832
2021-08-15 20:00:00,7293.055,0.0,0.143707
2021-08-15 21:00:00,7095.818,0.0,0.152649
2021-08-15 22:00:00,6861.977,0.0,0.157737
2021-08-15 23:00:00,6666.108,0.0,0.159654
2021-08-16 00:00:00,6490.289,0.0,0.16016
2021-08-16 01:00:00,6342.531,0.0,0.159625
2021-08-16 02:00:00,6241.74,0.0,0.160253
2021-08-16 03:00:00,6238.737,0.0,0.163555
2021-08-16 04:00:00,6355.963,0.0,0.170704
2021-08-16 05:00:00,6570.883,0.002438,0.182364
2021-08-16 06:00:00,6823.632,0.061823,0.198584
2021-08-16 07:00:00,7044.318,0.150137,0.218783
2021-08-16 08:00:00,7182.796,0.246886,0.241811
2021-08-16 09:00:00,7224.921,0.338001,0.266091
2021-08-16 10:00:00,7190.11,0.411998,0.289825
2021-08-16 11:00:00,7116.18,0.460103,0.311221
2021-08-16 12:00:00,7042.86,0.476771,0.328725
2021-08-16 13:00:00,7003.344,0.460103,0.341223
2021-08-16 14:00:00,7024.499,0.411998,0.348184
2021-08-16 15:00:00,7126.358,0.338001,0.349721
2021-08-16 16:00:00,7310.158,0.246886,0.346573
2021-08-16 17:00:00,7538.829,0.150137,0.340001
2021-08-16 18:00:00,7733.989,0.061823,0.331612
2021-08-16 19:00:00,7810.133,0.002438,0.323144
2021-08-16 20:00:00,7729.39,0.0,0.316228
2021-08-16 21:00:00,7528.547,0.0,0.312171
2021-08-16 22:00:00,7291.109,0.0,0.311781
2021-08-16 23:00:00,7091.654,0.0,0.315264
2021-08-17 00:00:00,6476.34,0.0,0.322794
2021-08-17 01:00:00,6325.031,0.0,0.332196
2021-08-17 02:00:00,6220.71,0.0,0.342661
2021-08-17 03:00:00,6214.201,0.0,0.35256
2021-08-17 04:00:00,6327.949,0.0,0.360272
2021-08-17 05:00:00,6539.42,0.001822,0.364407
2021-08-17 06:00:00,6788.753,0.066357,0.364014
2021-08-17 07:00:00,7006.06,0.16412,0.358713
2021-08-17 08:00:00,7141.198,0.27166,0.34876
2021-08-17 09:00:00,7180.024,0.373141,0.335026
2021-08-17 10:00:00,7141.958,0.455655,0.318891
2021-08-17 11:00:00,7064.82,0.509333,0.302066
2021-08-17 12:00:00,6988.344,0.527938,0.286376
2021-08-17 13:00:00,6945.723,0.509333,0.273523
2021-08-17 14:00:00,6963.828,0.455655,0.264867
2021-08-17 15:00:00,7062.695,0.373141,0.261251
2021-08-17 16:00:00,7243.563,0.27166,0.262896
2021-08-17 17:00:00,7469.366,0.16412,0.269376
2021-08-17 18:00:00,7661.722,0.066357,0.279685
2021-08-17 19:00:00,7735.13,0.001822,0.292377
2021-08-17 20:00:00,7651.721,0.0,0.305764
2021-08-17 21:00:00,7448.285,0.0,0.318145
2021-08-17 22:00:00,7208.327,0.0,0.328042
2021-08-17 23:00:00,7006.43,0.0,0.334391
2021-08-18 00:00:00,6388.973,0.0,0.337309
2021-08-18 01:00:00,6235.381,0.0,0.335685
2021-08-18 02:00:00,6128.858,0.0,0.330863
2021-08-18 03:00:00,6120.232,0.0,0.324071
2021-08-18 04:00:00,6231.949,0.0,0.31686
2021-08-18 05:00:00,6441.478,0.001249,0.310896
2021-08-18 06:00:00,6688.958,0.07671,0.307715
2021-08-18 07:00:00,6904.502,0.19341,0.308514
2021-08-18 08:00:00,7037.97,0.322328,0.313973
2021-08-18 09:00:00,7075.22,0.444237,0.324158
2021-08-18 10:00:00,7035.675,0.54348,0.338492
2021-08-18 11:00:00,6957.153,0.608087,0.35583
2021-08-18 12:00:00,6879.39,0.630487,0.374592
2021-08-18 13:00:00,6835.582,0.608087,0.392973
2021-08-18 14:00:00,6852.6,0.54348,0.409168
2021-08-18 15:00:00,6950.481,0.444237,0.421609
2021-08-18 16:00:00,7130.464,0.322328,0.42916
2021-08-18 17:00:00,7355.484,0.19341,0.431267
2021-08-18 18:00:00,7547.16,0.07671,0.428016
2021-08-18 19:00:00,7619.992,0.001249,0.420116
2021-08-18 20:00:00,7536.112,0.0,0.408797
2021-08-18 21:00:00,7332.307,0.0,0.395631
2021-08-18 22:00:00,7092.087,0.0,0.382323
2021-08-18 23:00:00,6890.032,0.0,0.370468
2021-08-19 00:00:00,6272.742,0.0,0.361978
2021-08-19 01:00:00,6119.202,0.0,0.35635
2021-08-19 02:00:00,6012.837,0.0,0.354396
2021-08-19 03:00:00,6004.474,0.0,0.355663
2021-08-19 04:00:00,6116.559,0.0,0.359142
2021-08-19 05:00:00,6326.559,0.000532,0.363402
2021-08-19 06:00:00,6574.615,0.080445,0.366793
2021-08-19 07:00:00,6790.839,0.206979,0.367676
2021-08-19 08:00:00,6925.09,0.347379,0.364651
2021-08-19 09:00:00,6963.225,0.480429,0.356756
2021-08-19 10:00:00,6924.666,0.588878,0.343609
2021-08-19 11:00:00,6847.232,0.659528,0.325469
2021-08-19 12:00:00,6770.656,0.684031,0.303214
2021-08-19 13:00:00,6728.134,0.659528,0.278236
2021-08-19 14:00:00,6746.535,0.588878,0.252265
2021-08-19 15:00:00,6845.897,0.480429,0.227149
2021-08-19 16:00:00,7027.456,0.347379,0.20462
2021-08-19 17:00:00,7254.145,0.206979,0.18607
2021-08-19 18:00:00,7447.584,0.080445,0.172381
2021-08-19 19:00:00,7522.269,0.000532,0.163815
2021-08-19 20:00:00,7440.331,0.0,0.159995
2021-08-19 21:00:00,7238.558,0.0,0.159964
2021-08-19 22:00:00,7000.454,0.0,0.162329
2021-08-19 23:00:00,6800.601,0.0,0.165454
2021-08-20 00:00:00,6185.811,0.0,0.168359
2021-08-20 01:00:00,6034.635,0.0,0.168301
2021-08-20 02:00:00,5930.713,0.0,0.164937
2021-08-20 03:00:00,5924.87,0.0,0.157824
2021-08-20 04:00:00,6039.547,0.0,0.147143
2021-08-20 05:00:00,6252.214,1.3e-05,0.133677
2021-08-20 06:00:00,6503.006,0.078478,0.118708
2021-08-20 07:00:00,6722.033,0.206278,0.103841
2021-08-20 08:00:00,6859.153,0.348735,0.090787
2021-08-20 09:00:00,6900.219,0.484034,0.081129
2021-08-20 10:00:00,6864.652,0.594456,0.076102
2021-08-20 11:00:00,6790.267,0.666444,0.076425
2021-08-20 12:00:00,6716.797,0.69142,0.082191
2021-08-20 13:00:00,6677.432,0.666444,0.092851
2021-08-20 14:00:00,6699.04,0.594456,0.107276
2021-08-20 15:00:00,6801.656,0.484034,0.123903
2021-08-20 16:00:00,6986.514,0.348735,0.140932
2021-08-20 17:00:00,7216.544,0.206278,0.156561
2021-08-20 18:00:00,7413.363,0.078478,0.169215
2021-08-20 19:00:00,7491.463,1.3e-05,0.17775
2021-08-20 20:00:00,7412.974,0.0,0.181591
2021-08-20 21:00:00,7214.679,0.0,0.180805
2021-08-20 22:00:00,6980.082,0.0,0.176072
2021-08-20 23:00:00,6783.758,0.0,0.168588
2021-08-21 00:00:00,5736.586,0.0,0.160571
2021-08-21 01:00:00,5588.98,0.0,0.152321
2021-08-21 02:00:00,5488.642,0.0,0.146069
2021-08-21 03:00:00,5486.396,0.0,0.143041
2021-08-21 04:00:00,5604.681,0.0,0.14396
2021-08-21 05:00:00,5820.96,0.0,0.148945
2021-08-21 06:00:00,6075.367,0.079329,0.157492
2021-08-21 07:00:00,6298.01,0.213272,0.168535
2021-08-21 08:00:00,6438.742,0.363291,0.180591
2021-08-21 09:00:00,6483.415,0.506095,0.191955
2021-08-21 10:00:00,6451.445,0.622795,0.200935
2021-08-21 11:00:00,6380.645,0.698933,0.206081
2021-08-21 12:00:00,6310.744,0.725359,0.206383
2021-08-21 13:00:00,6274.931,0.698933,0.201414
2021-08-21 14:00:00,6300.069,0.622795,0.191391
2021-08-21 15:00:00,6406.191,0.506095,0.177154
2021-08-21 16:00:00,6594.528,0.363291,0.160062
2021-08-21 17:00:00,6828.006,0.213272,0.141816
2021-08-21 18:00:00,7028.24,0.079329,0.12424
2021-08-21 19:00:00,7109.72,0.0,0.109046
2021-08-21 20:00:00,7034.571,0.0,0.097614
2021-08-21 21:00:00,6839.576,0.0,0.090815
2021-08-21 22:00:00,6608.233,0.0,0.088911
2021-08-21 23:00:00,6415.117,0.0,0.091523
2021-08-22 00:00:00,5807.462,0.0,0.098403
2021-08-22 01:00:00,5662.96,0.0,0.106767
2021-08-22 02:00:00,5565.673,0.0,0.115698
2021-08-22 03:00:00,5566.419,0.0,0.123573
2021-08-22 04:00:00,5687.634,0.0,0.128993
2021-08-22 05:00:00,5906.782,0.0,0.130981
2021-08-22 06:00:00,6163.993,0.082983,0.129125
2021-08-22 07:00:00,6389.371,0.228477,0.123635
2021-08-22 08:00:00,6532.769,0.392243,0.11533
2021-08-22 09:00:00,6580.036,0.5485,0.105523
2021-08-22 10:00:00,6550.585,0.676364,0.095854
2021-08-22 11:00:00,6482.228,0.759851,0.088069
2021-08-22 12:00:00,6414.692,0.788838,0.083783
2021-08-22 13:00:00,6381.162,0.759851,0.084265
2021-08-22 14:00:00,6408.502,0.676364,0.090262
2021-08-22 15:00:00,6516.741,0.5485,0.101895
2021-08-22 16:00:00,6707.108,0.392243,0.118638
2021-08-22 17:00:00,6942.529,0.228477,0.139384
2021-08-22 18:00:00,7144.616,0.082983,0.162586
2021-08-22 19:00:00,7227.859,0.0,0.186457
2021-08-22 20:00:00,7154.38,0.0,0.209202
2021-08-22 21:00:00,6960.96,0.0,0.229249
2021-08-22 22:00:00,6731.097,0.0,0.245451
2021-08-22 23:00:00,6539.365,0.0,0.257227
2021-08-23 00:00:00,6369.353,0.0,0.26535
2021-08-23 01:00:00,6226.039,0.0,0.269042
2021-08-23 02:00:00,6129.839,0.0,0.270196
2021-08-23 03:00:00,6131.571,0.0,0.270321
2021-08-23 04:00:00,6253.671,0.0,0.271044
2021-08-23 05:00:00,6473.602,0.0,0.27388
2021-08-23 06:00:00,6731.492,0.080054,0.280011
2021-08-23 07:00:00,6957.447,0.226042,0.290116
2021-08-23 08:00:00,7101.317,0.391218,0.304266
2021-08-23 09:00:00,7148.951,0.549198,0.321904
2021-08-23 10:00:00,7119.763,0.678651,0.341912
2021-08-23 11:00:00,7051.564,0.763243,0.36275
2021-08-23 12:00:00,6984.08,0.792623,0.382658
2021-08-23 13:00:00,6950.498,0.763243,0.399889
2021-08-23 14:00:00,6977.68,0.678651,0.412935
2021-08-23 15:00:00,7085.656,0.549198,0.420733
2021-08-23 16:00:00,7275.656,0.391218,0.422799
2021-08-23 17:00:00,7510.605,0.226042,0.419302
2021-08-23 18:00:00,7712.116,0.080054,0.411033
2021-08-23 19:00:00,7794.679,0.0,0.399304
2021-08-23 20:00:00,7720.417,0.0,0.385776
2021-08-23 21:00:00,7526.112,0.0,0.372237
2021-08-23 22:00:00,7295.263,0.0,0.360366
2021-08-23 23:00:00,7102.443,0.0,0.351516
2021-08-24 00:00:00,6495.302,0.0,0.347279
2021-08-24 01:00:00,6350.702,0.0,0.346419
2021-08-24 02:00:00,6253.118,0.0,0.349288
2021-08-24 03:00:00,6253.37,0.0,0.354935
2021-08-24 04:00:00,6373.895,0.0,0.36198
2021-08-24 05:00:00,6592.156,0.0,0.368813
2021-08-24 06:00:00,6848.284,0.066686,0.373827
2021-08-24 07:00:00,7072.386,0.193396,0.375644
2021-08-24 08:00:00,7214.313,0.337534,0.373313
2021-08-24 09:00:00,7259.916,0.475736,0.366453
2021-08-24 10:00:00,7228.611,0.589142,0.355312
2021-08-24 11:00:00,7158.211,0.663307,0.340748
2021-08-24 12:00:00,7088.443,0.689076,0.324121
2021-08-24 13:00:00,7052.497,0.663307,0.307119
2021-08-24 14:00:00,7077.236,0.589142,0.291538
2021-08-24 15:00:00,7182.693,0.475736,0.279049
2021-08-24 16:00:00,7370.099,0.337534,0.270974
2021-08-24 17:00:00,7602.382,0.193396,0.268118
2021-08-24 18:00:00,7801.157,0.066686,0.270659
2021-08-24 19:00:00,7880.917,0.0,0.278128
2021-08-24 20:00:00,7803.786,0.0,0.289473
2021-08-24 21:00:00,7606.55,0.0,0.303202
2021-08-24 22:00:00,7372.709,0.0,0.317579
2021-08-24 23:00:00,7176.839,0.0,0.330861
2021-08-25 00:00:00,6566.798,0.0,0.342281
2021-08-25 01:00:00,6419.04,0.0,0.349216
2021-08-25 02:00:00,6318.249,0.0,0.351882
2021-08-25 03:00:00,6315.246,0.0,0.350367
2021-08-25 04:00:00,6432.472,0.0,0.345364
2021-08-25 05:00:00,6647.392,0.0,0.33807
2021-08-25 06:00:00,6900.141,0.051558,0.330013
2021-08-25 07:00:00,7120.827,0.153824,0.322835
2021-08-25 08:00:00,7259.306,0.270812,0.31806
2021-08-25 09:00:00,7301.43,0.383268,0.316873
2021-08-25 10:00:00,7266.619,0.475681,0.319951
2021-08-25 11:00:00,7192.689,0.536168,0.327359
2021-08-25 12:00:00,7119.37,0.557192,0.33853
2021-08-25 13:00:00,7079.854,0.536168,0.352328
2021-08-25 14:00:00,7101.008,0.475681,0.367196
2021-08-25 15:00:00,7202.867,0.383268,0.381349
2021-08-25 16:00:00,7386.667,0.270812,0.393012
2021-08-25 17:00:00,7615.338,0.153824,0.400651
2021-08-25 18:00:00,7810.498,0.051558,0.403168
2021-08-25 19:00:00,7886.642,0.0,0.400049
2021-08-25 20:00:00,7805.899,0.0,0.391427
2021-08-25 21:00:00,7605.056,0.0,0.378059
2021-08-25 22:00:00,7367.618,0.0,0.361224
2021-08-25 23:00:00,7168.163,0.0,0.342549
2021-08-26 00:00:00,6554.753,0.0,0.324569
2021-08-26 01:00:00,6403.444,0.0,0.307375
2021-08-26 02:00:00,6299.123,0.0,0.293071
2021-08-26 03:00:00,6292.614,0.0,0.282486
2021-08-26 04:00:00,6406.361,0.0,0.275842
2021-08-26 05:00:00,6617.833,0.0,0.272736
2021-08-26 06:00:00,6867.166,0.04458,0.272203
2021-08-26 07:00:00,7084.473,0.137078,0.272855
2021-08-26 08:00:00,7219.611,0.243514,0.273081
2021-08-26 09:00:00,7258.436,0.346096,0.271274
2021-08-26 10:00:00,7220.371,0.430519,0.266064
2021-08-26 11:00:00,7143.233,0.485823,0.256512
2021-08-26 12:00:00,7066.756,0.505053,0.242255
2021-08-26 13:00:00,7024.135,0.485823,0.223563
2021-08-26 14:00:00,7042.24,0.430519,0.201322
2021-08-26 15:00:00,7141.108,0.346096,0.176923
2021-08-26 16:00:00,7321.976,0.243514,0.152092
2021-08-26 17:00:00,7547.778,0.137078,0.128665
2021-08-26 18:00:00,7740.135,0.04458,0.108355
2021-08-26 19:00:00,7813.543,0.0,0.092535
2021-08-26 20:00:00,7730.134,0.0,0.082056
2021-08-26 21:00:00,7526.697,0.0,0.077148
2021-08-26 22:00:00,7286.74,0.0,0.077395
2021-08-26 23:00:00,7084.843,0.0,0.081801
2021-08-27 00:00:00,6469.266,0.0,0.089725
2021-08-27 01:00:00,6315.673,0.0,0.097886
2021-08-27 02:00:00,6209.151,0.0,0.105392
2021-08-27 03:00:00,6200.525,0.0,0.110767
2021-08-27 04:00:00,6312.242,0.0,0.112956
2021-08-27 05:00:00,6521.771,0.0,0.111462
2021-08-27 06:00:00,6769.25,0.044743,0.106412
2021-08-27 07:00:00,6984.795,0.142065,0.098538
2021-08-27 08:00:00,7118.263,0.25474,0.089069
2021-08-27 09:00:00,7155.513,0.363629,0.079562
2021-08-27 10:00:00,7115.967,0.453379,0.071682
2021-08-27 11:00:00,7037.446,0.512224,0.066969
2021-08-27 12:00:00,6959.683,0.532693,0.066621
2021-08-27 13:00:00,6915.875,0.512224,0.07132
2021-08-27 14:00:00,6932.893,0.453379,0.08113
2021-08-27 15:00:00,7030.774,0.363629,0.095477
2021-08-27 16:00:00,7210.757,0.25474,0.113213
2021-08-27 17:00:00,7435.776,0.142065,0.13276
2021-08-27 18:00:00,7627.453,0.044743,0.152312
2021-08-27 19:00:00,7700.285,0.0,0.170061
2021-08-27 20:00:00,7616.404,0.0,0.184438
2021-08-27 21:00:00,7412.6,0.0,0.194305
2021-08-27 22:00:00,7172.38,0.0,0.199106
2021-08-27 23:00:00,6970.325,0.0,0.198922
2021-08-28 00:00:00,5918.743,0.0,0.19528
2021-08-28 01:00:00,5765.203,0.0,0.187766
2021-08-28 02:00:00,5658.838,0.0,0.178768
2021-08-28 03:00:00,5650.475,0.0,0.169986
2021-08-28 04:00:00,5762.559,0.0,0.16301
2021-08-28 05:00:00,5972.56,0.0,0.159106
2021-08-28 06:00:00,6220.616,0.044358,0.159043
2021-08-28 07:00:00,6436.84,0.14575,0.162986
2021-08-28 08:00:00,6571.091,0.263891,0.170477
2021-08-28 09:00:00,6609.226,0.37838,0.180497
2021-08-28 10:00:00,6570.667,0.472893,0.191606
2021-08-28 11:00:00,6493.233,0.534915,0.202147
2021-08-28 12:00:00,6416.657,0.556498,0.210468
2021-08-28 13:00:00,6374.135,0.534915,0.21516
2021-08-28 14:00:00,6392.536,0.472893,0.21525
2021-08-28 15:00:00,6491.898,0.37838,0.210343
2021-08-28 16:00:00,6673.456,0.263891,0.200687
2021-08-28 17:00:00,6900.146,0.14575,0.187147
2021-08-28 18:00:00,7093.585,0.044358,0.1711
2021-08-28 19:00:00,7168.27,0.0,0.154262
2021-08-28 20:00:00,7086.332,0.0,0.138468
2021-08-28 21:00:00,6884.558,0.0,0.125433
2021-08-28 22:00:00,6646.455,0.0,0.116534
2021-08-28 23:00:00,6446.602,0.0,0.112636
2021-08-29 00:00:00,5833.644,0.0,0.114823
2021-08-29 01:00:00,5682.468,0.0,0.121024
2021-08-29 02:00:00,5578.546,0.0,0.131104
2021-08-29 03:00:00,5572.703,0.0,0.143649
2021-08-29 04:00:00,5687.38,0.0,0.157009
2021-08-29 05:00:00,5900.047,0.0,0.169524
2021-08-29 06:00:00,6150.839,0.041406,0.179751
2021-08-29 07:00:00,6369.866,0.141123,0.18667
2021-08-29 08:00:00,6506.986,0.258093,0.189819
2021-08-29 09:00:00,6548.052,0.371772,0.18936
2021-08-29 10:00:00,6512.485,0.465766,0.186058
2021-08-29 11:00:00,6438.1,0.527504,0.181175
2021-08-29 12:00:00,6364.629,0.548997,0.1763
2021-08-29 13:00:00,6325.265,0.527504,0.173123
2021-08-29 14:00:00,6346.873,0.465766,0.173211
2021-08-29 15:00:00,6449.489,0.371772,0.177783
2021-08-29 16:00:00,6634.347,0.258093,0.187538
2021-08-29 17:00:00,6864.377,0.141123,0.202553
2021-08-29 18:00:00,7061.196,0.041406,0.222263
2021-08-29 19:00:00,7139.296,0.0,0.245523
2021-08-29 20:00:00,7060.807,0.0,0.270756
2021-08-29 21:00:00,6862.512,0.0,0.296146
2021-08-29 22:00:00,6627.915,0.0,0.319877
2021-08-29 23:00:00,6431.591,0.0,0.340362
2021-08-30 00:00:00,6258.522,0.0,0.357299
2021-08-30 01:00:00,6110.916,0.0,0.36839
2021-08-30 02:00:00,6010.579,0.0,0.374546
2021-08-30 03:00:00,6008.333,0.0,0.376437
2021-08-30 04:00:00,6126.617,0.0,0.375249
2021-08-30 05:00:00,6342.896,0.0,0.37251
2021-08-30 06:00:00,6597.303,0.040954,0.369873
2021-08-30 07:00:00,6819.946,0.14517,0.368882
2021-08-30 08:00:00,6960.679,0.268276,0.370754
2021-08-30 09:00:00,7005.351,0.388271,0.376206
2021-08-30 10:00:00,6973.381,0.48765,0.385354
2021-08-30 11:00:00,6902.581,0.552985,0.397687
2021-08-30 12:00:00,6832.68,0.575741,0.412137
2021-08-30 13:00:00,6796.867,0.552985,0.427214
2021-08-30 14:00:00,6822.006,0.48765,0.441213
2021-08-30 15:00:00,6928.128,0.388271,0.452439
2021-08-30 16:00:00,7116.464,0.268276,0.45944
2021-08-30 17:00:00,7349.943,0.14517,0.461206
2021-08-30 18:00:00,7550.177,0.040954,0.457308
2021-08-30 19:00:00,7631.657,0.0,0.447963
2021-08-30 20:00:00,7556.508,0.0,0.434013
2021-08-30 21:00:00,7361.512,0.0,0.416817
2021-08-30 22:00:00,7130.17,0.0,0.398076
2021-08-30 23:00:00,6937.053,0.0,0.379618
2021-08-31 00:00:00,6331.18,0.0,0.364031
2021-08-31 01:00:00,6186.679,0.0,0.350947
2021-08-31 02:00:00,6089.391,0.0,0.342118
2021-08-31 03:00:00,6090.137,0.0,0.337805
2021-08-31 04:00:00,6211.353,0.0,0.337636
2021-08-31 05:00:00,6430.5,0.0,0.340665
2021-08-31 06:00:00,6687.711,0.045151,0.345515
2021-08-31 07:00:00,6913.09,0.166937,0.350572
2021-08-31 08:00:00,7056.488,0.311856,0.354219
2021-08-31 09:00:00,7103.754,0.453544,0.355062
2021-08-31 10:00:00,7074.304,0.571085,0.352131
2021-08-31 11:00:00,7005.947,0.648434,0.345019
2021-08-31 12:00:00,6938.41,0.675386,0.333945
2021-08-31 13:00:00,6904.881,0.648434,0.319733
2021-08-31 14:00:00,6932.22,0.571085,0.303705
2021-08-31 15:00:00,7040.459,0.453544,0.287509
2021-08-31 16:00:00,7230.826,0.311856,0.272898
2021-08-31 17:00:00,7466.248,0.166937,0.261498
2021-08-31 18:00:00,7668.335,0.045151,0.254587
2021-08-31 19:00:00,7751.577,0.0,0.252921
2021-08-31 20:00:00,7678.098,0.0,0.256632
2021-08-31 21:00:00,7484.678,0.0,0.265206
2021-08-31 22:00:00,7254.816,0.0,0.277547
2021-08-31 23:00:00,7063.083,0.0,0.29212
2021-09-01 00:00:00,6458.679,0.0,0.308042
2021-09-01 01:00:00,6315.365,0.0,0.321747
2021-09-01 02:00:00,6219.164,0.0,0.332568
2021-09-01 03:00:00,6220.897,0.0,0.339374
2021-09-01 04:00:00,6342.997,0.0,0.341597
2021-09-01 05:00:00,6562.928,0.0,0.339305
2021-09-01 06:00:00,6820.818,0.048437,0.333177
2021-09-01 07:00:00,7046.773,0.187401,0.3244
2021-09-01 08:00:00,7190.643,0.354039,0.3145
2021-09-01 09:00:00,7238.277,0.517471,0.305122
2021-09-01 10:00:00,7209.089,0.653284,0.297797
2021-09-01 11:00:00,7140.89,0.742743,0.293724
2021-09-01 12:00:00,7073.406,0.773929,0.2936
2021-09-01 13:00:00,7039.824,0.742743,0.297513
2021-09-01 14:00:00,7067.006,0.653284,0.304927
2021-09-01 15:00:00,7174.982,0.517471,0.314739
2021-09-01 16:00:00,7364.981,0.354039,0.325429
2021-09-01 17:00:00,7599.931,0.187401,0.335255
2021-09-01 18:00:00,7801.442,0.048437,0.342488
2021-09-01 19:00:00,7884.005,0.0,0.345639
2021-09-01 20:00:00,7809.743,0.0,0.343661
2021-09-01 21:00:00,7615.438,0.0,0.336091
2021-09-01 22:00:00,7384.589,0.0,0.323112
2021-09-01 23:00:00,7191.769,0.0,0.305536
2021-09-02 00:00:00,6586.358,0.0,0.285601
2021-09-02 01:00:00,6441.758,0.0,0.263163
2021-09-02 02:00:00,6344.174,0.0,0.240937
2021-09-02 03:00:00,6344.426,0.0,0.220619
2021-09-02 04:00:00,6464.95,0.0,0.203575
2021-09-02 05:00:00,6683.211,0.0,0.190672
2021-09-02 06:00:00,6939.339,0.045068,0.182169
2021-09-02 07:00:00,7163.441,0.183134,0.177691
2021-09-02 08:00:00,7305.368,0.350038,0.176298
2021-09-02 09:00:00,7350.971,0.51426,0.176623
2021-09-02 10:00:00,7319.666,0.650969,0.177068
2021-09-02 11:00:00,7249.266,0.741108,0.176035
2021-09-02 12:00:00,7179.498,0.772544,0.172155
2021-09-02 13:00:00,7143.552,0.741108,0.164487
2021-09-02 14:00:00,7168.291,0.650969,0.152656
2021-09-02 15:00:00,7273.748,0.51426,0.13692
2021-09-02 16:00:00,7461.154,0.350038,0.118141
2021-09-02 17:00:00,7693.437,0.183134,0.097684
2021-09-02 18:00:00,7892.213,0.045068,0.077243
2021-09-02 19:00:00,7971.972,0.0,0.058619
2021-09-02 20:00:00,7894.841,0.0,0.043483
2021-09-02 21:00:00,7697.605,0.0,0.033163
2021-09-02 22:00:00,7463.764,0.0,0.03
2021-09-02 23:00:00,7267.895,0.0,0.03
2021-09-03 00:00:00,6659.555,0.0,0.036921
2021-09-03 01:00:00,6511.798,0.0,0.047631
2021-09-03 02:00:00,6411.006,0.0,0.061126
2021-09-03 03:00:00,6408.004,0.0,0.07567
2021-09-03 04:00:00,6525.23,0.0,0.089515
2021-09-03 05:00:00,6740.15,0.0,0.101135
2021-09-03 06:00:00,6992.898,0.036874,0.10942
2021-09-03 07:00:00,7213.584,0.158023,0.113827
2021-09-03 08:00:00,7352.063,0.305726,0.114437
2021-09-03 09:00:00,7394.188,0.451538,0.111938
2021-09-03 10:00:00,7359.377,0.57314,0.107522
2021-09-03 11:00:00,7285.446,0.653399,0.102713
2021-09-03 12:00:00,7212.127,0.681403,0.099146
2021-09-03 13:00:00,7172.611,0.653399,0.098339
2021-09-03 14:00:00,7193.765,0.57314,0.101472
2021-09-03 15:00:00,7295.625,0.451538,0.109213
2021-09-03 16:00:00,7479.425,0.305726,0.121622
2021-09-03 17:00:00,7708.095,0.158023,0.138122
2021-09-03 18:00:00,7903.255,0.036874,0.157573
2021-09-03 19:00:00,7979.399,0.0,0.178405
2021-09-03 20:00:00,7898.656,0.0,0.198828
2021-09-03 21:00:00,7697.813,0.0,0.217058
2021-09-03 22:00:00,7460.375,0.0,0.231551
2021-09-03 23:00:00,7260.921,0.0,0.241199
2021-09-04 00:00:00,6213.037,0.0,0.246427
2021-09-04 01:00:00,6061.728,0.0,0.245463
2021-09-04 02:00:00,5957.407,0.0,0.240001
2021-09-04 03:00:00,5950.898,0.0,0.231308
2021-09-04 04:00:00,6064.645,0.0,0.221001
2021-09-04 05:00:00,6276.117,0.0,0.210824
2021-09-04 06:00:00,6525.45,0.029948,0.202415
2021-09-04 07:00:00,6742.757,0.135989,0.197087
2021-09-04 08:00:00,6877.895,0.266435,0.195654
2021-09-04 09:00:00,6916.72,0.395652,0.198326
2021-09-04 10:00:00,6878.655,0.503614,0.204687
2021-09-04 11:00:00,6801.517,0.574943,0.213759
2021-09-04 12:00:00,6725.04,0.599844,0.224137
2021-09-04 13:00:00,6682.42,0.574943,0.234197
2021-09-04 14:00:00,6700.524,0.503614,0.242317
2021-09-04 15:00:00,6799.392,0.395652,0.24711
2021-09-04 16:00:00,6980.26,0.266435,0.247624
2021-09-04 17:00:00,7206.062,0.135989,0.243477
2021-09-04 18:00:00,7398.419,0.029948,0.234924
2021-09-04 19:00:00,7471.827,0.0,0.222834
2021-09-04 20:00:00,7388.418,0.0,0.208582
2021-09-04 21:00:00,7184.981,0.0,0.193875
2021-09-04 22:00:00,6945.024,0.0,0.180532
2021-09-04 23:00:00,6743.127,0.0,0.170251
2021-09-05 00:00:00,6129.197,0.0,0.165346
2021-09-05 01:00:00,5975.604,0.0,0.164728
2021-09-05 02:00:00,5869.082,0.0,0.169571
2021-09-05 03:00:00,5860.456,0.0,0.179442
2021-09-05 04:00:00,5972.173,0.0,0.193326
2021-09-05 05:00:00,6181.702,0.0,0.209766
2021-09-05 06:00:00,6429.181,0.02635,0.227064
2021-09-05 07:00:00,6644.726,0.127462,0.24351
2021-09-05 08:00:00,6778.194,0.253024,0.257613
2021-09-05 09:00:00,6815.444,0.377842,0.268301
2021-09-05 10:00:00,6775.899,0.482325,0.27506
2021-09-05 11:00:00,6697.377,0.551429,0.278005
2021-09-05 12:00:00,6619.614,0.575564,0.277849
2021-09-05 13:00:00,6575.806,0.551429,0.27581
2021-09-05 14:00:00,6592.824,0.482325,0.273431
2021-09-05 15:00:00,6690.705,0.377842,0.272362
2021-09-05 16:00:00,6870.688,0.253024,0.274133
2021-09-05 17:00:00,7095.707,0.127462,0.27993
2021-09-05 18:00:00,7287.384,0.02635,0.290423
2021-09-05 19:00:00,7360.216,0.0,0.305668
2021-09-05 20:00:00,7276.335,0.0,0.32508
2021-09-05 21:00:00,7072.531,0.0,0.347504
2021-09-05 22:00:00,6832.311,0.0,0.371355
2021-09-05 23:00:00,6630.256,0.0,0.394818
2021-09-06 00:00:00,6452.589,0.0,0.417062
2021-09-06 01:00:00,6299.049,0.0,0.434551
2021-09-06 02:00:00,6192.684,0.0,0.447125
2021-09-06 03:00:00,6184.321,0.0,0.454222
2021-09-06 04:00:00,6296.405,0.0,0.455923
2021-09-06 05:00:00,6506.406,0.0,0.452934
2021-09-06 06:00:00,6754.462,0.023153,0.446478
2021-09-06 07:00:00,6970.686,0.120054,0.438125
2021-09-06 08:00:00,7104.937,0.241592,0.429574
2021-09-06 09:00:00,7143.072,0.36285,0.422419
2021-09-06 10:00:00,7104.513,0.464549,0.417926
2021-09-06 11:00:00,7027.078,0.531885,0.416869
2021-09-06 12:00:00,6950.503,0.555414,0.419416
2021-09-06 13:00:00,6907.981,0.531885,0.425112
2021-09-06 14:00:00,6926.382,0.464549,0.432944
2021-09-06 15:00:00,7025.744,0.36285,0.441478
2021-09-06 16:00:00,7207.302,0.241592,0.449061
2021-09-06 17:00:00,7433.991,0.120054,0.45405
2021-09-06 18:00:00,7627.431,0.023153,0.45504
2021-09-06 19:00:00,7702.116,0.0,0.451068
2021-09-06 20:00:00,7620.178,0.0,0.441746
2021-09-06 21:00:00,7418.404,0.0,0.427329
2021-09-06 22:00:00,7180.301,0.0,0.40869
2021-09-06 23:00:00,6980.447,0.0,0.387217
2021-09-07 00:00:00,6369.079,0.0,0.36563
2021-09-07 01:00:00,6217.903,0.0,0.343781
2021-09-07 02:00:00,6113.981,0.0,0.324389
2021-09-07 03:00:00,6108.138,0.0,0.308844
2021-09-07 04:00:00,6222.816,0.0,0.298019
2021-09-07 05:00:00,6435.482,0.0,0.292172
2021-09-07 06:00:00,6686.274,0.018626,0.290916
2021-09-07 07:00:00,6905.301,0.10428,0.29329
2021-09-07 08:00:00,7042.421,0.212852,0.297893
2021-09-07 09:00:00,7083.488,0.321579,0.303084
2021-09-07 10:00:00,7047.92,0.412949,0.307215
2021-09-07 11:00:00,6973.536,0.473513,0.308855
2021-09-07 12:00:00,6900.065,0.494686,0.306995
2021-09-07 13:00:00,6860.7,0.473513,0.301186
2021-09-07 14:00:00,6882.309,0.412949,0.291604
2021-09-07 15:00:00,6984.925,0.321579,0.279024
2021-09-07 16:00:00,7169.783,0.212852,0.264723
2021-09-07 17:00:00,7399.812,0.10428,0.250302
2021-09-07 18:00:00,7596.631,0.018626,0.237466
2021-09-07 19:00:00,7674.732,0.0,0.227795
2021-09-07 20:00:00,7596.242,0.0,0.222521
2021-09-07 21:00:00,7397.947,0.0,0.222358
2021-09-07 22:00:00,7163.35,0.0,0.2274
2021-09-07 23:00:00,6967.027,0.0,0.237094
2021-09-08 00:00:00,6359.37,0.0,0.251325
2021-09-08 01:00:00,6211.763,0.0,0.266504
2021-09-08 02:00:00,6111.426,0.0,0.281846
2021-09-08 03:00:00,6109.18,0.0,0.295548
2021-09-08 04:00:00,6227.464,0.0,0.306041
2021-09-08 05:00:00,6443.743,0.0,0.312183
2021-09-08 06:00:00,6698.151,0.015082,0.313405
2021-09-08 07:00:00,6920.793,0.09195,0.309777
2021-09-08 08:00:00,7061.526,0.190481,0.301987
2021-09-08 09:00:00,7106.198,0.289536,0.291237
2021-09-08 10:00:00,7074.228,0.372946,0.279072
2021-09-08 11:00:00,7003.429,0.428296,0.267162
2021-09-08 12:00:00,6933.528,0.447657,0.257067
2021-09-08 13:00:00,6897.714,0.428296,0.25002
2021-09-08 14:00:00,6922.853,0.372946,0.246756
2021-09-08 15:00:00,7028.975,0.289536,0.247406
2021-09-08 16:00:00,7217.312,0.190481,0.251474
2021-09-08 17:00:00,7450.79,0.09195,0.257908
2021-09-08 18:00:00,7651.024,0.015082,0.265233
2021-09-08 19:00:00,7732.504,0.0,0.271759
2021-09-08 20:00:00,7657.355,0.0,0.275806
2021-09-08 21:00:00,7462.36,0.0,0.275933
2021-09-08 22:00:00,7231.017,0.0,0.271145
2021-09-08 23:00:00,7037.901,0.0,0.261025
2021-09-09 00:00:00,6433.557,0.0,0.246831
2021-09-09 01:00:00,6289.056,0.0,0.227358
2021-09-09 02:00:00,6191.768,0.0,0.205003
2021-09-09 03:00:00,6192.514,0.0,0.181478
2021-09-09 04:00:00,6313.73,0.0,0.158619
2021-09-09 05:00:00,6532.878,0.0,0.138148
2021-09-09 06:00:00,6790.088,0.014731,0.121453
2021-09-09 07:00:00,7015.467,0.098803,0.109416
2021-09-09 08:00:00,7158.865,0.207859,0.102306
2021-09-09 09:00:00,7206.132,0.317932,0.099753
2021-09-09 10:00:00,7176.681,0.410813,0.100817
2021-09-09 11:00:00,7108.324,0.472518,0.10412
2021-09-09 12:00:00,7040.787,0.494112,0.108052
2021-09-09 13:00:00,7007.258,0.472518,0.110996
2021-09-09 14:00:00,7034.598,0.410813,0.111558
2021-09-09 15:00:00,7142.836,0.317932,0.108768
2021-09-09 16:00:00,7333.204,0.207859,0.102216
2021-09-09 17:00:00,7568.625,0.098803,0.092119
2021-09-09 18:00:00,7770.712,0.014731,0.079297
2021-09-09 19:00:00,7853.955,0.0,0.065068
2021-09-09 20:00:00,7780.475,0.0,0.051075
2021-09-09 21:00:00,7587.055,0.0,0.039066
2021-09-09 22:00:00,7357.193,0.0,0.03066
2021-09-09 23:00:00,7165.46,0.0,0.03
2021-09-10 00:00:00,6562.556,0.0,0.030265
2021-09-10 01:00:00,6419.242,0.0,0.038103
2021-09-10 02:00:00,6323.042,0.0,0.051166
2021-09-10 03:00:00,6324.774,0.0,0.068348
2021-09-10 04:00:00,6446.874,0.0,0.088104
2021-09-10 05:00:00,6666.805,0.0,0.10865
2021-09-10 06:00:00,6924.695,0.015948,0.128195
2021-09-10 07:00:00,7150.65,0.119145,0.145169
2021-09-10 08:00:00,7294.52,0.254721,0.158428
2021-09-10 09:00:00,7342.154,0.392122,0.167395
2021-09-10 10:00:00,7312.966,0.508309,0.172126
2021-09-10 11:00:00,7244.767,0.585589,0.173288
2021-09-10 12:00:00,7177.283,0.612648,0.172057
2021-09-10 13:00:00,7143.701,0.585589,0.169947
2021-09-10 14:00:00,7170.883,0.508309,0.168591
2021-09-10 15:00:00,7278.859,0.392122,0.169506
2021-09-10 16:00:00,7468.859,0.254721,0.173881
2021-09-10 17:00:00,7703.808,0.119145,0.182398
2021-09-10 18:00:00,7905.319,0.015948,0.195135
2021-09-10 19:00:00,7987.882,0.0,0.211541
2021-09-10 20:00:00,7913.62,0.0,0.230501
2021-09-10 21:00:00,7719.315,0.0,0.250482
2021-09-10 22:00:00,7488.466,0.0,0.269729
2021-09-10 23:00:00,7295.646,0.0,0.286499
2021-09-11 00:00:00,6255.556,0.0,0.300348
2021-09-11 01:00:00,6110.955,0.0,0.308099
2021-09-11 02:00:00,6013.371,0.0,0.310334
2021-09-11 03:00:00,6013.623,0.0,0.307222
2021-09-11 04:00:00,6134.148,0.0,0.299559
2021-09-11 05:00:00,6352.409,0.0,0.288661
2021-09-11 06:00:00,6608.537,0.015578,0.276189
2021-09-11 07:00:00,6832.639,0.131614,0.263934
2021-09-11 08:00:00,6974.566,0.286142,0.253576
2021-09-11 09:00:00,7020.169,0.443415,0.246469
2021-09-11 10:00:00,6988.864,0.576695,0.243463
2021-09-11 11:00:00,6918.464,0.66545,0.244801
2021-09-11 12:00:00,6848.696,0.696545,0.250094
2021-09-11 13:00:00,6812.75,0.66545,0.258388
2021-09-11 14:00:00,6837.489,0.576695,0.268299
2021-09-11 15:00:00,6942.946,0.443415,0.278213
2021-09-11 16:00:00,7130.352,0.286142,0.286518
2021-09-11 17:00:00,7362.635,0.131614,0.291829
2021-09-11 18:00:00,7561.41,0.015578,0.293189
2021-09-11 19:00:00,7641.17,0.0,0.290209
2021-09-11 20:00:00,7564.039,0.0,0.283128
2021-09-11 21:00:00,7366.803,0.0,0.272797
2021-09-11 22:00:00,7132.962,0.0,0.260564
2021-09-11 23:00:00,6937.093,0.0,0.248109
2021-09-12 00:00:00,6330.191,0.0,0.23829
2021-09-12 01:00:00,6182.433,0.0,0.230619
2021-09-12 02:00:00,6081.642,0.0,0.227481
2021-09-12 03:00:00,6078.64,0.0,0.229667
2021-09-12 04:00:00,6195.865,0.0,0.237345
2021-09-12 05:00:00,6410.786,0.0,0.250032
2021-09-12 06:00:00,6663.534,0.013034,0.266665
2021-09-12 07:00:00,6884.22,0.126962,0.285737
2021-09-12 08:00:00,7022.699,0.280911,0.305503
2021-09-12 09:00:00,7064.823,0.43828,0.324204
2021-09-12 10:00:00,7030.013,0.57194,0.340303
2021-09-12 11:00:00,6956.082,0.661055,0.352683
2021-09-12 12:00:00,6882.763,0.692294,0.36079
2021-09-12 13:00:00,6843.247,0.661055,0.364701
2021-09-12 14:00:00,6864.401,0.57194,0.365095
2021-09-12 15:00:00,6966.261,0.43828,0.363161
2021-09-12 16:00:00,7150.06,0.280911,0.360416
2021-09-12 17:00:00,7378.731,0.126962,0.358492
2021-09-12 18:00:00,7573.891,0.013034,0.358905
2021-09-12 19:00:00,7650.035,0.0,0.36283
2021-09-12 20:00:00,7569.292,0.0,0.370938
2021-09-12 21:00:00,7368.449,0.0,0.383286
2021-09-12 22:00:00,7131.011,0.0,0.3993
2021-09-12 23:00:00,6931.557,0.0,0.417838
2021-09-13 00:00:00,6757.376,0.0,0.438426
2021-09-13 01:00:00,6606.067,0.0,0.457098
2021-09-13 02:00:00,6501.745,0.0,0.473161
2021-09-13 03:00:00,6495.237,0.0,0.485078
2021-09-13 04:00:00,6608.984,0.0,0.491748
2021-09-13 05:00:00,6820.455,0.0,0.492655
2021-09-13 06:00:00,7069.788,0.010127,0.487926
2021-09-13 07:00:00,7287.095,0.116617,0.478319
2021-09-13 08:00:00,7422.233,0.262793,0.46511
2021-09-13 09:00:00,7461.059,0.412891,0.449923
2021-09-13 10:00:00,7422.993,0.540666,0.434513
2021-09-13 11:00:00,7345.856,0.625964,0.420528
2021-09-13 12:00:00,7269.379,0.655882,0.409293
2021-09-13 13:00:00,7226.758,0.625964,0.401633
2021-09-13 14:00:00,7244.863,0.540666,0.397771
2021-09-13 15:00:00,7343.73,0.412891,0.397302
2021-09-13 16:00:00,7524.599,0.262793,0.399258
2021-09-13 17:00:00,7750.401,0.116617,0.402252
2021-09-13 18:00:00,7942.757,0.010127,0.404668
2021-09-13 19:00:00,8016.165,0.0,0.404901
2021-09-13 20:00:00,7932.756,0.0,0.401575
2021-09-13 21:00:00,7729.32,0.0,0.393753
2021-09-13 22:00:00,7489.362,0.0,0.381065
2021-09-13 23:00:00,7287.465,0.0,0.363782
2021-09-14 00:00:00,6674.91,0.0,0.343889
2021-09-14 01:00:00,6521.317,0.0,0.320567
2021-09-14 02:00:00,6414.794,0.0,0.296641
2021-09-14 03:00:00,6406.169,0.0,0.273946
2021-09-14 04:00:00,6517.885,0.0,0.254191
2021-09-14 05:00:00,6727.414,0.0,0.238744
2021-09-14 06:00:00,6974.894,0.007943,0.228453
2021-09-14 07:00:00,7190.438,0.111834,0.223545
2021-09-14 08:00:00,7323.907,0.25689,0.223601
2021-09-14 09:00:00,7361.157,0.406534,0.227618
2021-09-14 10:00:00,7321.611,0.534219,0.234156
2021-09-14 11:00:00,7243.089,0.619566,0.241529
2021-09-14 12:00:00,7165.327,0.649518,0.248041
2021-09-14 13:00:00,7121.519,0.619566,0.252216
2021-09-14 14:00:00,7138.536,0.534219,0.252996
2021-09-14 15:00:00,7236.417,0.406534,0.249881
2021-09-14 16:00:00,7416.4,0.25689,0.242998
2021-09-14 17:00:00,7641.42,0.111834,0.233079
2021-09-14 18:00:00,7833.097,0.007943,0.221352
2021-09-14 19:00:00,7905.929,0.0,0.209374
2021-09-14 20:00:00,7822.048,0.0,0.198813
2021-09-14 21:00:00,7618.244,0.0,0.191211
2021-09-14 22:00:00,7378.024,0.0,0.187767
2021-09-14 23:00:00,7175.969,0.0,0.189167
2021-09-15 00:00:00,6563.495,0.0,0.196598
2021-09-15 01:00:00,6409.955,0.0,0.207255
2021-09-15 02:00:00,6303.59,0.0,0.221114
2021-09-15 03:00:00,6295.227,0.0,0.236604
2021-09-15 04:00:00,6407.311,0.0,0.251924
2021-09-15 05:00:00,6617.312,0.0,0.265277
2021-09-15 06:00:00,6865.368,0.005935,0.275101
2021-09-15 07:00:00,7081.592,0.107159,0.280269
2021-09-15 08:00:00,7215.843,0.251141,0.280233
2021-09-15 09:00:00,7253.978,0.400391,0.275087
2021-09-15 10:00:00,7215.419,0.528045,0.265548
2021-09-15 11:00:00,7137.984,0.613481,0.252853
2021-09-15 12:00:00,7061.409,0.643482,0.238584
2021-09-15 13:00:00,7018.887,0.613481,0.22445
2021-09-15 14:00:00,7037.288,0.528045,0.212057
2021-09-15 15:00:00,7136.649,0.400391,0.202683
2021-09-15 16:00:00,7318.208,0.251141,0.19711
2021-09-15 17:00:00,7544.897,0.107159,0.195515
2021-09-15 18:00:00,7738.336,0.005935,0.197454
2021-09-15 19:00:00,7813.022,0.0,0.20192
2021-09-15 20:00:00,7731.084,0.0,0.207488
2021-09-15 21:00:00,7529.31,0.0,0.212509
2021-09-15 22:00:00,7291.207,0.0,0.215348
2021-09-15 23:00:00,7091.353,0.0,0.214605
2021-09-16 00:00:00,6481.294,0.0,0.210451
2021-09-16 01:00:00,6330.118,0.0,0.200239
2021-09-16 02:00:00,6226.196,0.0,0.185358
2021-09-16 03:00:00,6220.353,0.0,0.166682
2021-09-16 04:00:00,6335.03,0.0,0.1456
2021-09-16 05:00:00,6547.697,0.0,0.123835
2021-09-16 06:00:00,6798.489,0.003709,0.103229
2021-09-16 07:00:00,7017.516,0.092313,0.085505
2021-09-16 08:00:00,7154.636,0.220942,0.072047
2021-09-16 09:00:00,7195.702,0.35494,0.063726
2021-09-16 10:00:00,7160.135,0.469829,0.060794
2021-09-16 11:00:00,7085.75,0.546825,0.062859
2021-09-16 12:00:00,7012.279,0.573878,0.068953
2021-09-16 13:00:00,6972.915,0.546825,0.077665
2021-09-16 14:00:00,6994.523,0.469829,0.08735
2021-09-16 15:00:00,7097.139,0.35494,0.096347
2021-09-16 16:00:00,7281.997,0.220942,0.103217
2021-09-16 17:00:00,7512.027,0.092313,0.106942
2021-09-16 18:00:00,7708.846,0.003709,0.10706
2021-09-16 19:00:00,7786.946,0.0,0.103734
2021-09-16 20:00:00,7708.457,0.0,0.097731
2021-09-16 21:00:00,7510.162,0.0,0.090312
2021-09-16 22:00:00,7275.565,0.0,0.083064
2021-09-16 23:00:00,7079.241,0.0,0.077682
2021-09-17 00:00:00,6472.86,0.0,0.076874
2021-09-17 01:00:00,6325.254,0.0,0.07957
2021-09-17 02:00:00,6224.916,0.0,0.087615
2021-09-17 03:00:00,6222.67,0.0,0.101085
2021-09-17 04:00:00,6340.954,0.0,0.119415
2021-09-17 05:00:00,6557.234,0.0,0.141461
2021-09-17 06:00:00,6811.641,0.001852,0.165645
2021-09-17 07:00:00,7034.284,0.071784,0.190153
2021-09-17 08:00:00,7175.016,0.175636,0.213169
2021-09-17 09:00:00,7219.689,0.284379,0.233107
2021-09-17 10:00:00,7187.718,0.377848,0.248809
2021-09-17 11:00:00,7116.919,0.440573,0.259693
2021-09-17 12:00:00,7047.018,0.462625,0.265814
2021-09-17 13:00:00,7011.205,0.440573,0.267843
2021-09-17 14:00:00,7036.343,0.377848,0.266969
2021-09-17 15:00:00,7142.465,0.284379,0.264721
2021-09-17 16:00:00,7330.802,0.175636,0.262755
2021-09-17 17:00:00,7564.28,0.071784,0.262615
2021-09-17 18:00:00,7764.514,0.001852,0.265522
2021-09-17 19:00:00,7845.994,0.0,0.272195
2021-09-17 20:00:00,7770.845,0.0,0.282751
2021-09-17 21:00:00,7575.85,0.0,0.29668
2021-09-17 22:00:00,7344.507,0.0,0.312916
2021-09-17 23:00:00,7151.391,0.0,0.329971
2021-09-18 00:00:00,6112.141,0.0,0.347298
2021-09-18 01:00:00,5967.64,0.0,0.360887
2021-09-18 02:00:00,5870.352,0.0,0.370444
2021-09-18 03:00:00,5871.098,0.0,0.374959
2021-09-18 04:00:00,5992.314,0.0,0.374
2021-09-18 05:00:00,6211.461,0.0,0.367786
2021-09-18 06:00:00,6468.672,0.000787,0.357154
2021-09-18 07:00:00,6694.051,0.061066,0.343461
2021-09-18 08:00:00,6837.449,0.152908,0.328405
2021-09-18 09:00:00,6884.715,0.249588,0.313809
2021-09-18 10:00:00,6855.265,0.332899,0.301383
2021-09-18 11:00:00,6786.908,0.388885,0.292502
2021-09-18 12:00:00,6719.371,0.40858,0.288037
2021-09-18 13:00:00,6685.842,0.388885,0.288241
2021-09-18 14:00:00,6713.181,0.332899,0.292736
2021-09-18 15:00:00,6821.42,0.249588,0.300567
2021-09-18 16:00:00,7011.787,0.152908,0.310347
2021-09-18 17:00:00,7247.209,0.061066,0.320453
2021-09-18 18:00:00,7449.296,0.000787,0.329257
2021-09-18 19:00:00,7532.538,0.0,0.335355
2021-09-18 20:00:00,7459.059,0.0,0.337765
2021-09-18 21:00:00,7265.639,0.0,0.336069
2021-09-18 22:00:00,7035.777,0.0,0.330472
2021-09-18 23:00:00,6844.044,0.0,0.321786
2021-09-19 00:00:00,6242.348,0.0,0.312492
2021-09-19 01:00:00,6099.033,0.0,0.301882
2021-09-19 02:00:00,6002.833,0.0,0.292869
2021-09-19 03:00:00,6004.566,0.0,0.287063
2021-09-19 04:00:00,6126.666,0.0,0.28573
2021-09-19 05:00:00,6346.597,0.0,0.289614
2021-09-19 06:00:00,6604.487,0.00018,0.298833
2021-09-19 07:00:00,6830.442,0.065635,0.31286
2021-09-19 08:00:00,6974.312,0.16839,0.330587
2021-09-19 09:00:00,7021.946,0.277153,0.350467
2021-09-19 10:00:00,6992.758,0.371122,0.370714
2021-09-19 11:00:00,6924.558,0.434359,0.389535
2021-09-19 12:00:00,6857.074,0.456619,0.405362
2021-09-19 13:00:00,6823.492,0.434359,0.417051
2021-09-19 14:00:00,6850.674,0.371122,0.424028
2021-09-19 15:00:00,6958.651,0.277153,0.426351
2021-09-19 16:00:00,7148.65,0.16839,0.424691
2021-09-19 17:00:00,7383.599,0.065635,0.420229
2021-09-19 18:00:00,7585.111,0.00018,0.414483
2021-09-19 19:00:00,7667.674,0.0,0.409093
2021-09-19 20:00:00,7593.412,0.0,0.405586
2021-09-19 21:00:00,7399.107,0.0,0.405155
2021-09-19 22:00:00,7168.258,0.0,0.408495
2021-09-19 23:00:00,6975.438,0.0,0.415691
2021-09-20 00:00:00,6808.817,0.0,0.427385
2021-09-20 01:00:00,6664.217,0.0,0.44011
2021-09-20 02:00:00,6566.633,0.0,0.453526
2021-09-20 03:00:00,6566.885,0.0,0.465892
2021-09-20 04:00:00,6687.41,0.0,0.475476
2021-09-20 05:00:00,6905.671,0.0,0.48079
2021-09-20 06:00:00,7161.799,0.0,0.48079
2021-09-20 07:00:00,7385.9,0.074458,0.475011
2021-09-20 08:00:00,7527.828,0.195973,0.46364
2021-09-20 09:00:00,7573.431,0.325323,0.447487
2021-09-20 10:00:00,7542.126,0.43738,0.427883
2021-09-20 11:00:00,7471.726,0.512896,0.406506
2021-09-20 12:00:00,7401.958,0.539496,0.385163
2021-09-20 13:00:00,7366.012,0.512896,0.365549
2021-09-20 14:00:00,7390.751,0.43738,0.349036
2021-09-20 15:00:00,7496.208,0.325323,0.336489
2021-09-20 16:00:00,7683.613,0.195973,0.328168
2021-09-20 17:00:00,7915.897,0.074458,0.323702
2021-09-20 18:00:00,8114.672,0.0,0.322151
2021-09-20 19:00:00,8194.432,0.0,0.322147
2021-09-20 20:00:00,8117.301,0.0,0.322094
2021-09-20 21:00:00,7920.064,0.0,0.320395
2021-09-20 22:00:00,7686.224,0.0,0.315681
2021-09-20 23:00:00,7490.354,0.0,0.307011
2021-09-21 00:00:00,6884.592,0.0,0.295205
2021-09-21 01:00:00,6736.834,0.0,0.27813
2021-09-21 02:00:00,6636.043,0.0,0.257843
2021-09-21 03:00:00,6633.04,0.0,0.235711
2021-09-21 04:00:00,6750.266,0.0,0.213424
2021-09-21 05:00:00,6965.186,0.0,0.192784
2021-09-21 06:00:00,7217.935,0.0,0.175463
2021-09-21 07:00:00,7438.621,0.076403,0.162786
2021-09-21 08:00:00,7577.099,0.206577,0.155559
2021-09-21 09:00:00,7619.224,0.34596,0.15396
2021-09-21 10:00:00,7584.413,0.46704,0.157523
2021-09-21 11:00:00,7510.483,0.548756,0.165194
2021-09-21 12:00:00,7437.163,0.577558,0.175482
2021-09-21 13:00:00,7397.647,0.548756,0.186651
2021-09-21 14:00:00,7418.802,0.46704,0.196956
2021-09-21 15:00:00,7520.661,0.34596,0.204871
2021-09-21 16:00:00,7704.461,0.206577,0.209292
2021-09-21 17:00:00,7933.132,0.076403,0.209676
2021-09-21 18:00:00,8128.292,0.0,0.20611
2021-09-21 19:00:00,8204.436,0.0,0.199286
2021-09-21 20:00:00,8123.693,0.0,0.190402
2021-09-21 21:00:00,7922.85,0.0,0.180986
2021-09-21 22:00:00,7685.412,0.0,0.172683
2021-09-21 23:00:00,7485.957,0.0,0.167015
2021-09-22 00:00:00,6876.732,0.0,0.166376
2021-09-22 01:00:00,6725.423,0.0,0.169033
2021-09-22 02:00:00,6621.101,0.0,0.176259
2021-09-22 03:00:00,6614.593,0.0,0.187489
2021-09-22 04:00:00,6728.34,0.0,0.20159
2021-09-22 05:00:00,6939.812,0.0,0.217007
2021-09-22 06:00:00,7189.145,0.0,0.231959
2021-09-22 07:00:00,7406.451,0.073874,0.244674
2021-09-22 08:00:00,7541.589,0.205488,0.25362
2021-09-22 09:00:00,7580.415,0.347273,0.257704
2021-09-22 10:00:00,7542.35,0.470784,0.256413
2021-09-22 11:00:00,7465.212,0.554264,0.249884
2021-09-22 12:00:00,7388.735,0.583709,0.238877
2021-09-22 13:00:00,7346.114,0.554264,0.224672
2021-09-22 14:00:00,7364.219,0.470784,0.208899
2021-09-22 15:00:00,7463.087,0.347273,0.193315
2021-09-22 16:00:00,7643.955,0.205488,0.179569
2021-09-22 17:00:00,7869.757,0.073874,0.168989
2021-09-22 18:00:00,8062.113,0.0,0.162401
2021-09-22 19:00:00,8135.521,0.0,0.160026
2021-09-22 20:00:00,8052.112,0.0,0.161459
2021-09-22 21:00:00,7848.676,0.0,0.165731
2021-09-22 22:00:00,7608.718,0.0,0.171452
2021-09-22 23:00:00,7406.821,0.0,0.177003
2021-09-23 00:00:00,6795.334,0.0,0.18199
2021-09-23 01:00:00,6641.741,0.0,0.182601
2021-09-23 02:00:00,6535.219,0.0,0.179106
2021-09-23 03:00:00,6526.593,0.0,0.171131
2021-09-23 04:00:00,6638.31,0.0,0.158938
2021-09-23 05:00:00,6847.839,0.0,0.1434
2021-09-23 06:00:00,7095.318,0.0,0.125896
2021-09-23 07:00:00,7310.863,0.074757,0.108137
2021-09-23 08:00:00,7444.331,0.214267,0.091947
2021-09-23 09:00:00,7481.581,0.365508,0.079023
2021-09-23 10:00:00,7442.036,0.497634,0.07072
2021-09-23 11:00:00,7363.514,0.587074,0.067874
2021-09-23 12:00:00,7285.751,0.618641,0.070698
2021-09-23 13:00:00,7241.943,0.587074,0.078758
2021-09-23 14:00:00,7258.961,0.497634,0.091037
2021-09-23 15:00:00,7356.842,0.365508,0.106078
2021-09-23 16:00:00,7536.825,0.214267,0.122181
2021-09-23 17:00:00,7761.844,0.074757,0.137633
2021-09-23 18:00:00,7953.521,0.0,0.150942
2021-09-23 19:00:00,8026.353,0.0,0.161031
2021-09-23 20:00:00,7942.472,0.0,0.167386
2021-09-23 21:00:00,7738.668,0.0,0.170116
2021-09-23 22:00:00,7498.448,0.0,0.169933
2021-09-23 23:00:00,7296.393,0.0,0.168051
2021-09-24 00:00:00,6684.952,0.0,0.167237
2021-09-24 01:00:00,6531.412,0.0,0.166684
2021-09-24 02:00:00,6425.047,0.0,0.169144
2021-09-24 03:00:00,6416.684,0.0,0.175801
2021-09-24 04:00:00,6528.768,0.0,0.187324
2021-09-24 05:00:00,6738.769,0.0,0.203765
2021-09-24 06:00:00,6986.825,0.0,0.224536
2021-09-24 07:00:00,7203.049,0.077607,0.248481
2021-09-24 08:00:00,7337.3,0.229597,0.274011
2021-09-24 09:00:00,7375.435,0.395444,0.299312
2021-09-24 10:00:00,7336.876,0.540756,0.322568
2021-09-24 11:00:00,7259.442,0.639273,0.342205
2021-09-24 12:00:00,7182.866,0.674068,0.357079
2021-09-24 13:00:00,7140.344,0.639273,0.366628
2021-09-24 14:00:00,7158.745,0.540756,0.370933
2021-09-24 15:00:00,7258.107,0.395444,0.370697
2021-09-24 16:00:00,7439.665,0.229597,0.367142
2021-09-24 17:00:00,7666.355,0.077607,0.361838
2021-09-24 18:00:00,7859.794,0.0,0.356484
2021-09-24 19:00:00,7934.479,0.0,0.352669
2021-09-24 20:00:00,7852.541,0.0,0.351663
2021-09-24 21:00:00,7650.768,0.0,0.354234
2021-09-24 22:00:00,7412.664,0.0,0.360549
2021-09-24 23:00:00,7212.811,0.0,0.370154
2021-09-25 00:00:00,6167.599,0.0,0.383269
2021-09-25 01:00:00,6016.424,0.0,0.39598
2021-09-25 02:00:00,5912.501,0.0,0.40787
2021-09-25 03:00:00,5906.658,0.0,0.417293
2021-09-25 04:00:00,6021.336,0.0,0.422839
2021-09-25 05:00:00,6234.003,0.0,0.423539
2021-09-25 06:00:00,6484.794,0.0,0.419
2021-09-25 07:00:00,6703.822,0.073392,0.409472
2021-09-25 08:00:00,6840.942,0.224533,0.395821
2021-09-25 09:00:00,6882.008,0.390573,0.379426
2021-09-25 10:00:00,6846.441,0.536492,0.362005
2021-09-25 11:00:00,6772.056,0.635575,0.345393
2021-09-25 12:00:00,6698.585,0.670595,0.331304
2021-09-25 13:00:00,6659.221,0.635575,0.321118
2021-09-25 14:00:00,6680.829,0.536492,0.315698
2021-09-25 15:00:00,6783.445,0.390573,0.315291
2021-09-25 16:00:00,6968.303,0.224533,0.3195
2021-09-25 17:00:00,7198.333,0.073392,0.327351
2021-09-25 18:00:00,7395.151,0.0,0.337431
2021-09-25 19:00:00,7473.252,0.0,0.348089
2021-09-25 20:00:00,7394.763,0.0,0.357661
2021-09-25 21:00:00,7196.468,0.0,0.364706
2021-09-25 22:00:00,6961.871,0.0,0.368202
2021-09-25 23:00:00,6765.547,0.0,0.367687
2021-09-26 00:00:00,6160.126,0.0,0.364572
2021-09-26 01:00:00,6012.52,0.0,0.357125
2021-09-26 02:00:00,5912.183,0.0,0.347856
2021-09-26 03:00:00,5909.937,0.0,0.338355
2021-09-26 04:00:00,6028.221,0.0,0.330315
2021-09-26 05:00:00,6244.5,0.0,0.325305
2021-09-26 06:00:00,6498.907,0.0,0.324547
2021-09-26 07:00:00,6721.55,0.059884,0.328745
2021-09-26 08:00:00,6862.282,0.18984,0.33798
2021-09-26 09:00:00,6906.955,0.333614,0.351693
2021-09-26 10:00:00,6874.985,0.460352,0.368746
2021-09-26 11:00:00,6804.185,0.546549,0.387569
2021-09-26 12:00:00,6734.284,0.577036,0.406356
2021-09-26 13:00:00,6698.471,0.546549,0.4233
2021-09-26 14:00:00,6723.609,0.460352,0.436825
2021-09-26 15:00:00,6829.731,0.333614,0.445783
2021-09-26 16:00:00,7018.068,0.18984,0.449604
2021-09-26 17:00:00,7251.546,0.059884,0.448354
2021-09-26 18:00:00,7451.78,0.0,0.442718
2021-09-26 19:00:00,7533.261,0.0,0.433898
2021-09-26 20:00:00,7458.112,0.0,0.423438
2021-09-26 21:00:00,7263.116,0.0,0.413007
2021-09-26 22:00:00,7031.773,0.0,0.404166
2021-09-26 23:00:00,6838.657,0.0,0.398151
2021-09-27 00:00:00,6672.628,0.0,0.396956
2021-09-27 01:00:00,6528.126,0.0,0.398197
2021-09-27 02:00:00,6430.839,0.0,0.402641
2021-09-27 03:00:00,6431.585,0.0,0.409238
2021-09-27 04:00:00,6552.8,0.0,0.416519
2021-09-27 05:00:00,6771.948,0.0,0.422797
2021-09-27 06:00:00,7029.159,0.0,0.426395
2021-09-27 07:00:00,7254.537,0.045955,0.425879
2021-09-27 08:00:00,7397.936,0.151297,0.420257
2021-09-27 09:00:00,7445.202,0.268692,0.409118
2021-09-27 10:00:00,7415.751,0.372502,0.392695
2021-09-27 11:00:00,7347.394,0.44322,0.371845
2021-09-27 12:00:00,7279.858,0.468251,0.347943
2021-09-27 13:00:00,7246.328,0.44322,0.322706
2021-09-27 14:00:00,7273.668,0.372502,0.297971
2021-09-27 15:00:00,7381.907,0.268692,0.275467
2021-09-27 16:00:00,7572.274,0.151297,0.256587
2021-09-27 17:00:00,7807.695,0.045955,0.242215
2021-09-27 18:00:00,8009.783,0.0,0.232624
2021-09-27 19:00:00,8093.025,0.0,0.227449
2021-09-27 20:00:00,8019.546,0.0,0.22575
2021-09-27 21:00:00,7826.126,0.0,0.226156
2021-09-27 22:00:00,7596.263,0.0,0.227058
2021-09-27 23:00:00,7404.531,0.0,0.226842
2021-09-28 00:00:00,6803.721,0.0,0.225385
2021-09-28 01:00:00,6660.407,0.0,0.219181
2021-09-28 02:00:00,6564.207,0.0,0.209093
2021-09-28 03:00:00,6565.939,0.0,0.195339
2021-09-28 04:00:00,6688.04,0.0,0.17874
2021-09-28 05:00:00,6907.97,0.0,0.160619
2021-09-28 06:00:00,7165.86,0.0,0.14262
2021-09-28 07:00:00,7391.815,0.039818,0.126493
2021-09-28 08:00:00,7535.685,0.136477,0.11386
2021-09-28 09:00:00,7583.319,0.245014,0.105994
2021-09-28 10:00:00,7554.131,0.3413,0.103649
2021-09-28 11:00:00,7485.932,0.407002,0.10695
2021-09-28 12:00:00,7418.448,0.430274,0.11538
2021-09-28 13:00:00,7384.866,0.407002,0.127836
2021-09-28 14:00:00,7412.048,0.3413,0.14278
2021-09-28 15:00:00,7520.024,0.245014,0.158431
2021-09-28 16:00:00,7710.024,0.136477,0.173003
2021-09-28 17:00:00,7944.973,0.039818,0.184934
2021-09-28 18:00:00,8146.484,0.0,0.193086
2021-09-28 19:00:00,8229.047,0.0,0.196889
2021-09-28 20:00:00,8154.785,0.0,0.196406
2021-09-28 21:00:00,7960.48,0.0,0.192312
2021-09-28 22:00:00,7729.631,0.0,0.185794
2021-09-28 23:00:00,7536.811,0.0,0.178373
2021-09-29 00:00:00,6934.893,0.0,0.17297
2021-09-29 01:00:00,6790.293,0.0,0.168557
2021-09-29 02:00:00,6692.709,0.0,0.167612
2021-09-29 03:00:00,6692.961,0.0,0.170828
2021-09-29 04:00:00,6813.485,0.0,0.178293
2021-09-29 05:00:00,7031.746,0.0,0.189468
2021-09-29 06:00:00,7287.874,0.0,0.203251
2021-09-29 07:00:00,7511.976,0.039384,0.218121
2021-09-29 08:00:00,7653.903,0.140911,0.232333
2021-09-29 09:00:00,7699.506,0.255815,0.244158
2021-09-29 10:00:00,7668.201,0.358085,0.252106
2021-09-29 11:00:00,7597.801,0.427987,0.255128
2021-09-29 12:00:00,7528.033,0.452766,0.252758
2021-09-29 13:00:00,7492.087,0.427987,0.245179
2021-09-29 14:00:00,7516.826,0.358085,0.233197
2021-09-29 15:00:00,7622.283,0.255815,0.218139
2021-09-29 16:00:00,7809.689,0.140911,0.201676
2021-09-29 17:00:00,8041.972,0.039384,0.185609
2021-09-29 18:00:00,8240.748,0.0,0.171627
2021-09-29 19:00:00,8320.507,0.0,0.161092
2021-09-29 20:00:00,8243.376,0.0,0.154862
2021-09-29 21:00:00,8046.14,0.0,0.153188
2021-09-29 22:00:00,7812.299,0.0,0.155687
2021-09-29 23:00:00,7616.43,0.0,0.16141
2021-09-30 00:00:00,7011.48,0.0,0.170263
2021-09-30 01:00:00,6863.722,0.0,0.178066
2021-09-30 02:00:00,6762.931,0.0,0.184494
2021-09-30 03:00:00,6759.928,0.0,0.188164
2021-09-30 04:00:00,6877.154,0.0,0.188123
2021-09-30 05:00:00,7092.074,0.0,0.183979
2021-09-30 06:00:00,7344.823,0.0,0.175974
2021-09-30 07:00:00,7565.509,0.037938,0.164955
2021-09-30 08:00:00,7703.987,0.142113,0.152271
2021-09-30 09:00:00,7746.112,0.260987,0.139597
2021-09-30 10:00:00,7711.301,0.367144,0.128715
2021-09-30 11:00:00,7637.371,0.439828,0.121281
2021-09-30 12:00:00,7564.051,0.465613,0.118602
2021-09-30 13:00:00,7524.535,0.439828,0.121466
2021-09-30 14:00:00,7545.69,0.367144,0.130032
2021-09-30 15:00:00,7647.549,0.260987,0.143814
2021-09-30 16:00:00,7831.349,0.142113,0.161743
2021-09-30 17:00:00,8060.02,0.037938,0.182307
2021-09-30 18:00:00,8255.18,0.0,0.203751
2021-09-30 19:00:00,8331.324,0.0,0.224313
2021-09-30 20:00:00,8250.581,0.0,0.242448
2021-09-30 21:00:00,8049.738,0.0,0.257033
2021-09-30 22:00:00,7812.3,0.0,0.267509
2021-09-30 23:00:00,7612.845,0.0,0.273943
2021-10-01 00:00:00,7004.395,0.0,0.278306
2021-10-01 01:00:00,6853.086,0.0,0.27919
2021-10-01 02:00:00,6748.764,0.0,0.279401
2021-10-01 03:00:00,6742.256,0.0,0.280567
2021-10-01 04:00:00,6856.003,0.0,0.284196
2021-10-01 05:00:00,7067.475,0.0,0.29146
2021-10-01 06:00:00,7316.808,0.0,0.303024
2021-10-01 07:00:00,7534.114,0.034666,0.318941
2021-10-01 08:00:00,7669.252,0.136411,0.338633
2021-10-01 09:00:00,7708.078,0.253506,0.360954
2021-10-01 10:00:00,7670.013,0.358434,0.384336
2021-10-01 11:00:00,7592.875,0.430403,0.406987
2021-10-01 12:00:00,7516.398,0.455953,0.427125
2021-10-01 13:00:00,7473.777,0.430403,0.443207
2021-10-01 14:00:00,7491.882,0.358434,0.454129
2021-10-01 15:00:00,7590.749,0.253506,0.459371
2021-10-01 16:00:00,7771.618,0.136411,0.45906
2021-10-01 17:00:00,7997.42,0.034666,0.453947
2021-10-01 18:00:00,8189.776,0.0,0.445308
2021-10-01 19:00:00,8263.184,0.0,0.434762
2021-10-01 20:00:00,8179.775,0.0,0.424061
2021-10-01 21:00:00,7976.339,0.0,0.41485
2021-10-01 22:00:00,7736.381,0.0,0.408449
2021-10-01 23:00:00,7534.484,0.0,0.405679
2021-10-02 00:00:00,6487.586,0.0,0.408061
2021-10-02 01:00:00,6333.993,0.0,0.412579
2021-10-02 02:00:00,6227.47,0.0,0.419565
2021-10-02 03:00:00,6218.845,0.0,0.427622
2021-10-02 04:00:00,6330.562,0.0,0.435132
2021-10-02 05:00:00,6540.091,0.0,0.44048
2021-10-02 06:00:00,6787.57,0.0,0.442284
2021-10-02 07:00:00,7003.115,0.034131,0.439599
2021-10-02 08:00:00,7136.583,0.141608,0.432048
2021-10-02 09:00:00,7173.833,0.266404,0.419892
2021-10-02 10:00:00,7134.287,0.378626,0.404003
2021-10-02 11:00:00,7055.766,0.455735,0.385761
2021-10-02 12:00:00,6978.003,0.483131,0.366878
2021-10-02 13:00:00,6934.195,0.455735,0.349176
2021-10-02 14:00:00,6951.212,0.378626,0.334356
2021-10-02 15:00:00,7049.094,0.266404,0.323773
2021-10-02 16:00:00,7229.077,0.141608,0.318266
2021-10-02 17:00:00,7454.096,0.034131,0.318049
2021-10-02 18:00:00,7645.773,0.0,0.322693
2021-10-02 19:00:00,7718.605,0.0,0.331185
2021-10-02 20:00:00,7634.724,0.0,0.34207
2021-10-02 21:00:00,7430.92,0.0,0.353654
2021-10-02 22:00:00,7190.7,0.0,0.364229
2021-10-02 23:00:00,6988.645,0.0,0.372308
2021-10-03 00:00:00,6377.903,0.0,0.378132
2021-10-03 01:00:00,6224.363,0.0,0.378574
2021-10-03 02:00:00,6117.998,0.0,0.375059
2021-10-03 03:00:00,6109.635,0.0,0.36831
2021-10-03 04:00:00,6221.72,0.0,0.359548
2021-10-03 05:00:00,6431.72,0.0,0.350323
2021-10-03 06:00:00,6679.776,0.0,0.342293
2021-10-03 07:00:00,6896.0,0.037328,0.336994
2021-10-03 08:00:00,7030.251,0.16397,0.335623
2021-10-03 09:00:00,7068.386,0.312392,0.338858
2021-10-03 10:00:00,7029.827,0.446339,0.346767
2021-10-03 11:00:00,6952.393,0.538541,0.358775
2021-10-03 12:00:00,6875.817,0.571326,0.373739
2021-10-03 13:00:00,6833.295,0.538541,0.390086
2021-10-03 14:00:00,6851.696,0.446339,0.406017
2021-10-03 15:00:00,6951.058,0.312392,0.419733
2021-10-03 16:00:00,7132.617,0.16397,0.429674
2021-10-03 17:00:00,7359.306,0.037328,0.434716
2021-10-03 18:00:00,7552.745,0.0,0.434312
2021-10-03 19:00:00,7627.43,0.0,0.428561
2021-10-03 20:00:00,7545.492,0.0,0.418184
2021-10-03 21:00:00,7343.719,0.0,0.404423
2021-10-03 22:00:00,7105.615,0.0,0.388864
2021-10-03 23:00:00,6905.762,0.0,0.373225
2021-10-04 00:00:00,6733.508,0.0,0.360432
2021-10-04 01:00:00,6582.332,0.0,0.349138
2021-10-04 02:00:00,6478.41,0.0,0.341448
2021-10-04 03:00:00,6472.567,0.0,0.337549
2021-10-04 04:00:00,6587.244,0.0,0.337002
2021-10-04 05:00:00,6799.911,0.0,0.338808
2021-10-04 06:00:00,7050.703,0.0,0.341551
2021-10-04 07:00:00,7269.73,0.039097,0.343591
2021-10-04 08:00:00,7406.85,0.182687,0.343299
2021-10-04 09:00:00,7447.916,0.35261,0.339283
2021-10-04 10:00:00,7412.349,0.506524,0.330591
2021-10-04 11:00:00,7337.964,0.612666,0.316846
2021-10-04 12:00:00,7264.494,0.650439,0.298313
2021-10-04 13:00:00,7225.129,0.612666,0.275874
2021-10-04 14:00:00,7246.737,0.506524,0.250922
2021-10-04 15:00:00,7349.354,0.35261,0.22519
2021-10-04 16:00:00,7534.211,0.182687,0.200524
2021-10-04 17:00:00,7764.241,0.039097,0.178654
2021-10-04 18:00:00,7961.06,0.0,0.160969
2021-10-04 19:00:00,8039.16,0.0,0.148345
2021-10-04 20:00:00,7960.671,0.0,0.141039
2021-10-04 21:00:00,7762.376,0.0,0.138665
2021-10-04 22:00:00,7527.779,0.0,0.140257
2021-10-04 23:00:00,7331.455,0.0,0.144412
2021-10-05 00:00:00,6726.657,0.0,0.150808
2021-10-05 01:00:00,6579.051,0.0,0.155143
2021-10-05 02:00:00,6478.713,0.0,0.157307
2021-10-05 03:00:00,6476.467,0.0,0.156282
2021-10-05 04:00:00,6594.751,0.0,0.151613
2021-10-05 05:00:00,6811.031,0.0,0.143465
2021-10-05 06:00:00,7065.438,0.0,0.132608
2021-10-05 07:00:00,7288.081,0.035304,0.120308
2021-10-05 08:00:00,7428.813,0.176415,0.108158
2021-10-05 09:00:00,7473.486,0.345108,0.097853
2021-10-05 10:00:00,7441.516,0.498481,0.090963
2021-10-05 11:00:00,7370.716,0.604448,0.088712
2021-10-05 12:00:00,7300.815,0.642189,0.091804
2021-10-05 13:00:00,7265.002,0.604448,0.100323
2021-10-05 14:00:00,7290.14,0.498481,0.113709
2021-10-05 15:00:00,7396.262,0.345108,0.130823
2021-10-05 16:00:00,7584.599,0.176415,0.150094
2021-10-05 17:00:00,7818.077,0.035304,0.169716
2021-10-05 18:00:00,8018.311,0.0,0.187879
2021-10-05 19:00:00,8099.791,0.0,0.203005
2021-10-05 20:00:00,8024.642,0.0,0.213946
2021-10-05 21:00:00,7829.647,0.0,0.220127
2021-10-05 22:00:00,7598.304,0.0,0.221611
2021-10-05 23:00:00,7405.188,0.0,0.21908
2021-10-06 00:00:00,6803.594,0.0,0.215063
2021-10-06 01:00:00,6659.093,0.0,0.208437
2021-10-06 02:00:00,6561.805,0.0,0.202199
2021-10-06 03:00:00,6562.551,0.0,0.197904
2021-10-06 04:00:00,6683.767,0.0,0.196781
2021-10-06 05:00:00,6902.914,0.0,0.199561
2021-10-06 06:00:00,7160.125,0.0,0.20637
2021-10-06 07:00:00,7385.504,0.028227,0.21671
2021-10-06 08:00:00,7528.902,0.151772,0.229523
2021-10-06 09:00:00,7576.168,0.301044,0.243331
2021-10-06 10:00:00,7546.718,0.43728,0.25644
2021-10-06 11:00:00,7478.361,0.531585,0.267163
2021-10-06 12:00:00,7410.824,0.565201,0.274057
2021-10-06 13:00:00,7377.295,0.531585,0.276119
2021-10-06 14:00:00,7404.634,0.43728,0.272928
2021-10-06 15:00:00,7512.873,0.301044,0.264705
2021-10-06 16:00:00,7703.24,0.151772,0.252297
2021-10-06 17:00:00,7938.662,0.028227,0.237063
2021-10-06 18:00:00,8140.749,0.0,0.220709
2021-10-06 19:00:00,8223.991,0.0,0.20506
2021-10-06 20:00:00,8150.512,0.0,0.191828
2021-10-06 21:00:00,7957.092,0.0,0.182392
2021-10-06 22:00:00,7727.23,0.0,0.177623
2021-10-06 23:00:00,7535.497,0.0,0.177776
2021-10-07 00:00:00,6935.233,0.0,0.183806
2021-10-07 01:00:00,6791.918,0.0,0.192086
2021-10-07 02:00:00,6695.718,0.0,0.202562
2021-10-07 03:00:00,6697.451,0.0,0.213609
2021-10-07 04:00:00,6819.551,0.0,0.223596
2021-10-07 05:00:00,7039.482,0.0,0.231112
2021-10-07 06:00:00,7297.372,0.0,0.235171
2021-10-07 07:00:00,7523.327,0.022639,0.235348
2021-10-07 08:00:00,7667.197,0.131911,0.231843
2021-10-07 09:00:00,7714.831,0.265417,0.22546
2021-10-07 10:00:00,7685.643,0.387741,0.217501
2021-10-07 11:00:00,7617.443,0.47258,0.209593
2021-10-07 12:00:00,7549.959,0.502847,0.203468
2021-10-07 13:00:00,7516.377,0.47258,0.200728
2021-10-07 14:00:00,7543.559,0.387741,0.20263
2021-10-07 15:00:00,7651.536,0.265417,0.209908
2021-10-07 16:00:00,7841.535,0.131911,0.222671
2021-10-07 17:00:00,8076.484,0.022639,0.240385
2021-10-07 18:00:00,8277.996,0.0,0.26193
2021-10-07 19:00:00,8360.559,0.0,0.28575
2021-10-07 20:00:00,8286.297,0.0,0.310051
2021-10-07 21:00:00,8091.992,0.0,0.333031
2021-10-07 22:00:00,7861.143,0.0,0.353112
2021-10-07 23:00:00,7668.323,0.0,0.369143
2021-10-08 00:00:00,7066.91,0.0,0.381883
2021-10-08 01:00:00,6922.31,0.0,0.388699
2021-10-08 02:00:00,6824.726,0.0,0.391596
2021-10-08 03:00:00,6824.978,0.0,0.391748
2021-10-08 04:00:00,6945.503,0.0,0.390667
2021-10-08 05:00:00,7163.764,0.0,0.389986
2021-10-08 06:00:00,7419.892,0.0,0.391225
2021-10-08 07:00:00,7643.993,0.019519,0.395574
2021-10-08 08:00:00,7785.92,0.124275,0.403721
2021-10-08 09:00:00,7831.524,0.253769,0.415746
2021-10-08 10:00:00,7800.219,0.372893,0.431104
2021-10-08 11:00:00,7729.818,0.455674,0.448689
2021-10-08 12:00:00,7660.051,0.485232,0.466974
2021-10-08 13:00:00,7624.104,0.455674,0.484213
2021-10-08 14:00:00,7648.843,0.372893,0.498672
2021-10-08 15:00:00,7754.3,0.253769,0.508859
2021-10-08 16:00:00,7941.706,0.124275,0.513724
2021-10-08 17:00:00,8173.989,0.019519,0.5128
2021-10-08 18:00:00,8372.765,0.0,0.50627
2021-10-08 19:00:00,8452.524,0.0,0.494939
2021-10-08 20:00:00,8375.394,0.0,0.480135
2021-10-08 21:00:00,8178.157,0.0,0.463532
2021-10-08 22:00:00,7944.316,0.0,0.446931
2021-10-08 23:00:00,7748.447,0.0,0.432023
2021-10-09 00:00:00,6707.815,0.0,0.421522
2021-10-09 01:00:00,6560.058,0.0,0.413593
2021-10-09 02:00:00,6459.266,0.0,0.409839
2021-10-09 03:00:00,6456.264,0.0,0.409881
2021-10-09 04:00:00,6573.49,0.0,0.412773
2021-10-09 05:00:00,6788.41,0.0,0.417142
2021-10-09 06:00:00,7041.159,0.0,0.421382
2021-10-09 07:00:00,7261.845,0.016478,0.423891
2021-10-09 08:00:00,7400.323,0.115762,0.42329
2021-10-09 09:00:00,7442.448,0.240014,0.418631
2021-10-09 10:00:00,7407.637,0.354784,0.409531
2021-10-09 11:00:00,7333.707,0.434698,0.396238
2021-10-09 12:00:00,7260.387,0.463257,0.379606
2021-10-09 13:00:00,7220.871,0.434698,0.360991
2021-10-09 14:00:00,7242.026,0.354784,0.342077
2021-10-09 15:00:00,7343.885,0.240014,0.324655
2021-10-09 16:00:00,7527.685,0.115762,0.310388
2021-10-09 17:00:00,7756.356,0.016478,0.300593
2021-10-09 18:00:00,7951.516,0.0,0.296066
2021-10-09 19:00:00,8027.659,0.0,0.296979
2021-10-09 20:00:00,7946.916,0.0,0.302854
2021-10-09 21:00:00,7746.074,0.0,0.312633
2021-10-09 22:00:00,7508.636,0.0,0.324816
2021-10-09 23:00:00,7309.181,0.0,0.33766
2021-10-10 00:00:00,6701.158,0.0,0.350766
2021-10-10 01:00:00,6549.849,0.0,0.359898
2021-10-10 02:00:00,6445.528,0.0,0.365299
2021-10-10 03:00:00,6439.019,0.0,0.366422
2021-10-10 04:00:00,6552.766,0.0,0.363349
2021-10-10 05:00:00,6764.238,0.0,0.356771
2021-10-10 06:00:00,7013.571,0.0,0.347883
2021-10-10 07:00:00,7230.878,0.012645,0.338213
2021-10-10 08:00:00,7366.016,0.099182,0.329404
2021-10-10 09:00:00,7404.841,0.208899,0.32298
2021-10-10 10:00:00,7366.776,0.310666,0.32013
2021-10-10 11:00:00,7289.638,0.381671,0.321535
2021-10-10 12:00:00,7213.161,0.407068,0.327265
2021-10-10 13:00:00,7170.541,0.381671,0.33676
2021-10-10 14:00:00,7188.645,0.310666,0.348891
2021-10-10 15:00:00,7287.513,0.208899,0.362108
2021-10-10 16:00:00,7468.381,0.099182,0.374638
2021-10-10 17:00:00,7694.183,0.012645,0.384716
2021-10-10 18:00:00,7886.54,0.0,0.390816
2021-10-10 19:00:00,7959.948,0.0,0.391853
2021-10-10 20:00:00,7876.539,0.0,0.387326
2021-10-10 21:00:00,7673.102,0.0,0.377378
2021-10-10 22:00:00,7433.145,0.0,0.362779
2021-10-10 23:00:00,7231.248,0.0,0.344821
2021-10-11 00:00:00,7057.034,0.0,0.326498
2021-10-11 01:00:00,6903.441,0.0,0.306865
2021-10-11 02:00:00,6796.919,0.0,0.288941
2021-10-11 03:00:00,6788.293,0.0,0.274061
2021-10-11 04:00:00,6900.01,0.0,0.263062
2021-10-11 05:00:00,7109.539,0.0,0.256177
2021-10-11 06:00:00,7357.018,0.0,0.25301
2021-10-11 07:00:00,7572.563,0.009885,0.252603
2021-10-11 08:00:00,7706.031,0.087824,0.253575
2021-10-11 09:00:00,7743.281,0.188005,0.254317
2021-10-11 10:00:00,7703.736,0.281324,0.253227
2021-10-11 11:00:00,7625.214,0.346568,0.248935
2021-10-11 12:00:00,7547.451,0.369925,0.240504
2021-10-11 13:00:00,7503.643,0.346568,0.227567
2021-10-11 14:00:00,7520.661,0.281324,0.210395
2021-10-11 15:00:00,7618.542,0.188005,0.189867
2021-10-11 16:00:00,7798.525,0.087824,0.167368
2021-10-11 17:00:00,8023.545,0.009885,0.144618
2021-10-11 18:00:00,8215.221,0.0,0.123444
2021-10-11 19:00:00,8288.053,0.0,0.10555
2021-10-11 20:00:00,8204.173,0.0,0.092297
2021-10-11 21:00:00,8000.368,0.0,0.084524
2021-10-11 22:00:00,7760.148,0.0,0.082449
2021-10-11 23:00:00,7558.093,0.0,0.085643
2021-10-12 00:00:00,6947.7,0.0,0.094452
2021-10-12 01:00:00,6794.16,0.0,0.104704
2021-10-12 02:00:00,6687.795,0.0,0.116062
2021-10-12 03:00:00,6679.432,0.0,0.126817
2021-10-12 04:00:00,6791.516,0.0,0.135479
2021-10-12 05:00:00,7001.517,0.0,0.140976
2021-10-12 06:00:00,7249.573,0.0,0.142798
2021-10-12 07:00:00,7465.797,0.009355,0.141056
2021-10-12 08:00:00,7600.048,0.095829,0.136468
2021-10-12 09:00:00,7638.183,0.208614,0.130251
2021-10-12 10:00:00,7599.624,0.314131,0.123947
2021-10-12 11:00:00,7522.19,0.388057,0.119211
2021-10-12 12:00:00,7445.614,0.414546,0.117571
2021-10-12 13:00:00,7403.092,0.388057,0.120217
2021-10-12 14:00:00,7421.493,0.314131,0.127821
2021-10-12 15:00:00,7520.855,0.208614,0.140442
2021-10-12 16:00:00,7702.413,0.095829,0.157499
2021-10-12 17:00:00,7929.103,0.009355,0.177841
2021-10-12 18:00:00,8122.542,0.0,0.199885
2021-10-12 19:00:00,8197.227,0.0,0.221823
2021-10-12 20:00:00,8115.289,0.0,0.241849
2021-10-12 21:00:00,7913.516,0.0,0.258393
2021-10-12 22:00:00,7675.412,0.0,0.270321
2021-10-12 23:00:00,7475.559,0.0,0.277076
2021-10-13 00:00:00,6867.466,0.0,0.280111
2021-10-13 01:00:00,6716.29,0.0,0.27741
2021-10-13 02:00:00,6612.368,0.0,0.271566
2021-10-13 03:00:00,6606.525,0.0,0.264157
2021-10-13 04:00:00,6721.202,0.0,0.256887
2021-10-13 05:00:00,6933.869,0.0,0.251356
2021-10-13 06:00:00,7184.661,0.0,0.248837
2021-10-13 07:00:00,7403.688,0.009555,0.250107
2021-10-13 08:00:00,7540.808,0.115476,0.255339
2021-10-13 09:00:00,7581.874,0.255778,0.264083
2021-10-13 10:00:00,7546.307,0.387626,0.275327
2021-10-13 11:00:00,7471.922,0.480194,0.287639
2021-10-13 12:00:00,7398.451,0.513393,0.299367
2021-10-13 13:00:00,7359.087,0.480194,0.308867
2021-10-13 14:00:00,7380.695,0.387626,0.314734
2021-10-13 15:00:00,7483.311,0.255778,0.315999
2021-10-13 16:00:00,7668.169,0.115476,0.312271
2021-10-13 17:00:00,7898.199,0.009555,0.303799
2021-10-13 18:00:00,8095.018,0.0,0.29145
2021-10-13 19:00:00,8173.118,0.0,0.276601
2021-10-13 20:00:00,8094.629,0.0,0.260966
2021-10-13 21:00:00,7896.334,0.0,0.246378
2021-10-13 22:00:00,7661.737,0.0,0.234548
2021-10-13 23:00:00,7465.413,0.0,0.226849
2021-10-14 00:00:00,6860.884,0.0,0.225507
2021-10-14 01:00:00,6713.278,0.0,0.228027
2021-10-14 02:00:00,6612.941,0.0,0.235374
2021-10-14 03:00:00,6610.695,0.0,0.246564
2021-10-14 04:00:00,6728.979,0.0,0.260176
2021-10-14 05:00:00,6945.258,0.0,0.274549
2021-10-14 06:00:00,7199.665,0.0,0.288011
2021-10-14 07:00:00,7422.308,0.008587,0.299111
2021-10-14 08:00:00,7563.04,0.126158,0.306815
2021-10-14 09:00:00,7607.713,0.284489,0.310651
2021-10-14 10:00:00,7575.743,0.433955,0.310769
2021-10-14 11:00:00,7504.943,0.539119,0.307924
2021-10-14 12:00:00,7435.042,0.57687,0.303366
2021-10-14 13:00:00,7399.229,0.539119,0.298672
2021-10-14 14:00:00,7424.368,0.433955,0.295526
2021-10-14 15:00:00,7530.489,0.284489,0.295485
2021-10-14 16:00:00,7718.826,0.126158,0.299757
2021-10-14 17:00:00,7952.304,0.008587,0.309037
2021-10-14 18:00:00,8152.538,0.0,0.323396
2021-10-14 19:00:00,8234.019,0.0,0.342263
2021-10-14 20:00:00,8158.87,0.0,0.364492
2021-10-14 21:00:00,7963.874,0.0,0.3885
2021-10-14 22:00:00,7732.531,0.0,0.412474
2021-10-14 23:00:00,7539.415,0.0,0.434598
2021-10-15 00:00:00,6938.051,0.0,0.454655
2021-10-15 01:00:00,6793.55,0.0,0.468754
2021-10-15 02:00:00,6696.262,0.0,0.477684
2021-10-15 03:00:00,6697.008,0.0,0.481505
2021-10-15 04:00:00,6818.224,0.0,0.480897
2021-10-15 05:00:00,7037.371,0.0,0.477054
2021-10-15 06:00:00,7294.582,0.0,0.471515
2021-10-15 07:00:00,7519.961,0.006502,0.465945
2021-10-15 08:00:00,7663.359,0.121046,0.4619
2021-10-15 09:00:00,7710.625,0.278062,0.460611
2021-10-15 10:00:00,7681.175,0.426977,0.46281
2021-10-15 11:00:00,7612.818,0.531979,0.468627
2021-10-15 12:00:00,7545.281,0.569708,0.477567
2021-10-15 13:00:00,7511.752,0.531979,0.488576
2021-10-15 14:00:00,7539.091,0.426977,0.500183
2021-10-15 15:00:00,7647.33,0.278062,0.510696
2021-10-15 16:00:00,7837.697,0.121046,0.518437
2021-10-15 17:00:00,8073.118,0.006502,0.521969
2021-10-15 18:00:00,8275.206,0.0,0.520297
2021-10-15 19:00:00,8358.448,0.0,0.513006
2021-10-15 20:00:00,8284.969,0.0,0.500326
2021-10-15 21:00:00,8091.549,0.0,0.483113
2021-10-15 22:00:00,7861.686,0.0,0.462735
2021-10-15 23:00:00,7669.954,0.0,0.440907
2021-10-16 00:00:00,6633.731,0.0,0.420835
2021-10-16 01:00:00,6490.417,0.0,0.401498
2021-10-16 02:00:00,6394.217,0.0,0.385657
2021-10-16 03:00:00,6395.949,0.0,0.374193
2021-10-16 04:00:00,6518.05,0.0,0.367372
2021-10-16 05:00:00,6737.98,0.0,0.364824
2021-10-16 06:00:00,6995.87,0.0,0.365606
2021-10-16 07:00:00,7221.825,0.004472,0.368338
2021-10-16 08:00:00,7365.695,0.112106,0.371407
2021-10-16 09:00:00,7413.329,0.262503,0.373193
2021-10-16 10:00:00,7384.141,0.405815,0.372299
2021-10-16 11:00:00,7315.942,0.507091,0.367749
2021-10-16 12:00:00,7248.458,0.543514,0.359131
2021-10-16 13:00:00,7214.876,0.507091,0.346658
2021-10-16 14:00:00,7242.058,0.405815,0.331145
2021-10-16 15:00:00,7350.034,0.262503,0.313909
2021-10-16 16:00:00,7540.034,0.112106,0.296588
2021-10-16 17:00:00,7774.983,0.004472,0.280928
2021-10-16 18:00:00,7976.494,0.0,0.268545
2021-10-16 19:00:00,8059.057,0.0,0.260709
2021-10-16 20:00:00,7984.795,0.0,0.258168
2021-10-16 21:00:00,7790.49,0.0,0.261046
2021-10-16 22:00:00,7559.641,0.0,0.268821
2021-10-16 23:00:00,7366.821,0.0,0.280389
2021-10-17 00:00:00,6765.558,0.0,0.295583
2021-10-17 01:00:00,6620.958,0.0,0.309875
2021-10-17 02:00:00,6523.374,0.0,0.322853
2021-10-17 03:00:00,6523.626,0.0,0.332954
2021-10-17 04:00:00,6644.151,0.0,0.339043
2021-10-17 05:00:00,6862.412,0.0,0.340552
2021-10-17 06:00:00,7118.54,0.0,0.337547
2021-10-17 07:00:00,7342.641,0.002922,0.330708
2021-10-17 08:00:00,7484.569,0.108691,0.321225
2021-10-17 09:00:00,7530.172,0.259592,0.310626
2021-10-17 10:00:00,7498.867,0.404083,0.300561
2021-10-17 11:00:00,7428.467,0.506418,0.292564
2021-10-17 12:00:00,7358.699,0.543258,0.287843
2021-10-17 13:00:00,7322.753,0.506418,0.2871
2021-10-17 14:00:00,7347.492,0.404083,0.290434
2021-10-17 15:00:00,7452.949,0.259592,0.297313
2021-10-17 16:00:00,7640.355,0.108691,0.306648
2021-10-17 17:00:00,7872.638,0.002922,0.316926
2021-10-17 18:00:00,8071.413,0.0,0.326417
2021-10-17 19:00:00,8151.173,0.0,0.333401
2021-10-17 20:00:00,8074.042,0.0,0.336399
2021-10-17 21:00:00,7876.806,0.0,0.334377
2021-10-17 22:00:00,7642.965,0.0,0.326882
2021-10-17 23:00:00,7447.095,0.0,0.314105
2021-10-18 00:00:00,7278.87,0.0,0.298243
2021-10-18 01:00:00,7131.113,0.0,0.277883
2021-10-18 02:00:00,7030.321,0.0,0.256084
2021-10-18 03:00:00,7027.319,0.0,0.234659
2021-10-18 04:00:00,7144.545,0.0,0.215308
2021-10-18 05:00:00,7359.465,0.0,0.199404
2021-10-18 06:00:00,7612.213,0.0,0.187817
2021-10-18 07:00:00,7832.9,0.001572,0.180807
2021-10-18 08:00:00,7971.378,0.103976,0.178002
2021-10-18 09:00:00,8013.503,0.253467,0.178462
2021-10-18 10:00:00,7978.692,0.397315,0.180815
2021-10-18 11:00:00,7904.762,0.499425,0.183462
2021-10-18 12:00:00,7831.442,0.53622,0.1848
2021-10-18 13:00:00,7791.926,0.499425,0.183454
2021-10-18 14:00:00,7813.081,0.397315,0.178475
2021-10-18 15:00:00,7914.94,0.253467,0.16948
2021-10-18 16:00:00,8098.74,0.103976,0.156714
2021-10-18 17:00:00,8327.41,0.001572,0.141032
2021-10-18 18:00:00,8522.57,0.0,0.123784
2021-10-18 19:00:00,8598.714,0.0,0.106651
2021-10-18 20:00:00,8517.971,0.0,0.09142
2021-10-18 21:00:00,8317.128,0.0,0.079748
2021-10-18 22:00:00,8079.69,0.0,0.072946
2021-10-18 23:00:00,7880.236,0.0,0.071803
2021-10-19 00:00:00,7272.283,0.0,0.077859
2021-10-19 01:00:00,7120.974,0.0,0.087878
2021-10-19 02:00:00,7016.653,0.0,0.102167
2021-10-19 03:00:00,7010.144,0.0,0.119216
2021-10-19 04:00:00,7123.891,0.0,0.137275
2021-10-19 05:00:00,7335.363,0.0,0.15458
2021-10-19 06:00:00,7584.696,0.0,0.16959
2021-10-19 07:00:00,7802.003,0.000476,0.181185
2021-10-19 08:00:00,7937.141,0.088686,0.188806
2021-10-19 09:00:00,7975.966,0.220819,0.192524
2021-10-19 10:00:00,7937.901,0.348606,0.193017
2021-10-19 11:00:00,7860.763,0.439523,0.191469
2021-10-19 12:00:00,7784.286,0.472316,0.189394
2021-10-19 13:00:00,7741.666,0.439523,0.188424
2021-10-19 14:00:00,7759.77,0.348606,0.190069
2021-10-19 15:00:00,7858.638,0.220819,0.195506
2021-10-19 16:00:00,8039.506,0.088686,0.205403
2021-10-19 17:00:00,8265.308,0.000476,0.219816
2021-10-19 18:00:00,8457.665,0.0,0.238173
2021-10-19 19:00:00,8531.073,0.0,0.259331
2021-10-19 20:00:00,8447.664,0.0,0.281727
2021-10-19 21:00:00,8244.227,0.0,0.303573
2021-10-19 22:00:00,8004.27,0.0,0.323092
2021-10-19 23:00:00,7802.373,0.0,0.338744
2021-10-20 00:00:00,7192.041,0.0,0.350808
2021-10-20 01:00:00,7038.448,0.0,0.356014
2021-10-20 02:00:00,6931.925,0.0,0.35587
2021-10-20 03:00:00,6923.3,0.0,0.35113
2021-10-20 04:00:00,7035.017,0.0,0.343074
2021-10-20 05:00:00,7244.545,0.0,0.333325
2021-10-20 06:00:00,7492.025,0.0,0.323636
2021-10-20 07:00:00,7707.57,0.0,0.315655
2021-10-20 08:00:00,7841.038,0.068856,0.310704
2021-10-20 09:00:00,7878.288,0.175241,0.309605
2021-10-20 10:00:00,7838.742,0.278658,0.312577
2021-10-20 11:00:00,7760.221,0.352406,0.319209
2021-10-20 12:00:00,7682.458,0.379032,0.328528
2021-10-20 13:00:00,7638.65,0.352406,0.339139
2021-10-20 14:00:00,7655.667,0.278658,0.349418
2021-10-20 15:00:00,7753.549,0.175241,0.357748
2021-10-20 16:00:00,7933.532,0.068856,0.362745
2021-10-20 17:00:00,8158.551,0.0,0.363456
2021-10-20 18:00:00,8350.228,0.0,0.3595
2021-10-20 19:00:00,8423.06,0.0,0.351132
2021-10-20 20:00:00,8339.179,0.0,0.339217
2021-10-20 21:00:00,8135.375,0.0,0.325126
2021-10-20 22:00:00,7895.155,0.0,0.310563
2021-10-20 23:00:00,7693.1,0.0,0.297341
2021-10-21 00:00:00,7082.697,0.0,0.288528
2021-10-21 01:00:00,6929.157,0.0,0.282714
2021-10-21 02:00:00,6822.792,0.0,0.282105
2021-10-21 03:00:00,6814.429,0.0,0.286904
2021-10-21 04:00:00,6926.513,0.0,0.296667
2021-10-21 05:00:00,7136.514,0.0,0.310372
2021-10-21 06:00:00,7384.57,0.0,0.32655
2021-10-21 07:00:00,7600.794,0.0,0.343495
2021-10-21 08:00:00,7735.045,0.05965,0.359486
2021-10-21 09:00:00,7773.18,0.155294,0.373023
2021-10-21 10:00:00,7734.621,0.248757,0.383025
2021-10-21 11:00:00,7657.186,0.315563,0.38897
2021-10-21 12:00:00,7580.611,0.339707,0.390963
2021-10-21 13:00:00,7538.089,0.315563,0.389713
2021-10-21 14:00:00,7556.49,0.248757,0.38643
2021-10-21 15:00:00,7655.851,0.155294,0.382651
2021-10-21 16:00:00,7837.41,0.05965,0.380025
2021-10-21 17:00:00,8064.099,0.0,0.380077
2021-10-21 18:00:00,8257.538,0.0,0.383991
2021-10-21 19:00:00,8332.224,0.0,0.392438
2021-10-21 20:00:00,8250.286,0.0,0.405474
2021-10-21 21:00:00,8048.512,0.0,0.422519
2021-10-21 22:00:00,7810.409,0.0,0.44242
2021-10-21 23:00:00,7610.555,0.0,0.463598
2021-10-22 00:00:00,7002.412,0.0,0.485621
2021-10-22 01:00:00,6851.237,0.0,0.503934
2021-10-22 02:00:00,6747.314,0.0,0.518347
2021-10-22 03:00:00,6741.471,0.0,0.527731
2021-10-22 04:00:00,6856.149,0.0,0.531534
2021-10-22 05:00:00,7068.816,0.0,0.529852
2021-10-22 06:00:00,7319.607,0.0,0.523403
2021-10-22 07:00:00,7538.635,0.0,0.513426
2021-10-22 08:00:00,7675.754,0.064935,0.501505
2021-10-22 09:00:00,7716.821,0.17307,0.489355
2021-10-22 10:00:00,7681.254,0.279305,0.478585
2021-10-22 11:00:00,7606.869,0.355419,0.47048
2021-10-22 12:00:00,7533.398,0.382954,0.465827
2021-10-22 13:00:00,7494.034,0.355419,0.464811
2021-10-22 14:00:00,7515.642,0.279305,0.466993
2021-10-22 15:00:00,7618.258,0.17307,0.471375
2021-10-22 16:00:00,7803.116,0.064935,0.476537
2021-10-22 17:00:00,8033.146,0.0,0.480841
2021-10-22 18:00:00,8229.964,0.0,0.482656
2021-10-22 19:00:00,8308.065,0.0,0.480591
2021-10-22 20:00:00,8229.575,0.0,0.47369
2021-10-22 21:00:00,8031.281,0.0,0.461577
2021-10-22 22:00:00,7796.683,0.0,0.444516
2021-10-22 23:00:00,7600.36,0.0,0.423387
2021-10-23 00:00:00,6559.592,0.0,0.400958
2021-10-23 01:00:00,6411.986,0.0,0.376206
2021-10-23 02:00:00,6311.649,0.0,0.352354
2021-10-23 03:00:00,6309.403,0.0,0.331128
2021-10-23 04:00:00,6427.687,0.0,0.313914
2021-10-23 05:00:00,6643.966,0.0,0.301588
2021-10-23 06:00:00,6898.373,0.0,0.294402
2021-10-23 07:00:00,7121.016,0.0,0.291968
2021-10-23 08:00:00,7261.749,0.073236,0.293318
2021-10-23 09:00:00,7306.421,0.199999,0.297044
2021-10-23 10:00:00,7274.451,0.325214,0.301501
2021-10-23 11:00:00,7203.651,0.415142,0.305029
2021-10-23 12:00:00,7133.75,0.447707,0.306192
2021-10-23 13:00:00,7097.937,0.415142,0.30397
2021-10-23 14:00:00,7123.076,0.325214,0.297905
2021-10-23 15:00:00,7229.198,0.199999,0.288162
2021-10-23 16:00:00,7417.534,0.073236,0.275509
2021-10-23 17:00:00,7651.013,0.0,0.26121
2021-10-23 18:00:00,7851.247,0.0,0.246857
2021-10-23 19:00:00,7932.727,0.0,0.234147
2021-10-23 20:00:00,7857.578,0.0,0.224649
2021-10-23 21:00:00,7662.582,0.0,0.219588
2021-10-23 22:00:00,7431.24,0.0,0.219671
2021-10-23 23:00:00,7238.123,0.0,0.224982
2021-10-24 00:00:00,6636.63,0.0,0.236341
2021-10-24 01:00:00,6492.128,0.0,0.249863
2021-10-24 02:00:00,6394.841,0.0,0.265356
2021-10-24 03:00:00,6395.586,0.0,0.281018
2021-10-24 04:00:00,6516.802,0.0,0.295048
2021-10-24 05:00:00,6735.95,0.0,0.305872
2021-10-24 06:00:00,6993.16,0.0,0.312352
2021-10-24 07:00:00,7218.539,0.0,0.313919
2021-10-24 08:00:00,7361.937,0.074719,0.310646
2021-10-24 09:00:00,7409.204,0.209252,0.303226
2021-10-24 10:00:00,7379.753,0.342884,0.292866
2021-10-24 11:00:00,7311.396,0.439088,0.281116
2021-10-24 12:00:00,7243.859,0.473961,0.269652
2021-10-24 13:00:00,7210.33,0.439088,0.260042
2021-10-24 14:00:00,7237.67,0.342884,0.253528
2021-10-24 15:00:00,7345.909,0.209252,0.250852
2021-10-24 16:00:00,7536.276,0.074719,0.252154
2021-10-24 17:00:00,7771.697,0.0,0.256948
2021-10-24 18:00:00,7973.784,0.0,0.26419
2021-10-24 19:00:00,8057.027,0.0,0.272415
2021-10-24 20:00:00,7983.548,0.0,0.279941
2021-10-24 21:00:00,7790.127,0.0,0.285095
2021-10-24 22:00:00,7560.265,0.0,0.286447
2021-10-24 23:00:00,7368.532,0.0,0.283007
2021-10-25 00:00:00,7204.436,0.0,0.275738
2021-10-25 01:00:00,7061.122,0.0,0.262127
2021-10-25 02:00:00,6964.922,0.0,0.244405
2021-10-25 03:00:00,6966.654,0.0,0.223944
2021-10-25 04:00:00,7088.755,0.0,0.202459
2021-10-25 05:00:00,7308.685,0.0,0.181784
2021-10-25 06:00:00,7566.575,0.0,0.163642
2021-10-25 07:00:00,7792.53,0.0,0.149419
2021-10-25 08:00:00,7936.4,0.072918,0.139995
2021-10-25 09:00:00,7984.034,0.209605,0.135631
2021-10-25 10:00:00,7954.846,0.346149,0.135954
2021-10-25 11:00:00,7886.647,0.444688,0.140015
2021-10-25 12:00:00,7819.163,0.480444,0.146428
2021-10-25 13:00:00,7785.581,0.444688,0.153573
2021-10-25 14:00:00,7812.763,0.346149,0.159821
2021-10-25 15:00:00,7920.739,0.209605,0.163768
2021-10-25 16:00:00,8110.739,0.072918,0.164428
2021-10-25 17:00:00,8345.688,0.0,0.161379
2021-10-25 18:00:00,8547.199,0.0,0.154822
2021-10-25 19:00:00,8629.762,0.0,0.145562
2021-10-25 20:00:00,8555.5,0.0,0.134903
2021-10-25 21:00:00,8361.195,0.0,0.12447
2021-10-25 22:00:00,8130.346,0.0,0.115997
2021-10-25 23:00:00,7937.526,0.0,0.111085
2021-10-26 00:00:00,7336.054,0.0,0.112364
2021-10-26 01:00:00,7191.454,0.0,0.11782
2021-10-26 02:00:00,7093.87,0.0,0.128937
2021-10-26 03:00:00,7094.122,0.0,0.145176
2021-10-26 04:00:00,7214.647,0.0,0.16542
2021-10-26 05:00:00,7432.907,0.0,0.188111
2021-10-26 06:00:00,7689.035,0.0,0.211453
2021-10-26 07:00:00,7913.137,0.0,0.233645
2021-10-26 08:00:00,8055.064,0.075202,0.253108
2021-10-26 09:00:00,8100.667,0.222097,0.268691
2021-10-26 10:00:00,8069.363,0.369686,0.27981
2021-10-26 11:00:00,7998.962,0.476459,0.286516
2021-10-26 12:00:00,7929.194,0.515242,0.289473
2021-10-26 13:00:00,7893.248,0.476459,0.289855
2021-10-26 14:00:00,7917.987,0.369686,0.289176
2021-10-26 15:00:00,8023.444,0.222097,0.289067
2021-10-26 16:00:00,8210.85,0.075202,0.291051
2021-10-26 17:00:00,8443.133,0.0,0.296319
2021-10-26 18:00:00,8641.909,0.0,0.305558
2021-10-26 19:00:00,8721.668,0.0,0.318852
2021-10-26 20:00:00,8644.538,0.0,0.335656
2021-10-26 21:00:00,8447.301,0.0,0.354865
2021-10-26 22:00:00,8213.46,0.0,0.374953
2021-10-26 23:00:00,8017.591,0.0,0.394176
2021-10-27 00:00:00,7412.968,0.0,0.41217
2021-10-27 01:00:00,7265.21,0.0,0.424703
2021-10-27 02:00:00,7164.419,0.0,0.432096
2021-10-27 03:00:00,7161.416,0.0,0.433882
2021-10-27 04:00:00,7278.642,0.0,0.430244
2021-10-27 05:00:00,7493.563,0.0,0.421985
2021-10-27 06:00:00,7746.311,0.0,0.410433
2021-10-27 07:00:00,7966.997,0.0,0.397258
2021-10-27 08:00:00,8105.476,0.078872,0.384261
2021-10-27 09:00:00,8147.6,0.239556,0.373129
2021-10-27 10:00:00,8112.79,0.401953,0.365225
2021-10-27 11:00:00,8038.859,0.519729,0.361404
2021-10-27 12:00:00,7965.54,0.562553,0.361916
2021-10-27 13:00:00,7926.024,0.519729,0.366377
2021-10-27 14:00:00,7947.178,0.401953,0.373834
2021-10-27 15:00:00,8049.038,0.239556,0.382907
2021-10-27 16:00:00,8232.837,0.078872,0.391984
2021-10-27 17:00:00,8461.508,0.0,0.399451
2021-10-27 18:00:00,8656.668,0.0,0.403923
2021-10-27 19:00:00,8732.812,0.0,0.40444
2021-10-27 20:00:00,8652.069,0.0,0.40061
2021-10-27 21:00:00,8451.226,0.0,0.392669
2021-10-27 22:00:00,8213.788,0.0,0.38146
2021-10-27 23:00:00,8014.334,0.0,0.368328
2021-10-28 00:00:00,7406.091,0.0,0.35631
2021-10-28 01:00:00,7254.782,0.0,0.344451
2021-10-28 02:00:00,7150.461,0.0,0.335769
2021-10-28 03:00:00,7143.952,0.0,0.331567
2021-10-28 04:00:00,7257.7,0.0,0.332629
2021-10-28 05:00:00,7469.171,0.0,0.339112
2021-10-28 06:00:00,7718.504,0.0,0.350527
2021-10-28 07:00:00,7935.811,0.0,0.365802
2021-10-28 08:00:00,8070.949,0.074611,0.383423
2021-10-28 09:00:00,8109.774,0.2333,0.401636
2021-10-28 10:00:00,8071.709,0.394644,0.418678
2021-10-28 11:00:00,7994.571,0.511948,0.433004
2021-10-28 12:00:00,7918.095,0.554644,0.443494
2021-10-28 13:00:00,7875.474,0.511948,0.44959
2021-10-28 14:00:00,7893.578,0.394644,0.451364
2021-10-28 15:00:00,7992.446,0.2333,0.449498
2021-10-28 16:00:00,8173.314,0.074611,0.445176
2021-10-28 17:00:00,8399.116,0.0,0.43992
2021-10-28 18:00:00,8591.473,0.0,0.435362
2021-10-28 19:00:00,8664.881,0.0,0.433022
2021-10-28 20:00:00,8581.472,0.0,0.434082
2021-10-28 21:00:00,8378.035,0.0,0.439218
2021-10-28 22:00:00,8138.078,0.0,0.448495
2021-10-28 23:00:00,7936.181,0.0,0.461348
2021-10-29 00:00:00,7325.52,0.0,0.478011
2021-10-29 01:00:00,7171.927,0.0,0.494201
2021-10-29 02:00:00,7065.405,0.0,0.509507
2021-10-29 03:00:00,7056.779,0.0,0.522164
2021-10-29 04:00:00,7168.496,0.0,0.530645
2021-10-29 05:00:00,7378.025,0.0,0.533865
2021-10-29 06:00:00,7625.504,0.0,0.531323
2021-10-29 07:00:00,7841.049,0.0,0.523163
2021-10-29 08:00:00,7974.517,0.061051,0.510157
2021-10-29 09:00:00,8011.767,0.196742,0.493597
2021-10-29 10:00:00,7972.222,0.335548,0.475123
2021-10-29 11:00:00,7893.7,0.43672,0.456506
2021-10-29 12:00:00,7815.937,0.473583,0.439408
2021-10-29 13:00:00,7772.129,0.43672,0.425169
2021-10-29 14:00:00,7789.147,0.335548,0.414627
2021-10-29 15:00:00,7887.028,0.196742,0.408017
2021-10-29 16:00:00,8067.011,0.061051,0.404947
2021-10-29 17:00:00,8292.03,0.0,0.404461
2021-10-29 18:00:00,8483.707,0.0,0.405179
2021-10-29 19:00:00,8556.539,0.0,0.405495
2021-10-29 20:00:00,8472.659,0.0,0.403809
2021-10-29 21:00:00,8268.854,0.0,0.398753
2021-10-29 22:00:00,8028.634,0.0,0.38939
2021-10-29 23:00:00,7826.579,0.0,0.375357
2021-10-30 00:00:00,6779.659,0.0,0.358285
2021-10-30 01:00:00,6626.119,0.0,0.336332
2021-10-30 02:00:00,6519.754,0.0,0.312247
2021-10-30 03:00:00,6511.392,0.0,0.287747
2021-10-30 04:00:00,6623.476,0.0,0.264663
2021-10-30 05:00:00,6833.476,0.0,0.244697
2021-10-30 06:00:00,7081.532,0.0,0.229211
2021-10-30 07:00:00,7297.756,0.0,0.219046
2021-10-30 08:00:00,7432.007,0.047745,0.214419
2021-10-30 09:00:00,7470.142,0.158753,0.2149
2021-10-30 10:00:00,7431.583,0.273017,0.219478
2021-10-30 11:00:00,7354.149,0.356511,0.2267
2021-10-30 12:00:00,7277.573,0.386965,0.234869
2021-10-30 13:00:00,7235.051,0.356511,0.242279
2021-10-30 14:00:00,7253.452,0.273017,0.247441
2021-10-30 15:00:00,7352.814,0.158753,0.249285
2021-10-30 16:00:00,7534.373,0.047745,0.247301
2021-10-30 17:00:00,7761.062,0.0,0.241605
2021-10-30 18:00:00,7954.501,0.0,0.232917
2021-10-30 19:00:00,8029.186,0.0,0.222457
2021-10-30 20:00:00,7947.248,0.0,0.211773
2021-10-30 21:00:00,7745.475,0.0,0.202523
2021-10-30 22:00:00,7507.371,0.0,0.196242
2021-10-30 23:00:00,7307.518,0.0,0.194125
2021-10-31 00:00:00,6698.967,0.0,0.198209
2021-10-31 01:00:00,6547.791,0.0,0.205844
2021-10-31 02:00:00,6443.869,0.0,0.217815
2021-10-31 03:00:00,6438.026,0.0,0.232978
2021-10-31 04:00:00,6552.704,0.0,0.249763
2021-10-31 05:00:00,6765.37,0.0,0.266369
2021-10-31 06:00:00,7016.162,0.0,0.281002
2021-10-31 07:00:00,7235.189,0.0,0.2921
2021-10-31 08:00:00,7372.309,0.042557,0.298543
2021-10-31 09:00:00,7413.375,0.146174,0.299785
2021-10-31 10:00:00,7377.808,0.253506,0.295927
2021-10-31 11:00:00,7303.423,0.332135,0.287693
2021-10-31 12:00:00,7229.953,0.360845,0.276326
2021-10-31 13:00:00,7190.588,0.332135,0.263415
2021-10-31 14:00:00,7212.197,0.253506,0.250677
2021-10-31 15:00:00,7314.813,0.146174,0.239726
2021-10-31 16:00:00,7499.67,0.042557,0.231848
2021-10-31 17:00:00,7729.7,0.0,0.227832
2021-10-31 18:00:00,7926.519,0.0,0.227864
2021-10-31 19:00:00,8004.62,0.0,0.231506
2021-10-31 20:00:00,7926.13,0.0,0.237759
2021-10-31 21:00:00,7727.835,0.0,0.245201
2021-10-31 22:00:00,7493.238,0.0,0.252192
2021-10-31 23:00:00,7296.914,0.0,0.257099
2021-11-01 00:00:00,7127.996,0.0,0.259879
2021-11-01 01:00:00,6980.39,0.0,0.256867
2021-11-01 02:00:00,6880.053,0.0,0.249034
2021-11-01 03:00:00,6877.807,0.0,0.236636
2021-11-01 04:00:00,6996.091,0.0,0.220547
2021-11-01 05:00:00,7212.37,0.0,0.202152
2021-11-01 06:00:00,7466.777,0.0,0.183171
2021-11-01 07:00:00,7689.42,0.0,0.16544
2021-11-01 08:00:00,7830.152,0.042636,0.150675
2021-11-01 09:00:00,7874.825,0.15147,0.140252
2021-11-01 10:00:00,7842.855,0.264932,0.135033
2021-11-01 11:00:00,7772.055,0.348266,0.13526
2021-11-01 12:00:00,7702.154,0.378724,0.140529
2021-11-01 13:00:00,7666.341,0.348266,0.149859
2021-11-01 14:00:00,7691.48,0.264932,0.161829
2021-11-01 15:00:00,7797.602,0.15147,0.174775
2021-11-01 16:00:00,7985.938,0.042636,0.187025
2021-11-01 17:00:00,8219.417,0.0,0.197126
2021-11-01 18:00:00,8419.651,0.0,0.204041
2021-11-01 19:00:00,8501.131,0.0,0.207295
2021-11-01 20:00:00,8425.982,0.0,0.207036
2021-11-01 21:00:00,8230.986,0.0,0.204015
2021-11-01 22:00:00,7999.643,0.0,0.199478
2021-11-01 23:00:00,7806.527,0.0,0.194999
2021-11-02 00:00:00,7204.547,0.0,0.193606
2021-11-02 01:00:00,7060.046,0.0,0.194154
2021-11-02 02:00:00,6962.758,0.0,0.199197
2021-11-02 03:00:00,6963.504,0.0,0.209425
2021-11-02 04:00:00,7084.719,0.0,0.224905
2021-11-02 05:00:00,7303.867,0.0,0.245063
2021-11-02 06:00:00,7561.078,0.0,0.268749
2021-11-02 07:00:00,7786.457,0.0,0.294376
2021-11-02 08:00:00,7929.855,0.041208,0.320129
2021-11-02 09:00:00,7977.121,0.151615,0.344186
2021-11-02 10:00:00,7947.67,0.267472,0.364962
2021-11-02 11:00:00,7879.314,0.352784,0.381298
2021-11-02 12:00:00,7811.777,0.383999,0.392614
2021-11-02 13:00:00,7778.247,0.352784,0.398966
2021-11-02 14:00:00,7805.587,0.267472,0.401032
2021-11-02 15:00:00,7913.826,0.151615,0.400005
2021-11-02 16:00:00,8104.193,0.041208,0.397422
2021-11-02 17:00:00,8339.614,0.0,0.394945
2021-11-02 18:00:00,8541.702,0.0,0.39413
2021-11-02 19:00:00,8624.944,0.0,0.396206
2021-11-02 20:00:00,8551.465,0.0,0.401904
2021-11-02 21:00:00,8358.045,0.0,0.41135
2021-11-02 22:00:00,8128.182,0.0,0.424049
2021-11-02 23:00:00,7936.45,0.0,0.438945
2021-11-03 00:00:00,7335.68,0.0,0.455907
2021-11-03 01:00:00,7192.366,0.0,0.470556
2021-11-03 02:00:00,7096.165,0.0,0.482552
2021-11-03 03:00:00,7097.898,0.0,0.490456
2021-11-03 04:00:00,7219.998,0.0,0.493269
2021-11-03 05:00:00,7439.929,0.0,0.490573
2021-11-03 06:00:00,7697.819,0.0,0.482593
2021-11-03 07:00:00,7923.774,0.0,0.47018
2021-11-03 08:00:00,8067.644,0.038262,0.454696
2021-11-03 09:00:00,8115.278,0.14599,0.43785
2021-11-03 10:00:00,8086.09,0.259792,0.421471
2021-11-03 11:00:00,8017.891,0.343807,0.407272
2021-11-03 12:00:00,7950.407,0.37458,0.396636
2021-11-03 13:00:00,7916.825,0.343807,0.390435
2021-11-03 14:00:00,7944.007,0.259792,0.388927
2021-11-03 15:00:00,8051.983,0.14599,0.391731
2021-11-03 16:00:00,8241.982,0.038262,0.397894
2021-11-03 17:00:00,8476.932,0.0,0.406028
2021-11-03 18:00:00,8678.443,0.0,0.414506
2021-11-03 19:00:00,8761.006,0.0,0.421698
2021-11-03 20:00:00,8686.744,0.0,0.426195
2021-11-03 21:00:00,8492.439,0.0,0.42701
2021-11-03 22:00:00,8261.59,0.0,0.423718
2021-11-03 23:00:00,8068.77,0.0,0.41652
2021-11-04 00:00:00,7466.733,0.0,0.407557
2021-11-04 01:00:00,7322.133,0.0,0.395456
2021-11-04 02:00:00,7224.549,0.0,0.383181
2021-11-04 03:00:00,7224.801,0.0,0.372467
2021-11-04 04:00:00,7345.326,0.0,0.364917
2021-11-04 05:00:00,7563.587,0.0,0.361789
2021-11-04 06:00:00,7819.715,0.0,0.36382
2021-11-04 07:00:00,8043.816,0.0,0.371122
2021-11-04 08:00:00,8185.743,0.039048,0.383164
2021-11-04 09:00:00,8231.347,0.154733,0.398831
2021-11-04 10:00:00,8200.042,0.277768,0.416572
2021-11-04 11:00:00,8129.641,0.368835,0.4346
2021-11-04 12:00:00,8059.874,0.402226,0.451118
2021-11-04 13:00:00,8023.927,0.368835,0.464558
2021-11-04 14:00:00,8048.667,0.277768,0.473777
2021-11-04 15:00:00,8154.123,0.154733,0.478201
2021-11-04 16:00:00,8341.529,0.039048,0.477892
2021-11-04 17:00:00,8573.812,0.0,0.473526
2021-11-04 18:00:00,8772.588,0.0,0.466289
2021-11-04 19:00:00,8852.347,0.0,0.457706
2021-11-04 20:00:00,8775.217,0.0,0.449424
2021-11-04 21:00:00,8577.98,0.0,0.44298
2021-11-04 22:00:00,8344.139,0.0,0.439578
2021-11-04 23:00:00,8148.27,0.0,0.439923
2021-11-05 00:00:00,7543.044,0.0,0.445446
2021-11-05 01:00:00,7395.286,0.0,0.452953
2021-11-05 02:00:00,7294.495,0.0,0.462689
2021-11-05 03:00:00,7291.493,0.0,0.473145
2021-11-05 04:00:00,7408.719,0.0,0.482595
2021-11-05 05:00:00,7623.639,0.0,0.489322
2021-11-05 06:00:00,7876.387,0.0,0.491854
2021-11-05 07:00:00,8097.073,0.0,0.489158
2021-11-05 08:00:00,8235.552,0.044192,0.480788
2021-11-05 09:00:00,8277.677,0.182144,0.466942
2021-11-05 10:00:00,8242.866,0.329872,0.448445
2021-11-05 11:00:00,8168.935,0.4395,0.426641
2021-11-05 12:00:00,8095.616,0.479739,0.403219
2021-11-05 13:00:00,8056.1,0.4395,0.379998
2021-11-05 14:00:00,8077.254,0.329872,0.358684
2021-11-05 15:00:00,8179.114,0.182144,0.340655
2021-11-05 16:00:00,8362.913,0.044192,0.326786
2021-11-05 17:00:00,8591.584,0.0,0.317343
2021-11-05 18:00:00,8786.744,0.0,0.311959
2021-11-05 19:00:00,8862.888,0.0,0.309697
2021-11-05 20:00:00,8782.145,0.0,0.309193
2021-11-05 21:00:00,8581.302,0.0,0.308849
2021-11-05 22:00:00,8343.864,0.0,0.307067
2021-11-05 23:00:00,8144.41,0.0,0.302477
2021-11-06 00:00:00,7099.378,0.0,0.29546
2021-11-06 01:00:00,6948.069,0.0,0.282982
2021-11-06 02:00:00,6843.747,0.0,0.266619
2021-11-06 03:00:00,6837.239,0.0,0.247226
2021-11-06 04:00:00,6950.986,0.0,0.226161
2021-11-06 05:00:00,7162.457,0.0,0.205104
2021-11-06 06:00:00,7411.79,0.0,0.185844
2021-11-06 07:00:00,7629.097,0.0,0.170044
2021-11-06 08:00:00,7764.235,0.047389,0.159016
2021-11-06 09:00:00,7803.061,0.203475,0.153552
2021-11-06 10:00:00,7764.995,0.371793,0.153818
2021-11-06 11:00:00,7687.858,0.497025,0.159334
2021-11-06 12:00:00,7611.381,0.54304,0.169034
2021-11-06 13:00:00,7568.76,0.497025,0.181412
2021-11-06 14:00:00,7586.865,0.371793,0.194721
2021-11-06 15:00:00,7685.732,0.203475,0.207202
2021-11-06 16:00:00,7866.601,0.047389,0.217319
2021-11-06 17:00:00,8092.403,0.0,0.223956
2021-11-06 18:00:00,8284.759,0.0,0.226559
2021-11-06 19:00:00,8358.167,0.0,0.225207
2021-11-06 20:00:00,8274.758,0.0,0.220583
2021-11-06 21:00:00,8071.322,0.0,0.213878
2021-11-06 22:00:00,7831.364,0.0,0.206615
2021-11-06 23:00:00,7629.467,0.0,0.200431
2021-11-07 00:00:00,7018.126,0.0,0.198167
2021-11-07 01:00:00,6864.534,0.0,0.198368
2021-11-07 02:00:00,6758.011,0.0,0.203032
2021-11-07 03:00:00,6749.386,0.0,0.212226
2021-11-07 04:00:00,6861.102,0.0,0.225385
2021-11-07 05:00:00,7070.631,0.0,0.241379
2021-11-07 06:00:00,7318.111,0.0,0.258656
2021-11-07 07:00:00,7533.655,0.0,0.275439
2021-11-07 08:00:00,7667.124,0.043863,0.289962
2021-11-07 09:00:00,7704.373,0.196529,0.300697
2021-11-07 10:00:00,7664.828,0.362326,0.306558
2021-11-07 11:00:00,7586.306,0.486006,0.30704
2021-11-07 12:00:00,7508.544,0.531498,0.302286
2021-11-07 13:00:00,7464.736,0.486006,0.293064
2021-11-07 14:00:00,7481.753,0.362326,0.28066
2021-11-07 15:00:00,7579.634,0.196529,0.266713
2021-11-07 16:00:00,7759.617,0.043863,0.252984
2021-11-07 17:00:00,7984.637,0.0,0.241134
2021-11-07 18:00:00,8176.314,0.0,0.232492
2021-11-07 19:00:00,8249.146,0.0,0.227891
2021-11-07 20:00:00,8165.265,0.0,0.227557
2021-11-07 21:00:00,7961.461,0.0,0.23109
2021-11-07 22:00:00,7721.241,0.0,0.237524
2021-11-07 23:00:00,7519.186,0.0,0.245467
2021-11-08 00:00:00,7343.844,0.0,0.254619
2021-11-08 01:00:00,7190.304,0.0,0.260739
2021-11-08 02:00:00,7083.939,0.0,0.26376
2021-11-08 03:00:00,7075.576,0.0,0.262734
2021-11-08 04:00:00,7187.66,0.0,0.257282
2021-11-08 05:00:00,7397.661,0.0,0.247661
2021-11-08 06:00:00,7645.717,0.0,0.234736
2021-11-08 07:00:00,7861.941,0.0,0.219879
2021-11-08 08:00:00,7996.192,0.036489,0.204793
2021-11-08 09:00:00,8034.327,0.170897,0.191289
2021-11-08 10:00:00,7995.768,0.317918,0.181056
2021-11-08 11:00:00,7918.333,0.427877,0.175436
2021-11-08 12:00:00,7841.758,0.468365,0.175252
2021-11-08 13:00:00,7799.236,0.427877,0.180704
2021-11-08 14:00:00,7817.637,0.317918,0.191344
2021-11-08 15:00:00,7916.998,0.170897,0.206142
2021-11-08 16:00:00,8098.557,0.036489,0.223627
2021-11-08 17:00:00,8325.246,0.0,0.242083
2021-11-08 18:00:00,8518.685,0.0,0.259785
2021-11-08 19:00:00,8593.371,0.0,0.275226
2021-11-08 20:00:00,8511.433,0.0,0.287316
2021-11-08 21:00:00,8309.659,0.0,0.295528
2021-11-08 22:00:00,8071.556,0.0,0.299958
2021-11-08 23:00:00,7871.702,0.0,0.30131
2021-11-09 00:00:00,7262.395,0.0,0.302091
2021-11-09 01:00:00,7111.22,0.0,0.30122
2021-11-09 02:00:00,7007.297,0.0,0.301644
2021-11-09 03:00:00,7001.454,0.0,0.304881
2021-11-09 04:00:00,7116.132,0.0,0.312109
2021-11-09 05:00:00,7328.799,0.0,0.323994
2021-11-09 06:00:00,7579.59,0.0,0.340585
2021-11-09 07:00:00,7798.618,0.0,0.361294
2021-11-09 08:00:00,7935.737,0.03099,0.384966
2021-11-09 09:00:00,7976.804,0.152001,0.410014
2021-11-09 10:00:00,7941.237,0.285334,0.434626
2021-11-09 11:00:00,7866.852,0.385316,0.456996
2021-11-09 12:00:00,7793.381,0.422169,0.475551
2021-11-09 13:00:00,7754.017,0.385316,0.489158
2021-11-09 14:00:00,7775.625,0.285334,0.497264
2021-11-09 15:00:00,7878.241,0.152001,0.499958
2021-11-09 16:00:00,8063.099,0.03099,0.497957
2021-11-09 17:00:00,8293.129,0.0,0.492493
2021-11-09 18:00:00,8489.947,0.0,0.48515
2021-11-09 19:00:00,8568.048,0.0,0.477638
2021-11-09 20:00:00,8489.559,0.0,0.471563
2021-11-09 21:00:00,8291.264,0.0,0.468206
2021-11-09 22:00:00,8056.666,0.0,0.46835
2021-11-09 23:00:00,7860.343,0.0,0.472178
2021-11-10 00:00:00,7254.483,0.0,0.480544
2021-11-10 01:00:00,7106.877,0.0,0.489848
2021-11-10 02:00:00,7006.539,0.0,0.499967
2021-11-10 03:00:00,7004.293,0.0,0.509255
2021-11-10 04:00:00,7122.577,0.0,0.516076
2021-11-10 05:00:00,7338.857,0.0,0.519035
2021-11-10 06:00:00,7593.264,0.0,0.51717
2021-11-10 07:00:00,7815.907,0.0,0.510098
2021-11-10 08:00:00,7956.639,0.028292,0.498074
2021-11-10 09:00:00,8001.312,0.145606,0.481973
2021-11-10 10:00:00,7969.341,0.275824,0.463179
2021-11-10 11:00:00,7898.542,0.373724,0.443413
2021-11-10 12:00:00,7828.641,0.409847,0.424511
2021-11-10 13:00:00,7792.828,0.373724,0.408192
2021-11-10 14:00:00,7817.966,0.275824,0.395833
2021-11-10 15:00:00,7924.088,0.145606,0.388299
2021-11-10 16:00:00,8112.425,0.028292,0.385832
2021-11-10 17:00:00,8345.903,0.0,0.388033
2021-11-10 18:00:00,8546.137,0.0,0.393925
2021-11-10 19:00:00,8627.617,0.0,0.402089
2021-11-10 20:00:00,8552.468,0.0,0.410867
2021-11-10 21:00:00,8357.473,0.0,0.418592
2021-11-10 22:00:00,8126.13,0.0,0.423814
2021-11-10 23:00:00,7933.014,0.0,0.425504
2021-11-11 00:00:00,7330.202,0.0,0.424484
2021-11-11 01:00:00,7185.701,0.0,0.418327
2021-11-11 02:00:00,7088.413,0.0,0.409082
2021-11-11 03:00:00,7089.159,0.0,0.398004
2021-11-11 04:00:00,7210.374,0.0,0.386676
2021-11-11 05:00:00,7429.522,0.0,0.376785
2021-11-11 06:00:00,7686.733,0.0,0.369894
2021-11-11 07:00:00,7912.112,0.0,0.367221
2021-11-11 08:00:00,8055.51,0.025105,0.369464
2021-11-11 09:00:00,8102.776,0.135843,0.376703
2021-11-11 10:00:00,8073.326,0.259684,0.388378
2021-11-11 11:00:00,8004.969,0.353033,0.403348
2021-11-11 12:00:00,7937.432,0.387512,0.420045
2021-11-11 13:00:00,7903.903,0.353033,0.436663
2021-11-11 14:00:00,7931.242,0.259684,0.451399
2021-11-11 15:00:00,8039.481,0.135843,0.462681
2021-11-11 16:00:00,8229.848,0.025105,0.469366
2021-11-11 17:00:00,8465.269,0.0,0.470891
2021-11-11 18:00:00,8667.357,0.0,0.467328
2021-11-11 19:00:00,8750.599,0.0,0.459373
2021-11-11 20:00:00,8677.12,0.0,0.448236
2021-11-11 21:00:00,8483.7,0.0,0.435471
2021-11-11 22:00:00,8253.837,0.0,0.42276
2021-11-11 23:00:00,8062.105,0.0,0.411677
2021-11-12 00:00:00,7460.466,0.0,0.404749
2021-11-12 01:00:00,7317.152,0.0,0.400163
2021-11-12 02:00:00,7220.952,0.0,0.399348
2021-11-12 03:00:00,7222.684,0.0,0.401825
2021-11-12 04:00:00,7344.785,0.0,0.406557
2021-11-12 05:00:00,7564.715,0.0,0.412089
2021-11-12 06:00:00,7822.606,0.0,0.416746
2021-11-12 07:00:00,8048.56,0.0,0.418864
2021-11-12 08:00:00,8192.43,0.020442,0.417022
2021-11-12 09:00:00,8240.064,0.116555,0.410237
2021-11-12 10:00:00,8210.876,0.224856,0.398109
2021-11-12 11:00:00,8142.677,0.306702,0.38088
2021-11-12 12:00:00,8075.193,0.336963,0.359416
2021-11-12 13:00:00,8041.611,0.306702,0.335097
2021-11-12 14:00:00,8068.793,0.224856,0.309646
2021-11-12 15:00:00,8176.769,0.116555,0.284905
2021-11-12 16:00:00,8366.769,0.020442,0.262605
2021-11-12 17:00:00,8601.718,0.0,0.244138
2021-11-12 18:00:00,8803.229,0.0,0.230391
2021-11-12 19:00:00,8885.792,0.0,0.221633
2021-11-12 20:00:00,8811.53,0.0,0.217495
2021-11-12 21:00:00,8617.225,0.0,0.217035
2021-11-12 22:00:00,8386.376,0.0,0.218872
2021-11-12 23:00:00,8193.557,0.0,0.221392
2021-11-13 00:00:00,7154.466,0.0,0.224244
2021-11-13 01:00:00,7009.866,0.0,0.223481
2021-11-13 02:00:00,6912.282,0.0,0.219396
2021-11-13 03:00:00,6912.534,0.0,0.21157
2021-11-13 04:00:00,7033.059,0.0,0.200208
2021-11-13 05:00:00,7251.319,0.0,0.186121
2021-11-13 06:00:00,7507.447,0.0,0.170614
2021-11-13 07:00:00,7731.549,0.0,0.155317
2021-11-13 08:00:00,7873.476,0.017505,0.141968
2021-11-13 09:00:00,7919.079,0.105407,0.132172
2021-11-13 10:00:00,7887.775,0.205216,0.127189
2021-11-13 11:00:00,7817.374,0.280839,0.127756
2021-11-13 12:00:00,7747.606,0.308828,0.133988
2021-11-13 13:00:00,7711.66,0.280839,0.14535
2021-11-13 14:00:00,7736.399,0.205216,0.160731
2021-11-13 15:00:00,7841.856,0.105407,0.178577
2021-11-13 16:00:00,8029.262,0.017505,0.197099
2021-11-13 17:00:00,8261.545,0.0,0.214499
2021-11-13 18:00:00,8460.321,0.0,0.229207
2021-11-13 19:00:00,8540.08,0.0,0.240077
2021-11-13 20:00:00,8462.95,0.0,0.246533
2021-11-13 21:00:00,8265.713,0.0,0.248633
2021-11-13 22:00:00,8031.872,0.0,0.247048
2021-11-13 23:00:00,7836.003,0.0,0.24296
2021-11-14 00:00:00,7229.835,0.0,0.239155
2021-11-14 01:00:00,7082.077,0.0,0.234748
2021-11-14 02:00:00,6981.286,0.0,0.232531
2021-11-14 03:00:00,6978.283,0.0,0.233706
2021-11-14 04:00:00,7095.509,0.0,0.23897
2021-11-14 05:00:00,7310.429,0.0,0.248415
2021-11-14 06:00:00,7563.178,0.0,0.261507
2021-11-14 07:00:00,7783.864,0.0,0.27715
2021-11-14 08:00:00,7922.343,0.018593,0.293828
2021-11-14 09:00:00,7964.467,0.118517,0.309805
2021-11-14 10:00:00,7929.656,0.232859,0.323358
2021-11-14 11:00:00,7855.726,0.319716,0.333003
2021-11-14 12:00:00,7782.406,0.351895,0.337701
2021-11-14 13:00:00,7742.89,0.319716,0.336993
2021-11-14 14:00:00,7764.045,0.232859,0.331069
2021-11-14 15:00:00,7865.904,0.118517,0.320741
2021-11-14 16:00:00,8049.704,0.018593,0.307342
2021-11-14 17:00:00,8278.375,0.0,0.29255
2021-11-14 18:00:00,8473.535,0.0,0.278171
2021-11-14 19:00:00,8549.679,0.0,0.265897
2021-11-14 20:00:00,8468.936,0.0,0.257093
2021-11-14 21:00:00,8268.093,0.0,0.252621
2021-11-14 22:00:00,8030.655,0.0,0.252731
2021-11-14 23:00:00,7831.2,0.0,0.257041
2021-11-15 00:00:00,7657.486,0.0,0.265854
2021-11-15 01:00:00,7506.177,0.0,0.27528
2021-11-15 02:00:00,7401.855,0.0,0.284961
2021-11-15 03:00:00,7395.347,0.0,0.293281
2021-11-15 04:00:00,7509.094,0.0,0.298852
2021-11-15 05:00:00,7720.566,0.0,0.300712
2021-11-15 06:00:00,7969.899,0.0,0.298462
2021-11-15 07:00:00,8187.205,0.0,0.292335
2021-11-15 08:00:00,8322.344,0.021392,0.283168
2021-11-15 09:00:00,8361.169,0.144727,0.272298
2021-11-15 10:00:00,8323.104,0.286964,0.261389
2021-11-15 11:00:00,8245.966,0.395285,0.252212
2021-11-15 12:00:00,8169.489,0.435457,0.246409
2021-11-15 13:00:00,8126.868,0.395285,0.245277
2021-11-15 14:00:00,8144.973,0.286964,0.249588
2021-11-15 15:00:00,8243.841,0.144727,0.259491
2021-11-15 16:00:00,8424.709,0.021392,0.274487
2021-11-15 17:00:00,8650.511,0.0,0.293495
2021-11-15 18:00:00,8842.868,0.0,0.31499
2021-11-15 19:00:00,8916.276,0.0,0.337208
2021-11-15 20:00:00,8832.867,0.0,0.358377
2021-11-15 21:00:00,8629.43,0.0,0.376941
2021-11-15 22:00:00,8389.473,0.0,0.391772
2021-11-15 23:00:00,8187.576,0.0,0.402301
2021-11-16 00:00:00,7575.22,0.0,0.409835
2021-11-16 01:00:00,7421.627,0.0,0.412559
2021-11-16 02:00:00,7315.105,0.0,0.412893
2021-11-16 03:00:00,7306.479,0.0,0.412349
2021-11-16 04:00:00,7418.196,0.0,0.412554
2021-11-16 05:00:00,7627.725,0.0,0.415018
2021-11-16 06:00:00,7875.204,0.0,0.420916
2021-11-16 07:00:00,8090.749,0.0,0.430917
2021-11-16 08:00:00,8224.217,0.022073,0.445081
2021-11-16 09:00:00,8261.467,0.158923,0.462835
2021-11-16 10:00:00,8221.921,0.317997,0.483045
2021-11-16 11:00:00,8143.4,0.439445,0.504151
2021-11-16 12:00:00,8065.637,0.48453,0.524373
2021-11-16 13:00:00,8021.829,0.439445,0.541939
2021-11-16 14:00:00,8038.847,0.317997,0.555321
2021-11-16 15:00:00,8136.728,0.158923,0.563428
2021-11-16 16:00:00,8316.711,0.022073,0.565755
2021-11-16 17:00:00,8541.73,0.0,0.562442
2021-11-16 18:00:00,8733.407,0.0,0.554257
2021-11-16 19:00:00,8806.239,0.0,0.54249
2021-11-16 20:00:00,8722.358,0.0,0.528776
2021-11-16 21:00:00,8518.554,0.0,0.514881
2021-11-16 22:00:00,8278.334,0.0,0.502466
2021-11-16 23:00:00,8076.279,0.0,0.492865
2021-11-17 00:00:00,7463.739,0.0,0.488146
2021-11-17 01:00:00,7310.199,0.0,0.486072
2021-11-17 02:00:00,7203.834,0.0,0.487481
2021-11-17 03:00:00,7195.471,0.0,0.49141
2021-11-17 04:00:00,7307.555,0.0,0.496476
2021-11-17 05:00:00,7517.556,0.0,0.501066
2021-11-17 06:00:00,7765.612,0.0,0.503574
2021-11-17 07:00:00,7981.836,0.0,0.502627
2021-11-17 08:00:00,8116.087,0.0201,0.497281
2021-11-17 09:00:00,8154.222,0.154449,0.487166
2021-11-17 10:00:00,8115.662,0.311863,0.472544
2021-11-17 11:00:00,8038.228,0.432345,0.45429
2021-11-17 12:00:00,7961.653,0.477114,0.433781
2021-11-17 13:00:00,7919.131,0.432345,0.41273
2021-11-17 14:00:00,7937.532,0.311863,0.392956
2021-11-17 15:00:00,8036.893,0.154449,0.376157
2021-11-17 16:00:00,8218.452,0.0201,0.363682
2021-11-17 17:00:00,8445.141,0.0,0.356367
2021-11-17 18:00:00,8638.58,0.0,0.354419
2021-11-17 19:00:00,8713.266,0.0,0.357401
2021-11-17 20:00:00,8631.328,0.0,0.364294
2021-11-17 21:00:00,8429.554,0.0,0.373635
2021-11-17 22:00:00,8191.451,0.0,0.383723
2021-11-17 23:00:00,7991.597,0.0,0.392842
2021-11-18 00:00:00,7381.204,0.0,0.400721
2021-11-18 01:00:00,7230.028,0.0,0.403836
2021-11-18 02:00:00,7126.106,0.0,0.402895
2021-11-18 03:00:00,7120.263,0.0,0.398009
2021-11-18 04:00:00,7234.941,0.0,0.389894
2021-11-18 05:00:00,7447.607,0.0,0.379765
2021-11-18 06:00:00,7698.399,0.0,0.369167
2021-11-18 07:00:00,7917.426,0.0,0.359757
2021-11-18 08:00:00,8054.546,0.017865,0.353067
2021-11-18 09:00:00,8095.612,0.146949,0.350292
2021-11-18 10:00:00,8060.045,0.299411,0.352111
2021-11-18 11:00:00,7985.661,0.416392,0.358592
2021-11-18 12:00:00,7912.19,0.459903,0.369162
2021-11-18 13:00:00,7872.825,0.416392,0.382683
2021-11-18 14:00:00,7894.434,0.299411,0.397585
2021-11-18 15:00:00,7997.05,0.146949,0.412073
2021-11-18 16:00:00,8181.908,0.017865,0.424357
2021-11-18 17:00:00,8411.937,0.0,0.432885
2021-11-18 18:00:00,8608.756,0.0,0.436539
2021-11-18 19:00:00,8686.857,0.0,0.434784
2021-11-18 20:00:00,8608.367,0.0,0.427728
2021-11-18 21:00:00,8410.072,0.0,0.416102
2021-11-18 22:00:00,8175.475,0.0,0.40116
2021-11-18 23:00:00,7979.152,0.0,0.384501
2021-11-19 00:00:00,7372.17,0.0,0.369064
2021-11-19 01:00:00,7224.564,0.0,0.354049
2021-11-19 02:00:00,7124.227,0.0,0.341964
2021-11-19 03:00:00,7121.981,0.0,0.33361
2021-11-19 04:00:00,7240.265,0.0,0.329183
2021-11-19 05:00:00,7456.544,0.0,0.328257
2021-11-19 06:00:00,7710.951,0.0,0.329843
2021-11-19 07:00:00,7933.594,0.0,0.332531
2021-11-19 08:00:00,8074.326,0.016589,0.334692
2021-11-19 09:00:00,8118.999,0.146545,0.334702
2021-11-19 10:00:00,8087.029,0.301281,0.331177
2021-11-19 11:00:00,8016.229,0.420296,0.323167
2021-11-19 12:00:00,7946.328,0.464605,0.3103
2021-11-19 13:00:00,7910.515,0.420296,0.292842
2021-11-19 14:00:00,7935.653,0.301281,0.271676
2021-11-19 15:00:00,8041.775,0.146545,0.248194
2021-11-19 16:00:00,8230.112,0.016589,0.224124
2021-11-19 17:00:00,8463.59,0.0,0.201311
2021-11-19 18:00:00,8663.824,0.0,0.181478
2021-11-19 19:00:00,8745.305,0.0,0.166007
2021-11-19 20:00:00,8670.156,0.0,0.155766
2021-11-19 21:00:00,8475.16,0.0,0.151002
2021-11-19 22:00:00,8243.817,0.0,0.151319
2021-11-19 23:00:00,8050.701,0.0,0.155738
2021-11-20 00:00:00,7010.585,0.0,0.164044
2021-11-20 01:00:00,6866.083,0.0,0.172178
2021-11-20 02:00:00,6768.796,0.0,0.179671
2021-11-20 03:00:00,6769.542,0.0,0.185073
2021-11-20 04:00:00,6890.757,0.0,0.187352
2021-11-20 05:00:00,7109.905,0.0,0.186035
2021-11-20 06:00:00,7367.116,0.0,0.181275
2021-11-20 07:00:00,7592.494,0.0,0.173825
2021-11-20 08:00:00,7735.893,0.014959,0.164935
2021-11-20 09:00:00,7783.159,0.142417,0.156182
2021-11-20 10:00:00,7753.708,0.295412,0.149249
2021-11-20 11:00:00,7685.351,0.413373,0.14569
2021-11-20 12:00:00,7617.815,0.457331,0.146717
2021-11-20 13:00:00,7584.285,0.413373,0.153023
2021-11-20 14:00:00,7611.625,0.295412,0.164678
2021-11-20 15:00:00,7719.864,0.142417,0.181114
2021-11-20 16:00:00,7910.231,0.014959,0.201182
2021-11-20 17:00:00,8145.652,0.0,0.223305
2021-11-20 18:00:00,8347.74,0.0,0.245669
2021-11-20 19:00:00,8430.982,0.0,0.266461
2021-11-20 20:00:00,8357.503,0.0,0.284098
2021-11-20 21:00:00,8164.083,0.0,0.297431
2021-11-20 22:00:00,7934.22,0.0,0.305882
2021-11-20 23:00:00,7742.488,0.0,0.309516
2021-11-21 00:00:00,7139.658,0.0,0.310206
2021-11-21 01:00:00,6996.344,0.0,0.306774
2021-11-21 02:00:00,6900.144,0.0,0.301952
2021-11-21 03:00:00,6901.876,0.0,0.29741
2021-11-21 04:00:00,7023.977,0.0,0.29471
2021-11-21 05:00:00,7243.907,0.0,0.295088
2021-11-21 06:00:00,7501.798,0.0,0.299281
2021-11-21 07:00:00,7727.752,0.0,0.307423
2021-11-21 08:00:00,7871.622,0.011909,0.319024
2021-11-21 09:00:00,7919.256,0.122634,0.333034
2021-11-21 10:00:00,7890.068,0.256631,0.347984
2021-11-21 11:00:00,7821.869,0.360189,0.362187
2021-11-21 12:00:00,7754.385,0.398816,0.373964
2021-11-21 13:00:00,7720.803,0.360189,0.381882
2021-11-21 14:00:00,7747.985,0.256631,0.384942
2021-11-21 15:00:00,7855.961,0.122634,0.382731
2021-11-21 16:00:00,8045.961,0.011909,0.375476
2021-11-21 17:00:00,8280.91,0.0,0.364028
2021-11-21 18:00:00,8482.421,0.0,0.349751
2021-11-21 19:00:00,8564.984,0.0,0.334353
2021-11-21 20:00:00,8490.722,0.0,0.319662
2021-11-21 21:00:00,8296.417,0.0,0.307389
2021-11-21 22:00:00,8065.568,0.0,0.298915
2021-11-21 23:00:00,7872.749,0.0,0.295106
2021-11-22 00:00:00,7704.729,0.0,0.297394
2021-11-22 01:00:00,7560.129,0.0,0.30304
2021-11-22 02:00:00,7462.545,0.0,0.312261
2021-11-22 03:00:00,7462.797,0.0,0.32366
2021-11-22 04:00:00,7583.322,0.0,0.335605
2021-11-22 05:00:00,7801.583,0.0,0.346458
2021-11-22 06:00:00,8057.711,0.0,0.354799
2021-11-22 07:00:00,8281.812,0.0,0.359632
2021-11-22 08:00:00,8423.74,0.008689,0.360522
2021-11-22 09:00:00,8469.343,0.09716,0.35766
2021-11-22 10:00:00,8438.038,0.205104,0.351837
2021-11-22 11:00:00,8367.638,0.288723,0.344346
2021-11-22 12:00:00,8297.87,0.31994,0.336801
2021-11-22 13:00:00,8261.924,0.288723,0.330924
2021-11-22 14:00:00,8286.663,0.205104,0.328309
2021-11-22 15:00:00,8392.12,0.09716,0.330199
2021-11-22 16:00:00,8579.526,0.008689,0.33732
2021-11-22 17:00:00,8811.809,0.0,0.349773
2021-11-22 18:00:00,9010.584,0.0,0.367014
2021-11-22 19:00:00,9090.344,0.0,0.387918
2021-11-22 20:00:00,9013.213,0.0,0.410923
2021-11-22 21:00:00,8815.977,0.0,0.434228
2021-11-22 22:00:00,8582.136,0.0,0.456029
2021-11-22 23:00:00,8386.266,0.0,0.474746
2021-11-23 00:00:00,7778.839,0.0,0.490392
2021-11-23 01:00:00,7631.082,0.0,0.500055
2021-11-23 02:00:00,7530.29,0.0,0.504952
2021-11-23 03:00:00,7527.288,0.0,0.50575
2021-11-23 04:00:00,7644.514,0.0,0.503629
2021-11-23 05:00:00,7859.434,0.0,0.500107
2021-11-23 06:00:00,8112.183,0.0,0.496825
2021-11-23 07:00:00,8332.869,0.0,0.495311
2021-11-23 08:00:00,8471.347,0.007183,0.496767
2021-11-23 09:00:00,8513.472,0.087583,0.50189
2021-11-23 10:00:00,8478.661,0.186484,0.510775
2021-11-23 11:00:00,8404.731,0.263274,0.52289
2021-11-23 12:00:00,8331.411,0.291967,0.537143
2021-11-23 13:00:00,8291.895,0.263274,0.552022
2021-11-23 14:00:00,8313.05,0.186484,0.565796
2021-11-23 15:00:00,8414.909,0.087583,0.576746
2021-11-23 16:00:00,8598.709,0.007183,0.583398
2021-11-23 17:00:00,8827.38,0.0,0.584716
2021-11-23 18:00:00,9022.54,0.0,0.580251
2021-11-23 19:00:00,9098.683,0.0,0.570199
2021-11-23 20:00:00,9017.94,0.0,0.555382
2021-11-23 21:00:00,8817.097,0.0,0.537142
2021-11-23 22:00:00,8579.66,0.0,0.517167
2021-11-23 23:00:00,8380.205,0.0,0.49727
2021-11-24 00:00:00,7769.05,0.0,0.480307
2021-11-24 01:00:00,7617.741,0.0,0.465352
2021-11-24 02:00:00,7513.42,0.0,0.454426
2021-11-24 03:00:00,7506.911,0.0,0.447792
2021-11-24 04:00:00,7620.659,0.0,0.445079
2021-11-24 05:00:00,7832.13,0.0,0.445347
2021-11-24 06:00:00,8081.463,0.0,0.447227
2021-11-24 07:00:00,8298.77,0.0,0.449118
2021-11-24 08:00:00,8433.908,0.007369,0.449417
2021-11-24 09:00:00,8472.733,0.098429,0.446748
2021-11-24 10:00:00,8434.668,0.211364,0.44016
2021-11-24 11:00:00,8357.53,0.299246,0.429269
2021-11-24 12:00:00,8281.054,0.332112,0.414318
2021-11-24 13:00:00,8238.433,0.299246,0.396158
2021-11-24 14:00:00,8256.537,0.211364,0.37614
2021-11-24 15:00:00,8355.405,0.098429,0.35594
2021-11-24 16:00:00,8536.273,0.007369,0.337343
2021-11-24 17:00:00,8762.075,0.0,0.322004
2021-11-24 18:00:00,8954.432,0.0,0.311232
2021-11-24 19:00:00,9027.84,0.0,0.305814
2021-11-24 20:00:00,8944.431,0.0,0.305912
2021-11-24 21:00:00,8740.994,0.0,0.311042
2021-11-24 22:00:00,8501.037,0.0,0.320136
2021-11-24 23:00:00,8299.14,0.0,0.331684
2021-11-25 00:00:00,7685.459,0.0,0.345074
2021-11-25 01:00:00,7531.866,0.0,0.356271
2021-11-25 02:00:00,7425.344,0.0,0.364875
2021-11-25 03:00:00,7416.718,0.0,0.369769
2021-11-25 04:00:00,7528.435,0.0,0.370402
2021-11-25 05:00:00,7737.964,0.0,0.36685
2021-11-25 06:00:00,7985.443,0.0,0.359803
2021-11-25 07:00:00,8200.988,0.0,0.350451
2021-11-25 08:00:00,8334.456,0.007663,0.340321
2021-11-25 09:00:00,8371.706,0.112673,0.331056
2021-11-25 10:00:00,8332.161,0.243976,0.324182
2021-11-25 11:00:00,8253.639,0.346378,0.320889
2021-11-25 12:00:00,8175.876,0.384706,0.321862
2021-11-25 13:00:00,8132.068,0.346378,0.327176
2021-11-25 14:00:00,8149.086,0.243976,0.336274
2021-11-25 15:00:00,8246.967,0.112673,0.348036
2021-11-25 16:00:00,8426.95,0.007663,0.360918
2021-11-25 17:00:00,8651.969,0.0,0.373155
2021-11-25 18:00:00,8843.646,0.0,0.38299
2021-11-25 19:00:00,8916.478,0.0,0.388907
2021-11-25 20:00:00,8832.597,0.0,0.389832
2021-11-25 21:00:00,8628.793,0.0,0.385272
2021-11-25 22:00:00,8388.573,0.0,0.375381
2021-11-25 23:00:00,8186.518,0.0,0.36094
2021-11-26 00:00:00,7572.62,0.0,0.344373
2021-11-26 01:00:00,7419.08,0.0,0.325081
2021-11-26 02:00:00,7312.715,0.0,0.305965
2021-11-26 03:00:00,7304.352,0.0,0.288695
2021-11-26 04:00:00,7416.436,0.0,0.274614
2021-11-26 05:00:00,7626.437,0.0,0.264567
2021-11-26 06:00:00,7874.493,0.0,0.258793
2021-11-26 07:00:00,8090.717,0.0,0.256901
2021-11-26 08:00:00,8224.968,0.00719,0.257936
2021-11-26 09:00:00,8263.103,0.116977,0.26052
2021-11-26 10:00:00,8224.544,0.255377,0.263047
2021-11-26 11:00:00,8147.109,0.363545,0.263912
2021-11-26 12:00:00,8070.534,0.404065,0.261745
2021-11-26 13:00:00,8028.012,0.363545,0.255607
2021-11-26 14:00:00,8046.413,0.255377,0.245125
2021-11-26 15:00:00,8145.774,0.116977,0.230564
2021-11-26 16:00:00,8327.333,0.00719,0.212796
2021-11-26 17:00:00,8554.022,0.0,0.1932
2021-11-26 18:00:00,8747.461,0.0,0.173482
2021-11-26 19:00:00,8822.147,0.0,0.15546
2021-11-26 20:00:00,8740.209,0.0,0.140827
2021-11-26 21:00:00,8538.435,0.0,0.130928
2021-11-26 22:00:00,8300.332,0.0,0.126591
2021-11-26 23:00:00,8100.478,0.0,0.128018
2021-11-27 00:00:00,7052.547,0.0,0.135875
2021-11-27 01:00:00,6901.371,0.0,0.146913
2021-11-27 02:00:00,6797.449,0.0,0.160772
2021-11-27 03:00:00,6791.606,0.0,0.17574
2021-11-27 04:00:00,6906.283,0.0,0.190092
2021-11-27 05:00:00,7118.95,0.0,0.202322
2021-11-27 06:00:00,7369.742,0.0,0.211344
2021-11-27 07:00:00,7588.769,0.0,0.21663
2021-11-27 08:00:00,7725.889,0.006521,0.218279
2021-11-27 09:00:00,7766.955,0.118074,0.216994
2021-11-27 10:00:00,7731.388,0.259844,0.213979
2021-11-27 11:00:00,7657.003,0.370876,0.210767
2021-11-27 12:00:00,7583.533,0.412502,0.209
2021-11-27 13:00:00,7544.168,0.370876,0.210198
2021-11-27 14:00:00,7565.776,0.259844,0.215541
2021-11-27 15:00:00,7668.392,0.118074,0.225697
2021-11-27 16:00:00,7853.25,0.006521,0.240718
2021-11-27 17:00:00,8083.28,0.0,0.260019
2021-11-27 18:00:00,8280.099,0.0,0.282447
2021-11-27 19:00:00,8358.199,0.0,0.306418
2021-11-27 20:00:00,8279.71,0.0,0.330124
2021-11-27 21:00:00,8081.415,0.0,0.351762
2021-11-27 22:00:00,7846.818,0.0,0.369762
2021-11-27 23:00:00,7650.494,0.0,0.382996
2021-11-28 00:00:00,7042.091,0.0,0.39201
2021-11-28 01:00:00,6894.484,0.0,0.394705
2021-11-28 02:00:00,6794.147,0.0,0.392895
2021-11-28 03:00:00,6791.901,0.0,0.387819
2021-11-28 04:00:00,6910.185,0.0,0.381063
2021-11-28 05:00:00,7126.464,0.0,0.374339
2021-11-28 06:00:00,7380.872,0.0,0.369257
2021-11-28 07:00:00,7603.515,0.0,0.3671
2021-11-28 08:00:00,7744.247,0.006265,0.368654
2021-11-28 09:00:00,7788.919,0.127014,0.374102
2021-11-28 10:00:00,7756.949,0.281711,0.383003
2021-11-28 11:00:00,7686.15,0.403115,0.394353
2021-11-28 12:00:00,7616.249,0.448664,0.40673
2021-11-28 13:00:00,7580.436,0.403115,0.418488
2021-11-28 14:00:00,7605.574,0.281711,0.427991
2021-11-28 15:00:00,7711.696,0.127014,0.433839
2021-11-28 16:00:00,7900.033,0.006265,0.43507
2021-11-28 17:00:00,8133.511,0.0,0.431296
2021-11-28 18:00:00,8333.745,0.0,0.42277
2021-11-28 19:00:00,8415.225,0.0,0.410358
2021-11-28 20:00:00,8340.076,0.0,0.395441
2021-11-28 21:00:00,8145.081,0.0,0.379733
2021-11-28 22:00:00,7913.738,0.0,0.365062
2021-11-28 23:00:00,7720.622,0.0,0.353139
2021-11-29 00:00:00,7551.349,0.0,0.346415
2021-11-29 01:00:00,7406.847,0.0,0.34358
2021-11-29 02:00:00,7309.56,0.0,0.34595
2021-11-29 03:00:00,7310.305,0.0,0.353114
2021-11-29 04:00:00,7431.521,0.0,0.364083
2021-11-29 05:00:00,7650.669,0.0,0.377428
2021-11-29 06:00:00,7907.879,0.0,0.391478
2021-11-29 07:00:00,8133.258,0.0,0.404553
2021-11-29 08:00:00,8276.656,0.006022,0.415192
2021-11-29 09:00:00,8323.923,0.137623,0.422353
2021-11-29 10:00:00,8294.472,0.307571,0.425553
2021-11-29 11:00:00,8226.115,0.441206,0.424934
2021-11-29 12:00:00,8158.578,0.491381,0.421241
2021-11-29 13:00:00,8125.049,0.441206,0.415717
2021-11-29 14:00:00,8152.389,0.307571,0.409931
2021-11-29 15:00:00,8260.628,0.137623,0.405558
2021-11-29 16:00:00,8450.995,0.006022,0.40415
2021-11-29 17:00:00,8686.416,0.0,0.406911
2021-11-29 18:00:00,8888.503,0.0,0.41453
2021-11-29 19:00:00,8971.746,0.0,0.427075
2021-11-29 20:00:00,8898.267,0.0,0.443974
2021-11-29 21:00:00,8704.846,0.0,0.46408
2021-11-29 22:00:00,8474.984,0.0,0.485812
2021-11-29 23:00:00,8283.251,0.0,0.507358
2021-11-30 00:00:00,7678.938,0.0,0.527973
2021-11-30 01:00:00,7535.624,0.0,0.543943
2021-11-30 02:00:00,7439.423,0.0,0.555188
2021-11-30 03:00:00,7441.156,0.0,0.561135
2021-11-30 04:00:00,7563.256,0.0,0.561854
2021-11-30 05:00:00,7783.187,0.0,0.558034
2021-11-30 06:00:00,8041.077,0.0,0.550883
2021-11-30 07:00:00,8267.032,0.0,0.541951
2021-11-30 08:00:00,8410.902,0.005138,0.532917
2021-11-30 09:00:00,8458.536,0.133351,0.52535
2021-11-30 10:00:00,8429.348,0.300233,0.520497
2021-11-30 11:00:00,8361.149,0.431707,0.519106
2021-11-30 12:00:00,8293.664,0.481106,0.521321
2021-11-30 13:00:00,8260.082,0.431707,0.526665
2021-11-30 14:00:00,8287.265,0.300233,0.534099
2021-11-30 15:00:00,8395.241,0.133351,0.542168
2021-11-30 16:00:00,8585.24,0.005138,0.549196
2021-11-30 17:00:00,8820.189,0.0,0.55352
2021-11-30 18:00:00,9021.701,0.0,0.553718
2021-11-30 19:00:00,9104.264,0.0,0.548809
2021-11-30 20:00:00,9030.002,0.0,0.538391
2021-11-30 21:00:00,8835.697,0.0,0.522708
2021-11-30 22:00:00,8604.848,0.0,0.502624
2021-11-30 23:00:00,8412.028,0.0,0.479519
2021-12-01 00:00:00,7806.345,0.0,0.456169
2021-12-01 01:00:00,7661.745,0.0,0.43231
2021-12-01 02:00:00,7564.161,0.0,0.410724
2021-12-01 03:00:00,7564.413,0.0,0.392805
2021-12-01 04:00:00,7684.938,0.0,0.379435
2021-12-01 05:00:00,7903.199,0.0,0.370884
2021-12-01 06:00:00,8159.327,0.0,0.366782
2021-12-01 07:00:00,8383.428,0.0,0.366183
2021-12-01 08:00:00,8525.356,0.003778,0.367707
2021-12-01 09:00:00,8570.959,0.112253,0.369735
2021-12-01 10:00:00,8539.654,0.254546,0.370644
2021-12-01 11:00:00,8469.254,0.366852,0.369029
2021-12-01 12:00:00,8399.486,0.409079,0.363909
2021-12-01 13:00:00,8363.54,0.366852,0.354862
2021-12-01 14:00:00,8388.279,0.254546,0.342094
2021-12-01 15:00:00,8493.736,0.112253,0.32641
2021-12-01 16:00:00,8681.142,0.003778,0.309116
2021-12-01 17:00:00,8913.425,0.0,0.291842
2021-12-01 18:00:00,9112.2,0.0,0.276323
2021-12-01 19:00:00,9191.96,0.0,0.264164
2021-12-01 20:00:00,9114.829,0.0,0.256625
2021-12-01 21:00:00,8917.593,0.0,0.254444
2021-12-01 22:00:00,8683.752,0.0,0.257735
2021-12-01 23:00:00,8487.882,0.0,0.265967
2021-12-02 00:00:00,7878.91,0.0,0.279066
2021-12-02 01:00:00,7731.153,0.0,0.293409
2021-12-02 02:00:00,7630.361,0.0,0.308246
2021-12-02 03:00:00,7627.359,0.0,0.321783
2021-12-02 04:00:00,7744.585,0.0,0.332456
2021-12-02 05:00:00,7959.505,0.0,0.339123
2021-12-02 06:00:00,8212.253,0.0,0.341215
2021-12-02 07:00:00,8432.939,0.0,0.338797
2021-12-02 08:00:00,8571.418,0.002676,0.332548
2021-12-02 09:00:00,8613.543,0.091848,0.323659
2021-12-02 10:00:00,8578.732,0.209715,0.313661
2021-12-02 11:00:00,8504.801,0.302907,0.304204
2021-12-02 12:00:00,8431.482,0.337969,0.296831
2021-12-02 13:00:00,8391.966,0.302907,0.29275
2021-12-02 14:00:00,8413.12,0.209715,0.292673
2021-12-02 15:00:00,8514.98,0.091848,0.296703
2021-12-02 16:00:00,8698.78,0.002676,0.304318
2021-12-02 17:00:00,8927.45,0.0,0.314434
2021-12-02 18:00:00,9122.61,0.0,0.325549
2021-12-02 19:00:00,9198.754,0.0,0.335939
2021-12-02 20:00:00,9118.011,0.0,0.343894
2021-12-02 21:00:00,8917.168,0.0,0.347946
2021-12-02 22:00:00,8679.73,0.0,0.347065
2021-12-02 23:00:00,8480.276,0.0,0.340808
2021-12-03 00:00:00,7867.546,0.0,0.330397
2021-12-03 01:00:00,7716.237,0.0,0.314616
2021-12-03 02:00:00,7611.916,0.0,0.295831
2021-12-03 03:00:00,7605.407,0.0,0.275732
2021-12-03 04:00:00,7719.155,0.0,0.256134
2021-12-03 05:00:00,7930.626,0.0,0.238743
2021-12-03 06:00:00,8179.959,0.0,0.224935
2021-12-03 07:00:00,8397.266,0.0,0.215578
2021-12-03 08:00:00,8532.404,0.002155,0.210935
2021-12-03 09:00:00,8571.23,0.08625,0.21063
2021-12-03 10:00:00,8533.164,0.198241,0.213721
2021-12-03 11:00:00,8456.026,0.286936,0.218832
2021-12-03 12:00:00,8379.55,0.320328,0.224359
2021-12-03 13:00:00,8336.929,0.286936,0.228691
2021-12-03 14:00:00,8355.033,0.198241,0.230444
2021-12-03 15:00:00,8453.901,0.08625,0.228661
2021-12-03 16:00:00,8634.769,0.002155,0.222948
2021-12-03 17:00:00,8860.571,0.0,0.213539
2021-12-03 18:00:00,9052.928,0.0,0.201273
2021-12-03 19:00:00,9126.336,0.0,0.18749
2021-12-03 20:00:00,9042.927,0.0,0.173855
2021-12-03 21:00:00,8839.49,0.0,0.162139
2021-12-03 22:00:00,8599.533,0.0,0.153985
2021-12-03 23:00:00,8397.636,0.0,0.150689
2021-12-04 00:00:00,7346.203,0.0,0.154027
2021-12-04 01:00:00,7192.61,0.0,0.162139
2021-12-04 02:00:00,7086.087,0.0,0.175528
2021-12-04 03:00:00,7077.462,0.0,0.193112
2021-12-04 04:00:00,7189.179,0.0,0.213366
2021-12-04 05:00:00,7398.707,0.0,0.234523
2021-12-04 06:00:00,7646.187,0.0,0.254809
2021-12-04 07:00:00,7861.732,0.0,0.272668
2021-12-04 08:00:00,7995.2,0.001897,0.286968
2021-12-04 09:00:00,8032.45,0.089551,0.297141
2021-12-04 10:00:00,7992.904,0.207137,0.303249
2021-12-04 11:00:00,7914.383,0.300413,0.305961
2021-12-04 12:00:00,7836.62,0.33555,0.306454
2021-12-04 13:00:00,7792.812,0.300413,0.306239
2021-12-04 14:00:00,7809.829,0.207137,0.306941
2021-12-04 15:00:00,7907.711,0.089551,0.31007
2021-12-04 16:00:00,8087.694,0.001897,0.316802
2021-12-04 17:00:00,8312.713,0.0,0.327806
2021-12-04 18:00:00,8504.39,0.0,0.34314
2021-12-04 19:00:00,8577.222,0.0,0.362233
2021-12-04 20:00:00,8493.341,0.0,0.38395
2021-12-04 21:00:00,8289.537,0.0,0.406732
2021-12-04 22:00:00,8049.317,0.0,0.428799
2021-12-04 23:00:00,7847.262,0.0,0.448382
2021-12-05 00:00:00,7231.731,0.0,0.464937
2021-12-05 01:00:00,7078.191,0.0,0.475401
2021-12-05 02:00:00,6971.826,0.0,0.480254
2021-12-05 03:00:00,6963.463,0.0,0.479639
2021-12-05 04:00:00,7075.547,0.0,0.474323
2021-12-05 05:00:00,7285.548,0.0,0.465594
2021-12-05 06:00:00,7533.604,0.0,0.455087
2021-12-05 07:00:00,7749.828,0.0,0.444567
2021-12-05 08:00:00,7884.079,0.001578,0.435693
2021-12-05 09:00:00,7922.214,0.089001,0.429795
2021-12-05 10:00:00,7883.655,0.20711,0.427708
2021-12-05 11:00:00,7806.22,0.300943,0.429657
2021-12-05 12:00:00,7729.645,0.33631,0.435241
2021-12-05 13:00:00,7687.123,0.300943,0.443496
2021-12-05 14:00:00,7705.524,0.20711,0.453029
2021-12-05 15:00:00,7804.885,0.089001,0.462226
2021-12-05 16:00:00,7986.444,0.001578,0.469471
2021-12-05 17:00:00,8213.133,0.0,0.473385
2021-12-05 18:00:00,8406.573,0.0,0.473017
2021-12-05 19:00:00,8481.258,0.0,0.467986
2021-12-05 20:00:00,8399.32,0.0,0.458547
2021-12-05 21:00:00,8197.546,0.0,0.445563
2021-12-05 22:00:00,7959.443,0.0,0.430403
2021-12-05 23:00:00,7759.589,0.0,0.414768
2021-12-06 00:00:00,7582.294,0.0,0.401437
2021-12-06 01:00:00,7431.118,0.0,0.390152
2021-12-06 02:00:00,7327.195,0.0,0.383224
2021-12-06 03:00:00,7321.352,0.0,0.381474
2021-12-06 04:00:00,7436.03,0.0,0.385098
2021-12-06 05:00:00,7648.697,0.0,0.393645
2021-12-06 06:00:00,7899.488,0.0,0.406083
2021-12-06 07:00:00,8118.516,0.0,0.420937
2021-12-06 08:00:00,8255.636,0.001262,0.436491
2021-12-06 09:00:00,8296.702,0.086174,0.451017
2021-12-06 10:00:00,8261.135,0.201681,0.463008
2021-12-06 11:00:00,8186.75,0.293578,0.471375
2021-12-06 12:00:00,8113.279,0.328234,0.47559
2021-12-06 13:00:00,8073.915,0.293578,0.475752
2021-12-06 14:00:00,8095.523,0.201681,0.472565
2021-12-06 15:00:00,8198.139,0.086174,0.467234
2021-12-06 16:00:00,8382.997,0.001262,0.461295
2021-12-06 17:00:00,8613.027,0.0,0.456393
2021-12-06 18:00:00,8809.845,0.0,0.454054
2021-12-06 19:00:00,8887.946,0.0,0.455461
2021-12-06 20:00:00,8809.457,0.0,0.461289
2021-12-06 21:00:00,8611.162,0.0,0.471597
2021-12-06 22:00:00,8376.565,0.0,0.485808
2021-12-06 23:00:00,8180.241,0.0,0.502777
2021-12-07 00:00:00,7570.149,0.0,0.521885
2021-12-07 01:00:00,7422.543,0.0,0.539425
2021-12-07 02:00:00,7322.205,0.0,0.554557
2021-12-07 03:00:00,7319.959,0.0,0.565727
2021-12-07 04:00:00,7438.243,0.0,0.571817
2021-12-07 05:00:00,7654.523,0.0,0.572289
2021-12-07 06:00:00,7908.93,0.0,0.567252
2021-12-07 07:00:00,8131.573,0.0,0.557438
2021-12-07 08:00:00,8272.305,0.001111,0.544101
2021-12-07 09:00:00,8316.978,0.093395,0.528841
2021-12-07 10:00:00,8285.007,0.219761,0.513387
2021-12-07 11:00:00,8214.208,0.320433,0.499365
2021-12-07 12:00:00,8144.307,0.358418,0.488075
2021-12-07 13:00:00,8108.494,0.320433,0.480319
2021-12-07 14:00:00,8133.632,0.219761,0.476297
2021-12-07 15:00:00,8239.754,0.093395,0.475586
2021-12-07 16:00:00,8428.091,0.001111,0.477199
2021-12-07 17:00:00,8661.569,0.0,0.47973
2021-12-07 18:00:00,8861.803,0.0,0.481554
2021-12-07 19:00:00,8943.283,0.0,0.481049
2021-12-07 20:00:00,8868.134,0.0,0.476834
2021-12-07 21:00:00,8673.139,0.0,0.467964
2021-12-07 22:00:00,8441.796,0.0,0.454067
2021-12-07 23:00:00,8248.68,0.0,0.435413
2021-12-08 00:00:00,7641.542,0.0,0.413825
2021-12-08 01:00:00,7497.041,0.0,0.388823
2021-12-08 02:00:00,7399.753,0.0,0.363073
2021-12-08 03:00:00,7400.499,0.0,0.338423
2021-12-08 04:00:00,7521.715,0.0,0.316596
2021-12-08 05:00:00,7740.863,0.0,0.298978
2021-12-08 06:00:00,7998.073,0.0,0.286437
2021-12-08 07:00:00,8223.452,0.0,0.279221
2021-12-08 08:00:00,8366.85,0.00106,0.276934
2021-12-08 09:00:00,8414.117,0.111685,0.278601
2021-12-08 10:00:00,8384.666,0.264123,0.282805
2021-12-08 11:00:00,8316.309,0.38572,0.28789
2021-12-08 12:00:00,8248.772,0.43162,0.292186
2021-12-08 13:00:00,8215.243,0.38572,0.294247
2021-12-08 14:00:00,8242.583,0.264123,0.29304
2021-12-08 15:00:00,8350.822,0.111685,0.288095
2021-12-08 16:00:00,8541.189,0.00106,0.279566
2021-12-08 17:00:00,8776.61,0.0,0.268208
2021-12-08 18:00:00,8978.697,0.0,0.255274
2021-12-08 19:00:00,9061.94,0.0,0.242344
2021-12-08 20:00:00,8988.46,0.0,0.231103
2021-12-08 21:00:00,8795.04,0.0,0.223111
2021-12-08 22:00:00,8565.178,0.0,0.219583
2021-12-08 23:00:00,8373.445,0.0,0.221216
2021-12-09 00:00:00,7767.389,0.0,0.229008
2021-12-09 01:00:00,7624.075,0.0,0.240554
2021-12-09 02:00:00,7527.875,0.0,0.255636
2021-12-09 03:00:00,7529.607,0.0,0.27268
2021-12-09 04:00:00,7651.707,0.0,0.289882
2021-12-09 05:00:00,7871.638,0.0,0.305436
2021-12-09 06:00:00,8129.528,0.0,0.31777
2021-12-09 07:00:00,8355.483,0.0,0.325744
2021-12-09 08:00:00,8499.353,0.000926,0.32879
2021-12-09 09:00:00,8546.987,0.125075,0.326984
2021-12-09 10:00:00,8517.799,0.297176,0.32102
2021-12-09 11:00:00,8449.6,0.434617,0.312111
2021-12-09 12:00:00,8382.116,0.486521,0.301812
2021-12-09 13:00:00,8348.534,0.434617,0.291805
2021-12-09 14:00:00,8375.716,0.297176,0.283663
2021-12-09 15:00:00,8483.692,0.125075,0.278636
2021-12-09 16:00:00,8673.692,0.000926,0.277473
2021-12-09 17:00:00,8908.641,0.0,0.280321
2021-12-09 18:00:00,9110.152,0.0,0.286703
2021-12-09 19:00:00,9192.715,0.0,0.295581
2021-12-09 20:00:00,9118.453,0.0,0.305499
2021-12-09 21:00:00,8924.148,0.0,0.314782
2021-12-09 22:00:00,8693.299,0.0,0.321763
2021-12-09 23:00:00,8500.479,0.0,0.325019
2021-12-10 00:00:00,7893.028,0.0,0.324466
2021-12-10 01:00:00,7748.428,0.0,0.317895
2021-12-10 02:00:00,7650.844,0.0,0.306446
2021-12-10 03:00:00,7651.096,0.0,0.290979
2021-12-10 04:00:00,7771.621,0.0,0.272867
2021-12-10 05:00:00,7989.881,0.0,0.253826
2021-12-10 06:00:00,8246.009,0.0,0.235688
2021-12-10 07:00:00,8470.111,0.0,0.220174
2021-12-10 08:00:00,8612.038,0.000681,0.208668
2021-12-10 09:00:00,8657.641,0.120994,0.202043
2021-12-10 10:00:00,8626.337,0.288721,0.200555
2021-12-10 11:00:00,8555.936,0.422812,0.203823
2021-12-10 12:00:00,8486.168,0.473471,0.210889
2021-12-10 13:00:00,8450.222,0.422812,0.220359
2021-12-10 14:00:00,8474.961,0.288721,0.2306
2021-12-10 15:00:00,8580.418,0.120994,0.239973
2021-12-10 16:00:00,8767.824,0.000681,0.24706
2021-12-10 17:00:00,9000.107,0.0,0.250862
2021-12-10 18:00:00,9198.883,0.0,0.250942
2021-12-10 19:00:00,9278.642,0.0,0.247488
2021-12-10 20:00:00,9201.512,0.0,0.24129
2021-12-10 21:00:00,9004.275,0.0,0.233634
2021-12-10 22:00:00,8770.434,0.0,0.226134
2021-12-10 23:00:00,8574.565,0.0,0.220506
2021-12-11 00:00:00,7527.65,0.0,0.219223
2021-12-11 01:00:00,7379.892,0.0,0.221757
2021-12-11 02:00:00,7279.101,0.0,0.229712
2021-12-11 03:00:00,7276.099,0.0,0.243185
2021-12-11 04:00:00,7393.324,0.0,0.261626
2021-12-11 05:00:00,7608.245,0.0,0.283905
2021-12-11 06:00:00,7860.993,0.0,0.308457
2021-12-11 07:00:00,8081.679,0.0,0.333476
2021-12-11 08:00:00,8220.158,0.000442,0.357152
2021-12-11 09:00:00,8262.282,0.106602,0.377902
2021-12-11 10:00:00,8227.472,0.255378,0.394569
2021-12-11 11:00:00,8153.541,0.374435,0.406567
2021-12-11 12:00:00,8080.222,0.41943,0.413945
2021-12-11 13:00:00,8040.706,0.374435,0.417366
2021-12-11 14:00:00,8061.86,0.255378,0.418007
2021-12-11 15:00:00,8163.72,0.106602,0.417382
2021-12-11 16:00:00,8347.519,0.000442,0.41713
2021-12-11 17:00:00,8576.19,0.0,0.418776
2021-12-11 18:00:00,8771.35,0.0,0.423519
2021-12-11 19:00:00,8847.494,0.0,0.432056
2021-12-11 20:00:00,8766.751,0.0,0.444478
2021-12-11 21:00:00,8565.908,0.0,0.46025
2021-12-11 22:00:00,8328.47,0.0,0.478279
2021-12-11 23:00:00,8129.016,0.0,0.49705
2021-12-12 00:00:00,7514.466,0.0,0.515696
2021-12-12 01:00:00,7363.157,0.0,0.530765
2021-12-12 02:00:00,7258.836,0.0,0.541644
2021-12-12 03:00:00,7252.327,0.0,0.547296
2021-12-12 04:00:00,7366.075,0.0,0.547268
2021-12-12 05:00:00,7577.546,0.0,0.541753
2021-12-12 06:00:00,7826.879,0.0,0.531569
2021-12-12 07:00:00,8044.186,0.0,0.518055
2021-12-12 08:00:00,8179.324,0.000285,0.502892
2021-12-12 09:00:00,8218.15,0.097141,0.487891
2021-12-12 10:00:00,8180.084,0.233536,0.474749
2021-12-12 11:00:00,8102.946,0.342779,0.464836
2021-12-12 12:00:00,8026.47,0.384079,0.459018
2021-12-12 13:00:00,7983.849,0.342779,0.457548
2021-12-12 14:00:00,8001.954,0.233536,0.460049
2021-12-12 15:00:00,8100.821,0.097141,0.465573
2021-12-12 16:00:00,8281.689,0.000285,0.47274
2021-12-12 17:00:00,8507.491,0.0,0.479942
2021-12-12 18:00:00,8699.848,0.0,0.485565
2021-12-12 19:00:00,8773.256,0.0,0.488223
2021-12-12 20:00:00,8689.847,0.0,0.486956
2021-12-12 21:00:00,8486.411,0.0,0.481366
2021-12-12 22:00:00,8246.453,0.0,0.471688
2021-12-12 23:00:00,8044.556,0.0,0.458758
2021-12-13 00:00:00,7863.575,0.0,0.444764
2021-12-13 01:00:00,7709.982,0.0,0.429676
2021-12-13 02:00:00,7603.46,0.0,0.416113
2021-12-13 03:00:00,7594.834,0.0,0.405718
2021-12-13 04:00:00,7706.551,0.0,0.399789
2021-12-13 05:00:00,7916.08,0.0,0.3991
2021-12-13 06:00:00,8163.559,0.0,0.403803
2021-12-13 07:00:00,8379.104,0.0,0.4134
2021-12-13 08:00:00,8512.572,0.000187,0.426812
2021-12-13 09:00:00,8549.822,0.094542,0.44252
2021-12-13 10:00:00,8510.277,0.228,0.458764
2021-12-13 11:00:00,8431.755,0.334973,0.473773
2021-12-13 12:00:00,8353.992,0.375426,0.486001
2021-12-13 13:00:00,8310.184,0.334973,0.494323
2021-12-13 14:00:00,8327.202,0.228,0.498179
2021-12-13 15:00:00,8425.083,0.094542,0.49764
2021-12-13 16:00:00,8605.066,0.000187,0.493386
2021-12-13 17:00:00,8830.086,0.0,0.486606
2021-12-13 18:00:00,9021.762,0.0,0.478819
2021-12-13 19:00:00,9094.594,0.0,0.471666
2021-12-13 20:00:00,9010.714,0.0,0.466669
2021-12-13 21:00:00,8806.909,0.0,0.465016
2021-12-13 22:00:00,8566.689,0.0,0.467391
2021-12-13 23:00:00,8364.634,0.0,0.473868
2021-12-14 00:00:00,7747.235,0.0,0.48472
2021-12-14 01:00:00,7593.695,0.0,0.497169
2021-12-14 02:00:00,7487.33,0.0,0.510503
2021-12-14 03:00:00,7478.967,0.0,0.522958
2021-12-14 04:00:00,7591.051,0.0,0.532782
2021-12-14 05:00:00,7801.052,0.0,0.538462
2021-12-14 06:00:00,8049.108,0.0,0.538927
2021-12-14 07:00:00,8265.332,0.0,0.53369
2021-12-14 08:00:00,8399.583,0.00011,0.52291
2021-12-14 09:00:00,8437.718,0.088339,0.507374
2021-12-14 10:00:00,8399.159,0.213619,0.488387
2021-12-14 11:00:00,8321.724,0.314103,0.467605
2021-12-14 12:00:00,8245.149,0.352112,0.44681
2021-12-14 13:00:00,8202.627,0.314103,0.427678
2021-12-14 14:00:00,8221.028,0.213619,0.411561
2021-12-14 15:00:00,8320.389,0.088339,0.399309
2021-12-14 16:00:00,8501.948,0.00011,0.391167
2021-12-14 17:00:00,8728.637,0.0,0.386751
2021-12-14 18:00:00,8922.076,0.0,0.385112
2021-12-14 19:00:00,8996.762,0.0,0.384878
2021-12-14 20:00:00,8914.824,0.0,0.384448
2021-12-14 21:00:00,8713.05,0.0,0.382224
2021-12-14 22:00:00,8474.947,0.0,0.376841
2021-12-14 23:00:00,8275.093,0.0,0.367363
2021-12-15 00:00:00,7659.757,0.0,0.354235
2021-12-15 01:00:00,7508.581,0.0,0.336105
2021-12-15 02:00:00,7404.659,0.0,0.314659
2021-12-15 03:00:00,7398.816,0.0,0.29128
2021-12-15 04:00:00,7513.494,0.0,0.267679
2021-12-15 05:00:00,7726.161,0.0,0.245677
2021-12-15 06:00:00,7976.952,0.0,0.22697
2021-12-15 07:00:00,8195.98,0.0,0.212906
2021-12-15 08:00:00,8333.099,5.5e-05,0.204318
2021-12-15 09:00:00,8374.166,0.07605,0.201409
2021-12-15 10:00:00,8338.598,0.184324,0.203738
2021-12-15 11:00:00,8264.214,0.271217,0.21028
2021-12-15 12:00:00,8190.743,0.304092,0.21957
2021-12-15 13:00:00,8151.378,0.271217,0.229896
2021-12-15 14:00:00,8172.987,0.184324,0.239539
2021-12-15 15:00:00,8275.603,0.07605,0.246996
2021-12-15 16:00:00,8460.461,5.5e-05,0.251184
2021-12-15 17:00:00,8690.491,0.0,0.25158
2021-12-15 18:00:00,8887.309,0.0,0.248288
2021-12-15 19:00:00,8965.41,0.0,0.242015
2021-12-15 20:00:00,8886.92,0.0,0.233972
2021-12-15 21:00:00,8688.626,0.0,0.225695
2021-12-15 22:00:00,8454.028,0.0,0.218835
2021-12-15 23:00:00,8257.705,0.0,0.214918
2021-12-16 00:00:00,7645.698,0.0,0.215921
2021-12-16 01:00:00,7498.092,0.0,0.220939
2021-12-16 02:00:00,7397.754,0.0,0.230824
2021-12-16 03:00:00,7395.508,0.0,0.244998
2021-12-16 04:00:00,7513.792,0.0,0.262317
2021-12-16 05:00:00,7730.072,0.0,0.281208
2021-12-16 06:00:00,7984.479,0.0,0.299873
2021-12-16 07:00:00,8207.122,0.0,0.316517
2021-12-16 08:00:00,8347.854,2.6e-05,0.329583
2021-12-16 09:00:00,8392.527,0.070431,0.337952
2021-12-16 10:00:00,8360.556,0.171023,0.341086
2021-12-16 11:00:00,8289.757,0.251789,0.339089
2021-12-16 12:00:00,8219.856,0.28235,0.332691
2021-12-16 13:00:00,8184.043,0.251789,0.323142
2021-12-16 14:00:00,8209.181,0.171023,0.312037
2021-12-16 15:00:00,8315.303,0.070431,0.301103
2021-12-16 16:00:00,8503.64,2.6e-05,0.291958
2021-12-16 17:00:00,8737.118,0.0,0.285897
2021-12-16 18:00:00,8937.352,0.0,0.283716
2021-12-16 19:00:00,9018.832,0.0,0.285608
2021-12-16 20:00:00,8943.683,0.0,0.29114
2021-12-16 21:00:00,8748.688,0.0,0.29932
2021-12-16 22:00:00,8517.345,0.0,0.308731
2021-12-16 23:00:00,8324.229,0.0,0.317738
2021-12-17 00:00:00,7715.154,0.0,0.32548
2021-12-17 01:00:00,7570.653,0.0,0.329025
2021-12-17 02:00:00,7473.365,0.0,0.328183
2021-12-17 03:00:00,7474.111,0.0,0.322574
2021-12-17 04:00:00,7595.327,0.0,0.312452
2021-12-17 05:00:00,7814.474,0.0,0.29869
2021-12-17 06:00:00,8071.685,0.0,0.282668
2021-12-17 07:00:00,8297.064,0.0,0.266101
2021-12-17 08:00:00,8440.462,1.2e-05,0.25082
2021-12-17 09:00:00,8487.728,0.08156,0.238535
2021-12-17 10:00:00,8458.278,0.19833,0.230611
2021-12-17 11:00:00,8389.921,0.292117,0.227903
2021-12-17 12:00:00,8322.384,0.32761,0.23064
2021-12-17 13:00:00,8288.855,0.292117,0.238409
2021-12-17 14:00:00,8316.195,0.19833,0.250216
2021-12-17 15:00:00,8424.433,0.08156,0.264628
2021-12-17 16:00:00,8614.801,1.2e-05,0.279967
2021-12-17 17:00:00,8850.222,0.0,0.294549
2021-12-17 18:00:00,9052.309,0.0,0.306904
2021-12-17 19:00:00,9135.551,0.0,0.315985
2021-12-17 20:00:00,9062.072,0.0,0.321301
2021-12-17 21:00:00,8868.652,0.0,0.322987
2021-12-17 22:00:00,8638.79,0.0,0.32178
2021-12-17 23:00:00,8447.057,0.0,0.318915
2021-12-18 00:00:00,7402.894,0.0,0.316704
2021-12-18 01:00:00,7259.579,0.0,0.315314
2021-12-18 02:00:00,7163.379,0.0,0.317037
2021-12-18 03:00:00,7165.111,0.0,0.32307
2021-12-18 04:00:00,7287.212,0.0,0.334096
2021-12-18 05:00:00,7507.142,0.0,0.350174
2021-12-18 06:00:00,7765.033,0.0,0.370725
2021-12-18 07:00:00,7990.987,0.0,0.394595
2021-12-18 08:00:00,8134.857,4e-06,0.420196
2021-12-18 09:00:00,8182.491,0.100778,0.445709
2021-12-18 10:00:00,8153.303,0.245305,0.469317
2021-12-18 11:00:00,8085.104,0.361415,0.489433
2021-12-18 12:00:00,8017.62,0.405359,0.504905
2021-12-18 13:00:00,7984.038,0.361415,0.515155
2021-12-18 14:00:00,8011.22,0.245305,0.520247
2021-12-18 15:00:00,8119.196,0.100778,0.520867
2021-12-18 16:00:00,8309.196,4e-06,0.518217
2021-12-18 17:00:00,8544.145,0.0,0.513844
2021-12-18 18:00:00,8745.657,0.0,0.509421
2021-12-18 19:00:00,8828.219,0.0,0.506516
2021-12-18 20:00:00,8753.958,0.0,0.50637
2021-12-18 21:00:00,8559.652,0.0,0.509728
2021-12-18 22:00:00,8328.803,0.0,0.516731
2021-12-18 23:00:00,8135.984,0.0,0.526897
2021-12-19 00:00:00,7526.552,0.0,0.539915
2021-12-19 01:00:00,7381.952,0.0,0.552864
2021-12-19 02:00:00,7284.368,0.0,0.564796
2021-12-19 03:00:00,7284.62,0.0,0.574043
2021-12-19 04:00:00,7405.145,0.0,0.579178
2021-12-19 05:00:00,7623.406,0.0,0.579216
2021-12-19 06:00:00,7879.534,0.0,0.57375
2021-12-19 07:00:00,8103.635,0.0,0.563018
2021-12-19 08:00:00,8245.562,0.0,0.547878
2021-12-19 09:00:00,8291.166,0.111213,0.529706
2021-12-19 10:00:00,8259.861,0.270856,0.510216
2021-12-19 11:00:00,8189.46,0.399127,0.491244
2021-12-19 12:00:00,8119.693,0.447677,0.474511
2021-12-19 13:00:00,8083.746,0.399127,0.461403
2021-12-19 14:00:00,8108.486,0.270856,0.452795
2021-12-19 15:00:00,8213.942,0.111213,0.448947
2021-12-19 16:00:00,8401.348,0.0,0.449481
2021-12-19 17:00:00,8633.631,0.0,0.453442
2021-12-19 18:00:00,8832.407,0.0,0.45944
2021-12-19 19:00:00,8912.166,0.0,0.465846
2021-12-19 20:00:00,8835.036,0.0,0.471026
2021-12-19 21:00:00,8637.799,0.0,0.473567
2021-12-19 22:00:00,8403.958,0.0,0.472477
2021-12-19 23:00:00,8208.089,0.0,0.467323
2021-12-20 00:00:00,8031.47,0.0,0.459012
2021-12-20 01:00:00,7883.712,0.0,0.446917
2021-12-20 02:00:00,7782.921,0.0,0.433047
2021-12-20 03:00:00,7779.918,0.0,0.419019
2021-12-20 04:00:00,7897.144,0.0,0.40656
2021-12-20 05:00:00,8112.064,0.0,0.397268
2021-12-20 06:00:00,8364.813,0.0,0.392392
2021-12-20 07:00:00,8585.499,0.0,0.392662
2021-12-20 08:00:00,8723.978,0.0,0.398187
2021-12-20 09:00:00,8766.102,0.109573,0.408428
2021-12-20 10:00:00,8731.292,0.266891,0.422267
2021-12-20 11:00:00,8657.361,0.393297,0.43815
2021-12-20 12:00:00,8584.042,0.441142,0.454285
2021-12-20 13:00:00,8544.526,0.393297,0.468876
2021-12-20 14:00:00,8565.68,0.266891,0.480353
2021-12-20 15:00:00,8667.54,0.109573,0.487576
2021-12-20 16:00:00,8851.339,0.0,0.489972
2021-12-20 17:00:00,9080.01,0.0,0.487606
2021-12-20 18:00:00,9275.17,0.0,0.481158
2021-12-20 19:00:00,9351.314,0.0,0.47182
2021-12-20 20:00:00,9270.571,0.0,0.461124
2021-12-20 21:00:00,9069.728,0.0,0.450727
2021-12-20 22:00:00,8832.29,0.0,0.442171
2021-12-20 23:00:00,8632.836,0.0,0.436673
2021-12-21 00:00:00,8016.265,0.0,0.435637
2021-12-21 01:00:00,7864.956,0.0,0.437793
2021-12-21 02:00:00,7760.635,0.0,0.443316
2021-12-21 03:00:00,7754.126,0.0,0.451129
2021-12-21 04:00:00,7867.874,0.0,0.459738
2021-12-21 05:00:00,8079.345,0.0,0.467427
2021-12-21 06:00:00,8328.678,0.0,0.472495
2021-12-21 07:00:00,8545.985,0.0,0.47348
2021-12-21 08:00:00,8681.123,2e-06,0.469365
2021-12-21 09:00:00,8719.948,0.107113,0.459713
2021-12-21 10:00:00,8681.883,0.260811,0.444736
2021-12-21 11:00:00,8604.745,0.384299,0.425269
2021-12-21 12:00:00,8528.269,0.431038,0.402666
2021-12-21 13:00:00,8485.648,0.384299,0.378627
2021-12-21 14:00:00,8503.752,0.260811,0.354975
2021-12-21 15:00:00,8602.62,0.107113,0.333426
2021-12-21 16:00:00,8783.488,2e-06,0.315363
2021-12-21 17:00:00,9009.29,0.0,0.301665
2021-12-21 18:00:00,9201.647,0.0,0.292599
2021-12-21 19:00:00,9275.055,0.0,0.287802
2021-12-21 20:00:00,9191.646,0.0,0.286335
2021-12-21 21:00:00,8988.209,0.0,0.286833
2021-12-21 22:00:00,8748.252,0.0,0.287695
2021-12-21 23:00:00,8546.355,0.0,0.287318
2021-12-22 00:00:00,7927.185,0.0,0.284994
2021-12-22 01:00:00,7773.593,0.0,0.278432
2021-12-22 02:00:00,7667.07,0.0,0.267912
2021-12-22 03:00:00,7658.445,0.0,0.253673
2021-12-22 04:00:00,7770.161,0.0,0.236561
2021-12-22 05:00:00,7979.69,0.0,0.217918
2021-12-22 06:00:00,8227.17,0.0,0.199413
2021-12-22 07:00:00,8442.714,0.0,0.182824
2021-12-22 08:00:00,8576.183,9e-06,0.169795
2021-12-22 09:00:00,8613.433,0.109611,0.161627
2021-12-22 10:00:00,8573.887,0.26669,0.159095
2021-12-22 11:00:00,8495.365,0.392869,0.162352
2021-12-22 12:00:00,8417.603,0.440623,0.170901
2021-12-22 13:00:00,8373.795,0.392869,0.183662
2021-12-22 14:00:00,8390.812,0.26669,0.199115
2021-12-22 15:00:00,8488.693,0.109611,0.215499
2021-12-22 16:00:00,8668.676,9e-06,0.231043
2021-12-22 17:00:00,8893.696,0.0,0.244196
2021-12-22 18:00:00,9085.373,0.0,0.253831
2021-12-22 19:00:00,9158.205,0.0,0.259385
2021-12-22 20:00:00,9074.324,0.0,0.260926
2021-12-22 21:00:00,8870.52,0.0,0.25913
2021-12-22 22:00:00,8630.3,0.0,0.25518
2021-12-22 23:00:00,8428.245,0.0,0.250593
2021-12-23 00:00:00,7808.786,0.0,0.24765
2021-12-23 01:00:00,7655.246,0.0,0.246573
2021-12-23 02:00:00,7548.881,0.0,0.249191
2021-12-23 03:00:00,7540.518,0.0,0.256183
2021-12-23 04:00:00,7652.602,0.0,0.267616
2021-12-23 05:00:00,7862.603,0.0,0.282927
2021-12-23 06:00:00,8110.659,0.0,0.30099
2021-12-23 07:00:00,8326.883,0.0,0.320254
2021-12-23 08:00:00,8461.134,2.6e-05,0.338949
2021-12-23 09:00:00,8499.269,0.107886,0.355314
2021-12-23 10:00:00,8460.71,0.262173,0.367827
2021-12-23 11:00:00,8383.275,0.386074,0.375409
2021-12-23 12:00:00,8306.7,0.432961,0.377562
2021-12-23 13:00:00,8264.178,0.386074,0.374436
2021-12-23 14:00:00,8282.579,0.262173,0.366806
2021-12-23 15:00:00,8381.94,0.107886,0.355969
2021-12-23 16:00:00,8563.499,2.6e-05,0.343567
2021-12-23 17:00:00,8790.188,0.0,0.331372
2021-12-23 18:00:00,8983.627,0.0,0.321049
2021-12-23 19:00:00,9058.313,0.0,0.313935
2021-12-23 20:00:00,8976.375,0.0,0.310867
2021-12-23 21:00:00,8774.601,0.0,0.312077
2021-12-23 22:00:00,8536.498,0.0,0.317168
2021-12-23 23:00:00,8336.644,0.0,0.325176
2021-12-24 00:00:00,7719.231,0.0,0.335341
2021-12-24 01:00:00,7568.055,0.0,0.344792
2021-12-24 02:00:00,7464.133,0.0,0.352544
2021-12-24 03:00:00,7458.29,0.0,0.357214
2021-12-24 04:00:00,7572.967,0.0,0.357851
2021-12-24 05:00:00,7785.634,0.0,0.354072
2021-12-24 06:00:00,8036.426,0.0,0.346129
2021-12-24 07:00:00,8255.453,0.0,0.33488
2021-12-24 08:00:00,8392.573,4.9e-05,0.321691
2021-12-24 09:00:00,8433.639,0.093584,0.308254
2021-12-24 10:00:00,8398.072,0.227044,0.296374
2021-12-24 11:00:00,8323.687,0.334176,0.287727
2021-12-24 12:00:00,8250.217,0.374711,0.283645
2021-12-24 13:00:00,8210.852,0.334176,0.284941
2021-12-24 14:00:00,8232.46,0.227044,0.291801
2021-12-24 15:00:00,8335.076,0.093584,0.303767
2021-12-24 16:00:00,8519.934,4.9e-05,0.319796
2021-12-24 17:00:00,8749.964,0.0,0.338404
2021-12-24 18:00:00,8946.783,0.0,0.357864
2021-12-24 19:00:00,9024.883,0.0,0.376438
2021-12-24 20:00:00,8946.394,0.0,0.392608
2021-12-24 21:00:00,8748.099,0.0,0.405275
2021-12-24 22:00:00,8513.502,0.0,0.4139
2021-12-24 23:00:00,8317.178,0.0,0.418572
2021-12-25 00:00:00,7266.928,0.0,0.420592
2021-12-25 01:00:00,7119.322,0.0,0.41994
2021-12-25 02:00:00,7018.984,0.0,0.41875
2021-12-25 03:00:00,7016.738,0.0,0.418658
2021-12-25 04:00:00,7135.023,0.0,0.421178
2021-12-25 05:00:00,7351.302,0.0,0.427488
2021-12-25 06:00:00,7605.709,0.0,0.438252
2021-12-25 07:00:00,7828.352,0.0,0.453522
2021-12-25 08:00:00,7969.084,7.3e-05,0.472712
2021-12-25 09:00:00,8013.757,0.075572,0.494671
2021-12-25 10:00:00,7981.787,0.182964,0.517819
2021-12-25 11:00:00,7910.987,0.269127,0.54035
2021-12-25 12:00:00,7841.086,0.301722,0.560466
2021-12-25 13:00:00,7805.273,0.269127,0.576606
2021-12-25 14:00:00,7830.411,0.182964,0.587646
2021-12-25 15:00:00,7936.533,0.075572,0.593045
2021-12-25 16:00:00,8124.87,7.3e-05,0.592907
2021-12-25 17:00:00,8358.348,0.0,0.587959
2021-12-25 18:00:00,8558.582,0.0,0.579451
2021-12-25 19:00:00,8640.062,0.0,0.568981
2021-12-25 20:00:00,8564.914,0.0,0.558272
2021-12-25 21:00:00,8369.918,0.0,0.548948
2021-12-25 22:00:00,8138.575,0.0,0.542304
2021-12-25 23:00:00,7945.459,0.0,0.539139
2021-12-26 00:00:00,7334.272,0.0,0.540236
2021-12-26 01:00:00,7189.771,0.0,0.543996
2021-12-26 02:00:00,7092.483,0.0,0.550014
2021-12-26 03:00:00,7093.229,0.0,0.556882
2021-12-26 04:00:00,7214.445,0.0,0.562966
2021-12-26 05:00:00,7433.592,0.0,0.566645
2021-12-26 06:00:00,7690.803,0.0,0.56653
2021-12-26 07:00:00,7916.182,0.0,0.561671
2021-12-26 08:00:00,8059.58,0.000112,0.551693
2021-12-26 09:00:00,8106.846,0.070656,0.536858
2021-12-26 10:00:00,8077.396,0.170635,0.518047
2021-12-26 11:00:00,8009.039,0.250801,0.496648
2021-12-26 12:00:00,7941.502,0.28112,0.474385
2021-12-26 13:00:00,7907.973,0.250801,0.453096
2021-12-26 14:00:00,7935.313,0.170635,0.4345
2021-12-26 15:00:00,8043.551,0.070656,0.419975
2021-12-26 16:00:00,8233.919,0.000112,0.41038
2021-12-26 17:00:00,8469.34,0.0,0.405958
2021-12-26 18:00:00,8671.427,0.0,0.406305
2021-12-26 19:00:00,8754.669,0.0,0.410436
2021-12-26 20:00:00,8681.19,0.0,0.416929
2021-12-26 21:00:00,8487.77,0.0,0.424119
2021-12-26 22:00:00,8257.908,0.0,0.430331
2021-12-26 23:00:00,8066.175,0.0,0.434108
2021-12-27 00:00:00,7892.18,0.0,0.434978
2021-12-27 01:00:00,7748.865,0.0,0.431334
2021-12-27 02:00:00,7652.665,0.0,0.423889
2021-12-27 03:00:00,7654.397,0.0,0.413391
2021-12-27 04:00:00,7776.498,0.0,0.401089
2021-12-27 05:00:00,7996.428,0.0,0.388558
2021-12-27 06:00:00,8254.319,0.0,0.377479
2021-12-27 07:00:00,8480.273,0.0,0.36941
2021-12-27 08:00:00,8624.144,0.000198,0.365561
2021-12-27 09:00:00,8671.778,0.081416,0.366629
2021-12-27 10:00:00,8642.59,0.196048,0.37269
2021-12-27 11:00:00,8574.39,0.287896,0.38318
2021-12-27 12:00:00,8506.906,0.322625,0.39696
2021-12-27 13:00:00,8473.324,0.287896,0.412459
2021-12-27 14:00:00,8500.506,0.196048,0.427874
2021-12-27 15:00:00,8608.482,0.081416,0.441404
2021-12-27 16:00:00,8798.482,0.000198,0.45148
2021-12-27 17:00:00,9033.431,0.0,0.456965
2021-12-27 18:00:00,9234.943,0.0,0.457301
2021-12-27 19:00:00,9317.505,0.0,0.452567
2021-12-27 20:00:00,9243.244,0.0,0.443466
2021-12-27 21:00:00,9048.938,0.0,0.431219
2021-12-27 22:00:00,8818.089,0.0,0.417387
2021-12-27 23:00:00,8625.27,0.0,0.403664
2021-12-28 00:00:00,8013.694,0.0,0.392174
2021-12-28 01:00:00,7869.094,0.0,0.383092
2021-12-28 02:00:00,7771.51,0.0,0.377721
2021-12-28 03:00:00,7771.762,0.0,0.376219
2021-12-28 04:00:00,7892.287,0.0,0.378118
2021-12-28 05:00:00,8110.547,0.0,0.382395
2021-12-28 06:00:00,8366.675,0.0,0.387602
2021-12-28 07:00:00,8590.777,0.0,0.392076
2021-12-28 08:00:00,8732.704,0.00033,0.394164
2021-12-28 09:00:00,8778.307,0.093979,0.392452
2021-12-28 10:00:00,8747.003,0.225547,0.385966
2021-12-28 11:00:00,8676.602,0.33088,0.374313
2021-12-28 12:00:00,8606.834,0.370695,0.35774
2021-12-28 13:00:00,8570.888,0.33088,0.337119
2021-12-28 14:00:00,8595.627,0.225547,0.313833
2021-12-28 15:00:00,8701.084,0.093979,0.289605
2021-12-28 16:00:00,8888.49,0.00033,0.266281
2021-12-28 17:00:00,9120.773,0.0,0.245588
2021-12-28 18:00:00,9319.549,0.0,0.228917
2021-12-28 19:00:00,9399.308,0.0,0.217152
2021-12-28 20:00:00,9322.178,0.0,0.210555
2021-12-28 21:00:00,9124.941,0.0,0.208752
2021-12-28 22:00:00,8891.1,0.0,0.21079
2021-12-28 23:00:00,8695.231,0.0,0.215283
2021-12-29 00:00:00,8080.304,0.0,0.221123
2021-12-29 01:00:00,7932.546,0.0,0.225635
2021-12-29 02:00:00,7831.755,0.0,0.227926
2021-12-29 03:00:00,7828.753,0.0,0.227001
2021-12-29 04:00:00,7945.979,0.0,0.222428
2021-12-29 05:00:00,8160.899,0.0,0.214398
2021-12-29 06:00:00,8413.647,0.0,0.203704
2021-12-29 07:00:00,8634.333,0.0,0.191637
2021-12-29 08:00:00,8772.812,0.000479,0.179812
2021-12-29 09:00:00,8814.937,0.098731,0.169948
2021-12-29 10:00:00,8780.126,0.236069,0.163637
2021-12-29 11:00:00,8706.195,0.345921,0.162123
2021-12-29 12:00:00,8632.876,0.38743,0.166129
2021-12-29 13:00:00,8593.36,0.345921,0.175753
2021-12-29 14:00:00,8614.514,0.236069,0.190451
2021-12-29 15:00:00,8716.374,0.098731,0.209095
2021-12-29 16:00:00,8900.173,0.000479,0.230122
2021-12-29 17:00:00,9128.844,0.0,0.251731
2021-12-29 18:00:00,9324.004,0.0,0.272117
2021-12-29 19:00:00,9400.148,0.0,0.289699
2021-12-29 20:00:00,9319.405,0.0,0.303327
2021-12-29 21:00:00,9118.562,0.0,0.312418
2021-12-29 22:00:00,8881.124,0.0,0.317025
2021-12-29 23:00:00,8681.67,0.0,0.317819
2021-12-30 00:00:00,8062.926,0.0,0.316477
2021-12-30 01:00:00,7911.617,0.0,0.313526
2021-12-30 02:00:00,7807.295,0.0,0.311106
2021-12-30 03:00:00,7800.787,0.0,0.310751
2021-12-30 04:00:00,7914.534,0.0,0.313663
2021-12-30 05:00:00,8126.006,0.0,0.320546
2021-12-30 06:00:00,8375.339,0.0,0.331498
2021-12-30 07:00:00,8592.645,0.0,0.345989
2021-12-30 08:00:00,8727.783,0.000663,0.362932
2021-12-30 09:00:00,8766.609,0.102442,0.380818
2021-12-30 10:00:00,8728.544,0.243938,0.39792
2021-12-30 11:00:00,8651.406,0.356999,0.412522
2021-12-30 12:00:00,8574.929,0.399705,0.42315
2021-12-30 13:00:00,8532.308,0.356999,0.428773
2021-12-30 14:00:00,8550.413,0.243938,0.42894
2021-12-30 15:00:00,8649.281,0.102442,0.423849
2021-12-30 16:00:00,8830.149,0.000663,0.414321
2021-12-30 17:00:00,9055.951,0.0,0.401694
2021-12-30 18:00:00,9248.307,0.0,0.387655
2021-12-30 19:00:00,9321.715,0.0,0.374012
2021-12-30 20:00:00,9238.306,0.0,0.362465
2021-12-30 21:00:00,9034.87,0.0,0.354382
2021-12-30 22:00:00,8794.912,0.0,0.350626
2021-12-30 23:00:00,8593.015,0.0,0.35145
2021-12-31 00:00:00,7971.658,0.0,0.356949
2021-12-31 01:00:00,7818.065,0.0,0.365218
2021-12-31 02:00:00,7711.543,0.0,0.375351
2021-12-31 03:00:00,7702.917,0.0,0.385731
2021-12-31 04:00:00,7814.634,0.0,0.394738
2021-12-31 05:00:00,8024.163,0.0,0.40098
2021-12-31 06:00:00,8271.643,0.0,0.403488
2021-12-31 07:00:00,8487.187,0.0,0.401857
2021-12-31 08:00:00,8620.655,0.000957,0.396311
2021-12-31 09:00:00,8657.905,0.113872,0.387677
2021-12-31 10:00:00,8618.36,0.269939,0.377285
2021-12-31 11:00:00,8539.838,0.394505,0.366788
2021-12-31 12:00:00,8462.075,0.441536,0.357946
2021-12-31 13:00:00,8418.267,0.394505,0.352393
2021-12-31 14:00:00,8435.285,0.269939,0.351412
2021-12-31 15:00:00,8533.166,0.113872,0.355767
2021-12-31 16:00:00,8713.149,0.000957,0.365596
2021-12-31 17:00:00,8938.169,0.0,0.380391
2021-12-31 18:00:00,9129.845,0.0,0.399059
2021-12-31 19:00:00,9202.677,0.0,0.420068
2021-12-31 20:00:00,9118.797,0.0,0.441647
2021-12-31 21:00:00,8914.992,0.0,0.462015
2021-12-31 22:00:00,8674.772,0.0,0.479612
2021-12-31 23:00:00,8472.717,0.0,0.493302
