timestamp,solar,wind,nuclear,gas,imports,load_shedding,battery_discharge_mw,battery_charge_mw,battery_state_of_charge_mwh
2021-01-01 00:00:00,-0.0,2962.4335,2160.0,-0.0,2790.7794999999996,-0.0,0.0,-0.0,-0.0
2021-01-01 01:00:00,-0.0,3075.696,2160.0,-0.0,2534.202,-0.0,0.0,-0.0,-0.0
2021-01-01 02:00:00,-0.0,3171.9545,2160.0,-0.0,2341.7435000000005,-0.0,0.0,-0.0,-0.0
2021-01-01 03:00:00,-0.0,3241.6670000000004,2160.0,-0.0,2273.763999999999,-0.0,0.0,-0.0,-0.0
2021-01-01 04:00:00,-0.0,3278.158,2160.0,-0.0,2359.373,-0.0,0.0,-0.0,-0.0
2021-01-01 05:00:00,-0.0,3278.5480000000002,2160.0,-0.0,2578.914,-0.0,0.0,-0.0,-0.0
2021-01-01 06:00:00,-0.0,3244.15,2160.0,-0.0,2871.2020000000007,-0.0,0.0,-0.0,-0.0
2021-01-01 07:00:00,-0.0,3180.3395,2160.0,-0.0,3160.9675000000007,-0.0,0.0,-0.0,-0.0
2021-01-01 08:00:00,7.381877291731009,3095.8590000000004,2160.0,-0.0,3381.936122708268,-0.0,0.0,-0.0,-0.0
2021-01-01 09:00:00,693.3328698120599,3001.6805000000004,2160.0,-0.0,2837.7976301879394,-0.0,0.0,-0.0,-0.0
2021-01-01 10:00:00,1635.609596473973,2909.608,2160.0,-0.0,1958.4054035260265,-0.0,0.0,-0.0,-0.0
2021-01-01 11:00:00,2386.7784028098777,2830.7045000000003,2160.0,-0.0,1217.9400971901227,-0.0,0.0,-0.0,-0.0
2021-01-01 12:00:00,2670.260868930087,2773.8815,2160.0,-0.0,923.7966310699135,-0.0,0.0,-0.0,-0.0
2021-01-01 13:00:00,2386.7784028098777,2744.781,2160.0,-0.0,1202.7975971901224,-0.0,0.0,-0.0,-0.0
2021-01-01 14:00:00,1635.609596473973,2745.0475,2160.0,-0.0,1980.8819035260276,-0.0,0.0,-0.0,-0.0
2021-01-01 15:00:00,693.3328698120599,2772.2239999999997,2160.0,-0.0,3003.95913018794,-0.0,0.0,-0.0,-0.0
2021-01-01 16:00:00,7.381877291731009,2820.129,2160.0,332.00412270826837,3500.0,-0.0,0.0,-0.0,-0.0
2021-01-01 17:00:00,-0.0,2879.76,2160.0,514.7039999999997,3500.0,-0.0,0.0,-0.0,-0.0
2021-01-01 18:00:00,-0.0,2940.626,2160.0,655.3500000000004,3500.0,-0.0,0.0,-0.0,-0.0
2021-01-01 19:00:00,-0.0,2992.1904999999997,2160.0,686.348500000001,3500.0,-0.0,0.0,-0.0,-0.0
2021-01-01 20:00:00,-0.0,3025.3925,2160.0,578.8845000000001,3500.0,-0.0,0.0,-0.0,-0.0
2021-01-01 21:00:00,-0.0,3033.927,2160.0,376.0449999999996,3500.0,-0.0,0.0,-0.0,-0.0
2021-01-01 22:00:00,-0.0,3015.1355000000003,2160.0,163.98749999999927,3500.0,-0.0,0.0,-0.0,-0.0
2021-01-01 23:00:00,-0.0,2970.4675,2160.0,15.835499999999683,3500.0,-0.0,0.0,-0.0,-0.0
2021-01-02 00:00:00,-0.0,2908.0870000000004,2160.0,-0.0,2529.2479999999996,-0.0,0.0,-0.0,-0.0
2021-01-02 01:00:00,-0.0,2831.0035,2160.0,-0.0,2461.7315,-0.0,0.0,-0.0,-0.0
2021-01-02 02:00:00,-0.0,2752.75,2160.0,-0.0,2442.401,-0.0,0.0,-0.0,-0.0
2021-01-02 03:00:00,-0.0,2684.7470000000003,2160.0,-0.0,2510.656,-0.0,0.0,-0.0,-0.0
2021-01-02 04:00:00,-0.0,2637.5765,2160.0,-0.0,2678.3514999999998,-0.0,0.0,-0.0,-0.0
2021-01-02 05:00:00,-0.0,2619.5715000000005,2160.0,-0.0,2914.6175,-0.0,0.0,-0.0,-0.0
2021-01-02 06:00:00,-0.0,2635.6655,2160.0,-0.0,3154.6515,-0.0,0.0,-0.0,-0.0
2021-01-02 07:00:00,-0.0,2686.749,2160.0,-0.0,3327.669,-0.0,0.0,-0.0,-0.0
2021-01-02 08:00:00,9.164554712389702,2769.4875,2160.0,-0.0,3377.6939452876095,-0.0,0.0,-0.0,-0.0
2021-01-02 09:00:00,692.9040470648225,2876.7765,2160.0,-0.0,2632.268452935178,-0.0,0.0,-0.0,-0.0
2021-01-02 10:00:00,1626.101983563793,2998.6450000000004,2160.0,-0.0,1545.8970164362067,-0.0,0.0,-0.0,-0.0
2021-01-02 11:00:00,2369.068023348969,3123.562,2160.0,-0.0,607.6139766510319,-0.0,0.0,-0.0,-0.0
2021-01-02 12:00:00,2649.3220667864052,3239.9510000000005,2160.0,-0.0,141.20293321359395,-0.0,0.0,-0.0,-0.0
2021-01-02 13:00:00,2369.068023348969,3337.6720000000005,2160.0,-0.0,287.78997665103043,-0.0,0.0,-0.0,-0.0
2021-01-02 14:00:00,1626.101983563793,3409.354,2160.0,-0.0,983.8130164362074,-0.0,0.0,-0.0,-0.0
2021-01-02 15:00:00,692.9040470648225,3451.2920000000004,2160.0,-0.0,1980.5299529351778,-0.0,0.0,-0.0,-0.0
2021-01-02 16:00:00,9.164554712389702,3463.9020000000005,2160.0,-0.0,2839.0654452876092,-0.0,0.0,-0.0,-0.0
2021-01-02 17:00:00,-0.0,3451.5520000000006,2160.0,-0.0,3092.8630000000003,-0.0,0.0,-0.0,-0.0
2021-01-02 18:00:00,-0.0,3421.9315,2160.0,-0.0,3321.2585000000004,-0.0,0.0,-0.0,-0.0
2021-01-02 19:00:00,-0.0,3384.9010000000007,2160.0,-0.0,3438.049,-0.0,0.0,-0.0,-0.0
2021-01-02 20:00:00,-0.0,3351.0945,2160.0,-0.0,3394.7244999999994,-0.0,0.0,-0.0,-0.0
2021-01-02 21:00:00,-0.0,3330.405,2160.0,-0.0,3218.1780000000003,-0.0,0.0,-0.0,-0.0
2021-01-02 22:00:00,-0.0,3330.561,2160.0,-0.0,2984.181,-0.0,0.0,-0.0,-0.0
2021-01-02 23:00:00,-0.0,3356.002,2160.0,-0.0,2762.8699999999994,-0.0,0.0,-0.0,-0.0
2021-01-03 00:00:00,-0.0,3409.8935,2160.0,-0.0,2092.8025,-0.0,0.0,-0.0,-0.0
2021-01-03 01:00:00,-0.0,3483.3304999999996,2160.0,-0.0,1871.6085000000007,-0.0,0.0,-0.0,-0.0
2021-01-03 02:00:00,-0.0,3571.724,2160.0,-0.0,1682.4229999999998,-0.0,0.0,-0.0,-0.0
2021-01-03 03:00:00,-0.0,3665.09,2160.0,-0.0,1586.0550000000003,-0.0,0.0,-0.0,-0.0
2021-01-03 04:00:00,-0.0,3752.0144999999998,2160.0,-0.0,1616.3565000000003,-0.0,0.0,-0.0,-0.0
2021-01-03 05:00:00,-0.0,3821.1549999999997,2160.0,-0.0,1762.1360000000004,-0.0,0.0,-0.0,-0.0
2021-01-03 06:00:00,-0.0,3862.7225000000003,2160.0,-0.0,1973.3164999999995,-0.0,0.0,-0.0,-0.0
2021-01-03 07:00:00,-0.0,3869.8335,2160.0,-0.0,2186.8925000000004,-0.0,0.0,-0.0,-0.0
2021-01-03 08:00:00,11.651726646367122,3839.3615,2160.0,-0.0,2344.1907733536327,-0.0,0.0,-0.0,-0.0
2021-01-03 09:00:00,721.7760700323978,3772.418,2160.0,-0.0,1743.1349299676017,-0.0,0.0,-0.0,-0.0
2021-01-03 10:00:00,1684.4770115413078,3674.1575,2160.0,-0.0,843.8834884586925,-0.0,0.0,-0.0,-0.0
2021-01-03 11:00:00,2449.8643549677577,3553.147,2160.0,-0.0,125.57664503224214,-0.0,0.0,-0.0,-0.0
2021-01-03 12:00:00,2738.4314336623547,3420.1895,2156.647066337645,-0.0,-0.0,-0.0,0.0,100.0,95.0
2021-01-03 13:00:00,2449.8643549677577,3286.9395,2160.0,-0.0,278.9481450322428,-0.0,0.0,-0.0,94.9905
2021-01-03 14:00:00,1684.4770115413078,3164.343,2160.0,-0.0,1188.0869884586916,-0.0,0.0,-0.0,94.98100095
2021-01-03 15:00:00,721.7760700323978,3061.2335000000003,2160.0,-0.0,2355.7564299676014,-0.0,0.0,-0.0,94.971502849905
2021-01-03 16:00:00,11.651726646367122,2983.1880000000006,2160.0,-0.0,3327.726273353633,-0.0,0.0,-0.0,94.96200569962001
2021-01-03 17:00:00,-0.0,2931.8250000000003,2160.0,29.206115975902776,3500.0,-0.0,90.20488402409755,-0.0,-0.0
2021-01-03 18:00:00,-0.0,2904.6875,2160.0,341.70850000000064,3500.0,-0.0,0.0,-0.0,-0.0
2021-01-03 19:00:00,-0.0,2895.646,2160.0,426.8940000000007,3500.0,-0.0,0.0,-0.0,-0.0
2021-01-03 20:00:00,-0.0,2895.7825,2160.0,346.0145000000007,3500.0,-0.0,0.0,-0.0,-0.0
2021-01-03 21:00:00,-0.0,2894.7165000000005,2160.0,146.23749999999927,3500.0,-0.0,0.0,-0.0,-0.0
2021-01-03 22:00:00,-0.0,2882.061,2160.0,-0.0,3421.4549999999995,-0.0,0.0,-0.0,-0.0
2021-01-03 23:00:00,-0.0,2848.9435000000003,2160.0,-0.0,3255.1184999999996,-0.0,0.0,-0.0,-0.0
2021-01-04 00:00:00,-0.0,2791.7825000000003,2160.0,-0.0,3128.4295,-0.0,0.0,-0.0,-0.0
2021-01-04 01:00:00,-0.0,2703.1614999999997,2160.0,-0.0,3065.7415000000005,-0.0,0.0,-0.0,-0.0
2021-01-04 02:00:00,-0.0,2587.299,2160.0,-0.0,3077.282,-0.0,0.0,-0.0,-0.0
2021-01-04 03:00:00,-0.0,2449.8695000000002,2160.0,-0.0,3208.2035,-0.0,0.0,-0.0,-0.0
2021-01-04 04:00:00,-0.0,2299.8235,2160.0,-0.0,3471.9964999999997,-0.0,0.0,-0.0,-0.0
2021-01-04 05:00:00,-0.0,2148.2304999999997,2160.0,335.0605000000005,3500.0,-0.0,0.0,-0.0,-0.0
2021-01-04 06:00:00,-0.0,2006.8750000000002,2160.0,725.75,3500.0,-0.0,0.0,-0.0,-0.0
2021-01-04 07:00:00,-0.0,1886.7290000000003,2160.0,1063.2020000000002,3500.0,-0.0,0.0,-0.0,-0.0
2021-01-04 08:00:00,14.73312438723077,1796.5025,2160.0,1273.8333756127686,3500.0,-0.0,0.0,-0.0,-0.0
2021-01-04 09:00:00,759.0652709243203,1741.5320000000002,2160.0,623.2977290756799,3500.0,-0.0,0.0,-0.0,-0.0
2021-01-04 10:00:00,1761.1260145903852,1723.0915000000002,2160.0,-0.0,3101.611485409614,-0.0,0.0,-0.0,-0.0
2021-01-04 11:00:00,2556.6350929906453,1738.23,2160.0,-0.0,2213.8269070093543,-0.0,0.0,-0.0,-0.0
2021-01-04 12:00:00,2856.3883193488946,1780.2330000000002,2160.0,-0.0,1795.5936806511054,-0.0,0.0,-0.0,-0.0
2021-01-04 13:00:00,2556.6350929906453,1839.5,2160.0,-0.0,1993.4589070093539,-0.0,0.0,-0.0,-0.0
2021-01-04 14:00:00,1761.1260145903852,1904.8509999999999,2160.0,-0.0,2741.7219854096156,-0.0,0.0,-0.0,-0.0
2021-01-04 15:00:00,759.0652709243203,1965.0345,2160.0,282.46622907568053,3500.0,-0.0,0.0,-0.0,-0.0
2021-01-04 16:00:00,14.73312438723077,2010.242,2160.0,1162.4598756127689,3500.0,-0.0,0.0,-0.0,-0.0
2021-01-04 17:00:00,-0.0,2033.3625000000002,2160.0,1379.874499999999,3500.0,-0.0,0.0,-0.0,-0.0
2021-01-04 18:00:00,-0.0,2030.9640000000002,2160.0,1574.6290000000008,3500.0,-0.0,0.0,-0.0,-0.0
2021-01-04 19:00:00,-0.0,2003.664,2160.0,1675.3370000000004,3500.0,-0.0,0.0,-0.0,-0.0
2021-01-04 20:00:00,-0.0,1956.0384999999999,2160.0,1639.553500000001,3500.0,-0.0,0.0,-0.0,-0.0
2021-01-04 21:00:00,-0.0,1895.9135,2160.0,1496.2425000000003,3500.0,-0.0,0.0,-0.0,-0.0
2021-01-04 22:00:00,-0.0,1833.2730000000004,2160.0,1318.9250000000002,3500.0,-0.0,0.0,-0.0,-0.0
2021-01-04 23:00:00,-0.0,1778.8160000000003,2160.0,1171.4849999999988,3500.0,-0.0,0.0,-0.0,-0.0
2021-01-05 00:00:00,-0.0,1744.821,2160.0,582.8630000000003,3500.0,-0.0,0.0,-0.0,-0.0
2021-01-05 01:00:00,-0.0,1734.304,2160.0,439.78799999999956,3500.0,-0.0,0.0,-0.0,-0.0
2021-01-05 02:00:00,-0.0,1754.0185,2160.0,313.5505000000003,3500.0,-0.0,0.0,-0.0,-0.0
2021-01-05 03:00:00,-0.0,1804.3740000000003,2160.0,254.57000000000016,3500.0,-0.0,0.0,-0.0,-0.0
2021-01-05 04:00:00,-0.0,1881.6785,2160.0,288.98149999999987,3500.0,-0.0,0.0,-0.0,-0.0
2021-01-05 05:00:00,-0.0,1978.5220000000002,2160.0,401.66700000000037,3500.0,-0.0,0.0,-0.0,-0.0
2021-01-05 06:00:00,-0.0,2084.7320000000004,2160.0,542.9369999999994,3500.0,-0.0,0.0,-0.0,-0.0
2021-01-05 07:00:00,-0.0,2188.6670000000004,2160.0,654.5459999999994,3500.0,-0.0,0.0,-0.0,-0.0
2021-01-05 08:00:00,16.613818435829458,2278.7505,2160.0,681.3166815641707,3500.0,-0.0,0.0,-0.0,-0.0
2021-01-05 09:00:00,721.243104617974,2344.9205,2160.0,-0.0,3447.7673953820263,-0.0,0.0,-0.0,-0.0
2021-01-05 10:00:00,1663.0665043756649,2379.9945,2160.0,-0.0,2431.3249956243358,-0.0,0.0,-0.0,-0.0
2021-01-05 11:00:00,2409.5795208844193,2380.5405,2160.0,-0.0,1605.7439791155803,-0.0,0.0,-0.0,-0.0
2021-01-05 12:00:00,2690.7095879340686,2347.3515,2160.0,-0.0,1280.0399120659317,-0.0,0.0,-0.0,-0.0
2021-01-05 13:00:00,2409.5795208844193,2285.244,2160.0,-0.0,1579.4694791155803,-0.0,0.0,-0.0,-0.0
2021-01-05 14:00:00,1663.0665043756649,2202.4535,2160.0,-0.0,2425.7909956243348,-0.0,0.0,-0.0,-0.0
2021-01-05 15:00:00,721.243104617974,2109.4515,2160.0,58.49739538202493,3500.0,-0.0,0.0,-0.0,-0.0
2021-01-05 16:00:00,16.613818435829458,2017.5480000000002,2160.0,1035.013181564169,3500.0,-0.0,0.0,-0.0,-0.0
2021-01-05 17:00:00,-0.0,1937.3770000000002,2160.0,1356.8179999999993,3500.0,-0.0,0.0,-0.0,-0.0
2021-01-05 18:00:00,-0.0,1877.4405000000002,2160.0,1608.4314999999988,3500.0,-0.0,0.0,-0.0,-0.0
2021-01-05 19:00:00,-0.0,1843.0100000000002,2160.0,1715.6939999999995,3500.0,-0.0,0.0,-0.0,-0.0
2021-01-05 20:00:00,-0.0,1835.4505,2160.0,1639.3725000000004,3500.0,-0.0,0.0,-0.0,-0.0
2021-01-05 21:00:00,-0.0,1852.0255,2160.0,1418.9935000000005,3500.0,-0.0,0.0,-0.0,-0.0
2021-01-05 22:00:00,-0.0,1886.3715,2160.0,1144.4265000000005,3500.0,-0.0,0.0,-0.0,-0.0
2021-01-05 23:00:00,-0.0,1929.3625,2160.0,899.3805000000002,3500.0,-0.0,0.0,-0.0,-0.0
2021-01-06 00:00:00,-0.0,1972.6459999999997,2160.0,233.17300000000068,3500.0,-0.0,0.0,-0.0,-0.0
2021-01-06 01:00:00,-0.0,2001.2720000000002,2160.0,51.00700000000052,3500.0,-0.0,0.0,-0.0,-0.0
2021-01-06 02:00:00,-0.0,2008.4479999999999,2160.0,-0.0,3437.466,-0.0,0.0,-0.0,-0.0
2021-01-06 03:00:00,-0.0,1988.0120000000002,2160.0,-0.0,3449.5399999999995,-0.0,0.0,-0.0,-0.0
2021-01-06 04:00:00,-0.0,1937.5070000000003,2160.0,112.1289999999999,3500.0,-0.0,0.0,-0.0,-0.0
2021-01-06 05:00:00,-0.0,1858.6295,2160.0,401.0065000000004,3500.0,-0.0,0.0,-0.0,-0.0
2021-01-06 06:00:00,-0.0,1757.0734999999997,2160.0,750.6185000000005,3500.0,-0.0,0.0,-0.0,-0.0
2021-01-06 07:00:00,-0.0,1641.8220000000001,2160.0,1082.0939999999991,3500.0,-0.0,0.0,-0.0,-0.0
2021-01-06 08:00:00,16.22787796331572,1524.029,2160.0,1317.9101220366829,3500.0,-0.0,0.0,-0.0,-0.0
2021-01-06 09:00:00,600.7132824480092,1415.5895000000003,2160.0,879.9992175519901,3500.0,-0.0,0.0,-0.0,-0.0
2021-01-06 10:00:00,1376.1902125130327,1327.5925000000002,2160.0,153.960287486967,3500.0,-0.0,0.0,-0.0,-0.0
2021-01-06 11:00:00,1989.8539419276142,1268.9235,2160.0,-0.0,3021.5315580723855,-0.0,0.0,-0.0,-0.0
2021-01-06 12:00:00,2220.8056215112315,1245.075,2160.0,-0.0,2737.852378488769,-0.0,0.0,-0.0,-0.0
2021-01-06 13:00:00,1989.8539419276142,1257.5159999999998,2160.0,-0.0,2913.8410580723857,-0.0,0.0,-0.0,-0.0
2021-01-06 14:00:00,1376.1902125130327,1303.5165000000002,2160.0,-0.0,3499.9052874869667,-0.0,0.0,-0.0,-0.0
2021-01-06 15:00:00,600.7132824480092,1376.57,2160.0,801.6907175519909,3500.0,-0.0,0.0,-0.0,-0.0
2021-01-06 16:00:00,16.22787796331572,1467.2969999999998,2160.0,1477.0081220366837,3500.0,-0.0,0.0,-0.0,-0.0
2021-01-06 17:00:00,-0.0,1564.7450000000001,2160.0,1622.4769999999999,3500.0,-0.0,0.0,-0.0,-0.0
2021-01-06 18:00:00,-0.0,1657.8964999999998,2160.0,1722.7645000000002,3500.0,-0.0,0.0,-0.0,-0.0
2021-01-06 19:00:00,-0.0,1737.151,2160.0,1718.1949999999997,3500.0,-0.0,0.0,-0.0,-0.0
2021-01-06 20:00:00,-0.0,1795.612,2160.0,1577.7959999999994,3500.0,-0.0,0.0,-0.0,-0.0
2021-01-06 21:00:00,-0.0,1830.0425,2160.0,1341.5925000000007,3500.0,-0.0,0.0,-0.0,-0.0
2021-01-06 22:00:00,-0.0,1841.2485000000001,2160.0,1092.2834999999995,3500.0,-0.0,0.0,-0.0,-0.0
2021-01-06 23:00:00,-0.0,1833.9554999999998,2160.0,899.7224999999999,3500.0,-0.0,0.0,-0.0,-0.0
2021-01-07 00:00:00,-0.0,1818.1995000000002,2160.0,294.5825,3500.0,-0.0,0.0,-0.0,-0.0
2021-01-07 01:00:00,-0.0,1799.9345000000003,2160.0,161.67149999999947,3500.0,-0.0,0.0,-0.0,-0.0
2021-01-07 02:00:00,-0.0,1792.0240000000001,2160.0,65.65999999999985,3500.0,-0.0,0.0,-0.0,-0.0
2021-01-07 03:00:00,-0.0,1804.4325,2160.0,47.40850000000046,3500.0,-0.0,0.0,-0.0,-0.0
2021-01-07 04:00:00,-0.0,1844.908,2160.0,121.61100000000033,3500.0,-0.0,0.0,-0.0,-0.0
2021-01-07 05:00:00,-0.0,1917.838,2160.0,261.34700000000066,3500.0,-0.0,0.0,-0.0,-0.0
2021-01-07 06:00:00,-0.0,2023.5865000000003,2160.0,406.3904999999995,3500.0,-0.0,0.0,-0.0,-0.0
2021-01-07 07:00:00,-0.0,2158.3705,2160.0,490.6335000000008,3500.0,-0.0,0.0,-0.0,-0.0
2021-01-07 08:00:00,15.756172941354489,2314.663,2160.0,455.70482705864515,3500.0,-0.0,0.0,-0.0,-0.0
2021-01-07 09:00:00,502.4516129381624,2482.1355,2160.0,-0.0,3342.6028870618384,-0.0,0.0,-0.0,-0.0
2021-01-07 10:00:00,1143.3272086845852,2648.9775,2160.0,-0.0,2499.318291315414,-0.0,0.0,-0.0,-0.0
2021-01-07 11:00:00,1649.6014701124075,2803.3655000000003,2160.0,-0.0,1764.2710298875916,-0.0,0.0,-0.0,-0.0
2021-01-07 12:00:00,1840.0171480035901,2935.01,2160.0,-0.0,1368.7408519964097,-0.0,0.0,-0.0,-0.0
2021-01-07 13:00:00,1649.6014701124075,3036.449,2160.0,-0.0,1418.3525298875927,-0.0,0.0,-0.0,-0.0
2021-01-07 14:00:00,1143.3272086845852,3103.945,2160.0,-0.0,1878.7397913154152,-0.0,0.0,-0.0,-0.0
2021-01-07 15:00:00,502.4516129381624,3137.9660000000003,2160.0,-0.0,2588.210387061838,-0.0,0.0,-0.0,-0.0
2021-01-07 16:00:00,15.756172941354489,3142.9970000000003,2160.0,-0.0,3254.7318270586456,-0.0,0.0,-0.0,-0.0
2021-01-07 17:00:00,-0.0,3126.903,2160.0,16.611999999999625,3500.0,-0.0,0.0,-0.0,-0.0
2021-01-07 18:00:00,-0.0,3099.785,2160.0,240.5490000000009,3500.0,-0.0,0.0,-0.0,-0.0
2021-01-07 19:00:00,-0.0,3072.5825,2160.0,345.8524999999995,3500.0,-0.0,0.0,-0.0,-0.0
2021-01-07 20:00:00,-0.0,3055.5460000000003,2160.0,284.39899999999943,3500.0,-0.0,0.0,-0.0,-0.0
2021-01-07 21:00:00,-0.0,3056.8005000000003,2160.0,84.84949999999935,3500.0,-0.0,0.0,-0.0,-0.0
2021-01-07 22:00:00,-0.0,3081.2470000000003,2160.0,-0.0,3325.8059999999996,-0.0,0.0,-0.0,-0.0
2021-01-07 23:00:00,-0.0,3129.867,2160.0,-0.0,3080.861999999999,-0.0,0.0,-0.0,-0.0
2021-01-08 00:00:00,-0.0,3201.497,2160.0,-0.0,2391.632,-0.0,0.0,-0.0,-0.0
2021-01-08 01:00:00,-0.0,3285.6135000000004,2160.0,-0.0,2159.9094999999998,-0.0,0.0,-0.0,-0.0
2021-01-08 02:00:00,-0.0,3374.6895,2160.0,-0.0,1970.4964999999997,-0.0,0.0,-0.0,-0.0
2021-01-08 03:00:00,-0.0,3457.8635000000004,2160.0,-0.0,1885.0764999999992,-0.0,0.0,-0.0,-0.0
2021-01-08 04:00:00,-0.0,3524.352,2160.0,-0.0,1936.8720000000003,-0.0,0.0,-0.0,-0.0
2021-01-08 05:00:00,-0.0,3564.9249999999997,2160.0,-0.0,2112.578,-0.0,0.0,-0.0,-0.0
2021-01-08 06:00:00,-0.0,3573.1995,2160.0,-0.0,2358.7104999999997,-0.0,0.0,-0.0,-0.0
2021-01-08 07:00:00,-0.0,3546.5820000000003,2160.0,-0.0,2607.9709999999995,-0.0,0.0,-0.0,-0.0
2021-01-08 08:00:00,18.482260405935648,3486.6325,2160.0,-0.0,2790.1702395940642,-0.0,0.0,-0.0,-0.0
2021-01-08 09:00:00,512.6392162046758,3398.9605,2160.0,-0.0,2428.3582837953245,-0.0,0.0,-0.0,-0.0
2021-01-08 10:00:00,1158.3482569163898,3292.4905000000003,2160.0,-0.0,1857.1492430836092,-0.0,0.0,-0.0,-0.0
2021-01-08 11:00:00,1667.5262609469341,3178.3830000000003,2160.0,-0.0,1391.2787390530657,-0.0,0.0,-0.0,-0.0
2021-01-08 12:00:00,1858.9037269997784,3068.5525,2160.0,-0.0,1239.830773000222,-0.0,0.0,-0.0,-0.0
2021-01-08 13:00:00,1667.5262609469341,2974.1725,2160.0,-0.0,1489.775239053066,-0.0,0.0,-0.0,-0.0
2021-01-08 14:00:00,1158.3482569163898,2904.2195000000006,2160.0,-0.0,2094.045243083609,-0.0,0.0,-0.0,-0.0
2021-01-08 15:00:00,512.6392162046758,2864.355,2160.0,-0.0,2885.7407837953247,-0.0,0.0,-0.0,-0.0
2021-01-08 16:00:00,18.482260405935648,2856.2104999999997,2160.0,76.37823959406478,3500.0,-0.0,0.0,-0.0,-0.0
2021-01-08 17:00:00,-0.0,2877.2770000000005,2160.0,307.2720000000004,3500.0,-0.0,0.0,-0.0,-0.0
2021-01-08 18:00:00,-0.0,2921.2885000000006,2160.0,463.4944999999989,3500.0,-0.0,0.0,-0.0,-0.0
2021-01-08 19:00:00,-0.0,2979.1385,2160.0,487.1254999999992,3500.0,-0.0,0.0,-0.0,-0.0
2021-01-08 20:00:00,-0.0,3040.1670000000004,2160.0,350.9479999999994,3500.0,-0.0,0.0,-0.0,-0.0
2021-01-08 21:00:00,-0.0,3093.6685,2160.0,102.45050000000037,3500.0,-0.0,0.0,-0.0,-0.0
2021-01-08 22:00:00,-0.0,3130.3675000000003,2160.0,-0.0,3334.4084999999995,-0.0,0.0,-0.0,-0.0
2021-01-08 23:00:00,-0.0,3143.725,2160.0,-0.0,3127.935,-0.0,0.0,-0.0,-0.0
2021-01-09 00:00:00,-0.0,3132.5969999999998,2160.0,-0.0,2088.215,-0.0,0.0,-0.0,-0.0
2021-01-09 01:00:00,-0.0,3094.6305,2160.0,-0.0,1981.6804999999995,-0.0,0.0,-0.0,-0.0
2021-01-09 02:00:00,-0.0,3036.67,2160.0,-0.0,1942.353,-0.0,0.0,-0.0,-0.0
2021-01-09 03:00:00,-0.0,2967.0225,2160.0,-0.0,2012.7465000000002,-0.0,0.0,-0.0,-0.0
2021-01-09 04:00:00,-0.0,2896.1335,2160.0,-0.0,2204.8514999999998,-0.0,0.0,-0.0,-0.0
2021-01-09 05:00:00,-0.0,2835.105,2160.0,-0.0,2485.028,-0.0,0.0,-0.0,-0.0
2021-01-09 06:00:00,-0.0,2794.2329999999997,2160.0,-0.0,2783.11,-0.0,0.0,-0.0,-0.0
2021-01-09 07:00:00,-0.0,2781.5515,2160.0,-0.0,3021.1704999999997,-0.0,0.0,-0.0,-0.0
2021-01-09 08:00:00,24.24686333665671,2801.721,2160.0,-0.0,3120.1521366633433,-0.0,0.0,-0.0,-0.0
2021-01-09 09:00:00,589.9804616885796,2855.359,2160.0,-0.0,2548.046538311421,-0.0,0.0,-0.0,-0.0
2021-01-09 10:00:00,1323.4572666813144,2938.8775,2160.0,-0.0,1701.6012333186852,-0.0,0.0,-0.0,-0.0
2021-01-09 11:00:00,1900.762953169403,3044.9575,2160.0,-0.0,949.8585468305967,-0.0,0.0,-0.0,-0.0
2021-01-09 12:00:00,2117.5941122904146,3163.4265,2160.0,-0.0,547.0213877095857,-0.0,0.0,-0.0,-0.0
2021-01-09 13:00:00,1900.762953169403,3282.5845000000004,2160.0,-0.0,611.1655468305964,-0.0,0.0,-0.0,-0.0
2021-01-09 14:00:00,1323.4572666813144,3390.7054999999996,2160.0,-0.0,1107.690233318686,-0.0,0.0,-0.0,-0.0
2021-01-09 15:00:00,589.9804616885796,3477.565,2160.0,-0.0,1862.5455383114208,-0.0,0.0,-0.0,-0.0
2021-01-09 16:00:00,24.24686333665671,3535.7075,2160.0,-0.0,2560.504636663344,-0.0,0.0,-0.0,-0.0
2021-01-09 17:00:00,-0.0,3561.3955,2160.0,-0.0,2794.484499999999,-0.0,0.0,-0.0,-0.0
2021-01-09 18:00:00,-0.0,3555.0450000000005,2160.0,-0.0,3002.922,-0.0,0.0,-0.0,-0.0
2021-01-09 19:00:00,-0.0,3521.0759999999996,2160.0,-0.0,3120.1339999999996,-0.0,0.0,-0.0,-0.0
2021-01-09 20:00:00,-0.0,3467.2495,2160.0,-0.0,3100.4804999999997,-0.0,0.0,-0.0,-0.0
2021-01-09 21:00:00,-0.0,3403.5365,2160.0,-0.0,2970.7734999999993,-0.0,0.0,-0.0,-0.0
2021-01-09 22:00:00,-0.0,3340.7335000000003,2160.0,-0.0,2803.7145,-0.0,0.0,-0.0,-0.0
2021-01-09 23:00:00,-0.0,3288.9025000000006,2160.0,-0.0,2663.8124999999995,-0.0,0.0,-0.0,-0.0
2021-01-10 00:00:00,-0.0,3257.5985,2160.0,-0.0,2081.4465,-0.0,0.0,-0.0,-0.0
2021-01-10 01:00:00,-0.0,3248.297,2160.0,-0.0,1947.4329999999995,-0.0,0.0,-0.0,-0.0
2021-01-10 02:00:00,-0.0,3263.377,2160.0,-0.0,1836.1529999999998,-0.0,0.0,-0.0,-0.0
2021-01-10 03:00:00,-0.0,3299.5495,2160.0,-0.0,1801.7134999999998,-0.0,0.0,-0.0,-0.0
2021-01-10 04:00:00,-0.0,3349.8725,2160.0,-0.0,1873.4905000000003,-0.0,0.0,-0.0,-0.0
2021-01-10 05:00:00,-0.0,3404.6935,2160.0,-0.0,2038.6005,-0.0,0.0,-0.0,-0.0
2021-01-10 06:00:00,-0.0,3452.9494999999997,2160.0,-0.0,2248.2345000000005,-0.0,0.0,-0.0,-0.0
2021-01-10 07:00:00,-0.0,3483.636,2160.0,-0.0,2443.502,-0.0,0.0,-0.0,-0.0
2021-01-10 08:00:00,29.790928854512778,3487.328,2160.0,-0.0,2553.890071145487,-0.0,0.0,-0.0,-0.0
2021-01-10 09:00:00,640.6979406082816,3457.4735,2160.0,-0.0,2020.4715593917185,-0.0,0.0,-0.0,-0.0
2021-01-10 10:00:00,1426.4849947247435,3391.31,2160.0,-0.0,1271.6600052752565,-0.0,0.0,-0.0,-0.0
2021-01-10 11:00:00,2043.7753393731048,3290.2805000000003,2160.0,-0.0,687.199160626895,-0.0,0.0,-0.0,-0.0
2021-01-10 12:00:00,2275.456017627026,3159.858,2160.0,-0.0,518.4569823729735,-0.0,0.0,-0.0,-0.0
2021-01-10 13:00:00,2043.7753393731048,3008.9215000000004,2160.0,-0.0,867.4921606268952,-0.0,0.0,-0.0,-0.0
2021-01-10 14:00:00,1426.4849947247435,2848.56,2160.0,-0.0,1672.3260052752566,-0.0,0.0,-0.0,-0.0
2021-01-10 15:00:00,640.6979406082816,2690.675,2160.0,-0.0,2723.974059391718,-0.0,0.0,-0.0,-0.0
2021-01-10 16:00:00,29.790928854512778,2546.4595,2160.0,169.0965711454869,3500.0,-0.0,0.0,-0.0,-0.0
2021-01-10 17:00:00,-0.0,2424.929,2160.0,555.3670000000002,3500.0,-0.0,0.0,-0.0,-0.0
2021-01-10 18:00:00,-0.0,2331.8360000000002,2160.0,849.9720000000007,3500.0,-0.0,0.0,-0.0,-0.0
2021-01-10 19:00:00,-0.0,2268.929,2160.0,995.4410000000007,3500.0,-0.0,0.0,-0.0,-0.0
2021-01-10 20:00:00,-0.0,2233.855,2160.0,956.2540000000008,3500.0,-0.0,0.0,-0.0,-0.0
2021-01-10 21:00:00,-0.0,2220.5235000000002,2160.0,775.2804999999998,3500.0,-0.0,0.0,-0.0,-0.0
2021-01-10 22:00:00,-0.0,2220.0425,2160.0,544.9124999999999,3500.0,-0.0,0.0,-0.0,-0.0
2021-01-10 23:00:00,-0.0,2222.0055,2160.0,350.1295,3500.0,-0.0,0.0,-0.0,-0.0
2021-01-11 00:00:00,-0.0,2217.4294999999997,2160.0,175.73849999999993,3500.0,-0.0,0.0,-0.0,-0.0
2021-01-11 01:00:00,-0.0,2194.413,2160.0,54.1550000000002,3500.0,-0.0,0.0,-0.0,-0.0
2021-01-11 02:00:00,-0.0,2148.2045,2160.0,2.7785000000003492,3500.0,-0.0,0.0,-0.0,-0.0
2021-01-11 03:00:00,-0.0,2076.2235,2160.0,75.01249999999982,3500.0,-0.0,0.0,-0.0,-0.0
2021-01-11 04:00:00,-0.0,1979.9910000000002,2160.0,291.76900000000023,3500.0,-0.0,0.0,-0.0,-0.0
2021-01-11 05:00:00,-0.0,1864.941,2160.0,625.0799999999999,3500.0,-0.0,0.0,-0.0,-0.0
2021-01-11 06:00:00,-0.0,1739.7575,2160.0,1006.3914999999997,3500.0,-0.0,0.0,-0.0,-0.0
2021-01-11 07:00:00,-0.0,1615.2369999999999,2160.0,1355.0140000000001,3500.0,-0.0,0.0,-0.0,-0.0
2021-01-11 08:00:00,34.507979074125124,1502.8585,2160.0,1574.811520925875,3500.0,-0.0,0.0,-0.0,-0.0
2021-01-11 09:00:00,660.6198202370861,1413.269,2160.0,1083.8921797629146,3500.0,-0.0,0.0,-0.0,-0.0
2021-01-11 10:00:00,1459.5411024975074,1354.8535,2160.0,312.081397502493,3500.0,-0.0,0.0,-0.0,-0.0
2021-01-11 11:00:00,2085.8918591910724,1332.604,2160.0,-0.0,3137.5801408089264,-0.0,0.0,-0.0,-0.0
2021-01-11 12:00:00,2320.794834088521,1347.45,2160.0,-0.0,2818.06316591148,-0.0,0.0,-0.0,-0.0
2021-01-11 13:00:00,2085.8918591910724,1396.1155,2160.0,-0.0,2968.354640808927,-0.0,0.0,-0.0,-0.0
2021-01-11 14:00:00,1459.5411024975074,1471.5220000000002,2160.0,44.03789750249325,3500.0,-0.0,0.0,-0.0,-0.0
2021-01-11 15:00:00,660.6198202370861,1563.7505,2160.0,856.1876797629147,3500.0,-0.0,0.0,-0.0,-0.0
2021-01-11 16:00:00,34.507979074125124,1661.309,2160.0,1572.147020925875,3500.0,-0.0,0.0,-0.0,-0.0
2021-01-11 17:00:00,-0.0,1752.647,2160.0,1747.5999999999995,3500.0,-0.0,0.0,-0.0,-0.0
2021-01-11 18:00:00,-0.0,1827.6699999999998,2160.0,1871.3529999999992,3500.0,-0.0,0.0,-0.0,-0.0
2021-01-11 19:00:00,-0.0,1879.0265,2160.0,1899.7554999999993,3500.0,-0.0,0.0,-0.0,-0.0
2021-01-11 20:00:00,-0.0,1903.0439999999999,2160.0,1798.607,3500.0,-0.0,0.0,-0.0,-0.0
2021-01-11 21:00:00,-0.0,1900.1515000000002,2160.0,1604.263500000001,3500.0,-0.0,0.0,-0.0,-0.0
2021-01-11 22:00:00,-0.0,1874.7625,2160.0,1395.8115000000007,3500.0,-0.0,0.0,-0.0,-0.0
2021-01-11 23:00:00,-0.0,1834.5665000000004,2160.0,1240.138499999999,3500.0,-0.0,0.0,-0.0,-0.0
2021-01-12 00:00:00,-0.0,1790.7565,2160.0,665.4704999999994,3500.0,-0.0,0.0,-0.0,-0.0
2021-01-12 01:00:00,-0.0,1751.3730000000003,2160.0,557.0959999999995,3500.0,-0.0,0.0,-0.0,-0.0
2021-01-12 02:00:00,-0.0,1727.6155,2160.0,480.0625,3500.0,-0.0,0.0,-0.0,-0.0
2021-01-12 03:00:00,-0.0,1727.2255,2160.0,477.44950000000017,3500.0,-0.0,0.0,-0.0,-0.0
2021-01-12 04:00:00,-0.0,1754.6620000000003,2160.0,567.2389999999996,3500.0,-0.0,0.0,-0.0,-0.0
2021-01-12 05:00:00,-0.0,1810.419,2160.0,726.402,3500.0,-0.0,0.0,-0.0,-0.0
2021-01-12 06:00:00,-0.0,1890.9215,2160.0,898.6484999999993,3500.0,-0.0,0.0,-0.0,-0.0
2021-01-12 07:00:00,-0.0,1988.9155,2160.0,1021.3404999999993,3500.0,-0.0,0.0,-0.0,-0.0
2021-01-12 08:00:00,42.312553073847376,2094.4105,2160.0,1012.0119469261535,3500.0,-0.0,0.0,-0.0,-0.0
2021-01-12 09:00:00,725.7028611892439,2195.986,2160.0,269.1701388107567,3500.0,-0.0,0.0,-0.0,-0.0
2021-01-12 10:00:00,1590.6996027597158,2282.2865,2160.0,-0.0,2783.0618972402845,-0.0,0.0,-0.0,-0.0
2021-01-12 11:00:00,2267.455410371424,2343.5229999999997,2160.0,-0.0,1971.1395896285771,-0.0,0.0,-0.0,-0.0
2021-01-12 12:00:00,2521.067309126919,2372.7665,2160.0,-0.0,1614.965190873082,-0.0,0.0,-0.0,-0.0
2021-01-12 13:00:00,2267.455410371424,2366.8905,2160.0,-0.0,1834.937089628576,-0.0,0.0,-0.0,-0.0
2021-01-12 14:00:00,1590.6996027597158,2326.961,2160.0,-0.0,2572.7763972402845,-0.0,0.0,-0.0,-0.0
2021-01-12 15:00:00,725.7028611892439,2258.126,2160.0,108.4671388107563,3500.0,-0.0,0.0,-0.0,-0.0
2021-01-12 16:00:00,42.312553073847376,2168.8875000000003,2160.0,1064.8959469261517,3500.0,-0.0,0.0,-0.0,-0.0
2021-01-12 17:00:00,-0.0,2070.042,2160.0,1434.7250000000004,3500.0,-0.0,0.0,-0.0,-0.0
2021-01-12 18:00:00,-0.0,1973.1725,2160.0,1726.7545,3500.0,-0.0,0.0,-0.0,-0.0
2021-01-12 19:00:00,-0.0,1889.1990000000003,2160.0,1886.8719999999994,3500.0,-0.0,0.0,-0.0,-0.0
2021-01-12 20:00:00,-0.0,1826.8835,2160.0,1868.4444999999996,3500.0,-0.0,0.0,-0.0,-0.0
2021-01-12 21:00:00,-0.0,1791.7444999999998,2160.0,1702.7405000000008,3500.0,-0.0,0.0,-0.0,-0.0
2021-01-12 22:00:00,-0.0,1785.3615,2160.0,1471.6855000000005,3500.0,-0.0,0.0,-0.0,-0.0
2021-01-12 23:00:00,-0.0,1805.1995000000002,2160.0,1252.3925,3500.0,-0.0,0.0,-0.0,-0.0
2021-01-13 00:00:00,-0.0,1846.1950000000002,2160.0,589.0909999999999,3500.0,-0.0,0.0,-0.0,-0.0
2021-01-13 01:00:00,-0.0,1897.077,2160.0,386.89999999999964,3500.0,-0.0,0.0,-0.0,-0.0
2021-01-13 02:00:00,-0.0,1948.5115,2160.0,231.14449999999988,3500.0,-0.0,0.0,-0.0,-0.0
2021-01-13 03:00:00,-0.0,1990.0465000000002,2160.0,183.10149999999976,3500.0,-0.0,0.0,-0.0,-0.0
2021-01-13 04:00:00,-0.0,2012.7119999999998,2160.0,274.1830000000009,3500.0,-0.0,0.0,-0.0,-0.0
2021-01-13 05:00:00,-0.0,2010.3200000000002,2160.0,488.0459999999998,3500.0,-0.0,0.0,-0.0,-0.0
2021-01-13 06:00:00,-0.0,1980.3745000000004,2160.0,767.3245000000006,3500.0,-0.0,0.0,-0.0,-0.0
2021-01-13 07:00:00,-0.0,1924.5004999999999,2160.0,1040.5054999999993,3500.0,-0.0,0.0,-0.0,-0.0
2021-01-13 08:00:00,54.803547096950716,1848.262,2160.0,1197.0784529030498,3500.0,-0.0,0.0,-0.0,-0.0
2021-01-13 09:00:00,847.0290684612213,1760.486,2160.0,531.454931538778,3500.0,-0.0,0.0,-0.0,-0.0
2021-01-13 10:00:00,1841.6711786000776,1672.151,2160.0,-0.0,3087.081821399923,-0.0,0.0,-0.0,-0.0
2021-01-13 11:00:00,2618.214039493949,1594.9245,2160.0,-0.0,2310.6274605060507,-0.0,0.0,-0.0,-0.0
2021-01-13 12:00:00,2908.992618356441,1539.655,2160.0,-0.0,1998.64238164356,-0.0,0.0,-0.0,-0.0
2021-01-13 13:00:00,2618.214039493949,1514.9485000000002,2160.0,-0.0,2271.5064605060506,-0.0,0.0,-0.0,-0.0
2021-01-13 14:00:00,1841.6711786000776,1526.0115000000003,2160.0,-0.0,3055.091321399921,-0.0,0.0,-0.0,-0.0
2021-01-13 15:00:00,847.0290684612213,1574.0010000000002,2160.0,600.6109315387785,3500.0,-0.0,0.0,-0.0,-0.0
2021-01-13 16:00:00,54.803547096950716,1655.8489999999997,2160.0,1491.856452903049,3500.0,-0.0,0.0,-0.0,-0.0
2021-01-13 17:00:00,-0.0,1764.7175000000002,2160.0,1663.5944999999992,3500.0,-0.0,0.0,-0.0,-0.0
2021-01-13 18:00:00,-0.0,1890.8825000000002,2160.0,1729.7855,3500.0,-0.0,0.0,-0.0,-0.0
2021-01-13 19:00:00,-0.0,2023.0404999999998,2160.0,1671.035499999999,3500.0,-0.0,0.0,-0.0,-0.0
2021-01-13 20:00:00,-0.0,2149.8295000000003,2160.0,1460.8374999999996,3500.0,-0.0,0.0,-0.0,-0.0
2021-01-13 21:00:00,-0.0,2261.3045,2160.0,1145.9264999999996,3500.0,-0.0,0.0,-0.0,-0.0
2021-01-13 22:00:00,-0.0,2350.2504999999996,2160.0,817.0224999999991,3500.0,-0.0,0.0,-0.0,-0.0
2021-01-13 23:00:00,-0.0,2413.1055,2160.0,552.2705000000001,3500.0,-0.0,0.0,-0.0,-0.0
2021-01-14 00:00:00,-0.0,2451.3905,2160.0,-0.0,3389.0575000000003,-0.0,0.0,-0.0,-0.0
2021-01-14 01:00:00,-0.0,2467.543,2160.0,-0.0,3219.3119999999994,-0.0,0.0,-0.0,-0.0
2021-01-14 02:00:00,-0.0,2470.299,2160.0,-0.0,3110.0330000000004,-0.0,0.0,-0.0,-0.0
2021-01-14 03:00:00,-0.0,2469.5190000000002,2160.0,-0.0,3102.188,-0.0,0.0,-0.0,-0.0
2021-01-14 04:00:00,-0.0,2475.811,2160.0,-0.0,3207.6119999999996,-0.0,0.0,-0.0,-0.0
2021-01-14 05:00:00,-0.0,2498.9900000000002,2160.0,-0.0,3393.962,-0.0,0.0,-0.0,-0.0
2021-01-14 06:00:00,-0.0,2546.687,2160.0,93.7450000000008,3500.0,-0.0,0.0,-0.0,-0.0
2021-01-14 07:00:00,-0.0,2623.1985000000004,2160.0,232.77750000000015,3500.0,-0.0,0.0,-0.0,-0.0
2021-01-14 08:00:00,65.75690526924537,2728.8625,2160.0,194.82559473075435,3500.0,-0.0,0.0,-0.0,-0.0
2021-01-14 09:00:00,920.9581100849638,2859.8765000000003,2160.0,-0.0,2745.8603899150357,-0.0,0.0,-0.0,-0.0
2021-01-14 10:00:00,1985.9394028492604,3008.7590000000005,2160.0,-0.0,1492.4505971507385,-0.0,0.0,-0.0,-0.0
2021-01-14 11:00:00,2815.595024008117,3165.2595,2160.0,-0.0,427.7724759918833,-0.0,0.0,-0.0,-0.0
2021-01-14 12:00:00,3125.995306576348,3317.6650000000004,2147.204693423651,-0.0,-0.0,-0.0,0.0,100.0,95.0
2021-01-14 13:00:00,2815.595024008117,3454.3145000000004,2160.0,-0.0,17.14747599188331,-0.0,0.0,-0.0,94.9905
2021-01-14 14:00:00,1985.9394028492604,3565.1005,2160.0,-0.0,753.0340971507401,-0.0,0.0,-0.0,94.98100095
2021-01-14 15:00:00,920.9581100849638,3642.7625,2160.0,-0.0,1838.2343899150364,-0.0,0.0,-0.0,94.971502849905
2021-01-14 16:00:00,65.75690526924537,3683.823,2160.0,-0.0,2832.358094730755,-0.0,0.0,-0.0,94.96200569962001
2021-01-14 17:00:00,-0.0,3689.0035000000003,2160.0,-0.0,3117.9545000000003,-0.0,0.0,-0.0,94.95250949905005
2021-01-14 18:00:00,-0.0,3663.0944999999997,2160.0,-0.0,3335.5405000000005,-0.0,0.0,-0.0,94.94301424810014
2021-01-14 19:00:00,-0.0,3614.2665,2160.0,-0.0,3457.2005000000004,-0.0,0.0,-0.0,94.93351994667533
2021-01-14 20:00:00,-0.0,3552.9585,2160.0,-0.0,3434.627499999999,-0.0,0.0,-0.0,94.92402659468067
2021-01-14 21:00:00,-0.0,3490.4415,2160.0,-0.0,3293.3404999999993,-0.0,0.0,-0.0,94.91453419202121
2021-01-14 22:00:00,-0.0,3437.304,2160.0,-0.0,3106.258,-0.0,0.0,-0.0,94.905042738602
2021-01-14 23:00:00,-0.0,3402.0415000000003,2160.0,-0.0,2939.4654999999993,-0.0,0.0,-0.0,94.89555223432815
2021-01-15 00:00:00,-0.0,3390.725,2160.0,-0.0,2325.542,-0.0,0.0,-0.0,94.88606267910473
2021-01-15 01:00:00,-0.0,3403.0035,2160.0,-0.0,2159.7235,-0.0,0.0,-0.0,94.87657407283682
2021-01-15 02:00:00,-0.0,3436.9725000000008,2160.0,-0.0,2019.3894999999993,-0.0,0.0,-0.0,94.86708641542954
2021-01-15 03:00:00,-0.0,3486.2490000000003,2160.0,-0.0,1961.7499999999995,-0.0,0.0,-0.0,94.857599706788
2021-01-15 04:00:00,-0.0,3541.6875000000005,2160.0,-0.0,2018.3954999999992,-0.0,0.0,-0.0,94.84811394681732
2021-01-15 05:00:00,-0.0,3592.7190000000005,2160.0,-0.0,2177.3649999999993,-0.0,0.0,-0.0,94.83862913542264
2021-01-15 06:00:00,-0.0,3628.8005000000003,2160.0,-0.0,2389.3395,-0.0,0.0,-0.0,94.8291452725091
2021-01-15 07:00:00,-0.0,3640.9294999999997,2160.0,-0.0,2593.4345,-0.0,0.0,-0.0,94.81966235798184
2021-01-15 08:00:00,67.77849822050779,3622.9245000000005,2160.0,-0.0,2677.9120017794917,-0.0,0.0,-0.0,94.81018039174604
2021-01-15 09:00:00,864.5250365485106,3572.3350000000005,2160.0,-0.0,1969.889963451489,-0.0,0.0,-0.0,94.80069937370688
2021-01-15 10:00:00,1848.630359183817,3490.8705,2160.0,-0.0,1028.6901408161837,-0.0,0.0,-0.0,94.79121930376951
2021-01-15 11:00:00,2613.5827538237836,3384.2055,2160.0,-0.0,292.968746176216,-0.0,0.0,-0.0,94.78174018183913
2021-01-15 12:00:00,2899.5340137602316,3261.349,2160.0,-0.0,53.29798623976876,-0.0,0.0,-0.0,94.77226200782094
2021-01-15 13:00:00,2613.5827538237836,3133.455,2160.0,-0.0,424.6212461762161,-0.0,0.0,-0.0,94.76278478162016
2021-01-15 14:00:00,1848.630359183817,3012.4249999999997,2160.0,-0.0,1329.0046408161827,-0.0,0.0,-0.0,94.753308503142
2021-01-15 15:00:00,864.5250365485106,2909.3805,2160.0,-0.0,2515.5164634514895,-0.0,0.0,-0.0,94.74383317229169
2021-01-15 16:00:00,67.77849822050779,2833.2005000000004,2160.0,-0.0,3500.0,-0.0,70.0010017794914,-0.0,21.049093757930876
2021-01-15 17:00:00,-0.0,2789.4100000000003,2160.0,388.26536059387263,3500.0,-0.0,19.99463940612733,-0.0,-0.0
2021-01-15 18:00:00,-0.0,2779.504,2160.0,611.6050000000005,3500.0,-0.0,0.0,-0.0,-0.0
2021-01-15 19:00:00,-0.0,2800.7720000000004,2160.0,665.021999999999,3500.0,-0.0,0.0,-0.0,-0.0
2021-01-15 20:00:00,-0.0,2846.727,2160.0,537.1289999999999,3500.0,-0.0,0.0,-0.0,-0.0
2021-01-15 21:00:00,-0.0,2908.035,2160.0,274.0480000000007,3500.0,-0.0,0.0,-0.0,-0.0
2021-01-15 22:00:00,-0.0,2973.7825000000003,2160.0,-0.0,3470.196499999999,-0.0,0.0,-0.0,-0.0
2021-01-15 23:00:00,-0.0,3032.9715,2160.0,-0.0,3211.1545,-0.0,0.0,-0.0,-0.0
2021-01-16 00:00:00,-0.0,3076.7425000000003,2160.0,-0.0,2108.0204999999996,-0.0,0.0,-0.0,-0.0
2021-01-16 01:00:00,-0.0,3096.873,2160.0,-0.0,1936.7140000000004,-0.0,0.0,-0.0,-0.0
2021-01-16 02:00:00,-0.0,3090.8475000000003,2160.0,-0.0,1838.8174999999997,-0.0,0.0,-0.0,-0.0
2021-01-16 03:00:00,-0.0,3059.537,2160.0,-0.0,1864.2850000000003,-0.0,0.0,-0.0,-0.0
2021-01-16 04:00:00,-0.0,3007.7255000000005,2160.0,-0.0,2030.7744999999995,-0.0,0.0,-0.0,-0.0
2021-01-16 05:00:00,-0.0,2943.434,2160.0,-0.0,2307.732,-0.0,0.0,-0.0,-0.0
2021-01-16 06:00:00,-0.0,2876.822,2160.0,-0.0,2625.1359999999995,-0.0,0.0,-0.0,-0.0
2021-01-16 07:00:00,-0.0,2818.7509999999997,2160.0,-0.0,2902.234,-0.0,0.0,-0.0,-0.0
2021-01-16 08:00:00,63.26360729602168,2779.257,2160.0,-0.0,3015.5843927039778,-0.0,0.0,-0.0,-0.0
2021-01-16 09:00:00,738.3163759972723,2766.1725000000006,2160.0,-0.0,2394.6821240027275,-0.0,0.0,-0.0,-0.0
2021-01-16 10:00:00,1565.3194221625026,2783.9565,2160.0,-0.0,1514.3280778374979,-0.0,0.0,-0.0,-0.0
2021-01-16 11:00:00,2206.691227087872,2833.0640000000003,2160.0,-0.0,749.4637729121278,-0.0,0.0,-0.0,-0.0
2021-01-16 12:00:00,2446.243865773224,2909.79,2160.0,-0.0,359.7151342267757,-0.0,0.0,-0.0,-0.0
2021-01-16 13:00:00,2206.691227087872,3006.7115,2160.0,-0.0,462.98127291212813,-0.0,0.0,-0.0,-0.0
2021-01-16 14:00:00,1565.3194221625026,3113.5975000000003,2160.0,-0.0,1019.0760778374975,-0.0,0.0,-0.0,-0.0
2021-01-16 15:00:00,738.3163759972723,3218.7219999999998,2160.0,-0.0,1843.5706240027284,-0.0,0.0,-0.0,-0.0
2021-01-16 16:00:00,63.26360729602168,3310.385,2160.0,-0.0,2611.8173927039784,-0.0,0.0,-0.0,-0.0
2021-01-16 17:00:00,-0.0,3378.388,2160.0,-0.0,2837.1079999999993,-0.0,0.0,-0.0,-0.0
2021-01-16 18:00:00,-0.0,3415.3795000000005,2160.0,-0.0,2996.9355,-0.0,0.0,-0.0,-0.0
2021-01-16 19:00:00,-0.0,3417.739,2160.0,-0.0,3072.676999999999,-0.0,0.0,-0.0,-0.0
2021-01-16 20:00:00,-0.0,3386.0450000000005,2160.0,-0.0,3025.880999999999,-0.0,0.0,-0.0,-0.0
2021-01-16 21:00:00,-0.0,3324.8930000000005,2160.0,-0.0,2888.737999999999,-0.0,0.0,-0.0,-0.0
2021-01-16 22:00:00,-0.0,3242.2715000000003,2160.0,-0.0,2736.7624999999994,-0.0,0.0,-0.0,-0.0
2021-01-16 23:00:00,-0.0,3148.405,2160.0,-0.0,2634.305,-0.0,0.0,-0.0,-0.0
2021-01-17 00:00:00,-0.0,3054.8894999999998,2160.0,-0.0,2107.8995,-0.0,0.0,-0.0,-0.0
2021-01-17 01:00:00,-0.0,2971.0135000000005,2160.0,-0.0,2044.1694999999995,-0.0,0.0,-0.0,-0.0
2021-01-17 02:00:00,-0.0,2905.565,2160.0,-0.0,2009.2809999999995,-0.0,0.0,-0.0,-0.0
2021-01-17 03:00:00,-0.0,2863.5685000000003,2160.0,-0.0,2049.0315,-0.0,0.0,-0.0,-0.0
2021-01-17 04:00:00,-0.0,2846.129,2160.0,-0.0,2184.755,-0.0,0.0,-0.0,-0.0
2021-01-17 05:00:00,-0.0,2850.2825,2160.0,-0.0,2396.8804999999998,-0.0,0.0,-0.0,-0.0
2021-01-17 06:00:00,-0.0,2869.4575,2160.0,-0.0,2632.1124999999997,-0.0,0.0,-0.0,-0.0
2021-01-17 07:00:00,-0.0,2894.3265,2160.0,-0.0,2829.8864999999996,-0.0,0.0,-0.0,-0.0
2021-01-17 08:00:00,62.25893685963672,2914.145,2160.0,-0.0,2888.541063140363,-0.0,0.0,-0.0,-0.0
2021-01-17 09:00:00,667.7689080374596,2918.2465,2160.0,-0.0,2323.602591962541,-0.0,0.0,-0.0,-0.0
2021-01-17 10:00:00,1403.5307256690458,2897.5115,2160.0,-0.0,1576.6057743309543,-0.0,0.0,-0.0,-0.0
2021-01-17 11:00:00,1972.8235528230396,2845.6740000000004,2160.0,-0.0,988.35044717696,-0.0,0.0,-0.0,-0.0
2021-01-17 12:00:00,2185.26234180449,2760.2315,2160.0,-0.0,791.4531581955102,-0.0,0.0,-0.0,-0.0
2021-01-17 13:00:00,1972.8235528230396,2642.8545,2160.0,-0.0,1085.4559471769605,-0.0,0.0,-0.0,-0.0
2021-01-17 14:00:00,1403.5307256690458,2499.237,2160.0,-0.0,1823.5052743309543,-0.0,0.0,-0.0,-0.0
2021-01-17 15:00:00,667.7689080374596,2338.427,2160.0,-0.0,2826.1990919625405,-0.0,0.0,-0.0,-0.0
2021-01-17 16:00:00,62.25893685963672,2171.65,2160.0,286.82206314036284,3500.0,-0.0,0.0,-0.0,-0.0
2021-01-17 17:00:00,-0.0,2010.9245,2160.0,743.2845000000007,3500.0,-0.0,0.0,-0.0,-0.0
2021-01-17 18:00:00,-0.0,1867.4954999999998,2160.0,1086.9484999999995,3500.0,-0.0,0.0,-0.0,-0.0
2021-01-17 19:00:00,-0.0,1750.4175000000002,2160.0,1285.5065000000004,3500.0,-0.0,0.0,-0.0,-0.0
2021-01-17 20:00:00,-0.0,1665.43,2160.0,1295.3449999999993,3500.0,-0.0,0.0,-0.0,-0.0
2021-01-17 21:00:00,-0.0,1614.2295000000001,2160.0,1151.5495,3500.0,-0.0,0.0,-0.0,-0.0
2021-01-17 22:00:00,-0.0,1594.3785000000003,2160.0,940.057499999999,3500.0,-0.0,0.0,-0.0,-0.0
2021-01-17 23:00:00,-0.0,1599.6564999999998,2160.0,741.6634999999997,3500.0,-0.0,0.0,-0.0,-0.0
2021-01-18 00:00:00,-0.0,1621.4054999999998,2160.0,539.0405000000001,3500.0,-0.0,0.0,-0.0,-0.0
2021-01-18 01:00:00,-0.0,1648.2440000000001,2160.0,367.70099999999957,3500.0,-0.0,0.0,-0.0,-0.0
2021-01-18 02:00:00,-0.0,1669.8955,2160.0,248.76150000000007,3500.0,-0.0,0.0,-0.0,-0.0
2021-01-18 03:00:00,-0.0,1677.1235000000001,2160.0,242.2795000000001,3500.0,-0.0,0.0,-0.0,-0.0
2021-01-18 04:00:00,-0.0,1663.4215,2160.0,377.19749999999976,3500.0,-0.0,0.0,-0.0,-0.0
2021-01-18 05:00:00,-0.0,1625.923,2160.0,633.844,3500.0,-0.0,0.0,-0.0,-0.0
2021-01-18 06:00:00,-0.0,1565.8174999999999,2160.0,951.1594999999998,3500.0,-0.0,0.0,-0.0,-0.0
2021-01-18 07:00:00,-0.0,1488.214,2160.0,1254.1419999999998,3500.0,-0.0,0.0,-0.0,-0.0
2021-01-18 08:00:00,68.32984175267028,1401.4455,2160.0,1415.9786582473307,3500.0,-0.0,0.0,-0.0,-0.0
2021-01-18 09:00:00,676.2044640795455,1315.951,2160.0,940.8645359204547,3500.0,-0.0,0.0,-0.0,-0.0
2021-01-18 10:00:00,1408.8481277347905,1242.865,2160.0,251.8568722652094,3500.0,-0.0,0.0,-0.0,-0.0
2021-01-18 11:00:00,1974.3979449093258,1192.4835000000003,2160.0,-0.0,3168.3315550906736,-0.0,0.0,-0.0,-0.0
2021-01-18 12:00:00,2185.2500897259974,1172.8405,2160.0,-0.0,2909.585410274002,-0.0,0.0,-0.0,-0.0
2021-01-18 13:00:00,1974.3979449093258,1188.5964999999999,2160.0,-0.0,3071.1525550906754,-0.0,0.0,-0.0,-0.0
2021-01-18 14:00:00,1408.8481277347905,1240.3690000000001,2160.0,112.26987226520805,3500.0,-0.0,0.0,-0.0,-0.0
2021-01-18 15:00:00,676.2044640795455,1324.57,2160.0,868.950535920455,3500.0,-0.0,0.0,-0.0,-0.0
2021-01-18 16:00:00,68.32984175267028,1433.861,2160.0,1557.9021582473306,3500.0,-0.0,0.0,-0.0,-0.0
2021-01-18 17:00:00,-0.0,1558.063,2160.0,1737.450999999999,3500.0,-0.0,0.0,-0.0,-0.0
2021-01-18 18:00:00,-0.0,1685.4629999999997,2160.0,1812.1380000000008,3500.0,-0.0,0.0,-0.0,-0.0
2021-01-18 19:00:00,-0.0,1804.3220000000001,2160.0,1776.5210000000006,3500.0,-0.0,0.0,-0.0,-0.0
2021-01-18 20:00:00,-0.0,1904.3830000000003,2160.0,1602.9809999999998,3500.0,-0.0,0.0,-0.0,-0.0
2021-01-18 21:00:00,-0.0,1978.1775000000002,2160.0,1335.7664999999997,3500.0,-0.0,0.0,-0.0,-0.0
2021-01-18 22:00:00,-0.0,2021.9420000000002,2160.0,1062.1400000000003,3500.0,-0.0,0.0,-0.0,-0.0
2021-01-18 23:00:00,-0.0,2036.073,2160.0,856.2759999999998,3500.0,-0.0,0.0,-0.0,-0.0
2021-01-19 00:00:00,-0.0,2025.179,2160.0,251.17599999999948,3500.0,-0.0,0.0,-0.0,-0.0
2021-01-19 01:00:00,-0.0,1996.5269999999998,2160.0,136.51400000000012,3500.0,-0.0,0.0,-0.0,-0.0
2021-01-19 02:00:00,-0.0,1960.3024999999998,2160.0,76.53750000000036,3500.0,-0.0,0.0,-0.0,-0.0
2021-01-19 03:00:00,-0.0,1927.2435000000003,2160.0,111.32949999999983,3500.0,-0.0,0.0,-0.0,-0.0
2021-01-19 04:00:00,-0.0,1907.3860000000002,2160.0,253.28699999999935,3500.0,-0.0,0.0,-0.0,-0.0
2021-01-19 05:00:00,-0.0,1908.6340000000002,2160.0,471.97000000000025,3500.0,-0.0,0.0,-0.0,-0.0
2021-01-19 06:00:00,-0.0,1935.635,2160.0,702.8590000000004,3500.0,-0.0,0.0,-0.0,-0.0
2021-01-19 07:00:00,-0.0,1989.1105,2160.0,875.3385000000007,3500.0,-0.0,0.0,-0.0,-0.0
2021-01-19 08:00:00,74.07606656565258,2065.7195,2160.0,868.5234334343468,3500.0,-0.0,0.0,-0.0,-0.0
2021-01-19 09:00:00,679.0101900543278,2158.468,2160.0,218.47480994567195,3500.0,-0.0,0.0,-0.0,-0.0
2021-01-19 10:00:00,1402.2136272311018,2257.658,2160.0,-0.0,2866.893372768898,-0.0,0.0,-0.0,-0.0
2021-01-19 11:00:00,1959.1441071861636,2352.155,2160.0,-0.0,2147.2668928138364,-0.0,0.0,-0.0,-0.0
2021-01-19 12:00:00,2166.5840481426744,2430.8959999999997,2160.0,-0.0,1793.6019518573262,-0.0,0.0,-0.0,-0.0
2021-01-19 13:00:00,1959.1441071861636,2484.391,2160.0,-0.0,1913.9648928138363,-0.0,0.0,-0.0,-0.0
2021-01-19 14:00:00,1402.2136272311018,2506.0295000000006,2160.0,-0.0,2476.4388727688984,-0.0,0.0,-0.0,-0.0
2021-01-19 15:00:00,679.0101900543278,2492.971,2160.0,-0.0,3320.6768099456717,-0.0,0.0,-0.0,-0.0
2021-01-19 16:00:00,74.07606656565258,2446.5675,2160.0,662.0134334343466,3500.0,-0.0,0.0,-0.0,-0.0
2021-01-19 17:00:00,-0.0,2372.2464999999997,2160.0,1045.3605000000007,3500.0,-0.0,0.0,-0.0,-0.0
2021-01-19 18:00:00,-0.0,2278.7765,2160.0,1340.3415000000005,3500.0,-0.0,0.0,-0.0,-0.0
2021-01-19 19:00:00,-0.0,2177.175,2160.0,1524.5060000000003,3500.0,-0.0,0.0,-0.0,-0.0
2021-01-19 20:00:00,-0.0,2079.259,2160.0,1548.1599999999999,3500.0,-0.0,0.0,-0.0,-0.0
2021-01-19 21:00:00,-0.0,1996.1175,2160.0,1436.9964999999993,3500.0,-0.0,0.0,-0.0,-0.0
2021-01-19 22:00:00,-0.0,1936.6815000000001,2160.0,1265.5834999999988,3500.0,-0.0,0.0,-0.0,-0.0
2021-01-19 23:00:00,-0.0,1906.5995,2160.0,1102.8454999999994,3500.0,-0.0,0.0,-0.0,-0.0
2021-01-20 00:00:00,-0.0,1907.607,2160.0,484.39900000000034,3500.0,-0.0,0.0,-0.0,-0.0
2021-01-20 01:00:00,-0.0,1937.0780000000002,2160.0,310.3279999999995,3500.0,-0.0,0.0,-0.0,-0.0
2021-01-20 02:00:00,-0.0,1988.9089999999999,2160.0,160.91200000000026,3500.0,-0.0,0.0,-0.0,-0.0
2021-01-20 03:00:00,-0.0,2054.0845,2160.0,95.98949999999968,3500.0,-0.0,0.0,-0.0,-0.0
2021-01-20 04:00:00,-0.0,2122.1005,2160.0,148.49749999999995,3500.0,-0.0,0.0,-0.0,-0.0
2021-01-20 05:00:00,-0.0,2182.388,2160.0,306.47100000000046,3500.0,-0.0,0.0,-0.0,-0.0
2021-01-20 06:00:00,-0.0,2225.8665,2160.0,519.1204999999991,3500.0,-0.0,0.0,-0.0,-0.0
2021-01-20 07:00:00,-0.0,2246.1855000000005,2160.0,722.9034999999994,3500.0,-0.0,0.0,-0.0,-0.0
2021-01-20 08:00:00,75.4176691605813,2240.6670000000004,2160.0,794.9313308394176,3500.0,-0.0,0.0,-0.0,-0.0
2021-01-20 09:00:00,642.6460210885891,2210.7085,2160.0,303.26447891141106,3500.0,-0.0,0.0,-0.0,-0.0
2021-01-20 10:00:00,1315.2973824053097,2161.6205,2160.0,-0.0,3148.3961175946906,-0.0,0.0,-0.0,-0.0
2021-01-20 11:00:00,1832.0410449049728,2101.97,2160.0,-0.0,2620.9029550950286,-0.0,0.0,-0.0,-0.0
2021-01-20 12:00:00,2024.3312908055077,2042.4365,2160.0,-0.0,2418.378209194493,-0.0,0.0,-0.0,-0.0
2021-01-20 13:00:00,1832.0410449049728,1994.382,2160.0,-0.0,2622.7769550950284,-0.0,0.0,-0.0,-0.0
2021-01-20 14:00:00,1315.2973824053097,1968.3299999999997,2160.0,-0.0,3190.3116175946907,-0.0,0.0,-0.0,-0.0
2021-01-20 15:00:00,642.6460210885891,1972.5550000000003,2160.0,464.19497891141145,3500.0,-0.0,0.0,-0.0,-0.0
2021-01-20 16:00:00,75.4176691605813,2011.9320000000002,2160.0,1179.4523308394173,3500.0,-0.0,0.0,-0.0,-0.0
2021-01-20 17:00:00,-0.0,2087.2735000000002,2160.0,1411.811499999999,3500.0,-0.0,0.0,-0.0,-0.0
2021-01-20 18:00:00,-0.0,2195.193,2160.0,1502.6680000000006,3500.0,-0.0,0.0,-0.0,-0.0
2021-01-20 19:00:00,-0.0,2328.521,2160.0,1449.0990000000002,3500.0,-0.0,0.0,-0.0,-0.0
2021-01-20 20:00:00,-0.0,2477.2084999999997,2160.0,1223.2804999999998,3500.0,-0.0,0.0,-0.0,-0.0
2021-01-20 21:00:00,-0.0,2629.6789999999996,2160.0,873.5740000000005,3500.0,-0.0,0.0,-0.0,-0.0
2021-01-20 22:00:00,-0.0,2774.2780000000002,2160.0,495.134,3500.0,-0.0,0.0,-0.0,-0.0
2021-01-20 23:00:00,-0.0,2900.8135,2160.0,172.72949999999946,3500.0,-0.0,0.0,-0.0,-0.0
2021-01-21 00:00:00,-0.0,3001.7715,2160.0,-0.0,2950.9695,-0.0,0.0,-0.0,-0.0
2021-01-21 01:00:00,-0.0,3073.551,2160.0,-0.0,2731.4320000000002,-0.0,0.0,-0.0,-0.0
2021-01-21 02:00:00,-0.0,3116.4184999999998,2160.0,-0.0,2587.7735000000002,-0.0,0.0,-0.0,-0.0
2021-01-21 03:00:00,-0.0,3134.7030000000004,2160.0,-0.0,2566.486999999999,-0.0,0.0,-0.0,-0.0
2021-01-21 04:00:00,-0.0,3136.029,2160.0,-0.0,2682.386,-0.0,0.0,-0.0,-0.0
2021-01-21 05:00:00,-0.0,3130.2245000000003,2160.0,-0.0,2903.111499999999,-0.0,0.0,-0.0,-0.0
2021-01-21 06:00:00,-0.0,3127.8715,2160.0,-0.0,3158.2125000000005,-0.0,0.0,-0.0,-0.0
2021-01-21 07:00:00,-0.0,3138.8045,2160.0,-0.0,3367.9655000000002,-0.0,0.0,-0.0,-0.0
2021-01-21 08:00:00,82.53612676472356,3170.7194999999997,2160.0,-0.0,3391.9933732352765,-0.0,0.0,-0.0,-0.0
2021-01-21 09:00:00,655.9272741744586,3228.03,2160.0,-0.0,2803.415725825541,-0.0,0.0,-0.0,-0.0
2021-01-21 10:00:00,1330.4470774612855,3311.1910000000007,2160.0,-0.0,2010.9249225387139,-0.0,0.0,-0.0,-0.0
2021-01-21 11:00:00,1847.3500169813512,3416.5820000000003,2160.0,-0.0,1314.699983018648,-0.0,0.0,-0.0,-0.0
2021-01-21 12:00:00,2039.5238681362073,3536.9230000000002,2160.0,-0.0,928.8661318637926,-0.0,0.0,-0.0,-0.0
2021-01-21 13:00:00,1847.3500169813512,3662.2040000000006,2160.0,-0.0,956.2429830186486,-0.0,0.0,-0.0,-0.0
2021-01-21 14:00:00,1330.4470774612855,3780.9850000000006,2160.0,-0.0,1375.518922538713,-0.0,0.0,-0.0,-0.0
2021-01-21 15:00:00,655.9272741744586,3881.8845,2160.0,-0.0,2050.999225825541,-0.0,0.0,-0.0,-0.0
2021-01-21 16:00:00,82.53612676472356,3955.1005000000005,2160.0,-0.0,2734.9733732352765,-0.0,0.0,-0.0,-0.0
2021-01-21 17:00:00,-0.0,3993.7170000000006,2160.0,-0.0,3007.5640000000003,-0.0,0.0,-0.0,-0.0
2021-01-21 18:00:00,-0.0,3994.588,2160.0,-0.0,3201.8530000000005,-0.0,0.0,-0.0,-0.0
2021-01-21 19:00:00,-0.0,3958.7924999999996,2160.0,-0.0,3313.7924999999996,-0.0,0.0,-0.0,-0.0
2021-01-21 20:00:00,-0.0,3891.472,2160.0,-0.0,3300.3700000000003,-0.0,0.0,-0.0,-0.0
2021-01-21 21:00:00,-0.0,3801.161,2160.0,-0.0,3189.8379999999997,-0.0,0.0,-0.0,-0.0
2021-01-21 22:00:00,-0.0,3698.6430000000005,2160.0,-0.0,3054.917999999999,-0.0,0.0,-0.0,-0.0
2021-01-21 23:00:00,-0.0,3595.54,2160.0,-0.0,2958.567,-0.0,0.0,-0.0,-0.0
2021-01-22 00:00:00,-0.0,3502.5445000000004,2160.0,-0.0,2426.9334999999996,-0.0,0.0,-0.0,-0.0
2021-01-22 01:00:00,-0.0,3428.9190000000003,2160.0,-0.0,2349.2499999999995,-0.0,0.0,-0.0,-0.0
2021-01-22 02:00:00,-0.0,3379.974,2160.0,-0.0,2293.874,-0.0,0.0,-0.0,-0.0
2021-01-22 03:00:00,-0.0,3357.315,2160.0,-0.0,2310.024,-0.0,0.0,-0.0,-0.0
2021-01-22 04:00:00,-0.0,3358.4395,2160.0,-0.0,2422.6465000000003,-0.0,0.0,-0.0,-0.0
2021-01-22 05:00:00,-0.0,3377.179,2160.0,-0.0,2615.379,-0.0,0.0,-0.0,-0.0
2021-01-22 06:00:00,-0.0,3404.583,2160.0,-0.0,2837.3079999999995,-0.0,0.0,-0.0,-0.0
2021-01-22 07:00:00,-0.0,3430.2255,2160.0,-0.0,3028.9725000000003,-0.0,0.0,-0.0,-0.0
2021-01-22 08:00:00,106.71560366967154,3443.6805,2160.0,-0.0,3043.939896330328,-0.0,0.0,-0.0,-0.0
2021-01-22 09:00:00,793.4446031742741,3436.0299999999997,2160.0,-0.0,2403.686396825726,-0.0,0.0,-0.0,-0.0
2021-01-22 10:00:00,1594.8775615256584,3401.1315000000004,2160.0,-0.0,1599.0869384743407,-0.0,0.0,-0.0,-0.0
2021-01-22 11:00:00,2207.5121163468693,3336.5475,2160.0,-0.0,973.8983836531311,-0.0,0.0,-0.0,-0.0
2021-01-22 12:00:00,2435.051592070326,3243.942,2160.0,-0.0,762.4874079296737,-0.0,0.0,-0.0,-0.0
2021-01-22 13:00:00,2207.5121163468693,3128.9245,2160.0,-0.0,1062.4243836531314,-0.0,0.0,-0.0,-0.0
2021-01-22 14:00:00,1594.8775615256584,3000.4,2160.0,-0.0,1821.6874384743417,-0.0,0.0,-0.0,-0.0
2021-01-22 15:00:00,793.4446031742741,2869.3795,2160.0,-0.0,2853.0088968257264,-0.0,0.0,-0.0,-0.0
2021-01-22 16:00:00,106.71560366967154,2747.6020000000003,2160.0,342.3833963303273,3500.0,-0.0,0.0,-0.0,-0.0
2021-01-22 17:00:00,-0.0,2645.981,2160.0,776.5220000000008,3500.0,-0.0,0.0,-0.0,-0.0
2021-01-22 18:00:00,-0.0,2573.168,2160.0,1041.692000000001,3500.0,-0.0,0.0,-0.0,-0.0
2021-01-22 19:00:00,-0.0,2534.4539999999997,2160.0,1153.8140000000003,3500.0,-0.0,0.0,-0.0,-0.0
2021-01-22 20:00:00,-0.0,2531.0545,2160.0,1073.8045000000002,3500.0,-0.0,0.0,-0.0,-0.0
2021-01-22 21:00:00,-0.0,2559.9795000000004,2160.0,841.4425000000001,3500.0,-0.0,0.0,-0.0,-0.0
2021-01-22 22:00:00,-0.0,2614.4495,2160.0,547.0155,3500.0,-0.0,0.0,-0.0,-0.0
2021-01-22 23:00:00,-0.0,2684.8250000000003,2160.0,274.74299999999903,3500.0,-0.0,0.0,-0.0,-0.0
2021-01-23 00:00:00,-0.0,2759.4970000000003,2160.0,-0.0,2636.673,-0.0,0.0,-0.0,-0.0
2021-01-23 01:00:00,-0.0,2827.9485,2160.0,-0.0,2414.6285000000003,-0.0,0.0,-0.0,-0.0
2021-01-23 02:00:00,-0.0,2879.929,2160.0,-0.0,2256.125,-0.0,0.0,-0.0,-0.0
2021-01-23 03:00:00,-0.0,2908.321,2160.0,-0.0,2219.108,-0.0,0.0,-0.0,-0.0
2021-01-23 04:00:00,-0.0,2909.6405000000004,2160.0,-0.0,2329.5054999999993,-0.0,0.0,-0.0,-0.0
2021-01-23 05:00:00,-0.0,2884.4985,2160.0,-0.0,2564.1765,-0.0,0.0,-0.0,-0.0
2021-01-23 06:00:00,-0.0,2837.4320000000002,2160.0,-0.0,2858.722,-0.0,0.0,-0.0,-0.0
2021-01-23 07:00:00,-0.0,2776.267,2160.0,-0.0,3135.432,-0.0,0.0,-0.0,-0.0
2021-01-23 08:00:00,140.06576132625543,2710.9615000000003,2160.0,-0.0,3194.1397386737435,-0.0,0.0,-0.0,-0.0
2021-01-23 09:00:00,977.1890243262907,2652.2275,2160.0,-0.0,2453.000475673709,-0.0,0.0,-0.0,-0.0
2021-01-23 10:00:00,1946.4264497109493,2609.9840000000004,2160.0,-0.0,1486.4605502890495,-0.0,0.0,-0.0,-0.0
2021-01-23 11:00:00,2685.4840764570176,2591.9595,2160.0,-0.0,686.9064235429828,-0.0,0.0,-0.0,-0.0
2021-01-23 12:00:00,2959.7039712368974,2602.5739999999996,2160.0,-0.0,324.30902876310347,-0.0,0.0,-0.0,-0.0
2021-01-23 13:00:00,2685.4840764570176,2642.25,2160.0,-0.0,515.0449235429828,-0.0,0.0,-0.0,-0.0
2021-01-23 14:00:00,1946.4264497109493,2707.315,2160.0,-0.0,1206.054550289051,-0.0,0.0,-0.0,-0.0
2021-01-23 15:00:00,977.1890243262907,2790.3915,2160.0,-0.0,2190.097475673709,-0.0,0.0,-0.0,-0.0
2021-01-23 16:00:00,140.06576132625543,2881.3394999999996,2160.0,-0.0,3116.255738673745,-0.0,0.0,-0.0,-0.0
2021-01-23 17:00:00,-0.0,2968.563,2160.0,-0.0,3394.117,-0.0,0.0,-0.0,-0.0
2021-01-23 18:00:00,-0.0,3040.5180000000005,2160.0,13.838999999999487,3500.0,-0.0,0.0,-0.0,-0.0
2021-01-23 19:00:00,-0.0,3087.2075000000004,2160.0,39.98149999999987,3500.0,-0.0,0.0,-0.0,-0.0
2021-01-23 20:00:00,-0.0,3101.488,2160.0,-0.0,3441.820000000001,-0.0,0.0,-0.0,-0.0
2021-01-23 21:00:00,-0.0,3079.999,2160.0,-0.0,3259.505000000001,-0.0,0.0,-0.0,-0.0
2021-01-23 22:00:00,-0.0,3023.5660000000003,2160.0,-0.0,3075.7179999999994,-0.0,0.0,-0.0,-0.0
2021-01-23 23:00:00,-0.0,2937.1029999999996,2160.0,-0.0,2960.1260000000007,-0.0,0.0,-0.0,-0.0
2021-01-24 00:00:00,-0.0,2828.3514999999998,2160.0,-0.0,2441.3195000000005,-0.0,0.0,-0.0,-0.0
2021-01-24 01:00:00,-0.0,2708.9270000000006,2160.0,-0.0,2407.2039999999997,-0.0,0.0,-0.0,-0.0
2021-01-24 02:00:00,-0.0,2589.6780000000003,2160.0,-0.0,2420.0879999999993,-0.0,0.0,-0.0,-0.0
2021-01-24 03:00:00,-0.0,2481.3035,2160.0,-0.0,2520.0995000000003,-0.0,0.0,-0.0,-0.0
2021-01-24 04:00:00,-0.0,2392.39,2160.0,-0.0,2721.097,-0.0,0.0,-0.0,-0.0
2021-01-24 05:00:00,-0.0,2328.2740000000003,2160.0,-0.0,2995.214,-0.0,0.0,-0.0,-0.0
2021-01-24 06:00:00,-0.0,2290.3725,2160.0,-0.0,3281.1715,-0.0,0.0,-0.0,-0.0
2021-01-24 07:00:00,-0.0,2276.053,2160.0,11.715000000000146,3500.0,-0.0,0.0,-0.0,-0.0
2021-01-24 08:00:00,161.26185711827975,2278.9975,2160.0,-0.0,3481.7596428817205,-0.0,0.0,-0.0,-0.0
2021-01-24 09:00:00,1058.6530942229206,2290.1645000000003,2160.0,-0.0,2611.3364057770796,-0.0,0.0,-0.0,-0.0
2021-01-24 10:00:00,2089.542978581837,2299.05,2160.0,-0.0,1533.0020214181632,-0.0,0.0,-0.0,-0.0
2021-01-24 11:00:00,2873.614741709349,2295.189,2160.0,-0.0,675.3572582906513,-0.0,0.0,-0.0,-0.0
2021-01-24 12:00:00,3164.2524216691786,2269.6505,2160.0,-0.0,333.68207833082124,-0.0,0.0,-0.0,-0.0
2021-01-24 13:00:00,2873.614741709349,2216.318,2160.0,-0.0,635.130258290651,-0.0,0.0,-0.0,-0.0
2021-01-24 14:00:00,2089.542978581837,2132.8125,2160.0,-0.0,1521.108521418163,-0.0,0.0,-0.0,-0.0
2021-01-24 15:00:00,1058.6530942229206,2020.8694999999998,2160.0,-0.0,2763.3034057770797,-0.0,0.0,-0.0,-0.0
2021-01-24 16:00:00,161.26185711827975,1886.235,2160.0,476.8871428817206,3500.0,-0.0,0.0,-0.0,-0.0
2021-01-24 17:00:00,-0.0,1737.9504999999997,2160.0,1013.1235000000006,3500.0,-0.0,0.0,-0.0,-0.0
2021-01-24 18:00:00,-0.0,1587.2154999999998,2160.0,1357.2975000000006,3500.0,-0.0,0.0,-0.0,-0.0
2021-01-24 19:00:00,-0.0,1445.9575000000002,2160.0,1573.2404999999999,3500.0,-0.0,0.0,-0.0,-0.0
2021-01-24 20:00:00,-0.0,1325.3239999999998,2160.0,1611.9360000000006,3500.0,-0.0,0.0,-0.0,-0.0
2021-01-24 21:00:00,-0.0,1234.2135,2160.0,1501.272500000001,3500.0,-0.0,0.0,-0.0,-0.0
2021-01-24 22:00:00,-0.0,1178.1705000000002,2160.0,1319.2124999999996,3500.0,-0.0,0.0,-0.0,-0.0
2021-01-24 23:00:00,-0.0,1158.6965,2160.0,1138.8334999999997,3500.0,-0.0,0.0,-0.0,-0.0
2021-01-25 00:00:00,-0.0,1172.392,2160.0,935.7560000000003,3500.0,-0.0,0.0,-0.0,-0.0
2021-01-25 01:00:00,-0.0,1214.161,2160.0,742.8109999999997,3500.0,-0.0,0.0,-0.0,-0.0
2021-01-25 02:00:00,-0.0,1273.961,2160.0,579.0889999999999,3500.0,-0.0,0.0,-0.0,-0.0
2021-01-25 03:00:00,-0.0,1340.872,2160.0,506.33500000000004,3500.0,-0.0,0.0,-0.0,-0.0
2021-01-25 04:00:00,-0.0,1403.8895000000002,2160.0,557.9955,3500.0,-0.0,0.0,-0.0,-0.0
2021-01-25 05:00:00,-0.0,1453.4325000000001,2160.0,721.1185000000005,3500.0,-0.0,0.0,-0.0,-0.0
2021-01-25 06:00:00,-0.0,1482.637,2160.0,942.7060000000001,3500.0,-0.0,0.0,-0.0,-0.0
2021-01-25 07:00:00,-0.0,1488.2790000000002,2160.0,1156.0910000000003,3500.0,-0.0,0.0,-0.0,-0.0
2021-01-25 08:00:00,163.3202063050197,1471.1905,2160.0,1146.9792936949807,3500.0,-0.0,0.0,-0.0,-0.0
2021-01-25 09:00:00,1011.5132222230284,1436.1165,2160.0,374.9262777769718,3500.0,-0.0,0.0,-0.0,-0.0
2021-01-25 10:00:00,1978.3369881446642,1391.0520000000001,2160.0,-0.0,2917.6000118553357,-0.0,0.0,-0.0,-0.0
2021-01-25 11:00:00,2711.8137931373994,1346.098,2160.0,-0.0,2154.6932068626,-0.0,0.0,-0.0,-0.0
2021-01-25 12:00:00,2983.41786915913,1312.0835,2160.0,-0.0,1843.6326308408702,-0.0,0.0,-0.0,-0.0
2021-01-25 13:00:00,2711.8137931373994,1298.999,2160.0,-0.0,2088.956206862601,-0.0,0.0,-0.0,-0.0
2021-01-25 14:00:00,1978.3369881446642,1314.612,2160.0,-0.0,2828.4290118553363,-0.0,0.0,-0.0,-0.0
2021-01-25 15:00:00,1011.5132222230284,1363.3425,2160.0,349.13827777697225,3500.0,-0.0,0.0,-0.0,-0.0
2021-01-25 16:00:00,163.3202063050197,1445.5870000000002,2160.0,1299.944793694981,3500.0,-0.0,0.0,-0.0,-0.0
2021-01-25 17:00:00,-0.0,1557.5885,2160.0,1581.2924999999996,3500.0,-0.0,0.0,-0.0,-0.0
2021-01-25 18:00:00,-0.0,1691.8525000000002,2160.0,1643.8475000000008,3500.0,-0.0,0.0,-0.0,-0.0
2021-01-25 19:00:00,-0.0,1838.1025000000002,2160.0,1575.6984999999995,3500.0,-0.0,0.0,-0.0,-0.0
2021-01-25 20:00:00,-0.0,1984.541,2160.0,1350.7699999999995,3500.0,-0.0,0.0,-0.0,-0.0
2021-01-25 21:00:00,-0.0,2119.4030000000002,2160.0,1017.6129999999994,3500.0,-0.0,0.0,-0.0,-0.0
2021-01-25 22:00:00,-0.0,2232.4315,2160.0,669.9874999999993,3500.0,-0.0,0.0,-0.0,-0.0
2021-01-25 23:00:00,-0.0,2316.2035000000005,2160.0,389.892499999999,3500.0,-0.0,0.0,-0.0,-0.0
2021-01-26 00:00:00,-0.0,2366.1820000000002,2160.0,-0.0,3217.681,-0.0,0.0,-0.0,-0.0
2021-01-26 01:00:00,-0.0,2384.5705,2160.0,-0.0,3051.6855000000005,-0.0,0.0,-0.0,-0.0
2021-01-26 02:00:00,-0.0,2375.0480000000002,2160.0,-0.0,2960.8709999999996,-0.0,0.0,-0.0,-0.0
2021-01-26 03:00:00,-0.0,2345.525,2160.0,-0.0,2988.1479999999997,-0.0,0.0,-0.0,-0.0
2021-01-26 04:00:00,-0.0,2306.161,2160.0,-0.0,3145.7960000000003,-0.0,0.0,-0.0,-0.0
2021-01-26 05:00:00,-0.0,2267.9215000000004,2160.0,-0.0,3400.3144999999995,-0.0,0.0,-0.0,-0.0
2021-01-26 06:00:00,-0.0,2241.1025,2160.0,181.54150000000027,3500.0,-0.0,0.0,-0.0,-0.0
2021-01-26 07:00:00,-0.0,2233.881,2160.0,411.4060000000004,3500.0,-0.0,0.0,-0.0,-0.0
2021-01-26 08:00:00,162.10725053426222,2251.1839999999997,2160.0,372.72774946573827,3500.0,-0.0,0.0,-0.0,-0.0
2021-01-26 09:00:00,949.5422092079652,2294.045,2160.0,-0.0,3087.1037907920354,-0.0,0.0,-0.0,-0.0
2021-01-26 10:00:00,1840.2315593772091,2359.4285,2160.0,-0.0,2099.0609406227904,-0.0,0.0,-0.0,-0.0
2021-01-26 11:00:00,2514.2183972496114,2440.6459999999997,2160.0,-0.0,1273.0576027503894,-0.0,0.0,-0.0,-0.0
2021-01-26 12:00:00,2763.5420685327326,2528.2985000000003,2160.0,-0.0,866.1804314672677,-0.0,0.0,-0.0,-0.0
2021-01-26 13:00:00,2514.2183972496114,2611.5570000000002,2160.0,-0.0,996.4326027503889,-0.0,0.0,-0.0,-0.0
2021-01-26 14:00:00,1840.2315593772091,2679.6575,2160.0,-0.0,1627.4569406227906,-0.0,0.0,-0.0,-0.0
2021-01-26 15:00:00,949.5422092079652,2723.3830000000003,2160.0,-0.0,2580.5427907920352,-0.0,0.0,-0.0,-0.0
2021-01-26 16:00:00,162.10725053426222,2736.3700000000003,2160.0,43.327749465737725,3500.0,-0.0,0.0,-0.0,-0.0
2021-01-26 17:00:00,-0.0,2716.0315,2160.0,459.2514999999994,3500.0,-0.0,0.0,-0.0,-0.0
2021-01-26 18:00:00,-0.0,2663.9275000000002,2160.0,711.5895,3500.0,-0.0,0.0,-0.0,-0.0
2021-01-26 19:00:00,-0.0,2585.661,2160.0,871.3359999999993,3500.0,-0.0,0.0,-0.0,-0.0
2021-01-26 20:00:00,-0.0,2490.163,2160.0,891.6849999999995,3500.0,-0.0,0.0,-0.0,-0.0
2021-01-26 21:00:00,-0.0,2388.5745,2160.0,798.2784999999985,3500.0,-0.0,0.0,-0.0,-0.0
2021-01-26 22:00:00,-0.0,2292.7905,2160.0,662.7195000000002,3500.0,-0.0,0.0,-0.0,-0.0
2021-01-26 23:00:00,-0.0,2213.965,2160.0,548.4290000000001,3500.0,-0.0,0.0,-0.0,-0.0
2021-01-27 00:00:00,-0.0,2160.041,2160.0,-0.0,3483.023,-0.0,0.0,-0.0,-0.0
2021-01-27 01:00:00,-0.0,2138.643,2160.0,-0.0,3359.92,-0.0,0.0,-0.0,-0.0
2021-01-27 02:00:00,-0.0,2150.3755,2160.0,-0.0,3250.8994999999995,-0.0,0.0,-0.0,-0.0
2021-01-27 03:00:00,-0.0,2192.6710000000003,2160.0,-0.0,3209.3499999999995,-0.0,0.0,-0.0,-0.0
2021-01-27 04:00:00,-0.0,2259.218,2160.0,-0.0,3264.0190000000002,-0.0,0.0,-0.0,-0.0
2021-01-27 05:00:00,-0.0,2340.858,2160.0,-0.0,3401.526,-0.0,0.0,-0.0,-0.0
2021-01-27 06:00:00,-0.0,2426.8725000000004,2160.0,72.72249999999985,3500.0,-0.0,0.0,-0.0,-0.0
2021-01-27 07:00:00,-0.0,2506.491,2160.0,218.48300000000017,3500.0,-0.0,0.0,-0.0,-0.0
2021-01-27 08:00:00,170.13848798609573,2570.3795,2160.0,127.85401201390368,3500.0,-0.0,0.0,-0.0,-0.0
2021-01-27 09:00:00,944.751646517398,2611.9145,2160.0,-0.0,2858.971853482603,-0.0,0.0,-0.0,-0.0
2021-01-27 10:00:00,1814.2877831693406,2628.1385,2160.0,-0.0,1943.7617168306595,-0.0,0.0,-0.0,-0.0
2021-01-27 11:00:00,2470.5764936593287,2620.1435,2160.0,-0.0,1227.1110063406713,-0.0,0.0,-0.0,-0.0
2021-01-27 12:00:00,2713.106387418358,2592.9215,2160.0,-0.0,944.2661125816421,-0.0,0.0,-0.0,-0.0
2021-01-27 13:00:00,2470.5764936593287,2554.721,2160.0,-0.0,1191.4675063406708,-0.0,0.0,-0.0,-0.0
2021-01-27 14:00:00,1814.2877831693406,2515.9030000000002,2160.0,-0.0,1913.9142168306587,-0.0,0.0,-0.0,-0.0
2021-01-27 15:00:00,944.751646517398,2487.4915,2160.0,-0.0,2920.0998534826026,-0.0,0.0,-0.0,-0.0
2021-01-27 16:00:00,170.13848798609573,2479.711,2160.0,392.86151201390385,3500.0,-0.0,0.0,-0.0,-0.0
2021-01-27 17:00:00,-0.0,2500.5109999999995,2160.0,777.6210000000001,3500.0,-0.0,0.0,-0.0,-0.0
2021-01-27 18:00:00,-0.0,2554.4739999999997,2160.0,925.744999999999,3500.0,-0.0,0.0,-0.0,-0.0
2021-01-27 19:00:00,-0.0,2642.146,2160.0,921.3149999999987,3500.0,-0.0,0.0,-0.0,-0.0
2021-01-27 20:00:00,-0.0,2759.8804999999998,2160.0,730.1015000000007,3500.0,-0.0,0.0,-0.0,-0.0
2021-01-27 21:00:00,-0.0,2900.2675,2160.0,396.29449999999997,3500.0,-0.0,0.0,-0.0,-0.0
2021-01-27 22:00:00,-0.0,3053.0695,2160.0,13.630500000000666,3500.0,-0.0,0.0,-0.0,-0.0
2021-01-27 23:00:00,-0.0,3206.5345,2160.0,-0.0,3168.4325000000003,-0.0,0.0,-0.0,-0.0
2021-01-28 00:00:00,-0.0,3347.7144999999996,2160.0,-0.0,2408.9565000000007,-0.0,0.0,-0.0,-0.0
2021-01-28 01:00:00,-0.0,3468.6210000000005,2160.0,-0.0,2144.7359999999994,-0.0,0.0,-0.0,-0.0
2021-01-28 02:00:00,-0.0,3560.5960000000005,2160.0,-0.0,1956.5599999999995,-0.0,0.0,-0.0,-0.0
2021-01-28 03:00:00,-0.0,3619.8630000000003,2160.0,-0.0,1899.0259999999998,-0.0,0.0,-0.0,-0.0
2021-01-28 04:00:00,-0.0,3646.7665000000006,2160.0,-0.0,1994.222499999999,-0.0,0.0,-0.0,-0.0
2021-01-28 05:00:00,-0.0,3645.6940000000004,2160.0,-0.0,2215.2259999999997,-0.0,0.0,-0.0,-0.0
2021-01-28 06:00:00,-0.0,3624.3610000000003,2160.0,-0.0,2494.448999999999,-0.0,0.0,-0.0,-0.0
2021-01-28 07:00:00,-0.0,3592.6995,2160.0,-0.0,2752.0654999999992,-0.0,0.0,-0.0,-0.0
2021-01-28 08:00:00,175.60291499375052,3561.4670000000006,2160.0,-0.0,2751.5650850062493,-0.0,0.0,-0.0,-0.0
2021-01-28 09:00:00,926.4347891711111,3540.693,2160.0,-0.0,2069.1412108288887,-0.0,0.0,-0.0,-0.0
2021-01-28 10:00:00,1762.9699524035063,3538.3010000000004,2160.0,-0.0,1205.8100475964934,-0.0,0.0,-0.0,-0.0
2021-01-28 11:00:00,2392.7022827610012,3558.9515,2160.0,-0.0,487.22821723899824,-0.0,0.0,-0.0,-0.0
2021-01-28 12:00:00,2625.1854721561804,3603.392,2160.0,-0.0,142.82052784381904,-0.0,0.0,-0.0,-0.0
2021-01-28 13:00:00,2392.7022827610012,3668.3075000000003,2160.0,-0.0,276.8062172389991,-0.0,0.0,-0.0,-0.0
2021-01-28 14:00:00,1762.9699524035063,3746.7364999999995,2160.0,-0.0,855.2915475964937,-0.0,0.0,-0.0,-0.0
2021-01-28 15:00:00,926.4347891711111,3829.0135000000005,2160.0,-0.0,1717.5257108288886,-0.0,0.0,-0.0,-0.0
2021-01-28 16:00:00,175.60291499375052,3904.0495,2160.0,-0.0,2583.3205850062495,-0.0,0.0,-0.0,-0.0
2021-01-28 17:00:00,-0.0,3960.8205000000003,2160.0,-0.0,2937.1025000000004,-0.0,0.0,-0.0,-0.0
2021-01-28 18:00:00,-0.0,3989.895,2160.0,-0.0,3109.5389999999993,-0.0,0.0,-0.0,-0.0
2021-01-28 19:00:00,-0.0,3984.708,2160.0,-0.0,3197.2889999999993,-0.0,0.0,-0.0,-0.0
2021-01-28 20:00:00,-0.0,3942.4645,2160.0,-0.0,3165.2705000000005,-0.0,0.0,-0.0,-0.0
2021-01-28 21:00:00,-0.0,3864.601,2160.0,-0.0,3048.829,-0.0,0.0,-0.0,-0.0
2021-01-28 22:00:00,-0.0,3756.584,2160.0,-0.0,2925.9970000000003,-0.0,0.0,-0.0,-0.0
2021-01-28 23:00:00,-0.0,3627.2535,2160.0,-0.0,2862.5075000000006,-0.0,0.0,-0.0,-0.0
2021-01-29 00:00:00,-0.0,3486.3855000000003,2160.0,-0.0,2383.6394999999993,-0.0,0.0,-0.0,-0.0
2021-01-29 01:00:00,-0.0,3348.4815000000003,2160.0,-0.0,2376.9435,-0.0,0.0,-0.0,-0.0
2021-01-29 02:00:00,-0.0,3223.3890000000006,2160.0,-0.0,2404.4519999999998,-0.0,0.0,-0.0,-0.0
2021-01-29 03:00:00,-0.0,3120.1235,2160.0,-0.0,2507.9694999999997,-0.0,0.0,-0.0,-0.0
2021-01-29 04:00:00,-0.0,3044.3920000000003,2160.0,-0.0,2704.226,-0.0,0.0,-0.0,-0.0
2021-01-29 05:00:00,-0.0,2997.9300000000003,2160.0,-0.0,2968.9489999999996,-0.0,0.0,-0.0,-0.0
2021-01-29 06:00:00,-0.0,2978.3520000000003,2160.0,-0.0,3244.6549999999993,-0.0,0.0,-0.0,-0.0
2021-01-29 07:00:00,-0.0,2979.5480000000002,2160.0,-0.0,3467.56,-0.0,0.0,-0.0,-0.0
2021-01-29 08:00:00,162.94651791099847,2992.587,2160.0,-0.0,3433.5024820890017,-0.0,0.0,-0.0,-0.0
2021-01-29 09:00:00,818.4694734952046,3007.0364999999997,2160.0,-0.0,2809.133026504795,-0.0,0.0,-0.0,-0.0
2021-01-29 10:00:00,1543.4065797786673,3012.4185,2160.0,-0.0,2047.5089202213333,-0.0,0.0,-0.0,-0.0
2021-01-29 11:00:00,2087.717418886454,2999.724,2160.0,-0.0,1445.492581113545,-0.0,0.0,-0.0,-0.0
2021-01-29 12:00:00,2288.455472907568,2962.6935000000003,2160.0,-0.0,1212.017027092431,-0.0,0.0,-0.0,-0.0
2021-01-29 13:00:00,2087.717418886454,2898.7270000000003,2160.0,-0.0,1440.7755811135448,-0.0,0.0,-0.0,-0.0
2021-01-29 14:00:00,1543.4065797786673,2809.3,2160.0,-0.0,2099.2524202213335,-0.0,0.0,-0.0,-0.0
2021-01-29 15:00:00,818.4694734952046,2699.8205,2160.0,-0.0,3039.126026504795,-0.0,0.0,-0.0,-0.0
2021-01-29 16:00:00,162.94651791099847,2578.94,2160.0,502.9354820890012,3500.0,-0.0,0.0,-0.0,-0.0
2021-01-29 17:00:00,-0.0,2457.416,2160.0,1019.6889999999994,3500.0,-0.0,0.0,-0.0,-0.0
2021-01-29 18:00:00,-0.0,2346.7015,2160.0,1329.178499999999,3500.0,-0.0,0.0,-0.0,-0.0
2021-01-29 19:00:00,-0.0,2257.411,2160.0,1498.2289999999994,3500.0,-0.0,0.0,-0.0,-0.0
2021-01-29 20:00:00,-0.0,2197.9100000000003,2160.0,1480.5990000000002,3500.0,-0.0,0.0,-0.0,-0.0
2021-01-29 21:00:00,-0.0,2173.1515,2160.0,1308.1214999999993,3500.0,-0.0,0.0,-0.0,-0.0
2021-01-29 22:00:00,-0.0,2184.0585,2160.0,1063.3735000000006,3500.0,-0.0,0.0,-0.0,-0.0
2021-01-29 23:00:00,-0.0,2227.3224999999998,2160.0,824.2394999999997,3500.0,-0.0,0.0,-0.0,-0.0
2021-01-30 00:00:00,-0.0,2294.4025,2160.0,-0.0,3197.9205,-0.0,0.0,-0.0,-0.0
2021-01-30 01:00:00,-0.0,2378.285,2160.0,-0.0,2966.2799999999997,-0.0,0.0,-0.0,-0.0
2021-01-30 02:00:00,-0.0,2466.009,2160.0,-0.0,2777.7650000000003,-0.0,0.0,-0.0,-0.0
2021-01-30 03:00:00,-0.0,2546.024,2160.0,-0.0,2694.747,-0.0,0.0,-0.0,-0.0
2021-01-30 04:00:00,-0.0,2608.2355000000002,2160.0,-0.0,2749.7615,-0.0,0.0,-0.0,-0.0
2021-01-30 05:00:00,-0.0,2645.2985000000003,2160.0,-0.0,2927.6185,-0.0,0.0,-0.0,-0.0
2021-01-30 06:00:00,-0.0,2653.56,2160.0,-0.0,3172.106,-0.0,0.0,-0.0,-0.0
2021-01-30 07:00:00,-0.0,2633.4620000000004,2160.0,-0.0,3412.8900000000003,-0.0,0.0,-0.0,-0.0
2021-01-30 08:00:00,145.91000276717773,2589.4440000000004,2160.0,-0.0,3449.476997232822,-0.0,0.0,-0.0,-0.0
2021-01-30 09:00:00,699.1587331352434,2529.2215,2160.0,-0.0,2998.5747668647564,-0.0,0.0,-0.0,-0.0
2021-01-30 10:00:00,1306.5248942046799,2462.7135000000003,2160.0,-0.0,2422.9056057953203,-0.0,0.0,-0.0,-0.0
2021-01-30 11:00:00,1761.3710561602352,2400.619,2160.0,-0.0,1956.2239438397646,-0.0,0.0,-0.0,-0.0
2021-01-30 12:00:00,1928.942733702152,2352.8765000000003,2160.0,-0.0,1763.075766297848,-0.0,0.0,-0.0,-0.0
2021-01-30 13:00:00,1761.3710561602352,2327.2665,2160.0,-0.0,1916.7414438397645,-0.0,0.0,-0.0,-0.0
2021-01-30 14:00:00,1306.5248942046799,2328.3065,2160.0,-0.0,2391.7016057953206,-0.0,0.0,-0.0,-0.0
2021-01-30 15:00:00,699.1587331352434,2356.5555000000004,2160.0,-0.0,3072.677766864756,-0.0,0.0,-0.0,-0.0
2021-01-30 16:00:00,145.91000276717773,2408.4905,2160.0,257.7914972328217,3500.0,-0.0,0.0,-0.0,-0.0
2021-01-30 17:00:00,-0.0,2476.929,2160.0,563.9339999999993,3500.0,-0.0,0.0,-0.0,-0.0
2021-01-30 18:00:00,-0.0,2551.952,2160.0,684.070999999999,3500.0,-0.0,0.0,-0.0,-0.0
2021-01-30 19:00:00,-0.0,2622.217,2160.0,689.9499999999989,3500.0,-0.0,0.0,-0.0,-0.0
2021-01-30 20:00:00,-0.0,2676.4335,2160.0,554.9905000000008,3500.0,-0.0,0.0,-0.0,-0.0
2021-01-30 21:00:00,-0.0,2704.8905,2160.0,325.69050000000016,3500.0,-0.0,0.0,-0.0,-0.0
2021-01-30 22:00:00,-0.0,2700.7435,2160.0,92.39949999999999,3500.0,-0.0,0.0,-0.0,-0.0
2021-01-30 23:00:00,-0.0,2660.9505,2160.0,-0.0,3432.7375,-0.0,0.0,-0.0,-0.0
2021-01-31 00:00:00,-0.0,2585.0435000000007,2160.0,-0.0,2881.7334999999994,-0.0,0.0,-0.0,-0.0
2021-01-31 01:00:00,-0.0,2481.466,2160.0,-0.0,2834.002,-0.0,0.0,-0.0,-0.0
2021-01-31 02:00:00,-0.0,2357.212,2160.0,-0.0,2853.935,-0.0,0.0,-0.0,-0.0
2021-01-31 03:00:00,-0.0,2223.13,2160.0,-0.0,2981.509,-0.0,0.0,-0.0,-0.0
2021-01-31 04:00:00,-0.0,2090.9135,2160.0,-0.0,3227.4725000000003,-0.0,0.0,-0.0,-0.0
2021-01-31 05:00:00,-0.0,1971.541,2160.0,58.3159999999998,3500.0,-0.0,0.0,-0.0,-0.0
2021-01-31 06:00:00,-0.0,1873.859,2160.0,405.3309999999997,3500.0,-0.0,0.0,-0.0,-0.0
2021-01-31 07:00:00,-0.0,1803.464,2160.0,693.0330000000004,3500.0,-0.0,0.0,-0.0,-0.0
2021-01-31 08:00:00,157.56172941354487,1761.9875000000002,2160.0,712.0857705864555,3500.0,-0.0,0.0,-0.0,-0.0
2021-01-31 09:00:00,721.6167930119952,1746.9854999999998,2160.0,201.8587069880041,3500.0,-0.0,0.0,-0.0,-0.0
2021-01-31 10:00:00,1336.3770834516554,1752.309,2160.0,-0.0,3043.708916548345,-0.0,0.0,-0.0,-0.0
2021-01-31 11:00:00,1795.5727332720478,1769.0334999999998,2160.0,-0.0,2490.650766727952,-0.0,0.0,-0.0,-0.0
2021-01-31 12:00:00,1964.5656519190948,1786.746,2160.0,-0.0,2227.469348080905,-0.0,0.0,-0.0,-0.0
2021-01-31 13:00:00,1795.5727332720478,1795.053,2160.0,-0.0,2345.534266727952,-0.0,0.0,-0.0,-0.0
2021-01-31 14:00:00,1336.3770834516554,1785.0169999999998,2160.0,-0.0,2832.870916548345,-0.0,0.0,-0.0,-0.0
2021-01-31 15:00:00,721.6167930119952,1750.515,2160.0,81.00020698800381,3500.0,-0.0,0.0,-0.0,-0.0
2021-01-31 16:00:00,157.56172941354487,1689.0965000000003,2160.0,887.3417705864549,3500.0,-0.0,0.0,-0.0,-0.0
2021-01-31 17:00:00,-0.0,1602.4125,2160.0,1357.3904999999995,3500.0,-0.0,0.0,-0.0,-0.0
2021-01-31 18:00:00,-0.0,1496.066,2160.0,1656.0929999999998,3500.0,-0.0,0.0,-0.0,-0.0
2021-01-31 19:00:00,-0.0,1378.9295000000002,2160.0,1846.637499999999,3500.0,-0.0,0.0,-0.0,-0.0
2021-01-31 20:00:00,-0.0,1261.988,2160.0,1880.1699999999992,3500.0,-0.0,0.0,-0.0,-0.0
2021-01-31 21:00:00,-0.0,1156.9545,2160.0,1781.7675,3500.0,-0.0,0.0,-0.0,-0.0
2021-01-31 22:00:00,-0.0,1074.6905000000002,2160.0,1624.0734999999986,3500.0,-0.0,0.0,-0.0,-0.0
2021-01-31 23:00:00,-0.0,1023.8215,2160.0,1473.0455000000002,3500.0,-0.0,0.0,-0.0,-0.0
2021-02-01 00:00:00,-0.0,1007.812,2160.0,1295.679,3500.0,-0.0,0.0,-0.0,-0.0
2021-02-01 01:00:00,-0.0,1031.355,2160.0,1118.5429999999997,3500.0,-0.0,0.0,-0.0,-0.0
2021-02-01 02:00:00,-0.0,1089.6405,2160.0,953.7355000000007,3500.0,-0.0,0.0,-0.0,-0.0
2021-02-01 03:00:00,-0.0,1175.8305,2160.0,858.9195,3500.0,-0.0,0.0,-0.0,-0.0
2021-02-01 04:00:00,-0.0,1280.2205,2160.0,866.2464999999993,3500.0,-0.0,0.0,-0.0,-0.0
2021-02-01 05:00:00,-0.0,1391.52,2160.0,964.4760000000006,3500.0,-0.0,0.0,-0.0,-0.0
2021-02-01 06:00:00,-0.0,1498.3605,2160.0,1105.1155000000008,3500.0,-0.0,0.0,-0.0,-0.0
2021-02-01 07:00:00,-0.0,1590.8165,2160.0,1228.2035000000005,3500.0,-0.0,0.0,-0.0,-0.0
2021-02-01 08:00:00,204.8241221983621,1661.686,2160.0,1085.977877801638,3500.0,-0.0,0.0,-0.0,-0.0
2021-02-01 09:00:00,898.181496167407,1707.4070000000002,2160.0,384.149503832592,3500.0,-0.0,0.0,-0.0,-0.0
2021-02-01 10:00:00,1648.5171611658213,1728.5059999999999,2160.0,-0.0,3073.1698388341783,-0.0,0.0,-0.0,-0.0
2021-02-01 11:00:00,2207.5121163468693,1729.4420000000002,2160.0,-0.0,2434.716883653131,-0.0,0.0,-0.0,-0.0
2021-02-01 12:00:00,2413.0162289015652,1717.9565000000002,2160.0,-0.0,2162.935271098434,-0.0,0.0,-0.0,-0.0
2021-02-01 13:00:00,2207.5121163468693,1703.923,2160.0,-0.0,2338.6648836531313,-0.0,0.0,-0.0,-0.0
2021-02-01 14:00:00,1648.5171611658213,1697.9625,2160.0,-0.0,2920.638338834179,-0.0,0.0,-0.0,-0.0
2021-02-01 15:00:00,898.181496167407,1709.903,2160.0,256.91450383259235,3500.0,-0.0,0.0,-0.0,-0.0
2021-02-01 16:00:00,204.8241221983621,1747.3950000000002,2160.0,1092.7628778016378,3500.0,-0.0,0.0,-0.0,-0.0
2021-02-01 17:00:00,-0.0,1814.7545,2160.0,1455.2475000000004,3500.0,-0.0,0.0,-0.0,-0.0
2021-02-01 18:00:00,-0.0,1912.3260000000002,2160.0,1549.3519999999999,3500.0,-0.0,0.0,-0.0,-0.0
2021-02-01 19:00:00,-0.0,2036.3394999999998,2160.0,1498.1705000000002,3500.0,-0.0,0.0,-0.0,-0.0
2021-02-01 20:00:00,-0.0,2179.333,2160.0,1271.2969999999987,3500.0,-0.0,0.0,-0.0,-0.0
2021-02-01 21:00:00,-0.0,2331.0755,2160.0,915.7495000000008,3500.0,-0.0,0.0,-0.0,-0.0
2021-02-01 22:00:00,-0.0,2479.88,2160.0,526.7249999999995,3500.0,-0.0,0.0,-0.0,-0.0
2021-02-01 23:00:00,-0.0,2614.1050000000005,2160.0,190.4449999999988,3500.0,-0.0,0.0,-0.0,-0.0
2021-02-02 00:00:00,-0.0,2721.7515000000003,2160.0,-0.0,2952.9744999999994,-0.0,0.0,-0.0,-0.0
2021-02-02 01:00:00,-0.0,2799.4134999999997,2160.0,-0.0,2721.7725,-0.0,0.0,-0.0,-0.0
2021-02-02 02:00:00,-0.0,2841.722,2160.0,-0.0,2573.0989999999997,-0.0,0.0,-0.0,-0.0
2021-02-02 03:00:00,-0.0,2849.4245,2160.0,-0.0,2557.0344999999998,-0.0,0.0,-0.0,-0.0
2021-02-02 04:00:00,-0.0,2827.3245,2160.0,-0.0,2691.2184999999995,-0.0,0.0,-0.0,-0.0
2021-02-02 05:00:00,-0.0,2783.625,2160.0,-0.0,2944.9179999999997,-0.0,0.0,-0.0,-0.0
2021-02-02 06:00:00,-0.0,2728.7715000000003,2160.0,-0.0,3247.8275,-0.0,0.0,-0.0,-0.0
2021-02-02 07:00:00,-0.0,2674.0544999999997,2160.0,18.768500000000586,3500.0,-0.0,0.0,-0.0,-0.0
2021-02-02 08:00:00,255.29043350896796,2630.0885000000003,2160.0,-0.0,3441.6950664910323,-0.0,0.0,-0.0,-0.0
2021-02-02 09:00:00,1073.7354028471877,2605.3495,2160.0,-0.0,2686.124097152813,-0.0,0.0,-0.0,-0.0
2021-02-02 10:00:00,1953.2263532742866,2605.109,2160.0,-0.0,1768.3146467257131,-0.0,0.0,-0.0,-0.0
2021-02-02 11:00:00,2606.746094024969,2630.6800000000003,2160.0,-0.0,1011.7899059750312,-0.0,0.0,-0.0,-0.0
2021-02-02 12:00:00,2846.7459335752974,2679.3325,2160.0,-0.0,646.561566424702,-0.0,0.0,-0.0,-0.0
2021-02-02 13:00:00,2606.746094024969,2744.6575000000003,2160.0,-0.0,778.7144059750312,-0.0,0.0,-0.0,-0.0
2021-02-02 14:00:00,1953.2263532742866,2817.5290000000005,2160.0,-0.0,1377.7636467257132,-0.0,0.0,-0.0,-0.0
2021-02-02 15:00:00,1073.7354028471877,2887.339,2160.0,-0.0,2286.8065971528117,-0.0,0.0,-0.0,-0.0
2021-02-02 16:00:00,255.29043350896796,2943.5445,2160.0,-0.0,3230.6050664910326,-0.0,0.0,-0.0,-0.0
2021-02-02 17:00:00,-0.0,2977.1105000000002,2160.0,179.01850000000059,3500.0,-0.0,0.0,-0.0,-0.0
2021-02-02 18:00:00,-0.0,2981.836,2160.0,367.7319999999995,3500.0,-0.0,0.0,-0.0,-0.0
2021-02-02 19:00:00,-0.0,2955.2315000000003,2160.0,469.0215000000003,3500.0,-0.0,0.0,-0.0,-0.0
2021-02-02 20:00:00,-0.0,2898.9674999999997,2160.0,443.34750000000076,3500.0,-0.0,0.0,-0.0,-0.0
2021-02-02 21:00:00,-0.0,2818.6795,2160.0,321.8624999999993,3500.0,-0.0,0.0,-0.0,-0.0
2021-02-02 22:00:00,-0.0,2723.3245,2160.0,179.11349999999993,3500.0,-0.0,0.0,-0.0,-0.0
2021-02-02 23:00:00,-0.0,2624.0045,2160.0,78.58049999999912,3500.0,-0.0,0.0,-0.0,-0.0
2021-02-03 00:00:00,-0.0,2530.5085,2160.0,-0.0,3044.2895,-0.0,0.0,-0.0,-0.0
2021-02-03 01:00:00,-0.0,2458.014,2160.0,-0.0,2965.608,-0.0,0.0,-0.0,-0.0
2021-02-03 02:00:00,-0.0,2413.268,2160.0,-0.0,2906.432,-0.0,0.0,-0.0,-0.0
2021-02-03 03:00:00,-0.0,2401.737,2160.0,-0.0,2912.12,-0.0,0.0,-0.0,-0.0
2021-02-03 04:00:00,-0.0,2424.8315000000002,2160.0,-0.0,3003.7034999999996,-0.0,0.0,-0.0,-0.0
2021-02-03 05:00:00,-0.0,2479.7760000000003,2160.0,-0.0,3161.4249999999997,-0.0,0.0,-0.0,-0.0
2021-02-03 06:00:00,-0.0,2559.9990000000003,2160.0,-0.0,3331.994,-0.0,0.0,-0.0,-0.0
2021-02-03 07:00:00,-0.0,2656.0885000000003,2160.0,-0.0,3454.9315,-0.0,0.0,-0.0,-0.0
2021-02-03 08:00:00,281.25258783457457,2757.04,2160.0,-0.0,3209.847412165425,-0.0,0.0,-0.0,-0.0
2021-02-03 09:00:00,1136.4170364148156,2851.7905,2160.0,-0.0,2300.9994635851845,-0.0,0.0,-0.0,-0.0
2021-02-03 10:00:00,2049.037607085633,2930.6875000000005,2160.0,-0.0,1273.9138929143655,-0.0,0.0,-0.0,-0.0
2021-02-03 11:00:00,2725.4074742248276,2986.8085,2160.0,-0.0,467.03902577517147,-0.0,0.0,-0.0,-0.0
2021-02-03 12:00:00,2973.5365678549297,3016.8775000000005,2160.0,-0.0,115.36993214506947,-0.0,0.0,-0.0,-0.0
2021-02-03 13:00:00,2725.4074742248276,3021.668,2160.0,-0.0,319.3435257751721,-0.0,0.0,-0.0,-0.0
2021-02-03 14:00:00,2049.037607085633,3005.873,2160.0,-0.0,1033.117392914367,-0.0,0.0,-0.0,-0.0
2021-02-03 15:00:00,1136.4170364148156,2977.455,2160.0,-0.0,2076.7719635851845,-0.0,0.0,-0.0,-0.0
2021-02-03 16:00:00,281.25258783457457,2946.4825,2160.0,-0.0,3147.7669121654258,-0.0,0.0,-0.0,-0.0
2021-02-03 17:00:00,-0.0,2923.7325,2160.0,181.7985000000008,3500.0,-0.0,0.0,-0.0,-0.0
2021-02-03 18:00:00,-0.0,2919.1825,2160.0,383.1675000000005,3500.0,-0.0,0.0,-0.0,-0.0
2021-02-03 19:00:00,-0.0,2940.5805,2160.0,439.8704999999991,3500.0,-0.0,0.0,-0.0,-0.0
2021-02-03 20:00:00,-0.0,2992.327,2160.0,309.6339999999991,3500.0,-0.0,0.0,-0.0,-0.0
2021-02-03 21:00:00,-0.0,3074.812,2160.0,28.85399999999936,3500.0,-0.0,0.0,-0.0,-0.0
2021-02-03 22:00:00,-0.0,3184.2720000000004,2160.0,-0.0,3184.796999999999,-0.0,0.0,-0.0,-0.0
2021-02-03 23:00:00,-0.0,3313.2255000000005,2160.0,-0.0,2859.5204999999987,-0.0,0.0,-0.0,-0.0
2021-02-04 00:00:00,-0.0,3449.173,2160.0,-0.0,2099.093,-0.0,0.0,-0.0,-0.0
2021-02-04 01:00:00,-0.0,3584.7760000000003,2160.0,-0.0,1815.8839999999996,-0.0,0.0,-0.0,-0.0
2021-02-04 02:00:00,-0.0,3706.0660000000003,2160.0,-0.0,1594.2559999999999,-0.0,0.0,-0.0,-0.0
2021-02-04 03:00:00,-0.0,3802.8185000000003,2160.0,-0.0,1495.2574999999997,-0.0,0.0,-0.0,-0.0
2021-02-04 04:00:00,-0.0,3867.6430000000005,2160.0,-0.0,1548.7169999999992,-0.0,0.0,-0.0,-0.0
2021-02-04 05:00:00,-0.0,3896.8864999999996,2160.0,-0.0,1735.7535000000007,-0.0,0.0,-0.0,-0.0
2021-02-04 06:00:00,-0.0,3891.095,2160.0,-0.0,1995.9519999999998,-0.0,0.0,-0.0,-0.0
2021-02-04 07:00:00,-0.0,3854.8575,2160.0,-0.0,2254.8325000000004,-0.0,0.0,-0.0,-0.0
2021-02-04 08:00:00,296.40840892979656,3796.1365,2160.0,-0.0,2157.8770910702037,-0.0,0.0,-0.0,-0.0
2021-02-04 09:00:00,1152.3631165728036,3725.1305,2160.0,-0.0,1417.6013834271955,-0.0,0.0,-0.0,-0.0
2021-02-04 10:00:00,2059.6172768639067,3652.8960000000006,2160.0,-0.0,550.6107231360925,-0.0,0.0,-0.0,-0.0
2021-02-04 11:00:00,2730.265423347104,3589.7810000000004,2132.278576652896,-0.0,-0.0,-0.0,0.0,100.0,95.0
2021-02-04 12:00:00,2976.0421179066457,3544.0340000000006,1862.3478820933547,-0.0,-0.0,-0.0,0.0,100.0,189.9905
2021-02-04 13:00:00,2730.265423347104,3520.6665000000003,2095.6790766528966,-0.0,-0.0,-0.0,0.0,100.0,284.97150095
2021-02-04 14:00:00,2059.6172768639067,3520.7900000000004,2160.0,-0.0,531.3417231360927,-0.0,0.0,-0.0,284.943003799905
2021-02-04 15:00:00,1152.3631165728036,3541.434,2160.0,-0.0,1524.0738834271954,-0.0,0.0,-0.0,284.914509499525
2021-02-04 16:00:00,296.40840892979656,3576.0205,2160.0,-0.0,2533.779091070204,-0.0,0.0,-0.0,284.88601804857507
2021-02-04 17:00:00,-0.0,3615.222,2160.0,-0.0,3024.4639999999995,-0.0,0.0,-0.0,284.85752944677023
2021-02-04 18:00:00,-0.0,3648.3135,2160.0,-0.0,3191.6065,-0.0,0.0,-0.0,284.82904369382555
2021-02-04 19:00:00,-0.0,3664.6090000000004,2160.0,-0.0,3256.7909999999993,-0.0,0.0,-0.0,284.8005607894562
2021-02-04 20:00:00,-0.0,3654.989,2160.0,-0.0,3191.262,-0.0,0.0,-0.0,284.77208073337727
2021-02-04 21:00:00,-0.0,3613.194,2160.0,-0.0,3038.0619999999994,-0.0,0.0,-0.0,284.7436035253039
2021-02-04 22:00:00,-0.0,3536.715,2160.0,-0.0,2883.1980000000003,-0.0,0.0,-0.0,284.7151291649514
2021-02-04 23:00:00,-0.0,3427.2355000000002,2160.0,-0.0,2799.5615000000003,-0.0,0.0,-0.0,284.6866576520349
2021-02-05 00:00:00,-0.0,3288.077,2160.0,-0.0,2317.1539999999995,-0.0,0.0,-0.0,284.6581889862697
2021-02-05 01:00:00,-0.0,3132.9935000000005,2160.0,-0.0,2327.736499999999,-0.0,0.0,-0.0,284.6297231673711
2021-02-05 02:00:00,-0.0,2970.8705,2160.0,-0.0,2392.5715,-0.0,0.0,-0.0,284.60126019505435
2021-02-05 03:00:00,-0.0,2813.694,2160.0,-0.0,2550.494,-0.0,0.0,-0.0,284.5728000690348
2021-02-05 04:00:00,-0.0,2672.722,2160.0,-0.0,2812.681,-0.0,0.0,-0.0,284.54434278902795
2021-02-05 05:00:00,-0.0,2556.996,2160.0,-0.0,3147.5550000000003,-0.0,0.0,-0.0,284.51588835474905
2021-02-05 06:00:00,-0.0,2472.2295,2160.0,-0.0,3489.5325,-0.0,0.0,-0.0,284.48743676591357
2021-02-05 07:00:00,-0.0,2420.1385000000005,2160.0,167.00149999999894,3500.0,-0.0,100.0,-0.0,179.1958301275002
2021-02-05 08:00:00,326.6526646885319,2398.2400000000002,2160.0,5.646335311468647,3500.0,-0.0,100.0,-0.0,73.91475264975061
2021-02-05 09:00:00,1223.682465477644,2400.3265,2160.0,-0.0,2753.7960345223564,-0.0,0.0,-0.0,73.90736117448563
2021-02-05 10:00:00,2168.1278100327295,2417.3305,2160.0,-0.0,1762.8956899672698,-0.0,0.0,-0.0,73.89997043836819
2021-02-05 11:00:00,2864.4624390754516,2438.6375,2160.0,-0.0,976.897060924548,-0.0,0.0,-0.0,73.89258044132436
2021-02-05 12:00:00,3119.385310229645,2453.5550000000003,2160.0,-0.0,639.5206897703542,-0.0,0.0,-0.0,73.88519118328023
2021-02-05 13:00:00,2864.4624390754516,2452.853,2160.0,-0.0,861.6155609245488,-0.0,0.0,-0.0,73.8778026641619
2021-02-05 14:00:00,2168.1278100327295,2430.0055,2160.0,-0.0,1608.137689967271,-0.0,0.0,-0.0,73.87041488389549
2021-02-05 15:00:00,1223.682465477644,2382.133,2160.0,-0.0,2708.6945345223567,-0.0,0.0,-0.0,73.8630278424071
2021-02-05 16:00:00,326.6526646885319,2310.4185,2160.0,297.64297584882706,3500.0,-0.0,70.16285946264172,-0.0,-0.0
2021-02-05 17:00:00,-0.0,2219.9515,2160.0,1020.3465000000006,3500.0,-0.0,0.0,-0.0,-0.0
2021-02-05 18:00:00,-0.0,2119.0780000000004,2160.0,1323.308,3500.0,-0.0,0.0,-0.0,-0.0
2021-02-05 19:00:00,-0.0,2018.2240000000002,2160.0,1507.4040000000005,3500.0,-0.0,0.0,-0.0,-0.0
2021-02-05 20:00:00,-0.0,1928.5240000000001,2160.0,1523.624999999999,3500.0,-0.0,0.0,-0.0,-0.0
2021-02-05 21:00:00,-0.0,1860.2740000000001,2160.0,1398.454999999999,3500.0,-0.0,0.0,-0.0,-0.0
2021-02-05 22:00:00,-0.0,1821.5275,2160.0,1207.3384999999998,3500.0,-0.0,0.0,-0.0,-0.0
2021-02-05 23:00:00,-0.0,1816.9385000000002,2160.0,1020.1954999999998,3500.0,-0.0,0.0,-0.0,-0.0
2021-02-06 00:00:00,-0.0,1844.6285,2160.0,-0.0,3435.8355,-0.0,0.0,-0.0,-0.0
2021-02-06 01:00:00,-0.0,1906.06,2160.0,-0.0,3231.0899999999997,-0.0,0.0,-0.0,-0.0
2021-02-06 02:00:00,-0.0,1991.3985,2160.0,-0.0,3049.5514999999996,-0.0,0.0,-0.0,-0.0
2021-02-06 03:00:00,-0.0,2090.491,2160.0,-0.0,2952.191,-0.0,0.0,-0.0,-0.0
2021-02-06 04:00:00,-0.0,2191.6635,2160.0,-0.0,2973.1185,-0.0,0.0,-0.0,-0.0
2021-02-06 05:00:00,-0.0,2283.2030000000004,2160.0,-0.0,3101.5099999999993,-0.0,0.0,-0.0,-0.0
2021-02-06 06:00:00,-0.0,2354.898,2160.0,-0.0,3287.705,-0.0,0.0,-0.0,-0.0
2021-02-06 07:00:00,-0.0,2399.3320000000003,2160.0,-0.0,3469.2259999999997,-0.0,0.0,-0.0,-0.0
2021-02-06 08:00:00,358.5999593577246,2412.7805,2160.0,-0.0,3241.0475406422756,-0.0,0.0,-0.0,-0.0
2021-02-06 09:00:00,1296.2515263887192,2395.6985,2160.0,-0.0,2368.1119736112805,-0.0,0.0,-0.0,-0.0
2021-02-06 10:00:00,2276.9691493208493,2352.5255,2160.0,-0.0,1401.3793506791503,-0.0,0.0,-0.0,-0.0
2021-02-06 11:00:00,2998.193875821085,2291.0615,2160.0,-0.0,673.4196241789155,-0.0,0.0,-0.0,-0.0
2021-02-06 12:00:00,3261.944369529124,2221.31,2160.0,-0.0,411.936630470876,-0.0,0.0,-0.0,-0.0
2021-02-06 13:00:00,2998.193875821085,2154.1,2160.0,-0.0,709.3151241789155,-0.0,0.0,-0.0,-0.0
2021-02-06 14:00:00,2276.9691493208493,2099.5260000000003,2160.0,-0.0,1512.2958506791506,-0.0,0.0,-0.0,-0.0
2021-02-06 15:00:00,1296.2515263887192,2065.57,2160.0,-0.0,2634.9454736112802,-0.0,0.0,-0.0,-0.0
2021-02-06 16:00:00,358.5999593577246,2056.9705,2160.0,271.196540642276,3500.0,-0.0,0.0,-0.0,-0.0
2021-02-06 17:00:00,-0.0,2074.5205,2160.0,847.1954999999998,3500.0,-0.0,0.0,-0.0,-0.0
2021-02-06 18:00:00,-0.0,2114.9700000000003,2160.0,1008.2570000000005,3500.0,-0.0,0.0,-0.0,-0.0
2021-02-06 19:00:00,-0.0,2171.4095,2160.0,1034.3805000000011,3500.0,-0.0,0.0,-0.0,-0.0
2021-02-06 20:00:00,-0.0,2234.2125,2160.0,897.3155000000006,3500.0,-0.0,0.0,-0.0,-0.0
2021-02-06 21:00:00,-0.0,2292.3485,2160.0,644.8744999999999,3500.0,-0.0,0.0,-0.0,-0.0
2021-02-06 22:00:00,-0.0,2334.826,2160.0,371.5479999999998,3500.0,-0.0,0.0,-0.0,-0.0
2021-02-06 23:00:00,-0.0,2352.259,2160.0,161.29500000000007,3500.0,-0.0,0.0,-0.0,-0.0
2021-02-07 00:00:00,-0.0,2335.4370000000004,2160.0,-0.0,3056.167999999999,-0.0,0.0,-0.0,-0.0
2021-02-07 01:00:00,-0.0,2286.9339999999997,2160.0,-0.0,2960.0710000000004,-0.0,0.0,-0.0,-0.0
2021-02-07 02:00:00,-0.0,2205.5215,2160.0,-0.0,2943.8995000000004,-0.0,0.0,-0.0,-0.0
2021-02-07 03:00:00,-0.0,2096.6985,2160.0,-0.0,3052.9745,-0.0,0.0,-0.0,-0.0
2021-02-07 04:00:00,-0.0,1969.3180000000002,2160.0,-0.0,3300.88,-0.0,0.0,-0.0,-0.0
2021-02-07 05:00:00,-0.0,1834.456,2160.0,154.0029999999997,3500.0,-0.0,0.0,-0.0,-0.0
2021-02-07 06:00:00,-0.0,1704.001,2160.0,540.5860000000002,3500.0,-0.0,0.0,-0.0,-0.0
2021-02-07 07:00:00,-0.0,1589.1135000000002,2160.0,879.5744999999997,3500.0,-0.0,0.0,-0.0,-0.0
2021-02-07 08:00:00,351.4569975965973,1498.7830000000001,2160.0,760.3760024034027,3500.0,-0.0,0.0,-0.0,-0.0
2021-02-07 09:00:00,1227.5173660457963,1438.71,2160.0,-0.0,3489.991633954203,-0.0,0.0,-0.0,-0.0
2021-02-07 10:00:00,2137.8896803132407,1410.5910000000001,2160.0,-0.0,2576.4333196867597,-0.0,0.0,-0.0,-0.0
2021-02-07 11:00:00,2805.664714389946,1412.0210000000002,2160.0,-0.0,1836.8282856100527,-0.0,0.0,-0.0,-0.0
2021-02-07 12:00:00,3049.6158492541053,1436.8445,2160.0,-0.0,1498.2856507458946,-0.0,0.0,-0.0,-0.0
2021-02-07 13:00:00,2805.664714389946,1476.098,2160.0,-0.0,1667.0372856100544,-0.0,0.0,-0.0,-0.0
2021-02-07 14:00:00,2137.8896803132407,1519.297,2160.0,-0.0,2316.3523196867595,-0.0,0.0,-0.0,-0.0
2021-02-07 15:00:00,1227.5173660457963,1555.9115000000002,2160.0,-0.0,3295.5661339542044,-0.0,0.0,-0.0,-0.0
2021-02-07 16:00:00,351.4569975965973,1576.874,2160.0,838.0700024034031,3500.0,-0.0,0.0,-0.0,-0.0
2021-02-07 17:00:00,-0.0,1575.8600000000001,2160.0,1422.824999999999,3500.0,-0.0,0.0,-0.0,-0.0
2021-02-07 18:00:00,-0.0,1550.2045,2160.0,1647.2554999999993,3500.0,-0.0,0.0,-0.0,-0.0
2021-02-07 19:00:00,-0.0,1501.305,2160.0,1775.914999999999,3500.0,-0.0,0.0,-0.0,-0.0
2021-02-07 20:00:00,-0.0,1434.4980000000003,2160.0,1765.5909999999994,3500.0,-0.0,0.0,-0.0,-0.0
2021-02-07 21:00:00,-0.0,1358.344,2160.0,1644.5080000000007,3500.0,-0.0,0.0,-0.0,-0.0
2021-02-07 22:00:00,-0.0,1283.5290000000002,2160.0,1485.4830000000002,3500.0,-0.0,0.0,-0.0,-0.0
2021-02-07 23:00:00,-0.0,1221.4085,2160.0,1351.7335000000003,3500.0,-0.0,0.0,-0.0,-0.0
2021-02-08 00:00:00,-0.0,1179.698,2160.0,1204.2999999999993,3500.0,-0.0,0.0,-0.0,-0.0
2021-02-08 01:00:00,-0.0,1172.2815000000003,2160.0,1063.9595,3500.0,-0.0,0.0,-0.0,-0.0
2021-02-08 02:00:00,-0.0,1201.213,2160.0,934.2359999999999,3500.0,-0.0,0.0,-0.0,-0.0
2021-02-08 03:00:00,-0.0,1267.305,2160.0,865.1419999999998,3500.0,-0.0,0.0,-0.0,-0.0
2021-02-08 04:00:00,-0.0,1367.1515000000002,2160.0,882.5214999999998,3500.0,-0.0,0.0,-0.0,-0.0
2021-02-08 05:00:00,-0.0,1493.5765000000001,2160.0,971.0164999999997,3500.0,-0.0,0.0,-0.0,-0.0
2021-02-08 06:00:00,-0.0,1636.531,2160.0,1080.8100000000004,3500.0,-0.0,0.0,-0.0,-0.0
2021-02-08 07:00:00,-0.0,1784.419,2160.0,1153.6080000000002,3500.0,-0.0,0.0,-0.0,-0.0
2021-02-08 08:00:00,302.5589523330314,1925.573,2160.0,848.3740476669673,3500.0,-0.0,0.0,-0.0,-0.0
2021-02-08 09:00:00,1022.3256814926592,2049.7945,2160.0,46.510818507340446,3500.0,-0.0,0.0,-0.0,-0.0
2021-02-08 10:00:00,1765.536762847685,2149.641,2160.0,-0.0,2668.642237152315,-0.0,0.0,-0.0,-0.0
2021-02-08 11:00:00,2309.302384462556,2221.3425,2160.0,-0.0,1979.2441155374427,-0.0,0.0,-0.0,-0.0
2021-02-08 12:00:00,2507.743173766326,2265.2435,2160.0,-0.0,1663.5833262336732,-0.0,0.0,-0.0,-0.0
2021-02-08 13:00:00,2309.302384462556,2285.6600000000003,2160.0,-0.0,1802.0916155374443,-0.0,0.0,-0.0,-0.0
2021-02-08 14:00:00,1765.536762847685,2290.223,2160.0,-0.0,2362.4482371523154,-0.0,0.0,-0.0,-0.0
2021-02-08 15:00:00,1022.3256814926592,2288.7475,2160.0,-0.0,3208.994818507341,-0.0,0.0,-0.0,-0.0
2021-02-08 16:00:00,302.5589523330314,2291.809,2160.0,609.5000476669684,3500.0,-0.0,0.0,-0.0,-0.0
2021-02-08 17:00:00,-0.0,2309.2615,2160.0,1123.2765,3500.0,-0.0,0.0,-0.0,-0.0
2021-02-08 18:00:00,-0.0,2348.788,2160.0,1278.9099999999999,3500.0,-0.0,0.0,-0.0,-0.0
2021-02-08 19:00:00,-0.0,2414.7954999999997,2160.0,1289.0465000000004,3500.0,-0.0,0.0,-0.0,-0.0
2021-02-08 20:00:00,-0.0,2507.752,2160.0,1115.3469999999998,3500.0,-0.0,0.0,-0.0,-0.0
2021-02-08 21:00:00,-0.0,2624.0370000000003,2160.0,798.2189999999991,3500.0,-0.0,0.0,-0.0,-0.0
2021-02-08 22:00:00,-0.0,2756.377,2160.0,428.44099999999935,3500.0,-0.0,0.0,-0.0,-0.0
2021-02-08 23:00:00,-0.0,2894.7555,2160.0,90.60849999999937,3500.0,-0.0,0.0,-0.0,-0.0
2021-02-09 00:00:00,-0.0,3024.7945000000004,2160.0,-0.0,2831.4705,-0.0,0.0,-0.0,-0.0
2021-02-09 01:00:00,-0.0,3141.0080000000003,2160.0,-0.0,2563.948,-0.0,0.0,-0.0,-0.0
2021-02-09 02:00:00,-0.0,3230.656,2160.0,-0.0,2369.9790000000003,-0.0,0.0,-0.0,-0.0
2021-02-09 03:00:00,-0.0,3286.8095,2160.0,-0.0,2307.3165000000004,-0.0,0.0,-0.0,-0.0
2021-02-09 04:00:00,-0.0,3306.3225,2160.0,-0.0,2401.5514999999996,-0.0,0.0,-0.0,-0.0
2021-02-09 05:00:00,-0.0,3290.2740000000003,2160.0,-0.0,2629.071,-0.0,0.0,-0.0,-0.0
2021-02-09 06:00:00,-0.0,3243.799,2160.0,-0.0,2924.879,-0.0,0.0,-0.0,-0.0
2021-02-09 07:00:00,-0.0,3175.4255,2160.0,-0.0,3210.5595000000008,-0.0,0.0,-0.0,-0.0
2021-02-09 08:00:00,265.71082626683886,3095.9175,2160.0,-0.0,3159.4946737331607,-0.0,0.0,-0.0,-0.0
2021-02-09 09:00:00,869.6464053583754,3016.8905,2160.0,-0.0,2673.411094641625,-0.0,0.0,-0.0,-0.0
2021-02-09 10:00:00,1489.3626615482515,2949.2515000000003,2160.0,-0.0,2083.268838451748,-0.0,0.0,-0.0,-0.0
2021-02-09 11:00:00,1941.6236349418891,2901.7755,2160.0,-0.0,1601.3458650581115,-0.0,0.0,-0.0,-0.0
2021-02-09 12:00:00,2106.4937291762103,2879.9745,2160.0,-0.0,1381.8007708237901,-0.0,0.0,-0.0,-0.0
2021-02-09 13:00:00,1941.6236349418891,2885.428,2160.0,-0.0,1498.5963650581102,-0.0,0.0,-0.0,-0.0
2021-02-09 14:00:00,1489.3626615482515,2915.5945,2160.0,-0.0,1938.7948384517488,-0.0,0.0,-0.0,-0.0
2021-02-09 15:00:00,869.6464053583754,2964.273,2160.0,-0.0,2608.7005946416252,-0.0,0.0,-0.0,-0.0
2021-02-09 16:00:00,265.71082626683886,3022.4675,2160.0,-0.0,3335.3096737331603,-0.0,0.0,-0.0,-0.0
2021-02-09 17:00:00,-0.0,3079.7065000000002,2160.0,269.58350000000064,3500.0,-0.0,0.0,-0.0,-0.0
2021-02-09 18:00:00,-0.0,3125.5185,2160.0,416.1285000000007,3500.0,-0.0,0.0,-0.0,-0.0
2021-02-09 19:00:00,-0.0,3150.914,2160.0,464.1410000000001,3500.0,-0.0,0.0,-0.0,-0.0
2021-02-09 20:00:00,-0.0,3149.705,2160.0,381.9410000000007,3500.0,-0.0,0.0,-0.0,-0.0
2021-02-09 21:00:00,-0.0,3119.3825,2160.0,208.82650000000058,3500.0,-0.0,0.0,-0.0,-0.0
2021-02-09 22:00:00,-0.0,3061.5389999999998,2160.0,26.713000000000648,3500.0,-0.0,0.0,-0.0,-0.0
2021-02-09 23:00:00,-0.0,2981.7255,2160.0,-0.0,3404.6294999999996,-0.0,0.0,-0.0,-0.0
2021-02-10 00:00:00,-0.0,2885.6684999999998,2160.0,-0.0,2868.9885000000004,-0.0,0.0,-0.0,-0.0
2021-02-10 01:00:00,-0.0,2790.4955,2160.0,-0.0,2810.5685000000003,-0.0,0.0,-0.0,-0.0
2021-02-10 02:00:00,-0.0,2704.7735000000002,2160.0,-0.0,2789.7685,-0.0,0.0,-0.0,-0.0
2021-02-10 03:00:00,-0.0,2639.3250000000003,2160.0,-0.0,2846.591,-0.0,0.0,-0.0,-0.0
2021-02-10 04:00:00,-0.0,2602.7300000000005,2160.0,-0.0,2994.9029999999993,-0.0,0.0,-0.0,-0.0
2021-02-10 05:00:00,-0.0,2600.1885,2160.0,-0.0,3206.9735,-0.0,0.0,-0.0,-0.0
2021-02-10 06:00:00,-0.0,2632.8315000000002,2160.0,-0.0,3421.8094999999994,-0.0,0.0,-0.0,-0.0
2021-02-10 07:00:00,-0.0,2697.5845000000004,2160.0,72.6014999999993,3500.0,-0.0,0.0,-0.0,-0.0
2021-02-10 08:00:00,284.7138000087058,2787.5834999999997,2160.0,-0.0,3331.356699991295,-0.0,0.0,-0.0,-0.0
2021-02-10 09:00:00,903.6765533712932,2893.111,2160.0,-0.0,2644.1164466287073,-0.0,0.0,-0.0,-0.0
2021-02-10 10:00:00,1534.9036373048725,3002.8505000000005,2160.0,-0.0,1863.6038626951272,-0.0,0.0,-0.0,-0.0
2021-02-10 11:00:00,1994.4055890875775,3105.4335,2160.0,-0.0,1222.997910912422,-0.0,0.0,-0.0,-0.0
2021-02-10 12:00:00,2161.744477138137,3190.9345,2160.0,-0.0,892.3950228618637,-0.0,0.0,-0.0,-0.0
2021-02-10 13:00:00,1994.4055890875775,3252.1320000000005,2160.0,-0.0,954.7284109124216,-0.0,0.0,-0.0,-0.0
2021-02-10 14:00:00,1534.9036373048725,3285.4835,2160.0,-0.0,1397.895862695127,-0.0,0.0,-0.0,-0.0
2021-02-10 15:00:00,903.6765533712932,3291.5285,2160.0,-0.0,2120.9599466287077,-0.0,0.0,-0.0,-0.0
2021-02-10 16:00:00,284.7138000087058,3274.7455000000004,2160.0,-0.0,2936.688699991293,-0.0,0.0,-0.0,-0.0
2021-02-10 17:00:00,-0.0,3242.8825,2160.0,-0.0,3478.2844999999993,-0.0,0.0,-0.0,-0.0
2021-02-10 18:00:00,-0.0,3205.8520000000003,2160.0,206.99199999999882,3500.0,-0.0,0.0,-0.0,-0.0
2021-02-10 19:00:00,-0.0,3174.3075,2160.0,311.3684999999996,3500.0,-0.0,0.0,-0.0,-0.0
2021-02-10 20:00:00,-0.0,3158.1225,2160.0,243.67250000000013,3500.0,-0.0,0.0,-0.0,-0.0
2021-02-10 21:00:00,-0.0,3164.98,2160.0,33.01099999999997,3500.0,-0.0,0.0,-0.0,-0.0
2021-02-10 22:00:00,-0.0,3199.2545,2160.0,-0.0,3258.5165000000006,-0.0,0.0,-0.0,-0.0
2021-02-10 23:00:00,-0.0,3261.3425,2160.0,-0.0,2994.3735,-0.0,0.0,-0.0,-0.0
2021-02-11 00:00:00,-0.0,3344.3085,2160.0,-0.0,2279.4245,-0.0,0.0,-0.0,-0.0
2021-02-11 01:00:00,-0.0,3447.2165,2160.0,-0.0,2022.9765000000002,-0.0,0.0,-0.0,-0.0
2021-02-11 02:00:00,-0.0,3556.6765000000005,2160.0,-0.0,1807.1515,-0.0,0.0,-0.0,-0.0
2021-02-11 03:00:00,-0.0,3661.0795000000007,2160.0,-0.0,1694.3854999999994,-0.0,0.0,-0.0,-0.0
2021-02-11 04:00:00,-0.0,3748.8620000000005,2160.0,-0.0,1718.6869999999994,-0.0,0.0,-0.0,-0.0
2021-02-11 05:00:00,-0.0,3810.0335,2160.0,-0.0,1867.5165000000002,-0.0,0.0,-0.0,-0.0
2021-02-11 06:00:00,-0.0,3837.4375,2160.0,-0.0,2088.1684999999998,-0.0,0.0,-0.0,-0.0
2021-02-11 07:00:00,-0.0,3827.72,2160.0,-0.0,2314.11,-0.0,0.0,-0.0,-0.0
2021-02-11 08:00:00,336.6197305421803,3781.7194999999997,2160.0,-0.0,2157.7417694578203,-0.0,0.0,-0.0,-0.0
2021-02-11 09:00:00,1037.2487130965237,3704.3500000000004,2160.0,-0.0,1572.6172869034763,-0.0,0.0,-0.0,-0.0
2021-02-11 10:00:00,1747.4588210320019,3603.899,2160.0,-0.0,924.2981789679991,-0.0,0.0,-0.0,-0.0
2021-02-11 11:00:00,2263.167182899049,3490.9354999999996,2160.0,-0.0,444.1193171009513,-0.0,0.0,-0.0,-0.0
2021-02-11 12:00:00,2450.7771348154492,3376.8540000000003,2160.0,-0.0,294.01586518455133,-0.0,0.0,-0.0,-0.0
2021-02-11 13:00:00,2263.167182899049,3272.3729999999996,2160.0,-0.0,543.5848171009516,-0.0,0.0,-0.0,-0.0
2021-02-11 14:00:00,1747.4588210320019,3186.0855000000006,2160.0,-0.0,1163.9816789679974,-0.0,0.0,-0.0,-0.0
2021-02-11 15:00:00,1037.2487130965237,3123.3605000000002,2160.0,-0.0,2036.2777869034767,-0.0,0.0,-0.0,-0.0
2021-02-11 16:00:00,336.6197305421803,3085.641,2160.0,-0.0,2956.1852694578197,-0.0,0.0,-0.0,-0.0
2021-02-11 17:00:00,-0.0,3070.3010000000004,2160.0,34.83399999999983,3500.0,-0.0,0.0,-0.0,-0.0
2021-02-11 18:00:00,-0.0,3071.0485,2160.0,227.52550000000065,3500.0,-0.0,0.0,-0.0,-0.0
2021-02-11 19:00:00,-0.0,3078.868,2160.0,294.3920000000003,3500.0,-0.0,0.0,-0.0,-0.0
2021-02-11 20:00:00,-0.0,3083.2750000000005,2160.0,208.04699999999957,3500.0,-0.0,0.0,-0.0,-0.0
2021-02-11 21:00:00,-0.0,3073.8175,2160.0,15.730500000000575,3500.0,-0.0,0.0,-0.0,-0.0
2021-02-11 22:00:00,-0.0,3041.5905,2160.0,-0.0,3309.8545,-0.0,0.0,-0.0,-0.0
2021-02-11 23:00:00,-0.0,2980.484,2160.0,-0.0,3171.1070000000004,-0.0,0.0,-0.0,-0.0
2021-02-12 00:00:00,-0.0,2884.7585000000004,2160.0,-0.0,2636.9014999999995,-0.0,0.0,-0.0,-0.0
2021-02-12 01:00:00,-0.0,2762.9355,2160.0,-0.0,2607.5485000000003,-0.0,0.0,-0.0,-0.0
2021-02-12 02:00:00,-0.0,2617.3875000000003,2160.0,-0.0,2649.1744999999996,-0.0,0.0,-0.0,-0.0
2021-02-12 03:00:00,-0.0,2457.1560000000004,2160.0,-0.0,2803.5629999999996,-0.0,0.0,-0.0,-0.0
2021-02-12 04:00:00,-0.0,2293.4665,2160.0,-0.0,3081.9305,-0.0,0.0,-0.0,-0.0
2021-02-12 05:00:00,-0.0,2138.253,2160.0,-0.0,3449.811,-0.0,0.0,-0.0,-0.0
2021-02-12 06:00:00,-0.0,2002.663,2160.0,336.19199999999955,3500.0,-0.0,0.0,-0.0,-0.0
2021-02-12 07:00:00,-0.0,1895.6145,2160.0,662.2685000000001,3500.0,-0.0,0.0,-0.0,-0.0
2021-02-12 08:00:00,372.6837235848528,1822.6519999999998,2160.0,499.6662764151474,3500.0,-0.0,0.0,-0.0,-0.0
2021-02-12 09:00:00,1116.047955921035,1785.2835,2160.0,-0.0,3334.7375440789647,-0.0,0.0,-0.0,-0.0
2021-02-12 10:00:00,1865.1155307954755,1780.8115000000003,2160.0,-0.0,2554.574969204525,-0.0,0.0,-0.0,-0.0
2021-02-12 11:00:00,2407.692700796574,1802.762,2160.0,-0.0,1915.6622992034263,-0.0,0.0,-0.0,-0.0
2021-02-12 12:00:00,2604.8776520548627,1841.788,2160.0,-0.0,1605.9803479451375,-0.0,0.0,-0.0,-0.0
2021-02-12 13:00:00,2407.692700796574,1886.976,2160.0,-0.0,1718.6132992034263,-0.0,0.0,-0.0,-0.0
2021-02-12 14:00:00,1865.1155307954755,1927.3410000000001,2160.0,-0.0,2242.4334692045236,-0.0,0.0,-0.0,-0.0
2021-02-12 15:00:00,1116.047955921035,1953.2955000000002,2160.0,-0.0,3068.162544078964,-0.0,0.0,-0.0,-0.0
2021-02-12 16:00:00,372.6837235848528,1958.0015000000003,2160.0,491.67877641514633,3500.0,-0.0,0.0,-0.0,-0.0
2021-02-12 17:00:00,-0.0,1938.2480000000003,2160.0,1114.1459999999997,3500.0,-0.0,0.0,-0.0,-0.0
2021-02-12 18:00:00,-0.0,1894.8670000000002,2160.0,1354.3449999999993,3500.0,-0.0,0.0,-0.0,-0.0
2021-02-12 19:00:00,-0.0,1832.6425000000002,2160.0,1494.6705000000002,3500.0,-0.0,0.0,-0.0,-0.0
2021-02-12 20:00:00,-0.0,1759.5760000000002,2160.0,1489.2470000000003,3500.0,-0.0,0.0,-0.0,-0.0
2021-02-12 21:00:00,-0.0,1685.8075000000001,2160.0,1364.7215000000006,3500.0,-0.0,0.0,-0.0,-0.0
2021-02-12 22:00:00,-0.0,1622.1855000000003,2160.0,1193.7455,3500.0,-0.0,0.0,-0.0,-0.0
2021-02-12 23:00:00,-0.0,1578.7265,2160.0,1040.8815000000004,3500.0,-0.0,0.0,-0.0,-0.0
2021-02-13 00:00:00,-0.0,1559.727,2160.0,-0.0,3497.124,-0.0,0.0,-0.0,-0.0
2021-02-13 01:00:00,-0.0,1576.679,2160.0,-0.0,3332.566,-0.0,0.0,-0.0,-0.0
2021-02-13 02:00:00,-0.0,1626.5014999999999,2160.0,-0.0,3182.4065000000005,-0.0,0.0,-0.0,-0.0
2021-02-13 03:00:00,-0.0,1705.4895000000001,2160.0,-0.0,3101.1725,-0.0,0.0,-0.0,-0.0
2021-02-13 04:00:00,-0.0,1806.2070000000003,2160.0,-0.0,3118.7389999999996,-0.0,0.0,-0.0,-0.0
2021-02-13 05:00:00,-0.0,1918.41,2160.0,-0.0,3222.8150000000005,-0.0,0.0,-0.0,-0.0
2021-02-13 06:00:00,-0.0,2030.379,2160.0,-0.0,3365.2529999999997,-0.0,0.0,-0.0,-0.0
2021-02-13 07:00:00,-0.0,2130.4075000000003,2160.0,-0.0,3487.8674999999994,-0.0,0.0,-0.0,-0.0
2021-02-13 08:00:00,396.3914954678396,2208.3035,2160.0,-0.0,3154.3120045321602,-0.0,0.0,-0.0,-0.0
2021-02-13 09:00:00,1154.8074062320575,2256.7155000000002,2160.0,-0.0,2392.1570937679426,-0.0,0.0,-0.0,-0.0
2021-02-13 10:00:00,1914.613927905174,2272.023,2160.0,-0.0,1585.0730720948259,-0.0,0.0,-0.0,-0.0
2021-02-13 11:00:00,2463.6050609970957,2254.8109999999997,2160.0,-0.0,982.4939390029044,-0.0,0.0,-0.0,-0.0
2021-02-13 12:00:00,2662.9157478738334,2209.688,2160.0,-0.0,758.4052521261665,-0.0,0.0,-0.0,-0.0
2021-02-13 13:00:00,2463.6050609970957,2144.636,2160.0,-0.0,986.9549390029042,-0.0,0.0,-0.0,-0.0
2021-02-13 14:00:00,1914.613927905174,2069.8925,2160.0,-0.0,1635.828572094826,-0.0,0.0,-0.0,-0.0
2021-02-13 15:00:00,1154.8074062320575,1996.5205000000003,2160.0,-0.0,2575.1290937679423,-0.0,0.0,-0.0,-0.0
2021-02-13 16:00:00,396.3914954678396,1934.894,2160.0,83.50750453216006,3500.0,-0.0,0.0,-0.0,-0.0
2021-02-13 17:00:00,-0.0,1893.2615,2160.0,755.0095000000001,3500.0,-0.0,0.0,-0.0,-0.0
2021-02-13 18:00:00,-0.0,1876.6410000000003,2160.0,971.8639999999987,3500.0,-0.0,0.0,-0.0,-0.0
2021-02-13 19:00:00,-0.0,1886.1505,2160.0,1043.835500000001,3500.0,-0.0,0.0,-0.0,-0.0
2021-02-13 20:00:00,-0.0,1918.8195,2160.0,936.0174999999999,3500.0,-0.0,0.0,-0.0,-0.0
2021-02-13 21:00:00,-0.0,1968.057,2160.0,691.7840000000006,3500.0,-0.0,0.0,-0.0,-0.0
2021-02-13 22:00:00,-0.0,2024.5355000000002,2160.0,403.96249999999964,3500.0,-0.0,0.0,-0.0,-0.0
2021-02-13 23:00:00,-0.0,2077.491,2160.0,157.89099999999962,3500.0,-0.0,0.0,-0.0,-0.0
2021-02-14 00:00:00,-0.0,2112.5715,2160.0,-0.0,2999.1324999999997,-0.0,0.0,-0.0,-0.0
2021-02-14 01:00:00,-0.0,2127.9635,2160.0,-0.0,2839.2395000000006,-0.0,0.0,-0.0,-0.0
2021-02-14 02:00:00,-0.0,2113.6895,2160.0,-0.0,2756.2255,-0.0,0.0,-0.0,-0.0
2021-02-14 03:00:00,-0.0,2067.2275,2160.0,-0.0,2803.4335,-0.0,0.0,-0.0,-0.0
2021-02-14 04:00:00,-0.0,1990.1960000000001,2160.0,-0.0,3001.6810000000005,-0.0,0.0,-0.0,-0.0
2021-02-14 05:00:00,-0.0,1888.2435,2160.0,-0.0,3322.7805000000003,-0.0,0.0,-0.0,-0.0
2021-02-14 06:00:00,-0.0,1770.353,2160.0,197.8819999999996,3500.0,-0.0,0.0,-0.0,-0.0
2021-02-14 07:00:00,-0.0,1647.6915000000004,2160.0,545.9224999999992,3500.0,-0.0,0.0,-0.0,-0.0
2021-02-14 08:00:00,454.300944462639,1532.206,2160.0,350.5050555373605,3500.0,-0.0,0.0,-0.0,-0.0
2021-02-14 09:00:00,1288.8328928615106,1435.07,2160.0,-0.0,3160.37510713849,-0.0,0.0,-0.0,-0.0
2021-02-14 10:00:00,2120.1180404598695,1365.2535000000003,2160.0,-0.0,2369.456459540131,-0.0,0.0,-0.0,-0.0
2021-02-14 11:00:00,2719.29368705707,1328.3985,2160.0,-0.0,1738.778812942929,-0.0,0.0,-0.0,-0.0
2021-02-14 12:00:00,2936.6026772392893,1326.1235000000001,2160.0,-0.0,1456.2078227607103,-0.0,0.0,-0.0,-0.0
2021-02-14 13:00:00,2719.29368705707,1355.8805000000002,2160.0,-0.0,1610.2308129429293,-0.0,0.0,-0.0,-0.0
2021-02-14 14:00:00,2120.1180404598695,1411.345,2160.0,-0.0,2181.28195954013,-0.0,0.0,-0.0,-0.0
2021-02-14 15:00:00,1288.8328928615106,1483.3715,2160.0,-0.0,3048.7786071384894,-0.0,0.0,-0.0,-0.0
2021-02-14 16:00:00,454.300944462639,1561.235,2160.0,495.8150555373609,3500.0,-0.0,0.0,-0.0,-0.0
2021-02-14 17:00:00,-0.0,1634.152,2160.0,1112.6200000000008,3500.0,-0.0,0.0,-0.0,-0.0
2021-02-14 18:00:00,-0.0,1692.769,2160.0,1256.0900000000001,3500.0,-0.0,0.0,-0.0,-0.0
2021-02-14 19:00:00,-0.0,1730.4625,2160.0,1301.638500000001,3500.0,-0.0,0.0,-0.0,-0.0
2021-02-14 20:00:00,-0.0,1744.2425,2160.0,1214.379499999999,3500.0,-0.0,0.0,-0.0,-0.0
2021-02-14 21:00:00,-0.0,1735.1815000000001,2160.0,1030.0204999999987,3500.0,-0.0,0.0,-0.0,-0.0
2021-02-14 22:00:00,-0.0,1708.2520000000002,2160.0,827.0879999999997,3500.0,-0.0,0.0,-0.0,-0.0
2021-02-14 23:00:00,-0.0,1671.67,2160.0,671.9369999999999,3500.0,-0.0,0.0,-0.0,-0.0
2021-02-15 00:00:00,-0.0,1631.9550000000002,2160.0,525.1840000000002,3500.0,-0.0,0.0,-0.0,-0.0
2021-02-15 01:00:00,-0.0,1607.7295,2160.0,406.0954999999999,3500.0,-0.0,0.0,-0.0,-0.0
2021-02-15 02:00:00,-0.0,1605.3700000000001,2160.0,312.2539999999999,3500.0,-0.0,0.0,-0.0,-0.0
2021-02-15 03:00:00,-0.0,1632.7935000000002,2160.0,286.56349999999975,3500.0,-0.0,0.0,-0.0,-0.0
2021-02-15 04:00:00,-0.0,1694.563,2160.0,346.89400000000023,3500.0,-0.0,0.0,-0.0,-0.0
2021-02-15 05:00:00,-0.0,1791.1789999999999,2160.0,470.20899999999983,3500.0,-0.0,0.0,-0.0,-0.0
2021-02-15 06:00:00,-0.0,1918.9625,2160.0,600.3155000000006,3500.0,-0.0,0.0,-0.0,-0.0
2021-02-15 07:00:00,-0.0,2070.484,2160.0,674.7489999999998,3500.0,-0.0,0.0,-0.0,-0.0
2021-02-15 08:00:00,548.0661011657384,2235.48,2160.0,105.55689883426112,3500.0,-0.0,0.0,-0.0,-0.0
2021-02-15 09:00:00,1515.4840928942606,2402.1530000000002,2160.0,-0.0,2519.0999071057386,-0.0,0.0,-0.0,-0.0
2021-02-15 10:00:00,2473.7559080281317,2558.6925000000006,2160.0,-0.0,1375.1005919718687,-0.0,0.0,-0.0,-0.0
2021-02-15 11:00:00,3162.7882982893248,2694.783,2160.0,-0.0,481.7787017106757,-0.0,0.0,-0.0,-0.0
2021-02-15 12:00:00,3412.4366496524967,2802.8845,2160.0,-0.0,56.54385034750294,-0.0,0.0,-0.0,-0.0
2021-02-15 13:00:00,3162.7882982893248,2879.1945,2160.0,-0.0,196.30020171067463,-0.0,0.0,-0.0,-0.0
2021-02-15 14:00:00,2473.7559080281317,2924.051,2160.0,-0.0,867.6590919718687,-0.0,0.0,-0.0,-0.0
2021-02-15 15:00:00,1515.4840928942606,2941.809,2160.0,-0.0,1916.1489071057383,-0.0,0.0,-0.0,-0.0
2021-02-15 16:00:00,548.0661011657384,2940.1710000000003,2160.0,-0.0,3075.203898834262,-0.0,0.0,-0.0,-0.0
2021-02-15 17:00:00,-0.0,2929.0495,2160.0,369.34049999999934,3500.0,-0.0,0.0,-0.0,-0.0
2021-02-15 18:00:00,-0.0,2919.1890000000003,2160.0,580.7129999999997,3500.0,-0.0,0.0,-0.0,-0.0
2021-02-15 19:00:00,-0.0,2920.606,2160.0,661.8590000000004,3500.0,-0.0,0.0,-0.0,-0.0
2021-02-15 20:00:00,-0.0,2941.198,2160.0,567.0049999999997,3500.0,-0.0,0.0,-0.0,-0.0
2021-02-15 21:00:00,-0.0,2985.6189999999997,2160.0,328.27899999999954,3500.0,-0.0,0.0,-0.0,-0.0
2021-02-15 22:00:00,-0.0,3054.6034999999997,2160.0,28.445500000001175,3500.0,-0.0,0.0,-0.0,-0.0
2021-02-15 23:00:00,-0.0,3144.8170000000005,2160.0,-0.0,3245.411999999999,-0.0,0.0,-0.0,-0.0
2021-02-16 00:00:00,-0.0,3245.346,2160.0,-0.0,2520.856,-0.0,0.0,-0.0,-0.0
2021-02-16 01:00:00,-0.0,3354.3965000000003,2160.0,-0.0,2267.2054999999996,-0.0,0.0,-0.0,-0.0
2021-02-16 02:00:00,-0.0,3456.9015000000004,2160.0,-0.0,2067.1164999999996,-0.0,0.0,-0.0,-0.0
2021-02-16 03:00:00,-0.0,3541.8500000000004,2160.0,-0.0,1982.42,-0.0,0.0,-0.0,-0.0
2021-02-16 04:00:00,-0.0,3599.7650000000003,2160.0,-0.0,2045.0299999999997,-0.0,0.0,-0.0,-0.0
2021-02-16 05:00:00,-0.0,3624.062000000001,2160.0,-0.0,2238.993999999999,-0.0,0.0,-0.0,-0.0
2021-02-16 06:00:00,-0.0,3611.9395000000004,2160.0,-0.0,2507.244499999999,-0.0,0.0,-0.0,-0.0
2021-02-16 07:00:00,-0.0,3564.7885000000006,2160.0,-0.0,2778.4974999999995,-0.0,0.0,-0.0,-0.0
2021-02-16 08:00:00,607.4274214618989,3488.056,2160.0,-0.0,2389.7295785381007,-0.0,0.0,-0.0,-0.0
2021-02-16 09:00:00,1638.5807255084042,3390.543,2160.0,-0.0,1501.6922744915964,-0.0,0.0,-0.0,-0.0
2021-02-16 10:00:00,2654.376049164561,3283.2994999999996,2160.0,-0.0,561.8354508354396,-0.0,0.0,-0.0,-0.0
2021-02-16 11:00:00,3383.025535231251,3178.175,2127.9104647687495,-0.0,-0.0,-0.0,0.0,100.0,95.0
2021-02-16 12:00:00,3646.7576508215516,3086.2845,1886.3008491784494,-0.0,-0.0,-0.0,0.0,100.0,189.9905
2021-02-16 13:00:00,3383.0255352312515,3016.585,2160.0,-0.0,-0.0,-0.0,0.0,76.21353523125072,262.3743594196882
2021-02-16 14:00:00,2654.376049164561,2974.7445,2160.0,-0.0,719.0154508354394,-0.0,0.0,-0.0,262.3481219837462
2021-02-16 15:00:00,1638.5807255084042,2962.44,2160.0,-0.0,1852.5722744915965,-0.0,0.0,-0.0,262.3218871715478
2021-02-16 16:00:00,607.4274214618989,2977.2340000000004,2160.0,-0.0,3056.3375785381004,-0.0,0.0,-0.0,262.2956549828307
2021-02-16 17:00:00,-0.0,3012.945,2160.0,260.3369999999991,3500.0,-0.0,100.0,-0.0,157.00626752259558
2021-02-16 18:00:00,-0.0,3060.5965,2160.0,411.4605000000006,3500.0,-0.0,100.0,-0.0,51.727409001106494
2021-02-16 19:00:00,-0.0,3109.6715,2160.0,493.00937555280325,3500.0,-0.0,49.13612444719607,-0.0,-0.0
2021-02-16 20:00:00,-0.0,3149.6335000000004,2160.0,425.0524999999993,3500.0,-0.0,0.0,-0.0,-0.0
2021-02-16 21:00:00,-0.0,3171.4020000000005,2160.0,206.04800000000023,3500.0,-0.0,0.0,-0.0,-0.0
2021-02-16 22:00:00,-0.0,3168.6395,2160.0,-0.0,3474.9695,-0.0,0.0,-0.0,-0.0
2021-02-16 23:00:00,-0.0,3138.668,2160.0,-0.0,3309.0709999999995,-0.0,0.0,-0.0,-0.0
2021-02-17 00:00:00,-0.0,3078.816,2160.0,-0.0,2741.572,-0.0,0.0,-0.0,-0.0
2021-02-17 01:00:00,-0.0,3002.558,2160.0,-0.0,2670.072,-0.0,0.0,-0.0,-0.0
2021-02-17 02:00:00,-0.0,2914.3985,2160.0,-0.0,2657.4405,-0.0,0.0,-0.0,-0.0
2021-02-17 03:00:00,-0.0,2825.0170000000003,2160.0,-0.0,2743.82,-0.0,0.0,-0.0,-0.0
2021-02-17 04:00:00,-0.0,2745.7820000000006,2160.0,-0.0,2940.2799999999993,-0.0,0.0,-0.0,-0.0
2021-02-17 05:00:00,-0.0,2687.23,2160.0,-0.0,3213.753,-0.0,0.0,-0.0,-0.0
2021-02-17 06:00:00,-0.0,2657.6550000000007,2160.0,-0.0,3496.075999999999,-0.0,0.0,-0.0,-0.0
2021-02-17 07:00:00,-0.0,2661.9385,2160.0,212.47849999999926,3500.0,-0.0,0.0,-0.0,-0.0
2021-02-17 08:00:00,579.9092531677449,2700.9125,2160.0,-0.0,3232.074246832256,-0.0,0.0,-0.0,-0.0
2021-02-17 09:00:00,1527.435995463694,2771.2165000000005,2160.0,-0.0,2256.367504536306,-0.0,0.0,-0.0,-0.0
2021-02-17 10:00:00,2455.8127390758664,2865.7005000000004,2160.0,-0.0,1198.6967609241324,-0.0,0.0,-0.0,-0.0
2021-02-17 11:00:00,3120.181695331657,2974.3610000000003,2160.0,-0.0,351.7363046683431,-0.0,0.0,-0.0,-0.0
2021-02-17 12:00:00,3360.408198334097,3085.641,2160.0,-0.0,-0.0,-0.0,0.0,73.089198334098,69.43473841739309
2021-02-17 13:00:00,3120.181695331657,3187.9315,2160.0,-0.0,25.330804668342353,-0.0,0.0,-0.0,69.42779494355135
2021-02-17 14:00:00,2455.8127390758664,3271.099,2160.0,-0.0,627.6862609241334,-0.0,0.0,-0.0,69.420852164057
2021-02-17 15:00:00,1527.435995463694,3327.7400000000002,2160.0,-0.0,1601.2820045363062,-0.0,0.0,-0.0,69.41391007884059
2021-02-17 16:00:00,579.9092531677449,3354.1625,2160.0,-0.0,2706.185246832255,-0.0,0.0,-0.0,69.4069686878327
2021-02-17 17:00:00,-0.0,3350.7825000000003,2160.0,-0.0,3500.0,-0.0,18.14549999999963,-0.0,50.29950167517484
2021-02-17 18:00:00,-0.0,3321.9939999999997,2160.0,194.31425186124306,3500.0,-0.0,47.77974813875696,-0.0,-0.0
2021-02-17 19:00:00,-0.0,3275.4995000000004,2160.0,364.7324999999996,3500.0,-0.0,0.0,-0.0,-0.0
2021-02-17 20:00:00,-0.0,3221.192,2160.0,338.29699999999957,3500.0,-0.0,0.0,-0.0,-0.0
2021-02-17 21:00:00,-0.0,3169.7575,2160.0,188.88850000000048,3500.0,-0.0,0.0,-0.0,-0.0
2021-02-17 22:00:00,-0.0,3131.1215,2160.0,-0.0,3490.0865000000003,-0.0,0.0,-0.0,-0.0
2021-02-17 23:00:00,-0.0,3113.0775,2160.0,-0.0,3308.676500000001,-0.0,0.0,-0.0,-0.0
2021-02-18 00:00:00,-0.0,3115.9114999999997,2160.0,-0.0,2674.7035,-0.0,0.0,-0.0,-0.0
2021-02-18 01:00:00,-0.0,3148.6259999999997,2160.0,-0.0,2490.68,-0.0,0.0,-0.0,-0.0
2021-02-18 02:00:00,-0.0,3203.4990000000003,2160.0,-0.0,2331.485,-0.0,0.0,-0.0,-0.0
2021-02-18 03:00:00,-0.0,3273.3610000000003,2160.0,-0.0,2255.1149999999993,-0.0,0.0,-0.0,-0.0
2021-02-18 04:00:00,-0.0,3348.3125000000005,2160.0,-0.0,2293.9104999999995,-0.0,0.0,-0.0,-0.0
2021-02-18 05:00:00,-0.0,3417.0305000000003,2160.0,-0.0,2436.6644999999994,-0.0,0.0,-0.0,-0.0
2021-02-18 06:00:00,-0.0,3468.257,2160.0,-0.0,2634.771,-0.0,0.0,-0.0,-0.0
2021-02-18 07:00:00,-0.0,3492.3134999999997,2160.0,-0.0,2828.020500000001,-0.0,0.0,-0.0,-0.0
2021-02-18 08:00:00,509.0799874026047,3482.394500000001,2160.0,-0.0,2463.9975125973942,-0.0,0.0,-0.0,-0.0
2021-02-18 09:00:00,1310.2862823018772,3435.4775,2160.0,-0.0,1748.5342176981235,-0.0,0.0,-0.0,-0.0
2021-02-18 10:00:00,2091.160252942847,3352.7585,2160.0,-0.0,1012.3142470571534,-0.0,0.0,-0.0,-0.0
2021-02-18 11:00:00,2648.6665805870566,3239.496,2160.0,-0.0,490.93241941294264,-0.0,0.0,-0.0,-0.0
2021-02-18 12:00:00,2850.047868729026,3104.322,2160.0,-0.0,348.2481312709742,-0.0,0.0,-0.0,-0.0
2021-02-18 13:00:00,2648.6665805870566,2958.15,2160.0,-0.0,653.1804194129427,-0.0,0.0,-0.0,-0.0
2021-02-18 14:00:00,2091.160252942847,2812.6995000000006,2160.0,-0.0,1374.2422470571532,-0.0,0.0,-0.0,-0.0
2021-02-18 15:00:00,1310.2862823018772,2678.9880000000003,2160.0,-0.0,2387.695717698122,-0.0,0.0,-0.0,-0.0
2021-02-18 16:00:00,509.0799874026047,2565.914,2160.0,-0.0,3482.844012597395,-0.0,0.0,-0.0,-0.0
2021-02-18 17:00:00,-0.0,2479.1130000000003,2160.0,804.5269999999991,3500.0,-0.0,0.0,-0.0,-0.0
2021-02-18 18:00:00,-0.0,2420.262,2160.0,1055.7339999999986,3500.0,-0.0,0.0,-0.0,-0.0
2021-02-18 19:00:00,-0.0,2386.9365000000003,2160.0,1162.4675000000007,3500.0,-0.0,0.0,-0.0,-0.0
2021-02-18 20:00:00,-0.0,2373.0395000000003,2160.0,1092.9555,3500.0,-0.0,0.0,-0.0,-0.0
2021-02-18 21:00:00,-0.0,2369.6855,2160.0,892.8734999999997,3500.0,-0.0,0.0,-0.0,-0.0
2021-02-18 22:00:00,-0.0,2366.494,2160.0,656.107,3500.0,-0.0,0.0,-0.0,-0.0
2021-02-18 23:00:00,-0.0,2353.0910000000003,2160.0,467.6129999999994,3500.0,-0.0,0.0,-0.0,-0.0
2021-02-19 00:00:00,-0.0,2316.2425000000003,2160.0,-0.0,3370.7424999999994,-0.0,0.0,-0.0,-0.0
2021-02-19 01:00:00,-0.0,2258.542,2160.0,-0.0,3274.851,-0.0,0.0,-0.0,-0.0
2021-02-19 02:00:00,-0.0,2173.2165,2160.0,-0.0,3253.6535,-0.0,0.0,-0.0,-0.0
2021-02-19 03:00:00,-0.0,2061.9494999999997,2160.0,-0.0,3356.2955,-0.0,0.0,-0.0,-0.0
2021-02-19 04:00:00,-0.0,1930.3635,2160.0,99.59750000000031,3500.0,-0.0,0.0,-0.0,-0.0
2021-02-19 05:00:00,-0.0,1787.3505000000002,2160.0,452.1394999999993,3500.0,-0.0,0.0,-0.0,-0.0
2021-02-19 06:00:00,-0.0,1643.9345,2160.0,843.0355,3500.0,-0.0,0.0,-0.0,-0.0
2021-02-19 07:00:00,0.8331413374899729,1511.8285,2160.0,1189.8523586625097,3500.0,-0.0,0.0,-0.0,-0.0
2021-02-19 08:00:00,477.72691854029813,1401.9265,2160.0,956.3295814597022,3500.0,-0.0,0.0,-0.0,-0.0
2021-02-19 09:00:00,1202.4802436463733,1322.8735,2160.0,347.87825635362697,3500.0,-0.0,0.0,-0.0,-0.0
2021-02-19 10:00:00,1905.1859535051956,1279.9150000000002,2160.0,-0.0,3148.5860464948046,-0.0,0.0,-0.0,-0.0
2021-02-19 11:00:00,2405.720116159282,1274.2405,2160.0,-0.0,2575.204383840719,-0.0,0.0,-0.0,-0.0
2021-02-19 12:00:00,2586.346383334957,1302.8210000000001,2160.0,-0.0,2288.2356166650434,-0.0,0.0,-0.0,-0.0
2021-02-19 13:00:00,2405.720116159282,1358.8445,2160.0,-0.0,2369.030383840717,-0.0,0.0,-0.0,-0.0
2021-02-19 14:00:00,1905.1859535051956,1432.6195,2160.0,-0.0,2812.806546494804,-0.0,0.0,-0.0,-0.0
2021-02-19 15:00:00,1202.4802436463733,1512.888,2160.0,33.12475635362716,3500.0,-0.0,0.0,-0.0,-0.0
2021-02-19 16:00:00,477.72691854029813,1588.314,2160.0,862.4350814597019,3500.0,-0.0,0.0,-0.0,-0.0
2021-02-19 17:00:00,0.8331413374899729,1648.9850000000004,2160.0,1503.6778586625087,3500.0,-0.0,0.0,-0.0,-0.0
2021-02-19 18:00:00,-0.0,1687.7315,2160.0,1657.4415000000008,3500.0,-0.0,0.0,-0.0,-0.0
2021-02-19 19:00:00,-0.0,1701.0305,2160.0,1716.9744999999994,3500.0,-0.0,0.0,-0.0,-0.0
2021-02-19 20:00:00,-0.0,1689.4409999999998,2160.0,1644.683,3500.0,-0.0,0.0,-0.0,-0.0
2021-02-19 21:00:00,-0.0,1657.4675000000002,2160.0,1472.852499999999,3500.0,-0.0,0.0,-0.0,-0.0
2021-02-19 22:00:00,-0.0,1612.8775,2160.0,1277.2224999999999,3500.0,-0.0,0.0,-0.0,-0.0
2021-02-19 23:00:00,-0.0,1565.5900000000001,2160.0,1122.455,3500.0,-0.0,0.0,-0.0,-0.0
2021-02-20 00:00:00,-0.0,1521.7995,2160.0,96.11250000000018,3500.0,-0.0,0.0,-0.0,-0.0
2021-02-20 01:00:00,-0.0,1500.3495,2160.0,-0.0,3464.0225,-0.0,0.0,-0.0,-0.0
2021-02-20 02:00:00,-0.0,1504.4445,2160.0,-0.0,3353.5624999999995,-0.0,0.0,-0.0,-0.0
2021-02-20 03:00:00,-0.0,1538.485,2160.0,-0.0,3311.1590000000006,-0.0,0.0,-0.0,-0.0
2021-02-20 04:00:00,-0.0,1602.8545,2160.0,-0.0,3358.8735,-0.0,0.0,-0.0,-0.0
2021-02-20 05:00:00,-0.0,1693.848,2160.0,-0.0,3477.8810000000003,-0.0,0.0,-0.0,-0.0
2021-02-20 06:00:00,-0.0,1804.0685,2160.0,115.71649999999954,3500.0,-0.0,0.0,-0.0,-0.0
2021-02-20 07:00:00,4.91308347549234,1923.3500000000001,2160.0,207.74591652450727,3500.0,-0.0,0.0,-0.0,-0.0
2021-02-20 08:00:00,495.2963990985427,2040.0835,2160.0,-0.0,3234.880100901458,-0.0,0.0,-0.0,-0.0
2021-02-20 09:00:00,1220.1477408325577,2142.686,2160.0,-0.0,2445.5612591674426,-0.0,0.0,-0.0,-0.0
2021-02-20 10:00:00,1919.3799864387565,2221.154,2160.0,-0.0,1629.3020135612437,-0.0,0.0,-0.0,-0.0
2021-02-20 11:00:00,2416.293659898309,2268.318,2160.0,-0.0,1007.7893401016904,-0.0,0.0,-0.0,-0.0
2021-02-20 12:00:00,2595.443551615638,2280.8045,2160.0,-0.0,739.5779483843617,-0.0,0.0,-0.0,-0.0
2021-02-20 13:00:00,2416.293659898309,2259.4260000000004,2160.0,-0.0,897.5843401016905,-0.0,0.0,-0.0,-0.0
2021-02-20 14:00:00,1919.3799864387565,2209.0705000000003,2160.0,-0.0,1463.2545135612431,-0.0,0.0,-0.0,-0.0
2021-02-20 15:00:00,1220.1477408325577,2137.993,2160.0,-0.0,2332.925259167442,-0.0,0.0,-0.0,-0.0
2021-02-20 16:00:00,495.2963990985427,2056.7365,2160.0,-0.0,3320.5921009014573,-0.0,0.0,-0.0,-0.0
2021-02-20 17:00:00,4.91308347549234,1976.6435000000001,2160.0,617.7574165245078,3500.0,-0.0,0.0,-0.0,-0.0
2021-02-20 18:00:00,-0.0,1908.3935000000001,2160.0,884.3605000000007,3500.0,-0.0,0.0,-0.0,-0.0
2021-02-20 19:00:00,-0.0,1860.5405000000003,2160.0,1006.8985000000002,3500.0,-0.0,0.0,-0.0,-0.0
2021-02-20 20:00:00,-0.0,1838.408,2160.0,947.0930000000008,3500.0,-0.0,0.0,-0.0,-0.0
2021-02-20 21:00:00,-0.0,1843.3674999999998,2160.0,740.3595000000005,3500.0,-0.0,0.0,-0.0,-0.0
2021-02-20 22:00:00,-0.0,1872.7475000000002,2160.0,472.8764999999994,3500.0,-0.0,0.0,-0.0,-0.0
2021-02-20 23:00:00,-0.0,1920.1910000000003,2160.0,225.57900000000018,3500.0,-0.0,0.0,-0.0,-0.0
2021-02-21 00:00:00,-0.0,1971.9895000000001,2160.0,-0.0,3041.8695000000002,-0.0,0.0,-0.0,-0.0
2021-02-21 01:00:00,-0.0,2026.8235000000002,2160.0,-0.0,2835.8594999999996,-0.0,0.0,-0.0,-0.0
2021-02-21 02:00:00,-0.0,2069.5544999999997,2160.0,-0.0,2689.2065000000007,-0.0,0.0,-0.0,-0.0
2021-02-21 03:00:00,-0.0,2091.193,2160.0,-0.0,2661.7249999999995,-0.0,0.0,-0.0,-0.0
2021-02-21 04:00:00,-0.0,2085.551,2160.0,-0.0,2782.0449999999996,-0.0,0.0,-0.0,-0.0
2021-02-21 05:00:00,-0.0,2050.165,2160.0,-0.0,3030.098,-0.0,0.0,-0.0,-0.0
2021-02-21 06:00:00,-0.0,1986.7185000000002,2160.0,-0.0,3344.3355,-0.0,0.0,-0.0,-0.0
2021-02-21 07:00:00,10.42651879711716,1900.8535000000002,2160.0,138.80198120288287,3500.0,-0.0,0.0,-0.0,-0.0
2021-02-21 08:00:00,501.0181197545399,1801.5335,2160.0,-0.0,3384.64938024546,-0.0,0.0,-0.0,-0.0
2021-02-21 09:00:00,1208.8084421877495,1699.8540000000003,2160.0,-0.0,2819.6055578122505,-0.0,0.0,-0.0,-0.0
2021-02-21 10:00:00,1888.1923206360987,1607.6580000000001,2160.0,-0.0,2196.8496793639006,-0.0,0.0,-0.0,-0.0
2021-02-21 11:00:00,2369.9072907257055,1535.9824999999998,2160.0,-0.0,1712.4262092742943,-0.0,0.0,-0.0,-0.0
2021-02-21 12:00:00,2543.4028482187464,1493.6284999999998,2160.0,-0.0,1507.813651781254,-0.0,0.0,-0.0,-0.0
2021-02-21 13:00:00,2369.9072907257055,1486.0299999999997,2160.0,-0.0,1649.5427092742943,-0.0,0.0,-0.0,-0.0
2021-02-21 14:00:00,1888.1923206360987,1514.5715,2160.0,-0.0,2124.325179363901,-0.0,0.0,-0.0,-0.0
2021-02-21 15:00:00,1208.8084421877495,1576.445,2160.0,-0.0,2844.451557812251,-0.0,0.0,-0.0,-0.0
2021-02-21 16:00:00,501.0181197545399,1665.0529999999999,2160.0,148.49188024546038,3500.0,-0.0,0.0,-0.0,-0.0
2021-02-21 17:00:00,10.42651879711716,1770.9315000000001,2160.0,763.2349812028833,3500.0,-0.0,0.0,-0.0,-0.0
2021-02-21 18:00:00,-0.0,1883.0435,2160.0,858.3675000000003,3500.0,-0.0,0.0,-0.0,-0.0
2021-02-21 19:00:00,-0.0,1990.2675,2160.0,829.2445000000007,3500.0,-0.0,0.0,-0.0,-0.0
2021-02-21 20:00:00,-0.0,2082.925,2160.0,658.0970000000007,3500.0,-0.0,0.0,-0.0,-0.0
2021-02-21 21:00:00,-0.0,2154.0285,2160.0,388.69949999999926,3500.0,-0.0,0.0,-0.0,-0.0
2021-02-21 22:00:00,-0.0,2200.2565,2160.0,107.87350000000015,3500.0,-0.0,0.0,-0.0,-0.0
2021-02-21 23:00:00,-0.0,2222.324,2160.0,-0.0,3389.4829999999997,-0.0,0.0,-0.0,-0.0
2021-02-22 00:00:00,-0.0,2220.1465000000003,2160.0,-0.0,3199.2414999999996,-0.0,0.0,-0.0,-0.0
2021-02-22 01:00:00,-0.0,2211.105,2160.0,-0.0,3060.676,-0.0,0.0,-0.0,-0.0
2021-02-22 02:00:00,-0.0,2200.484,2160.0,-0.0,2970.9600000000005,-0.0,0.0,-0.0,-0.0
2021-02-22 03:00:00,-0.0,2199.0085000000004,2160.0,-0.0,2970.1895,-0.0,0.0,-0.0,-0.0
2021-02-22 04:00:00,-0.0,2216.6040000000003,2160.0,-0.0,3070.8779999999997,-0.0,0.0,-0.0,-0.0
2021-02-22 05:00:00,-0.0,2260.9665,2160.0,-0.0,3242.7945000000004,-0.0,0.0,-0.0,-0.0
2021-02-22 06:00:00,-0.0,2336.451,2160.0,-0.0,3421.718,-0.0,0.0,-0.0,-0.0
2021-02-22 07:00:00,15.94608015798823,2443.3955,2160.0,21.47041984201178,3500.0,-0.0,0.0,-0.0,-0.0
2021-02-22 08:00:00,479.4728397254794,2578.0040000000004,2160.0,-0.0,3064.06716027452,-0.0,0.0,-0.0,-0.0
2021-02-22 09:00:00,1133.782839538928,2732.7430000000004,2160.0,-0.0,2299.690160461072,-0.0,0.0,-0.0,-0.0
2021-02-22 10:00:00,1758.7797415590715,2897.2970000000005,2160.0,-0.0,1478.1692584409273,-0.0,0.0,-0.0,-0.0
2021-02-22 11:00:00,2200.932750196397,3059.849,2160.0,-0.0,802.6652498036028,-0.0,0.0,-0.0,-0.0
2021-02-22 12:00:00,2360.032115460751,3208.6145,2160.0,-0.0,424.89938453924924,-0.0,0.0,-0.0,-0.0
2021-02-22 13:00:00,2200.932750196397,3333.3365,2160.0,-0.0,423.46374980360315,-0.0,0.0,-0.0,-0.0
2021-02-22 14:00:00,1758.7797415590715,3426.5855000000006,2160.0,-0.0,797.505758440928,-0.0,0.0,-0.0,-0.0
2021-02-22 15:00:00,1133.782839538928,3484.689,2160.0,-0.0,1470.5211604610724,-0.0,0.0,-0.0,-0.0
2021-02-22 16:00:00,479.4728397254794,3508.1605,2160.0,-0.0,2289.6966602745206,-0.0,0.0,-0.0,-0.0
2021-02-22 17:00:00,15.94608015798823,3501.5499999999997,2160.0,-0.0,2993.311919842013,-0.0,0.0,-0.0,-0.0
2021-02-22 18:00:00,-0.0,3472.8005000000003,2160.0,-0.0,3238.241499999999,-0.0,0.0,-0.0,-0.0
2021-02-22 19:00:00,-0.0,3432.0975000000003,2160.0,-0.0,3360.4245000000005,-0.0,0.0,-0.0,-0.0
2021-02-22 20:00:00,-0.0,3390.4584999999997,2160.0,-0.0,3326.9145,-0.0,0.0,-0.0,-0.0
2021-02-22 21:00:00,-0.0,3358.212,2160.0,-0.0,3164.1660000000006,-0.0,0.0,-0.0,-0.0
2021-02-22 22:00:00,-0.0,3343.587,2160.0,-0.0,2947.448,-0.0,0.0,-0.0,-0.0
2021-02-22 23:00:00,-0.0,3351.5625,2160.0,-0.0,2746.3565,-0.0,0.0,-0.0,-0.0
2021-02-23 00:00:00,-0.0,3378.3490000000006,2160.0,-0.0,2093.9539999999993,-0.0,0.0,-0.0,-0.0
2021-02-23 01:00:00,-0.0,3430.7195,2160.0,-0.0,1897.0824999999995,-0.0,0.0,-0.0,-0.0
2021-02-23 02:00:00,-0.0,3497.1755000000003,2160.0,-0.0,1733.3395,-0.0,0.0,-0.0,-0.0
2021-02-23 03:00:00,-0.0,3568.383,2160.0,-0.0,1662.8770000000004,-0.0,0.0,-0.0,-0.0
2021-02-23 04:00:00,-0.0,3633.5584999999996,2160.0,-0.0,1718.9175,-0.0,0.0,-0.0,-0.0
2021-02-23 05:00:00,-0.0,3682.0095,2160.0,-0.0,1889.6144999999997,-0.0,0.0,-0.0,-0.0
2021-02-23 06:00:00,-0.0,3704.5775,2160.0,-0.0,2124.2565,-0.0,0.0,-0.0,-0.0
2021-02-23 07:00:00,23.554620901830486,3694.964,2160.0,-0.0,2335.6943790981695,-0.0,0.0,-0.0,-0.0
2021-02-23 08:00:00,504.23429035882106,3650.6275,2160.0,-0.0,2042.7492096411797,-0.0,0.0,-0.0,-0.0
2021-02-23 09:00:00,1169.3567494419008,3573.1995,2160.0,-0.0,1502.3217505580997,-0.0,0.0,-0.0,-0.0
2021-02-23 10:00:00,1801.6436381650815,3468.335,2160.0,-0.0,945.4483618349182,-0.0,0.0,-0.0,-0.0
2021-02-23 11:00:00,2247.9684795291028,3345.0170000000003,2160.0,-0.0,554.0845204708967,-0.0,0.0,-0.0,-0.0
2021-02-23 12:00:00,2408.4155734276314,3214.4320000000002,2160.0,-0.0,456.68542657236776,-0.0,0.0,-0.0,-0.0
2021-02-23 13:00:00,2247.9684795291028,3088.54,2160.0,-0.0,709.4955204708981,-0.0,0.0,-0.0,-0.0
2021-02-23 14:00:00,1801.6436381650815,2978.5145,2160.0,-0.0,1293.1858618349174,-0.0,0.0,-0.0,-0.0
2021-02-23 15:00:00,1169.3567494419008,2893.358,2160.0,-0.0,2118.8682505580996,-0.0,0.0,-0.0,-0.0
2021-02-23 16:00:00,504.23429035882106,2838.732,2160.0,-0.0,3028.9837096411798,-0.0,0.0,-0.0,-0.0
2021-02-23 17:00:00,23.554620901830486,2816.2745,2160.0,267.5418790981689,3500.0,-0.0,0.0,-0.0,-0.0
2021-02-23 18:00:00,-0.0,2823.4635000000003,2160.0,485.99450000000024,3500.0,-0.0,0.0,-0.0,-0.0
2021-02-23 19:00:00,-0.0,2854.0005,2160.0,538.700499999999,3500.0,-0.0,0.0,-0.0,-0.0
2021-02-23 20:00:00,-0.0,2898.7725000000005,2160.0,420.44849999999906,3500.0,-0.0,0.0,-0.0,-0.0
2021-02-23 21:00:00,-0.0,2947.0870000000004,2160.0,178.71399999999903,3500.0,-0.0,0.0,-0.0,-0.0
2021-02-23 22:00:00,-0.0,2988.2060000000006,2160.0,-0.0,3407.7329999999997,-0.0,0.0,-0.0,-0.0
2021-02-23 23:00:00,-0.0,3012.802,2160.0,-0.0,3191.404,-0.0,0.0,-0.0,-0.0
2021-02-24 00:00:00,-0.0,3009.2985,2160.0,-0.0,2570.3765000000003,-0.0,0.0,-0.0,-0.0
2021-02-24 01:00:00,-0.0,2984.7545000000005,2160.0,-0.0,2451.6064999999994,-0.0,0.0,-0.0,-0.0
2021-02-24 02:00:00,-0.0,2935.2895000000003,2160.0,-0.0,2404.8714999999997,-0.0,0.0,-0.0,-0.0
2021-02-24 03:00:00,-0.0,2865.9280000000003,2160.0,-0.0,2475.9649999999997,-0.0,0.0,-0.0,-0.0
2021-02-24 04:00:00,-0.0,2784.951,2160.0,-0.0,2679.0420000000004,-0.0,0.0,-0.0,-0.0
2021-02-24 05:00:00,-0.0,2702.726,2160.0,-0.0,2981.198,-0.0,0.0,-0.0,-0.0
2021-02-24 06:00:00,-0.0,2630.3355,2160.0,-0.0,3311.4785,-0.0,0.0,-0.0,-0.0
2021-02-24 07:00:00,38.214232818106254,2578.0235000000002,2160.0,51.53126718189378,3500.0,-0.0,0.0,-0.0,-0.0
2021-02-24 08:00:00,628.1824424281933,2553.7915,2160.0,-0.0,3129.665057571806,-0.0,0.0,-0.0,-0.0
2021-02-24 09:00:00,1429.633778897316,2562.2545,2160.0,-0.0,2367.384721102683,-0.0,0.0,-0.0,-0.0
2021-02-24 10:00:00,2187.963925112086,2604.0105000000003,2160.0,-0.0,1538.1105748879127,-0.0,0.0,-0.0,-0.0
2021-02-24 11:00:00,2722.0932869926064,2675.4455,2160.0,-0.0,864.3472130073942,-0.0,0.0,-0.0,-0.0
2021-02-24 12:00:00,2913.924079949673,2769.2275,2160.0,-0.0,511.2504200503272,-0.0,0.0,-0.0,-0.0
2021-02-24 13:00:00,2722.0932869926064,2875.1645,2160.0,-0.0,563.5622130073934,-0.0,0.0,-0.0,-0.0
2021-02-24 14:00:00,2187.963925112086,2981.5695000000005,2160.0,-0.0,1018.4685748879137,-0.0,0.0,-0.0,-0.0
2021-02-24 15:00:00,1429.633778897316,3076.723,2160.0,-0.0,1789.6212211026832,-0.0,0.0,-0.0,-0.0
2021-02-24 16:00:00,628.1824424281933,3150.3940000000002,2160.0,-0.0,2707.401557571806,-0.0,0.0,-0.0,-0.0
2021-02-24 17:00:00,38.214232818106254,3195.1595000000007,2160.0,-0.0,3487.553267181893,-0.0,0.0,-0.0,-0.0
2021-02-24 18:00:00,-0.0,3207.3145000000004,2160.0,215.1234999999997,3500.0,-0.0,0.0,-0.0,-0.0
2021-02-24 19:00:00,-0.0,3187.314,2160.0,317.68700000000035,3500.0,-0.0,0.0,-0.0,-0.0
2021-02-24 20:00:00,-0.0,3139.617,2160.0,291.1219999999994,3500.0,-0.0,0.0,-0.0,-0.0
2021-02-24 21:00:00,-0.0,3072.03,2160.0,164.4039999999991,3500.0,-0.0,0.0,-0.0,-0.0
2021-02-24 22:00:00,-0.0,2994.5955000000004,2160.0,10.98949999999877,3500.0,-0.0,0.0,-0.0,-0.0
2021-02-24 23:00:00,-0.0,2918.1620000000003,2160.0,-0.0,3394.602999999999,-0.0,0.0,-0.0,-0.0
2021-02-25 00:00:00,-0.0,2847.7345,2160.0,-0.0,2839.1124999999997,-0.0,0.0,-0.0,-0.0
2021-02-25 01:00:00,-0.0,2801.6040000000003,2160.0,-0.0,2740.643,-0.0,0.0,-0.0,-0.0
2021-02-25 02:00:00,-0.0,2779.4065,2160.0,-0.0,2665.2564999999995,-0.0,0.0,-0.0,-0.0
2021-02-25 03:00:00,-0.0,2781.9935,2160.0,-0.0,2662.9215,-0.0,0.0,-0.0,-0.0
2021-02-25 04:00:00,-0.0,2806.1475,2160.0,-0.0,2759.2924999999996,-0.0,0.0,-0.0,-0.0
2021-02-25 05:00:00,-0.0,2845.0305000000003,2160.0,-0.0,2938.6694999999995,-0.0,0.0,-0.0,-0.0
2021-02-25 06:00:00,-0.0,2889.068,2160.0,-0.0,3150.7599999999993,-0.0,0.0,-0.0,-0.0
2021-02-25 07:00:00,59.024388137616825,2927.2684999999997,2160.0,-0.0,3277.637111862384,-0.0,0.0,-0.0,-0.0
2021-02-25 08:00:00,783.0425885341419,2948.725,2160.0,-0.0,2674.089411465858,-0.0,0.0,-0.0,-0.0
2021-02-25 09:00:00,1749.9031106912557,2944.0905000000002,2160.0,-0.0,1757.4663893087431,-0.0,0.0,-0.0,-0.0
2021-02-25 10:00:00,2660.557222764027,2906.8845000000006,2160.0,-0.0,852.7142772359734,-0.0,0.0,-0.0,-0.0
2021-02-25 11:00:00,3300.5935511337134,2834.416,2160.0,-0.0,214.74544886628564,-0.0,0.0,-0.0,-0.0
2021-02-25 12:00:00,3530.2465103971263,2728.1929999999998,2160.0,-0.0,21.547489602873156,-0.0,0.0,-0.0,-0.0
2021-02-25 13:00:00,3300.5935511337134,2593.7535000000003,2160.0,-0.0,349.6939488662856,-0.0,0.0,-0.0,-0.0
2021-02-25 14:00:00,2660.557222764027,2440.022,2160.0,-0.0,1168.2007772359739,-0.0,0.0,-0.0,-0.0
2021-02-25 15:00:00,1749.9031106912557,2278.1330000000003,2160.0,-0.0,2346.2008893087436,-0.0,0.0,-0.0,-0.0
2021-02-25 16:00:00,783.0425885341419,2120.027,2160.0,158.57341146585804,3500.0,-0.0,0.0,-0.0,-0.0
2021-02-25 17:00:00,59.024388137616825,1976.9165,2160.0,1257.9851118623828,3500.0,-0.0,0.0,-0.0,-0.0
2021-02-25 18:00:00,-0.0,1857.8495,2160.0,1634.852499999999,3500.0,-0.0,0.0,-0.0,-0.0
2021-02-25 19:00:00,-0.0,1768.5655000000004,2160.0,1803.8954999999987,3500.0,-0.0,0.0,-0.0,-0.0
2021-02-25 20:00:00,-0.0,1710.8325000000002,2160.0,1784.4984999999997,3500.0,-0.0,0.0,-0.0,-0.0
2021-02-25 21:00:00,-0.0,1682.265,2160.0,1615.8289999999988,3500.0,-0.0,0.0,-0.0,-0.0
2021-02-25 22:00:00,-0.0,1676.7660000000003,2160.0,1387.487,3500.0,-0.0,0.0,-0.0,-0.0
2021-02-25 23:00:00,-0.0,1685.4175000000002,2160.0,1182.9664999999995,3500.0,-0.0,0.0,-0.0,-0.0
2021-02-26 00:00:00,-0.0,1692.496,2160.0,546.6679999999997,3500.0,-0.0,0.0,-0.0,-0.0
2021-02-26 01:00:00,-0.0,1698.0470000000003,2160.0,393.35899999999947,3500.0,-0.0,0.0,-0.0,-0.0
2021-02-26 02:00:00,-0.0,1687.764,2160.0,302.85099999999966,3500.0,-0.0,0.0,-0.0,-0.0
2021-02-26 03:00:00,-0.0,1655.3615,2160.0,332.2515000000003,3500.0,-0.0,0.0,-0.0,-0.0
2021-02-26 04:00:00,-0.0,1598.2005000000001,2160.0,506.6374999999998,3500.0,-0.0,0.0,-0.0,-0.0
2021-02-26 05:00:00,-0.0,1517.7110000000002,2160.0,802.0479999999998,3500.0,-0.0,0.0,-0.0,-0.0
2021-02-26 06:00:00,-0.0,1419.2555000000002,2160.0,1153.2514999999994,3500.0,-0.0,0.0,-0.0,-0.0
2021-02-26 07:00:00,76.91854877591248,1311.427,2160.0,1404.8474512240873,3500.0,-0.0,0.0,-0.0,-0.0
2021-02-26 08:00:00,853.0570910795311,1204.9180000000001,2160.0,873.6969089204695,3500.0,-0.0,0.0,-0.0,-0.0
2021-02-26 09:00:00,1873.0732557763538,1111.1295000000002,2160.0,-0.0,3489.5932442236463,-0.0,0.0,-0.0,-0.0
2021-02-26 10:00:00,2829.476628940119,1040.6045000000001,2160.0,-0.0,2568.9048710598813,-0.0,0.0,-0.0,-0.0
2021-02-26 11:00:00,3500.247296208241,1001.6240000000001,2160.0,-0.0,1863.1837037917594,-0.0,0.0,-0.0,-0.0
2021-02-26 12:00:00,3740.7065887020376,999.0955000000001,2160.0,-0.0,1551.9339112979628,-0.0,0.0,-0.0,-0.0
2021-02-26 13:00:00,3500.247296208241,1033.838,2160.0,-0.0,1718.1347037917585,-0.0,0.0,-0.0,-0.0
2021-02-26 14:00:00,2829.476628940119,1102.4845,2160.0,-0.0,2341.41287105988,-0.0,0.0,-0.0,-0.0
2021-02-26 15:00:00,1873.0732557763538,1197.885,2160.0,-0.0,3304.275744223646,-0.0,0.0,-0.0,-0.0
2021-02-26 16:00:00,853.0570910795311,1310.0165,2160.0,895.9594089204684,3500.0,-0.0,0.0,-0.0,-0.0
2021-02-26 17:00:00,76.91854877591248,1427.309,2160.0,1783.4764512240872,3500.0,-0.0,0.0,-0.0,-0.0
2021-02-26 18:00:00,-0.0,1538.1405,2160.0,1944.7235,3500.0,-0.0,0.0,-0.0,-0.0
2021-02-26 19:00:00,-0.0,1632.3450000000003,2160.0,1926.6629999999996,3500.0,-0.0,0.0,-0.0,-0.0
2021-02-26 20:00:00,-0.0,1702.506,2160.0,1775.758999999999,3500.0,-0.0,0.0,-0.0,-0.0
2021-02-26 21:00:00,-0.0,1744.8990000000003,2160.0,1532.5230000000001,3500.0,-0.0,0.0,-0.0,-0.0
2021-02-26 22:00:00,-0.0,1759.9205000000002,2160.0,1280.0635000000002,3500.0,-0.0,0.0,-0.0,-0.0
2021-02-26 23:00:00,-0.0,1751.919,2160.0,1088.6110000000008,3500.0,-0.0,0.0,-0.0,-0.0
2021-02-27 00:00:00,-0.0,1723.1954999999998,2160.0,48.20250000000033,3500.0,-0.0,0.0,-0.0,-0.0
2021-02-27 01:00:00,-0.0,1694.3680000000002,2160.0,-0.0,3425.7209999999995,-0.0,0.0,-0.0,-0.0
2021-02-27 02:00:00,-0.0,1670.6949999999997,2160.0,-0.0,3345.0730000000003,-0.0,0.0,-0.0,-0.0
2021-02-27 03:00:00,-0.0,1662.076,2160.0,-0.0,3347.183,-0.0,0.0,-0.0,-0.0
2021-02-27 04:00:00,-0.0,1676.2395,2160.0,-0.0,3446.7665000000006,-0.0,0.0,-0.0,-0.0
2021-02-27 05:00:00,-0.0,1717.6640000000002,2160.0,116.81399999999985,3500.0,-0.0,0.0,-0.0,-0.0
2021-02-27 06:00:00,-0.0,1786.8695,2160.0,296.9414999999999,3500.0,-0.0,0.0,-0.0,-0.0
2021-02-27 07:00:00,86.77534592312843,1880.2875000000001,2160.0,334.05515407687153,3500.0,-0.0,0.0,-0.0,-0.0
2021-02-27 08:00:00,825.7533341589956,1990.7095000000002,2160.0,-0.0,3119.793165841005,-0.0,0.0,-0.0,-0.0
2021-02-27 09:00:00,1782.456883245827,2108.1775,2160.0,-0.0,2084.446616754173,-0.0,0.0,-0.0,-0.0
2021-02-27 10:00:00,2675.566018917339,2221.31,2160.0,-0.0,1040.1399810826606,-0.0,0.0,-0.0,-0.0
2021-02-27 11:00:00,3300.6303073691915,2318.7905000000005,2160.0,-0.0,240.45719263080764,-0.0,0.0,-0.0,-0.0
2021-02-27 12:00:00,3524.50641162339,2390.8885,2128.00608837661,-0.0,-0.0,-0.0,0.0,100.0,95.0
2021-02-27 13:00:00,3300.6303073691915,2430.7140000000004,2160.0,-0.0,9.436692630808011,-0.0,0.0,-0.0,94.9905
2021-02-27 14:00:00,2675.566018917339,2435.1925,2160.0,-0.0,648.126481082661,-0.0,0.0,-0.0,94.98100095
2021-02-27 15:00:00,1782.456883245827,2405.442,2160.0,-0.0,1669.8541167541728,-0.0,0.0,-0.0,94.971502849905
2021-02-27 16:00:00,825.7533341589956,2346.6495,2160.0,-0.0,2866.2181658410036,-0.0,0.0,-0.0,94.96200569962001
2021-02-27 17:00:00,86.77534592312843,2267.3885,2160.0,320.0542700527744,3500.0,-0.0,90.20488402409755,-0.0,-0.0
2021-02-27 18:00:00,-0.0,2178.462,2160.0,778.3180000000011,3500.0,-0.0,0.0,-0.0,-0.0
2021-02-27 19:00:00,-0.0,2091.531,2160.0,938.6570000000002,3500.0,-0.0,0.0,-0.0,-0.0
2021-02-27 20:00:00,-0.0,2017.5155000000002,2160.0,929.2635,3500.0,-0.0,0.0,-0.0,-0.0
2021-02-27 21:00:00,-0.0,1965.236,2160.0,778.1060000000007,3500.0,-0.0,0.0,-0.0,-0.0
2021-02-27 22:00:00,-0.0,1940.2305000000001,2160.0,563.1545000000001,3500.0,-0.0,0.0,-0.0,-0.0
2021-02-27 23:00:00,-0.0,1944.0784999999998,2160.0,357.40950000000066,3500.0,-0.0,0.0,-0.0,-0.0
2021-02-28 00:00:00,-0.0,1968.7655000000002,2160.0,-0.0,3197.183499999999,-0.0,0.0,-0.0,-0.0
2021-02-28 01:00:00,-0.0,2019.0950000000003,2160.0,-0.0,2993.2609999999995,-0.0,0.0,-0.0,-0.0
2021-02-28 02:00:00,-0.0,2080.5785,2160.0,-0.0,2825.2554999999998,-0.0,0.0,-0.0,-0.0
2021-02-28 03:00:00,-0.0,2142.7380000000003,2160.0,-0.0,2754.4699999999993,-0.0,0.0,-0.0,-0.0
2021-02-28 04:00:00,-0.0,2195.076,2160.0,-0.0,2813.849,-0.0,0.0,-0.0,-0.0
2021-02-28 05:00:00,-0.0,2228.616,2160.0,-0.0,2989.8379999999997,-0.0,0.0,-0.0,-0.0
2021-02-28 06:00:00,-0.0,2237.131,2160.0,-0.0,3228.802,-0.0,0.0,-0.0,-0.0
2021-02-28 07:00:00,95.3579269071244,2218.086,2160.0,-0.0,3368.034073092876,-0.0,0.0,-0.0,-0.0
2021-02-28 08:00:00,794.4799038068904,2173.0475,2160.0,-0.0,2847.4185961931094,-0.0,0.0,-0.0,-0.0
2021-02-28 09:00:00,1686.8784189258377,2107.5275,2160.0,-0.0,2057.790081074162,-0.0,0.0,-0.0,-0.0
2021-02-28 10:00:00,2516.3686370250457,2030.3075000000001,2160.0,-0.0,1265.9748629749542,-0.0,0.0,-0.0,-0.0
2021-02-28 11:00:00,3095.708168542889,1952.2814999999998,2160.0,-0.0,686.139331457111,-0.0,0.0,-0.0,-0.0
2021-02-28 12:00:00,3303.0255887144754,1885.0520000000001,2160.0,-0.0,468.2884112855245,-0.0,0.0,-0.0,-0.0
2021-02-28 13:00:00,3095.708168542889,1839.409,2160.0,-0.0,677.440831457111,-0.0,0.0,-0.0,-0.0
2021-02-28 14:00:00,2516.3686370250457,1823.8545000000001,2160.0,-0.0,1289.352862974954,-0.0,0.0,-0.0,-0.0
2021-02-28 15:00:00,1686.8784189258377,1843.5365000000002,2160.0,-0.0,2197.0420810741625,-0.0,0.0,-0.0,-0.0
2021-02-28 16:00:00,794.4799038068904,1899.5210000000002,2160.0,-0.0,3213.439096193109,-0.0,0.0,-0.0,-0.0
2021-02-28 17:00:00,95.3579269071244,1988.6685000000002,2160.0,548.4325730928767,3500.0,-0.0,0.0,-0.0,-0.0
2021-02-28 18:00:00,-0.0,2104.063,2160.0,720.0730000000003,3500.0,-0.0,0.0,-0.0,-0.0
2021-02-28 19:00:00,-0.0,2235.896,2160.0,661.0720000000001,3500.0,-0.0,0.0,-0.0,-0.0
2021-02-28 20:00:00,-0.0,2372.799,2160.0,440.28899999999976,3500.0,-0.0,0.0,-0.0,-0.0
2021-02-28 21:00:00,-0.0,2503.3320000000003,2160.0,105.95099999999911,3500.0,-0.0,0.0,-0.0,-0.0
2021-02-28 22:00:00,-0.0,2617.4980000000005,2160.0,-0.0,3251.5649999999996,-0.0,0.0,-0.0,-0.0
2021-02-28 23:00:00,-0.0,2708.0105000000003,2160.0,-0.0,2958.9974999999995,-0.0,0.0,-0.0,-0.0
2021-03-01 00:00:00,-0.0,2765.6395,2160.0,-0.0,2701.7384999999995,-0.0,0.0,-0.0,-0.0
2021-03-01 01:00:00,-0.0,2802.098,2160.0,-0.0,2511.74,-0.0,0.0,-0.0,-0.0
2021-03-01 02:00:00,-0.0,2816.1835,2160.0,-0.0,2391.2895,-0.0,0.0,-0.0,-0.0
2021-03-01 03:00:00,-0.0,2815.579,2160.0,-0.0,2383.5309999999995,-0.0,0.0,-0.0,-0.0
2021-03-01 04:00:00,-0.0,2810.145,2160.0,-0.0,2501.0490000000004,-0.0,0.0,-0.0,-0.0
2021-03-01 05:00:00,-0.0,2810.4635,2160.0,-0.0,2710.7315,-0.0,0.0,-0.0,-0.0
2021-03-01 06:00:00,-0.0,2826.3625,2160.0,-0.0,2942.8885,-0.0,0.0,-0.0,-0.0
2021-03-01 07:00:00,108.89647364133646,2865.4665,2160.0,-0.0,3011.112026358664,-0.0,0.0,-0.0,-0.0
2021-03-01 08:00:00,807.050536340195,2932.1045,2160.0,-0.0,2380.570963659806,-0.0,0.0,-0.0,-0.0
2021-03-01 09:00:00,1686.40058786463,3026.6340000000005,2160.0,-0.0,1444.8264121353702,-0.0,0.0,-0.0,-0.0
2021-03-01 10:00:00,2500.324540239117,3145.2980000000002,2160.0,-0.0,473.6794597608823,-0.0,0.0,-0.0,-0.0
2021-03-01 11:00:00,3067.6325306773265,3280.6540000000005,1953.5804693226733,-0.0,-0.0,-0.0,0.0,100.0,95.0
2021-03-01 12:00:00,3270.465690120657,3422.5035,1532.3228098793443,-0.0,-0.0,-0.0,0.0,100.0,189.9905
2021-03-01 13:00:00,3067.6325306773265,3559.2115000000003,1555.9259693226736,-0.0,-0.0,-0.0,0.0,100.0,284.97150095
2021-03-01 14:00:00,2500.324540239117,3679.1755,2021.6709597608838,-0.0,-0.0,-0.0,0.0,100.0,379.943003799905
2021-03-01 15:00:00,1686.40058786463,3772.3660000000004,2160.0,-0.0,481.7654121353687,-0.0,100.0,-0.0,274.6418516047882
2021-03-01 16:00:00,807.050536340195,3831.6135,2160.0,-0.0,1483.4269636598056,-0.0,100.0,-0.0,169.35122952489093
2021-03-01 17:00:00,108.89647364133646,3853.525,2160.0,-0.0,2434.9868045727567,-0.0,51.37172178590747,-0.0,115.25879778519375
2021-03-01 18:00:00,-0.0,3838.9195,2160.0,-0.0,2803.299499999999,-0.0,0.0,-0.0,115.24727190541523
2021-03-01 19:00:00,-0.0,3792.6785,2160.0,-0.0,2924.2265000000007,-0.0,0.0,-0.0,115.2357471782247
2021-03-01 20:00:00,-0.0,3723.0765,2160.0,-0.0,2911.8905000000004,-0.0,0.0,-0.0,115.22422360350687
2021-03-01 21:00:00,-0.0,3640.65,2160.0,-0.0,2792.542999999999,-0.0,0.0,-0.0,115.21270118114653
2021-03-01 22:00:00,-0.0,3556.7675,2160.0,-0.0,2638.3225,-0.0,0.0,-0.0,115.20117991102842
2021-03-01 23:00:00,-0.0,3482.1279999999997,2160.0,-0.0,2513.108,-0.0,0.0,-0.0,115.18965979303732
2021-03-02 00:00:00,-0.0,3419.559,2160.0,-0.0,1941.9969999999994,-0.0,0.0,-0.0,115.17814082705802
2021-03-02 01:00:00,-0.0,3385.8955,2160.0,-0.0,1824.4845,-0.0,0.0,-0.0,115.16662301297531
2021-03-02 02:00:00,-0.0,3376.815,2160.0,-0.0,1729.6429999999996,-0.0,0.0,-0.0,115.15510635067402
2021-03-02 03:00:00,-0.0,3389.6525,2160.0,-0.0,1710.9624999999996,-0.0,0.0,-0.0,115.14359084003895
2021-03-02 04:00:00,-0.0,3418.1030000000005,2160.0,-0.0,1797.1899999999991,-0.0,0.0,-0.0,115.13207648095495
2021-03-02 05:00:00,-0.0,3453.1120000000005,2160.0,-0.0,1974.8469999999993,-0.0,0.0,-0.0,115.12056327330686
2021-03-02 06:00:00,-0.0,3484.1690000000003,2160.0,-0.0,2194.582,-0.0,0.0,-0.0,115.10905121697952
2021-03-02 07:00:00,119.10245502558863,3500.7895000000008,2160.0,-0.0,2277.887044974411,-0.0,0.0,-0.0,115.09754031185783
2021-03-02 08:00:00,795.5029523610141,3494.023,2160.0,-0.0,1745.372047638985,-0.0,0.0,-0.0,115.08603055782665
2021-03-02 09:00:00,1636.736787695283,3457.7465,2160.0,-0.0,981.4817123047169,-0.0,0.0,-0.0,115.07452195477086
2021-03-02 10:00:00,2412.1708354855828,3389.5485,2160.0,-0.0,238.6776645144182,-0.0,0.0,-0.0,115.06301450257538
2021-03-02 11:00:00,2951.5685911178775,3291.145,1983.299408882121,-0.0,-0.0,-0.0,0.0,100.0,210.05150820112513
2021-03-02 12:00:00,3144.250903530173,3168.2560000000003,1840.0350964698268,-0.0,-0.0,-0.0,0.0,100.0,305.030503050305
2021-03-02 13:00:00,2951.5685911178775,3029.8775,2131.7309088821216,-0.0,-0.0,-0.0,0.0,100.0,400.0
2021-03-02 14:00:00,2412.1708354855828,2887.1895000000004,2160.0,-0.0,575.4256645144169,-0.0,0.0,-0.0,399.96
2021-03-02 15:00:00,1636.736787695283,2752.074,2160.0,-0.0,1588.591212304717,-0.0,0.0,-0.0,399.920004
2021-03-02 16:00:00,795.5029523610141,2635.6394999999998,2160.0,-0.0,2731.1175476389863,-0.0,0.0,-0.0,399.8800119996
2021-03-02 17:00:00,119.10245502558863,2546.752,2160.0,126.43454497441189,3500.0,-0.0,100.0,-0.0,294.57686610366324
2021-03-02 18:00:00,-0.0,2490.904,2160.0,498.2039999999997,3500.0,-0.0,100.0,-0.0,189.28425052231603
2021-03-02 19:00:00,-0.0,2469.558,2160.0,597.6510000000007,3500.0,-0.0,100.0,-0.0,84.00216420252697
2021-03-02 20:00:00,-0.0,2479.9645,2160.0,528.9604242131977,3500.0,-0.0,79.79407578680139,-0.0,-0.0
2021-03-02 21:00:00,-0.0,2515.5975000000003,2160.0,374.82749999999896,3500.0,-0.0,0.0,-0.0,-0.0
2021-03-02 22:00:00,-0.0,2567.0775000000003,2160.0,88.74949999999899,3500.0,-0.0,0.0,-0.0,-0.0
2021-03-02 23:00:00,-0.0,2623.4260000000004,2160.0,-0.0,3336.0779999999995,-0.0,0.0,-0.0,-0.0
2021-03-03 00:00:00,-0.0,2667.7495,2160.0,-0.0,2661.4445000000005,-0.0,0.0,-0.0,-0.0
2021-03-03 01:00:00,-0.0,2702.167,2160.0,-0.0,2479.421,-0.0,0.0,-0.0,-0.0
2021-03-03 02:00:00,-0.0,2713.9190000000003,2160.0,-0.0,2367.3309999999997,-0.0,0.0,-0.0,-0.0
2021-03-03 03:00:00,-0.0,2699.7490000000003,2160.0,-0.0,2379.2549999999997,-0.0,0.0,-0.0,-0.0
2021-03-03 04:00:00,-0.0,2660.4825,2160.0,-0.0,2536.8054999999995,-0.0,0.0,-0.0,-0.0
2021-03-03 05:00:00,-0.0,2600.8515,2160.0,-0.0,2812.7165,-0.0,0.0,-0.0,-0.0
2021-03-03 06:00:00,-0.0,2528.8444999999997,2160.0,-0.0,3139.1305000000007,-0.0,0.0,-0.0,-0.0
2021-03-03 07:00:00,115.45746167406999,2454.5690000000004,2160.0,-0.0,3320.59153832593,-0.0,0.0,-0.0,-0.0
2021-03-03 08:00:00,702.4239120534946,2388.8605,2160.0,-0.0,2940.0655879465057,-0.0,0.0,-0.0,-0.0
2021-03-03 09:00:00,1423.722151024685,2341.729,2160.0,-0.0,2310.5718489753144,-0.0,0.0,-0.0,-0.0
2021-03-03 10:00:00,2085.9224893873034,2320.981,2160.0,-0.0,1637.148510612696,-0.0,0.0,-0.0,-0.0
2021-03-03 11:00:00,2545.644978582873,2331.069,2160.0,-0.0,1096.5390214171266,-0.0,0.0,-0.0,-0.0
2021-03-03 12:00:00,2709.724813754428,2372.4285,2160.0,-0.0,821.1986862455719,-0.0,0.0,-0.0,-0.0
2021-03-03 13:00:00,2545.644978582873,2441.3740000000003,2160.0,-0.0,880.5200214171264,-0.0,0.0,-0.0,-0.0
2021-03-03 14:00:00,2085.9224893873034,2530.4759999999997,2160.0,-0.0,1276.2785106126967,-0.0,0.0,-0.0,-0.0
2021-03-03 15:00:00,1423.722151024685,2629.523,2160.0,-0.0,1945.5538489753148,-0.0,0.0,-0.0,-0.0
2021-03-03 16:00:00,702.4239120534946,2726.815,2160.0,-0.0,2757.897087946506,-0.0,0.0,-0.0,-0.0
2021-03-03 17:00:00,115.45746167406999,2810.6715,2160.0,-0.0,3494.4850383259295,-0.0,0.0,-0.0,-0.0
2021-03-03 18:00:00,-0.0,2870.9460000000004,2160.0,249.9019999999996,3500.0,-0.0,0.0,-0.0,-0.0
2021-03-03 19:00:00,-0.0,2900.3260000000005,2160.0,302.00199999999904,3500.0,-0.0,0.0,-0.0,-0.0
2021-03-03 20:00:00,-0.0,2895.243,2160.0,231.93600000000015,3500.0,-0.0,0.0,-0.0,-0.0
2021-03-03 21:00:00,-0.0,2856.3275000000003,2160.0,75.85649999999896,3500.0,-0.0,0.0,-0.0,-0.0
2021-03-03 22:00:00,-0.0,2788.2465,2160.0,-0.0,3412.5945,-0.0,0.0,-0.0,-0.0
2021-03-03 23:00:00,-0.0,2699.0405,2160.0,-0.0,3308.6845000000003,-0.0,0.0,-0.0,-0.0
2021-03-04 00:00:00,-0.0,2593.032,2160.0,-0.0,2787.362,-0.0,0.0,-0.0,-0.0
2021-03-04 01:00:00,-0.0,2493.3089999999997,2160.0,-0.0,2742.583,-0.0,0.0,-0.0,-0.0
2021-03-04 02:00:00,-0.0,2404.324,2160.0,-0.0,2734.2809999999995,-0.0,0.0,-0.0,-0.0
2021-03-04 03:00:00,-0.0,2334.4100000000003,2160.0,-0.0,2804.9409999999993,-0.0,0.0,-0.0,-0.0
2021-03-04 04:00:00,-0.0,2288.663,2160.0,-0.0,2971.903,-0.0,0.0,-0.0,-0.0
2021-03-04 05:00:00,-0.0,2268.253,2160.0,-0.0,3211.461,-0.0,0.0,-0.0,-0.0
2021-03-04 06:00:00,-0.0,2270.3070000000002,2160.0,-0.0,3466.618,-0.0,0.0,-0.0,-0.0
2021-03-04 07:00:00,108.74944869942645,2288.286,2160.0,65.26755130057336,3500.0,-0.0,0.0,-0.0,-0.0
2021-03-04 08:00:00,608.1257899359714,2312.96,2160.0,-0.0,3184.6152100640275,-0.0,0.0,-0.0,-0.0
2021-03-04 09:00:00,1214.8242127275669,2333.63,2160.0,-0.0,2604.5137872724335,-0.0,0.0,-0.0,-0.0
2021-03-04 10:00:00,1769.6105789464411,2339.6749999999997,2160.0,-0.0,2014.231421053559,-0.0,0.0,-0.0,-0.0
2021-03-04 11:00:00,2154.0134156093695,2322.0209999999997,2160.0,-0.0,1579.1255843906306,-0.0,0.0,-0.0,-0.0
2021-03-04 12:00:00,2291.095795822702,2274.4475,2160.0,-0.0,1422.0807041772978,-0.0,0.0,-0.0,-0.0
2021-03-04 13:00:00,2154.0134156093695,2194.4845,2160.0,-0.0,1605.5960843906305,-0.0,0.0,-0.0,-0.0
2021-03-04 14:00:00,1769.6105789464411,2083.8155,2160.0,-0.0,2128.0079210535587,-0.0,0.0,-0.0,-0.0
2021-03-04 15:00:00,1214.8242127275669,1948.1605000000002,2160.0,-0.0,2926.6882872724336,-0.0,0.0,-0.0,-0.0
2021-03-04 16:00:00,608.1257899359714,1796.5480000000002,2160.0,375.36621006402856,3500.0,-0.0,0.0,-0.0,-0.0
2021-03-04 17:00:00,108.74944869942645,1640.2230000000002,2160.0,1266.488551300573,3500.0,-0.0,0.0,-0.0,-0.0
2021-03-04 18:00:00,-0.0,1491.1715000000002,2160.0,1726.3765000000003,3500.0,-0.0,0.0,-0.0,-0.0
2021-03-04 19:00:00,-0.0,1360.6255,2160.0,1940.1654999999992,3500.0,-0.0,0.0,-0.0,-0.0
2021-03-04 20:00:00,-0.0,1257.6005,2160.0,1969.7114999999994,3500.0,-0.0,0.0,-0.0,-0.0
2021-03-04 21:00:00,-0.0,1187.7775000000001,2160.0,1846.1144999999997,3500.0,-0.0,0.0,-0.0,-0.0
2021-03-04 22:00:00,-0.0,1152.827,2160.0,1651.2020000000002,3500.0,-0.0,0.0,-0.0,-0.0
2021-03-04 23:00:00,-0.0,1150.2335,2160.0,1462.0635000000002,3500.0,-0.0,0.0,-0.0,-0.0
2021-03-05 00:00:00,-0.0,1167.6145,2160.0,818.4625000000005,3500.0,-0.0,0.0,-0.0,-0.0
2021-03-05 01:00:00,-0.0,1208.0445,2160.0,634.7174999999997,3500.0,-0.0,0.0,-0.0,-0.0
2021-03-05 02:00:00,-0.0,1254.7340000000002,2160.0,491.8279999999995,3500.0,-0.0,0.0,-0.0,-0.0
2021-03-05 03:00:00,-0.0,1296.9255000000003,2160.0,451.3684999999996,3500.0,-0.0,0.0,-0.0,-0.0
2021-03-05 04:00:00,-0.0,1325.3045,2160.0,545.0905000000002,3500.0,-0.0,0.0,-0.0,-0.0
2021-03-05 05:00:00,-0.0,1333.2540000000001,2160.0,757.0709999999999,3500.0,-0.0,0.0,-0.0,-0.0
2021-03-05 06:00:00,-0.0,1317.8100000000002,2160.0,1030.406,3500.0,-0.0,0.0,-0.0,-0.0
2021-03-05 07:00:00,124.61589034721344,1280.0710000000001,2160.0,1169.4831096527869,3500.0,-0.0,0.0,-0.0,-0.0
2021-03-05 08:00:00,645.3966127101552,1225.0225,2160.0,847.620887289846,3500.0,-0.0,0.0,-0.0,-0.0
2021-03-05 09:00:00,1271.25728626402,1160.913,2160.0,333.50371373598045,3500.0,-0.0,0.0,-0.0,-0.0
2021-03-05 10:00:00,1841.3587505985188,1098.0710000000001,2160.0,-0.0,3297.056249401482,-0.0,0.0,-0.0,-0.0
2021-03-05 11:00:00,2235.6245104479094,1047.5335,2160.0,-0.0,2885.1289895520913,-0.0,0.0,-0.0,-0.0
2021-03-05 12:00:00,2376.1007164036637,1019.4990000000001,2160.0,-0.0,2705.2032835963364,-0.0,0.0,-0.0,-0.0
2021-03-05 13:00:00,2235.6245104479094,1021.9105000000001,2160.0,-0.0,2809.68598955209,-0.0,0.0,-0.0,-0.0
2021-03-05 14:00:00,1841.3587505985188,1059.344,2160.0,-0.0,3193.7002494014814,-0.0,0.0,-0.0,-0.0
2021-03-05 15:00:00,1271.25728626402,1132.3325,2160.0,298.7892137359804,3500.0,-0.0,0.0,-0.0,-0.0
2021-03-05 16:00:00,645.3966127101552,1237.21,2160.0,1009.7723872898459,3500.0,-0.0,0.0,-0.0,-0.0
2021-03-05 17:00:00,124.61589034721344,1366.5665000000001,2160.0,1636.1456096527863,3500.0,-0.0,0.0,-0.0,-0.0
2021-03-05 18:00:00,-0.0,1510.1775,2160.0,1818.6625000000004,3500.0,-0.0,0.0,-0.0,-0.0
2021-03-05 19:00:00,-0.0,1656.2585000000001,2160.0,1755.1435000000001,3500.0,-0.0,0.0,-0.0,-0.0
2021-03-05 20:00:00,-0.0,1793.0445,2160.0,1544.0964999999997,3500.0,-0.0,0.0,-0.0,-0.0
2021-03-05 21:00:00,-0.0,1910.2329999999997,2160.0,1232.601999999999,3500.0,-0.0,0.0,-0.0,-0.0
2021-03-05 22:00:00,-0.0,2000.3294999999998,2160.0,911.656500000001,3500.0,-0.0,0.0,-0.0,-0.0
2021-03-05 23:00:00,-0.0,2059.5575,2160.0,659.6094999999996,3500.0,-0.0,0.0,-0.0,-0.0
2021-03-06 00:00:00,-0.0,2082.0865000000003,2160.0,-0.0,3073.3525,-0.0,0.0,-0.0,-0.0
2021-03-06 01:00:00,-0.0,2084.7255,2160.0,-0.0,2926.1135,-0.0,0.0,-0.0,-0.0
2021-03-06 02:00:00,-0.0,2068.9955,2160.0,-0.0,2844.2595,-0.0,0.0,-0.0,-0.0
2021-03-06 03:00:00,-0.0,2044.8675000000003,2160.0,-0.0,2868.6394999999993,-0.0,0.0,-0.0,-0.0
2021-03-06 04:00:00,-0.0,2023.1055000000001,2160.0,-0.0,3010.9265,-0.0,0.0,-0.0,-0.0
2021-03-06 05:00:00,-0.0,2013.7715,2160.0,-0.0,3238.5215,-0.0,0.0,-0.0,-0.0
2021-03-06 06:00:00,-0.0,2024.8084999999999,2160.0,-0.0,3483.6125,-0.0,0.0,-0.0,-0.0
2021-03-06 07:00:00,168.3374324476983,2060.9030000000002,2160.0,3.281567552301567,3500.0,-0.0,0.0,-0.0,-0.0
2021-03-06 08:00:00,812.8518955063936,2122.8285,2160.0,-0.0,2938.769604493606,-0.0,0.0,-0.0,-0.0
2021-03-06 09:00:00,1579.4093124288775,2207.2895000000003,2160.0,-0.0,2133.354187571122,-0.0,0.0,-0.0,-0.0
2021-03-06 10:00:00,2275.0333209190344,2307.3505,2160.0,-0.0,1306.3641790809652,-0.0,0.0,-0.0,-0.0
2021-03-06 11:00:00,2755.1922770400943,2413.3655,2160.0,-0.0,649.7902229599058,-0.0,0.0,-0.0,-0.0
2021-03-06 12:00:00,2926.139402206695,2514.252,2160.0,-0.0,308.1885977933048,-0.0,0.0,-0.0,-0.0
2021-03-06 13:00:00,2755.1922770400943,2598.9990000000003,2160.0,-0.0,358.4417229599053,-0.0,0.0,-0.0,-0.0
2021-03-06 14:00:00,2275.0333209190344,2658.188,2160.0,-0.0,804.1516790809651,-0.0,0.0,-0.0,-0.0
2021-03-06 15:00:00,1579.4093124288775,2685.241,2160.0,-0.0,1578.1786875711223,-0.0,0.0,-0.0,-0.0
2021-03-06 16:00:00,812.8518955063936,2677.376,2160.0,-0.0,2540.0071044936058,-0.0,0.0,-0.0,-0.0
2021-03-06 17:00:00,168.3374324476983,2635.997,2160.0,-0.0,3458.1845675523023,-0.0,0.0,-0.0,-0.0
2021-03-06 18:00:00,-0.0,2566.564,2160.0,394.73,3500.0,-0.0,0.0,-0.0,-0.0
2021-03-06 19:00:00,-0.0,2477.8845,2160.0,563.1684999999998,3500.0,-0.0,0.0,-0.0,-0.0
2021-03-06 20:00:00,-0.0,2381.0085,2160.0,582.9145000000008,3500.0,-0.0,0.0,-0.0,-0.0
2021-03-06 21:00:00,-0.0,2287.7725,2160.0,478.91349999999966,3500.0,-0.0,0.0,-0.0,-0.0
2021-03-06 22:00:00,-0.0,2209.2850000000003,2160.0,323.56099999999924,3500.0,-0.0,0.0,-0.0,-0.0
2021-03-06 23:00:00,-0.0,2154.4965,2160.0,182.47949999999946,3500.0,-0.0,0.0,-0.0,-0.0
2021-03-07 00:00:00,-0.0,2122.7375,2160.0,-0.0,3083.3864999999996,-0.0,0.0,-0.0,-0.0
2021-03-07 01:00:00,-0.0,2128.282,2160.0,-0.0,2930.084,-0.0,0.0,-0.0,-0.0
2021-03-07 02:00:00,-0.0,2162.342,2160.0,-0.0,2795.2329999999997,-0.0,0.0,-0.0,-0.0
2021-03-07 03:00:00,-0.0,2218.71,2160.0,-0.0,2735.862,-0.0,0.0,-0.0,-0.0
2021-03-07 04:00:00,-0.0,2288.364,2160.0,-0.0,2783.4339999999997,-0.0,0.0,-0.0,-0.0
2021-03-07 05:00:00,-0.0,2360.735,2160.0,-0.0,2925.9829999999997,-0.0,0.0,-0.0,-0.0
2021-03-07 06:00:00,-0.0,2425.241,2160.0,-0.0,3114.2259999999997,-0.0,0.0,-0.0,-0.0
2021-03-07 07:00:00,214.08669353869178,2472.7365,2160.0,-0.0,3073.3298064613086,-0.0,0.0,-0.0,-0.0
2021-03-07 08:00:00,969.3170638948598,2496.8320000000003,2160.0,-0.0,2432.4829361051397,-0.0,0.0,-0.0,-0.0
2021-03-07 09:00:00,1858.6893156261594,2494.7845,2160.0,-0.0,1587.2821843738407,-0.0,0.0,-0.0,-0.0
2021-03-07 10:00:00,2662.780975010416,2467.9265,2160.0,-0.0,775.2375249895836,-0.0,0.0,-0.0,-0.0
2021-03-07 11:00:00,3216.7893342450166,2421.5165,2160.0,-0.0,193.7091657549836,-0.0,0.0,-0.0,-0.0
2021-03-07 12:00:00,3413.8640167968724,2364.0435,2160.0,-0.0,-0.0,-0.0,0.0,19.21151679687273,18.25094095702909
2021-03-07 13:00:00,3216.7893342450166,2306.1285000000003,2160.0,-0.0,196.26216575498347,-0.0,0.0,-0.0,18.249115862933387
2021-03-07 14:00:00,2662.780975010416,2259.0620000000004,2160.0,-0.0,818.4910249895834,-0.0,0.0,-0.0,18.247290951347093
2021-03-07 15:00:00,1858.6893156261594,2233.2960000000003,2160.0,-0.0,1750.2076843738405,-0.0,0.0,-0.0,18.24546622225196
2021-03-07 16:00:00,969.3170638948598,2237.04,2160.0,-0.0,2819.635936105141,-0.0,0.0,-0.0,18.243641675629735
2021-03-07 17:00:00,214.08669353869178,2275.104,2160.0,248.14358001541996,3500.0,-0.0,17.329726445889065,-0.0,-0.0
2021-03-07 18:00:00,-0.0,2348.2419999999997,2160.0,601.5820000000003,3500.0,-0.0,0.0,-0.0,-0.0
2021-03-07 19:00:00,-0.0,2453.009,2160.0,572.9590000000007,3500.0,-0.0,0.0,-0.0,-0.0
2021-03-07 20:00:00,-0.0,2582.1705,2160.0,363.0545000000002,3500.0,-0.0,0.0,-0.0,-0.0
2021-03-07 21:00:00,-0.0,2725.6580000000004,2160.0,18.72399999999925,3500.0,-0.0,0.0,-0.0,-0.0
2021-03-07 22:00:00,-0.0,2871.8365000000003,2160.0,-0.0,3135.1075,-0.0,0.0,-0.0,-0.0
2021-03-07 23:00:00,-0.0,3009.032,2160.0,-0.0,2798.4569999999994,-0.0,0.0,-0.0,-0.0
2021-03-08 00:00:00,-0.0,3120.5915,2160.0,-0.0,2488.4585,-0.0,0.0,-0.0,-0.0
2021-03-08 01:00:00,-0.0,3211.9165,2160.0,-0.0,2245.8245,-0.0,0.0,-0.0,-0.0
2021-03-08 02:00:00,-0.0,3272.815,2160.0,-0.0,2080.605,-0.0,0.0,-0.0,-0.0
2021-03-08 03:00:00,-0.0,3303.6510000000003,2160.0,-0.0,2043.2599999999998,-0.0,0.0,-0.0,-0.0
2021-03-08 04:00:00,-0.0,3308.7470000000003,2160.0,-0.0,2151.9119999999994,-0.0,0.0,-0.0,-0.0
2021-03-08 05:00:00,-0.0,3295.7664999999997,2160.0,-0.0,2376.3635000000004,-0.0,0.0,-0.0,-0.0
2021-03-08 06:00:00,-0.0,3274.5440000000003,2160.0,-0.0,2646.9189999999994,-0.0,0.0,-0.0,-0.0
2021-03-08 07:00:00,240.8452329663109,3255.7200000000003,2160.0,-0.0,2642.204767033689,-0.0,0.0,-0.0,-0.0
2021-03-08 08:00:00,1027.6002012836802,3249.181,2160.0,-0.0,1997.1267987163192,-0.0,0.0,-0.0,-0.0
2021-03-08 09:00:00,1945.3482668036092,3262.6684999999998,2160.0,-0.0,1104.7162331963912,-0.0,0.0,-0.0,-0.0
2021-03-08 10:00:00,2772.0940193204974,3300.6609999999996,2160.0,-0.0,201.91298067950265,-0.0,0.0,-0.0,-0.0
2021-03-08 11:00:00,3340.67009988268,3363.691500000001,1753.1684001173198,-0.0,-0.0,-0.0,0.0,100.0,95.0
2021-03-08 12:00:00,3542.7681346164604,3448.2239999999997,1390.0618653835395,-0.0,-0.0,-0.0,0.0,100.0,189.9905
2021-03-08 13:00:00,3340.67009988268,3547.063,1450.6999001173208,-0.0,-0.0,-0.0,0.0,100.0,284.97150095
2021-03-08 14:00:00,2772.0940193204974,3650.2895000000008,1934.153480679502,-0.0,-0.0,-0.0,0.0,100.0,379.943003799905
2021-03-08 15:00:00,1945.3482668036092,3746.5545000000006,2160.0,-0.0,403.50223319639076,-0.0,100.0,-0.0,274.6418516047882
2021-03-08 16:00:00,1027.6002012836802,3824.587,2160.0,-0.0,1424.085798716319,-0.0,100.0,-0.0,169.35122952489093
2021-03-08 17:00:00,240.8452329663109,3874.6825000000003,2160.0,-0.0,2435.175545247782,-0.0,51.37172178590747,-0.0,115.25879778519375
2021-03-08 18:00:00,-0.0,3890.0225000000005,2160.0,-0.0,2904.4095,-0.0,0.0,-0.0,115.24727190541523
2021-03-08 19:00:00,-0.0,3867.5715,2160.0,-0.0,3000.2685,-0.0,0.0,-0.0,115.2357471782247
2021-03-08 20:00:00,-0.0,3808.5125000000003,2160.0,-0.0,2975.9185,-0.0,0.0,-0.0,115.22422360350687
2021-03-08 21:00:00,-0.0,3718.0845,2160.0,-0.0,2862.9095000000007,-0.0,0.0,-0.0,115.21270118114653
2021-03-08 22:00:00,-0.0,3604.926,2160.0,-0.0,2736.1110000000003,-0.0,0.0,-0.0,115.20117991102842
2021-03-08 23:00:00,-0.0,3479.9245,2160.0,-0.0,2659.2154999999993,-0.0,0.0,-0.0,115.18965979303732
2021-03-09 00:00:00,-0.0,3348.2475,2160.0,-0.0,2153.7795,-0.0,0.0,-0.0,115.17814082705802
2021-03-09 01:00:00,-0.0,3233.9775000000004,2160.0,-0.0,2114.4565,-0.0,0.0,-0.0,115.16662301297531
2021-03-09 02:00:00,-0.0,3139.4610000000002,2160.0,-0.0,2102.45,-0.0,0.0,-0.0,115.15510635067402
2021-03-09 03:00:00,-0.0,3070.3140000000003,2160.0,-0.0,2162.9719999999998,-0.0,0.0,-0.0,115.14359084003895
2021-03-09 04:00:00,-0.0,3028.2005,2160.0,-0.0,2316.8015000000005,-0.0,0.0,-0.0,115.13207648095495
2021-03-09 05:00:00,-0.0,3010.6895,2160.0,-0.0,2543.8415,-0.0,0.0,-0.0,115.12056327330686
2021-03-09 06:00:00,-0.0,3011.6515,2160.0,-0.0,2790.3595000000005,-0.0,0.0,-0.0,115.10905121697952
2021-03-09 07:00:00,261.96781628738023,3022.1815,2160.0,-0.0,2733.40568371262,-0.0,0.0,-0.0,115.09754031185783
2021-03-09 08:00:00,1057.979229905833,3031.8860000000004,2160.0,-0.0,2061.158770094166,-0.0,0.0,-0.0,115.08603055782665
2021-03-09 09:00:00,1978.122576771046,3030.3585,2160.0,-0.0,1179.7929232289537,-0.0,0.0,-0.0,115.07452195477086
2021-03-09 10:00:00,2804.096448342906,3008.7005,2160.0,-0.0,335.9310516570931,-0.0,0.0,-0.0,115.06301450257538
2021-03-09 11:00:00,3371.1226409757874,2960.7695,1998.3138590242124,-0.0,-0.0,-0.0,0.0,100.0,210.05150820112513
2021-03-09 12:00:00,3572.5039291177573,2884.1215,1795.818570882242,-0.0,-0.0,-0.0,0.0,100.0,305.030503050305
2021-03-09 13:00:00,3371.1226409757874,2780.4140000000007,2057.0993590242124,-0.0,-0.0,-0.0,0.0,100.0,400.0
2021-03-09 14:00:00,2804.096448342906,2655.237,2160.0,-0.0,506.31955165709405,-0.0,0.0,-0.0,399.96
2021-03-09 15:00:00,1978.122576771046,2517.4565,2160.0,-0.0,1567.954923228954,-0.0,0.0,-0.0,399.920004
2021-03-09 16:00:00,1057.979229905833,2378.0640000000003,2160.0,-0.0,2807.4737700941664,-0.0,0.0,-0.0,399.8800119996
2021-03-09 17:00:00,261.96781628738023,2248.7465,2160.0,357.8226837126199,3500.0,-0.0,100.0,-0.0,294.57686610366324
2021-03-09 18:00:00,-0.0,2140.3720000000003,2160.0,919.8419999999996,3500.0,-0.0,100.0,-0.0,189.28425052231603
2021-03-09 19:00:00,-0.0,2061.5530000000003,2160.0,1071.4930000000004,3500.0,-0.0,100.0,-0.0,84.00216420252697
2021-03-09 20:00:00,-0.0,2017.5155000000002,2160.0,1051.8554242131995,3500.0,-0.0,79.79407578680139,-0.0,-0.0
2021-03-09 21:00:00,-0.0,2009.4100000000003,2160.0,935.9510000000009,3500.0,-0.0,0.0,-0.0,-0.0
2021-03-09 22:00:00,-0.0,2034.2010000000002,2160.0,670.9399999999996,3500.0,-0.0,0.0,-0.0,-0.0
2021-03-09 23:00:00,-0.0,2085.0505,2160.0,418.0355000000004,3500.0,-0.0,0.0,-0.0,-0.0
2021-03-10 00:00:00,-0.0,2145.6175000000003,2160.0,-0.0,3220.1444999999994,-0.0,0.0,-0.0,-0.0
2021-03-10 01:00:00,-0.0,2217.8845,2160.0,-0.0,2994.3374999999996,-0.0,0.0,-0.0,-0.0
2021-03-10 02:00:00,-0.0,2283.8855,2160.0,-0.0,2821.9715,-0.0,0.0,-0.0,-0.0
2021-03-10 03:00:00,-0.0,2333.695,2160.0,-0.0,2763.7989999999995,-0.0,0.0,-0.0,-0.0
2021-03-10 04:00:00,-0.0,2360.1435,2160.0,-0.0,2849.4345000000003,-0.0,0.0,-0.0,-0.0
2021-03-10 05:00:00,-0.0,2359.708,2160.0,-0.0,3059.8709999999996,-0.0,0.0,-0.0,-0.0
2021-03-10 06:00:00,-0.0,2332.9410000000003,2160.0,-0.0,3334.694,-0.0,0.0,-0.0,-0.0
2021-03-10 07:00:00,298.08081764402283,2284.373,2160.0,-0.0,3301.4051823559776,-0.0,0.0,-0.0,-0.0
2021-03-10 08:00:00,1143.9459386484566,2221.7780000000002,2160.0,-0.0,2652.3860613515426,-0.0,0.0,-0.0,-0.0
2021-03-10 09:00:00,2113.2262463078387,2155.114,2160.0,-0.0,1787.904753692162,-0.0,0.0,-0.0,-0.0
2021-03-10 10:00:00,2980.299715182789,2095.054,2160.0,-0.0,942.3322848172106,-0.0,0.0,-0.0,-0.0
2021-03-10 11:00:00,3574.4887658335424,2051.53,2160.0,-0.0,314.2322341664576,-0.0,0.0,-0.0,-0.0
2021-03-10 12:00:00,3785.353162728707,2032.2575000000002,2160.0,-0.0,46.065337271293174,-0.0,0.0,-0.0,-0.0
2021-03-10 13:00:00,3574.4887658335424,2041.6760000000002,2160.0,-0.0,204.98923416645766,-0.0,0.0,-0.0,-0.0
2021-03-10 14:00:00,2980.299715182789,2080.2145,2160.0,-0.0,779.0407848172113,-0.0,0.0,-0.0,-0.0
2021-03-10 15:00:00,2113.2262463078387,2144.2264999999998,2160.0,-0.0,1681.4632536921617,-0.0,0.0,-0.0,-0.0
2021-03-10 16:00:00,1143.9459386484566,2226.3669999999997,2160.0,-0.0,2750.1620613515443,-0.0,0.0,-0.0,-0.0
2021-03-10 17:00:00,298.08081764402283,2316.5285000000003,2160.0,232.55468235597755,3500.0,-0.0,0.0,-0.0,-0.0
2021-03-10 18:00:00,-0.0,2403.167,2160.0,637.4359999999997,3500.0,-0.0,0.0,-0.0,-0.0
2021-03-10 19:00:00,-0.0,2474.771,2160.0,640.518,3500.0,-0.0,0.0,-0.0,-0.0
2021-03-10 20:00:00,-0.0,2521.4019999999996,2160.0,511.949000000001,3500.0,-0.0,0.0,-0.0,-0.0
2021-03-10 21:00:00,-0.0,2535.9685000000004,2160.0,295.6084999999989,3500.0,-0.0,0.0,-0.0,-0.0
2021-03-10 22:00:00,-0.0,2515.175,2160.0,78.29899999999998,3500.0,-0.0,0.0,-0.0,-0.0
2021-03-10 23:00:00,-0.0,2459.9120000000003,2160.0,-0.0,3433.7079999999996,-0.0,0.0,-0.0,-0.0
2021-03-11 00:00:00,-0.0,2368.4115,2160.0,-0.0,2890.0135,-0.0,0.0,-0.0,-0.0
2021-03-11 01:00:00,-0.0,2262.494,2160.0,-0.0,2844.7549999999997,-0.0,0.0,-0.0,-0.0
2021-03-11 02:00:00,-0.0,2146.027,2160.0,-0.0,2857.3,-0.0,0.0,-0.0,-0.0
2021-03-11 03:00:00,-0.0,2030.4635,2160.0,-0.0,2967.0205000000005,-0.0,0.0,-0.0,-0.0
2021-03-11 04:00:00,-0.0,1926.5479999999998,2160.0,-0.0,3185.6140000000005,-0.0,0.0,-0.0,-0.0
2021-03-11 05:00:00,-0.0,1842.919,2160.0,-0.0,3481.9090000000006,-0.0,0.0,-0.0,-0.0
2021-03-11 06:00:00,-0.0,1784.9845,2160.0,290.63549999999987,3500.0,-0.0,0.0,-0.0,-0.0
2021-03-11 07:00:00,332.9134767981992,1754.2005,2160.0,207.53402320180112,3500.0,-0.0,0.0,-0.0,-0.0
2021-03-11 08:00:00,1218.29767698019,1747.967,2160.0,-0.0,2965.5023230198094,-0.0,0.0,-0.0,-0.0
2021-03-11 09:00:00,2224.4199846665188,1760.005,2160.0,-0.0,1988.409015333481,-0.0,0.0,-0.0,-0.0
2021-03-11 10:00:00,3121.4007771416614,1781.299,2160.0,-0.0,1034.5662228583383,-0.0,0.0,-0.0,-0.0
2021-03-11 11:00:00,3735.027750320765,1801.3580000000002,2160.0,-0.0,326.49624967923455,-0.0,0.0,-0.0,-0.0
2021-03-11 12:00:00,3952.624664347558,1809.7364999999998,2160.0,-0.0,27.049835652442198,-0.0,0.0,-0.0,-0.0
2021-03-11 13:00:00,3735.027750320765,1797.497,2160.0,-0.0,217.5212496792351,-0.0,0.0,-0.0,-0.0
2021-03-11 14:00:00,3121.4007771416614,1758.5230000000001,2160.0,-0.0,891.7312228583382,-0.0,0.0,-0.0,-0.0
2021-03-11 15:00:00,2224.4199846665188,1690.403,2160.0,-0.0,1959.4480153334807,-0.0,0.0,-0.0,-0.0
2021-03-11 16:00:00,1218.29767698019,1594.8595000000003,2160.0,-0.0,3245.9718230198105,-0.0,0.0,-0.0,-0.0
2021-03-11 17:00:00,332.9134767981992,1477.606,2160.0,978.6385232018001,3500.0,-0.0,0.0,-0.0,-0.0
2021-03-11 18:00:00,-0.0,1347.6190000000001,2160.0,1638.3580000000002,3500.0,-0.0,0.0,-0.0,-0.0
2021-03-11 19:00:00,-0.0,1216.0655000000002,2160.0,1848.012499999999,3500.0,-0.0,0.0,-0.0,-0.0
2021-03-11 20:00:00,-0.0,1094.8015,2160.0,1890.7865000000002,3500.0,-0.0,0.0,-0.0,-0.0
2021-03-11 21:00:00,-0.0,994.9095000000001,2160.0,1792.3845000000001,3500.0,-0.0,0.0,-0.0,-0.0
2021-03-11 22:00:00,-0.0,925.2035,2160.0,1627.4925000000003,3500.0,-0.0,0.0,-0.0,-0.0
2021-03-11 23:00:00,-0.0,891.1565,2160.0,1465.2164999999995,3500.0,-0.0,0.0,-0.0,-0.0
2021-03-12 00:00:00,-0.0,887.328,2160.0,837.25,3500.0,-0.0,0.0,-0.0,-0.0
2021-03-12 01:00:00,-0.0,924.6055000000001,2160.0,652.3665000000001,3500.0,-0.0,0.0,-0.0,-0.0
2021-03-12 02:00:00,-0.0,989.5664999999999,2160.0,487.0685000000003,3500.0,-0.0,0.0,-0.0,-0.0
2021-03-12 03:00:00,-0.0,1072.7665,2160.0,401.6225000000004,3500.0,-0.0,0.0,-0.0,-0.0
2021-03-12 04:00:00,-0.0,1163.1685,2160.0,429.5045,3500.0,-0.0,0.0,-0.0,-0.0
2021-03-12 05:00:00,-0.0,1249.664,2160.0,559.2880000000005,3500.0,-0.0,0.0,-0.0,-0.0
2021-03-12 06:00:00,-0.0,1322.581,2160.0,740.7780000000002,3500.0,-0.0,0.0,-0.0,-0.0
2021-03-12 07:00:00,328.26993904954185,1374.945,2160.0,582.7870609504589,3500.0,-0.0,0.0,-0.0,-0.0
2021-03-12 08:00:00,1149.1469459685225,1403.4345,2160.0,-0.0,3374.152554031478,-0.0,0.0,-0.0,-0.0
2021-03-12 09:00:00,2074.50967827154,1408.7645000000002,2160.0,-0.0,2488.13282172846,-0.0,0.0,-0.0,-0.0
2021-03-12 10:00:00,2896.7589179816805,1395.6085,2160.0,-0.0,1647.0695820183191,-0.0,0.0,-0.0,-0.0
2021-03-12 11:00:00,3458.2961794499224,1371.8574999999998,2160.0,-0.0,1038.4833205500772,-0.0,0.0,-0.0,-0.0
2021-03-12 12:00:00,3657.276060207362,1347.5345,2160.0,-0.0,793.9254397926379,-0.0,0.0,-0.0,-0.0
2021-03-12 13:00:00,3458.2961794499224,1333.3840000000002,2160.0,-0.0,971.2428205500773,-0.0,0.0,-0.0,-0.0
2021-03-12 14:00:00,2896.7589179816805,1339.3315,2160.0,-0.0,1551.9715820183192,-0.0,0.0,-0.0,-0.0
2021-03-12 15:00:00,2074.50967827154,1373.086,2160.0,-0.0,2446.58832172846,-0.0,0.0,-0.0,-0.0
2021-03-12 16:00:00,1149.1469459685225,1439.0025,2160.0,-0.0,3494.3705540314777,-0.0,0.0,-0.0,-0.0
2021-03-12 17:00:00,328.26993904954185,1537.4385,2160.0,950.2905609504578,3500.0,-0.0,0.0,-0.0,-0.0
2021-03-12 18:00:00,-0.0,1664.598,2160.0,1351.6350000000002,3500.0,-0.0,0.0,-0.0,-0.0
2021-03-12 19:00:00,-0.0,1812.9605000000001,2160.0,1284.7524999999996,3500.0,-0.0,0.0,-0.0,-0.0
2021-03-12 20:00:00,-0.0,1972.2234999999998,2160.0,1050.3405000000002,3500.0,-0.0,0.0,-0.0,-0.0
2021-03-12 21:00:00,-0.0,2130.5895,2160.0,696.9784999999993,3500.0,-0.0,0.0,-0.0,-0.0
2021-03-12 22:00:00,-0.0,2276.2935,2160.0,319.93150000000014,3500.0,-0.0,0.0,-0.0,-0.0
2021-03-12 23:00:00,-0.0,2399.085,2160.0,4.024000000000342,3500.0,-0.0,0.0,-0.0,-0.0
2021-03-13 00:00:00,-0.0,2484.612,2160.0,-0.0,2353.5640000000003,-0.0,0.0,-0.0,-0.0
2021-03-13 01:00:00,-0.0,2543.1055,2160.0,-0.0,2150.5695,-0.0,0.0,-0.0,-0.0
2021-03-13 02:00:00,-0.0,2568.15,2160.0,-0.0,2028.2379999999998,-0.0,0.0,-0.0,-0.0
2021-03-13 03:00:00,-0.0,2564.3215000000005,2160.0,-0.0,2032.8114999999993,-0.0,0.0,-0.0,-0.0
2021-03-13 04:00:00,-0.0,2539.5825000000004,2160.0,-0.0,2178.7664999999997,-0.0,0.0,-0.0,-0.0
2021-03-13 05:00:00,-0.0,2504.125,2160.0,-0.0,2433.3720000000003,-0.0,0.0,-0.0,-0.0
2021-03-13 06:00:00,-0.0,2468.9925000000003,2160.0,-0.0,2725.7145,-0.0,0.0,-0.0,-0.0
2021-03-13 07:00:00,285.33252997257694,2444.5265000000004,2160.0,-0.0,2690.226970027423,-0.0,0.0,-0.0,-0.0
2021-03-13 08:00:00,958.1860505844238,2438.9624999999996,2160.0,-0.0,2166.335449415577,-0.0,0.0,-0.0,-0.0
2021-03-13 09:00:00,1710.843484457167,2457.312,2160.0,-0.0,1442.5955155428333,-0.0,0.0,-0.0,-0.0
2021-03-13 10:00:00,2377.4668231555775,2500.654,2160.0,-0.0,703.1791768444227,-0.0,0.0,-0.0,-0.0
2021-03-13 11:00:00,2831.9699269133425,2566.018,2160.0,-0.0,114.95507308665765,-0.0,0.0,-0.0,-0.0
2021-03-13 12:00:00,2992.894851873079,2646.7934999999998,2065.717648126921,-0.0,-0.0,-0.0,0.0,100.0,95.0
2021-03-13 13:00:00,2831.9699269133425,2733.6335,2106.273573086658,-0.0,-0.0,-0.0,0.0,100.0,189.9905
2021-03-13 14:00:00,2377.4668231555775,2815.7675,2160.0,-0.0,245.98267684442226,-0.0,0.0,-0.0,189.97150095
2021-03-13 15:00:00,1710.843484457167,2882.477,2160.0,-0.0,954.1355155428332,-0.0,0.0,-0.0,189.952503799905
2021-03-13 16:00:00,958.1860505844238,2924.61,2160.0,-0.0,1855.0269494155764,-0.0,0.0,-0.0,189.93350854952502
2021-03-13 17:00:00,285.33252997257694,2935.842,2160.0,-0.0,2752.0694700274225,-0.0,0.0,-0.0,189.91451519867007
2021-03-13 18:00:00,-0.0,2913.6185000000005,2160.0,-0.0,3261.7124999999996,-0.0,0.0,-0.0,189.8955237471502
2021-03-13 19:00:00,-0.0,2859.545,2160.0,-0.0,3399.0290000000005,-0.0,0.0,-0.0,189.8765341947755
2021-03-13 20:00:00,-0.0,2779.2375,2160.0,-0.0,3405.856499999999,-0.0,0.0,-0.0,189.85754654135602
2021-03-13 21:00:00,-0.0,2681.6595,2160.0,-0.0,3310.0144999999998,-0.0,0.0,-0.0,189.8385607867019
2021-03-13 22:00:00,-0.0,2577.9455000000003,2160.0,-0.0,3183.8664999999996,-0.0,0.0,-0.0,189.8195769306232
2021-03-13 23:00:00,-0.0,2480.0035000000003,2160.0,-0.0,3090.0754999999995,-0.0,0.0,-0.0,189.80059497293016
2021-03-14 00:00:00,-0.0,2391.9545,2160.0,-0.0,2550.4825,-0.0,0.0,-0.0,189.78161491343286
2021-03-14 01:00:00,-0.0,2336.7889999999998,2160.0,-0.0,2462.334,-0.0,0.0,-0.0,189.76263675194153
2021-03-14 02:00:00,-0.0,2313.077,2160.0,-0.0,2389.8459999999995,-0.0,0.0,-0.0,189.74366048826633
2021-03-14 03:00:00,-0.0,2322.398,2160.0,-0.0,2382.2569999999996,-0.0,0.0,-0.0,189.7246861222175
2021-03-14 04:00:00,-0.0,2362.1650000000004,2160.0,-0.0,2464.591,-0.0,0.0,-0.0,189.70571365360527
2021-03-14 05:00:00,-0.0,2426.021,2160.0,-0.0,2620.6649999999995,-0.0,0.0,-0.0,189.6867430822399
2021-03-14 06:00:00,-0.0,2504.7554999999998,2160.0,-0.0,2799.8205000000003,-0.0,0.0,-0.0,189.6677744079317
2021-03-14 07:00:00,257.03635469414917,2587.6175000000003,2160.0,-0.0,2685.8771453058507,-0.0,0.0,-0.0,189.6488076304909
2021-03-14 08:00:00,830.1457042985567,2663.778,2160.0,-0.0,2180.4772957014434,-0.0,0.0,-0.0,189.62984274972786
2021-03-14 09:00:00,1466.4880310027545,2723.838,2160.0,-0.0,1531.7089689972452,-0.0,0.0,-0.0,189.6108797654529
2021-03-14 10:00:00,2028.3070902763238,2761.135,2160.0,-0.0,903.4049097236757,-0.0,0.0,-0.0,189.59191867747634
2021-03-14 11:00:00,2410.7189641842215,2772.6465,2160.0,-0.0,441.28253581577883,-0.0,0.0,-0.0,189.5729594856086
2021-03-14 12:00:00,2546.0247930161413,2759.3865,2160.0,-0.0,251.7527069838584,-0.0,0.0,-0.0,189.55400218966005
2021-03-14 13:00:00,2410.7189641842215,2726.321,2160.0,-0.0,386.54203581577895,-0.0,0.0,-0.0,189.53504678944108
2021-03-14 14:00:00,2028.3070902763238,2681.627,2160.0,-0.0,840.8299097236763,-0.0,0.0,-0.0,189.51609328476215
2021-03-14 15:00:00,1466.4880310027545,2635.6005,2160.0,-0.0,1556.6514689972453,-0.0,0.0,-0.0,189.49714167543368
2021-03-14 16:00:00,830.1457042985567,2599.233,2160.0,-0.0,2419.361295701443,-0.0,0.0,-0.0,189.47819196126613
2021-03-14 17:00:00,257.03635469414917,2582.6970000000006,2160.0,-0.0,3243.9556453058503,-0.0,0.0,-0.0,189.45924414207002
2021-03-14 18:00:00,-0.0,2593.8900000000003,2160.0,91.3100000000004,3500.0,-0.0,100.0,-0.0,84.17714032291899
2021-03-14 19:00:00,-0.0,2637.3815,2160.0,150.42121352155846,3500.0,-0.0,79.96028647844237,-0.0,-0.0
2021-03-14 20:00:00,-0.0,2713.6720000000005,2160.0,79.82899999999972,3500.0,-0.0,0.0,-0.0,-0.0
2021-03-14 21:00:00,-0.0,2819.0890000000004,2160.0,-0.0,3280.1069999999995,-0.0,0.0,-0.0,-0.0
2021-03-14 22:00:00,-0.0,2946.2225,2160.0,-0.0,2922.1245,-0.0,0.0,-0.0,-0.0
2021-03-14 23:00:00,-0.0,3084.8284999999996,2160.0,-0.0,2590.6985000000004,-0.0,0.0,-0.0,-0.0
2021-03-15 00:00:00,-0.0,3216.0245000000004,2160.0,-0.0,2266.6814999999997,-0.0,0.0,-0.0,-0.0
2021-03-15 01:00:00,-0.0,3342.2870000000003,2160.0,-0.0,1995.8189999999995,-0.0,0.0,-0.0,-0.0
2021-03-15 02:00:00,-0.0,3446.2219999999998,2160.0,-0.0,1794.3000000000002,-0.0,0.0,-0.0,-0.0
2021-03-15 03:00:00,-0.0,3520.3415000000005,2160.0,-0.0,1720.4325,-0.0,0.0,-0.0,-0.0
2021-03-15 04:00:00,-0.0,3560.908,2160.0,-0.0,1800.391,-0.0,0.0,-0.0,-0.0
2021-03-15 05:00:00,-0.0,3568.3375,2160.0,-0.0,2011.2225000000003,-0.0,0.0,-0.0,-0.0
2021-03-15 06:00:00,-0.0,3547.0435000000007,2160.0,-0.0,2288.6444999999994,-0.0,0.0,-0.0,-0.0
2021-03-15 07:00:00,281.7610490920133,3504.8260000000005,2160.0,-0.0,2273.201950907987,-0.0,0.0,-0.0,-0.0
2021-03-15 08:00:00,877.2488200629714,3451.6884999999997,2160.0,-0.0,1872.7796799370294,-0.0,0.0,-0.0,-0.0
2021-03-15 09:00:00,1533.7151856911003,3398.46,2160.0,-0.0,1315.1448143088994,-0.0,0.0,-0.0,-0.0
2021-03-15 10:00:00,2111.5109553188886,3355.2610000000004,2160.0,-0.0,749.2430446811104,-0.0,0.0,-0.0,-0.0
2021-03-15 11:00:00,2504.165566846516,3330.0995,2160.0,-0.0,311.349933153484,-0.0,0.0,-0.0,-0.0
2021-03-15 12:00:00,2642.993868245029,3327.7400000000002,2160.0,-0.0,105.11313175497071,-0.0,0.0,-0.0,-0.0
2021-03-15 13:00:00,2504.165566846516,3349.0209999999997,2160.0,-0.0,186.71443315348415,-0.0,0.0,-0.0,-0.0
2021-03-15 14:00:00,2111.5109553188886,3390.7315,2160.0,-0.0,562.397544681111,-0.0,0.0,-0.0,-0.0
2021-03-15 15:00:00,1533.7151856911003,3446.0205,2160.0,-0.0,1190.3613143088994,-0.0,0.0,-0.0,-0.0
2021-03-15 16:00:00,877.2488200629714,3505.32,2160.0,-0.0,1974.9331799370289,-0.0,0.0,-0.0,-0.0
2021-03-15 17:00:00,281.7610490920133,3557.6385,2160.0,-0.0,2750.3864509079867,-0.0,0.0,-0.0,-0.0
2021-03-15 18:00:00,-0.0,3592.0755,2160.0,-0.0,3196.4855,-0.0,0.0,-0.0,-0.0
2021-03-15 19:00:00,-0.0,3599.2774999999997,2160.0,-0.0,3269.0435,-0.0,0.0,-0.0,-0.0
2021-03-15 20:00:00,-0.0,3572.7769999999996,2160.0,-0.0,3218.413000000001,-0.0,0.0,-0.0,-0.0
2021-03-15 21:00:00,-0.0,3509.8895,2160.0,-0.0,3084.0634999999993,-0.0,0.0,-0.0,-0.0
2021-03-15 22:00:00,-0.0,3412.123,2160.0,-0.0,2947.9899999999993,-0.0,0.0,-0.0,-0.0
2021-03-15 23:00:00,-0.0,3285.0285000000003,2160.0,-0.0,2879.2145,-0.0,0.0,-0.0,-0.0
2021-03-16 00:00:00,-0.0,3130.309,2160.0,-0.0,2401.724,-0.0,0.0,-0.0,-0.0
2021-03-16 01:00:00,-0.0,2973.5355000000004,2160.0,-0.0,2410.739499999999,-0.0,0.0,-0.0,-0.0
2021-03-16 02:00:00,-0.0,2819.453,2160.0,-0.0,2464.0310000000004,-0.0,0.0,-0.0,-0.0
2021-03-16 03:00:00,-0.0,2679.2545,2160.0,-0.0,2601.2264999999998,-0.0,0.0,-0.0,-0.0
2021-03-16 04:00:00,-0.0,2562.0009999999997,2160.0,-0.0,2835.7060000000006,-0.0,0.0,-0.0,-0.0
2021-03-16 05:00:00,-0.0,2473.432,2160.0,-0.0,3139.1950000000006,-0.0,0.0,-0.0,-0.0
2021-03-16 06:00:00,-0.0,2415.3025000000002,2160.0,-0.0,3450.0735,-0.0,0.0,-0.0,-0.0
2021-03-16 07:00:00,333.4709463696079,2385.2400000000002,2160.0,-0.0,3367.351053630392,-0.0,0.0,-0.0,-0.0
2021-03-16 08:00:00,1002.9857755922486,2377.1409999999996,2160.0,-0.0,2844.414224407751,-0.0,0.0,-0.0,-0.0
2021-03-16 09:00:00,1736.0031276415145,2382.068,2160.0,-0.0,2148.593872358486,-0.0,0.0,-0.0,-0.0
2021-03-16 10:00:00,2379.212744340759,2389.5625,2160.0,-0.0,1463.0797556592406,-0.0,0.0,-0.0,-0.0
2021-03-16 11:00:00,2815.6317802435947,2389.1465000000003,2160.0,-0.0,953.1457197564059,-0.0,0.0,-0.0,-0.0
2021-03-16 12:00:00,2969.8241880717023,2371.759,2160.0,-0.0,743.0218119282972,-0.0,0.0,-0.0,-0.0
2021-03-16 13:00:00,2815.6317802435947,2331.108,2160.0,-0.0,898.3492197564051,-0.0,0.0,-0.0,-0.0
2021-03-16 14:00:00,2379.212744340759,2264.548,2160.0,-0.0,1422.4822556592417,-0.0,0.0,-0.0,-0.0
2021-03-16 15:00:00,1736.0031276415145,2173.509,2160.0,-0.0,2258.5908723584844,-0.0,0.0,-0.0,-0.0
2021-03-16 16:00:00,1002.9857755922486,2063.334,2160.0,-0.0,3285.5822244077517,-0.0,0.0,-0.0,-0.0
2021-03-16 17:00:00,333.4709463696079,1942.6094999999998,2160.0,804.4925536303926,3500.0,-0.0,0.0,-0.0,-0.0
2021-03-16 18:00:00,-0.0,1822.0345,2160.0,1453.6985000000004,3500.0,-0.0,0.0,-0.0,-0.0
2021-03-16 19:00:00,-0.0,1712.9905,2160.0,1638.8865000000005,3500.0,-0.0,0.0,-0.0,-0.0
2021-03-16 20:00:00,-0.0,1626.0335,2160.0,1645.1005000000005,3500.0,-0.0,0.0,-0.0,-0.0
2021-03-16 21:00:00,-0.0,1569.4379999999999,2160.0,1500.8529999999992,3500.0,-0.0,0.0,-0.0,-0.0
2021-03-16 22:00:00,-0.0,1548.1115,2160.0,1284.7414999999992,3500.0,-0.0,0.0,-0.0,-0.0
2021-03-16 23:00:00,-0.0,1562.886,2160.0,1070.512999999999,3500.0,-0.0,0.0,-0.0,-0.0
2021-03-17 00:00:00,-0.0,1603.0885,2160.0,394.39750000000004,3500.0,-0.0,0.0,-0.0,-0.0
2021-03-17 01:00:00,-0.0,1676.2005000000001,2160.0,169.97649999999976,3500.0,-0.0,0.0,-0.0,-0.0
2021-03-17 02:00:00,-0.0,1764.906,2160.0,-0.0,3476.9489999999996,-0.0,0.0,-0.0,-0.0
2021-03-17 03:00:00,-0.0,1857.6545000000003,2160.0,-0.0,3377.692499999999,-0.0,0.0,-0.0,-0.0
2021-03-17 04:00:00,-0.0,1942.8564999999999,2160.0,-0.0,3406.2375,-0.0,0.0,-0.0,-0.0
2021-03-17 05:00:00,-0.0,2010.3590000000002,2160.0,50.206999999999425,3500.0,-0.0,0.0,-0.0,-0.0
2021-03-17 06:00:00,-0.0,2052.7909999999997,2160.0,257.10800000000063,3500.0,-0.0,0.0,-0.0,-0.0
2021-03-17 07:00:00,367.64199328518924,2066.467,2160.0,93.09600671481076,3500.0,-0.0,0.0,-0.0,-0.0
2021-03-17 08:00:00,1070.3109469085339,2051.8095000000003,2160.0,-0.0,3040.223553091465,-0.0,0.0,-0.0,-0.0
2021-03-17 09:00:00,1834.5343428781964,2013.232,2160.0,-0.0,2353.4026571218037,-0.0,0.0,-0.0,-0.0
2021-03-17 10:00:00,2503.142518292392,1958.4565,2160.0,-0.0,1701.504981707607,-0.0,0.0,-0.0,-0.0
2021-03-17 11:00:00,2956.0834820423634,1897.3955000000003,2160.0,-0.0,1232.4870179576365,-0.0,0.0,-0.0,-0.0
2021-03-17 12:00:00,3116.0037365657154,1840.7545,2160.0,-0.0,1052.7307634342842,-0.0,0.0,-0.0,-0.0
2021-03-17 13:00:00,2956.0834820423634,1798.485,2160.0,-0.0,1212.2995179576374,-0.0,0.0,-0.0,-0.0
2021-03-17 14:00:00,2503.142518292392,1778.4000000000003,2160.0,-0.0,1703.4304817076072,-0.0,0.0,-0.0,-0.0
2021-03-17 15:00:00,1834.5343428781964,1785.0365000000002,2160.0,-0.0,2464.270157121804,-0.0,0.0,-0.0,-0.0
2021-03-17 16:00:00,1070.3109469085339,1818.9859999999999,2160.0,-0.0,3375.412053091467,-0.0,0.0,-0.0,-0.0
2021-03-17 17:00:00,367.64199328518924,1876.7710000000002,2160.0,746.0980067148103,3500.0,-0.0,0.0,-0.0,-0.0
2021-03-17 18:00:00,-0.0,1951.2545,2160.0,1231.6135000000004,3500.0,-0.0,0.0,-0.0,-0.0
2021-03-17 19:00:00,-0.0,2032.563,2160.0,1223.7129999999997,3500.0,-0.0,0.0,-0.0,-0.0
2021-03-17 20:00:00,-0.0,2109.393,2160.0,1063.4740000000002,3500.0,-0.0,0.0,-0.0,-0.0
2021-03-17 21:00:00,-0.0,2170.5190000000002,2160.0,798.9110000000001,3500.0,-0.0,0.0,-0.0,-0.0
2021-03-17 22:00:00,-0.0,2206.2884999999997,2160.0,523.1845000000003,3500.0,-0.0,0.0,-0.0,-0.0
2021-03-17 23:00:00,-0.0,2209.909,2160.0,317.6669999999999,3500.0,-0.0,0.0,-0.0,-0.0
2021-03-18 00:00:00,-0.0,2170.9804999999997,2160.0,-0.0,3218.1895000000004,-0.0,0.0,-0.0,-0.0
2021-03-18 01:00:00,-0.0,2105.5125000000003,2160.0,-0.0,3130.0645,-0.0,0.0,-0.0,-0.0
2021-03-18 02:00:00,-0.0,2011.3729999999998,2160.0,-0.0,3117.6820000000007,-0.0,0.0,-0.0,-0.0
2021-03-18 03:00:00,-0.0,1897.207,2160.0,-0.0,3223.2219999999998,-0.0,0.0,-0.0,-0.0
2021-03-18 04:00:00,-0.0,1773.915,2160.0,-0.0,3458.2309999999998,-0.0,0.0,-0.0,-0.0
2021-03-18 05:00:00,-0.0,1653.223,2160.0,288.4520000000002,3500.0,-0.0,0.0,-0.0,-0.0
2021-03-18 06:00:00,-0.0,1546.129,2160.0,643.0250000000005,3500.0,-0.0,0.0,-0.0,-0.0
2021-03-18 07:00:00,394.67620447888964,1461.5249999999999,2160.0,548.4977955211102,3500.0,-0.0,0.0,-0.0,-0.0
2021-03-18 08:00:00,1114.1672618724363,1405.0075000000002,2160.0,18.992238127563724,3500.0,-0.0,0.0,-0.0,-0.0
2021-03-18 09:00:00,1891.684163006461,1378.2340000000002,2160.0,-0.0,2805.498836993538,-0.0,0.0,-0.0,-0.0
2021-03-18 10:00:00,2569.953102311993,1378.7475,2160.0,-0.0,2087.171397688007,-0.0,0.0,-0.0,-0.0
2021-03-18 11:00:00,3028.7444335421324,1400.399,2160.0,-0.0,1528.2065664578686,-0.0,0.0,-0.0,-0.0
2021-03-18 12:00:00,3190.612768545791,1434.2379999999998,2160.0,-0.0,1254.7362314542092,-0.0,0.0,-0.0,-0.0
2021-03-18 13:00:00,3028.7444335421324,1469.8449999999998,2160.0,-0.0,1337.1895664578688,-0.0,0.0,-0.0,-0.0
2021-03-18 14:00:00,2569.953102311993,1496.7745000000002,2160.0,-0.0,1786.0693976880061,-0.0,0.0,-0.0,-0.0
2021-03-18 15:00:00,1891.684163006461,1506.0629999999999,2160.0,-0.0,2552.930836993539,-0.0,0.0,-0.0,-0.0
2021-03-18 16:00:00,1114.1672618724363,1491.5225,2160.0,24.971238127563993,3500.0,-0.0,0.0,-0.0,-0.0
2021-03-18 17:00:00,394.67620447888964,1450.6505,2160.0,1010.3532955211112,3500.0,-0.0,0.0,-0.0,-0.0
2021-03-18 18:00:00,-0.0,1385.0265,2160.0,1662.3305,3500.0,-0.0,0.0,-0.0,-0.0
2021-03-18 19:00:00,-0.0,1300.1885000000002,2160.0,1820.0005,3500.0,-0.0,0.0,-0.0,-0.0
2021-03-18 20:00:00,-0.0,1204.9180000000001,2160.0,1831.3900000000012,3500.0,-0.0,0.0,-0.0,-0.0
2021-03-18 21:00:00,-0.0,1110.1285,2160.0,1722.375500000001,3500.0,-0.0,0.0,-0.0,-0.0
2021-03-18 22:00:00,-0.0,1027.4225000000001,2160.0,1564.861499999999,3500.0,-0.0,0.0,-0.0,-0.0
2021-03-18 23:00:00,-0.0,967.5835,2160.0,1422.6455000000005,3500.0,-0.0,0.0,-0.0,-0.0
2021-03-19 00:00:00,-0.0,931.6450000000001,2160.0,820.0009999999993,3500.0,-0.0,0.0,-0.0,-0.0
2021-03-19 01:00:00,-0.0,939.7050000000002,2160.0,658.4009999999998,3500.0,-0.0,0.0,-0.0,-0.0
2021-03-19 02:00:00,-0.0,985.3415,2160.0,506.3995,3500.0,-0.0,0.0,-0.0,-0.0
2021-03-19 03:00:00,-0.0,1065.4085,2160.0,417.9704999999999,3500.0,-0.0,0.0,-0.0,-0.0
2021-03-19 04:00:00,-0.0,1172.9640000000002,2160.0,422.4989999999998,3500.0,-0.0,0.0,-0.0,-0.0
2021-03-19 05:00:00,-0.0,1298.1995000000002,2160.0,507.26449999999977,3500.0,-0.0,0.0,-0.0,-0.0
2021-03-19 06:00:00,-0.0,1429.727,2160.0,623.7920000000004,3500.0,-0.0,0.0,-0.0,-0.0
2021-03-19 07:00:00,461.2785031641175,1556.1,2160.0,252.36449683588262,3500.0,-0.0,0.0,-0.0,-0.0
2021-03-19 08:00:00,1264.7698107022413,1667.2955,2160.0,-0.0,2971.928689297758,-0.0,0.0,-0.0,-0.0
2021-03-19 09:00:00,2127.7082030859733,1756.0140000000001,2160.0,-0.0,2058.4067969140265,-0.0,0.0,-0.0,-0.0
2021-03-19 10:00:00,2878.3624221251926,1818.6415,2160.0,-0.0,1206.5660778748074,-0.0,0.0,-0.0,-0.0
2021-03-19 11:00:00,3385.3534301448262,1855.6135,2160.0,-0.0,585.1690698551743,-0.0,0.0,-0.0,-0.0
2021-03-19 12:00:00,3564.1112553503954,1871.35,2160.0,-0.0,314.0987446496051,-0.0,0.0,-0.0,-0.0
2021-03-19 13:00:00,3385.3534301448262,1873.5145000000002,2160.0,-0.0,448.1700698551731,-0.0,0.0,-0.0,-0.0
2021-03-19 14:00:00,2878.3624221251926,1871.9545,2160.0,-0.0,975.1220778748079,-0.0,0.0,-0.0,-0.0
2021-03-19 15:00:00,2127.7082030859733,1877.239,2160.0,-0.0,1819.853796914027,-0.0,0.0,-0.0,-0.0
2021-03-19 16:00:00,1264.7698107022413,1899.1895000000004,2160.0,-0.0,2842.4006892977577,-0.0,0.0,-0.0,-0.0
2021-03-19 17:00:00,461.2785031641175,1945.424,2160.0,326.3464968358835,3500.0,-0.0,0.0,-0.0,-0.0
2021-03-19 18:00:00,-0.0,2020.2649999999999,2160.0,906.223,3500.0,-0.0,0.0,-0.0,-0.0
2021-03-19 19:00:00,-0.0,2124.0570000000002,2160.0,877.116,3500.0,-0.0,0.0,-0.0,-0.0
2021-03-19 20:00:00,-0.0,2253.03,2160.0,666.2049999999999,3500.0,-0.0,0.0,-0.0,-0.0
2021-03-19 21:00:00,-0.0,2399.7545,2160.0,317.7074999999995,3500.0,-0.0,0.0,-0.0,-0.0
2021-03-19 22:00:00,-0.0,2554.0255,2160.0,-0.0,3425.3335,-0.0,0.0,-0.0,-0.0
2021-03-19 23:00:00,-0.0,2704.195,2160.0,-0.0,3075.31,-0.0,0.0,-0.0,-0.0
2021-03-20 00:00:00,-0.0,2831.1075,2160.0,-0.0,1875.8294999999998,-0.0,0.0,-0.0,-0.0
2021-03-20 01:00:00,-0.0,2939.8525000000004,2160.0,-0.0,1615.9085,-0.0,0.0,-0.0,-0.0
2021-03-20 02:00:00,-0.0,3015.6879999999996,2160.0,-0.0,1436.1510000000003,-0.0,0.0,-0.0,-0.0
2021-03-20 03:00:00,-0.0,3055.234,2160.0,-0.0,1390.7620000000002,-0.0,0.0,-0.0,-0.0
2021-03-20 04:00:00,-0.0,3059.29,2160.0,-0.0,1501.3829999999998,-0.0,0.0,-0.0,-0.0
2021-03-20 05:00:00,-0.0,3032.7505000000006,2160.0,-0.0,1740.5894999999996,-0.0,0.0,-0.0,-0.0
2021-03-20 06:00:00,-0.0,2983.8705,2160.0,-0.0,2040.2614999999996,-0.0,0.0,-0.0,-0.0
2021-03-20 07:00:00,561.4821271150255,2923.1800000000003,2160.0,-0.0,1758.496872884974,-0.0,0.0,-0.0,-0.0
2021-03-20 08:00:00,1497.5593020597337,2862.0475,2160.0,-0.0,1020.6721979402666,-0.0,0.0,-0.0,-0.0
2021-03-20 09:00:00,2496.90621033971,2811.1589999999997,2160.0,-0.0,113.27978966029059,-0.0,0.0,-0.0,-0.0
2021-03-20 10:00:00,3363.820402194258,2779.075,1402.8825978057425,-0.0,-0.0,-0.0,0.0,-0.0,-0.0
2021-03-20 11:00:00,3948.4712097386,2771.119,772.9238650031639,-0.0,-0.0,-0.0,0.0,21.121074741764055,20.065021004675852
2021-03-20 12:00:00,4154.4715314722425,2788.6820000000002,554.7694685277575,-0.0,-0.0,-0.0,0.0,100.0,115.06301450257538
2021-03-20 13:00:00,3948.4712097386,2829.0990000000006,680.9877902613989,-0.0,-0.0,-0.0,0.0,100.0,210.05150820112513
2021-03-20 14:00:00,3363.820402194258,2886.0195,1230.3260978057428,-0.0,-0.0,-0.0,0.0,100.0,305.030503050305
2021-03-20 15:00:00,2496.90621033971,2950.3695000000002,2135.5062896602903,-0.0,-0.0,-0.0,0.0,100.0,400.0
2021-03-20 16:00:00,1497.5593020597337,3011.5865,2160.0,-0.0,898.4941979402668,-0.0,100.0,-0.0,294.69684210526316
2021-03-20 17:00:00,561.4821271150255,3059.1730000000002,2160.0,-0.0,2017.0148728849745,-0.0,100.0,-0.0,189.4042145263158
2021-03-20 18:00:00,-0.0,3084.1200000000003,2160.0,-0.0,2750.3689999999992,-0.0,100.0,-0.0,84.12211621012632
2021-03-20 19:00:00,-0.0,3080.2525000000005,2160.0,-0.0,2852.4284812014193,-0.0,79.90801879858006,-0.0,-0.0
2021-03-20 20:00:00,-0.0,3045.1135,2160.0,-0.0,2888.9865000000004,-0.0,0.0,-0.0,-0.0
2021-03-20 21:00:00,-0.0,2980.3605,2160.0,-0.0,2755.4445000000005,-0.0,0.0,-0.0,-0.0
2021-03-20 22:00:00,-0.0,2891.6615,2160.0,-0.0,2609.5464999999995,-0.0,0.0,-0.0,-0.0
2021-03-20 23:00:00,-0.0,2787.9410000000003,2160.0,-0.0,2516.9429999999998,-0.0,0.0,-0.0,-0.0
2021-03-21 00:00:00,-0.0,2672.6635000000006,2160.0,-0.0,1999.2354999999998,-0.0,0.0,-0.0,-0.0
2021-03-21 01:00:00,-0.0,2572.9405,2160.0,-0.0,1951.3524999999995,-0.0,0.0,-0.0,-0.0
2021-03-21 02:00:00,-0.0,2492.165,2160.0,-0.0,1931.7910000000002,-0.0,0.0,-0.0,-0.0
2021-03-21 03:00:00,-0.0,2439.1055,2160.0,-0.0,1982.6045,-0.0,0.0,-0.0,-0.0
2021-03-21 04:00:00,-0.0,2419.2025,2160.0,-0.0,2120.7915,-0.0,0.0,-0.0,-0.0
2021-03-21 05:00:00,-0.0,2433.8145000000004,2160.0,-0.0,2322.4584999999997,-0.0,0.0,-0.0,-0.0
2021-03-21 06:00:00,-0.0,2480.127,2160.0,-0.0,2530.5530000000003,-0.0,0.0,-0.0,-0.0
2021-03-21 07:00:00,620.034810230681,2551.5295,2160.0,-0.0,2061.758689769319,-0.0,0.0,-0.0,-0.0
2021-03-21 08:00:00,1610.9339103900788,2638.545,2160.0,-0.0,1124.5760896099214,-0.0,0.0,-0.0,-0.0
2021-03-21 09:00:00,2662.713588578707,2730.1235,2160.0,-0.0,25.890911421292913,-0.0,0.0,-0.0,-0.0
2021-03-21 10:00:00,3572.650954059667,2815.15,1158.957045940333,-0.0,-0.0,-0.0,0.0,-0.0,-0.0
2021-03-21 11:00:00,4185.426407783542,2883.9200000000005,427.73266695822076,-0.0,-0.0,-0.0,0.0,21.121074741764055,20.065021004675852
2021-03-21 12:00:00,4401.203888154199,2929.472,175.38111184579975,-0.0,-0.0,-0.0,0.0,100.0,115.06301450257538
2021-03-21 13:00:00,4185.426407783542,2948.465,336.3525922164572,-0.0,-0.0,-0.0,0.0,100.0,210.05150820112513
2021-03-21 14:00:00,3572.650954059667,2941.6465000000003,981.0845459403317,-0.0,-0.0,-0.0,0.0,100.0,305.030503050305
2021-03-21 15:00:00,2662.713588578707,2913.664,2025.1264114212931,-0.0,-0.0,-0.0,0.0,100.0,400.0
2021-03-21 16:00:00,1610.9339103900788,2872.4474999999998,2160.0,-0.0,946.4595896099217,-0.0,100.0,-0.0,294.69684210526316
2021-03-21 17:00:00,620.034810230681,2828.0330000000004,2160.0,-0.0,2215.251189769319,-0.0,100.0,-0.0,189.4042145263158
2021-03-21 18:00:00,-0.0,2791.1780000000003,2160.0,-0.0,3072.3749999999995,-0.0,100.0,-0.0,84.12211621012632
2021-03-21 19:00:00,-0.0,2771.8535,2160.0,-0.0,3193.2724812014194,-0.0,79.90801879858006,-0.0,-0.0
2021-03-21 20:00:00,-0.0,2777.788,2160.0,-0.0,3192.097,-0.0,0.0,-0.0,-0.0
2021-03-21 21:00:00,-0.0,2813.395,2160.0,-0.0,2961.494,-0.0,0.0,-0.0,-0.0
2021-03-21 22:00:00,-0.0,2879.0645000000004,2160.0,-0.0,2664.4815,-0.0,0.0,-0.0,-0.0
2021-03-21 23:00:00,-0.0,2971.0589999999997,2160.0,-0.0,2379.3710000000005,-0.0,0.0,-0.0,-0.0
2021-03-22 00:00:00,-0.0,3074.188,2160.0,-0.0,2082.4489999999996,-0.0,0.0,-0.0,-0.0
2021-03-22 01:00:00,-0.0,3193.658,2160.0,-0.0,1818.4780000000005,-0.0,0.0,-0.0,-0.0
2021-03-22 02:00:00,-0.0,3310.0275,2160.0,-0.0,1604.8215,-0.0,0.0,-0.0,-0.0
2021-03-22 03:00:00,-0.0,3411.5965000000006,2160.0,-0.0,1503.9974999999995,-0.0,0.0,-0.0,-0.0
2021-03-22 04:00:00,-0.0,3488.186,2160.0,-0.0,1548.6240000000003,-0.0,0.0,-0.0,-0.0
2021-03-22 05:00:00,-0.0,3532.4705,2160.0,-0.0,1723.4874999999997,-0.0,0.0,-0.0,-0.0
2021-03-22 06:00:00,4.3188576686061095,3540.8945000000003,2160.0,-0.0,1967.9546423313932,-0.0,0.0,-0.0,-0.0
2021-03-22 07:00:00,589.6619076477746,3514.0625000000005,2160.0,-0.0,1634.8225923522245,-0.0,0.0,-0.0,-0.0
2021-03-22 08:00:00,1494.3186272984676,3456.6610000000005,2160.0,-0.0,930.9653727015316,-0.0,0.0,-0.0,-0.0
2021-03-22 09:00:00,2449.2211208469016,3376.7305,2160.0,-0.0,103.26037915309871,-0.0,0.0,-0.0,-0.0
2021-03-22 10:00:00,3273.161147389007,3284.5800000000004,1523.140927352758,-0.0,-0.0,-0.0,0.0,21.121074741764055,20.065021004675852
2021-03-22 11:00:00,3827.2368930553166,3191.3505000000005,1072.8166069446834,-0.0,-0.0,-0.0,0.0,100.0,115.06301450257538
2021-03-22 12:00:00,4022.216470184955,3107.494,894.1565298150445,-0.0,-0.0,-0.0,0.0,100.0,210.05150820112513
2021-03-22 13:00:00,3827.2368930553166,3041.3630000000003,1121.7381069446828,-0.0,-0.0,-0.0,0.0,100.0,305.030503050305
2021-03-22 14:00:00,3273.161147389007,2998.0665,1746.450352610993,-0.0,-0.0,-0.0,0.0,100.0,400.0
2021-03-22 15:00:00,2449.2211208469016,2978.8005000000003,2160.0,-0.0,437.8953791530985,-0.0,0.0,-0.0,399.96
2021-03-22 16:00:00,1494.3186272984676,2980.7115,2160.0,-0.0,1581.2538727015321,-0.0,0.0,-0.0,399.920004
2021-03-22 17:00:00,589.6619076477746,2997.306,2160.0,-0.0,2704.7370923522253,-0.0,0.0,-0.0,399.8800119996
2021-03-22 18:00:00,4.3188576686061095,3019.3475000000003,2160.0,-0.0,3470.125642331393,-0.0,0.0,-0.0,399.84002399840006
2021-03-22 19:00:00,-0.0,3036.1825,2160.0,-0.0,3500.0,-0.0,40.852499999999964,-0.0,356.7974084170529
2021-03-22 20:00:00,-0.0,3037.2225000000003,2160.0,-0.0,3466.3335,-0.0,0.0,-0.0,356.7617286762112
2021-03-22 21:00:00,-0.0,3013.4065,2160.0,-0.0,3296.7285,-0.0,0.0,-0.0,356.72605250334357
2021-03-22 22:00:00,-0.0,2958.5465,2160.0,-0.0,3121.7264999999993,-0.0,0.0,-0.0,356.6903798980932
2021-03-22 23:00:00,-0.0,2870.1855,2160.0,-0.0,3018.3545,-0.0,0.0,-0.0,356.6547108601034
2021-03-23 00:00:00,-0.0,2742.2459999999996,2160.0,-0.0,2517.5310000000004,-0.0,0.0,-0.0,356.6190453890174
2021-03-23 01:00:00,-0.0,2596.0675,2160.0,-0.0,2520.3954999999996,-0.0,0.0,-0.0,356.58338348447853
2021-03-23 02:00:00,-0.0,2432.898,2160.0,-0.0,2587.3639999999996,-0.0,0.0,-0.0,356.54772514613006
2021-03-23 03:00:00,-0.0,2263.9955,2160.0,-0.0,2757.9995,-0.0,0.0,-0.0,356.5120703736155
2021-03-23 04:00:00,-0.0,2101.385,2160.0,-0.0,3042.71,-0.0,0.0,-0.0,356.4764191665781
2021-03-23 05:00:00,-0.0,1956.2920000000001,2160.0,-0.0,3407.7339999999995,-0.0,0.0,-0.0,356.4407715246615
2021-03-23 06:00:00,9.967065853648425,1837.7579999999998,2160.0,174.190934146352,3500.0,-0.0,100.0,-0.0,251.1419695527722
2021-03-23 07:00:00,521.9017875450056,1751.49,2160.0,-0.0,3500.0,-0.0,74.47921245499447,-0.0,172.71768435055958
2021-03-23 08:00:00,1291.620240718554,1699.1585,2160.0,-0.0,3000.9622592814467,-0.0,0.0,-0.0,172.70041258212453
2021-03-23 09:00:00,2099.718329769858,1678.2545000000002,2160.0,-0.0,2261.402170230142,-0.0,0.0,-0.0,172.68314254086633
2021-03-23 10:00:00,2795.189187278859,1682.5250000000003,2160.0,-0.0,1532.4728127211401,-0.0,0.0,-0.0,172.66587422661223
2021-03-23 11:00:00,3262.2261673344515,1702.844,2160.0,-0.0,976.9178326655488,-0.0,0.0,-0.0,172.64860763918958
2021-03-23 12:00:00,3426.471405565654,1728.5320000000002,2160.0,-0.0,719.5005944343457,-0.0,0.0,-0.0,172.63134277842565
2021-03-23 13:00:00,3262.2261673344515,1748.8575,2160.0,-0.0,829.838332665548,-0.0,0.0,-0.0,172.6140796441478
2021-03-23 14:00:00,2795.189187278859,1754.493,2160.0,-0.0,1318.4218127211416,-0.0,0.0,-0.0,172.5968182361834
2021-03-23 15:00:00,2099.718329769858,1738.854,2160.0,-0.0,2137.5076702301417,-0.0,0.0,-0.0,172.57955855435978
2021-03-23 16:00:00,1291.620240718554,1698.9764999999998,2160.0,-0.0,3175.482259281446,-0.0,0.0,-0.0,172.56230059850435
2021-03-23 17:00:00,521.9017875450055,1635.9720000000002,2160.0,643.1552124549953,3500.0,-0.0,100.0,-0.0,67.28188647370767
2021-03-23 18:00:00,9.967065853648425,1554.852,2160.0,1473.8095337755449,3500.0,-0.0,63.911400370807286,-0.0,-0.0
2021-03-23 19:00:00,-0.0,1463.8585,2160.0,1721.2444999999989,3500.0,-0.0,0.0,-0.0,-0.0
2021-03-23 20:00:00,-0.0,1373.3590000000002,2160.0,1737.482,3500.0,-0.0,0.0,-0.0,-0.0
2021-03-23 21:00:00,-0.0,1294.4035000000001,2160.0,1622.1324999999997,3500.0,-0.0,0.0,-0.0,-0.0
2021-03-23 22:00:00,-0.0,1237.2165000000002,2160.0,1448.4704999999994,3500.0,-0.0,0.0,-0.0,-0.0
2021-03-23 23:00:00,-0.0,1209.7605,2160.0,1283.1064999999999,3500.0,-0.0,0.0,-0.0,-0.0
2021-03-24 00:00:00,-0.0,1208.766,2160.0,654.0460000000003,3500.0,-0.0,0.0,-0.0,-0.0
2021-03-24 01:00:00,-0.0,1250.5545000000002,2160.0,467.65650000000005,3500.0,-0.0,0.0,-0.0,-0.0
2021-03-24 02:00:00,-0.0,1323.621,2160.0,297.0060000000003,3500.0,-0.0,0.0,-0.0,-0.0
2021-03-24 03:00:00,-0.0,1420.5945,2160.0,200.28449999999975,3500.0,-0.0,0.0,-0.0,-0.0
2021-03-24 04:00:00,-0.0,1531.2830000000001,2160.0,210.1210000000001,3500.0,-0.0,0.0,-0.0,-0.0
2021-03-24 05:00:00,-0.0,1643.9735,2160.0,315.6914999999999,3500.0,-0.0,0.0,-0.0,-0.0
2021-03-24 06:00:00,16.35652478748697,1746.9205000000002,2160.0,452.51597521251233,3500.0,-0.0,0.0,-0.0,-0.0
2021-03-24 07:00:00,497.7896970717663,1829.8995000000002,2160.0,112.20580292823388,3500.0,-0.0,0.0,-0.0,-0.0
2021-03-24 08:00:00,1204.4467022444194,1885.4615000000003,2160.0,-0.0,2991.91379775558,-0.0,0.0,-0.0,-0.0
2021-03-24 09:00:00,1942.475154397118,1909.9015000000002,2160.0,-0.0,2275.0483456028815,-0.0,0.0,-0.0,-0.0
2021-03-24 10:00:00,2576.0423853227653,1903.6615000000002,2160.0,-0.0,1616.4161146772353,-0.0,0.0,-0.0,-0.0
2021-03-24 11:00:00,3000.9322153641583,1871.1875,2160.0,-0.0,1153.600284635842,-0.0,0.0,-0.0,-0.0
2021-03-24 12:00:00,3150.2605480307434,1820.3055000000002,2160.0,-0.0,985.3859519692564,-0.0,0.0,-0.0,-0.0
2021-03-24 13:00:00,3000.9322153641583,1761.0320000000002,2160.0,-0.0,1158.0417846358419,-0.0,0.0,-0.0,-0.0
2021-03-24 14:00:00,2576.0423853227653,1704.222,2160.0,-0.0,1664.4806146772348,-0.0,0.0,-0.0,-0.0
2021-03-24 15:00:00,1942.475154397118,1660.0220000000002,2160.0,-0.0,2447.7048456028815,-0.0,0.0,-0.0,-0.0
2021-03-24 16:00:00,1204.4467022444194,1636.4399999999998,2160.0,-0.0,3396.721297755581,-0.0,0.0,-0.0,-0.0
2021-03-24 17:00:00,497.7896970717663,1638.2469999999998,2160.0,833.8543029282337,3500.0,-0.0,0.0,-0.0,-0.0
2021-03-24 18:00:00,16.35652478748697,1666.3010000000004,2160.0,1486.0084752125122,3500.0,-0.0,0.0,-0.0,-0.0
2021-03-24 19:00:00,-0.0,1717.3845,2160.0,1531.0414999999994,3500.0,-0.0,0.0,-0.0,-0.0
2021-03-24 20:00:00,-0.0,1784.6465,2160.0,1386.6485000000002,3500.0,-0.0,0.0,-0.0,-0.0
2021-03-24 21:00:00,-0.0,1858.5125,2160.0,1115.5464999999995,3500.0,-0.0,0.0,-0.0,-0.0
2021-03-24 22:00:00,-0.0,1927.9779999999998,2160.0,812.2400000000007,3500.0,-0.0,0.0,-0.0,-0.0
2021-03-24 23:00:00,-0.0,1982.1295000000002,2160.0,562.2185,3500.0,-0.0,0.0,-0.0,-0.0
2021-03-25 00:00:00,-0.0,2003.6509999999998,2160.0,-0.0,3407.4360000000006,-0.0,0.0,-0.0,-0.0
2021-03-25 01:00:00,-0.0,2001.9415000000001,2160.0,-0.0,3261.3885,-0.0,0.0,-0.0,-0.0
2021-03-25 02:00:00,-0.0,1966.3475,2160.0,-0.0,3196.1904999999997,-0.0,0.0,-0.0,-0.0
2021-03-25 03:00:00,-0.0,1898.3249999999998,2160.0,-0.0,3261.2110000000002,-0.0,0.0,-0.0,-0.0
2021-03-25 04:00:00,-0.0,1803.3990000000003,2160.0,-0.0,3473.3629999999994,-0.0,0.0,-0.0,-0.0
2021-03-25 05:00:00,-0.0,1690.4485,2160.0,301.2334999999998,3500.0,-0.0,0.0,-0.0,-0.0
2021-03-25 06:00:00,24.669560044647948,1570.5560000000003,2160.0,649.2054399553508,3500.0,-0.0,0.0,-0.0,-0.0
2021-03-25 07:00:00,517.1112248544382,1455.623,2160.0,492.3827751455624,3500.0,-0.0,0.0,-0.0,-0.0
2021-03-25 08:00:00,1224.5646151291037,1356.7905,2160.0,22.239884870895366,3500.0,-0.0,0.0,-0.0,-0.0
2021-03-25 09:00:00,1959.707702796819,1283.0545000000002,2160.0,-0.0,2902.9577972031802,-0.0,0.0,-0.0,-0.0
2021-03-25 10:00:00,2589.243999898433,1240.0765000000001,2160.0,-0.0,2281.5885001015668,-0.0,0.0,-0.0,-0.0
2021-03-25 11:00:00,3010.8563989430836,1229.553,2160.0,-0.0,1796.5696010569159,-0.0,0.0,-0.0,-0.0
2021-03-25 12:00:00,3158.953397721172,1249.0205,2160.0,-0.0,1555.685102278827,-0.0,0.0,-0.0,-0.0
2021-03-25 13:00:00,3010.8563989430836,1292.2845,2160.0,-0.0,1621.0021010569167,-0.0,0.0,-0.0,-0.0
2021-03-25 14:00:00,2589.243999898433,1350.336,2160.0,-0.0,2005.7180001015668,-0.0,0.0,-0.0,-0.0
2021-03-25 15:00:00,1959.707702796819,1412.6254999999999,2160.0,-0.0,2674.82379720318,-0.0,0.0,-0.0,-0.0
2021-03-25 16:00:00,1224.5646151291037,1468.5514999999998,2160.0,37.84088487089684,3500.0,-0.0,0.0,-0.0,-0.0
2021-03-25 17:00:00,517.1112248544382,1508.9815,2160.0,933.535275145563,3500.0,-0.0,0.0,-0.0,-0.0
2021-03-25 18:00:00,24.669560044647948,1527.5065,2160.0,1602.6119399553527,3500.0,-0.0,0.0,-0.0,-0.0
2021-03-25 19:00:00,-0.0,1521.377,2160.0,1709.554,3500.0,-0.0,0.0,-0.0,-0.0
2021-03-25 20:00:00,-0.0,1491.9125,2160.0,1658.2754999999997,3500.0,-0.0,0.0,-0.0,-0.0
2021-03-25 21:00:00,-0.0,1444.3455,2160.0,1505.0005,3500.0,-0.0,0.0,-0.0,-0.0
2021-03-25 22:00:00,-0.0,1387.1390000000001,2160.0,1324.7689999999993,3500.0,-0.0,0.0,-0.0,-0.0
2021-03-25 23:00:00,-0.0,1330.8944999999999,2160.0,1181.558500000001,3500.0,-0.0,0.0,-0.0,-0.0
2021-03-26 00:00:00,-0.0,1278.8425,2160.0,596.6835000000001,3500.0,-0.0,0.0,-0.0,-0.0
2021-03-26 01:00:00,-0.0,1257.4575,2160.0,466.75949999999966,3500.0,-0.0,0.0,-0.0,-0.0
2021-03-26 02:00:00,-0.0,1266.8825,2160.0,353.0125000000007,3500.0,-0.0,0.0,-0.0,-0.0
2021-03-26 03:00:00,-0.0,1311.9015,2160.0,301.4854999999998,3500.0,-0.0,0.0,-0.0,-0.0
2021-03-26 04:00:00,-0.0,1393.2295,2160.0,333.9045000000001,3500.0,-0.0,0.0,-0.0,-0.0
2021-03-26 05:00:00,-0.0,1507.376,2160.0,431.22999999999956,3500.0,-0.0,0.0,-0.0,-0.0
2021-03-26 06:00:00,32.63953710401894,1647.0935,2160.0,508.20596289598143,3500.0,-0.0,0.0,-0.0,-0.0
2021-03-26 07:00:00,516.7252843819243,1802.255,2160.0,86.26471561807557,3500.0,-0.0,0.0,-0.0,-0.0
2021-03-26 08:00:00,1198.792368020131,1961.193,2160.0,-0.0,2880.3976319798685,-0.0,0.0,-0.0,-0.0
2021-03-26 09:00:00,1904.095518519363,2112.201,2160.0,-0.0,2062.912481480638,-0.0,0.0,-0.0,-0.0
2021-03-26 10:00:00,2506.622108584262,2245.0155,2160.0,-0.0,1289.506391415738,-0.0,0.0,-0.0,-0.0
2021-03-26 11:00:00,2909.623600398805,2352.155,2160.0,-0.0,702.227399601195,-0.0,0.0,-0.0,-0.0
2021-03-26 12:00:00,3051.0922247124518,2429.8235,2160.0,-0.0,406.61327528754873,-0.0,0.0,-0.0,-0.0
2021-03-26 13:00:00,2909.623600398805,2478.3395,2160.0,-0.0,456.9448996011952,-0.0,0.0,-0.0,-0.0
2021-03-26 14:00:00,2506.622108584262,2502.019,2160.0,-0.0,854.371891415738,-0.0,0.0,-0.0,-0.0
2021-03-26 15:00:00,1904.095518519363,2508.4735,2160.0,-0.0,1549.3119814806373,-0.0,0.0,-0.0,-0.0
2021-03-26 16:00:00,1198.792368020131,2507.531,2160.0,-0.0,2436.4256319798687,-0.0,0.0,-0.0,-0.0
2021-03-26 17:00:00,516.7252843819243,2509.7865,2160.0,-0.0,3342.039215618075,-0.0,0.0,-0.0,-0.0
2021-03-26 18:00:00,32.63953710401894,2525.1200000000003,2160.0,503.14746289597997,3500.0,-0.0,0.0,-0.0,-0.0
2021-03-26 19:00:00,-0.0,2561.247,2160.0,573.0680000000007,3500.0,-0.0,0.0,-0.0,-0.0
2021-03-26 20:00:00,-0.0,2622.6265,2160.0,428.2804999999994,3500.0,-0.0,0.0,-0.0,-0.0
2021-03-26 21:00:00,-0.0,2709.772,2160.0,137.6979999999994,3500.0,-0.0,0.0,-0.0,-0.0
2021-03-26 22:00:00,-0.0,2819.1215,2160.0,-0.0,3288.3915000000006,-0.0,0.0,-0.0,-0.0
2021-03-26 23:00:00,-0.0,2943.4730000000004,2160.0,-0.0,2962.1419999999994,-0.0,0.0,-0.0,-0.0
2021-03-27 00:00:00,-0.0,3064.7889999999998,2160.0,-0.0,1765.2939999999999,-0.0,0.0,-0.0,-0.0
2021-03-27 01:00:00,-0.0,3187.8925000000004,2160.0,-0.0,1488.5974999999994,-0.0,0.0,-0.0,-0.0
2021-03-27 02:00:00,-0.0,3293.3875000000003,2160.0,-0.0,1276.5794999999994,-0.0,0.0,-0.0,-0.0
2021-03-27 03:00:00,-0.0,3371.5760000000005,2160.0,-0.0,1189.7659999999992,-0.0,0.0,-0.0,-0.0
2021-03-27 04:00:00,-0.0,3415.607,2160.0,-0.0,1257.4520000000002,-0.0,0.0,-0.0,-0.0
2021-03-27 05:00:00,-0.0,3422.4255,2160.0,-0.0,1460.1625,-0.0,0.0,-0.0,-0.0
2021-03-27 06:00:00,38.802332585746235,3393.1885,2160.0,-0.0,1698.0761674142536,-0.0,0.0,-0.0,-0.0
2021-03-27 07:00:00,491.66365782551645,3333.1285000000007,2160.0,-0.0,1520.8198421744828,-0.0,0.0,-0.0,-0.0
2021-03-27 08:00:00,1118.504497658781,3250.845,2160.0,-0.0,1109.730502341219,-0.0,0.0,-0.0,-0.0
2021-03-27 09:00:00,1763.6438167205938,3157.1929999999998,2160.0,-0.0,595.4931832794064,-0.0,0.0,-0.0,-0.0
2021-03-27 10:00:00,2313.474217189252,3063.853,2160.0,-0.0,99.45678281074743,-0.0,0.0,-0.0,-0.0
2021-03-27 11:00:00,2680.760900198159,2981.81,1995.6920998018404,-0.0,-0.0,-0.0,0.0,100.0,95.0
2021-03-27 12:00:00,2809.6160097037778,2919.9105,1850.9734902962223,-0.0,-0.0,-0.0,0.0,100.0,189.9905
2021-03-27 13:00:00,2680.760900198159,2883.7185000000004,1972.212599801841,-0.0,-0.0,-0.0,0.0,100.0,284.97150095
2021-03-27 14:00:00,2313.474217189252,2874.8655,2160.0,-0.0,5.369282810747791,-0.0,100.0,-0.0,179.67984590516818
2021-03-27 15:00:00,1763.6438167205938,2890.875,2160.0,-0.0,637.0721832794065,-0.0,100.0,-0.0,74.39872002584083
2021-03-27 16:00:00,1118.504497658781,2925.5655,2160.0,-0.0,1456.8322861950721,-0.0,70.67171614614634,-0.0,-0.0
2021-03-27 17:00:00,491.66365782551645,2969.98,2160.0,-0.0,2334.9493421744833,-0.0,0.0,-0.0,-0.0
2021-03-27 18:00:00,38.802332585746235,3013.6730000000002,2160.0,-0.0,2935.794667414254,-0.0,0.0,-0.0,-0.0
2021-03-27 19:00:00,-0.0,3046.1794999999997,2160.0,-0.0,3014.922500000001,-0.0,0.0,-0.0,-0.0
2021-03-27 20:00:00,-0.0,3058.536,2160.0,-0.0,2918.6849999999995,-0.0,0.0,-0.0,-0.0
2021-03-27 21:00:00,-0.0,3044.535,2160.0,-0.0,2728.8820000000005,-0.0,0.0,-0.0,-0.0
2021-03-27 22:00:00,-0.0,3001.6739999999995,2160.0,-0.0,2531.5230000000006,-0.0,0.0,-0.0,-0.0
2021-03-27 23:00:00,-0.0,2931.5260000000003,2160.0,-0.0,2399.6159999999995,-0.0,0.0,-0.0,-0.0
2021-03-28 00:00:00,-0.0,2831.478,2160.0,-0.0,1860.1390000000001,-0.0,0.0,-0.0,-0.0
2021-03-28 01:00:00,-0.0,2726.6070000000004,2160.0,-0.0,1811.4699999999998,-0.0,0.0,-0.0,-0.0
2021-03-28 02:00:00,-0.0,2619.682,2160.0,-0.0,1812.0300000000007,-0.0,0.0,-0.0,-0.0
2021-03-28 03:00:00,-0.0,2522.3315000000002,2160.0,-0.0,1901.0175,-0.0,0.0,-0.0,-0.0
2021-03-28 04:00:00,-0.0,2445.326,2160.0,-0.0,2090.107,-0.0,0.0,-0.0,-0.0
2021-03-28 05:00:00,-0.0,2397.213,2160.0,-0.0,2348.221,-0.0,0.0,-0.0,-0.0
2021-03-28 06:00:00,49.66380016934713,2383.134,2160.0,-0.0,2560.6921998306525,-0.0,0.0,-0.0,-0.0
2021-03-28 07:00:00,524.1255397913941,2404.1745,2160.0,-0.0,2281.4139602086057,-0.0,0.0,-0.0,-0.0
2021-03-28 08:00:00,1170.2143949363758,2457.221,2160.0,-0.0,1716.5296050636243,-0.0,0.0,-0.0,-0.0
2021-03-28 09:00:00,1832.1268094544205,2535.3575,2160.0,-0.0,1014.6156905455798,-0.0,0.0,-0.0,-0.0
2021-03-28 10:00:00,2394.956665203621,2628.8080000000004,2160.0,-0.0,319.7763347963787,-0.0,0.0,-0.0,-0.0
2021-03-28 11:00:00,2770.446114763256,2726.2365,2029.424385236744,-0.0,-0.0,-0.0,0.0,100.0,95.0
2021-03-28 12:00:00,2902.1069502436567,2816.2290000000003,1731.195049756343,-0.0,-0.0,-0.0,0.0,100.0,189.9905
2021-03-28 13:00:00,2770.446114763256,2888.8015,1747.7613852367444,-0.0,-0.0,-0.0,0.0,100.0,284.97150095
2021-03-28 14:00:00,2394.956665203621,2936.7325,2093.7208347963788,-0.0,-0.0,-0.0,0.0,100.0,379.943003799905
2021-03-28 15:00:00,1832.1268094544205,2956.434,2160.0,-0.0,376.21119054557926,-0.0,100.0,-0.0,274.6418516047882
2021-03-28 16:00:00,1170.2143949363758,2948.439,2160.0,-0.0,1227.6766050636243,-0.0,100.0,-0.0,169.35122952489093
2021-03-28 17:00:00,524.1255397913941,2917.2,2160.0,-0.0,2131.6944602086064,-0.0,100.0,-0.0,64.07113650720162
2021-03-28 18:00:00,49.66380016934713,2870.4714999999997,2160.0,-0.0,2904.552592403245,-0.0,41.77110742740785,-0.0,20.095142627858422
2021-03-28 19:00:00,-0.0,2818.1725,2160.0,-0.0,3122.9715,-0.0,0.0,-0.0,20.093133113595638
2021-03-28 20:00:00,-0.0,2770.9565000000002,2160.0,-0.0,3088.2495,-0.0,0.0,-0.0,20.09112380028428
2021-03-28 21:00:00,-0.0,2738.723,2160.0,-0.0,2918.71,-0.0,0.0,-0.0,20.08911468790425
2021-03-28 22:00:00,-0.0,2729.1745,2160.0,-0.0,2690.1544999999996,-0.0,0.0,-0.0,20.08710577643546
2021-03-28 23:00:00,-0.0,2746.731,2160.0,-0.0,2472.7449999999994,-0.0,0.0,-0.0,20.085097065857816
2021-03-29 00:00:00,-0.0,2783.625,2160.0,-0.0,2234.673,-0.0,0.0,-0.0,20.083088556151232
2021-03-29 01:00:00,-0.0,2852.616,2160.0,-0.0,2014.5069999999996,-0.0,0.0,-0.0,20.081080247295617
2021-03-29 02:00:00,-0.0,2938.156,2160.0,-0.0,1825.0439999999999,-0.0,0.0,-0.0,20.079072139270888
2021-03-29 03:00:00,-0.0,3030.1505,2160.0,-0.0,1727.2064999999998,-0.0,0.0,-0.0,20.077064232056962
2021-03-29 04:00:00,-0.0,3117.0685000000003,2160.0,-0.0,1754.9664999999995,-0.0,0.0,-0.0,20.075056525633755
2021-03-29 05:00:00,-0.0,3187.418,2160.0,-0.0,1897.284,-0.0,0.0,-0.0,20.07304901998119
2021-03-29 06:00:00,72.95500138358886,3231.28,2160.0,-0.0,2031.2579986164114,-0.0,0.0,-0.0,20.071041715079193
2021-03-29 07:00:00,660.056224626431,3241.6020000000003,2160.0,-0.0,1652.8627753735684,-0.0,0.0,-0.0,20.069034610907686
2021-03-29 08:00:00,1447.5279395356117,3215.1080000000006,2160.0,-0.0,1029.004060464388,-0.0,0.0,-0.0,20.067027707446595
2021-03-29 09:00:00,2250.719071150669,3152.7340000000004,2160.0,-0.0,329.2539288493308,-0.0,0.0,-0.0,20.065021004675852
2021-03-29 10:00:00,2932.1367946287733,3059.485,1965.5182053712274,-0.0,-0.0,-0.0,0.0,100.0,115.06301450257538
2021-03-29 11:00:00,3386.1865714823166,2943.7395,1552.828928517683,-0.0,-0.0,-0.0,0.0,100.0,210.05150820112513
2021-03-29 12:00:00,3545.3043148644083,2816.1510000000003,1447.8286851355915,-0.0,-0.0,-0.0,0.0,100.0,305.030503050305
2021-03-29 13:00:00,3386.1865714823166,2688.218,1695.5154285176836,-0.0,-0.0,-0.0,0.0,100.0,400.0
2021-03-29 14:00:00,2932.1367946287733,2570.724,2160.0,-0.0,28.667205371226828,-0.0,0.0,-0.0,399.96
2021-03-29 15:00:00,2250.719071150669,2472.366,2160.0,-0.0,911.0589288493311,-0.0,0.0,-0.0,399.920004
2021-03-29 16:00:00,1447.5279395356117,2398.5845,2160.0,-0.0,1972.8895604643888,-0.0,0.0,-0.0,399.8800119996
2021-03-29 17:00:00,660.056224626431,2350.8940000000002,2160.0,-0.0,3038.0817753735682,-0.0,0.0,-0.0,399.84002399840006
2021-03-29 18:00:00,72.95500138358886,2326.7335000000003,2160.0,246.16149861641134,3500.0,-0.0,100.0,-0.0,294.5368821012634
2021-03-29 19:00:00,-0.0,2319.8695000000002,2160.0,404.08149999999887,3500.0,-0.0,100.0,-0.0,189.24427051831645
2021-03-29 20:00:00,-0.0,2321.3385,2160.0,324.1234999999997,3500.0,-0.0,100.0,-0.0,83.96218819652778
2021-03-29 21:00:00,-0.0,2320.695,2160.0,146.71589762117674,3500.0,-0.0,79.75610237882272,-0.0,-0.0
2021-03-29 22:00:00,-0.0,2307.526,2160.0,5.043000000000575,3500.0,-0.0,0.0,-0.0,-0.0
2021-03-29 23:00:00,-0.0,2272.946,2160.0,-0.0,3343.3,-0.0,0.0,-0.0,-0.0
2021-03-30 00:00:00,-0.0,2202.59,2160.0,-0.0,2779.8019999999997,-0.0,0.0,-0.0,-0.0
2021-03-30 01:00:00,-0.0,2110.6475,2160.0,-0.0,2724.1385,-0.0,0.0,-0.0,-0.0
2021-03-30 02:00:00,-0.0,1990.5990000000002,2160.0,-0.0,2743.8499999999995,-0.0,0.0,-0.0,-0.0
2021-03-30 03:00:00,-0.0,1848.184,2160.0,-0.0,2884.0190000000002,-0.0,0.0,-0.0,-0.0
2021-03-30 04:00:00,-0.0,1692.4245,2160.0,-0.0,3158.0625,-0.0,0.0,-0.0,-0.0
2021-03-30 05:00:00,-0.0,1534.5005,2160.0,32.26549999999952,3500.0,-0.0,0.0,-0.0,-0.0
2021-03-30 06:00:00,103.16250090684665,1386.3200000000002,2160.0,331.690499093153,3500.0,-0.0,0.0,-0.0,-0.0
2021-03-30 07:00:00,817.8691216490721,1258.9655,2160.0,-0.0,3466.9813783509276,-0.0,0.0,-0.0,-0.0
2021-03-30 08:00:00,1763.1047252669237,1161.2965,2160.0,-0.0,2760.1467747330767,-0.0,0.0,-0.0,-0.0
2021-03-30 09:00:00,2723.0795793112525,1098.799,2160.0,-0.0,1907.342420688747,-0.0,0.0,-0.0,-0.0
2021-03-30 10:00:00,3535.717063444027,1072.9095,2160.0,-0.0,1088.6244365559733,-0.0,0.0,-0.0,-0.0
2021-03-30 11:00:00,4076.5483122599444,1080.846,2160.0,-0.0,469.05668774005517,-0.0,0.0,-0.0,-0.0
2021-03-30 12:00:00,4265.971571793234,1116.05,2160.0,-0.0,174.52842820676597,-0.0,0.0,-0.0,-0.0
2021-03-30 13:00:00,4076.5483122599444,1169.1029999999998,2160.0,-0.0,275.0856877400556,-0.0,0.0,-0.0,-0.0
2021-03-30 14:00:00,3535.717063444027,1228.9875,2160.0,-0.0,781.1714365559728,-0.0,0.0,-0.0,-0.0
2021-03-30 15:00:00,2723.0795793112525,1284.6275,2160.0,-0.0,1644.2909206887466,-0.0,0.0,-0.0,-0.0
2021-03-30 16:00:00,1763.1047252669237,1326.3575,2160.0,-0.0,2750.871774733076,-0.0,0.0,-0.0,-0.0
2021-03-30 17:00:00,817.8691216490721,1347.2355,2160.0,408.70737835092814,3500.0,-0.0,0.0,-0.0,-0.0
2021-03-30 18:00:00,103.16250090684665,1343.9660000000001,2160.0,1326.9174990931533,3500.0,-0.0,0.0,-0.0,-0.0
2021-03-30 19:00:00,-0.0,1317.303,2160.0,1538.2240000000002,3500.0,-0.0,0.0,-0.0,-0.0
2021-03-30 20:00:00,-0.0,1271.933,2160.0,1508.4450000000006,3500.0,-0.0,0.0,-0.0,-0.0
2021-03-30 21:00:00,-0.0,1215.7794999999999,2160.0,1369.6025,3500.0,-0.0,0.0,-0.0,-0.0
2021-03-30 22:00:00,-0.0,1158.9175000000002,2160.0,1195.1214999999993,3500.0,-0.0,0.0,-0.0,-0.0
2021-03-30 23:00:00,-0.0,1112.111,2160.0,1048.812,3500.0,-0.0,0.0,-0.0,-0.0
2021-03-31 00:00:00,-0.0,1076.998,2160.0,453.1529999999998,3500.0,-0.0,0.0,-0.0,-0.0
2021-03-31 01:00:00,-0.0,1077.9859999999999,2160.0,307.66399999999976,3500.0,-0.0,0.0,-0.0,-0.0
2021-03-31 02:00:00,-0.0,1111.1554999999998,2160.0,177.20650000000023,3500.0,-0.0,0.0,-0.0,-0.0
2021-03-31 03:00:00,-0.0,1176.9095,2160.0,112.19850000000042,3500.0,-0.0,0.0,-0.0,-0.0
2021-03-31 04:00:00,-0.0,1271.4910000000002,2160.0,138.83299999999963,3500.0,-0.0,0.0,-0.0,-0.0
2021-03-31 05:00:00,-0.0,1387.451,2160.0,242.01999999999953,3500.0,-0.0,0.0,-0.0,-0.0
2021-03-31 06:00:00,124.78741944610844,1514.5325,2160.0,247.36208055389125,3500.0,-0.0,0.0,-0.0,-0.0
2021-03-31 07:00:00,881.8372234584125,1641.0030000000004,2160.0,-0.0,3089.2207765415865,-0.0,0.0,-0.0,-0.0
2021-03-31 08:00:00,1870.0224882317216,1755.156,2160.0,-0.0,2130.2805117682783,-0.0,0.0,-0.0,-0.0
2021-03-31 09:00:00,2869.4367829434063,1846.7995,2160.0,-0.0,1086.488717056594,-0.0,0.0,-0.0,-0.0
2021-03-31 10:00:00,3713.6539993905985,1908.5950000000003,2160.0,-0.0,151.02600060940085,-0.0,0.0,-0.0,-0.0
2021-03-31 11:00:00,4274.8298245433125,1936.9545000000003,1753.1336754566873,-0.0,-0.0,-0.0,0.0,100.0,95.0
2021-03-31 12:00:00,4471.279651092051,1932.476,1493.62534890795,-0.0,-0.0,-0.0,0.0,100.0,189.9905
2021-03-31 13:00:00,4274.8298245433125,1899.807,1689.2151754566876,-0.0,-0.0,-0.0,0.0,100.0,284.97150095
2021-03-31 14:00:00,3713.6539993905985,1846.9685,2160.0,-0.0,70.56850060940133,-0.0,0.0,-0.0,284.943003799905
2021-03-31 15:00:00,2869.4367829434063,1784.237,2160.0,-0.0,1085.7562170565939,-0.0,0.0,-0.0,284.914509499525
2021-03-31 16:00:00,1870.0224882317216,1722.7145000000003,2160.0,-0.0,2337.060011768278,-0.0,0.0,-0.0,284.88601804857507
2021-03-31 17:00:00,881.8372234584125,1672.8205000000003,2160.0,10.561276541586722,3500.0,-0.0,100.0,-0.0,179.5943715520334
2021-03-31 18:00:00,124.78741944610844,1642.8619999999999,2160.0,999.6565805538921,3500.0,-0.0,100.0,-0.0,74.31325422014136
2021-03-31 19:00:00,-0.0,1637.8960000000002,2160.0,1242.0614682500163,3500.0,-0.0,70.59053174998338,-0.0,-0.0
2021-03-31 20:00:00,-0.0,1659.0860000000002,2160.0,1217.9829999999993,3500.0,-0.0,0.0,-0.0,-0.0
2021-03-31 21:00:00,-0.0,1703.5135,2160.0,980.1354999999994,3500.0,-0.0,0.0,-0.0,-0.0
2021-03-31 22:00:00,-0.0,1764.6265,2160.0,689.1605,3500.0,-0.0,0.0,-0.0,-0.0
2021-03-31 23:00:00,-0.0,1833.1365000000003,2160.0,428.91749999999956,3500.0,-0.0,0.0,-0.0,-0.0
2021-04-01 00:00:00,-0.0,1889.9400000000003,2160.0,-0.0,3242.557,-0.0,0.0,-0.0,-0.0
2021-04-01 01:00:00,-0.0,1941.1340000000002,2160.0,-0.0,3048.049,-0.0,0.0,-0.0,-0.0
2021-04-01 02:00:00,-0.0,1969.227,2160.0,-0.0,2923.755,-0.0,0.0,-0.0,-0.0
2021-04-01 03:00:00,-0.0,1967.9270000000001,2160.0,-0.0,2926.788,-0.0,0.0,-0.0,-0.0
2021-04-01 04:00:00,-0.0,1934.712,2160.0,-0.0,3082.1029999999996,-0.0,0.0,-0.0,-0.0
2021-04-01 05:00:00,-0.0,1871.22,2160.0,-0.0,3365.526,-0.0,0.0,-0.0,-0.0
2021-04-01 06:00:00,133.52315141126064,1783.093,2160.0,78.01984858873993,3500.0,-0.0,0.0,-0.0,-0.0
2021-04-01 07:00:00,852.6282683322935,1679.2945,2160.0,-0.0,3188.668231667707,-0.0,0.0,-0.0,-0.0
2021-04-01 08:00:00,1779.8288124091857,1570.9850000000001,2160.0,-0.0,2513.6471875908146,-0.0,0.0,-0.0,-0.0
2021-04-01 09:00:00,2713.7802517354453,1470.079,2160.0,-0.0,1728.2357482645552,-0.0,0.0,-0.0,-0.0
2021-04-01 10:00:00,3501.0498073495,1387.7175,2160.0,-0.0,994.1396926505004,-0.0,0.0,-0.0,-0.0
2021-04-01 11:00:00,4023.7602320750107,1332.8315000000002,2160.0,-0.0,458.11526792498944,-0.0,0.0,-0.0,-0.0
2021-04-01 12:00:00,4206.647007732552,1311.0045,2160.0,-0.0,229.57149226744787,-0.0,0.0,-0.0,-0.0
2021-04-01 13:00:00,4023.7602320750107,1323.8095000000003,2160.0,-0.0,366.07126792498866,-0.0,0.0,-0.0,-0.0
2021-04-01 14:00:00,3501.0498073495,1368.627,2160.0,-0.0,871.1461926504999,-0.0,0.0,-0.0,-0.0
2021-04-01 15:00:00,2713.7802517354453,1439.0740000000003,2160.0,-0.0,1695.9457482645544,-0.0,0.0,-0.0,-0.0
2021-04-01 16:00:00,1779.8288124091857,1525.914,2160.0,-0.0,2733.056187590815,-0.0,0.0,-0.0,-0.0
2021-04-01 17:00:00,852.6282683322935,1618.357,2160.0,302.76273166770625,3500.0,-0.0,0.0,-0.0,-0.0
2021-04-01 18:00:00,133.52315141126064,1705.5350000000003,2160.0,1136.2018485887402,3500.0,-0.0,0.0,-0.0,-0.0
2021-04-01 19:00:00,-0.0,1778.0100000000002,2160.0,1279.813,3500.0,-0.0,0.0,-0.0,-0.0
2021-04-01 20:00:00,-0.0,1829.0675,2160.0,1154.4934999999996,3500.0,-0.0,0.0,-0.0,-0.0
2021-04-01 21:00:00,-0.0,1855.6395,2160.0,933.6164999999992,3500.0,-0.0,0.0,-0.0,-0.0
2021-04-01 22:00:00,-0.0,1858.6945000000003,2160.0,699.7124999999987,3500.0,-0.0,0.0,-0.0,-0.0
2021-04-01 23:00:00,-0.0,1843.1335000000001,2160.0,522.4535000000005,3500.0,-0.0,0.0,-0.0,-0.0
2021-04-02 00:00:00,-0.0,1808.651,2160.0,-0.0,3426.124,-0.0,0.0,-0.0,-0.0
2021-04-02 01:00:00,-0.0,1782.3585,2160.0,-0.0,3307.8165,-0.0,0.0,-0.0,-0.0
2021-04-02 02:00:00,-0.0,1766.7585000000001,2160.0,-0.0,3225.8325000000004,-0.0,0.0,-0.0,-0.0
2021-04-02 03:00:00,-0.0,1771.9520000000002,2160.0,-0.0,3220.8909999999996,-0.0,0.0,-0.0,-0.0
2021-04-02 04:00:00,-0.0,1805.804,2160.0,-0.0,3307.5640000000003,-0.0,0.0,-0.0,-0.0
2021-04-02 05:00:00,-0.0,1872.8125,2160.0,-0.0,3458.8165,-0.0,0.0,-0.0,-0.0
2021-04-02 06:00:00,142.0199678458091,1973.4195000000002,2160.0,-0.0,3472.3175321541903,-0.0,0.0,-0.0,-0.0
2021-04-02 07:00:00,828.7673454681504,2103.9135,2160.0,-0.0,2879.1771545318497,-0.0,0.0,-0.0,-0.0
2021-04-02 08:00:00,1704.0742110900608,2256.826,2160.0,-0.0,1992.8857889099393,-0.0,0.0,-0.0,-0.0
2021-04-02 09:00:00,2582.3154495109247,2421.861,2160.0,-0.0,995.2125504890755,-0.0,0.0,-0.0,-0.0
2021-04-02 10:00:00,3321.103530530158,2587.2145,2160.0,-0.0,59.76596946984182,-0.0,0.0,-0.0,-0.0
2021-04-02 11:00:00,3811.0702754844638,2741.063,1605.5507245155363,-0.0,-0.0,-0.0,0.0,100.0,95.0
2021-04-02 12:00:00,3982.409467162824,2873.0910000000003,1232.4155328371758,-0.0,-0.0,-0.0,0.0,100.0,189.9905
2021-04-02 13:00:00,3811.0702754844638,2975.7780000000002,1265.120724515536,-0.0,-0.0,-0.0,0.0,100.0,284.97150095
2021-04-02 14:00:00,3321.103530530158,3045.341,1710.2644694698424,-0.0,-0.0,-0.0,0.0,100.0,379.943003799905
2021-04-02 15:00:00,2582.3154495109247,3082.1505000000006,2160.0,-0.0,157.69905048907458,-0.0,100.0,-0.0,274.6418516047882
2021-04-02 16:00:00,1704.0742110900608,3090.6070000000004,2160.0,-0.0,1214.8897889099387,-0.0,100.0,-0.0,169.35122952489093
2021-04-02 17:00:00,828.7673454681504,3078.4455,2160.0,-0.0,2383.7108178249223,-0.0,50.93133670692706,-0.0,115.72236102622576
2021-04-02 18:00:00,142.0199678458091,3055.663,2160.0,-0.0,3342.9470321541903,-0.0,0.0,-0.0,115.71078879012313
2021-04-02 19:00:00,-0.0,3033.0429999999997,2160.0,-0.0,3500.0,-0.0,87.34599999999955,-0.0,23.756059816507758
2021-04-02 20:00:00,-0.0,3020.693,2160.0,-0.0,3500.0,-0.0,22.565999999999804,-0.0,-0.0
2021-04-02 21:00:00,-0.0,3026.582,2160.0,-0.0,3319.440000000001,-0.0,0.0,-0.0,-0.0
2021-04-02 22:00:00,-0.0,3055.4485000000004,2160.0,-0.0,3056.7335000000003,-0.0,0.0,-0.0,-0.0
2021-04-02 23:00:00,-0.0,3108.1115000000004,2160.0,-0.0,2808.2004999999995,-0.0,0.0,-0.0,-0.0
2021-04-03 00:00:00,-0.0,3172.8450000000003,2160.0,-0.0,1673.3400000000001,-0.0,0.0,-0.0,-0.0
2021-04-03 01:00:00,-0.0,3259.7499999999995,2160.0,-0.0,1438.6770000000001,-0.0,0.0,-0.0,-0.0
2021-04-03 02:00:00,-0.0,3350.7435,2160.0,-0.0,1246.8925000000004,-0.0,0.0,-0.0,-0.0
2021-04-03 03:00:00,-0.0,3434.8080000000004,2160.0,-0.0,1159.8249999999994,-0.0,0.0,-0.0,-0.0
2021-04-03 04:00:00,-0.0,3501.0170000000003,2160.0,-0.0,1210.842,-0.0,0.0,-0.0,-0.0
2021-04-03 05:00:00,-0.0,3539.9975,2160.0,-0.0,1386.7815000000005,-0.0,0.0,-0.0,-0.0
2021-04-03 06:00:00,157.17578894103113,3545.2560000000003,2160.0,-0.0,1477.0962110589687,-0.0,0.0,-0.0,-0.0
2021-04-03 07:00:00,846.0060199070974,3514.0690000000004,2160.0,-0.0,1040.138980092902,-0.0,0.0,-0.0,-0.0
2021-04-03 08:00:00,1714.4884778086853,3447.9120000000003,2160.0,-0.0,376.2925221913147,-0.0,0.0,-0.0,-0.0
2021-04-03 09:00:00,2582.572743159267,3352.31,1805.9342568407328,-0.0,-0.0,-0.0,0.0,-0.0,-0.0
2021-04-03 10:00:00,3311.3570020893744,3236.1420000000003,1179.6280726523896,-0.0,-0.0,-0.0,0.0,21.121074741764055,20.065021004675852
2021-04-03 11:00:00,3794.1501550863213,3110.5165,827.4093449136781,-0.0,-0.0,-0.0,0.0,100.0,115.06301450257538
2021-04-03 12:00:00,3962.898032163518,2987.335,708.5239678364815,-0.0,-0.0,-0.0,0.0,100.0,210.05150820112513
2021-04-03 13:00:00,3794.1501550863213,2877.7775,947.3133449136785,-0.0,-0.0,-0.0,0.0,100.0,305.030503050305
2021-04-03 14:00:00,3311.3570020893744,2790.8335,1538.2044979106254,-0.0,-0.0,-0.0,0.0,100.0,400.0
2021-04-03 15:00:00,2582.572743159267,2732.2035,2160.0,-0.0,67.47775684073304,-0.0,100.0,-0.0,294.69684210526316
2021-04-03 16:00:00,1714.4884778086853,2703.6035,2160.0,-0.0,1147.9620221913146,-0.0,100.0,-0.0,189.4042145263158
2021-04-03 17:00:00,846.0060199070974,2702.596,2160.0,-0.0,2246.122980092903,-0.0,100.0,-0.0,84.12211621012632
2021-04-03 18:00:00,157.17578894103113,2723.0190000000002,2160.0,-0.0,3129.782192260389,-0.0,79.90801879858006,-0.0,-0.0
2021-04-03 19:00:00,-0.0,2755.8894999999998,2160.0,-0.0,3410.1395000000007,-0.0,0.0,-0.0,-0.0
2021-04-03 20:00:00,-0.0,2790.6905000000006,2160.0,-0.0,3294.5954999999994,-0.0,0.0,-0.0,-0.0
2021-04-03 21:00:00,-0.0,2816.8725,2160.0,-0.0,3067.5705000000003,-0.0,0.0,-0.0,-0.0
2021-04-03 22:00:00,-0.0,2825.3225,2160.0,-0.0,2821.6825,-0.0,0.0,-0.0,-0.0
2021-04-03 23:00:00,-0.0,2809.6899999999996,2160.0,-0.0,2637.8600000000006,-0.0,0.0,-0.0,-0.0
2021-04-04 00:00:00,-0.0,2758.7235,2160.0,-0.0,2051.2195,-0.0,0.0,-0.0,-0.0
2021-04-04 01:00:00,-0.0,2690.8635,2160.0,-0.0,1967.7705,-0.0,0.0,-0.0,-0.0
2021-04-04 02:00:00,-0.0,2602.8535,2160.0,-0.0,1951.4595,-0.0,0.0,-0.0,-0.0
2021-04-04 03:00:00,-0.0,2503.228,2160.0,-0.0,2044.576,-0.0,0.0,-0.0,-0.0
2021-04-04 04:00:00,-0.0,2402.6144999999997,2160.0,-0.0,2258.9365000000007,-0.0,0.0,-0.0,-0.0
2021-04-04 05:00:00,-0.0,2312.3425,2160.0,-0.0,2560.6805,-0.0,0.0,-0.0,-0.0
2021-04-04 06:00:00,165.00486709773838,2242.8965000000003,2160.0,-0.0,2714.454632902261,-0.0,0.0,-0.0,-0.0
2021-04-04 07:00:00,825.6859477272867,2202.5185,2160.0,-0.0,2311.458552272713,-0.0,0.0,-0.0,-0.0
2021-04-04 08:00:00,1650.1711917623088,2196.0445,2160.0,-0.0,1628.5853082376916,-0.0,0.0,-0.0,-0.0
2021-04-04 09:00:00,2471.2503579764157,2224.274,2160.0,-0.0,818.1016420235846,-0.0,0.0,-0.0,-0.0
2021-04-04 10:00:00,3159.216817408761,2283.788,2160.0,-0.0,32.55618259123867,-0.0,0.0,-0.0,-0.0
2021-04-04 11:00:00,3614.4856760723073,2367.4105,1676.5268239276925,-0.0,-0.0,-0.0,0.0,100.0,95.0
2021-04-04 12:00:00,3773.5237809441987,2465.099,1343.323219055801,-0.0,-0.0,-0.0,0.0,100.0,189.9905
2021-04-04 13:00:00,3614.4856760723073,2565.277,1359.5623239276924,-0.0,-0.0,-0.0,0.0,100.0,284.97150095
2021-04-04 14:00:00,3159.216817408761,2656.3225,1741.890682591239,-0.0,-0.0,-0.0,0.0,100.0,379.943003799905
2021-04-04 15:00:00,2471.2503579764157,2728.0565,2160.0,-0.0,172.7258686863608,-0.0,24.26527333722315,-0.0,354.36261651297434
2021-04-04 16:00:00,1650.1711917623088,2773.108,2160.0,-0.0,1153.8868082376912,-0.0,0.0,-0.0,354.32718025132306
2021-04-04 17:00:00,825.6859477272867,2787.759,2160.0,-0.0,2189.5230522727134,-0.0,0.0,-0.0,354.29174753329795
2021-04-04 18:00:00,165.00486709773838,2772.445,2160.0,-0.0,3057.875132902261,-0.0,0.0,-0.0,354.2563183585446
2021-04-04 19:00:00,-0.0,2731.5665,2160.0,-0.0,3337.1665000000003,-0.0,0.0,-0.0,354.22089272670877
2021-04-04 20:00:00,-0.0,2672.8650000000002,2160.0,-0.0,3312.4589999999994,-0.0,0.0,-0.0,354.1854706374361
2021-04-04 21:00:00,-0.0,2606.266,2160.0,-0.0,3175.6209999999996,-0.0,0.0,-0.0,354.15005209037236
2021-04-04 22:00:00,-0.0,2542.4750000000004,2160.0,-0.0,2999.455,-0.0,0.0,-0.0,354.11463708516334
2021-04-04 23:00:00,-0.0,2491.4825,2160.0,-0.0,2848.5505000000003,-0.0,0.0,-0.0,354.07922562145484
2021-04-05 00:00:00,-0.0,2452.541,2160.0,-0.0,2683.6139999999996,-0.0,0.0,-0.0,354.0438176988927
2021-04-05 01:00:00,-0.0,2447.3865,2160.0,-0.0,2535.1755,-0.0,0.0,-0.0,354.00841331712286
2021-04-05 02:00:00,-0.0,2468.063,2160.0,-0.0,2407.977,-0.0,0.0,-0.0,353.97301247579117
2021-04-05 03:00:00,-0.0,2511.145,2160.0,-0.0,2356.269,-0.0,0.0,-0.0,353.93761517454357
2021-04-05 04:00:00,-0.0,2569.5345,2160.0,-0.0,2409.5965,-0.0,0.0,-0.0,353.9022214130261
2021-04-05 05:00:00,-0.0,2633.4035,2160.0,-0.0,2555.2565,-0.0,0.0,-0.0,353.8668311908848
2021-04-05 06:00:00,153.61656013896,2691.5135,2160.0,-0.0,2591.0089398610403,-0.0,0.0,-0.0,353.8314445077657
2021-04-05 07:00:00,719.4420490795766,2732.6910000000003,2160.0,-0.0,2199.5509509204235,-0.0,0.0,-0.0,353.79606136331495
2021-04-05 08:00:00,1418.7294290389912,2747.3419999999996,2160.0,-0.0,1619.0805709610092,-0.0,0.0,-0.0,353.76068175717865
2021-04-05 09:00:00,2112.6503986186913,2728.7325,2160.0,-0.0,981.0191013813087,-0.0,0.0,-0.0,353.72530568900294
2021-04-05 10:00:00,2692.9639703766884,2673.9245,2160.0,-0.0,415.9685296233115,-0.0,0.0,-0.0,353.68993315843403
2021-04-05 11:00:00,3076.5765479768515,2584.192,2160.0,-0.0,43.566452023148486,-0.0,0.0,-0.0,353.6545641651182
2021-04-05 12:00:00,3210.5223960961034,2464.8715,2160.0,-0.0,-0.0,-0.0,0.0,48.8218960961035,400.0
2021-04-05 13:00:00,3076.5765479768515,2324.6730000000002,2160.0,-0.0,181.51445202314835,-0.0,0.0,-0.0,399.96
2021-04-05 14:00:00,2692.9639703766884,2174.5555,2160.0,-0.0,732.2625296233118,-0.0,0.0,-0.0,399.920004
2021-04-05 15:00:00,2112.6503986186913,2026.31,2160.0,-0.0,1558.7026013813083,-0.0,0.0,-0.0,399.8800119996
2021-04-05 16:00:00,1418.7294290389912,1891.006,2160.0,-0.0,2567.9105709610085,-0.0,0.0,-0.0,399.84002399840006
2021-04-05 17:00:00,719.4420490795766,1777.5875000000003,2160.0,5.635450920423864,3500.0,-0.0,100.0,-0.0,294.5368821012634
2021-04-05 18:00:00,153.61656013896,1691.7225000000003,2160.0,849.0029398610404,3500.0,-0.0,100.0,-0.0,189.24427051831645
2021-04-05 19:00:00,-0.0,1635.1074999999998,2160.0,1132.0665000000008,3500.0,-0.0,100.0,-0.0,83.96218819652778
2021-04-05 20:00:00,-0.0,1605.357,2160.0,1098.1798976211767,3500.0,-0.0,79.75610237882272,-0.0,-0.0
2021-04-05 21:00:00,-0.0,1596.374,2160.0,983.1149999999998,3500.0,-0.0,0.0,-0.0,-0.0
2021-04-05 22:00:00,-0.0,1599.2665,2160.0,740.0025000000005,3500.0,-0.0,0.0,-0.0,-0.0
2021-04-05 23:00:00,-0.0,1603.6475,2160.0,533.5664999999999,3500.0,-0.0,0.0,-0.0,-0.0
2021-04-06 00:00:00,-0.0,1590.5045,2160.0,-0.0,3406.5815000000002,-0.0,0.0,-0.0,-0.0
2021-04-06 01:00:00,-0.0,1568.164,2160.0,-0.0,3275.3820000000005,-0.0,0.0,-0.0,-0.0
2021-04-06 02:00:00,-0.0,1521.8580000000002,2160.0,-0.0,3215.3229999999994,-0.0,0.0,-0.0,-0.0
2021-04-06 03:00:00,-0.0,1449.123,2160.0,-0.0,3279.695,-0.0,0.0,-0.0,-0.0
2021-04-06 04:00:00,-0.0,1351.5775,2160.0,-0.0,3489.3244999999997,-0.0,0.0,-0.0,-0.0
2021-04-06 05:00:00,-0.0,1234.7855,2160.0,316.1175000000003,3500.0,-0.0,0.0,-0.0,-0.0
2021-04-06 06:00:00,141.65853153028038,1107.5675,2160.0,549.7329684697193,3500.0,-0.0,0.0,-0.0,-0.0
2021-04-06 07:00:00,624.5006928411973,980.8630000000002,2160.0,409.81930715880253,3500.0,-0.0,0.0,-0.0,-0.0
2021-04-06 08:00:00,1215.7798748499815,866.307,2160.0,67.34712515001866,3500.0,-0.0,0.0,-0.0,-0.0
2021-04-06 09:00:00,1800.479690708294,774.7025000000001,2160.0,-0.0,3112.3868092917064,-0.0,0.0,-0.0,-0.0
2021-04-06 10:00:00,2288.547363496262,714.6035,2160.0,-0.0,2645.8591365037382,-0.0,0.0,-0.0,-0.0
2021-04-06 11:00:00,2610.8444142807098,691.1515,2160.0,-0.0,2269.5800857192903,-0.0,0.0,-0.0,-0.0
2021-04-06 12:00:00,2723.324620881103,705.445,2160.0,-0.0,2066.2303791188974,-0.0,0.0,-0.0,-0.0
2021-04-06 13:00:00,2610.8444142807098,754.3575000000001,2160.0,-0.0,2087.27608571929,-0.0,0.0,-0.0,-0.0
2021-04-06 14:00:00,2288.547363496262,830.9795000000001,2160.0,-0.0,2351.3521365037377,-0.0,0.0,-0.0,-0.0
2021-04-06 15:00:00,1800.479690708294,925.5155000000001,2160.0,-0.0,2844.245809291706,-0.0,0.0,-0.0,-0.0
2021-04-06 16:00:00,1215.7798748499815,1026.6100000000001,2160.0,9.409125150018554,3500.0,-0.0,0.0,-0.0,-0.0
2021-04-06 17:00:00,624.5006928411973,1122.836,2160.0,731.1523071588017,3500.0,-0.0,0.0,-0.0,-0.0
2021-04-06 18:00:00,141.65853153028038,1204.1965,2160.0,1326.0729684697199,3500.0,-0.0,0.0,-0.0,-0.0
2021-04-06 19:00:00,-0.0,1263.4309999999998,2160.0,1483.1819999999998,3500.0,-0.0,0.0,-0.0,-0.0
2021-04-06 20:00:00,-0.0,1296.9450000000002,2160.0,1367.7299999999996,3500.0,-0.0,0.0,-0.0,-0.0
2021-04-06 21:00:00,-0.0,1305.2195,2160.0,1157.6825,3500.0,-0.0,0.0,-0.0,-0.0
2021-04-06 22:00:00,-0.0,1292.694,2160.0,932.1039999999994,3500.0,-0.0,0.0,-0.0,-0.0
2021-04-06 23:00:00,-0.0,1267.084,2160.0,757.8609999999999,3500.0,-0.0,0.0,-0.0,-0.0
2021-04-07 00:00:00,-0.0,1229.592,2160.0,157.4630000000002,3500.0,-0.0,0.0,-0.0,-0.0
2021-04-07 01:00:00,-0.0,1208.1680000000001,2160.0,27.710999999999785,3500.0,-0.0,0.0,-0.0,-0.0
2021-04-07 02:00:00,-0.0,1204.008,2160.0,-0.0,3427.9490000000005,-0.0,0.0,-0.0,-0.0
2021-04-07 03:00:00,-0.0,1224.7755000000002,2160.0,-0.0,3401.3384999999994,-0.0,0.0,-0.0,-0.0
2021-04-07 04:00:00,-0.0,1274.8385,2160.0,-0.0,3465.9525000000003,-0.0,0.0,-0.0,-0.0
2021-04-07 05:00:00,-0.0,1354.5935,2160.0,98.86449999999968,3500.0,-0.0,0.0,-0.0,-0.0
2021-04-07 06:00:00,161.341495628481,1460.316,2160.0,82.59250437151923,3500.0,-0.0,0.0,-0.0,-0.0
2021-04-07 07:00:00,672.9147810043092,1584.6285000000003,2160.0,-0.0,3165.7337189956907,-0.0,0.0,-0.0,-0.0
2021-04-07 08:00:00,1293.9358835536366,1717.378,2160.0,-0.0,2549.0831164463634,-0.0,0.0,-0.0,-0.0
2021-04-07 09:00:00,1905.9823386072082,1846.9750000000001,2160.0,-0.0,1848.5056613927911,-0.0,0.0,-0.0,-0.0
2021-04-07 10:00:00,2415.9506017005187,1961.8755,2160.0,-0.0,1188.0698982994809,-0.0,0.0,-0.0,-0.0
2021-04-07 11:00:00,2752.3620469083266,2052.0955000000004,2160.0,-0.0,687.0534530916734,-0.0,0.0,-0.0,-0.0
2021-04-07 12:00:00,2869.718580748734,2110.5175,2160.0,-0.0,437.80491925126626,-0.0,0.0,-0.0,-0.0
2021-04-07 13:00:00,2752.3620469083266,2133.8005,2160.0,-0.0,492.5134530916739,-0.0,0.0,-0.0,-0.0
2021-04-07 14:00:00,2415.9506017005187,2122.8155,2160.0,-0.0,861.5178982994807,-0.0,0.0,-0.0,-0.0
2021-04-07 15:00:00,1905.9823386072082,2082.496,2160.0,-0.0,1514.4216613927913,-0.0,0.0,-0.0,-0.0
2021-04-07 16:00:00,1293.9358835536366,2021.1425000000002,2160.0,-0.0,2372.679616446363,-0.0,0.0,-0.0,-0.0
2021-04-07 17:00:00,672.9147810043092,1949.3435000000004,2160.0,-0.0,3295.52971899569,-0.0,0.0,-0.0,-0.0
2021-04-07 18:00:00,161.341495628481,1878.513,2160.0,574.7525043715191,3500.0,-0.0,0.0,-0.0,-0.0
2021-04-07 19:00:00,-0.0,1819.3565,2160.0,873.3505000000005,3500.0,-0.0,0.0,-0.0,-0.0
2021-04-07 20:00:00,-0.0,1780.493,2160.0,833.7250000000004,3500.0,-0.0,0.0,-0.0,-0.0
2021-04-07 21:00:00,-0.0,1767.2655000000002,2160.0,648.6574999999993,3500.0,-0.0,0.0,-0.0,-0.0
2021-04-07 22:00:00,-0.0,1781.1105000000002,2160.0,400.2154999999998,3500.0,-0.0,0.0,-0.0,-0.0
2021-04-07 23:00:00,-0.0,1819.376,2160.0,165.6260000000002,3500.0,-0.0,0.0,-0.0,-0.0
2021-04-08 00:00:00,-0.0,1867.0339999999999,2160.0,-0.0,2983.589,-0.0,0.0,-0.0,-0.0
2021-04-08 01:00:00,-0.0,1932.424,2160.0,-0.0,2770.593,-0.0,0.0,-0.0,-0.0
2021-04-08 02:00:00,-0.0,1996.3060000000003,2160.0,-0.0,2606.374,-0.0,0.0,-0.0,-0.0
2021-04-08 03:00:00,-0.0,2048.163,2160.0,-0.0,2552.271,-0.0,0.0,-0.0,-0.0
2021-04-08 04:00:00,-0.0,2079.0054999999998,2160.0,-0.0,2639.7125,-0.0,0.0,-0.0,-0.0
2021-04-08 05:00:00,-0.0,2082.639,2160.0,-0.0,2852.358,-0.0,0.0,-0.0,-0.0
2021-04-08 06:00:00,213.36382090763428,2056.6,2160.0,-0.0,2919.440179092366,-0.0,0.0,-0.0,-0.0
2021-04-08 07:00:00,845.5833231991062,2002.5330000000001,2160.0,-0.0,2563.930676800893,-0.0,0.0,-0.0,-0.0
2021-04-08 08:00:00,1606.7314474671514,1926.0735000000002,2160.0,-0.0,2019.9740525328486,-0.0,0.0,-0.0,-0.0
2021-04-08 09:00:00,2354.4390416289243,1836.1200000000003,2160.0,-0.0,1406.8929583710756,-0.0,0.0,-0.0,-0.0
2021-04-08 10:00:00,2976.323915711973,1743.7485,2160.0,-0.0,845.4095842880274,-0.0,0.0,-0.0,-0.0
2021-04-08 11:00:00,3386.1620673253315,1660.7434999999998,2160.0,-0.0,447.77643267466874,-0.0,0.0,-0.0,-0.0
2021-04-08 12:00:00,3529.0641848226005,1598.0835,2160.0,-0.0,297.6333151773997,-0.0,0.0,-0.0,-0.0
2021-04-08 13:00:00,3386.1620673253315,1564.5110000000002,2160.0,-0.0,438.29493267466796,-0.0,0.0,-0.0,-0.0
2021-04-08 14:00:00,2976.323915711973,1565.395,2160.0,-0.0,872.3870842880269,-0.0,0.0,-0.0,-0.0
2021-04-08 15:00:00,2354.4390416289243,1602.055,2160.0,-0.0,1563.7339583710755,-0.0,0.0,-0.0,-0.0
2021-04-08 16:00:00,1606.7314474671514,1671.5985,2160.0,-0.0,2430.2350525328484,-0.0,0.0,-0.0,-0.0
2021-04-08 17:00:00,845.5833231991062,1767.3629999999998,2160.0,-0.0,3329.096676800894,-0.0,0.0,-0.0,-0.0
2021-04-08 18:00:00,213.36382090763428,1879.8000000000002,2160.0,549.1131790923655,3500.0,-0.0,0.0,-0.0,-0.0
2021-04-08 19:00:00,-0.0,1997.8010000000002,2160.0,725.9569999999994,3500.0,-0.0,0.0,-0.0,-0.0
2021-04-08 20:00:00,-0.0,2110.173,2160.0,538.4360000000006,3500.0,-0.0,0.0,-0.0,-0.0
2021-04-08 21:00:00,-0.0,2207.14,2160.0,246.4730000000004,3500.0,-0.0,0.0,-0.0,-0.0
2021-04-08 22:00:00,-0.0,2281.6755,2160.0,-0.0,3440.5945000000006,-0.0,0.0,-0.0,-0.0
2021-04-08 23:00:00,-0.0,2330.3605,2160.0,-0.0,3198.7935000000007,-0.0,0.0,-0.0,-0.0
2021-04-09 00:00:00,-0.0,2345.135,2160.0,-0.0,2552.76,-0.0,0.0,-0.0,-0.0
2021-04-09 01:00:00,-0.0,2348.0535,2160.0,-0.0,2405.3405000000002,-0.0,0.0,-0.0,-0.0
2021-04-09 02:00:00,-0.0,2338.232,2160.0,-0.0,2317.875,-0.0,0.0,-0.0,-0.0
2021-04-09 03:00:00,-0.0,2325.6415,2160.0,-0.0,2331.2104999999997,-0.0,0.0,-0.0,-0.0
2021-04-09 04:00:00,-0.0,2320.981,2160.0,-0.0,2457.087,-0.0,0.0,-0.0,-0.0
2021-04-09 05:00:00,-0.0,2334.137,2160.0,-0.0,2663.079,-0.0,0.0,-0.0,-0.0
2021-04-09 06:00:00,262.8867221743177,2372.7925000000005,2160.0,-0.0,2618.7467778256823,-0.0,0.0,-0.0,-0.0
2021-04-09 07:00:00,993.8579771153363,2441.2895000000003,2160.0,-0.0,2044.6575228846636,-0.0,0.0,-0.0,-0.0
2021-04-09 08:00:00,1866.9839727655817,2539.9660000000003,2160.0,-0.0,1216.2530272344184,-0.0,0.0,-0.0,-0.0
2021-04-09 09:00:00,2721.970766207681,2665.026,2160.0,-0.0,283.4732337923192,-0.0,0.0,-0.0,-0.0
2021-04-09 10:00:00,3431.8561940631084,2808.9555,1560.2073059368918,-0.0,-0.0,-0.0,0.0,-0.0,-0.0
2021-04-09 11:00:00,3899.223980237998,2961.465,893.0940945037664,-0.0,-0.0,-0.0,0.0,21.121074741764055,20.065021004675852
2021-04-09 12:00:00,4062.1153637957796,3110.7765,592.2331362042205,-0.0,-0.0,-0.0,0.0,100.0,115.06301450257538
2021-04-09 13:00:00,3899.223980237998,3245.1575,587.214519762002,-0.0,-0.0,-0.0,0.0,100.0,210.05150820112513
2021-04-09 14:00:00,3431.8561940631084,3354.39,972.6898059368918,-0.0,-0.0,-0.0,0.0,100.0,305.030503050305
2021-04-09 15:00:00,2721.970766207681,3431.116,1714.088233792319,-0.0,-0.0,-0.0,0.0,100.0,400.0
2021-04-09 16:00:00,1866.9839727655817,3471.7280000000005,2160.0,-0.0,358.83002723441814,-0.0,100.0,-0.0,294.69684210526316
2021-04-09 17:00:00,993.8579771153363,3476.8175,2160.0,-0.0,1462.2875228846633,-0.0,100.0,-0.0,189.4042145263158
2021-04-09 18:00:00,262.8867221743177,3451.0255000000006,2160.0,-0.0,2421.137777825681,-0.0,100.0,-0.0,84.12211621012632
2021-04-09 19:00:00,-0.0,3402.3795,2160.0,-0.0,2836.0054812014196,-0.0,79.90801879858006,-0.0,-0.0
2021-04-09 20:00:00,-0.0,3341.156,2160.0,-0.0,2903.6580000000004,-0.0,0.0,-0.0,-0.0
2021-04-09 21:00:00,-0.0,3278.4635000000003,2160.0,-0.0,2772.9294999999997,-0.0,0.0,-0.0,-0.0
2021-04-09 22:00:00,-0.0,3224.7475,2160.0,-0.0,2596.7835,-0.0,0.0,-0.0,-0.0
2021-04-09 23:00:00,-0.0,3188.3215,2160.0,-0.0,2441.4764999999998,-0.0,0.0,-0.0,-0.0
2021-04-10 00:00:00,-0.0,3165.513,2160.0,-0.0,1398.1329999999998,-0.0,0.0,-0.0,-0.0
2021-04-10 01:00:00,-0.0,3175.0355000000004,2160.0,-0.0,1245.2954999999997,-0.0,0.0,-0.0,-0.0
2021-04-10 02:00:00,-0.0,3205.2410000000004,2160.0,-0.0,1118.8899999999999,-0.0,0.0,-0.0,-0.0
2021-04-10 03:00:00,-0.0,3249.6165000000005,2160.0,-0.0,1076.2464999999997,-0.0,0.0,-0.0,-0.0
2021-04-10 04:00:00,-0.0,3298.906,2160.0,-0.0,1149.058,-0.0,0.0,-0.0,-0.0
2021-04-10 05:00:00,-0.0,3342.4300000000003,2160.0,-0.0,1325.464,-0.0,0.0,-0.0,-0.0
2021-04-10 06:00:00,288.7447338327381,3369.5675,2160.0,-0.0,1267.4727661672616,-0.0,0.0,-0.0,-0.0
2021-04-10 07:00:00,1044.9185142328283,3371.2509999999997,2160.0,-0.0,735.5694857671715,-0.0,0.0,-0.0,-0.0
2021-04-10 08:00:00,1941.3847194112855,3341.2535000000003,2160.0,-0.0,12.971780588713955,-0.0,0.0,-0.0,-0.0
2021-04-10 09:00:00,2816.520055934301,3277.0919999999996,1409.631944065699,-0.0,-0.0,-0.0,0.0,-0.0,-0.0
2021-04-10 10:00:00,3541.910489121986,3180.463,751.6825108780131,-0.0,-0.0,-0.0,0.0,-0.0,-0.0
2021-04-10 11:00:00,4019.024803737659,3057.0605,413.8794063449327,-0.0,-0.0,-0.0,0.0,84.10871008259276,79.90327457846313
2021-04-10 12:00:00,4185.236500566909,2915.9195,337.2159994330914,-0.0,-0.0,-0.0,0.0,100.0,174.89528425100528
2021-04-10 13:00:00,4019.024803737659,2768.2459999999996,617.5191962623408,-0.0,-0.0,-0.0,0.0,100.0,269.8777947225802
2021-04-10 14:00:00,3541.910489121986,2626.0260000000003,1264.035510878014,-0.0,-0.0,-0.0,0.0,100.0,364.8508069431079
2021-04-10 15:00:00,2816.5200559343016,2500.4655000000002,2160.0,-0.0,-0.0,-0.0,0.0,37.03755593430151,400.0
2021-04-10 16:00:00,1941.3847194112855,2400.554,2160.0,-0.0,1028.0092805887148,-0.0,100.0,-0.0,294.69684210526316
2021-04-10 17:00:00,1044.9185142328283,2331.9465,2160.0,-0.0,2248.147990968572,-0.0,79.88399479859982,-0.0,210.57895684357914
2021-04-10 18:00:00,288.7447338327381,2296.2875000000004,2160.0,-0.0,3321.376766167261,-0.0,0.0,-0.0,210.55789894789478
2021-04-10 19:00:00,-0.0,2291.016,2160.0,97.95499999999947,3500.0,-0.0,100.0,-0.0,105.27368526326316
2021-04-10 20:00:00,-0.0,2309.8335,2160.0,4.876499999999851,3500.0,-0.0,100.0,-0.0,-0.0
2021-04-10 21:00:00,-0.0,2343.5815000000002,2160.0,-0.0,3376.8225,-0.0,0.0,-0.0,-0.0
2021-04-10 22:00:00,-0.0,2381.522,2160.0,-0.0,3108.0330000000004,-0.0,0.0,-0.0,-0.0
2021-04-10 23:00:00,-0.0,2412.8845,2160.0,-0.0,2883.8514999999998,-0.0,0.0,-0.0,-0.0
2021-04-11 00:00:00,-0.0,2419.5015,2160.0,-0.0,2246.0144999999998,-0.0,0.0,-0.0,-0.0
2021-04-11 01:00:00,-0.0,2412.3385,2160.0,-0.0,2108.5775000000003,-0.0,0.0,-0.0,-0.0
2021-04-11 02:00:00,-0.0,2379.6045000000004,2160.0,-0.0,2043.7275,-0.0,0.0,-0.0,-0.0
2021-04-11 03:00:00,-0.0,2322.359,2160.0,-0.0,2101.225,-0.0,0.0,-0.0,-0.0
2021-04-11 04:00:00,-0.0,2245.5744999999997,2160.0,-0.0,2298.5345000000007,-0.0,0.0,-0.0,-0.0
2021-04-11 05:00:00,-0.0,2157.48,2160.0,-0.0,2604.89,-0.0,0.0,-0.0,-0.0
2021-04-11 06:00:00,311.3988269653699,2068.404,2160.0,-0.0,2638.6951730346295,-0.0,0.0,-0.0,-0.0
2021-04-11 07:00:00,1081.9994297903786,1989.364,2160.0,-0.0,2171.2355702096215,-0.0,0.0,-0.0,-0.0
2021-04-11 08:00:00,1989.0575568256015,1930.5649999999998,2160.0,-0.0,1464.9034431743987,-0.0,0.0,-0.0,-0.0
2021-04-11 09:00:00,2871.88107260266,1899.9564999999998,2160.0,-0.0,658.2924273973404,-0.0,0.0,-0.0,-0.0
2021-04-11 10:00:00,3602.429630835688,1902.134,2075.3824439060763,-0.0,-0.0,-0.0,0.0,21.121074741764055,20.065021004675852
2021-04-11 11:00:00,4082.4966963680536,1937.6435000000001,1568.2848036319465,-0.0,-0.0,-0.0,0.0,100.0,115.06301450257538
2021-04-11 12:00:00,4249.664055319718,2002.8645000000001,1266.128444680282,-0.0,-0.0,-0.0,0.0,100.0,210.05150820112513
2021-04-11 13:00:00,4082.4966963680536,2090.426,1309.787303631946,-0.0,-0.0,-0.0,0.0,100.0,305.030503050305
2021-04-11 14:00:00,3602.429630835688,2190.1425,1714.877869164312,-0.0,-0.0,-0.0,0.0,100.0,400.0
2021-04-11 15:00:00,2871.88107260266,2290.314,2160.0,-0.0,90.71092739734013,-0.0,100.0,-0.0,294.69684210526316
2021-04-11 16:00:00,1989.0575568256015,2379.2145,2160.0,-0.0,1072.0399431743983,-0.0,100.0,-0.0,189.4042145263158
2021-04-11 17:00:00,1081.9994297903786,2446.639,2160.0,-0.0,2145.682514612382,-0.0,98.27505559723866,-0.0,85.93784716040142
2021-04-11 18:00:00,311.3988269653699,2485.1775000000002,2160.0,-0.0,3174.79467303463,-0.0,0.0,-0.0,85.92925337568538
2021-04-11 19:00:00,-0.0,2491.1445000000003,2160.0,-0.0,3500.0,-0.0,59.985499999998865,-0.0,22.778028871401634
2021-04-11 20:00:00,-0.0,2465.0275,2160.0,-0.0,3500.0,-0.0,8.972499999999854,-0.0,13.331014226409385
2021-04-11 21:00:00,-0.0,2411.331,2160.0,-0.0,3365.432,-0.0,0.0,-0.0,13.329681124986744
2021-04-11 22:00:00,-0.0,2337.907,2160.0,-0.0,3205.0159999999996,-0.0,0.0,-0.0,13.328348156874245
2021-04-11 23:00:00,-0.0,2254.8435000000004,2160.0,-0.0,3092.2094999999995,-0.0,0.0,-0.0,13.327015322058559
2021-04-12 00:00:00,-0.0,2164.227,2160.0,-0.0,2984.6270000000004,-0.0,0.0,-0.0,13.325682620526353
2021-04-12 01:00:00,-0.0,2093.9035,2160.0,-0.0,2907.1924999999997,-0.0,0.0,-0.0,13.3243500522643
2021-04-12 02:00:00,-0.0,2043.1385000000002,2160.0,-0.0,2857.1665000000003,-0.0,0.0,-0.0,13.323017617259074
2021-04-12 03:00:00,-0.0,2016.7615000000003,2160.0,-0.0,2880.540499999999,-0.0,0.0,-0.0,13.321685315497348
2021-04-12 04:00:00,-0.0,2015.702,2160.0,-0.0,2998.826,-0.0,0.0,-0.0,13.320353146965799
2021-04-12 05:00:00,-0.0,2036.8205,2160.0,-0.0,3192.6275000000005,-0.0,0.0,-0.0,13.319021111651102
2021-04-12 06:00:00,352.1492400314236,2073.3375,2160.0,-0.0,3056.7102599685763,-0.0,0.0,-0.0,13.317689209539937
2021-04-12 07:00:00,1178.1047334855455,2115.7565,2160.0,-0.0,2409.0217665144546,-0.0,0.0,-0.0,13.316357440618983
2021-04-12 08:00:00,2143.6787874009465,2153.1575000000003,2160.0,-0.0,1544.5257125990533,-0.0,0.0,-0.0,13.31502580487492
2021-04-12 09:00:00,3080.736128625055,2174.692,2160.0,-0.0,628.0578713749451,-0.0,0.0,-0.0,13.313694302294433
2021-04-12 10:00:00,3854.908212330627,2171.0715,2082.695287669373,-0.0,-0.0,-0.0,0.0,100.0,108.3123629328642
2021-04-12 11:00:00,4363.173436513481,2135.887,1535.6845634865194,-0.0,-0.0,-0.0,0.0,100.0,203.30153169657092
2021-04-12 12:00:00,4540.087323905929,2066.4865,1354.8521760940712,-0.0,-0.0,-0.0,0.0,100.0,298.28120154340127
2021-04-12 13:00:00,4363.173436513481,1964.43,1594.3065634865188,-0.0,-0.0,-0.0,0.0,100.0,393.25137342324695
2021-04-12 14:00:00,3854.908212330627,1835.301,2160.0,-0.0,-0.0,-0.0,0.0,7.145212330626691,400.0
2021-04-12 15:00:00,3080.736128625055,1688.037,2160.0,-0.0,1016.1498713749447,-0.0,0.0,-0.0,399.96
2021-04-12 16:00:00,2143.6787874009465,1533.805,2160.0,-0.0,2291.239212599053,-0.0,0.0,-0.0,399.920004
2021-04-12 17:00:00,1178.1047334855455,1384.565,2160.0,34.72426651445403,3500.0,-0.0,100.0,-0.0,294.6168541048632
2021-04-12 18:00:00,352.1492400314236,1251.5295,2160.0,1188.8752599685758,3500.0,-0.0,100.0,-0.0,189.3242345247159
2021-04-12 19:00:00,-0.0,1143.74,2160.0,1724.9580000000005,3500.0,-0.0,100.0,-0.0,84.0421442065266
2021-04-12 20:00:00,-0.0,1066.9295000000002,2160.0,1741.1934470074993,3500.0,-0.0,79.83205299250066,-0.0,-0.0
2021-04-12 21:00:00,-0.0,1022.8335000000001,2160.0,1664.2784999999994,3500.0,-0.0,0.0,-0.0,-0.0
2021-04-12 22:00:00,-0.0,1009.047,2160.0,1440.6270000000004,3500.0,-0.0,0.0,-0.0,-0.0
2021-04-12 23:00:00,-0.0,1019.4145,2160.0,1230.8045000000002,3500.0,-0.0,0.0,-0.0,-0.0
2021-04-13 00:00:00,-0.0,1036.1195,2160.0,576.1635000000006,3500.0,-0.0,0.0,-0.0,-0.0
2021-04-13 01:00:00,-0.0,1066.3575,2160.0,394.6165000000001,3500.0,-0.0,0.0,-0.0,-0.0
2021-04-13 02:00:00,-0.0,1090.7130000000002,2160.0,265.94000000000005,3500.0,-0.0,0.0,-0.0,-0.0
2021-04-13 03:00:00,-0.0,1100.086,2160.0,250.058,3500.0,-0.0,0.0,-0.0,-0.0
2021-04-13 04:00:00,-0.0,1088.087,2160.0,375.80399999999963,3500.0,-0.0,0.0,-0.0,-0.0
2021-04-13 05:00:00,-0.0,1052.012,2160.0,623.3510000000006,3500.0,-0.0,0.0,-0.0,-0.0
2021-04-13 06:00:00,386.2651525937886,993.1804999999999,2160.0,545.250347406211,3500.0,-0.0,0.0,-0.0,-0.0
2021-04-13 07:00:00,1247.2738426149517,916.8704999999999,2160.0,-0.0,3477.858657385048,-0.0,0.0,-0.0,-0.0
2021-04-13 08:00:00,2247.276237094277,831.558,2160.0,-0.0,2698.3067629057227,-0.0,0.0,-0.0,-0.0
2021-04-13 09:00:00,3215.0005307851116,747.8575000000001,2160.0,-0.0,1853.1079692148887,-0.0,0.0,-0.0,-0.0
2021-04-13 10:00:00,4013.2602008069384,677.0465,2160.0,-0.0,1087.594299193061,-0.0,0.0,-0.0,-0.0
2021-04-13 11:00:00,4536.858901223155,629.5705,2160.0,-0.0,534.3335987768451,-0.0,0.0,-0.0,-0.0
2021-04-13 12:00:00,4719.041182367378,613.613,2160.0,-0.0,291.6318176326222,-0.0,0.0,-0.0,-0.0
2021-04-13 13:00:00,4536.858901223155,633.971,2160.0,-0.0,410.83609877684466,-0.0,0.0,-0.0,-0.0
2021-04-13 14:00:00,4013.2602008069384,691.379,2160.0,-0.0,895.1307991930621,-0.0,0.0,-0.0,-0.0
2021-04-13 15:00:00,3215.0005307851116,782.3595,2160.0,-0.0,1701.2779692148888,-0.0,0.0,-0.0,-0.0
2021-04-13 16:00:00,2247.276237094277,899.6780000000001,2160.0,-0.0,2732.5517629057235,-0.0,0.0,-0.0,-0.0
2021-04-13 17:00:00,1247.2738426149517,1033.2269999999999,2160.0,324.8071573850493,3500.0,-0.0,0.0,-0.0,-0.0
2021-04-13 18:00:00,386.2651525937886,1171.365,2160.0,1240.034847406212,3500.0,-0.0,0.0,-0.0,-0.0
2021-04-13 19:00:00,-0.0,1302.392,2160.0,1568.6810000000005,3500.0,-0.0,0.0,-0.0,-0.0
2021-04-13 20:00:00,-0.0,1416.0835,2160.0,1371.580500000001,3500.0,-0.0,0.0,-0.0,-0.0
2021-04-13 21:00:00,-0.0,1504.9645,2160.0,1079.2625000000007,3500.0,-0.0,0.0,-0.0,-0.0
2021-04-13 22:00:00,-0.0,1565.265,2160.0,779.0050000000001,3500.0,-0.0,0.0,-0.0,-0.0
2021-04-13 23:00:00,-0.0,1597.3425,2160.0,545.0304999999998,3500.0,-0.0,0.0,-0.0,-0.0
2021-04-14 00:00:00,-0.0,1596.6405,2160.0,-0.0,3405.4175,-0.0,0.0,-0.0,-0.0
2021-04-14 01:00:00,-0.0,1588.574,2160.0,-0.0,3259.891,-0.0,0.0,-0.0,-0.0
2021-04-14 02:00:00,-0.0,1574.1115,2160.0,-0.0,3167.8305,-0.0,0.0,-0.0,-0.0
2021-04-14 03:00:00,-0.0,1563.8870000000002,2160.0,-0.0,3169.43,-0.0,0.0,-0.0,-0.0
2021-04-14 04:00:00,-0.0,1567.8,2160.0,-0.0,3277.233,-0.0,0.0,-0.0,-0.0
2021-04-14 05:00:00,-0.0,1593.6115,2160.0,-0.0,3460.9505,-0.0,0.0,-0.0,-0.0
2021-04-14 06:00:00,371.5320282065579,1645.8065000000001,2160.0,-0.0,3284.703471793442,-0.0,0.0,-0.0,-0.0
2021-04-14 07:00:00,1160.5965133197635,1724.9440000000002,2160.0,-0.0,2632.0454866802365,-0.0,0.0,-0.0,-0.0
2021-04-14 08:00:00,2071.32413786349,1827.4814999999999,2160.0,-0.0,1752.2493621365106,-0.0,0.0,-0.0,-0.0
2021-04-14 09:00:00,2950.2392406014415,1946.2625,2160.0,-0.0,791.803259398559,-0.0,0.0,-0.0,-0.0
2021-04-14 10:00:00,3674.1226681345493,2071.368,2084.389406607215,-0.0,-0.0,-0.0,0.0,21.121074741764055,20.065021004675852
2021-04-14 11:00:00,4148.52927340338,2191.4685,1490.23922659662,-0.0,-0.0,-0.0,0.0,100.0,115.06301450257538
2021-04-14 12:00:00,4313.521888422626,2295.306,1143.6471115773738,-0.0,-0.0,-0.0,0.0,100.0,210.05150820112513
2021-04-14 13:00:00,4148.52927340338,2373.189,1186.9487265966209,-0.0,-0.0,-0.0,0.0,100.0,305.030503050305
2021-04-14 14:00:00,3674.1226681345493,2418.3055,1633.2558318654515,-0.0,-0.0,-0.0,0.0,100.0,400.0
2021-04-14 15:00:00,2950.2392406014415,2427.633,2160.0,-0.0,185.69275939855834,-0.0,0.0,-0.0,399.96
2021-04-14 16:00:00,2071.32413786349,2402.3415,2160.0,-0.0,1269.88236213651,-0.0,0.0,-0.0,399.920004
2021-04-14 17:00:00,1160.5965133197635,2347.6765,2160.0,-0.0,2460.2949866802364,-0.0,0.0,-0.0,399.8800119996
2021-04-14 18:00:00,371.532028206558,2272.257,2160.0,-0.0,3500.0,-0.0,16.455971793442757,-0.0,382.5179484263551
2021-04-14 19:00:00,-0.0,2186.9575000000004,2160.0,446.1194999999989,3500.0,-0.0,100.0,-0.0,277.21653873677565
2021-04-14 20:00:00,-0.0,2103.452,2160.0,445.7439999999997,3500.0,-0.0,100.0,-0.0,171.92565918816513
2021-04-14 21:00:00,-0.0,2032.7385000000002,2160.0,312.65349999999944,3500.0,-0.0,100.0,-0.0,66.64530872750949
2021-04-14 22:00:00,-0.0,1983.644,2160.0,158.22128801319423,3500.0,-0.0,63.3067119868049,-0.0,-0.0
2021-04-14 23:00:00,-0.0,1961.7455,2160.0,41.3715000000002,3500.0,-0.0,0.0,-0.0,-0.0
2021-04-15 00:00:00,-0.0,1959.763,2160.0,-0.0,2902.9759999999997,-0.0,0.0,-0.0,-0.0
2021-04-15 01:00:00,-0.0,1992.9715000000003,2160.0,-0.0,2716.227499999999,-0.0,0.0,-0.0,-0.0
2021-04-15 02:00:00,-0.0,2046.2910000000002,2160.0,-0.0,2556.5429999999997,-0.0,0.0,-0.0,-0.0
2021-04-15 03:00:00,-0.0,2110.7385,2160.0,-0.0,2483.7324999999996,-0.0,0.0,-0.0,-0.0
2021-04-15 04:00:00,-0.0,2175.8165000000004,2160.0,-0.0,2530.7385,-0.0,0.0,-0.0,-0.0
2021-04-15 05:00:00,-0.0,2231.034,2160.0,-0.0,2685.5219999999995,-0.0,0.0,-0.0,-0.0
2021-04-15 06:00:00,317.5064880938809,2267.382,2160.0,-0.0,2579.7235119061193,-0.0,0.0,-0.0,-0.0
2021-04-15 07:00:00,961.4573555419212,2278.6009999999997,2160.0,-0.0,2140.7776444580795,-0.0,0.0,-0.0,-0.0
2021-04-15 08:00:00,1700.2515626004008,2262.13,2160.0,-0.0,1552.7054373995995,-0.0,0.0,-0.0,-0.0
2021-04-15 09:00:00,2411.3499462265854,2219.4965,2160.0,-0.0,922.3755537734141,-0.0,0.0,-0.0,-0.0
2021-04-15 10:00:00,2996.141652673591,2156.1605,2160.0,-0.0,362.3608473264085,-0.0,0.0,-0.0,-0.0
2021-04-15 11:00:00,3379.0619878389275,2080.8450000000003,2160.0,-0.0,-0.0,-0.0,0.0,22.677987838927493,21.544088446981117
2021-04-15 12:00:00,3512.1869466991816,2004.3919999999998,2104.074053300819,-0.0,-0.0,-0.0,0.0,100.0,116.54193403813642
2021-04-15 13:00:00,3379.0619878389275,1938.3585,2160.0,-0.0,0.7105121610725291,-0.0,0.0,-0.0,116.5302798447326
2021-04-15 14:00:00,2996.141652673591,1893.4370000000001,2160.0,-0.0,446.95334732640913,-0.0,0.0,-0.0,116.51862681674814
2021-04-15 15:00:00,2411.3499462265854,1878.097,2160.0,-0.0,1146.447053773415,-0.0,0.0,-0.0,116.50697495406646
2021-04-15 16:00:00,1700.2515626004008,1897.4084999999998,2160.0,-0.0,2019.7919373995999,-0.0,0.0,-0.0,116.49532425657105
2021-04-15 17:00:00,961.4573555419212,1952.3725,2160.0,-0.0,2930.3111444580786,-0.0,0.0,-0.0,116.4836747241454
2021-04-15 18:00:00,317.5064880938809,2039.7845,2160.0,80.29001190611962,3500.0,-0.0,100.0,-0.0,11.208868461936149
2021-04-15 19:00:00,-0.0,2152.6569999999997,2160.0,448.96163980366464,3500.0,-0.0,10.647360196335459,-0.0,-0.0
2021-04-15 20:00:00,-0.0,2281.136,2160.0,249.19200000000046,3500.0,-0.0,0.0,-0.0,-0.0
2021-04-15 21:00:00,-0.0,2413.788,2160.0,-0.0,3414.766,-0.0,0.0,-0.0,-0.0
2021-04-15 22:00:00,-0.0,2539.134,2160.0,-0.0,3051.317,-0.0,0.0,-0.0,-0.0
2021-04-15 23:00:00,-0.0,2647.1055000000006,2160.0,-0.0,2743.491499999999,-0.0,0.0,-0.0,-0.0
2021-04-16 00:00:00,-0.0,2721.4915,2160.0,-0.0,2031.0064999999995,-0.0,0.0,-0.0,-0.0
2021-04-16 01:00:00,-0.0,2776.462,2160.0,-0.0,1824.8600000000001,-0.0,0.0,-0.0,-0.0
2021-04-16 02:00:00,-0.0,2803.5474999999997,2160.0,-0.0,1693.8525,-0.0,0.0,-0.0,-0.0
2021-04-16 03:00:00,-0.0,2807.1485000000002,2160.0,-0.0,1684.4084999999995,-0.0,0.0,-0.0,-0.0
2021-04-16 04:00:00,-0.0,2794.948,2160.0,-0.0,1811.2869999999998,-0.0,0.0,-0.0,-0.0
2021-04-16 05:00:00,-0.0,2776.8,2160.0,-0.0,2042.1009999999997,-0.0,0.0,-0.0,-0.0
2021-04-16 06:00:00,286.2759400164995,2763.3060000000005,2160.0,-0.0,2020.1110599835001,-0.0,0.0,-0.0,-0.0
2021-04-16 07:00:00,841.9015736121102,2764.3005000000003,2160.0,-0.0,1682.51792638789,-0.0,0.0,-0.0,-0.0
2021-04-16 08:00:00,1475.7138461076067,2787.4535,2160.0,-0.0,1162.6726538923933,-0.0,0.0,-0.0,-0.0
2021-04-16 09:00:00,2084.188820280615,2837.1200000000003,2160.0,-0.0,545.5971797193847,-0.0,0.0,-0.0,-0.0
2021-04-16 10:00:00,2583.8530853617335,2913.7030000000004,2093.782914638266,-0.0,-0.0,-0.0,0.0,-0.0,-0.0
2021-04-16 11:00:00,2910.756917659361,3013.5040000000004,1613.8141570824023,-0.0,-0.0,-0.0,0.0,21.121074741764055,20.065021004675852
2021-04-16 12:00:00,3024.3643154810643,3129.152,1389.967684518936,-0.0,-0.0,-0.0,0.0,100.0,115.06301450257538
2021-04-16 13:00:00,2910.756917659361,3250.513500000001,1342.8485823406377,-0.0,-0.0,-0.0,0.0,100.0,210.05150820112513
2021-04-16 14:00:00,2583.8530853617335,3366.025,1575.849914638266,-0.0,-0.0,-0.0,0.0,100.0,305.030503050305
2021-04-16 15:00:00,2084.188820280615,3464.1814999999997,2079.9736797193855,-0.0,-0.0,-0.0,0.0,100.0,400.0
2021-04-16 16:00:00,1475.7138461076067,3535.0445000000004,2160.0,-0.0,442.44265389239285,-0.0,100.0,-0.0,294.69684210526316
2021-04-16 17:00:00,841.9015736121102,3571.529,2160.0,-0.0,1269.8004263878897,-0.0,100.0,-0.0,189.4042145263158
2021-04-16 18:00:00,286.2759400164995,3570.3460000000005,2160.0,-0.0,2023.4280599835001,-0.0,100.0,-0.0,84.12211621012632
2021-04-16 19:00:00,-0.0,3532.4184999999998,2160.0,-0.0,2445.82448120142,-0.0,79.90801879858006,-0.0,-0.0
2021-04-16 20:00:00,-0.0,3462.732,2160.0,-0.0,2516.929,-0.0,0.0,-0.0,-0.0
2021-04-16 21:00:00,-0.0,3369.6650000000004,2160.0,-0.0,2411.7009999999996,-0.0,0.0,-0.0,-0.0
2021-04-16 22:00:00,-0.0,3263.8515,2160.0,-0.0,2282.9175,-0.0,0.0,-0.0,-0.0
2021-04-16 23:00:00,-0.0,3156.777,2160.0,-0.0,2193.6679999999997,-0.0,0.0,-0.0,-0.0
2021-04-17 00:00:00,-0.0,3050.307,2160.0,-0.0,1229.4409999999998,-0.0,0.0,-0.0,-0.0
2021-04-17 01:00:00,-0.0,2970.968,2160.0,-0.0,1161.174,-0.0,0.0,-0.0,-0.0
2021-04-17 02:00:00,-0.0,2915.2695,2160.0,-0.0,1116.5355000000004,-0.0,0.0,-0.0,-0.0
2021-04-17 03:00:00,-0.0,2884.7129999999997,2160.0,-0.0,1144.8460000000005,-0.0,0.0,-0.0,-0.0
2021-04-17 04:00:00,-0.0,2876.731,2160.0,-0.0,1271.1119999999996,-0.0,0.0,-0.0,-0.0
2021-04-17 05:00:00,-0.0,2885.09,2160.0,-0.0,1479.0320000000002,-0.0,0.0,-0.0,-0.0
2021-04-17 06:00:00,312.9609669731636,2900.8005,2160.0,-0.0,1404.767533026837,-0.0,0.0,-0.0,-0.0
2021-04-17 07:00:00,895.3941483103633,2913.4105,2160.0,-0.0,1032.3673516896363,-0.0,0.0,-0.0,-0.0
2021-04-17 08:00:00,1556.1364893323744,2912.494,2160.0,-0.0,513.2735106676259,-0.0,0.0,-0.0,-0.0
2021-04-17 09:00:00,2188.8705789205314,2889.1525,2108.5539210794686,-0.0,-0.0,-0.0,0.0,-0.0,-0.0
2021-04-17 10:00:00,2707.715472881658,2837.2760000000003,1630.7366018601065,-0.0,-0.0,-0.0,0.0,21.121074741764055,20.065021004675852
2021-04-17 11:00:00,3046.895887828771,2754.4855000000002,1382.4256121712292,-0.0,-0.0,-0.0,0.0,100.0,115.06301450257538
2021-04-17 12:00:00,3164.7180006518934,2642.5294999999996,1306.658499348107,-0.0,-0.0,-0.0,0.0,100.0,210.05150820112513
2021-04-17 13:00:00,3046.895887828771,2507.1085000000003,1524.0886121712288,-0.0,-0.0,-0.0,0.0,100.0,305.030503050305
2021-04-17 14:00:00,2707.715472881658,2357.238,2038.2785271183425,-0.0,-0.0,-0.0,0.0,100.0,400.0
2021-04-17 15:00:00,2188.8705789205314,2204.0785,2160.0,-0.0,556.4039210794685,-0.0,0.0,-0.0,399.96
2021-04-17 16:00:00,1556.1364893323744,2059.4925,2160.0,-0.0,1522.0610106676254,-0.0,0.0,-0.0,399.920004
2021-04-17 17:00:00,895.3941483103633,1934.5690000000002,2160.0,-0.0,2541.2048516896357,-0.0,0.0,-0.0,399.8800119996
2021-04-17 18:00:00,312.9609669731636,1838.122,2160.0,-0.0,3420.319033026836,-0.0,0.0,-0.0,399.84002399840006
2021-04-17 19:00:00,-0.0,1775.631,2160.0,277.2519999999995,3500.0,-0.0,100.0,-0.0,294.5368821012634
2021-04-17 20:00:00,-0.0,1748.4870000000003,2160.0,229.2470000000003,3500.0,-0.0,100.0,-0.0,189.24427051831645
2021-04-17 21:00:00,-0.0,1753.9015,2160.0,28.836500000000342,3500.0,-0.0,100.0,-0.0,83.96218819652778
2021-04-17 22:00:00,-0.0,1785.2965000000002,2160.0,-0.0,3366.0985,-0.0,0.0,-0.0,83.95379197770812
2021-04-17 23:00:00,-0.0,1833.2210000000002,2160.0,-0.0,3125.058,-0.0,0.0,-0.0,83.94539659851036
2021-04-18 00:00:00,-0.0,1877.7200000000003,2160.0,-0.0,2449.1709999999994,-0.0,0.0,-0.0,83.93700205885051
2021-04-18 01:00:00,-0.0,1925.5534999999998,2160.0,-0.0,2256.8355,-0.0,0.0,-0.0,83.92860835864462
2021-04-18 02:00:00,-0.0,1958.1250000000002,2160.0,-0.0,2126.977,-0.0,0.0,-0.0,83.92021549780875
2021-04-18 03:00:00,-0.0,1968.473,2160.0,-0.0,2117.374,-0.0,0.0,-0.0,83.91182347625897
2021-04-18 04:00:00,-0.0,1953.289,2160.0,-0.0,2253.7740000000003,-0.0,0.0,-0.0,83.90343229391135
2021-04-18 05:00:00,-0.0,1913.3270000000002,2160.0,-0.0,2512.884,-0.0,0.0,-0.0,83.89504195068196
2021-04-18 06:00:00,362.2939610232132,1853.28,2160.0,-0.0,2467.847038976787,-0.0,0.0,-0.0,83.88665244648689
2021-04-18 07:00:00,1009.9755863722196,1781.0715000000002,2160.0,-0.0,2117.752913627781,-0.0,0.0,-0.0,83.87826378124224
2021-04-18 08:00:00,1740.8672028030371,1706.7765000000002,2160.0,-0.0,1604.5542971969633,-0.0,0.0,-0.0,83.86987595486411
2021-04-18 09:00:00,2439.0763998551115,1641.185,2160.0,-0.0,1019.2036001448887,-0.0,0.0,-0.0,83.86148896726863
2021-04-18 10:00:00,3010.8135166683596,1594.281,2160.0,-0.0,464.91948333164055,-0.0,0.0,-0.0,83.8531028183719
2021-04-18 11:00:00,3384.262995158994,1573.832,2160.0,-0.0,43.562004841006,-0.0,0.0,-0.0,83.84471750809006
2021-04-18 12:00:00,3513.951246002102,1584.2775000000001,2095.891253997898,-0.0,-0.0,-0.0,0.0,100.0,178.83633303633925
2021-04-18 13:00:00,3384.262995158994,1626.04,2150.2880048410066,-0.0,-0.0,-0.0,0.0,100.0,273.81844940303563
2021-04-18 14:00:00,3010.8135166683596,1695.4275,2160.0,-0.0,221.68998333164018,-0.0,0.0,-0.0,273.79106755809534
2021-04-18 15:00:00,2439.0763998551115,1785.0104999999999,2160.0,-0.0,812.0831001448887,-0.0,0.0,-0.0,273.76368845133953
2021-04-18 16:00:00,1740.8672028030371,1884.5905000000002,2160.0,-0.0,1601.079297196963,-0.0,0.0,-0.0,273.7363120824944
2021-04-18 17:00:00,1009.9755863722196,1982.487,2160.0,-0.0,2469.49541362778,-0.0,0.0,-0.0,273.70893845128614
2021-04-18 18:00:00,362.2939610232132,2067.039,2160.0,-0.0,3234.7120389767865,-0.0,0.0,-0.0,273.68156755744104
2021-04-18 19:00:00,-0.0,2128.139,2160.0,19.148999999999432,3500.0,-0.0,100.0,-0.0,168.39104150594846
2021-04-18 20:00:00,-0.0,2158.494,2160.0,-0.0,3500.0,-0.0,15.315000000000055,-0.0,152.25314977021887
2021-04-18 21:00:00,-0.0,2154.6005,2160.0,-0.0,3325.7875,-0.0,0.0,-0.0,152.23792445524185
2021-04-18 22:00:00,-0.0,2117.115,2160.0,-0.0,3133.411,-0.0,0.0,-0.0,152.22270066279634
2021-04-18 23:00:00,-0.0,2050.776,2160.0,-0.0,3008.018,-0.0,0.0,-0.0,152.20747839273005
2021-04-19 00:00:00,-0.0,1954.7255000000002,2160.0,-0.0,2910.1214999999993,-0.0,0.0,-0.0,152.1922576448908
2021-04-19 01:00:00,-0.0,1857.2125,2160.0,-0.0,2864.3205000000003,-0.0,0.0,-0.0,152.1770384191263
2021-04-19 02:00:00,-0.0,1760.486,2160.0,-0.0,2864.8469999999998,-0.0,0.0,-0.0,152.1618207152844
2021-04-19 03:00:00,-0.0,1675.037,2160.0,-0.0,2952.0279999999993,-0.0,0.0,-0.0,152.14660453321287
2021-04-19 04:00:00,-0.0,1609.257,2160.0,-0.0,3139.909,-0.0,0.0,-0.0,152.13138987275954
2021-04-19 05:00:00,-0.0,1568.294,2160.0,-0.0,3400.8019999999997,-0.0,0.0,-0.0,152.11617673377228
2021-04-19 06:00:00,390.1184312796798,1553.396,2160.0,-0.0,3283.47156872032,-0.0,0.0,-0.0,152.1009651160989
2021-04-19 07:00:00,1061.2076525886066,1561.729,2160.0,-0.0,2830.0043474113927,-0.0,0.0,-0.0,152.0857550195873
2021-04-19 08:00:00,1814.6921017595932,1586.8125000000002,2160.0,-0.0,2195.3063982404065,-0.0,0.0,-0.0,152.07054644408535
2021-04-19 09:00:00,2532.780296165749,1619.4555000000003,2160.0,-0.0,1492.2092038342507,-0.0,0.0,-0.0,152.05533938944095
2021-04-19 10:00:00,3119.985662075777,1649.0045,2160.0,-0.0,846.2668379242227,-0.0,0.0,-0.0,152.040133855502
2021-04-19 11:00:00,3503.2490554389033,1664.8775000000003,2160.0,-0.0,378.9314445610962,-0.0,0.0,-0.0,152.02492984211645
2021-04-19 12:00:00,3636.2882497497103,1658.0265,2160.0,-0.0,185.25925025028937,-0.0,0.0,-0.0,152.00972734913225
2021-04-19 13:00:00,3503.2490554389033,1622.244,2160.0,-0.0,320.49894456109723,-0.0,0.0,-0.0,151.99452637639735
2021-04-19 14:00:00,3119.985662075777,1555.0665000000001,2160.0,-0.0,798.1218379242232,-0.0,0.0,-0.0,151.97932692375971
2021-04-19 15:00:00,2532.780296165749,1458.1970000000003,2160.0,-0.0,1590.1727038342506,-0.0,0.0,-0.0,151.96412899106733
2021-04-19 16:00:00,1814.6921017595932,1337.336,2160.0,-0.0,2619.121898240406,-0.0,0.0,-0.0,151.9489325781682
2021-04-19 17:00:00,1061.2076525886066,1201.5055,2160.0,143.38584741139312,3500.0,-0.0,100.0,-0.0,46.67057979017356
2021-04-19 18:00:00,390.1184312796798,1061.9180000000001,2160.0,1211.2409516247362,3500.0,-0.0,44.332617095584816,-0.0,-0.0
2021-04-19 19:00:00,-0.0,930.5400000000001,2160.0,1859.6330000000007,3500.0,-0.0,0.0,-0.0,-0.0
2021-04-19 20:00:00,-0.0,818.545,2160.0,1897.366,3500.0,-0.0,0.0,-0.0,-0.0
2021-04-19 21:00:00,-0.0,734.9095,2160.0,1786.6965,3500.0,-0.0,0.0,-0.0,-0.0
2021-04-19 22:00:00,-0.0,685.2560000000001,2160.0,1605.5009999999993,3500.0,-0.0,0.0,-0.0,-0.0
2021-04-19 23:00:00,-0.0,671.177,2160.0,1426.7600000000002,3500.0,-0.0,0.0,-0.0,-0.0
2021-04-20 00:00:00,-0.0,681.135,2160.0,785.5329999999994,3500.0,-0.0,0.0,-0.0,-0.0
2021-04-20 01:00:00,-0.0,726.6675,2160.0,595.4005000000002,3500.0,-0.0,0.0,-0.0,-0.0
2021-04-20 02:00:00,-0.0,789.62,2160.0,434.8640000000005,3500.0,-0.0,0.0,-0.0,-0.0
2021-04-20 03:00:00,-0.0,859.196,2160.0,365.53999999999996,3500.0,-0.0,0.0,-0.0,-0.0
2021-04-20 04:00:00,-0.0,924.5535000000001,2160.0,420.70750000000044,3500.0,-0.0,0.0,-0.0,-0.0
2021-04-20 05:00:00,-0.0,976.2674999999999,2160.0,587.2534999999998,3500.0,-0.0,0.0,-0.0,-0.0
2021-04-20 06:00:00,415.71302325051147,1007.6299999999999,2160.0,396.30597674948876,3500.0,-0.0,0.0,-0.0,-0.0
2021-04-20 07:00:00,1104.9230686498452,1015.5665,2160.0,-0.0,3423.2614313501554,-0.0,0.0,-0.0,-0.0
2021-04-20 08:00:00,1874.9907060604303,1001.0585000000001,2160.0,-0.0,2809.6287939395697,-0.0,0.0,-0.0,-0.0
2021-04-20 09:00:00,2607.187168850699,969.0135,2160.0,-0.0,2155.080331149301,-0.0,0.0,-0.0,-0.0
2021-04-20 10:00:00,3205.1437336378954,927.5500000000001,2160.0,-0.0,1567.2832663621043,-0.0,0.0,-0.0,-0.0
2021-04-20 11:00:00,3595.1212660149117,886.9184999999999,2160.0,-0.0,1147.5362339850885,-0.0,0.0,-0.0,-0.0
2021-04-20 12:00:00,3730.4515990038158,858.052,2160.0,-0.0,971.3044009961845,-0.0,0.0,-0.0,-0.0
2021-04-20 13:00:00,3595.1212660149117,851.058,2160.0,-0.0,1077.6827339850884,-0.0,0.0,-0.0,-0.0
2021-04-20 14:00:00,3205.1437336378954,873.795,2160.0,-0.0,1469.6622663621042,-0.0,0.0,-0.0,-0.0
2021-04-20 15:00:00,2607.187168850699,930.7544999999999,2160.0,-0.0,2116.116331149301,-0.0,0.0,-0.0,-0.0
2021-04-20 16:00:00,1874.9907060604303,1022.3979999999999,2160.0,-0.0,2944.0752939395697,-0.0,0.0,-0.0,-0.0
2021-04-20 17:00:00,1104.9230686498452,1145.001,2160.0,323.82293135015425,3500.0,-0.0,0.0,-0.0,-0.0
2021-04-20 18:00:00,415.71302325051147,1291.0950000000003,2160.0,1065.7149767494875,3500.0,-0.0,0.0,-0.0,-0.0
2021-04-20 19:00:00,-0.0,1450.397,2160.0,1401.8849999999993,3500.0,-0.0,0.0,-0.0,-0.0
2021-04-20 20:00:00,-0.0,1611.103,2160.0,1164.049,3500.0,-0.0,0.0,-0.0,-0.0
2021-04-20 21:00:00,-0.0,1761.3960000000002,2160.0,816.5190000000002,3500.0,-0.0,0.0,-0.0,-0.0
2021-04-20 22:00:00,-0.0,1890.967,2160.0,453.1069999999995,3500.0,-0.0,0.0,-0.0,-0.0
2021-04-20 23:00:00,-0.0,1992.3084999999999,2160.0,155.89649999999983,3500.0,-0.0,0.0,-0.0,-0.0
2021-04-21 00:00:00,-0.0,2052.6935000000003,2160.0,-0.0,2961.1534999999994,-0.0,0.0,-0.0,-0.0
2021-04-21 01:00:00,-0.0,2090.4,2160.0,-0.0,2775.689,-0.0,0.0,-0.0,-0.0
2021-04-21 02:00:00,-0.0,2100.891,2160.0,-0.0,2664.4069999999997,-0.0,0.0,-0.0,-0.0
2021-04-21 03:00:00,-0.0,2091.9275,2160.0,-0.0,2670.3685000000005,-0.0,0.0,-0.0,-0.0
2021-04-21 04:00:00,-0.0,2073.5,2160.0,-0.0,2806.0209999999997,-0.0,0.0,-0.0,-0.0
2021-04-21 05:00:00,1.3477286341749561,2056.4245,2160.0,-0.0,3036.669771365825,-0.0,0.0,-0.0,-0.0
2021-04-21 06:00:00,487.05075027309044,2050.7955,2160.0,-0.0,2809.3437497269088,-0.0,0.0,-0.0,-0.0
2021-04-21 07:00:00,1266.4299673379749,2064.6210000000005,2160.0,-0.0,2236.8250326620246,-0.0,0.0,-0.0,-0.0
2021-04-21 08:00:00,2133.172630093628,2102.6330000000003,2160.0,-0.0,1470.5493699063713,-0.0,0.0,-0.0,-0.0
2021-04-21 09:00:00,2955.4525000000003,2165.6765,2160.0,-0.0,627.3499999999999,-0.0,0.0,-0.0,-0.0
2021-04-21 10:00:00,3626.1128985616897,2250.508,2018.1691761800748,-0.0,-0.0,-0.0,0.0,21.121074741764055,20.065021004675852
2021-04-21 11:00:00,4063.175168585382,2350.2635,1486.2993314146183,-0.0,-0.0,-0.0,0.0,100.0,115.06301450257538
2021-04-21 12:00:00,4214.788513890818,2455.3619999999996,1156.268486109183,-0.0,-0.0,-0.0,0.0,100.0,210.05150820112513
2021-04-21 13:00:00,4063.175168585382,2554.7925,1168.9353314146188,-0.0,-0.0,-0.0,0.0,100.0,305.030503050305
2021-04-21 14:00:00,3626.1128985616897,2637.6155000000003,1544.3286014383093,-0.0,-0.0,-0.0,0.0,100.0,400.0
2021-04-21 15:00:00,2955.4525000000003,2694.4645,2160.0,-0.0,-0.0,-0.0,0.0,-0.0,399.96
2021-04-21 16:00:00,2133.172630093628,2718.8265,2160.0,-0.0,915.6986665069203,-0.0,66.01820339945199,-0.0,330.42715831636633
2021-04-21 17:00:00,1266.4299673379749,2707.9845,2160.0,-0.0,2087.9725326620255,-0.0,0.0,-0.0,330.3941156005347
2021-04-21 18:00:00,487.05075027309044,2663.4010000000003,2160.0,-0.0,3107.09524972691,-0.0,0.0,-0.0,330.36107618897466
2021-04-21 19:00:00,1.3477286341749561,2590.5685,2160.0,141.77477136582593,3500.0,-0.0,100.0,-0.0,225.06488218661895
2021-04-21 20:00:00,-0.0,2498.353,2160.0,154.59500000000025,3500.0,-0.0,100.0,-0.0,119.77921780366344
2021-04-21 21:00:00,-0.0,2397.8305,2160.0,54.274499999999534,3500.0,-0.0,100.0,-0.0,14.504081987146234
2021-04-21 22:00:00,-0.0,2300.8895,2160.0,-0.0,3500.0,-0.0,13.777500000000146,-0.0,-0.0
2021-04-21 23:00:00,-0.0,2218.645,2160.0,-0.0,3396.5679999999998,-0.0,0.0,-0.0,-0.0
2021-04-22 00:00:00,-0.0,2151.11,2160.0,-0.0,2826.1959999999995,-0.0,0.0,-0.0,-0.0
2021-04-22 01:00:00,-0.0,2121.847,2160.0,-0.0,2704.15,-0.0,0.0,-0.0,-0.0
2021-04-22 02:00:00,-0.0,2123.563,2160.0,-0.0,2598.1130000000003,-0.0,0.0,-0.0,-0.0
2021-04-22 03:00:00,-0.0,2153.7619999999997,2160.0,-0.0,2561.4050000000007,-0.0,0.0,-0.0,-0.0
2021-04-22 04:00:00,-0.0,2206.23,2160.0,-0.0,2622.685,-0.0,0.0,-0.0,-0.0
2021-04-22 05:00:00,6.5854921897185354,2271.919,2160.0,-0.0,2761.881507810282,-0.0,0.0,-0.0,-0.0
2021-04-22 06:00:00,587.8363479523921,2340.2470000000003,2160.0,-0.0,2361.6356520476074,-0.0,0.0,-0.0,-0.0
2021-04-22 07:00:00,1497.0202106060638,2400.5865000000003,2160.0,-0.0,1609.4192893939357,-0.0,0.0,-0.0,-0.0
2021-04-22 08:00:00,2503.5835931181223,2443.753,2160.0,-0.0,694.8274068818773,-0.0,0.0,-0.0,-0.0
2021-04-22 09:00:00,3456.433863519063,2463.3179999999998,1921.2381364809376,-0.0,-0.0,-0.0,0.0,-0.0,-0.0
2021-04-22 10:00:00,4232.609162058158,2456.493,1113.8218379418422,-0.0,-0.0,-0.0,0.0,-0.0,-0.0
2021-04-22 11:00:00,4738.074786305476,2424.5585,600.2598183701002,-0.0,-0.0,-0.0,0.0,37.107104675576416,35.25174944179759
2021-04-22 12:00:00,4913.353021219175,2372.7080000000005,463.2489787808245,-0.0,-0.0,-0.0,0.0,100.0,130.2482242668534
2021-04-22 13:00:00,4738.074786305476,2309.3915,659.2227136945248,-0.0,-0.0,-0.0,0.0,100.0,225.23519944442674
2021-04-22 14:00:00,4232.609162058158,2245.1585,1247.026337941842,-0.0,-0.0,-0.0,0.0,100.0,320.2126759244823
2021-04-22 15:00:00,3456.4338635190634,2191.2475,2160.0,-0.0,-0.0,-0.0,0.0,84.02036351906327,400.0
2021-04-22 16:00:00,2503.5835931181223,2158.065,2160.0,-0.0,982.8804068818781,-0.0,100.0,-0.0,294.69684210526316
2021-04-22 17:00:00,1497.0202106060638,2153.7555,2160.0,-0.0,2239.6712945953363,-0.0,79.88399479859982,-0.0,210.57895684357914
2021-04-22 18:00:00,587.8363479523921,2183.0835,2160.0,-0.0,3391.768152047608,-0.0,0.0,-0.0,210.55789894789478
2021-04-22 19:00:00,6.5854921897185354,2246.7575,2160.0,382.7530078102809,3500.0,-0.0,100.0,-0.0,105.27368526326316
2021-04-22 20:00:00,-0.0,2341.2870000000003,2160.0,211.39999999999964,3500.0,-0.0,100.0,-0.0,-0.0
2021-04-22 21:00:00,-0.0,2459.405,2160.0,-0.0,3489.846,-0.0,0.0,-0.0,-0.0
2021-04-22 22:00:00,-0.0,2591.0105,2160.0,-0.0,3118.2825,-0.0,0.0,-0.0,-0.0
2021-04-22 23:00:00,-0.0,2724.4490000000005,2160.0,-0.0,2782.946999999999,-0.0,0.0,-0.0,-0.0
2021-04-23 00:00:00,-0.0,2839.07,2160.0,-0.0,2028.0809999999997,-0.0,0.0,-0.0,-0.0
2021-04-23 01:00:00,-0.0,2942.5565,2160.0,-0.0,1771.0014999999999,-0.0,0.0,-0.0,-0.0
2021-04-23 02:00:00,-0.0,3018.5025,2160.0,-0.0,1588.5324999999998,-0.0,0.0,-0.0,-0.0
2021-04-23 03:00:00,-0.0,3063.1510000000003,2160.0,-0.0,1535.2589999999996,-0.0,0.0,-0.0,-0.0
2021-04-23 04:00:00,-0.0,3076.8790000000004,2160.0,-0.0,1633.248,-0.0,0.0,-0.0,-0.0
2021-04-23 05:00:00,13.838722657278302,3064.048,2160.0,-0.0,1841.7682773427216,-0.0,0.0,-0.0,-0.0
2021-04-23 06:00:00,636.8936702363605,3032.3475,2160.0,-0.0,1497.8938297636398,-0.0,0.0,-0.0,-0.0
2021-04-23 07:00:00,1590.2524018947395,2991.6705000000006,2160.0,-0.0,800.7570981052602,-0.0,0.0,-0.0,-0.0
2021-04-23 08:00:00,2641.156056471154,2952.6965000000005,2082.295443528845,-0.0,-0.0,-0.0,0.0,-0.0,-0.0
2021-04-23 09:00:00,3633.8868423651807,2925.377,1154.13415763482,-0.0,-0.0,-0.0,0.0,-0.0,-0.0
2021-04-23 10:00:00,4441.556108669247,2917.5315,314.7643913307529,-0.0,-0.0,-0.0,0.0,-0.0,-0.0
2021-04-23 11:00:00,4967.151897879741,2728.179102120259,-0.0,-0.0,-0.0,-0.0,0.0,100.0,95.0
2021-04-23 12:00:00,5149.352557141702,2468.215442858298,-0.0,-0.0,-0.0,-0.0,0.0,100.0,189.9905
2021-04-23 13:00:00,4967.151897879741,2606.608102120259,-0.0,-0.0,-0.0,-0.0,0.0,100.0,284.97150095
2021-04-23 14:00:00,4441.556108669247,3112.655,-0.0,-0.0,-0.0,-0.0,0.0,63.43410866924751,345.20540703569014
2021-04-23 15:00:00,3633.8868423651807,3193.034,761.7381576348193,-0.0,-0.0,-0.0,0.0,-0.0,345.1708864949866
2021-04-23 16:00:00,2641.156056471154,3266.4255,1918.8116336274384,-0.0,-0.0,-0.0,0.0,57.75119009859258,400.0
2021-04-23 17:00:00,1590.2524018947395,3321.669,2160.0,-0.0,821.7395981052607,-0.0,100.0,-0.0,294.69684210526316
2021-04-23 18:00:00,636.8936702363605,3349.1704999999997,2160.0,-0.0,1939.2738297636395,-0.0,100.0,-0.0,189.4042145263158
2021-04-23 19:00:00,13.838722657278302,3342.2025,2160.0,-0.0,2642.128777342722,-0.0,100.0,-0.0,84.12211621012632
2021-04-23 20:00:00,-0.0,3297.84,2160.0,-0.0,2636.5409812014195,-0.0,79.90801879858006,-0.0,-0.0
2021-04-23 21:00:00,-0.0,3217.3635,2160.0,-0.0,2593.1214999999997,-0.0,0.0,-0.0,-0.0
2021-04-23 22:00:00,-0.0,3106.1160000000004,2160.0,-0.0,2464.149,-0.0,0.0,-0.0,-0.0
2021-04-23 23:00:00,-0.0,2972.814,2160.0,-0.0,2395.396,-0.0,0.0,-0.0,-0.0
2021-04-24 00:00:00,-0.0,2819.492,2160.0,-0.0,1472.3019999999997,-0.0,0.0,-0.0,-0.0
2021-04-24 01:00:00,-0.0,2675.829,2160.0,-0.0,1462.4249999999997,-0.0,0.0,-0.0,-0.0
2021-04-24 02:00:00,-0.0,2543.9700000000003,2160.0,-0.0,1487.9189999999999,-0.0,0.0,-0.0,-0.0
2021-04-24 03:00:00,-0.0,2432.8655,2160.0,-0.0,1590.6605,-0.0,0.0,-0.0,-0.0
2021-04-24 04:00:00,-0.0,2348.1835,2160.0,-0.0,1787.4264999999996,-0.0,0.0,-0.0,-0.0
2021-04-24 05:00:00,19.872871314834352,2291.653,2160.0,-0.0,2034.0851286851657,-0.0,0.0,-0.0,-0.0
2021-04-24 06:00:00,595.6041657166369,2260.869,2160.0,-0.0,1737.1938342833632,-0.0,0.0,-0.0,-0.0
2021-04-24 07:00:00,1459.5227243797685,2249.7475,2160.0,-0.0,1100.6207756202311,-0.0,0.0,-0.0,-0.0
2021-04-24 08:00:00,2407.8887340524543,2249.403,2160.0,-0.0,286.8502659475457,-0.0,0.0,-0.0,-0.0
2021-04-24 09:00:00,3301.916775610903,2249.4615,1590.8987243890974,-0.0,-0.0,-0.0,0.0,-0.0,-0.0
2021-04-24 10:00:00,4028.409895862914,2239.5165,835.7916041370854,-0.0,-0.0,-0.0,0.0,-0.0,-0.0
2021-04-24 11:00:00,4500.856168572945,2210.663,335.885906168819,-0.0,-0.0,-0.0,0.0,21.121074741764055,20.065021004675852
2021-04-24 12:00:00,4664.580693468217,2156.752,228.37530653178328,-0.0,-0.0,-0.0,0.0,100.0,115.06301450257538
2021-04-24 13:00:00,4500.856168572945,2075.32,431.00983142705536,-0.0,-0.0,-0.0,0.0,100.0,210.05150820112513
2021-04-24 14:00:00,4028.409895862914,1967.979,1029.1981041370864,-0.0,-0.0,-0.0,0.0,100.0,305.030503050305
2021-04-24 15:00:00,3301.916775610903,1840.2865000000002,1982.7457243890963,-0.0,-0.0,-0.0,0.0,100.0,400.0
2021-04-24 16:00:00,2407.8887340524543,1701.0695,2160.0,-0.0,937.5487659475452,-0.0,0.0,-0.0,399.96
2021-04-24 17:00:00,1459.5227243797685,1561.2675000000002,2160.0,-0.0,2252.4067756202317,-0.0,0.0,-0.0,399.920004
2021-04-24 18:00:00,595.6041657166369,1432.5025,2160.0,-0.0,3438.5293342833634,-0.0,0.0,-0.0,399.8800119996
2021-04-24 19:00:00,19.872871314834352,1325.5840000000003,2160.0,595.8641286851653,3500.0,-0.0,100.0,-0.0,294.57686610366324
2021-04-24 20:00:00,-0.0,1249.053,2160.0,610.3299999999999,3500.0,-0.0,100.0,-0.0,189.28425052231603
2021-04-24 21:00:00,-0.0,1208.0705,2160.0,449.53850000000057,3500.0,-0.0,100.0,-0.0,84.00216420252697
2021-04-24 22:00:00,-0.0,1203.722,2160.0,235.98992421319917,3500.0,-0.0,79.79407578680139,-0.0,-0.0
2021-04-24 23:00:00,-0.0,1232.8875000000003,2160.0,86.76549999999997,3500.0,-0.0,0.0,-0.0,-0.0
2021-04-25 00:00:00,-0.0,1279.72,2160.0,-0.0,2901.983,-0.0,0.0,-0.0,-0.0
2021-04-25 01:00:00,-0.0,1352.3185,2160.0,-0.0,2678.2084999999997,-0.0,0.0,-0.0,-0.0
2021-04-25 02:00:00,-0.0,1430.403,2160.0,-0.0,2496.2019999999993,-0.0,0.0,-0.0,-0.0
2021-04-25 03:00:00,-0.0,1502.553,2160.0,-0.0,2418.209,-0.0,0.0,-0.0,-0.0
2021-04-25 04:00:00,-0.0,1558.791,2160.0,-0.0,2476.6489999999994,-0.0,0.0,-0.0,-0.0
2021-04-25 05:00:00,23.97119157057547,1591.8825,2160.0,-0.0,2632.2523084294244,-0.0,0.0,-0.0,-0.0
2021-04-25 06:00:00,525.4855205040616,1598.2525,2160.0,-0.0,2375.1599794959384,-0.0,0.0,-0.0,-0.0
2021-04-25 07:00:00,1264.953591879629,1578.4144999999999,2160.0,-0.0,1874.5569081203714,-0.0,0.0,-0.0,-0.0
2021-04-25 08:00:00,2073.449873481939,1536.8405000000002,2160.0,-0.0,1244.7546265180608,-0.0,0.0,-0.0,-0.0
2021-04-25 09:00:00,2834.1017885710376,1481.2850000000003,2160.0,-0.0,580.724211428962,-0.0,0.0,-0.0,-0.0
2021-04-25 10:00:00,3451.4962758865854,1421.6670000000001,2160.0,-0.0,-0.0,-0.0,0.0,12.61927588658591,11.988312092256614
2021-04-25 11:00:00,3852.721216319716,1368.653,1824.7847836802835,-0.0,-0.0,-0.0,0.0,100.0,106.98711326104738
2021-04-25 12:00:00,3991.721046817124,1332.1425000000002,1648.8254531828766,-0.0,-0.0,-0.0,0.0,100.0,201.97641454972128
2021-04-25 13:00:00,3852.721216319716,1319.8575,1760.7452836802836,-0.0,-0.0,-0.0,0.0,100.0,296.95621690826636
2021-04-25 14:00:00,3451.4962758865854,1336.2375000000002,2160.0,-0.0,-0.0,-0.0,0.0,92.8007758865856,385.08725837883185
2021-04-25 15:00:00,2834.1017885710376,1381.7245,2160.0,-0.0,581.7227114289622,-0.0,0.0,-0.0,385.048749652994
2021-04-25 16:00:00,2073.449873481939,1452.685,2160.0,-0.0,1456.271126518061,-0.0,0.0,-0.0,385.0102447780287
2021-04-25 17:00:00,1264.953591879629,1541.7935,2160.0,-0.0,2405.688908120371,-0.0,0.0,-0.0,384.9717437535509
2021-04-25 18:00:00,525.4855205040616,1638.9815,2160.0,-0.0,3244.7879794959385,-0.0,0.0,-0.0,384.9332465791756
2021-04-25 19:00:00,23.97119157057547,1732.7309999999998,2160.0,130.65380842942432,3500.0,-0.0,100.0,-0.0,279.6315953597809
2021-04-25 20:00:00,-0.0,1811.576,2160.0,-0.0,3500.0,-0.0,97.28999999999996,-0.0,177.19310588445546
2021-04-25 21:00:00,-0.0,1865.6235000000001,2160.0,-0.0,3344.9474999999998,-0.0,0.0,-0.0,177.17538657386703
2021-04-25 22:00:00,-0.0,1887.8275,2160.0,-0.0,3088.1465,-0.0,0.0,-0.0,177.15766903520964
2021-04-25 23:00:00,-0.0,1874.9445,2160.0,-0.0,2904.7054999999996,-0.0,0.0,-0.0,177.13995326830613
2021-04-26 00:00:00,-0.0,1818.9859999999999,2160.0,-0.0,2762.4530000000004,-0.0,0.0,-0.0,177.1222392729793
2021-04-26 01:00:00,-0.0,1742.8319999999999,2160.0,-0.0,2691.0009999999997,-0.0,0.0,-0.0,177.104527049052
2021-04-26 02:00:00,-0.0,1645.9560000000001,2160.0,-0.0,2687.54,-0.0,0.0,-0.0,177.0868165963471
2021-04-26 03:00:00,-0.0,1539.0050000000003,2160.0,-0.0,2792.245,-0.0,0.0,-0.0,177.06910791468746
2021-04-26 04:00:00,-0.0,1433.4905,2160.0,-0.0,3016.0434999999998,-0.0,0.0,-0.0,177.051401003896
2021-04-26 05:00:00,29.25796344008905,1340.2025,2160.0,-0.0,3296.3525365599107,-0.0,0.0,-0.0,177.0336958637956
2021-04-26 06:00:00,503.0274606273099,1267.8249999999998,2160.0,-0.0,3149.3675393726908,-0.0,0.0,-0.0,177.01599249420923
2021-04-26 07:00:00,1190.5344671161863,1221.792,2160.0,-0.0,2730.5365328838143,-0.0,0.0,-0.0,176.9982908949598
2021-04-26 08:00:00,1939.3202441852995,1203.5985,2160.0,-0.0,2140.6762558147007,-0.0,0.0,-0.0,176.98059106587033
2021-04-26 09:00:00,2642.4425247128665,1210.6705000000002,2160.0,-0.0,1475.1549752871333,-0.0,0.0,-0.0,176.96289300676375
2021-04-26 10:00:00,3212.482728654903,1236.755,2160.0,-0.0,847.0602713450967,-0.0,0.0,-0.0,176.94519671746306
2021-04-26 11:00:00,3582.697658423517,1272.8429999999998,2160.0,-0.0,369.9573415764826,-0.0,0.0,-0.0,176.9275021977913
2021-04-26 12:00:00,3710.909533808279,1308.4435,2160.0,-0.0,136.24396619172057,-0.0,0.0,-0.0,176.90980944757155
2021-04-26 13:00:00,3582.697658423517,1333.111,2160.0,-0.0,203.9753415764826,-0.0,0.0,-0.0,176.89211846662678
2021-04-26 14:00:00,3212.482728654903,1337.895,2160.0,-0.0,594.5452713450968,-0.0,0.0,-0.0,176.87442925478013
2021-04-26 15:00:00,2642.4425247128665,1316.653,2160.0,-0.0,1291.9494752871333,-0.0,0.0,-0.0,176.85674181185465
2021-04-26 16:00:00,1939.3202441852995,1266.9540000000002,2160.0,-0.0,2233.1067558147,-0.0,0.0,-0.0,176.83905613767345
2021-04-26 17:00:00,1190.5344671161863,1190.4750000000001,2160.0,-0.0,3291.850532883813,-0.0,0.0,-0.0,176.82137223205967
2021-04-26 18:00:00,503.0274606273099,1092.871,2160.0,677.1955393726903,3500.0,-0.0,100.0,-0.0,71.54053220009963
2021-04-26 19:00:00,29.25796344008905,983.086,2160.0,1374.2733273203748,3500.0,-0.0,67.95670923953566,-0.0,-0.0
2021-04-26 20:00:00,-0.0,872.2025,2160.0,1507.2224999999999,3500.0,-0.0,0.0,-0.0,-0.0
2021-04-26 21:00:00,-0.0,772.0245000000001,2160.0,1412.4044999999996,3500.0,-0.0,0.0,-0.0,-0.0
2021-04-26 22:00:00,-0.0,693.537,2160.0,1259.549,3500.0,-0.0,0.0,-0.0,-0.0
2021-04-26 23:00:00,-0.0,645.489,2160.0,1114.4809999999998,3500.0,-0.0,0.0,-0.0,-0.0
2021-04-27 00:00:00,-0.0,624.3315,2160.0,504.48049999999967,3500.0,-0.0,0.0,-0.0,-0.0
2021-04-27 01:00:00,-0.0,649.2135000000001,2160.0,335.09650000000056,3500.0,-0.0,0.0,-0.0,-0.0
2021-04-27 02:00:00,-0.0,708.3310000000001,2160.0,178.692,3500.0,-0.0,0.0,-0.0,-0.0
2021-04-27 03:00:00,-0.0,795.0020000000001,2160.0,92.76600000000008,3500.0,-0.0,0.0,-0.0,-0.0
2021-04-27 04:00:00,-0.0,899.6715000000002,2160.0,109.3125,3500.0,-0.0,0.0,-0.0,-0.0
2021-04-27 05:00:00,36.584706378603805,1011.2114999999999,2160.0,180.33579362139608,3500.0,-0.0,0.0,-0.0,-0.0
2021-04-27 06:00:00,516.7436624996632,1118.416,2160.0,-0.0,3350.1823375003364,-0.0,0.0,-0.0,-0.0
2021-04-27 07:00:00,1203.3991495333107,1211.4959999999999,2160.0,-0.0,2795.8258504666887,-0.0,0.0,-0.0,-0.0
2021-04-27 08:00:00,1948.484798897689,1283.3990000000001,2160.0,-0.0,2122.2352011023104,-0.0,0.0,-0.0,-0.0
2021-04-27 09:00:00,2646.8103906954425,1330.693,2160.0,-0.0,1423.8826093045577,-0.0,0.0,-0.0,-0.0
2021-04-27 10:00:00,3212.347955791485,1354.0279999999998,2160.0,-0.0,805.5590442085154,-0.0,0.0,-0.0,-0.0
2021-04-27 11:00:00,3579.389597230542,1357.9669999999999,2160.0,-0.0,366.22140276945856,-0.0,0.0,-0.0,-0.0
2021-04-27 12:00:00,3706.4742813939947,1350.336,2160.0,-0.0,179.2307186060052,-0.0,0.0,-0.0,-0.0
2021-04-27 13:00:00,3579.389597230542,1341.093,2160.0,-0.0,282.02940276945765,-0.0,0.0,-0.0,-0.0
2021-04-27 14:00:00,3212.347955791485,1340.9110000000003,2160.0,-0.0,676.5930442085146,-0.0,0.0,-0.0,-0.0
2021-04-27 15:00:00,2646.8103906954425,1359.6635,2160.0,-0.0,1331.6171093045577,-0.0,0.0,-0.0,-0.0
2021-04-27 16:00:00,1948.484798897689,1405.014,2160.0,-0.0,2174.9592011023105,-0.0,0.0,-0.0,-0.0
2021-04-27 17:00:00,1203.3991495333107,1481.2785000000001,2160.0,-0.0,3079.201350466689,-0.0,0.0,-0.0,-0.0
2021-04-27 18:00:00,516.7436624996632,1588.795,2160.0,360.4273375003372,3500.0,-0.0,0.0,-0.0,-0.0
2021-04-27 19:00:00,36.584706378603805,1723.735,2160.0,788.889293621397,3500.0,-0.0,0.0,-0.0,-0.0
2021-04-27 20:00:00,-0.0,1878.5845000000002,2160.0,597.1454999999996,3500.0,-0.0,0.0,-0.0,-0.0
2021-04-27 21:00:00,-0.0,2043.0345000000002,2160.0,239.2745,3500.0,-0.0,0.0,-0.0,-0.0
2021-04-27 22:00:00,-0.0,2205.3005,2160.0,-0.0,3347.1465000000003,-0.0,0.0,-0.0,-0.0
2021-04-27 23:00:00,-0.0,2353.6369999999997,2160.0,-0.0,3007.077,-0.0,0.0,-0.0,-0.0
2021-04-28 00:00:00,-0.0,2468.9275,2160.0,-0.0,2261.9615000000003,-0.0,0.0,-0.0,-0.0
2021-04-28 01:00:00,-0.0,2561.5915,2160.0,-0.0,2025.9834999999998,-0.0,0.0,-0.0,-0.0
2021-04-28 02:00:00,-0.0,2619.1230000000005,2160.0,-0.0,1872.2519999999995,-0.0,0.0,-0.0,-0.0
2021-04-28 03:00:00,-0.0,2642.1070000000004,2160.0,-0.0,1850.9999999999995,-0.0,0.0,-0.0,-0.0
2021-04-28 04:00:00,-0.0,2635.1715000000004,2160.0,-0.0,1980.0364999999993,-0.0,0.0,-0.0,-0.0
2021-04-28 05:00:00,42.085889621736136,2606.344,2160.0,-0.0,2186.708110378264,-0.0,0.0,-0.0,-0.0
2021-04-28 06:00:00,504.57122251736473,2565.8945,2160.0,-0.0,2022.5622774826356,-0.0,0.0,-0.0,-0.0
2021-04-28 07:00:00,1157.104670949401,2524.925,2160.0,-0.0,1636.953329050599,-0.0,0.0,-0.0,-0.0
2021-04-28 08:00:00,1862.6344849007444,2493.8615,2160.0,-0.0,1106.3570150992557,-0.0,0.0,-0.0,-0.0
2021-04-28 09:00:00,2522.6845834879296,2481.024,2160.0,-0.0,506.77841651207063,-0.0,0.0,-0.0,-0.0
2021-04-28 10:00:00,3056.6485423088,2491.4825,2114.289032432964,-0.0,-0.0,-0.0,0.0,21.121074741764055,20.065021004675852
2021-04-28 11:00:00,3402.978045056287,2526.4070000000006,1743.7149549437122,-0.0,-0.0,-0.0,0.0,100.0,115.06301450257538
2021-04-28 12:00:00,3522.858507066149,2582.8985000000002,1499.858992933851,-0.0,-0.0,-0.0,0.0,100.0,210.05150820112513
2021-04-28 13:00:00,3402.978045056287,2654.4245,1514.6314549437125,-0.0,-0.0,-0.0,0.0,100.0,305.030503050305
2021-04-28 14:00:00,3056.6485423088,2731.7095000000004,1810.8579576911993,-0.0,-0.0,-0.0,0.0,100.0,400.0
2021-04-28 15:00:00,2522.6845834879296,2804.0545,2160.0,-0.0,20.45291651207026,-0.0,100.0,-0.0,294.69684210526316
2021-04-28 16:00:00,1862.6344849007444,2860.806,2160.0,-0.0,813.7515150992556,-0.0,100.0,-0.0,189.4042145263158
2021-04-28 17:00:00,1157.104670949401,2892.8575,2160.0,-0.0,1722.1788290505986,-0.0,100.0,-0.0,84.12211621012632
2021-04-28 18:00:00,504.57122251736473,2893.9494999999997,2160.0,-0.0,2595.2232586840555,-0.0,79.90801879858006,-0.0,-0.0
2021-04-28 19:00:00,42.085889621736136,2861.573,2160.0,-0.0,3252.5561103782643,-0.0,0.0,-0.0,-0.0
2021-04-28 20:00:00,-0.0,2797.3595,2160.0,-0.0,3284.5934999999995,-0.0,0.0,-0.0,-0.0
2021-04-28 21:00:00,-0.0,2706.9705000000004,2160.0,-0.0,3180.6775,-0.0,0.0,-0.0,-0.0
2021-04-28 22:00:00,-0.0,2599.3759999999997,2160.0,-0.0,3057.4230000000002,-0.0,0.0,-0.0,-0.0
2021-04-28 23:00:00,-0.0,2485.7495000000004,2160.0,-0.0,2978.2295,-0.0,0.0,-0.0,-0.0
2021-04-29 00:00:00,-0.0,2369.12,2160.0,-0.0,2463.8990000000003,-0.0,0.0,-0.0,-0.0
2021-04-29 01:00:00,-0.0,2278.393,2160.0,-0.0,2410.026,-0.0,0.0,-0.0,-0.0
2021-04-29 02:00:00,-0.0,2213.6075,2160.0,-0.0,2377.2275,-0.0,0.0,-0.0,-0.0
2021-04-29 03:00:00,-0.0,2180.3665,2160.0,-0.0,2410.7205000000004,-0.0,0.0,-0.0,-0.0
2021-04-29 04:00:00,-0.0,2180.2235000000005,2160.0,-0.0,2531.3884999999996,-0.0,0.0,-0.0,-0.0
2021-04-29 05:00:00,45.40007685395727,2210.5525000000002,2160.0,-0.0,2673.920423146042,-0.0,0.0,-0.0,-0.0
2021-04-29 06:00:00,473.4386910679234,2264.977,2160.0,-0.0,2447.585308932077,-0.0,0.0,-0.0,-0.0
2021-04-29 07:00:00,1069.9005022790352,2334.2475,2160.0,-0.0,2005.9539977209647,-0.0,0.0,-0.0,-0.0
2021-04-29 08:00:00,1712.5771535638555,2407.5675,2160.0,-0.0,1431.8843464361448,-0.0,0.0,-0.0,-0.0
2021-04-29 09:00:00,2312.763596636687,2474.0625,2160.0,-0.0,810.8069033633128,-0.0,0.0,-0.0,-0.0
2021-04-29 10:00:00,2797.786627919269,2524.288,2160.0,-0.0,244.25337208073142,-0.0,0.0,-0.0,-0.0
2021-04-29 11:00:00,3112.187214115301,2551.5360000000005,2092.203785884699,-0.0,-0.0,-0.0,0.0,100.0,95.0
2021-04-29 12:00:00,3220.979545089451,2552.7255,1912.4549549105482,-0.0,-0.0,-0.0,0.0,100.0,189.9905
2021-04-29 13:00:00,3112.187214115301,2528.8315000000002,2009.1942858846987,-0.0,-0.0,-0.0,0.0,100.0,284.97150095
2021-04-29 14:00:00,2797.786627919269,2484.7615000000005,2160.0,-0.0,124.77611120084865,-0.0,7.628760879882268,-0.0,276.9127291895026
2021-04-29 15:00:00,2312.763596636687,2428.6470000000004,2160.0,-0.0,778.9984033633123,-0.0,0.0,-0.0,276.88503791658366
2021-04-29 16:00:00,1712.5771535638555,2370.745,2160.0,-0.0,1624.4928464361442,-0.0,0.0,-0.0,276.857349412792
2021-04-29 17:00:00,1069.9005022790352,2322.0080000000003,2160.0,-0.0,2548.1894977209645,-0.0,0.0,-0.0,276.82966367785076
2021-04-29 18:00:00,473.4386910679234,2292.563,2160.0,-0.0,3372.8723089320765,-0.0,0.0,-0.0,276.801980711483
2021-04-29 19:00:00,45.40007685395727,2290.2945000000004,2160.0,282.93842314604217,3500.0,-0.0,100.0,-0.0,171.511142618675
2021-04-29 20:00:00,-0.0,2319.7265,2160.0,221.7765000000004,3500.0,-0.0,100.0,-0.0,66.23083360967628
2021-04-29 21:00:00,-0.0,2381.353,2160.0,-0.0,3500.0,-0.0,62.912999999999556,-0.0,-0.0
2021-04-29 22:00:00,-0.0,2471.5080000000003,2160.0,-0.0,3238.917,-0.0,0.0,-0.0,-0.0
2021-04-29 23:00:00,-0.0,2582.7555,2160.0,-0.0,2931.8004999999994,-0.0,0.0,-0.0,-0.0
2021-04-30 00:00:00,-0.0,2696.0115,2160.0,-0.0,2184.5354999999995,-0.0,0.0,-0.0,-0.0
2021-04-30 01:00:00,-0.0,2817.243,2160.0,-0.0,1915.5459999999998,-0.0,0.0,-0.0,-0.0
2021-04-30 02:00:00,-0.0,2925.8515,2160.0,-0.0,1706.1464999999994,-0.0,0.0,-0.0,-0.0
2021-04-30 03:00:00,-0.0,3011.5865,2160.0,-0.0,1617.4095000000002,-0.0,0.0,-0.0,-0.0
2021-04-30 04:00:00,-0.0,3067.0185,2160.0,-0.0,1679.2034999999996,-0.0,0.0,-0.0,-0.0
2021-04-30 05:00:00,54.89543768564447,3088.4424999999997,2160.0,-0.0,1817.8040623143556,-0.0,0.0,-0.0,-0.0
2021-04-30 06:00:00,507.48721719857974,3076.333,2160.0,-0.0,1630.0697828014204,-0.0,0.0,-0.0,-0.0
2021-04-30 07:00:00,1130.9036010931907,3035.175,2160.0,-0.0,1268.4973989068092,-0.0,0.0,-0.0,-0.0
2021-04-30 08:00:00,1800.3939261588464,2972.827,2160.0,-0.0,799.8340738411537,-0.0,0.0,-0.0,-0.0
2021-04-30 09:00:00,2424.5393087237608,2899.3835,2160.0,-0.0,291.2571912762396,-0.0,0.0,-0.0,-0.0
2021-04-30 10:00:00,2928.4121627670534,2825.745,2007.332911974711,-0.0,-0.0,-0.0,0.0,21.121074741764055,20.065021004675852
2021-04-30 11:00:00,3254.838164003474,2762.123,1749.4768359965265,-0.0,-0.0,-0.0,0.0,100.0,115.06301450257538
2021-04-30 12:00:00,3367.759445429597,2716.623,1608.7365545704024,-0.0,-0.0,-0.0,0.0,100.0,210.05150820112513
2021-04-30 13:00:00,3254.838164003474,2694.094,1704.670835996526,-0.0,-0.0,-0.0,0.0,100.0,305.030503050305
2021-04-30 14:00:00,2928.4121627670534,2695.4784999999997,2050.866337232947,-0.0,-0.0,-0.0,0.0,100.0,400.0
2021-04-30 15:00:00,2424.5393087237608,2717.6565,2160.0,-0.0,274.42119127623937,-0.0,100.0,-0.0,294.69684210526316
2021-04-30 16:00:00,1800.3939261588464,2753.8875000000003,2160.0,-0.0,1046.1345738411535,-0.0,100.0,-0.0,189.4042145263158
2021-04-30 17:00:00,1130.9036010931907,2794.688,2160.0,-0.0,1903.4953989068097,-0.0,100.0,-0.0,84.12211621012632
2021-04-30 18:00:00,507.48721719857974,2829.177,2160.0,-0.0,2707.6747640028393,-0.0,79.90801879858006,-0.0,-0.0
2021-04-30 19:00:00,54.89543768564447,2846.5255,2160.0,-0.0,3298.970062314355,-0.0,0.0,-0.0,-0.0
2021-04-30 20:00:00,-0.0,2837.484,2160.0,-0.0,3282.1639999999993,-0.0,0.0,-0.0,-0.0
2021-04-30 21:00:00,-0.0,2795.6695000000004,2160.0,-0.0,3123.1355,-0.0,0.0,-0.0,-0.0
2021-04-30 22:00:00,-0.0,2718.4755,2160.0,-0.0,2962.8915,-0.0,0.0,-0.0,-0.0
2021-04-30 23:00:00,-0.0,2607.4750000000004,2160.0,-0.0,2874.437999999999,-0.0,0.0,-0.0,-0.0
2021-05-01 00:00:00,-0.0,2459.4505000000004,2160.0,-0.0,1948.7954999999997,-0.0,0.0,-0.0,-0.0
2021-05-01 01:00:00,-0.0,2301.0455,2160.0,-0.0,1955.8914999999997,-0.0,0.0,-0.0,-0.0
2021-05-01 02:00:00,-0.0,2134.6325,2160.0,-0.0,2017.9834999999998,-0.0,0.0,-0.0,-0.0
2021-05-01 03:00:00,-0.0,1972.1780000000003,2160.0,-0.0,2173.9289999999996,-0.0,0.0,-0.0,-0.0
2021-05-01 04:00:00,-0.0,1824.9335,2160.0,-0.0,2434.9214999999995,-0.0,0.0,-0.0,-0.0
2021-05-01 05:00:00,76.85728838345,1701.9665,2160.0,-0.0,2692.50221161655,-0.0,0.0,-0.0,-0.0
2021-05-01 06:00:00,639.3563380133529,1609.0295,2160.0,-0.0,2472.2731619866468,-0.0,0.0,-0.0,-0.0
2021-05-01 07:00:00,1405.8463685041281,1547.8904999999997,2160.0,-0.0,1984.2291314958727,-0.0,0.0,-0.0,-0.0
2021-05-01 08:00:00,2226.349687029088,1516.151,2160.0,-0.0,1330.6033129709126,-0.0,0.0,-0.0,-0.0
2021-05-01 09:00:00,2990.0094873880953,1507.688,2160.0,-0.0,614.2325126119049,-0.0,0.0,-0.0,-0.0
2021-05-01 10:00:00,3605.896969049065,1513.5510000000002,2135.537105692699,-0.0,-0.0,-0.0,0.0,21.121074741764055,20.065021004675852
2021-05-01 11:00:00,4004.653115665957,1523.2424999999998,1728.8303843340432,-0.0,-0.0,-0.0,0.0,100.0,115.06301450257538
2021-05-01 12:00:00,4142.5625111775325,1526.2260000000003,1511.461488822467,-0.0,-0.0,-0.0,0.0,100.0,210.05150820112513
2021-05-01 13:00:00,4004.653115665957,1513.4080000000004,1619.5678843340424,-0.0,-0.0,-0.0,0.0,100.0,305.030503050305
2021-05-01 14:00:00,3605.896969049065,1478.4315000000001,2071.405530950935,-0.0,-0.0,-0.0,0.0,100.0,400.0
2021-05-01 15:00:00,2990.0094873880953,1418.5795,2160.0,-0.0,586.0120126119045,-0.0,0.0,-0.0,399.96
2021-05-01 16:00:00,2226.349687029088,1335.2105,2160.0,-0.0,1613.908812970912,-0.0,0.0,-0.0,399.920004
2021-05-01 17:00:00,1405.8463685041281,1233.5960000000002,2160.0,-0.0,2761.8286314958714,-0.0,0.0,-0.0,399.8800119996
2021-05-01 18:00:00,639.3563380133529,1122.2445,2160.0,232.02716198664712,3500.0,-0.0,100.0,-0.0,294.57686610366324
2021-05-01 19:00:00,76.85728838345,1011.7769999999999,2160.0,978.4017116165496,3500.0,-0.0,100.0,-0.0,189.28425052231603
2021-05-01 20:00:00,-0.0,913.4839999999999,2160.0,1070.143,3500.0,-0.0,100.0,-0.0,84.00216420252697
2021-05-01 21:00:00,-0.0,837.8435000000001,2160.0,962.553424213198,3500.0,-0.0,79.79407578680139,-0.0,-0.0
2021-05-01 22:00:00,-0.0,793.0455000000001,2160.0,847.1875,3500.0,-0.0,0.0,-0.0,-0.0
2021-05-01 23:00:00,-0.0,783.9065,2160.0,654.4295000000002,3500.0,-0.0,0.0,-0.0,-0.0
2021-05-02 00:00:00,-0.0,802.3860000000001,2160.0,-0.0,3496.1330000000003,-0.0,0.0,-0.0,-0.0
2021-05-02 01:00:00,-0.0,862.6540000000001,2160.0,-0.0,3282.2720000000004,-0.0,0.0,-0.0,-0.0
2021-05-02 02:00:00,-0.0,948.688,2160.0,-0.0,3089.715,-0.0,0.0,-0.0,-0.0
2021-05-02 03:00:00,-0.0,1050.4195,2160.0,-0.0,2979.3585000000003,-0.0,0.0,-0.0,-0.0
2021-05-02 04:00:00,-0.0,1156.2395000000001,2160.0,-0.0,2985.2544999999996,-0.0,0.0,-0.0,-0.0
2021-05-02 05:00:00,102.92971141548917,1254.4869999999999,2160.0,-0.0,2993.606288584511,-0.0,0.0,-0.0,-0.0
2021-05-02 06:00:00,779.9979470287558,1334.9765000000002,2160.0,-0.0,2483.5285529712437,-0.0,0.0,-0.0,-0.0
2021-05-02 07:00:00,1693.3352642913849,1390.2914999999998,2160.0,-0.0,1730.4202357086149,-0.0,0.0,-0.0,-0.0
2021-05-02 08:00:00,2668.018738565959,1416.7010000000002,2160.0,-0.0,862.7962614340404,-0.0,0.0,-0.0,-0.0
2021-05-02 09:00:00,3573.7107588492686,1414.6145,2156.4407411507314,-0.0,-0.0,-0.0,0.0,-0.0,-0.0
2021-05-02 10:00:00,4303.444553862545,1388.4195,1434.4770208792197,-0.0,-0.0,-0.0,0.0,21.121074741764055,20.065021004675852
2021-05-02 11:00:00,4775.63965896348,1345.8315000000002,1005.2268410365205,-0.0,-0.0,-0.0,0.0,100.0,115.06301450257538
2021-05-02 12:00:00,4938.898604876036,1296.7565,813.280895123964,-0.0,-0.0,-0.0,0.0,100.0,210.05150820112513
2021-05-02 13:00:00,4775.63965896348,1251.9065,977.58184103652,-0.0,-0.0,-0.0,0.0,100.0,305.030503050305
2021-05-02 14:00:00,4303.444553862545,1221.2395,1497.4609461374557,-0.0,-0.0,-0.0,0.0,100.0,400.0
2021-05-02 15:00:00,3573.7107588492686,1212.588,2160.0,-0.0,-0.0,-0.0,73.72724115073152,-0.0,322.35237773607207
2021-05-02 16:00:00,2668.018738565959,1230.5215,2160.0,-0.0,1135.3846570671585,-0.0,6.0841043668824115,-0.0,315.91582211210647
2021-05-02 17:00:00,1693.3352642913849,1275.6575,2160.0,-0.0,2296.036235708615,-0.0,0.0,-0.0,315.88423052989526
2021-05-02 18:00:00,779.9979470287558,1344.5445,2160.0,-0.0,3332.1635529712444,-0.0,0.0,-0.0,315.85264210684227
2021-05-02 19:00:00,102.92971141548917,1430.0974999999999,2160.0,396.51078858451046,3500.0,-0.0,100.0,-0.0,210.55789894789478
2021-05-02 20:00:00,-0.0,1522.482,2160.0,323.1750000000002,3500.0,-0.0,100.0,-0.0,105.27368526326316
2021-05-02 21:00:00,-0.0,1610.4400000000003,2160.0,31.412999999999556,3500.0,-0.0,100.0,-0.0,-0.0
2021-05-02 22:00:00,-0.0,1682.798,2160.0,-0.0,3318.835,-0.0,0.0,-0.0,-0.0
2021-05-02 23:00:00,-0.0,1729.9425,2160.0,-0.0,3069.6355000000003,-0.0,0.0,-0.0,-0.0
2021-05-03 00:00:00,-0.0,1736.3580000000002,2160.0,-0.0,2859.567,-0.0,0.0,-0.0,-0.0
2021-05-03 01:00:00,-0.0,1716.6435,2160.0,-0.0,2725.7415,-0.0,0.0,-0.0,-0.0
2021-05-03 02:00:00,-0.0,1663.2785,2160.0,-0.0,2672.7415000000005,-0.0,0.0,-0.0,-0.0
2021-05-03 03:00:00,-0.0,1581.5735,2160.0,-0.0,2746.0835,-0.0,0.0,-0.0,-0.0
2021-05-03 04:00:00,-0.0,1480.2125000000003,2160.0,-0.0,2959.5284999999994,-0.0,0.0,-0.0,-0.0
2021-05-03 05:00:00,118.47759902247114,1370.135,2160.0,-0.0,3161.129400977529,-0.0,0.0,-0.0,-0.0
2021-05-03 06:00:00,826.1086444352782,1263.0735000000002,2160.0,-0.0,2808.615855564721,-0.0,0.0,-0.0,-0.0
2021-05-03 07:00:00,1771.6934322901661,1170.0780000000002,2160.0,-0.0,2172.2505677098334,-0.0,0.0,-0.0,-0.0
2021-05-03 08:00:00,2777.7912358195094,1100.034,2160.0,-0.0,1370.4477641804901,-0.0,0.0,-0.0,-0.0
2021-05-03 09:00:00,3711.2035836920995,1058.5575,2160.0,-0.0,516.6469163079009,-0.0,0.0,-0.0,-0.0
2021-05-03 10:00:00,4462.556171205391,1047.2995,1919.1144035363732,-0.0,-0.0,-0.0,0.0,21.121074741764055,20.065021004675852
2021-05-03 11:00:00,4948.4797302571715,1063.7965000000002,1418.1387697428281,-0.0,-0.0,-0.0,0.0,100.0,115.06301450257538
2021-05-03 12:00:00,5116.437348271602,1101.88,1135.521651728398,-0.0,-0.0,-0.0,0.0,100.0,210.05150820112513
2021-05-03 13:00:00,4948.4797302571715,1152.5995,1210.2377697428283,-0.0,-0.0,-0.0,0.0,100.0,305.030503050305
2021-05-03 14:00:00,4462.556171205391,1205.477,1661.6848287946086,-0.0,-0.0,-0.0,0.0,100.0,400.0
2021-05-03 15:00:00,3711.2035836920995,1250.0410000000002,2160.0,-0.0,207.83541630790023,-0.0,0.0,-0.0,399.96
2021-05-03 16:00:00,2777.7912358195094,1277.2695,2160.0,-0.0,1295.5772641804901,-0.0,0.0,-0.0,399.920004
2021-05-03 17:00:00,1771.6934322901661,1280.929,2160.0,-0.0,2524.705567709834,-0.0,0.0,-0.0,399.8800119996
2021-05-03 18:00:00,826.1086444352782,1258.4520000000002,2160.0,86.20635556472143,3500.0,-0.0,100.0,-0.0,294.57686610366324
2021-05-03 19:00:00,118.47759902247114,1211.3464999999999,2160.0,915.6279009775299,3500.0,-0.0,100.0,-0.0,189.28425052231603
2021-05-03 20:00:00,-0.0,1145.0725,2160.0,1018.4414999999999,3500.0,-0.0,100.0,-0.0,84.00216420252697
2021-05-03 21:00:00,-0.0,1068.3400000000001,2160.0,913.6059242131978,3500.0,-0.0,79.79407578680139,-0.0,-0.0
2021-05-03 22:00:00,-0.0,991.9585000000001,2160.0,831.6785,3500.0,-0.0,0.0,-0.0,-0.0
2021-05-03 23:00:00,-0.0,927.4655000000001,2160.0,696.3184999999994,3500.0,-0.0,0.0,-0.0,-0.0
2021-05-04 00:00:00,-0.0,876.7850000000001,2160.0,109.55500000000029,3500.0,-0.0,0.0,-0.0,-0.0
2021-05-04 01:00:00,-0.0,865.8389999999999,2160.0,-0.0,3469.325,-0.0,0.0,-0.0,-0.0
2021-05-04 02:00:00,-0.0,890.929,2160.0,-0.0,3340.313,-0.0,0.0,-0.0,-0.0
2021-05-04 03:00:00,-0.0,953.0105,2160.0,-0.0,3272.3885000000005,-0.0,0.0,-0.0,-0.0
2021-05-04 04:00:00,-0.0,1048.8465,2160.0,-0.0,3291.2295,-0.0,0.0,-0.0,-0.0
2021-05-04 05:00:00,122.5575411604735,1171.4105,2160.0,-0.0,3258.774958839527,-0.0,0.0,-0.0,-0.0
2021-05-04 06:00:00,792.9912762700517,1310.803,2160.0,-0.0,2699.7407237299485,-0.0,0.0,-0.0,-0.0
2021-05-04 07:00:00,1680.954538974714,1455.5515,2160.0,-0.0,1886.0559610252858,-0.0,0.0,-0.0,-0.0
2021-05-04 08:00:00,2623.0291063415007,1594.1250000000002,2160.0,-0.0,942.5278936584991,-0.0,0.0,-0.0,-0.0
2021-05-04 09:00:00,3495.7140271660164,1716.4355,2148.5984728339836,-0.0,-0.0,-0.0,0.0,-0.0,-0.0
2021-05-04 10:00:00,4197.543713412624,1815.1185000000003,1312.518786587375,-0.0,-0.0,-0.0,0.0,-0.0,-0.0
2021-05-04 11:00:00,4651.189171675915,1886.495,734.2329030658502,-0.0,-0.0,-0.0,0.0,21.121074741764055,20.065021004675852
2021-05-04 12:00:00,4807.960642026693,1930.9615,538.4038579733069,-0.0,-0.0,-0.0,0.0,100.0,115.06301450257538
2021-05-04 13:00:00,4651.189171675915,1952.886,633.8858283240861,-0.0,-0.0,-0.0,0.0,100.0,210.05150820112513
2021-05-04 14:00:00,4197.543713412624,1959.8995,1102.126786587376,-0.0,-0.0,-0.0,0.0,100.0,305.030503050305
2021-05-04 15:00:00,3495.7140271660164,1961.8365000000001,1904.635472833983,-0.0,-0.0,-0.0,0.0,100.0,400.0
2021-05-04 16:00:00,2623.0291063415007,1969.2465,2160.0,-0.0,594.7673936584988,-0.0,100.0,-0.0,294.69684210526316
2021-05-04 17:00:00,1680.954538974714,1991.9445,2160.0,-0.0,1744.1739610252862,-0.0,100.0,-0.0,189.4042145263158
2021-05-04 18:00:00,792.9912762700517,2037.5615,2160.0,-0.0,2783.3392237299486,-0.0,100.0,-0.0,84.12211621012632
2021-05-04 19:00:00,122.5575411604735,2110.4265,2160.0,-0.0,3481.687698716814,-0.0,77.32126012271303,-0.0,2.722903869333704
2021-05-04 20:00:00,-0.0,2210.9165000000003,2160.0,-0.0,3500.0,-0.0,2.5864999999994325,-0.0,-0.0
2021-05-04 21:00:00,-0.0,2335.3070000000002,2160.0,-0.0,3179.9009999999994,-0.0,0.0,-0.0,-0.0
2021-05-04 22:00:00,-0.0,2476.188,2160.0,-0.0,2804.423,-0.0,0.0,-0.0,-0.0
2021-05-04 23:00:00,-0.0,2623.4195,2160.0,-0.0,2460.8675000000003,-0.0,0.0,-0.0,-0.0
2021-05-05 00:00:00,-0.0,2756.7019999999998,2160.0,-0.0,1693.7710000000002,-0.0,0.0,-0.0,-0.0
2021-05-05 01:00:00,-0.0,2881.9245000000005,2160.0,-0.0,1420.9424999999997,-0.0,0.0,-0.0,-0.0
2021-05-05 02:00:00,-0.0,2980.4255000000003,2160.0,-0.0,1222.1044999999995,-0.0,0.0,-0.0,-0.0
2021-05-05 03:00:00,-0.0,3045.094,2160.0,-0.0,1155.1899999999996,-0.0,0.0,-0.0,-0.0
2021-05-05 04:00:00,-0.0,3072.6215,2160.0,-0.0,1245.9465,-0.0,0.0,-0.0,-0.0
2021-05-05 05:00:00,127.89944738320335,3063.9115,2160.0,-0.0,1343.0360526167963,-0.0,0.0,-0.0,-0.0
2021-05-05 06:00:00,773.4798412707461,3023.9300000000003,2160.0,-0.0,991.8441587292535,-0.0,0.0,-0.0,-0.0
2021-05-05 07:00:00,1621.4155635404122,2961.0294999999996,2160.0,-0.0,429.45193645958807,-0.0,0.0,-0.0,-0.0
2021-05-05 08:00:00,2518.537254918218,2885.8244999999997,1908.2672450817822,-0.0,-0.0,-0.0,0.0,-0.0,-0.0
2021-05-05 09:00:00,3348.3521530974767,2809.781,1199.168846902523,-0.0,-0.0,-0.0,0.0,-0.0,-0.0
2021-05-05 10:00:00,4015.1041386200595,2743.6565,566.5713613799408,-0.0,-0.0,-0.0,0.0,-0.0,-0.0
2021-05-05 11:00:00,4445.8627142593605,2696.096,133.69436048240368,-0.0,-0.0,-0.0,0.0,21.121074741764055,20.065021004675852
2021-05-05 12:00:00,4594.6764596292605,2672.5205,17.43404037074015,-0.0,-0.0,-0.0,0.0,100.0,115.06301450257538
2021-05-05 13:00:00,4445.8627142593605,2674.3859999999995,128.56928574064023,-0.0,-0.0,-0.0,0.0,100.0,210.05150820112513
2021-05-05 14:00:00,4015.1041386200595,2699.0924999999997,559.7603613799411,-0.0,-0.0,-0.0,0.0,100.0,305.030503050305
2021-05-05 15:00:00,3348.3521530974767,2740.3675,1291.3583469025243,-0.0,-0.0,-0.0,0.0,100.0,400.0
2021-05-05 16:00:00,2518.5372549182184,2789.176,2160.0,-0.0,-0.0,-0.0,0.7017450817816098,-0.0,399.22132096654565
2021-05-05 17:00:00,1621.4155635404122,2835.04,2160.0,-0.0,985.4374364595878,-0.0,100.0,-0.0,293.9182409397122
2021-05-05 18:00:00,773.4798412707461,2867.4685,2160.0,-0.0,2001.1786587292545,-0.0,100.0,-0.0,188.62569122088138
2021-05-05 19:00:00,127.89944738320335,2877.5175000000004,2160.0,-0.0,2718.1910526167962,-0.0,100.0,-0.0,83.34367075702245
2021-05-05 20:00:00,-0.0,2859.0315,2160.0,-0.0,2810.25893042955,-0.0,79.16856957044942,-0.0,-0.0
2021-05-05 21:00:00,-0.0,2809.5665,2160.0,-0.0,2743.8965,-0.0,0.0,-0.0,-0.0
2021-05-05 22:00:00,-0.0,2730.8125000000005,2160.0,-0.0,2591.3074999999994,-0.0,0.0,-0.0,-0.0
2021-05-05 23:00:00,-0.0,2628.4115,2160.0,-0.0,2500.5924999999997,-0.0,0.0,-0.0,-0.0
2021-05-06 00:00:00,-0.0,2502.6365,2160.0,-0.0,1995.7925,-0.0,0.0,-0.0,-0.0
2021-05-06 01:00:00,-0.0,2381.925,2160.0,-0.0,1972.0029999999997,-0.0,0.0,-0.0,-0.0
2021-05-06 02:00:00,-0.0,2269.4165,2160.0,-0.0,1987.2235000000005,-0.0,0.0,-0.0,-0.0
2021-05-06 03:00:00,-0.0,2176.109,2160.0,-0.0,2081.2770000000005,-0.0,0.0,-0.0,-0.0
2021-05-06 04:00:00,-0.0,2110.7644999999998,2160.0,-0.0,2267.8365,-0.0,0.0,-0.0,-0.0
2021-05-06 05:00:00,138.35659637655175,2078.765,2160.0,-0.0,2380.627403623448,-0.0,0.0,-0.0,-0.0
2021-05-06 06:00:00,786.8958672200332,2081.443,2160.0,-0.0,1986.6211327799665,-0.0,0.0,-0.0,-0.0
2021-05-06 07:00:00,1632.0442416326557,2115.9385,2160.0,-0.0,1332.356258367344,-0.0,0.0,-0.0,-0.0
2021-05-06 08:00:00,2523.830152826978,2175.5955,2160.0,-0.0,524.3113471730221,-0.0,0.0,-0.0,-0.0
2021-05-06 09:00:00,3347.525137799233,2250.8849999999998,1832.5928622007673,-0.0,-0.0,-0.0,0.0,-0.0,-0.0
2021-05-06 10:00:00,4008.7881921571757,2330.7245,1062.040307842824,-0.0,-0.0,-0.0,0.0,-0.0,-0.0
2021-05-06 11:00:00,4435.779253660033,2403.9405,514.597321081731,-0.0,-0.0,-0.0,0.0,21.121074741764055,20.065021004675852
2021-05-06 12:00:00,4583.263648513497,2460.7895000000003,321.6058514865017,-0.0,-0.0,-0.0,0.0,100.0,115.06301450257538
2021-05-06 13:00:00,4435.779253660033,2494.2515000000003,402.09824633996686,-0.0,-0.0,-0.0,0.0,100.0,210.05150820112513
2021-05-06 14:00:00,4008.7881921571757,2500.9595,849.7213078428244,-0.0,-0.0,-0.0,0.0,100.0,305.030503050305
2021-05-06 15:00:00,3347.525137799233,2481.6090000000004,1638.5738622007661,-0.0,-0.0,-0.0,0.0,100.0,400.0
2021-05-06 16:00:00,2523.830152826978,2440.828,2160.0,-0.0,333.4168471730218,-0.0,100.0,-0.0,294.69684210526316
2021-05-06 17:00:00,1632.0442416326557,2386.5075,2160.0,-0.0,1514.9442583673442,-0.0,100.0,-0.0,189.4042145263158
2021-05-06 18:00:00,786.8958672200332,2328.6704999999997,2160.0,-0.0,2642.5362704687036,-0.0,77.4813623112632,-0.0,107.82594535616506
2021-05-06 19:00:00,138.35659637655175,2278.0550000000003,2160.0,-0.0,3500.0,-0.0,2.4144036234479813,-0.0,105.27368526326316
2021-05-06 20:00:00,-0.0,2244.619,2160.0,0.7279999999996107,3500.0,-0.0,100.0,-0.0,-0.0
2021-05-06 21:00:00,-0.0,2236.104,2160.0,-0.0,3415.823,-0.0,0.0,-0.0,-0.0
2021-05-06 22:00:00,-0.0,2256.9105,2160.0,-0.0,3165.1535000000003,-0.0,0.0,-0.0,-0.0
2021-05-06 23:00:00,-0.0,2307.461,2160.0,-0.0,2922.8710000000005,-0.0,0.0,-0.0,-0.0
2021-05-07 00:00:00,-0.0,2375.3795000000005,2160.0,-0.0,2225.7494999999994,-0.0,0.0,-0.0,-0.0
2021-05-07 01:00:00,-0.0,2470.5395000000003,2160.0,-0.0,1987.2754999999993,-0.0,0.0,-0.0,-0.0
2021-05-07 02:00:00,-0.0,2574.091,2160.0,-0.0,1787.524,-0.0,0.0,-0.0,-0.0
2021-05-07 03:00:00,-0.0,2674.347,2160.0,-0.0,1688.9999999999995,-0.0,0.0,-0.0,-0.0
2021-05-07 04:00:00,-0.0,2759.6595,2160.0,-0.0,1725.7885,-0.0,0.0,-0.0,-0.0
2021-05-07 05:00:00,140.3659372493217,2819.934,2160.0,-0.0,1745.0780627506779,-0.0,0.0,-0.0,-0.0
2021-05-07 06:00:00,754.7954215696842,2847.9035000000003,2160.0,-0.0,1360.5690784303156,-0.0,0.0,-0.0,-0.0
2021-05-07 07:00:00,1549.5755012996408,2840.0775,2160.0,-0.0,799.5699987003593,-0.0,0.0,-0.0,-0.0
2021-05-07 08:00:00,2386.049404139573,2797.145,2160.0,-0.0,149.89859586042667,-0.0,0.0,-0.0,-0.0
2021-05-07 09:00:00,3157.5811649300126,2723.8705,1659.2753350699872,-0.0,-0.0,-0.0,0.0,-0.0,-0.0
2021-05-07 10:00:00,3776.4581537431523,2628.3855,1107.9114108169679,-0.0,-0.0,-0.0,0.0,1.2160645601198412,1.1552613321138492
2021-05-07 11:00:00,4175.87591259864,2521.0835,846.3805874013597,-0.0,-0.0,-0.0,0.0,100.0,96.15514580598064
2021-05-07 12:00:00,4313.803686227953,2413.1965000000005,748.8558137720465,-0.0,-0.0,-0.0,0.0,100.0,191.14553029140004
2021-05-07 13:00:00,4175.87591259864,2315.2675,951.1305874013606,-0.0,-0.0,-0.0,0.0,100.0,286.1264157383709
2021-05-07 14:00:00,3776.4581537431523,2235.727,1457.270846256848,-0.0,-0.0,-0.0,0.0,100.0,381.09780309679707
2021-05-07 15:00:00,3157.581164930013,2179.788,2160.0,-0.0,-0.0,-0.0,0.0,19.937164930013296,400.0
2021-05-07 16:00:00,2386.049404139573,2148.7309999999998,2160.0,-0.0,972.6515958604268,-0.0,0.0,-0.0,399.96
2021-05-07 17:00:00,1549.5755012996408,2139.7740000000003,2160.0,-0.0,2053.0314987003594,-0.0,0.0,-0.0,399.920004
2021-05-07 18:00:00,754.7954215696842,2146.5015000000003,2160.0,-0.0,3042.5950784303154,-0.0,0.0,-0.0,399.8800119996
2021-05-07 19:00:00,140.3659372493217,2159.7615,2160.0,126.32756275067823,3500.0,-0.0,100.0,-0.0,294.57686610366324
2021-05-07 20:00:00,-0.0,2168.959,2160.0,183.23400000000038,3500.0,-0.0,100.0,-0.0,189.28425052231603
2021-05-07 21:00:00,-0.0,2163.5575000000003,2160.0,-0.0,3500.0,-0.0,94.33049999999957,-0.0,89.97005893936952
2021-05-07 22:00:00,-0.0,2134.561,2160.0,-0.0,3392.4779999999996,-0.0,0.0,-0.0,89.96106193347559
2021-05-07 23:00:00,-0.0,2075.814,2160.0,-0.0,3258.405,-0.0,0.0,-0.0,89.95206582728224
2021-05-08 00:00:00,-0.0,1976.299,2160.0,-0.0,2291.473,-0.0,0.0,-0.0,89.94307062069952
2021-05-08 01:00:00,-0.0,1854.9635,2160.0,-0.0,2268.2075000000004,-0.0,0.0,-0.0,89.93407631363745
2021-05-08 02:00:00,-0.0,1708.954,2160.0,-0.0,2316.6330000000007,-0.0,0.0,-0.0,89.92508290600608
2021-05-08 03:00:00,-0.0,1547.338,2160.0,-0.0,2478.501,-0.0,0.0,-0.0,89.91609039771548
2021-05-08 04:00:00,-0.0,1381.367,2160.0,-0.0,2764.9969999999994,-0.0,0.0,-0.0,89.90709878867571
2021-05-08 05:00:00,126.37406361088715,1223.0335,2160.0,-0.0,3015.2174363891127,-0.0,0.0,-0.0,89.89810807879684
2021-05-08 06:00:00,645.5313855735727,1083.563,2160.0,-0.0,2891.658614426427,-0.0,0.0,-0.0,89.88911826798896
2021-05-08 07:00:00,1312.3691356456025,971.958,2160.0,-0.0,2560.527864354397,-0.0,0.0,-0.0,89.88012935616216
2021-05-08 08:00:00,2012.4529007070298,893.8735,2160.0,-0.0,2080.45559929297,-0.0,0.0,-0.0,89.87114134322654
2021-05-08 09:00:00,2657.3226740420073,850.941,2160.0,-0.0,1524.1213259579931,-0.0,0.0,-0.0,89.86215422909221
2021-05-08 10:00:00,3174.1643531696104,840.5865,2160.0,-0.0,986.3291468303892,-0.0,0.0,-0.0,89.8531680136693
2021-05-08 11:00:00,3507.5740391467557,856.492,2160.0,-0.0,566.6139608532444,-0.0,0.0,-0.0,89.84418269686793
2021-05-08 12:00:00,3622.6823165837895,889.4665,2160.0,-0.0,348.7631834162107,-0.0,0.0,-0.0,89.83519827859824
2021-05-08 13:00:00,3507.5740391467557,928.7460000000002,2160.0,-0.0,388.64596085324456,-0.0,0.0,-0.0,89.82621475877038
2021-05-08 14:00:00,3174.1643531696104,963.508,2160.0,-0.0,712.0326468303897,-0.0,0.0,-0.0,89.8172321372945
2021-05-08 15:00:00,2657.3226740420073,984.3534999999999,2160.0,-0.0,1313.4858259579928,-0.0,0.0,-0.0,89.80825041408077
2021-05-08 16:00:00,2012.4529007070298,984.594,2160.0,-0.0,2145.5210992929706,-0.0,0.0,-0.0,89.79926958903937
2021-05-08 17:00:00,1312.3691356456025,961.1875,2160.0,-0.0,3101.294364354397,-0.0,0.0,-0.0,89.79028966208047
2021-05-08 18:00:00,645.5313855735727,915.135,2160.0,427.6673693249686,3500.0,-0.0,85.29224510145855,-0.0,-0.0
2021-05-08 19:00:00,126.37406361088715,851.3635000000002,2160.0,1175.6484363891132,3500.0,-0.0,0.0,-0.0,-0.0
2021-05-08 20:00:00,-0.0,778.0239999999999,2160.0,1298.2309999999998,3500.0,-0.0,0.0,-0.0,-0.0
2021-05-08 21:00:00,-0.0,705.3995,2160.0,1173.6195000000007,3500.0,-0.0,0.0,-0.0,-0.0
2021-05-08 22:00:00,-0.0,644.4425,2160.0,1000.7354999999998,3500.0,-0.0,0.0,-0.0,-0.0
2021-05-08 23:00:00,-0.0,605.293,2160.0,844.0150000000003,3500.0,-0.0,0.0,-0.0,-0.0
2021-05-09 00:00:00,-0.0,587.2815,2160.0,228.71749999999975,3500.0,-0.0,0.0,-0.0,-0.0
2021-05-09 01:00:00,-0.0,612.0595000000001,2160.0,56.18149999999969,3500.0,-0.0,0.0,-0.0,-0.0
2021-05-09 02:00:00,-0.0,671.5605,2160.0,-0.0,3395.8894999999998,-0.0,0.0,-0.0,-0.0
2021-05-09 03:00:00,-0.0,762.1055,2160.0,-0.0,3302.3415,-0.0,0.0,-0.0,-0.0
2021-05-09 04:00:00,-0.0,876.2650000000001,2160.0,-0.0,3305.4079999999994,-0.0,0.0,-0.0,-0.0
2021-05-09 05:00:00,114.86936190643,1003.8080000000001,2160.0,-0.0,3277.9156380935697,-0.0,0.0,-0.0,-0.0
2021-05-09 06:00:00,559.705575733613,1132.9695000000002,2160.0,-0.0,2956.6669242663866,-0.0,0.0,-0.0,-0.0
2021-05-09 07:00:00,1127.3014900163957,1251.9845000000003,2160.0,-0.0,2490.742009983604,-0.0,0.0,-0.0,-0.0
2021-05-09 08:00:00,1721.7662124332303,1350.6090000000002,2160.0,-0.0,1936.131787566769,-0.0,0.0,-0.0,-0.0
2021-05-09 09:00:00,2268.6316099067035,1421.3745,2160.0,-0.0,1360.624890093297,-0.0,0.0,-0.0,-0.0
2021-05-09 10:00:00,2706.5821556211017,1460.576,2160.0,-0.0,848.661844378898,-0.0,0.0,-0.0,-0.0
2021-05-09 11:00:00,2988.9680607162327,1468.6490000000001,2160.0,-0.0,484.2729392837673,-0.0,0.0,-0.0,-0.0
2021-05-09 12:00:00,3086.4394711633136,1450.0590000000002,2160.0,-0.0,332.07152883668596,-0.0,0.0,-0.0,-0.0
2021-05-09 13:00:00,2988.9680607162327,1412.6385,2160.0,-0.0,427.4474392837674,-0.0,0.0,-0.0,-0.0
2021-05-09 14:00:00,2706.5821556211017,1366.443,2160.0,-0.0,777.1838443788979,-0.0,0.0,-0.0,-0.0
2021-05-09 15:00:00,2268.6316099067035,1322.3535,2160.0,-0.0,1361.0828900932966,-0.0,0.0,-0.0,-0.0
2021-05-09 16:00:00,1721.7662124332303,1290.5359999999998,2160.0,-0.0,2123.5657875667703,-0.0,0.0,-0.0,-0.0
2021-05-09 17:00:00,1127.3014900163957,1279.0505000000003,2160.0,-0.0,2958.1870099836037,-0.0,0.0,-0.0,-0.0
2021-05-09 18:00:00,559.705575733613,1292.72,2160.0,207.27342426638643,3500.0,-0.0,0.0,-0.0,-0.0
2021-05-09 19:00:00,114.86936190643,1332.422,2160.0,688.5516380935705,3500.0,-0.0,0.0,-0.0,-0.0
2021-05-09 20:00:00,-0.0,1395.004,2160.0,660.0960000000005,3500.0,-0.0,0.0,-0.0,-0.0
2021-05-09 21:00:00,-0.0,1473.6670000000001,2160.0,380.58999999999924,3500.0,-0.0,0.0,-0.0,-0.0
2021-05-09 22:00:00,-0.0,1558.8690000000001,2160.0,57.95000000000027,3500.0,-0.0,0.0,-0.0,-0.0
2021-05-09 23:00:00,-0.0,1639.6639999999998,2160.0,-0.0,3277.7,-0.0,0.0,-0.0,-0.0
2021-05-10 00:00:00,-0.0,1696.6689999999999,2160.0,-0.0,3020.063,-0.0,0.0,-0.0,-0.0
2021-05-10 01:00:00,-0.0,1737.5734999999997,2160.0,-0.0,2827.8495000000003,-0.0,0.0,-0.0,-0.0
2021-05-10 02:00:00,-0.0,1747.421,2160.0,-0.0,2713.6799999999994,-0.0,0.0,-0.0,-0.0
2021-05-10 03:00:00,-0.0,1723.527,2160.0,-0.0,2731.066,-0.0,0.0,-0.0,-0.0
2021-05-10 04:00:00,-0.0,1667.3929999999998,2160.0,-0.0,2900.947,-0.0,0.0,-0.0,-0.0
2021-05-10 05:00:00,130.44787970964325,1584.5505,2160.0,-0.0,3064.8136202903565,-0.0,0.0,-0.0,-0.0
2021-05-10 06:00:00,608.5117304084853,1483.898,2160.0,-0.0,2936.735269591515,-0.0,0.0,-0.0,-0.0
2021-05-10 07:00:00,1214.683313824903,1376.531,2160.0,-0.0,2655.236686175097,-0.0,0.0,-0.0,-0.0
2021-05-10 08:00:00,1848.0851416909009,1274.3509999999999,2160.0,-0.0,2259.1528583090994,-0.0,0.0,-0.0,-0.0
2021-05-10 09:00:00,2430.028239888401,1188.499,2160.0,-0.0,1801.8877601115992,-0.0,0.0,-0.0,-0.0
2021-05-10 10:00:00,2895.7174913098183,1127.945,2160.0,-0.0,1358.6875086901823,-0.0,0.0,-0.0,-0.0
2021-05-10 11:00:00,3195.850532101335,1098.344,2160.0,-0.0,1011.0174678986655,-0.0,0.0,-0.0,-0.0
2021-05-10 12:00:00,3299.4296036769265,1101.347,2160.0,-0.0,827.9583963230734,-0.0,0.0,-0.0,-0.0
2021-05-10 13:00:00,3195.850532101335,1134.471,2160.0,-0.0,855.7924678986647,-0.0,0.0,-0.0,-0.0
2021-05-10 14:00:00,2895.7174913098183,1191.4695,2160.0,-0.0,1117.0320086901816,-0.0,0.0,-0.0,-0.0
2021-05-10 15:00:00,2430.028239888401,1263.275,2160.0,-0.0,1609.7837601115993,-0.0,0.0,-0.0,-0.0
2021-05-10 16:00:00,1848.0851416909009,1339.286,2160.0,-0.0,2296.583858309099,-0.0,0.0,-0.0,-0.0
2021-05-10 17:00:00,1214.683313824903,1408.836,2160.0,-0.0,3086.2376861750963,-0.0,0.0,-0.0,-0.0
2021-05-10 18:00:00,608.5117304084853,1462.7275,2160.0,330.87376959151516,3500.0,-0.0,0.0,-0.0,-0.0
2021-05-10 19:00:00,130.44787970964325,1494.4735,2160.0,850.5996202903561,3500.0,-0.0,0.0,-0.0,-0.0
2021-05-10 20:00:00,-0.0,1501.24,2160.0,890.8720000000003,3500.0,-0.0,0.0,-0.0,-0.0
2021-05-10 21:00:00,-0.0,1484.2749999999999,2160.0,704.4010000000007,3500.0,-0.0,0.0,-0.0,-0.0
2021-05-10 22:00:00,-0.0,1448.7135,2160.0,500.0045,3500.0,-0.0,0.0,-0.0,-0.0
2021-05-10 23:00:00,-0.0,1402.9535,2160.0,343.86749999999984,3500.0,-0.0,0.0,-0.0,-0.0
2021-05-11 00:00:00,-0.0,1349.0295000000003,2160.0,-0.0,3258.7495,-0.0,0.0,-0.0,-0.0
2021-05-11 01:00:00,-0.0,1315.0475000000001,2160.0,-0.0,3139.1384999999996,-0.0,0.0,-0.0,-0.0
2021-05-11 02:00:00,-0.0,1302.8925000000002,2160.0,-0.0,3044.7704999999996,-0.0,0.0,-0.0,-0.0
2021-05-11 03:00:00,-0.0,1320.644,2160.0,-0.0,3018.3939999999993,-0.0,0.0,-0.0,-0.0
2021-05-11 04:00:00,-0.0,1373.0145000000002,2160.0,-0.0,3077.7405,-0.0,0.0,-0.0,-0.0
2021-05-11 05:00:00,169.017422804032,1460.6475,2160.0,-0.0,3030.6180771959685,-0.0,0.0,-0.0,-0.0
2021-05-11 06:00:00,757.2642153859229,1579.9875000000002,2160.0,-0.0,2570.511284614077,-0.0,0.0,-0.0,-0.0
2021-05-11 07:00:00,1498.717123477275,1723.722,2160.0,-0.0,1900.867876522725,-0.0,0.0,-0.0,-0.0
2021-05-11 08:00:00,2271.7558899222913,1881.6785,2160.0,-0.0,1103.3416100777085,-0.0,0.0,-0.0,-0.0
2021-05-11 09:00:00,2981.126730481033,2042.1505000000002,2160.0,-0.0,270.7487695189666,-0.0,0.0,-0.0,-0.0
2021-05-11 10:00:00,3548.361208448287,2193.373,1672.745791551713,-0.0,-0.0,-0.0,0.0,-0.0,-0.0
2021-05-11 11:00:00,3913.7794494870877,2325.0825,1118.218125254677,-0.0,-0.0,-0.0,0.0,21.121074741764055,20.065021004675852
2021-05-11 12:00:00,4039.8594632141544,2429.765,888.5715367858461,-0.0,-0.0,-0.0,0.0,100.0,115.06301450257538
2021-05-11 13:00:00,3913.7794494870877,2503.6180000000004,896.9905505129118,-0.0,-0.0,-0.0,0.0,100.0,210.05150820112513
2021-05-11 14:00:00,3548.361208448287,2546.9665000000005,1236.0772915517123,-0.0,-0.0,-0.0,0.0,100.0,305.030503050305
2021-05-11 15:00:00,2981.126730481033,2564.1330000000003,1884.0262695189672,-0.0,-0.0,-0.0,0.0,100.0,400.0
2021-05-11 16:00:00,2271.7558899222913,2562.755,2160.0,-0.0,414.759110077709,-0.0,100.0,-0.0,294.69684210526316
2021-05-11 17:00:00,1498.717123477275,2552.68,2160.0,-0.0,1422.891876522725,-0.0,100.0,-0.0,189.4042145263158
2021-05-11 18:00:00,757.2642153859229,2544.5615,2160.0,-0.0,2364.1402846140777,-0.0,100.0,-0.0,84.12211621012632
2021-05-11 19:00:00,169.017422804032,2548.3120000000004,2160.0,-0.0,3041.5605583973875,-0.0,79.90801879858006,-0.0,-0.0
2021-05-11 20:00:00,-0.0,2571.712,2160.0,-0.0,3183.2050000000004,-0.0,0.0,-0.0,-0.0
2021-05-11 21:00:00,-0.0,2619.279,2160.0,-0.0,2931.8340000000003,-0.0,0.0,-0.0,-0.0
2021-05-11 22:00:00,-0.0,2691.6045,2160.0,-0.0,2619.2885,-0.0,0.0,-0.0,-0.0
2021-05-11 23:00:00,-0.0,2785.2110000000002,2160.0,-0.0,2323.6269999999995,-0.0,0.0,-0.0,-0.0
2021-05-12 00:00:00,-0.0,2884.5505,2160.0,-0.0,1585.2995000000005,-0.0,0.0,-0.0,-0.0
2021-05-12 01:00:00,-0.0,2996.604,2160.0,-0.0,1319.7060000000006,-0.0,0.0,-0.0,-0.0
2021-05-12 02:00:00,-0.0,3101.683,2160.0,-0.0,1108.2619999999997,-0.0,0.0,-0.0,-0.0
2021-05-12 03:00:00,-0.0,3188.6009999999997,2160.0,-0.0,1012.9810000000007,-0.0,0.0,-0.0,-0.0
2021-05-12 04:00:00,-0.0,3247.7250000000004,2160.0,-0.0,1065.9409999999998,-0.0,0.0,-0.0,-0.0
2021-05-12 05:00:00,202.1470430477509,3272.3145000000004,2160.0,-0.0,1049.205456952249,-0.0,0.0,-0.0,-0.0
2021-05-12 06:00:00,872.482761529389,3259.4185,2160.0,-0.0,639.8217384706107,-0.0,0.0,-0.0,-0.0
2021-05-12 07:00:00,1712.638413956318,3210.285,2160.0,-0.0,65.02358604368237,-0.0,0.0,-0.0,-0.0
2021-05-12 08:00:00,2586.707819650486,3130.2374999999997,1565.2526803495152,-0.0,-0.0,-0.0,0.0,-0.0,-0.0
2021-05-12 09:00:00,3387.840602078804,3027.96,904.5323979211958,-0.0,-0.0,-0.0,0.0,-0.0,-0.0
2021-05-12 10:00:00,4027.9871991549226,2914.4115,339.3743008450774,-0.0,-0.0,-0.0,0.0,-0.0,-0.0
2021-05-12 11:00:00,4440.202253995825,2801.3375,-0.0,-0.0,-0.0,-0.0,0.0,37.200753995824925,35.340716296033676
2021-05-12 12:00:00,4582.39375094053,2645.3702490594706,-0.0,-0.0,-0.0,-0.0,0.0,100.0,130.33718222440407
2021-05-12 13:00:00,4440.202253995825,2618.72,110.24328252516898,-0.0,-0.0,-0.0,0.0,83.92353652099315,210.05150820112513
2021-05-12 14:00:00,4027.9871991549226,2563.7235,611.9323008450774,-0.0,-0.0,-0.0,0.0,100.0,305.030503050305
2021-05-12 15:00:00,3387.840602078804,2536.4885,1378.6748979211957,-0.0,-0.0,-0.0,0.0,100.0,400.0
2021-05-12 16:00:00,2586.707819650486,2534.5905000000002,2160.0,-0.0,3.2646803495140375,-0.0,100.0,-0.0,294.69684210526316
2021-05-12 17:00:00,1712.638413956318,2551.8869999999997,2160.0,-0.0,1086.7265860436828,-0.0,100.0,-0.0,189.4042145263158
2021-05-12 18:00:00,872.482761529389,2579.447,2160.0,-0.0,2092.761238470611,-0.0,100.0,-0.0,84.12211621012632
2021-05-12 19:00:00,202.1470430477509,2606.851,2160.0,-0.0,2830.4709381536695,-0.0,79.90801879858006,-0.0,-0.0
2021-05-12 20:00:00,-0.0,2623.647,2160.0,-0.0,3013.7920000000004,-0.0,0.0,-0.0,-0.0
2021-05-12 21:00:00,-0.0,2620.865,2160.0,-0.0,2814.8,-0.0,0.0,-0.0,-0.0
2021-05-12 22:00:00,-0.0,2592.317,2160.0,-0.0,2605.245,-0.0,0.0,-0.0,-0.0
2021-05-12 23:00:00,-0.0,2535.4615000000003,2160.0,-0.0,2462.2464999999993,-0.0,0.0,-0.0,-0.0
2021-05-13 00:00:00,-0.0,2443.5125000000003,2160.0,-0.0,1917.6014999999993,-0.0,0.0,-0.0,-0.0
2021-05-13 01:00:00,-0.0,2338.6935,2160.0,-0.0,1871.2455000000004,-0.0,0.0,-0.0,-0.0
2021-05-13 02:00:00,-0.0,2221.3945,2160.0,-0.0,1884.6214999999997,-0.0,0.0,-0.0,-0.0
2021-05-13 03:00:00,-0.0,2102.503,2160.0,-0.0,1997.6699999999996,-0.0,0.0,-0.0,-0.0
2021-05-13 04:00:00,-0.0,1993.589,2160.0,-0.0,2221.2619999999997,-0.0,0.0,-0.0,-0.0
2021-05-13 05:00:00,217.42538492789794,1905.4035,2160.0,-0.0,2304.689115072102,-0.0,0.0,-0.0,-0.0
2021-05-13 06:00:00,906.3658846003967,1846.429,2160.0,-0.0,1925.5141153996033,-0.0,0.0,-0.0,-0.0
2021-05-13 07:00:00,1765.21820880688,1821.7680000000003,2160.0,-0.0,1310.3507911931204,-0.0,0.0,-0.0,-0.0
2021-05-13 08:00:00,2656.9061033732623,1832.454,2160.0,-0.0,545.0958966267381,-0.0,0.0,-0.0,-0.0
2021-05-13 09:00:00,3473.2437152107723,1875.3215,1886.9577847892278,-0.0,-0.0,-0.0,0.0,-0.0,-0.0
2021-05-13 10:00:00,4125.091047247229,1943.4089999999999,1131.4559527527717,-0.0,-0.0,-0.0,0.0,-0.0,-0.0
2021-05-13 11:00:00,4544.6634752228765,2026.895,575.1335995188874,-0.0,-0.0,-0.0,0.0,21.121074741764055,20.065021004675852
2021-05-13 12:00:00,4689.366648258543,2114.398,348.3353517414571,-0.0,-0.0,-0.0,0.0,100.0,115.06301450257538
2021-05-13 13:00:00,4544.6634752228765,2194.4585,373.61402477712363,-0.0,-0.0,-0.0,0.0,100.0,210.05150820112513
2021-05-13 14:00:00,4125.091047247229,2257.0665,752.1864527527714,-0.0,-0.0,-0.0,0.0,100.0,305.030503050305
2021-05-13 15:00:00,3473.2437152107723,2294.955,1468.7612847892278,-0.0,-0.0,-0.0,0.0,100.0,400.0
2021-05-13 16:00:00,2656.9061033732623,2304.5360000000005,2160.0,-0.0,100.37589662673736,-0.0,100.0,-0.0,294.69684210526316
2021-05-13 17:00:00,1765.21820880688,2286.3035,2160.0,-0.0,1240.32629119312,-0.0,100.0,-0.0,189.4042145263158
2021-05-13 18:00:00,906.3658846003967,2244.7035,2160.0,-0.0,2337.5966153996033,-0.0,100.0,-0.0,84.12211621012632
2021-05-13 19:00:00,217.42538492789794,2187.4970000000003,2160.0,-0.0,3181.9365962735214,-0.0,79.90801879858006,-0.0,-0.0
2021-05-13 20:00:00,-0.0,2124.59,2160.0,-0.0,3463.688,-0.0,0.0,-0.0,-0.0
2021-05-13 21:00:00,-0.0,2066.6555,2160.0,-0.0,3323.3275000000003,-0.0,0.0,-0.0,-0.0
2021-05-13 22:00:00,-0.0,2023.6125000000002,2160.0,-0.0,3131.7725,-0.0,0.0,-0.0,-0.0
2021-05-13 23:00:00,-0.0,2003.1895,2160.0,-0.0,2955.8725,-0.0,0.0,-0.0,-0.0
2021-05-14 00:00:00,-0.0,2001.5449999999998,2160.0,-0.0,2324.59,-0.0,0.0,-0.0,-0.0
2021-05-14 01:00:00,-0.0,2035.7545000000002,2160.0,-0.0,2142.7735000000002,-0.0,0.0,-0.0,-0.0
2021-05-14 02:00:00,-0.0,2093.91,2160.0,-0.0,1984.281,-0.0,0.0,-0.0,-0.0
2021-05-14 03:00:00,-0.0,2168.725,2160.0,-0.0,1907.2199999999998,-0.0,0.0,-0.0,-0.0
2021-05-14 04:00:00,-0.0,2250.17,2160.0,-0.0,1944.0590000000002,-0.0,0.0,-0.0,-0.0
2021-05-14 05:00:00,233.00390273111117,2326.7725,2160.0,-0.0,1850.7315972688887,-0.0,0.0,-0.0,-0.0
2021-05-14 06:00:00,940.4082846918069,2387.1185,2160.0,-0.0,1337.3892153081933,-0.0,0.0,-0.0,-0.0
2021-05-14 07:00:00,1817.791877618196,2421.367,2160.0,-0.0,648.4001223818041,-0.0,0.0,-0.0,-0.0
2021-05-14 08:00:00,2726.914479879405,2422.5305,2038.8460201205953,-0.0,-0.0,-0.0,0.0,-0.0,-0.0
2021-05-14 09:00:00,3558.291518066458,2387.4240000000004,1287.2474819335407,-0.0,-0.0,-0.0,0.0,-0.0,-0.0
2021-05-14 10:00:00,4221.698686160587,2317.0485,662.2458138394131,-0.0,-0.0,-0.0,0.0,-0.0,-0.0
2021-05-14 11:00:00,4648.536596682289,2216.5,286.2784780594757,-0.0,-0.0,-0.0,0.0,21.121074741764055,20.065021004675852
2021-05-14 12:00:00,4795.71468957344,2094.2285,270.3498104265591,-0.0,-0.0,-0.0,0.0,100.0,115.06301450257538
2021-05-14 13:00:00,4648.536596682289,1960.9720000000002,514.9714033177106,-0.0,-0.0,-0.0,0.0,100.0,210.05150820112513
2021-05-14 14:00:00,4221.698686160587,1828.2940000000003,1099.6253138394131,-0.0,-0.0,-0.0,0.0,100.0,305.030503050305
2021-05-14 15:00:00,3558.291518066458,1707.056,1990.3924819335411,-0.0,-0.0,-0.0,0.0,100.0,400.0
2021-05-14 16:00:00,2726.914479879405,1606.007,2160.0,-0.0,851.1555201205952,-0.0,0.0,-0.0,399.96
2021-05-14 17:00:00,1817.791877618196,1530.659,2160.0,-0.0,2069.1041223818042,-0.0,0.0,-0.0,399.920004
2021-05-14 18:00:00,940.4082846918069,1482.5720000000001,2160.0,-0.0,3194.808715308193,-0.0,0.0,-0.0,399.8800119996
2021-05-14 19:00:00,233.00390273111117,1459.2305,2160.0,407.03459726888923,3500.0,-0.0,100.0,-0.0,294.57686610366324
2021-05-14 20:00:00,-0.0,1454.4399999999998,2160.0,569.6800000000003,3500.0,-0.0,100.0,-0.0,189.28425052231603
2021-05-14 21:00:00,-0.0,1459.2630000000001,2160.0,369.8620000000001,3500.0,-0.0,100.0,-0.0,84.00216420252697
2021-05-14 22:00:00,-0.0,1463.2799999999997,2160.0,154.70792421319902,3500.0,-0.0,79.79407578680139,-0.0,-0.0
2021-05-14 23:00:00,-0.0,1456.0780000000002,2160.0,48.58799999999974,3500.0,-0.0,0.0,-0.0,-0.0
2021-05-15 00:00:00,-0.0,1420.536,2160.0,-0.0,2518.33,-0.0,0.0,-0.0,-0.0
2021-05-15 01:00:00,-0.0,1367.0475000000001,2160.0,-0.0,2427.3174999999997,-0.0,0.0,-0.0,-0.0
2021-05-15 02:00:00,-0.0,1284.9785,2160.0,-0.0,2412.0985,-0.0,0.0,-0.0,-0.0
2021-05-15 03:00:00,-0.0,1176.0645000000002,2160.0,-0.0,2521.7585,-0.0,0.0,-0.0,-0.0
2021-05-15 04:00:00,-0.0,1045.9995000000001,2160.0,-0.0,2773.0395,-0.0,0.0,-0.0,-0.0
2021-05-15 05:00:00,261.81466530622396,903.7665000000001,2160.0,-0.0,2872.6058346937757,-0.0,0.0,-0.0,-0.0
2021-05-15 06:00:00,1025.284558448598,760.4935,2160.0,-0.0,2509.618941551402,-0.0,0.0,-0.0,-0.0
2021-05-15 07:00:00,1967.6470496599584,628.0105,2160.0,-0.0,1925.1184503400416,-0.0,0.0,-0.0,-0.0
2021-05-15 08:00:00,2942.2263812673464,517.3415,2160.0,-0.0,1204.606118732654,-0.0,0.0,-0.0,-0.0
2021-05-15 09:00:00,3832.511412846338,437.26149999999996,2160.0,-0.0,441.6670871536621,-0.0,0.0,-0.0,-0.0
2021-05-15 10:00:00,4542.451975054982,393.185,1927.4740996867822,-0.0,-0.0,-0.0,0.0,21.121074741764055,20.065021004675852
2021-05-15 11:00:00,4999.05631027421,386.438,1488.1386897257898,-0.0,-0.0,-0.0,0.0,100.0,115.06301450257538
2021-05-15 12:00:00,5156.4710147458445,414.16049999999996,1235.464485254155,-0.0,-0.0,-0.0,0.0,100.0,210.05150820112513
2021-05-15 13:00:00,4999.05631027421,469.7030000000001,1303.8076897257897,-0.0,-0.0,-0.0,0.0,100.0,305.030503050305
2021-05-15 14:00:00,4542.451975054982,543.5235,1713.9315249450183,-0.0,-0.0,-0.0,0.0,100.0,400.0
2021-05-15 15:00:00,3832.511412846338,624.533,2160.0,-0.0,191.10058715366267,-0.0,0.0,-0.0,399.96
2021-05-15 16:00:00,2942.2263812673464,701.532,2160.0,-0.0,1194.7546187326534,-0.0,0.0,-0.0,399.920004
2021-05-15 17:00:00,1967.6470496599584,764.7705000000001,2160.0,-0.0,2341.516450340042,-0.0,0.0,-0.0,399.8800119996
2021-05-15 18:00:00,1025.284558448598,807.2090000000002,2160.0,-0.0,3443.527441551402,-0.0,0.0,-0.0,399.84002399840006
2021-05-15 19:00:00,261.81466530622396,825.4415,2160.0,672.006834693776,3500.0,-0.0,100.0,-0.0,294.5368821012634
2021-05-15 20:00:00,-0.0,820.1375000000002,2160.0,865.6464999999998,3500.0,-0.0,100.0,-0.0,189.24427051831645
2021-05-15 21:00:00,-0.0,795.899,2160.0,696.4649999999992,3500.0,-0.0,100.0,-0.0,83.96218819652778
2021-05-15 22:00:00,-0.0,760.5649999999999,2160.0,522.1808976211782,3500.0,-0.0,79.75610237882272,-0.0,-0.0
2021-05-15 23:00:00,-0.0,724.1324999999999,2160.0,446.6365000000005,3500.0,-0.0,0.0,-0.0,-0.0
2021-05-16 00:00:00,-0.0,689.1234999999999,2160.0,-0.0,3353.4035000000003,-0.0,0.0,-0.0,-0.0
2021-05-16 01:00:00,-0.0,681.798,2160.0,-0.0,3217.415,-0.0,0.0,-0.0,-0.0
2021-05-16 02:00:00,-0.0,701.6750000000001,2160.0,-0.0,3101.3369999999995,-0.0,0.0,-0.0,-0.0
2021-05-16 03:00:00,-0.0,753.1225,2160.0,-0.0,3051.6225,-0.0,0.0,-0.0,-0.0
2021-05-16 04:00:00,-0.0,836.485,2160.0,-0.0,3090.36,-0.0,0.0,-0.0,-0.0
2021-05-16 05:00:00,281.7855532489983,948.0055000000001,2160.0,-0.0,2916.984946751001,-0.0,0.0,-0.0,-0.0
2021-05-16 06:00:00,1072.8348750779887,1080.1960000000001,2160.0,-0.0,2251.6351249220115,-0.0,0.0,-0.0,-0.0
2021-05-16 07:00:00,2044.761631691751,1222.7930000000001,2160.0,-0.0,1363.066368308249,-0.0,0.0,-0.0,-0.0
2021-05-16 08:00:00,3048.059835285558,1364.0639999999999,2160.0,-0.0,362.36716471444197,-0.0,0.0,-0.0,-0.0
2021-05-16 09:00:00,3963.6392829123147,1492.2960000000003,1526.189717087685,-0.0,-0.0,-0.0,0.0,-0.0,-0.0
2021-05-16 10:00:00,4693.287313376144,1597.3294999999998,662.320186623856,-0.0,-0.0,-0.0,0.0,-0.0,-0.0
2021-05-16 11:00:00,5162.388768657722,1671.8325,71.6378060840434,-0.0,-0.0,-0.0,0.0,21.121074741764055,20.065021004675852
2021-05-16 12:00:00,5324.085574562485,1593.168425437515,-0.0,-0.0,-0.0,-0.0,0.0,100.0,115.06301450257538
2021-05-16 13:00:00,5162.388768657722,1719.2110000000002,2.0722313422775187,-0.0,-0.0,-0.0,0.0,100.0,210.05150820112513
2021-05-16 14:00:00,4693.287313376144,1697.4035000000001,520.1631866238558,-0.0,-0.0,-0.0,0.0,100.0,305.030503050305
2021-05-16 15:00:00,3963.6392829123147,1654.887,1400.3037170876855,-0.0,-0.0,-0.0,0.0,100.0,400.0
2021-05-16 16:00:00,3048.059835285558,1601.99,2160.0,-0.0,218.93719572094295,-0.0,79.84196899349884,-0.0,315.91582211210647
2021-05-16 17:00:00,2044.761631691751,1549.8600000000001,2160.0,-0.0,1589.1573683082493,-0.0,0.0,-0.0,315.88423052989526
2021-05-16 18:00:00,1072.8348750779887,1508.9685,2160.0,-0.0,2803.4866249220113,-0.0,0.0,-0.0,315.85264210684227
2021-05-16 19:00:00,281.7855532489983,1487.6744999999999,2160.0,98.39294675100155,3500.0,-0.0,100.0,-0.0,210.55789894789478
2021-05-16 20:00:00,-0.0,1491.0870000000002,2160.0,302.5039999999999,3500.0,-0.0,100.0,-0.0,105.27368526326316
2021-05-16 21:00:00,-0.0,1520.4215000000002,2160.0,78.86449999999968,3500.0,-0.0,100.0,-0.0,-0.0
2021-05-16 22:00:00,-0.0,1572.8049999999998,2160.0,-0.0,3395.632,-0.0,0.0,-0.0,-0.0
2021-05-16 23:00:00,-0.0,1641.7310000000002,2160.0,-0.0,3133.886,-0.0,0.0,-0.0,-0.0
2021-05-17 00:00:00,-0.0,1709.8445,2160.0,-0.0,2872.6175000000003,-0.0,0.0,-0.0,-0.0
2021-05-17 01:00:00,-0.0,1782.6965,2160.0,-0.0,2655.1655,-0.0,0.0,-0.0,-0.0
2021-05-17 02:00:00,-0.0,1841.528,2160.0,-0.0,2498.75,-0.0,0.0,-0.0,-0.0
2021-05-17 03:00:00,-0.0,1877.2585,2160.0,-0.0,2463.2715,-0.0,0.0,-0.0,-0.0
2021-05-17 04:00:00,-0.0,1883.622,2160.0,-0.0,2577.433,-0.0,0.0,-0.0,-0.0
2021-05-17 05:00:00,264.42435802512637,1858.103,2160.0,-0.0,2556.7886419748734,-0.0,0.0,-0.0,-0.0
2021-05-17 06:00:00,980.5583459117281,1802.3525000000002,2160.0,-0.0,2152.5331540882726,-0.0,0.0,-0.0,-0.0
2021-05-17 07:00:00,1856.5880841646956,1722.006,2160.0,-0.0,1580.9519158353044,-0.0,0.0,-0.0,-0.0
2021-05-17 08:00:00,2759.308975413574,1626.0335,2160.0,-0.0,916.130524586426,-0.0,0.0,-0.0,-0.0
2021-05-17 09:00:00,3582.274961715526,1525.563,2160.0,-0.0,239.238038284474,-0.0,0.0,-0.0,-0.0
2021-05-17 10:00:00,4237.718278789531,1432.496,1826.6777959522333,-0.0,-0.0,-0.0,0.0,21.121074741764055,20.065021004675852
2021-05-17 11:00:00,4658.950863400913,1357.9279999999999,1488.4921365990876,-0.0,-0.0,-0.0,0.0,100.0,115.06301450257538
2021-05-17 12:00:00,4804.125741458541,1310.7705,1320.7067585414597,-0.0,-0.0,-0.0,0.0,100.0,210.05150820112513
2021-05-17 13:00:00,4658.950863400913,1296.5615,1444.1446365990878,-0.0,-0.0,-0.0,0.0,100.0,305.030503050305
2021-05-17 14:00:00,4237.718278789531,1316.809,1869.8687212104687,-0.0,-0.0,-0.0,0.0,100.0,400.0
2021-05-17 15:00:00,3582.274961715526,1368.8415,2160.0,-0.0,304.31034059626603,-0.0,14.426197688208099,-0.0,384.7745287492546
2021-05-17 16:00:00,2759.308975413574,1446.2240000000002,2160.0,-0.0,1251.7260245864259,-0.0,0.0,-0.0,384.7360512963797
2021-05-17 17:00:00,1856.5880841646956,1539.6485000000002,2160.0,-0.0,2293.3054158353043,-0.0,0.0,-0.0,384.69757769125005
2021-05-17 18:00:00,980.5583459117281,1638.2535,2160.0,-0.0,3269.5051540882723,-0.0,0.0,-0.0,384.6591079334809
2021-05-17 19:00:00,264.42435802512637,1731.0994999999998,2160.0,372.5531419748745,3500.0,-0.0,100.0,-0.0,279.3574841279508
2021-05-17 20:00:00,-0.0,1808.6834999999999,2160.0,482.2624999999998,3500.0,-0.0,100.0,-0.0,174.06639048480116
2021-05-17 21:00:00,-0.0,1864.2065,2160.0,229.5034999999998,3500.0,-0.0,100.0,-0.0,68.78582595101582
2021-05-17 22:00:00,-0.0,1894.529,2160.0,-0.0,3500.0,-0.0,65.33999999999969,-0.0,-0.0
2021-05-17 23:00:00,-0.0,1900.548,2160.0,-0.0,3363.451,-0.0,0.0,-0.0,-0.0
2021-05-18 00:00:00,-0.0,1879.046,2160.0,-0.0,2752.6759999999995,-0.0,0.0,-0.0,-0.0
2021-05-18 01:00:00,-0.0,1854.1835,2160.0,-0.0,2629.7815,-0.0,0.0,-0.0,-0.0
2021-05-18 02:00:00,-0.0,1828.0925000000004,2160.0,-0.0,2555.080499999999,-0.0,0.0,-0.0,-0.0
2021-05-18 03:00:00,-0.0,1811.6475,2160.0,-0.0,2568.5235000000002,-0.0,0.0,-0.0,-0.0
2021-05-18 04:00:00,-0.0,1814.8975,2160.0,-0.0,2682.4995,-0.0,0.0,-0.0,-0.0
2021-05-18 05:00:00,222.47324126680778,1845.6619999999998,2160.0,-0.0,2644.1817587331925,-0.0,0.0,-0.0,-0.0
2021-05-18 06:00:00,804.9002965647613,1908.4000000000003,2160.0,-0.0,2251.7647034352376,-0.0,0.0,-0.0,-0.0
2021-05-18 07:00:00,1514.4242881046594,2003.534,2160.0,-0.0,1667.7927118953407,-0.0,0.0,-0.0,-0.0
2021-05-18 08:00:00,2244.311234099092,2127.32,2160.0,-0.0,952.5987659009074,-0.0,0.0,-0.0,-0.0
2021-05-18 09:00:00,2909.072256866643,2272.2765,2160.0,-0.0,185.00624313335675,-0.0,0.0,-0.0,-0.0
2021-05-18 10:00:00,3438.196644682977,2428.1075,1625.2398553170228,-0.0,-0.0,-0.0,0.0,-0.0,-0.0
2021-05-18 11:00:00,3778.1366884966246,2583.009,1077.58838624514,-0.0,-0.0,-0.0,0.0,21.121074741764055,20.065021004675852
2021-05-18 12:00:00,3895.2726849241667,2725.1835,823.8378150758331,-0.0,-0.0,-0.0,0.0,100.0,115.06301450257538
2021-05-18 13:00:00,3778.1366884966246,2844.3285,782.312811503376,-0.0,-0.0,-0.0,0.0,100.0,210.05150820112513
2021-05-18 14:00:00,3438.196644682977,2932.969,1054.7663553170228,-0.0,-0.0,-0.0,0.0,100.0,305.030503050305
2021-05-18 15:00:00,2909.072256866643,2987.361,1631.3587431333576,-0.0,-0.0,-0.0,0.0,100.0,400.0
2021-05-18 16:00:00,2244.311234099092,3007.927,2160.0,-0.0,99.35376590090755,-0.0,100.0,-0.0,294.69684210526316
2021-05-18 17:00:00,1514.4242881046594,2999.1195000000002,2160.0,-0.0,1066.7182118953401,-0.0,100.0,-0.0,189.4042145263158
2021-05-18 18:00:00,804.9002965647613,2968.7645,2160.0,-0.0,2001.757203435238,-0.0,100.0,-0.0,84.12211621012632
2021-05-18 19:00:00,222.47324126680778,2926.9110000000005,2160.0,-0.0,2722.2737399346115,-0.0,79.90801879858006,-0.0,-0.0
2021-05-18 20:00:00,-0.0,2884.4465000000005,2160.0,-0.0,2986.3765,-0.0,0.0,-0.0,-0.0
2021-05-18 21:00:00,-0.0,2851.5499999999997,2160.0,-0.0,2818.43,-0.0,0.0,-0.0,-0.0
2021-05-18 22:00:00,-0.0,2836.2945,2160.0,-0.0,2596.2475000000004,-0.0,0.0,-0.0,-0.0
2021-05-18 23:00:00,-0.0,2843.5095,2160.0,-0.0,2389.5784999999996,-0.0,0.0,-0.0,-0.0
2021-05-19 00:00:00,-0.0,2866.1294999999996,2160.0,-0.0,1731.2465000000007,-0.0,0.0,-0.0,-0.0
2021-05-19 01:00:00,-0.0,2916.9919999999997,2160.0,-0.0,1529.0750000000003,-0.0,0.0,-0.0,-0.0
2021-05-19 02:00:00,-0.0,2981.329,2160.0,-0.0,1360.4159999999997,-0.0,0.0,-0.0,-0.0
2021-05-19 03:00:00,-0.0,3049.67,2160.0,-0.0,1285.567,-0.0,0.0,-0.0,-0.0
2021-05-19 04:00:00,-0.0,3111.082,2160.0,-0.0,1337.9020000000005,-0.0,0.0,-0.0,-0.0
2021-05-19 05:00:00,200.848322727546,3154.7425000000003,2160.0,-0.0,1304.8641772724536,-0.0,0.0,-0.0,-0.0
2021-05-19 06:00:00,710.0508309150756,3171.376,2160.0,-0.0,1028.3611690849239,-0.0,0.0,-0.0,-0.0
2021-05-19 07:00:00,1327.9231492918302,3154.5735000000004,2160.0,-0.0,644.5983507081696,-0.0,0.0,-0.0,-0.0
2021-05-19 08:00:00,1962.4950506538623,3101.7155000000002,2160.0,-0.0,198.0224493461376,-0.0,0.0,-0.0,-0.0
2021-05-19 09:00:00,2539.911005848384,3014.3425,1906.8054941516166,-0.0,-0.0,-0.0,0.0,-0.0,-0.0
2021-05-19 10:00:00,2999.2475545714397,2898.0640000000003,1546.802520170325,-0.0,-0.0,-0.0,0.0,21.121074741764055,20.065021004675852
2021-05-19 11:00:00,3294.253100513845,2761.824,1389.7788994861544,-0.0,-0.0,-0.0,0.0,100.0,115.06301450257538
2021-05-19 12:00:00,3395.88409160913,2616.7960000000003,1356.6989083908697,-0.0,-0.0,-0.0,0.0,100.0,210.05150820112513
2021-05-19 13:00:00,3294.253100513845,2474.9335,1557.5713994861549,-0.0,-0.0,-0.0,0.0,100.0,305.030503050305
2021-05-19 14:00:00,2999.2475545714397,2347.4490000000005,1998.16644542856,-0.0,-0.0,-0.0,0.0,100.0,400.0
2021-05-19 15:00:00,2539.911005848384,2243.3775000000005,2160.0,-0.0,300.4414941516152,-0.0,100.0,-0.0,294.69684210526316
2021-05-19 16:00:00,1962.4950506538623,2168.4455,2160.0,-0.0,1133.658449346138,-0.0,100.0,-0.0,189.4042145263158
2021-05-19 17:00:00,1327.9231492918302,2124.382,2160.0,-0.0,2098.1095031143677,-0.0,39.986347593801675,-0.0,147.2943819008614
2021-05-19 18:00:00,710.0508309150756,2108.7625000000003,2160.0,-0.0,2963.943669084924,-0.0,0.0,-0.0,147.27965246267132
2021-05-19 19:00:00,200.848322727546,2115.425,2160.0,-0.0,3500.0,-0.0,39.89167727245379,-0.0,105.27368526326316
2021-05-19 20:00:00,-0.0,2135.3735,2160.0,37.382500000000164,3500.0,-0.0,100.0,-0.0,-0.0
2021-05-19 21:00:00,-0.0,2158.0845,2160.0,-0.0,3411.2355,-0.0,0.0,-0.0,-0.0
2021-05-19 22:00:00,-0.0,2172.9695,2160.0,-0.0,3156.3925,-0.0,0.0,-0.0,-0.0
2021-05-19 23:00:00,-0.0,2170.896,2160.0,-0.0,2956.569,-0.0,0.0,-0.0,-0.0
2021-05-20 00:00:00,-0.0,2137.564,2160.0,-0.0,2351.962,-0.0,0.0,-0.0,-0.0
2021-05-20 01:00:00,-0.0,2086.0385,2160.0,-0.0,2249.8955,-0.0,0.0,-0.0,-0.0
2021-05-20 02:00:00,-0.0,2009.7285000000002,2160.0,-0.0,2219.6825,-0.0,0.0,-0.0,-0.0
2021-05-20 03:00:00,-0.0,1913.8665,2160.0,-0.0,2306.9195,-0.0,0.0,-0.0,-0.0
2021-05-20 04:00:00,-0.0,1806.9220000000003,2160.0,-0.0,2525.58,-0.0,0.0,-0.0,-0.0
2021-05-20 05:00:00,218.3687949718204,1699.4900000000002,2160.0,-0.0,2624.172205028179,-0.0,0.0,-0.0,-0.0
2021-05-20 06:00:00,755.4325296512941,1602.8285,2160.0,-0.0,2431.2499703487065,-0.0,0.0,-0.0,-0.0
2021-05-20 07:00:00,1404.670168968848,1527.3700000000001,2160.0,-0.0,2073.0148310311524,-0.0,0.0,-0.0,-0.0
2021-05-20 08:00:00,2070.3991059373066,1481.3045000000002,2160.0,-0.0,1586.8203940626936,-0.0,0.0,-0.0,-0.0
2021-05-20 09:00:00,2675.6334053490477,1469.4160000000002,2160.0,-0.0,1030.7235946509522,-0.0,0.0,-0.0,-0.0
2021-05-20 10:00:00,3156.827662102724,1492.4455,2160.0,-0.0,486.9548378972763,-0.0,0.0,-0.0,-0.0
2021-05-20 11:00:00,3465.7699473303473,1546.9415000000001,2160.0,-0.0,44.994552669652876,-0.0,0.0,-0.0,-0.0
2021-05-20 12:00:00,3572.1915011161987,1625.6760000000002,2042.0764988838014,-0.0,-0.0,-0.0,0.0,100.0,95.0
2021-05-20 13:00:00,3465.7699473303473,1718.5740000000003,2011.7920526696525,-0.0,-0.0,-0.0,0.0,100.0,189.9905
2021-05-20 14:00:00,3156.827662102724,1814.0265000000002,2160.0,-0.0,-0.0,-0.0,0.0,17.70116210272363,206.78760494758745
2021-05-20 15:00:00,2675.6334053490477,1900.3855,2160.0,-0.0,426.5011023709183,-0.0,48.513992280033285,-0.0,155.69956589232083
2021-05-20 16:00:00,2070.3991059373066,1967.4720000000002,2160.0,-0.0,1193.145894062693,-0.0,0.0,-0.0,155.68399593573162
2021-05-20 17:00:00,1404.670168968848,2007.8695,2160.0,-0.0,2043.4973310311525,-0.0,0.0,-0.0,155.66842753613804
2021-05-20 18:00:00,755.4325296512941,2017.8925000000004,2160.0,-0.0,2874.3889703487057,-0.0,0.0,-0.0,155.65286069338444
2021-05-20 19:00:00,218.3687949718204,1997.9569999999999,2160.0,-0.0,3500.0,-0.0,4.220205028180004,-0.0,151.19497432502035
2021-05-20 20:00:00,-0.0,1952.4959999999999,2160.0,84.16899999999987,3500.0,-0.0,100.0,-0.0,45.916696932851025
2021-05-20 21:00:00,-0.0,1889.2445,2160.0,-0.0,3500.0,-0.0,43.61649999999986,-0.0,-0.0
2021-05-20 22:00:00,-0.0,1818.1735,2160.0,-0.0,3374.4674999999997,-0.0,0.0,-0.0,-0.0
2021-05-20 23:00:00,-0.0,1750.021,2160.0,-0.0,3240.5650000000005,-0.0,0.0,-0.0,-0.0
2021-05-21 00:00:00,-0.0,1686.9775,2160.0,-0.0,2665.7585,-0.0,0.0,-0.0,-0.0
2021-05-21 01:00:00,-0.0,1652.5990000000002,2160.0,-0.0,2546.5969999999998,-0.0,0.0,-0.0,-0.0
2021-05-21 02:00:00,-0.0,1643.6680000000001,2160.0,-0.0,2449.163,-0.0,0.0,-0.0,-0.0
2021-05-21 03:00:00,-0.0,1660.88,2160.0,-0.0,2423.589,-0.0,0.0,-0.0,-0.0
2021-05-21 04:00:00,-0.0,1700.8550000000002,2160.0,-0.0,2495.6979999999994,-0.0,0.0,-0.0,-0.0
2021-05-21 05:00:00,246.72010460346445,1756.5665000000004,2160.0,-0.0,2403.2663953965352,-0.0,0.0,-0.0,-0.0
2021-05-21 06:00:00,836.3146258195303,1818.2579999999998,2160.0,-0.0,2000.0363741804704,-0.0,0.0,-0.0,-0.0
2021-05-21 07:00:00,1546.5063556372697,1874.7495000000001,2160.0,-0.0,1449.57714436273,-0.0,0.0,-0.0,-0.0
2021-05-21 08:00:00,2273.648836049382,1914.9389999999999,2160.0,-0.0,816.4961639506178,-0.0,0.0,-0.0,-0.0
2021-05-21 09:00:00,2934.1400094622973,1929.3040000000003,2160.0,-0.0,179.7749905377027,-0.0,0.0,-0.0,-0.0
2021-05-21 10:00:00,3458.9945479239946,1911.1755,1815.6110268177695,-0.0,-0.0,-0.0,0.0,21.121074741764055,20.065021004675852
2021-05-21 11:00:00,3795.8531939967793,1857.6805000000002,1533.69230600322,-0.0,-0.0,-0.0,0.0,100.0,115.06301450257538
2021-05-21 12:00:00,3911.8742512815043,1770.1580000000004,1428.617748718495,-0.0,-0.0,-0.0,0.0,100.0,210.05150820112513
2021-05-21 13:00:00,3795.8531939967793,1653.9900000000002,1618.2848060032197,-0.0,-0.0,-0.0,0.0,100.0,305.030503050305
2021-05-21 14:00:00,3458.9945479239946,1517.945,2109.589452076006,-0.0,-0.0,-0.0,0.0,100.0,400.0
2021-05-21 15:00:00,2934.1400094622973,1373.034,2160.0,-0.0,618.7169905377023,-0.0,0.0,-0.0,399.96
2021-05-21 16:00:00,2273.648836049382,1231.0805,2160.0,-0.0,1602.7206639506176,-0.0,0.0,-0.0,399.920004
2021-05-21 17:00:00,1546.5063556372697,1103.1865,2160.0,-0.0,2684.4461443627306,-0.0,0.0,-0.0,399.8800119996
2021-05-21 18:00:00,836.3146258195303,998.3155,2160.0,92.94787418047054,3500.0,-0.0,100.0,-0.0,294.57686610366324
2021-05-21 19:00:00,246.72010460346445,922.1614999999999,2160.0,833.3813953965355,3500.0,-0.0,100.0,-0.0,189.28425052231603
2021-05-21 20:00:00,-0.0,876.4210000000002,2160.0,1043.9039999999995,3500.0,-0.0,100.0,-0.0,84.00216420252697
2021-05-21 21:00:00,-0.0,858.7085000000001,2160.0,880.049424213199,3500.0,-0.0,79.79407578680139,-0.0,-0.0
2021-05-21 22:00:00,-0.0,862.9075000000001,2160.0,717.5405000000001,3500.0,-0.0,0.0,-0.0,-0.0
2021-05-21 23:00:00,-0.0,880.113,2160.0,500.48199999999997,3500.0,-0.0,0.0,-0.0,-0.0
2021-05-22 00:00:00,-0.0,892.1445,2160.0,-0.0,2916.8815,-0.0,0.0,-0.0,-0.0
2021-05-22 01:00:00,-0.0,904.0914999999999,2160.0,-0.0,2753.7585000000004,-0.0,0.0,-0.0,-0.0
2021-05-22 02:00:00,-0.0,899.2360000000001,2160.0,-0.0,2654.692,-0.0,0.0,-0.0,-0.0
2021-05-22 03:00:00,-0.0,871.3575000000001,2160.0,-0.0,2676.7275,-0.0,0.0,-0.0,-0.0
2021-05-22 04:00:00,-0.0,817.9405,2160.0,-0.0,2844.8224999999998,-0.0,0.0,-0.0,-0.0
2021-05-22 05:00:00,259.3948798039553,740.519,2160.0,-0.0,2875.5151201960443,-0.0,0.0,-0.0,-0.0
2021-05-22 06:00:00,862.6382164606657,644.5855,2160.0,-0.0,2618.9972835393337,-0.0,0.0,-0.0,-0.0
2021-05-22 07:00:00,1586.8156938775933,538.8695,2160.0,-0.0,2219.5638061224067,-0.0,0.0,-0.0,-0.0
2021-05-22 08:00:00,2327.2026711400977,434.2195,2160.0,-0.0,1720.9458288599026,-0.0,0.0,-0.0,-0.0
2021-05-22 09:00:00,2999.1679160612384,342.173,2160.0,-0.0,1182.0940839387622,-0.0,0.0,-0.0,-0.0
2021-05-22 10:00:00,3532.8623291552753,273.442,2160.0,-0.0,681.5626708447248,-0.0,0.0,-0.0,-0.0
2021-05-22 11:00:00,3875.295670942146,236.46350000000004,2160.0,-0.0,301.72382905785435,-0.0,0.0,-0.0,-0.0
2021-05-22 12:00:00,3993.2158003932086,236.288,2160.0,-0.0,110.50819960679155,-0.0,0.0,-0.0,-0.0
2021-05-22 13:00:00,3875.295670942146,273.90350000000007,2160.0,-0.0,151.44782905785405,-0.0,0.0,-0.0,-0.0
2021-05-22 14:00:00,3532.8623291552753,346.0795,2160.0,-0.0,443.31417084472514,-0.0,0.0,-0.0,-0.0
2021-05-22 15:00:00,2999.1679160612384,445.80249999999995,2160.0,-0.0,979.9015839387621,-0.0,0.0,-0.0,-0.0
2021-05-22 16:00:00,2327.2026711400977,563.186,2160.0,-0.0,1719.3413288599018,-0.0,0.0,-0.0,-0.0
2021-05-22 17:00:00,1586.8156938775933,686.7705000000001,2160.0,-0.0,2566.1738061224064,-0.0,0.0,-0.0,-0.0
2021-05-22 18:00:00,862.6382164606657,805.038,2160.0,-0.0,3368.901783539335,-0.0,0.0,-0.0,-0.0
2021-05-22 19:00:00,259.3948798039553,907.907,2160.0,447.3771201960444,3500.0,-0.0,0.0,-0.0,-0.0
2021-05-22 20:00:00,-0.0,988.0325000000001,2160.0,548.1565,3500.0,-0.0,0.0,-0.0,-0.0
2021-05-22 21:00:00,-0.0,1041.755,2160.0,296.1400000000003,3500.0,-0.0,0.0,-0.0,-0.0
2021-05-22 22:00:00,-0.0,1069.4775,2160.0,33.81949999999961,3500.0,-0.0,0.0,-0.0,-0.0
2021-05-22 23:00:00,-0.0,1075.5875,2160.0,-0.0,3331.3865,-0.0,0.0,-0.0,-0.0
2021-05-23 00:00:00,-0.0,1060.0655000000002,2160.0,-0.0,2715.1884999999997,-0.0,0.0,-0.0,-0.0
2021-05-23 01:00:00,-0.0,1048.112,2160.0,-0.0,2579.536,-0.0,0.0,-0.0,-0.0
2021-05-23 02:00:00,-0.0,1042.6325,2160.0,-0.0,2484.6785,-0.0,0.0,-0.0,-0.0
2021-05-23 03:00:00,-0.0,1053.4485,2160.0,-0.0,2471.6164999999996,-0.0,0.0,-0.0,-0.0
2021-05-23 04:00:00,-0.0,1088.2300000000002,2160.0,-0.0,2555.1189999999997,-0.0,0.0,-0.0,-0.0
2021-05-23 05:00:00,274.4771884282223,1151.3255000000001,2160.0,-0.0,2433.8253115717775,-0.0,0.0,-0.0,-0.0
2021-05-23 06:00:00,896.5642218063971,1243.1315000000002,2160.0,-0.0,1974.3392781936022,-0.0,0.0,-0.0,-0.0
2021-05-23 07:00:00,1640.951502696703,1359.9625,2160.0,-0.0,1335.7639973032967,-0.0,0.0,-0.0,-0.0
2021-05-23 08:00:00,2400.9540576256995,1494.4345,2160.0,-0.0,582.0214423743,-0.0,0.0,-0.0,-0.0
2021-05-23 09:00:00,3090.164103025033,1636.4399999999998,1955.478896974967,-0.0,-0.0,-0.0,0.0,-0.0,-0.0
2021-05-23 10:00:00,3637.2929201860957,1774.409,1238.411079813904,-0.0,-0.0,-0.0,0.0,-0.0,-0.0
2021-05-23 11:00:00,3988.241456525254,1896.8495000000003,715.3431182165104,-0.0,-0.0,-0.0,0.0,21.121074741764055,20.065021004675852
2021-05-23 12:00:00,4109.077580657531,1993.8165,506.5179193424692,-0.0,-0.0,-0.0,0.0,100.0,115.06301450257538
2021-05-23 13:00:00,3988.241456525254,2058.251,527.1065434747461,-0.0,-0.0,-0.0,0.0,100.0,210.05150820112513
2021-05-23 14:00:00,3637.2929201860957,2086.864,874.5810798139041,-0.0,-0.0,-0.0,0.0,100.0,305.030503050305
2021-05-23 15:00:00,3090.164103025033,2080.5785,1534.1173969749661,-0.0,-0.0,-0.0,0.0,100.0,400.0
2021-05-23 16:00:00,2400.9540576256995,2044.3865,2160.0,-0.0,87.85544237430031,-0.0,100.0,-0.0,294.69684210526316
2021-05-23 17:00:00,1640.951502696703,1986.66,2160.0,-0.0,1139.0634973032973,-0.0,100.0,-0.0,189.4042145263158
2021-05-23 18:00:00,896.5642218063971,1918.0395,2160.0,-0.0,2152.3052781936026,-0.0,100.0,-0.0,84.12211621012632
2021-05-23 19:00:00,274.4771884282223,1849.991,2160.0,-0.0,2944.012792773198,-0.0,79.90801879858006,-0.0,-0.0
2021-05-23 20:00:00,-0.0,1793.2914999999998,2160.0,-0.0,3279.9485,-0.0,0.0,-0.0,-0.0
2021-05-23 21:00:00,-0.0,1756.5925000000002,2160.0,-0.0,3121.6514999999995,-0.0,0.0,-0.0,-0.0
2021-05-23 22:00:00,-0.0,1745.3150000000003,2160.0,-0.0,2901.5859999999993,-0.0,0.0,-0.0,-0.0
2021-05-23 23:00:00,-0.0,1760.9215,2160.0,-0.0,2692.8635,-0.0,0.0,-0.0,-0.0
2021-05-24 00:00:00,-0.0,1793.1875,2160.0,-0.0,2468.3365000000003,-0.0,0.0,-0.0,-0.0
2021-05-24 01:00:00,-0.0,1851.0569999999998,2160.0,-0.0,2265.9660000000003,-0.0,0.0,-0.0,-0.0
2021-05-24 02:00:00,-0.0,1917.8705000000002,2160.0,-0.0,2101.8644999999997,-0.0,0.0,-0.0,-0.0
2021-05-24 03:00:00,-0.0,1983.1175,2160.0,-0.0,2037.3634999999997,-0.0,0.0,-0.0,-0.0
2021-05-24 04:00:00,-0.0,2036.294,2160.0,-0.0,2105.4030000000002,-0.0,0.0,-0.0,-0.0
2021-05-24 05:00:00,321.76408537002453,2068.4235,2160.0,-0.0,1970.6574146299758,-0.0,0.0,-0.0,-0.0
2021-05-24 06:00:00,1033.43219064611,2073.305,2160.0,-0.0,1511.3178093538904,-0.0,0.0,-0.0,-0.0
2021-05-24 07:00:00,1882.415465626885,2048.462,2160.0,-0.0,912.5565343731153,-0.0,0.0,-0.0,-0.0
2021-05-24 08:00:00,2748.0493152789672,1995.5324999999998,2160.0,-0.0,243.2501847210333,-0.0,0.0,-0.0,-0.0
2021-05-24 09:00:00,3532.4580105650225,1920.1195000000002,1741.521489434977,-0.0,-0.0,-0.0,0.0,-0.0,-0.0
2021-05-24 10:00:00,4154.863597984002,1831.1020000000003,1178.6824020159984,-0.0,-0.0,-0.0,0.0,-0.0,-0.0
2021-05-24 11:00:00,4553.981180916423,1739.517,823.9138938253418,-0.0,-0.0,-0.0,0.0,21.121074741764055,20.065021004675852
2021-05-24 12:00:00,4691.388241209806,1657.1035000000004,780.2622587901933,-0.0,-0.0,-0.0,0.0,100.0,115.06301450257538
2021-05-24 13:00:00,4553.981180916423,1594.801,946.4428190835779,-0.0,-0.0,-0.0,0.0,100.0,210.05150820112513
2021-05-24 14:00:00,4154.863597984002,1561.287,1406.4144020159974,-0.0,-0.0,-0.0,0.0,100.0,305.030503050305
2021-05-24 15:00:00,3532.4580105650225,1561.885,2136.459989434977,-0.0,-0.0,-0.0,0.0,100.0,400.0
2021-05-24 16:00:00,2748.0493152789672,1597.843,2160.0,-0.0,715.2786847210332,-0.0,100.0,-0.0,294.69684210526316
2021-05-24 17:00:00,1882.415465626885,1666.2230000000002,2160.0,-0.0,1747.9535343731147,-0.0,100.0,-0.0,189.4042145263158
2021-05-24 18:00:00,1033.43219064611,1760.2845000000002,2160.0,-0.0,2725.06630195467,-0.0,79.89600739921997,-0.0,105.28421368463162
2021-05-24 19:00:00,321.76408537002453,1870.4205,2160.0,-0.0,3489.737414629975,-0.0,0.0,-0.0,105.27368526326316
2021-05-24 20:00:00,-0.0,1985.4640000000002,2160.0,22.978000000000065,3500.0,-0.0,100.0,-0.0,-0.0
2021-05-24 21:00:00,-0.0,2094.157,2160.0,-0.0,3320.865,-0.0,0.0,-0.0,-0.0
2021-05-24 22:00:00,-0.0,2186.6715,2160.0,-0.0,2998.4885,-0.0,0.0,-0.0,-0.0
2021-05-24 23:00:00,-0.0,2255.9095,2160.0,-0.0,2737.5174999999995,-0.0,0.0,-0.0,-0.0
2021-05-25 00:00:00,-0.0,2290.8925000000004,2160.0,-0.0,2075.5685,-0.0,0.0,-0.0,-0.0
2021-05-25 01:00:00,-0.0,2307.2855,2160.0,-0.0,1915.8604999999998,-0.0,0.0,-0.0,-0.0
2021-05-25 02:00:00,-0.0,2302.118,2160.0,-0.0,1824.828,-0.0,0.0,-0.0,-0.0
2021-05-25 03:00:00,-0.0,2283.2030000000004,2160.0,-0.0,1845.4749999999995,-0.0,0.0,-0.0,-0.0
2021-05-25 04:00:00,-0.0,2260.492,2160.0,-0.0,1990.2870000000003,-0.0,0.0,-0.0,-0.0
2021-05-25 05:00:00,383.77185462056497,2244.6515,2160.0,-0.0,1842.285645379435,-0.0,0.0,-0.0,-0.0
2021-05-25 06:00:00,1213.2314425235418,2245.568,2160.0,-0.0,1269.8005574764584,-0.0,0.0,-0.0,-0.0
2021-05-25 07:00:00,2199.8423152105647,2270.9245,2160.0,-0.0,483.7871847894353,-0.0,0.0,-0.0,-0.0
2021-05-25 08:00:00,3204.5372557525175,2325.0695,1728.8182442474822,-0.0,-0.0,-0.0,0.0,-0.0,-0.0
2021-05-25 09:00:00,4114.290840056089,2408.3540000000003,783.4131599439106,-0.0,-0.0,-0.0,0.0,-0.0,-0.0
2021-05-25 10:00:00,4835.827994557883,2462.1640801838807,-0.0,-0.0,-0.0,-0.0,0.0,21.121074741764055,20.065021004675852
2021-05-25 11:00:00,5298.3868399244675,2010.2841600755328,-0.0,-0.0,-0.0,-0.0,0.0,100.0,115.06301450257538
2021-05-25 12:00:00,5457.614852012993,1783.5721479870072,-0.0,-0.0,-0.0,-0.0,0.0,100.0,210.05150820112513
2021-05-25 13:00:00,5298.3868399244675,1909.218160075532,-0.0,-0.0,-0.0,-0.0,0.0,100.0,305.030503050305
2021-05-25 14:00:00,4835.827994557883,2398.959005442117,-0.0,-0.0,-0.0,-0.0,0.0,100.0,400.0
2021-05-25 15:00:00,4114.290840056089,3110.7830000000004,17.689159943910454,-0.0,-0.0,-0.0,0.0,-0.0,399.96
2021-05-25 16:00:00,3204.5372557525175,3166.0980000000004,1062.2119505632722,-0.0,-0.0,-0.0,0.0,0.08420631578946756,400.0
2021-05-25 17:00:00,2199.8423152105647,3184.7205,2160.0,-0.0,23.14918478943582,-0.0,100.0,-0.0,294.69684210526316
2021-05-25 18:00:00,1213.2314425235418,3167.32,2160.0,-0.0,1228.6725574764582,-0.0,100.0,-0.0,189.4042145263158
2021-05-25 19:00:00,383.77185462056497,3118.6415,2160.0,-0.0,2189.3726453794347,-0.0,100.0,-0.0,84.12211621012632
2021-05-25 20:00:00,-0.0,3046.8035000000004,2160.0,-0.0,2590.813481201419,-0.0,79.90801879858006,-0.0,-0.0
2021-05-25 21:00:00,-0.0,2962.1865000000003,2160.0,-0.0,2561.0325,-0.0,0.0,-0.0,-0.0
2021-05-25 22:00:00,-0.0,2876.003,2160.0,-0.0,2416.3669999999997,-0.0,0.0,-0.0,-0.0
2021-05-25 23:00:00,-0.0,2798.8025,2160.0,-0.0,2300.7485000000006,-0.0,0.0,-0.0,-0.0
2021-05-26 00:00:00,-0.0,2731.56,2160.0,-0.0,1739.9969999999998,-0.0,0.0,-0.0,-0.0
2021-05-26 01:00:00,-0.0,2694.367,2160.0,-0.0,1632.589,-0.0,0.0,-0.0,-0.0
2021-05-26 02:00:00,-0.0,2681.0485,2160.0,-0.0,1548.3235000000004,-0.0,0.0,-0.0,-0.0
2021-05-26 03:00:00,-0.0,2688.8289999999997,2160.0,-0.0,1540.7960000000003,-0.0,0.0,-0.0,-0.0
2021-05-26 04:00:00,-0.0,2711.2865,2160.0,-0.0,1638.8625000000002,-0.0,0.0,-0.0,-0.0
2021-05-26 05:00:00,406.95891316762055,2739.2560000000003,2160.0,-0.0,1422.195086832379,-0.0,0.0,-0.0,-0.0
2021-05-26 06:00:00,1267.508150245315,2762.1555000000003,2160.0,-0.0,794.8743497546843,-0.0,0.0,-0.0,-0.0
2021-05-26 07:00:00,2288.2900698479193,2769.429,2150.920930152081,-0.0,-0.0,-0.0,0.0,-0.0,-0.0
2021-05-26 08:00:00,3326.518949223843,2752.0805000000005,1271.9675507761563,-0.0,-0.0,-0.0,0.0,-0.0,-0.0
2021-05-26 09:00:00,4265.9838238717275,2703.9415,426.24467612827266,-0.0,-0.0,-0.0,0.0,-0.0,-0.0
2021-05-26 10:00:00,5010.7509191953,2454.1140808046994,-0.0,-0.0,-0.0,-0.0,0.0,100.0,95.0
2021-05-26 11:00:00,5488.079645184593,1906.3853548154075,-0.0,-0.0,-0.0,-0.0,0.0,100.0,189.9905
2021-05-26 12:00:00,5652.373891729766,1672.3231082702341,-0.0,-0.0,-0.0,-0.0,0.0,100.0,284.97150095
2021-05-26 13:00:00,5488.079645184593,1800.6713548154075,-0.0,-0.0,-0.0,-0.0,0.0,100.0,379.943003799905
2021-05-26 14:00:00,5010.7509191953,2055.287,147.4520808046991,-0.0,-0.0,-0.0,0.0,-0.0,379.905009499525
2021-05-26 15:00:00,4265.9838238717275,1901.1395,1173.0162877087196,-0.0,-0.0,-0.0,0.0,21.192611580447288,400.0
2021-05-26 16:00:00,3326.518949223843,1764.737,2160.0,-0.0,255.09705077615718,-0.0,0.0,-0.0,399.96
2021-05-26 17:00:00,2288.2900698479193,1655.0625,2160.0,-0.0,1635.283430152081,-0.0,0.0,-0.0,399.920004
2021-05-26 18:00:00,1267.508150245315,1577.7645000000002,2160.0,-0.0,2932.139349754685,-0.0,0.0,-0.0,399.8800119996
2021-05-26 19:00:00,406.95891316762055,1534.4355,2160.0,315.77658683237996,3500.0,-0.0,100.0,-0.0,294.57686610366324
2021-05-26 20:00:00,-0.0,1522.5079999999998,2160.0,657.5320000000002,3500.0,-0.0,100.0,-0.0,189.28425052231603
2021-05-26 21:00:00,-0.0,1535.6315000000002,2160.0,447.1724999999997,3500.0,-0.0,100.0,-0.0,84.00216420252697
2021-05-26 22:00:00,-0.0,1564.5955000000001,2160.0,204.573424213198,3500.0,-0.0,79.79407578680139,-0.0,-0.0
2021-05-26 23:00:00,-0.0,1598.6295,2160.0,54.464500000000044,3500.0,-0.0,0.0,-0.0,-0.0
2021-05-27 00:00:00,-0.0,1619.5335,2160.0,-0.0,2902.6245000000004,-0.0,0.0,-0.0,-0.0
2021-05-27 01:00:00,-0.0,1632.5984999999998,2160.0,-0.0,2741.8025,-0.0,0.0,-0.0,-0.0
2021-05-27 02:00:00,-0.0,1623.7715,2160.0,-0.0,2649.8375000000005,-0.0,0.0,-0.0,-0.0
2021-05-27 03:00:00,-0.0,1589.991,2160.0,-0.0,2680.616,-0.0,0.0,-0.0,-0.0
2021-05-27 04:00:00,-0.0,1532.2645000000002,2160.0,-0.0,2855.5684999999994,-0.0,0.0,-0.0,-0.0
2021-05-27 05:00:00,373.7864106491778,1455.4995000000001,2160.0,-0.0,2773.467089350822,-0.0,0.0,-0.0,-0.0
2021-05-27 06:00:00,1148.0258807864589,1367.8535,2160.0,-0.0,2339.621619213541,-0.0,0.0,-0.0,-0.0
2021-05-27 07:00:00,2064.034151160453,1279.5900000000001,2160.0,-0.0,1732.5628488395469,-0.0,0.0,-0.0,-0.0
2021-05-27 08:00:00,2994.6162689012754,1201.6745,2160.0,-0.0,1018.3752310987247,-0.0,0.0,-0.0,-0.0
2021-05-27 09:00:00,3836.1073978838867,1144.26,2160.0,-0.0,276.4236021161132,-0.0,0.0,-0.0,-0.0
2021-05-27 10:00:00,4502.932895877423,1115.2440000000001,1763.8031041225759,-0.0,-0.0,-0.0,0.0,-0.0,-0.0
2021-05-27 11:00:00,4930.199629146362,1119.1765,1286.7503298478605,-0.0,-0.0,-0.0,0.0,28.077458994223253,26.67358604451209
2021-05-27 12:00:00,5077.242949174097,1156.5645000000002,1100.9225508259024,-0.0,-0.0,-0.0,0.0,100.0,121.67091868590764
2021-05-27 13:00:00,4930.199629146362,1223.7615,1141.2528708536374,-0.0,-0.0,-0.0,0.0,100.0,216.65875159403905
2021-05-27 14:00:00,4502.932895877423,1313.3640000000003,1500.0711041225768,-0.0,-0.0,-0.0,0.0,100.0,311.63708571887963
2021-05-27 15:00:00,3836.1073978838867,1415.167,2160.0,-0.0,-0.0,-0.0,0.0,93.04639788388658,400.0
2021-05-27 16:00:00,2994.6162689012754,1517.4575000000002,2160.0,-0.0,829.9532310987242,-0.0,0.0,-0.0,399.96
2021-05-27 17:00:00,2064.034151160453,1608.516,2160.0,-0.0,1898.1478488395474,-0.0,0.0,-0.0,399.920004
2021-05-27 18:00:00,1148.0258807864589,1678.1375,2160.0,-0.0,2939.6946192135415,-0.0,0.0,-0.0,399.8800119996
2021-05-27 19:00:00,373.7864106491778,1718.9185000000002,2160.0,149.29708935082272,3500.0,-0.0,100.0,-0.0,294.57686610366324
2021-05-27 20:00:00,-0.0,1727.1995000000002,2160.0,434.05949999999984,3500.0,-0.0,100.0,-0.0,189.28425052231603
2021-05-27 21:00:00,-0.0,1703.4875000000002,2160.0,256.9285,3500.0,-0.0,100.0,-0.0,84.00216420252697
2021-05-27 22:00:00,-0.0,1652.3195,2160.0,90.86442421319862,3500.0,-0.0,79.79407578680139,-0.0,-0.0
2021-05-27 23:00:00,-0.0,1581.5865000000001,2160.0,41.9375,3500.0,-0.0,0.0,-0.0,-0.0
2021-05-28 00:00:00,-0.0,1494.1615,2160.0,-0.0,2995.0235000000002,-0.0,0.0,-0.0,-0.0
2021-05-28 01:00:00,-0.0,1415.5245,2160.0,-0.0,2922.3515,-0.0,0.0,-0.0,-0.0
2021-05-28 02:00:00,-0.0,1348.6655,2160.0,-0.0,2884.8895,-0.0,0.0,-0.0,-0.0
2021-05-28 03:00:00,-0.0,1301.7225,2160.0,-0.0,2925.3244999999997,-0.0,0.0,-0.0,-0.0
2021-05-28 04:00:00,-0.0,1279.5900000000001,2160.0,-0.0,3061.2039999999997,-0.0,0.0,-0.0,-0.0
2021-05-28 05:00:00,328.41696399145184,1283.2495,2160.0,-0.0,2940.5985360085488,-0.0,0.0,-0.0,-0.0
2021-05-28 06:00:00,995.5242597903165,1309.62,2160.0,-0.0,2496.4537402096835,-0.0,0.0,-0.0,-0.0
2021-05-28 07:00:00,1782.830571639848,1351.987,2160.0,-0.0,1884.0874283601518,-0.0,0.0,-0.0,-0.0
2021-05-28 08:00:00,2581.782484096501,1400.8995,2160.0,-0.0,1171.3610159034988,-0.0,0.0,-0.0,-0.0
2021-05-28 09:00:00,3303.7852175810094,1445.5024999999998,2160.0,-0.0,443.58128241899067,-0.0,0.0,-0.0,-0.0
2021-05-28 10:00:00,3875.6938634931525,1474.993,1985.2372112486114,-0.0,-0.0,-0.0,0.0,21.121074741764055,20.065021004675852
2021-05-28 11:00:00,4242.055514575876,1480.1345,1615.4749854241236,-0.0,-0.0,-0.0,0.0,100.0,115.06301450257538
2021-05-28 12:00:00,4368.12327622445,1454.544,1438.5217237755505,-0.0,-0.0,-0.0,0.0,100.0,210.05150820112513
2021-05-28 13:00:00,4242.055514575876,1395.628,1580.8844854241243,-0.0,-0.0,-0.0,0.0,100.0,305.030503050305
2021-05-28 14:00:00,3875.6938634931525,1304.953,2056.026136506847,-0.0,-0.0,-0.0,0.0,100.0,400.0
2021-05-28 15:00:00,3303.7852175810094,1188.135,2160.0,-0.0,583.6197824189903,-0.0,0.0,-0.0,399.96
2021-05-28 16:00:00,2581.782484096501,1054.1245000000001,2160.0,-0.0,1620.5010159034996,-0.0,0.0,-0.0,399.920004
2021-05-28 17:00:00,1782.830571639848,914.0885,2160.0,-0.0,2785.2919283601523,-0.0,0.0,-0.0,399.8800119996
2021-05-28 18:00:00,995.5242597903165,779.9934999999999,2160.0,299.04924020968383,3500.0,-0.0,100.0,-0.0,294.57686610366324
2021-05-28 19:00:00,328.41696399145184,663.0260000000001,2160.0,1156.5320360085489,3500.0,-0.0,100.0,-0.0,189.28425052231603
2021-05-28 20:00:00,-0.0,572.2145,2160.0,1492.3514999999998,3500.0,-0.0,100.0,-0.0,84.00216420252697
2021-05-28 21:00:00,-0.0,513.2595,2160.0,1368.076424213199,3500.0,-0.0,79.79407578680139,-0.0,-0.0
2021-05-28 22:00:00,-0.0,487.851,2160.0,1233.321,3500.0,-0.0,0.0,-0.0,-0.0
2021-05-28 23:00:00,-0.0,493.545,2160.0,1025.7299999999996,3500.0,-0.0,0.0,-0.0,-0.0
2021-05-29 00:00:00,-0.0,516.9580000000001,2160.0,-0.0,3429.636,-0.0,0.0,-0.0,-0.0
2021-05-29 01:00:00,-0.0,563.4005000000001,2160.0,-0.0,3229.6015,-0.0,0.0,-0.0,-0.0
2021-05-29 02:00:00,-0.0,615.1145,2160.0,-0.0,3071.3645,-0.0,0.0,-0.0,-0.0
2021-05-29 03:00:00,-0.0,661.4725000000001,2160.0,-0.0,3016.3815000000004,-0.0,0.0,-0.0,-0.0
2021-05-29 04:00:00,-0.0,693.264,2160.0,-0.0,3096.3059999999996,-0.0,0.0,-0.0,-0.0
2021-05-29 05:00:00,314.4618465884948,704.0345000000001,2160.0,-0.0,2980.6026534115053,-0.0,0.0,-0.0,-0.0
2021-05-29 06:00:00,941.5599800701018,690.9695,2160.0,-0.0,2614.0495199298975,-0.0,0.0,-0.0,-0.0
2021-05-29 07:00:00,1679.9069862636056,655.304,2160.0,-0.0,2126.912013736394,-0.0,0.0,-0.0,-0.0
2021-05-29 08:00:00,2428.3987134488984,602.1925,2160.0,-0.0,1564.9997865511018,-0.0,0.0,-0.0,-0.0
2021-05-29 09:00:00,3104.382640115579,540.0265,2160.0,-0.0,988.4318598844216,-0.0,0.0,-0.0,-0.0
2021-05-29 10:00:00,3639.6391932174092,479.30350000000004,2160.0,-0.0,474.35330678259106,-0.0,0.0,-0.0,-0.0
2021-05-29 11:00:00,3982.440097359055,431.2035,2160.0,-0.0,101.13040264094525,-0.0,0.0,-0.0,-0.0
2021-05-29 12:00:00,4100.384730967103,406.068,2160.0,-0.0,-0.0,-0.0,0.0,69.44173096710256,65.96964441874742
2021-05-29 13:00:00,3982.4400973590555,411.983,2160.0,-0.0,-0.0,-0.0,0.0,1.2200973590552167,67.12213994540801
2021-05-29 14:00:00,3639.6391932174092,453.648,2160.0,-0.0,316.9338067825902,-0.0,0.0,-0.0,67.11542773141346
2021-05-29 15:00:00,3104.382640115579,531.7,2160.0,-0.0,872.0193598844212,-0.0,0.0,-0.0,67.10871618864032
2021-05-29 16:00:00,2428.3987134488984,642.5835000000001,2160.0,-0.0,1617.1027865511014,-0.0,0.0,-0.0,67.10200531702145
2021-05-29 17:00:00,1679.9069862636056,778.9795,2160.0,-0.0,2454.2185137363936,-0.0,0.0,-0.0,67.09529511648975
2021-05-29 18:00:00,941.5599800701018,930.7025000000001,2160.0,-0.0,3232.5185199298976,-0.0,0.0,-0.0,67.0885855869781
2021-05-29 19:00:00,314.4618465884948,1086.046,2160.0,213.37737051950717,3500.0,-0.0,63.72778289199844,-0.0,-0.0
2021-05-29 20:00:00,-0.0,1233.258,2160.0,360.47500000000036,3500.0,-0.0,0.0,-0.0,-0.0
2021-05-29 21:00:00,-0.0,1362.0490000000002,2160.0,27.878999999999905,3500.0,-0.0,0.0,-0.0,-0.0
2021-05-29 22:00:00,-0.0,1464.9180000000001,2160.0,-0.0,3184.7899999999995,-0.0,0.0,-0.0,-0.0
2021-05-29 23:00:00,-0.0,1538.0625,2160.0,-0.0,2909.5905000000002,-0.0,0.0,-0.0,-0.0
2021-05-30 00:00:00,-0.0,1574.7225,2160.0,-0.0,2236.5195000000003,-0.0,0.0,-0.0,-0.0
2021-05-30 01:00:00,-0.0,1593.3775,2160.0,-0.0,2064.3245,-0.0,0.0,-0.0,-0.0
2021-05-30 02:00:00,-0.0,1594.606,2160.0,-0.0,1956.7310000000004,-0.0,0.0,-0.0,-0.0
2021-05-30 03:00:00,-0.0,1588.2555000000002,2160.0,-0.0,1954.7185,-0.0,0.0,-0.0,-0.0
2021-05-30 04:00:00,-0.0,1584.9795,2160.0,-0.0,2070.0785,-0.0,0.0,-0.0,-0.0
2021-05-30 05:00:00,318.0088233120734,1594.697,2160.0,-0.0,1952.3531766879266,-0.0,0.0,-0.0,-0.0
2021-05-30 06:00:00,941.2414260292969,1625.2015000000001,2160.0,-0.0,1546.6720739707027,-0.0,0.0,-0.0,-0.0
2021-05-30 07:00:00,1673.425636741073,1681.0170000000003,2160.0,-0.0,974.8963632589266,-0.0,0.0,-0.0,-0.0
2021-05-30 08:00:00,2414.921427107149,1762.7415,2160.0,-0.0,285.9270728928509,-0.0,0.0,-0.0,-0.0
2021-05-30 09:00:00,3084.2034668384317,1866.8975000000003,1710.6240331615686,-0.0,-0.0,-0.0,0.0,-0.0,-0.0
2021-05-30 10:00:00,3613.952710657884,1986.374,1022.8392893421164,-0.0,-0.0,-0.0,0.0,-0.0,-0.0
2021-05-30 11:00:00,3953.1576297619813,2111.3235000000004,481.24987023801805,-0.0,-0.0,-0.0,0.0,-0.0,-0.0
2021-05-30 12:00:00,4069.85867740304,2230.475,189.94339733872494,-0.0,-0.0,-0.0,0.0,21.121074741764055,20.065021004675852
2021-05-30 13:00:00,3953.1576297619813,2332.6355000000003,240.8408702380184,-0.0,-0.0,-0.0,0.0,100.0,115.06301450257538
2021-05-30 14:00:00,3613.952710657884,2408.198,522.8842893421156,-0.0,-0.0,-0.0,0.0,100.0,210.05150820112513
2021-05-30 15:00:00,3084.2034668384317,2450.4025,1109.7900331615679,-0.0,-0.0,-0.0,0.0,100.0,305.030503050305
2021-05-30 16:00:00,2414.921427107149,2456.3045,1954.7290728928506,-0.0,-0.0,-0.0,0.0,100.0,400.0
2021-05-30 17:00:00,1673.425636741073,2427.139,2160.0,-0.0,592.0793632589271,-0.0,100.0,-0.0,294.69684210526316
2021-05-30 18:00:00,941.2414260292969,2368.223,2160.0,-0.0,1576.6185739707028,-0.0,100.0,-0.0,189.4042145263158
2021-05-30 19:00:00,318.0088233120734,2288.2405,2160.0,-0.0,2354.519676687927,-0.0,100.0,-0.0,84.12211621012632
2021-05-30 20:00:00,-0.0,2198.1115,2160.0,-0.0,2700.81148120142,-0.0,79.90801879858006,-0.0,-0.0
2021-05-30 21:00:00,-0.0,2109.5815,2160.0,-0.0,2667.4755,-0.0,0.0,-0.0,-0.0
2021-05-30 22:00:00,-0.0,2033.681,2160.0,-0.0,2505.2729999999997,-0.0,0.0,-0.0,-0.0
2021-05-30 23:00:00,-0.0,1979.2955000000004,2160.0,-0.0,2359.8045,-0.0,0.0,-0.0,-0.0
2021-05-31 00:00:00,-0.0,1945.0404999999998,2160.0,-0.0,2196.2564999999995,-0.0,0.0,-0.0,-0.0
2021-05-31 01:00:00,-0.0,1946.5290000000002,2160.0,-0.0,2043.593,-0.0,0.0,-0.0,-0.0
2021-05-31 02:00:00,-0.0,1974.3100000000002,2160.0,-0.0,1911.8889999999994,-0.0,0.0,-0.0,-0.0
2021-05-31 03:00:00,-0.0,2022.1825000000001,2160.0,-0.0,1858.1734999999996,-0.0,0.0,-0.0,-0.0
2021-05-31 04:00:00,-0.0,2081.1830000000004,2160.0,-0.0,1913.8509999999992,-0.0,0.0,-0.0,-0.0
2021-05-31 05:00:00,302.5283221368001,2140.814,2160.0,-0.0,1764.3586778632,-0.0,0.0,-0.0,-0.0
2021-05-31 06:00:00,885.7885187722436,2190.578,2160.0,-0.0,1382.1254812277566,-0.0,0.0,-0.0,-0.0
2021-05-31 07:00:00,1569.5831454778927,2221.4465,2160.0,-0.0,886.4903545221077,-0.0,0.0,-0.0,-0.0
2021-05-31 08:00:00,2261.421261713868,2227.147,2160.0,-0.0,326.0707382861324,-0.0,0.0,-0.0,-0.0
2021-05-31 09:00:00,2885.5298880433047,2205.086,1925.090111956696,-0.0,-0.0,-0.0,0.0,-0.0,-0.0
2021-05-31 10:00:00,3379.3621637619935,2156.7455,1465.152410979771,-0.0,-0.0,-0.0,0.0,21.121074741764055,20.065021004675852
2021-05-31 11:00:00,3695.4964190647147,2087.5595,1222.698080935285,-0.0,-0.0,-0.0,0.0,100.0,115.06301450257538
2021-05-31 12:00:00,3804.2519938033874,2006.1989999999998,1121.8320061966133,-0.0,-0.0,-0.0,0.0,100.0,210.05150820112513
2021-05-31 13:00:00,3695.4964190647147,1923.467,1273.9555809352846,-0.0,-0.0,-0.0,0.0,100.0,305.030503050305
2021-05-31 14:00:00,3379.3621637619935,1850.862,1684.3028362380064,-0.0,-0.0,-0.0,0.0,100.0,400.0
2021-05-31 15:00:00,2885.529888043305,1799.0310000000002,2160.0,-0.0,-0.0,-0.0,72.58211195669492,-0.0,323.55777688768956
2021-05-31 16:00:00,2261.421261713868,1776.3785,2160.0,-0.0,804.2012382861326,-0.0,100.0,-0.0,218.26226321526394
2021-05-31 17:00:00,1569.5831454778927,1787.9225000000001,2160.0,-0.0,1714.5253545221071,-0.0,100.0,-0.0,112.97727909420557
2021-05-31 18:00:00,885.7885187722436,1834.6185000000003,2160.0,-0.0,2548.441981227756,-0.0,100.0,-0.0,7.702823471559313
2021-05-31 19:00:00,302.5283221368001,1913.2035000000003,2160.0,-0.0,3223.901227333448,-0.0,7.31695052975155,-0.0,-0.0
2021-05-31 20:00:00,-0.0,2016.6444999999999,2160.0,-0.0,3351.8165000000004,-0.0,0.0,-0.0,-0.0
2021-05-31 21:00:00,-0.0,2135.029,2160.0,-0.0,3035.137,-0.0,0.0,-0.0,-0.0
2021-05-31 22:00:00,-0.0,2256.8975,2160.0,-0.0,2678.6705,-0.0,0.0,-0.0,-0.0
2021-05-31 23:00:00,-0.0,2370.719,2160.0,-0.0,2368.526,-0.0,0.0,-0.0,-0.0
2021-06-01 00:00:00,-0.0,2459.5155,2160.0,-0.0,1649.5094999999997,-0.0,0.0,-0.0,-0.0
2021-06-01 01:00:00,-0.0,2529.735,2160.0,-0.0,1431.6839999999997,-0.0,0.0,-0.0,-0.0
2021-06-01 02:00:00,-0.0,2570.8215,2160.0,-0.0,1290.2605000000003,-0.0,0.0,-0.0,-0.0
2021-06-01 03:00:00,-0.0,2583.2105,2160.0,-0.0,1275.6255,-0.0,0.0,-0.0,-0.0
2021-06-01 04:00:00,-0.0,2571.2960000000003,2160.0,-0.0,1405.8239999999996,-0.0,0.0,-0.0,-0.0
2021-06-01 05:00:00,279.59855723808715,2542.774,2160.0,-0.0,1371.0264427619134,-0.0,0.0,-0.0,-0.0
2021-06-01 06:00:00,810.413731886386,2507.5049999999997,2160.0,-0.0,1129.887268113614,-0.0,0.0,-0.0,-0.0
2021-06-01 07:00:00,1431.502220867422,2476.123,2160.0,-0.0,762.8237791325776,-0.0,0.0,-0.0,-0.0
2021-06-01 08:00:00,2059.3293530193328,2458.4950000000003,2160.0,-0.0,293.3566469806665,-0.0,0.0,-0.0,-0.0
2021-06-01 09:00:00,2625.4060095690456,2462.3235,1928.1244904309551,-0.0,-0.0,-0.0,0.0,-0.0,-0.0
2021-06-01 10:00:00,3073.16434411669,2492.0285,1418.6911558833099,-0.0,-0.0,-0.0,0.0,-0.0,-0.0
2021-06-01 11:00:00,3359.7588381739947,2548.0650000000005,1005.2601618260046,-0.0,-0.0,-0.0,0.0,-0.0,-0.0
2021-06-01 12:00:00,3458.3329356853997,2626.806,797.1869936976486,-0.0,-0.0,-0.0,0.0,39.14292938304778,37.18578291389539
2021-06-01 13:00:00,3359.7588381739947,2720.939,826.6721618260058,-0.0,-0.0,-0.0,0.0,100.0,132.182064335604
2021-06-01 14:00:00,3073.16434411669,2820.4345000000003,1038.91015588331,-0.0,-0.0,-0.0,0.0,100.0,227.16884612917045
2021-06-01 15:00:00,2625.4060095690456,2913.8005,1499.4244904309544,-0.0,-0.0,-0.0,0.0,100.0,322.1461292445575
2021-06-01 16:00:00,2059.329353019333,2989.623,2160.0,-0.0,-0.0,-0.0,0.0,81.98535301933362,400.0
2021-06-01 17:00:00,1431.502220867422,3038.0609999999997,2160.0,-0.0,630.8827791325782,-0.0,100.0,-0.0,294.69684210526316
2021-06-01 18:00:00,810.413731886386,3052.1335,2160.0,-0.0,1438.1327681136145,-0.0,100.0,-0.0,189.4042145263158
2021-06-01 19:00:00,279.59855723808715,3028.6425,2160.0,-0.0,2073.9189427619126,-0.0,100.0,-0.0,84.12211621012632
2021-06-01 20:00:00,-0.0,2968.6214999999997,2160.0,-0.0,2358.4814812014206,-0.0,79.90801879858006,-0.0,-0.0
2021-06-01 21:00:00,-0.0,2877.16,2160.0,-0.0,2334.8550000000005,-0.0,0.0,-0.0,-0.0
2021-06-01 22:00:00,-0.0,2762.721,2160.0,-0.0,2217.9509999999996,-0.0,0.0,-0.0,-0.0
2021-06-01 23:00:00,-0.0,2636.0620000000004,2160.0,-0.0,2151.4939999999992,-0.0,0.0,-0.0,-0.0
2021-06-02 00:00:00,-0.0,2501.967,2160.0,-0.0,1658.7099999999996,-0.0,0.0,-0.0,-0.0
2021-06-02 01:00:00,-0.0,2384.889,2160.0,-0.0,1631.2870000000003,-0.0,0.0,-0.0,-0.0
2021-06-02 02:00:00,-0.0,2286.817,2160.0,-0.0,1632.071,-0.0,0.0,-0.0,-0.0
2021-06-02 03:00:00,-0.0,2213.2630000000004,2160.0,-0.0,1706.3709999999996,-0.0,0.0,-0.0,-0.0
2021-06-02 04:00:00,-0.0,2165.8065,2160.0,-0.0,1875.0435000000002,-0.0,0.0,-0.0,-0.0
2021-06-02 05:00:00,300.7027624414177,2141.945,2160.0,-0.0,1817.3492375585824,-0.0,0.0,-0.0,-0.0
2021-06-02 06:00:00,863.3855932487082,2135.51,2160.0,-0.0,1518.3124067512913,-0.0,0.0,-0.0,-0.0
2021-06-02 07:00:00,1520.5442013116628,2137.564,2160.0,-0.0,1084.4787986883377,-0.0,0.0,-0.0,-0.0
2021-06-02 08:00:00,2184.276049485844,2137.707,2160.0,-0.0,564.0019505141559,-0.0,0.0,-0.0,-0.0
2021-06-02 09:00:00,2782.428647528921,2125.539,2160.0,-0.0,25.28335247107907,-0.0,0.0,-0.0,-0.0
2021-06-02 10:00:00,3255.414011692622,2092.1875,1737.320563049143,-0.0,-0.0,-0.0,0.0,21.121074741764055,20.065021004675852
2021-06-02 11:00:00,3558.089358771332,2031.5685000000003,1505.786141228668,-0.0,-0.0,-0.0,0.0,100.0,115.06301450257538
2021-06-02 12:00:00,3662.195269722101,1941.2965000000002,1424.415230277899,-0.0,-0.0,-0.0,0.0,100.0,210.05150820112513
2021-06-02 13:00:00,3558.089358771332,1823.1200000000001,1613.1686412286676,-0.0,-0.0,-0.0,0.0,100.0,305.030503050305
2021-06-02 14:00:00,3255.414011692622,1682.7459999999999,2083.557988307378,-0.0,-0.0,-0.0,0.0,100.0,400.0
2021-06-02 15:00:00,2782.428647528921,1529.1445,2160.0,-0.0,558.3828524710789,-0.0,0.0,-0.0,399.96
2021-06-02 16:00:00,2184.276049485844,1373.45,2160.0,-0.0,1502.5979505141559,-0.0,0.0,-0.0,399.920004
2021-06-02 17:00:00,1520.5442013116628,1227.499,2160.0,-0.0,2547.7017986883375,-0.0,0.0,-0.0,399.8800119996
2021-06-02 18:00:00,863.3855932487082,1102.3220000000001,2160.0,-0.0,3500.0,-0.0,32.124406751291986,-0.0,366.02485899704004
2021-06-02 19:00:00,300.7027624414177,1006.6940000000001,2160.0,673.6772375585815,3500.0,-0.0,100.0,-0.0,260.7250986164035
2021-06-02 20:00:00,-0.0,946.023,2160.0,961.5720000000001,3500.0,-0.0,100.0,-0.0,155.43586821180503
2021-06-02 21:00:00,-0.0,921.648,2160.0,792.527,3500.0,-0.0,100.0,-0.0,50.15716673024703
2021-06-02 22:00:00,-0.0,930.7025000000001,2160.0,605.9659565371048,3500.0,-0.0,47.64454346289531,-0.0,-0.0
2021-06-02 23:00:00,-0.0,966.5435,2160.0,426.03650000000016,3500.0,-0.0,0.0,-0.0,-0.0
2021-06-03 00:00:00,-0.0,1012.9600000000002,2160.0,-0.0,3254.2129999999997,-0.0,0.0,-0.0,-0.0
2021-06-03 01:00:00,-0.0,1072.227,2160.0,-0.0,3051.6320000000005,-0.0,0.0,-0.0,-0.0
2021-06-03 02:00:00,-0.0,1126.476,2160.0,-0.0,2901.1829999999995,-0.0,0.0,-0.0,-0.0
2021-06-03 03:00:00,-0.0,1165.9635,2160.0,-0.0,2863.4275,-0.0,0.0,-0.0,-0.0
2021-06-03 04:00:00,-0.0,1183.663,2160.0,-0.0,2967.829,-0.0,0.0,-0.0,-0.0
2021-06-03 05:00:00,377.0454635281827,1176.1945,2160.0,-0.0,2818.182036471817,-0.0,0.0,-0.0,-0.0
2021-06-03 06:00:00,1073.086042687085,1144.2404999999999,2160.0,-0.0,2411.9864573129153,-0.0,0.0,-0.0,-0.0
2021-06-03 07:00:00,1884.5902095593037,1092.4225,2160.0,-0.0,1878.2542904406964,-0.0,0.0,-0.0,-0.0
2021-06-03 08:00:00,2703.568144311947,1028.625,2160.0,-0.0,1266.9438556880527,-0.0,0.0,-0.0,-0.0
2021-06-03 09:00:00,3441.2719163845945,962.8515000000001,2160.0,-0.0,642.647583615405,-0.0,0.0,-0.0,-0.0
2021-06-03 10:00:00,4024.434096392098,905.8530000000001,2160.0,-0.0,87.29590360790144,-0.0,0.0,-0.0,-0.0
2021-06-03 11:00:00,4397.558894802681,867.5745000000002,1944.2506051973187,-0.0,-0.0,-0.0,0.0,100.0,95.0
2021-06-03 12:00:00,4525.881038893875,855.7379999999999,1760.2809611061248,-0.0,-0.0,-0.0,0.0,100.0,189.9905
2021-06-03 13:00:00,4397.558894802681,874.7700000000001,1835.989105197319,-0.0,-0.0,-0.0,0.0,100.0,284.97150095
2021-06-03 14:00:00,4024.4340963920986,925.08,2160.0,-0.0,-0.0,-0.0,0.0,74.01409639209851,355.2563953723986
2021-06-03 15:00:00,3441.2719163845945,1002.9435000000001,2160.0,-0.0,539.2605836154048,-0.0,0.0,-0.0,355.22086973286133
2021-06-03 16:00:00,2703.568144311947,1100.9440000000002,2160.0,-0.0,1368.9638556880523,-0.0,0.0,-0.0,355.18534764588804
2021-06-03 17:00:00,1884.5902095593037,1208.8895,2160.0,-0.0,2314.945290440696,-0.0,0.0,-0.0,355.14982911112344
2021-06-03 18:00:00,1073.086042687085,1315.0929999999998,2160.0,-0.0,3221.756957312915,-0.0,0.0,-0.0,355.11431412821236
2021-06-03 19:00:00,377.0454635281827,1407.939,2160.0,307.5145364718169,3500.0,-0.0,100.0,-0.0,249.8156448020627
2021-06-03 20:00:00,-0.0,1477.3135000000002,2160.0,540.9234999999999,3500.0,-0.0,100.0,-0.0,144.52750534284564
2021-06-03 21:00:00,-0.0,1515.9885000000002,2160.0,307.9434999999994,3500.0,-0.0,100.0,-0.0,39.24989469757453
2021-06-03 22:00:00,-0.0,1520.4605000000001,2160.0,135.33882877730002,3500.0,-0.0,37.28367122269954,-0.0,-0.0
2021-06-03 23:00:00,-0.0,1491.4575,2160.0,8.806500000000142,3500.0,-0.0,0.0,-0.0,-0.0
2021-06-04 00:00:00,-0.0,1427.166,2160.0,-0.0,2946.693,-0.0,0.0,-0.0,-0.0
2021-06-04 01:00:00,-0.0,1348.8865,2160.0,-0.0,2880.3725,-0.0,0.0,-0.0,-0.0
2021-06-04 02:00:00,-0.0,1260.4475000000002,2160.0,-0.0,2871.2275,-0.0,0.0,-0.0,-0.0
2021-06-04 03:00:00,-0.0,1173.094,2160.0,-0.0,2958.8329999999996,-0.0,0.0,-0.0,-0.0
2021-06-04 04:00:00,-0.0,1097.3625000000002,2160.0,-0.0,3155.0895,-0.0,0.0,-0.0,-0.0
2021-06-04 05:00:00,450.77234585679906,1041.7095,2160.0,-0.0,2978.231154143201,-0.0,0.0,-0.0,-0.0
2021-06-04 06:00:00,1272.4518639170387,1011.322,2160.0,-0.0,2443.0671360829615,-0.0,0.0,-0.0,-0.0
2021-06-04 07:00:00,2228.8919933162815,1007.4935,2160.0,-0.0,1714.5565066837185,-0.0,0.0,-0.0,-0.0
2021-06-04 08:00:00,3193.4123684813276,1027.4355000000003,2160.0,-0.0,872.0211315186716,-0.0,0.0,-0.0,-0.0
2021-06-04 09:00:00,4061.8335659904524,1064.713,2160.0,-0.0,11.926434009547847,-0.0,0.0,-0.0,-0.0
2021-06-04 10:00:00,4748.14599482631,1110.1545,1408.867505173689,-0.0,-0.0,-0.0,0.0,-0.0,-0.0
2021-06-04 11:00:00,5187.193101565787,1153.1455,877.5494731759763,-0.0,-0.0,-0.0,0.0,21.121074741764055,20.065021004675852
2021-06-04 12:00:00,5338.17546482886,1183.117,705.7075351711401,-0.0,-0.0,-0.0,0.0,100.0,115.06301450257538
2021-06-04 13:00:00,5187.193101565787,1191.047,812.812898434212,-0.0,-0.0,-0.0,0.0,100.0,210.05150820112513
2021-06-04 14:00:00,4748.14599482631,1170.7215,1296.9245051736898,-0.0,-0.0,-0.0,0.0,100.0,305.030503050305
2021-06-04 15:00:00,4061.8335659904524,1119.69,2139.725434009547,-0.0,-0.0,-0.0,0.0,100.0,400.0
2021-06-04 16:00:00,3193.4123684813276,1039.6295,2160.0,-0.0,1015.6131315186722,-0.0,0.0,-0.0,399.96
2021-06-04 17:00:00,2228.8919933162815,936.2339999999999,2160.0,-0.0,2315.812006683718,-0.0,0.0,-0.0,399.920004
2021-06-04 18:00:00,1272.451863917039,818.5060000000001,2160.0,-0.0,3500.0,-0.0,88.7561360829609,-0.0,306.45250033332536
2021-06-04 19:00:00,450.77234585679906,697.6060000000001,2160.0,1011.0946541432013,3500.0,-0.0,100.0,-0.0,201.1586971885552
2021-06-04 20:00:00,-0.0,585.455,2160.0,1496.888,3500.0,-0.0,100.0,-0.0,95.87542342409951
2021-06-04 21:00:00,-0.0,493.194,2160.0,1400.8394559123299,3500.0,-0.0,91.07254408766926,-0.0,-0.0
2021-06-04 22:00:00,-0.0,429.7215,2160.0,1321.5435000000007,3500.0,-0.0,0.0,-0.0,-0.0
2021-06-04 23:00:00,-0.0,400.59499999999997,2160.0,1154.8009999999995,3500.0,-0.0,0.0,-0.0,-0.0
2021-06-05 00:00:00,-0.0,400.86150000000004,2160.0,89.0694999999996,3500.0,-0.0,0.0,-0.0,-0.0
2021-06-05 01:00:00,-0.0,440.81050000000005,2160.0,-0.0,3401.3624999999997,-0.0,0.0,-0.0,-0.0
2021-06-05 02:00:00,-0.0,507.5135,2160.0,-0.0,3233.8684999999996,-0.0,0.0,-0.0,-0.0
2021-06-05 03:00:00,-0.0,591.6625,2160.0,-0.0,3146.7165,-0.0,0.0,-0.0,-0.0
2021-06-05 04:00:00,-0.0,682.3895000000001,2160.0,-0.0,3173.2154999999993,-0.0,0.0,-0.0,-0.0
2021-06-05 05:00:00,467.43517260659854,768.7420000000001,2160.0,-0.0,2834.347827393401,-0.0,0.0,-0.0,-0.0
2021-06-05 06:00:00,1309.4898971998648,841.1975000000001,2160.0,-0.0,2172.5866028001356,-0.0,0.0,-0.0,-0.0
2021-06-05 07:00:00,2288.1736751022404,892.944,2160.0,-0.0,1362.8423248977597,-0.0,0.0,-0.0,-0.0
2021-06-05 08:00:00,3274.429237512981,920.8095000000001,2160.0,-0.0,487.2002624870188,-0.0,0.0,-0.0,-0.0
2021-06-05 09:00:00,4162.0616940983455,925.6910000000001,1796.8103059016548,-0.0,-0.0,-0.0,0.0,-0.0,-0.0
2021-06-05 10:00:00,4863.370667009022,912.379,1074.0023329909782,-0.0,-0.0,-0.0,0.0,-0.0,-0.0
2021-06-05 11:00:00,5311.943764776419,888.9074999999999,596.0918099653454,-0.0,-0.0,-0.0,0.0,21.121074741764055,20.065021004675852
2021-06-05 12:00:00,5466.185180918496,865.4425000000002,470.8743190815039,-0.0,-0.0,-0.0,0.0,100.0,115.06301450257538
2021-06-05 13:00:00,5311.943764776419,852.826,598.216235223581,-0.0,-0.0,-0.0,0.0,100.0,210.05150820112513
2021-06-05 14:00:00,4863.370667009022,861.0875000000001,1059.6828329909777,-0.0,-0.0,-0.0,0.0,100.0,305.030503050305
2021-06-05 15:00:00,4162.0616940983455,898.014,1825.9243059016544,-0.0,-0.0,-0.0,0.0,100.0,400.0
2021-06-05 16:00:00,3274.429237512981,968.0450000000001,2160.0,-0.0,467.3257624870189,-0.0,100.0,-0.0,294.69684210526316
2021-06-05 17:00:00,2288.1736751022404,1071.5705,2160.0,-0.0,1578.7268248977593,-0.0,100.0,-0.0,189.4042145263158
2021-06-05 18:00:00,1309.4898971998648,1204.827,2160.0,-0.0,2639.4180954009157,-0.0,79.89600739921997,-0.0,105.28421368463162
2021-06-05 19:00:00,467.43517260659854,1360.307,2160.0,-0.0,3482.0328273934015,-0.0,0.0,-0.0,105.27368526326316
2021-06-05 20:00:00,-0.0,1527.695,2160.0,101.33700000000044,3500.0,-0.0,100.0,-0.0,-0.0
2021-06-05 21:00:00,-0.0,1695.1675,2160.0,-0.0,3333.0215000000003,-0.0,0.0,-0.0,-0.0
2021-06-05 22:00:00,-0.0,1850.9075,2160.0,-0.0,2939.8435,-0.0,0.0,-0.0,-0.0
2021-06-05 23:00:00,-0.0,1984.5995000000003,2160.0,-0.0,2606.6965,-0.0,0.0,-0.0,-0.0
2021-06-06 00:00:00,-0.0,2082.3725,2160.0,-0.0,1876.2324999999996,-0.0,0.0,-0.0,-0.0
2021-06-06 01:00:00,-0.0,2153.216,2160.0,-0.0,1654.0800000000004,-0.0,0.0,-0.0,-0.0
2021-06-06 02:00:00,-0.0,2191.163,2160.0,-0.0,1511.8110000000001,-0.0,0.0,-0.0,-0.0
2021-06-06 03:00:00,-0.0,2200.6595,2160.0,-0.0,1495.8065000000001,-0.0,0.0,-0.0,-0.0
2021-06-06 04:00:00,-0.0,2189.5185,2160.0,-0.0,1620.6944999999996,-0.0,0.0,-0.0,-0.0
2021-06-06 05:00:00,444.3338786089905,2167.7760000000003,2160.0,-0.0,1409.5751213910096,-0.0,0.0,-0.0,-0.0
2021-06-06 06:00:00,1236.0631907943148,2146.3065,2160.0,-0.0,888.6483092056851,-0.0,0.0,-0.0,-0.0
2021-06-06 07:00:00,2154.9568256532925,2135.2760000000003,2160.0,-0.0,198.0911743467068,-0.0,0.0,-0.0,-0.0
2021-06-06 08:00:00,3080.356314191787,2142.7574999999997,1560.3481858082137,-0.0,-0.0,-0.0,0.0,-0.0,-0.0
2021-06-06 09:00:00,3912.903425874874,2173.5675,735.8170741251256,-0.0,-0.0,-0.0,0.0,-0.0,-0.0
2021-06-06 10:00:00,4570.527612920544,2228.603,-0.0,-0.0,-0.0,-0.0,0.0,14.907612920544125,14.162232274516917
2021-06-06 11:00:00,4991.092459254085,1815.992540745915,-0.0,-0.0,-0.0,-0.0,0.0,100.0,109.16081605128946
2021-06-06 12:00:00,5135.697615661811,1594.910384338189,-0.0,-0.0,-0.0,-0.0,0.0,100.0,204.14989996968433
2021-06-06 13:00:00,4991.092459254085,1696.894540745915,-0.0,-0.0,-0.0,-0.0,0.0,100.0,299.1294849796874
2021-06-06 14:00:00,4570.527612920544,2135.5643870794556,-0.0,-0.0,-0.0,-0.0,0.0,100.0,394.09957203118944
2021-06-06 15:00:00,3912.903425874874,2651.519,140.5375741251264,-0.0,-0.0,-0.0,0.0,-0.0,394.0601620739863
2021-06-06 16:00:00,3080.356314191787,2697.3050000000003,1114.4606268000248,-0.0,-0.0,-0.0,0.0,6.293940991811688,400.0
2021-06-06 17:00:00,2154.956825653293,2710.3700000000003,2160.0,-0.0,-0.0,-0.0,86.30317434670678,-0.0,309.114553319256
2021-06-06 18:00:00,1236.0631907943148,2688.0555,2160.0,-0.0,1119.8673092056852,-0.0,100.0,-0.0,203.82048396918725
2021-06-06 19:00:00,444.3338786089905,2631.889,2160.0,-0.0,2041.1711213910094,-0.0,100.0,-0.0,98.53694402605349
2021-06-06 20:00:00,-0.0,2547.4215,2160.0,-0.0,2492.9637641849317,-0.0,93.60073581506835,-0.0,-0.0
2021-06-06 21:00:00,-0.0,2443.5645000000004,2160.0,-0.0,2486.9844999999996,-0.0,0.0,-0.0,-0.0
2021-06-06 22:00:00,-0.0,2331.4525,2160.0,-0.0,2359.1394999999998,-0.0,0.0,-0.0,-0.0
2021-06-06 23:00:00,-0.0,2222.987,2160.0,-0.0,2265.7070000000003,-0.0,0.0,-0.0,-0.0
2021-06-07 00:00:00,-0.0,2123.0755,2160.0,-0.0,2166.9094999999998,-0.0,0.0,-0.0,-0.0
2021-06-07 01:00:00,-0.0,2053.2135000000003,2160.0,-0.0,2083.1784999999995,-0.0,0.0,-0.0,-0.0
2021-06-07 02:00:00,-0.0,2012.816,2160.0,-0.0,2017.0529999999997,-0.0,0.0,-0.0,-0.0
2021-06-07 03:00:00,-0.0,2003.5405,2160.0,-0.0,2017.7034999999996,-0.0,0.0,-0.0,-0.0
2021-06-07 04:00:00,-0.0,2022.904,2160.0,-0.0,2110.0570000000002,-0.0,0.0,-0.0,-0.0
2021-06-07 05:00:00,433.1722351023233,2064.673,2160.0,-0.0,1844.6447648976766,-0.0,0.0,-0.0,-0.0
2021-06-07 06:00:00,1197.224101973091,2119.78,2160.0,-0.0,1272.964898026909,-0.0,0.0,-0.0,-0.0
2021-06-07 07:00:00,2082.8533437249325,2177.6299999999997,2160.0,-0.0,545.0306562750679,-0.0,0.0,-0.0,-0.0
2021-06-07 08:00:00,2974.2165582112634,2227.5565,1897.208941788736,-0.0,-0.0,-0.0,0.0,-0.0,-0.0
2021-06-07 09:00:00,3775.845549818527,2260.362,1100.0244501814727,-0.0,-0.0,-0.0,0.0,-0.0,-0.0
2021-06-07 10:00:00,4408.910445525981,2269.5595000000003,418.21605447401816,-0.0,-0.0,-0.0,0.0,-0.0,-0.0
2021-06-07 11:00:00,4813.712992878922,2252.315,-0.0,-0.0,-0.0,-0.0,0.0,47.86299287892143,45.46984323497536
2021-06-07 12:00:00,4952.890478514471,2087.5115214855286,-0.0,-0.0,-0.0,-0.0,0.0,100.0,140.46529625065187
2021-06-07 13:00:00,4813.712992878922,2147.392,8.7524371001291,-0.0,-0.0,-0.0,0.0,73.26342997905087,210.05150820112513
2021-06-07 14:00:00,4408.910445525981,2073.253,531.447554474019,-0.0,-0.0,-0.0,0.0,100.0,305.030503050305
2021-06-07 15:00:00,3775.845549818527,1997.97,1337.677450181473,-0.0,-0.0,-0.0,0.0,100.0,400.0
2021-06-07 16:00:00,2974.2165582112634,1932.7165000000002,2160.0,-0.0,24.54294178873579,-0.0,100.0,-0.0,294.69684210526316
2021-06-07 17:00:00,2082.8533437249325,1887.8665,2160.0,-0.0,1185.7751562750673,-0.0,100.0,-0.0,189.4042145263158
2021-06-07 18:00:00,1197.224101973091,1871.519,2160.0,-0.0,2279.4288980269084,-0.0,100.0,-0.0,84.12211621012632
2021-06-07 19:00:00,433.1722351023233,1888.3865,2160.0,-0.0,3119.5372460990966,-0.0,79.90801879858006,-0.0,-0.0
2021-06-07 20:00:00,-0.0,1939.1515000000002,2160.0,-0.0,3497.9714999999997,-0.0,0.0,-0.0,-0.0
2021-06-07 21:00:00,-0.0,2020.291,2160.0,-0.0,3213.0280000000002,-0.0,0.0,-0.0,-0.0
2021-06-07 22:00:00,-0.0,2124.512,2160.0,-0.0,2868.587,-0.0,0.0,-0.0,-0.0
2021-06-07 23:00:00,-0.0,2241.6875,2160.0,-0.0,2549.3565,-0.0,0.0,-0.0,-0.0
2021-06-08 00:00:00,-0.0,2354.001,2160.0,-0.0,1802.3339999999998,-0.0,0.0,-0.0,-0.0
2021-06-08 01:00:00,-0.0,2462.0634999999997,2160.0,-0.0,1540.7315000000003,-0.0,0.0,-0.0,-0.0
2021-06-08 02:00:00,-0.0,2549.4885,2160.0,-0.0,1346.9415000000004,-0.0,0.0,-0.0,-0.0
2021-06-08 03:00:00,-0.0,2608.84,2160.0,-0.0,1279.2269999999999,-0.0,0.0,-0.0,-0.0
2021-06-08 04:00:00,-0.0,2636.387,2160.0,-0.0,1363.7639999999997,-0.0,0.0,-0.0,-0.0
2021-06-08 05:00:00,436.60894311946953,2632.526,2160.0,-0.0,1141.0170568805306,-0.0,0.0,-0.0,-0.0
2021-06-08 06:00:00,1199.5826270828973,2601.6575000000003,2160.0,-0.0,656.9678729171021,-0.0,0.0,-0.0,-0.0
2021-06-08 07:00:00,2082.902352038902,2551.5165,2160.0,-0.0,40.01314796109773,-0.0,0.0,-0.0,-0.0
2021-06-08 08:00:00,2971.447588471958,2492.0415,1505.1939115280416,-0.0,-0.0,-0.0,0.0,-0.0,-0.0
2021-06-08 09:00:00,3770.276980143686,2433.9770000000003,802.5640198563142,-0.0,-0.0,-0.0,0.0,-0.0,-0.0
2021-06-08 10:00:00,4400.995602819827,2387.346,179.9173971801738,-0.0,-0.0,-0.0,0.0,-0.0,-0.0
2021-06-08 11:00:00,4804.254388282712,2186.5696117172874,-0.0,-0.0,-0.0,-0.0,0.0,100.0,95.0
2021-06-08 12:00:00,4942.892782464591,1971.356217535409,-0.0,-0.0,-0.0,-0.0,0.0,100.0,189.9905
2021-06-08 13:00:00,4804.254388282712,2067.4726117172877,-0.0,-0.0,-0.0,-0.0,0.0,100.0,284.97150095
2021-06-08 14:00:00,4400.995602819827,2420.5480000000002,-0.0,-0.0,-0.0,-0.0,0.0,31.415602819826745,314.7878264787404
2021-06-08 15:00:00,3770.276980143686,2477.4165000000003,641.7955198563131,-0.0,-0.0,-0.0,0.0,-0.0,314.7563476960925
2021-06-08 16:00:00,2971.447588471958,2538.8415000000005,1650.5222040950698,-0.0,-0.0,-0.0,0.0,89.76329256702851,400.0
2021-06-08 17:00:00,2082.902352038902,2593.6690000000003,2160.0,-0.0,361.1656479610979,-0.0,100.0,-0.0,294.69684210526316
2021-06-08 18:00:00,1199.5826270828973,2630.823,2160.0,-0.0,1400.7703729171033,-0.0,100.0,-0.0,189.4042145263158
2021-06-08 19:00:00,436.60894311946953,2640.807,2160.0,-0.0,2228.4460568805307,-0.0,100.0,-0.0,84.12211621012632
2021-06-08 20:00:00,-0.0,2616.991,2160.0,-0.0,2627.02498120142,-0.0,79.90801879858006,-0.0,-0.0
2021-06-08 21:00:00,-0.0,2556.5475000000006,2160.0,-0.0,2565.602499999999,-0.0,0.0,-0.0,-0.0
2021-06-08 22:00:00,-0.0,2460.835,2160.0,-0.0,2423.2119999999995,-0.0,0.0,-0.0,-0.0
2021-06-08 23:00:00,-0.0,2335.281,2160.0,-0.0,2348.9120000000003,-0.0,0.0,-0.0,-0.0
2021-06-09 00:00:00,-0.0,2182.6545,2160.0,-0.0,1869.3174999999997,-0.0,0.0,-0.0,-0.0
2021-06-09 01:00:00,-0.0,2026.0695,2160.0,-0.0,1874.7265000000002,-0.0,0.0,-0.0,-0.0
2021-06-09 02:00:00,-0.0,1871.35,2160.0,-0.0,1925.524,-0.0,0.0,-0.0,-0.0
2021-06-09 03:00:00,-0.0,1729.6435,2160.0,-0.0,2061.3864999999996,-0.0,0.0,-0.0,-0.0
2021-06-09 04:00:00,-0.0,1609.946,2160.0,-0.0,2295.7619999999997,-0.0,0.0,-0.0,-0.0
2021-06-09 05:00:00,409.4032028268741,1517.971,2160.0,-0.0,2191.0007971731256,-0.0,0.0,-0.0,-0.0
2021-06-09 06:00:00,1118.7495392286312,1455.467,2160.0,-0.0,1794.9494607713689,-0.0,0.0,-0.0,-0.0
2021-06-09 07:00:00,1939.087454693942,1420.0680000000002,2160.0,-0.0,1229.0385453060583,-0.0,0.0,-0.0,-0.0
2021-06-09 08:00:00,2763.8483704950454,1405.69,2160.0,-0.0,555.7756295049548,-0.0,0.0,-0.0,-0.0
2021-06-09 09:00:00,3505.1113713697628,1403.4540000000002,2017.8146286302367,-0.0,-0.0,-0.0,0.0,-0.0,-0.0
2021-06-09 10:00:00,4090.270640171544,1402.9730000000002,1418.6904345702205,-0.0,-0.0,-0.0,0.0,21.121074741764055,20.065021004675852
2021-06-09 11:00:00,4464.351100704543,1393.8405,1058.236399295457,-0.0,-0.0,-0.0,0.0,100.0,115.06301450257538
2021-06-09 12:00:00,4592.955042601065,1367.1060000000002,882.8959573989359,-0.0,-0.0,-0.0,0.0,100.0,210.05150820112513
2021-06-09 13:00:00,4464.351100704543,1316.5880000000002,1022.6538992954565,-0.0,-0.0,-0.0,0.0,100.0,305.030503050305
2021-06-09 14:00:00,4090.270640171544,1239.784,1495.1463598284554,-0.0,-0.0,-0.0,0.0,100.0,400.0
2021-06-09 15:00:00,3505.1113713697628,1138.254,2160.0,-0.0,24.451628630237337,-0.0,0.0,-0.0,399.96
2021-06-09 16:00:00,2763.8483704950454,1017.4970000000001,2160.0,-0.0,1071.3296295049545,-0.0,0.0,-0.0,399.920004
2021-06-09 17:00:00,1939.087454693942,886.275,2160.0,-0.0,2257.342545306058,-0.0,0.0,-0.0,399.8800119996
2021-06-09 18:00:00,1118.7495392286312,755.4430000000001,2160.0,-0.0,3405.330460771369,-0.0,0.0,-0.0,399.84002399840006
2021-06-09 19:00:00,409.4032028268741,636.5645000000001,2160.0,711.6562971731255,3500.0,-0.0,100.0,-0.0,294.5368821012634
2021-06-09 20:00:00,-0.0,540.3645,2160.0,1138.7705000000005,3500.0,-0.0,100.0,-0.0,189.24427051831645
2021-06-09 21:00:00,-0.0,475.29949999999997,2160.0,1005.5405000000001,3500.0,-0.0,100.0,-0.0,83.96218819652778
2021-06-09 22:00:00,-0.0,446.43300000000005,2160.0,820.0538976211774,3500.0,-0.0,79.75610237882272,-0.0,-0.0
2021-06-09 23:00:00,-0.0,454.779,2160.0,695.1399999999994,3500.0,-0.0,0.0,-0.0,-0.0
2021-06-10 00:00:00,-0.0,491.205,2160.0,30.25,3500.0,-0.0,0.0,-0.0,-0.0
2021-06-10 01:00:00,-0.0,560.5665,2160.0,-0.0,3313.2825000000003,-0.0,0.0,-0.0,-0.0
2021-06-10 02:00:00,-0.0,647.075,2160.0,-0.0,3126.437,-0.0,0.0,-0.0,-0.0
2021-06-10 03:00:00,-0.0,739.3035000000001,2160.0,-0.0,3031.9624999999996,-0.0,0.0,-0.0,-0.0
2021-06-10 04:00:00,-0.0,825.76,2160.0,-0.0,3063.79,-0.0,0.0,-0.0,-0.0
2021-06-10 05:00:00,342.39658555139385,896.402,2160.0,-0.0,2867.030414448606,-0.0,0.0,-0.0,-0.0
2021-06-10 06:00:00,931.0538227627835,943.9235,2160.0,-0.0,2485.2586772372165,-0.0,0.0,-0.0,-0.0
2021-06-10 07:00:00,1611.1421957244513,964.6845,2160.0,-0.0,2007.0523042755487,-0.0,0.0,-0.0,-0.0
2021-06-10 08:00:00,2294.581512153818,959.1465000000001,2160.0,-0.0,1469.882987846182,-0.0,0.0,-0.0,-0.0
2021-06-10 09:00:00,2908.6556861978975,931.7425,2160.0,-0.0,927.8858138021023,-0.0,0.0,-0.0,-0.0
2021-06-10 10:00:00,3393.3234072041973,890.175,2160.0,-0.0,452.8155927958028,-0.0,0.0,-0.0,-0.0
2021-06-10 11:00:00,3703.129463965542,844.3305000000001,2160.0,-0.0,118.05403603445802,-0.0,0.0,-0.0,-0.0
2021-06-10 12:00:00,3809.6306562615946,804.8625000000001,2160.0,-0.0,-0.0,-0.0,0.0,18.880156261594493,17.936148448514768
2021-06-10 13:00:00,3703.129463965542,781.6510000000001,2160.0,-0.0,75.01953603445827,-0.0,0.0,-0.0,17.934354833669918
2021-06-10 14:00:00,3393.3234072041973,782.418,2160.0,-0.0,409.19759279580285,-0.0,0.0,-0.0,17.93256139818655
2021-06-10 15:00:00,2908.6556861978975,811.577,2160.0,-0.0,970.828313802102,-0.0,0.0,-0.0,17.93076814204673
2021-06-10 16:00:00,2294.581512153818,869.6089999999999,2160.0,-0.0,1715.206487846182,-0.0,0.0,-0.0,17.928975065232525
2021-06-10 17:00:00,1611.1421957244513,952.8740000000001,2160.0,-0.0,2548.858804275549,-0.0,0.0,-0.0,17.927182167726002
2021-06-10 18:00:00,931.0538227627835,1054.0725,2160.0,-0.0,3327.9826772372166,-0.0,0.0,-0.0,17.92538944950923
2021-06-10 19:00:00,342.39658555139385,1163.162,2160.0,372.0039973835701,3500.0,-0.0,17.027417065036065,-0.0,-0.0
2021-06-10 20:00:00,-0.0,1268.657,2160.0,550.7839999999997,3500.0,-0.0,0.0,-0.0,-0.0
2021-06-10 21:00:00,-0.0,1359.137,2160.0,265.308,3500.0,-0.0,0.0,-0.0,-0.0
2021-06-10 22:00:00,-0.0,1424.7414999999999,2160.0,-0.0,3468.3605,-0.0,0.0,-0.0,-0.0
2021-06-10 23:00:00,-0.0,1458.47,2160.0,-0.0,3241.5159999999996,-0.0,0.0,-0.0,-0.0
2021-06-11 00:00:00,-0.0,1451.3135000000002,2160.0,-0.0,2623.5755,-0.0,0.0,-0.0,-0.0
2021-06-11 01:00:00,-0.0,1415.882,2160.0,-0.0,2514.506,-0.0,0.0,-0.0,-0.0
2021-06-11 02:00:00,-0.0,1351.4409999999998,2160.0,-0.0,2481.6590000000006,-0.0,0.0,-0.0,-0.0
2021-06-11 03:00:00,-0.0,1266.421,2160.0,-0.0,2567.4249999999993,-0.0,0.0,-0.0,-0.0
2021-06-11 04:00:00,-0.0,1171.5470000000003,2160.0,-0.0,2783.513999999999,-0.0,0.0,-0.0,-0.0
2021-06-11 05:00:00,295.6855362987391,1078.337,2160.0,-0.0,2800.186463701261,-0.0,0.0,-0.0,-0.0
2021-06-11 06:00:00,800.4834222682152,997.6460000000001,2160.0,-0.0,2633.2905777317847,-0.0,0.0,-0.0,-0.0
2021-06-11 07:00:00,1383.1677712145113,938.1905,2160.0,-0.0,2335.439728785488,-0.0,0.0,-0.0,-0.0
2021-06-11 08:00:00,1968.474064958202,905.4305,2160.0,-0.0,1926.2924350417982,-0.0,0.0,-0.0,-0.0
2021-06-11 09:00:00,2494.241383267591,900.8870000000001,2160.0,-0.0,1452.3346167324084,-0.0,0.0,-0.0,-0.0
2021-06-11 10:00:00,2909.1457693375983,922.0055000000001,2160.0,-0.0,986.8607306624012,-0.0,0.0,-0.0,-0.0
2021-06-11 11:00:00,3174.335882268506,962.5395000000001,2160.0,-0.0,612.779617731494,-0.0,0.0,-0.0,-0.0
2021-06-11 12:00:00,3265.4974722919487,1013.4865000000001,2160.0,-0.0,403.135027708051,-0.0,0.0,-0.0,-0.0
2021-06-11 13:00:00,3174.335882268506,1064.3685,2160.0,-0.0,409.884617731494,-0.0,0.0,-0.0,-0.0
2021-06-11 14:00:00,2909.1457693375983,1104.7075,2160.0,-0.0,662.0757306624018,-0.0,0.0,-0.0,-0.0
2021-06-11 15:00:00,2494.241383267591,1125.5400000000002,2160.0,-0.0,1164.3866167324086,-0.0,0.0,-0.0,-0.0
2021-06-11 16:00:00,1968.474064958202,1120.6975,2160.0,-0.0,1885.3634350417976,-0.0,0.0,-0.0,-0.0
2021-06-11 17:00:00,1383.1677712145113,1087.71,2160.0,-0.0,2739.078228785489,-0.0,0.0,-0.0,-0.0
2021-06-11 18:00:00,800.4834222682152,1028.2155,2160.0,83.34507773178439,3500.0,-0.0,0.0,-0.0,-0.0
2021-06-11 19:00:00,295.6855362987391,947.8235,2160.0,751.7769637012607,3500.0,-0.0,0.0,-0.0,-0.0
2021-06-11 20:00:00,-0.0,855.4064999999999,2160.0,1066.4004999999997,3500.0,-0.0,0.0,-0.0,-0.0
2021-06-11 21:00:00,-0.0,761.9884999999999,2160.0,966.3984999999993,3500.0,-0.0,0.0,-0.0,-0.0
2021-06-11 22:00:00,-0.0,679.2955000000001,2160.0,819.2285000000002,3500.0,-0.0,0.0,-0.0,-0.0
2021-06-11 23:00:00,-0.0,618.2475000000001,2160.0,688.5445,3500.0,-0.0,0.0,-0.0,-0.0
2021-06-12 00:00:00,-0.0,581.815,2160.0,-0.0,3165.229,-0.0,0.0,-0.0,-0.0
2021-06-12 01:00:00,-0.0,586.6575,2160.0,-0.0,3017.0724999999993,-0.0,0.0,-0.0,-0.0
2021-06-12 02:00:00,-0.0,628.316,2160.0,-0.0,2879.2130000000006,-0.0,0.0,-0.0,-0.0
2021-06-12 03:00:00,-0.0,703.8004999999999,2160.0,-0.0,2805.4615,-0.0,0.0,-0.0,-0.0
2021-06-12 04:00:00,-0.0,806.351,2160.0,-0.0,2825.011,-0.0,0.0,-0.0,-0.0
2021-06-12 05:00:00,322.3766892946495,926.3215,2160.0,-0.0,2602.59481070535,-0.0,0.0,-0.0,-0.0
2021-06-12 06:00:00,869.3278513175704,1052.48,2160.0,-0.0,2187.3751486824294,-0.0,0.0,-0.0,-0.0
2021-06-12 07:00:00,1500.1567427001435,1173.5425,2160.0,-0.0,1661.4387572998564,-0.0,0.0,-0.0,-0.0
2021-06-12 08:00:00,2133.5769486838803,1279.6355,2160.0,-0.0,1065.7955513161191,-0.0,0.0,-0.0,-0.0
2021-06-12 09:00:00,2702.4409530906364,1363.6025000000002,2160.0,-0.0,460.59854690936345,-0.0,0.0,-0.0,-0.0
2021-06-12 10:00:00,3151.2958486633597,1421.9595000000002,2105.3197260784045,-0.0,-0.0,-0.0,0.0,21.121074741764055,20.065021004675852
2021-06-12 11:00:00,3438.153762408253,1455.2590000000002,1795.842237591747,-0.0,-0.0,-0.0,0.0,100.0,115.06301450257538
2021-06-12 12:00:00,3536.75849011589,1468.025,1616.9875098841094,-0.0,-0.0,-0.0,0.0,100.0,210.05150820112513
2021-06-12 13:00:00,3438.153762408253,1468.0055,1682.029737591747,-0.0,-0.0,-0.0,0.0,100.0,305.030503050305
2021-06-12 14:00:00,3151.2958486633597,1465.113,1998.96215133664,-0.0,-0.0,-0.0,0.0,100.0,400.0
2021-06-12 15:00:00,2702.4409530906364,1469.9814999999999,2160.0,-0.0,190.92454690936347,-0.0,100.0,-0.0,294.69684210526316
2021-06-12 16:00:00,2133.5769486838803,1492.4455,2160.0,-0.0,927.3245513161196,-0.0,100.0,-0.0,189.4042145263158
2021-06-12 17:00:00,1500.1567427001435,1540.1490000000001,2160.0,-0.0,1747.9902572998565,-0.0,100.0,-0.0,84.12211621012632
2021-06-12 18:00:00,869.3278513175704,1617.395,2160.0,-0.0,2523.176129883849,-0.0,79.90801879858006,-0.0,-0.0
2021-06-12 19:00:00,322.3766892946495,1724.502,2160.0,-0.0,3125.4913107053503,-0.0,0.0,-0.0,-0.0
2021-06-12 20:00:00,-0.0,1857.6675,2160.0,-0.0,3240.4405,-0.0,0.0,-0.0,-0.0
2021-06-12 21:00:00,-0.0,2009.3775,2160.0,-0.0,2894.4255,-0.0,0.0,-0.0,-0.0
2021-06-12 22:00:00,-0.0,2169.362,2160.0,-0.0,2503.5919999999996,-0.0,0.0,-0.0,-0.0
2021-06-12 23:00:00,-0.0,2325.8625,2160.0,-0.0,2154.2715,-0.0,0.0,-0.0,-0.0
2021-06-13 00:00:00,-0.0,2461.602,2160.0,-0.0,1393.96,-0.0,0.0,-0.0,-0.0
2021-06-13 01:00:00,-0.0,2577.549,2160.0,-0.0,1133.4120000000003,-0.0,0.0,-0.0,-0.0
2021-06-13 02:00:00,-0.0,2660.8335,2160.0,-0.0,952.5435000000002,-0.0,0.0,-0.0,-0.0
2021-06-13 03:00:00,-0.0,2707.9,2160.0,-0.0,905.7289999999998,-0.0,0.0,-0.0,-0.0
2021-06-13 04:00:00,-0.0,2719.405,2160.0,-0.0,1014.7490000000003,-0.0,0.0,-0.0,-0.0
2021-06-13 05:00:00,394.42503686979336,2700.0675,2160.0,-0.0,857.9224631302066,-0.0,0.0,-0.0,-0.0
2021-06-13 06:00:00,1059.9273103861406,2657.9864999999995,2160.0,-0.0,490.6291896138596,-0.0,0.0,-0.0,-0.0
2021-06-13 07:00:00,1826.9441802520928,2603.51,2160.0,-0.0,2.190819747907426,-0.0,0.0,-0.0,-0.0
2021-06-13 08:00:00,2596.8586666815213,2547.8505,1589.8628333184784,-0.0,-0.0,-0.0,0.0,-0.0,-0.0
2021-06-13 09:00:00,3288.163817503073,2501.5055,990.505682496927,-0.0,-0.0,-0.0,0.0,-0.0,-0.0
2021-06-13 10:00:00,3833.5589655574468,2472.8925,442.4185344425532,-0.0,-0.0,-0.0,0.0,-0.0,-0.0
2021-06-13 11:00:00,4182.099968472829,2467.179,29.191031527171617,-0.0,-0.0,-0.0,0.0,-0.0,-0.0
2021-06-13 12:00:00,4301.894665933244,2406.807334066756,-0.0,-0.0,-0.0,-0.0,0.0,100.0,95.0
2021-06-13 13:00:00,4182.099968472829,2490.6560315271718,-0.0,-0.0,-0.0,-0.0,0.0,100.0,189.9905
2021-06-13 14:00:00,3833.5589655574468,2580.0645,205.00838418057947,-0.0,-0.0,-0.0,0.0,21.13684973802645,210.05150820112513
2021-06-13 15:00:00,3288.163817503073,2640.4365000000003,874.3516824969265,-0.0,-0.0,-0.0,0.0,100.0,305.030503050305
2021-06-13 16:00:00,2596.8586666815213,2695.8814999999995,1697.6178333184794,-0.0,-0.0,-0.0,0.0,100.0,400.0
2021-06-13 17:00:00,1826.9441802520928,2735.811,2160.0,-0.0,299.8858197479067,-0.0,100.0,-0.0,294.69684210526316
2021-06-13 18:00:00,1059.9273103861406,2751.19,2160.0,-0.0,1250.2986896138596,-0.0,100.0,-0.0,189.4042145263158
2021-06-13 19:00:00,394.42503686979336,2735.811,2160.0,-0.0,2010.9399631302067,-0.0,100.0,-0.0,84.12211621012632
2021-06-13 20:00:00,-0.0,2687.2105,2160.0,-0.0,2396.92648120142,-0.0,79.90801879858006,-0.0,-0.0
2021-06-13 21:00:00,-0.0,2607.0785,2160.0,-0.0,2359.7305,-0.0,0.0,-0.0,-0.0
2021-06-13 22:00:00,-0.0,2501.0895,2160.0,-0.0,2231.8785,-0.0,0.0,-0.0,-0.0
2021-06-13 23:00:00,-0.0,2378.2525,2160.0,-0.0,2158.8455,-0.0,0.0,-0.0,-0.0
2021-06-14 00:00:00,-0.0,2244.3005000000003,2160.0,-0.0,2101.4855,-0.0,0.0,-0.0,-0.0
2021-06-14 01:00:00,-0.0,2122.055,2160.0,-0.0,2075.9730000000004,-0.0,0.0,-0.0,-0.0
2021-06-14 02:00:00,-0.0,2017.2034999999998,2160.0,-0.0,2080.0335000000005,-0.0,0.0,-0.0,-0.0
2021-06-14 03:00:00,-0.0,1938.6770000000004,2160.0,-0.0,2155.557999999999,-0.0,0.0,-0.0,-0.0
2021-06-14 04:00:00,-0.0,1892.046,2160.0,-0.0,2319.415,-0.0,0.0,-0.0,-0.0
2021-06-14 05:00:00,442.949393739338,1878.8509999999999,2160.0,-0.0,2104.5806062606625,-0.0,0.0,-0.0,-0.0
2021-06-14 06:00:00,1186.7669529797427,1896.4465,2160.0,-0.0,1595.9155470202572,-0.0,0.0,-0.0,-0.0
2021-06-14 07:00:00,2043.511919685516,1938.4105000000002,2160.0,-0.0,917.8925803144837,-0.0,0.0,-0.0,-0.0
2021-06-14 08:00:00,2903.240267504213,1995.4740000000002,2160.0,-0.0,139.57973249578663,-0.0,0.0,-0.0,-0.0
2021-06-14 09:00:00,3675.0660781784713,2056.782,1508.5709218215284,-0.0,-0.0,-0.0,0.0,-0.0,-0.0
2021-06-14 10:00:00,4283.9147407455,2111.4210000000003,810.2722592544997,-0.0,-0.0,-0.0,0.0,-0.0,-0.0
2021-06-14 11:00:00,4672.973367235579,2149.914,329.91070750618474,-0.0,-0.0,-0.0,0.0,21.121074741764055,20.065021004675852
2021-06-14 12:00:00,4806.698677941967,2165.4880000000003,186.17132205803318,-0.0,-0.0,-0.0,0.0,100.0,115.06301450257538
2021-06-14 13:00:00,4672.973367235579,2155.023,290.84563276442077,-0.0,-0.0,-0.0,0.0,100.0,210.05150820112513
2021-06-14 14:00:00,4283.9147407455,2119.4485,736.6327592545003,-0.0,-0.0,-0.0,0.0,100.0,305.030503050305
2021-06-14 15:00:00,3675.0660781784713,2063.62,1503.1699218215285,-0.0,-0.0,-0.0,0.0,100.0,400.0
2021-06-14 16:00:00,2903.240267504213,1995.63,2160.0,-0.0,166.78473249578656,-0.0,100.0,-0.0,294.69684210526316
2021-06-14 17:00:00,2043.511919685516,1925.6965,2160.0,-0.0,1325.117580314484,-0.0,100.0,-0.0,189.4042145263158
2021-06-14 18:00:00,1186.7669529797427,1864.7330000000004,2160.0,-0.0,2517.829459654924,-0.0,20.156587365332985,-0.0,168.16781372030212
2021-06-14 19:00:00,442.949393739338,1822.834,2160.0,-0.0,3399.846606260662,-0.0,0.0,-0.0,168.1509969389301
2021-06-14 20:00:00,-0.0,1807.858,2160.0,177.02899999999954,3500.0,-0.0,100.0,-0.0,62.87102394449934
2021-06-14 21:00:00,-0.0,1824.3225000000002,2160.0,-0.0,3500.0,-0.0,59.72149999999965,-0.0,-0.0
2021-06-14 22:00:00,-0.0,1872.702,2160.0,-0.0,3273.9039999999995,-0.0,0.0,-0.0,-0.0
2021-06-14 23:00:00,-0.0,1949.311,2160.0,-0.0,2997.8410000000003,-0.0,0.0,-0.0,-0.0
2021-06-15 00:00:00,-0.0,2041.4160000000002,2160.0,-0.0,2274.924,-0.0,0.0,-0.0,-0.0
2021-06-15 01:00:00,-0.0,2149.4395000000004,2160.0,-0.0,2015.5914999999995,-0.0,0.0,-0.0,-0.0
2021-06-15 02:00:00,-0.0,2256.319,2160.0,-0.0,1804.391,-0.0,0.0,-0.0,-0.0
2021-06-15 03:00:00,-0.0,2350.348,2160.0,-0.0,1703.853,-0.0,0.0,-0.0,-0.0
2021-06-15 04:00:00,-0.0,2421.3084999999996,2160.0,-0.0,1746.6405,-0.0,0.0,-0.0,-0.0
2021-06-15 05:00:00,452.6652919838903,2461.81,2160.0,-0.0,1464.9447080161099,-0.0,0.0,-0.0,-0.0
2021-06-15 06:00:00,1209.7150959961943,2468.206,2160.0,-0.0,950.8319040038052,-0.0,0.0,-0.0,-0.0
2021-06-15 07:00:00,2081.242195403169,2441.0165,2160.0,-0.0,323.8013045968314,-0.0,0.0,-0.0,-0.0
2021-06-15 08:00:00,2955.593398902664,2384.798,1800.8066010973366,-0.0,-0.0,-0.0,0.0,-0.0,-0.0
2021-06-15 09:00:00,3740.4247908967104,2307.4739999999997,1132.1252091032907,-0.0,-0.0,-0.0,0.0,-0.0,-0.0
2021-06-15 10:00:00,4359.479434847992,2219.2105,563.2680651520077,-0.0,-0.0,-0.0,0.0,-0.0,-0.0
2021-06-15 11:00:00,4755.043915017588,2130.9925000000003,199.90465972417587,-0.0,-0.0,-0.0,0.0,21.121074741764055,20.065021004675852
2021-06-15 12:00:00,4890.999104009609,2053.1095,144.23539599039123,-0.0,-0.0,-0.0,0.0,100.0,115.06301450257538
2021-06-15 13:00:00,4755.043915017588,1993.7515,296.92758498241164,-0.0,-0.0,-0.0,0.0,100.0,210.05150820112513
2021-06-15 14:00:00,4359.479434847992,1957.8585,746.4900651520084,-0.0,-0.0,-0.0,0.0,100.0,305.030503050305
2021-06-15 15:00:00,3740.4247908967104,1946.4575000000004,1475.8127091032889,-0.0,-0.0,-0.0,0.0,100.0,400.0
2021-06-15 16:00:00,2955.593398902664,1956.513,2160.0,-0.0,71.45660109733626,-0.0,100.0,-0.0,294.69684210526316
2021-06-15 17:00:00,2081.242195403169,1981.3755000000003,2160.0,-0.0,1146.748304596831,-0.0,100.0,-0.0,189.4042145263158
2021-06-15 18:00:00,1209.7150959961943,2011.6395,2160.0,-0.0,2180.367404003805,-0.0,100.0,-0.0,84.12211621012632
2021-06-15 19:00:00,452.6652919838903,2036.5085000000001,2160.0,-0.0,3006.04818921753,-0.0,79.90801879858006,-0.0,-0.0
2021-06-15 20:00:00,-0.0,2045.238,2160.0,-0.0,3446.4829999999993,-0.0,0.0,-0.0,-0.0
2021-06-15 21:00:00,-0.0,2028.6370000000002,2160.0,-0.0,3259.6479999999997,-0.0,0.0,-0.0,-0.0
2021-06-15 22:00:00,-0.0,1980.4005,2160.0,-0.0,3067.9265000000005,-0.0,0.0,-0.0,-0.0
2021-06-15 23:00:00,-0.0,1897.9675000000002,2160.0,-0.0,2948.4625,-0.0,0.0,-0.0,-0.0
2021-06-16 00:00:00,-0.0,1777.7695,2160.0,-0.0,2435.7064999999993,-0.0,0.0,-0.0,-0.0
2021-06-16 01:00:00,-0.0,1635.8745,2160.0,-0.0,2424.0085,-0.0,0.0,-0.0,-0.0
2021-06-16 02:00:00,-0.0,1476.085,2160.0,-0.0,2477.2749999999996,-0.0,0.0,-0.0,-0.0
2021-06-16 03:00:00,-0.0,1309.6265,2160.0,-0.0,2635.1084999999994,-0.0,0.0,-0.0,-0.0
2021-06-16 04:00:00,-0.0,1148.4914999999999,2160.0,-0.0,2907.9605,-0.0,0.0,-0.0,-0.0
2021-06-16 05:00:00,468.20705355162596,1003.9445000000001,2160.0,-0.0,2793.8284464483736,-0.0,0.0,-0.0,-0.0
2021-06-16 06:00:00,1248.6215712491269,885.0335000000001,2160.0,-0.0,2379.804928750873,-0.0,0.0,-0.0,-0.0
2021-06-16 07:00:00,2146.6682945531165,797.5110000000001,2160.0,-0.0,1784.8247054468834,-0.0,0.0,-0.0,-0.0
2021-06-16 08:00:00,3047.434979282441,743.1125,2160.0,-0.0,1071.9255207175588,-0.0,0.0,-0.0,-0.0
2021-06-16 09:00:00,3855.882252570781,719.4200000000001,2160.0,-0.0,324.42074742921886,-0.0,0.0,-0.0,-0.0
2021-06-16 10:00:00,4493.517173555938,720.2650000000001,1827.515901185826,-0.0,-0.0,-0.0,0.0,21.121074741764055,20.065021004675852
2021-06-16 11:00:00,4900.92941362778,736.6450000000001,1404.0815863722191,-0.0,-0.0,-0.0,0.0,100.0,115.06301450257538
2021-06-16 12:00:00,5040.952292679312,758.0105,1164.9302073206873,-0.0,-0.0,-0.0,0.0,100.0,210.05150820112513
2021-06-16 13:00:00,4900.92941362778,773.7470000000001,1245.4085863722194,-0.0,-0.0,-0.0,0.0,100.0,305.030503050305
2021-06-16 14:00:00,4493.517173555938,774.696,1668.888826444062,-0.0,-0.0,-0.0,0.0,100.0,400.0
2021-06-16 15:00:00,3855.882252570781,754.4225,2160.0,-0.0,164.67824742921903,-0.0,0.0,-0.0,399.96
2021-06-16 16:00:00,3047.434979282441,710.1250000000001,2160.0,-0.0,1197.4070207175587,-0.0,0.0,-0.0,399.920004
2021-06-16 17:00:00,2146.6682945531165,643.0775,2160.0,-0.0,2390.240205446883,-0.0,0.0,-0.0,399.8800119996
2021-06-16 18:00:00,1248.621571249127,558.4540000000001,2160.0,-0.0,3500.0,-0.0,64.58742875087228,-0.0,331.8532568922187
2021-06-16 19:00:00,468.20705355162596,464.672,2160.0,911.6159464483744,3500.0,-0.0,100.0,-0.0,226.5569136717927
2021-06-16 20:00:00,-0.0,372.255,2160.0,1388.3589999999995,3500.0,-0.0,100.0,-0.0,121.2711000856887
2021-06-16 21:00:00,-0.0,292.409,2160.0,1264.4010000000007,3500.0,-0.0,100.0,-0.0,15.995815080943302
2021-06-16 22:00:00,-0.0,235.5015,2160.0,1165.8939952755363,3500.0,-0.0,15.19450472446345,-0.0,-0.0
2021-06-16 23:00:00,-0.0,209.638,2160.0,1004.8969999999999,3500.0,-0.0,0.0,-0.0,-0.0
2021-06-17 00:00:00,-0.0,214.474,2160.0,367.27800000000025,3500.0,-0.0,0.0,-0.0,-0.0
2021-06-17 01:00:00,-0.0,260.82550000000003,2160.0,167.38650000000052,3500.0,-0.0,0.0,-0.0,-0.0
2021-06-17 02:00:00,-0.0,340.09950000000003,2160.0,-0.0,3481.7474999999995,-0.0,0.0,-0.0,-0.0
2021-06-17 03:00:00,-0.0,445.003,2160.0,-0.0,3368.481,-0.0,0.0,-0.0,-0.0
2021-06-17 04:00:00,-0.0,565.3895,2160.0,-0.0,3360.1785,-0.0,0.0,-0.0,-0.0
2021-06-17 05:00:00,507.36469641365477,689.5915000000001,2160.0,-0.0,2938.6128035863458,-0.0,0.0,-0.0,-0.0
2021-06-17 06:00:00,1350.8284100335586,805.896,2160.0,-0.0,2226.9005899664417,-0.0,0.0,-0.0,-0.0
2021-06-17 07:00:00,2321.1011360508332,904.0524999999999,2160.0,-0.0,1374.6953639491671,-0.0,0.0,-0.0,-0.0
2021-06-17 08:00:00,3294.1550838859052,976.6120000000001,2160.0,-0.0,463.33291611409504,-0.0,0.0,-0.0,-0.0
2021-06-17 09:00:00,4167.397474281829,1019.811,1745.026525718171,-0.0,-0.0,-0.0,0.0,-0.0,-0.0
2021-06-17 10:00:00,4856.0929323844775,1034.0265,1003.5565676155229,-0.0,-0.0,-0.0,0.0,-0.0,-0.0
2021-06-17 11:00:00,5296.114079364109,1023.633,517.6149953776558,-0.0,-0.0,-0.0,0.0,21.121074741764055,20.065021004675852
2021-06-17 12:00:00,5447.341484197032,996.3330000000001,395.99151580296893,-0.0,-0.0,-0.0,0.0,100.0,115.06301450257538
2021-06-17 13:00:00,5296.114079364109,962.0390000000001,538.9909206358916,-0.0,-0.0,-0.0,0.0,100.0,210.05150820112513
2021-06-17 14:00:00,4856.0929323844775,931.4565000000001,1027.9955676155223,-0.0,-0.0,-0.0,0.0,100.0,305.030503050305
2021-06-17 15:00:00,4167.397474281829,914.576,1832.9325257181708,-0.0,-0.0,-0.0,0.0,100.0,400.0
2021-06-17 16:00:00,3294.1550838859052,919.2365,2160.0,-0.0,543.231447120596,-0.0,79.84196899349884,-0.0,315.91582211210647
2021-06-17 17:00:00,2321.1011360508332,950.0400000000001,2160.0,-0.0,1792.0128639491672,-0.0,0.0,-0.0,315.88423052989526
2021-06-17 18:00:00,1350.8284100335586,1007.6299999999999,2160.0,-0.0,2898.134589966441,-0.0,0.0,-0.0,315.85264210684227
2021-06-17 19:00:00,507.36469641365477,1088.6135,2160.0,135.30080358634632,3500.0,-0.0,100.0,-0.0,210.55789894789478
2021-06-17 20:00:00,-0.0,1185.9185,2160.0,463.4225000000006,3500.0,-0.0,100.0,-0.0,105.27368526326316
2021-06-17 21:00:00,-0.0,1289.769,2160.0,157.79799999999977,3500.0,-0.0,100.0,-0.0,-0.0
2021-06-17 22:00:00,-0.0,1388.9589999999998,2160.0,-0.0,3420.505,-0.0,0.0,-0.0,-0.0
2021-06-17 23:00:00,-0.0,1472.3539999999998,2160.0,-0.0,3137.256,-0.0,0.0,-0.0,-0.0
2021-06-18 00:00:00,-0.0,1525.4525,2160.0,-0.0,2453.8845,-0.0,0.0,-0.0,-0.0
2021-06-18 01:00:00,-0.0,1551.4460000000001,2160.0,-0.0,2276.715,-0.0,0.0,-0.0,-0.0
2021-06-18 02:00:00,-0.0,1542.489,2160.0,-0.0,2181.7499999999995,-0.0,0.0,-0.0,-0.0
2021-06-18 03:00:00,-0.0,1499.8750000000002,2160.0,-0.0,2218.5200000000004,-0.0,0.0,-0.0,-0.0
2021-06-18 04:00:00,-0.0,1428.9535,2160.0,-0.0,2404.1195000000002,-0.0,0.0,-0.0,-0.0
2021-06-18 05:00:00,520.6827057350018,1338.454,2160.0,-0.0,2186.603294264998,-0.0,0.0,-0.0,-0.0
2021-06-18 06:00:00,1384.6135164766263,1239.342,2160.0,-0.0,1672.5754835233736,-0.0,0.0,-0.0,-0.0
2021-06-18 07:00:00,2378.183569747389,1143.3890000000001,2160.0,-0.0,993.9864302526112,-0.0,0.0,-0.0,-0.0
2021-06-18 08:00:00,3374.485836521979,1061.645,2160.0,-0.0,216.54816347802125,-0.0,0.0,-0.0,-0.0
2021-06-18 09:00:00,4268.526130158921,1003.0215000000001,1582.1973698410793,-0.0,-0.0,-0.0,0.0,-0.0,-0.0
2021-06-18 10:00:00,4973.590365127549,973.1410000000002,871.44663487245,-0.0,-0.0,-0.0,0.0,-0.0,-0.0
2021-06-18 11:00:00,5424.062535061283,973.6545000000001,367.1970396804809,-0.0,-0.0,-0.0,0.0,21.121074741764055,20.065021004675852
2021-06-18 12:00:00,5578.879798892507,1002.0855,189.35670110749288,-0.0,-0.0,-0.0,0.0,100.0,115.06301450257538
2021-06-18 13:00:00,5424.062535061283,1052.259,254.63646493871693,-0.0,-0.0,-0.0,0.0,100.0,210.05150820112513
2021-06-18 14:00:00,4973.590365127549,1115.1855,663.7901348724499,-0.0,-0.0,-0.0,0.0,100.0,305.030503050305
2021-06-18 15:00:00,4268.526130158921,1180.361,1406.2948698410792,-0.0,-0.0,-0.0,0.0,100.0,400.0
2021-06-18 16:00:00,3374.485836521979,1237.275,2160.0,-0.0,103.30409219178868,-0.0,64.97507128623234,-0.0,331.5651881197554
2021-06-18 17:00:00,2378.183569747389,1276.8665,2160.0,-0.0,1355.0199302526107,-0.0,0.0,-0.0,331.53203160094347
2021-06-18 18:00:00,1384.6135164766263,1292.8435,2160.0,-0.0,2529.4309835233735,-0.0,0.0,-0.0,331.49887839778336
2021-06-18 19:00:00,520.6827057350018,1282.567,2160.0,-0.0,3481.7392942649976,-0.0,0.0,-0.0,331.4657285099436
2021-06-18 20:00:00,-0.0,1247.4995000000001,2160.0,359.0005000000001,3500.0,-0.0,100.0,-0.0,226.16942404235579
2021-06-18 21:00:00,-0.0,1193.0165000000002,2160.0,215.18849999999975,3500.0,-0.0,100.0,-0.0,120.88364920521471
2021-06-18 22:00:00,-0.0,1127.7565,2160.0,45.851500000000215,3500.0,-0.0,100.0,-0.0,15.608402945557364
2021-06-18 23:00:00,-0.0,1062.4575,2160.0,-0.0,3500.0,-0.0,14.826499999999669,-0.0,-0.0
2021-06-19 00:00:00,-0.0,1003.7560000000001,2160.0,-0.0,2510.8859999999995,-0.0,0.0,-0.0,-0.0
2021-06-19 01:00:00,-0.0,971.8735,2160.0,-0.0,2395.1625,-0.0,0.0,-0.0,-0.0
2021-06-19 02:00:00,-0.0,970.346,2160.0,-0.0,2296.3520000000003,-0.0,0.0,-0.0,-0.0
2021-06-19 03:00:00,-0.0,1004.12,2160.0,-0.0,2260.3320000000003,-0.0,0.0,-0.0,-0.0
2021-06-19 04:00:00,-0.0,1074.0925000000002,2160.0,-0.0,2308.6434999999997,-0.0,0.0,-0.0,-0.0
2021-06-19 05:00:00,464.3905311012124,1176.9355,2160.0,-0.0,1957.6899688987871,-0.0,0.0,-0.0,-0.0
2021-06-19 06:00:00,1233.9742114113435,1305.5575,2160.0,-0.0,1313.8912885886564,-0.0,0.0,-0.0,-0.0
2021-06-19 07:00:00,2118.898958649866,1449.981,2160.0,-0.0,507.186041350134,-0.0,0.0,-0.0,-0.0
2021-06-19 08:00:00,3006.194483076687,1598.6685,1771.935016923313,-0.0,-0.0,-0.0,0.0,-0.0,-0.0
2021-06-19 09:00:00,3802.377425794035,1740.0435000000002,879.0500742059648,-0.0,-0.0,-0.0,0.0,-0.0,-0.0
2021-06-19 10:00:00,4430.253566259916,1863.94,95.30643374008378,-0.0,-0.0,-0.0,0.0,-0.0,-0.0
2021-06-19 11:00:00,4831.398868182846,1587.302131817154,-0.0,-0.0,-0.0,-0.0,0.0,100.0,95.0
2021-06-19 12:00:00,4969.2653814196965,1379.5346185803037,-0.0,-0.0,-0.0,-0.0,0.0,100.0,189.9905
2021-06-19 13:00:00,4831.398868182846,1481.5881318171541,-0.0,-0.0,-0.0,-0.0,0.0,100.0,284.97150095
2021-06-19 14:00:00,4430.253566259916,1907.8714337400843,-0.0,-0.0,-0.0,-0.0,0.0,100.0,379.943003799905
2021-06-19 15:00:00,3802.377425794035,2096.094,445.7755742059653,-0.0,-0.0,-0.0,0.0,-0.0,379.905009499525
2021-06-19 16:00:00,3006.194483076687,2091.7845,1455.7976285037594,-0.0,-0.0,-0.0,0.0,21.192611580447288,400.0
2021-06-19 17:00:00,2118.898958649866,2091.6220000000003,2160.0,-0.0,295.5410413501336,-0.0,100.0,-0.0,294.69684210526316
2021-06-19 18:00:00,1233.9742114113435,2105.441,2160.0,-0.0,1366.880788588657,-0.0,100.0,-0.0,189.4042145263158
2021-06-19 19:00:00,464.3905311012124,2140.8920000000003,2160.0,-0.0,2182.4934688987873,-0.0,100.0,-0.0,84.12211621012632
2021-06-19 20:00:00,-0.0,2202.3624999999997,2160.0,-0.0,2530.3564812014206,-0.0,79.90801879858006,-0.0,-0.0
2021-06-19 21:00:00,-0.0,2290.2685,2160.0,-0.0,2327.3634999999995,-0.0,0.0,-0.0,-0.0
2021-06-19 22:00:00,-0.0,2400.931,2160.0,-0.0,1985.3579999999997,-0.0,0.0,-0.0,-0.0
2021-06-19 23:00:00,-0.0,2527.0180000000005,2160.0,-0.0,1666.1549999999993,-0.0,0.0,-0.0,-0.0
2021-06-20 00:00:00,-0.0,2653.7745,2160.0,-0.0,916.2914999999998,-0.0,0.0,-0.0,-0.0
2021-06-20 01:00:00,-0.0,2779.0555,2160.0,-0.0,646.5094999999997,-0.0,0.0,-0.0,-0.0
2021-06-20 02:00:00,-0.0,2886.7345,2160.0,-0.0,441.5425,-0.0,0.0,-0.0,-0.0
2021-06-20 03:00:00,-0.0,2966.938,2160.0,-0.0,362.08500000000004,-0.0,0.0,-0.0,-0.0
2021-06-20 04:00:00,-0.0,3012.6524999999997,2160.0,-0.0,437.5855000000006,-0.0,0.0,-0.0,-0.0
2021-06-20 05:00:00,375.7099869725003,3020.6735000000003,2160.0,-0.0,273.0025130274998,-0.0,0.0,-0.0,-0.0
2021-06-20 06:00:00,997.9991796458013,2991.9955000000004,2096.602320354198,-0.0,-0.0,-0.0,0.0,-0.0,-0.0
2021-06-20 07:00:00,1713.5144375685318,2931.6755,1666.786062431468,-0.0,-0.0,-0.0,0.0,-0.0,-0.0
2021-06-20 08:00:00,2430.916515579107,2848.1830000000004,1176.2744844208923,-0.0,-0.0,-0.0,0.0,-0.0,-0.0
2021-06-20 09:00:00,3074.640719575036,2752.2235,675.7757804249641,-0.0,-0.0,-0.0,0.0,-0.0,-0.0
2021-06-20 10:00:00,3582.2872137940185,2655.354,235.547786205982,-0.0,-0.0,-0.0,0.0,-0.0,-0.0
2021-06-20 11:00:00,3906.611983568976,2568.4230000000002,-0.0,-0.0,-0.0,-0.0,0.0,70.20198356897663,66.69188439052779
2021-06-20 12:00:00,4018.0752676544903,2419.22073234551,-0.0,-0.0,-0.0,-0.0,0.0,100.0,161.68521520208873
2021-06-20 13:00:00,3906.611983568976,2456.1095,-0.0,-0.0,-0.0,-0.0,0.0,58.95548356897643,217.67675607109612
2021-06-20 14:00:00,3582.2872137940185,2437.7599999999998,311.0587862059815,-0.0,-0.0,-0.0,0.0,-0.0,217.65498839548903
2021-06-20 15:00:00,3074.640719575036,2442.6025,1014.0989174288125,-0.0,-0.0,-0.0,0.0,91.99713700384794,305.030503050305
2021-06-20 16:00:00,2430.916515579107,2464.4230000000002,1834.3724844208937,-0.0,-0.0,-0.0,0.0,100.0,400.0
2021-06-20 17:00:00,1713.5144375685318,2494.2644999999998,2160.0,-0.0,397.35406243146826,-0.0,100.0,-0.0,294.69684210526316
2021-06-20 18:00:00,997.9991796458013,2521.6684999999998,2160.0,-0.0,1287.5533203541986,-0.0,100.0,-0.0,189.4042145263158
2021-06-20 19:00:00,375.7099869725003,2536.209,2160.0,-0.0,1978.5440130274997,-0.0,100.0,-0.0,84.12211621012632
2021-06-20 20:00:00,-0.0,2528.968,2160.0,-0.0,2308.1079812014204,-0.0,79.90801879858006,-0.0,-0.0
2021-06-20 21:00:00,-0.0,2493.8095,2160.0,-0.0,2229.7545000000005,-0.0,0.0,-0.0,-0.0
2021-06-20 22:00:00,-0.0,2428.322,2160.0,-0.0,2065.379,-0.0,0.0,-0.0,-0.0
2021-06-20 23:00:00,-0.0,2334.1825000000003,2160.0,-0.0,1967.7864999999997,-0.0,0.0,-0.0,-0.0
2021-06-21 00:00:00,-0.0,2212.5025,2160.0,-0.0,1904.0265000000004,-0.0,0.0,-0.0,-0.0
2021-06-21 01:00:00,-0.0,2081.313,2160.0,-0.0,1891.9009999999998,-0.0,0.0,-0.0,-0.0
2021-06-21 02:00:00,-0.0,1947.1399999999999,2160.0,-0.0,1929.8740000000003,-0.0,0.0,-0.0,-0.0
2021-06-21 03:00:00,-0.0,1821.7680000000003,2160.0,-0.0,2056.9790000000003,-0.0,0.0,-0.0,-0.0
2021-06-21 04:00:00,-0.0,1716.1625000000004,2160.0,-0.0,2284.6844999999994,-0.0,0.0,-0.0,-0.0
2021-06-21 05:00:00,331.6637647919642,1639.0595000000003,2160.0,-0.0,2250.0537352080355,-0.0,0.0,-0.0,-0.0
2021-06-21 06:00:00,881.1082247881089,1595.8020000000001,2160.0,-0.0,2001.7577752118905,-0.0,0.0,-0.0,-0.0
2021-06-21 07:00:00,1512.868274136112,1587.6835,2160.0,-0.0,1604.0702258638883,-0.0,0.0,-0.0,-0.0
2021-06-21 08:00:00,2146.3068582375877,1611.7855,2160.0,-0.0,1090.4006417624128,-0.0,0.0,-0.0,-0.0
2021-06-21 09:00:00,2714.699157622383,1661.413,2160.0,-0.0,520.0148423776172,-0.0,0.0,-0.0,-0.0
2021-06-21 10:00:00,3162.9291971919884,1726.9785000000002,2158.1523775497762,-0.0,-0.0,-0.0,0.0,21.121074741764055,20.065021004675852
2021-06-21 11:00:00,3449.2970277971813,1797.3539999999998,1812.087972202819,-0.0,-0.0,-0.0,0.0,100.0,115.06301450257538
2021-06-21 12:00:00,3547.717974327431,1861.314,1582.2230256725688,-0.0,-0.0,-0.0,0.0,100.0,210.05150820112513
2021-06-21 13:00:00,3449.2970277971813,1909.0630000000003,1599.3129722028184,-0.0,-0.0,-0.0,0.0,100.0,305.030503050305
2021-06-21 14:00:00,3162.9291971919884,1933.5420000000001,1888.3838028080108,-0.0,-0.0,-0.0,0.0,100.0,400.0
2021-06-21 15:00:00,2714.699157622383,1931.3385,2160.0,-0.0,86.79334237761714,-0.0,100.0,-0.0,294.69684210526316
2021-06-21 16:00:00,2146.3068582375877,1903.1090000000002,2160.0,-0.0,893.5711629679131,-0.0,79.84397879449895,-0.0,210.62107895315899
2021-06-21 17:00:00,1512.868274136112,1853.4424999999999,2160.0,-0.0,1891.4692258638877,-0.0,0.0,-0.0,210.60001684526367
2021-06-21 18:00:00,881.1082247881089,1790.204,2160.0,-0.0,2787.9797752118916,-0.0,0.0,-0.0,210.57895684357914
2021-06-21 19:00:00,331.6637647919642,1723.3905000000002,2160.0,-0.0,3486.7997352080356,-0.0,0.0,-0.0,210.55789894789478
2021-06-21 20:00:00,-0.0,1663.7335,2160.0,203.85949999999957,3500.0,-0.0,100.0,-0.0,105.27368526326316
2021-06-21 21:00:00,-0.0,1621.178,2160.0,52.10999999999967,3500.0,-0.0,100.0,-0.0,-0.0
2021-06-21 22:00:00,-0.0,1603.4524999999999,2160.0,-0.0,3438.9865000000004,-0.0,0.0,-0.0,-0.0
2021-06-21 23:00:00,-0.0,1614.9770000000003,2160.0,-0.0,3234.6419999999994,-0.0,0.0,-0.0,-0.0
2021-06-22 00:00:00,-0.0,1651.767,2160.0,-0.0,2575.3100000000004,-0.0,0.0,-0.0,-0.0
2021-06-22 01:00:00,-0.0,1718.9510000000002,2160.0,-0.0,2363.526,-0.0,0.0,-0.0,-0.0
2021-06-22 02:00:00,-0.0,1804.712,2160.0,-0.0,2180.181,-0.0,0.0,-0.0,-0.0
2021-06-22 03:00:00,-0.0,1898.884,2160.0,-0.0,2086.2610000000004,-0.0,0.0,-0.0,-0.0
2021-06-22 04:00:00,-0.0,1989.8320000000003,2160.0,-0.0,2115.8379999999997,-0.0,0.0,-0.0,-0.0
2021-06-22 05:00:00,349.57630354799863,2065.96,2160.0,-0.0,1908.3936964520017,-0.0,0.0,-0.0,-0.0
2021-06-22 06:00:00,929.203758910416,2117.219,2160.0,-0.0,1533.6352410895838,-0.0,0.0,-0.0,-0.0
2021-06-22 07:00:00,1595.7474590986253,2136.4005,2160.0,-0.0,1072.0120409013743,-0.0,0.0,-0.0,-0.0
2021-06-22 08:00:00,2264.0922148252325,2120.092,2160.0,-0.0,561.9027851747678,-0.0,0.0,-0.0,-0.0
2021-06-22 09:00:00,2863.8253309938423,2069.0475,2160.0,-0.0,58.818169006157405,-0.0,0.0,-0.0,-0.0
2021-06-22 10:00:00,3336.7800649613114,1988.0965,1834.1194393417004,-0.0,-0.0,-0.0,0.0,38.61000430301108,36.67950408786052
2021-06-22 11:00:00,3638.953076821829,1885.4550000000002,1625.5769231781705,-0.0,-0.0,-0.0,0.0,100.0,131.67583613745174
2021-06-22 12:00:00,3742.801694124256,1771.5945,1565.8208058757436,-0.0,-0.0,-0.0,0.0,100.0,226.662668553838
2021-06-22 13:00:00,3638.953076821829,1657.8185000000003,1747.4994231781702,-0.0,-0.0,-0.0,0.0,100.0,321.6400022869826
2021-06-22 14:00:00,3336.780064961312,1554.748,2160.0,-0.0,-0.0,-0.0,0.0,82.51806496131167,400.0
2021-06-22 15:00:00,2863.8253309938423,1470.8915,2160.0,-0.0,579.7501690061576,-0.0,0.0,-0.0,399.96
2021-06-22 16:00:00,2264.0922148252325,1411.5269999999998,2160.0,-0.0,1426.253785174767,-0.0,0.0,-0.0,399.920004
2021-06-22 17:00:00,1595.7474590986253,1378.0065,2160.0,-0.0,2360.4020409013747,-0.0,0.0,-0.0,399.8800119996
2021-06-22 18:00:00,929.203758910416,1367.613,2160.0,-0.0,3236.1152410895834,-0.0,0.0,-0.0,399.84002399840006
2021-06-22 19:00:00,349.57630354799863,1373.9895,2160.0,289.12519645200155,3500.0,-0.0,100.0,-0.0,294.5368821012634
2021-06-22 20:00:00,-0.0,1388.036,2160.0,547.5249999999996,3500.0,-0.0,100.0,-0.0,189.24427051831645
2021-06-22 21:00:00,-0.0,1399.1965,2160.0,339.1274999999996,3500.0,-0.0,100.0,-0.0,83.96218819652778
2021-06-22 22:00:00,-0.0,1396.9865,2160.0,127.74039762117764,3500.0,-0.0,79.75610237882272,-0.0,-0.0
2021-06-22 23:00:00,-0.0,1372.423,2160.0,36.1909999999998,3500.0,-0.0,0.0,-0.0,-0.0
2021-06-23 00:00:00,-0.0,1315.0995,2160.0,-0.0,2968.1035,-0.0,0.0,-0.0,-0.0
2021-06-23 01:00:00,-0.0,1231.1715000000002,2160.0,-0.0,2904.2744999999995,-0.0,0.0,-0.0,-0.0
2021-06-23 02:00:00,-0.0,1118.1105,2160.0,-0.0,2916.5435000000007,-0.0,0.0,-0.0,-0.0
2021-06-23 03:00:00,-0.0,981.6495,2160.0,-0.0,3050.0025,-0.0,0.0,-0.0,-0.0
2021-06-23 04:00:00,-0.0,830.843,2160.0,-0.0,3318.035,-0.0,0.0,-0.0,-0.0
2021-06-23 05:00:00,376.45736376054276,676.91,2160.0,-0.0,3310.4306362394573,-0.0,0.0,-0.0,-0.0
2021-06-23 06:00:00,1001.64417299732,531.8235000000001,2160.0,-0.0,3083.0783270026805,-0.0,0.0,-0.0,-0.0
2021-06-23 07:00:00,1720.7186597221216,406.73750000000007,2160.0,-0.0,2709.775840277878,-0.0,0.0,-0.0,-0.0
2021-06-23 08:00:00,2441.808613358939,310.62199999999996,2160.0,-0.0,2223.280386641061,-0.0,0.0,-0.0,-0.0
2021-06-23 09:00:00,3088.908264979552,249.067,2160.0,-0.0,1679.8607350204484,-0.0,0.0,-0.0,-0.0
2021-06-23 10:00:00,3599.2379643883914,223.61950000000002,2160.0,-0.0,1160.1675356116084,-0.0,0.0,-0.0,-0.0
2021-06-23 11:00:00,3925.296403270037,231.64700000000002,2160.0,-0.0,752.1505967299631,-0.0,0.0,-0.0,-0.0
2021-06-23 12:00:00,4037.3600392016847,266.73400000000004,2160.0,-0.0,531.6809607983146,-0.0,0.0,-0.0,-0.0
2021-06-23 13:00:00,3925.296403270037,319.605,2160.0,-0.0,551.3575967299635,-0.0,0.0,-0.0,-0.0
2021-06-23 14:00:00,3599.2379643883914,379.40500000000003,2160.0,-0.0,838.7700356116084,-0.0,0.0,-0.0,-0.0
2021-06-23 15:00:00,3088.908264979552,435.214,2160.0,-0.0,1395.1507350204483,-0.0,0.0,-0.0,-0.0
2021-06-23 16:00:00,2441.808613358939,477.53550000000007,2160.0,-0.0,2183.727886641061,-0.0,0.0,-0.0,-0.0
2021-06-23 17:00:00,1720.7186597221216,499.5705,2160.0,-0.0,3111.453840277879,-0.0,0.0,-0.0,-0.0
2021-06-23 18:00:00,1001.64417299732,498.18600000000004,2160.0,527.0728270026807,3500.0,-0.0,0.0,-0.0,-0.0
2021-06-23 19:00:00,376.45736376054276,474.27250000000004,2160.0,1252.3171362394569,3500.0,-0.0,0.0,-0.0,-0.0
2021-06-23 20:00:00,-0.0,432.666,2160.0,1589.638,3500.0,-0.0,0.0,-0.0,-0.0
2021-06-23 21:00:00,-0.0,381.41350000000006,2160.0,1440.0475000000006,3500.0,-0.0,0.0,-0.0,-0.0
2021-06-23 22:00:00,-0.0,330.70050000000003,2160.0,1253.3225000000002,3500.0,-0.0,0.0,-0.0,-0.0
2021-06-23 23:00:00,-0.0,291.40150000000006,2160.0,1093.1675000000005,3500.0,-0.0,0.0,-0.0,-0.0
2021-06-24 00:00:00,-0.0,269.4055,2160.0,486.4205000000002,3500.0,-0.0,0.0,-0.0,-0.0
2021-06-24 01:00:00,-0.0,280.839,2160.0,323.6779999999999,3500.0,-0.0,0.0,-0.0,-0.0
2021-06-24 02:00:00,-0.0,326.0075,2160.0,174.18749999999955,3500.0,-0.0,0.0,-0.0,-0.0
2021-06-24 03:00:00,-0.0,405.3335,2160.0,88.35349999999971,3500.0,-0.0,0.0,-0.0,-0.0
2021-06-24 04:00:00,-0.0,515.0794999999999,2160.0,92.35450000000037,3500.0,-0.0,0.0,-0.0,-0.0
2021-06-24 05:00:00,378.47895671180515,647.7835,2160.0,-0.0,3292.643543288195,-0.0,0.0,-0.0,-0.0
2021-06-24 06:00:00,1008.4563286391495,793.1495000000001,2160.0,-0.0,2766.63317136085,-0.0,0.0,-0.0,-0.0
2021-06-24 07:00:00,1733.2586620591946,939.3930000000001,2160.0,-0.0,2112.8933379408054,-0.0,0.0,-0.0,-0.0
2021-06-24 08:00:00,2460.192857136935,1074.736,2160.0,-0.0,1385.7541428630652,-0.0,0.0,-0.0,-0.0
2021-06-24 09:00:00,3112.5915327055536,1188.8954999999999,2160.0,-0.0,658.0219672944468,-0.0,0.0,-0.0,-0.0
2021-06-24 10:00:00,3627.129821076567,1274.4225000000001,2160.0,-0.0,19.89167892343312,-0.0,0.0,-0.0,-0.0
2021-06-24 11:00:00,3955.883717226563,1327.5990000000002,1820.8232827734364,-0.0,-0.0,-0.0,0.0,100.0,95.0
2021-06-24 12:00:00,4068.872385084394,1348.8735000000001,1610.083114915606,-0.0,-0.0,-0.0,0.0,100.0,189.9905
2021-06-24 13:00:00,3955.883717226563,1342.7375,1686.5867827734364,-0.0,-0.0,-0.0,0.0,100.0,284.97150095
2021-06-24 14:00:00,3627.129821076567,1317.043,2059.1401789234333,-0.0,-0.0,-0.0,0.0,100.0,379.943003799905
2021-06-24 15:00:00,3112.5915327055536,1281.878,2160.0,-0.0,424.3224058905977,-0.0,23.38906140384861,-0.0,355.2849448638949
2021-06-24 16:00:00,2460.192857136935,1248.156,2160.0,-0.0,1314.7001428630651,-0.0,0.0,-0.0,355.2494163694085
2021-06-24 17:00:00,1733.2586620591946,1226.095,2160.0,-0.0,2289.4973379408048,-0.0,0.0,-0.0,355.21389142777156
2021-06-24 18:00:00,1008.4563286391495,1223.794,2160.0,-0.0,3208.9576713608503,-0.0,0.0,-0.0,355.17837003862877
2021-06-24 19:00:00,378.47895671180515,1246.1215,2160.0,290.01554328819475,3500.0,-0.0,100.0,-0.0,249.8796943068881
2021-06-24 20:00:00,-0.0,1294.0265000000002,2160.0,537.1805000000004,3500.0,-0.0,100.0,-0.0,144.59154844272058
2021-06-24 21:00:00,-0.0,1364.3890000000001,2160.0,263.3810000000003,3500.0,-0.0,100.0,-0.0,39.31393139313947
2021-06-24 22:00:00,-0.0,1450.4685,2160.0,-0.0,3500.0,-0.0,37.34450000000015,-0.0,-0.0
2021-06-24 23:00:00,-0.0,1542.7815,2160.0,-0.0,3243.1335,-0.0,0.0,-0.0,-0.0
2021-06-25 00:00:00,-0.0,1626.4235,2160.0,-0.0,2528.6245,-0.0,0.0,-0.0,-0.0
2021-06-25 01:00:00,-0.0,1698.5865000000003,2160.0,-0.0,2302.8684999999996,-0.0,0.0,-0.0,-0.0
2021-06-25 02:00:00,-0.0,1745.9844999999998,2160.0,-0.0,2148.9475,-0.0,0.0,-0.0,-0.0
2021-06-25 03:00:00,-0.0,1762.2085000000002,2160.0,-0.0,2124.0984999999996,-0.0,0.0,-0.0,-0.0
2021-06-25 04:00:00,-0.0,1744.6000000000004,2160.0,-0.0,2253.423,-0.0,0.0,-0.0,-0.0
2021-06-25 05:00:00,390.00816257324726,1694.7060000000004,2160.0,-0.0,2122.8378374267522,-0.0,0.0,-0.0,-0.0
2021-06-25 06:00:00,1041.1203699001535,1618.0839999999998,2160.0,-0.0,1795.8276300998468,-0.0,0.0,-0.0,-0.0
2021-06-25 07:00:00,1790.5248769331379,1523.6455,2160.0,-0.0,1356.405623066862,-0.0,0.0,-0.0,-0.0
2021-06-25 08:00:00,2542.2695309581895,1422.499,2160.0,-0.0,839.2764690418107,-0.0,0.0,-0.0,-0.0
2021-06-25 09:00:00,3217.0098716578814,1326.559,2160.0,-0.0,297.7261283421185,-0.0,0.0,-0.0,-0.0
2021-06-25 10:00:00,3749.2034051365868,1246.9535,1986.7131696051779,-0.0,-0.0,-0.0,0.0,21.121074741764055,20.065021004675852
2021-06-25 11:00:00,4089.2537176566666,1192.6460000000002,1701.3272823433335,-0.0,-0.0,-0.0,0.0,100.0,115.06301450257538
2021-06-25 12:00:00,4206.126294396621,1169.272,1530.066705603379,-0.0,-0.0,-0.0,0.0,100.0,210.05150820112513
2021-06-25 13:00:00,4089.2537176566666,1178.4695,1593.9337823433334,-0.0,-0.0,-0.0,0.0,100.0,305.030503050305
2021-06-25 14:00:00,3749.2034051365868,1217.7035,1911.7670948634127,-0.0,-0.0,-0.0,0.0,100.0,400.0
2021-06-25 15:00:00,3217.0098716578814,1280.7015000000001,2160.0,-0.0,118.84362834211879,-0.0,100.0,-0.0,294.69684210526316
2021-06-25 16:00:00,2542.2695309581895,1358.344,2160.0,-0.0,895.92446904181,-0.0,100.0,-0.0,189.4042145263158
2021-06-25 17:00:00,1790.5248769331379,1439.984,2160.0,-0.0,1811.1631186682423,-0.0,79.88600439861987,-0.0,105.29474315894751
2021-06-25 18:00:00,1041.1203699001535,1514.903,2160.0,-0.0,2757.211630099846,-0.0,0.0,-0.0,105.28421368463162
2021-06-25 19:00:00,390.00816257324726,1573.8190000000002,2160.0,-0.0,3422.2398374267523,-0.0,0.0,-0.0,105.27368526326316
2021-06-25 20:00:00,-0.0,1610.1995,2160.0,91.98649999999998,3500.0,-0.0,100.0,-0.0,-0.0
2021-06-25 21:00:00,-0.0,1621.1454999999999,2160.0,-0.0,3477.2365,-0.0,0.0,-0.0,-0.0
2021-06-25 22:00:00,-0.0,1607.8205,2160.0,-0.0,3250.3415000000005,-0.0,0.0,-0.0,-0.0
2021-06-25 23:00:00,-0.0,1575.3010000000002,2160.0,-0.0,3080.8059999999996,-0.0,0.0,-0.0,-0.0
2021-06-26 00:00:00,-0.0,1528.0330000000001,2160.0,-0.0,2061.246,-0.0,0.0,-0.0,-0.0
2021-06-26 01:00:00,-0.0,1484.1905000000002,2160.0,-0.0,1951.5484999999994,-0.0,0.0,-0.0,-0.0
2021-06-26 02:00:00,-0.0,1451.008,2160.0,-0.0,1878.3659999999998,-0.0,0.0,-0.0,-0.0
2021-06-26 03:00:00,-0.0,1438.7749999999999,2160.0,-0.0,1882.2360000000006,-0.0,0.0,-0.0,-0.0
2021-06-26 04:00:00,-0.0,1455.5125000000003,2160.0,-0.0,1977.5825,-0.0,0.0,-0.0,-0.0
2021-06-26 05:00:00,447.8747292933229,1505.868,2160.0,-0.0,1689.3532707066768,-0.0,0.0,-0.0,-0.0
2021-06-26 06:00:00,1198.3574192336473,1590.4265,2160.0,-0.0,1102.3680807663527,-0.0,0.0,-0.0,-0.0
2021-06-26 07:00:00,2062.55164966286,1705.6000000000001,2160.0,-0.0,339.22435033713964,-0.0,0.0,-0.0,-0.0
2021-06-26 08:00:00,2929.64349665555,1844.0304999999998,1627.9530033444507,-0.0,-0.0,-0.0,0.0,-0.0,-0.0
2021-06-26 09:00:00,3708.0119172448035,1995.5195000000003,736.2305827551959,-0.0,-0.0,-0.0,0.0,-0.0,-0.0
2021-06-26 10:00:00,4321.994200700189,2100.3298740415753,-0.0,-0.0,-0.0,-0.0,0.0,21.121074741764055,20.065021004675852
2021-06-26 11:00:00,4714.330258187012,1709.4387418129882,-0.0,-0.0,-0.0,-0.0,0.0,100.0,115.06301450257538
2021-06-26 12:00:00,4849.176634075463,1498.0163659245372,-0.0,-0.0,-0.0,-0.0,0.0,100.0,210.05150820112513
2021-06-26 13:00:00,4714.330258187012,1590.3407418129882,-0.0,-0.0,-0.0,-0.0,0.0,100.0,305.030503050305
2021-06-26 14:00:00,4321.994200700189,2001.077799299811,-0.0,-0.0,-0.0,-0.0,0.0,100.0,400.0
2021-06-26 15:00:00,3708.0119172448035,2596.815,17.607082755196643,-0.0,-0.0,-0.0,0.0,-0.0,399.96
2021-06-26 16:00:00,2929.64349665555,2599.207,975.1415033444505,-0.0,-0.0,-0.0,0.0,-0.0,399.920004
2021-06-26 17:00:00,2062.55164966286,2581.956,2086.299653495455,-0.0,-0.0,-0.0,0.0,0.12630315831577385,400.0
2021-06-26 18:00:00,1198.3574192336473,2554.9745000000003,2160.0,-0.0,910.7890807663525,-0.0,100.0,-0.0,294.69684210526316
2021-06-26 19:00:00,447.8747292933229,2528.9615,2160.0,-0.0,1761.9697707066769,-0.0,100.0,-0.0,189.4042145263158
2021-06-26 20:00:00,-0.0,2513.901,2160.0,-0.0,2142.9670000000006,-0.0,100.0,-0.0,84.12211621012632
2021-06-26 21:00:00,-0.0,2517.6515,2160.0,-0.0,1957.53448120142,-0.0,79.90801879858006,-0.0,-0.0
2021-06-26 22:00:00,-0.0,2544.8084999999996,2160.0,-0.0,1772.1825000000003,-0.0,0.0,-0.0,-0.0
2021-06-26 23:00:00,-0.0,2596.0545,2160.0,-0.0,1521.0824999999995,-0.0,0.0,-0.0,-0.0
2021-06-27 00:00:00,-0.0,2664.2655,2160.0,-0.0,824.7185000000004,-0.0,0.0,-0.0,-0.0
2021-06-27 01:00:00,-0.0,2749.877,2160.0,-0.0,587.931,-0.0,0.0,-0.0,-0.0
2021-06-27 02:00:00,-0.0,2839.408,2160.0,-0.0,394.4780000000005,-0.0,0.0,-0.0,-0.0
2021-06-27 03:00:00,-0.0,2921.685,2160.0,-0.0,306.3579999999997,-0.0,0.0,-0.0,-0.0
2021-06-27 04:00:00,-0.0,2985.6189999999997,2160.0,-0.0,357.10199999999986,-0.0,0.0,-0.0,-0.0
2021-06-27 05:00:00,516.6333937932308,3021.6940000000004,2160.0,-0.0,17.059606206768535,-0.0,0.0,-0.0,-0.0
2021-06-27 06:00:00,1386.1756564844197,3023.267,1556.7363435155805,-0.0,-0.0,-0.0,0.0,-0.0,-0.0
2021-06-27 07:00:00,2388.034240855359,2987.478,809.6947591446415,-0.0,-0.0,-0.0,0.0,-0.0,-0.0
2021-06-27 08:00:00,3393.5194404600775,2915.6920000000005,13.114559539922084,-0.0,-0.0,-0.0,0.0,-0.0,-0.0
2021-06-27 09:00:00,4296.277087944432,2067.1159120555676,-0.0,-0.0,-0.0,-0.0,0.0,-0.0,-0.0
2021-06-27 10:00:00,5008.441402399464,1319.3835976005357,-0.0,-0.0,-0.0,-0.0,0.0,-0.0,-0.0
2021-06-27 11:00:00,5463.544858003362,811.0172167384021,-0.0,-0.0,-0.0,-0.0,0.0,21.121074741764055,20.065021004675852
2021-06-27 12:00:00,5619.967144117105,660.0028558828953,-0.0,-0.0,-0.0,-0.0,0.0,100.0,115.06301450257538
2021-06-27 13:00:00,5463.544858003362,777.0601419966379,-0.0,-0.0,-0.0,-0.0,0.0,100.0,210.05150820112513
2021-06-27 14:00:00,5008.441402399464,1253.7725976005358,-0.0,-0.0,-0.0,-0.0,0.0,100.0,305.030503050305
2021-06-27 15:00:00,4296.277087944432,2068.5529120555675,-0.0,-0.0,-0.0,-0.0,0.0,100.0,400.0
2021-06-27 16:00:00,3393.5194404600775,2079.064,977.1466648030814,-0.0,-0.0,-0.0,0.0,0.04210526315791628,400.0
2021-06-27 17:00:00,2388.034240855359,2060.11,2160.0,-0.0,-0.0,-0.0,71.57275914464071,-0.0,324.62025353195713
2021-06-27 18:00:00,1386.1756564844197,2061.2345,2160.0,-0.0,1169.1258435155803,-0.0,100.0,-0.0,219.3246336118671
2021-06-27 19:00:00,516.6333937932308,2073.5260000000003,2160.0,-0.0,2104.4776062067685,-0.0,100.0,-0.0,114.03954325376908
2021-06-27 20:00:00,-0.0,2086.565,2160.0,-0.0,2529.582,-0.0,100.0,-0.0,8.764981404706873
2021-06-27 21:00:00,-0.0,2089.9125000000004,2160.0,-0.0,2419.6146003387616,-0.0,8.325899661238083,-0.0,-0.0
2021-06-27 22:00:00,-0.0,2074.592,2160.0,-0.0,2208.663,-0.0,0.0,-0.0,-0.0
2021-06-27 23:00:00,-0.0,2034.396,2160.0,-0.0,2052.536,-0.0,0.0,-0.0,-0.0
2021-06-28 00:00:00,-0.0,1963.1755,2160.0,-0.0,1935.5464999999997,-0.0,0.0,-0.0,-0.0
2021-06-28 01:00:00,-0.0,1869.6600000000003,2160.0,-0.0,1881.4559999999997,-0.0,0.0,-0.0,-0.0
2021-06-28 02:00:00,-0.0,1755.7150000000001,2160.0,-0.0,1895.0640000000003,-0.0,0.0,-0.0,-0.0
2021-06-28 03:00:00,-0.0,1630.0635,2160.0,-0.0,2018.4695000000004,-0.0,0.0,-0.0,-0.0
2021-06-28 04:00:00,-0.0,1503.5345,2160.0,-0.0,2263.2825000000003,-0.0,0.0,-0.0,-0.0
2021-06-28 05:00:00,525.6264194067254,1387.6525000000001,2160.0,-0.0,2069.817080593274,-0.0,0.0,-0.0,-0.0
2021-06-28 06:00:00,1414.870024313854,1293.1165,2160.0,-0.0,1529.5164756861457,-0.0,0.0,-0.0,-0.0
2021-06-28 07:00:00,2440.0994484092357,1228.344,2160.0,-0.0,791.702551590764,-0.0,0.0,-0.0,-0.0
2021-06-28 08:00:00,3469.378184446388,1198.392,2093.107815553612,-0.0,-0.0,-0.0,0.0,-0.0,-0.0
2021-06-28 09:00:00,4393.656607802819,1204.2355,1207.6588921971816,-0.0,-0.0,-0.0,0.0,-0.0,-0.0
2021-06-28 10:00:00,5122.894193637149,1242.644,408.04280636285057,-0.0,-0.0,-0.0,0.0,-0.0,-0.0
2021-06-28 11:00:00,5588.932629295603,1213.848370704397,-0.0,-0.0,-0.0,-0.0,0.0,100.0,95.0
2021-06-28 12:00:00,5749.116303506542,983.7636964934582,-0.0,-0.0,-0.0,-0.0,0.0,100.0,189.9905
2021-06-28 13:00:00,5588.932629295603,1108.134370704397,-0.0,-0.0,-0.0,-0.0,0.0,100.0,284.97150095
2021-06-28 14:00:00,5122.89419363715,1546.7465,-0.0,-0.0,-0.0,-0.0,0.0,47.4346936371503,330.0059627551978
2021-06-28 15:00:00,4393.656607802819,1606.0655000000002,728.6058921971817,-0.0,-0.0,-0.0,0.0,-0.0,329.97296215892226
2021-06-28 16:00:00,3469.378184446388,1640.769,1880.264220961289,-0.0,-0.0,-0.0,0.0,73.74740540767753,400.0
2021-06-28 17:00:00,2440.0994484092357,1647.243,2160.0,-0.0,802.8005515907644,-0.0,100.0,-0.0,294.69684210526316
2021-06-28 18:00:00,1414.870024313854,1625.9489999999998,2160.0,-0.0,2049.557975686147,-0.0,100.0,-0.0,189.4042145263158
2021-06-28 19:00:00,525.6264194067254,1581.333,2160.0,-0.0,3131.440860587141,-0.0,33.45672000613371,-0.0,154.16767409840662
2021-06-28 20:00:00,-0.0,1521.1365,2160.0,75.57149999999956,3500.0,-0.0,100.0,-0.0,48.88909943625995
2021-06-28 21:00:00,-0.0,1455.272,2160.0,-0.0,3500.0,-0.0,46.44000000000051,-0.0,-0.0
2021-06-28 22:00:00,-0.0,1394.4125,2160.0,-0.0,3375.9565,-0.0,0.0,-0.0,-0.0
2021-06-28 23:00:00,-0.0,1348.49,2160.0,-0.0,3228.763,-0.0,0.0,-0.0,-0.0
2021-06-29 00:00:00,-0.0,1321.814,2160.0,-0.0,2634.4839999999995,-0.0,0.0,-0.0,-0.0
2021-06-29 01:00:00,-0.0,1325.7530000000002,2160.0,-0.0,2486.0439999999994,-0.0,0.0,-0.0,-0.0
2021-06-29 02:00:00,-0.0,1357.3885,2160.0,-0.0,2357.1215,-0.0,0.0,-0.0,-0.0
2021-06-29 03:00:00,-0.0,1413.1455,2160.0,-0.0,2302.1095,-0.0,0.0,-0.0,-0.0
2021-06-29 04:00:00,-0.0,1485.7765,2160.0,-0.0,2350.6944999999996,-0.0,0.0,-0.0,-0.0
2021-06-29 05:00:00,465.70150349990985,1565.317,2160.0,-0.0,2024.6004965000898,-0.0,0.0,-0.0,-0.0
2021-06-29 06:00:00,1258.2026966302615,1640.34,2160.0,-0.0,1414.286303369738,-0.0,0.0,-0.0,-0.0
2021-06-29 07:00:00,2172.599818682492,1699.5030000000002,2160.0,-0.0,666.1051813175077,-0.0,0.0,-0.0,-0.0
2021-06-29 08:00:00,3090.9237318915684,1733.0170000000003,2017.6652681084315,-0.0,-0.0,-0.0,0.0,-0.0,-0.0
2021-06-29 09:00:00,3915.7520341243803,1733.9725,1239.1484658756194,-0.0,-0.0,-0.0,0.0,-0.0,-0.0
2021-06-29 10:00:00,4566.606947802944,1699.2365000000002,593.5785521970556,-0.0,-0.0,-0.0,0.0,-0.0,-0.0
2021-06-29 11:00:00,4982.583390741044,1629.888,199.7146840007199,-0.0,-0.0,-0.0,0.0,21.121074741764055,20.065021004675852
2021-06-29 12:00:00,5125.571272787761,1531.0685,166.88822721223914,-0.0,-0.0,-0.0,0.0,100.0,115.06301450257538
2021-06-29 13:00:00,4982.583390741044,1411.319,396.09660925895605,-0.0,-0.0,-0.0,0.0,100.0,210.05150820112513
2021-06-29 14:00:00,4566.606947802944,1281.4165000000003,969.3155521970557,-0.0,-0.0,-0.0,0.0,100.0,305.030503050305
2021-06-29 15:00:00,3915.7520341243803,1152.9830000000002,1856.84296587562,-0.0,-0.0,-0.0,0.0,100.0,400.0
2021-06-29 16:00:00,3090.9237318915684,1036.9450000000002,2160.0,-0.0,728.0762681084311,-0.0,0.0,-0.0,399.96
2021-06-29 17:00:00,2172.599818682492,942.0840000000001,2160.0,-0.0,1976.6821813175084,-0.0,0.0,-0.0,399.920004
2021-06-29 18:00:00,1258.2026966302615,873.9575,2160.0,-0.0,3161.2928033697394,-0.0,0.0,-0.0,399.8800119996
2021-06-29 19:00:00,465.70150349990985,834.158,2160.0,476.83649650008965,3500.0,-0.0,100.0,-0.0,294.57686610366324
2021-06-29 20:00:00,-0.0,820.1895,2160.0,883.0275000000001,3500.0,-0.0,100.0,-0.0,189.28425052231603
2021-06-29 21:00:00,-0.0,825.8835,2160.0,683.9125000000004,3500.0,-0.0,100.0,-0.0,84.00216420252697
2021-06-29 22:00:00,-0.0,842.3025,2160.0,457.83742421319903,3500.0,-0.0,79.79407578680139,-0.0,-0.0
2021-06-29 23:00:00,-0.0,859.0269999999999,2160.0,329.174,3500.0,-0.0,0.0,-0.0,-0.0
2021-06-30 00:00:00,-0.0,862.3355,2160.0,-0.0,3206.4444999999996,-0.0,0.0,-0.0,-0.0
2021-06-30 01:00:00,-0.0,849.94,2160.0,-0.0,3075.525,-0.0,0.0,-0.0,-0.0
2021-06-30 02:00:00,-0.0,812.4025,2160.0,-0.0,3016.8625,-0.0,0.0,-0.0,-0.0
2021-06-30 03:00:00,-0.0,747.3050000000001,2160.0,-0.0,3083.692,-0.0,0.0,-0.0,-0.0
2021-06-30 04:00:00,-0.0,656.3375000000001,2160.0,-0.0,3296.7605,-0.0,0.0,-0.0,-0.0
2021-06-30 05:00:00,400.4163032526257,545.1355,2160.0,-0.0,3227.4761967473746,-0.0,0.0,-0.0,-0.0
2021-06-30 06:00:00,1086.355043694462,422.61050000000006,2160.0,-0.0,2921.9534563055377,-0.0,0.0,-0.0,-0.0
2021-06-30 07:00:00,1878.4580442738077,299.8255,2160.0,-0.0,2478.5894557261918,-0.0,0.0,-0.0,-0.0
2021-06-30 08:00:00,2674.297928793365,195.0,2160.0,-0.0,1931.4450712066355,-0.0,0.0,-0.0,-0.0
2021-06-30 09:00:00,3389.2679692231795,195.0,2160.0,-0.0,1264.1090307768209,-0.0,0.0,-0.0,-0.0
2021-06-30 10:00:00,3953.5313181560023,195.0,2160.0,-0.0,670.657681843998,-0.0,0.0,-0.0,-0.0
2021-06-30 11:00:00,4314.1957527397135,195.0,2160.0,-0.0,241.79424726028628,-0.0,0.0,-0.0,-0.0
2021-06-30 12:00:00,4438.180661044563,195.0,2160.0,-0.0,50.32533895543747,-0.0,0.0,-0.0,-0.0
2021-06-30 13:00:00,4314.1957527397135,195.0,2160.0,-0.0,140.72824726028648,-0.0,0.0,-0.0,-0.0
2021-06-30 14:00:00,3953.5313181560023,195.0,2160.0,-0.0,528.5746818439975,-0.0,0.0,-0.0,-0.0
2021-06-30 15:00:00,3389.2679692231795,264.2835,2160.0,-0.0,1131.5305307768213,-0.0,0.0,-0.0,-0.0
2021-06-30 16:00:00,2674.297928793365,368.66700000000003,2160.0,-0.0,1932.117071206635,-0.0,0.0,-0.0,-0.0
2021-06-30 17:00:00,1878.4580442738077,468.8645,2160.0,-0.0,2862.7084557261924,-0.0,0.0,-0.0,-0.0
2021-06-30 18:00:00,1086.355043694462,555.009,2160.0,270.17895630553767,3500.0,-0.0,0.0,-0.0,-0.0
2021-06-30 19:00:00,400.4163032526257,619.9635000000001,2160.0,973.725196747374,3500.0,-0.0,0.0,-0.0,-0.0
2021-06-30 20:00:00,-0.0,660.2375000000001,2160.0,1259.6064999999999,3500.0,-0.0,0.0,-0.0,-0.0
2021-06-30 21:00:00,-0.0,676.403,2160.0,1049.1349999999993,3500.0,-0.0,0.0,-0.0,-0.0
2021-06-30 22:00:00,-0.0,672.984,2160.0,821.7049999999999,3500.0,-0.0,0.0,-0.0,-0.0
2021-06-30 23:00:00,-0.0,657.748,2160.0,644.1219999999994,3500.0,-0.0,0.0,-0.0,-0.0
2021-07-01 00:00:00,-0.0,637.4485000000001,2160.0,44.06050000000005,3500.0,-0.0,0.0,-0.0,-0.0
2021-07-01 01:00:00,-0.0,629.0635,2160.0,-0.0,3407.8454999999994,-0.0,0.0,-0.0,-0.0
2021-07-01 02:00:00,-0.0,639.2750000000001,2160.0,-0.0,3300.0489999999995,-0.0,0.0,-0.0,-0.0
2021-07-01 03:00:00,-0.0,675.7399999999999,2160.0,-0.0,3263.8370000000004,-0.0,0.0,-0.0,-0.0
2021-07-01 04:00:00,-0.0,742.7745000000001,2160.0,-0.0,3317.3264999999997,-0.0,0.0,-0.0,-0.0
2021-07-01 05:00:00,376.10205348426024,840.7295,2160.0,-0.0,3061.53044651574,-0.0,0.0,-0.0,-0.0
2021-07-01 06:00:00,1025.162037663673,965.809,2160.0,-0.0,2543.5189623363267,-0.0,0.0,-0.0,-0.0
2021-07-01 07:00:00,1775.3996860341472,1110.525,2160.0,-0.0,1872.6673139658524,-0.0,0.0,-0.0,-0.0
2021-07-01 08:00:00,2529.496739129759,1264.614,2160.0,-0.0,1106.408260870241,-0.0,0.0,-0.0,-0.0
2021-07-01 09:00:00,3207.159200549912,1416.3565,2160.0,-0.0,322.6062994500885,-0.0,0.0,-0.0,-0.0
2021-07-01 10:00:00,3742.0604433754593,1554.0590000000002,1778.6975566245405,-0.0,-0.0,-0.0,0.0,-0.0,-0.0
2021-07-01 11:00:00,4083.991449944138,1667.5880000000002,1273.9586247976263,-0.0,-0.0,-0.0,0.0,21.121074741764055,20.065021004675852
2021-07-01 12:00:00,4201.53789100118,1749.6440000000002,1083.4671089988205,-0.0,-0.0,-0.0,0.0,100.0,115.06301450257538
2021-07-01 13:00:00,4083.991449944138,1796.7105000000004,1118.0010500558624,-0.0,-0.0,-0.0,0.0,100.0,210.05150820112513
2021-07-01 14:00:00,3742.0604433754593,1809.4700000000003,1471.9115566245405,-0.0,-0.0,-0.0,0.0,100.0,305.030503050305
2021-07-01 15:00:00,3207.159200549912,1792.648,2129.0917994500883,-0.0,-0.0,-0.0,0.0,100.0,400.0
2021-07-01 16:00:00,2529.496739129759,1754.376,2160.0,-0.0,672.432260870241,-0.0,100.0,-0.0,294.69684210526316
2021-07-01 17:00:00,1775.3996860341472,1705.028,2160.0,-0.0,1802.0475221862837,-0.0,6.1127917795686075,-0.0,288.2328547583488
2021-07-01 18:00:00,1025.162037663673,1655.823,2160.0,-0.0,2806.3789623363264,-0.0,0.0,-0.0,288.204031472873
2021-07-01 19:00:00,376.10205348426024,1617.2845,2160.0,-0.0,3500.0,-0.0,73.73644651573937,-0.0,210.55789894789478
2021-07-01 20:00:00,-0.0,1597.8300000000002,2160.0,292.16200000000026,3500.0,-0.0,100.0,-0.0,105.27368526326316
2021-07-01 21:00:00,-0.0,1602.6465,2160.0,90.10950000000048,3500.0,-0.0,100.0,-0.0,-0.0
2021-07-01 22:00:00,-0.0,1632.9950000000001,2160.0,-0.0,3425.92,-0.0,0.0,-0.0,-0.0
2021-07-01 23:00:00,-0.0,1686.0740000000003,2160.0,-0.0,3176.9719999999998,-0.0,0.0,-0.0,-0.0
2021-07-02 00:00:00,-0.0,1752.4,2160.0,-0.0,2487.4289999999996,-0.0,0.0,-0.0,-0.0
2021-07-02 01:00:00,-0.0,1828.8335000000002,2160.0,-0.0,2263.2385,-0.0,0.0,-0.0,-0.0
2021-07-02 02:00:00,-0.0,1901.6985000000002,2160.0,-0.0,2089.5814999999993,-0.0,0.0,-0.0,-0.0
2021-07-02 03:00:00,-0.0,1960.413,2160.0,-0.0,2027.8650000000002,-0.0,0.0,-0.0,-0.0
2021-07-02 04:00:00,-0.0,1995.9160000000002,2160.0,-0.0,2109.5879999999997,-0.0,0.0,-0.0,-0.0
2021-07-02 05:00:00,367.09677579227304,2001.9805000000001,2160.0,-0.0,1951.3467242077268,-0.0,0.0,-0.0,-0.0
2021-07-02 06:00:00,1005.7976276062772,1976.1104999999998,2160.0,-0.0,1591.2638723937225,-0.0,0.0,-0.0,-0.0
2021-07-02 07:00:00,1744.830750195361,1919.9569999999999,2160.0,-0.0,1129.0702498046394,-0.0,0.0,-0.0,-0.0
2021-07-02 08:00:00,2488.03570551114,1839.1685000000002,2160.0,-0.0,605.1327944888603,-0.0,0.0,-0.0,-0.0
2021-07-02 09:00:00,3156.0986634324204,1742.7085,2160.0,-0.0,75.65483656758033,-0.0,0.0,-0.0,-0.0
2021-07-02 10:00:00,3683.520012338296,1641.7050000000002,1795.5470624034683,-0.0,-0.0,-0.0,0.0,21.121074741764055,20.065021004675852
2021-07-02 11:00:00,4020.7094645303778,1548.0335,1556.977035469622,-0.0,-0.0,-0.0,0.0,100.0,115.06301450257538
2021-07-02 12:00:00,4136.632505187163,1472.7765000000002,1442.9919948128372,-0.0,-0.0,-0.0,0.0,100.0,210.05150820112513
2021-07-02 13:00:00,4020.7094645303778,1424.7935,1567.3820354696227,-0.0,-0.0,-0.0,0.0,100.0,305.030503050305
2021-07-02 14:00:00,3683.520012338296,1409.603,1940.9159876617036,-0.0,-0.0,-0.0,0.0,100.0,400.0
2021-07-02 15:00:00,3156.0986634324204,1428.6674999999998,2160.0,-0.0,191.1328365675804,-0.0,100.0,-0.0,294.69684210526316
2021-07-02 16:00:00,2488.03570551114,1479.2635,2160.0,-0.0,992.3997944888597,-0.0,100.0,-0.0,189.4042145263158
2021-07-02 17:00:00,1744.830750195361,1554.904,2160.0,-0.0,1908.748245406019,-0.0,79.88600439861987,-0.0,105.29474315894751
2021-07-02 18:00:00,1005.7976276062772,1646.2355,2160.0,-0.0,2831.4958723937234,-0.0,0.0,-0.0,105.28421368463162
2021-07-02 19:00:00,367.09677579227304,1742.325,2160.0,-0.0,3450.251224207727,-0.0,0.0,-0.0,105.27368526326316
2021-07-02 20:00:00,-0.0,1832.1745,2160.0,46.75550000000021,3500.0,-0.0,100.0,-0.0,-0.0
2021-07-02 21:00:00,-0.0,1906.2224999999999,2160.0,-0.0,3371.8645000000006,-0.0,0.0,-0.0,-0.0
2021-07-02 22:00:00,-0.0,1957.6180000000002,2160.0,-0.0,3083.031,-0.0,0.0,-0.0,-0.0
2021-07-02 23:00:00,-0.0,1983.1499999999999,2160.0,-0.0,2858.045,-0.0,0.0,-0.0,-0.0
2021-07-03 00:00:00,-0.0,1980.784,2160.0,-0.0,1797.7270000000003,-0.0,0.0,-0.0,-0.0
2021-07-03 01:00:00,-0.0,1961.0565,2160.0,-0.0,1666.1455000000003,-0.0,0.0,-0.0,-0.0
2021-07-03 02:00:00,-0.0,1929.0895000000003,2160.0,-0.0,1593.7904999999998,-0.0,0.0,-0.0,-0.0
2021-07-03 03:00:00,-0.0,1895.0230000000001,2160.0,-0.0,1621.3490000000002,-0.0,0.0,-0.0,-0.0
2021-07-03 04:00:00,-0.0,1869.6925,2160.0,-0.0,1760.4264999999996,-0.0,0.0,-0.0,-0.0
2021-07-03 05:00:00,334.26120543237414,1863.121,2160.0,-0.0,1644.2087945676262,-0.0,0.0,-0.0,-0.0
2021-07-03 06:00:00,921.0561267129038,1883.0890000000004,2160.0,-0.0,1286.7788732870958,-0.0,0.0,-0.0,-0.0
2021-07-03 07:00:00,1600.8014414767817,1934.0425,2160.0,-0.0,773.3860585232178,-0.0,0.0,-0.0,-0.0
2021-07-03 08:00:00,2284.749219163587,2016.3845000000003,2160.0,-0.0,142.2342808364133,-0.0,0.0,-0.0,-0.0
2021-07-03 09:00:00,2899.7484251338506,2126.371,1616.0745748661498,-0.0,-0.0,-0.0,0.0,-0.0,-0.0
2021-07-03 10:00:00,3385.3718082625646,2256.527,962.2301917374352,-0.0,-0.0,-0.0,0.0,-0.0,-0.0
2021-07-03 11:00:00,3695.8762334979824,2396.5825,434.53226650201714,-0.0,-0.0,-0.0,0.0,-0.0,-0.0
2021-07-03 12:00:00,3802.628593403131,2534.74,134.26648133863364,-0.0,-0.0,-0.0,0.0,21.121074741764055,20.065021004675852
2021-07-03 13:00:00,3695.8762334979824,2659.241,152.77576650201763,-0.0,-0.0,-0.0,0.0,100.0,115.06301450257538
2021-07-03 14:00:00,3385.3718082625646,2759.8350000000005,380.7911917374345,-0.0,-0.0,-0.0,0.0,100.0,210.05150820112513
2021-07-03 15:00:00,2899.7484251338506,2829.0860000000002,896.0315748661492,-0.0,-0.0,-0.0,0.0,100.0,305.030503050305
2021-07-03 16:00:00,2284.749219163587,2863.315,1657.6697808364133,-0.0,-0.0,-0.0,0.0,100.0,400.0
2021-07-03 17:00:00,1600.8014414767817,2863.003,2160.0,-0.0,207.73155852321815,-0.0,100.0,-0.0,294.69684210526316
2021-07-03 18:00:00,921.0561267129038,2832.7000000000003,2160.0,-0.0,1110.1358732870958,-0.0,100.0,-0.0,189.4042145263158
2021-07-03 19:00:00,334.26120543237414,2780.284,2160.0,-0.0,1822.7557945676263,-0.0,100.0,-0.0,84.12211621012632
2021-07-03 20:00:00,-0.0,2715.9145000000003,2160.0,-0.0,2158.0694812014194,-0.0,79.90801879858006,-0.0,-0.0
2021-07-03 21:00:00,-0.0,2650.5570000000002,2160.0,-0.0,2099.8979999999997,-0.0,0.0,-0.0,-0.0
2021-07-03 22:00:00,-0.0,2594.4945,2160.0,-0.0,1916.0034999999998,-0.0,0.0,-0.0,-0.0
2021-07-03 23:00:00,-0.0,2555.8975,2160.0,-0.0,1752.7025000000003,-0.0,0.0,-0.0,-0.0
2021-07-04 00:00:00,-0.0,2536.976,2160.0,-0.0,1142.976,-0.0,0.0,-0.0,-0.0
2021-07-04 01:00:00,-0.0,2544.2039999999997,2160.0,-0.0,982.1550000000007,-0.0,0.0,-0.0,-0.0
2021-07-04 02:00:00,-0.0,2571.8290000000006,2160.0,-0.0,848.0069999999996,-0.0,0.0,-0.0,-0.0
2021-07-04 03:00:00,-0.0,2613.1755000000003,2160.0,-0.0,798.0355,-0.0,0.0,-0.0,-0.0
2021-07-04 04:00:00,-0.0,2658.8575000000005,2160.0,-0.0,864.0704999999994,-0.0,0.0,-0.0,-0.0
2021-07-04 05:00:00,299.57557122010775,2698.0654999999997,2160.0,-0.0,734.8149287798926,-0.0,0.0,-0.0,-0.0
2021-07-04 06:00:00,830.6174093205178,2720.0550000000003,2160.0,-0.0,429.2635906794816,-0.0,0.0,-0.0,-0.0
2021-07-04 07:00:00,1446.5477732562117,2715.648,2160.0,-0.0,33.285226743787916,-0.0,0.0,-0.0,-0.0
2021-07-04 08:00:00,2066.6499699186015,2678.5264999999995,1743.7725300813986,-0.0,-0.0,-0.0,0.0,-0.0,-0.0
2021-07-04 09:00:00,2624.425843289646,2606.136,1295.6371567103538,-0.0,-0.0,-0.0,0.0,-0.0,-0.0
2021-07-04 10:00:00,3064.9615775659618,2500.1079999999997,921.5834224340388,-0.0,-0.0,-0.0,0.0,-0.0,-0.0
2021-07-04 11:00:00,3346.679744383251,2366.104,716.4693303585132,-0.0,-0.0,-0.0,0.0,21.121074741764055,20.065021004675852
2021-07-04 12:00:00,3443.538550905707,2213.1330000000003,773.6974490942921,-0.0,-0.0,-0.0,0.0,100.0,115.06301450257538
2021-07-04 13:00:00,3346.679744383251,2052.4075,987.4737556167493,-0.0,-0.0,-0.0,0.0,100.0,210.05150820112513
2021-07-04 14:00:00,3064.9615775659618,1895.9265000000003,1442.6899224340382,-0.0,-0.0,-0.0,0.0,100.0,305.030503050305
2021-07-04 15:00:00,2624.425843289646,1754.9285,2122.105656710354,-0.0,-0.0,-0.0,0.0,100.0,400.0
2021-07-04 16:00:00,2066.6499699186015,1638.4745,2160.0,-0.0,616.3185300813984,-0.0,100.0,-0.0,294.69684210526316
2021-07-04 17:00:00,1446.5477732562117,1552.2975,2160.0,-0.0,1547.616726743789,-0.0,100.0,-0.0,189.4042145263158
2021-07-04 18:00:00,830.6174093205178,1498.1264999999999,2160.0,-0.0,2409.3950906794826,-0.0,100.0,-0.0,84.12211621012632
2021-07-04 19:00:00,299.57557122010775,1473.537,2160.0,-0.0,3103.4908232836447,-0.0,34.367605496247016,-0.0,47.93727716035056
2021-07-04 20:00:00,-0.0,1472.3410000000001,2160.0,-0.0,3354.749,-0.0,0.0,-0.0,47.93248343263453
2021-07-04 21:00:00,-0.0,1485.5294999999999,2160.0,-0.0,3137.7565000000004,-0.0,0.0,-0.0,47.927690184291265
2021-07-04 22:00:00,-0.0,1502.5335,2160.0,-0.0,2880.5325,-0.0,0.0,-0.0,47.922897415272836
2021-07-04 23:00:00,-0.0,1512.732,2160.0,-0.0,2668.2790000000005,-0.0,0.0,-0.0,47.91810512553131
2021-07-05 00:00:00,-0.0,1504.3730000000003,2160.0,-0.0,2484.3379999999997,-0.0,0.0,-0.0,47.91331331501876
2021-07-05 01:00:00,-0.0,1476.1695,2160.0,-0.0,2359.0015000000003,-0.0,0.0,-0.0,47.90852198368726
2021-07-05 02:00:00,-0.0,1422.72,2160.0,-0.0,2306.0859999999993,-0.0,0.0,-0.0,47.90373113148889
2021-07-05 03:00:00,-0.0,1345.2985,2160.0,-0.0,2375.1445000000003,-0.0,0.0,-0.0,47.898940758375744
2021-07-05 04:00:00,-0.0,1249.066,2160.0,-0.0,2583.4610000000002,-0.0,0.0,-0.0,47.89415086429991
2021-07-05 05:00:00,317.8985546056409,1142.4270000000001,2160.0,-0.0,2582.202445394359,-0.0,0.0,-0.0,47.88936144921348
2021-07-05 06:00:00,887.3812889762686,1035.9050000000002,2160.0,-0.0,2367.297711023731,-0.0,0.0,-0.0,47.88457251306856
2021-07-05 07:00:00,1548.791368276121,940.6995,2160.0,-0.0,2017.3171317238794,-0.0,0.0,-0.0,47.879784055817254
2021-07-05 08:00:00,2215.102278972973,867.1715,2160.0,-0.0,1558.785221027027,-0.0,0.0,-0.0,47.87499607741167
2021-07-05 09:00:00,2814.663866042687,823.446,2160.0,-0.0,1041.0841339573135,-0.0,0.0,-0.0,47.87020857780393
2021-07-05 10:00:00,3288.316968484229,814.2420000000001,2160.0,-0.0,538.0760315157709,-0.0,0.0,-0.0,47.865421556946146
2021-07-05 11:00:00,3591.2496092112824,840.255,2160.0,-0.0,131.6953907887173,-0.0,0.0,-0.0,47.860635014790454
2021-07-05 12:00:00,3695.4106545152677,897.9555,2153.2588454847323,-0.0,-0.0,-0.0,0.0,100.0,142.85584895128898
2021-07-05 13:00:00,3591.2496092112824,980.0894999999999,2132.7638907887176,-0.0,-0.0,-0.0,0.0,100.0,237.84156336639384
2021-07-05 14:00:00,3288.316968484229,1076.5235,2160.0,-0.0,97.6635315157705,-0.0,0.0,-0.0,237.8177792100572
2021-07-05 15:00:00,2814.663866042687,1175.616,2160.0,-0.0,571.5851339573128,-0.0,0.0,-0.0,237.7939974321362
2021-07-05 16:00:00,2215.102278972973,1265.6865,2160.0,-0.0,1262.635221027027,-0.0,0.0,-0.0,237.770218032393
2021-07-05 17:00:00,1548.791368276121,1336.53,2160.0,-0.0,2084.7916317238796,-0.0,0.0,-0.0,237.74644101058976
2021-07-05 18:00:00,887.3812889762686,1380.7235,2160.0,-0.0,2895.447211023731,-0.0,0.0,-0.0,237.7226663664887
2021-07-05 19:00:00,317.8985546056409,1394.5555,2160.0,-0.0,3500.0,-0.0,25.78394539435942,-0.0,210.55789894789478
2021-07-05 20:00:00,-0.0,1378.4615000000001,2160.0,177.83849999999984,3500.0,-0.0,100.0,-0.0,105.27368526326316
2021-07-05 21:00:00,-0.0,1336.855,2160.0,17.67099999999982,3500.0,-0.0,100.0,-0.0,-0.0
2021-07-05 22:00:00,-0.0,1277.51,2160.0,-0.0,3438.9129999999996,-0.0,0.0,-0.0,-0.0
2021-07-05 23:00:00,-0.0,1210.3975,2160.0,-0.0,3306.1715000000004,-0.0,0.0,-0.0,-0.0
2021-07-06 00:00:00,-0.0,1143.8635,2160.0,-0.0,2746.7945000000004,-0.0,0.0,-0.0,-0.0
2021-07-06 01:00:00,-0.0,1092.819,2160.0,-0.0,2646.663,-0.0,0.0,-0.0,-0.0
2021-07-06 02:00:00,-0.0,1062.7695,2160.0,-0.0,2572.7905,-0.0,0.0,-0.0,-0.0
2021-07-06 03:00:00,-0.0,1058.369,2160.0,-0.0,2571.348,-0.0,0.0,-0.0,-0.0
2021-07-06 04:00:00,-0.0,1080.3585,2160.0,-0.0,2664.0355,-0.0,0.0,-0.0,-0.0
2021-07-06 05:00:00,389.1933993534961,1125.4165,2160.0,-0.0,2442.451100646503,-0.0,0.0,-0.0,-0.0
2021-07-06 06:00:00,1094.3801551070494,1186.562,2160.0,-0.0,1926.9108448929508,-0.0,0.0,-0.0,-0.0
2021-07-06 07:00:00,1914.589423748189,1254.0970000000002,2160.0,-0.0,1258.193576251811,-0.0,0.0,-0.0,-0.0
2021-07-06 08:00:00,2741.433192893017,1316.9065000000003,2160.0,-0.0,505.66030710698305,-0.0,0.0,-0.0,-0.0
2021-07-06 09:00:00,3485.746961312368,1363.9405,1915.378538687632,-0.0,-0.0,-0.0,0.0,-0.0,-0.0
2021-07-06 10:00:00,4073.8957372663185,1385.722,1289.8959283322934,-0.0,-0.0,-0.0,0.0,20.01466559861141,19.013932318680837
2021-07-06 11:00:00,4450.108059457011,1375.6470000000002,929.3589405429884,-0.0,-0.0,-0.0,0.0,100.0,114.01203092544897
2021-07-06 12:00:00,4579.48388229856,1330.8880000000001,771.27211770144,-0.0,-0.0,-0.0,0.0,100.0,209.00062972235642
2021-07-06 13:00:00,4450.108059457011,1252.8295,939.3414405429894,-0.0,-0.0,-0.0,0.0,100.0,303.9797296593842
2021-07-06 14:00:00,4073.8957372663185,1146.899,1443.0922627336809,-0.0,-0.0,-0.0,0.0,100.0,398.94933168641825
2021-07-06 15:00:00,3485.7469613123685,1021.904,2160.0,-0.0,-0.0,-0.0,0.0,1.1479613123688068,400.0
2021-07-06 16:00:00,2741.433192893017,888.8750000000001,2160.0,-0.0,1061.052807106983,-0.0,0.0,-0.0,399.96
2021-07-06 17:00:00,1914.589423748189,759.6615,2160.0,-0.0,2247.1400762518106,-0.0,0.0,-0.0,399.920004
2021-07-06 18:00:00,1094.3801551070494,645.385,2160.0,-0.0,3378.4448448929506,-0.0,0.0,-0.0,399.8800119996
2021-07-06 19:00:00,389.1933993534961,555.0155000000001,2160.0,652.1011006465042,3500.0,-0.0,100.0,-0.0,294.57686610366324
2021-07-06 20:00:00,-0.0,494.23400000000004,2160.0,1023.5869999999995,3500.0,-0.0,100.0,-0.0,189.28425052231603
2021-07-06 21:00:00,-0.0,464.74999999999994,2160.0,854.7759999999998,3500.0,-0.0,100.0,-0.0,84.00216420252697
2021-07-06 22:00:00,-0.0,464.139,2160.0,640.995924213199,3500.0,-0.0,79.79407578680139,-0.0,-0.0
2021-07-06 23:00:00,-0.0,486.2715,2160.0,502.33349999999973,3500.0,-0.0,0.0,-0.0,-0.0
2021-07-07 00:00:00,-0.0,519.9025,2160.0,-0.0,3346.5975,-0.0,0.0,-0.0,-0.0
2021-07-07 01:00:00,-0.0,559.1625,2160.0,-0.0,3159.7305,-0.0,0.0,-0.0,-0.0
2021-07-07 02:00:00,-0.0,591.2595,2160.0,-0.0,3027.2964999999995,-0.0,0.0,-0.0,-0.0
2021-07-07 03:00:00,-0.0,607.1714999999999,2160.0,-0.0,3009.1385000000005,-0.0,0.0,-0.0,-0.0
2021-07-07 04:00:00,-0.0,600.6325,2160.0,-0.0,3133.9615,-0.0,0.0,-0.0,-0.0
2021-07-07 05:00:00,447.78283870462917,569.0229999999999,2160.0,-0.0,2934.06716129537,-0.0,0.0,-0.0,-0.0
2021-07-07 06:00:00,1269.10092044934,513.8119999999999,2160.0,-0.0,2422.36807955066,-0.0,0.0,-0.0,-0.0
2021-07-07 07:00:00,2225.8841080463726,440.401,2160.0,-0.0,1761.6378919536273,-0.0,0.0,-0.0,-0.0
2021-07-07 08:00:00,3191.1028516854917,357.41550000000007,2160.0,-0.0,1020.1376483145082,-0.0,0.0,-0.0,-0.0
2021-07-07 09:00:00,4060.344938453614,275.6195,2160.0,-0.0,277.3635615463868,-0.0,0.0,-0.0,-0.0
2021-07-07 10:00:00,4747.392491999022,206.44650000000001,1808.6400827427424,-0.0,-0.0,-0.0,0.0,21.121074741764055,20.065021004675852
2021-07-07 11:00:00,5186.948059995938,195.0,1388.6109400040623,-0.0,-0.0,-0.0,0.0,100.0,115.06301450257538
2021-07-07 12:00:00,5338.108078397151,195.0,1167.5499216028493,-0.0,-0.0,-0.0,0.0,100.0,210.05150820112513
2021-07-07 13:00:00,5186.948059995938,195.0,1282.8959400040621,-0.0,-0.0,-0.0,0.0,100.0,305.030503050305
2021-07-07 14:00:00,4747.392491999022,227.773,1714.8175080009778,-0.0,-0.0,-0.0,0.0,100.0,400.0
2021-07-07 15:00:00,4060.344938453614,321.373,2160.0,-0.0,154.38706154638612,-0.0,0.0,-0.0,399.96
2021-07-07 16:00:00,3191.1028516854917,441.9155,2160.0,-0.0,1091.4236483145082,-0.0,0.0,-0.0,399.920004
2021-07-07 17:00:00,2225.8841080463726,579.4425,2160.0,-0.0,2152.5933919536274,-0.0,0.0,-0.0,399.8800119996
2021-07-07 18:00:00,1269.10092044934,722.397,2160.0,-0.0,3166.6560795506603,-0.0,0.0,-0.0,399.84002399840006
2021-07-07 19:00:00,447.78283870462917,859.183,2160.0,332.66816129537074,3500.0,-0.0,100.0,-0.0,294.5368821012634
2021-07-07 20:00:00,-0.0,979.6345000000001,2160.0,584.8504999999996,3500.0,-0.0,100.0,-0.0,189.24427051831645
2021-07-07 21:00:00,-0.0,1076.3545,2160.0,293.13549999999987,3500.0,-0.0,100.0,-0.0,83.96218819652778
2021-07-07 22:00:00,-0.0,1145.6055,2160.0,12.785397621177708,3500.0,-0.0,79.75610237882272,-0.0,-0.0
2021-07-07 23:00:00,-0.0,1187.758,2160.0,-0.0,3357.273,-0.0,0.0,-0.0,-0.0
2021-07-08 00:00:00,-0.0,1205.0025,2160.0,-0.0,2721.3345000000004,-0.0,0.0,-0.0,-0.0
2021-07-08 01:00:00,-0.0,1209.247,2160.0,-0.0,2572.589,-0.0,0.0,-0.0,-0.0
2021-07-08 02:00:00,-0.0,1208.1615000000002,2160.0,-0.0,2476.3864999999996,-0.0,0.0,-0.0,-0.0
2021-07-08 03:00:00,-0.0,1212.3345000000002,2160.0,-0.0,2472.9595,-0.0,0.0,-0.0,-0.0
2021-07-08 04:00:00,-0.0,1231.5680000000002,2160.0,-0.0,2574.942,-0.0,0.0,-0.0,-0.0
2021-07-08 05:00:00,447.1702347800042,1273.5384999999999,2160.0,-0.0,2304.9492652199965,-0.0,0.0,-0.0,-0.0
2021-07-08 06:00:00,1278.1919626907747,1342.614,2160.0,-0.0,1662.0620373092256,-0.0,0.0,-0.0,-0.0
2021-07-08 07:00:00,2247.8888410189015,1439.217,2160.0,-0.0,821.1411589810987,-0.0,0.0,-0.0,-0.0
2021-07-08 08:00:00,3226.8972990013285,1559.6815,2025.0662009986722,-0.0,-0.0,-0.0,0.0,-0.0,-0.0
2021-07-08 09:00:00,4108.955059872606,1696.6625000000001,1053.2944401273935,-0.0,-0.0,-0.0,0.0,-0.0,-0.0
2021-07-08 10:00:00,4806.331115587192,1840.1045,183.0253844128083,-0.0,-0.0,-0.0,0.0,-0.0,-0.0
2021-07-08 11:00:00,5252.570192401765,1608.5338075982354,-0.0,-0.0,-0.0,-0.0,0.0,100.0,95.0
2021-07-08 12:00:00,5406.039727598814,1387.5272724011857,-0.0,-0.0,-0.0,-0.0,0.0,100.0,189.9905
2021-07-08 13:00:00,5252.570192401765,1507.4678075982347,-0.0,-0.0,-0.0,-0.0,0.0,100.0,284.97150095
2021-07-08 14:00:00,4806.331115587192,1981.0468844128081,-0.0,-0.0,-0.0,-0.0,0.0,100.0,379.943003799905
2021-07-08 15:00:00,4108.955059872606,2283.5865,403.07444012739415,-0.0,-0.0,-0.0,0.0,-0.0,379.905009499525
2021-07-08 16:00:00,3226.8972990013285,2273.5505,1506.7288125791197,-0.0,-0.0,-0.0,0.0,21.192611580447288,400.0
2021-07-08 17:00:00,2247.8888410189015,2232.984,2160.0,-0.0,480.5321589810983,-0.0,100.0,-0.0,294.69684210526316
2021-07-08 18:00:00,1278.1919626907747,2170.337,2160.0,-0.0,1714.9630373092255,-0.0,100.0,-0.0,189.4042145263158
2021-07-08 19:00:00,447.1702347800042,2096.3085,2160.0,-0.0,2703.2562652199954,-0.0,100.0,-0.0,84.12211621012632
2021-07-08 20:00:00,-0.0,2022.449,2160.0,-0.0,3170.89798120142,-0.0,79.90801879858006,-0.0,-0.0
2021-07-08 21:00:00,-0.0,1959.6005,2160.0,-0.0,3120.2345,-0.0,0.0,-0.0,-0.0
2021-07-08 22:00:00,-0.0,1916.4795000000001,2160.0,-0.0,2933.4934999999996,-0.0,0.0,-0.0,-0.0
2021-07-08 23:00:00,-0.0,1898.5525,2160.0,-0.0,2759.6875,-0.0,0.0,-0.0,-0.0
2021-07-09 00:00:00,-0.0,1905.3645,2160.0,-0.0,2135.7245000000003,-0.0,0.0,-0.0,-0.0
2021-07-09 01:00:00,-0.0,1938.313,2160.0,-0.0,1959.4619999999995,-0.0,0.0,-0.0,-0.0
2021-07-09 02:00:00,-0.0,1989.1885,2160.0,-0.0,1812.3854999999996,-0.0,0.0,-0.0,-0.0
2021-07-09 03:00:00,-0.0,2048.9625,2160.0,-0.0,1754.3444999999997,-0.0,0.0,-0.0,-0.0
2021-07-09 04:00:00,-0.0,2107.157,2160.0,-0.0,1818.25,-0.0,0.0,-0.0,-0.0
2021-07-09 05:00:00,414.36529461633654,2153.3005,2160.0,-0.0,1577.6722053836634,-0.0,0.0,-0.0,-0.0
2021-07-09 06:00:00,1195.2637694142911,2178.41,2160.0,-0.0,1029.554230585709,-0.0,0.0,-0.0,-0.0
2021-07-09 07:00:00,2108.117129576466,2176.304,2160.0,-0.0,344.76187042353376,-0.0,0.0,-0.0,-0.0
2021-07-09 08:00:00,3030.490354727314,2144.4995000000004,1758.0631452726861,-0.0,-0.0,-0.0,0.0,-0.0,-0.0
2021-07-09 09:00:00,3861.922527267583,2084.6215,1034.1429727324166,-0.0,-0.0,-0.0,0.0,-0.0,-0.0
2021-07-09 10:00:00,4519.473201842297,2002.2599999999998,429.7657981577022,-0.0,-0.0,-0.0,0.0,-0.0,-0.0
2021-07-09 11:00:00,4940.295341824181,1906.2745,57.85123291758282,-0.0,-0.0,-0.0,0.0,21.121074741764055,20.065021004675852
2021-07-09 12:00:00,5085.0413971345715,1807.6630000000002,23.11060286542761,-0.0,-0.0,-0.0,0.0,100.0,115.06301450257538
2021-07-09 13:00:00,4940.295341824181,1718.1384999999998,223.79915817581877,-0.0,-0.0,-0.0,0.0,100.0,210.05150820112513
2021-07-09 14:00:00,4519.473201842297,1648.5885,741.3542981577029,-0.0,-0.0,-0.0,0.0,100.0,305.030503050305
2021-07-09 15:00:00,3861.922527267583,1607.6580000000001,1547.8114727324164,-0.0,-0.0,-0.0,0.0,100.0,400.0
2021-07-09 16:00:00,3030.490354727314,1600.6185,2160.0,-0.0,216.28214527268574,-0.0,100.0,-0.0,294.69684210526316
2021-07-09 17:00:00,2108.117129576466,1628.6725,2160.0,-0.0,1345.5503704235343,-0.0,100.0,-0.0,189.4042145263158
2021-07-09 18:00:00,1195.2637694142911,1688.817,2160.0,-0.0,2399.7712305857085,-0.0,100.0,-0.0,84.12211621012632
2021-07-09 19:00:00,414.36529461633654,1774.2659999999998,2160.0,-0.0,3214.6633653529607,-0.0,63.12034003070298,-0.0,17.671240808291653
2021-07-09 20:00:00,-0.0,1875.367,2160.0,-0.0,3500.0,-0.0,16.786000000000286,-0.0,-0.0
2021-07-09 21:00:00,-0.0,1980.8945,2160.0,-0.0,3216.9534999999996,-0.0,0.0,-0.0,-0.0
2021-07-09 22:00:00,-0.0,2079.532,2160.0,-0.0,2887.4669999999996,-0.0,0.0,-0.0,-0.0
2021-07-09 23:00:00,-0.0,2161.419,2160.0,-0.0,2612.76,-0.0,0.0,-0.0,-0.0
2021-07-10 00:00:00,-0.0,2217.579,2160.0,-0.0,1502.3690000000001,-0.0,0.0,-0.0,-0.0
2021-07-10 01:00:00,-0.0,2248.181,2160.0,-0.0,1327.167,-0.0,0.0,-0.0,-0.0
2021-07-10 02:00:00,-0.0,2251.9835000000003,2160.0,-0.0,1225.7804999999998,-0.0,0.0,-0.0,-0.0
2021-07-10 03:00:00,-0.0,2233.5105000000003,2160.0,-0.0,1244.5054999999993,-0.0,0.0,-0.0,-0.0
2021-07-10 04:00:00,-0.0,2200.5490000000004,2160.0,-0.0,1397.9919999999997,-0.0,0.0,-0.0,-0.0
2021-07-10 05:00:00,396.80806613658456,2163.044,2160.0,-0.0,1256.9499338634153,-0.0,0.0,-0.0,-0.0
2021-07-10 06:00:00,1155.8733370609048,2131.6620000000003,2160.0,-0.0,785.3946629390953,-0.0,0.0,-0.0,-0.0
2021-07-10 07:00:00,2044.8964045551681,2116.2895000000003,2160.0,-0.0,135.8450954448315,-0.0,0.0,-0.0,-0.0
2021-07-10 08:00:00,2943.966176413282,2124.6225000000004,1530.3703235867174,-0.0,-0.0,-0.0,0.0,-0.0,-0.0
2021-07-10 09:00:00,3754.808731046905,2161.029,728.7242689530945,-0.0,-0.0,-0.0,0.0,-0.0,-0.0
2021-07-10 10:00:00,4396.278552600214,2225.899,-0.0,-0.0,-0.0,-0.0,0.0,8.92055260021425,8.474524970203538
2021-07-10 11:00:00,4806.894711197846,1835.962288802154,-0.0,-0.0,-0.0,-0.0,0.0,100.0,103.47367751770652
2021-07-10 12:00:00,4948.142798098627,1624.9462019013727,-0.0,-0.0,-0.0,-0.0,0.0,100.0,198.46333014995474
2021-07-10 13:00:00,4806.894711197846,1730.248288802154,-0.0,-0.0,-0.0,-0.0,0.0,100.0,293.44348381693976
2021-07-10 14:00:00,4396.278552600214,2165.603447399785,-0.0,-0.0,-0.0,-0.0,0.0,100.0,388.41413946855806
2021-07-10 15:00:00,3754.808731046905,2739.165,73.36526895309498,-0.0,-0.0,-0.0,0.0,-0.0,388.3752980546112
2021-07-10 16:00:00,2943.966176413282,2806.2515,1004.527323586718,-0.0,-0.0,-0.0,0.0,-0.0,388.3364605248058
2021-07-10 17:00:00,2044.8964045551681,2839.915,2114.5348829408813,-0.0,-0.0,-0.0,0.0,12.318287496049152,400.0
2021-07-10 18:00:00,1155.8733370609048,2836.7235,2160.0,-0.0,933.2061629390951,-0.0,100.0,-0.0,294.69684210526316
2021-07-10 19:00:00,396.80806613658456,2797.4505,2160.0,-0.0,1811.3044338634156,-0.0,100.0,-0.0,189.4042145263158
2021-07-10 20:00:00,-0.0,2726.9385,2160.0,-0.0,2201.4934999999996,-0.0,100.0,-0.0,84.12211621012632
2021-07-10 21:00:00,-0.0,2633.3905,2160.0,-0.0,2117.8964812014196,-0.0,79.90801879858006,-0.0,-0.0
2021-07-10 22:00:00,-0.0,2527.2975,2160.0,-0.0,2070.0574999999994,-0.0,0.0,-0.0,-0.0
2021-07-10 23:00:00,-0.0,2419.9825,2160.0,-0.0,1981.5024999999996,-0.0,0.0,-0.0,-0.0
2021-07-11 00:00:00,-0.0,2320.3894999999998,2160.0,-0.0,1460.1655000000005,-0.0,0.0,-0.0,-0.0
2021-07-11 01:00:00,-0.0,2240.42,2160.0,-0.0,1392.3769999999995,-0.0,0.0,-0.0,-0.0
2021-07-11 02:00:00,-0.0,2183.688,2160.0,-0.0,1348.3180000000002,-0.0,0.0,-0.0,-0.0
2021-07-11 03:00:00,-0.0,2151.5585,2160.0,-0.0,1377.4454999999998,-0.0,0.0,-0.0,-0.0
2021-07-11 04:00:00,-0.0,2141.3405,2160.0,-0.0,1504.8885000000005,-0.0,0.0,-0.0,-0.0
2021-07-11 05:00:00,388.85646719495236,2146.703,2160.0,-0.0,1325.5905328050474,-0.0,0.0,-0.0,-0.0
2021-07-11 06:00:00,1144.619802965544,2158.5525000000002,2160.0,-0.0,810.7256970344558,-0.0,0.0,-0.0,-0.0
2021-07-11 07:00:00,2031.5722691945753,2166.372,2160.0,-0.0,136.63973080542473,-0.0,0.0,-0.0,-0.0
2021-07-11 08:00:00,2929.3678248894685,2159.677,1544.018175110532,-0.0,-0.0,-0.0,0.0,-0.0,-0.0
2021-07-11 09:00:00,3739.505885009773,2129.5170000000003,806.1641149902271,-0.0,-0.0,-0.0,0.0,-0.0,-0.0
2021-07-11 10:00:00,4380.632648365293,2069.7885,189.95585163470696,-0.0,-0.0,-0.0,0.0,-0.0,-0.0
2021-07-11 11:00:00,4791.10790806026,1875.3380919397396,-0.0,-0.0,-0.0,-0.0,0.0,100.0,95.0
2021-07-11 12:00:00,4932.319238725564,1660.8077612744364,-0.0,-0.0,-0.0,-0.0,0.0,100.0,189.9905
2021-07-11 13:00:00,4791.10790806026,1709.851,-0.0,-0.0,-0.0,-0.0,0.0,47.347908060260124,234.95201360724712
2021-07-11 14:00:00,4380.632648365293,1548.1245,619.7994144183058,-0.0,-0.0,-0.0,0.0,73.79156278359855,305.030503050305
2021-07-11 15:00:00,3739.505885009773,1382.2510000000002,1554.8681149902268,-0.0,-0.0,-0.0,0.0,100.0,400.0
2021-07-11 16:00:00,2929.3678248894685,1224.2035,2160.0,-0.0,446.85267511053144,-0.0,0.0,-0.0,399.96
2021-07-11 17:00:00,2031.5722691945753,1085.162,2160.0,-0.0,1712.3607308054247,-0.0,0.0,-0.0,399.920004
2021-07-11 18:00:00,1144.619802965544,974.0965,2160.0,-0.0,2905.538697034456,-0.0,0.0,-0.0,399.8800119996
2021-07-11 19:00:00,388.85646719495236,896.5970000000001,2160.0,214.94553280504806,3500.0,-0.0,100.0,-0.0,294.57686610366324
2021-07-11 20:00:00,-0.0,854.2300000000001,2160.0,565.4259999999995,3500.0,-0.0,100.0,-0.0,189.28425052231603
2021-07-11 21:00:00,-0.0,844.3629999999999,2160.0,374.4500000000003,3500.0,-0.0,100.0,-0.0,84.00216420252697
2021-07-11 22:00:00,-0.0,860.5935,2160.0,140.98742421319866,3500.0,-0.0,79.79407578680139,-0.0,-0.0
2021-07-11 23:00:00,-0.0,893.6395,2160.0,-0.0,3488.2815,-0.0,0.0,-0.0,-0.0
2021-07-12 00:00:00,-0.0,931.1379999999999,2160.0,-0.0,3262.688,-0.0,0.0,-0.0,-0.0
2021-07-12 01:00:00,-0.0,965.2305,2160.0,-0.0,3077.2864999999997,-0.0,0.0,-0.0,-0.0
2021-07-12 02:00:00,-0.0,984.8865,2160.0,-0.0,2953.3095,-0.0,0.0,-0.0,-0.0
2021-07-12 03:00:00,-0.0,983.3460000000001,2160.0,-0.0,2948.341,-0.0,0.0,-0.0,-0.0
2021-07-12 04:00:00,-0.0,957.4565,2160.0,-0.0,3087.9775,-0.0,0.0,-0.0,-0.0
2021-07-12 05:00:00,350.05413460920613,908.1475000000002,2160.0,-0.0,2998.704365390794,-0.0,0.0,-0.0,-0.0
2021-07-12 06:00:00,1041.9963935123674,840.2485,2160.0,-0.0,2623.994106487632,-0.0,0.0,-0.0,-0.0
2021-07-12 07:00:00,1855.785573023437,761.8455,2160.0,-0.0,2105.914926976563,-0.0,0.0,-0.0,-0.0
2021-07-12 08:00:00,2680.332077450921,683.1370000000001,2160.0,-0.0,1495.2149225490793,-0.0,0.0,-0.0,-0.0
2021-07-12 09:00:00,3424.7867447729363,615.0169999999999,2160.0,-0.0,857.7052552270638,-0.0,0.0,-0.0,-0.0
2021-07-12 10:00:00,4014.1423504583986,567.5605,2160.0,-0.0,277.7411495416013,-0.0,0.0,-0.0,-0.0
2021-07-12 11:00:00,4391.555376341356,548.6260000000001,2102.124623658643,-0.0,-0.0,-0.0,0.0,100.0,95.0
2021-07-12 12:00:00,4521.409030244113,562.6985,1881.7214697558866,-0.0,-0.0,-0.0,0.0,100.0,189.9905
2021-07-12 13:00:00,4391.555376341356,610.246,1921.4076236586434,-0.0,-0.0,-0.0,0.0,100.0,284.97150095
2021-07-12 14:00:00,4014.142350458399,687.5765,2160.0,-0.0,-0.0,-0.0,0.0,20.405850458399073,304.32856173538414
2021-07-12 15:00:00,3424.7867447729363,787.267,2160.0,-0.0,568.1272552270634,-0.0,0.0,-0.0,304.2981288792106
2021-07-12 16:00:00,2680.332077450921,899.0735,2160.0,-0.0,1381.6434225490789,-0.0,0.0,-0.0,304.2676990663227
2021-07-12 17:00:00,1855.785573023437,1011.283,2160.0,-0.0,2319.7824269765624,-0.0,0.0,-0.0,304.23727229641605
2021-07-12 18:00:00,1041.9963935123674,1112.15,2160.0,-0.0,3225.0616064876317,-0.0,0.0,-0.0,304.20684856918643
2021-07-12 19:00:00,350.05413460920613,1191.4825,2160.0,311.079365390794,3500.0,-0.0,100.0,-0.0,198.91326998959272
2021-07-12 20:00:00,-0.0,1241.8770000000002,2160.0,527.3299999999999,3500.0,-0.0,100.0,-0.0,93.63022076785693
2021-07-12 21:00:00,-0.0,1259.6870000000001,2160.0,317.14318514150955,3500.0,-0.0,88.93981485849115,-0.0,-0.0
2021-07-12 22:00:00,-0.0,1245.4455,2160.0,180.3675000000003,3500.0,-0.0,0.0,-0.0,-0.0
2021-07-12 23:00:00,-0.0,1203.709,2160.0,20.207000000000335,3500.0,-0.0,0.0,-0.0,-0.0
2021-07-13 00:00:00,-0.0,1141.0295,2160.0,-0.0,2956.5364999999997,-0.0,0.0,-0.0,-0.0
2021-07-13 01:00:00,-0.0,1070.3355000000001,2160.0,-0.0,2873.6385,-0.0,0.0,-0.0,-0.0
2021-07-13 02:00:00,-0.0,1001.2405000000001,2160.0,-0.0,2836.2105,-0.0,0.0,-0.0,-0.0
2021-07-13 03:00:00,-0.0,944.047,2160.0,-0.0,2884.779,-0.0,0.0,-0.0,-0.0
2021-07-13 04:00:00,-0.0,906.9320000000001,2160.0,-0.0,3033.61,-0.0,0.0,-0.0,-0.0
2021-07-13 05:00:00,281.6324022678421,894.8485000000002,2160.0,-0.0,2973.5900977321576,-0.0,0.0,-0.0,-0.0
2021-07-13 06:00:00,848.3829231346424,908.83,2160.0,-0.0,2640.338076865358,-0.0,0.0,-0.0,-0.0
2021-07-13 07:00:00,1516.4520070951683,945.841,2160.0,-0.0,2150.8019929048323,-0.0,0.0,-0.0,-0.0
2021-07-13 08:00:00,2194.047082083612,999.206,2160.0,-0.0,1553.310917916388,-0.0,0.0,-0.0,-0.0
2021-07-13 09:00:00,2806.1915537651234,1059.5455000000002,2160.0,-0.0,918.0769462348767,-0.0,0.0,-0.0,-0.0
2021-07-13 10:00:00,3290.981795556348,1116.024,2160.0,-0.0,337.2622044436521,-0.0,0.0,-0.0,-0.0
2021-07-13 11:00:00,3601.5045989095047,1157.884,2160.0,-0.0,-0.0,-0.0,0.0,93.64259890950461,88.96046896402937
2021-07-13 12:00:00,3708.3488494033472,1175.9279999999999,1963.7071505966533,-0.0,-0.0,-0.0,0.0,100.0,183.95157291713298
2021-07-13 13:00:00,3601.504598909504,1163.8120000000001,2038.8594010904967,-0.0,-0.0,-0.0,0.0,100.0,278.93317775984127
2021-07-13 14:00:00,3290.981795556348,1118.949,2160.0,-0.0,151.26220444365208,-0.0,0.0,-0.0,278.9052844420653
2021-07-13 15:00:00,2806.1915537651234,1042.9315000000001,2160.0,-0.0,809.950946234876,-0.0,0.0,-0.0,278.87739391362106
2021-07-13 16:00:00,2194.047082083612,941.3820000000001,2160.0,-0.0,1703.6279179163876,-0.0,0.0,-0.0,278.8495061742297
2021-07-13 17:00:00,1516.4520070951683,823.251,2160.0,-0.0,2724.3739929048315,-0.0,0.0,-0.0,278.8216212236123
2021-07-13 18:00:00,848.3829231346424,699.712,2160.0,107.65907686535684,3500.0,-0.0,100.0,-0.0,173.5305811667531
2021-07-13 19:00:00,281.6324022678421,582.6990000000001,2160.0,864.2545977321588,3500.0,-0.0,100.0,-0.0,68.2500702138996
2021-07-13 20:00:00,-0.0,483.39200000000005,2160.0,1196.4819170534656,3500.0,-0.0,64.83108294653431,-0.0,-0.0
2021-07-13 21:00:00,-0.0,410.774,2160.0,1130.1269999999995,3500.0,-0.0,0.0,-0.0,-0.0
2021-07-13 22:00:00,-0.0,370.51300000000003,2160.0,930.1679999999997,3500.0,-0.0,0.0,-0.0,-0.0
2021-07-13 23:00:00,-0.0,364.24699999999996,2160.0,734.3789999999999,3500.0,-0.0,0.0,-0.0,-0.0
2021-07-14 00:00:00,-0.0,388.2515,2160.0,84.23050000000012,3500.0,-0.0,0.0,-0.0,-0.0
2021-07-14 01:00:00,-0.0,438.7045,2160.0,-0.0,3380.2375,-0.0,0.0,-0.0,-0.0
2021-07-14 02:00:00,-0.0,505.27099999999996,2160.0,-0.0,3207.3060000000005,-0.0,0.0,-0.0,-0.0
2021-07-14 03:00:00,-0.0,577.2975,2160.0,-0.0,3126.9165,-0.0,0.0,-0.0,-0.0
2021-07-14 04:00:00,-0.0,644.059,2160.0,-0.0,3172.2389999999996,-0.0,0.0,-0.0,-0.0
2021-07-14 05:00:00,238.41319538554976,696.2735,2160.0,-0.0,3091.61230461445,-0.0,0.0,-0.0,-0.0
2021-07-14 06:00:00,727.3875219819625,727.3890000000001,2160.0,-0.0,2819.578478018037,-0.0,0.0,-0.0,-0.0
2021-07-14 07:00:00,1305.1649134920124,734.4935000000002,2160.0,-0.0,2450.9205865079875,-0.0,0.0,-0.0,-0.0
2021-07-14 08:00:00,1891.8066837913857,718.718,2160.0,-0.0,2014.3053162086144,-0.0,0.0,-0.0,-0.0
2021-07-14 09:00:00,2422.1195232214927,685.139,2160.0,-0.0,1555.7064767785073,-0.0,0.0,-0.0,-0.0
2021-07-14 10:00:00,2842.267798886289,642.031,2160.0,-0.0,1140.1072011137112,-0.0,0.0,-0.0,-0.0
2021-07-14 11:00:00,3111.445963366505,599.807,2160.0,-0.0,835.7180366334946,-0.0,0.0,-0.0,-0.0
2021-07-14 12:00:00,3204.077802809048,569.543,2160.0,-0.0,696.7751971909515,-0.0,0.0,-0.0,-0.0
2021-07-14 13:00:00,3111.445963366505,561.4895,2160.0,-0.0,754.9385366334946,-0.0,0.0,-0.0,-0.0
2021-07-14 14:00:00,2842.267798886289,583.648,2160.0,-0.0,1020.3592011137107,-0.0,0.0,-0.0,-0.0
2021-07-14 15:00:00,2422.1195232214927,640.627,2160.0,-0.0,1482.8894767785077,-0.0,0.0,-0.0,-0.0
2021-07-14 16:00:00,1891.8066837913857,732.992,2160.0,-0.0,2102.396316208614,-0.0,0.0,-0.0,-0.0
2021-07-14 17:00:00,1305.1649134920124,857.1095,2160.0,-0.0,2791.609586507987,-0.0,0.0,-0.0,-0.0
2021-07-14 18:00:00,727.3875219819625,1005.5955000000001,2160.0,-0.0,3414.3399780180375,-0.0,0.0,-0.0,-0.0
2021-07-14 19:00:00,238.41319538554976,1168.219,2160.0,315.37680461445007,3500.0,-0.0,0.0,-0.0,-0.0
2021-07-14 20:00:00,-0.0,1333.2085000000002,2160.0,306.8624999999997,3500.0,-0.0,0.0,-0.0,-0.0
2021-07-14 21:00:00,-0.0,1488.786,2160.0,-0.0,3449.5109999999995,-0.0,0.0,-0.0,-0.0
2021-07-14 22:00:00,-0.0,1624.623,2160.0,-0.0,3075.5710000000004,-0.0,0.0,-0.0,-0.0
2021-07-14 23:00:00,-0.0,1733.2055000000003,2160.0,-0.0,2767.1345,-0.0,0.0,-0.0,-0.0
2021-07-15 00:00:00,-0.0,1809.6390000000001,2160.0,-0.0,2067.099,-0.0,0.0,-0.0,-0.0
2021-07-15 01:00:00,-0.0,1856.4000000000003,2160.0,-0.0,1869.1619999999996,-0.0,0.0,-0.0,-0.0
2021-07-15 02:00:00,-0.0,1876.7319999999997,2160.0,-0.0,1744.9080000000006,-0.0,0.0,-0.0,-0.0
2021-07-15 03:00:00,-0.0,1878.3180000000002,2160.0,-0.0,1737.4789999999994,-0.0,0.0,-0.0,-0.0
2021-07-15 04:00:00,-0.0,1871.0315000000003,2160.0,-0.0,1859.4435,-0.0,0.0,-0.0,-0.0
2021-07-15 05:00:00,255.6763739814817,1865.5585000000003,2160.0,-0.0,1821.9061260185179,-0.0,0.0,-0.0,-0.0
2021-07-15 06:00:00,790.6878855134618,1871.8700000000001,2160.0,-0.0,1531.3751144865382,-0.0,0.0,-0.0,-0.0
2021-07-15 07:00:00,1424.48177989122,1897.8114999999998,2160.0,-0.0,1090.6677201087805,-0.0,0.0,-0.0,-0.0
2021-07-15 08:00:00,2068.7328232623267,1947.9525,2160.0,-0.0,533.3946767376729,-0.0,0.0,-0.0,-0.0
2021-07-15 09:00:00,2651.4906846795775,2022.969,2076.6873153204224,-0.0,-0.0,-0.0,0.0,-0.0,-0.0
2021-07-15 10:00:00,3113.387917807566,2119.4615,1482.7295821924345,-0.0,-0.0,-0.0,0.0,-0.0,-0.0
2021-07-15 11:00:00,3409.3797560686176,2230.371,1001.4442439313821,-0.0,-0.0,-0.0,0.0,-0.0,-0.0
2021-07-15 12:00:00,3511.255788733752,2345.9410000000003,799.3305315832508,-0.0,-0.0,-0.0,0.0,88.80332031700331,84.36315430115314
2021-07-15 13:00:00,3409.3797560686176,2454.9915,763.9877439313827,-0.0,-0.0,-0.0,0.0,100.0,179.35471798572303
2021-07-15 14:00:00,3113.387917807566,2546.401,990.1790821924342,-0.0,-0.0,-0.0,0.0,100.0,274.33678251392445
2021-07-15 15:00:00,2651.4906846795775,2610.647,1490.4463153204224,-0.0,-0.0,-0.0,0.0,100.0,369.30934883567306
2021-07-15 16:00:00,2068.7328232623267,2641.054,2160.0,-0.0,-0.0,-0.0,0.0,32.34482326232683,400.0
2021-07-15 17:00:00,1424.48177989122,2634.7619999999997,2160.0,-0.0,748.2272201087799,-0.0,100.0,-0.0,294.69684210526316
2021-07-15 18:00:00,790.6878855134618,2593.0905,2160.0,-0.0,1620.5116144865383,-0.0,100.0,-0.0,189.4042145263158
2021-07-15 19:00:00,255.6763739814817,2521.415,2160.0,-0.0,2305.2996260185178,-0.0,100.0,-0.0,84.12211621012632
2021-07-15 20:00:00,-0.0,2428.5040000000004,2160.0,-0.0,2595.4889812014194,-0.0,79.90801879858006,-0.0,-0.0
2021-07-15 21:00:00,-0.0,2325.349,2160.0,-0.0,2580.258,-0.0,0.0,-0.0,-0.0
2021-07-15 22:00:00,-0.0,2223.754,2160.0,-0.0,2447.255,-0.0,0.0,-0.0,-0.0
2021-07-15 23:00:00,-0.0,2134.8014999999996,2160.0,-0.0,2339.8845,-0.0,0.0,-0.0,-0.0
2021-07-16 00:00:00,-0.0,2066.506,2160.0,-0.0,1788.3880000000004,-0.0,0.0,-0.0,-0.0
2021-07-16 01:00:00,-0.0,2026.362,2160.0,-0.0,1680.9259999999995,-0.0,0.0,-0.0,-0.0
2021-07-16 02:00:00,-0.0,2015.1105,2160.0,-0.0,1591.8394999999998,-0.0,0.0,-0.0,-0.0
2021-07-16 03:00:00,-0.0,2030.3204999999998,2160.0,-0.0,1574.3835,-0.0,0.0,-0.0,-0.0
2021-07-16 04:00:00,-0.0,2065.8105,2160.0,-0.0,1657.1775000000002,-0.0,0.0,-0.0,-0.0
2021-07-16 05:00:00,301.38275279775144,2112.6235,2160.0,-0.0,1525.2617472022484,-0.0,0.0,-0.0,-0.0
2021-07-16 06:00:00,945.5847878548878,2160.2685,2160.0,-0.0,1087.821712145112,-0.0,0.0,-0.0,-0.0
2021-07-16 07:00:00,1710.776098025458,2198.248,2160.0,-0.0,507.2939019745422,-0.0,0.0,-0.0,-0.0
2021-07-16 08:00:00,2489.5120809694863,2217.514,2010.0239190305138,-0.0,-0.0,-0.0,0.0,-0.0,-0.0
2021-07-16 09:00:00,3194.410912878466,2211.7745,1355.5375871215342,-0.0,-0.0,-0.0,0.0,-0.0,-0.0
2021-07-16 10:00:00,3753.350733706298,2178.4165000000003,797.9847662937023,-0.0,-0.0,-0.0,0.0,-0.0,-0.0
2021-07-16 11:00:00,4111.626012983971,2118.896,449.55206175779404,-0.0,-0.0,-0.0,0.0,21.121074741764055,20.065021004675852
2021-07-16 12:00:00,4234.949309050226,2038.6015,415.50119094977435,-0.0,-0.0,-0.0,0.0,100.0,115.06301450257538
2021-07-16 13:00:00,4111.626012983971,1946.1715,595.4414870160281,-0.0,-0.0,-0.0,0.0,100.0,210.05150820112513
2021-07-16 14:00:00,3753.350733706298,1852.3635,1072.662766293703,-0.0,-0.0,-0.0,0.0,100.0,305.030503050305
2021-07-16 15:00:00,3194.410912878466,1768.624,1821.4640871215338,-0.0,-0.0,-0.0,0.0,100.0,400.0
2021-07-16 16:00:00,2489.5120809694863,1705.5675,2160.0,-0.0,417.7564190305138,-0.0,100.0,-0.0,294.69684210526316
2021-07-16 17:00:00,1710.776098025458,1671.54,2160.0,-0.0,1463.9979019745424,-0.0,100.0,-0.0,189.4042145263158
2021-07-16 18:00:00,945.5847878548878,1671.5140000000001,2160.0,-0.0,2429.4492121451117,-0.0,100.0,-0.0,84.12211621012632
2021-07-16 19:00:00,301.38275279775144,1706.3865,2160.0,-0.0,3140.3507284036687,-0.0,79.90801879858006,-0.0,-0.0
2021-07-16 20:00:00,-0.0,1772.8685000000003,2160.0,-0.0,3380.0104999999994,-0.0,0.0,-0.0,-0.0
2021-07-16 21:00:00,-0.0,1863.8685,2160.0,-0.0,3094.0155,-0.0,0.0,-0.0,-0.0
2021-07-16 22:00:00,-0.0,1969.4545000000003,2160.0,-0.0,2757.0865,-0.0,0.0,-0.0,-0.0
2021-07-16 23:00:00,-0.0,2078.1150000000002,2160.0,-0.0,2455.31,-0.0,0.0,-0.0,-0.0
2021-07-17 00:00:00,-0.0,2177.5260000000003,2160.0,-0.0,1303.3739999999993,-0.0,0.0,-0.0,-0.0
2021-07-17 01:00:00,-0.0,2259.1205,2160.0,-0.0,1077.2785000000003,-0.0,0.0,-0.0,-0.0
2021-07-17 02:00:00,-0.0,2314.7799999999997,2160.0,-0.0,924.3310000000001,-0.0,0.0,-0.0,-0.0
2021-07-17 03:00:00,-0.0,2340.8255,2160.0,-0.0,899.0315,-0.0,0.0,-0.0,-0.0
2021-07-17 04:00:00,-0.0,2337.6990000000005,2160.0,-0.0,1023.3739999999998,-0.0,0.0,-0.0,-0.0
2021-07-17 05:00:00,323.7856783212869,2309.8010000000004,2160.0,-0.0,946.633321678713,-0.0,0.0,-0.0,-0.0
2021-07-17 06:00:00,1031.6066309507275,2264.8340000000003,2160.0,-0.0,540.9903690492717,-0.0,0.0,-0.0,-0.0
2021-07-17 07:00:00,1874.7456644905803,2212.691,2135.37333550942,-0.0,-0.0,-0.0,0.0,-0.0,-0.0
2021-07-17 08:00:00,2733.8736604631445,2164.0384999999997,1468.2958395368555,-0.0,-0.0,-0.0,0.0,-0.0,-0.0
2021-07-17 09:00:00,3512.101182149734,2128.7760000000003,772.5968178502662,-0.0,-0.0,-0.0,0.0,-0.0,-0.0
2021-07-17 10:00:00,4129.458913229804,2114.658,139.90708677019575,-0.0,-0.0,-0.0,0.0,-0.0,-0.0
2021-07-17 11:00:00,4525.286813086989,1890.3801869130111,-0.0,-0.0,-0.0,-0.0,0.0,100.0,95.0
2021-07-17 12:00:00,4661.548304041323,1686.5816959586773,-0.0,-0.0,-0.0,-0.0,0.0,100.0,189.9905
2021-07-17 13:00:00,4525.286813086989,1789.3141869130104,-0.0,-0.0,-0.0,-0.0,0.0,100.0,284.97150095
2021-07-17 14:00:00,4129.458913229804,2212.4820867701956,-0.0,-0.0,-0.0,-0.0,0.0,100.0,379.943003799905
2021-07-17 15:00:00,3512.101182149734,2380.5600000000004,457.5178178502656,-0.0,-0.0,-0.0,0.0,-0.0,379.905009499525
2021-07-17 16:00:00,2733.8736604631445,2455.5115,1372.3544511173027,-0.0,-0.0,-0.0,0.0,21.192611580447288,400.0
2021-07-17 17:00:00,1874.7456644905803,2513.134,2160.0,-0.0,128.0883355094195,-0.0,100.0,-0.0,294.69684210526316
2021-07-17 18:00:00,1031.6066309507275,2543.6645000000003,2160.0,-0.0,1142.7838690492724,-0.0,100.0,-0.0,189.4042145263158
2021-07-17 19:00:00,323.7856783212869,2540.213,2160.0,-0.0,1937.2983216787125,-0.0,100.0,-0.0,84.12211621012632
2021-07-17 20:00:00,-0.0,2499.6985,2160.0,-0.0,2248.21148120142,-0.0,79.90801879858006,-0.0,-0.0
2021-07-17 21:00:00,-0.0,2423.2325,2160.0,-0.0,2211.1655,-0.0,0.0,-0.0,-0.0
2021-07-17 22:00:00,-0.0,2315.9955,2160.0,-0.0,2088.5405,-0.0,0.0,-0.0,-0.0
2021-07-17 23:00:00,-0.0,2186.5545,2160.0,-0.0,2026.2484999999997,-0.0,0.0,-0.0,-0.0
2021-07-18 00:00:00,-0.0,2045.1210000000003,2160.0,-0.0,1552.8499999999992,-0.0,0.0,-0.0,-0.0
2021-07-18 01:00:00,-0.0,1904.5975,2160.0,-0.0,1550.0595,-0.0,0.0,-0.0,-0.0
2021-07-18 02:00:00,-0.0,1775.319,2160.0,-0.0,1583.1380000000004,-0.0,0.0,-0.0,-0.0
2021-07-18 03:00:00,-0.0,1666.1255000000003,2160.0,-0.0,1694.0635,-0.0,0.0,-0.0,-0.0
2021-07-18 04:00:00,-0.0,1582.607,2160.0,-0.0,1899.683,-0.0,0.0,-0.0,-0.0
2021-07-18 05:00:00,319.7608705365008,1526.3950000000002,2160.0,-0.0,1856.064129463499,-0.0,0.0,-0.0,-0.0
2021-07-18 06:00:00,1035.5763043822974,1495.0455,2160.0,-0.0,1429.4891956177023,-0.0,0.0,-0.0,-0.0
2021-07-18 07:00:00,1890.7897612765084,1482.4225,2160.0,-0.0,812.8527387234915,-0.0,0.0,-0.0,-0.0
2021-07-18 08:00:00,2763.352161316099,1479.6275,2160.0,-0.0,86.95533868390157,-0.0,0.0,-0.0,-0.0
2021-07-18 09:00:00,3554.3402227526267,1476.2735,1506.9552772473735,-0.0,-0.0,-0.0,0.0,-0.0,-0.0
2021-07-18 10:00:00,4182.112220551322,1461.9800000000002,864.2887794486778,-0.0,-0.0,-0.0,0.0,-0.0,-0.0
2021-07-18 11:00:00,4584.727771893351,1427.881,448.6943028484129,-0.0,-0.0,-0.0,0.0,21.121074741764055,20.065021004675852
2021-07-18 12:00:00,4723.347787957492,1367.8795,381.47071204250824,-0.0,-0.0,-0.0,0.0,100.0,115.06301450257538
2021-07-18 13:00:00,4584.727771893351,1279.5835,574.8047281066492,-0.0,-0.0,-0.0,0.0,100.0,210.05150820112513
2021-07-18 14:00:00,4182.112220551322,1164.709,1119.476779448678,-0.0,-0.0,-0.0,0.0,100.0,305.030503050305
2021-07-18 15:00:00,3554.3402227526267,1028.9175,1991.0162772473732,-0.0,-0.0,-0.0,0.0,100.0,400.0
2021-07-18 16:00:00,2763.352161316099,881.1595,2160.0,-0.0,859.7623386839018,-0.0,0.0,-0.0,399.96
2021-07-18 17:00:00,1890.7897612765084,732.5045000000001,2160.0,-0.0,2115.9287387234917,-0.0,0.0,-0.0,399.920004
2021-07-18 18:00:00,1035.5763043822974,594.7305,2160.0,-0.0,3310.4271956177035,-0.0,0.0,-0.0,399.8800119996
2021-07-18 19:00:00,319.7608705365008,478.79650000000004,2160.0,624.7396294634982,3500.0,-0.0,100.0,-0.0,294.57686610366324
2021-07-18 20:00:00,-0.0,393.41900000000004,2160.0,955.616,3500.0,-0.0,100.0,-0.0,189.28425052231603
2021-07-18 21:00:00,-0.0,343.91499999999996,2160.0,810.8149999999996,3500.0,-0.0,100.0,-0.0,84.00216420252697
2021-07-18 22:00:00,-0.0,331.552,2160.0,612.5349242131997,3500.0,-0.0,79.79407578680139,-0.0,-0.0
2021-07-18 23:00:00,-0.0,353.37899999999996,2160.0,477.683,3500.0,-0.0,0.0,-0.0,-0.0
2021-07-19 00:00:00,-0.0,402.2005,2160.0,249.2484999999997,3500.0,-0.0,0.0,-0.0,-0.0
2021-07-19 01:00:00,-0.0,469.31950000000006,2160.0,37.5295000000001,3500.0,-0.0,0.0,-0.0,-0.0
2021-07-19 02:00:00,-0.0,543.1010000000001,2160.0,-0.0,3366.164,-0.0,0.0,-0.0,-0.0
2021-07-19 03:00:00,-0.0,612.2675,2160.0,-0.0,3297.2495,-0.0,0.0,-0.0,-0.0
2021-07-19 04:00:00,-0.0,666.991,2160.0,-0.0,3363.0510000000004,-0.0,0.0,-0.0,-0.0
2021-07-19 05:00:00,323.47325031972827,700.1605,2160.0,-0.0,3224.6692496802716,-0.0,0.0,-0.0,-0.0
2021-07-19 06:00:00,1065.973711122189,708.3114999999999,2160.0,-0.0,2730.145788877811,-0.0,0.0,-0.0,-0.0
2021-07-19 07:00:00,1955.86667618942,692.0614999999999,2160.0,-0.0,2080.6038238105803,-0.0,0.0,-0.0,-0.0
2021-07-19 08:00:00,2865.0444128038457,655.9540000000001,2160.0,-0.0,1349.4615871961546,-0.0,0.0,-0.0,-0.0
2021-07-19 09:00:00,3689.8665889974113,607.802,2160.0,-0.0,618.3944110025891,-0.0,0.0,-0.0,-0.0
2021-07-19 10:00:00,4344.807570853224,557.5635,2160.0,-0.0,-0.0,-0.0,0.0,17.6130708532246,16.732417310563367
2021-07-19 11:00:00,4764.968098596512,515.9245,1793.4654014034877,-0.0,-0.0,-0.0,0.0,100.0,111.73074406883231
2021-07-19 12:00:00,4909.652893514441,492.79100000000005,1602.1461064855594,-0.0,-0.0,-0.0,0.0,100.0,206.71957099442542
2021-07-19 13:00:00,4764.968098596512,495.8590000000001,1707.8169014034875,-0.0,-0.0,-0.0,0.0,100.0,301.698899037326
2021-07-19 14:00:00,4344.807570853223,529.516,2119.059429146777,-0.0,-0.0,-0.0,0.0,100.0,396.66872914742225
2021-07-19 15:00:00,3689.8665889974113,594.1455000000001,2160.0,-0.0,554.8279110025883,-0.0,0.0,-0.0,396.62906227450753
2021-07-19 16:00:00,2865.0444128038457,686.0165,2160.0,-0.0,1475.1850871961547,-0.0,0.0,-0.0,396.5893993682801
2021-07-19 17:00:00,1955.86667618942,797.7125,2160.0,-0.0,2504.9498238105807,-0.0,0.0,-0.0,396.5497404283433
2021-07-19 18:00:00,1065.973711122189,919.035,2160.0,-0.0,3472.2952888778113,-0.0,0.0,-0.0,396.51008545430045
2021-07-19 19:00:00,323.47325031972827,1038.3165,2160.0,575.2742496802721,3500.0,-0.0,100.0,-0.0,291.2072765510182
2021-07-19 20:00:00,-0.0,1143.948,2160.0,715.9849999999997,3500.0,-0.0,100.0,-0.0,185.9149979286263
2021-07-19 21:00:00,-0.0,1225.8545000000001,2160.0,436.84249999999975,3500.0,-0.0,100.0,-0.0,80.63324853409661
2021-07-19 22:00:00,-0.0,1276.8145,2160.0,175.4475740512189,3500.0,-0.0,76.59392594878105,-0.0,-0.0
2021-07-19 23:00:00,-0.0,1293.3829999999998,2160.0,39.603000000000065,3500.0,-0.0,0.0,-0.0,-0.0
2021-07-20 00:00:00,-0.0,1276.0085000000001,2160.0,-0.0,2938.3705,-0.0,0.0,-0.0,-0.0
2021-07-20 01:00:00,-0.0,1230.112,2160.0,-0.0,2836.51,-0.0,0.0,-0.0,-0.0
2021-07-20 02:00:00,-0.0,1163.5845,2160.0,-0.0,2802.2455,-0.0,0.0,-0.0,-0.0
2021-07-20 03:00:00,-0.0,1086.865,2160.0,-0.0,2875.9630000000006,-0.0,0.0,-0.0,-0.0
2021-07-20 04:00:00,-0.0,1011.2505,2160.0,-0.0,3068.8035,-0.0,0.0,-0.0,-0.0
2021-07-20 05:00:00,340.9263361322939,947.3295,2160.0,-0.0,3006.7181638677066,-0.0,0.0,-0.0,-0.0
2021-07-20 06:00:00,1144.4972821806189,903.5975000000001,2160.0,-0.0,2499.6272178193813,-0.0,0.0,-0.0,-0.0
2021-07-20 07:00:00,2110.7758306093388,885.3,2160.0,-0.0,1772.3321693906614,-0.0,0.0,-0.0,-0.0
2021-07-20 08:00:00,3099.3899181298852,893.763,2160.0,-0.0,913.7340818701146,-0.0,0.0,-0.0,-0.0
2021-07-20 09:00:00,3997.007818686637,926.2305000000001,2160.0,-0.0,25.77368131336243,-0.0,0.0,-0.0,-0.0
2021-07-20 10:00:00,4710.109417146346,976.3065,1387.7850828536548,-0.0,-0.0,-0.0,0.0,-0.0,-0.0
2021-07-20 11:00:00,5167.71842280196,1034.8455,818.8271519398058,-0.0,-0.0,-0.0,0.0,21.121074741764055,20.065021004675852
2021-07-20 12:00:00,5325.316908450981,1091.2655,610.3685915490187,-0.0,-0.0,-0.0,0.0,100.0,115.06301450257538
2021-07-20 13:00:00,5167.71842280196,1134.9975,684.7190771980404,-0.0,-0.0,-0.0,0.0,100.0,210.05150820112513
2021-07-20 14:00:00,4710.109417146346,1157.0325,1141.4470828536541,-0.0,-0.0,-0.0,0.0,100.0,305.030503050305
2021-07-20 15:00:00,3997.007818686637,1151.1695000000002,1962.2716813133625,-0.0,-0.0,-0.0,0.0,100.0,400.0
2021-07-20 16:00:00,3099.3899181298852,1114.9320000000002,2160.0,-0.0,819.9270818701143,-0.0,0.0,-0.0,399.96
2021-07-20 17:00:00,2110.7758306093388,1049.997,2160.0,-0.0,2102.146169390661,-0.0,0.0,-0.0,399.920004
2021-07-20 18:00:00,1144.4972821806189,962.026,2160.0,-0.0,3351.5557178193812,-0.0,0.0,-0.0,399.8800119996
2021-07-20 19:00:00,340.9263361322939,859.989,2160.0,733.3076638677067,3500.0,-0.0,100.0,-0.0,294.57686610366324
2021-07-20 20:00:00,-0.0,755.0205,2160.0,1098.4595,3500.0,-0.0,100.0,-0.0,189.28425052231603
2021-07-20 21:00:00,-0.0,658.9830000000001,2160.0,993.6539999999995,3500.0,-0.0,100.0,-0.0,84.00216420252697
2021-07-20 22:00:00,-0.0,582.9655,2160.0,852.4394242131984,3500.0,-0.0,79.79407578680139,-0.0,-0.0
2021-07-20 23:00:00,-0.0,535.808,2160.0,779.9369999999999,3500.0,-0.0,0.0,-0.0,-0.0
2021-07-21 00:00:00,-0.0,522.847,2160.0,170.97900000000027,3500.0,-0.0,0.0,-0.0,-0.0
2021-07-21 01:00:00,-0.0,545.8439999999999,2160.0,-0.0,3496.673,-0.0,0.0,-0.0,-0.0
2021-07-21 02:00:00,-0.0,601.8935,2160.0,-0.0,3336.3025,-0.0,0.0,-0.0,-0.0
2021-07-21 03:00:00,-0.0,684.4694999999999,2160.0,-0.0,3247.2174999999997,-0.0,0.0,-0.0,-0.0
2021-07-21 04:00:00,-0.0,784.173,2160.0,-0.0,3261.2610000000004,-0.0,0.0,-0.0,-0.0
2021-07-21 05:00:00,335.6211861450416,890.0515,2160.0,-0.0,3031.2333138549584,-0.0,0.0,-0.0,-0.0
2021-07-21 06:00:00,1149.110189733045,991.0615,2160.0,-0.0,2366.067310266955,-0.0,0.0,-0.0,-0.0
2021-07-21 07:00:00,2130.7344664736206,1077.5895,2160.0,-0.0,1515.2220335263796,-0.0,0.0,-0.0,-0.0
2021-07-21 08:00:00,3136.5320940798983,1142.739,2160.0,-0.0,579.4129059201018,-0.0,0.0,-0.0,-0.0
2021-07-21 09:00:00,4050.524897541875,1183.2535,1823.7306024581253,-0.0,-0.0,-0.0,0.0,-0.0,-0.0
2021-07-21 10:00:00,4777.01189175464,1199.926,1042.5061082453603,-0.0,-0.0,-0.0,0.0,-0.0,-0.0
2021-07-21 11:00:00,5243.3627554146515,1197.482,522.5823193271126,-0.0,-0.0,-0.0,0.0,21.121074741764055,20.065021004675852
2021-07-21 12:00:00,5403.993630490568,1183.8709999999999,377.9643695094319,-0.0,-0.0,-0.0,0.0,100.0,115.06301450257538
2021-07-21 13:00:00,5243.3627554146515,1169.1875,510.65874458534836,-0.0,-0.0,-0.0,0.0,100.0,210.05150820112513
2021-07-21 14:00:00,4777.01189175464,1164.215,1000.0861082453603,-0.0,-0.0,-0.0,0.0,100.0,305.030503050305
2021-07-21 15:00:00,4050.524897541875,1178.9115,1810.7446024581245,-0.0,-0.0,-0.0,0.0,100.0,400.0
2021-07-21 16:00:00,3136.5320940798983,1221.025,2160.0,-0.0,503.49190592010154,-0.0,100.0,-0.0,294.69684210526316
2021-07-21 17:00:00,2130.7344664736206,1294.943,2160.0,-0.0,1662.8116571912092,-0.0,98.36187633516968,-0.0,191.12855522613717
2021-07-21 18:00:00,1149.110189733045,1401.0165000000002,2160.0,-0.0,2829.0813102669545,-0.0,0.0,-0.0,191.10944237061454
2021-07-21 19:00:00,335.6211861450416,1535.4689999999998,2160.0,-0.0,3500.0,-0.0,81.52581385495859,-0.0,105.27368526326316
2021-07-21 20:00:00,-0.0,1690.78,2160.0,78.42700000000059,3500.0,-0.0,100.0,-0.0,-0.0
2021-07-21 21:00:00,-0.0,1856.6145000000004,2160.0,-0.0,3309.1555,-0.0,0.0,-0.0,-0.0
2021-07-21 22:00:00,-0.0,2021.1684999999998,2160.0,-0.0,2904.6445000000003,-0.0,0.0,-0.0,-0.0
2021-07-21 23:00:00,-0.0,2172.6185,2160.0,-0.0,2551.2975,-0.0,0.0,-0.0,-0.0
2021-07-22 00:00:00,-0.0,2300.688,2160.0,-0.0,1799.2020000000002,-0.0,0.0,-0.0,-0.0
2021-07-22 01:00:00,-0.0,2397.9085,2160.0,-0.0,1548.3894999999998,-0.0,0.0,-0.0,-0.0
2021-07-22 02:00:00,-0.0,2460.562,2160.0,-0.0,1379.2129999999997,-0.0,0.0,-0.0,-0.0
2021-07-22 03:00:00,-0.0,2489.1164999999996,2160.0,-0.0,1342.0335,-0.0,0.0,-0.0,-0.0
2021-07-22 04:00:00,-0.0,2488.0635,2160.0,-0.0,1454.8024999999998,-0.0,0.0,-0.0,-0.0
2021-07-22 05:00:00,285.8899995439857,2465.281,2160.0,-0.0,1401.224000456015,-0.0,0.0,-0.0,-0.0
2021-07-22 06:00:00,999.6225800460574,2430.8830000000003,2160.0,-0.0,969.3694199539424,-0.0,0.0,-0.0,-0.0
2021-07-22 07:00:00,1864.0189697703968,2395.8285,2160.0,-0.0,355.571530229603,-0.0,0.0,-0.0,-0.0
2021-07-22 08:00:00,2751.075578666614,2370.3615000000004,1787.4509213333858,-0.0,-0.0,-0.0,0.0,-0.0,-0.0
2021-07-22 09:00:00,3557.874947397713,2362.6330000000003,1025.6290526022858,-0.0,-0.0,-0.0,0.0,-0.0,-0.0
2021-07-22 10:00:00,4199.504045971425,2377.5570000000002,329.53095402857525,-0.0,-0.0,-0.0,0.0,-0.0,-0.0
2021-07-22 11:00:00,4611.516941517201,2316.5530584827984,-0.0,-0.0,-0.0,-0.0,0.0,100.0,95.0
2021-07-22 12:00:00,4753.451144813563,2096.8568551864373,-0.0,-0.0,-0.0,-0.0,0.0,100.0,189.9905
2021-07-22 13:00:00,4611.516941517201,2194.9830584827987,-0.0,-0.0,-0.0,-0.0,0.0,100.0,284.97150095
2021-07-22 14:00:00,4199.504045971425,2624.012954028575,-0.0,-0.0,-0.0,-0.0,0.0,100.0,379.943003799905
2021-07-22 15:00:00,3557.874947397713,2697.136,566.3870526022874,-0.0,-0.0,-0.0,0.0,-0.0,379.905009499525
2021-07-22 16:00:00,2751.075578666614,2751.2159999999994,1520.282032913834,-0.0,-0.0,-0.0,0.0,21.192611580447288,400.0
2021-07-22 17:00:00,1864.0189697703968,2778.9645,2160.0,-0.0,323.417530229603,-0.0,100.0,-0.0,294.69684210526316
2021-07-22 18:00:00,999.6225800460574,2774.0245000000004,2160.0,-0.0,1384.4309199539425,-0.0,100.0,-0.0,189.4042145263158
2021-07-22 19:00:00,285.8899995439857,2733.822,2160.0,-0.0,2211.198000456014,-0.0,100.0,-0.0,84.12211621012632
2021-07-22 20:00:00,-0.0,2659.93,2160.0,-0.0,2507.1909812014205,-0.0,79.90801879858006,-0.0,-0.0
2021-07-22 21:00:00,-0.0,2557.984,2160.0,-0.0,2485.2410000000004,-0.0,0.0,-0.0,-0.0
2021-07-22 22:00:00,-0.0,2436.9475,2160.0,-0.0,2366.0575,-0.0,0.0,-0.0,-0.0
2021-07-22 23:00:00,-0.0,2307.981,2160.0,-0.0,2292.9689999999996,-0.0,0.0,-0.0,-0.0
2021-07-23 00:00:00,-0.0,2183.2005,2160.0,-0.0,1793.9285,-0.0,0.0,-0.0,-0.0
2021-07-23 01:00:00,-0.0,2073.474,2160.0,-0.0,1750.1149999999998,-0.0,0.0,-0.0,-0.0
2021-07-23 02:00:00,-0.0,1987.9730000000002,2160.0,-0.0,1729.251,-0.0,0.0,-0.0,-0.0
2021-07-23 03:00:00,-0.0,1932.372,2160.0,-0.0,1776.4889999999998,-0.0,0.0,-0.0,-0.0
2021-07-23 04:00:00,-0.0,1908.3415,2160.0,-0.0,1912.6034999999997,-0.0,0.0,-0.0,-0.0
2021-07-23 05:00:00,223.22061805485023,1913.3854999999999,2160.0,-0.0,1894.3398819451497,-0.0,0.0,-0.0,-0.0
2021-07-23 06:00:00,798.1739054723789,1941.2705000000003,2160.0,-0.0,1539.557594527621,-0.0,0.0,-0.0,-0.0
2021-07-23 07:00:00,1497.1856136657125,1982.9095,2160.0,-0.0,1015.1308863342874,-0.0,0.0,-0.0,-0.0
2021-07-23 08:00:00,2215.672000622874,2027.6815,2160.0,-0.0,386.12349937712634,-0.0,0.0,-0.0,-0.0
2021-07-23 09:00:00,2869.743084905719,2064.8940000000002,1892.9749150942807,-0.0,-0.0,-0.0,0.0,-0.0,-0.0
2021-07-23 10:00:00,3390.211379267102,2085.3105,1313.5311207328982,-0.0,-0.0,-0.0,0.0,-0.0,-0.0
2021-07-23 11:00:00,3724.5277190526926,2082.4049999999997,925.8063556890725,-0.0,-0.0,-0.0,0.0,21.121074741764055,20.065021004675852
2021-07-23 12:00:00,3839.7156349999273,2053.3175,842.0098650000723,-0.0,-0.0,-0.0,0.0,100.0,115.06301450257538
2021-07-23 13:00:00,3724.5277190526926,1999.2245,968.7687809473068,-0.0,-0.0,-0.0,0.0,100.0,210.05150820112513
2021-07-23 14:00:00,3390.211379267102,1925.2350000000001,1395.4756207328978,-0.0,-0.0,-0.0,0.0,100.0,305.030503050305
2021-07-23 15:00:00,2869.743084905719,1839.7015,2100.838415094281,-0.0,-0.0,-0.0,0.0,100.0,400.0
2021-07-23 16:00:00,2215.672000622874,1753.076,2160.0,-0.0,663.0939993771258,-0.0,100.0,-0.0,294.69684210526316
2021-07-23 17:00:00,1497.1856136657125,1676.4995000000001,2160.0,-0.0,1684.8458863342876,-0.0,100.0,-0.0,189.4042145263158
2021-07-23 18:00:00,798.1739054723789,1620.2875,2160.0,-0.0,2633.5095945276207,-0.0,100.0,-0.0,84.12211621012632
2021-07-23 19:00:00,223.22061805485023,1592.4935,2160.0,-0.0,3377.9460543656915,-0.0,32.99582757945834,-0.0,49.381253914864956
2021-07-23 20:00:00,-0.0,1597.8105,2160.0,-0.0,3500.0,-0.0,46.9074999999998,-0.0,-0.0
2021-07-23 21:00:00,-0.0,1636.869,2160.0,-0.0,3306.0750000000007,-0.0,0.0,-0.0,-0.0
2021-07-23 22:00:00,-0.0,1706.1265000000003,2160.0,-0.0,2998.7145,-0.0,0.0,-0.0,-0.0
2021-07-23 23:00:00,-0.0,1798.2640000000004,2160.0,-0.0,2706.723,-0.0,0.0,-0.0,-0.0
2021-07-24 00:00:00,-0.0,1903.4470000000001,2160.0,-0.0,1544.112,-0.0,0.0,-0.0,-0.0
2021-07-24 01:00:00,-0.0,2009.3905,2160.0,-0.0,1286.9924999999998,-0.0,0.0,-0.0,-0.0
2021-07-24 02:00:00,-0.0,2104.6935,2160.0,-0.0,1087.7675000000004,-0.0,0.0,-0.0,-0.0
2021-07-24 03:00:00,-0.0,2179.1445,2160.0,-0.0,1007.4735000000005,-0.0,0.0,-0.0,-0.0
2021-07-24 04:00:00,-0.0,2225.314,2160.0,-0.0,1075.9820000000004,-0.0,0.0,-0.0,-0.0
2021-07-24 05:00:00,192.62105201983246,2239.4840000000004,2160.0,-0.0,1081.8569479801677,-0.0,0.0,-0.0,-0.0
2021-07-24 06:00:00,705.401167127172,2222.09,2160.0,-0.0,837.2628328728277,-0.0,0.0,-0.0,-0.0
2021-07-24 07:00:00,1331.3598573089766,2177.5715,2160.0,-0.0,474.8496426910233,-0.0,0.0,-0.0,-0.0
2021-07-24 08:00:00,1975.831438092948,2113.696,2160.0,-0.0,31.373561907051908,-0.0,0.0,-0.0,-0.0
2021-07-24 09:00:00,2563.0796862777,2040.4669999999999,1718.4203137222999,-0.0,-0.0,-0.0,0.0,-0.0,-0.0
2021-07-24 10:00:00,3030.64350570847,1968.6745,1287.0819942915296,-0.0,-0.0,-0.0,0.0,-0.0,-0.0
2021-07-24 11:00:00,3331.088974501545,1908.4195000000002,993.6286002402189,-0.0,-0.0,-0.0,0.0,21.121074741764055,20.065021004675852
2021-07-24 12:00:00,3434.619037763167,1867.6515000000002,936.2744622368332,-0.0,-0.0,-0.0,0.0,100.0,115.06301450257538
2021-07-24 13:00:00,3331.088974501545,1851.07,1017.0210254984554,-0.0,-0.0,-0.0,0.0,100.0,210.05150820112513
2021-07-24 14:00:00,3030.64350570847,1859.4679999999998,1330.67749429153,-0.0,-0.0,-0.0,0.0,100.0,305.030503050305
2021-07-24 15:00:00,2563.0796862777,1889.5500000000002,1870.7753137222994,-0.0,-0.0,-0.0,0.0,100.0,400.0
2021-07-24 16:00:00,1975.831438092948,1934.4065000000003,2160.0,-0.0,238.02506190705185,-0.0,100.0,-0.0,294.69684210526316
2021-07-24 17:00:00,1331.3598573089766,1984.3914999999997,2160.0,-0.0,1062.540642691024,-0.0,100.0,-0.0,189.4042145263158
2021-07-24 18:00:00,705.401167127172,2028.4290000000003,2160.0,-0.0,1870.8497307833522,-0.0,70.43110208947553,-0.0,115.24727190541523
2021-07-24 19:00:00,192.62105201983246,2055.5275,2160.0,-0.0,2505.063447980168,-0.0,0.0,-0.0,115.2357471782247
2021-07-24 20:00:00,-0.0,2056.2880000000005,2160.0,-0.0,2618.4339999999993,-0.0,0.0,-0.0,115.22422360350687
2021-07-24 21:00:00,-0.0,2024.1455,2160.0,-0.0,2452.2814999999996,-0.0,0.0,-0.0,115.21270118114653
2021-07-24 22:00:00,-0.0,1956.344,2160.0,-0.0,2285.486,-0.0,0.0,-0.0,115.20117991102842
2021-07-24 23:00:00,-0.0,1854.3265000000001,2160.0,-0.0,2191.1804999999995,-0.0,0.0,-0.0,115.18965979303732
2021-07-25 00:00:00,-0.0,1724.047,2160.0,-0.0,1703.9869999999996,-0.0,0.0,-0.0,115.17814082705802
2021-07-25 01:00:00,-0.0,1573.4355,2160.0,-0.0,1706.9924999999998,-0.0,0.0,-0.0,115.16662301297531
2021-07-25 02:00:00,-0.0,1414.0555,2160.0,-0.0,1766.0355000000004,-0.0,0.0,-0.0,115.15510635067402
2021-07-25 03:00:00,-0.0,1257.8085,2160.0,-0.0,1920.0365000000002,-0.0,0.0,-0.0,115.14359084003895
2021-07-25 04:00:00,-0.0,1115.8809999999999,2160.0,-0.0,2180.248,-0.0,0.0,-0.0,115.13207648095495
2021-07-25 05:00:00,195.7820882708974,997.2885000000001,2160.0,-0.0,2319.3374117291028,-0.0,0.0,-0.0,115.12056327330686
2021-07-25 06:00:00,735.4861458655048,907.7705000000001,2160.0,-0.0,2123.558354134495,-0.0,0.0,-0.0,115.10905121697952
2021-07-25 07:00:00,1397.1228886174683,849.082,2160.0,-0.0,1743.2531113825314,-0.0,0.0,-0.0,115.09754031185783
2021-07-25 08:00:00,2079.514652335726,818.8505,2160.0,-0.0,1231.8248476642734,-0.0,0.0,-0.0,115.08603055782665
2021-07-25 09:00:00,2701.926365793952,810.9920000000001,2160.0,-0.0,661.9446342060482,-0.0,0.0,-0.0,115.07452195477086
2021-07-25 10:00:00,3197.7863605031494,816.5885,2160.0,-0.0,128.51813949685084,-0.0,0.0,-0.0,115.06301450257538
2021-07-25 11:00:00,3516.5241824855266,825.24,1990.3288175144735,-0.0,-0.0,-0.0,0.0,100.0,210.05150820112513
2021-07-25 12:00:00,3626.3824442885243,826.4814999999999,1809.3280557114758,-0.0,-0.0,-0.0,0.0,100.0,305.030503050305
2021-07-25 13:00:00,3516.5241824855266,811.3299999999999,1898.5248175144734,-0.0,-0.0,-0.0,0.0,100.0,400.0
2021-07-25 14:00:00,3197.7863605031494,773.5455000000001,2160.0,-0.0,20.1861394968505,-0.0,0.0,-0.0,399.96
2021-07-25 15:00:00,2701.926365793952,710.5475,2160.0,-0.0,685.1661342060484,-0.0,0.0,-0.0,399.920004
2021-07-25 16:00:00,2079.514652335726,623.831,2160.0,-0.0,1582.6303476642734,-0.0,0.0,-0.0,399.8800119996
2021-07-25 17:00:00,1397.1228886174683,518.83,2160.0,-0.0,2603.5021113825314,-0.0,0.0,-0.0,399.84002399840006
2021-07-25 18:00:00,735.4861458655049,404.196,2160.0,-0.0,3500.0,-0.0,80.00685413449537,-0.0,315.5822988017946
2021-07-25 19:00:00,195.7820882708974,290.719,2160.0,714.6679117291023,3500.0,-0.0,100.0,-0.0,210.28758267717757
2021-07-25 20:00:00,-0.0,195.0,2160.0,931.0200000000004,3500.0,-0.0,100.0,-0.0,105.00339602417303
2021-07-25 21:00:00,-0.0,195.0,2160.0,736.2807490996584,3500.0,-0.0,99.74325090034209,-0.0,-0.0
2021-07-25 22:00:00,-0.0,195.0,2160.0,604.6809999999996,3500.0,-0.0,0.0,-0.0,-0.0
2021-07-25 23:00:00,-0.0,195.0,2160.0,411.5649999999996,3500.0,-0.0,0.0,-0.0,-0.0
2021-07-26 00:00:00,-0.0,195.0,2160.0,233.65400000000045,3500.0,-0.0,0.0,-0.0,-0.0
2021-07-26 01:00:00,-0.0,195.0,2160.0,89.15300000000025,3500.0,-0.0,0.0,-0.0,-0.0
2021-07-26 02:00:00,-0.0,237.0875,2160.0,-0.0,3449.7774999999997,-0.0,0.0,-0.0,-0.0
2021-07-26 03:00:00,-0.0,343.5835,2160.0,-0.0,3344.0274999999997,-0.0,0.0,-0.0,-0.0
2021-07-26 04:00:00,-0.0,455.7150000000001,2160.0,-0.0,3353.112,-0.0,0.0,-0.0,-0.0
2021-07-26 05:00:00,199.65374507452728,561.9055,2160.0,-0.0,3266.4157549254733,-0.0,0.0,-0.0,-0.0
2021-07-26 06:00:00,770.72924964918,652.041,2160.0,-0.0,2862.41475035082,-0.0,0.0,-0.0,-0.0
2021-07-26 07:00:00,1473.9801770009183,718.7375,2160.0,-0.0,2317.846322999082,-0.0,0.0,-0.0,-0.0
2021-07-26 08:00:00,2200.5958180378534,758.3095000000001,2160.0,-0.0,1695.0566819621467,-0.0,0.0,-0.0,-0.0
2021-07-26 09:00:00,2864.021364249722,771.1535,2160.0,-0.0,1066.0541357502784,-0.0,0.0,-0.0,-0.0
2021-07-26 10:00:00,3392.888458417713,761.6505,2160.0,-0.0,517.2390415822874,-0.0,0.0,-0.0,-0.0
2021-07-26 11:00:00,3732.963275094779,737.477,2160.0,-0.0,132.98072490522145,-0.0,0.0,-0.0,-0.0
2021-07-26 12:00:00,3850.197288150261,708.487,2160.0,-0.0,-0.0,-0.0,0.0,22.800288150261167,21.660273742748107
2021-07-26 13:00:00,3732.963275094779,685.308,2160.0,-0.0,84.0837249052206,-0.0,0.0,-0.0,21.65810771537383
2021-07-26 14:00:00,3392.888458417713,677.8135000000001,2160.0,-0.0,458.9930415822864,-0.0,0.0,-0.0,21.655941904602294
2021-07-26 15:00:00,2864.021364249722,693.706,2160.0,-0.0,1080.206635750278,-0.0,0.0,-0.0,21.653776310411835
2021-07-26 16:00:00,2200.5958180378534,737.4314999999999,2160.0,-0.0,1890.2736819621473,-0.0,0.0,-0.0,21.651610932780795
2021-07-26 17:00:00,1473.9801770009183,809.445,2160.0,-0.0,2780.296822999082,-0.0,0.0,-0.0,21.649445771687517
2021-07-26 18:00:00,770.72924964918,906.152,2160.0,68.3628335650651,3500.0,-0.0,20.564916785754836,-0.0,-0.0
2021-07-26 19:00:00,199.65374507452728,1020.2725,2160.0,629.1257549254724,3500.0,-0.0,0.0,-0.0,-0.0
2021-07-26 20:00:00,-0.0,1141.7900000000002,2160.0,633.7820000000002,3500.0,-0.0,0.0,-0.0,-0.0
2021-07-26 21:00:00,-0.0,1259.258,2160.0,322.89400000000023,3500.0,-0.0,0.0,-0.0,-0.0
2021-07-26 22:00:00,-0.0,1361.295,2160.0,-0.0,3490.995,-0.0,0.0,-0.0,-0.0
2021-07-26 23:00:00,-0.0,1438.0794999999998,2160.0,-0.0,3222.4775,-0.0,0.0,-0.0,-0.0
2021-07-27 00:00:00,-0.0,1483.4365000000003,2160.0,-0.0,2564.6024999999995,-0.0,0.0,-0.0,-0.0
2021-07-27 01:00:00,-0.0,1492.6730000000002,2160.0,-0.0,2412.052,-0.0,0.0,-0.0,-0.0
2021-07-27 02:00:00,-0.0,1467.5960000000002,2160.0,-0.0,2340.928999999999,-0.0,0.0,-0.0,-0.0
2021-07-27 03:00:00,-0.0,1413.3275,2160.0,-0.0,2396.9294999999993,-0.0,0.0,-0.0,-0.0
2021-07-27 04:00:00,-0.0,1338.3630000000003,2160.0,-0.0,2593.995,-0.0,0.0,-0.0,-0.0
2021-07-27 05:00:00,190.57495491158505,1253.4535000000003,2160.0,-0.0,2708.259545088414,-0.0,0.0,-0.0,-0.0
2021-07-27 06:00:00,757.4602486418029,1170.1755,2160.0,-0.0,2482.5422513581966,-0.0,0.0,-0.0,-0.0
2021-07-27 07:00:00,1458.8366079841885,1099.4165000000003,2160.0,-0.0,2077.879892015811,-0.0,0.0,-0.0,-0.0
2021-07-27 08:00:00,2184.8825273712223,1049.9255,2160.0,-0.0,1545.1949726287771,-0.0,0.0,-0.0,-0.0
2021-07-27 09:00:00,2848.479602681986,1027.1950000000002,2160.0,-0.0,951.9623973180137,-0.0,0.0,-0.0,-0.0
2021-07-27 10:00:00,3377.8306539504315,1032.7785000000001,2160.0,-0.0,387.83984604956777,-0.0,0.0,-0.0,-0.0
2021-07-27 11:00:00,3718.3526714924733,1064.1345000000001,2160.0,-0.0,-0.0,-0.0,0.0,52.23717149247341,49.62531291784973
2021-07-27 12:00:00,3835.7582136468504,1115.0295,1971.9782863531486,-0.0,-0.0,-0.0,0.0,100.0,144.62035038655796
2021-07-27 13:00:00,3718.352671492473,1176.4609999999998,1994.3703285075271,-0.0,-0.0,-0.0,0.0,100.0,239.6058883515193
2021-07-27 14:00:00,3377.8306539504315,1237.9445,2160.0,-0.0,40.59084604956843,-0.0,0.0,-0.0,239.58192776268416
2021-07-27 15:00:00,2848.479602681986,1288.9955,2160.0,-0.0,626.8668973180138,-0.0,0.0,-0.0,239.5579695699079
2021-07-27 16:00:00,2184.8825273712223,1320.644,2160.0,-0.0,1448.8154726287771,-0.0,0.0,-0.0,239.5340137729509
2021-07-27 17:00:00,1458.8366079841885,1326.676,2160.0,-0.0,2403.7783920158117,-0.0,0.0,-0.0,239.51006037157362
2021-07-27 18:00:00,757.4602486418029,1304.5955000000001,2160.0,-0.0,3328.7462513581963,-0.0,0.0,-0.0,239.48610936553646
2021-07-27 19:00:00,190.57495491158505,1255.9950000000001,2160.0,426.795045088415,3500.0,-0.0,100.0,-0.0,134.19900285986307
2021-07-27 20:00:00,-0.0,1186.4385,2160.0,612.6644999999999,3500.0,-0.0,100.0,-0.0,28.922425064840255
2021-07-27 21:00:00,-0.0,1104.7465,2160.0,572.5779438187824,3500.0,-0.0,27.473556181217084,-0.0,-0.0
2021-07-27 22:00:00,-0.0,1021.8779999999999,2160.0,452.0709999999999,3500.0,-0.0,0.0,-0.0,-0.0
2021-07-27 23:00:00,-0.0,949.5005000000001,2160.0,331.6284999999998,3500.0,-0.0,0.0,-0.0,-0.0
2021-07-28 00:00:00,-0.0,899.3725,2160.0,-0.0,3268.3055,-0.0,0.0,-0.0,-0.0
2021-07-28 01:00:00,-0.0,878.2410000000002,2160.0,-0.0,3144.8370000000004,-0.0,0.0,-0.0,-0.0
2021-07-28 02:00:00,-0.0,892.2420000000001,2160.0,-0.0,3033.2519999999995,-0.0,0.0,-0.0,-0.0
2021-07-28 03:00:00,-0.0,942.5195,2160.0,-0.0,2983.2265,-0.0,0.0,-0.0,-0.0
2021-07-28 04:00:00,-0.0,1026.0055,2160.0,-0.0,3020.2654999999995,-0.0,0.0,-0.0,-0.0
2021-07-28 05:00:00,189.44776369027508,1135.8555000000001,2160.0,-0.0,2939.228736309725,-0.0,0.0,-0.0,-0.0
2021-07-28 06:00:00,776.8552888954298,1262.3455,2160.0,-0.0,2481.4592111045704,-0.0,0.0,-0.0,-0.0
2021-07-28 07:00:00,1507.2445701080549,1394.1785,2160.0,-0.0,1843.3379298919456,-0.0,0.0,-0.0,-0.0
2021-07-28 08:00:00,2264.796709338551,1519.986,2160.0,-0.0,1101.9062906614495,-0.0,0.0,-0.0,-0.0
2021-07-28 09:00:00,2957.9519240124696,1629.8230000000003,2160.0,-0.0,344.51707598753046,-0.0,0.0,-0.0,-0.0
2021-07-28 10:00:00,3511.243536655259,1716.481,1854.3835380865057,-0.0,-0.0,-0.0,0.0,21.121074741764055,20.065021004675852
2021-07-28 11:00:00,3867.307315765037,1776.398,1446.8816842349634,-0.0,-0.0,-0.0,0.0,100.0,115.06301450257538
2021-07-28 12:00:00,3990.0976464168675,1810.1004999999998,1220.6208535831333,-0.0,-0.0,-0.0,0.0,100.0,210.05150820112513
2021-07-28 13:00:00,3867.307315765037,1822.0410000000002,1295.5246842349625,-0.0,-0.0,-0.0,0.0,100.0,305.030503050305
2021-07-28 14:00:00,3511.243536655259,1819.9545,1678.4139633447412,-0.0,-0.0,-0.0,0.0,100.0,400.0
2021-07-28 15:00:00,2957.95192401247,1813.708,2160.0,-0.0,-0.0,-0.0,83.40907598753029,-0.0,312.16097264470494
2021-07-28 16:00:00,2264.796709338551,1813.916,2160.0,-0.0,863.7622906614492,-0.0,100.0,-0.0,206.86659865270366
2021-07-28 17:00:00,1507.2445701080549,1830.4130000000002,2160.0,-0.0,1837.1004298919445,-0.0,100.0,-0.0,101.58275409810155
2021-07-28 18:00:00,776.8552888954298,1870.8235000000002,2160.0,-0.0,2729.3602450730127,-0.0,96.49396603155715,-0.0,-0.0
2021-07-28 19:00:00,189.44776369027508,1939.483,2160.0,-0.0,3424.3622363097243,-0.0,0.0,-0.0,-0.0
2021-07-28 20:00:00,-0.0,2036.7164999999998,2160.0,-0.0,3439.4455000000007,-0.0,0.0,-0.0,-0.0
2021-07-28 21:00:00,-0.0,2158.7475,2160.0,-0.0,3120.1785000000004,-0.0,0.0,-0.0,-0.0
2021-07-28 22:00:00,-0.0,2298.1075,2160.0,-0.0,2746.9775,-0.0,0.0,-0.0,-0.0
2021-07-28 23:00:00,-0.0,2444.5655,2160.0,-0.0,2404.6495,-0.0,0.0,-0.0,-0.0
2021-07-29 00:00:00,-0.0,2587.494,2160.0,-0.0,1645.4189999999994,-0.0,0.0,-0.0,-0.0
2021-07-29 01:00:00,-0.0,2713.1,2160.0,-0.0,1372.0549999999998,-0.0,0.0,-0.0,-0.0
2021-07-29 02:00:00,-0.0,2812.368,2160.0,-0.0,1171.9959999999996,-0.0,0.0,-0.0,-0.0
2021-07-29 03:00:00,-0.0,2878.057,2160.0,-0.0,1103.3050000000003,-0.0,0.0,-0.0,-0.0
2021-07-29 04:00:00,-0.0,2906.7090000000003,2160.0,-0.0,1191.8780000000002,-0.0,0.0,-0.0,-0.0
2021-07-29 05:00:00,210.0067514006894,2899.065,2160.0,-0.0,1204.4362485993104,-0.0,0.0,-0.0,-0.0
2021-07-29 06:00:00,890.5178210703485,2859.9415,2160.0,-0.0,815.7966789296519,-0.0,0.0,-0.0,-0.0
2021-07-29 07:00:00,1741.106118333641,2797.5285,2160.0,-0.0,248.3073816663591,-0.0,0.0,-0.0,-0.0
2021-07-29 08:00:00,2625.1119596852254,2722.2780000000002,1738.0310403147746,-0.0,-0.0,-0.0,0.0,-0.0,-0.0
2021-07-29 09:00:00,3434.8824574507557,2645.4935,1047.1690425492438,-0.0,-0.0,-0.0,0.0,-0.0,-0.0
2021-07-29 10:00:00,4081.706437305287,2577.7895,433.23906269471263,-0.0,-0.0,-0.0,0.0,-0.0,-0.0
2021-07-29 11:00:00,4498.130081108365,2527.668,-0.0,-0.0,-0.0,-0.0,0.0,6.994081108364298,6.6443770529460835
2021-07-29 12:00:00,4641.761197275936,2403.7238027240637,-0.0,-0.0,-0.0,-0.0,0.0,100.0,101.64371261524079
2021-07-29 13:00:00,4498.130081108365,2497.3325,-0.0,-0.0,-0.0,-0.0,0.0,89.4935811083642,186.65245029692525
2021-07-29 14:00:00,4081.706437305287,2515.7535000000003,354.3132975886383,-0.0,-0.0,-0.0,0.0,24.650234893925866,210.05150820112513
2021-07-29 15:00:00,3434.8824574507557,2549.2934999999998,1144.8070425492447,-0.0,-0.0,-0.0,0.0,100.0,305.030503050305
2021-07-29 16:00:00,2625.1119596852254,2588.8395000000005,2098.8305403147738,-0.0,-0.0,-0.0,0.0,100.0,400.0
2021-07-29 17:00:00,1741.106118333641,2623.8485,2160.0,-0.0,816.4983816663594,-0.0,100.0,-0.0,294.69684210526316
2021-07-29 18:00:00,890.5178210703485,2643.8035000000004,2160.0,-0.0,1842.2916789296514,-0.0,100.0,-0.0,189.4042145263158
2021-07-29 19:00:00,210.0067514006894,2639.7215,2160.0,-0.0,2603.02874859931,-0.0,100.0,-0.0,84.12211621012632
2021-07-29 20:00:00,-0.0,2605.46,2160.0,-0.0,2786.64598120142,-0.0,79.90801879858006,-0.0,-0.0
2021-07-29 21:00:00,-0.0,2538.5879999999997,2160.0,-0.0,2732.5830000000005,-0.0,0.0,-0.0,-0.0
2021-07-29 22:00:00,-0.0,2440.8345,2160.0,-0.0,2592.8985000000002,-0.0,0.0,-0.0,-0.0
2021-07-29 23:00:00,-0.0,2317.9129999999996,2160.0,-0.0,2516.366000000001,-0.0,0.0,-0.0,-0.0
2021-07-30 00:00:00,-0.0,2180.0805,2160.0,-0.0,2034.5784999999996,-0.0,0.0,-0.0,-0.0
2021-07-30 01:00:00,-0.0,2036.0600000000002,2160.0,-0.0,2027.2900000000002,-0.0,0.0,-0.0,-0.0
2021-07-30 02:00:00,-0.0,1899.0075000000002,2160.0,-0.0,2060.0215000000003,-0.0,0.0,-0.0,-0.0
2021-07-30 03:00:00,-0.0,1780.0705000000003,2160.0,-0.0,2172.4495,-0.0,0.0,-0.0,-0.0
2021-07-30 04:00:00,-0.0,1688.1605,2160.0,-0.0,2378.1065,-0.0,0.0,-0.0,-0.0
2021-07-30 05:00:00,230.0205216181875,1628.8220000000001,2160.0,-0.0,2418.896478381812,-0.0,0.0,-0.0,-0.0
2021-07-30 06:00:00,1011.1579119467458,1603.5695,2160.0,-0.0,1912.3445880532543,-0.0,0.0,-0.0,-0.0
2021-07-30 07:00:00,1992.9108355114925,1609.7250000000001,2160.0,-0.0,1141.743164488507,-0.0,0.0,-0.0,-0.0
2021-07-30 08:00:00,3015.3896679853083,1640.8275000000003,2160.0,-0.0,223.29983201469122,-0.0,0.0,-0.0,-0.0
2021-07-30 09:00:00,3953.0902433302726,1687.5625,1437.689256669727,-0.0,-0.0,-0.0,0.0,-0.0,-0.0
2021-07-30 10:00:00,4702.635649265921,1739.0424999999998,598.5988507340799,-0.0,-0.0,-0.0,0.0,-0.0,-0.0
2021-07-30 11:00:00,5185.398172066635,1784.2955000000002,14.566402675129211,-0.0,-0.0,-0.0,0.0,21.121074741764055,20.065021004675852
2021-07-30 12:00:00,5351.940675015183,1634.7213249848173,-0.0,-0.0,-0.0,-0.0,0.0,100.0,115.06301450257538
2021-07-30 13:00:00,5185.398172066635,1758.6438279333652,-0.0,-0.0,-0.0,-0.0,0.0,100.0,210.05150820112513
2021-07-30 14:00:00,4702.635649265921,1801.852,457.65835073407925,-0.0,-0.0,-0.0,0.0,100.0,305.030503050305
2021-07-30 15:00:00,3953.0902433302726,1758.133,1349.7907566697277,-0.0,-0.0,-0.0,0.0,100.0,400.0
2021-07-30 16:00:00,3015.3896679853083,1694.3485,2160.0,-0.0,230.05651014702568,-0.0,42.0873218676656,-0.0,355.65755592877304
2021-07-30 17:00:00,1992.9108355114925,1618.539,2160.0,-0.0,1596.234164488508,-0.0,0.0,-0.0,355.62199017318017
2021-07-30 18:00:00,1011.1579119467458,1540.8835000000001,2160.0,-0.0,2847.9995880532542,-0.0,0.0,-0.0,355.58642797416286
2021-07-30 19:00:00,230.0205216181875,1472.2565000000002,2160.0,171.17197838181164,3500.0,-0.0,100.0,-0.0,250.2877114366286
2021-07-30 20:00:00,-0.0,1422.72,2160.0,367.3199999999997,3500.0,-0.0,100.0,-0.0,144.9995247707481
2021-07-30 21:00:00,-0.0,1400.113,2160.0,186.48999999999978,3500.0,-0.0,100.0,-0.0,39.721866923534186
2021-07-30 22:00:00,-0.0,1408.914,2160.0,-0.0,3500.0,-0.0,37.73199999999974,-0.0,-0.0
2021-07-30 23:00:00,-0.0,1449.5910000000001,2160.0,-0.0,3295.1579999999994,-0.0,0.0,-0.0,-0.0
2021-07-31 00:00:00,-0.0,1519.843,2160.0,-0.0,2167.0250000000005,-0.0,0.0,-0.0,-0.0
2021-07-31 01:00:00,-0.0,1609.4845,2160.0,-0.0,1923.7904999999996,-0.0,0.0,-0.0,-0.0
2021-07-31 02:00:00,-0.0,1709.6885,2160.0,-0.0,1717.0644999999997,-0.0,0.0,-0.0,-0.0
2021-07-31 03:00:00,-0.0,1808.729,2160.0,-0.0,1609.3980000000004,-0.0,0.0,-0.0,-0.0
2021-07-31 04:00:00,-0.0,1894.9254999999998,2160.0,-0.0,1634.9185000000002,-0.0,0.0,-0.0,-0.0
2021-07-31 05:00:00,220.0228255683078,1958.0860000000002,2160.0,-0.0,1561.2641744316916,-0.0,0.0,-0.0,-0.0
2021-07-31 06:00:00,1005.472947526226,1990.8590000000002,2160.0,-0.0,990.5200524737737,-0.0,0.0,-0.0,-0.0
2021-07-31 07:00:00,1998.393640636886,1989.637,2160.0,-0.0,214.36635936311427,-0.0,0.0,-0.0,-0.0
2021-07-31 08:00:00,3034.76020408195,1955.0049999999999,1506.0997959180495,-0.0,-0.0,-0.0,0.0,-0.0,-0.0
2021-07-31 09:00:00,3986.348510398163,1891.5715000000002,655.1949896018368,-0.0,-0.0,-0.0,0.0,-0.0,-0.0
2021-07-31 10:00:00,4747.551769019425,1807.3120000000001,-0.0,-0.0,-0.0,-0.0,0.0,61.29376901942487,58.229080568453625
2021-07-31 11:00:00,5238.026975231168,1277.021024768832,-0.0,-0.0,-0.0,-0.0,0.0,100.0,153.22325766039677
2021-07-31 12:00:00,5407.271061487311,1030.0139385126886,-0.0,-0.0,-0.0,-0.0,0.0,100.0,248.20793533463072
2021-07-31 13:00:00,5238.026975231168,1155.450024768832,-0.0,-0.0,-0.0,-0.0,0.0,100.0,343.18311454109727
2021-07-31 14:00:00,4747.551769019425,1470.0660000000003,92.8772309805754,-0.0,-0.0,-0.0,0.0,-0.0,343.14879622964315
2021-07-31 15:00:00,3986.348510398163,1429.7075,1031.2887930298248,-0.0,-0.0,-0.0,0.0,38.96880342798741,380.1348446066082
2021-07-31 16:00:00,3034.76020408195,1414.5495000000003,2160.0,-0.0,-0.0,-0.0,0.0,20.95070408194988,400.0
2021-07-31 17:00:00,1998.393640636886,1421.6475,2160.0,-0.0,1133.3368593631137,-0.0,100.0,-0.0,294.69684210526316
2021-07-31 18:00:00,1005.472947526226,1444.3975,2160.0,-0.0,2295.184552473774,-0.0,100.0,-0.0,189.4042145263158
2021-07-31 19:00:00,220.0228255683078,1473.4785,2160.0,-0.0,3124.3856744316918,-0.0,100.0,-0.0,84.12211621012632
2021-07-31 20:00:00,-0.0,1498.146,2160.0,-0.0,3255.9519812014205,-0.0,79.90801879858006,-0.0,-0.0
2021-07-31 21:00:00,-0.0,1507.7205,2160.0,-0.0,3122.4815000000003,-0.0,0.0,-0.0,-0.0
2021-07-31 22:00:00,-0.0,1493.063,2160.0,-0.0,2896.919,-0.0,0.0,-0.0,-0.0
2021-07-31 23:00:00,-0.0,1447.9140000000002,2160.0,-0.0,2740.0129999999995,-0.0,0.0,-0.0,-0.0
2021-08-01 00:00:00,-0.0,1371.279,2160.0,-0.0,2195.114,-0.0,0.0,-0.0,-0.0
2021-08-01 01:00:00,-0.0,1261.7605,2160.0,-0.0,2151.0924999999997,-0.0,0.0,-0.0,-0.0
2021-08-01 02:00:00,-0.0,1126.5735,2160.0,-0.0,2179.9145000000003,-0.0,0.0,-0.0,-0.0
2021-08-01 03:00:00,-0.0,974.74,2160.0,-0.0,2323.385,-0.0,0.0,-0.0,-0.0
2021-08-01 04:00:00,-0.0,817.4855,2160.0,-0.0,2592.7235,-0.0,0.0,-0.0,-0.0
2021-08-01 05:00:00,183.87306797618774,666.8025,2160.0,-0.0,2769.5344320238123,-0.0,0.0,-0.0,-0.0
2021-08-01 06:00:00,876.2441496265865,533.9295,2160.0,-0.0,2458.092350373413,-0.0,0.0,-0.0,-0.0
2021-08-01 07:00:00,1756.8745433534878,427.9015,2160.0,-0.0,1899.713956646512,-0.0,0.0,-0.0,-0.0
2021-08-01 08:00:00,2678.126703322271,354.42550000000006,2160.0,-0.0,1186.1887966777285,-0.0,0.0,-0.0,-0.0
2021-08-01 09:00:00,3525.057755155553,315.198,2160.0,-0.0,416.62024484444737,-0.0,0.0,-0.0,-0.0
2021-08-01 10:00:00,4203.063274773495,307.75550000000004,1888.619299968269,-0.0,-0.0,-0.0,0.0,21.121074741764055,20.065021004675852
2021-08-01 11:00:00,4640.131670836434,325.85800000000006,1434.8923291635656,-0.0,-0.0,-0.0,0.0,100.0,115.06301450257538
2021-08-01 12:00:00,4790.973135196842,360.4315,1172.902364803158,-0.0,-0.0,-0.0,0.0,100.0,210.05150820112513
2021-08-01 13:00:00,4640.131670836434,400.86150000000004,1240.791829163566,-0.0,-0.0,-0.0,0.0,100.0,305.030503050305
2021-08-01 14:00:00,4203.063274773495,436.449,1660.6737252265048,-0.0,-0.0,-0.0,0.0,100.0,400.0
2021-08-01 15:00:00,3525.057755155553,457.9445,2160.0,-0.0,156.54474484444654,-0.0,0.0,-0.0,399.96
2021-08-01 16:00:00,2678.126703322271,458.8155,2160.0,-0.0,1184.1637966777284,-0.0,0.0,-0.0,399.920004
2021-08-01 17:00:00,1756.8745433534878,436.176,2160.0,-0.0,2354.744456646512,-0.0,0.0,-0.0,399.8800119996
2021-08-01 18:00:00,876.2441496265865,391.183,2160.0,-0.0,3473.806850373414,-0.0,0.0,-0.0,399.84002399840006
2021-08-01 19:00:00,183.87306797618774,328.9195,2160.0,703.1274320238126,3500.0,-0.0,100.0,-0.0,294.5368821012634
2021-08-01 20:00:00,-0.0,257.699,2160.0,876.2830000000004,3500.0,-0.0,100.0,-0.0,189.24427051831645
2021-08-01 21:00:00,-0.0,195.0,2160.0,737.2079999999996,3500.0,-0.0,100.0,-0.0,83.96218819652778
2021-08-01 22:00:00,-0.0,195.0,2160.0,519.348897621177,3500.0,-0.0,79.75610237882272,-0.0,-0.0
2021-08-01 23:00:00,-0.0,195.0,2160.0,399.2510000000002,3500.0,-0.0,0.0,-0.0,-0.0
2021-08-02 00:00:00,-0.0,195.0,2160.0,216.39800000000014,3500.0,-0.0,0.0,-0.0,-0.0
2021-08-02 01:00:00,-0.0,195.0,2160.0,65.22199999999975,3500.0,-0.0,0.0,-0.0,-0.0
2021-08-02 02:00:00,-0.0,195.0,2160.0,-0.0,3461.3,-0.0,0.0,-0.0,-0.0
2021-08-02 03:00:00,-0.0,295.035,2160.0,-0.0,3355.4220000000005,-0.0,0.0,-0.0,-0.0
2021-08-02 04:00:00,-0.0,420.60850000000005,2160.0,-0.0,3344.5265,-0.0,0.0,-0.0,-0.0
2021-08-02 05:00:00,150.70056545774509,561.0735000000001,2160.0,-0.0,3266.0269345422553,-0.0,0.0,-0.0,-0.0
2021-08-02 06:00:00,751.4873603767093,704.678,2160.0,-0.0,2772.427639623291,-0.0,0.0,-0.0,-0.0
2021-08-02 07:00:00,1520.5870835863868,839.6635,2160.0,-0.0,2087.369416413613,-0.0,0.0,-0.0,-0.0
2021-08-02 08:00:00,2327.0433941196957,955.747,2160.0,-0.0,1301.9496058803043,-0.0,0.0,-0.0,-0.0
2021-08-02 09:00:00,3069.4090820587394,1045.4340000000002,2160.0,-0.0,510.96291794126,-0.0,0.0,-0.0,-0.0
2021-08-02 10:00:00,3664.161728320147,1104.9350000000002,2002.2633464216165,-0.0,-0.0,-0.0,0.0,21.121074741764055,20.065021004675852
2021-08-02 11:00:00,4047.7375496848317,1134.6075,1593.5099503151678,-0.0,-0.0,-0.0,0.0,100.0,115.06301450257538
2021-08-02 12:00:00,4180.145761953275,1138.826,1383.4122380467252,-0.0,-0.0,-0.0,0.0,100.0,210.05150820112513
2021-08-02 13:00:00,4047.7375496848317,1125.293,1489.9884503151688,-0.0,-0.0,-0.0,0.0,100.0,305.030503050305
2021-08-02 14:00:00,3664.161728320147,1103.9145,1916.5517716798527,-0.0,-0.0,-0.0,0.0,100.0,400.0
2021-08-02 15:00:00,3069.4090820587394,1085.4285,2160.0,-0.0,272.4064179412603,-0.0,100.0,-0.0,294.69684210526316
2021-08-02 16:00:00,2327.0433941196957,1079.845,2160.0,-0.0,1268.7418098403975,-0.0,36.47179603990649,-0.0,256.27600816851947
2021-08-02 17:00:00,1520.5870835863868,1095.029,2160.0,-0.0,2326.5149164136137,-0.0,0.0,-0.0,256.2503805677026
2021-08-02 18:00:00,751.4873603767093,1135.6215,2160.0,-0.0,3251.8411396232905,-0.0,0.0,-0.0,256.22475552964585
2021-08-02 19:00:00,150.70056545774509,1202.3115,2160.0,264.03893454225545,3500.0,-0.0,100.0,-0.0,150.93597515935608
2021-08-02 20:00:00,-0.0,1291.7385000000002,2160.0,246.8224999999993,3500.0,-0.0,100.0,-0.0,45.657723667103305
2021-08-02 21:00:00,-0.0,1396.8954999999999,2160.0,-0.0,3500.0,-0.0,43.370499999999765,-0.0,-0.0
2021-08-02 22:00:00,-0.0,1508.0584999999999,2160.0,-0.0,3197.6105,-0.0,0.0,-0.0,-0.0
2021-08-02 23:00:00,-0.0,1614.0735,2160.0,-0.0,2895.2724999999996,-0.0,0.0,-0.0,-0.0
2021-08-03 00:00:00,-0.0,1705.691,2160.0,-0.0,2188.4530000000004,-0.0,0.0,-0.0,-0.0
2021-08-03 01:00:00,-0.0,1769.7485,2160.0,-0.0,1976.7894999999996,-0.0,0.0,-0.0,-0.0
2021-08-03 02:00:00,-0.0,1801.4295,2160.0,-0.0,1844.7704999999999,-0.0,0.0,-0.0,-0.0
2021-08-03 03:00:00,-0.0,1797.8870000000002,2160.0,-0.0,1846.0669999999996,-0.0,0.0,-0.0,-0.0
2021-08-03 04:00:00,-0.0,1760.4730000000002,2160.0,-0.0,2001.765,-0.0,0.0,-0.0,-0.0
2021-08-03 05:00:00,134.38079690573562,1694.5760000000002,2160.0,-0.0,2149.5612030942643,-0.0,0.0,-0.0,-0.0
2021-08-03 06:00:00,703.9064135510871,1608.9645,2160.0,-0.0,1920.054086448913,-0.0,0.0,-0.0,-0.0
2021-08-03 07:00:00,1437.9835703899544,1514.6365,2160.0,-0.0,1502.9479296100458,-0.0,0.0,-0.0,-0.0
2021-08-03 08:00:00,2209.6010957298404,1423.4089999999999,2160.0,-0.0,963.2899042701602,-0.0,0.0,-0.0,-0.0
2021-08-03 09:00:00,2920.8342522194425,1346.3450000000003,2160.0,-0.0,373.79374778055717,-0.0,0.0,-0.0,-0.0
2021-08-03 10:00:00,3491.1011196135905,1292.382,2006.6399551281747,-0.0,-0.0,-0.0,0.0,21.121074741764055,20.065021004675852
2021-08-03 11:00:00,3859.061666939584,1267.1490000000001,1671.992333060416,-0.0,-0.0,-0.0,0.0,100.0,115.06301450257538
2021-08-03 12:00:00,3986.109594867559,1272.2905,1469.9019051324408,-0.0,-0.0,-0.0,0.0,100.0,210.05150820112513
2021-08-03 13:00:00,3859.061666939584,1305.3429999999998,1528.0843330604157,-0.0,-0.0,-0.0,0.0,100.0,305.030503050305
2021-08-03 14:00:00,3491.1011196135905,1360.1055000000001,1866.4203803864102,-0.0,-0.0,-0.0,0.0,100.0,400.0
2021-08-03 15:00:00,2920.8342522194425,1427.5755000000001,2160.0,-0.0,115.33924778055734,-0.0,100.0,-0.0,294.69684210526316
2021-08-03 16:00:00,2209.6010957298404,1497.223,2160.0,-0.0,945.2619042701599,-0.0,100.0,-0.0,189.4042145263158
2021-08-03 17:00:00,1437.9835703899544,1558.4985000000001,2160.0,-0.0,1896.1251473441307,-0.0,92.956782265915,-0.0,91.53602961442633
2021-08-03 18:00:00,703.9064135510871,1602.3020000000001,2160.0,-0.0,2879.5895864489125,-0.0,0.0,-0.0,91.52687601146488
2021-08-03 19:00:00,134.38079690573562,1622.296,2160.0,-0.0,3500.0,-0.0,10.601203094264577,-0.0,80.35856217200629
2021-08-03 20:00:00,-0.0,1615.7960000000003,2160.0,-0.0,3500.0,-0.0,76.33299999999963,-0.0,-0.0
2021-08-03 21:00:00,-0.0,1584.1930000000002,2160.0,-0.0,3412.941,-0.0,0.0,-0.0,-0.0
2021-08-03 22:00:00,-0.0,1532.817,2160.0,-0.0,3232.974,-0.0,0.0,-0.0,-0.0
2021-08-03 23:00:00,-0.0,1470.2350000000001,2160.0,-0.0,3102.44,-0.0,0.0,-0.0,-0.0
2021-08-04 00:00:00,-0.0,1409.1025000000002,2160.0,-0.0,2551.7745000000004,-0.0,0.0,-0.0,-0.0
2021-08-04 01:00:00,-0.0,1356.8360000000002,2160.0,-0.0,2459.54,-0.0,0.0,-0.0,-0.0
2021-08-04 02:00:00,-0.0,1325.9415000000001,2160.0,-0.0,2393.1465,-0.0,0.0,-0.0,-0.0
2021-08-04 03:00:00,-0.0,1324.6935,2160.0,-0.0,2395.1404999999995,-0.0,0.0,-0.0,-0.0
2021-08-04 04:00:00,-0.0,1357.9930000000002,2160.0,-0.0,2483.057,-0.0,0.0,-0.0,-0.0
2021-08-04 05:00:00,121.91430703961727,1426.646,2160.0,-0.0,2511.6366929603832,-0.0,0.0,-0.0,-0.0
2021-08-04 06:00:00,673.8153087735081,1527.2920000000001,2160.0,-0.0,2116.300691226492,-0.0,0.0,-0.0,-0.0
2021-08-04 07:00:00,1390.3168590148848,1652.7549999999999,2160.0,-0.0,1499.7151409851153,-0.0,0.0,-0.0,-0.0
2021-08-04 08:00:00,2145.3695742329114,1793.0185000000001,2160.0,-0.0,747.7969257670889,-0.0,0.0,-0.0,-0.0
2021-08-04 09:00:00,2842.286177004027,1936.5060000000003,2114.6588229959725,-0.0,-0.0,-0.0,0.0,-0.0,-0.0
2021-08-04 10:00:00,3401.538425833418,2071.589,1390.8735741665823,-0.0,-0.0,-0.0,0.0,-0.0,-0.0
2021-08-04 11:00:00,3762.5704227719034,2188.0755000000004,866.1191519698605,-0.0,-0.0,-0.0,0.0,21.121074741764055,20.065021004675852
2021-08-04 12:00:00,3887.2536995508267,2278.5620000000004,662.2913004491734,-0.0,-0.0,-0.0,0.0,100.0,115.06301450257538
2021-08-04 13:00:00,3762.5704227719034,2339.2915000000003,692.7160772280968,-0.0,-0.0,-0.0,0.0,100.0,210.05150820112513
2021-08-04 14:00:00,3401.538425833418,2370.641,1049.737574166582,-0.0,-0.0,-0.0,0.0,100.0,305.030503050305
2021-08-04 15:00:00,2842.286177004027,2376.9525,1710.9173229959724,-0.0,-0.0,-0.0,0.0,100.0,400.0
2021-08-04 16:00:00,2145.3695742329114,2365.8765000000003,2160.0,-0.0,249.27692576708841,-0.0,100.0,-0.0,294.69684210526316
2021-08-04 17:00:00,1390.3168590148848,2347.2475,2160.0,-0.0,1258.380640985115,-0.0,100.0,-0.0,189.4042145263158
2021-08-04 18:00:00,673.8153087735081,2331.6735000000003,2160.0,-0.0,2192.5431912264917,-0.0,100.0,-0.0,84.12211621012632
2021-08-04 19:00:00,121.91430703961727,2329.0215,2160.0,-0.0,2850.4301741618033,-0.0,79.90801879858006,-0.0,-0.0
2021-08-04 20:00:00,-0.0,2347.0005,2160.0,-0.0,2960.7945,-0.0,0.0,-0.0,-0.0
2021-08-04 21:00:00,-0.0,2390.0370000000003,2160.0,-0.0,2724.3379999999997,-0.0,0.0,-0.0,-0.0
2021-08-04 22:00:00,-0.0,2458.625,2160.0,-0.0,2425.888,-0.0,0.0,-0.0,-0.0
2021-08-04 23:00:00,-0.0,2549.1635,2160.0,-0.0,2143.6164999999996,-0.0,0.0,-0.0,-0.0
2021-08-05 00:00:00,-0.0,2656.5305,2160.0,-0.0,1425.9835000000003,-0.0,0.0,-0.0,-0.0
2021-08-05 01:00:00,-0.0,2766.4715,2160.0,-0.0,1172.7284999999997,-0.0,0.0,-0.0,-0.0
2021-08-05 02:00:00,-0.0,2869.698,2160.0,-0.0,973.3020000000001,-0.0,0.0,-0.0,-0.0
2021-08-05 03:00:00,-0.0,2954.8610000000003,2160.0,-0.0,889.8709999999996,-0.0,0.0,-0.0,-0.0
2021-08-05 04:00:00,-0.0,3012.1910000000003,2160.0,-0.0,954.6410000000001,-0.0,0.0,-0.0,-0.0
2021-08-05 05:00:00,101.99242741081294,3034.7850000000003,2160.0,-0.0,1049.9855725891866,-0.0,0.0,-0.0,-0.0
2021-08-05 06:00:00,597.7544054920705,3019.5295,2160.0,-0.0,827.3690945079296,-0.0,0.0,-0.0,-0.0
2021-08-05 07:00:00,1246.3059284140445,2967.5295,2160.0,-0.0,456.7725715859556,-0.0,0.0,-0.0,-0.0
2021-08-05 08:00:00,1931.558552460301,2883.9525,2158.9669475396995,-0.0,-0.0,-0.0,0.0,-0.0,-0.0
2021-08-05 09:00:00,2564.9358761693143,2777.3525000000004,1679.8236238306858,-0.0,-0.0,-0.0,0.0,-0.0,-0.0
2021-08-05 10:00:00,3073.6360491386513,2658.5455,1278.8362413575314,-0.0,-0.0,-0.0,0.0,18.09379049618253,17.189100971373403
2021-08-05 11:00:00,3402.2000380720137,2539.186,1083.338961927987,-0.0,-0.0,-0.0,0.0,100.0,112.18738206127627
2021-08-05 12:00:00,3515.697167187283,2430.2135000000003,1011.3303328127172,-0.0,-0.0,-0.0,0.0,100.0,207.17616332307014
2021-08-05 13:00:00,3402.2000380720137,2340.468,1180.990961927986,-0.0,-0.0,-0.0,0.0,100.0,302.15544570673785
2021-08-05 14:00:00,3073.6360491386513,2275.5005,1601.704450861349,-0.0,-0.0,-0.0,0.0,100.0,397.12523016216716
2021-08-05 15:00:00,2564.9358761693147,2236.949,2160.0,-0.0,-0.0,-0.0,0.0,3.0678761693147862,400.0
2021-08-05 16:00:00,1931.558552460301,2222.337,2160.0,-0.0,834.9214475396991,-0.0,0.0,-0.0,399.96
2021-08-05 17:00:00,1246.3059284140445,2225.5285,2160.0,-0.0,1751.9315715859552,-0.0,0.0,-0.0,399.920004
2021-08-05 18:00:00,597.7544054920705,2237.5860000000002,2160.0,-0.0,2589.9365945079294,-0.0,0.0,-0.0,399.8800119996
2021-08-05 19:00:00,101.99242741081294,2248.116,2160.0,-0.0,3157.731572589187,-0.0,0.0,-0.0,399.84002399840006
2021-08-05 20:00:00,-0.0,2246.7185,2160.0,-0.0,3186.8595000000005,-0.0,0.0,-0.0,399.80003999600024
2021-08-05 21:00:00,-0.0,2224.5015000000003,2160.0,-0.0,3014.7715,-0.0,0.0,-0.0,399.76005999200066
2021-08-05 22:00:00,-0.0,2175.3355,2160.0,-0.0,2833.0885,-0.0,0.0,-0.0,399.72008398600144
2021-08-05 23:00:00,-0.0,2096.809,2160.0,-0.0,2718.795,-0.0,0.0,-0.0,399.68011197760285
2021-08-06 00:00:00,-0.0,1992.8999999999999,2160.0,-0.0,2211.495000000001,-0.0,0.0,-0.0,399.6401439664051
2021-08-06 01:00:00,-0.0,1864.6680000000001,2160.0,-0.0,2195.127,-0.0,0.0,-0.0,399.6001799520085
2021-08-06 02:00:00,-0.0,1723.3189999999997,2160.0,-0.0,2238.8920000000007,-0.0,0.0,-0.0,399.5602199340133
2021-08-06 03:00:00,-0.0,1579.8899999999999,2160.0,-0.0,2382.573,-0.0,0.0,-0.0,399.52026391201986
2021-08-06 04:00:00,-0.0,1446.1460000000002,2160.0,-0.0,2636.842,-0.0,0.0,-0.0,399.4803118856287
2021-08-06 05:00:00,84.74150089337348,1333.0005,2160.0,-0.0,2883.505999106626,-0.0,0.0,-0.0,399.44036385444014
2021-08-06 06:00:00,529.6757313484965,1249.1505,2160.0,-0.0,2778.549768651504,-0.0,0.0,-0.0,399.4004198180547
2021-08-06 07:00:00,1116.4767786682723,1199.8805000000002,2160.0,-0.0,2465.1207213317275,-0.0,0.0,-0.0,399.36047977607285
2021-08-06 08:00:00,1738.165619495441,1186.432,2160.0,-0.0,1998.807380504559,-0.0,0.0,-0.0,399.32054372809523
2021-08-06 09:00:00,2313.6334942096546,1205.8345000000002,2160.0,-0.0,1449.5410057903455,-0.0,0.0,-0.0,399.28061167372243
2021-08-06 10:00:00,2776.229095811716,1251.328,2160.0,-0.0,910.1469041882838,-0.0,0.0,-0.0,399.2406836125551
2021-08-06 11:00:00,3075.1614329109675,1313.2730000000001,2160.0,-0.0,478.86856708903224,-0.0,0.0,-0.0,399.20075954419383
2021-08-06 12:00:00,3178.452580641986,1380.4765,2160.0,-0.0,238.60591935801403,-0.0,0.0,-0.0,399.16083946823943
2021-08-06 13:00:00,3075.1614329109675,1441.6480000000001,2160.0,-0.0,244.7795670890323,-0.0,0.0,-0.0,399.1209233842926
2021-08-06 14:00:00,2776.229095811716,1486.9465,2160.0,-0.0,523.1524041882844,-0.0,0.0,-0.0,399.0810112919542
2021-08-06 15:00:00,2313.6334942096546,1509.2545000000002,2160.0,-0.0,1068.8970057903452,-0.0,0.0,-0.0,399.041103190825
2021-08-06 16:00:00,1738.165619495441,1505.1075,2160.0,-0.0,1835.9178805045588,-0.0,0.0,-0.0,399.00119908050596
2021-08-06 17:00:00,1116.4767786682723,1475.1164999999999,2160.0,-0.0,2719.8807213317277,-0.0,0.0,-0.0,398.9612989605979
2021-08-06 18:00:00,529.6757313484966,1423.8315000000002,2160.0,-0.0,3500.0,-0.0,56.742768651503184,-0.0,339.1921726712248
2021-08-06 19:00:00,84.74150089337348,1359.0915,2160.0,546.1759991066265,3500.0,-0.0,100.0,-0.0,233.89509555922086
2021-08-06 20:00:00,-0.0,1290.848,2160.0,622.031,3500.0,-0.0,100.0,-0.0,128.6085481549281
2021-08-06 21:00:00,-0.0,1229.826,2160.0,485.8159999999998,3500.0,-0.0,100.0,-0.0,23.33252940537575
2021-08-06 22:00:00,-0.0,1185.9445,2160.0,373.6928136551869,3500.0,-0.0,22.163686344813453,-0.0,-0.0
2021-08-06 23:00:00,-0.0,1166.9385,2160.0,218.99349999999959,3500.0,-0.0,0.0,-0.0,-0.0
2021-08-07 00:00:00,-0.0,1179.659,2160.0,-0.0,2656.0530000000003,-0.0,0.0,-0.0,-0.0
2021-08-07 01:00:00,-0.0,1219.66,2160.0,-0.0,2468.295,-0.0,0.0,-0.0,-0.0
2021-08-07 02:00:00,-0.0,1285.713,2160.0,-0.0,2301.45,-0.0,0.0,-0.0,-0.0
2021-08-07 03:00:00,-0.0,1370.421,2160.0,-0.0,2213.74,-0.0,0.0,-0.0,-0.0
2021-08-07 04:00:00,-0.0,1463.657,2160.0,-0.0,2237.7299999999996,-0.0,0.0,-0.0,-0.0
2021-08-07 05:00:00,84.11051885100976,1553.825,2160.0,-0.0,2278.3714811489904,-0.0,0.0,-0.0,-0.0
2021-08-07 06:00:00,564.4287519924716,1629.3615,2160.0,-0.0,1975.2647480075289,-0.0,0.0,-0.0,-0.0
2021-08-07 07:00:00,1203.3746453763258,1680.2630000000001,2160.0,-0.0,1506.1033546236742,-0.0,0.0,-0.0,-0.0
2021-08-07 08:00:00,1882.2255584102513,1699.3860000000002,2160.0,-0.0,946.6084415897485,-0.0,0.0,-0.0,-0.0
2021-08-07 09:00:00,2511.5474441382466,1683.3635000000002,2160.0,-0.0,375.4340558617532,-0.0,0.0,-0.0,-0.0
2021-08-07 10:00:00,3017.889091997778,1633.0144999999998,2144.6304080022223,-0.0,-0.0,-0.0,0.0,100.0,95.0
2021-08-07 11:00:00,3345.2707553566133,1553.2400000000002,1823.092244643386,-0.0,-0.0,-0.0,0.0,100.0,189.9905
2021-08-07 12:00:00,3458.412574195601,1452.3015,1737.5699258043992,-0.0,-0.0,-0.0,0.0,100.0,284.97150095
2021-08-07 13:00:00,3345.2707553566133,1340.7355000000002,1922.761744643386,-0.0,-0.0,-0.0,0.0,100.0,379.943003799905
2021-08-07 14:00:00,3017.889091997778,1229.9170000000001,2160.0,-0.0,122.1159080022212,-0.0,0.0,-0.0,379.905009499525
2021-08-07 15:00:00,2511.5474441382466,1130.5255,2160.0,-0.0,829.7090558617538,-0.0,0.0,-0.0,379.8670189985751
2021-08-07 16:00:00,1882.2255584102513,1051.1280000000002,2160.0,-0.0,1722.2284415897489,-0.0,0.0,-0.0,379.8290322966752
2021-08-07 17:00:00,1203.3746453763258,997.0545,2160.0,-0.0,2683.822854623674,-0.0,0.0,-0.0,379.7910493934456
2021-08-07 18:00:00,564.4287519924717,969.7154999999999,2160.0,-0.0,3500.0,-0.0,45.26774800752867,-0.0,332.10280922794976
2021-08-07 19:00:00,84.11051885100976,966.4330000000001,2160.0,505.01248114898954,3500.0,-0.0,100.0,-0.0,226.80644105229015
2021-08-07 20:00:00,-0.0,980.8955000000001,2160.0,493.9175,3500.0,-0.0,100.0,-0.0,121.52060251344808
2021-08-07 21:00:00,-0.0,1004.0355,2160.0,269.9345000000003,3500.0,-0.0,100.0,-0.0,16.24529255845991
2021-08-07 22:00:00,-0.0,1025.3295,2160.0,95.77101537225644,3500.0,-0.0,15.43148462774386,-0.0,-0.0
2021-08-07 23:00:00,-0.0,1034.2865000000002,2160.0,-0.0,3402.7915000000003,-0.0,0.0,-0.0,-0.0
2021-08-08 00:00:00,-0.0,1024.5495,2160.0,-0.0,2795.1285,-0.0,0.0,-0.0,-0.0
2021-08-08 01:00:00,-0.0,984.8085000000001,2160.0,-0.0,2683.5604999999996,-0.0,0.0,-0.0,-0.0
2021-08-08 02:00:00,-0.0,915.2389999999999,2160.0,-0.0,2648.8079999999995,-0.0,0.0,-0.0,-0.0
2021-08-08 03:00:00,-0.0,817.5635000000001,2160.0,-0.0,2739.9754999999996,-0.0,0.0,-0.0,-0.0
2021-08-08 04:00:00,-0.0,697.502,2160.0,-0.0,2973.784,-0.0,0.0,-0.0,-0.0
2021-08-08 05:00:00,94.35938250998568,564.0699999999999,2160.0,-0.0,3224.3286174900145,-0.0,0.0,-0.0,-0.0
2021-08-08 06:00:00,685.1239772220852,428.4475,2160.0,-0.0,3018.519522777915,-0.0,0.0,-0.0,-0.0
2021-08-08 07:00:00,1478.2316482378155,302.536,2160.0,-0.0,2568.6293517621843,-0.0,0.0,-0.0,-0.0
2021-08-08 08:00:00,2323.331014336468,197.4505,2160.0,-0.0,1963.753485663532,-0.0,0.0,-0.0,-0.0
2021-08-08 09:00:00,3107.9908772316203,195.0,2160.0,-0.0,1220.3701227683796,-0.0,0.0,-0.0,-0.0
2021-08-08 10:00:00,3739.904077560779,195.0,2160.0,-0.0,550.3919224392212,-0.0,0.0,-0.0,-0.0
2021-08-08 11:00:00,4148.6885504237825,195.0,2160.0,-0.0,64.46944957621781,-0.0,0.0,-0.0,-0.0
2021-08-08 12:00:00,4290.010149795518,195.0,2106.670850204481,-0.0,-0.0,-0.0,0.0,100.0,95.0
2021-08-08 13:00:00,4148.6885504237825,195.0,2160.0,-0.0,-0.0,-0.0,0.0,54.628550423782144,146.88762290259302
2021-08-08 14:00:00,3739.904077560779,243.022,2160.0,-0.0,324.2389224392209,-0.0,0.0,-0.0,146.87293414030276
2021-08-08 15:00:00,3107.9908772316203,326.2155000000001,2160.0,-0.0,971.8256227683796,-0.0,0.0,-0.0,146.85824684688873
2021-08-08 16:00:00,2323.331014336468,405.5155,2160.0,-0.0,1858.0544856635324,-0.0,0.0,-0.0,146.84356102220406
2021-08-08 17:00:00,1478.2316482378155,471.32150000000007,2160.0,-0.0,2863.149851762185,-0.0,0.0,-0.0,146.82887666610185
2021-08-08 18:00:00,685.1239772220852,516.7305,2160.0,203.20452277791537,3500.0,-0.0,100.0,-0.0,41.55103588369842
2021-08-08 19:00:00,94.35938250998568,538.499,2160.0,906.1390807489097,3500.0,-0.0,39.46953674110455,-0.0,-0.0
2021-08-08 20:00:00,-0.0,537.4330000000001,2160.0,957.625,3500.0,-0.0,0.0,-0.0,-0.0
2021-08-08 21:00:00,-0.0,518.2515,2160.0,773.3705,3500.0,-0.0,0.0,-0.0,-0.0
2021-08-08 22:00:00,-0.0,488.917,2160.0,562.7469999999998,3500.0,-0.0,0.0,-0.0,-0.0
2021-08-08 23:00:00,-0.0,459.5175,2160.0,390.2494999999999,3500.0,-0.0,0.0,-0.0,-0.0
2021-08-09 00:00:00,-0.0,443.57300000000004,2160.0,222.81700000000046,3500.0,-0.0,0.0,-0.0,-0.0
2021-08-09 01:00:00,-0.0,445.5945,2160.0,67.20349999999962,3500.0,-0.0,0.0,-0.0,-0.0
2021-08-09 02:00:00,-0.0,476.0665,2160.0,-0.0,3430.2084999999997,-0.0,0.0,-0.0,-0.0
2021-08-09 03:00:00,-0.0,539.37,2160.0,-0.0,3358.2799999999997,-0.0,0.0,-0.0,-0.0
2021-08-09 04:00:00,-0.0,635.882,2160.0,-0.0,3373.484,-0.0,0.0,-0.0,-0.0
2021-08-09 05:00:00,97.26312511270807,761.8195,2160.0,-0.0,3359.812374887292,-0.0,0.0,-0.0,-0.0
2021-08-09 06:00:00,771.1764505141562,909.675,2160.0,-0.0,2785.5235494858434,-0.0,0.0,-0.0,-0.0
2021-08-09 07:00:00,1684.7894395428666,1069.1395,2160.0,-0.0,1927.990060457133,-0.0,0.0,-0.0,-0.0
2021-08-09 08:00:00,2661.2555912380994,1228.4025,2160.0,-0.0,925.7289087619001,-0.0,0.0,-0.0,-0.0
2021-08-09 09:00:00,3569.3367668274464,1375.673,2067.6272331725536,-0.0,-0.0,-0.0,0.0,-0.0,-0.0
2021-08-09 10:00:00,4301.337196361835,1500.6744999999999,1171.0803036381649,-0.0,-0.0,-0.0,0.0,-0.0,-0.0
2021-08-09 11:00:00,4775.137323745287,1595.958,544.5957509964765,-0.0,-0.0,-0.0,0.0,21.121074741764055,20.065021004675852
2021-08-09 12:00:00,4938.978243386238,1657.8315000000002,319.99725661376124,-0.0,-0.0,-0.0,0.0,100.0,115.06301450257538
2021-08-09 13:00:00,4775.137323745287,1686.7694999999999,411.0921762547123,-0.0,-0.0,-0.0,0.0,100.0,210.05150820112513
2021-08-09 14:00:00,4301.337196361835,1687.296,901.3838036381649,-0.0,-0.0,-0.0,0.0,100.0,305.030503050305
2021-08-09 15:00:00,3569.3367668274464,1667.2955,1751.2657331725536,-0.0,-0.0,-0.0,0.0,100.0,400.0
2021-08-09 16:00:00,2661.2555912380994,1636.908,2160.0,-0.0,509.71740876190097,-0.0,100.0,-0.0,294.69684210526316
2021-08-09 17:00:00,1684.7894395428666,1607.099,2160.0,-0.0,1761.1285656585333,-0.0,79.88399479859982,-0.0,210.57895684357914
2021-08-09 18:00:00,771.1764505141562,1588.1385,2160.0,-0.0,2965.263049485844,-0.0,0.0,-0.0,210.55789894789478
2021-08-09 19:00:00,97.26312511270807,1588.1905000000002,2160.0,111.95637488729153,3500.0,-0.0,100.0,-0.0,105.27368526326316
2021-08-09 20:00:00,-0.0,1612.182,2160.0,101.34700000000066,3500.0,-0.0,100.0,-0.0,-0.0
2021-08-09 21:00:00,-0.0,1661.127,2160.0,-0.0,3448.597,-0.0,0.0,-0.0,-0.0
2021-08-09 22:00:00,-0.0,1731.9705000000001,2160.0,-0.0,3137.5334999999995,-0.0,0.0,-0.0,-0.0
2021-08-09 23:00:00,-0.0,1818.037,2160.0,-0.0,2849.4119999999994,-0.0,0.0,-0.0,-0.0
2021-08-10 00:00:00,-0.0,1912.7810000000002,2160.0,-0.0,2135.3280000000004,-0.0,0.0,-0.0,-0.0
2021-08-10 01:00:00,-0.0,1999.6210000000003,2160.0,-0.0,1894.948,-0.0,0.0,-0.0,-0.0
2021-08-10 02:00:00,-0.0,2070.6595,2160.0,-0.0,1717.5444999999995,-0.0,0.0,-0.0,-0.0
2021-08-10 03:00:00,-0.0,2116.6730000000002,2160.0,-0.0,1663.1689999999994,-0.0,0.0,-0.0,-0.0
2021-08-10 04:00:00,-0.0,2131.2980000000002,2160.0,-0.0,1760.6280000000002,-0.0,0.0,-0.0,-0.0
2021-08-10 05:00:00,86.26075862644343,2111.941,2160.0,-0.0,1903.724241373557,-0.0,0.0,-0.0,-0.0
2021-08-10 06:00:00,755.2181182776754,2060.1620000000003,2160.0,-0.0,1534.6018817223244,-0.0,0.0,-0.0,-0.0
2021-08-10 07:00:00,1671.6123291241831,1981.5705,2160.0,-0.0,913.0231708758172,-0.0,0.0,-0.0,-0.0
2021-08-10 08:00:00,2654.137133633957,1885.0910000000001,2160.0,-0.0,161.2288663660429,-0.0,0.0,-0.0,-0.0
2021-08-10 09:00:00,3569.3612709844315,1781.858,1547.372729015568,-0.0,-0.0,-0.0,0.0,-0.0,-0.0
2021-08-10 10:00:00,4307.843050041352,1683.7925000000002,868.3974499586475,-0.0,-0.0,-0.0,0.0,-0.0,-0.0
2021-08-10 11:00:00,4786.115186074567,1602.029,415.57588866719743,-0.0,-0.0,-0.0,0.0,21.121074741764055,20.065021004675852
2021-08-10 12:00:00,4951.5427498802965,1545.5310000000002,308.9492501197037,-0.0,-0.0,-0.0,0.0,100.0,115.06301450257538
2021-08-10 13:00:00,4786.115186074567,1519.9145,457.4713139254336,-0.0,-0.0,-0.0,0.0,100.0,210.05150820112513
2021-08-10 14:00:00,4307.843050041352,1526.798,947.2609499586479,-0.0,-0.0,-0.0,0.0,100.0,305.030503050305
2021-08-10 15:00:00,3569.3612709844315,1563.627,1748.2757290155691,-0.0,-0.0,-0.0,0.0,100.0,400.0
2021-08-10 16:00:00,2654.137133633957,1624.09,2160.0,-0.0,424.5958663660431,-0.0,100.0,-0.0,294.69684210526316
2021-08-10 17:00:00,1671.6123291241831,1699.0480000000002,2160.0,-0.0,1558.8516708758164,-0.0,100.0,-0.0,189.4042145263158
2021-08-10 18:00:00,755.2181182776754,1777.7825,2160.0,-0.0,2589.9503817223244,-0.0,100.0,-0.0,84.12211621012632
2021-08-10 19:00:00,86.26075862644343,1849.5425000000002,2160.0,-0.0,3281.9247225749764,-0.0,79.90801879858006,-0.0,-0.0
2021-08-10 20:00:00,-0.0,1905.0005,2160.0,-0.0,3310.6975,-0.0,0.0,-0.0,-0.0
2021-08-10 21:00:00,-0.0,1937.5590000000002,2160.0,-0.0,3076.366,-0.0,0.0,-0.0,-0.0
2021-08-10 22:00:00,-0.0,1944.267,2160.0,-0.0,2831.554,-0.0,0.0,-0.0,-0.0
2021-08-10 23:00:00,-0.0,1926.2165000000002,2160.0,-0.0,2649.7514999999994,-0.0,0.0,-0.0,-0.0
2021-08-11 00:00:00,-0.0,1891.4675,2160.0,-0.0,2067.6795,-0.0,0.0,-0.0,-0.0
2021-08-11 01:00:00,-0.0,1842.2234999999998,2160.0,-0.0,1965.7474999999997,-0.0,0.0,-0.0,-0.0
2021-08-11 02:00:00,-0.0,1791.8809999999999,2160.0,-0.0,1912.1680000000001,-0.0,0.0,-0.0,-0.0
2021-08-11 03:00:00,-0.0,1751.5029999999997,2160.0,-0.0,1946.7030000000004,-0.0,0.0,-0.0,-0.0
2021-08-11 04:00:00,-0.0,1731.3139999999999,2160.0,-0.0,2081.57,-0.0,0.0,-0.0,-0.0
2021-08-11 05:00:00,70.94566051081894,1739.2895000000003,2160.0,-0.0,2215.314839489181,-0.0,0.0,-0.0,-0.0
2021-08-11 06:00:00,695.1094211934724,1780.0445000000002,2160.0,-0.0,1801.1880788065273,-0.0,0.0,-0.0,-0.0
2021-08-11 07:00:00,1559.7569785269077,1854.125,2160.0,-0.0,1081.487021473092,-0.0,0.0,-0.0,-0.0
2021-08-11 08:00:00,2489.8428870887838,1957.917,2160.0,-0.0,184.7291129112159,-0.0,0.0,-0.0,-0.0
2021-08-11 09:00:00,3357.6821108695162,2084.0365,1391.8373891304832,-0.0,-0.0,-0.0,0.0,-0.0,-0.0
2021-08-11 10:00:00,4058.635773503911,2222.2655,517.0867264960889,-0.0,-0.0,-0.0,0.0,-0.0,-0.0
2021-08-11 11:00:00,4512.869331534841,2310.7346684651593,-0.0,-0.0,-0.0,-0.0,0.0,100.0,95.0
2021-08-11 12:00:00,4670.026742358133,2080.106257641867,-0.0,-0.0,-0.0,-0.0,0.0,100.0,189.9905
2021-08-11 13:00:00,4512.869331534841,2197.898668465159,-0.0,-0.0,-0.0,-0.0,0.0,100.0,284.97150095
2021-08-11 14:00:00,4058.635773503911,2670.0895,-0.0,-0.0,-0.0,-0.0,0.0,96.3482735039106,376.47386362862005
2021-08-11 15:00:00,3357.6821108695162,2713.6135,663.6973891304842,-0.0,-0.0,-0.0,0.0,-0.0,376.4362162422572
2021-08-11 16:00:00,2489.8428870887838,2724.6310000000003,1730.2207206789708,-0.0,-0.0,-0.0,0.0,24.843607767754747,400.0
2021-08-11 17:00:00,1559.7569785269077,2707.5360000000005,2160.0,-0.0,622.5870214730919,-0.0,100.0,-0.0,294.69684210526316
2021-08-11 18:00:00,695.1094211934724,2670.0765000000006,2160.0,-0.0,1721.5130788065267,-0.0,100.0,-0.0,189.4042145263158
2021-08-11 19:00:00,70.94566051081894,2622.2105,2160.0,-0.0,2471.643839489181,-0.0,100.0,-0.0,84.12211621012632
2021-08-11 20:00:00,-0.0,2574.715,2160.0,-0.0,2531.68698120142,-0.0,79.90801879858006,-0.0,-0.0
2021-08-11 21:00:00,-0.0,2537.665,2160.0,-0.0,2450.3500000000004,-0.0,0.0,-0.0,-0.0
2021-08-11 22:00:00,-0.0,2518.9840000000004,2160.0,-0.0,2234.4339999999993,-0.0,0.0,-0.0,-0.0
2021-08-11 23:00:00,-0.0,2523.378,2160.0,-0.0,2033.717,-0.0,0.0,-0.0,-0.0
2021-08-12 00:00:00,-0.0,2554.773,2160.0,-0.0,1389.286,-0.0,0.0,-0.0,-0.0
2021-08-12 01:00:00,-0.0,2603.5620000000004,2160.0,-0.0,1192.891,-0.0,0.0,-0.0,-0.0
2021-08-12 02:00:00,-0.0,2665.9685,2160.0,-0.0,1030.1475,-0.0,0.0,-0.0,-0.0
2021-08-12 03:00:00,-0.0,2732.3595,2160.0,-0.0,961.5104999999999,-0.0,0.0,-0.0,-0.0
2021-08-12 04:00:00,-0.0,2791.659,2160.0,-0.0,1020.4950000000003,-0.0,0.0,-0.0,-0.0
2021-08-12 05:00:00,59.655370179980565,2832.882,2160.0,-0.0,1135.8956298200194,-0.0,0.0,-0.0,-0.0
2021-08-12 06:00:00,665.2572319464971,2846.61,2160.0,-0.0,770.9727680535029,-0.0,0.0,-0.0,-0.0
2021-08-12 07:00:00,1514.314019398227,2826.3105,2160.0,-0.0,164.85848060177318,-0.0,0.0,-0.0,-0.0
2021-08-12 08:00:00,2430.7266083624736,2769.221,1606.2683916375267,-0.0,-0.0,-0.0,0.0,-0.0,-0.0
2021-08-12 09:00:00,3287.306172008598,2676.7780000000002,886.8038279914017,-0.0,-0.0,-0.0,0.0,-0.0,-0.0
2021-08-12 10:00:00,3979.885538993369,2554.4935,284.53896100662996,-0.0,-0.0,-0.0,0.0,-0.0,-0.0
2021-08-12 11:00:00,4428.960971978957,2411.2270000000003,-0.0,-0.0,-0.0,-0.0,0.0,92.06997197895726,87.46647338000939
2021-08-12 12:00:00,4584.3724616170675,2193.844538382932,-0.0,-0.0,-0.0,-0.0,0.0,100.0,182.4577267326714
2021-08-12 13:00:00,4428.960971978957,2106.9555,135.55281985380861,-0.0,-0.0,-0.0,0.0,29.065291832765244,210.05150820112513
2021-08-12 14:00:00,3979.885538993369,1969.0385,818.6189610066299,-0.0,-0.0,-0.0,0.0,100.0,305.030503050305
2021-08-12 15:00:00,3287.306172008598,1853.3645000000001,1732.9943279914014,-0.0,-0.0,-0.0,0.0,100.0,400.0
2021-08-12 16:00:00,2430.7266083624736,1765.66,2160.0,-0.0,505.61439163752675,-0.0,100.0,-0.0,294.69684210526316
2021-08-12 17:00:00,1514.314019398227,1707.6865,2160.0,-0.0,1713.8691907713867,-0.0,99.61028983038614,-0.0,189.81443575748827
2021-08-12 18:00:00,665.2572319464971,1677.065,2160.0,-0.0,2893.391768053503,-0.0,0.0,-0.0,189.79545431391253
2021-08-12 19:00:00,59.655370179980565,1667.6985,2160.0,-0.0,3500.0,-0.0,89.84012982001988,-0.0,95.20791706319707
2021-08-12 20:00:00,-0.0,1670.6949999999997,2160.0,-0.0,3500.0,-0.0,71.35000000000036,-0.0,20.093133113595638
2021-08-12 21:00:00,-0.0,1675.6220000000003,2160.0,-0.0,3371.4269999999997,-0.0,0.0,-0.0,20.09112380028428
2021-08-12 22:00:00,-0.0,1672.0210000000002,2160.0,-0.0,3143.686,-0.0,0.0,-0.0,20.08911468790425
2021-08-12 23:00:00,-0.0,1650.9025000000001,2160.0,-0.0,2971.6875,-0.0,0.0,-0.0,20.08710577643546
2021-08-13 00:00:00,-0.0,1609.322,2160.0,-0.0,2403.6229999999996,-0.0,0.0,-0.0,20.085097065857816
2021-08-13 01:00:00,-0.0,1538.0755000000001,2160.0,-0.0,2330.3675000000003,-0.0,0.0,-0.0,20.083088556151232
2021-08-13 02:00:00,-0.0,1441.9665,2160.0,-0.0,2329.1895,-0.0,0.0,-0.0,20.081080247295617
2021-08-13 03:00:00,-0.0,1326.4095,2160.0,-0.0,2445.4925000000003,-0.0,0.0,-0.0,20.079072139270888
2021-08-13 04:00:00,-0.0,1200.056,2160.0,-0.0,2693.061,-0.0,0.0,-0.0,20.077064232056962
2021-08-13 05:00:00,49.676052247839635,1073.683,2160.0,-0.0,2988.9059477521605,-0.0,0.0,-0.0,20.075056525633755
2021-08-13 06:00:00,644.1714048609053,958.7565,2160.0,-0.0,2766.5480951390946,-0.0,0.0,-0.0,20.07304901998119
2021-08-13 07:00:00,1488.511142093023,865.8910000000001,2160.0,-0.0,2240.4518579069772,-0.0,0.0,-0.0,20.071041715079193
2021-08-13 08:00:00,2403.049163047917,803.452,2160.0,-0.0,1531.7508369520833,-0.0,0.0,-0.0,20.069034610907686
2021-08-13 09:00:00,3259.4081892811764,776.4055000000001,2160.0,-0.0,749.705310718824,-0.0,0.0,-0.0,20.067027707446595
2021-08-13 10:00:00,3952.545025837356,785.6745,2160.0,-0.0,17.848474162643925,-0.0,0.0,-0.0,20.065021004675852
2021-08-13 11:00:00,4402.2636929438,827.9504999999999,1717.4968070562,-0.0,-0.0,-0.0,0.0,100.0,115.06301450257538
2021-08-13 12:00:00,4557.950854347993,896.168,1426.0561456520072,-0.0,-0.0,-0.0,0.0,100.0,210.05150820112513
2021-08-13 13:00:00,4402.2636929438,980.3755,1464.0058070562,-0.0,-0.0,-0.0,0.0,100.0,305.030503050305
2021-08-13 14:00:00,3952.545025837356,1069.0810000000001,1852.3589741626433,-0.0,-0.0,-0.0,0.0,100.0,400.0
2021-08-13 15:00:00,3259.4081892811764,1150.7340000000002,2160.0,-0.0,312.08181071882336,-0.0,0.0,-0.0,399.96
2021-08-13 16:00:00,2403.049163047917,1215.2334999999998,2160.0,-0.0,1294.3083369520837,-0.0,0.0,-0.0,399.920004
2021-08-13 17:00:00,1488.511142093023,1255.2345,2160.0,-0.0,2404.2663579069767,-0.0,0.0,-0.0,399.8800119996
2021-08-13 18:00:00,644.1714048609053,1267.071,2160.0,-0.0,3438.857595139095,-0.0,0.0,-0.0,399.84002399840006
2021-08-13 19:00:00,49.676052247839635,1251.1915000000001,2160.0,532.4744477521599,3500.0,-0.0,100.0,-0.0,294.5368821012634
2021-08-13 20:00:00,-0.0,1212.0159999999998,2160.0,547.8470000000007,3500.0,-0.0,100.0,-0.0,189.24427051831645
2021-08-13 21:00:00,-0.0,1157.26,2160.0,409.183,3500.0,-0.0,100.0,-0.0,83.96218819652778
2021-08-13 22:00:00,-0.0,1096.8425000000002,2160.0,259.98139762117717,3500.0,-0.0,79.75610237882272,-0.0,-0.0
2021-08-13 23:00:00,-0.0,1041.43,2160.0,203.41799999999967,3500.0,-0.0,0.0,-0.0,-0.0
2021-08-14 00:00:00,-0.0,1004.4124999999999,2160.0,-0.0,2696.1575,-0.0,0.0,-0.0,-0.0
2021-08-14 01:00:00,-0.0,986.6610000000001,2160.0,-0.0,2570.5950000000003,-0.0,0.0,-0.0,-0.0
2021-08-14 02:00:00,-0.0,996.1315,2160.0,-0.0,2464.9235000000003,-0.0,0.0,-0.0,-0.0
2021-08-14 03:00:00,-0.0,1033.3635000000002,2160.0,-0.0,2429.424499999999,-0.0,0.0,-0.0,-0.0
2021-08-14 04:00:00,-0.0,1094.8145000000002,2160.0,-0.0,2490.0734999999995,-0.0,0.0,-0.0,-0.0
2021-08-14 05:00:00,36.529572025387566,1173.3020000000001,2160.0,-0.0,2594.9874279746127,-0.0,0.0,-0.0,-0.0
2021-08-14 06:00:00,566.5544876109203,1258.881,2160.0,-0.0,2237.2735123890793,-0.0,0.0,-0.0,-0.0
2021-08-14 07:00:00,1329.969246400078,1340.1895,2160.0,-0.0,1618.5052535999218,-0.0,0.0,-0.0,-0.0
2021-08-14 08:00:00,2159.876035168031,1405.9174999999998,2160.0,-0.0,866.7404648319689,-0.0,0.0,-0.0,-0.0
2021-08-14 09:00:00,2938.428236934672,1446.3475,2160.0,-0.0,95.39226306532782,-0.0,0.0,-0.0,-0.0
2021-08-14 10:00:00,3569.275506434984,1454.6155000000003,1608.2100683067802,-0.0,-0.0,-0.0,0.0,21.121074741764055,20.065021004675852
2021-08-14 11:00:00,3978.8441123215066,1427.6405,1236.296387678493,-0.0,-0.0,-0.0,0.0,100.0,115.06301450257538
2021-08-14 12:00:00,4120.668046911436,1366.56,1088.0679530885645,-0.0,-0.0,-0.0,0.0,100.0,210.05150820112513
2021-08-14 13:00:00,3978.8441123215066,1276.5674999999999,1286.3023876784932,-0.0,-0.0,-0.0,0.0,100.0,305.030503050305
2021-08-14 14:00:00,3569.275506434984,1166.256,1833.3654935650156,-0.0,-0.0,-0.0,0.0,100.0,400.0
2021-08-14 15:00:00,2938.428236934672,1046.4415000000001,2160.0,-0.0,432.0032630653277,-0.0,0.0,-0.0,399.96
2021-08-14 16:00:00,2159.876035168031,928.798,2160.0,-0.0,1518.1979648319693,-0.0,0.0,-0.0,399.920004
2021-08-14 17:00:00,1329.969246400078,824.2780000000001,2160.0,-0.0,2687.5737535999215,-0.0,0.0,-0.0,399.8800119996
2021-08-14 18:00:00,566.5544876109203,741.7085000000001,2160.0,135.0700123890797,3500.0,-0.0,100.0,-0.0,294.57686610366324
2021-08-14 19:00:00,36.529572025387566,686.6535,2160.0,802.7129279746114,3500.0,-0.0,100.0,-0.0,189.28425052231603
2021-08-14 20:00:00,-0.0,660.7315000000001,2160.0,790.9025000000001,3500.0,-0.0,100.0,-0.0,84.00216420252697
2021-08-14 21:00:00,-0.0,661.466,2160.0,616.0689242131975,3500.0,-0.0,79.79407578680139,-0.0,-0.0
2021-08-14 22:00:00,-0.0,682.6754999999999,2160.0,443.80449999999973,3500.0,-0.0,0.0,-0.0,-0.0
2021-08-14 23:00:00,-0.0,715.4225,2160.0,218.23749999999973,3500.0,-0.0,0.0,-0.0,-0.0
2021-08-15 00:00:00,-0.0,752.856,2160.0,-0.0,3071.715,-0.0,0.0,-0.0,-0.0
2021-08-15 01:00:00,-0.0,777.3675000000001,2160.0,-0.0,2902.6034999999993,-0.0,0.0,-0.0,-0.0
2021-08-15 02:00:00,-0.0,783.5944999999999,2160.0,-0.0,2798.7924999999996,-0.0,0.0,-0.0,-0.0
2021-08-15 03:00:00,-0.0,765.375,2160.0,-0.0,2817.264,-0.0,0.0,-0.0,-0.0
2021-08-15 04:00:00,-0.0,720.2455000000001,2160.0,-0.0,2982.9184999999998,-0.0,0.0,-0.0,-0.0
2021-08-15 05:00:00,23.193184586301744,649.8180000000001,2160.0,-0.0,3248.413815413698,-0.0,0.0,-0.0,-0.0
2021-08-15 06:00:00,447.18861289774287,559.676,2160.0,-0.0,3170.688387102257,-0.0,0.0,-0.0,-0.0
2021-08-15 07:00:00,1067.272431442394,458.666,2160.0,-0.0,2875.7155685576063,-0.0,0.0,-0.0,-0.0
2021-08-15 08:00:00,1743.9179703476696,357.747,2160.0,-0.0,2441.9160296523305,-0.0,0.0,-0.0,-0.0
2021-08-15 09:00:00,2379.911112814831,268.606,2160.0,-0.0,1940.6678871851695,-0.0,0.0,-0.0,-0.0
2021-08-15 10:00:00,2895.8216339770042,202.0785,2160.0,-0.0,1459.9798660229962,-0.0,0.0,-0.0,-0.0
2021-08-15 11:00:00,3230.9894932178236,195.0,2160.0,-0.0,1061.4895067821767,-0.0,0.0,-0.0,-0.0
2021-08-15 12:00:00,3347.0840629735035,195.0,2160.0,-0.0,875.627937026497,-0.0,0.0,-0.0,-0.0
2021-08-15 13:00:00,3230.9894932178236,206.50500000000002,2160.0,-0.0,944.2705067821767,-0.0,0.0,-0.0,-0.0
2021-08-15 14:00:00,2895.8216339770042,279.64300000000003,2160.0,-0.0,1231.0403660229958,-0.0,0.0,-0.0,-0.0
2021-08-15 15:00:00,2379.911112814831,380.406,2160.0,-0.0,1751.6438871851692,-0.0,0.0,-0.0,-0.0
2021-08-15 16:00:00,1743.9179703476696,499.06350000000003,2160.0,-0.0,2456.3855296523307,-0.0,0.0,-0.0,-0.0
2021-08-15 17:00:00,1067.272431442394,624.299,2160.0,-0.0,3240.079568557606,-0.0,0.0,-0.0,-0.0
2021-08-15 18:00:00,447.18861289774287,744.731,2160.0,438.5063871022576,3500.0,-0.0,0.0,-0.0,-0.0
2021-08-15 19:00:00,23.193184586301744,850.408,2160.0,836.5838154136982,3500.0,-0.0,0.0,-0.0,-0.0
2021-08-15 20:00:00,-0.0,934.0955000000001,2160.0,698.9594999999999,3500.0,-0.0,0.0,-0.0,-0.0
2021-08-15 21:00:00,-0.0,992.2185000000002,2160.0,443.59950000000026,3500.0,-0.0,0.0,-0.0,-0.0
2021-08-15 22:00:00,-0.0,1025.2905,2160.0,176.6864999999998,3500.0,-0.0,0.0,-0.0,-0.0
2021-08-15 23:00:00,-0.0,1037.751,2160.0,-0.0,3468.357,-0.0,0.0,-0.0,-0.0
2021-08-16 00:00:00,-0.0,1041.04,2160.0,-0.0,3289.249,-0.0,0.0,-0.0,-0.0
2021-08-16 01:00:00,-0.0,1037.5625,2160.0,-0.0,3144.9685,-0.0,0.0,-0.0,-0.0
2021-08-16 02:00:00,-0.0,1041.6445,2160.0,-0.0,3040.0954999999994,-0.0,0.0,-0.0,-0.0
2021-08-16 03:00:00,-0.0,1063.1075,2160.0,-0.0,3015.6295,-0.0,0.0,-0.0,-0.0
2021-08-16 04:00:00,-0.0,1109.576,2160.0,-0.0,3086.3869999999997,-0.0,0.0,-0.0,-0.0
2021-08-16 05:00:00,14.935283682357014,1185.366,2160.0,-0.0,3210.581716317643,-0.0,0.0,-0.0,-0.0
2021-08-16 06:00:00,378.73012432090144,1290.7960000000003,2160.0,-0.0,2994.105875679098,-0.0,0.0,-0.0,-0.0
2021-08-16 07:00:00,919.7451543142063,1422.0895,2160.0,-0.0,2542.483345685794,-0.0,0.0,-0.0,-0.0
2021-08-16 08:00:00,1512.4333253496281,1571.7715,2160.0,-0.0,1938.5911746503723,-0.0,0.0,-0.0,-0.0
2021-08-16 09:00:00,2070.607391271679,1729.5915000000002,2160.0,-0.0,1264.722108728321,-0.0,0.0,-0.0,-0.0
2021-08-16 10:00:00,2523.915917376425,1883.8625,2160.0,-0.0,622.3315826235744,-0.0,0.0,-0.0,-0.0
2021-08-16 11:00:00,2818.6090353172717,2022.9365000000003,2160.0,-0.0,114.63446468272832,-0.0,0.0,-0.0,-0.0
2021-08-16 12:00:00,2920.7178574737636,2136.7125,2085.4296425262355,-0.0,-0.0,-0.0,0.0,100.0,95.0
2021-08-16 13:00:00,2818.6090353172717,2217.9495,2066.7854646827286,-0.0,-0.0,-0.0,0.0,100.0,189.9905
2021-08-16 14:00:00,2523.915917376425,2263.196,2160.0,-0.0,-0.0,-0.0,77.38708262357477,-0.0,108.51141397781605
2021-08-16 15:00:00,2070.607391271679,2273.1865000000003,2160.0,-0.0,568.1791546014476,-0.0,54.38495412687344,-0.0,51.25324270286728
2021-08-16 16:00:00,1512.4333253496281,2252.7245000000003,2160.0,-0.0,1385.000174650372,-0.0,0.0,-0.0,51.248117378596994
2021-08-16 17:00:00,919.7451543142063,2210.0065,2160.0,-0.0,2249.0773456857933,-0.0,0.0,-0.0,51.24299256685914
2021-08-16 18:00:00,378.73012432090144,2155.478,2160.0,-0.0,3039.7808756790982,-0.0,0.0,-0.0,51.23786826760245
2021-08-16 19:00:00,14.935283682357014,2100.436,2160.0,-0.0,3500.0,-0.0,34.76171631764265,-0.0,14.641464146415014
2021-08-16 20:00:00,-0.0,2055.482,2160.0,-0.0,3500.0,-0.0,13.908000000000357,-0.0,-0.0
2021-08-16 21:00:00,-0.0,2029.1114999999998,2160.0,-0.0,3339.4354999999996,-0.0,0.0,-0.0,-0.0
2021-08-16 22:00:00,-0.0,2026.5765,2160.0,-0.0,3104.5325000000003,-0.0,0.0,-0.0,-0.0
2021-08-16 23:00:00,-0.0,2049.216,2160.0,-0.0,2882.4380000000006,-0.0,0.0,-0.0,-0.0
2021-08-17 00:00:00,-0.0,2098.1610000000005,2160.0,-0.0,2218.1789999999996,-0.0,0.0,-0.0,-0.0
2021-08-17 01:00:00,-0.0,2159.274,2160.0,-0.0,2005.757,-0.0,0.0,-0.0,-0.0
2021-08-17 02:00:00,-0.0,2227.2965,2160.0,-0.0,1833.4135,-0.0,0.0,-0.0,-0.0
2021-08-17 03:00:00,-0.0,2291.64,2160.0,-0.0,1762.5610000000001,-0.0,0.0,-0.0,-0.0
2021-08-17 04:00:00,-0.0,2341.768,2160.0,-0.0,1826.1809999999996,-0.0,0.0,-0.0,-0.0
2021-08-17 05:00:00,11.161643506667136,2368.6455,2160.0,-0.0,1999.6128564933329,-0.0,0.0,-0.0,-0.0
2021-08-17 06:00:00,406.50558626339796,2366.0910000000003,2160.0,-0.0,1856.1564137366013,-0.0,0.0,-0.0,-0.0
2021-08-17 07:00:00,1005.4055610945172,2331.6345,2160.0,-0.0,1509.019938905483,-0.0,0.0,-0.0,-0.0
2021-08-17 08:00:00,1664.1998216362208,2266.94,2160.0,-0.0,1050.0581783637795,-0.0,0.0,-0.0,-0.0
2021-08-17 09:00:00,2285.8764103848966,2177.6690000000003,2160.0,-0.0,556.4785896151034,-0.0,0.0,-0.0,-0.0
2021-08-17 10:00:00,2791.360412749953,2072.7915,2160.0,-0.0,117.80608725004686,-0.0,0.0,-0.0,-0.0
2021-08-17 11:00:00,3120.1939474101496,1963.429,2081.19705258985,-0.0,-0.0,-0.0,0.0,100.0,95.0
2021-08-17 12:00:00,3234.168907586627,1861.4440000000002,1992.7310924133726,-0.0,-0.0,-0.0,0.0,100.0,189.9905
2021-08-17 13:00:00,3120.1939474101496,1777.8995000000002,2147.62955258985,-0.0,-0.0,-0.0,0.0,100.0,284.97150095
2021-08-17 14:00:00,2791.360412749953,1721.6355000000003,2160.0,-0.0,190.83208725004715,-0.0,100.0,-0.0,179.67984590516818
2021-08-17 15:00:00,2285.8764103848966,1698.1315000000002,2160.0,-0.0,852.3054437309528,-0.0,66.38164588414985,-0.0,109.78646120041994
2021-08-17 16:00:00,1664.1998216362208,1708.824,2160.0,-0.0,1710.5391783637792,-0.0,0.0,-0.0,109.7754825542999
2021-08-17 17:00:00,1005.4055610945172,1750.9440000000002,2160.0,-0.0,2553.0164389054826,-0.0,0.0,-0.0,109.76450500604447
2021-08-17 18:00:00,406.50558626339796,1817.9525,2160.0,-0.0,3277.2639137366014,-0.0,0.0,-0.0,109.75352855554387
2021-08-17 19:00:00,11.161643506667136,1900.4505,2160.0,63.517856493333056,3500.0,-0.0,100.0,-0.0,4.479395307951483
2021-08-17 20:00:00,-0.0,1987.466,2160.0,-0.0,3500.0,-0.0,4.254999999999654,-0.0,-0.0
2021-08-17 21:00:00,-0.0,2067.9425,2160.0,-0.0,3220.3424999999997,-0.0,0.0,-0.0,-0.0
2021-08-17 22:00:00,-0.0,2132.273,2160.0,-0.0,2916.054,-0.0,0.0,-0.0,-0.0
2021-08-17 23:00:00,-0.0,2173.5415,2160.0,-0.0,2672.8885000000005,-0.0,0.0,-0.0,-0.0
2021-08-18 00:00:00,-0.0,2192.5085000000004,2160.0,-0.0,2036.4644999999996,-0.0,0.0,-0.0,-0.0
2021-08-18 01:00:00,-0.0,2181.9525,2160.0,-0.0,1893.4285000000004,-0.0,0.0,-0.0,-0.0
2021-08-18 02:00:00,-0.0,2150.6095000000005,2160.0,-0.0,1818.2484999999997,-0.0,0.0,-0.0,-0.0
2021-08-18 03:00:00,-0.0,2106.4615,2160.0,-0.0,1853.7705,-0.0,0.0,-0.0,-0.0
2021-08-18 04:00:00,-0.0,2059.59,2160.0,-0.0,2012.3589999999995,-0.0,0.0,-0.0,-0.0
2021-08-18 05:00:00,7.651423018566,2020.8240000000003,2160.0,-0.0,2253.0025769814333,-0.0,0.0,-0.0,-0.0
2021-08-18 06:00:00,469.9284705798222,2000.1475000000003,2160.0,-0.0,2058.8820294201773,-0.0,0.0,-0.0,-0.0
2021-08-18 07:00:00,1184.837250617174,2005.3410000000001,2160.0,-0.0,1554.323749382826,-0.0,0.0,-0.0,-0.0
2021-08-18 08:00:00,1974.5939781652057,2040.8245,2160.0,-0.0,862.5515218347948,-0.0,0.0,-0.0,-0.0
2021-08-18 09:00:00,2721.413296636272,2107.027,2160.0,-0.0,86.779703363728,-0.0,0.0,-0.0,-0.0
2021-08-18 10:00:00,3329.3798095518414,2200.1980000000003,1506.0971904481585,-0.0,-0.0,-0.0,0.0,-0.0,-0.0
2021-08-18 11:00:00,3725.164827134303,2312.895,940.2142476074614,-0.0,-0.0,-0.0,0.0,21.121074741764055,20.065021004675852
2021-08-18 12:00:00,3862.388106250298,2434.848,682.1538937497025,-0.0,-0.0,-0.0,0.0,100.0,115.06301450257538
2021-08-18 13:00:00,3725.164827134303,2554.3245,656.0926728656968,-0.0,-0.0,-0.0,0.0,100.0,210.05150820112513
2021-08-18 14:00:00,3329.3798095518414,2659.592,963.6281904481584,-0.0,-0.0,-0.0,0.0,100.0,305.030503050305
2021-08-18 15:00:00,2721.413296636272,2740.4585,1588.609203363727,-0.0,-0.0,-0.0,0.0,100.0,400.0
2021-08-18 16:00:00,1974.5939781652057,2789.54,2160.0,-0.0,106.33002183479425,-0.0,100.0,-0.0,294.69684210526316
2021-08-18 17:00:00,1184.837250617174,2803.2355000000002,2160.0,-0.0,1107.411249382826,-0.0,100.0,-0.0,189.4042145263158
2021-08-18 18:00:00,469.9284705798222,2782.1040000000003,2160.0,-0.0,2035.1275294201773,-0.0,100.0,-0.0,84.12211621012632
2021-08-18 19:00:00,7.651423018566,2730.7540000000004,2160.0,-0.0,2641.6785581828535,-0.0,79.90801879858006,-0.0,-0.0
2021-08-18 20:00:00,-0.0,2657.1805000000004,2160.0,-0.0,2718.9314999999997,-0.0,0.0,-0.0,-0.0
2021-08-18 21:00:00,-0.0,2571.6015,2160.0,-0.0,2600.7054999999996,-0.0,0.0,-0.0,-0.0
2021-08-18 22:00:00,-0.0,2485.0995000000003,2160.0,-0.0,2446.9875,-0.0,0.0,-0.0,-0.0
2021-08-18 23:00:00,-0.0,2408.0420000000004,2160.0,-0.0,2321.99,-0.0,0.0,-0.0,-0.0
2021-08-19 00:00:00,-0.0,2352.857,2160.0,-0.0,1759.8850000000002,-0.0,0.0,-0.0,-0.0
2021-08-19 01:00:00,-0.0,2316.275,2160.0,-0.0,1642.9270000000001,-0.0,0.0,-0.0,-0.0
2021-08-19 02:00:00,-0.0,2303.574,2160.0,-0.0,1549.2630000000004,-0.0,0.0,-0.0,-0.0
2021-08-19 03:00:00,-0.0,2311.8095000000003,2160.0,-0.0,1532.6644999999999,-0.0,0.0,-0.0,-0.0
2021-08-19 04:00:00,-0.0,2334.4230000000002,2160.0,-0.0,1622.136,-0.0,0.0,-0.0,-0.0
2021-08-19 05:00:00,3.2590528790048943,2362.1130000000003,2160.0,-0.0,1801.186947120995,-0.0,0.0,-0.0,-0.0
2021-08-19 06:00:00,492.8092271645652,2384.1545,2160.0,-0.0,1537.6512728354346,-0.0,0.0,-0.0,-0.0
2021-08-19 07:00:00,1267.9614771495374,2389.8940000000002,2160.0,-0.0,972.9835228504624,-0.0,0.0,-0.0,-0.0
2021-08-19 08:00:00,2128.0573873230096,2370.2315000000003,2160.0,-0.0,266.8011126769902,-0.0,0.0,-0.0,-0.0
2021-08-19 09:00:00,2943.1269090365454,2318.914,1701.1840909634543,-0.0,-0.0,-0.0,0.0,-0.0,-0.0
2021-08-19 10:00:00,3607.48973925309,2233.4585,1104.8388354886747,-0.0,-0.0,-0.0,0.0,21.121074741764055,20.065021004675852
2021-08-19 11:00:00,4040.294412000638,2115.5485000000003,791.389087999361,-0.0,-0.0,-0.0,0.0,100.0,115.06301450257538
2021-08-19 12:00:00,4190.400751651498,1970.8909999999998,709.3642483485028,-0.0,-0.0,-0.0,0.0,100.0,210.05150820112513
2021-08-19 13:00:00,4040.294412000638,1808.5339999999999,979.3055879993622,-0.0,-0.0,-0.0,0.0,100.0,305.030503050305
2021-08-19 14:00:00,3607.48973925309,1639.7225,1599.3227607469098,-0.0,-0.0,-0.0,0.0,100.0,400.0
2021-08-19 15:00:00,2943.1269090365454,1476.4685,2160.0,-0.0,266.3015909634546,-0.0,0.0,-0.0,399.96
2021-08-19 16:00:00,2128.0573873230096,1330.0300000000002,2160.0,-0.0,1409.3686126769903,-0.0,0.0,-0.0,399.920004
2021-08-19 17:00:00,1267.9614771495374,1209.4550000000002,2160.0,-0.0,2616.7285228504634,-0.0,0.0,-0.0,399.8800119996
2021-08-19 18:00:00,492.8092271645652,1120.4765000000002,2160.0,74.298272835435,3500.0,-0.0,100.0,-0.0,294.57686610366324
2021-08-19 19:00:00,3.2590528790048943,1064.7975,2160.0,694.2124471209954,3500.0,-0.0,100.0,-0.0,189.28425052231603
2021-08-19 20:00:00,-0.0,1039.9675,2160.0,640.3635000000004,3500.0,-0.0,100.0,-0.0,84.00216420252697
2021-08-19 21:00:00,-0.0,1039.766,2160.0,458.99792421319853,3500.0,-0.0,79.79407578680139,-0.0,-0.0
2021-08-19 22:00:00,-0.0,1055.1385,2160.0,285.3154999999997,3500.0,-0.0,0.0,-0.0,-0.0
2021-08-19 23:00:00,-0.0,1075.4509999999998,2160.0,65.14999999999964,3500.0,-0.0,0.0,-0.0,-0.0
2021-08-20 00:00:00,-0.0,1094.3335000000002,2160.0,-0.0,2931.4774999999995,-0.0,0.0,-0.0,-0.0
2021-08-20 01:00:00,-0.0,1093.9565,2160.0,-0.0,2780.6785,-0.0,0.0,-0.0,-0.0
2021-08-20 02:00:00,-0.0,1072.0905,2160.0,-0.0,2698.6224999999995,-0.0,0.0,-0.0,-0.0
2021-08-20 03:00:00,-0.0,1025.856,2160.0,-0.0,2739.014,-0.0,0.0,-0.0,-0.0
2021-08-20 04:00:00,-0.0,956.4295000000001,2160.0,-0.0,2923.1174999999994,-0.0,0.0,-0.0,-0.0
2021-08-20 05:00:00,0.0796385102012474,868.9005,2160.0,-0.0,3223.233861489799,-0.0,0.0,-0.0,-0.0
2021-08-20 06:00:00,480.7593079671919,771.602,2160.0,-0.0,3090.6446920328085,-0.0,0.0,-0.0,-0.0
2021-08-20 07:00:00,1263.6671236379163,674.9665,2160.0,-0.0,2623.399376362084,-0.0,0.0,-0.0,-0.0
2021-08-20 08:00:00,2136.3642965409244,590.1155,2160.0,-0.0,1972.673203459076,-0.0,0.0,-0.0,-0.0
2021-08-20 09:00:00,2965.211280519276,527.3385000000001,2160.0,-0.0,1247.6692194807242,-0.0,0.0,-0.0,-0.0
2021-08-20 10:00:00,3641.6607861686716,494.66300000000007,2160.0,-0.0,568.328213831328,-0.0,0.0,-0.0,-0.0
2021-08-20 11:00:00,4082.6620994277023,496.76250000000005,2160.0,-0.0,50.84240057229772,-0.0,0.0,-0.0,-0.0
2021-08-20 12:00:00,4235.6660556420375,534.2415000000001,2046.889444357962,-0.0,-0.0,-0.0,0.0,100.0,95.0
2021-08-20 13:00:00,4082.6620994277023,603.5315,2091.2384005722975,-0.0,-0.0,-0.0,0.0,100.0,189.9905
2021-08-20 14:00:00,3641.6607861686716,697.294,2160.0,-0.0,200.08521383132847,-0.0,0.0,-0.0,189.97150095
2021-08-20 15:00:00,2965.211280519276,805.3695,2160.0,-0.0,871.0752194807242,-0.0,0.0,-0.0,189.952503799905
2021-08-20 16:00:00,2136.3642965409244,916.058,2160.0,-0.0,1774.0917034590757,-0.0,0.0,-0.0,189.93350854952502
2021-08-20 17:00:00,1263.6671236379163,1017.6465000000002,2160.0,-0.0,2775.230376362083,-0.0,0.0,-0.0,189.91451519867007
2021-08-20 18:00:00,480.7593079671919,1099.8975,2160.0,72.7061920328083,3500.0,-0.0,100.0,-0.0,84.63236585241337
2021-08-20 19:00:00,0.0796385102012474,1155.375,2160.0,595.6156540047618,3500.0,-0.0,80.39270748503672,-0.0,-0.0
2021-08-20 20:00:00,-0.0,1180.3415,2160.0,572.6325000000002,3500.0,-0.0,0.0,-0.0,-0.0
2021-08-20 21:00:00,-0.0,1175.2324999999998,2160.0,379.4465,3500.0,-0.0,0.0,-0.0,-0.0
2021-08-20 22:00:00,-0.0,1144.468,2160.0,175.6140000000005,3500.0,-0.0,0.0,-0.0,-0.0
2021-08-20 23:00:00,-0.0,1095.822,2160.0,27.935999999999694,3500.0,-0.0,0.0,-0.0,-0.0
2021-08-21 00:00:00,-0.0,1043.7115,2160.0,-0.0,2532.8745000000004,-0.0,0.0,-0.0,-0.0
2021-08-21 01:00:00,-0.0,990.0865000000002,2160.0,-0.0,2438.893499999999,-0.0,0.0,-0.0,-0.0
2021-08-21 02:00:00,-0.0,949.4485000000001,2160.0,-0.0,2379.1935,-0.0,0.0,-0.0,-0.0
2021-08-21 03:00:00,-0.0,929.7665000000001,2160.0,-0.0,2396.6294999999996,-0.0,0.0,-0.0,-0.0
2021-08-21 04:00:00,-0.0,935.74,2160.0,-0.0,2508.941,-0.0,0.0,-0.0,-0.0
2021-08-21 05:00:00,-0.0,968.1425,2160.0,-0.0,2692.8175,-0.0,0.0,-0.0,-0.0
2021-08-21 06:00:00,485.9725673657504,1023.698,2160.0,-0.0,2405.69643263425,-0.0,0.0,-0.0,-0.0
2021-08-21 07:00:00,1306.5126421261873,1095.4775,2160.0,-0.0,1736.019857873813,-0.0,0.0,-0.0,-0.0
2021-08-21 08:00:00,2225.5349238093363,1173.8415,2160.0,-0.0,879.3655761906639,-0.0,0.0,-0.0,-0.0
2021-08-21 09:00:00,3100.3578323307925,1247.7075,2135.349667669208,-0.0,-0.0,-0.0,0.0,-0.0,-0.0
2021-08-21 10:00:00,3815.2666123681443,1306.0774999999999,1345.5934215983948,-0.0,-0.0,-0.0,0.0,15.492533966538364,14.717907268211444
2021-08-21 11:00:00,4281.690988499112,1339.5265000000002,859.4275115008886,-0.0,-0.0,-0.0,0.0,100.0,109.71643547748462
2021-08-21 12:00:00,4443.577701620509,1341.4895000000001,625.6767983794898,-0.0,-0.0,-0.0,0.0,100.0,204.70546383393688
2021-08-21 13:00:00,4281.690988499112,1309.191,784.0490115008879,-0.0,-0.0,-0.0,0.0,100.0,299.6849932875535
2021-08-21 14:00:00,3815.2666123681443,1244.0415,1340.760887631856,-0.0,-0.0,-0.0,0.0,100.0,394.65502478822475
2021-08-21 15:00:00,3100.3578323307934,1151.501,2160.0,-0.0,-0.0,-0.0,0.0,5.667832330793772,400.0
2021-08-21 16:00:00,2225.5349238093363,1040.4030000000002,2160.0,-0.0,1168.5900761906637,-0.0,0.0,-0.0,399.96
2021-08-21 17:00:00,1306.5126421261873,921.804,2160.0,-0.0,2439.6893578738127,-0.0,0.0,-0.0,399.920004
2021-08-21 18:00:00,485.97256736575054,807.5600000000001,2160.0,-0.0,3500.0,-0.0,74.70743263424919,-0.0,321.24060922670617
2021-08-21 19:00:00,-0.0,708.7990000000001,2160.0,640.9210000000003,3500.0,-0.0,100.0,-0.0,215.94532727104666
2021-08-21 20:00:00,-0.0,634.4910000000001,2160.0,640.0799999999999,3500.0,-0.0,100.0,-0.0,110.66057484358272
2021-08-21 21:00:00,-0.0,590.2975,2160.0,489.2784999999999,3500.0,-0.0,100.0,-0.0,5.386350891361531
2021-08-21 22:00:00,-0.0,577.9215,2160.0,365.19497835654147,3500.0,-0.0,5.116521643458776,-0.0,-0.0
2021-08-21 23:00:00,-0.0,594.8995,2160.0,160.2175000000002,3500.0,-0.0,0.0,-0.0,-0.0
2021-08-22 00:00:00,-0.0,639.6195,2160.0,-0.0,3007.8425000000007,-0.0,0.0,-0.0,-0.0
2021-08-22 01:00:00,-0.0,693.9855,2160.0,-0.0,2808.9745000000003,-0.0,0.0,-0.0,-0.0
2021-08-22 02:00:00,-0.0,752.037,2160.0,-0.0,2653.6359999999995,-0.0,0.0,-0.0,-0.0
2021-08-22 03:00:00,-0.0,803.2245,2160.0,-0.0,2603.1944999999996,-0.0,0.0,-0.0,-0.0
2021-08-22 04:00:00,-0.0,838.4545,2160.0,-0.0,2689.1795,-0.0,0.0,-0.0,-0.0
2021-08-22 05:00:00,-0.0,851.3765,2160.0,-0.0,2895.4055000000003,-0.0,0.0,-0.0,-0.0
2021-08-22 06:00:00,508.3571147715472,839.3125,2160.0,-0.0,2656.3233852284534,-0.0,0.0,-0.0,-0.0
2021-08-22 07:00:00,1399.6590688654157,803.6274999999999,2160.0,-0.0,2026.0844311345843,-0.0,0.0,-0.0,-0.0
2021-08-22 08:00:00,2402.8960120667602,749.645,2160.0,-0.0,1220.22798793324,-0.0,0.0,-0.0,-0.0
2021-08-22 09:00:00,3360.1325265680152,685.8995000000001,2160.0,-0.0,374.00397343198483,-0.0,0.0,-0.0,-0.0
2021-08-22 10:00:00,4143.4324087505,623.051,1805.222665991264,-0.0,-0.0,-0.0,0.0,21.121074741764055,20.065021004675852
2021-08-22 11:00:00,4654.877047302158,572.4485,1354.9024526978428,-0.0,-0.0,-0.0,0.0,100.0,115.06301450257538
2021-08-22 12:00:00,4832.4525469332,544.5895,1137.6499530667998,-0.0,-0.0,-0.0,0.0,100.0,210.05150820112513
2021-08-22 13:00:00,4654.877047302158,547.7225000000001,1278.5624526978427,-0.0,-0.0,-0.0,0.0,100.0,305.030503050305
2021-08-22 14:00:00,4143.4324087505,586.703,1778.3665912495007,-0.0,-0.0,-0.0,0.0,100.0,400.0
2021-08-22 15:00:00,3360.1325265680152,662.3175000000001,2160.0,-0.0,234.29097343198464,-0.0,100.0,-0.0,294.69684210526316
2021-08-22 16:00:00,2402.8960120667602,771.1469999999999,2160.0,-0.0,1293.2010001362405,-0.0,79.86398779699951,-0.0,210.60001684526367
2021-08-22 17:00:00,1399.6590688654157,905.996,2160.0,-0.0,2476.8739311345844,-0.0,0.0,-0.0,210.57895684357914
2021-08-22 18:00:00,508.3571147715472,1056.809,2160.0,-0.0,3419.449885228453,-0.0,0.0,-0.0,210.55789894789478
2021-08-22 19:00:00,-0.0,1211.9705000000001,2160.0,255.88850000000002,3500.0,-0.0,100.0,-0.0,105.27368526326316
2021-08-22 20:00:00,-0.0,1359.813,2160.0,34.56700000000001,3500.0,-0.0,100.0,-0.0,-0.0
2021-08-22 21:00:00,-0.0,1490.1185,2160.0,-0.0,3310.8415,-0.0,0.0,-0.0,-0.0
2021-08-22 22:00:00,-0.0,1595.4315,2160.0,-0.0,2975.6655,-0.0,0.0,-0.0,-0.0
2021-08-22 23:00:00,-0.0,1671.9755,2160.0,-0.0,2707.3894999999998,-0.0,0.0,-0.0,-0.0
2021-08-23 00:00:00,-0.0,1724.7749999999999,2160.0,-0.0,2484.5780000000004,-0.0,0.0,-0.0,-0.0
2021-08-23 01:00:00,-0.0,1748.7730000000001,2160.0,-0.0,2317.2659999999996,-0.0,0.0,-0.0,-0.0
2021-08-23 02:00:00,-0.0,1756.274,2160.0,-0.0,2213.565,-0.0,0.0,-0.0,-0.0
2021-08-23 03:00:00,-0.0,1757.0865,2160.0,-0.0,2214.4845,-0.0,0.0,-0.0,-0.0
2021-08-23 04:00:00,-0.0,1761.7860000000003,2160.0,-0.0,2331.885,-0.0,0.0,-0.0,-0.0
2021-08-23 05:00:00,-0.0,1780.22,2160.0,-0.0,2533.3819999999996,-0.0,0.0,-0.0,-0.0
2021-08-23 06:00:00,490.41394581928154,1820.0715,2160.0,-0.0,2261.0065541807185,-0.0,0.0,-0.0,-0.0
2021-08-23 07:00:00,1384.7421633007975,1885.7540000000001,2160.0,-0.0,1526.9508366992027,-0.0,0.0,-0.0,-0.0
2021-08-23 08:00:00,2396.6168218393545,1977.729,2160.0,-0.0,566.9711781606452,-0.0,0.0,-0.0,-0.0
2021-08-23 09:00:00,3364.408501961898,2092.376,1692.166498038102,-0.0,-0.0,-0.0,0.0,-0.0,-0.0
2021-08-23 10:00:00,4157.442660506674,2222.428,739.8923394933263,-0.0,-0.0,-0.0,0.0,-0.0,-0.0
2021-08-23 11:00:00,4675.656572425437,2357.875,18.03242757456337,-0.0,-0.0,-0.0,0.0,-0.0,-0.0
2021-08-23 12:00:00,4855.639605480255,2228.4403945197446,-0.0,-0.0,-0.0,-0.0,0.0,100.0,95.0
2021-08-23 13:00:00,4675.656572425437,2374.8414275745627,-0.0,-0.0,-0.0,-0.0,0.0,100.0,189.9905
2021-08-23 14:00:00,4157.442660506674,2684.0775,228.15653865328477,-0.0,-0.0,-0.0,0.0,91.99669915995749,277.3683651519596
2021-08-23 15:00:00,3364.408501961898,2734.7645,1086.4829980381019,-0.0,-0.0,-0.0,0.0,100.0,372.3406283154444
2021-08-23 16:00:00,2396.6168218393545,2748.1935000000003,2160.0,-0.0,-0.0,-0.0,0.0,29.154321839354907,400.0
2021-08-23 17:00:00,1384.7421633007975,2725.463,2160.0,-0.0,1140.3998366992018,-0.0,100.0,-0.0,294.69684210526316
2021-08-23 18:00:00,490.41394581928154,2671.7144999999996,2160.0,-0.0,2289.9875541807187,-0.0,100.0,-0.0,189.4042145263158
2021-08-23 19:00:00,-0.0,2595.476,2160.0,-0.0,2939.203,-0.0,100.0,-0.0,84.12211621012632
2021-08-23 20:00:00,-0.0,2507.544,2160.0,-0.0,2972.9649812014204,-0.0,79.90801879858006,-0.0,-0.0
2021-08-23 21:00:00,-0.0,2419.5405,2160.0,-0.0,2946.5715,-0.0,0.0,-0.0,-0.0
2021-08-23 22:00:00,-0.0,2342.3790000000004,2160.0,-0.0,2792.8839999999996,-0.0,0.0,-0.0,-0.0
2021-08-23 23:00:00,-0.0,2284.8540000000003,2160.0,-0.0,2657.589,-0.0,0.0,-0.0,-0.0
2021-08-24 00:00:00,-0.0,2257.3134999999997,2160.0,-0.0,2077.9885,-0.0,0.0,-0.0,-0.0
2021-08-24 01:00:00,-0.0,2251.7235,2160.0,-0.0,1938.9785000000002,-0.0,0.0,-0.0,-0.0
2021-08-24 02:00:00,-0.0,2270.372,2160.0,-0.0,1822.7460000000005,-0.0,0.0,-0.0,-0.0
2021-08-24 03:00:00,-0.0,2307.0775000000003,2160.0,-0.0,1786.2924999999996,-0.0,0.0,-0.0,-0.0
2021-08-24 04:00:00,-0.0,2352.8700000000003,2160.0,-0.0,1861.025,-0.0,0.0,-0.0,-0.0
2021-08-24 05:00:00,-0.0,2397.2845,2160.0,-0.0,2034.8714999999997,-0.0,0.0,-0.0,-0.0
2021-08-24 06:00:00,408.5210531754142,2429.8755,2160.0,-0.0,1849.8874468245854,-0.0,0.0,-0.0,-0.0
2021-08-24 07:00:00,1184.7514860677265,2441.6859999999997,2160.0,-0.0,1285.9485139322742,-0.0,0.0,-0.0,-0.0
2021-08-24 08:00:00,2067.74653094368,2426.5345,2160.0,-0.0,560.0319690563197,-0.0,0.0,-0.0,-0.0
2021-08-24 09:00:00,2914.377406853895,2381.9445,1963.5940931461046,-0.0,-0.0,-0.0,0.0,-0.0,-0.0
2021-08-24 10:00:00,3609.1070136141007,2309.5280000000002,1331.0970611276634,-0.0,-0.0,-0.0,0.0,21.121074741764055,20.065021004675852
2021-08-24 11:00:00,4063.444714312216,2214.862,979.9042856877841,-0.0,-0.0,-0.0,0.0,100.0,115.06301450257538
2021-08-24 12:00:00,4221.306619648827,2106.7865,860.3498803511729,-0.0,-0.0,-0.0,0.0,100.0,210.05150820112513
2021-08-24 13:00:00,4063.444714312216,1996.2734999999998,1092.778785687784,-0.0,-0.0,-0.0,0.0,100.0,305.030503050305
2021-08-24 14:00:00,3609.1070136141007,1894.9970000000003,1673.131986385899,-0.0,-0.0,-0.0,0.0,100.0,400.0
2021-08-24 15:00:00,2914.377406853895,1813.8185,2160.0,-0.0,194.49709314610482,-0.0,100.0,-0.0,294.69684210526316
2021-08-24 16:00:00,2067.74653094368,1761.3310000000001,2160.0,-0.0,1320.2535950170488,-0.0,60.76787403927098,-0.0,230.70118922182002
2021-08-24 17:00:00,1184.7514860677265,1742.7670000000003,2160.0,-0.0,2514.863513932273,-0.0,0.0,-0.0,230.67811910289782
2021-08-24 18:00:00,408.5210531754142,1759.2834999999998,2160.0,-0.0,3473.3524468245864,-0.0,0.0,-0.0,230.65505129098753
2021-08-24 19:00:00,-0.0,1807.832,2160.0,313.08500000000004,3500.0,-0.0,100.0,-0.0,125.36882789112158
2021-08-24 20:00:00,-0.0,1881.5745,2160.0,162.21150000000034,3500.0,-0.0,100.0,-0.0,20.093133113595638
2021-08-24 21:00:00,-0.0,1970.813,2160.0,-0.0,3475.737,-0.0,0.0,-0.0,20.09112380028428
2021-08-24 22:00:00,-0.0,2064.2635,2160.0,-0.0,3148.4455,-0.0,0.0,-0.0,20.08911468790425
2021-08-24 23:00:00,-0.0,2150.5965,2160.0,-0.0,2866.2425,-0.0,0.0,-0.0,20.08710577643546
2021-08-25 00:00:00,-0.0,2224.8265,2160.0,-0.0,2181.9714999999997,-0.0,0.0,-0.0,20.085097065857816
2021-08-25 01:00:00,-0.0,2269.9040000000005,2160.0,-0.0,1989.1359999999995,-0.0,0.0,-0.0,20.083088556151232
2021-08-25 02:00:00,-0.0,2287.2329999999997,2160.0,-0.0,1871.016,-0.0,0.0,-0.0,20.081080247295617
2021-08-25 03:00:00,-0.0,2277.3855,2160.0,-0.0,1877.8605000000002,-0.0,0.0,-0.0,20.079072139270888
2021-08-25 04:00:00,-0.0,2244.866,2160.0,-0.0,2027.6059999999998,-0.0,0.0,-0.0,20.077064232056962
2021-08-25 05:00:00,-0.0,2197.455,2160.0,-0.0,2289.937,-0.0,0.0,-0.0,20.075056525633755
2021-08-25 06:00:00,315.8463314581472,2145.0845000000004,2160.0,-0.0,2279.210168541852,-0.0,0.0,-0.0,20.07304901998119
2021-08-25 07:00:00,942.3318610151292,2098.4275,2160.0,-0.0,1920.0676389848713,-0.0,0.0,-0.0,20.071041715079193
2021-08-25 08:00:00,1659.004940355401,2067.39,2160.0,-0.0,1372.9110596445987,-0.0,0.0,-0.0,20.069034610907686
2021-08-25 09:00:00,2347.9148098316687,2059.6745,2160.0,-0.0,733.8406901683315,-0.0,0.0,-0.0,20.067027707446595
2021-08-25 10:00:00,2914.0404746953513,2079.6814999999997,2160.0,-0.0,112.89702530464865,-0.0,0.0,-0.0,20.065021004675852
2021-08-25 11:00:00,3284.586210583263,2127.8335,1880.2692894167367,-0.0,-0.0,-0.0,0.0,100.0,115.06301450257538
2021-08-25 12:00:00,3413.380059696419,2200.445,1605.5449403035805,-0.0,-0.0,-0.0,0.0,100.0,210.05150820112513
2021-08-25 13:00:00,3284.586210583263,2290.132,1605.1357894167368,-0.0,-0.0,-0.0,0.0,100.0,305.030503050305
2021-08-25 14:00:00,2914.0404746953513,2386.7740000000003,1900.1935253046481,-0.0,-0.0,-0.0,0.0,100.0,400.0
2021-08-25 15:00:00,2347.9148098316687,2478.7685,2160.0,-0.0,216.1836901683314,-0.0,0.0,-0.0,399.96
2021-08-25 16:00:00,1659.004940355401,2554.578,2160.0,-0.0,1013.0840596445994,-0.0,0.0,-0.0,399.920004
2021-08-25 17:00:00,942.3318610151292,2604.2315,2160.0,-0.0,1908.7746389848708,-0.0,0.0,-0.0,399.8800119996
2021-08-25 18:00:00,315.8463314581472,2620.5920000000006,2160.0,-0.0,2714.059668541852,-0.0,0.0,-0.0,399.84002399840006
2021-08-25 19:00:00,-0.0,2600.3185000000003,2160.0,-0.0,3126.3234999999995,-0.0,0.0,-0.0,399.80003999600024
2021-08-25 20:00:00,-0.0,2544.2755,2160.0,-0.0,3101.6235,-0.0,0.0,-0.0,399.76005999200066
2021-08-25 21:00:00,-0.0,2457.3835,2160.0,-0.0,2987.6724999999997,-0.0,0.0,-0.0,399.72008398600144
2021-08-25 22:00:00,-0.0,2347.956,2160.0,-0.0,2859.6620000000003,-0.0,0.0,-0.0,399.68011197760285
2021-08-25 23:00:00,-0.0,2226.5685,2160.0,-0.0,2781.5944999999997,-0.0,0.0,-0.0,399.6401439664051
2021-08-26 00:00:00,-0.0,2109.6985,2160.0,-0.0,2285.0544999999997,-0.0,0.0,-0.0,399.6001799520085
2021-08-26 01:00:00,-0.0,1997.9375000000002,2160.0,-0.0,2245.5065000000004,-0.0,0.0,-0.0,399.5602199340133
2021-08-26 02:00:00,-0.0,1904.9615000000003,2160.0,-0.0,2234.1614999999993,-0.0,0.0,-0.0,399.52026391201986
2021-08-26 03:00:00,-0.0,1836.1590000000003,2160.0,-0.0,2296.454999999999,-0.0,0.0,-0.0,399.4803118856287
2021-08-26 04:00:00,-0.0,1792.973,2160.0,-0.0,2453.388,-0.0,0.0,-0.0,399.44036385444014
2021-08-26 05:00:00,-0.0,1772.784,2160.0,-0.0,2685.0489999999995,-0.0,0.0,-0.0,399.4004198180547
2021-08-26 06:00:00,273.0988295978161,1769.3194999999998,2160.0,-0.0,2664.7476704021847,-0.0,0.0,-0.0,399.36047977607285
2021-08-26 07:00:00,839.7452077974302,1773.5575000000001,2160.0,-0.0,2311.1702922025697,-0.0,0.0,-0.0,399.32054372809523
2021-08-26 08:00:00,1491.776321011274,1775.0265000000002,2160.0,-0.0,1792.808178988726,-0.0,0.0,-0.0,399.28061167372243
2021-08-26 09:00:00,2120.197678970071,1763.2810000000002,2160.0,-0.0,1214.9573210299286,-0.0,0.0,-0.0,399.2406836125551
2021-08-26 10:00:00,2637.3762902562175,1729.4160000000004,2160.0,-0.0,693.5787097437824,-0.0,0.0,-0.0,399.20075954419383
2021-08-26 11:00:00,2976.1707647308167,1667.3280000000002,2160.0,-0.0,339.73423526918305,-0.0,0.0,-0.0,399.16083946823943
2021-08-26 12:00:00,3093.9744994362004,1574.6575000000003,2160.0,-0.0,238.12400056379965,-0.0,0.0,-0.0,399.1209233842926
2021-08-26 13:00:00,2976.1707647308167,1453.1595,2160.0,-0.0,434.80473526918377,-0.0,0.0,-0.0,399.0810112919542
2021-08-26 14:00:00,2637.3762902562175,1308.593,2160.0,-0.0,936.2707097437824,-0.0,0.0,-0.0,399.041103190825
2021-08-26 15:00:00,2120.197678970071,1149.9995000000001,2160.0,-0.0,1710.9108210299291,-0.0,0.0,-0.0,399.00119908050596
2021-08-26 16:00:00,1491.776321011274,988.5980000000001,2160.0,-0.0,2681.601678988726,-0.0,0.0,-0.0,398.9612989605979
2021-08-26 17:00:00,839.7452077974302,836.3225000000001,2160.0,111.71029220256969,3500.0,-0.0,100.0,-0.0,293.658244935965
2021-08-26 18:00:00,273.0988295978161,704.3075,2160.0,1002.7286704021844,3500.0,-0.0,100.0,-0.0,188.36572121673458
2021-08-26 19:00:00,-0.0,601.4775000000001,2160.0,1452.0654999999997,3500.0,-0.0,100.0,-0.0,83.08372674987608
2021-08-26 20:00:00,-0.0,533.364,2160.0,1457.8483525416596,3500.0,-0.0,78.92164745834104,-0.0,-0.0
2021-08-26 21:00:00,-0.0,501.46199999999993,2160.0,1365.2350000000006,3500.0,-0.0,0.0,-0.0,-0.0
2021-08-26 22:00:00,-0.0,503.06750000000005,2160.0,1123.6724999999997,3500.0,-0.0,0.0,-0.0,-0.0
2021-08-26 23:00:00,-0.0,531.7065,2160.0,893.1364999999996,3500.0,-0.0,0.0,-0.0,-0.0
2021-08-27 00:00:00,-0.0,583.2125,2160.0,226.05349999999953,3500.0,-0.0,0.0,-0.0,-0.0
2021-08-27 01:00:00,-0.0,636.259,2160.0,19.41399999999976,3500.0,-0.0,0.0,-0.0,-0.0
2021-08-27 02:00:00,-0.0,685.048,2160.0,-0.0,3364.103,-0.0,0.0,-0.0,-0.0
2021-08-27 03:00:00,-0.0,719.9855000000001,2160.0,-0.0,3320.5394999999994,-0.0,0.0,-0.0,-0.0
2021-08-27 04:00:00,-0.0,734.2139999999999,2160.0,-0.0,3418.0280000000002,-0.0,0.0,-0.0,-0.0
2021-08-27 05:00:00,-0.0,724.503,2160.0,137.26799999999957,3500.0,-0.0,0.0,-0.0,-0.0
2021-08-27 06:00:00,274.0973739949548,691.678,2160.0,143.47462600504514,3500.0,-0.0,0.0,-0.0,-0.0
2021-08-27 07:00:00,870.2957655184779,640.497,2160.0,-0.0,3314.002234481522,-0.0,0.0,-0.0,-0.0
2021-08-27 08:00:00,1560.5472375896745,578.9485,2160.0,-0.0,2818.767262410326,-0.0,0.0,-0.0,-0.0
2021-08-27 09:00:00,2227.6055250745685,517.153,2160.0,-0.0,2250.754474925431,-0.0,0.0,-0.0,-0.0
2021-08-27 10:00:00,2777.417547425488,465.933,2160.0,-0.0,1712.6164525745116,-0.0,0.0,-0.0,-0.0
2021-08-27 11:00:00,3137.904326871058,435.29850000000005,2160.0,-0.0,1304.243173128942,-0.0,0.0,-0.0,-0.0
2021-08-27 12:00:00,3263.2982242025446,433.0365,2160.0,-0.0,1103.3482757974552,-0.0,0.0,-0.0,-0.0
2021-08-27 13:00:00,3137.904326871058,463.58,2160.0,-0.0,1154.3906731289421,-0.0,0.0,-0.0,-0.0
2021-08-27 14:00:00,2777.417547425488,527.3449999999999,2160.0,-0.0,1468.1304525745118,-0.0,0.0,-0.0,-0.0
2021-08-27 15:00:00,2227.6055250745685,620.6005,2160.0,-0.0,2022.5679749254323,-0.0,0.0,-0.0,-0.0
2021-08-27 16:00:00,1560.5472375896745,735.8845,2160.0,-0.0,2754.325262410325,-0.0,0.0,-0.0,-0.0
2021-08-27 17:00:00,870.2957655184779,862.9399999999999,2160.0,42.540234481522475,3500.0,-0.0,0.0,-0.0,-0.0
2021-08-27 18:00:00,274.0973739949548,990.028,2160.0,703.3276260050452,3500.0,-0.0,0.0,-0.0,-0.0
2021-08-27 19:00:00,-0.0,1105.3965,2160.0,934.8885,3500.0,-0.0,0.0,-0.0,-0.0
2021-08-27 20:00:00,-0.0,1198.847,2160.0,757.5570000000007,3500.0,-0.0,0.0,-0.0,-0.0
2021-08-27 21:00:00,-0.0,1262.9825,2160.0,489.6175000000003,3500.0,-0.0,0.0,-0.0,-0.0
2021-08-27 22:00:00,-0.0,1294.189,2160.0,218.1909999999998,3500.0,-0.0,0.0,-0.0,-0.0
2021-08-27 23:00:00,-0.0,1292.9930000000002,2160.0,17.331999999999425,3500.0,-0.0,0.0,-0.0,-0.0
2021-08-28 00:00:00,-0.0,1269.3200000000002,2160.0,-0.0,2489.4230000000002,-0.0,0.0,-0.0,-0.0
2021-08-28 01:00:00,-0.0,1220.479,2160.0,-0.0,2384.724,-0.0,0.0,-0.0,-0.0
2021-08-28 02:00:00,-0.0,1161.9920000000002,2160.0,-0.0,2336.8459999999995,-0.0,0.0,-0.0,-0.0
2021-08-28 03:00:00,-0.0,1104.909,2160.0,-0.0,2385.5660000000003,-0.0,0.0,-0.0,-0.0
2021-08-28 04:00:00,-0.0,1059.565,2160.0,-0.0,2542.994,-0.0,0.0,-0.0,-0.0
2021-08-28 05:00:00,-0.0,1034.189,2160.0,-0.0,2778.371,-0.0,0.0,-0.0,-0.0
2021-08-28 06:00:00,271.7388488851487,1033.7794999999999,2160.0,-0.0,2755.0976511148515,-0.0,0.0,-0.0,-0.0
2021-08-28 07:00:00,892.8702201409084,1059.409,2160.0,-0.0,2324.560779859092,-0.0,0.0,-0.0,-0.0
2021-08-28 08:00:00,1616.606622732106,1108.1005,2160.0,-0.0,1686.3838772678944,-0.0,0.0,-0.0,-0.0
2021-08-28 09:00:00,2317.9707299959996,1173.2305,2160.0,-0.0,958.0247700040004,-0.0,0.0,-0.0,-0.0
2021-08-28 10:00:00,2896.961077276807,1245.439,2160.0,-0.0,268.26692272319315,-0.0,0.0,-0.0,-0.0
2021-08-28 11:00:00,3276.9102834077125,1313.9555,2002.3672165922876,-0.0,-0.0,-0.0,0.0,100.0,95.0
2021-08-28 12:00:00,3409.128588459522,1368.042,1739.486411540478,-0.0,-0.0,-0.0,0.0,100.0,189.9905
2021-08-28 13:00:00,3276.9102834077125,1398.54,1798.6847165922877,-0.0,-0.0,-0.0,0.0,100.0,284.97150095
2021-08-28 14:00:00,2896.9610772768074,1399.125,2160.0,-0.0,-0.0,-0.0,0.0,63.550077276807315,345.315577212872
2021-08-28 15:00:00,2317.9707299959996,1367.2295000000001,2160.0,-0.0,646.6977700040002,-0.0,0.0,-0.0,345.2810456551507
2021-08-28 16:00:00,1616.606622732106,1304.4655,2160.0,-0.0,1592.383877267894,-0.0,0.0,-0.0,345.24651755058517
2021-08-28 17:00:00,892.8702201409084,1216.4555,2160.0,-0.0,2630.8202798590914,-0.0,0.0,-0.0,345.2119928988301
2021-08-28 18:00:00,271.7388488851487,1112.15,2160.0,-0.0,3500.0,-0.0,49.69615111485126,-0.0,292.8657336839073
2021-08-28 19:00:00,-0.0,1002.7030000000001,2160.0,405.56700000000046,3500.0,-0.0,100.0,-0.0,187.5732892158021
2021-08-28 20:00:00,-0.0,900.042,2160.0,426.2900000000004,3500.0,-0.0,100.0,-0.0,82.2913739921437
2021-08-28 21:00:00,-0.0,815.3145,2160.0,331.07451238799285,3500.0,-0.0,78.16898761200727,-0.0,-0.0
2021-08-28 22:00:00,-0.0,757.471,2160.0,228.98399999999992,3500.0,-0.0,0.0,-0.0,-0.0
2021-08-28 23:00:00,-0.0,732.134,2160.0,54.46799999999985,3500.0,-0.0,0.0,-0.0,-0.0
2021-08-29 00:00:00,-0.0,746.3495,2160.0,-0.0,2927.2945,-0.0,0.0,-0.0,-0.0
2021-08-29 01:00:00,-0.0,786.6560000000001,2160.0,-0.0,2735.812,-0.0,0.0,-0.0,-0.0
2021-08-29 02:00:00,-0.0,852.176,2160.0,-0.0,2566.3700000000003,-0.0,0.0,-0.0,-0.0
2021-08-29 03:00:00,-0.0,933.7185000000001,2160.0,-0.0,2478.9845000000005,-0.0,0.0,-0.0,-0.0
2021-08-29 04:00:00,-0.0,1020.5585,2160.0,-0.0,2506.8215,-0.0,0.0,-0.0,-0.0
2021-08-29 05:00:00,-0.0,1101.9060000000002,2160.0,-0.0,2638.1409999999996,-0.0,0.0,-0.0,-0.0
2021-08-29 06:00:00,253.65478103021925,1168.3815,2160.0,-0.0,2568.802718969781,-0.0,0.0,-0.0,-0.0
2021-08-29 07:00:00,864.5250365485106,1213.355,2160.0,-0.0,2131.9859634514896,-0.0,0.0,-0.0,-0.0
2021-08-29 08:00:00,1581.0878471823498,1233.8235,2160.0,-0.0,1532.07465281765,-0.0,0.0,-0.0,-0.0
2021-08-29 09:00:00,2277.4898626567806,1230.84,2160.0,-0.0,879.722137343219,-0.0,0.0,-0.0,-0.0
2021-08-29 10:00:00,2853.3007955687845,1209.3770000000002,2160.0,-0.0,289.8072044312148,-0.0,0.0,-0.0,-0.0
2021-08-29 11:00:00,3231.510206553755,1177.6375,2128.9522934462457,-0.0,-0.0,-0.0,0.0,100.0,95.0
2021-08-29 12:00:00,3363.1771680734014,1145.9500000000003,1955.5018319265987,-0.0,-0.0,-0.0,0.0,100.0,189.9905
2021-08-29 13:00:00,3231.510206553755,1125.2995,2068.4552934462454,-0.0,-0.0,-0.0,0.0,100.0,284.97150095
2021-08-29 14:00:00,2853.3007955687845,1125.8715000000002,2160.0,-0.0,107.70070443121494,-0.0,100.0,-0.0,179.67984590516818
2021-08-29 15:00:00,2277.4898626567806,1155.5895,2160.0,-0.0,756.409637343219,-0.0,100.0,-0.0,74.39872002584083
2021-08-29 16:00:00,1581.0878471823498,1218.997,2160.0,-0.0,1603.5904366715033,-0.0,70.67171614614634,-0.0,-0.0
2021-08-29 17:00:00,864.5250365485106,1316.5945000000002,2160.0,-0.0,2523.2574634514895,-0.0,0.0,-0.0,-0.0
2021-08-29 18:00:00,253.65478103021925,1444.7095,2160.0,-0.0,3202.831718969781,-0.0,0.0,-0.0,-0.0
2021-08-29 19:00:00,-0.0,1595.8995,2160.0,-0.0,3383.3965000000003,-0.0,0.0,-0.0,-0.0
2021-08-29 20:00:00,-0.0,1759.914,2160.0,-0.0,3140.893,-0.0,0.0,-0.0,-0.0
2021-08-29 21:00:00,-0.0,1924.9490000000003,2160.0,-0.0,2777.562999999999,-0.0,0.0,-0.0,-0.0
2021-08-29 22:00:00,-0.0,2079.2005000000004,2160.0,-0.0,2388.7144999999996,-0.0,0.0,-0.0,-0.0
2021-08-29 23:00:00,-0.0,2212.353,2160.0,-0.0,2059.2380000000003,-0.0,0.0,-0.0,-0.0
2021-08-30 00:00:00,-0.0,2322.4435,2160.0,-0.0,1776.0785,-0.0,0.0,-0.0,-0.0
2021-08-30 01:00:00,-0.0,2394.5350000000003,2160.0,-0.0,1556.3809999999999,-0.0,0.0,-0.0,-0.0
2021-08-30 02:00:00,-0.0,2434.549,2160.0,-0.0,1416.0299999999997,-0.0,0.0,-0.0,-0.0
2021-08-30 03:00:00,-0.0,2446.8405000000002,2160.0,-0.0,1401.4924999999994,-0.0,0.0,-0.0,-0.0
2021-08-30 04:00:00,-0.0,2439.1185,2160.0,-0.0,1527.4985000000001,-0.0,0.0,-0.0,-0.0
2021-08-30 05:00:00,-0.0,2421.315,2160.0,-0.0,1761.5809999999997,-0.0,0.0,-0.0,-0.0
2021-08-30 06:00:00,250.88581129091432,2404.1745,2160.0,-0.0,1782.2426887090855,-0.0,0.0,-0.0,-0.0
2021-08-30 07:00:00,889.3171173780835,2397.733,2160.0,-0.0,1372.8958826219164,-0.0,0.0,-0.0,-0.0
2021-08-30 08:00:00,1643.4693048269116,2409.901,2160.0,-0.0,747.3086951730886,-0.0,0.0,-0.0,-0.0
2021-08-30 09:00:00,2378.5633841806566,2445.339,2160.0,-0.0,21.448615819343104,-0.0,0.0,-0.0,-0.0
2021-08-30 10:00:00,2987.3630384337152,2504.801,1481.2169615662847,-0.0,-0.0,-0.0,0.0,-0.0,-0.0
2021-08-30 11:00:00,3387.6078125874456,2584.9655,951.1287621543188,-0.0,-0.0,-0.0,0.0,21.121074741764055,20.065021004675852
2021-08-30 12:00:00,3527.0119616751062,2678.8905,726.7775383248945,-0.0,-0.0,-0.0,0.0,100.0,115.06301450257538
2021-08-30 13:00:00,3387.6078125874456,2776.891,732.368187412555,-0.0,-0.0,-0.0,0.0,100.0,210.05150820112513
2021-08-30 14:00:00,2987.3630384337152,2867.8845,1066.758461566285,-0.0,-0.0,-0.0,0.0,100.0,305.030503050305
2021-08-30 15:00:00,2378.5633841806566,2940.8535,1708.711115819343,-0.0,-0.0,-0.0,0.0,100.0,400.0
2021-08-30 16:00:00,1643.4693048269116,2986.36,2160.0,-0.0,226.63469517308818,-0.0,100.0,-0.0,294.69684210526316
2021-08-30 17:00:00,889.3171173780835,2997.839,2160.0,-0.0,1202.786882621917,-0.0,100.0,-0.0,189.4042145263158
2021-08-30 18:00:00,250.88581129091432,2972.5020000000004,2160.0,-0.0,2066.789188709085,-0.0,100.0,-0.0,84.12211621012632
2021-08-30 19:00:00,-0.0,2911.7595,2160.0,-0.0,2479.98948120142,-0.0,79.90801879858006,-0.0,-0.0
2021-08-30 20:00:00,-0.0,2821.0845,2160.0,-0.0,2575.4235,-0.0,0.0,-0.0,-0.0
2021-08-30 21:00:00,-0.0,2709.3105,2160.0,-0.0,2492.2014999999997,-0.0,0.0,-0.0,-0.0
2021-08-30 22:00:00,-0.0,2587.494,2160.0,-0.0,2382.676,-0.0,0.0,-0.0,-0.0
2021-08-30 23:00:00,-0.0,2467.5170000000003,2160.0,-0.0,2309.5359999999996,-0.0,0.0,-0.0,-0.0
2021-08-31 00:00:00,-0.0,2366.2015,2160.0,-0.0,1804.9785000000002,-0.0,0.0,-0.0,-0.0
2021-08-31 01:00:00,-0.0,2281.1555,2160.0,-0.0,1745.5235000000002,-0.0,0.0,-0.0,-0.0
2021-08-31 02:00:00,-0.0,2223.767,2160.0,-0.0,1705.6239999999998,-0.0,0.0,-0.0,-0.0
2021-08-31 03:00:00,-0.0,2195.7325,2160.0,-0.0,1734.4044999999996,-0.0,0.0,-0.0,-0.0
2021-08-31 04:00:00,-0.0,2194.634,2160.0,-0.0,1856.719,-0.0,0.0,-0.0,-0.0
2021-08-31 05:00:00,-0.0,2214.3224999999998,2160.0,-0.0,2056.1775000000002,-0.0,0.0,-0.0,-0.0
2021-08-31 06:00:00,276.59679800742475,2245.8475000000003,2160.0,-0.0,2005.2667019925752,-0.0,0.0,-0.0,-0.0
2021-08-31 07:00:00,1022.6626136512031,2278.7180000000003,2160.0,-0.0,1451.7093863487967,-0.0,0.0,-0.0,-0.0
2021-08-31 08:00:00,1910.4420951784778,2302.4235000000003,2160.0,-0.0,683.6224048215222,-0.0,0.0,-0.0,-0.0
2021-08-31 09:00:00,2778.4283439011197,2307.9030000000002,2017.42265609888,-0.0,-0.0,-0.0,0.0,-0.0,-0.0
2021-08-31 10:00:00,3498.489122944567,2288.8515,1308.0844517971968,-0.0,-0.0,-0.0,0.0,21.121074741764055,20.065021004675852
2021-08-31 11:00:00,3972.3321326027426,2242.6235,890.9913673972578,-0.0,-0.0,-0.0,0.0,100.0,115.06301450257538
2021-08-31 12:00:00,4137.441142367668,2170.6425,730.3263576323316,-0.0,-0.0,-0.0,0.0,100.0,210.05150820112513
2021-08-31 13:00:00,3972.3321326027426,2078.2644999999998,954.2843673972575,-0.0,-0.0,-0.0,0.0,100.0,305.030503050305
2021-08-31 14:00:00,3498.489122944567,1974.0825,1559.6483770554337,-0.0,-0.0,-0.0,0.0,100.0,400.0
2021-08-31 15:00:00,2778.4283439011197,1868.8085,2160.0,-0.0,230.35598552928673,-0.0,2.866170569593362,-0.0,396.94297834779644
2021-08-31 16:00:00,1910.4420951784778,1773.8369999999998,2160.0,-0.0,1386.5469048215227,-0.0,0.0,-0.0,396.90328404996166
2021-08-31 17:00:00,1022.6626136512031,1699.737,2160.0,-0.0,2583.8483863487963,-0.0,0.0,-0.0,396.86359372155664
2021-08-31 18:00:00,276.59679800742475,1654.8155000000002,2160.0,-0.0,3500.0,-0.0,76.92270199257513,-0.0,315.85264210684227
2021-08-31 19:00:00,-0.0,1643.9865,2160.0,347.59050000000025,3500.0,-0.0,100.0,-0.0,210.55789894789478
2021-08-31 20:00:00,-0.0,1668.1080000000004,2160.0,249.98999999999978,3500.0,-0.0,100.0,-0.0,105.27368526326316
2021-08-31 21:00:00,-0.0,1723.8390000000002,2160.0,0.8389999999999418,3500.0,-0.0,100.0,-0.0,-0.0
2021-08-31 22:00:00,-0.0,1804.0555,2160.0,-0.0,3290.7605,-0.0,0.0,-0.0,-0.0
2021-08-31 23:00:00,-0.0,1898.78,2160.0,-0.0,3004.303,-0.0,0.0,-0.0,-0.0
2021-09-01 00:00:00,-0.0,2002.273,2160.0,-0.0,2296.406,-0.0,0.0,-0.0,-0.0
2021-09-01 01:00:00,-0.0,2091.3555,2160.0,-0.0,2064.0094999999997,-0.0,0.0,-0.0,-0.0
2021-09-01 02:00:00,-0.0,2161.692,2160.0,-0.0,1897.4719999999998,-0.0,0.0,-0.0,-0.0
2021-09-01 03:00:00,-0.0,2205.931,2160.0,-0.0,1854.966,-0.0,0.0,-0.0,-0.0
2021-09-01 04:00:00,-0.0,2220.3804999999998,2160.0,-0.0,1962.6165000000005,-0.0,0.0,-0.0,-0.0
2021-09-01 05:00:00,-0.0,2205.4825,2160.0,-0.0,2197.4455,-0.0,0.0,-0.0,-0.0
2021-09-01 06:00:00,296.72696297060156,2165.6505,2160.0,-0.0,2198.4405370293985,-0.0,0.0,-0.0,-0.0
2021-09-01 07:00:00,1148.0258807864589,2108.6000000000004,2160.0,-0.0,1630.147119213541,-0.0,0.0,-0.0,-0.0
2021-09-01 08:00:00,2168.856808703033,2044.25,2160.0,-0.0,817.536191296967,-0.0,0.0,-0.0,-0.0
2021-09-01 09:00:00,3170.0476547961307,1983.2930000000001,2084.9363452038697,-0.0,-0.0,-0.0,0.0,-0.0,-0.0
2021-09-01 10:00:00,4002.0434229470543,1935.6805,1271.3650770529453,-0.0,-0.0,-0.0,0.0,-0.0,-0.0
2021-09-01 11:00:00,4550.0727678773155,1909.206,702.7323068644491,-0.0,-0.0,-0.0,0.0,21.121074741764055,20.065021004675852
2021-09-01 12:00:00,4741.119427810862,1908.4000000000003,523.886572189137,-0.0,-0.0,-0.0,0.0,100.0,115.06301450257538
2021-09-01 13:00:00,4550.0727678773155,1933.8345000000002,655.9167321226842,-0.0,-0.0,-0.0,0.0,100.0,210.05150820112513
2021-09-01 14:00:00,4002.0434229470543,1982.0255,1182.9370770529463,-0.0,-0.0,-0.0,0.0,100.0,305.030503050305
2021-09-01 15:00:00,3170.0476547961307,2045.8035,2059.1308452038693,-0.0,-0.0,-0.0,0.0,100.0,400.0
2021-09-01 16:00:00,2168.856808703033,2115.2885,2160.0,-0.0,820.8356912969666,-0.0,100.0,-0.0,294.69684210526316
2021-09-01 17:00:00,1148.0258807864589,2179.1575000000003,2160.0,-0.0,2012.7476192135405,-0.0,100.0,-0.0,189.4042145263158
2021-09-01 18:00:00,296.72696297060156,2226.172,2160.0,-0.0,3048.111934939923,-0.0,70.43110208947553,-0.0,115.24727190541523
2021-09-01 19:00:00,-0.0,2246.6535,2160.0,-0.0,3477.3515,-0.0,0.0,-0.0,115.2357471782247
2021-09-01 20:00:00,-0.0,2233.7965,2160.0,-0.0,3415.9465000000005,-0.0,0.0,-0.0,115.22422360350687
2021-09-01 21:00:00,-0.0,2184.5915,2160.0,-0.0,3270.8465,-0.0,0.0,-0.0,115.21270118114653
2021-09-01 22:00:00,-0.0,2100.228,2160.0,-0.0,3124.361,-0.0,0.0,-0.0,115.20117991102842
2021-09-01 23:00:00,-0.0,1985.9839999999997,2160.0,-0.0,3045.7850000000008,-0.0,0.0,-0.0,115.18965979303732
2021-09-02 00:00:00,-0.0,1856.4064999999998,2160.0,-0.0,2569.9515,-0.0,0.0,-0.0,115.17814082705802
2021-09-02 01:00:00,-0.0,1710.5594999999998,2160.0,-0.0,2571.1985,-0.0,0.0,-0.0,115.16662301297531
2021-09-02 02:00:00,-0.0,1566.0905,2160.0,-0.0,2618.0834999999997,-0.0,0.0,-0.0,115.15510635067402
2021-09-02 03:00:00,-0.0,1434.0235,2160.0,-0.0,2750.4025,-0.0,0.0,-0.0,115.14359084003895
2021-09-02 04:00:00,-0.0,1323.2375000000002,2160.0,-0.0,2981.7124999999996,-0.0,0.0,-0.0,115.13207648095495
2021-09-02 05:00:00,-0.0,1239.3680000000002,2160.0,-0.0,3283.843,-0.0,0.0,-0.0,115.12056327330686
2021-09-02 06:00:00,276.088336749986,1184.0985,2160.0,-0.0,3319.152163250014,-0.0,0.0,-0.0,115.10905121697952
2021-09-02 07:00:00,1121.886071322711,1154.9914999999999,2160.0,-0.0,2726.563428677289,-0.0,0.0,-0.0,115.09754031185783
2021-09-02 08:00:00,2144.3465256787877,1145.9370000000001,2160.0,-0.0,1855.0844743212128,-0.0,0.0,-0.0,115.08603055782665
2021-09-02 09:00:00,3150.3769427764228,1148.0495,2160.0,-0.0,892.5445572235767,-0.0,0.0,-0.0,115.07452195477086
2021-09-02 10:00:00,3987.8616420919866,1150.942,2160.0,-0.0,20.862357908013564,-0.0,0.0,-0.0,115.06301450257538
2021-09-02 11:00:00,4540.056693709697,1144.2275,1664.9818062903023,-0.0,-0.0,-0.0,0.0,100.0,210.05150820112513
2021-09-02 12:00:00,4732.634863454806,1119.0075000000002,1427.855636545194,-0.0,-0.0,-0.0,0.0,100.0,305.030503050305
2021-09-02 13:00:00,4540.056693709697,1069.1655,1634.3298062903023,-0.0,-0.0,-0.0,0.0,100.0,400.0
2021-09-02 14:00:00,3987.8616420919866,992.2639999999999,2160.0,-0.0,28.165357908013448,-0.0,0.0,-0.0,399.96
2021-09-02 15:00:00,3150.3769427764228,889.9799999999999,2160.0,-0.0,1073.3910572235773,-0.0,0.0,-0.0,399.920004
2021-09-02 16:00:00,2144.3465256787877,767.9165,2160.0,-0.0,2388.8909743212125,-0.0,0.0,-0.0,399.8800119996
2021-09-02 17:00:00,1121.886071322711,634.9460000000001,2160.0,176.60492867728908,3500.0,-0.0,100.0,-0.0,294.57686610366324
2021-09-02 18:00:00,276.088336749986,502.0795000000001,2160.0,1354.0451632500135,3500.0,-0.0,100.0,-0.0,189.28425052231603
2021-09-02 19:00:00,-0.0,381.0235,2160.0,1830.9484999999995,3500.0,-0.0,100.0,-0.0,84.00216420252697
2021-09-02 20:00:00,-0.0,282.63950000000006,2160.0,1872.4074242131992,3500.0,-0.0,79.79407578680139,-0.0,-0.0
2021-09-02 21:00:00,-0.0,215.5595,2160.0,1822.0454999999993,3500.0,-0.0,0.0,-0.0,-0.0
2021-09-02 22:00:00,-0.0,195.0,2160.0,1608.7640000000001,3500.0,-0.0,0.0,-0.0,-0.0
2021-09-02 23:00:00,-0.0,195.0,2160.0,1412.8950000000004,3500.0,-0.0,0.0,-0.0,-0.0
2021-09-03 00:00:00,-0.0,239.98650000000004,2160.0,759.5685000000003,3500.0,-0.0,0.0,-0.0,-0.0
2021-09-03 01:00:00,-0.0,309.60150000000004,2160.0,542.1964999999996,3500.0,-0.0,0.0,-0.0,-0.0
2021-09-03 02:00:00,-0.0,397.319,2160.0,353.68700000000035,3500.0,-0.0,0.0,-0.0,-0.0
2021-09-03 03:00:00,-0.0,491.855,2160.0,256.1489999999999,3500.0,-0.0,0.0,-0.0,-0.0
2021-09-03 04:00:00,-0.0,581.8475,2160.0,283.3824999999997,3500.0,-0.0,0.0,-0.0,-0.0
2021-09-03 05:00:00,-0.0,657.3774999999999,2160.0,422.7724999999996,3500.0,-0.0,0.0,-0.0,-0.0
2021-09-03 06:00:00,225.89157116621513,711.23,2160.0,395.7764288337844,3500.0,-0.0,0.0,-0.0,-0.0
2021-09-03 07:00:00,968.0550998101322,739.8755,2160.0,-0.0,3345.6534001898676,-0.0,0.0,-0.0,-0.0
2021-09-03 08:00:00,1872.8894745989664,743.8405,2160.0,-0.0,2575.3330254010334,-0.0,0.0,-0.0,-0.0
2021-09-03 09:00:00,2766.1395091731424,727.597,2160.0,-0.0,1740.451490826858,-0.0,0.0,-0.0,-0.0
2021-09-03 10:00:00,3511.078133595611,698.893,2160.0,-0.0,989.4058664043896,-0.0,0.0,-0.0,-0.0
2021-09-03 11:00:00,4002.747917460373,667.6345,2160.0,-0.0,455.0635825396266,-0.0,0.0,-0.0,-0.0
2021-09-03 12:00:00,4174.301520512353,644.449,2160.0,-0.0,233.37647948764788,-0.0,0.0,-0.0,-0.0
2021-09-03 13:00:00,4002.747917460373,639.2035,2160.0,-0.0,370.6595825396271,-0.0,0.0,-0.0,-0.0
2021-09-03 14:00:00,3511.078133595611,659.5680000000001,2160.0,-0.0,863.1188664043893,-0.0,0.0,-0.0,-0.0
2021-09-03 15:00:00,2766.1395091731424,709.8845000000001,2160.0,-0.0,1659.6009908268575,-0.0,0.0,-0.0,-0.0
2021-09-03 16:00:00,1872.8894745989664,790.5429999999999,2160.0,-0.0,2655.992525401034,-0.0,0.0,-0.0,-0.0
2021-09-03 17:00:00,968.0550998101322,897.7930000000001,2160.0,182.24690018986757,3500.0,-0.0,0.0,-0.0,-0.0
2021-09-03 18:00:00,225.89157116621513,1024.2245,2160.0,993.138928833785,3500.0,-0.0,0.0,-0.0,-0.0
2021-09-03 19:00:00,-0.0,1159.6325,2160.0,1159.7665000000006,3500.0,-0.0,0.0,-0.0,-0.0
2021-09-03 20:00:00,-0.0,1292.382,2160.0,946.2739999999994,3500.0,-0.0,0.0,-0.0,-0.0
2021-09-03 21:00:00,-0.0,1410.8770000000002,2160.0,626.9359999999997,3500.0,-0.0,0.0,-0.0,-0.0
2021-09-03 22:00:00,-0.0,1505.0815,2160.0,295.29349999999977,3500.0,-0.0,0.0,-0.0,-0.0
2021-09-03 23:00:00,-0.0,1567.7935000000002,2160.0,33.127500000000055,3500.0,-0.0,0.0,-0.0,-0.0
2021-09-04 00:00:00,-0.0,1601.7755,2160.0,-0.0,2451.2615000000005,-0.0,0.0,-0.0,-0.0
2021-09-04 01:00:00,-0.0,1595.5095,2160.0,-0.0,2306.2185,-0.0,0.0,-0.0,-0.0
2021-09-04 02:00:00,-0.0,1560.0065,2160.0,-0.0,2237.4005,-0.0,0.0,-0.0,-0.0
2021-09-04 03:00:00,-0.0,1503.5020000000002,2160.0,-0.0,2287.3959999999997,-0.0,0.0,-0.0,-0.0
2021-09-04 04:00:00,-0.0,1436.5065000000002,2160.0,-0.0,2468.1385,-0.0,0.0,-0.0,-0.0
2021-09-04 05:00:00,-0.0,1370.356,2160.0,-0.0,2745.7610000000004,-0.0,0.0,-0.0,-0.0
2021-09-04 06:00:00,183.462623346689,1315.6975000000002,2160.0,-0.0,2866.289876653311,-0.0,0.0,-0.0,-0.0
2021-09-04 07:00:00,833.0739510582641,1281.0655000000002,2160.0,-0.0,2468.6175489417355,-0.0,0.0,-0.0,-0.0
2021-09-04 08:00:00,1632.1912665745656,1271.7510000000002,2160.0,-0.0,1813.9527334254346,-0.0,0.0,-0.0,-0.0
2021-09-04 09:00:00,2423.7796798572263,1289.119,2160.0,-0.0,1043.8213201427743,-0.0,0.0,-0.0,-0.0
2021-09-04 10:00:00,3085.159128960847,1330.4655000000002,2160.0,-0.0,303.03037103915267,-0.0,0.0,-0.0,-0.0
2021-09-04 11:00:00,3522.123382356599,1389.4335000000003,1989.9601176434007,-0.0,-0.0,-0.0,0.0,100.0,95.0
2021-09-04 12:00:00,3674.6678856274657,1456.8905000000002,1693.4816143725338,-0.0,-0.0,-0.0,0.0,100.0,189.9905
2021-09-04 13:00:00,3522.123382356599,1522.2805,1738.0161176434012,-0.0,-0.0,-0.0,0.0,100.0,284.97150095
2021-09-04 14:00:00,3085.159128960847,1575.0605,2140.304371039153,-0.0,-0.0,-0.0,0.0,100.0,379.943003799905
2021-09-04 15:00:00,2423.7796798572263,1606.215,2160.0,-0.0,609.3973201427734,-0.0,0.0,-0.0,379.905009499525
2021-09-04 16:00:00,1632.1912665745656,1609.556,2160.0,-0.0,1578.5127334254346,-0.0,0.0,-0.0,379.8670189985751
2021-09-04 17:00:00,833.0739510582641,1582.6005000000002,2160.0,-0.0,2630.387548941735,-0.0,0.0,-0.0,379.8290322966752
2021-09-04 18:00:00,183.462623346689,1527.0059999999999,2160.0,-0.0,3500.0,-0.0,27.950376653310997,-0.0,350.3696002846972
2021-09-04 19:00:00,-0.0,1448.421,2160.0,263.40599999999995,3500.0,-0.0,100.0,-0.0,245.07140542993187
2021-09-04 20:00:00,-0.0,1355.783,2160.0,272.63499999999976,3500.0,-0.0,100.0,-0.0,139.78374039465206
2021-09-04 21:00:00,-0.0,1260.1875000000002,2160.0,164.79349999999977,3500.0,-0.0,100.0,-0.0,34.50660412587577
2021-09-04 22:00:00,-0.0,1173.458,2160.0,78.78800420781045,3500.0,-0.0,32.77799579219002,-0.0,-0.0
2021-09-04 23:00:00,-0.0,1106.6315000000002,2160.0,-0.0,3476.4955,-0.0,0.0,-0.0,-0.0
2021-09-05 00:00:00,-0.0,1074.749,2160.0,-0.0,2894.4480000000003,-0.0,0.0,-0.0,-0.0
2021-09-05 01:00:00,-0.0,1070.732,2160.0,-0.0,2744.8720000000003,-0.0,0.0,-0.0,-0.0
2021-09-05 02:00:00,-0.0,1102.2115000000001,2160.0,-0.0,2606.8705,-0.0,0.0,-0.0,-0.0
2021-09-05 03:00:00,-0.0,1166.373,2160.0,-0.0,2534.083,-0.0,0.0,-0.0,-0.0
2021-09-05 04:00:00,-0.0,1256.619,2160.0,-0.0,2555.554,-0.0,0.0,-0.0,-0.0
2021-09-05 05:00:00,-0.0,1363.4790000000003,2160.0,-0.0,2658.223,-0.0,0.0,-0.0,-0.0
2021-09-05 06:00:00,161.42113413868225,1475.916,2160.0,-0.0,2631.843865861317,-0.0,0.0,-0.0,-0.0
2021-09-05 07:00:00,780.8372144054921,1582.8150000000003,2160.0,-0.0,2121.073785594507,-0.0,0.0,-0.0,-0.0
2021-09-05 08:00:00,1550.0349542431097,1674.4845,2160.0,-0.0,1393.6745457568907,-0.0,0.0,-0.0,-0.0
2021-09-05 09:00:00,2314.674920881517,1743.9565000000002,2160.0,-0.0,596.812579118483,-0.0,0.0,-0.0,-0.0
2021-09-05 10:00:00,2954.741879447435,1787.8900000000003,2054.3881952943293,-0.0,-0.0,-0.0,0.0,21.121074741764055,20.065021004675852
2021-09-05 11:00:00,3378.075695520281,1807.0325,1612.2688044797192,-0.0,-0.0,-0.0,0.0,100.0,115.06301450257538
2021-09-05 12:00:00,3525.9276527285197,1806.0185000000001,1387.6678472714798,-0.0,-0.0,-0.0,0.0,100.0,210.05150820112513
2021-09-05 13:00:00,3378.075695520281,1792.765,1504.9653044797183,-0.0,-0.0,-0.0,0.0,100.0,305.030503050305
2021-09-05 14:00:00,2954.741879447435,1777.3015,1960.780620552564,-0.0,-0.0,-0.0,0.0,100.0,400.0
2021-09-05 15:00:00,2314.674920881517,1770.353,2160.0,-0.0,345.67707911848265,-0.0,100.0,-0.0,294.69684210526316
2021-09-05 16:00:00,1550.0349542431097,1781.8645000000001,2160.0,-0.0,1278.7885457568902,-0.0,100.0,-0.0,189.4042145263158
2021-09-05 17:00:00,780.8372144054921,1819.5450000000003,2160.0,-0.0,2235.3247855945083,-0.0,100.0,-0.0,84.12211621012632
2021-09-05 18:00:00,161.42113413868225,1887.7495,2160.0,-0.0,2998.305347062738,-0.0,79.90801879858006,-0.0,-0.0
2021-09-05 19:00:00,-0.0,1986.842,2160.0,-0.0,3213.3740000000003,-0.0,0.0,-0.0,-0.0
2021-09-05 20:00:00,-0.0,2113.02,2160.0,-0.0,3003.315,-0.0,0.0,-0.0,-0.0
2021-09-05 21:00:00,-0.0,2258.776,2160.0,-0.0,2653.755,-0.0,0.0,-0.0,-0.0
2021-09-05 22:00:00,-0.0,2413.8075,2160.0,-0.0,2258.5035,-0.0,0.0,-0.0,-0.0
2021-09-05 23:00:00,-0.0,2566.317,2160.0,-0.0,1903.9390000000003,-0.0,0.0,-0.0,-0.0
2021-09-06 00:00:00,-0.0,2710.9030000000002,2160.0,-0.0,1581.6859999999997,-0.0,0.0,-0.0,-0.0
2021-09-06 01:00:00,-0.0,2824.5815000000002,2160.0,-0.0,1314.4674999999997,-0.0,0.0,-0.0,-0.0
2021-09-06 02:00:00,-0.0,2906.3125,2160.0,-0.0,1126.3715000000002,-0.0,0.0,-0.0,-0.0
2021-09-06 03:00:00,-0.0,2952.443,2160.0,-0.0,1071.8779999999997,-0.0,0.0,-0.0,-0.0
2021-09-06 04:00:00,-0.0,2963.4995000000004,2160.0,-0.0,1172.9054999999994,-0.0,0.0,-0.0,-0.0
2021-09-06 05:00:00,-0.0,2944.0710000000004,2160.0,-0.0,1402.3349999999996,-0.0,0.0,-0.0,-0.0
2021-09-06 06:00:00,141.83618666842165,2902.107,2160.0,-0.0,1550.5188133315787,-0.0,0.0,-0.0,-0.0
2021-09-06 07:00:00,735.4555156692735,2847.8125,2160.0,-0.0,1227.417984330726,-0.0,0.0,-0.0,-0.0
2021-09-06 08:00:00,1480.0020735799817,2792.231,2160.0,-0.0,672.703926420018,-0.0,0.0,-0.0,-0.0
2021-09-06 09:00:00,2222.83334050174,2745.7235,2160.0,-0.0,14.51515949825989,-0.0,0.0,-0.0,-0.0
2021-09-06 10:00:00,2845.8454058060984,2716.5190000000002,1542.1485941939013,-0.0,-0.0,-0.0,0.0,-0.0,-0.0
2021-09-06 11:00:00,3258.3483844915754,2709.6485,1080.2021902501892,-0.0,-0.0,-0.0,0.0,21.121074741764055,20.065021004675852
2021-09-06 12:00:00,3402.4879619165863,2726.204,921.8110380834128,-0.0,-0.0,-0.0,0.0,100.0,115.06301450257538
2021-09-06 13:00:00,3258.3483844915754,2763.2279999999996,986.4046155084252,-0.0,-0.0,-0.0,0.0,100.0,210.05150820112513
2021-09-06 14:00:00,2845.8454058060984,2814.136,1366.4005941939008,-0.0,-0.0,-0.0,0.0,100.0,305.030503050305
2021-09-06 15:00:00,2222.83334050174,2869.607,2033.3036594982595,-0.0,-0.0,-0.0,0.0,100.0,400.0
2021-09-06 16:00:00,1480.0020735799817,2918.8965,2160.0,-0.0,548.4034264200181,-0.0,100.0,-0.0,294.69684210526316
2021-09-06 17:00:00,735.4555156692735,2951.3250000000003,2160.0,-0.0,1487.210484330726,-0.0,100.0,-0.0,189.4042145263158
2021-09-06 18:00:00,141.83618666842165,2957.7599999999998,2160.0,-0.0,2302.1221248788925,-0.0,65.71268845268567,-0.0,120.21402310203614
2021-09-06 19:00:00,-0.0,2931.942,2160.0,-0.0,2610.174,-0.0,0.0,-0.0,120.20200169972594
2021-09-06 20:00:00,-0.0,2871.349,2160.0,-0.0,2588.8289999999997,-0.0,0.0,-0.0,120.18998149955597
2021-09-06 21:00:00,-0.0,2777.6385000000005,2160.0,-0.0,2480.7655,-0.0,0.0,-0.0,120.17796250140601
2021-09-06 22:00:00,-0.0,2656.485,2160.0,-0.0,2363.8160000000003,-0.0,0.0,-0.0,120.16594470515588
2021-09-06 23:00:00,-0.0,2516.9104999999995,2160.0,-0.0,2303.5365000000006,-0.0,0.0,-0.0,120.15392811068537
2021-09-07 00:00:00,-0.0,2376.5950000000003,2160.0,-0.0,1832.4839999999995,-0.0,0.0,-0.0,120.1419127178743
2021-09-07 01:00:00,-0.0,2234.5765,2160.0,-0.0,1823.3265000000001,-0.0,0.0,-0.0,120.12989852660252
2021-09-07 02:00:00,-0.0,2108.5285,2160.0,-0.0,1845.4524999999999,-0.0,0.0,-0.0,120.11788553674985
2021-09-07 03:00:00,-0.0,2007.486,2160.0,-0.0,1940.6519999999998,-0.0,0.0,-0.0,120.10587374819617
2021-09-07 04:00:00,-0.0,1937.1235000000001,2160.0,-0.0,2125.6924999999997,-0.0,0.0,-0.0,120.09386316082136
2021-09-07 05:00:00,-0.0,1899.118,2160.0,-0.0,2376.364,-0.0,0.0,-0.0,120.08185377450528
2021-09-07 06:00:00,114.10360700064878,1890.9540000000002,2160.0,-0.0,2521.2163929993512,-0.0,0.0,-0.0,120.06984558912782
2021-09-07 07:00:00,638.8233725989292,1906.3850000000002,2160.0,-0.0,2200.092627401071,-0.0,0.0,-0.0,120.05783860456891
2021-09-07 08:00:00,1303.9397056427626,1936.3045000000002,2160.0,-0.0,1642.1767943572374,-0.0,0.0,-0.0,120.04583282070845
2021-09-07 09:00:00,1970.0055747697645,1970.0460000000003,2160.0,-0.0,983.4364252302355,-0.0,0.0,-0.0,120.03382823742639
2021-09-07 10:00:00,2529.741780699609,1996.8975000000003,2160.0,-0.0,361.28071930039096,-0.0,0.0,-0.0,120.02182485460266
2021-09-07 11:00:00,2900.759221609482,2007.5575000000001,2160.0,-0.0,-0.0,-0.0,0.0,94.78072160948204,210.05150820112513
2021-09-07 12:00:00,3030.4658505703287,1995.4675000000002,1974.1316494296711,-0.0,-0.0,-0.0,0.0,100.0,305.030503050305
2021-09-07 13:00:00,2900.7592216094818,1957.7090000000003,2102.2317783905182,-0.0,-0.0,-0.0,0.0,100.0,400.0
2021-09-07 14:00:00,2529.741780699609,1895.4259999999997,2160.0,-0.0,297.14121930039164,-0.0,0.0,-0.0,399.96
2021-09-07 15:00:00,1970.0055747697645,1813.6560000000002,2160.0,-0.0,1041.2634252302357,-0.0,0.0,-0.0,399.920004
2021-09-07 16:00:00,1303.9397056427626,1720.6995,2160.0,-0.0,1985.143794357238,-0.0,0.0,-0.0,399.8800119996
2021-09-07 17:00:00,638.8233725989292,1626.9630000000002,2160.0,-0.0,2974.025627401071,-0.0,0.0,-0.0,399.84002399840006
2021-09-07 18:00:00,114.10360700064878,1543.5290000000002,2160.0,178.99839299935093,3500.0,-0.0,100.0,-0.0,294.5368821012634
2021-09-07 19:00:00,-0.0,1480.6675,2160.0,434.06449999999995,3500.0,-0.0,100.0,-0.0,189.24427051831645
2021-09-07 20:00:00,-0.0,1446.3865,2160.0,389.8555000000001,3500.0,-0.0,100.0,-0.0,83.96218819652778
2021-09-07 21:00:00,-0.0,1445.3270000000002,2160.0,212.86389762117733,3500.0,-0.0,79.75610237882272,-0.0,-0.0
2021-09-07 22:00:00,-0.0,1478.1,2160.0,25.250000000000455,3500.0,-0.0,0.0,-0.0,-0.0
2021-09-07 23:00:00,-0.0,1541.111,2160.0,-0.0,3265.916,-0.0,0.0,-0.0,-0.0
2021-09-08 00:00:00,-0.0,1633.6125000000002,2160.0,-0.0,2565.7574999999997,-0.0,0.0,-0.0,-0.0
2021-09-08 01:00:00,-0.0,1732.276,2160.0,-0.0,2319.487,-0.0,0.0,-0.0,-0.0
2021-09-08 02:00:00,-0.0,1831.999,2160.0,-0.0,2119.4270000000006,-0.0,0.0,-0.0,-0.0
2021-09-08 03:00:00,-0.0,1921.0620000000001,2160.0,-0.0,2028.1180000000002,-0.0,0.0,-0.0,-0.0
2021-09-08 04:00:00,-0.0,1989.2665000000002,2160.0,-0.0,2078.1974999999998,-0.0,0.0,-0.0,-0.0
2021-09-08 05:00:00,-0.0,2029.1895,2160.0,-0.0,2254.5535000000004,-0.0,0.0,-0.0,-0.0
2021-09-08 06:00:00,92.39292391193949,2037.1325000000002,2160.0,-0.0,2408.6255760880604,-0.0,0.0,-0.0,-0.0
2021-09-08 07:00:00,563.2893086926691,2013.5505000000003,2160.0,-0.0,2183.95319130733,-0.0,0.0,-0.0,-0.0
2021-09-08 08:00:00,1166.8940816649083,1962.9155,2160.0,-0.0,1771.7164183350915,-0.0,0.0,-0.0,-0.0
2021-09-08 09:00:00,1773.7088992021822,1893.0405000000003,2160.0,-0.0,1279.448600797818,-0.0,0.0,-0.0,-0.0
2021-09-08 10:00:00,2284.6818327318783,1813.968,2160.0,-0.0,815.5781672681219,-0.0,0.0,-0.0,-0.0
2021-09-08 11:00:00,2623.7581050118047,1736.553,2160.0,-0.0,483.11789498819553,-0.0,0.0,-0.0,-0.0
2021-09-08 12:00:00,2742.364350858447,1670.9355,2160.0,-0.0,360.22814914155333,-0.0,0.0,-0.0,-0.0
2021-09-08 13:00:00,2623.7581050118047,1625.13,2160.0,-0.0,488.82589498819516,-0.0,0.0,-0.0,-0.0
2021-09-08 14:00:00,2284.6818327318783,1603.9140000000002,2160.0,-0.0,874.2571672681215,-0.0,0.0,-0.0,-0.0
2021-09-08 15:00:00,1773.7088992021822,1608.1390000000001,2160.0,-0.0,1487.127100797818,-0.0,0.0,-0.0,-0.0
2021-09-08 16:00:00,1166.8940816649083,1634.581,2160.0,-0.0,2255.8369183350915,-0.0,0.0,-0.0,-0.0
2021-09-08 17:00:00,563.2893086926691,1676.4020000000003,2160.0,-0.0,3051.0986913073307,-0.0,0.0,-0.0,-0.0
2021-09-08 18:00:00,92.39292391193949,1724.0145000000002,2160.0,174.6165760880608,3500.0,-0.0,0.0,-0.0,-0.0
2021-09-08 19:00:00,-0.0,1766.4334999999999,2160.0,306.0704999999998,3500.0,-0.0,0.0,-0.0,-0.0
2021-09-08 20:00:00,-0.0,1792.739,2160.0,204.61599999999953,3500.0,-0.0,0.0,-0.0,-0.0
2021-09-08 21:00:00,-0.0,1793.5645,2160.0,8.79549999999972,3500.0,-0.0,0.0,-0.0,-0.0
2021-09-08 22:00:00,-0.0,1762.4425,2160.0,-0.0,3308.5744999999997,-0.0,0.0,-0.0,-0.0
2021-09-08 23:00:00,-0.0,1696.6625000000001,2160.0,-0.0,3181.2384999999995,-0.0,0.0,-0.0,-0.0
2021-09-09 00:00:00,-0.0,1604.4015,2160.0,-0.0,2669.1555,-0.0,0.0,-0.0,-0.0
2021-09-09 01:00:00,-0.0,1477.8270000000002,2160.0,-0.0,2651.2289999999994,-0.0,0.0,-0.0,-0.0
2021-09-09 02:00:00,-0.0,1332.5195,2160.0,-0.0,2699.2484999999997,-0.0,0.0,-0.0,-0.0
2021-09-09 03:00:00,-0.0,1179.607,2160.0,-0.0,2852.907,-0.0,0.0,-0.0,-0.0
2021-09-09 04:00:00,-0.0,1031.0235,2160.0,-0.0,3122.7064999999993,-0.0,0.0,-0.0,-0.0
2021-09-09 05:00:00,-0.0,897.9619999999999,2160.0,-0.0,3474.9159999999997,-0.0,0.0,-0.0,-0.0
2021-09-09 06:00:00,90.2426841365058,789.4445,2160.0,250.4008158634938,3500.0,-0.0,0.0,-0.0,-0.0
2021-09-09 07:00:00,605.271055647219,711.204,2160.0,38.99194435278105,3500.0,-0.0,0.0,-0.0,-0.0
2021-09-09 08:00:00,1273.352391686237,664.989,2160.0,-0.0,3060.5236083137634,-0.0,0.0,-0.0,-0.0
2021-09-09 09:00:00,1947.6639096386916,648.3944999999999,2160.0,-0.0,2450.0735903613077,-0.0,0.0,-0.0,-0.0
2021-09-09 10:00:00,2516.656560869619,655.3105,2160.0,-0.0,1844.71393913038,-0.0,0.0,-0.0,-0.0
2021-09-09 11:00:00,2894.663812559463,676.78,2160.0,-0.0,1376.8801874405367,-0.0,0.0,-0.0,-0.0
2021-09-09 12:00:00,3026.949504042981,702.338,2160.0,-0.0,1151.4994959570195,-0.0,0.0,-0.0,-0.0
2021-09-09 13:00:00,2894.663812559463,721.474,2160.0,-0.0,1231.1201874405365,-0.0,0.0,-0.0,-0.0
2021-09-09 14:00:00,2516.656560869619,725.127,2160.0,-0.0,1632.8144391303804,-0.0,0.0,-0.0,-0.0
2021-09-09 15:00:00,1947.6639096386916,706.9920000000001,2160.0,-0.0,2328.1800903613084,-0.0,0.0,-0.0,-0.0
2021-09-09 16:00:00,1273.352391686237,664.404,2160.0,-0.0,3235.4476083137624,-0.0,0.0,-0.0,-0.0
2021-09-09 17:00:00,605.271055647219,598.7735,2160.0,704.5804443527804,3500.0,-0.0,0.0,-0.0,-0.0
2021-09-09 18:00:00,90.2426841365058,515.4305,2160.0,1505.0388158634942,3500.0,-0.0,0.0,-0.0,-0.0
2021-09-09 19:00:00,-0.0,422.94200000000006,2160.0,1771.013,3500.0,-0.0,0.0,-0.0,-0.0
2021-09-09 20:00:00,-0.0,331.98750000000007,2160.0,1788.4875000000002,3500.0,-0.0,0.0,-0.0,-0.0
2021-09-09 21:00:00,-0.0,253.929,2160.0,1673.1260000000002,3500.0,-0.0,0.0,-0.0,-0.0
2021-09-09 22:00:00,-0.0,199.29,2160.0,1497.9030000000002,3500.0,-0.0,0.0,-0.0,-0.0
2021-09-09 23:00:00,-0.0,195.0,2160.0,1310.46,3500.0,-0.0,0.0,-0.0,-0.0
2021-09-10 00:00:00,-0.0,196.72250000000003,2160.0,705.8334999999997,3500.0,-0.0,0.0,-0.0,-0.0
2021-09-10 01:00:00,-0.0,247.6695,2160.0,511.5725000000002,3500.0,-0.0,0.0,-0.0,-0.0
2021-09-10 02:00:00,-0.0,332.579,2160.0,330.4630000000002,3500.0,-0.0,0.0,-0.0,-0.0
2021-09-10 03:00:00,-0.0,444.26200000000006,2160.0,220.51200000000017,3500.0,-0.0,0.0,-0.0,-0.0
2021-09-10 04:00:00,-0.0,572.676,2160.0,214.19799999999987,3500.0,-0.0,0.0,-0.0,-0.0
2021-09-10 05:00:00,-0.0,706.225,2160.0,300.5800000000004,3500.0,-0.0,0.0,-0.0,-0.0
2021-09-10 06:00:00,97.69807389919183,833.2675,2160.0,333.7294261008078,3500.0,-0.0,0.0,-0.0,-0.0
2021-09-10 07:00:00,729.8869459944325,943.5985,2160.0,-0.0,3317.164554005567,-0.0,0.0,-0.0,-0.0
2021-09-10 08:00:00,1560.4308428439952,1029.7820000000002,2160.0,-0.0,2544.307157156005,-0.0,0.0,-0.0,-0.0
2021-09-10 09:00:00,2402.1547613179646,1088.0674999999999,2160.0,-0.0,1691.9317386820358,-0.0,0.0,-0.0,-0.0
2021-09-10 10:00:00,3113.92088322199,1118.819,2160.0,-0.0,920.2261167780102,-0.0,0.0,-0.0,-0.0
2021-09-10 11:00:00,3587.3411961721745,1126.372,2160.0,-0.0,371.05380382782505,-0.0,0.0,-0.0,-0.0
2021-09-10 12:00:00,3753.1056921364475,1118.3705,2160.0,-0.0,145.80680786355288,-0.0,0.0,-0.0,-0.0
2021-09-10 13:00:00,3587.3411961721745,1104.6554999999998,2160.0,-0.0,291.7043038278257,-0.0,0.0,-0.0,-0.0
2021-09-10 14:00:00,3113.92088322199,1095.8415,2160.0,-0.0,801.1206167780097,-0.0,0.0,-0.0,-0.0
2021-09-10 15:00:00,2402.1547613179646,1101.789,2160.0,-0.0,1614.915238682036,-0.0,0.0,-0.0,-0.0
2021-09-10 16:00:00,1560.4308428439952,1130.2265,2160.0,-0.0,2618.2016571560052,-0.0,0.0,-0.0,-0.0
2021-09-10 17:00:00,729.8869459944325,1185.587,2160.0,128.33405400556694,3500.0,-0.0,0.0,-0.0,-0.0
2021-09-10 18:00:00,97.69807389919183,1268.3775,2160.0,879.2434261008093,3500.0,-0.0,0.0,-0.0,-0.0
2021-09-10 19:00:00,-0.0,1375.0165,2160.0,952.8654999999999,3500.0,-0.0,0.0,-0.0,-0.0
2021-09-10 20:00:00,-0.0,1498.2565,2160.0,755.3634999999995,3500.0,-0.0,0.0,-0.0,-0.0
2021-09-10 21:00:00,-0.0,1628.133,2160.0,431.1819999999998,3500.0,-0.0,0.0,-0.0,-0.0
2021-09-10 22:00:00,-0.0,1753.2385,2160.0,75.22750000000042,3500.0,-0.0,0.0,-0.0,-0.0
2021-09-10 23:00:00,-0.0,1862.2435,2160.0,-0.0,3273.4024999999997,-0.0,0.0,-0.0,-0.0
2021-09-11 00:00:00,-0.0,1952.2620000000002,2160.0,-0.0,2143.2939999999994,-0.0,0.0,-0.0,-0.0
2021-09-11 01:00:00,-0.0,2002.6435000000001,2160.0,-0.0,1948.3114999999998,-0.0,0.0,-0.0,-0.0
2021-09-11 02:00:00,-0.0,2017.171,2160.0,-0.0,1836.2,-0.0,0.0,-0.0,-0.0
2021-09-11 03:00:00,-0.0,1996.943,2160.0,-0.0,1856.6799999999996,-0.0,0.0,-0.0,-0.0
2021-09-11 04:00:00,-0.0,1947.1335000000001,2160.0,-0.0,2027.0145,-0.0,0.0,-0.0,-0.0
2021-09-11 05:00:00,-0.0,1876.2965000000002,2160.0,-0.0,2316.1124999999993,-0.0,0.0,-0.0,-0.0
2021-09-11 06:00:00,95.43143937807939,1795.2285000000002,2160.0,-0.0,2557.877060621921,-0.0,0.0,-0.0,-0.0
2021-09-11 07:00:00,806.2725293559213,1715.5710000000001,2160.0,-0.0,2150.7954706440787,-0.0,0.0,-0.0,-0.0
2021-09-11 08:00:00,1752.9171220004105,1648.2440000000001,2160.0,-0.0,1413.4048779995892,-0.0,0.0,-0.0,-0.0
2021-09-11 09:00:00,2716.377692375855,1602.0485,2160.0,-0.0,541.7428076241449,-0.0,0.0,-0.0,-0.0
2021-09-11 10:00:00,3532.8562031160286,1582.5095000000001,1894.6193716257353,-0.0,-0.0,-0.0,0.0,21.121074741764055,20.065021004675852
2021-09-11 11:00:00,4076.5728164169295,1591.2065,1350.6846835830702,-0.0,-0.0,-0.0,0.0,100.0,115.06301450257538
2021-09-11 12:00:00,4267.062006779067,1625.6109999999999,1056.0229932209331,-0.0,-0.0,-0.0,0.0,100.0,210.05150820112513
2021-09-11 13:00:00,4076.5728164169295,1679.5220000000002,1156.6551835830705,-0.0,-0.0,-0.0,0.0,100.0,305.030503050305
2021-09-11 14:00:00,3532.8562031160286,1743.9435,1660.6892968839707,-0.0,-0.0,-0.0,0.0,100.0,400.0
2021-09-11 15:00:00,2716.377692375855,1808.3845000000001,2160.0,-0.0,158.18380762414472,-0.0,100.0,-0.0,294.69684210526316
2021-09-11 16:00:00,1752.9171220004105,1862.367,2160.0,-0.0,1255.0678779995892,-0.0,100.0,-0.0,189.4042145263158
2021-09-11 17:00:00,806.2725293559213,1896.8885000000002,2160.0,-0.0,2478.11454131224,-0.0,21.35942933183887,-0.0,166.90166428187487
2021-09-11 18:00:00,95.43143937807939,1905.7285,2160.0,-0.0,3400.2500606219205,-0.0,0.0,-0.0,166.88497411544668
2021-09-11 19:00:00,-0.0,1886.3585,2160.0,-0.0,3500.0,-0.0,94.81150000000002,-0.0,67.0667066706667
2021-09-11 20:00:00,-0.0,1840.332,2160.0,-0.0,3500.0,-0.0,63.70699999999965,-0.0,-0.0
2021-09-11 21:00:00,-0.0,1773.1805,2160.0,-0.0,3433.6225,-0.0,0.0,-0.0,-0.0
2021-09-11 22:00:00,-0.0,1693.6660000000002,2160.0,-0.0,3279.2960000000003,-0.0,0.0,-0.0,-0.0
2021-09-11 23:00:00,-0.0,1612.7085,2160.0,-0.0,3164.3845,-0.0,0.0,-0.0,-0.0
2021-09-12 00:00:00,-0.0,1548.8850000000002,2160.0,-0.0,2621.3059999999996,-0.0,0.0,-0.0,-0.0
2021-09-12 01:00:00,-0.0,1499.0234999999998,2160.0,-0.0,2523.4095,-0.0,0.0,-0.0,-0.0
2021-09-12 02:00:00,-0.0,1478.6264999999999,2160.0,-0.0,2443.0155,-0.0,0.0,-0.0,-0.0
2021-09-12 03:00:00,-0.0,1492.8355000000001,2160.0,-0.0,2425.8045,-0.0,0.0,-0.0,-0.0
2021-09-12 04:00:00,-0.0,1542.7425,2160.0,-0.0,2493.1224999999995,-0.0,0.0,-0.0,-0.0
2021-09-12 05:00:00,-0.0,1625.2079999999999,2160.0,-0.0,2625.5780000000004,-0.0,0.0,-0.0,-0.0
2021-09-12 06:00:00,79.84679553561989,1733.3225,2160.0,-0.0,2690.3647044643794,-0.0,0.0,-0.0,-0.0
2021-09-12 07:00:00,777.7741947823671,1857.2905,2160.0,-0.0,2089.155305217633,-0.0,0.0,-0.0,-0.0
2021-09-12 08:00:00,1720.8718107032778,1985.7695000000003,2160.0,-0.0,1156.0576892967215,-0.0,0.0,-0.0,-0.0
2021-09-12 09:00:00,2684.920480846363,2107.326,2160.0,-0.0,112.57651915363749,-0.0,0.0,-0.0,-0.0
2021-09-12 10:00:00,3503.726886500111,2211.9695,1314.3166134998887,-0.0,-0.0,-0.0,0.0,-0.0,-0.0
2021-09-12 11:00:00,4049.6488739296615,2292.4395000000004,635.1147008121029,-0.0,-0.0,-0.0,0.0,21.121074741764055,20.065021004675852
2021-09-12 12:00:00,4241.0202139432595,2345.135,396.6077860567402,-0.0,-0.0,-0.0,0.0,100.0,115.06301450257538
2021-09-12 13:00:00,4049.6488739296615,2370.5565,523.0416260703391,-0.0,-0.0,-0.0,0.0,100.0,210.05150820112513
2021-09-12 14:00:00,3503.726886500111,2373.1175000000003,1087.5566134998885,-0.0,-0.0,-0.0,0.0,100.0,305.030503050305
2021-09-12 15:00:00,2684.920480846363,2360.5465,2020.7940191536372,-0.0,-0.0,-0.0,0.0,100.0,400.0
2021-09-12 16:00:00,1720.8718107032778,2342.704,2160.0,-0.0,826.4841892967224,-0.0,100.0,-0.0,294.69684210526316
2021-09-12 17:00:00,777.7741947823671,2330.198,2160.0,-0.0,2010.758805217633,-0.0,100.0,-0.0,189.4042145263158
2021-09-12 18:00:00,79.84679553561989,2332.8825,2160.0,-0.0,2901.1617044643795,-0.0,100.0,-0.0,84.12211621012632
2021-09-12 19:00:00,-0.0,2358.395,2160.0,-0.0,3051.73198120142,-0.0,79.90801879858006,-0.0,-0.0
2021-09-12 20:00:00,-0.0,2411.097,2160.0,-0.0,2998.195,-0.0,0.0,-0.0,-0.0
2021-09-12 21:00:00,-0.0,2491.3590000000004,2160.0,-0.0,2717.0899999999992,-0.0,0.0,-0.0,-0.0
2021-09-12 22:00:00,-0.0,2595.4500000000003,2160.0,-0.0,2375.561,-0.0,0.0,-0.0,-0.0
2021-09-12 23:00:00,-0.0,2715.947,2160.0,-0.0,2055.6099999999997,-0.0,0.0,-0.0,-0.0
2021-09-13 00:00:00,-0.0,2849.769,2160.0,-0.0,1747.6070000000004,-0.0,0.0,-0.0,-0.0
2021-09-13 01:00:00,-0.0,2971.137,2160.0,-0.0,1474.9299999999998,-0.0,0.0,-0.0,-0.0
2021-09-13 02:00:00,-0.0,3075.5465,2160.0,-0.0,1266.1985,-0.0,0.0,-0.0,-0.0
2021-09-13 03:00:00,-0.0,3153.007,2160.0,-0.0,1182.23,-0.0,0.0,-0.0,-0.0
2021-09-13 04:00:00,-0.0,3196.3620000000005,2160.0,-0.0,1252.6219999999998,-0.0,0.0,-0.0,-0.0
2021-09-13 05:00:00,-0.0,3202.2575,2160.0,-0.0,1458.1974999999998,-0.0,0.0,-0.0,-0.0
2021-09-13 06:00:00,62.038399446771734,3171.5190000000002,2160.0,-0.0,1676.2306005532275,-0.0,0.0,-0.0,-0.0
2021-09-13 07:00:00,714.4003187799129,3109.0735000000004,2160.0,-0.0,1303.6211812200868,-0.0,0.0,-0.0,-0.0
2021-09-13 08:00:00,1609.880231639724,3023.215,2160.0,-0.0,629.1377683602761,-0.0,0.0,-0.0,-0.0
2021-09-13 09:00:00,2529.3864704233265,2924.4995000000004,2007.173029576673,-0.0,-0.0,-0.0,0.0,-0.0,-0.0
2021-09-13 10:00:00,3312.1411351128945,2824.3345,1307.6384396288704,-0.0,-0.0,-0.0,0.0,21.121074741764055,20.065021004675852
2021-09-13 11:00:00,3834.6800307395097,2733.4320000000002,877.7439692604894,-0.0,-0.0,-0.0,0.0,100.0,115.06301450257538
2021-09-13 12:00:00,4017.958872908812,2660.4045000000006,691.0156270911875,-0.0,-0.0,-0.0,0.0,100.0,210.05150820112513
2021-09-13 13:00:00,3834.6800307395097,2610.6145,881.4634692604905,-0.0,-0.0,-0.0,0.0,100.0,305.030503050305
2021-09-13 14:00:00,3312.1411351128945,2585.5115,1447.2103648871062,-0.0,-0.0,-0.0,0.0,100.0,400.0
2021-09-13 15:00:00,2529.386470423327,2582.4629999999997,2160.0,-0.0,-0.0,-0.0,71.88052957667287,-0.0,324.2962846561338
2021-09-13 16:00:00,1609.880231639724,2595.177,2160.0,-0.0,1059.5417683602761,-0.0,100.0,-0.0,219.0006971329314
2021-09-13 17:00:00,714.4003187799129,2614.6380000000004,2160.0,-0.0,2162.828681905963,-0.0,98.53399931412315,-0.0,115.25879778519375
2021-09-13 18:00:00,62.038399446771734,2630.3420000000006,2160.0,-0.0,3090.3766005532275,-0.0,0.0,-0.0,115.24727190541523
2021-09-13 19:00:00,-0.0,2631.8565,2160.0,-0.0,3224.3085,-0.0,0.0,-0.0,115.2357471782247
2021-09-13 20:00:00,-0.0,2610.2375,2160.0,-0.0,3162.5185,-0.0,0.0,-0.0,115.22422360350687
2021-09-13 21:00:00,-0.0,2559.3945000000003,2160.0,-0.0,3009.9254999999994,-0.0,0.0,-0.0,115.21270118114653
2021-09-13 22:00:00,-0.0,2476.9225,2160.0,-0.0,2852.4395,-0.0,0.0,-0.0,115.20117991102842
2021-09-13 23:00:00,-0.0,2364.583,2160.0,-0.0,2762.882,-0.0,0.0,-0.0,115.18965979303732
2021-09-14 00:00:00,-0.0,2235.2785,2160.0,-0.0,2279.6315,-0.0,0.0,-0.0,115.17814082705802
2021-09-14 01:00:00,-0.0,2083.6855,2160.0,-0.0,2277.6315,-0.0,0.0,-0.0,115.16662301297531
2021-09-14 02:00:00,-0.0,1928.1665,2160.0,-0.0,2326.6274999999996,-0.0,0.0,-0.0,115.15510635067402
2021-09-14 03:00:00,-0.0,1780.6490000000003,2160.0,-0.0,2465.5199999999995,-0.0,0.0,-0.0,115.14359084003895
2021-09-14 04:00:00,-0.0,1652.2415,2160.0,-0.0,2705.6435,-0.0,0.0,-0.0,115.13207648095495
2021-09-14 05:00:00,-0.0,1551.836,2160.0,-0.0,3015.5779999999995,-0.0,0.0,-0.0,115.12056327330686
2021-09-14 06:00:00,48.65912973296217,1484.9445,2160.0,-0.0,3281.290370267038,-0.0,0.0,-0.0,115.10905121697952
2021-09-14 07:00:00,685.0994730651003,1453.0425,2160.0,-0.0,2892.2960269348996,-0.0,0.0,-0.0,115.09754031185783
2021-09-14 08:00:00,1573.7182219691113,1453.4064999999998,2160.0,-0.0,2136.782278030889,-0.0,0.0,-0.0,115.08603055782665
2021-09-14 09:00:00,2490.4432389349163,1479.5169999999998,2160.0,-0.0,1231.196761065084,-0.0,0.0,-0.0,115.07452195477086
2021-09-14 10:00:00,3272.6465600923225,1522.0140000000001,2160.0,-0.0,366.95043990767726,-0.0,0.0,-0.0,115.06301450257538
2021-09-14 11:00:00,3795.485631642003,1569.9385,1977.6648683579965,-0.0,-0.0,-0.0,0.0,100.0,210.05150820112513
2021-09-14 12:00:00,3978.972759145678,1612.2665,1674.0877408543224,-0.0,-0.0,-0.0,0.0,100.0,305.030503050305
2021-09-14 13:00:00,3795.485631642003,1639.4040000000002,1786.6293683579966,-0.0,-0.0,-0.0,0.0,100.0,400.0
2021-09-14 14:00:00,3272.6465600923225,1644.474,2160.0,-0.0,61.41543990767741,-0.0,0.0,-0.0,399.96
2021-09-14 15:00:00,2490.4432389349163,1624.2265,2160.0,-0.0,961.7472610650843,-0.0,0.0,-0.0,399.920004
2021-09-14 16:00:00,1573.7182219691113,1579.487,2160.0,-0.0,2103.1947780308883,-0.0,0.0,-0.0,399.8800119996
2021-09-14 17:00:00,685.0994730651003,1515.0135,2160.0,-0.0,3281.3070269349,-0.0,0.0,-0.0,399.84002399840006
2021-09-14 18:00:00,48.65912973296217,1438.788,2160.0,585.6498702670369,3500.0,-0.0,100.0,-0.0,294.5368821012634
2021-09-14 19:00:00,-0.0,1360.931,2160.0,784.9979999999996,3500.0,-0.0,100.0,-0.0,189.24427051831645
2021-09-14 20:00:00,-0.0,1292.2845,2160.0,769.7635,3500.0,-0.0,100.0,-0.0,83.96218819652778
2021-09-14 21:00:00,-0.0,1242.8715,2160.0,635.6163976211765,3500.0,-0.0,79.75610237882272,-0.0,-0.0
2021-09-14 22:00:00,-0.0,1220.4855,2160.0,497.53850000000057,3500.0,-0.0,0.0,-0.0,-0.0
2021-09-14 23:00:00,-0.0,1229.5855,2160.0,286.3834999999999,3500.0,-0.0,0.0,-0.0,-0.0
2021-09-15 00:00:00,-0.0,1277.887,2160.0,-0.0,3125.608,-0.0,0.0,-0.0,-0.0
2021-09-15 01:00:00,-0.0,1347.1575,2160.0,-0.0,2902.7974999999997,-0.0,0.0,-0.0,-0.0
2021-09-15 02:00:00,-0.0,1437.2410000000002,2160.0,-0.0,2706.349,-0.0,0.0,-0.0,-0.0
2021-09-15 03:00:00,-0.0,1537.926,2160.0,-0.0,2597.301,-0.0,0.0,-0.0,-0.0
2021-09-15 04:00:00,-0.0,1637.5059999999999,2160.0,-0.0,2609.805,-0.0,0.0,-0.0,-0.0
2021-09-15 05:00:00,-0.0,1724.3005,2160.0,-0.0,2733.0114999999996,-0.0,0.0,-0.0,-0.0
2021-09-15 06:00:00,36.358042926492566,1788.1564999999998,2160.0,-0.0,2880.853457073508,-0.0,0.0,-0.0,-0.0
2021-09-15 07:00:00,656.4602395888824,1821.7485,2160.0,-0.0,2443.3832604111176,-0.0,0.0,-0.0,-0.0
2021-09-15 08:00:00,1538.4996223424212,1821.5145000000002,2160.0,-0.0,1695.8288776575785,-0.0,0.0,-0.0,-0.0
2021-09-15 09:00:00,2452.810979845204,1788.0655000000004,2160.0,-0.0,853.1015201547953,-0.0,0.0,-0.0,-0.0
2021-09-15 10:00:00,3234.8243937859756,1726.0620000000001,2160.0,-0.0,94.53260621402433,-0.0,0.0,-0.0,-0.0
2021-09-15 11:00:00,3758.208682828574,1643.5445000000002,1836.2308171714262,-0.0,-0.0,-0.0,0.0,100.0,95.0
2021-09-15 12:00:00,3941.995986255314,1550.796,1668.6170137446852,-0.0,-0.0,-0.0,0.0,100.0,189.9905
2021-09-15 13:00:00,3758.208682828574,1458.9250000000002,1901.7533171714254,-0.0,-0.0,-0.0,0.0,100.0,284.97150095
2021-09-15 14:00:00,3234.8243937859756,1378.3705,2160.0,-0.0,264.0931062140239,-0.0,0.0,-0.0,284.943003799905
2021-09-15 15:00:00,2452.810979845204,1317.4395,2160.0,-0.0,1206.3985201547962,-0.0,0.0,-0.0,284.914509499525
2021-09-15 16:00:00,1538.4996223424212,1281.215,2160.0,-0.0,2338.493377657578,-0.0,0.0,-0.0,284.88601804857507
2021-09-15 17:00:00,656.4602395888824,1270.8474999999999,2160.0,-0.0,3457.5892604111177,-0.0,0.0,-0.0,284.85752944677023
2021-09-15 18:00:00,36.358042926492566,1283.4509999999998,2160.0,658.5269570735072,3500.0,-0.0,100.0,-0.0,179.56588579908873
2021-09-15 19:00:00,-0.0,1312.48,2160.0,740.5419999999995,3500.0,-0.0,100.0,-0.0,74.28477131577198
2021-09-15 20:00:00,-0.0,1348.6720000000003,2160.0,651.848524303291,3500.0,-0.0,70.56347569670838,-0.0,-0.0
2021-09-15 21:00:00,-0.0,1381.3085,2160.0,488.0015000000003,3500.0,-0.0,0.0,-0.0,-0.0
2021-09-15 22:00:00,-0.0,1399.7620000000002,2160.0,231.44500000000016,3500.0,-0.0,0.0,-0.0,-0.0
2021-09-15 23:00:00,-0.0,1394.9325,2160.0,36.420500000000175,3500.0,-0.0,0.0,-0.0,-0.0
2021-09-16 00:00:00,-0.0,1367.9315,2160.0,-0.0,2953.3625,-0.0,0.0,-0.0,-0.0
2021-09-16 01:00:00,-0.0,1301.5535,2160.0,-0.0,2868.5645000000004,-0.0,0.0,-0.0,-0.0
2021-09-16 02:00:00,-0.0,1204.827,2160.0,-0.0,2861.3689999999997,-0.0,0.0,-0.0,-0.0
2021-09-16 03:00:00,-0.0,1083.433,2160.0,-0.0,2976.92,-0.0,0.0,-0.0,-0.0
2021-09-16 04:00:00,-0.0,946.4,2160.0,-0.0,3228.6299999999997,-0.0,0.0,-0.0,-0.0
2021-09-16 05:00:00,-0.0,804.9275,2160.0,82.76950000000033,3500.0,-0.0,0.0,-0.0,-0.0
2021-09-16 06:00:00,22.72147956434051,670.9885,2160.0,444.7790204356593,3500.0,-0.0,0.0,-0.0,-0.0
2021-09-16 07:00:00,565.5130609390579,555.7825,2160.0,236.22043906094132,3500.0,-0.0,0.0,-0.0,-0.0
2021-09-16 08:00:00,1353.4993631449233,468.3055,2160.0,-0.0,3172.8311368550767,-0.0,0.0,-0.0,-0.0
2021-09-16 09:00:00,2174.3763700639042,414.21900000000005,2160.0,-0.0,2447.106629936096,-0.0,0.0,-0.0,-0.0
2021-09-16 10:00:00,2878.1908930262975,395.161,2160.0,-0.0,1726.7831069737026,-0.0,0.0,-0.0,-0.0
2021-09-16 11:00:00,3349.871410830547,408.5835,2160.0,-0.0,1167.2950891694531,-0.0,0.0,-0.0,-0.0
2021-09-16 12:00:00,3515.5991505593433,448.19450000000006,2160.0,-0.0,888.4853494406575,-0.0,0.0,-0.0,-0.0
2021-09-16 13:00:00,3349.871410830547,504.8225,2160.0,-0.0,958.2210891694526,-0.0,0.0,-0.0,-0.0
2021-09-16 14:00:00,2878.1908930262975,567.775,2160.0,-0.0,1388.557106973703,-0.0,0.0,-0.0,-0.0
2021-09-16 15:00:00,2174.3763700639042,626.2555,2160.0,-0.0,2136.5071299360957,-0.0,0.0,-0.0,-0.0
2021-09-16 16:00:00,1353.4993631449233,670.9105,2160.0,-0.0,3097.587136855077,-0.0,0.0,-0.0,-0.0
2021-09-16 17:00:00,565.5130609390579,695.123,2160.0,591.3909390609424,3500.0,-0.0,0.0,-0.0,-0.0
2021-09-16 18:00:00,22.72147956434051,695.89,2160.0,1330.2345204356589,3500.0,-0.0,0.0,-0.0,-0.0
2021-09-16 19:00:00,-0.0,674.2710000000001,2160.0,1452.6750000000002,3500.0,-0.0,0.0,-0.0,-0.0
2021-09-16 20:00:00,-0.0,635.2515000000001,2160.0,1413.2055,3500.0,-0.0,0.0,-0.0,-0.0
2021-09-16 21:00:00,-0.0,587.028,2160.0,1263.134,3500.0,-0.0,0.0,-0.0,-0.0
2021-09-16 22:00:00,-0.0,539.916,2160.0,1075.6489999999994,3500.0,-0.0,0.0,-0.0,-0.0
2021-09-16 23:00:00,-0.0,504.93300000000005,2160.0,914.308,3500.0,-0.0,0.0,-0.0,-0.0
2021-09-17 00:00:00,-0.0,499.68100000000004,2160.0,313.17899999999963,3500.0,-0.0,0.0,-0.0,-0.0
2021-09-17 01:00:00,-0.0,517.205,2160.0,148.04899999999998,3500.0,-0.0,0.0,-0.0,-0.0
2021-09-17 02:00:00,-0.0,569.4975000000001,2160.0,-0.0,3495.4185,-0.0,0.0,-0.0,-0.0
2021-09-17 03:00:00,-0.0,657.0524999999999,2160.0,-0.0,3405.6175000000003,-0.0,0.0,-0.0,-0.0
2021-09-17 04:00:00,-0.0,776.1975,2160.0,-0.0,3404.7564999999995,-0.0,0.0,-0.0,-0.0
2021-09-17 05:00:00,-0.0,919.4965000000001,2160.0,-0.0,3477.7375,-0.0,0.0,-0.0,-0.0
2021-09-17 06:00:00,11.34542468405463,1076.6924999999999,2160.0,63.60307531594481,3500.0,-0.0,0.0,-0.0,-0.0
2021-09-17 07:00:00,439.7516012527957,1235.9945,2160.0,-0.0,3198.537898747204,-0.0,0.0,-0.0,-0.0
2021-09-17 08:00:00,1075.9530290543298,1385.5985,2160.0,-0.0,2553.4644709456697,-0.0,0.0,-0.0,-0.0
2021-09-17 09:00:00,1742.116914809272,1515.1955,2160.0,-0.0,1802.3765851907285,-0.0,0.0,-0.0,-0.0
2021-09-17 10:00:00,2314.711677116995,1617.2585000000001,2160.0,-0.0,1095.747822883005,-0.0,0.0,-0.0,-0.0
2021-09-17 11:00:00,2698.967488838013,1688.0045000000002,2160.0,-0.0,569.9470111619867,-0.0,0.0,-0.0,-0.0
2021-09-17 12:00:00,2834.058906296314,1727.791,2160.0,-0.0,325.1680937036858,-0.0,0.0,-0.0,-0.0
2021-09-17 13:00:00,2698.967488838013,1740.9795,2160.0,-0.0,411.2580111619868,-0.0,0.0,-0.0,-0.0
2021-09-17 14:00:00,2314.711677116995,1735.2985,2160.0,-0.0,826.3328228830051,-0.0,0.0,-0.0,-0.0
2021-09-17 15:00:00,1742.116914809272,1720.6864999999998,2160.0,-0.0,1519.6615851907284,-0.0,0.0,-0.0,-0.0
2021-09-17 16:00:00,1075.9530290543298,1707.9075000000003,2160.0,-0.0,2386.9414709456696,-0.0,0.0,-0.0,-0.0
2021-09-17 17:00:00,439.7516012527957,1706.9975000000002,2160.0,-0.0,3257.5308987472035,-0.0,0.0,-0.0,-0.0
2021-09-17 18:00:00,11.34542468405463,1725.893,2160.0,367.2755753159454,3500.0,-0.0,0.0,-0.0,-0.0
2021-09-17 19:00:00,-0.0,1769.2675000000002,2160.0,416.72649999999976,3500.0,-0.0,0.0,-0.0,-0.0
2021-09-17 20:00:00,-0.0,1837.8814999999997,2160.0,272.96350000000075,3500.0,-0.0,0.0,-0.0,-0.0
2021-09-17 21:00:00,-0.0,1928.42,2160.0,-0.0,3487.4300000000003,-0.0,0.0,-0.0,-0.0
2021-09-17 22:00:00,-0.0,2033.9540000000004,2160.0,-0.0,3150.552999999999,-0.0,0.0,-0.0,-0.0
2021-09-17 23:00:00,-0.0,2144.8115000000003,2160.0,-0.0,2846.5794999999994,-0.0,0.0,-0.0,-0.0
2021-09-18 00:00:00,-0.0,2257.437,2160.0,-0.0,1694.7039999999997,-0.0,0.0,-0.0,-0.0
2021-09-18 01:00:00,-0.0,2345.7655000000004,2160.0,-0.0,1461.8745,-0.0,0.0,-0.0,-0.0
2021-09-18 02:00:00,-0.0,2407.886,2160.0,-0.0,1302.466,-0.0,0.0,-0.0,-0.0
2021-09-18 03:00:00,-0.0,2437.2335000000003,2160.0,-0.0,1273.8644999999997,-0.0,0.0,-0.0,-0.0
2021-09-18 04:00:00,-0.0,2431.0,2160.0,-0.0,1401.3140000000003,-0.0,0.0,-0.0,-0.0
2021-09-18 05:00:00,-0.0,2390.6090000000004,2160.0,-0.0,1660.8519999999999,-0.0,0.0,-0.0,-0.0
2021-09-18 06:00:00,4.821192886798594,2321.501,2160.0,-0.0,1982.3498071132008,-0.0,0.0,-0.0,-0.0
2021-09-18 07:00:00,374.09271261149036,2232.4965,2160.0,-0.0,1927.46178738851,-0.0,0.0,-0.0,-0.0
2021-09-18 08:00:00,936.7204090655645,2134.6325,2160.0,-0.0,1606.0960909344349,-0.0,0.0,-0.0,-0.0
2021-09-18 09:00:00,1528.9858833929954,2039.7585000000001,2160.0,-0.0,1155.9706166070048,-0.0,0.0,-0.0,-0.0
2021-09-18 10:00:00,2039.3523390373123,1958.9895000000001,2160.0,-0.0,696.9231609626879,-0.0,0.0,-0.0,-0.0
2021-09-18 11:00:00,2382.3247722778538,1901.263,2160.0,-0.0,343.3202277221467,-0.0,0.0,-0.0,-0.0
2021-09-18 12:00:00,2502.9771152327435,1872.2405,2160.0,-0.0,184.15338476725674,-0.0,0.0,-0.0,-0.0
2021-09-18 13:00:00,2382.3247722778538,1873.5665000000001,2160.0,-0.0,269.950727722146,-0.0,0.0,-0.0,-0.0
2021-09-18 14:00:00,2039.3523390373123,1902.784,2160.0,-0.0,611.0446609626872,-0.0,0.0,-0.0,-0.0
2021-09-18 15:00:00,1528.9858833929954,1953.6855,2160.0,-0.0,1178.7486166070046,-0.0,0.0,-0.0,-0.0
2021-09-18 16:00:00,936.7204090655645,2017.2555,2160.0,-0.0,1897.8110909344355,-0.0,0.0,-0.0,-0.0
2021-09-18 17:00:00,374.09271261149036,2082.9445,2160.0,-0.0,2630.1717873885095,-0.0,0.0,-0.0,-0.0
2021-09-18 18:00:00,4.821192886798594,2140.1705,2160.0,-0.0,3144.3043071132015,-0.0,0.0,-0.0,-0.0
2021-09-18 19:00:00,-0.0,2179.8075000000003,2160.0,-0.0,3192.730499999999,-0.0,0.0,-0.0,-0.0
2021-09-18 20:00:00,-0.0,2195.4725,2160.0,-0.0,3103.5865000000003,-0.0,0.0,-0.0,-0.0
2021-09-18 21:00:00,-0.0,2184.4485000000004,2160.0,-0.0,2921.1904999999997,-0.0,0.0,-0.0,-0.0
2021-09-18 22:00:00,-0.0,2148.0679999999998,2160.0,-0.0,2727.7090000000003,-0.0,0.0,-0.0,-0.0
2021-09-18 23:00:00,-0.0,2091.609,2160.0,-0.0,2592.435,-0.0,0.0,-0.0,-0.0
2021-09-19 00:00:00,-0.0,2031.1979999999999,2160.0,-0.0,2051.15,-0.0,0.0,-0.0,-0.0
2021-09-19 01:00:00,-0.0,1962.233,2160.0,-0.0,1976.8000000000004,-0.0,0.0,-0.0,-0.0
2021-09-19 02:00:00,-0.0,1903.6485,2160.0,-0.0,1939.1844999999996,-0.0,0.0,-0.0,-0.0
2021-09-19 03:00:00,-0.0,1865.9095,2160.0,-0.0,1978.6564999999998,-0.0,0.0,-0.0,-0.0
2021-09-19 04:00:00,-0.0,1857.245,2160.0,-0.0,2109.4210000000003,-0.0,0.0,-0.0,-0.0
2021-09-19 05:00:00,-0.0,1882.491,2160.0,-0.0,2304.1059999999998,-0.0,0.0,-0.0,-0.0
2021-09-19 06:00:00,1.1026870643249642,1942.4145,2160.0,-0.0,2500.9698129356752,-0.0,0.0,-0.0,-0.0
2021-09-19 07:00:00,402.08258592760563,2033.5900000000001,2160.0,-0.0,2234.7694140723943,-0.0,0.0,-0.0,-0.0
2021-09-19 08:00:00,1031.563748676004,2148.8155,2160.0,-0.0,1633.9327513239957,-0.0,0.0,-0.0,-0.0
2021-09-19 09:00:00,1697.850155215871,2278.0355,2160.0,-0.0,886.060344784129,-0.0,0.0,-0.0,-0.0
2021-09-19 10:00:00,2273.5079371467186,2409.641,2160.0,-0.0,149.6090628532811,-0.0,0.0,-0.0,-0.0
2021-09-19 11:00:00,2660.900280961817,2531.9775,1831.6802190381832,-0.0,-0.0,-0.0,0.0,100.0,95.0
2021-09-19 12:00:00,2797.2659145833377,2634.8530000000005,1524.9550854166619,-0.0,-0.0,-0.0,0.0,100.0,189.9905
2021-09-19 13:00:00,2660.900280961817,2710.8315,1551.760219038183,-0.0,-0.0,-0.0,0.0,100.0,284.97150095
2021-09-19 14:00:00,2273.5079371467186,2756.1820000000002,1920.9840628532816,-0.0,-0.0,-0.0,0.0,100.0,379.943003799905
2021-09-19 15:00:00,1697.850155215871,2771.2815,2160.0,-0.0,229.51934478412886,-0.0,100.0,-0.0,274.6418516047882
2021-09-19 16:00:00,1031.563748676004,2760.4915,2160.0,-0.0,1096.5947513239955,-0.0,100.0,-0.0,169.35122952489093
2021-09-19 17:00:00,402.08258592760563,2731.4885,2160.0,-0.0,1990.0279140723947,-0.0,100.0,-0.0,64.07113650720162
2021-09-19 18:00:00,1.1026870643249642,2694.1395,2160.0,-0.0,2707.513955884161,-0.0,22.354857051513594,-0.0,40.533300918273426
2021-09-19 19:00:00,-0.0,2659.1045000000004,2160.0,-0.0,2848.5694999999996,-0.0,0.0,-0.0,40.5292475881816
2021-09-19 20:00:00,-0.0,2636.309,2160.0,-0.0,2797.103,-0.0,0.0,-0.0,40.52519466342278
2021-09-19 21:00:00,-0.0,2633.5075,2160.0,-0.0,2605.5995,-0.0,0.0,-0.0,40.52114214395644
2021-09-19 22:00:00,-0.0,2655.2175,2160.0,-0.0,2353.0404999999996,-0.0,0.0,-0.0,40.51709002974204
2021-09-19 23:00:00,-0.0,2701.9915,2160.0,-0.0,2113.4465,-0.0,0.0,-0.0,40.51303832073907
2021-09-20 00:00:00,-0.0,2778.0025,2160.0,-0.0,1870.8145,-0.0,0.0,-0.0,40.508987016907
2021-09-20 01:00:00,-0.0,2860.715,2160.0,-0.0,1643.5019999999995,-0.0,0.0,-0.0,40.50493611820531
2021-09-20 02:00:00,-0.0,2947.919,2160.0,-0.0,1458.714,-0.0,0.0,-0.0,40.50088562459349
2021-09-20 03:00:00,-0.0,3028.298,2160.0,-0.0,1378.5870000000004,-0.0,0.0,-0.0,40.49683553603103
2021-09-20 04:00:00,-0.0,3090.5940000000005,2160.0,-0.0,1436.8159999999993,-0.0,0.0,-0.0,40.492785852477425
2021-09-20 05:00:00,-0.0,3125.135,2160.0,-0.0,1620.536,-0.0,0.0,-0.0,40.488736573892176
2021-09-20 06:00:00,-0.0,3125.135,2160.0,-0.0,1876.6639999999998,-0.0,0.0,-0.0,40.48468770023479
2021-09-20 07:00:00,456.13263019726764,3087.5715000000005,2160.0,-0.0,1682.1958698027315,-0.0,0.0,-0.0,40.480639231464764
2021-09-20 08:00:00,1200.5382892053121,3013.6600000000003,2160.0,-0.0,1153.629710794688,-0.0,0.0,-0.0,40.47659116754162
2021-09-20 09:00:00,1992.9414657077236,2908.6655,2160.0,-0.0,511.8240342922759,-0.0,0.0,-0.0,40.47254350842487
2021-09-20 10:00:00,2679.4070455247384,2781.2395,2160.0,-0.0,-0.0,-0.0,0.0,78.52054552473828,115.06301450257538
2021-09-20 11:00:00,3142.0210252445377,2642.2889999999998,1787.4159747554622,-0.0,-0.0,-0.0,0.0,100.0,210.05150820112513
2021-09-20 12:00:00,3304.9736691947824,2503.5595,1693.424830805217,-0.0,-0.0,-0.0,0.0,100.0,305.030503050305
2021-09-20 13:00:00,3142.0210252445377,2376.0685,1947.9224747554617,-0.0,-0.0,-0.0,0.0,100.0,400.0
2021-09-20 14:00:00,2679.407045524738,2268.734,2160.0,-0.0,282.6099544752624,-0.0,0.0,-0.0,399.96
2021-09-20 15:00:00,1992.9414657077236,2187.1785,2160.0,-0.0,1156.088034292276,-0.0,0.0,-0.0,399.920004
2021-09-20 16:00:00,1200.5382892053121,2133.092,2160.0,-0.0,2189.982710794688,-0.0,0.0,-0.0,399.8800119996
2021-09-20 17:00:00,456.13263019726764,2104.063,2160.0,-0.0,3195.701369802732,-0.0,0.0,-0.0,399.84002399840006
2021-09-20 18:00:00,-0.0,2093.9815000000003,2160.0,260.69049999999925,3500.0,-0.0,100.0,-0.0,294.5368821012634
2021-09-20 19:00:00,-0.0,2093.9555,2160.0,340.47650000000067,3500.0,-0.0,100.0,-0.0,189.24427051831645
2021-09-20 20:00:00,-0.0,2093.611,2160.0,263.6900000000005,3500.0,-0.0,100.0,-0.0,83.96218819652778
2021-09-20 21:00:00,-0.0,2082.5675,2160.0,97.74039762117764,3500.0,-0.0,79.75610237882272,-0.0,-0.0
2021-09-20 22:00:00,-0.0,2051.9265,2160.0,-0.0,3474.2975,-0.0,0.0,-0.0,-0.0
2021-09-20 23:00:00,-0.0,1995.5714999999998,2160.0,-0.0,3334.7825000000003,-0.0,0.0,-0.0,-0.0
2021-09-21 00:00:00,-0.0,1918.8325,2160.0,-0.0,2805.7594999999997,-0.0,0.0,-0.0,-0.0
2021-09-21 01:00:00,-0.0,1807.8449999999998,2160.0,-0.0,2768.989,-0.0,0.0,-0.0,-0.0
2021-09-21 02:00:00,-0.0,1675.9795,2160.0,-0.0,2800.0634999999997,-0.0,0.0,-0.0,-0.0
2021-09-21 03:00:00,-0.0,1532.1215000000002,2160.0,-0.0,2940.9184999999998,-0.0,0.0,-0.0,-0.0
2021-09-21 04:00:00,-0.0,1387.256,2160.0,-0.0,3203.0099999999993,-0.0,0.0,-0.0,-0.0
2021-09-21 05:00:00,-0.0,1253.0960000000002,2160.0,52.089999999999236,3500.0,-0.0,0.0,-0.0,-0.0
2021-09-21 06:00:00,-0.0,1140.5095000000001,2160.0,417.4255000000003,3500.0,-0.0,0.0,-0.0,-0.0
2021-09-21 07:00:00,468.0477765312235,1058.109,2160.0,252.46422346877716,3500.0,-0.0,0.0,-0.0,-0.0
2021-09-21 08:00:00,1265.498809372545,1011.1335,2160.0,-0.0,3140.466690627455,-0.0,0.0,-0.0,-0.0
2021-09-21 09:00:00,2119.364537632581,1000.7400000000001,2160.0,-0.0,2339.1194623674196,-0.0,0.0,-0.0,-0.0
2021-09-21 10:00:00,2861.105369568507,1023.8995000000001,2160.0,-0.0,1539.4081304314923,-0.0,0.0,-0.0,-0.0
2021-09-21 11:00:00,3361.700792615056,1073.761,2160.0,-0.0,915.0212073849439,-0.0,0.0,-0.0,-0.0
2021-09-21 12:00:00,3538.1429749855424,1140.633,2160.0,-0.0,598.3870250144573,-0.0,0.0,-0.0,-0.0
2021-09-21 13:00:00,3361.700792615056,1213.2315,2160.0,-0.0,662.7147073849442,-0.0,0.0,-0.0,-0.0
2021-09-21 14:00:00,2861.105369568507,1280.2140000000002,2160.0,-0.0,1117.482630431493,-0.0,0.0,-0.0,-0.0
2021-09-21 15:00:00,2119.364537632581,1331.6615000000002,2160.0,-0.0,1909.6349623674191,-0.0,0.0,-0.0,-0.0
2021-09-21 16:00:00,1265.498809372545,1360.3980000000001,2160.0,-0.0,2918.564190627455,-0.0,0.0,-0.0,-0.0
2021-09-21 17:00:00,468.0477765312235,1362.894,2160.0,442.1902234687759,3500.0,-0.0,0.0,-0.0,-0.0
2021-09-21 18:00:00,-0.0,1339.715,2160.0,1128.5770000000002,3500.0,-0.0,0.0,-0.0,-0.0
2021-09-21 19:00:00,-0.0,1295.3590000000002,2160.0,1249.0769999999993,3500.0,-0.0,0.0,-0.0,-0.0
2021-09-21 20:00:00,-0.0,1237.6129999999998,2160.0,1226.08,3500.0,-0.0,0.0,-0.0,-0.0
2021-09-21 21:00:00,-0.0,1176.409,2160.0,1086.4410000000007,3500.0,-0.0,0.0,-0.0,-0.0
2021-09-21 22:00:00,-0.0,1122.4395000000002,2160.0,902.9724999999999,3500.0,-0.0,0.0,-0.0,-0.0
2021-09-21 23:00:00,-0.0,1085.5974999999999,2160.0,740.3595000000005,3500.0,-0.0,0.0,-0.0,-0.0
2021-09-22 00:00:00,-0.0,1081.444,2160.0,135.288,3500.0,-0.0,0.0,-0.0,-0.0
2021-09-22 01:00:00,-0.0,1098.7145,2160.0,-0.0,3466.7084999999997,-0.0,0.0,-0.0,-0.0
2021-09-22 02:00:00,-0.0,1145.6835,2160.0,-0.0,3315.4174999999996,-0.0,0.0,-0.0,-0.0
2021-09-22 03:00:00,-0.0,1218.6785,2160.0,-0.0,3235.9145,-0.0,0.0,-0.0,-0.0
2021-09-22 04:00:00,-0.0,1310.335,2160.0,-0.0,3258.005,-0.0,0.0,-0.0,-0.0
2021-09-22 05:00:00,-0.0,1410.5455,2160.0,-0.0,3369.2664999999997,-0.0,0.0,-0.0,-0.0
2021-09-22 06:00:00,-0.0,1507.7335,2160.0,21.41150000000016,3500.0,-0.0,0.0,-0.0,-0.0
2021-09-22 07:00:00,452.55502327745774,1590.381,2160.0,-0.0,3203.514976722542,-0.0,0.0,-0.0,-0.0
2021-09-22 08:00:00,1258.827552633379,1648.5300000000002,2160.0,-0.0,2474.231447366621,-0.0,0.0,-0.0,-0.0
2021-09-22 09:00:00,2127.408027162907,1675.076,2160.0,-0.0,1617.9309728370931,-0.0,0.0,-0.0,-0.0
2021-09-22 10:00:00,2884.0412605064657,1666.6845,2160.0,-0.0,831.6242394935343,-0.0,0.0,-0.0,-0.0
2021-09-22 11:00:00,3395.4430167834,1624.246,2160.0,-0.0,285.52298321660055,-0.0,0.0,-0.0,-0.0
2021-09-22 12:00:00,3575.8242423892248,1552.7005000000001,2160.0,-0.0,100.21025761077499,-0.0,0.0,-0.0,-0.0
2021-09-22 13:00:00,3395.4430167834,1460.3680000000002,2160.0,-0.0,330.3029832165994,-0.0,0.0,-0.0,-0.0
2021-09-22 14:00:00,2884.0412605064657,1357.8435,2160.0,-0.0,962.3342394935344,-0.0,0.0,-0.0,-0.0
2021-09-22 15:00:00,2127.408027162907,1256.5475000000001,2160.0,-0.0,1919.1314728370935,-0.0,0.0,-0.0,-0.0
2021-09-22 16:00:00,1258.827552633379,1167.1985000000002,2160.0,-0.0,3057.9289473666204,-0.0,0.0,-0.0,-0.0
2021-09-22 17:00:00,452.55502327745774,1098.4285,2160.0,658.773476722542,3500.0,-0.0,0.0,-0.0,-0.0
2021-09-22 18:00:00,-0.0,1055.6064999999999,2160.0,1346.5065000000004,3500.0,-0.0,0.0,-0.0,-0.0
2021-09-22 19:00:00,-0.0,1040.169,2160.0,1435.3519999999999,3500.0,-0.0,0.0,-0.0,-0.0
2021-09-22 20:00:00,-0.0,1049.4835,2160.0,1342.6284999999998,3500.0,-0.0,0.0,-0.0,-0.0
2021-09-22 21:00:00,-0.0,1077.2514999999999,2160.0,1111.424500000001,3500.0,-0.0,0.0,-0.0,-0.0
2021-09-22 22:00:00,-0.0,1114.4379999999999,2160.0,834.2799999999997,3500.0,-0.0,0.0,-0.0,-0.0
2021-09-22 23:00:00,-0.0,1150.5195,2160.0,596.3014999999996,3500.0,-0.0,0.0,-0.0,-0.0
2021-09-23 00:00:00,-0.0,1182.9350000000002,2160.0,-0.0,3452.3989999999994,-0.0,0.0,-0.0,-0.0
2021-09-23 01:00:00,-0.0,1186.9065,2160.0,-0.0,3294.8345,-0.0,0.0,-0.0,-0.0
2021-09-23 02:00:00,-0.0,1164.1889999999999,2160.0,-0.0,3211.03,-0.0,0.0,-0.0,-0.0
2021-09-23 03:00:00,-0.0,1112.3515,2160.0,-0.0,3254.2415,-0.0,0.0,-0.0,-0.0
2021-09-23 04:00:00,-0.0,1033.097,2160.0,-0.0,3445.2130000000006,-0.0,0.0,-0.0,-0.0
2021-09-23 05:00:00,-0.0,932.1,2160.0,255.73900000000003,3500.0,-0.0,0.0,-0.0,-0.0
2021-09-23 06:00:00,-0.0,818.3240000000002,2160.0,616.9939999999997,3500.0,-0.0,0.0,-0.0,-0.0
2021-09-23 07:00:00,457.96431593189635,702.8905000000001,2160.0,490.0081840681037,3500.0,-0.0,0.0,-0.0,-0.0
2021-09-23 08:00:00,1312.6080511762061,597.6555,2160.0,-0.0,3374.067448823794,-0.0,0.0,-0.0,-0.0
2021-09-23 09:00:00,2239.1163528182724,513.6495,2160.0,-0.0,2568.815147181728,-0.0,0.0,-0.0,-0.0
2021-09-23 10:00:00,3048.5254142682734,459.68,2160.0,-0.0,1773.8305857317264,-0.0,0.0,-0.0,-0.0
2021-09-23 11:00:00,3596.4383644528552,441.1810000000001,2160.0,-0.0,1165.8946355471444,-0.0,0.0,-0.0,-0.0
2021-09-23 12:00:00,3789.819045339223,459.537,2160.0,-0.0,876.3949546607769,-0.0,0.0,-0.0,-0.0
2021-09-23 13:00:00,3596.4383644528552,511.927,2160.0,-0.0,973.5776355471453,-0.0,0.0,-0.0,-0.0
2021-09-23 14:00:00,3048.5254142682734,591.7405000000001,2160.0,-0.0,1458.695085731727,-0.0,0.0,-0.0,-0.0
2021-09-23 15:00:00,2239.1163528182724,689.5070000000001,2160.0,-0.0,2268.2186471817267,-0.0,0.0,-0.0,-0.0
2021-09-23 16:00:00,1312.6080511762061,794.1765,2160.0,-0.0,3270.040448823793,-0.0,0.0,-0.0,-0.0
2021-09-23 17:00:00,457.96431593189635,894.6145000000001,2160.0,749.2651840681028,3500.0,-0.0,0.0,-0.0,-0.0
2021-09-23 18:00:00,-0.0,981.123,2160.0,1312.3979999999992,3500.0,-0.0,0.0,-0.0,-0.0
2021-09-23 19:00:00,-0.0,1046.7015000000001,2160.0,1319.6515,3500.0,-0.0,0.0,-0.0,-0.0
2021-09-23 20:00:00,-0.0,1088.009,2160.0,1194.4629999999997,3500.0,-0.0,0.0,-0.0,-0.0
2021-09-23 21:00:00,-0.0,1105.754,2160.0,972.9139999999998,3500.0,-0.0,0.0,-0.0,-0.0
2021-09-23 22:00:00,-0.0,1104.5645,2160.0,733.8834999999999,3500.0,-0.0,0.0,-0.0,-0.0
2021-09-23 23:00:00,-0.0,1092.3315,2160.0,544.0614999999998,3500.0,-0.0,0.0,-0.0,-0.0
2021-09-24 00:00:00,-0.0,1087.0405,2160.0,-0.0,3437.9115,-0.0,0.0,-0.0,-0.0
2021-09-24 01:00:00,-0.0,1083.446,2160.0,-0.0,3287.9660000000003,-0.0,0.0,-0.0,-0.0
2021-09-24 02:00:00,-0.0,1099.436,2160.0,-0.0,3165.611,-0.0,0.0,-0.0,-0.0
2021-09-24 03:00:00,-0.0,1142.7065000000002,2160.0,-0.0,3113.9775,-0.0,0.0,-0.0,-0.0
2021-09-24 04:00:00,-0.0,1217.606,2160.0,-0.0,3151.1620000000003,-0.0,0.0,-0.0,-0.0
2021-09-24 05:00:00,-0.0,1324.4725,2160.0,-0.0,3254.2965000000004,-0.0,0.0,-0.0,-0.0
2021-09-24 06:00:00,-0.0,1459.4840000000002,2160.0,-0.0,3367.3409999999994,-0.0,0.0,-0.0,-0.0
2021-09-24 07:00:00,475.4235277837082,1615.1265,2160.0,-0.0,2952.4989722162913,-0.0,0.0,-0.0,-0.0
2021-09-24 08:00:00,1406.5202328212156,1781.0715000000002,2160.0,-0.0,1989.7082671787846,-0.0,0.0,-0.0,-0.0
2021-09-24 09:00:00,2422.5054636940063,1945.5280000000002,2160.0,-0.0,847.4015363059939,-0.0,0.0,-0.0,-0.0
2021-09-24 10:00:00,3312.6924786450572,2096.6920000000005,1948.6125960967065,-0.0,-0.0,-0.0,0.0,21.121074741764055,20.065021004675852
2021-09-24 11:00:00,3916.211487067849,2224.3325,1218.8980129321517,-0.0,-0.0,-0.0,0.0,100.0,115.06301450257538
2021-09-24 12:00:00,4129.36702264111,2321.0135,832.4854773588895,-0.0,-0.0,-0.0,0.0,100.0,210.05150820112513
2021-09-24 13:00:00,3916.211487067849,2383.0820000000003,941.0505129321509,-0.0,-0.0,-0.0,0.0,100.0,305.030503050305
2021-09-24 14:00:00,3312.6924786450572,2411.0645000000004,1534.9880213549422,-0.0,-0.0,-0.0,0.0,100.0,400.0
2021-09-24 15:00:00,2422.5054636940063,2409.5305,2160.0,-0.0,166.07103630599386,-0.0,100.0,-0.0,294.69684210526316
2021-09-24 16:00:00,1406.5202328212156,2386.4230000000002,2160.0,-0.0,1386.7217671787841,-0.0,100.0,-0.0,189.4042145263158
2021-09-24 17:00:00,475.4235277837082,2351.947,2160.0,-0.0,2578.984472216291,-0.0,100.0,-0.0,84.12211621012632
2021-09-24 18:00:00,-0.0,2317.146,2160.0,-0.0,3302.7399812014196,-0.0,79.90801879858006,-0.0,-0.0
2021-09-24 19:00:00,-0.0,2292.3485,2160.0,-0.0,3482.1305,-0.0,0.0,-0.0,-0.0
2021-09-24 20:00:00,-0.0,2285.8095,2160.0,-0.0,3406.7315000000003,-0.0,0.0,-0.0,-0.0
2021-09-24 21:00:00,-0.0,2302.521,2160.0,-0.0,3188.247,-0.0,0.0,-0.0,-0.0
2021-09-24 22:00:00,-0.0,2343.5685,2160.0,-0.0,2909.0955,-0.0,0.0,-0.0,-0.0
2021-09-24 23:00:00,-0.0,2406.0009999999997,2160.0,-0.0,2646.81,-0.0,0.0,-0.0,-0.0
2021-09-25 00:00:00,-0.0,2491.2485,2160.0,-0.0,1516.3505,-0.0,0.0,-0.0,-0.0
2021-09-25 01:00:00,-0.0,2573.8700000000003,2160.0,-0.0,1282.5539999999996,-0.0,0.0,-0.0,-0.0
2021-09-25 02:00:00,-0.0,2651.155,2160.0,-0.0,1101.346,-0.0,0.0,-0.0,-0.0
2021-09-25 03:00:00,-0.0,2712.4045,2160.0,-0.0,1034.2535000000003,-0.0,0.0,-0.0,-0.0
2021-09-25 04:00:00,-0.0,2748.4535000000005,2160.0,-0.0,1112.8824999999997,-0.0,0.0,-0.0,-0.0
2021-09-25 05:00:00,-0.0,2753.0035000000003,2160.0,-0.0,1320.9994999999994,-0.0,0.0,-0.0,-0.0
2021-09-25 06:00:00,-0.0,2723.5,2160.0,-0.0,1601.2939999999999,-0.0,0.0,-0.0,-0.0
2021-09-25 07:00:00,449.6022723607653,2661.568,2160.0,-0.0,1432.6517276392347,-0.0,0.0,-0.0,-0.0
2021-09-25 08:00:00,1375.4979700782064,2572.8365,2160.0,-0.0,732.6075299217937,-0.0,0.0,-0.0,-0.0
2021-09-25 09:00:00,2392.6655265255235,2466.2690000000002,2023.073473474476,-0.0,-0.0,-0.0,0.0,-0.0,-0.0
2021-09-25 10:00:00,3286.5710472990477,2353.0325000000003,1227.9585274427163,-0.0,-0.0,-0.0,0.0,21.121074741764055,20.065021004675852
2021-09-25 11:00:00,3893.557393935217,2245.0545,733.4441060647823,-0.0,-0.0,-0.0,0.0,100.0,115.06301450257538
2021-09-25 12:00:00,4108.0912883388855,2153.476,537.0177116611148,-0.0,-0.0,-0.0,0.0,100.0,210.05150820112513
2021-09-25 13:00:00,3893.557393935217,2087.2670000000003,778.3966060647826,-0.0,-0.0,-0.0,0.0,100.0,305.030503050305
2021-09-25 14:00:00,3286.5710472990477,2052.037,1442.2209527009518,-0.0,-0.0,-0.0,0.0,100.0,400.0
2021-09-25 15:00:00,2392.6655265255235,2049.3914999999997,2160.0,-0.0,81.38797347447644,-0.0,100.0,-0.0,294.69684210526316
2021-09-25 16:00:00,1375.4979700782064,2076.75,2160.0,-0.0,1256.0550299217934,-0.0,100.0,-0.0,189.4042145263158
2021-09-25 17:00:00,449.6022723607653,2127.7815,2160.0,-0.0,2360.9492276392343,-0.0,100.0,-0.0,84.12211621012632
2021-09-25 18:00:00,-0.0,2193.3015,2160.0,-0.0,2961.9414812014197,-0.0,79.90801879858006,-0.0,-0.0
2021-09-25 19:00:00,-0.0,2262.5784999999996,2160.0,-0.0,3050.673500000001,-0.0,0.0,-0.0,-0.0
2021-09-25 20:00:00,-0.0,2324.7965,2160.0,-0.0,2909.9665,-0.0,0.0,-0.0,-0.0
2021-09-25 21:00:00,-0.0,2370.589,2160.0,-0.0,2665.879,-0.0,0.0,-0.0,-0.0
2021-09-25 22:00:00,-0.0,2393.313,2160.0,-0.0,2408.558,-0.0,0.0,-0.0,-0.0
2021-09-25 23:00:00,-0.0,2389.9655000000002,2160.0,-0.0,2215.5814999999993,-0.0,0.0,-0.0,-0.0
2021-09-26 00:00:00,-0.0,2369.7180000000003,2160.0,-0.0,1630.408,-0.0,0.0,-0.0,-0.0
2021-09-26 01:00:00,-0.0,2321.3125,2160.0,-0.0,1531.2075000000004,-0.0,0.0,-0.0,-0.0
2021-09-26 02:00:00,-0.0,2261.0640000000003,2160.0,-0.0,1491.1189999999997,-0.0,0.0,-0.0,-0.0
2021-09-26 03:00:00,-0.0,2199.3075,2160.0,-0.0,1550.6295,-0.0,0.0,-0.0,-0.0
2021-09-26 04:00:00,-0.0,2147.0475,2160.0,-0.0,1721.1734999999994,-0.0,0.0,-0.0,-0.0
2021-09-26 05:00:00,-0.0,2114.4825,2160.0,-0.0,1970.0175,-0.0,0.0,-0.0,-0.0
2021-09-26 06:00:00,-0.0,2109.5555,2160.0,-0.0,2229.3515,-0.0,0.0,-0.0,-0.0
2021-09-26 07:00:00,366.8517342224231,2136.8425,2160.0,-0.0,2057.855765777577,-0.0,0.0,-0.0,-0.0
2021-09-26 08:00:00,1162.9672905080622,2196.8700000000003,2160.0,-0.0,1342.4447094919376,-0.0,0.0,-0.0,-0.0
2021-09-26 09:00:00,2043.732457098381,2286.0045,2160.0,-0.0,417.2180429016189,-0.0,0.0,-0.0,-0.0
2021-09-26 10:00:00,2820.1344190895884,2396.849,1658.0015809104111,-0.0,-0.0,-0.0,0.0,-0.0,-0.0
2021-09-26 11:00:00,3348.1806239985817,2519.1985,957.9269507431836,-0.0,-0.0,-0.0,0.0,21.121074741764055,20.065021004675852
2021-09-26 12:00:00,3534.9451824989997,2641.3140000000003,658.0248175009997,-0.0,-0.0,-0.0,0.0,100.0,115.06301450257538
2021-09-26 13:00:00,3348.1806239985817,2751.4500000000003,698.8403760014176,-0.0,-0.0,-0.0,0.0,100.0,210.05150820112513
2021-09-26 14:00:00,2820.1344190895884,2839.3625,1164.1120809104118,-0.0,-0.0,-0.0,0.0,100.0,305.030503050305
2021-09-26 15:00:00,2043.732457098381,2897.5895,1988.4090429016187,-0.0,-0.0,-0.0,0.0,100.0,400.0
2021-09-26 16:00:00,1162.9672905080622,2922.4260000000004,2160.0,-0.0,764.163213623634,-0.0,8.511495868303617,-0.0,391.00053066494354
2021-09-26 17:00:00,366.8517342224231,2914.3009999999995,2160.0,-0.0,1810.3932657775777,-0.0,0.0,-0.0,390.96143061187706
2021-09-26 18:00:00,-0.0,2877.667,2160.0,-0.0,2414.113,-0.0,0.0,-0.0,390.9223344688159
2021-09-26 19:00:00,-0.0,2820.337,2160.0,-0.0,2552.9240000000004,-0.0,0.0,-0.0,390.88324223536904
2021-09-26 20:00:00,-0.0,2752.347,2160.0,-0.0,2545.765,-0.0,0.0,-0.0,390.8441539111455
2021-09-26 21:00:00,-0.0,2684.5455,2160.0,-0.0,2418.5705,-0.0,0.0,-0.0,390.80506949575437
2021-09-26 22:00:00,-0.0,2627.0790000000006,2160.0,-0.0,2244.6939999999995,-0.0,0.0,-0.0,390.7659889888048
2021-09-26 23:00:00,-0.0,2587.9815,2160.0,-0.0,2090.6755000000003,-0.0,0.0,-0.0,390.7269123899059
2021-09-27 00:00:00,-0.0,2580.214,2160.0,-0.0,1932.4139999999998,-0.0,0.0,-0.0,390.68783969866695
2021-09-27 01:00:00,-0.0,2588.2805000000003,2160.0,-0.0,1779.8455,-0.0,0.0,-0.0,390.6487709146971
2021-09-27 02:00:00,-0.0,2617.1665000000007,2160.0,-0.0,1653.6724999999992,-0.0,0.0,-0.0,390.60970603760563
2021-09-27 03:00:00,-0.0,2660.047,2160.0,-0.0,1611.538,-0.0,0.0,-0.0,390.57064506700186
2021-09-27 04:00:00,-0.0,2707.3734999999997,2160.0,-0.0,1685.4265000000005,-0.0,0.0,-0.0,390.53158800249514
2021-09-27 05:00:00,-0.0,2748.1805,2160.0,-0.0,1863.7675000000004,-0.0,0.0,-0.0,390.4925348436949
2021-09-27 06:00:00,-0.0,2771.5675,2160.0,-0.0,2097.5914999999995,-0.0,0.0,-0.0,390.4534855902105
2021-09-27 07:00:00,281.5221335614096,2768.2135000000003,2160.0,-0.0,2044.8013664385903,-0.0,0.0,-0.0,390.4144402416515
2021-09-27 08:00:00,926.8513598398561,2731.6705,2160.0,-0.0,1579.4141401601435,-0.0,0.0,-0.0,390.3753987976273
2021-09-27 09:00:00,1646.0177371533514,2659.2670000000003,2160.0,-0.0,979.9172628466486,-0.0,0.0,-0.0,390.33636125774757
2021-09-27 10:00:00,2281.9618713065433,2552.5175,2160.0,-0.0,421.27162869345693,-0.0,0.0,-0.0,390.2973276216218
2021-09-27 11:00:00,2715.1831147228363,2416.9925,2160.0,-0.0,55.21838527716409,-0.0,0.0,-0.0,390.2582978888596
2021-09-27 12:00:00,2868.524003095715,2261.6295,2160.0,-0.0,-0.0,-0.0,0.0,10.295503095715048,400.0
2021-09-27 13:00:00,2715.1831147228363,2097.589,2160.0,-0.0,273.5558852771642,-0.0,0.0,-0.0,399.96
2021-09-27 14:00:00,2281.9618713065433,1936.8115,2160.0,-0.0,894.8946286934565,-0.0,0.0,-0.0,399.920004
2021-09-27 15:00:00,1646.0177371533514,1790.5355,2160.0,-0.0,1785.3537628466488,-0.0,0.0,-0.0,399.8800119996
2021-09-27 16:00:00,926.8513598398561,1667.8155,2160.0,-0.0,2817.607140160145,-0.0,0.0,-0.0,399.84002399840006
2021-09-27 17:00:00,281.5221335614096,1574.3975000000003,2160.0,191.77536643859003,3500.0,-0.0,100.0,-0.0,294.5368821012634
2021-09-27 18:00:00,-0.0,1512.056,2160.0,737.7270000000008,3500.0,-0.0,100.0,-0.0,189.24427051831645
2021-09-27 19:00:00,-0.0,1478.4185000000002,2160.0,854.6064999999999,3500.0,-0.0,100.0,-0.0,83.96218819652778
2021-09-27 20:00:00,-0.0,1467.3750000000002,2160.0,812.4148976211773,3500.0,-0.0,79.75610237882272,-0.0,-0.0
2021-09-27 21:00:00,-0.0,1470.0140000000001,2160.0,696.1120000000001,3500.0,-0.0,0.0,-0.0,-0.0
2021-09-27 22:00:00,-0.0,1475.8770000000002,2160.0,460.3859999999995,3500.0,-0.0,0.0,-0.0,-0.0
2021-09-27 23:00:00,-0.0,1474.473,2160.0,270.058,3500.0,-0.0,0.0,-0.0,-0.0
2021-09-28 00:00:00,-0.0,1465.0025,2160.0,-0.0,3178.7184999999995,-0.0,0.0,-0.0,-0.0
2021-09-28 01:00:00,-0.0,1424.6765,2160.0,-0.0,3075.7305,-0.0,0.0,-0.0,-0.0
2021-09-28 02:00:00,-0.0,1359.1045000000001,2160.0,-0.0,3045.1025,-0.0,0.0,-0.0,-0.0
2021-09-28 03:00:00,-0.0,1269.7035,2160.0,-0.0,3136.2355000000002,-0.0,0.0,-0.0,-0.0
2021-09-28 04:00:00,-0.0,1161.8100000000002,2160.0,-0.0,3366.2299999999996,-0.0,0.0,-0.0,-0.0
2021-09-28 05:00:00,-0.0,1044.0235,2160.0,203.94650000000001,3500.0,-0.0,0.0,-0.0,-0.0
2021-09-28 06:00:00,-0.0,927.0300000000001,2160.0,578.8299999999995,3500.0,-0.0,0.0,-0.0,-0.0
2021-09-28 07:00:00,243.92663070717455,822.2045,2160.0,665.683869292825,3500.0,-0.0,0.0,-0.0,-0.0
2021-09-28 08:00:00,836.063458210434,740.09,2160.0,299.5315417895663,3500.0,-0.0,0.0,-0.0,-0.0
2021-09-28 09:00:00,1500.9653798806487,688.961,2160.0,-0.0,3233.3926201193517,-0.0,0.0,-0.0,-0.0
2021-09-28 10:00:00,2090.817194745057,673.7185000000001,2160.0,-0.0,2629.5953052549435,-0.0,0.0,-0.0,-0.0
2021-09-28 11:00:00,2493.310225302161,695.1750000000001,2160.0,-0.0,2137.4467746978385,-0.0,0.0,-0.0,-0.0
2021-09-28 12:00:00,2635.8754106408865,749.9699999999999,2160.0,-0.0,1872.6025893591136,-0.0,0.0,-0.0,-0.0
2021-09-28 13:00:00,2493.310225302161,830.9340000000001,2160.0,-0.0,1900.6217746978386,-0.0,0.0,-0.0,-0.0
2021-09-28 14:00:00,2090.817194745057,928.07,2160.0,-0.0,2233.160805254943,-0.0,0.0,-0.0,-0.0
2021-09-28 15:00:00,1500.9653798806487,1029.8015,2160.0,-0.0,2829.2571201193514,-0.0,0.0,-0.0,-0.0
2021-09-28 16:00:00,836.063458210434,1124.5194999999999,2160.0,89.44104178956695,3500.0,-0.0,0.0,-0.0,-0.0
2021-09-28 17:00:00,243.92663070717455,1202.071,2160.0,838.9753692928252,3500.0,-0.0,0.0,-0.0,-0.0
2021-09-28 18:00:00,-0.0,1255.059,2160.0,1231.4250000000002,3500.0,-0.0,0.0,-0.0,-0.0
2021-09-28 19:00:00,-0.0,1279.7785000000001,2160.0,1289.2685000000001,3500.0,-0.0,0.0,-0.0,-0.0
2021-09-28 20:00:00,-0.0,1276.639,2160.0,1218.1459999999997,3500.0,-0.0,0.0,-0.0,-0.0
2021-09-28 21:00:00,-0.0,1250.0280000000002,2160.0,1050.4519999999993,3500.0,-0.0,0.0,-0.0,-0.0
2021-09-28 22:00:00,-0.0,1207.661,2160.0,861.9700000000003,3500.0,-0.0,0.0,-0.0,-0.0
2021-09-28 23:00:00,-0.0,1159.4245,2160.0,717.3864999999996,3500.0,-0.0,0.0,-0.0,-0.0
2021-09-29 00:00:00,-0.0,1124.305,2160.0,150.58799999999974,3500.0,-0.0,0.0,-0.0,-0.0
2021-09-29 01:00:00,-0.0,1095.6205,2160.0,34.67249999999967,3500.0,-0.0,0.0,-0.0,-0.0
2021-09-29 02:00:00,-0.0,1089.478,2160.0,-0.0,3443.2309999999998,-0.0,0.0,-0.0,-0.0
2021-09-29 03:00:00,-0.0,1110.382,2160.0,-0.0,3422.579,-0.0,0.0,-0.0,-0.0
2021-09-29 04:00:00,-0.0,1158.9045,2160.0,-0.0,3494.5804999999996,-0.0,0.0,-0.0,-0.0
2021-09-29 05:00:00,-0.0,1231.5420000000001,2160.0,140.20399999999972,3500.0,-0.0,0.0,-0.0,-0.0
2021-09-29 06:00:00,-0.0,1321.1315,2160.0,306.74249999999984,3500.0,-0.0,0.0,-0.0,-0.0
2021-09-29 07:00:00,241.26792967430217,1417.7865000000002,2160.0,192.9215703256973,3500.0,-0.0,0.0,-0.0,-0.0
2021-09-29 08:00:00,863.2263162283057,1510.1645000000003,2160.0,-0.0,3120.5121837716943,-0.0,0.0,-0.0,-0.0
2021-09-29 09:00:00,1567.1327297793928,1587.027,2160.0,-0.0,2385.3462702206075,-0.0,0.0,-0.0,-0.0
2021-09-29 10:00:00,2193.64276349336,1638.689,2160.0,-0.0,1675.86923650664,-0.0,0.0,-0.0,-0.0
2021-09-29 11:00:00,2621.8651588847133,1658.332,2160.0,-0.0,1157.6038411152867,-0.0,0.0,-0.0,-0.0
2021-09-29 12:00:00,2773.662285367537,1642.927,2160.0,-0.0,951.4437146324635,-0.0,0.0,-0.0,-0.0
2021-09-29 13:00:00,2621.8651588847133,1593.6635,2160.0,-0.0,1116.558341115287,-0.0,0.0,-0.0,-0.0
2021-09-29 14:00:00,2193.64276349336,1515.7804999999998,2160.0,-0.0,1647.4027365066404,-0.0,0.0,-0.0,-0.0
2021-09-29 15:00:00,1567.1327297793928,1417.9035000000001,2160.0,-0.0,2477.2467702206072,-0.0,0.0,-0.0,-0.0
2021-09-29 16:00:00,863.2263162283057,1310.894,2160.0,-0.0,3475.5686837716944,-0.0,0.0,-0.0,-0.0
2021-09-29 17:00:00,241.26792967430217,1206.4585,2160.0,934.2455703256983,3500.0,-0.0,0.0,-0.0,-0.0
2021-09-29 18:00:00,-0.0,1115.5755000000001,2160.0,1465.1724999999997,3500.0,-0.0,0.0,-0.0,-0.0
2021-09-29 19:00:00,-0.0,1047.098,2160.0,1613.4089999999997,3500.0,-0.0,0.0,-0.0,-0.0
2021-09-29 20:00:00,-0.0,1006.6030000000001,2160.0,1576.7730000000001,3500.0,-0.0,0.0,-0.0,-0.0
2021-09-29 21:00:00,-0.0,995.722,2160.0,1390.4180000000006,3500.0,-0.0,0.0,-0.0,-0.0
2021-09-29 22:00:00,-0.0,1011.9654999999999,2160.0,1140.3334999999997,3500.0,-0.0,0.0,-0.0,-0.0
2021-09-29 23:00:00,-0.0,1049.165,2160.0,907.2650000000003,3500.0,-0.0,0.0,-0.0,-0.0
2021-09-30 00:00:00,-0.0,1106.7095,2160.0,244.77049999999963,3500.0,-0.0,0.0,-0.0,-0.0
2021-09-30 01:00:00,-0.0,1157.429,2160.0,46.292999999999665,3500.0,-0.0,0.0,-0.0,-0.0
2021-09-30 02:00:00,-0.0,1199.211,2160.0,-0.0,3403.7199999999993,-0.0,0.0,-0.0,-0.0
2021-09-30 03:00:00,-0.0,1223.066,2160.0,-0.0,3376.862,-0.0,0.0,-0.0,-0.0
2021-09-30 04:00:00,-0.0,1222.7995,2160.0,-0.0,3494.3545000000004,-0.0,0.0,-0.0,-0.0
2021-09-30 05:00:00,-0.0,1195.8635000000002,2160.0,236.21049999999923,3500.0,-0.0,0.0,-0.0,-0.0
2021-09-30 06:00:00,-0.0,1143.831,2160.0,540.9920000000002,3500.0,-0.0,0.0,-0.0,-0.0
2021-09-30 07:00:00,232.40967692422493,1072.2075,2160.0,600.8918230757745,3500.0,-0.0,0.0,-0.0,-0.0
2021-09-30 08:00:00,870.5898154022979,989.7615,2160.0,183.6356845977025,3500.0,-0.0,0.0,-0.0,-0.0
2021-09-30 09:00:00,1598.8166047609968,907.3805,2160.0,-0.0,3079.9148952390033,-0.0,0.0,-0.0,-0.0
2021-09-30 10:00:00,2249.138553025137,836.6474999999999,2160.0,-0.0,2465.5149469748635,-0.0,0.0,-0.0,-0.0
2021-09-30 11:00:00,2694.403589599557,788.3265,2160.0,-0.0,1994.6409104004429,-0.0,0.0,-0.0,-0.0
2021-09-30 12:00:00,2852.3635115641086,770.913,2160.0,-0.0,1780.7744884358922,-0.0,0.0,-0.0,-0.0
2021-09-30 13:00:00,2694.403589599557,789.5290000000001,2160.0,-0.0,1880.6024104004423,-0.0,0.0,-0.0,-0.0
2021-09-30 14:00:00,2249.138553025137,845.2080000000001,2160.0,-0.0,2291.343446974863,-0.0,0.0,-0.0,-0.0
2021-09-30 15:00:00,1598.8166047609968,934.7909999999999,2160.0,-0.0,2953.941395239003,-0.0,0.0,-0.0,-0.0
2021-09-30 16:00:00,870.5898154022979,1051.3295,2160.0,249.42968459770236,3500.0,-0.0,0.0,-0.0,-0.0
2021-09-30 17:00:00,232.40967692422493,1184.9955,2160.0,982.6148230757753,3500.0,-0.0,0.0,-0.0,-0.0
2021-09-30 18:00:00,-0.0,1324.3815,2160.0,1270.7985000000008,3500.0,-0.0,0.0,-0.0,-0.0
2021-09-30 19:00:00,-0.0,1458.0345,2160.0,1213.2895000000008,3500.0,-0.0,0.0,-0.0,-0.0
2021-09-30 20:00:00,-0.0,1575.912,2160.0,1014.6689999999999,3500.0,-0.0,0.0,-0.0,-0.0
2021-09-30 21:00:00,-0.0,1670.7145,2160.0,719.0235000000002,3500.0,-0.0,0.0,-0.0,-0.0
2021-09-30 22:00:00,-0.0,1738.8085,2160.0,413.4915000000001,3500.0,-0.0,0.0,-0.0,-0.0
2021-09-30 23:00:00,-0.0,1780.6295,2160.0,172.21550000000025,3500.0,-0.0,0.0,-0.0,-0.0
2021-10-01 00:00:00,-0.0,1808.989,2160.0,-0.0,3035.4060000000004,-0.0,0.0,-0.0,-0.0
2021-10-01 01:00:00,-0.0,1814.7350000000001,2160.0,-0.0,2878.351,-0.0,0.0,-0.0,-0.0
2021-10-01 02:00:00,-0.0,1816.1065,2160.0,-0.0,2772.6575000000003,-0.0,0.0,-0.0,-0.0
2021-10-01 03:00:00,-0.0,1823.6855000000003,2160.0,-0.0,2758.5705,-0.0,0.0,-0.0,-0.0
2021-10-01 04:00:00,-0.0,1847.2740000000001,2160.0,-0.0,2848.7289999999994,-0.0,0.0,-0.0,-0.0
2021-10-01 05:00:00,-0.0,1894.49,2160.0,-0.0,3012.9850000000006,-0.0,0.0,-0.0,-0.0
2021-10-01 06:00:00,-0.0,1969.6560000000002,2160.0,-0.0,3187.152,-0.0,0.0,-0.0,-0.0
2021-10-01 07:00:00,212.3652765104956,2073.1165,2160.0,-0.0,3088.6322234895038,-0.0,0.0,-0.0,-0.0
2021-10-01 08:00:00,835.6591396201815,2201.1145,2160.0,-0.0,2472.4783603798187,-0.0,0.0,-0.0,-0.0
2021-10-01 09:00:00,1552.9877051598019,2346.201,2160.0,-0.0,1648.8892948401985,-0.0,0.0,-0.0,-0.0
2021-10-01 10:00:00,2195.780751190301,2498.184,2160.0,-0.0,816.0482488096986,-0.0,0.0,-0.0,-0.0
2021-10-01 11:00:00,2636.665669703653,2645.4155,2160.0,-0.0,150.7938302963471,-0.0,0.0,-0.0,-0.0
2021-10-01 12:00:00,2793.1859724453357,2776.3125,2046.8995275546645,-0.0,-0.0,-0.0,0.0,100.0,95.0
2021-10-01 13:00:00,2636.665669703653,2880.8455,2056.2658302963478,-0.0,-0.0,-0.0,0.0,100.0,189.9905
2021-10-01 14:00:00,2195.780751190301,2951.8385000000003,2160.0,-0.0,84.26274880969822,-0.0,100.0,-0.0,84.70834305526317
2021-10-01 15:00:00,1552.9877051598019,2985.9114999999997,2160.0,-0.0,811.3849162302885,-0.0,80.46487860990976,-0.0,-0.0
2021-10-01 16:00:00,835.6591396201815,2983.8900000000003,2160.0,-0.0,1792.0688603798185,-0.0,0.0,-0.0,-0.0
2021-10-01 17:00:00,212.3652765104956,2950.6555000000003,2160.0,-0.0,2674.399223489504,-0.0,0.0,-0.0,-0.0
2021-10-01 18:00:00,-0.0,2894.502,2160.0,-0.0,3135.274,-0.0,0.0,-0.0,-0.0
2021-10-01 19:00:00,-0.0,2825.953,2160.0,-0.0,3277.2309999999993,-0.0,0.0,-0.0,-0.0
2021-10-01 20:00:00,-0.0,2756.3965000000003,2160.0,-0.0,3263.3784999999993,-0.0,0.0,-0.0,-0.0
2021-10-01 21:00:00,-0.0,2696.525,2160.0,-0.0,3119.814,-0.0,0.0,-0.0,-0.0
2021-10-01 22:00:00,-0.0,2654.9185,2160.0,-0.0,2921.4625,-0.0,0.0,-0.0,-0.0
2021-10-01 23:00:00,-0.0,2636.9135,2160.0,-0.0,2737.5705000000003,-0.0,0.0,-0.0,-0.0
2021-10-02 00:00:00,-0.0,2652.3965,2160.0,-0.0,1675.1895000000004,-0.0,0.0,-0.0,-0.0
2021-10-02 01:00:00,-0.0,2681.7635,2160.0,-0.0,1492.2295000000004,-0.0,0.0,-0.0,-0.0
2021-10-02 02:00:00,-0.0,2727.1725,2160.0,-0.0,1340.2975000000001,-0.0,0.0,-0.0,-0.0
2021-10-02 03:00:00,-0.0,2779.5429999999997,2160.0,-0.0,1279.3020000000006,-0.0,0.0,-0.0,-0.0
2021-10-02 04:00:00,-0.0,2828.358,2160.0,-0.0,1342.2039999999997,-0.0,0.0,-0.0,-0.0
2021-10-02 05:00:00,-0.0,2863.12,2160.0,-0.0,1516.9710000000005,-0.0,0.0,-0.0,-0.0
2021-10-02 06:00:00,-0.0,2874.8460000000005,2160.0,-0.0,1752.7239999999993,-0.0,0.0,-0.0,-0.0
2021-10-02 07:00:00,209.08784551375194,2857.3935,2160.0,-0.0,1776.6336544862477,-0.0,0.0,-0.0,-0.0
2021-10-02 08:00:00,867.4961655829418,2808.312,2160.0,-0.0,1300.774834417058,-0.0,0.0,-0.0,-0.0
2021-10-02 09:00:00,1632.0013593579317,2729.298,2160.0,-0.0,652.5336406420681,-0.0,0.0,-0.0,-0.0
2021-10-02 10:00:00,2319.477735650577,2626.0195000000003,2160.0,-0.0,28.789764349422967,-0.0,0.0,-0.0,-0.0
2021-10-02 11:00:00,2791.850495889653,2507.4465,1856.4690041103468,-0.0,-0.0,-0.0,0.0,100.0,95.0
2021-10-02 12:00:00,2959.6794670799122,2384.707,1733.616532920088,-0.0,-0.0,-0.0,0.0,100.0,189.9905
2021-10-02 13:00:00,2791.850495889653,2269.6440000000002,1972.7005041103466,-0.0,-0.0,-0.0,0.0,100.0,284.97150095
2021-10-02 14:00:00,2319.477735650577,2173.3140000000003,2160.0,-0.0,198.42026434942318,-0.0,100.0,-0.0,179.67984590516818
2021-10-02 15:00:00,1632.0013593579317,2104.5245,2160.0,-0.0,1052.5681406420683,-0.0,100.0,-0.0,74.39872002584083
2021-10-02 16:00:00,867.4961655829418,2068.729,2160.0,-0.0,2062.1801182709123,-0.0,70.67171614614634,-0.0,-0.0
2021-10-02 17:00:00,209.08784551375194,2067.3185000000003,2160.0,-0.0,3017.6896544862475,-0.0,0.0,-0.0,-0.0
2021-10-02 18:00:00,-0.0,2097.5045,2160.0,-0.0,3388.2685,-0.0,0.0,-0.0,-0.0
2021-10-02 19:00:00,-0.0,2152.7025000000003,2160.0,-0.0,3405.9024999999992,-0.0,0.0,-0.0,-0.0
2021-10-02 20:00:00,-0.0,2223.455,2160.0,-0.0,3251.2690000000002,-0.0,0.0,-0.0,-0.0
2021-10-02 21:00:00,-0.0,2298.751,2160.0,-0.0,2972.169,-0.0,0.0,-0.0,-0.0
2021-10-02 22:00:00,-0.0,2367.4885,2160.0,-0.0,2663.2115,-0.0,0.0,-0.0,-0.0
2021-10-02 23:00:00,-0.0,2420.002,2160.0,-0.0,2408.6430000000005,-0.0,0.0,-0.0,-0.0
2021-10-03 00:00:00,-0.0,2457.858,2160.0,-0.0,1760.045,-0.0,0.0,-0.0,-0.0
2021-10-03 01:00:00,-0.0,2460.731,2160.0,-0.0,1603.632,-0.0,0.0,-0.0,-0.0
2021-10-03 02:00:00,-0.0,2437.8835,2160.0,-0.0,1520.1144999999997,-0.0,0.0,-0.0,-0.0
2021-10-03 03:00:00,-0.0,2394.0150000000003,2160.0,-0.0,1555.62,-0.0,0.0,-0.0,-0.0
2021-10-03 04:00:00,-0.0,2337.062,2160.0,-0.0,1724.6580000000004,-0.0,0.0,-0.0,-0.0
2021-10-03 05:00:00,-0.0,2277.0995,2160.0,-0.0,1994.6205000000004,-0.0,0.0,-0.0,-0.0
2021-10-03 06:00:00,-0.0,2224.9045,2160.0,-0.0,2294.8714999999997,-0.0,0.0,-0.0,-0.0
2021-10-03 07:00:00,228.67279298401257,2190.4610000000002,2160.0,-0.0,2316.866207015987,-0.0,0.0,-0.0,-0.0
2021-10-03 08:00:00,1004.4866552075798,2181.5495,2160.0,-0.0,1684.2148447924203,-0.0,0.0,-0.0,-0.0
2021-10-03 09:00:00,1913.7256522144678,2202.577,2160.0,-0.0,792.0833477855324,-0.0,0.0,-0.0,-0.0
2021-10-03 10:00:00,2734.29023113189,2253.9855000000002,2062.672343609875,-0.0,-0.0,-0.0,0.0,21.121074741764055,20.065021004675852
2021-10-03 11:00:00,3299.123301714614,2332.0375000000004,1421.2321982853855,-0.0,-0.0,-0.0,0.0,100.0,115.06301450257538
2021-10-03 12:00:00,3499.9654984029135,2429.3035,1046.5480015970866,-0.0,-0.0,-0.0,0.0,100.0,210.05150820112513
2021-10-03 13:00:00,3299.123301714614,2535.559,1098.6126982853857,-0.0,-0.0,-0.0,0.0,100.0,305.030503050305
2021-10-03 14:00:00,2734.29023113189,2639.1105000000002,1578.2952688681094,-0.0,-0.0,-0.0,0.0,100.0,400.0
2021-10-03 15:00:00,1913.7256522144678,2728.2644999999998,2160.0,-0.0,49.06784778553242,-0.0,100.0,-0.0,294.69684210526316
2021-10-03 16:00:00,1004.4866552075798,2792.881,2160.0,-0.0,1075.2493447924205,-0.0,100.0,-0.0,189.4042145263158
2021-10-03 17:00:00,228.67279298401257,2825.654,2160.0,-0.0,2074.559054512301,-0.0,70.42015250368594,-0.0,115.25879778519375
2021-10-03 18:00:00,-0.0,2823.0280000000002,2160.0,-0.0,2569.7169999999996,-0.0,0.0,-0.0,115.24727190541523
2021-10-03 19:00:00,-0.0,2785.6465000000003,2160.0,-0.0,2681.7835,-0.0,0.0,-0.0,115.2357471782247
2021-10-03 20:00:00,-0.0,2718.196,2160.0,-0.0,2667.2960000000003,-0.0,0.0,-0.0,115.22422360350687
2021-10-03 21:00:00,-0.0,2628.7495,2160.0,-0.0,2554.9695,-0.0,0.0,-0.0,115.21270118114653
2021-10-03 22:00:00,-0.0,2527.6159999999995,2160.0,-0.0,2417.9990000000003,-0.0,0.0,-0.0,115.20117991102842
2021-10-03 23:00:00,-0.0,2425.9624999999996,2160.0,-0.0,2319.7995,-0.0,0.0,-0.0,115.18965979303732
2021-10-04 00:00:00,-0.0,2342.808,2160.0,-0.0,2230.7,-0.0,0.0,-0.0,115.17814082705802
2021-10-04 01:00:00,-0.0,2269.3970000000004,2160.0,-0.0,2152.935,-0.0,0.0,-0.0,115.16662301297531
2021-10-04 02:00:00,-0.0,2219.412,2160.0,-0.0,2098.998,-0.0,0.0,-0.0,115.15510635067402
2021-10-04 03:00:00,-0.0,2194.0685,2160.0,-0.0,2118.4985,-0.0,0.0,-0.0,115.14359084003895
2021-10-04 04:00:00,-0.0,2190.5130000000004,2160.0,-0.0,2236.7309999999993,-0.0,0.0,-0.0,115.13207648095495
2021-10-04 05:00:00,-0.0,2202.252,2160.0,-0.0,2437.659,-0.0,0.0,-0.0,115.12056327330686
2021-10-04 06:00:00,-0.0,2220.0815000000002,2160.0,-0.0,2670.6215,-0.0,0.0,-0.0,115.10905121697952
2021-10-04 07:00:00,239.50975641062843,2233.3415,2160.0,-0.0,2636.878743589371,-0.0,0.0,-0.0,115.09754031185783
2021-10-04 08:00:00,1119.1477317796373,2231.4435000000003,2160.0,-0.0,1896.2587682203628,-0.0,0.0,-0.0,115.08603055782665
2021-10-04 09:00:00,2160.1026986201423,2205.3395,2160.0,-0.0,922.4738013798578,-0.0,0.0,-0.0,115.07452195477086
2021-10-04 10:00:00,3102.9859031674337,2148.8415000000005,2160.0,-0.0,0.5215968325660469,-0.0,0.0,-0.0,115.06301450257538
2021-10-04 11:00:00,3753.2159608428806,2059.4990000000003,1625.2490391571196,-0.0,-0.0,-0.0,0.0,100.0,210.05150820112513
2021-10-04 12:00:00,3984.614841291474,1939.0345,1440.844658708526,-0.0,-0.0,-0.0,0.0,100.0,305.030503050305
2021-10-04 13:00:00,3753.2159608428806,1793.181,1778.7320391571197,-0.0,-0.0,-0.0,0.0,100.0,400.0
2021-10-04 14:00:00,3102.9859031674337,1630.993,2160.0,-0.0,352.7580968325665,-0.0,0.0,-0.0,399.96
2021-10-04 15:00:00,2160.1026986201423,1463.7350000000001,2160.0,-0.0,1565.5163013798579,-0.0,0.0,-0.0,399.920004
2021-10-04 16:00:00,1119.1477317796373,1303.406,2160.0,-0.0,2951.657268220363,-0.0,0.0,-0.0,399.8800119996
2021-10-04 17:00:00,239.50975641062843,1161.251,2160.0,603.4802435893716,3500.0,-0.0,100.0,-0.0,294.57686610366324
2021-10-04 18:00:00,-0.0,1046.2985,2160.0,1154.7615000000005,3500.0,-0.0,100.0,-0.0,189.28425052231603
2021-10-04 19:00:00,-0.0,964.2425000000001,2160.0,1314.9174999999996,3500.0,-0.0,100.0,-0.0,84.00216420252697
2021-10-04 20:00:00,-0.0,916.7535,2160.0,1304.1234242131995,3500.0,-0.0,79.79407578680139,-0.0,-0.0
2021-10-04 21:00:00,-0.0,901.3225000000001,2160.0,1201.0535,3500.0,-0.0,0.0,-0.0,-0.0
2021-10-04 22:00:00,-0.0,911.6705,2160.0,956.1085000000003,3500.0,-0.0,0.0,-0.0,-0.0
2021-10-04 23:00:00,-0.0,938.6780000000001,2160.0,732.777,3500.0,-0.0,0.0,-0.0,-0.0
2021-10-05 00:00:00,-0.0,980.2520000000001,2160.0,86.4050000000002,3500.0,-0.0,0.0,-0.0,-0.0
2021-10-05 01:00:00,-0.0,1008.4295,2160.0,-0.0,3410.6215,-0.0,0.0,-0.0,-0.0
2021-10-05 02:00:00,-0.0,1022.4955000000001,2160.0,-0.0,3296.2174999999997,-0.0,0.0,-0.0,-0.0
2021-10-05 03:00:00,-0.0,1015.833,2160.0,-0.0,3300.6339999999996,-0.0,0.0,-0.0,-0.0
2021-10-05 04:00:00,-0.0,985.4844999999999,2160.0,-0.0,3449.2665,-0.0,0.0,-0.0,-0.0
2021-10-05 05:00:00,-0.0,932.5225,2160.0,218.5084999999999,3500.0,-0.0,0.0,-0.0,-0.0
2021-10-05 06:00:00,-0.0,861.952,2160.0,543.4859999999999,3500.0,-0.0,0.0,-0.0,-0.0
2021-10-05 07:00:00,216.27368954960298,782.002,2160.0,629.805310450397,3500.0,-0.0,0.0,-0.0,-0.0
2021-10-05 08:00:00,1080.7252136271586,703.027,2160.0,-0.0,3485.0607863728414,-0.0,0.0,-0.0,-0.0
2021-10-05 09:00:00,2114.1451521947765,636.0445,2160.0,-0.0,2563.2963478052234,-0.0,0.0,-0.0,-0.0
2021-10-05 10:00:00,3053.7141695098467,591.2595,2160.0,-0.0,1636.5423304901528,-0.0,0.0,-0.0,-0.0
2021-10-05 11:00:00,3702.872170317199,576.628,2160.0,-0.0,931.2158296828015,-0.0,0.0,-0.0,-0.0
2021-10-05 12:00:00,3934.0750175099133,596.726,2160.0,-0.0,610.0139824900866,-0.0,0.0,-0.0,-0.0
2021-10-05 13:00:00,3702.872170317199,652.0995,2160.0,-0.0,750.030329682801,-0.0,0.0,-0.0,-0.0
2021-10-05 14:00:00,3053.7141695098467,739.1085,2160.0,-0.0,1337.3173304901534,-0.0,0.0,-0.0,-0.0
2021-10-05 15:00:00,2114.1451521947765,850.3495,2160.0,-0.0,2271.767347805223,-0.0,0.0,-0.0,-0.0
2021-10-05 16:00:00,1080.7252136271586,975.6110000000001,2160.0,-0.0,3368.2627863728417,-0.0,0.0,-0.0,-0.0
2021-10-05 17:00:00,216.27368954960298,1103.154,2160.0,838.6493104503979,3500.0,-0.0,0.0,-0.0,-0.0
2021-10-05 18:00:00,-0.0,1221.2135,2160.0,1137.0974999999999,3500.0,-0.0,0.0,-0.0,-0.0
2021-10-05 19:00:00,-0.0,1319.5325,2160.0,1120.2585,3500.0,-0.0,0.0,-0.0,-0.0
2021-10-05 20:00:00,-0.0,1390.649,2160.0,973.9930000000004,3500.0,-0.0,0.0,-0.0,-0.0
2021-10-05 21:00:00,-0.0,1430.8255,2160.0,738.8215,3500.0,-0.0,0.0,-0.0,-0.0
2021-10-05 22:00:00,-0.0,1440.4715,2160.0,497.8325,3500.0,-0.0,0.0,-0.0,-0.0
2021-10-05 23:00:00,-0.0,1424.02,2160.0,321.1680000000001,3500.0,-0.0,0.0,-0.0,-0.0
2021-10-06 00:00:00,-0.0,1397.9095,2160.0,-0.0,3245.6845000000003,-0.0,0.0,-0.0,-0.0
2021-10-06 01:00:00,-0.0,1354.8405000000002,2160.0,-0.0,3144.2524999999996,-0.0,0.0,-0.0,-0.0
2021-10-06 02:00:00,-0.0,1314.2935,2160.0,-0.0,3087.5115000000005,-0.0,0.0,-0.0,-0.0
2021-10-06 03:00:00,-0.0,1286.376,2160.0,-0.0,3116.175,-0.0,0.0,-0.0,-0.0
2021-10-06 04:00:00,-0.0,1279.0765000000001,2160.0,-0.0,3244.6904999999997,-0.0,0.0,-0.0,-0.0
2021-10-06 05:00:00,-0.0,1297.1464999999998,2160.0,-0.0,3445.7675,-0.0,0.0,-0.0,-0.0
2021-10-06 06:00:00,-0.0,1341.405,2160.0,158.72000000000025,3500.0,-0.0,0.0,-0.0,-0.0
2021-10-06 07:00:00,172.9197098038931,1408.615,2160.0,143.96929019610707,3500.0,-0.0,0.0,-0.0,-0.0
2021-10-06 08:00:00,929.7612284818247,1491.8995000000002,2160.0,-0.0,2947.241271518175,-0.0,0.0,-0.0,-0.0
2021-10-06 09:00:00,1844.2073588480248,1581.6515,2160.0,-0.0,1990.309141151975,-0.0,0.0,-0.0,-0.0
2021-10-06 10:00:00,2678.7944416001123,1666.86,2160.0,-0.0,1041.0635583998878,-0.0,0.0,-0.0,-0.0
2021-10-06 11:00:00,3256.5105727177,1736.5595,2160.0,-0.0,325.29092728229944,-0.0,0.0,-0.0,-0.0
2021-10-06 12:00:00,3462.443508019633,1781.3705,2160.0,-0.0,7.009991980366522,-0.0,0.0,-0.0,-0.0
2021-10-06 13:00:00,3256.5105727177,1794.7735,2160.0,-0.0,166.0109272822997,-0.0,0.0,-0.0,-0.0
2021-10-06 14:00:00,2678.7944416001123,1774.0320000000002,2160.0,-0.0,791.8075583998875,-0.0,0.0,-0.0,-0.0
2021-10-06 15:00:00,1844.2073588480248,1720.5825000000002,2160.0,-0.0,1788.0831411519744,-0.0,0.0,-0.0,-0.0
2021-10-06 16:00:00,929.7612284818247,1639.9305,2160.0,-0.0,2973.548271518175,-0.0,0.0,-0.0,-0.0
2021-10-06 17:00:00,172.9197098038931,1540.9095,2160.0,564.8327901961075,3500.0,-0.0,0.0,-0.0,-0.0
2021-10-06 18:00:00,-0.0,1434.6085,2160.0,1046.1404999999995,3500.0,-0.0,0.0,-0.0,-0.0
2021-10-06 19:00:00,-0.0,1332.8899999999999,2160.0,1231.1010000000006,3500.0,-0.0,0.0,-0.0,-0.0
2021-10-06 20:00:00,-0.0,1246.882,2160.0,1243.6299999999992,3500.0,-0.0,0.0,-0.0,-0.0
2021-10-06 21:00:00,-0.0,1185.548,2160.0,1111.5439999999999,3500.0,-0.0,0.0,-0.0,-0.0
2021-10-06 22:00:00,-0.0,1154.5495,2160.0,912.6804999999995,3500.0,-0.0,0.0,-0.0,-0.0
2021-10-06 23:00:00,-0.0,1155.544,2160.0,719.9530000000004,3500.0,-0.0,0.0,-0.0,-0.0
2021-10-07 00:00:00,-0.0,1194.739,2160.0,80.49400000000014,3500.0,-0.0,0.0,-0.0,-0.0
2021-10-07 01:00:00,-0.0,1248.559,2160.0,-0.0,3383.3589999999995,-0.0,0.0,-0.0,-0.0
2021-10-07 02:00:00,-0.0,1316.653,2160.0,-0.0,3219.0649999999996,-0.0,0.0,-0.0,-0.0
2021-10-07 03:00:00,-0.0,1388.4585,2160.0,-0.0,3148.9925000000003,-0.0,0.0,-0.0,-0.0
2021-10-07 04:00:00,-0.0,1453.374,2160.0,-0.0,3206.1770000000006,-0.0,0.0,-0.0,-0.0
2021-10-07 05:00:00,-0.0,1502.228,2160.0,-0.0,3377.254,-0.0,0.0,-0.0,-0.0
2021-10-07 06:00:00,-0.0,1528.6115,2160.0,108.76050000000032,3500.0,-0.0,0.0,-0.0,-0.0
2021-10-07 07:00:00,138.68740249584923,1529.7620000000002,2160.0,194.8775975041508,3500.0,-0.0,0.0,-0.0,-0.0
2021-10-07 08:00:00,808.0919630120575,1506.9795,2160.0,-0.0,3192.1255369879427,-0.0,0.0,-0.0,-0.0
2021-10-07 09:00:00,1625.9549586218834,1465.4900000000002,2160.0,-0.0,2463.3860413781167,-0.0,0.0,-0.0,-0.0
2021-10-07 10:00:00,2375.3165833801436,1413.7565,2160.0,-0.0,1736.569916619857,-0.0,0.0,-0.0,-0.0
2021-10-07 11:00:00,2895.043626992731,1362.3545000000001,2160.0,-0.0,1200.044873007269,-0.0,0.0,-0.0,-0.0
2021-10-07 12:00:00,3080.4604568589734,1322.5420000000001,2160.0,-0.0,986.956543141026,-0.0,0.0,-0.0,-0.0
2021-10-07 13:00:00,2895.043626992731,1304.7320000000002,2160.0,-0.0,1156.6013730072696,-0.0,0.0,-0.0,-0.0
2021-10-07 14:00:00,2375.3165833801436,1317.095,2160.0,-0.0,1691.1474166198564,-0.0,0.0,-0.0,-0.0
2021-10-07 15:00:00,1625.9549586218834,1364.402,2160.0,-0.0,2501.1790413781164,-0.0,0.0,-0.0,-0.0
2021-10-07 16:00:00,808.0919630120575,1447.3615,2160.0,-0.0,3426.0815369879424,-0.0,0.0,-0.0,-0.0
2021-10-07 17:00:00,138.68740249584923,1562.5025,2160.0,715.2940975041511,3500.0,-0.0,0.0,-0.0,-0.0
2021-10-07 18:00:00,-0.0,1702.545,2160.0,915.4509999999991,3500.0,-0.0,0.0,-0.0,-0.0
2021-10-07 19:00:00,-0.0,1857.375,2160.0,843.1839999999993,3500.0,-0.0,0.0,-0.0,-0.0
2021-10-07 20:00:00,-0.0,2015.3315000000002,2160.0,610.9655000000002,3500.0,-0.0,0.0,-0.0,-0.0
2021-10-07 21:00:00,-0.0,2164.7015,2160.0,267.29050000000007,3500.0,-0.0,0.0,-0.0,-0.0
2021-10-07 22:00:00,-0.0,2295.228,2160.0,-0.0,3405.915,-0.0,0.0,-0.0,-0.0
2021-10-07 23:00:00,-0.0,2399.4295,2160.0,-0.0,3108.8935,-0.0,0.0,-0.0,-0.0
2021-10-08 00:00:00,-0.0,2482.2395,2160.0,-0.0,2424.6704999999997,-0.0,0.0,-0.0,-0.0
2021-10-08 01:00:00,-0.0,2526.5435,2160.0,-0.0,2235.7665,-0.0,0.0,-0.0,-0.0
2021-10-08 02:00:00,-0.0,2545.3740000000003,2160.0,-0.0,2119.3519999999994,-0.0,0.0,-0.0,-0.0
2021-10-08 03:00:00,-0.0,2546.3619999999996,2160.0,-0.0,2118.6160000000004,-0.0,0.0,-0.0,-0.0
2021-10-08 04:00:00,-0.0,2539.3355,2160.0,-0.0,2246.1674999999996,-0.0,0.0,-0.0,-0.0
2021-10-08 05:00:00,-0.0,2534.909,2160.0,-0.0,2468.855,-0.0,0.0,-0.0,-0.0
2021-10-08 06:00:00,-0.0,2542.9625,2160.0,-0.0,2716.9294999999997,-0.0,0.0,-0.0,-0.0
2021-10-08 07:00:00,119.57416004754987,2571.2309999999998,2160.0,-0.0,2793.1878399524508,-0.0,0.0,-0.0,-0.0
2021-10-08 08:00:00,761.3135273276939,2624.1865000000003,2160.0,-0.0,2240.419972672306,-0.0,0.0,-0.0,-0.0
2021-10-08 09:00:00,1554.5988534815656,2702.349,2160.0,-0.0,1414.5761465184346,-0.0,0.0,-0.0,-0.0
2021-10-08 10:00:00,2284.3571526518267,2802.176,2160.0,-0.0,553.6858473481734,-0.0,0.0,-0.0,-0.0
2021-10-08 11:00:00,2791.4768074956314,2916.4784999999997,2121.8626925043686,-0.0,-0.0,-0.0,0.0,100.0,95.0
2021-10-08 12:00:00,2972.550275536283,3035.331,1752.169724463717,-0.0,-0.0,-0.0,0.0,100.0,189.9905
2021-10-08 13:00:00,2791.4768074956314,3147.3845,1785.2426925043687,-0.0,-0.0,-0.0,0.0,100.0,284.97150095
2021-10-08 14:00:00,2284.3571526518267,3241.368,2160.0,-0.0,-0.0,-0.0,0.0,36.8821526518268,319.9810488191405
2021-10-08 15:00:00,1554.5988534815656,3307.5834999999997,2160.0,-0.0,659.9107255810195,-0.0,72.2069209374154,-0.0,243.94176551697922
2021-10-08 16:00:00,761.3135273276939,3339.206,2160.0,-0.0,1681.186472672306,-0.0,0.0,-0.0,243.9173713404275
2021-10-08 17:00:00,119.57416004754987,3333.2000000000007,2160.0,-0.0,2561.214839952449,-0.0,0.0,-0.0,243.89297960329347
2021-10-08 18:00:00,-0.0,3290.755,2160.0,-0.0,2922.0099999999993,-0.0,0.0,-0.0,243.86859030533313
2021-10-08 19:00:00,-0.0,3217.1035,2160.0,-0.0,3075.4204999999993,-0.0,0.0,-0.0,243.8442034463026
2021-10-08 20:00:00,-0.0,3120.8775,2160.0,-0.0,3094.5165,-0.0,0.0,-0.0,243.81981902595797
2021-10-08 21:00:00,-0.0,3012.958,2160.0,-0.0,3005.199,-0.0,0.0,-0.0,243.79543704405538
2021-10-08 22:00:00,-0.0,2905.0515000000005,2160.0,-0.0,2879.2644999999993,-0.0,0.0,-0.0,243.77105750035096
2021-10-08 23:00:00,-0.0,2808.1495,2160.0,-0.0,2780.2975,-0.0,0.0,-0.0,243.74668039460093
2021-10-09 00:00:00,-0.0,2739.893,2160.0,-0.0,1807.9219999999996,-0.0,0.0,-0.0,243.72230572656147
2021-10-09 01:00:00,-0.0,2688.3545,2160.0,-0.0,1711.7035,-0.0,0.0,-0.0,243.69793349598882
2021-10-09 02:00:00,-0.0,2663.9535000000005,2160.0,-0.0,1635.312499999999,-0.0,0.0,-0.0,243.67356370263923
2021-10-09 03:00:00,-0.0,2664.2264999999998,2160.0,-0.0,1632.0375000000004,-0.0,0.0,-0.0,243.64919634626898
2021-10-09 04:00:00,-0.0,2683.0245000000004,2160.0,-0.0,1730.4654999999993,-0.0,0.0,-0.0,243.62483142663436
2021-10-09 05:00:00,-0.0,2711.4230000000002,2160.0,-0.0,1916.9869999999996,-0.0,0.0,-0.0,243.6004689434917
2021-10-09 06:00:00,-0.0,2738.9829999999997,2160.0,-0.0,2142.176,-0.0,0.0,-0.0,243.57610889659736
2021-10-09 07:00:00,100.94487469970422,2755.2915,2160.0,-0.0,2245.6086253002964,-0.0,0.0,-0.0,243.5517512857077
2021-10-09 08:00:00,709.1625552243694,2751.385,2160.0,-0.0,1779.7754447756306,-0.0,0.0,-0.0,243.52739611057913
2021-10-09 09:00:00,1470.3351836493996,2721.1014999999998,2160.0,-0.0,1091.011316350601,-0.0,0.0,-0.0,243.50304337096807
2021-10-09 10:00:00,2173.420707941489,2661.9515,2160.0,-0.0,412.26479205851047,-0.0,0.0,-0.0,243.47869306663097
2021-10-09 11:00:00,2662.9770082662963,2575.5469999999996,2160.0,-0.0,-0.0,-0.0,0.0,64.81700826629549,305.030503050305
2021-10-09 12:00:00,2837.930563099944,2467.4390000000003,2055.0174369000556,-0.0,-0.0,-0.0,0.0,100.0,400.0
2021-10-09 13:00:00,2662.977008266296,2346.4415000000004,2160.0,-0.0,51.45249173370394,-0.0,0.0,-0.0,399.96
2021-10-09 14:00:00,2173.420707941489,2223.5005,2160.0,-0.0,685.1047920585106,-0.0,0.0,-0.0,399.920004
2021-10-09 15:00:00,1470.3351836493996,2110.2575,2160.0,-0.0,1603.2923163506005,-0.0,0.0,-0.0,399.8800119996
2021-10-09 16:00:00,709.1625552243694,2017.522,2160.0,-0.0,2641.000444775631,-0.0,0.0,-0.0,399.84002399840006
2021-10-09 17:00:00,100.94487469970422,1953.8545000000001,2160.0,-0.0,3500.0,-0.0,41.55662530029541,-0.0,356.0562238904261
2021-10-09 18:00:00,-0.0,1924.429,2160.0,267.08699999999953,3500.0,-0.0,100.0,-0.0,250.75746037330026
2021-10-09 19:00:00,-0.0,1930.3635,2160.0,337.2954999999997,3500.0,-0.0,100.0,-0.0,145.46922673252612
2021-10-09 20:00:00,-0.0,1968.5510000000002,2160.0,218.36499999999978,3500.0,-0.0,100.0,-0.0,40.19152191511604
2021-10-09 21:00:00,-0.0,2032.1145000000001,2160.0,15.781372375221054,3500.0,-0.0,38.178127624778305,-0.0,-0.0
2021-10-09 22:00:00,-0.0,2111.304,2160.0,-0.0,3237.3320000000003,-0.0,0.0,-0.0,-0.0
2021-10-09 23:00:00,-0.0,2194.79,2160.0,-0.0,2954.3909999999996,-0.0,0.0,-0.0,-0.0
2021-10-10 00:00:00,-0.0,2279.9790000000003,2160.0,-0.0,2261.179,-0.0,0.0,-0.0,-0.0
2021-10-10 01:00:00,-0.0,2339.337,2160.0,-0.0,2050.512,-0.0,0.0,-0.0,-0.0
2021-10-10 02:00:00,-0.0,2374.4435,2160.0,-0.0,1911.0845000000004,-0.0,0.0,-0.0,-0.0
2021-10-10 03:00:00,-0.0,2381.7430000000004,2160.0,-0.0,1897.2759999999998,-0.0,0.0,-0.0,-0.0
2021-10-10 04:00:00,-0.0,2361.7685,2160.0,-0.0,2030.9974999999995,-0.0,0.0,-0.0,-0.0
2021-10-10 05:00:00,-0.0,2319.0115,2160.0,-0.0,2285.2265,-0.0,0.0,-0.0,-0.0
2021-10-10 06:00:00,-0.0,2261.2395,2160.0,-0.0,2592.3315,-0.0,0.0,-0.0,-0.0
2021-10-10 07:00:00,77.46376626882873,2198.3845,2160.0,-0.0,2795.029733731171,-0.0,0.0,-0.0,-0.0
2021-10-10 08:00:00,607.5928245215478,2141.1259999999997,2160.0,-0.0,2457.297175478452,-0.0,0.0,-0.0,-0.0
2021-10-10 09:00:00,1279.723472502337,2099.3700000000003,2160.0,-0.0,1865.747527497663,-0.0,0.0,-0.0,-0.0
2021-10-10 10:00:00,1903.1521084754404,2080.8450000000003,2160.0,-0.0,1222.7788915245592,-0.0,0.0,-0.0,-0.0
2021-10-10 11:00:00,2338.1315251554074,2089.9775,2160.0,-0.0,701.5289748445925,-0.0,0.0,-0.0,-0.0
2021-10-10 12:00:00,2493.7145438924135,2127.2225,2160.0,-0.0,432.2239561075867,-0.0,0.0,-0.0,-0.0
2021-10-10 13:00:00,2338.1315251554074,2188.94,2160.0,-0.0,483.4694748445927,-0.0,0.0,-0.0,-0.0
2021-10-10 14:00:00,1903.1521084754404,2267.7915000000003,2160.0,-0.0,857.7013915245598,-0.0,0.0,-0.0,-0.0
2021-10-10 15:00:00,1279.723472502337,2353.702,2160.0,-0.0,1494.0875274976627,-0.0,0.0,-0.0,-0.0
2021-10-10 16:00:00,607.5928245215478,2435.1470000000004,2160.0,-0.0,2265.641175478452,-0.0,0.0,-0.0,-0.0
2021-10-10 17:00:00,77.46376626882873,2500.654,2160.0,-0.0,2956.0652337311712,-0.0,0.0,-0.0,-0.0
2021-10-10 18:00:00,-0.0,2540.304,2160.0,-0.0,3186.236,-0.0,0.0,-0.0,-0.0
2021-10-10 19:00:00,-0.0,2547.0445000000004,2160.0,-0.0,3252.9035,-0.0,0.0,-0.0,-0.0
2021-10-10 20:00:00,-0.0,2517.6190000000006,2160.0,-0.0,3198.919999999999,-0.0,0.0,-0.0,-0.0
2021-10-10 21:00:00,-0.0,2452.957,2160.0,-0.0,3060.145,-0.0,0.0,-0.0,-0.0
2021-10-10 22:00:00,-0.0,2358.0635,2160.0,-0.0,2915.0815000000002,-0.0,0.0,-0.0,-0.0
2021-10-10 23:00:00,-0.0,2241.3365,2160.0,-0.0,2829.9114999999997,-0.0,0.0,-0.0,-0.0
2021-10-11 00:00:00,-0.0,2122.237,2160.0,-0.0,2774.7969999999996,-0.0,0.0,-0.0,-0.0
2021-10-11 01:00:00,-0.0,1994.6225000000002,2160.0,-0.0,2748.8184999999994,-0.0,0.0,-0.0,-0.0
2021-10-11 02:00:00,-0.0,1878.1164999999999,2160.0,-0.0,2758.8025,-0.0,0.0,-0.0,-0.0
2021-10-11 03:00:00,-0.0,1781.3965,2160.0,-0.0,2846.8965,-0.0,0.0,-0.0,-0.0
2021-10-11 04:00:00,-0.0,1709.903,2160.0,-0.0,3030.107,-0.0,0.0,-0.0,-0.0
2021-10-11 05:00:00,-0.0,1665.1505,2160.0,-0.0,3284.3885,-0.0,0.0,-0.0,-0.0
2021-10-11 06:00:00,-0.0,1644.565,2160.0,52.452999999999975,3500.0,-0.0,0.0,-0.0,-0.0
2021-10-11 07:00:00,60.55589794917928,1641.9195000000002,2160.0,210.0876020508208,3500.0,-0.0,0.0,-0.0,-0.0
2021-10-11 08:00:00,538.0132707626425,1648.2375,2160.0,-0.0,3359.780229237357,-0.0,0.0,-0.0,-0.0
2021-10-11 09:00:00,1151.7260084911939,1653.0605,2160.0,-0.0,2778.4944915088063,-0.0,0.0,-0.0,-0.0
2021-10-11 10:00:00,1723.401864911979,1645.9754999999998,2160.0,-0.0,2174.3586350880214,-0.0,0.0,-0.0,-0.0
2021-10-11 11:00:00,2123.0891694943007,1618.0775,2160.0,-0.0,1724.047330505699,-0.0,0.0,-0.0,-0.0
2021-10-11 12:00:00,2266.1750681689573,1563.276,2160.0,-0.0,1557.9999318310429,-0.0,0.0,-0.0,-0.0
2021-10-11 13:00:00,2123.0891694943007,1479.1855,2160.0,-0.0,1741.3683305056993,-0.0,0.0,-0.0,-0.0
2021-10-11 14:00:00,1723.401864911979,1367.5675,2160.0,-0.0,2269.691635088021,-0.0,0.0,-0.0,-0.0
2021-10-11 15:00:00,1151.7260084911939,1234.1355,2160.0,-0.0,3072.680491508806,-0.0,0.0,-0.0,-0.0
2021-10-11 16:00:00,538.0132707626425,1087.892,2160.0,512.6197292373572,3500.0,-0.0,0.0,-0.0,-0.0
2021-10-11 17:00:00,60.55589794917928,940.017,2160.0,1362.9721020508214,3500.0,-0.0,0.0,-0.0,-0.0
2021-10-11 18:00:00,-0.0,802.3860000000001,2160.0,1752.8349999999991,3500.0,-0.0,0.0,-0.0,-0.0
2021-10-11 19:00:00,-0.0,686.075,2160.0,1941.978,3500.0,-0.0,0.0,-0.0,-0.0
2021-10-11 20:00:00,-0.0,599.9305,2160.0,1944.2425000000003,3500.0,-0.0,0.0,-0.0,-0.0
2021-10-11 21:00:00,-0.0,549.4060000000001,2160.0,1790.9620000000004,3500.0,-0.0,0.0,-0.0,-0.0
2021-10-11 22:00:00,-0.0,535.9185,2160.0,1564.2295000000004,3500.0,-0.0,0.0,-0.0,-0.0
2021-10-11 23:00:00,-0.0,556.6795,2160.0,1341.4134999999997,3500.0,-0.0,0.0,-0.0,-0.0
2021-10-12 00:00:00,-0.0,613.938,2160.0,673.7619999999997,3500.0,-0.0,0.0,-0.0,-0.0
2021-10-12 01:00:00,-0.0,680.5760000000001,2160.0,453.58399999999983,3500.0,-0.0,0.0,-0.0,-0.0
2021-10-12 02:00:00,-0.0,754.403,2160.0,273.3919999999998,3500.0,-0.0,0.0,-0.0,-0.0
2021-10-12 03:00:00,-0.0,824.3105,2160.0,195.12149999999974,3500.0,-0.0,0.0,-0.0,-0.0
2021-10-12 04:00:00,-0.0,880.6134999999999,2160.0,250.9024999999997,3500.0,-0.0,0.0,-0.0,-0.0
2021-10-12 05:00:00,-0.0,916.3439999999999,2160.0,425.1729999999998,3500.0,-0.0,0.0,-0.0,-0.0
2021-10-12 06:00:00,-0.0,928.187,2160.0,661.3860000000004,3500.0,-0.0,0.0,-0.0,-0.0
2021-10-12 07:00:00,57.309097148666886,916.864,2160.0,831.6239028513319,3500.0,-0.0,0.0,-0.0,-0.0
2021-10-12 08:00:00,587.0522149288721,887.0420000000001,2160.0,465.9537850711272,3500.0,-0.0,0.0,-0.0,-0.0
2021-10-12 09:00:00,1277.9775513171558,846.6315000000001,2160.0,-0.0,3353.573948682844,-0.0,0.0,-0.0,-0.0
2021-10-12 10:00:00,1924.3788344636962,805.6555,2160.0,-0.0,2709.589665536304,-0.0,0.0,-0.0,-0.0
2021-10-12 11:00:00,2377.252411781959,774.8715000000001,2160.0,-0.0,2210.0660882180405,-0.0,0.0,-0.0,-0.0
2021-10-12 12:00:00,2539.5250653758703,764.2114999999999,2160.0,-0.0,1981.8774346241298,-0.0,0.0,-0.0,-0.0
2021-10-12 13:00:00,2377.252411781959,781.4105000000001,2160.0,-0.0,2084.4290882180408,-0.0,0.0,-0.0,-0.0
2021-10-12 14:00:00,1924.3788344636962,830.8365,2160.0,-0.0,2506.277665536304,-0.0,0.0,-0.0,-0.0
2021-10-12 15:00:00,1277.9775513171558,912.8730000000002,2160.0,-0.0,3170.0044486828433,-0.0,0.0,-0.0,-0.0
2021-10-12 16:00:00,587.0522149288721,1023.7435,2160.0,431.61728507112775,3500.0,-0.0,0.0,-0.0,-0.0
2021-10-12 17:00:00,57.309097148666886,1155.9665,2160.0,1055.8274028513333,3500.0,-0.0,0.0,-0.0,-0.0
2021-10-12 18:00:00,-0.0,1299.2525000000003,2160.0,1163.2894999999999,3500.0,-0.0,0.0,-0.0,-0.0
2021-10-12 19:00:00,-0.0,1441.8495,2160.0,1095.3775000000005,3500.0,-0.0,0.0,-0.0,-0.0
2021-10-12 20:00:00,-0.0,1572.0185000000001,2160.0,883.2704999999996,3500.0,-0.0,0.0,-0.0,-0.0
2021-10-12 21:00:00,-0.0,1679.5545,2160.0,573.9614999999994,3500.0,-0.0,0.0,-0.0,-0.0
2021-10-12 22:00:00,-0.0,1757.0865,2160.0,258.3255000000004,3500.0,-0.0,0.0,-0.0,-0.0
2021-10-12 23:00:00,-0.0,1800.994,2160.0,14.56500000000051,3500.0,-0.0,0.0,-0.0,-0.0
2021-10-13 00:00:00,-0.0,1820.7215,2160.0,-0.0,2886.7445000000002,-0.0,0.0,-0.0,-0.0
2021-10-13 01:00:00,-0.0,1803.165,2160.0,-0.0,2753.125,-0.0,0.0,-0.0,-0.0
2021-10-13 02:00:00,-0.0,1765.1789999999999,2160.0,-0.0,2687.1890000000003,-0.0,0.0,-0.0,-0.0
2021-10-13 03:00:00,-0.0,1717.0204999999999,2160.0,-0.0,2729.5045,-0.0,0.0,-0.0,-0.0
2021-10-13 04:00:00,-0.0,1669.7655,2160.0,-0.0,2891.4365000000003,-0.0,0.0,-0.0,-0.0
2021-10-13 05:00:00,-0.0,1633.814,2160.0,-0.0,3140.0549999999994,-0.0,0.0,-0.0,-0.0
2021-10-13 06:00:00,-0.0,1617.4405,2160.0,-0.0,3407.2205000000004,-0.0,0.0,-0.0,-0.0
2021-10-13 07:00:00,58.53430499791684,1625.6955000000003,2160.0,59.4581950020829,3500.0,-0.0,0.0,-0.0,-0.0
2021-10-13 08:00:00,707.410507999942,1659.7034999999998,2160.0,-0.0,3013.6939920000586,-0.0,0.0,-0.0,-0.0
2021-10-13 09:00:00,1566.9060663272815,1716.5395000000003,2160.0,-0.0,2138.428433672718,-0.0,0.0,-0.0,-0.0
2021-10-13 10:00:00,2374.6120888668256,1789.6254999999999,2160.0,-0.0,1222.069411133174,-0.0,0.0,-0.0,-0.0
2021-10-13 11:00:00,2941.6872898136767,1869.6535000000001,2160.0,-0.0,500.58121018632255,-0.0,0.0,-0.0,-0.0
2021-10-13 12:00:00,3145.065666749924,1945.8855,2160.0,-0.0,147.49983325007588,-0.0,0.0,-0.0,-0.0
2021-10-13 13:00:00,2941.6872898136767,2007.6355,2160.0,-0.0,249.76421018632345,-0.0,0.0,-0.0,-0.0
2021-10-13 14:00:00,2374.6120888668256,2045.7710000000002,2160.0,-0.0,800.3119111331739,-0.0,0.0,-0.0,-0.0
2021-10-13 15:00:00,1566.9060663272815,2053.9934999999996,2160.0,-0.0,1702.4114336727187,-0.0,0.0,-0.0,-0.0
2021-10-13 16:00:00,707.410507999942,2029.7615000000003,2160.0,-0.0,2770.9969920000576,-0.0,0.0,-0.0,-0.0
2021-10-13 17:00:00,58.53430499791684,1974.6934999999999,2160.0,204.97119500208282,3500.0,-0.0,0.0,-0.0,-0.0
2021-10-13 18:00:00,-0.0,1894.425,2160.0,540.5929999999998,3500.0,-0.0,0.0,-0.0,-0.0
2021-10-13 19:00:00,-0.0,1797.9065,2160.0,715.2115000000003,3500.0,-0.0,0.0,-0.0,-0.0
2021-10-13 20:00:00,-0.0,1696.279,2160.0,738.3500000000004,3500.0,-0.0,0.0,-0.0,-0.0
2021-10-13 21:00:00,-0.0,1601.457,2160.0,634.8769999999995,3500.0,-0.0,0.0,-0.0,-0.0
2021-10-13 22:00:00,-0.0,1524.5620000000001,2160.0,477.1750000000002,3500.0,-0.0,0.0,-0.0,-0.0
2021-10-13 23:00:00,-0.0,1474.5185,2160.0,330.8944999999994,3500.0,-0.0,0.0,-0.0,-0.0
2021-10-14 00:00:00,-0.0,1465.7955,2160.0,-0.0,3235.0885,-0.0,0.0,-0.0,-0.0
2021-10-14 01:00:00,-0.0,1482.1755,2160.0,-0.0,3071.1025,-0.0,0.0,-0.0,-0.0
2021-10-14 02:00:00,-0.0,1529.931,2160.0,-0.0,2923.0099999999998,-0.0,0.0,-0.0,-0.0
2021-10-14 03:00:00,-0.0,1602.6660000000002,2160.0,-0.0,2848.0289999999995,-0.0,0.0,-0.0,-0.0
2021-10-14 04:00:00,-0.0,1691.1440000000002,2160.0,-0.0,2877.835,-0.0,0.0,-0.0,-0.0
2021-10-14 05:00:00,-0.0,1784.5685,2160.0,-0.0,3000.6894999999995,-0.0,0.0,-0.0,-0.0
2021-10-14 06:00:00,-0.0,1872.0715000000002,2160.0,-0.0,3167.5935,-0.0,0.0,-0.0,-0.0
2021-10-14 07:00:00,52.60429900754703,1944.2215,2160.0,-0.0,3265.482200992453,-0.0,0.0,-0.0,-0.0
2021-10-14 08:00:00,772.8488592283823,1994.2975000000001,2160.0,-0.0,2635.8936407716174,-0.0,0.0,-0.0,-0.0
2021-10-14 09:00:00,1742.7907791263594,2019.2315000000003,2160.0,-0.0,1685.69072087364,-0.0,0.0,-0.0,-0.0
2021-10-14 10:00:00,2658.425361106332,2019.9985000000001,2160.0,-0.0,737.3191388936684,-0.0,0.0,-0.0,-0.0
2021-10-14 11:00:00,3302.6641523989465,2001.5059999999999,2160.0,-0.0,40.772847601053854,-0.0,0.0,-0.0,-0.0
2021-10-14 12:00:00,3533.928259984122,1971.8790000000004,2029.2347400158783,-0.0,-0.0,-0.0,0.0,100.0,95.0
2021-10-14 13:00:00,3302.664152398947,1941.368,2160.0,-0.0,-0.0,-0.0,0.0,4.803152398946622,99.5534947789993
2021-10-14 14:00:00,2658.425361106332,1920.919,2160.0,-0.0,685.0236388936687,-0.0,0.0,-0.0,99.54353942952139
2021-10-14 15:00:00,1742.7907791263594,1920.6525,2160.0,-0.0,1707.04572087364,-0.0,0.0,-0.0,99.53358507557844
2021-10-14 16:00:00,772.8488592283823,1948.4205000000002,2160.0,-0.0,2837.556640771618,-0.0,0.0,-0.0,99.52363171707088
2021-10-14 17:00:00,52.60429900754703,2008.7404999999999,2160.0,136.4212056062488,3500.0,-0.0,94.53799538620423,-0.0,-0.0
2021-10-14 18:00:00,-0.0,2102.074,2160.0,390.4639999999995,3500.0,-0.0,0.0,-0.0,-0.0
2021-10-14 19:00:00,-0.0,2224.7095,2160.0,349.3095000000003,3500.0,-0.0,0.0,-0.0,-0.0
2021-10-14 20:00:00,-0.0,2369.198,2160.0,129.67200000000003,3500.0,-0.0,0.0,-0.0,-0.0
2021-10-14 21:00:00,-0.0,2525.25,2160.0,-0.0,3278.624,-0.0,0.0,-0.0,-0.0
2021-10-14 22:00:00,-0.0,2681.081,2160.0,-0.0,2891.45,-0.0,0.0,-0.0,-0.0
2021-10-14 23:00:00,-0.0,2824.8869999999997,2160.0,-0.0,2554.5280000000002,-0.0,0.0,-0.0,-0.0
2021-10-15 00:00:00,-0.0,2955.2574999999997,2160.0,-0.0,1822.7935000000007,-0.0,0.0,-0.0,-0.0
2021-10-15 01:00:00,-0.0,3046.9010000000003,2160.0,-0.0,1586.649,-0.0,0.0,-0.0,-0.0
2021-10-15 02:00:00,-0.0,3104.946,2160.0,-0.0,1431.3159999999998,-0.0,0.0,-0.0,-0.0
2021-10-15 03:00:00,-0.0,3129.7825000000003,2160.0,-0.0,1407.2254999999996,-0.0,0.0,-0.0,-0.0
2021-10-15 04:00:00,-0.0,3125.8305000000005,2160.0,-0.0,1532.3934999999997,-0.0,0.0,-0.0,-0.0
2021-10-15 05:00:00,-0.0,3100.851,2160.0,-0.0,1776.52,-0.0,0.0,-0.0,-0.0
2021-10-15 06:00:00,-0.0,3064.8475000000003,2160.0,-0.0,2069.7345,-0.0,0.0,-0.0,-0.0
2021-10-15 07:00:00,39.83150717911621,3028.6425,2160.0,-0.0,2291.486992820884,-0.0,0.0,-0.0,-0.0
2021-10-15 08:00:00,741.5325466015533,3002.35,2160.0,-0.0,1759.4764533984471,-0.0,0.0,-0.0,-0.0
2021-10-15 09:00:00,1703.418724890712,2993.9715,2160.0,-0.0,853.234775109288,-0.0,0.0,-0.0,-0.0
2021-10-15 10:00:00,2615.677859246001,3008.265,2078.3532154957634,-0.0,-0.0,-0.0,0.0,21.121074741764055,20.065021004675852
2021-10-15 11:00:00,3258.924232180723,3046.0755,1407.8182678192775,-0.0,-0.0,-0.0,0.0,100.0,115.06301450257538
2021-10-15 12:00:00,3490.0535669024816,3104.1855,1051.0419330975178,-0.0,-0.0,-0.0,0.0,100.0,210.05150820112513
2021-10-15 13:00:00,3258.924232180723,3175.744,1177.083767819277,-0.0,-0.0,-0.0,0.0,100.0,305.030503050305
2021-10-15 14:00:00,2615.677859246001,3251.1895,1772.223640753999,-0.0,-0.0,-0.0,0.0,100.0,400.0
2021-10-15 15:00:00,1703.418724890712,3319.5240000000003,2160.0,-0.0,364.38727510928766,-0.0,100.0,-0.0,294.69684210526316
2021-10-15 16:00:00,741.5325466015533,3369.8405000000002,2160.0,-0.0,1466.3239533984465,-0.0,100.0,-0.0,189.4042145263158
2021-10-15 17:00:00,39.83150717911621,3392.7985000000003,2160.0,-0.0,2410.067840317198,-0.0,70.42015250368594,-0.0,115.25879778519375
2021-10-15 18:00:00,-0.0,3381.9305,2160.0,-0.0,2733.2755,-0.0,0.0,-0.0,115.24727190541523
2021-10-15 19:00:00,-0.0,3334.5389999999998,2160.0,-0.0,2863.9090000000006,-0.0,0.0,-0.0,115.2357471782247
2021-10-15 20:00:00,-0.0,3252.1190000000006,2160.0,-0.0,2872.8499999999985,-0.0,0.0,-0.0,115.22422360350687
2021-10-15 21:00:00,-0.0,3140.2345000000005,2160.0,-0.0,2791.3144999999995,-0.0,0.0,-0.0,115.21270118114653
2021-10-15 22:00:00,-0.0,3007.7775,2160.0,-0.0,2693.9084999999995,-0.0,0.0,-0.0,115.20117991102842
2021-10-15 23:00:00,-0.0,2865.8955,2160.0,-0.0,2644.0584999999996,-0.0,0.0,-0.0,115.18965979303732
2021-10-16 00:00:00,-0.0,2735.4275000000002,2160.0,-0.0,1738.3034999999995,-0.0,0.0,-0.0,115.17814082705802
2021-10-16 01:00:00,-0.0,2609.737,2160.0,-0.0,1720.6800000000003,-0.0,0.0,-0.0,115.16662301297531
2021-10-16 02:00:00,-0.0,2506.7705,2160.0,-0.0,1727.4464999999996,-0.0,0.0,-0.0,115.15510635067402
2021-10-16 03:00:00,-0.0,2432.2545,2160.0,-0.0,1803.6944999999996,-0.0,0.0,-0.0,115.14359084003895
2021-10-16 04:00:00,-0.0,2387.918,2160.0,-0.0,1970.132,-0.0,0.0,-0.0,115.13207648095495
2021-10-16 05:00:00,-0.0,2371.356,2160.0,-0.0,2206.6239999999993,-0.0,0.0,-0.0,115.12056327330686
2021-10-16 06:00:00,-0.0,2376.439,2160.0,-0.0,2459.431,-0.0,0.0,-0.0,115.10905121697952
2021-10-16 07:00:00,27.395647509229107,2394.197,2160.0,-0.0,2640.2323524907706,-0.0,0.0,-0.0,115.09754031185783
2021-10-16 08:00:00,686.7657557400801,2414.1455,2160.0,-0.0,2104.7837442599193,-0.0,0.0,-0.0,115.08603055782665
2021-10-16 09:00:00,1608.1036802583114,2425.7545,2160.0,-0.0,1219.4708197416883,-0.0,0.0,-0.0,115.07452195477086
2021-10-16 10:00:00,2486.0386167168626,2419.9435,2160.0,-0.0,318.15888328313713,-0.0,0.0,-0.0,115.06301450257538
2021-10-16 11:00:00,3106.4593674200573,2390.3685,1919.114132579943,-0.0,-0.0,-0.0,0.0,100.0,210.05150820112513
2021-10-16 12:00:00,3329.5880948862145,2334.3514999999998,1684.5184051137853,-0.0,-0.0,-0.0,0.0,100.0,305.030503050305
2021-10-16 13:00:00,3106.4593674200573,2253.277,1955.1396325799428,-0.0,-0.0,-0.0,0.0,100.0,400.0
2021-10-16 14:00:00,2486.0386167168626,2152.4425,2160.0,-0.0,443.57688328313725,-0.0,0.0,-0.0,399.96
2021-10-16 15:00:00,1608.1036802583114,2040.4085,2160.0,-0.0,1541.5218197416882,-0.0,0.0,-0.0,399.920004
2021-10-16 16:00:00,686.7657557400801,1927.8220000000001,2160.0,-0.0,2765.4462442599197,-0.0,0.0,-0.0,399.8800119996
2021-10-16 17:00:00,27.395647509229107,1826.0320000000002,2160.0,161.55535249077093,3500.0,-0.0,100.0,-0.0,294.57686610366324
2021-10-16 18:00:00,-0.0,1745.5425,2160.0,470.95149999999967,3500.0,-0.0,100.0,-0.0,189.28425052231603
2021-10-16 19:00:00,-0.0,1694.6085000000003,2160.0,604.4484999999995,3500.0,-0.0,100.0,-0.0,84.00216420252697
2021-10-16 20:00:00,-0.0,1678.092,2160.0,566.9089242131981,3500.0,-0.0,79.79407578680139,-0.0,-0.0
2021-10-16 21:00:00,-0.0,1696.799,2160.0,433.6909999999998,3500.0,-0.0,0.0,-0.0,-0.0
2021-10-16 22:00:00,-0.0,1747.3365,2160.0,152.30449999999973,3500.0,-0.0,0.0,-0.0,-0.0
2021-10-16 23:00:00,-0.0,1822.5285,2160.0,-0.0,3384.2925,-0.0,0.0,-0.0,-0.0
2021-10-17 00:00:00,-0.0,1921.2894999999999,2160.0,-0.0,2684.2685,-0.0,0.0,-0.0,-0.0
2021-10-17 01:00:00,-0.0,2014.1875,2160.0,-0.0,2446.7704999999996,-0.0,0.0,-0.0,-0.0
2021-10-17 02:00:00,-0.0,2098.5445,2160.0,-0.0,2264.8295,-0.0,0.0,-0.0,-0.0
2021-10-17 03:00:00,-0.0,2164.2010000000005,2160.0,-0.0,2199.4249999999997,-0.0,0.0,-0.0,-0.0
2021-10-17 04:00:00,-0.0,2203.7795,2160.0,-0.0,2280.3714999999997,-0.0,0.0,-0.0,-0.0
2021-10-17 05:00:00,-0.0,2213.588,2160.0,-0.0,2488.824,-0.0,0.0,-0.0,-0.0
2021-10-17 06:00:00,-0.0,2194.0555,2160.0,-0.0,2764.4845,-0.0,0.0,-0.0,-0.0
2021-10-17 07:00:00,17.900286677541917,2149.6020000000003,2160.0,-0.0,3015.1387133224575,-0.0,0.0,-0.0,-0.0
2021-10-17 08:00:00,665.845331714137,2087.9625,2160.0,-0.0,2570.7611682858633,-0.0,0.0,-0.0,-0.0
2021-10-17 09:00:00,1590.270780012478,2019.0690000000002,2160.0,-0.0,1760.832219987521,-0.0,0.0,-0.0,-0.0
2021-10-17 10:00:00,2475.428316742358,1953.6465000000003,2160.0,-0.0,909.7921832576417,-0.0,0.0,-0.0,-0.0
2021-10-17 11:00:00,3102.3365430073313,1901.666,2160.0,-0.0,264.46445699266815,-0.0,0.0,-0.0,-0.0
2021-10-17 12:00:00,3328.019828839175,1870.9795000000001,2160.0,-0.0,-0.0,-0.0,0.0,0.3003288391755632,0.28531239721678503
2021-10-17 13:00:00,3102.3365430073313,1866.1500000000003,2160.0,-0.0,194.26645699266783,-0.0,0.0,-0.0,0.28528386597706334
2021-10-17 14:00:00,2475.428316742358,1887.8210000000004,2160.0,-0.0,824.2426832576416,-0.0,0.0,-0.0,0.2852553375904656
2021-10-17 15:00:00,1590.270780012478,1932.5345,2160.0,-0.0,1770.1437199875218,-0.0,0.0,-0.0,0.2852268120567066
2021-10-17 16:00:00,665.845331714137,1993.212,2160.0,-0.0,2821.2976682858625,-0.0,0.0,-0.0,0.2851982893755009
2021-10-17 17:00:00,17.900286677541917,2060.019,2160.0,134.44780204138897,3500.0,-0.0,0.27091128106923523,-0.0,-0.0
2021-10-17 18:00:00,-0.0,2121.7105,2160.0,289.7024999999994,3500.0,-0.0,0.0,-0.0,-0.0
2021-10-17 19:00:00,-0.0,2167.1065,2160.0,324.0664999999999,3500.0,-0.0,0.0,-0.0,-0.0
2021-10-17 20:00:00,-0.0,2186.5935,2160.0,227.44850000000042,3500.0,-0.0,0.0,-0.0,-0.0
2021-10-17 21:00:00,-0.0,2173.4505,2160.0,43.355499999999665,3500.0,-0.0,0.0,-0.0,-0.0
2021-10-17 22:00:00,-0.0,2124.733,2160.0,-0.0,3358.232,-0.0,0.0,-0.0,-0.0
2021-10-17 23:00:00,-0.0,2041.6825000000003,2160.0,-0.0,3245.4125,-0.0,0.0,-0.0,-0.0
2021-10-18 00:00:00,-0.0,1938.5795,2160.0,-0.0,3180.2905,-0.0,0.0,-0.0,-0.0
2021-10-18 01:00:00,-0.0,1806.2395000000001,2160.0,-0.0,3164.8735,-0.0,0.0,-0.0,-0.0
2021-10-18 02:00:00,-0.0,1664.5459999999998,2160.0,-0.0,3205.775,-0.0,0.0,-0.0,-0.0
2021-10-18 03:00:00,-0.0,1525.2835,2160.0,-0.0,3342.0355000000004,-0.0,0.0,-0.0,-0.0
2021-10-18 04:00:00,-0.0,1399.502,2160.0,85.04300000000012,3500.0,-0.0,0.0,-0.0,-0.0
2021-10-18 05:00:00,-0.0,1296.126,2160.0,403.33899999999994,3500.0,-0.0,0.0,-0.0,-0.0
2021-10-18 06:00:00,-0.0,1220.8105,2160.0,731.4025000000001,3500.0,-0.0,0.0,-0.0,-0.0
2021-10-18 07:00:00,9.630133695104686,1175.2455,2160.0,988.024366304895,3500.0,-0.0,0.0,-0.0,-0.0
2021-10-18 08:00:00,636.9610566680693,1157.013,2160.0,517.4039433319303,3500.0,-0.0,0.0,-0.0,-0.0
2021-10-18 09:00:00,1552.7487896291982,1160.0030000000002,2160.0,-0.0,3140.751210370802,-0.0,0.0,-0.0,-0.0
2021-10-18 10:00:00,2433.9672831237394,1175.2975000000001,2160.0,-0.0,2209.427216876261,-0.0,0.0,-0.0,-0.0
2021-10-18 11:00:00,3059.4971505583067,1192.503,2160.0,-0.0,1492.7618494416934,-0.0,0.0,-0.0,-0.0
2021-10-18 12:00:00,3284.9047646240683,1201.2,2160.0,-0.0,1185.3372353759319,-0.0,0.0,-0.0,-0.0
2021-10-18 13:00:00,3059.4971505583067,1192.451,2160.0,-0.0,1379.9778494416937,-0.0,0.0,-0.0,-0.0
2021-10-18 14:00:00,2433.9672831237394,1160.0874999999999,2160.0,-0.0,2059.026216876261,-0.0,0.0,-0.0,-0.0
2021-10-18 15:00:00,1552.7487896291982,1101.62,2160.0,-0.0,3100.5712103708015,-0.0,0.0,-0.0,-0.0
2021-10-18 16:00:00,636.9610566680693,1018.641,2160.0,783.1379433319307,3500.0,-0.0,0.0,-0.0,-0.0
2021-10-18 17:00:00,9.630133695104686,916.708,2160.0,1741.0718663048956,3500.0,-0.0,0.0,-0.0,-0.0
2021-10-18 18:00:00,-0.0,804.5960000000001,2160.0,2057.9739999999993,3500.0,-0.0,0.0,-0.0,-0.0
2021-10-18 19:00:00,-0.0,693.2315,2160.0,2245.4825,3500.0,-0.0,0.0,-0.0,-0.0
2021-10-18 20:00:00,-0.0,594.23,2160.0,2263.741,3500.0,-0.0,0.0,-0.0,-0.0
2021-10-18 21:00:00,-0.0,518.362,2160.0,2138.7660000000005,3500.0,-0.0,0.0,-0.0,-0.0
2021-10-18 22:00:00,-0.0,474.149,2160.0,1945.5409999999993,3500.0,-0.0,0.0,-0.0,-0.0
2021-10-18 23:00:00,-0.0,466.71950000000004,2160.0,1753.5164999999997,3500.0,-0.0,0.0,-0.0,-0.0
2021-10-19 00:00:00,-0.0,506.0835,2160.0,1106.1995000000006,3500.0,-0.0,0.0,-0.0,-0.0
2021-10-19 01:00:00,-0.0,571.207,2160.0,889.7669999999998,3500.0,-0.0,0.0,-0.0,-0.0
2021-10-19 02:00:00,-0.0,664.0854999999999,2160.0,692.5675000000001,3500.0,-0.0,0.0,-0.0,-0.0
2021-10-19 03:00:00,-0.0,774.904,2160.0,575.2400000000002,3500.0,-0.0,0.0,-0.0,-0.0
2021-10-19 04:00:00,-0.0,892.2875000000001,2160.0,571.6034999999993,3500.0,-0.0,0.0,-0.0,-0.0
2021-10-19 05:00:00,-0.0,1004.77,2160.0,670.5930000000008,3500.0,-0.0,0.0,-0.0,-0.0
2021-10-19 06:00:00,-0.0,1102.335,2160.0,822.3609999999999,3500.0,-0.0,0.0,-0.0,-0.0
2021-10-19 07:00:00,2.9159946812149053,1177.7025,2160.0,961.3845053187842,3500.0,-0.0,0.0,-0.0,-0.0
2021-10-19 08:00:00,543.2939165929098,1227.239,2160.0,506.60808340709036,3500.0,-0.0,0.0,-0.0,-0.0
2021-10-19 09:00:00,1352.7458603176347,1251.4060000000002,2160.0,-0.0,3211.8141396823657,-0.0,0.0,-0.0,-0.0
2021-10-19 10:00:00,2135.574037478158,1254.6105,2160.0,-0.0,2387.716462521842,-0.0,0.0,-0.0,-0.0
2021-10-19 11:00:00,2692.5351476294513,1244.5485,2160.0,-0.0,1763.6793523705487,-0.0,0.0,-0.0,-0.0
2021-10-19 12:00:00,2893.426352631721,1231.0610000000001,2160.0,-0.0,1499.7986473682795,-0.0,0.0,-0.0,-0.0
2021-10-19 13:00:00,2692.5351476294513,1224.756,2160.0,-0.0,1664.3748523705485,-0.0,0.0,-0.0,-0.0
2021-10-19 14:00:00,2135.574037478158,1235.4485,2160.0,-0.0,2228.747462521842,-0.0,0.0,-0.0,-0.0
2021-10-19 15:00:00,1352.7458603176347,1270.7890000000002,2160.0,-0.0,3075.1031396823655,-0.0,0.0,-0.0,-0.0
2021-10-19 16:00:00,543.2939165929098,1335.1195000000002,2160.0,501.09258340709084,3500.0,-0.0,0.0,-0.0,-0.0
2021-10-19 17:00:00,2.9159946812149053,1428.804,2160.0,1173.5880053187857,3500.0,-0.0,0.0,-0.0,-0.0
2021-10-19 18:00:00,-0.0,1548.1245,2160.0,1249.540500000001,3500.0,-0.0,0.0,-0.0,-0.0
2021-10-19 19:00:00,-0.0,1685.6515,2160.0,1185.4215000000004,3500.0,-0.0,0.0,-0.0,-0.0
2021-10-19 20:00:00,-0.0,1831.2255000000002,2160.0,956.4385000000002,3500.0,-0.0,0.0,-0.0,-0.0
2021-10-19 21:00:00,-0.0,1973.2244999999998,2160.0,611.0025000000005,3500.0,-0.0,0.0,-0.0,-0.0
2021-10-19 22:00:00,-0.0,2100.098,2160.0,244.17200000000048,3500.0,-0.0,0.0,-0.0,-0.0
2021-10-19 23:00:00,-0.0,2201.8360000000002,2160.0,-0.0,3440.5369999999994,-0.0,0.0,-0.0,-0.0
2021-10-20 00:00:00,-0.0,2280.252,2160.0,-0.0,2751.789,-0.0,0.0,-0.0,-0.0
2021-10-20 01:00:00,-0.0,2314.091,2160.0,-0.0,2564.3570000000004,-0.0,0.0,-0.0,-0.0
2021-10-20 02:00:00,-0.0,2313.155,2160.0,-0.0,2458.77,-0.0,0.0,-0.0,-0.0
2021-10-20 03:00:00,-0.0,2282.3450000000003,2160.0,-0.0,2480.955,-0.0,0.0,-0.0,-0.0
2021-10-20 04:00:00,-0.0,2229.981,2160.0,-0.0,2645.0359999999996,-0.0,0.0,-0.0,-0.0
2021-10-20 05:00:00,-0.0,2166.6125,2160.0,-0.0,2917.9325,-0.0,0.0,-0.0,-0.0
2021-10-20 06:00:00,-0.0,2103.634,2160.0,-0.0,3228.3909999999996,-0.0,0.0,-0.0,-0.0
2021-10-20 07:00:00,-0.0,2051.7575,2160.0,-0.0,3495.8124999999995,-0.0,0.0,-0.0,-0.0
2021-10-20 08:00:00,421.8145583397763,2019.5759999999998,2160.0,-0.0,3239.647441660223,-0.0,0.0,-0.0,-0.0
2021-10-20 09:00:00,1073.5332435520613,2012.4325000000001,2160.0,-0.0,2632.3222564479383,-0.0,0.0,-0.0,-0.0
2021-10-20 10:00:00,1707.0698442814771,2031.7504999999999,2160.0,-0.0,1939.921655718523,-0.0,0.0,-0.0,-0.0
2021-10-20 11:00:00,2158.8529866139074,2074.8585000000003,2160.0,-0.0,1366.5095133860918,-0.0,0.0,-0.0,-0.0
2021-10-20 12:00:00,2321.9649075845546,2135.432,2160.0,-0.0,1065.0610924154453,-0.0,0.0,-0.0,-0.0
2021-10-20 13:00:00,2158.8529866139074,2204.4035000000003,2160.0,-0.0,1115.3935133860919,-0.0,0.0,-0.0,-0.0
2021-10-20 14:00:00,1707.0698442814771,2271.217,2160.0,-0.0,1517.3801557185232,-0.0,0.0,-0.0,-0.0
2021-10-20 15:00:00,1073.5332435520613,2325.362,2160.0,-0.0,2194.6537564479386,-0.0,0.0,-0.0,-0.0
2021-10-20 16:00:00,421.8145583397763,2357.8425,2160.0,-0.0,2993.8749416602236,-0.0,0.0,-0.0,-0.0
2021-10-20 17:00:00,-0.0,2362.464,2160.0,136.08700000000044,3500.0,-0.0,0.0,-0.0,-0.0
2021-10-20 18:00:00,-0.0,2336.75,2160.0,353.47799999999916,3500.0,-0.0,0.0,-0.0,-0.0
2021-10-20 19:00:00,-0.0,2282.358,2160.0,480.7019999999993,3500.0,-0.0,0.0,-0.0,-0.0
2021-10-20 20:00:00,-0.0,2204.9105,2160.0,474.26850000000013,3500.0,-0.0,0.0,-0.0,-0.0
2021-10-20 21:00:00,-0.0,2113.319,2160.0,362.05600000000004,3500.0,-0.0,0.0,-0.0,-0.0
2021-10-20 22:00:00,-0.0,2018.6595,2160.0,216.4955,3500.0,-0.0,0.0,-0.0,-0.0
2021-10-20 23:00:00,-0.0,1932.7165000000002,2160.0,100.38349999999991,3500.0,-0.0,0.0,-0.0,-0.0
2021-10-21 00:00:00,-0.0,1875.4320000000002,2160.0,-0.0,3047.265,-0.0,0.0,-0.0,-0.0
2021-10-21 01:00:00,-0.0,1837.641,2160.0,-0.0,2931.516,-0.0,0.0,-0.0,-0.0
2021-10-21 02:00:00,-0.0,1833.6825000000001,2160.0,-0.0,2829.1095000000005,-0.0,0.0,-0.0,-0.0
2021-10-21 03:00:00,-0.0,1864.876,2160.0,-0.0,2789.553,-0.0,0.0,-0.0,-0.0
2021-10-21 04:00:00,-0.0,1928.3355000000001,2160.0,-0.0,2838.1775,-0.0,0.0,-0.0,-0.0
2021-10-21 05:00:00,-0.0,2017.418,2160.0,-0.0,2959.0960000000005,-0.0,0.0,-0.0,-0.0
2021-10-21 06:00:00,-0.0,2122.5750000000003,2160.0,-0.0,3101.9949999999994,-0.0,0.0,-0.0,-0.0
2021-10-21 07:00:00,-0.0,2232.7174999999997,2160.0,-0.0,3208.0765,-0.0,0.0,-0.0,-0.0
2021-10-21 08:00:00,365.4182410388006,2336.6590000000006,2160.0,-0.0,2872.967758961199,-0.0,0.0,-0.0,-0.0
2021-10-21 09:00:00,951.3371387071164,2424.6495,2160.0,-0.0,2237.1933612928838,-0.0,0.0,-0.0,-0.0
2021-10-21 10:00:00,1523.8951447793615,2489.6625,2160.0,-0.0,1561.0633552206386,-0.0,0.0,-0.0,-0.0
2021-10-21 11:00:00,1933.1513226643256,2528.3050000000003,2160.0,-0.0,1035.7296773356738,-0.0,0.0,-0.0,-0.0
2021-10-21 12:00:00,2081.058414225781,2541.2595,2160.0,-0.0,798.293085774219,-0.0,0.0,-0.0,-0.0
2021-10-21 13:00:00,1933.1513226643256,2533.1345,2160.0,-0.0,911.8031773356743,-0.0,0.0,-0.0,-0.0
2021-10-21 14:00:00,1523.8951447793615,2511.795,2160.0,-0.0,1360.7998552206382,-0.0,0.0,-0.0,-0.0
2021-10-21 15:00:00,951.3371387071164,2487.2315000000003,2160.0,-0.0,2057.282361292883,-0.0,0.0,-0.0,-0.0
2021-10-21 16:00:00,365.4182410388006,2470.1625000000004,2160.0,-0.0,2841.829258961199,-0.0,0.0,-0.0,-0.0
2021-10-21 17:00:00,-0.0,2470.5005,2160.0,-0.0,3433.5985,-0.0,0.0,-0.0,-0.0
2021-10-21 18:00:00,-0.0,2495.9415000000004,2160.0,101.5965000000001,3500.0,-0.0,0.0,-0.0,-0.0
2021-10-21 19:00:00,-0.0,2550.8469999999998,2160.0,121.37700000000041,3500.0,-0.0,0.0,-0.0,-0.0
2021-10-21 20:00:00,-0.0,2635.581,2160.0,-0.0,3454.705,-0.0,0.0,-0.0,-0.0
2021-10-21 21:00:00,-0.0,2746.3735,2160.0,-0.0,3142.1384999999996,-0.0,0.0,-0.0,-0.0
2021-10-21 22:00:00,-0.0,2875.73,2160.0,-0.0,2774.6789999999996,-0.0,0.0,-0.0,-0.0
2021-10-21 23:00:00,-0.0,3013.387,2160.0,-0.0,2437.168,-0.0,0.0,-0.0,-0.0
2021-10-22 00:00:00,-0.0,3156.5365,2160.0,-0.0,1685.8755,-0.0,0.0,-0.0,-0.0
2021-10-22 01:00:00,-0.0,3275.571,2160.0,-0.0,1415.6660000000002,-0.0,0.0,-0.0,-0.0
2021-10-22 02:00:00,-0.0,3369.2555,2160.0,-0.0,1218.0585,-0.0,0.0,-0.0,-0.0
2021-10-22 03:00:00,-0.0,3430.2515,2160.0,-0.0,1151.2194999999997,-0.0,0.0,-0.0,-0.0
2021-10-22 04:00:00,-0.0,3454.971,2160.0,-0.0,1241.1780000000003,-0.0,0.0,-0.0,-0.0
2021-10-22 05:00:00,-0.0,3444.038,2160.0,-0.0,1464.7779999999998,-0.0,0.0,-0.0,-0.0
2021-10-22 06:00:00,-0.0,3402.1195,2160.0,-0.0,1757.4875000000002,-0.0,0.0,-0.0,-0.0
2021-10-22 07:00:00,-0.0,3337.2690000000007,2160.0,-0.0,2041.3659999999995,-0.0,0.0,-0.0,-0.0
2021-10-22 08:00:00,397.79435845523085,3259.7825000000003,2160.0,-0.0,1858.1771415447688,-0.0,0.0,-0.0,-0.0
2021-10-22 09:00:00,1060.2336123484529,3180.8075000000003,2160.0,-0.0,1315.7798876515467,-0.0,0.0,-0.0,-0.0
2021-10-22 10:00:00,1711.0333916738007,3110.8025000000002,2160.0,-0.0,699.418108326199,-0.0,0.0,-0.0,-0.0
2021-10-22 11:00:00,2177.3107428628578,3058.1200000000003,2160.0,-0.0,211.4382571371416,-0.0,0.0,-0.0,-0.0
2021-10-22 12:00:00,2345.991233508347,3027.8755,2160.0,-0.0,-0.0,-0.0,0.0,0.46873350834675875,0.4452968329294208
2021-10-22 13:00:00,2177.3107428628578,3021.2715000000003,2160.0,-0.0,135.4517571371416,-0.0,0.0,-0.0,0.44525230324612786
2021-10-22 14:00:00,1711.0333916738007,3035.4545,2160.0,-0.0,609.1541083261993,-0.0,0.0,-0.0,0.44520777801580325
2021-10-22 15:00:00,1060.2336123484529,3063.9375,2160.0,-0.0,1334.086887651547,-0.0,0.0,-0.0,0.44516325723800165
2021-10-22 16:00:00,397.79435845523085,3097.4905000000003,2160.0,-0.0,2147.831141544769,-0.0,0.0,-0.0,0.4451187409122779
2021-10-22 17:00:00,-0.0,3125.4665000000005,2160.0,-0.0,2747.6794999999993,-0.0,0.0,-0.0,0.44507422903818666
2021-10-22 18:00:00,-0.0,3137.264,2160.0,-0.0,2932.7,-0.0,0.0,-0.0,0.44502972161528287
2021-10-22 19:00:00,-0.0,3123.8415000000005,2160.0,-0.0,3024.2235,-0.0,0.0,-0.0,0.44498521864312135
2021-10-22 20:00:00,-0.0,3078.985,2160.0,-0.0,2990.5900000000006,-0.0,0.0,-0.0,0.444940720121257
2021-10-22 21:00:00,-0.0,3000.2505,2160.0,-0.0,2871.0305,-0.0,0.0,-0.0,0.4448962260492449
2021-10-22 22:00:00,-0.0,2889.3540000000003,2160.0,-0.0,2747.3289999999997,-0.0,0.0,-0.0,0.44485173642664
2021-10-22 23:00:00,-0.0,2752.0155,2160.0,-0.0,2688.3444999999997,-0.0,0.0,-0.0,0.44480725125299736
2021-10-23 00:00:00,-0.0,2606.227,2160.0,-0.0,1793.3649999999998,-0.0,0.0,-0.0,0.44476277052787205
2021-10-23 01:00:00,-0.0,2445.339,2160.0,-0.0,1806.647,-0.0,0.0,-0.0,0.44471829425081927
2021-10-23 02:00:00,-0.0,2290.301,2160.0,-0.0,1861.3480000000004,-0.0,0.0,-0.0,0.4446738224213942
2021-10-23 03:00:00,-0.0,2152.332,2160.0,-0.0,1997.0710000000004,-0.0,0.0,-0.0,0.4446293550391521
2021-10-23 04:00:00,-0.0,2040.4410000000003,2160.0,-0.0,2227.2459999999996,-0.0,0.0,-0.0,0.44458489210364815
2021-10-23 05:00:00,-0.0,1960.3220000000001,2160.0,-0.0,2523.6440000000002,-0.0,0.0,-0.0,0.4445404336144378
2021-10-23 06:00:00,-0.0,1913.613,2160.0,-0.0,2824.7599999999993,-0.0,0.0,-0.0,0.44449597957107634
2021-10-23 07:00:00,-0.0,1897.7920000000001,2160.0,-0.0,3063.2239999999993,-0.0,0.0,-0.0,0.4444515299731192
2021-10-23 08:00:00,448.6466102383504,1906.5670000000002,2160.0,-0.0,2746.5353897616496,-0.0,0.0,-0.0,0.4444070848201219
2021-10-23 09:00:00,1225.201723210714,1930.7859999999998,2160.0,-0.0,1990.4332767892863,-0.0,0.0,-0.0,0.4443626441116399
2021-10-23 10:00:00,1992.2737274298825,1959.7565000000002,2160.0,-0.0,1162.4207725701172,-0.0,0.0,-0.0,0.44431820784722875
2021-10-23 11:00:00,2543.176184766635,1982.6885,2160.0,-0.0,517.7863152333648,-0.0,0.0,-0.0,0.444273776026444
2021-10-23 12:00:00,2742.6706528207596,1990.2480000000003,2160.0,-0.0,240.83134717923986,-0.0,0.0,-0.0,0.4442293486488414
2021-10-23 13:00:00,2543.176184766635,1975.8050000000003,2160.0,-0.0,418.9558152333648,-0.0,0.0,-0.0,0.4441849257139765
2021-10-23 14:00:00,1992.2737274298825,1936.3825,2160.0,-0.0,1034.4197725701179,-0.0,0.0,-0.0,0.4441405072214051
2021-10-23 15:00:00,1225.201723210714,1873.0529999999999,2160.0,-0.0,1970.9432767892865,-0.0,0.0,-0.0,0.44409609317068294
2021-10-23 16:00:00,448.6466102383504,1790.8085,2160.0,-0.0,3018.0788897616494,-0.0,0.0,-0.0,0.4440516835613659
2021-10-23 17:00:00,-0.0,1697.865,2160.0,292.7261930855266,3500.0,-0.0,0.4218069144733593,-0.0,-0.0
2021-10-23 18:00:00,-0.0,1604.5704999999998,2160.0,586.6765000000005,3500.0,-0.0,0.0,-0.0,-0.0
2021-10-23 19:00:00,-0.0,1521.9555,2160.0,750.7714999999998,3500.0,-0.0,0.0,-0.0,-0.0
2021-10-23 20:00:00,-0.0,1460.2185000000002,2160.0,737.3595000000005,3500.0,-0.0,0.0,-0.0,-0.0
2021-10-23 21:00:00,-0.0,1427.3220000000001,2160.0,575.2600000000002,3500.0,-0.0,0.0,-0.0,-0.0
2021-10-23 22:00:00,-0.0,1427.8615,2160.0,343.3784999999998,3500.0,-0.0,0.0,-0.0,-0.0
2021-10-23 23:00:00,-0.0,1462.3829999999998,2160.0,115.73999999999978,3500.0,-0.0,0.0,-0.0,-0.0
2021-10-24 00:00:00,-0.0,1536.2165,2160.0,-0.0,2940.4135,-0.0,0.0,-0.0,-0.0
2021-10-24 01:00:00,-0.0,1624.1095,2160.0,-0.0,2708.0184999999997,-0.0,0.0,-0.0,-0.0
2021-10-24 02:00:00,-0.0,1724.814,2160.0,-0.0,2510.027,-0.0,0.0,-0.0,-0.0
2021-10-24 03:00:00,-0.0,1826.6170000000002,2160.0,-0.0,2408.969,-0.0,0.0,-0.0,-0.0
2021-10-24 04:00:00,-0.0,1917.812,2160.0,-0.0,2438.99,-0.0,0.0,-0.0,-0.0
2021-10-24 05:00:00,-0.0,1988.168,2160.0,-0.0,2587.782,-0.0,0.0,-0.0,-0.0
2021-10-24 06:00:00,-0.0,2030.288,2160.0,-0.0,2802.872,-0.0,0.0,-0.0,-0.0
2021-10-24 07:00:00,-0.0,2040.4735,2160.0,-0.0,3018.0654999999997,-0.0,0.0,-0.0,-0.0
2021-10-24 08:00:00,457.7315264405388,2019.1989999999998,2160.0,-0.0,2725.0064735594615,-0.0,0.0,-0.0,-0.0
2021-10-24 09:00:00,1281.8859643562632,1970.9689999999998,2160.0,-0.0,1996.3490356437364,-0.0,0.0,-0.0,-0.0
2021-10-24 10:00:00,2100.520840911117,1903.6290000000004,2160.0,-0.0,1215.6031590888824,-0.0,0.0,-0.0,-0.0
2021-10-24 11:00:00,2689.870320557332,1827.254,2160.0,-0.0,634.2716794426678,-0.0,0.0,-0.0,-0.0
2021-10-24 12:00:00,2903.503687191802,1752.738,2160.0,-0.0,427.6173128081982,-0.0,0.0,-0.0,-0.0
2021-10-24 13:00:00,2689.870320557332,1690.273,2160.0,-0.0,670.1866794426678,-0.0,0.0,-0.0,-0.0
2021-10-24 14:00:00,2100.520840911117,1647.932,2160.0,-0.0,1329.2171590888834,-0.0,0.0,-0.0,-0.0
2021-10-24 15:00:00,1281.8859643562632,1630.5380000000002,2160.0,-0.0,2273.485035643736,-0.0,0.0,-0.0,-0.0
2021-10-24 16:00:00,457.7315264405388,1639.001,2160.0,-0.0,3279.543473559461,-0.0,0.0,-0.0,-0.0
2021-10-24 17:00:00,-0.0,1670.162,2160.0,441.53499999999985,3500.0,-0.0,0.0,-0.0,-0.0
2021-10-24 18:00:00,-0.0,1717.235,2160.0,596.549,3500.0,-0.0,0.0,-0.0,-0.0
2021-10-24 19:00:00,-0.0,1770.6975000000002,2160.0,626.3294999999998,3500.0,-0.0,0.0,-0.0,-0.0
2021-10-24 20:00:00,-0.0,1819.6165,2160.0,503.9314999999997,3500.0,-0.0,0.0,-0.0,-0.0
2021-10-24 21:00:00,-0.0,1853.1175,2160.0,277.0095000000001,3500.0,-0.0,0.0,-0.0,-0.0
2021-10-24 22:00:00,-0.0,1861.9055,2160.0,38.35950000000048,3500.0,-0.0,0.0,-0.0,-0.0
2021-10-24 23:00:00,-0.0,1839.5455000000002,2160.0,-0.0,3368.9865,-0.0,0.0,-0.0,-0.0
2021-10-25 00:00:00,-0.0,1792.297,2160.0,-0.0,3252.1389999999997,-0.0,0.0,-0.0,-0.0
2021-10-25 01:00:00,-0.0,1703.8255,2160.0,-0.0,3197.2965000000004,-0.0,0.0,-0.0,-0.0
2021-10-25 02:00:00,-0.0,1588.6325000000002,2160.0,-0.0,3216.2894999999994,-0.0,0.0,-0.0,-0.0
2021-10-25 03:00:00,-0.0,1455.6360000000002,2160.0,-0.0,3351.018,-0.0,0.0,-0.0,-0.0
2021-10-25 04:00:00,-0.0,1315.9835,2160.0,112.77149999999983,3500.0,-0.0,0.0,-0.0,-0.0
2021-10-25 05:00:00,-0.0,1181.596,2160.0,467.0890000000004,3500.0,-0.0,0.0,-0.0,-0.0
2021-10-25 06:00:00,-0.0,1063.6730000000002,2160.0,842.902,3500.0,-0.0,0.0,-0.0,-0.0
2021-10-25 07:00:00,-0.0,971.2235,2160.0,1161.3064999999997,3500.0,-0.0,0.0,-0.0,-0.0
2021-10-25 08:00:00,446.6985297580429,909.9675000000002,2160.0,919.7339702419558,3500.0,-0.0,0.0,-0.0,-0.0
2021-10-25 09:00:00,1284.0484562101894,881.6015000000001,2160.0,158.38404378981068,3500.0,-0.0,0.0,-0.0,-0.0
2021-10-25 10:00:00,2120.5223590501223,883.7009999999999,2160.0,-0.0,2790.622640949877,-0.0,0.0,-0.0,-0.0
2021-10-25 11:00:00,2724.176140336331,910.0975,2160.0,-0.0,2092.373359663669,-0.0,0.0,-0.0,-0.0
2021-10-25 12:00:00,2943.2187996252387,951.782,2160.0,-0.0,1764.1622003747607,-0.0,0.0,-0.0,-0.0
2021-10-25 13:00:00,2724.176140336331,998.2244999999999,2160.0,-0.0,1903.1803596636687,-0.0,0.0,-0.0,-0.0
2021-10-25 14:00:00,2120.5223590501223,1038.8365,2160.0,-0.0,2493.4041409498773,-0.0,0.0,-0.0,-0.0
2021-10-25 15:00:00,1284.0484562101894,1064.4920000000002,2160.0,-0.0,3412.19854378981,-0.0,0.0,-0.0,-0.0
2021-10-25 16:00:00,446.6985297580429,1068.782,2160.0,935.2584702419563,3500.0,-0.0,0.0,-0.0,-0.0
2021-10-25 17:00:00,-0.0,1048.9635,2160.0,1636.7245000000003,3500.0,-0.0,0.0,-0.0,-0.0
2021-10-25 18:00:00,-0.0,1006.343,2160.0,1880.8560000000007,3500.0,-0.0,0.0,-0.0,-0.0
2021-10-25 19:00:00,-0.0,946.153,2160.0,2023.6090000000004,3500.0,-0.0,0.0,-0.0,-0.0
2021-10-25 20:00:00,-0.0,876.8695,2160.0,2018.6305000000002,3500.0,-0.0,0.0,-0.0,-0.0
2021-10-25 21:00:00,-0.0,809.0550000000001,2160.0,1892.1399999999994,3500.0,-0.0,0.0,-0.0,-0.0
2021-10-25 22:00:00,-0.0,753.9805000000001,2160.0,1716.3654999999999,3500.0,-0.0,0.0,-0.0,-0.0
2021-10-25 23:00:00,-0.0,722.0525,2160.0,1555.4735,3500.0,-0.0,0.0,-0.0,-0.0
2021-10-26 00:00:00,-0.0,730.3660000000001,2160.0,945.6880000000001,3500.0,-0.0,0.0,-0.0,-0.0
2021-10-26 01:00:00,-0.0,765.8299999999999,2160.0,765.6239999999998,3500.0,-0.0,0.0,-0.0,-0.0
2021-10-26 02:00:00,-0.0,838.0904999999999,2160.0,595.7795000000001,3500.0,-0.0,0.0,-0.0,-0.0
2021-10-26 03:00:00,-0.0,943.644,2160.0,490.47800000000007,3500.0,-0.0,0.0,-0.0,-0.0
2021-10-26 04:00:00,-0.0,1075.23,2160.0,479.4169999999999,3500.0,-0.0,0.0,-0.0,-0.0
2021-10-26 05:00:00,-0.0,1222.7215,2160.0,550.1855,3500.0,-0.0,0.0,-0.0,-0.0
2021-10-26 06:00:00,-0.0,1374.4445,2160.0,654.5905000000002,3500.0,-0.0,0.0,-0.0,-0.0
2021-10-26 07:00:00,-0.0,1518.6925,2160.0,734.4444999999996,3500.0,-0.0,0.0,-0.0,-0.0
2021-10-26 08:00:00,460.6904033964775,1645.202,2160.0,289.17159660352263,3500.0,-0.0,0.0,-0.0,-0.0
2021-10-26 09:00:00,1360.574938474342,1746.4915,2160.0,-0.0,2833.600561525658,-0.0,0.0,-0.0,-0.0
2021-10-26 10:00:00,2264.710944789104,1818.7649999999999,2160.0,-0.0,1825.8870552108965,-0.0,0.0,-0.0,-0.0
2021-10-26 11:00:00,2918.806533228934,1862.354,2160.0,-0.0,1057.8014667710663,-0.0,0.0,-0.0,-0.0
2021-10-26 12:00:00,3156.3927133162397,1881.5745,2160.0,-0.0,731.226786683761,-0.0,0.0,-0.0,-0.0
2021-10-26 13:00:00,2918.806533228934,1884.0575,2160.0,-0.0,930.3839667710658,-0.0,0.0,-0.0,-0.0
2021-10-26 14:00:00,2264.710944789104,1879.644,2160.0,-0.0,1613.632055210896,-0.0,0.0,-0.0,-0.0
2021-10-26 15:00:00,1360.574938474342,1878.9355000000003,2160.0,-0.0,2623.9335615256578,-0.0,0.0,-0.0,-0.0
2021-10-26 16:00:00,460.6904033964775,1891.8315000000002,2160.0,198.32809660352268,3500.0,-0.0,0.0,-0.0,-0.0
2021-10-26 17:00:00,-0.0,1926.0735000000002,2160.0,857.0594999999994,3500.0,-0.0,0.0,-0.0,-0.0
2021-10-26 18:00:00,-0.0,1986.127,2160.0,995.7819999999992,3500.0,-0.0,0.0,-0.0,-0.0
2021-10-26 19:00:00,-0.0,2072.538,2160.0,989.1299999999992,3500.0,-0.0,0.0,-0.0,-0.0
2021-10-26 20:00:00,-0.0,2181.764,2160.0,802.7740000000003,3500.0,-0.0,0.0,-0.0,-0.0
2021-10-26 21:00:00,-0.0,2306.6225,2160.0,480.67849999999953,3500.0,-0.0,0.0,-0.0,-0.0
2021-10-26 22:00:00,-0.0,2437.1945,2160.0,116.26549999999907,3500.0,-0.0,0.0,-0.0,-0.0
2021-10-26 23:00:00,-0.0,2562.1440000000002,2160.0,-0.0,3295.447,-0.0,0.0,-0.0,-0.0
2021-10-27 00:00:00,-0.0,2679.105,2160.0,-0.0,2573.863,-0.0,0.0,-0.0,-0.0
2021-10-27 01:00:00,-0.0,2760.5695,2160.0,-0.0,2344.6405,-0.0,0.0,-0.0,-0.0
2021-10-27 02:00:00,-0.0,2808.6240000000003,2160.0,-0.0,2195.7949999999996,-0.0,0.0,-0.0,-0.0
2021-10-27 03:00:00,-0.0,2820.2329999999997,2160.0,-0.0,2181.1830000000004,-0.0,0.0,-0.0,-0.0
2021-10-27 04:00:00,-0.0,2796.5860000000002,2160.0,-0.0,2322.0559999999996,-0.0,0.0,-0.0,-0.0
2021-10-27 05:00:00,-0.0,2742.9025,2160.0,-0.0,2590.6605,-0.0,0.0,-0.0,-0.0
2021-10-27 06:00:00,-0.0,2667.8145000000004,2160.0,-0.0,2918.4964999999993,-0.0,0.0,-0.0,-0.0
2021-10-27 07:00:00,-0.0,2582.177,2160.0,-0.0,3224.82,-0.0,0.0,-0.0,-0.0
2021-10-27 08:00:00,483.17296743021427,2497.6965,2160.0,-0.0,2964.6065325697855,-0.0,0.0,-0.0,-0.0
2021-10-27 09:00:00,1467.529457674617,2425.3385,2160.0,-0.0,2094.732042325383,-0.0,0.0,-0.0,-0.0
2021-10-27 10:00:00,2462.379853147846,2373.9625,2160.0,-0.0,1116.4476468521539,-0.0,0.0,-0.0,-0.0
2021-10-27 11:00:00,3183.880251414163,2349.126,2160.0,-0.0,345.85274858583716,-0.0,0.0,-0.0,-0.0
2021-10-27 12:00:00,3446.2217560955637,2352.454,2160.0,-0.0,6.86424390443608,-0.0,0.0,-0.0,-0.0
2021-10-27 13:00:00,3183.880251414163,2381.4505000000004,2160.0,-0.0,200.69324858583695,-0.0,0.0,-0.0,-0.0
2021-10-27 14:00:00,2462.379853147846,2429.9210000000003,2160.0,-0.0,894.8771468521536,-0.0,0.0,-0.0,-0.0
2021-10-27 15:00:00,1467.529457674617,2488.8955,2160.0,-0.0,1932.6130423253824,-0.0,0.0,-0.0,-0.0
2021-10-27 16:00:00,483.17296743021427,2547.896,2160.0,-0.0,3041.768032569785,-0.0,0.0,-0.0,-0.0
2021-10-27 17:00:00,-0.0,2596.4314999999997,2160.0,205.07650000000012,3500.0,-0.0,0.0,-0.0,-0.0
2021-10-27 18:00:00,-0.0,2625.4995,2160.0,371.16849999999977,3500.0,-0.0,0.0,-0.0,-0.0
2021-10-27 19:00:00,-0.0,2628.86,2160.0,443.95199999999977,3500.0,-0.0,0.0,-0.0,-0.0
2021-10-27 20:00:00,-0.0,2603.965,2160.0,388.10399999999936,3500.0,-0.0,0.0,-0.0,-0.0
2021-10-27 21:00:00,-0.0,2552.3485,2160.0,238.8775000000005,3500.0,-0.0,0.0,-0.0,-0.0
2021-10-27 22:00:00,-0.0,2479.4900000000002,2160.0,74.29800000000023,3500.0,-0.0,0.0,-0.0,-0.0
2021-10-27 23:00:00,-0.0,2394.132,2160.0,-0.0,3460.2019999999998,-0.0,0.0,-0.0,-0.0
2021-10-28 00:00:00,-0.0,2316.0150000000003,2160.0,-0.0,2930.076,-0.0,0.0,-0.0,-0.0
2021-10-28 01:00:00,-0.0,2238.9315,2160.0,-0.0,2855.8505,-0.0,0.0,-0.0,-0.0
2021-10-28 02:00:00,-0.0,2182.4985,2160.0,-0.0,2807.9625,-0.0,0.0,-0.0,-0.0
2021-10-28 03:00:00,-0.0,2155.1855,2160.0,-0.0,2828.7665,-0.0,0.0,-0.0,-0.0
2021-10-28 04:00:00,-0.0,2162.0885000000003,2160.0,-0.0,2935.6114999999995,-0.0,0.0,-0.0,-0.0
2021-10-28 05:00:00,-0.0,2204.2280000000005,2160.0,-0.0,3104.9429999999998,-0.0,0.0,-0.0,-0.0
2021-10-28 06:00:00,-0.0,2278.4255,2160.0,-0.0,3280.0785,-0.0,0.0,-0.0,-0.0
2021-10-28 07:00:00,-0.0,2377.713,2160.0,-0.0,3398.0979999999995,-0.0,0.0,-0.0,-0.0
2021-10-28 08:00:00,457.0699142019439,2492.2495000000004,2160.0,-0.0,2961.6295857980554,-0.0,0.0,-0.0,-0.0
2021-10-28 09:00:00,1429.2049561500785,2610.634,2160.0,-0.0,1909.9350438499218,-0.0,0.0,-0.0,-0.0
2021-10-28 10:00:00,2417.604632297006,2721.407,2160.0,-0.0,772.6973677029937,-0.0,0.0,-0.0,-0.0
2021-10-28 11:00:00,3136.213540039093,2814.526,2143.831459960907,-0.0,-0.0,-0.0,0.0,100.0,95.0
2021-10-28 12:00:00,3397.7709116969745,2882.7110000000002,1737.6130883030255,-0.0,-0.0,-0.0,0.0,100.0,189.9905
2021-10-28 13:00:00,3136.213540039093,2922.3349999999996,1916.925459960908,-0.0,-0.0,-0.0,0.0,100.0,284.97150095
2021-10-28 14:00:00,2417.604632297006,2933.866,2160.0,-0.0,382.10736770299445,-0.0,0.0,-0.0,284.943003799905
2021-10-28 15:00:00,1429.2049561500785,2921.7370000000005,2160.0,-0.0,1481.504043849921,-0.0,0.0,-0.0,284.914509499525
2021-10-28 16:00:00,457.0699142019439,2893.6440000000002,2160.0,-0.0,2662.600085798056,-0.0,0.0,-0.0,284.88601804857507
2021-10-28 17:00:00,-0.0,2859.48,2160.0,-0.0,3379.636,-0.0,0.0,-0.0,284.85752944677023
2021-10-28 18:00:00,-0.0,2829.8530000000005,2160.0,1.6199999999994361,3500.0,-0.0,100.0,-0.0,179.56588579908873
2021-10-28 19:00:00,-0.0,2814.643,2160.0,90.23799999999937,3500.0,-0.0,100.0,-0.0,74.28477131577198
2021-10-28 20:00:00,-0.0,2821.5330000000004,2160.0,29.37552430329106,3500.0,-0.0,70.56347569670838,-0.0,-0.0
2021-10-28 21:00:00,-0.0,2854.9170000000004,2160.0,-0.0,3363.1179999999995,-0.0,0.0,-0.0,-0.0
2021-10-28 22:00:00,-0.0,2915.2174999999997,2160.0,-0.0,3062.8605000000007,-0.0,0.0,-0.0,-0.0
2021-10-28 23:00:00,-0.0,2998.7619999999997,2160.0,-0.0,2777.419,-0.0,0.0,-0.0,-0.0
2021-10-29 00:00:00,-0.0,3107.0715000000005,2160.0,-0.0,2058.4485,-0.0,0.0,-0.0,-0.0
2021-10-29 01:00:00,-0.0,3212.3065,2160.0,-0.0,1799.6204999999995,-0.0,0.0,-0.0,-0.0
2021-10-29 02:00:00,-0.0,3311.7955000000006,2160.0,-0.0,1593.6094999999991,-0.0,0.0,-0.0,-0.0
2021-10-29 03:00:00,-0.0,3394.066,2160.0,-0.0,1502.7130000000006,-0.0,0.0,-0.0,-0.0
2021-10-29 04:00:00,-0.0,3449.1925,2160.0,-0.0,1559.3035,-0.0,0.0,-0.0,-0.0
2021-10-29 05:00:00,-0.0,3470.1225000000004,2160.0,-0.0,1747.9024999999992,-0.0,0.0,-0.0,-0.0
2021-10-29 06:00:00,-0.0,3453.5995000000003,2160.0,-0.0,2011.9044999999996,-0.0,0.0,-0.0,-0.0
2021-10-29 07:00:00,-0.0,3400.5595000000003,2160.0,-0.0,2280.4894999999997,-0.0,0.0,-0.0,-0.0
2021-10-29 08:00:00,374.00082202279657,3316.0204999999996,2160.0,-0.0,2124.4956779772037,-0.0,0.0,-0.0,-0.0
2021-10-29 09:00:00,1205.2492133856783,3208.3805,2160.0,-0.0,1438.1372866143213,-0.0,0.0,-0.0,-0.0
2021-10-29 10:00:00,2055.580217000628,3088.2995,2160.0,-0.0,668.3422829993715,-0.0,0.0,-0.0,-0.0
2021-10-29 11:00:00,2675.363859622213,2967.289,2160.0,-0.0,91.04714037778649,-0.0,0.0,-0.0,-0.0
2021-10-29 12:00:00,2901.1880443567193,2856.152,2158.5969556432806,-0.0,-0.0,-0.0,0.0,100.0,95.0
2021-10-29 13:00:00,2675.363859622213,2763.5985,2160.0,-0.0,173.16664037778673,-0.0,0.0,-0.0,94.9905
2021-10-29 14:00:00,2055.580217000628,2695.0755000000004,2160.0,-0.0,878.4912829993714,-0.0,0.0,-0.0,94.98100095
2021-10-29 15:00:00,1205.2492133856783,2652.1105000000002,2160.0,-0.0,1869.6682866143217,-0.0,0.0,-0.0,94.971502849905
2021-10-29 16:00:00,374.00082202279657,2632.1555000000003,2160.0,-0.0,2900.8546779772037,-0.0,0.0,-0.0,94.96200569962001
2021-10-29 17:00:00,-0.0,2628.9965,2160.0,-0.0,3500.0,-0.0,3.0335000000004584,-0.0,91.75935160431273
2021-10-29 18:00:00,-0.0,2633.6635,2160.0,102.88083311430546,3500.0,-0.0,87.16266688569469,-0.0,-0.0
2021-10-29 19:00:00,-0.0,2635.7174999999997,2160.0,260.8215000000009,3500.0,-0.0,0.0,-0.0,-0.0
2021-10-29 20:00:00,-0.0,2624.7585,2160.0,187.90049999999974,3500.0,-0.0,0.0,-0.0,-0.0
2021-10-29 21:00:00,-0.0,2591.8945000000003,2160.0,16.959499999999025,3500.0,-0.0,0.0,-0.0,-0.0
2021-10-29 22:00:00,-0.0,2531.0350000000003,2160.0,-0.0,3337.5989999999997,-0.0,0.0,-0.0,-0.0
2021-10-29 23:00:00,-0.0,2439.8205000000003,2160.0,-0.0,3226.7584999999995,-0.0,0.0,-0.0,-0.0
2021-10-30 00:00:00,-0.0,2328.8525,2160.0,-0.0,2290.8064999999997,-0.0,0.0,-0.0,-0.0
2021-10-30 01:00:00,-0.0,2186.1580000000004,2160.0,-0.0,2279.9609999999993,-0.0,0.0,-0.0,-0.0
2021-10-30 02:00:00,-0.0,2029.6055000000001,2160.0,-0.0,2330.1485,-0.0,0.0,-0.0,-0.0
2021-10-30 03:00:00,-0.0,1870.3555,2160.0,-0.0,2481.0365,-0.0,0.0,-0.0,-0.0
2021-10-30 04:00:00,-0.0,1720.3094999999998,2160.0,-0.0,2743.1665,-0.0,0.0,-0.0,-0.0
2021-10-30 05:00:00,-0.0,1590.5305,2160.0,-0.0,3082.9455,-0.0,0.0,-0.0,-0.0
2021-10-30 06:00:00,-0.0,1489.8715000000002,2160.0,-0.0,3431.6605,-0.0,0.0,-0.0,-0.0
2021-10-30 07:00:00,-0.0,1423.799,2160.0,213.95700000000033,3500.0,-0.0,0.0,-0.0,-0.0
2021-10-30 08:00:00,292.48774381219675,1393.7235,2160.0,85.79575618780291,3500.0,-0.0,0.0,-0.0,-0.0
2021-10-30 09:00:00,972.5271084598945,1396.8500000000001,2160.0,-0.0,2940.764891540105,-0.0,0.0,-0.0,-0.0
2021-10-30 10:00:00,1672.512856893382,1426.607,2160.0,-0.0,2172.4631431066177,-0.0,0.0,-0.0,-0.0
2021-10-30 11:00:00,2184.000377719763,1473.5500000000002,2160.0,-0.0,1536.5986222802371,-0.0,0.0,-0.0,-0.0
2021-10-30 12:00:00,2370.5627769250545,1526.6485,2160.0,-0.0,1220.3617230749455,-0.0,0.0,-0.0,-0.0
2021-10-30 13:00:00,2184.000377719763,1574.8135,2160.0,-0.0,1316.2371222802371,-0.0,0.0,-0.0,-0.0
2021-10-30 14:00:00,1672.512856893382,1608.3665,2160.0,-0.0,1812.5726431066182,-0.0,0.0,-0.0,-0.0
2021-10-30 15:00:00,972.5271084598945,1620.3525000000002,2160.0,-0.0,2599.934391540106,-0.0,0.0,-0.0,-0.0
2021-10-30 16:00:00,292.48774381219675,1607.4565,2160.0,-0.0,3474.4287561878027,-0.0,0.0,-0.0,-0.0
2021-10-30 17:00:00,-0.0,1570.4325,2160.0,530.6295,3500.0,-0.0,0.0,-0.0,-0.0
2021-10-30 18:00:00,-0.0,1513.9605000000001,2160.0,780.5405000000001,3500.0,-0.0,0.0,-0.0,-0.0
2021-10-30 19:00:00,-0.0,1445.9705000000001,2160.0,923.2154999999993,3500.0,-0.0,0.0,-0.0,-0.0
2021-10-30 20:00:00,-0.0,1376.5245,2160.0,910.7235000000001,3500.0,-0.0,0.0,-0.0,-0.0
2021-10-30 21:00:00,-0.0,1316.3995,2160.0,769.0755000000008,3500.0,-0.0,0.0,-0.0,-0.0
2021-10-30 22:00:00,-0.0,1275.573,2160.0,571.7979999999998,3500.0,-0.0,0.0,-0.0,-0.0
2021-10-30 23:00:00,-0.0,1261.8125,2160.0,385.70550000000003,3500.0,-0.0,0.0,-0.0,-0.0
2021-10-31 00:00:00,-0.0,1288.3585,2160.0,-0.0,3250.6084999999994,-0.0,0.0,-0.0,-0.0
2021-10-31 01:00:00,-0.0,1337.986,2160.0,-0.0,3049.8050000000003,-0.0,0.0,-0.0,-0.0
2021-10-31 02:00:00,-0.0,1415.7975000000001,2160.0,-0.0,2868.0714999999996,-0.0,0.0,-0.0,-0.0
2021-10-31 03:00:00,-0.0,1514.357,2160.0,-0.0,2763.669,-0.0,0.0,-0.0,-0.0
2021-10-31 04:00:00,-0.0,1623.4595000000002,2160.0,-0.0,2769.2445,-0.0,0.0,-0.0,-0.0
2021-10-31 05:00:00,-0.0,1731.3985,2160.0,-0.0,2873.9714999999997,-0.0,0.0,-0.0,-0.0
2021-10-31 06:00:00,-0.0,1826.513,2160.0,-0.0,3029.6490000000003,-0.0,0.0,-0.0,-0.0
2021-10-31 07:00:00,-0.0,1898.6500000000003,2160.0,-0.0,3176.5389999999998,-0.0,0.0,-0.0,-0.0
2021-10-31 08:00:00,260.70585220265275,1940.5295,2160.0,-0.0,3011.0736477973473,-0.0,0.0,-0.0,-0.0
2021-10-31 09:00:00,895.4676607813184,1948.6025000000002,2160.0,-0.0,2409.3048392186815,-0.0,0.0,-0.0,-0.0
2021-10-31 10:00:00,1552.9877051598019,1923.5255000000002,2160.0,-0.0,1741.294794840198,-0.0,0.0,-0.0,-0.0
2021-10-31 11:00:00,2034.6720450531775,1870.0044999999998,2160.0,-0.0,1238.7464549468223,-0.0,0.0,-0.0,-0.0
2021-10-31 12:00:00,2210.550631813009,1796.1190000000001,2160.0,-0.0,1063.283368186991,-0.0,0.0,-0.0,-0.0
2021-10-31 13:00:00,2034.6720450531775,1712.1975,2160.0,-0.0,1283.718454946822,-0.0,0.0,-0.0,-0.0
2021-10-31 14:00:00,1552.9877051598019,1629.4005,2160.0,-0.0,1869.8087948401985,-0.0,0.0,-0.0,-0.0
2021-10-31 15:00:00,895.4676607813184,1558.219,2160.0,-0.0,2701.1263392186816,-0.0,0.0,-0.0,-0.0
2021-10-31 16:00:00,260.70585220265275,1507.0120000000002,2160.0,71.95214779734715,3500.0,-0.0,0.0,-0.0,-0.0
2021-10-31 17:00:00,-0.0,1480.9080000000001,2160.0,588.7919999999995,3500.0,-0.0,0.0,-0.0,-0.0
2021-10-31 18:00:00,-0.0,1481.116,2160.0,785.4030000000002,3500.0,-0.0,0.0,-0.0,-0.0
2021-10-31 19:00:00,-0.0,1504.789,2160.0,839.8310000000001,3500.0,-0.0,0.0,-0.0,-0.0
2021-10-31 20:00:00,-0.0,1545.4334999999999,2160.0,720.6965,3500.0,-0.0,0.0,-0.0,-0.0
2021-10-31 21:00:00,-0.0,1593.8065000000001,2160.0,474.0284999999999,3500.0,-0.0,0.0,-0.0,-0.0
2021-10-31 22:00:00,-0.0,1639.2480000000003,2160.0,193.98999999999978,3500.0,-0.0,0.0,-0.0,-0.0
2021-10-31 23:00:00,-0.0,1671.1435000000001,2160.0,-0.0,3465.7704999999996,-0.0,0.0,-0.0,-0.0
2021-11-01 00:00:00,-0.0,1689.2135000000003,2160.0,-0.0,3278.7825,-0.0,0.0,-0.0,-0.0
2021-11-01 01:00:00,-0.0,1669.6355,2160.0,-0.0,3150.7545,-0.0,0.0,-0.0,-0.0
2021-11-01 02:00:00,-0.0,1618.7210000000002,2160.0,-0.0,3101.3319999999994,-0.0,0.0,-0.0,-0.0
2021-11-01 03:00:00,-0.0,1538.1340000000002,2160.0,-0.0,3179.673,-0.0,0.0,-0.0,-0.0
2021-11-01 04:00:00,-0.0,1433.5555,2160.0,-0.0,3402.5355000000004,-0.0,0.0,-0.0,-0.0
2021-11-01 05:00:00,-0.0,1313.988,2160.0,238.3819999999996,3500.0,-0.0,0.0,-0.0,-0.0
2021-11-01 06:00:00,-0.0,1190.6115,2160.0,616.1655000000001,3500.0,-0.0,0.0,-0.0,-0.0
2021-11-01 07:00:00,-0.0,1075.3600000000001,2160.0,954.0599999999995,3500.0,-0.0,0.0,-0.0,-0.0
2021-11-01 08:00:00,261.18980930310653,979.3875,2160.0,929.5746906968934,3500.0,-0.0,0.0,-0.0,-0.0
2021-11-01 09:00:00,927.9111646294573,911.6379999999999,2160.0,375.2758353705426,3500.0,-0.0,0.0,-0.0,-0.0
2021-11-01 10:00:00,1622.9838295874522,877.7145,2160.0,-0.0,3182.156670412547,-0.0,0.0,-0.0,-0.0
2021-11-01 11:00:00,2133.4911841344333,879.1899999999999,2160.0,-0.0,2599.3738158655674,-0.0,0.0,-0.0,-0.0
2021-11-01 12:00:00,2320.0780874967095,913.4384999999999,2160.0,-0.0,2308.6374125032908,-0.0,0.0,-0.0,-0.0
2021-11-01 13:00:00,2133.4911841344333,974.0835000000001,2160.0,-0.0,2398.7663158655673,-0.0,0.0,-0.0,-0.0
2021-11-01 14:00:00,1622.9838295874522,1051.8885,2160.0,-0.0,2856.607670412547,-0.0,0.0,-0.0,-0.0
2021-11-01 15:00:00,927.9111646294573,1136.0375000000001,2160.0,73.65333537054221,3500.0,-0.0,0.0,-0.0,-0.0
2021-11-01 16:00:00,261.18980930310653,1215.6625,2160.0,849.0856906968929,3500.0,-0.0,0.0,-0.0,-0.0
2021-11-01 17:00:00,-0.0,1281.319,2160.0,1278.098,3500.0,-0.0,0.0,-0.0,-0.0
2021-11-01 18:00:00,-0.0,1326.2665000000002,2160.0,1433.3845000000001,3500.0,-0.0,0.0,-0.0,-0.0
2021-11-01 19:00:00,-0.0,1347.4175000000002,2160.0,1493.713499999999,3500.0,-0.0,0.0,-0.0,-0.0
2021-11-01 20:00:00,-0.0,1345.7340000000002,2160.0,1420.2479999999996,3500.0,-0.0,0.0,-0.0,-0.0
2021-11-01 21:00:00,-0.0,1326.0975,2160.0,1244.888500000001,3500.0,-0.0,0.0,-0.0,-0.0
2021-11-01 22:00:00,-0.0,1296.607,2160.0,1043.036,3500.0,-0.0,0.0,-0.0,-0.0
2021-11-01 23:00:00,-0.0,1267.4935,2160.0,879.0334999999995,3500.0,-0.0,0.0,-0.0,-0.0
2021-11-02 00:00:00,-0.0,1258.439,2160.0,286.10799999999927,3500.0,-0.0,0.0,-0.0,-0.0
2021-11-02 01:00:00,-0.0,1262.0010000000002,2160.0,138.04500000000007,3500.0,-0.0,0.0,-0.0,-0.0
2021-11-02 02:00:00,-0.0,1294.7805,2160.0,7.977499999999964,3500.0,-0.0,0.0,-0.0,-0.0
2021-11-02 03:00:00,-0.0,1361.2625,2160.0,-0.0,3442.2415,-0.0,0.0,-0.0,-0.0
2021-11-02 04:00:00,-0.0,1461.8825,2160.0,-0.0,3462.8365000000003,-0.0,0.0,-0.0,-0.0
2021-11-02 05:00:00,-0.0,1592.9095000000002,2160.0,50.95749999999998,3500.0,-0.0,0.0,-0.0,-0.0
2021-11-02 06:00:00,-0.0,1746.8685,2160.0,154.2095000000004,3500.0,-0.0,0.0,-0.0,-0.0
2021-11-02 07:00:00,-0.0,1913.4440000000002,2160.0,213.01299999999992,3500.0,-0.0,0.0,-0.0,-0.0
2021-11-02 08:00:00,252.44182525946178,2080.8385000000003,2160.0,-0.0,3436.5746747405374,-0.0,0.0,-0.0,-0.0
2021-11-02 09:00:00,928.7994403201635,2237.209,2160.0,-0.0,2651.1125596798365,-0.0,0.0,-0.0,-0.0
2021-11-02 10:00:00,1638.5439692729267,2372.253,2160.0,-0.0,1776.8730307270732,-0.0,0.0,-0.0,-0.0
2021-11-02 11:00:00,2161.1686294489896,2478.4370000000004,2160.0,-0.0,1079.7083705510104,-0.0,0.0,-0.0,-0.0
2021-11-02 12:00:00,2352.3929445206772,2551.991,2160.0,-0.0,747.3930554793228,-0.0,0.0,-0.0,-0.0
2021-11-02 13:00:00,2161.1686294489896,2593.279,2160.0,-0.0,863.7993705510107,-0.0,0.0,-0.0,-0.0
2021-11-02 14:00:00,1638.5439692729267,2606.7080000000005,2160.0,-0.0,1400.3350307270732,-0.0,0.0,-0.0,-0.0
2021-11-02 15:00:00,928.7994403201635,2600.0325000000003,2160.0,-0.0,2224.994059679836,-0.0,0.0,-0.0,-0.0
2021-11-02 16:00:00,252.44182525946178,2583.243,2160.0,-0.0,3108.5081747405384,-0.0,0.0,-0.0,-0.0
2021-11-02 17:00:00,-0.0,2567.1425,2160.0,112.47149999999965,3500.0,-0.0,0.0,-0.0,-0.0
2021-11-02 18:00:00,-0.0,2561.845,2160.0,319.8569999999995,3500.0,-0.0,0.0,-0.0,-0.0
2021-11-02 19:00:00,-0.0,2575.3390000000004,2160.0,389.6049999999991,3500.0,-0.0,0.0,-0.0,-0.0
2021-11-02 20:00:00,-0.0,2612.376,2160.0,279.08899999999994,3500.0,-0.0,0.0,-0.0,-0.0
2021-11-02 21:00:00,-0.0,2673.775,2160.0,24.269999999999982,3500.0,-0.0,0.0,-0.0,-0.0
2021-11-02 22:00:00,-0.0,2756.3185000000003,2160.0,-0.0,3211.8634999999995,-0.0,0.0,-0.0,-0.0
2021-11-02 23:00:00,-0.0,2853.1425,2160.0,-0.0,2923.3075,-0.0,0.0,-0.0,-0.0
2021-11-03 00:00:00,-0.0,2963.3955,2160.0,-0.0,2212.2845,-0.0,0.0,-0.0,-0.0
2021-11-03 01:00:00,-0.0,3058.614,2160.0,-0.0,1973.752,-0.0,0.0,-0.0,-0.0
2021-11-03 02:00:00,-0.0,3136.588,2160.0,-0.0,1799.5769999999998,-0.0,0.0,-0.0,-0.0
2021-11-03 03:00:00,-0.0,3187.9640000000004,2160.0,-0.0,1749.9339999999997,-0.0,0.0,-0.0,-0.0
2021-11-03 04:00:00,-0.0,3206.2485,2160.0,-0.0,1853.7494999999994,-0.0,0.0,-0.0,-0.0
2021-11-03 05:00:00,-0.0,3188.7245,2160.0,-0.0,2091.2045000000003,-0.0,0.0,-0.0,-0.0
2021-11-03 06:00:00,-0.0,3136.8545000000004,2160.0,-0.0,2400.9645,-0.0,0.0,-0.0,-0.0
2021-11-03 07:00:00,-0.0,3056.17,2160.0,-0.0,2707.6040000000003,-0.0,0.0,-0.0,-0.0
2021-11-03 08:00:00,234.39451364000985,2955.524,2160.0,-0.0,2717.7254863599906,-0.0,0.0,-0.0,-0.0
2021-11-03 09:00:00,894.3404695600084,2846.0250000000005,2160.0,-0.0,2214.9125304399913,-0.0,0.0,-0.0,-0.0
2021-11-03 10:00:00,1591.4959878617283,2739.5615000000003,2160.0,-0.0,1595.0325121382716,-0.0,0.0,-0.0,-0.0
2021-11-03 11:00:00,2106.175175135405,2647.2680000000005,2160.0,-0.0,1104.4478248645942,-0.0,0.0,-0.0,-0.0
2021-11-03 12:00:00,2294.6917808602507,2578.1340000000005,2160.0,-0.0,917.581219139749,-0.0,0.0,-0.0,-0.0
2021-11-03 13:00:00,2106.175175135405,2537.8275,2160.0,-0.0,1112.822324864595,-0.0,0.0,-0.0,-0.0
2021-11-03 14:00:00,1591.4959878617283,2528.0255,2160.0,-0.0,1664.4855121382711,-0.0,0.0,-0.0,-0.0
2021-11-03 15:00:00,894.3404695600084,2546.2515000000003,2160.0,-0.0,2451.3910304399915,-0.0,0.0,-0.0,-0.0
2021-11-03 16:00:00,234.39451364000985,2586.311,2160.0,-0.0,3261.27648635999,-0.0,0.0,-0.0,-0.0
2021-11-03 17:00:00,-0.0,2639.182,2160.0,177.7500000000009,3500.0,-0.0,0.0,-0.0,-0.0
2021-11-03 18:00:00,-0.0,2694.289,2160.0,324.1539999999991,3500.0,-0.0,0.0,-0.0,-0.0
2021-11-03 19:00:00,-0.0,2741.0370000000003,2160.0,359.96899999999914,3500.0,-0.0,0.0,-0.0,-0.0
2021-11-03 20:00:00,-0.0,2770.2675,2160.0,256.47650000000067,3500.0,-0.0,0.0,-0.0,-0.0
2021-11-03 21:00:00,-0.0,2775.565,2160.0,56.87400000000025,3500.0,-0.0,0.0,-0.0,-0.0
2021-11-03 22:00:00,-0.0,2754.167,2160.0,-0.0,3347.4230000000002,-0.0,0.0,-0.0,-0.0
2021-11-03 23:00:00,-0.0,2707.3800000000006,2160.0,-0.0,3201.39,-0.0,0.0,-0.0,-0.0
2021-11-04 00:00:00,-0.0,2649.1205,2160.0,-0.0,2657.6125,-0.0,0.0,-0.0,-0.0
2021-11-04 01:00:00,-0.0,2570.464,2160.0,-0.0,2591.669,-0.0,0.0,-0.0,-0.0
2021-11-04 02:00:00,-0.0,2490.6765,2160.0,-0.0,2573.8725,-0.0,0.0,-0.0,-0.0
2021-11-04 03:00:00,-0.0,2421.0355,2160.0,-0.0,2643.7655000000004,-0.0,0.0,-0.0,-0.0
2021-11-04 04:00:00,-0.0,2371.9605,2160.0,-0.0,2813.3655,-0.0,0.0,-0.0,-0.0
2021-11-04 05:00:00,-0.0,2351.6285000000003,2160.0,-0.0,3051.9585,-0.0,0.0,-0.0,-0.0
2021-11-04 06:00:00,-0.0,2364.83,2160.0,-0.0,3294.885,-0.0,0.0,-0.0,-0.0
2021-11-04 07:00:00,-0.0,2412.293,2160.0,-0.0,3471.5229999999997,-0.0,0.0,-0.0,-0.0
2021-11-04 08:00:00,239.2095804875622,2490.5660000000003,2160.0,-0.0,3295.967419512438,-0.0,0.0,-0.0,-0.0
2021-11-04 09:00:00,947.9004306899704,2592.4015,2160.0,-0.0,2531.0450693100292,-0.0,0.0,-0.0,-0.0
2021-11-04 10:00:00,1701.6176693523148,2707.718,2160.0,-0.0,1630.7063306476848,-0.0,0.0,-0.0,-0.0
2021-11-04 11:00:00,2259.4976853905455,2824.9,2160.0,-0.0,885.243314609454,-0.0,0.0,-0.0,-0.0
2021-11-04 12:00:00,2464.052261862072,2932.2670000000003,2160.0,-0.0,503.5547381379274,-0.0,0.0,-0.0,-0.0
2021-11-04 13:00:00,2259.4976853905455,3019.6270000000004,2160.0,-0.0,584.8023146094538,-0.0,0.0,-0.0,-0.0
2021-11-04 14:00:00,1701.6176693523148,3079.5505000000003,2160.0,-0.0,1107.4988306476853,-0.0,0.0,-0.0,-0.0
2021-11-04 15:00:00,947.9004306899704,3108.3064999999997,2160.0,-0.0,1937.9160693100293,-0.0,0.0,-0.0,-0.0
2021-11-04 16:00:00,239.2095804875622,3106.2980000000002,2160.0,-0.0,2836.021419512438,-0.0,0.0,-0.0,-0.0
2021-11-04 17:00:00,-0.0,3077.919,2160.0,-0.0,3335.893,-0.0,0.0,-0.0,-0.0
2021-11-04 18:00:00,-0.0,3030.8785,2160.0,81.70949999999993,3500.0,-0.0,0.0,-0.0,-0.0
2021-11-04 19:00:00,-0.0,2975.0890000000004,2160.0,217.25799999999936,3500.0,-0.0,0.0,-0.0,-0.0
2021-11-04 20:00:00,-0.0,2921.256,2160.0,193.9610000000007,3500.0,-0.0,0.0,-0.0,-0.0
2021-11-04 21:00:00,-0.0,2879.37,2160.0,38.60999999999967,3500.0,-0.0,0.0,-0.0,-0.0
2021-11-04 22:00:00,-0.0,2857.257,2160.0,-0.0,3326.881999999999,-0.0,0.0,-0.0,-0.0
2021-11-04 23:00:00,-0.0,2859.4995,2160.0,-0.0,3128.7705000000005,-0.0,0.0,-0.0,-0.0
2021-11-05 00:00:00,-0.0,2895.3990000000003,2160.0,-0.0,2487.6449999999995,-0.0,0.0,-0.0,-0.0
2021-11-05 01:00:00,-0.0,2944.1945,2160.0,-0.0,2291.0915,-0.0,0.0,-0.0,-0.0
2021-11-05 02:00:00,-0.0,3007.4785,2160.0,-0.0,2127.0164999999997,-0.0,0.0,-0.0,-0.0
2021-11-05 03:00:00,-0.0,3075.4425,2160.0,-0.0,2056.0505000000003,-0.0,0.0,-0.0,-0.0
2021-11-05 04:00:00,-0.0,3136.8675000000003,2160.0,-0.0,2111.8514999999998,-0.0,0.0,-0.0,-0.0
2021-11-05 05:00:00,-0.0,3180.593,2160.0,-0.0,2283.0460000000003,-0.0,0.0,-0.0,-0.0
2021-11-05 06:00:00,-0.0,3197.0510000000004,2160.0,-0.0,2519.3359999999993,-0.0,0.0,-0.0,-0.0
2021-11-05 07:00:00,-0.0,3179.5269999999996,2160.0,-0.0,2757.5460000000007,-0.0,0.0,-0.0,-0.0
2021-11-05 08:00:00,270.7219263702712,3125.1220000000003,2160.0,-0.0,2679.708073629728,-0.0,0.0,-0.0,-0.0
2021-11-05 09:00:00,1115.8212924689237,3035.123,2160.0,-0.0,1966.732707531076,-0.0,0.0,-0.0,-0.0
2021-11-05 10:00:00,2020.8088182389142,2914.8925,2160.0,-0.0,1147.1646817610858,-0.0,0.0,-0.0,-0.0
2021-11-05 11:00:00,2692.3942487267873,2773.1665,2160.0,-0.0,543.3742512732133,-0.0,0.0,-0.0,-0.0
2021-11-05 12:00:00,2938.8999419566335,2620.9235000000003,2160.0,-0.0,375.79255804336617,-0.0,0.0,-0.0,-0.0
2021-11-05 13:00:00,2692.3942487267873,2469.987,2160.0,-0.0,733.718751273213,-0.0,0.0,-0.0,-0.0
2021-11-05 14:00:00,2020.8088182389142,2331.446,2160.0,-0.0,1564.9991817610858,-0.0,0.0,-0.0,-0.0
2021-11-05 15:00:00,1115.8212924689237,2214.2575,2160.0,-0.0,2689.0352075310757,-0.0,0.0,-0.0,-0.0
2021-11-05 16:00:00,270.7219263702712,2124.109,2160.0,308.08207362972917,3500.0,-0.0,0.0,-0.0,-0.0
2021-11-05 17:00:00,-0.0,2062.7295,2160.0,868.8545000000013,3500.0,-0.0,0.0,-0.0,-0.0
2021-11-05 18:00:00,-0.0,2027.7334999999998,2160.0,1099.0105000000003,3500.0,-0.0,0.0,-0.0,-0.0
2021-11-05 19:00:00,-0.0,2013.0305,2160.0,1189.857500000001,3500.0,-0.0,0.0,-0.0,-0.0
2021-11-05 20:00:00,-0.0,2009.7545,2160.0,1112.3905000000004,3500.0,-0.0,0.0,-0.0,-0.0
2021-11-05 21:00:00,-0.0,2007.5185000000001,2160.0,913.7834999999995,3500.0,-0.0,0.0,-0.0,-0.0
2021-11-05 22:00:00,-0.0,1995.9354999999998,2160.0,687.9285,3500.0,-0.0,0.0,-0.0,-0.0
2021-11-05 23:00:00,-0.0,1966.1005,2160.0,518.3094999999998,3500.0,-0.0,0.0,-0.0,-0.0
2021-11-06 00:00:00,-0.0,1920.49,2160.0,-0.0,3018.888,-0.0,0.0,-0.0,-0.0
2021-11-06 01:00:00,-0.0,1839.3830000000003,2160.0,-0.0,2948.686,-0.0,0.0,-0.0,-0.0
2021-11-06 02:00:00,-0.0,1733.0235,2160.0,-0.0,2950.7235,-0.0,0.0,-0.0,-0.0
2021-11-06 03:00:00,-0.0,1606.969,2160.0,-0.0,3070.2699999999995,-0.0,0.0,-0.0,-0.0
2021-11-06 04:00:00,-0.0,1470.0465000000002,2160.0,-0.0,3320.9394999999995,-0.0,0.0,-0.0,-0.0
2021-11-06 05:00:00,-0.0,1333.1760000000002,2160.0,169.28099999999995,3500.0,-0.0,0.0,-0.0,-0.0
2021-11-06 06:00:00,-0.0,1207.986,2160.0,543.8040000000001,3500.0,-0.0,0.0,-0.0,-0.0
2021-11-06 07:00:00,-0.0,1105.286,2160.0,863.8109999999997,3500.0,-0.0,0.0,-0.0,-0.0
2021-11-06 08:00:00,290.3068738405318,1033.6039999999998,2160.0,780.3241261594676,3500.0,-0.0,0.0,-0.0,-0.0
2021-11-06 09:00:00,1246.4958356306781,998.0880000000001,2160.0,-0.0,3398.477164369322,-0.0,0.0,-0.0,-0.0
2021-11-06 10:00:00,2277.618509480952,999.8170000000001,2160.0,-0.0,2327.559490519048,-0.0,0.0,-0.0,-0.0
2021-11-06 11:00:00,3044.794656367307,1035.671,2160.0,-0.0,1447.3923436326927,-0.0,0.0,-0.0,-0.0
2021-11-06 12:00:00,3326.6843522834915,1098.721,2160.0,-0.0,1025.9756477165083,-0.0,0.0,-0.0,-0.0
2021-11-06 13:00:00,3044.794656367307,1179.178,2160.0,-0.0,1184.7873436326931,-0.0,0.0,-0.0,-0.0
2021-11-06 14:00:00,2277.618509480952,1265.6865,2160.0,-0.0,1883.559990519048,-0.0,0.0,-0.0,-0.0
2021-11-06 15:00:00,1246.4958356306781,1346.813,2160.0,-0.0,2932.423164369322,-0.0,0.0,-0.0,-0.0
2021-11-06 16:00:00,290.3068738405318,1412.5735,2160.0,503.72062615946834,3500.0,-0.0,0.0,-0.0,-0.0
2021-11-06 17:00:00,-0.0,1455.714,2160.0,976.6890000000003,3500.0,-0.0,0.0,-0.0,-0.0
2021-11-06 18:00:00,-0.0,1472.6335000000001,2160.0,1152.1255,3500.0,-0.0,0.0,-0.0,-0.0
2021-11-06 19:00:00,-0.0,1463.8455000000001,2160.0,1234.321499999999,3500.0,-0.0,0.0,-0.0,-0.0
2021-11-06 20:00:00,-0.0,1433.7895,2160.0,1180.9685,3500.0,-0.0,0.0,-0.0,-0.0
2021-11-06 21:00:00,-0.0,1390.2070000000003,2160.0,1021.1149999999998,3500.0,-0.0,0.0,-0.0,-0.0
2021-11-06 22:00:00,-0.0,1342.9975,2160.0,828.3665000000001,3500.0,-0.0,0.0,-0.0,-0.0
2021-11-06 23:00:00,-0.0,1302.8015,2160.0,666.6654999999992,3500.0,-0.0,0.0,-0.0,-0.0
2021-11-07 00:00:00,-0.0,1288.0855000000001,2160.0,70.04050000000007,3500.0,-0.0,0.0,-0.0,-0.0
2021-11-07 01:00:00,-0.0,1289.392,2160.0,-0.0,3415.142,-0.0,0.0,-0.0,-0.0
2021-11-07 02:00:00,-0.0,1319.708,2160.0,-0.0,3278.3030000000003,-0.0,0.0,-0.0,-0.0
2021-11-07 03:00:00,-0.0,1379.469,2160.0,-0.0,3209.9170000000004,-0.0,0.0,-0.0,-0.0
2021-11-07 04:00:00,-0.0,1465.0025,2160.0,-0.0,3236.0995,-0.0,0.0,-0.0,-0.0
2021-11-07 05:00:00,-0.0,1568.9635,2160.0,-0.0,3341.6675000000005,-0.0,0.0,-0.0,-0.0
2021-11-07 06:00:00,-0.0,1681.2640000000001,2160.0,-0.0,3476.8469999999998,-0.0,0.0,-0.0,-0.0
2021-11-07 07:00:00,-0.0,1790.3535000000002,2160.0,83.30149999999958,3500.0,-0.0,0.0,-0.0,-0.0
2021-11-07 08:00:00,268.706459458255,1884.7530000000002,2160.0,-0.0,3353.664540541745,-0.0,0.0,-0.0,-0.0
2021-11-07 09:00:00,1203.9443670262272,1954.5304999999998,2160.0,-0.0,2385.8981329737726,-0.0,0.0,-0.0,-0.0
2021-11-07 10:00:00,2219.6232959367053,1992.6270000000002,2160.0,-0.0,1292.5777040632947,-0.0,0.0,-0.0,-0.0
2021-11-07 11:00:00,2977.2918299128805,1995.76,2160.0,-0.0,453.25417008711884,-0.0,0.0,-0.0,-0.0
2021-11-07 12:00:00,3255.9776073032767,1964.8590000000002,2160.0,-0.0,127.70739269672276,-0.0,0.0,-0.0,-0.0
2021-11-07 13:00:00,2977.2918299128805,1904.9160000000002,2160.0,-0.0,422.5281700871192,-0.0,0.0,-0.0,-0.0
2021-11-07 14:00:00,2219.6232959367053,1824.2900000000002,2160.0,-0.0,1277.8397040632944,-0.0,0.0,-0.0,-0.0
2021-11-07 15:00:00,1203.9443670262272,1733.6345000000001,2160.0,-0.0,2482.0551329737727,-0.0,0.0,-0.0,-0.0
2021-11-07 16:00:00,268.706459458255,1644.396,2160.0,186.51454054174565,3500.0,-0.0,0.0,-0.0,-0.0
2021-11-07 17:00:00,-0.0,1567.3709999999999,2160.0,757.2659999999996,3500.0,-0.0,0.0,-0.0,-0.0
2021-11-07 18:00:00,-0.0,1511.198,2160.0,1005.116,3500.0,-0.0,0.0,-0.0,-0.0
2021-11-07 19:00:00,-0.0,1481.2915,2160.0,1107.8545000000004,3500.0,-0.0,0.0,-0.0,-0.0
2021-11-07 20:00:00,-0.0,1479.1205000000002,2160.0,1026.1445000000003,3500.0,-0.0,0.0,-0.0,-0.0
2021-11-07 21:00:00,-0.0,1502.085,2160.0,799.3760000000002,3500.0,-0.0,0.0,-0.0,-0.0
2021-11-07 22:00:00,-0.0,1543.9060000000002,2160.0,517.335,3500.0,-0.0,0.0,-0.0,-0.0
2021-11-07 23:00:00,-0.0,1595.5355,2160.0,263.65049999999974,3500.0,-0.0,0.0,-0.0,-0.0
2021-11-08 00:00:00,-0.0,1655.0235,2160.0,28.82049999999981,3500.0,-0.0,0.0,-0.0,-0.0
2021-11-08 01:00:00,-0.0,1694.8035,2160.0,-0.0,3335.5005,-0.0,0.0,-0.0,-0.0
2021-11-08 02:00:00,-0.0,1714.44,2160.0,-0.0,3209.4990000000003,-0.0,0.0,-0.0,-0.0
2021-11-08 03:00:00,-0.0,1707.7710000000002,2160.0,-0.0,3207.805,-0.0,0.0,-0.0,-0.0
2021-11-08 04:00:00,-0.0,1672.333,2160.0,-0.0,3355.3269999999998,-0.0,0.0,-0.0,-0.0
2021-11-08 05:00:00,-0.0,1609.7965,2160.0,127.86450000000013,3500.0,-0.0,0.0,-0.0,-0.0
2021-11-08 06:00:00,-0.0,1525.784,2160.0,459.93299999999954,3500.0,-0.0,0.0,-0.0,-0.0
2021-11-08 07:00:00,-0.0,1429.2135,2160.0,772.7275,3500.0,-0.0,0.0,-0.0,-0.0
2021-11-08 08:00:00,223.53304605640898,1331.1544999999999,2160.0,781.5044539435912,3500.0,-0.0,0.0,-0.0,-0.0
2021-11-08 09:00:00,1046.921729066352,1243.3785,2160.0,84.02677093364855,3500.0,-0.0,0.0,-0.0,-0.0
2021-11-08 10:00:00,1947.578145089244,1176.864,2160.0,-0.0,2711.325854910757,-0.0,0.0,-0.0,-0.0
2021-11-08 11:00:00,2621.191294567626,1140.334,2160.0,-0.0,1996.807705432374,-0.0,0.0,-0.0,-0.0
2021-11-08 12:00:00,2869.222371569788,1139.138,2160.0,-0.0,1673.397628430212,-0.0,0.0,-0.0,-0.0
2021-11-08 13:00:00,2621.191294567626,1174.576,2160.0,-0.0,1843.468705432374,-0.0,0.0,-0.0,-0.0
2021-11-08 14:00:00,1947.578145089244,1243.736,2160.0,-0.0,2466.322854910756,-0.0,0.0,-0.0,-0.0
2021-11-08 15:00:00,1046.921729066352,1339.923,2160.0,-0.0,3370.153270933648,-0.0,0.0,-0.0,-0.0
2021-11-08 16:00:00,223.53304605640898,1453.5755,2160.0,761.4484539435907,3500.0,-0.0,0.0,-0.0,-0.0
2021-11-08 17:00:00,-0.0,1573.5394999999999,2160.0,1091.7064999999993,3500.0,-0.0,0.0,-0.0,-0.0
2021-11-08 18:00:00,-0.0,1688.6025,2160.0,1170.0824999999995,3500.0,-0.0,0.0,-0.0,-0.0
2021-11-08 19:00:00,-0.0,1788.9690000000003,2160.0,1144.4019999999991,3500.0,-0.0,0.0,-0.0,-0.0
2021-11-08 20:00:00,-0.0,1867.554,2160.0,983.8790000000008,3500.0,-0.0,0.0,-0.0,-0.0
2021-11-08 21:00:00,-0.0,1920.9320000000002,2160.0,728.726999999999,3500.0,-0.0,0.0,-0.0,-0.0
2021-11-08 22:00:00,-0.0,1949.727,2160.0,461.8289999999997,3500.0,-0.0,0.0,-0.0,-0.0
2021-11-08 23:00:00,-0.0,1958.515,2160.0,253.1869999999999,3500.0,-0.0,0.0,-0.0,-0.0
2021-11-09 00:00:00,-0.0,1963.5915,2160.0,-0.0,3138.8035000000004,-0.0,0.0,-0.0,-0.0
2021-11-09 01:00:00,-0.0,1957.9299999999998,2160.0,-0.0,2993.2900000000004,-0.0,0.0,-0.0,-0.0
2021-11-09 02:00:00,-0.0,1960.6860000000001,2160.0,-0.0,2886.6109999999994,-0.0,0.0,-0.0,-0.0
2021-11-09 03:00:00,-0.0,1981.7265,2160.0,-0.0,2859.7275,-0.0,0.0,-0.0,-0.0
2021-11-09 04:00:00,-0.0,2028.7085000000002,2160.0,-0.0,2927.4234999999994,-0.0,0.0,-0.0,-0.0
2021-11-09 05:00:00,-0.0,2105.9610000000002,2160.0,-0.0,3062.8379999999997,-0.0,0.0,-0.0,-0.0
2021-11-09 06:00:00,-0.0,2213.8025000000002,2160.0,-0.0,3205.7875,-0.0,0.0,-0.0,-0.0
2021-11-09 07:00:00,-0.0,2348.411,2160.0,-0.0,3290.2070000000003,-0.0,0.0,-0.0,-0.0
2021-11-09 08:00:00,189.84595624128133,2502.279,2160.0,-0.0,3083.6120437587188,-0.0,0.0,-0.0,-0.0
2021-11-09 09:00:00,931.1640914692159,2665.091,2160.0,-0.0,2220.5489085307845,-0.0,0.0,-0.0,-0.0
2021-11-09 10:00:00,1747.9672822894404,2825.069,2160.0,-0.0,1208.2007177105597,-0.0,0.0,-0.0,-0.0
2021-11-09 11:00:00,2360.460938207988,2970.474,2160.0,-0.0,375.91706179201174,-0.0,0.0,-0.0,-0.0
2021-11-09 12:00:00,2586.2238625500327,3091.0815000000002,2160.0,-0.0,-0.0,-0.0,0.0,43.92436255003258,41.72814442253095
2021-11-09 13:00:00,2360.460938207988,3179.5269999999996,2160.0,-0.0,54.02906179201227,-0.0,0.0,-0.0,41.7239716080887
2021-11-09 14:00:00,1747.9672822894404,3232.216,2160.0,-0.0,635.4417177105597,-0.0,0.0,-0.0,41.719799210927896
2021-11-09 15:00:00,931.1640914692159,3249.727,2160.0,-0.0,1537.3499085307842,-0.0,0.0,-0.0,41.715627231006806
2021-11-09 16:00:00,189.84595624128133,3236.7205,2160.0,-0.0,2476.532543758719,-0.0,0.0,-0.0,41.711455668283705
2021-11-09 17:00:00,-0.0,3201.2045,2160.0,-0.0,2931.924500000001,-0.0,0.0,-0.0,41.707284522716876
2021-11-09 18:00:00,-0.0,3153.475,2160.0,-0.0,3176.472,-0.0,0.0,-0.0,41.7031137942646
2021-11-09 19:00:00,-0.0,3104.6470000000004,2160.0,-0.0,3303.4010000000003,-0.0,0.0,-0.0,41.69894348288518
2021-11-09 20:00:00,-0.0,3065.1595,2160.0,-0.0,3264.399499999999,-0.0,0.0,-0.0,41.69477358853689
2021-11-09 21:00:00,-0.0,3043.339,2160.0,-0.0,3087.9249999999993,-0.0,0.0,-0.0,41.69060411117804
2021-11-09 22:00:00,-0.0,3044.275,2160.0,-0.0,2852.391,-0.0,0.0,-0.0,41.686435050766924
2021-11-09 23:00:00,-0.0,3069.157,2160.0,-0.0,2631.1859999999997,-0.0,0.0,-0.0,41.68226640726185
2021-11-10 00:00:00,-0.0,3123.536,2160.0,-0.0,1970.9470000000001,-0.0,0.0,-0.0,41.67809818062112
2021-11-10 01:00:00,-0.0,3184.012,2160.0,-0.0,1762.8650000000002,-0.0,0.0,-0.0,41.673930370803056
2021-11-10 02:00:00,-0.0,3249.7855000000004,2160.0,-0.0,1596.7534999999993,-0.0,0.0,-0.0,41.66976297776598
2021-11-10 03:00:00,-0.0,3310.1575,2160.0,-0.0,1534.1354999999999,-0.0,0.0,-0.0,41.6655960014682
2021-11-10 04:00:00,-0.0,3354.494,2160.0,-0.0,1608.083,-0.0,0.0,-0.0,41.66142944186806
2021-11-10 05:00:00,-0.0,3373.7275000000004,2160.0,-0.0,1805.1294999999996,-0.0,0.0,-0.0,41.65726329892387
2021-11-10 06:00:00,-0.0,3361.6050000000005,2160.0,-0.0,2071.6589999999997,-0.0,0.0,-0.0,41.65309757259398
2021-11-10 07:00:00,-0.0,3315.6370000000006,2160.0,-0.0,2340.2699999999995,-0.0,0.0,-0.0,41.648932262836716
2021-11-10 08:00:00,173.31790235489936,3237.481,2160.0,-0.0,2385.8400976451007,-0.0,0.0,-0.0,41.644767369610435
2021-11-10 09:00:00,891.9880704894485,3132.8244999999997,2160.0,-0.0,1816.4994295105516,-0.0,0.0,-0.0,41.640602892873474
2021-11-10 10:00:00,1689.708649057605,3010.6635000000006,2160.0,-0.0,1108.9688509423947,-0.0,0.0,-0.0,41.63643883258419
2021-11-10 11:00:00,2289.4478912654604,2882.1845000000003,2160.0,-0.0,566.9096087345397,-0.0,0.0,-0.0,41.63227518870093
2021-11-10 12:00:00,2510.738806957742,2759.3215000000005,2160.0,-0.0,398.5806930422573,-0.0,0.0,-0.0,41.628111961182064
2021-11-10 13:00:00,2289.4478912654604,2653.248,2160.0,-0.0,690.13210873454,-0.0,0.0,-0.0,41.62394914998595
2021-11-10 14:00:00,1689.708649057605,2572.9145,2160.0,-0.0,1395.3428509423954,-0.0,0.0,-0.0,41.61978675507095
2021-11-10 15:00:00,891.9880704894485,2523.9435,2160.0,-0.0,2348.1564295105513,-0.0,0.0,-0.0,41.61562477639544
2021-11-10 16:00:00,173.31790235489936,2507.9080000000004,2160.0,-0.0,3271.1990976451007,-0.0,0.0,-0.0,41.6114632139178
2021-11-10 17:00:00,-0.0,2522.2145,2160.0,124.16156303578373,3500.0,-0.0,39.52693696421659,-0.0,-0.0
2021-11-10 18:00:00,-0.0,2560.5125000000003,2160.0,325.62450000000035,3500.0,-0.0,0.0,-0.0,-0.0
2021-11-10 19:00:00,-0.0,2613.5785,2160.0,354.0385000000001,3500.0,-0.0,0.0,-0.0,-0.0
2021-11-10 20:00:00,-0.0,2670.6355,2160.0,221.8325000000009,3500.0,-0.0,0.0,-0.0,-0.0
2021-11-10 21:00:00,-0.0,2720.848,2160.0,-0.0,3476.625,-0.0,0.0,-0.0,-0.0
2021-11-10 22:00:00,-0.0,2754.791,2160.0,-0.0,3211.339,-0.0,0.0,-0.0,-0.0
2021-11-10 23:00:00,-0.0,2765.776,2160.0,-0.0,3007.2380000000003,-0.0,0.0,-0.0,-0.0
2021-11-11 00:00:00,-0.0,2759.146,2160.0,-0.0,2411.056,-0.0,0.0,-0.0,-0.0
2021-11-11 01:00:00,-0.0,2719.1255,2160.0,-0.0,2306.5755,-0.0,0.0,-0.0,-0.0
2021-11-11 02:00:00,-0.0,2659.033,2160.0,-0.0,2269.3799999999997,-0.0,0.0,-0.0,-0.0
2021-11-11 03:00:00,-0.0,2587.026,2160.0,-0.0,2342.133,-0.0,0.0,-0.0,-0.0
2021-11-11 04:00:00,-0.0,2513.3940000000007,2160.0,-0.0,2536.979999999999,-0.0,0.0,-0.0,-0.0
2021-11-11 05:00:00,-0.0,2449.1025,2160.0,-0.0,2820.4195,-0.0,0.0,-0.0,-0.0
2021-11-11 06:00:00,-0.0,2404.311,2160.0,-0.0,3122.422,-0.0,0.0,-0.0,-0.0
2021-11-11 07:00:00,-0.0,2386.9365000000003,2160.0,-0.0,3365.1755,-0.0,0.0,-0.0,-0.0
2021-11-11 08:00:00,153.79421527710124,2401.516,2160.0,-0.0,3340.199784722899,-0.0,0.0,-0.0,-0.0
2021-11-11 09:00:00,832.1795493283116,2448.5695,2160.0,-0.0,2662.026950671688,-0.0,0.0,-0.0,-0.0
2021-11-11 10:00:00,1590.8343756231334,2524.457,2160.0,-0.0,1798.0346243768668,-0.0,0.0,-0.0,-0.0
2021-11-11 11:00:00,2162.694013221306,2621.762,2160.0,-0.0,1060.512986778694,-0.0,0.0,-0.0,-0.0
2021-11-11 12:00:00,2373.913720392753,2730.2925,2160.0,-0.0,673.2257796072467,-0.0,0.0,-0.0,-0.0
2021-11-11 13:00:00,2162.694013221306,2838.3095000000003,2160.0,-0.0,742.8994867786942,-0.0,0.0,-0.0,-0.0
2021-11-11 14:00:00,1590.8343756231334,2934.0935,2160.0,-0.0,1246.3141243768669,-0.0,0.0,-0.0,-0.0
2021-11-11 15:00:00,832.1795493283116,3007.4265,2160.0,-0.0,2039.874950671688,-0.0,0.0,-0.0,-0.0
2021-11-11 16:00:00,153.79421527710124,3050.8790000000004,2160.0,-0.0,2865.1747847228985,-0.0,0.0,-0.0,-0.0
2021-11-11 17:00:00,-0.0,3060.7915000000003,2160.0,-0.0,3244.4775,-0.0,0.0,-0.0,-0.0
2021-11-11 18:00:00,-0.0,3037.632,2160.0,-0.0,3469.725,-0.0,0.0,-0.0,-0.0
2021-11-11 19:00:00,-0.0,2985.9245,2160.0,104.67450000000008,3500.0,-0.0,0.0,-0.0,-0.0
2021-11-11 20:00:00,-0.0,2913.5340000000006,2160.0,103.58600000000024,3500.0,-0.0,0.0,-0.0,-0.0
2021-11-11 21:00:00,-0.0,2830.5615000000003,2160.0,-0.0,3493.1385000000005,-0.0,0.0,-0.0,-0.0
2021-11-11 22:00:00,-0.0,2747.9400000000005,2160.0,-0.0,3345.896999999999,-0.0,0.0,-0.0,-0.0
2021-11-11 23:00:00,-0.0,2675.9005,2160.0,-0.0,3226.2044999999994,-0.0,0.0,-0.0,-0.0
2021-11-12 00:00:00,-0.0,2630.8685000000005,2160.0,-0.0,2669.5975,-0.0,0.0,-0.0,-0.0
2021-11-12 01:00:00,-0.0,2601.0595000000003,2160.0,-0.0,2556.0924999999997,-0.0,0.0,-0.0,-0.0
2021-11-12 02:00:00,-0.0,2595.7619999999997,2160.0,-0.0,2465.1900000000005,-0.0,0.0,-0.0,-0.0
2021-11-12 03:00:00,-0.0,2611.8625,2160.0,-0.0,2450.8215,-0.0,0.0,-0.0,-0.0
2021-11-12 04:00:00,-0.0,2642.6205000000004,2160.0,-0.0,2542.1644999999994,-0.0,0.0,-0.0,-0.0
2021-11-12 05:00:00,-0.0,2678.5785,2160.0,-0.0,2726.1365,-0.0,0.0,-0.0,-0.0
2021-11-12 06:00:00,-0.0,2708.8490000000006,2160.0,-0.0,2953.756999999999,-0.0,0.0,-0.0,-0.0
2021-11-12 07:00:00,-0.0,2722.616,2160.0,-0.0,3165.9440000000004,-0.0,0.0,-0.0,-0.0
2021-11-12 08:00:00,125.22849427183841,2710.6430000000005,2160.0,-0.0,3196.5585057281614,-0.0,0.0,-0.0,-0.0
2021-11-12 09:00:00,714.0205043466455,2666.5405000000005,2160.0,-0.0,2699.5029956533544,-0.0,0.0,-0.0,-0.0
2021-11-12 10:00:00,1377.476680754745,2587.7085,2160.0,-0.0,2085.6908192452547,-0.0,0.0,-0.0,-0.0
2021-11-12 11:00:00,1878.8684889033061,2475.7200000000003,2160.0,-0.0,1628.0885110966933,-0.0,0.0,-0.0,-0.0
2021-11-12 12:00:00,2064.248562534072,2336.204,2160.0,-0.0,1514.7404374659282,-0.0,0.0,-0.0,-0.0
2021-11-12 13:00:00,1878.8684889033061,2178.1304999999998,2160.0,-0.0,1824.612011096694,-0.0,0.0,-0.0,-0.0
2021-11-12 14:00:00,1377.476680754745,2012.699,2160.0,-0.0,2518.6173192452543,-0.0,0.0,-0.0,-0.0
2021-11-12 15:00:00,714.0205043466455,1851.8825000000002,2160.0,-0.0,3450.865995653355,-0.0,0.0,-0.0,-0.0
2021-11-12 16:00:00,125.22849427183841,1706.9325,2160.0,874.6080057281615,3500.0,-0.0,0.0,-0.0,-0.0
2021-11-12 17:00:00,-0.0,1586.897,2160.0,1354.8210000000008,3500.0,-0.0,0.0,-0.0,-0.0
2021-11-12 18:00:00,-0.0,1497.5415,2160.0,1645.687499999999,3500.0,-0.0,0.0,-0.0,-0.0
2021-11-12 19:00:00,-0.0,1440.6145000000001,2160.0,1785.1774999999998,3500.0,-0.0,0.0,-0.0,-0.0
2021-11-12 20:00:00,-0.0,1413.7175,2160.0,1737.812500000001,3500.0,-0.0,0.0,-0.0,-0.0
2021-11-12 21:00:00,-0.0,1410.7275,2160.0,1546.4975000000004,3500.0,-0.0,0.0,-0.0,-0.0
2021-11-12 22:00:00,-0.0,1422.668,2160.0,1303.7080000000005,3500.0,-0.0,0.0,-0.0,-0.0
2021-11-12 23:00:00,-0.0,1439.048,2160.0,1094.509000000001,3500.0,-0.0,0.0,-0.0,-0.0
2021-11-13 00:00:00,-0.0,1457.5860000000002,2160.0,36.88000000000011,3500.0,-0.0,0.0,-0.0,-0.0
2021-11-13 01:00:00,-0.0,1452.6265000000003,2160.0,-0.0,3397.2394999999997,-0.0,0.0,-0.0,-0.0
2021-11-13 02:00:00,-0.0,1426.0740000000003,2160.0,-0.0,3326.2079999999996,-0.0,0.0,-0.0,-0.0
2021-11-13 03:00:00,-0.0,1375.2050000000002,2160.0,-0.0,3377.3289999999997,-0.0,0.0,-0.0,-0.0
2021-11-13 04:00:00,-0.0,1301.352,2160.0,71.70700000000033,3500.0,-0.0,0.0,-0.0,-0.0
2021-11-13 05:00:00,-0.0,1209.7865000000002,2160.0,381.53250000000025,3500.0,-0.0,0.0,-0.0,-0.0
2021-11-13 06:00:00,-0.0,1108.991,2160.0,738.4560000000001,3500.0,-0.0,0.0,-0.0,-0.0
2021-11-13 07:00:00,-0.0,1009.5605,2160.0,1061.9884999999995,3500.0,-0.0,0.0,-0.0,-0.0
2021-11-13 08:00:00,107.23631700560276,922.792,2160.0,1183.447682994397,3500.0,-0.0,0.0,-0.0,-0.0
2021-11-13 09:00:00,645.7274188294527,859.118,2160.0,754.233581170547,3500.0,-0.0,0.0,-0.0,-0.0
2021-11-13 10:00:00,1257.1612699583993,826.7285,2160.0,143.88523004160015,3500.0,-0.0,0.0,-0.0,-0.0
2021-11-13 11:00:00,1720.430735877548,830.4140000000001,2160.0,-0.0,3106.5292641224523,-0.0,0.0,-0.0,-0.0
2021-11-13 12:00:00,1891.8924483408334,870.9219999999999,2160.0,-0.0,2824.7915516591665,-0.0,0.0,-0.0,-0.0
2021-11-13 13:00:00,1720.430735877548,944.7750000000001,2160.0,-0.0,2886.4542641224525,-0.0,0.0,-0.0,-0.0
2021-11-13 14:00:00,1257.1612699583993,1044.7515,2160.0,-0.0,3274.4862300416007,-0.0,0.0,-0.0,-0.0
2021-11-13 15:00:00,645.7274188294527,1160.7505,2160.0,375.3780811705469,3500.0,-0.0,0.0,-0.0,-0.0
2021-11-13 16:00:00,107.23631700560276,1281.1435000000001,2160.0,980.8821829943972,3500.0,-0.0,0.0,-0.0,-0.0
2021-11-13 17:00:00,-0.0,1394.2435,2160.0,1207.3014999999996,3500.0,-0.0,0.0,-0.0,-0.0
2021-11-13 18:00:00,-0.0,1489.8455,2160.0,1310.4755000000005,3500.0,-0.0,0.0,-0.0,-0.0
2021-11-13 19:00:00,-0.0,1560.5005000000003,2160.0,1319.5794999999998,3500.0,-0.0,0.0,-0.0,-0.0
2021-11-13 20:00:00,-0.0,1602.4645,2160.0,1200.4855000000007,3500.0,-0.0,0.0,-0.0,-0.0
2021-11-13 21:00:00,-0.0,1616.1145,2160.0,989.5985000000001,3500.0,-0.0,0.0,-0.0,-0.0
2021-11-13 22:00:00,-0.0,1605.8120000000001,2160.0,766.0600000000004,3500.0,-0.0,0.0,-0.0,-0.0
2021-11-13 23:00:00,-0.0,1579.24,2160.0,596.7629999999999,3500.0,-0.0,0.0,-0.0,-0.0
2021-11-14 00:00:00,-0.0,1554.5075,2160.0,15.327500000000327,3500.0,-0.0,0.0,-0.0,-0.0
2021-11-14 01:00:00,-0.0,1525.862,2160.0,-0.0,3396.215,-0.0,0.0,-0.0,-0.0
2021-11-14 02:00:00,-0.0,1511.4515000000001,2160.0,-0.0,3309.8345,-0.0,0.0,-0.0,-0.0
2021-11-14 03:00:00,-0.0,1519.0890000000002,2160.0,-0.0,3299.1940000000004,-0.0,0.0,-0.0,-0.0
2021-11-14 04:00:00,-0.0,1553.305,2160.0,-0.0,3382.2039999999997,-0.0,0.0,-0.0,-0.0
2021-11-14 05:00:00,-0.0,1614.6975,2160.0,35.73149999999987,3500.0,-0.0,0.0,-0.0,-0.0
2021-11-14 06:00:00,-0.0,1699.7955000000002,2160.0,203.3824999999997,3500.0,-0.0,0.0,-0.0,-0.0
2021-11-14 07:00:00,-0.0,1801.4750000000001,2160.0,322.3889999999992,3500.0,-0.0,0.0,-0.0,-0.0
2021-11-14 08:00:00,113.90144770552253,1909.882,2160.0,238.55955229447727,3500.0,-0.0,0.0,-0.0,-0.0
2021-11-14 09:00:00,726.0397933477875,2013.7325,2160.0,-0.0,3064.694706652212,-0.0,0.0,-0.0,-0.0
2021-11-14 10:00:00,1426.5033728424823,2101.827,2160.0,-0.0,2241.3256271575174,-0.0,0.0,-0.0,-0.0
2021-11-14 11:00:00,1958.5927636540014,2164.5195,2160.0,-0.0,1572.6137363459984,-0.0,0.0,-0.0,-0.0
2021-11-14 12:00:00,2155.722580559074,2195.0565,2160.0,-0.0,1271.626919440926,-0.0,0.0,-0.0,-0.0
2021-11-14 13:00:00,1958.5927636540014,2190.4545,2160.0,-0.0,1433.8427363459991,-0.0,0.0,-0.0,-0.0
2021-11-14 14:00:00,1426.5033728424823,2151.9485000000004,2160.0,-0.0,2025.5931271575173,-0.0,0.0,-0.0,-0.0
2021-11-14 15:00:00,726.0397933477875,2084.8165000000004,2160.0,-0.0,2895.0477066522126,-0.0,0.0,-0.0,-0.0
2021-11-14 16:00:00,113.90144770552253,1997.7230000000002,2160.0,278.07955229447725,3500.0,-0.0,0.0,-0.0,-0.0
2021-11-14 17:00:00,-0.0,1901.5749999999998,2160.0,716.8000000000002,3500.0,-0.0,0.0,-0.0,-0.0
2021-11-14 18:00:00,-0.0,1808.1115,2160.0,1005.4234999999999,3500.0,-0.0,0.0,-0.0,-0.0
2021-11-14 19:00:00,-0.0,1728.3305000000003,2160.0,1161.3485,3500.0,-0.0,0.0,-0.0,-0.0
2021-11-14 20:00:00,-0.0,1671.1045000000001,2160.0,1137.8314999999993,3500.0,-0.0,0.0,-0.0,-0.0
2021-11-14 21:00:00,-0.0,1642.0365000000002,2160.0,966.0565000000006,3500.0,-0.0,0.0,-0.0,-0.0
2021-11-14 22:00:00,-0.0,1642.7515,2160.0,727.9034999999994,3500.0,-0.0,0.0,-0.0,-0.0
2021-11-14 23:00:00,-0.0,1670.7665000000002,2160.0,500.43349999999964,3500.0,-0.0,0.0,-0.0,-0.0
2021-11-15 00:00:00,-0.0,1728.051,2160.0,269.43499999999995,3500.0,-0.0,0.0,-0.0,-0.0
2021-11-15 01:00:00,-0.0,1789.3200000000004,2160.0,56.85699999999906,3500.0,-0.0,0.0,-0.0,-0.0
2021-11-15 02:00:00,-0.0,1852.2465000000002,2160.0,-0.0,3389.6084999999994,-0.0,0.0,-0.0,-0.0
2021-11-15 03:00:00,-0.0,1906.3265000000001,2160.0,-0.0,3329.0204999999996,-0.0,0.0,-0.0,-0.0
2021-11-15 04:00:00,-0.0,1942.538,2160.0,-0.0,3406.556,-0.0,0.0,-0.0,-0.0
2021-11-15 05:00:00,-0.0,1954.628,2160.0,105.9380000000001,3500.0,-0.0,0.0,-0.0,-0.0
2021-11-15 06:00:00,-0.0,1940.0030000000002,2160.0,369.8960000000002,3500.0,-0.0,0.0,-0.0,-0.0
2021-11-15 07:00:00,-0.0,1900.1775000000002,2160.0,627.0275000000001,3500.0,-0.0,0.0,-0.0,-0.0
2021-11-15 08:00:00,131.04823155577574,1840.5919999999999,2160.0,690.7037684442239,3500.0,-0.0,0.0,-0.0,-0.0
2021-11-15 09:00:00,886.6032819919949,1769.9370000000001,2160.0,44.62871800800531,3500.0,-0.0,0.0,-0.0,-0.0
2021-11-15 10:00:00,1757.9527262608278,1699.0285,2160.0,-0.0,2706.122773739171,-0.0,0.0,-0.0,-0.0
2021-11-15 11:00:00,2421.5314234538523,1639.378,2160.0,-0.0,2025.0565765461483,-0.0,0.0,-0.0,-0.0
2021-11-15 12:00:00,2667.6266720541994,1601.6585,2160.0,-0.0,1740.2038279458006,-0.0,0.0,-0.0,-0.0
2021-11-15 13:00:00,2421.5314234538523,1594.3004999999998,2160.0,-0.0,1951.0360765461487,-0.0,0.0,-0.0,-0.0
2021-11-15 14:00:00,1757.9527262608278,1622.3220000000001,2160.0,-0.0,2604.698273739172,-0.0,0.0,-0.0,-0.0
2021-11-15 15:00:00,886.6032819919949,1686.6915000000001,2160.0,10.54621800800578,3500.0,-0.0,0.0,-0.0,-0.0
2021-11-15 16:00:00,131.04823155577574,1784.1655,2160.0,849.4952684442251,3500.0,-0.0,0.0,-0.0,-0.0
2021-11-15 17:00:00,-0.0,1907.7175000000002,2160.0,1082.7934999999998,3500.0,-0.0,0.0,-0.0,-0.0
2021-11-15 18:00:00,-0.0,2047.435,2160.0,1135.433000000001,3500.0,-0.0,0.0,-0.0,-0.0
2021-11-15 19:00:00,-0.0,2191.8520000000003,2160.0,1064.423999999999,3500.0,-0.0,0.0,-0.0,-0.0
2021-11-15 20:00:00,-0.0,2329.4505,2160.0,843.4165000000003,3500.0,-0.0,0.0,-0.0,-0.0
2021-11-15 21:00:00,-0.0,2450.1165,2160.0,519.3135000000002,3500.0,-0.0,0.0,-0.0,-0.0
2021-11-15 22:00:00,-0.0,2546.5180000000005,2160.0,182.95499999999947,3500.0,-0.0,0.0,-0.0,-0.0
2021-11-15 23:00:00,-0.0,2614.9565000000002,2160.0,-0.0,3412.6195,-0.0,0.0,-0.0,-0.0
2021-11-16 00:00:00,-0.0,2663.9275000000002,2160.0,-0.0,2751.2925,-0.0,0.0,-0.0,-0.0
2021-11-16 01:00:00,-0.0,2681.6335000000004,2160.0,-0.0,2579.9935,-0.0,0.0,-0.0,-0.0
2021-11-16 02:00:00,-0.0,2683.8044999999997,2160.0,-0.0,2471.3005,-0.0,0.0,-0.0,-0.0
2021-11-16 03:00:00,-0.0,2680.2685000000006,2160.0,-0.0,2466.2104999999997,-0.0,0.0,-0.0,-0.0
2021-11-16 04:00:00,-0.0,2681.601,2160.0,-0.0,2576.595,-0.0,0.0,-0.0,-0.0
2021-11-16 05:00:00,-0.0,2697.6169999999997,2160.0,-0.0,2770.1080000000006,-0.0,0.0,-0.0,-0.0
2021-11-16 06:00:00,-0.0,2735.9540000000006,2160.0,-0.0,2979.249999999999,-0.0,0.0,-0.0,-0.0
2021-11-16 07:00:00,-0.0,2800.9604999999997,2160.0,-0.0,3129.7885,-0.0,0.0,-0.0,-0.0
2021-11-16 08:00:00,135.22006428247184,2893.0265,2160.0,-0.0,3035.9704357175287,-0.0,0.0,-0.0,-0.0
2021-11-16 09:00:00,973.5685351317571,3008.4275,2160.0,-0.0,2119.4709648682438,-0.0,0.0,-0.0,-0.0
2021-11-16 10:00:00,1948.0621021896977,3139.7925,2160.0,-0.0,974.0663978103025,-0.0,0.0,-0.0,-0.0
2021-11-16 11:00:00,2692.0573165682436,3276.9815000000003,2160.0,-0.0,14.361183431755762,-0.0,0.0,-0.0,-0.0
2021-11-16 12:00:00,2968.249795985416,3408.4245,1788.9627040145838,-0.0,-0.0,-0.0,0.0,100.0,95.0
2021-11-16 13:00:00,2692.0573165682436,3522.6035,1907.168183431756,-0.0,-0.0,-0.0,0.0,100.0,189.9905
2021-11-16 14:00:00,1948.0621021896977,3609.5865,2160.0,-0.0,321.19839781030214,-0.0,0.0,-0.0,189.97150095
2021-11-16 15:00:00,973.5685351317571,3662.2820000000006,2160.0,-0.0,1340.8774648682424,-0.0,0.0,-0.0,189.952503799905
2021-11-16 16:00:00,135.22006428247184,3677.4075000000003,2160.0,-0.0,2344.083435717527,-0.0,0.0,-0.0,189.93350854952502
2021-11-16 17:00:00,-0.0,3655.873,2160.0,-0.0,2725.8569999999995,-0.0,0.0,-0.0,189.91451519867007
2021-11-16 18:00:00,-0.0,3602.6705,2160.0,-0.0,2970.736499999999,-0.0,0.0,-0.0,189.8955237471502
2021-11-16 19:00:00,-0.0,3526.1850000000004,2160.0,-0.0,3120.053999999999,-0.0,0.0,-0.0,189.8765341947755
2021-11-16 20:00:00,-0.0,3437.0440000000003,2160.0,-0.0,3125.314,-0.0,0.0,-0.0,189.85754654135602
2021-11-16 21:00:00,-0.0,3346.7265,2160.0,-0.0,3011.8275,-0.0,0.0,-0.0,189.8385607867019
2021-11-16 22:00:00,-0.0,3266.0289999999995,2160.0,-0.0,2852.305000000001,-0.0,0.0,-0.0,189.8195769306232
2021-11-16 23:00:00,-0.0,3203.6225,2160.0,-0.0,2712.6565000000005,-0.0,0.0,-0.0,189.80059497293016
2021-11-17 00:00:00,-0.0,3172.9490000000005,2160.0,-0.0,2130.789999999999,-0.0,0.0,-0.0,189.78161491343286
2021-11-17 01:00:00,-0.0,3159.4680000000003,2160.0,-0.0,1990.7309999999993,-0.0,0.0,-0.0,189.76263675194153
2021-11-17 02:00:00,-0.0,3168.6265000000003,2160.0,-0.0,1875.2074999999995,-0.0,0.0,-0.0,189.74366048826633
2021-11-17 03:00:00,-0.0,3194.165,2160.0,-0.0,1841.3059999999996,-0.0,0.0,-0.0,189.7246861222175
2021-11-17 04:00:00,-0.0,3227.0939999999996,2160.0,-0.0,1920.4610000000007,-0.0,0.0,-0.0,189.70571365360527
2021-11-17 05:00:00,-0.0,3256.929,2160.0,-0.0,2100.6269999999995,-0.0,0.0,-0.0,189.6867430822399
2021-11-17 06:00:00,-0.0,3273.2309999999998,2160.0,-0.0,2332.3810000000003,-0.0,0.0,-0.0,189.6677744079317
2021-11-17 07:00:00,-0.0,3267.075500000001,2160.0,-0.0,2554.7604999999994,-0.0,0.0,-0.0,189.6488076304909
2021-11-17 08:00:00,123.13338884962099,3232.3265,2160.0,-0.0,2600.6271111503793,-0.0,0.0,-0.0,189.62984274972786
2021-11-17 09:00:00,946.1606355440355,3166.5789999999997,2160.0,-0.0,1881.4823644559647,-0.0,0.0,-0.0,189.6108797654529
2021-11-17 10:00:00,1910.4849774532015,3071.536,2160.0,-0.0,973.6410225467987,-0.0,0.0,-0.0,189.59191867747634
2021-11-17 11:00:00,2648.56243791987,2952.885,2160.0,-0.0,276.78056208013004,-0.0,0.0,-0.0,189.5729594856086
2021-11-17 12:00:00,2922.8190889352272,2819.5765,2160.0,-0.0,59.257411064772896,-0.0,0.0,-0.0,189.55400218966005
2021-11-17 13:00:00,2648.56243791987,2682.7450000000003,2160.0,-0.0,427.82356208013016,-0.0,0.0,-0.0,189.53504678944108
2021-11-17 14:00:00,1910.4849774532015,2554.2140000000004,2160.0,-0.0,1312.8330225467982,-0.0,0.0,-0.0,189.51609328476215
2021-11-17 15:00:00,946.1606355440355,2445.0205,2160.0,-0.0,2485.7118644559646,-0.0,0.0,-0.0,189.49714167543368
2021-11-17 16:00:00,123.133388849621,2363.933,2160.0,-0.0,3500.0,-0.0,71.38561115037832,-0.0,114.33544338192054
2021-11-17 17:00:00,-0.0,2316.3855,2160.0,368.75549999999976,3500.0,-0.0,100.0,-0.0,9.060851942845517
2021-11-17 18:00:00,-0.0,2303.7235,2160.0,666.2495514352313,3500.0,-0.0,8.606948564768672,-0.0,-0.0
2021-11-17 19:00:00,-0.0,2323.1065000000003,2160.0,730.1594999999998,3500.0,-0.0,0.0,-0.0,-0.0
2021-11-17 20:00:00,-0.0,2367.911,2160.0,603.4169999999995,3500.0,-0.0,0.0,-0.0,-0.0
2021-11-17 21:00:00,-0.0,2428.6275,2160.0,340.92650000000003,3500.0,-0.0,0.0,-0.0,-0.0
2021-11-17 22:00:00,-0.0,2494.1995,2160.0,37.25149999999985,3500.0,-0.0,0.0,-0.0,-0.0
2021-11-17 23:00:00,-0.0,2553.473,2160.0,-0.0,3278.124,-0.0,0.0,-0.0,-0.0
2021-11-18 00:00:00,-0.0,2604.6865000000003,2160.0,-0.0,2616.5174999999995,-0.0,0.0,-0.0,-0.0
2021-11-18 01:00:00,-0.0,2624.9339999999997,2160.0,-0.0,2445.0940000000005,-0.0,0.0,-0.0,-0.0
2021-11-18 02:00:00,-0.0,2618.8175,2160.0,-0.0,2347.2884999999997,-0.0,0.0,-0.0,-0.0
2021-11-18 03:00:00,-0.0,2587.0585,2160.0,-0.0,2373.2045,-0.0,0.0,-0.0,-0.0
2021-11-18 04:00:00,-0.0,2534.311,2160.0,-0.0,2540.6299999999997,-0.0,0.0,-0.0,-0.0
2021-11-18 05:00:00,-0.0,2468.4725000000003,2160.0,-0.0,2819.1344999999997,-0.0,0.0,-0.0,-0.0
2021-11-18 06:00:00,-0.0,2399.5855,2160.0,-0.0,3138.8135,-0.0,0.0,-0.0,-0.0
2021-11-18 07:00:00,-0.0,2338.4205,2160.0,-0.0,3419.0055,-0.0,0.0,-0.0,-0.0
2021-11-18 08:00:00,109.44169113425268,2294.9355,2160.0,-0.0,3490.1688088657475,-0.0,0.0,-0.0,-0.0
2021-11-18 09:00:00,900.2153411971619,2276.898,2160.0,-0.0,2758.498658802838,-0.0,0.0,-0.0,-0.0
2021-11-18 10:00:00,1834.203536758899,2288.7215,2160.0,-0.0,1777.119963241101,-0.0,0.0,-0.0,-0.0
2021-11-18 11:00:00,2550.8337338244464,2330.848,2160.0,-0.0,943.9792661755537,-0.0,0.0,-0.0,-0.0
2021-11-18 12:00:00,2817.3838274680224,2399.553,2160.0,-0.0,535.2531725319773,-0.0,0.0,-0.0,-0.0
2021-11-18 13:00:00,2550.8337338244464,2487.4395000000004,2160.0,-0.0,674.551766175553,-0.0,0.0,-0.0,-0.0
2021-11-18 14:00:00,1834.203536758899,2584.3025000000002,2160.0,-0.0,1315.927963241101,-0.0,0.0,-0.0,-0.0
2021-11-18 15:00:00,900.2153411971619,2678.4745000000003,2160.0,-0.0,2258.3601588028378,-0.0,0.0,-0.0,-0.0
2021-11-18 16:00:00,109.44169113425268,2758.3205,2160.0,-0.0,3154.1458088657478,-0.0,0.0,-0.0,-0.0
2021-11-18 17:00:00,-0.0,2813.7525,2160.0,-0.0,3438.1845,-0.0,0.0,-0.0,-0.0
2021-11-18 18:00:00,-0.0,2837.5035000000003,2160.0,111.25249999999915,3500.0,-0.0,0.0,-0.0,-0.0
2021-11-18 19:00:00,-0.0,2826.096,2160.0,200.76099999999997,3500.0,-0.0,0.0,-0.0,-0.0
2021-11-18 20:00:00,-0.0,2780.2320000000004,2160.0,168.13499999999976,3500.0,-0.0,0.0,-0.0,-0.0
2021-11-18 21:00:00,-0.0,2704.6630000000005,2160.0,45.40899999999965,3500.0,-0.0,0.0,-0.0,-0.0
2021-11-18 22:00:00,-0.0,2607.5400000000004,2160.0,-0.0,3407.935,-0.0,0.0,-0.0,-0.0
2021-11-18 23:00:00,-0.0,2499.2565,2160.0,-0.0,3319.8955,-0.0,0.0,-0.0,-0.0
2021-11-19 00:00:00,-0.0,2398.916,2160.0,-0.0,2813.254,-0.0,0.0,-0.0,-0.0
2021-11-19 01:00:00,-0.0,2301.3185,2160.0,-0.0,2763.2455000000004,-0.0,0.0,-0.0,-0.0
2021-11-19 02:00:00,-0.0,2222.766,2160.0,-0.0,2741.461,-0.0,0.0,-0.0,-0.0
2021-11-19 03:00:00,-0.0,2168.465,2160.0,-0.0,2793.5159999999996,-0.0,0.0,-0.0,-0.0
2021-11-19 04:00:00,-0.0,2139.6895000000004,2160.0,-0.0,2940.5755,-0.0,0.0,-0.0,-0.0
2021-11-19 05:00:00,-0.0,2133.6705,2160.0,-0.0,3162.8734999999997,-0.0,0.0,-0.0,-0.0
2021-11-19 06:00:00,-0.0,2143.9795,2160.0,-0.0,3406.9715,-0.0,0.0,-0.0,-0.0
2021-11-19 07:00:00,-0.0,2161.4515,2160.0,112.14249999999993,3500.0,-0.0,0.0,-0.0,-0.0
2021-11-19 08:00:00,101.62486505603793,2175.498,2160.0,137.20313494396214,3500.0,-0.0,0.0,-0.0,-0.0
2021-11-19 09:00:00,897.7404213416771,2175.563,2160.0,-0.0,2885.6955786583226,-0.0,0.0,-0.0,-0.0
2021-11-19 10:00:00,1845.6592301493863,2152.6505,2160.0,-0.0,1928.719269850614,-0.0,0.0,-0.0,-0.0
2021-11-19 11:00:00,2574.749791041806,2100.5854999999997,2160.0,-0.0,1180.8937089581946,-0.0,0.0,-0.0,-0.0
2021-11-19 12:00:00,2846.1884640038884,2016.95,2160.0,-0.0,923.1895359961122,-0.0,0.0,-0.0,-0.0
2021-11-19 13:00:00,2574.749791041806,1903.473,2160.0,-0.0,1272.2922089581944,-0.0,0.0,-0.0,-0.0
2021-11-19 14:00:00,1845.6592301493863,1765.8939999999998,2160.0,-0.0,2164.0997698506144,-0.0,0.0,-0.0,-0.0
2021-11-19 15:00:00,897.7404213416771,1613.261,2160.0,-0.0,3370.773578658322,-0.0,0.0,-0.0,-0.0
2021-11-19 16:00:00,101.62486505603793,1456.806,2160.0,1011.6811349439604,3500.0,-0.0,0.0,-0.0,-0.0
2021-11-19 17:00:00,-0.0,1308.5215,2160.0,1495.0685000000003,3500.0,-0.0,0.0,-0.0,-0.0
2021-11-19 18:00:00,-0.0,1179.607,2160.0,1824.2170000000006,3500.0,-0.0,0.0,-0.0,-0.0
2021-11-19 19:00:00,-0.0,1079.0455,2160.0,2006.2595000000001,3500.0,-0.0,0.0,-0.0,-0.0
2021-11-19 20:00:00,-0.0,1012.479,2160.0,1997.6770000000006,3500.0,-0.0,0.0,-0.0,-0.0
2021-11-19 21:00:00,-0.0,981.5129999999999,2160.0,1833.647,3500.0,-0.0,0.0,-0.0,-0.0
2021-11-19 22:00:00,-0.0,983.5735000000001,2160.0,1600.2434999999987,3500.0,-0.0,0.0,-0.0,-0.0
2021-11-19 23:00:00,-0.0,1012.2969999999999,2160.0,1378.4040000000005,3500.0,-0.0,0.0,-0.0,-0.0
2021-11-20 00:00:00,-0.0,1066.286,2160.0,284.299,3500.0,-0.0,0.0,-0.0,-0.0
2021-11-20 01:00:00,-0.0,1119.1570000000002,2160.0,86.92599999999948,3500.0,-0.0,0.0,-0.0,-0.0
2021-11-20 02:00:00,-0.0,1167.8615,2160.0,-0.0,3440.9345000000003,-0.0,0.0,-0.0,-0.0
2021-11-20 03:00:00,-0.0,1202.9745,2160.0,-0.0,3406.5675,-0.0,0.0,-0.0,-0.0
2021-11-20 04:00:00,-0.0,1217.788,2160.0,12.968999999999596,3500.0,-0.0,0.0,-0.0,-0.0
2021-11-20 05:00:00,-0.0,1209.2275000000002,2160.0,240.67749999999978,3500.0,-0.0,0.0,-0.0,-0.0
2021-11-20 06:00:00,-0.0,1178.2875,2160.0,528.8285000000001,3500.0,-0.0,0.0,-0.0,-0.0
2021-11-20 07:00:00,-0.0,1129.8625000000002,2160.0,802.6314999999995,3500.0,-0.0,0.0,-0.0,-0.0
2021-11-20 08:00:00,91.63942108465076,1072.0775,2160.0,912.1760789153486,3500.0,-0.0,0.0,-0.0,-0.0
2021-11-20 09:00:00,872.4521313331578,1015.1829999999999,2160.0,235.52386866684174,3500.0,-0.0,0.0,-0.0,-0.0
2021-11-20 10:00:00,1809.7055058131461,970.1184999999999,2160.0,-0.0,2813.8839941868537,-0.0,0.0,-0.0,-0.0
2021-11-20 11:00:00,2532.339221340019,946.9849999999999,2160.0,-0.0,2046.0267786599811,-0.0,0.0,-0.0,-0.0
2021-11-20 12:00:00,2801.6276545266674,953.6605,2160.0,-0.0,1702.5268454733323,-0.0,0.0,-0.0,-0.0
2021-11-20 13:00:00,2532.339221340019,994.6495,2160.0,-0.0,1897.2962786599815,-0.0,0.0,-0.0,-0.0
2021-11-20 14:00:00,1809.7055058131461,1070.407,2160.0,-0.0,2571.5124941868535,-0.0,0.0,-0.0,-0.0
2021-11-20 15:00:00,872.4521313331578,1177.241,2160.0,10.17086866684167,3500.0,-0.0,0.0,-0.0,-0.0
2021-11-20 16:00:00,91.63942108465076,1307.683,2160.0,850.9085789153487,3500.0,-0.0,0.0,-0.0,-0.0
2021-11-20 17:00:00,-0.0,1451.4825,2160.0,1034.1695,3500.0,-0.0,0.0,-0.0,-0.0
2021-11-20 18:00:00,-0.0,1596.8485,2160.0,1090.8914999999997,3500.0,-0.0,0.0,-0.0,-0.0
2021-11-20 19:00:00,-0.0,1731.9965000000002,2160.0,1038.9854999999998,3500.0,-0.0,0.0,-0.0,-0.0
2021-11-20 20:00:00,-0.0,1846.6370000000002,2160.0,850.866,3500.0,-0.0,0.0,-0.0,-0.0
2021-11-20 21:00:00,-0.0,1933.3015,2160.0,570.7814999999996,3500.0,-0.0,0.0,-0.0,-0.0
2021-11-20 22:00:00,-0.0,1988.2330000000002,2160.0,285.9870000000001,3500.0,-0.0,0.0,-0.0,-0.0
2021-11-20 23:00:00,-0.0,2011.854,2160.0,70.63400000000001,3500.0,-0.0,0.0,-0.0,-0.0
2021-11-21 00:00:00,-0.0,2016.339,2160.0,-0.0,2963.3190000000004,-0.0,0.0,-0.0,-0.0
2021-11-21 01:00:00,-0.0,1994.031,2160.0,-0.0,2842.313,-0.0,0.0,-0.0,-0.0
2021-11-21 02:00:00,-0.0,1962.6879999999999,2160.0,-0.0,2777.456,-0.0,0.0,-0.0,-0.0
2021-11-21 03:00:00,-0.0,1933.165,2160.0,-0.0,2808.7110000000002,-0.0,0.0,-0.0,-0.0
2021-11-21 04:00:00,-0.0,1915.6150000000002,2160.0,-0.0,2948.3619999999996,-0.0,0.0,-0.0,-0.0
2021-11-21 05:00:00,-0.0,1918.0720000000001,2160.0,-0.0,3165.835,-0.0,0.0,-0.0,-0.0
2021-11-21 06:00:00,-0.0,1945.3265000000004,2160.0,-0.0,3396.4714999999997,-0.0,0.0,-0.0,-0.0
2021-11-21 07:00:00,-0.0,1998.2495,2160.0,69.50250000000051,3500.0,-0.0,0.0,-0.0,-0.0
2021-11-21 08:00:00,72.95500138358886,2073.656,2160.0,65.0109986164116,3500.0,-0.0,0.0,-0.0,-0.0
2021-11-21 09:00:00,751.260696924598,2164.721,2160.0,-0.0,2843.2743030754023,-0.0,0.0,-0.0,-0.0
2021-11-21 10:00:00,1572.1315778043327,2261.896,2160.0,-0.0,1896.0404221956674,-0.0,0.0,-0.0,-0.0
2021-11-21 11:00:00,2206.531950067469,2354.2155000000002,2160.0,-0.0,1101.1215499325303,-0.0,0.0,-0.0,-0.0
2021-11-21 12:00:00,2443.1624680323607,2430.7660000000005,2160.0,-0.0,720.456531967639,-0.0,0.0,-0.0,-0.0
2021-11-21 13:00:00,2206.531950067469,2482.233,2160.0,-0.0,872.0380499325306,-0.0,0.0,-0.0,-0.0
2021-11-21 14:00:00,1572.1315778043327,2502.123,2160.0,-0.0,1513.730422195667,-0.0,0.0,-0.0,-0.0
2021-11-21 15:00:00,751.260696924598,2487.7515,2160.0,-0.0,2456.9488030754023,-0.0,0.0,-0.0,-0.0
2021-11-21 16:00:00,72.95500138358886,2440.5939999999996,2160.0,-0.0,3372.411998616412,-0.0,0.0,-0.0,-0.0
2021-11-21 17:00:00,-0.0,2366.1820000000002,2160.0,254.7279999999996,3500.0,-0.0,0.0,-0.0,-0.0
2021-11-21 18:00:00,-0.0,2273.3815,2160.0,549.0395000000003,3500.0,-0.0,0.0,-0.0,-0.0
2021-11-21 19:00:00,-0.0,2173.2945,2160.0,731.6895000000004,3500.0,-0.0,0.0,-0.0,-0.0
2021-11-21 20:00:00,-0.0,2077.803,2160.0,752.9189999999999,3500.0,-0.0,0.0,-0.0,-0.0
2021-11-21 21:00:00,-0.0,1998.0285000000003,2160.0,638.3884999999991,3500.0,-0.0,0.0,-0.0,-0.0
2021-11-21 22:00:00,-0.0,1942.9475,2160.0,462.6205,3500.0,-0.0,0.0,-0.0,-0.0
2021-11-21 23:00:00,-0.0,1918.1889999999999,2160.0,294.55999999999995,3500.0,-0.0,0.0,-0.0,-0.0
2021-11-22 00:00:00,-0.0,1933.0610000000001,2160.0,111.66800000000012,3500.0,-0.0,0.0,-0.0,-0.0
2021-11-22 01:00:00,-0.0,1969.7599999999998,2160.0,-0.0,3430.369,-0.0,0.0,-0.0,-0.0
2021-11-22 02:00:00,-0.0,2029.6965,2160.0,-0.0,3272.8485,-0.0,0.0,-0.0,-0.0
2021-11-22 03:00:00,-0.0,2103.79,2160.0,-0.0,3199.0069999999996,-0.0,0.0,-0.0,-0.0
2021-11-22 04:00:00,-0.0,2181.4325,2160.0,-0.0,3241.8895,-0.0,0.0,-0.0,-0.0
2021-11-22 05:00:00,-0.0,2251.977,2160.0,-0.0,3389.6059999999998,-0.0,0.0,-0.0,-0.0
2021-11-22 06:00:00,-0.0,2306.1935,2160.0,91.51750000000038,3500.0,-0.0,0.0,-0.0,-0.0
2021-11-22 07:00:00,-0.0,2337.608,2160.0,284.2039999999997,3500.0,-0.0,0.0,-0.0,-0.0
2021-11-22 08:00:00,53.22915501066452,2343.393,2160.0,367.117844989335,3500.0,-0.0,0.0,-0.0,-0.0
2021-11-22 09:00:00,595.2059731656307,2324.79,2160.0,-0.0,3389.34702683437,-0.0,0.0,-0.0,-0.0
2021-11-22 10:00:00,1256.475153562819,2286.9405,2160.0,-0.0,2734.6223464371815,-0.0,0.0,-0.0,-0.0
2021-11-22 11:00:00,1768.7284292949812,2238.249,2160.0,-0.0,2200.66057070502,-0.0,0.0,-0.0,-0.0
2021-11-22 12:00:00,1959.9649964451612,2189.2065000000002,2160.0,-0.0,1988.6985035548394,-0.0,0.0,-0.0,-0.0
2021-11-22 13:00:00,1768.7284292949812,2151.006,2160.0,-0.0,2182.18957070502,-0.0,0.0,-0.0,-0.0
2021-11-22 14:00:00,1256.475153562819,2134.0085000000004,2160.0,-0.0,2736.1793464371813,-0.0,0.0,-0.0,-0.0
2021-11-22 15:00:00,595.2059731656307,2146.2935,2160.0,-0.0,3490.62052683437,-0.0,0.0,-0.0,-0.0
2021-11-22 16:00:00,53.22915501066452,2192.58,2160.0,673.7168449893352,3500.0,-0.0,0.0,-0.0,-0.0
2021-11-22 17:00:00,-0.0,2273.5245,2160.0,878.2844999999998,3500.0,-0.0,0.0,-0.0,-0.0
2021-11-22 18:00:00,-0.0,2385.5910000000003,2160.0,964.9930000000004,3500.0,-0.0,0.0,-0.0,-0.0
2021-11-22 19:00:00,-0.0,2521.467,2160.0,908.8769999999986,3500.0,-0.0,0.0,-0.0,-0.0
2021-11-22 20:00:00,-0.0,2670.9995,2160.0,682.2134999999998,3500.0,-0.0,0.0,-0.0,-0.0
2021-11-22 21:00:00,-0.0,2822.482,2160.0,333.4950000000008,3500.0,-0.0,0.0,-0.0,-0.0
2021-11-22 22:00:00,-0.0,2964.1885,2160.0,-0.0,3457.9475,-0.0,0.0,-0.0,-0.0
2021-11-22 23:00:00,-0.0,3085.849,2160.0,-0.0,3140.4169999999995,-0.0,0.0,-0.0,-0.0
2021-11-23 00:00:00,-0.0,3187.5480000000002,2160.0,-0.0,2431.2909999999997,-0.0,0.0,-0.0,-0.0
2021-11-23 01:00:00,-0.0,3250.3575,2160.0,-0.0,2220.7245000000003,-0.0,0.0,-0.0,-0.0
2021-11-23 02:00:00,-0.0,3282.1879999999996,2160.0,-0.0,2088.1020000000003,-0.0,0.0,-0.0,-0.0
2021-11-23 03:00:00,-0.0,3287.375,2160.0,-0.0,2079.9129999999996,-0.0,0.0,-0.0,-0.0
2021-11-23 04:00:00,-0.0,3273.5885000000003,2160.0,-0.0,2210.9255,-0.0,0.0,-0.0,-0.0
2021-11-23 05:00:00,-0.0,3250.6955,2160.0,-0.0,2448.7385000000004,-0.0,0.0,-0.0,-0.0
2021-11-23 06:00:00,-0.0,3229.3625,2160.0,-0.0,2722.8205,-0.0,0.0,-0.0,-0.0
2021-11-23 07:00:00,-0.0,3219.5215,2160.0,-0.0,2953.3475000000008,-0.0,0.0,-0.0,-0.0
2021-11-23 08:00:00,44.00333990581231,3228.9855000000002,2160.0,-0.0,3038.358160094187,-0.0,0.0,-0.0,-0.0
2021-11-23 09:00:00,536.5368953042963,3262.285,2160.0,-0.0,2554.6501046957037,-0.0,0.0,-0.0,-0.0
2021-11-23 10:00:00,1142.4083027976478,3320.0375,2160.0,-0.0,1856.2151972023523,-0.0,0.0,-0.0,-0.0
2021-11-23 11:00:00,1612.82685651717,3398.785,2160.0,-0.0,1233.11914348283,-0.0,0.0,-0.0,-0.0
2021-11-23 12:00:00,1788.6013006098153,3491.4295000000006,2160.0,-0.0,891.3801993901841,-0.0,0.0,-0.0,-0.0
2021-11-23 13:00:00,1612.82685651717,3588.1430000000005,2160.0,-0.0,930.92514348283,-0.0,0.0,-0.0,-0.0
2021-11-23 14:00:00,1142.4083027976478,3677.6739999999995,2160.0,-0.0,1332.967697202352,-0.0,0.0,-0.0,-0.0
2021-11-23 15:00:00,536.5368953042963,3748.849,2160.0,-0.0,1969.5231046957033,-0.0,0.0,-0.0,-0.0
2021-11-23 16:00:00,44.00333990581231,3792.087,2160.0,-0.0,2602.6186600941883,-0.0,0.0,-0.0,-0.0
2021-11-23 17:00:00,-0.0,3800.654,2160.0,-0.0,2866.725999999999,-0.0,0.0,-0.0,-0.0
2021-11-23 18:00:00,-0.0,3771.6315,2160.0,-0.0,3090.908500000001,-0.0,0.0,-0.0,-0.0
2021-11-23 19:00:00,-0.0,3706.2935,2160.0,-0.0,3232.3895000000007,-0.0,0.0,-0.0,-0.0
2021-11-23 20:00:00,-0.0,3609.9830000000006,2160.0,-0.0,3247.957,-0.0,0.0,-0.0,-0.0
2021-11-23 21:00:00,-0.0,3491.4230000000002,2160.0,-0.0,3165.6739999999995,-0.0,0.0,-0.0,-0.0
2021-11-23 22:00:00,-0.0,3361.5855000000006,2160.0,-0.0,3058.0744999999993,-0.0,0.0,-0.0,-0.0
2021-11-23 23:00:00,-0.0,3232.255,2160.0,-0.0,2987.95,-0.0,0.0,-0.0,-0.0
2021-11-24 00:00:00,-0.0,3121.9955,2160.0,-0.0,2487.0545,-0.0,0.0,-0.0,-0.0
2021-11-24 01:00:00,-0.0,3024.788,2160.0,-0.0,2432.953,-0.0,0.0,-0.0,-0.0
2021-11-24 02:00:00,-0.0,2953.769,2160.0,-0.0,2399.6510000000003,-0.0,0.0,-0.0,-0.0
2021-11-24 03:00:00,-0.0,2910.648,2160.0,-0.0,2436.263,-0.0,0.0,-0.0,-0.0
2021-11-24 04:00:00,-0.0,2893.0135,2160.0,-0.0,2567.6454999999996,-0.0,0.0,-0.0,-0.0
2021-11-24 05:00:00,-0.0,2894.7555,2160.0,-0.0,2777.3745,-0.0,0.0,-0.0,-0.0
2021-11-24 06:00:00,-0.0,2906.9755000000005,2160.0,-0.0,3014.4874999999993,-0.0,0.0,-0.0,-0.0
2021-11-24 07:00:00,-0.0,2919.2670000000003,2160.0,-0.0,3219.503,-0.0,0.0,-0.0,-0.0
2021-11-24 08:00:00,45.142783205614776,2921.2105,2160.0,-0.0,3307.5547167943846,-0.0,0.0,-0.0,-0.0
2021-11-24 09:00:00,602.9799169691216,2903.8619999999996,2160.0,-0.0,2805.8910830308787,-0.0,0.0,-0.0,-0.0
2021-11-24 10:00:00,1294.8241592443428,2861.0400000000004,2160.0,-0.0,2118.8038407556564,-0.0,0.0,-0.0,-0.0
2021-11-24 11:00:00,1833.192740283268,2790.2484999999997,2160.0,-0.0,1574.088759716733,-0.0,0.0,-0.0,-0.0
2021-11-24 12:00:00,2034.531146150514,2693.067,2160.0,-0.0,1393.4558538494862,-0.0,0.0,-0.0,-0.0
2021-11-24 13:00:00,1833.192740283268,2575.0270000000005,2160.0,-0.0,1670.2132597167324,-0.0,0.0,-0.0,-0.0
2021-11-24 14:00:00,1294.8241592443428,2444.91,2160.0,-0.0,2356.8028407556576,-0.0,0.0,-0.0,-0.0
2021-11-24 15:00:00,602.9799169691216,2313.6099999999997,2160.0,-0.0,3278.8150830308796,-0.0,0.0,-0.0,-0.0
2021-11-24 16:00:00,45.142783205614776,2192.7295000000004,2160.0,638.4007167943837,3500.0,-0.0,0.0,-0.0,-0.0
2021-11-24 17:00:00,-0.0,2093.026,2160.0,1009.0490000000009,3500.0,-0.0,0.0,-0.0,-0.0
2021-11-24 18:00:00,-0.0,2023.008,2160.0,1271.424000000001,3500.0,-0.0,0.0,-0.0,-0.0
2021-11-24 19:00:00,-0.0,1987.791,2160.0,1380.049,3500.0,-0.0,0.0,-0.0,-0.0
2021-11-24 20:00:00,-0.0,1988.428,2160.0,1296.0030000000006,3500.0,-0.0,0.0,-0.0,-0.0
2021-11-24 21:00:00,-0.0,2021.7730000000001,2160.0,1059.2210000000005,3500.0,-0.0,0.0,-0.0,-0.0
2021-11-24 22:00:00,-0.0,2080.884,2160.0,760.1530000000002,3500.0,-0.0,0.0,-0.0,-0.0
2021-11-24 23:00:00,-0.0,2155.946,2160.0,483.1939999999995,3500.0,-0.0,0.0,-0.0,-0.0
2021-11-25 00:00:00,-0.0,2242.981,2160.0,-0.0,3282.4779999999996,-0.0,0.0,-0.0,-0.0
2021-11-25 01:00:00,-0.0,2315.7615,2160.0,-0.0,3056.1045,-0.0,0.0,-0.0,-0.0
2021-11-25 02:00:00,-0.0,2371.6875,2160.0,-0.0,2893.6565,-0.0,0.0,-0.0,-0.0
2021-11-25 03:00:00,-0.0,2403.4985,2160.0,-0.0,2853.2194999999997,-0.0,0.0,-0.0,-0.0
2021-11-25 04:00:00,-0.0,2407.6130000000003,2160.0,-0.0,2960.822,-0.0,0.0,-0.0,-0.0
2021-11-25 05:00:00,-0.0,2384.525,2160.0,-0.0,3193.439,-0.0,0.0,-0.0,-0.0
2021-11-25 06:00:00,-0.0,2338.7195,2160.0,-0.0,3486.7235,-0.0,0.0,-0.0,-0.0
2021-11-25 07:00:00,-0.0,2277.9315,2160.0,263.05649999999923,3500.0,-0.0,0.0,-0.0,-0.0
2021-11-25 08:00:00,46.94383874401222,2212.0865,2160.0,415.42566125598796,3500.0,-0.0,0.0,-0.0,-0.0
2021-11-25 09:00:00,690.2392199927037,2151.8640000000005,2160.0,-0.0,3369.602780007296,-0.0,0.0,-0.0,-0.0
2021-11-25 10:00:00,1494.6065511430413,2107.1830000000004,2160.0,-0.0,2570.3714488569585,-0.0,0.0,-0.0,-0.0
2021-11-25 11:00:00,2121.925222037514,2085.7785,2160.0,-0.0,1885.9352779624855,-0.0,0.0,-0.0,-0.0
2021-11-25 12:00:00,2356.724054267776,2092.103,2160.0,-0.0,1567.0489457322242,-0.0,0.0,-0.0,-0.0
2021-11-25 13:00:00,2121.925222037514,2126.6440000000002,2160.0,-0.0,1723.4987779624862,-0.0,0.0,-0.0,-0.0
2021-11-25 14:00:00,1494.6065511430413,2185.7810000000004,2160.0,-0.0,2308.6984488569587,-0.0,0.0,-0.0,-0.0
2021-11-25 15:00:00,690.2392199927037,2262.2340000000004,2160.0,-0.0,3134.4937800072967,-0.0,0.0,-0.0,-0.0
2021-11-25 16:00:00,46.94383874401222,2345.967,2160.0,374.03916125598835,3500.0,-0.0,0.0,-0.0,-0.0
2021-11-25 17:00:00,-0.0,2425.5075,2160.0,566.461499999999,3500.0,-0.0,0.0,-0.0,-0.0
2021-11-25 18:00:00,-0.0,2489.435,2160.0,694.2110000000011,3500.0,-0.0,0.0,-0.0,-0.0
2021-11-25 19:00:00,-0.0,2527.8955,2160.0,728.5824999999986,3500.0,-0.0,0.0,-0.0,-0.0
2021-11-25 20:00:00,-0.0,2533.9080000000004,2160.0,638.6889999999994,3500.0,-0.0,0.0,-0.0,-0.0
2021-11-25 21:00:00,-0.0,2504.268,2160.0,464.52499999999964,3500.0,-0.0,0.0,-0.0,-0.0
2021-11-25 22:00:00,-0.0,2439.9765,2160.0,288.5965000000001,3500.0,-0.0,0.0,-0.0,-0.0
2021-11-25 23:00:00,-0.0,2346.1099999999997,2160.0,180.40800000000036,3500.0,-0.0,0.0,-0.0,-0.0
2021-11-26 00:00:00,-0.0,2238.4245,2160.0,-0.0,3174.1955,-0.0,0.0,-0.0,-0.0
2021-11-26 01:00:00,-0.0,2113.0265,2160.0,-0.0,3146.0535,-0.0,0.0,-0.0,-0.0
2021-11-26 02:00:00,-0.0,1988.7725,2160.0,-0.0,3163.9425,-0.0,0.0,-0.0,-0.0
2021-11-26 03:00:00,-0.0,1876.5175000000002,2160.0,-0.0,3267.8345,-0.0,0.0,-0.0,-0.0
2021-11-26 04:00:00,-0.0,1784.9910000000002,2160.0,-0.0,3471.4449999999997,-0.0,0.0,-0.0,-0.0
2021-11-26 05:00:00,-0.0,1719.6855,2160.0,246.75149999999985,3500.0,-0.0,0.0,-0.0,-0.0
2021-11-26 06:00:00,-0.0,1682.1545,2160.0,532.3385000000003,3500.0,-0.0,0.0,-0.0,-0.0
2021-11-26 07:00:00,-0.0,1669.8565,2160.0,760.8604999999998,3500.0,-0.0,0.0,-0.0,-0.0
2021-11-26 08:00:00,44.04622218053607,1676.584,2160.0,844.3377778194645,3500.0,-0.0,0.0,-0.0,-0.0
2021-11-26 09:00:00,716.605692908563,1693.3799999999999,2160.0,193.11730709143603,3500.0,-0.0,0.0,-0.0,-0.0
2021-11-26 10:00:00,1564.4495245895355,1709.8054999999997,2160.0,-0.0,2790.288975410465,-0.0,0.0,-0.0,-0.0
2021-11-26 11:00:00,2227.090937777884,1715.4279999999999,2160.0,-0.0,2044.5900622221166,-0.0,0.0,-0.0,-0.0
2021-11-26 12:00:00,2475.3180480359256,1701.3425000000002,2160.0,-0.0,1733.8734519640734,-0.0,0.0,-0.0,-0.0
2021-11-26 13:00:00,2227.090937777884,1661.4455,2160.0,-0.0,1979.475562222116,-0.0,0.0,-0.0,-0.0
2021-11-26 14:00:00,1564.4495245895355,1593.3125,2160.0,-0.0,2728.650975410464,-0.0,0.0,-0.0,-0.0
2021-11-26 15:00:00,716.605692908563,1498.666,2160.0,270.50230709143716,3500.0,-0.0,0.0,-0.0,-0.0
2021-11-26 16:00:00,44.04622218053607,1383.174,2160.0,1240.112777819464,3500.0,-0.0,0.0,-0.0,-0.0
2021-11-26 17:00:00,-0.0,1255.8000000000002,2160.0,1638.2220000000007,3500.0,-0.0,0.0,-0.0,-0.0
2021-11-26 18:00:00,-0.0,1127.633,2160.0,1959.8279999999995,3500.0,-0.0,0.0,-0.0,-0.0
2021-11-26 19:00:00,-0.0,1010.49,2160.0,2151.657000000001,3500.0,-0.0,0.0,-0.0,-0.0
2021-11-26 20:00:00,-0.0,915.3755000000001,2160.0,2164.8335000000006,3500.0,-0.0,0.0,-0.0,-0.0
2021-11-26 21:00:00,-0.0,851.0319999999999,2160.0,2027.4029999999993,3500.0,-0.0,0.0,-0.0,-0.0
2021-11-26 22:00:00,-0.0,822.8415000000001,2160.0,1817.4904999999999,3500.0,-0.0,0.0,-0.0,-0.0
2021-11-26 23:00:00,-0.0,832.117,2160.0,1608.3609999999999,3500.0,-0.0,0.0,-0.0,-0.0
2021-11-27 00:00:00,-0.0,883.1875,2160.0,509.35949999999957,3500.0,-0.0,0.0,-0.0,-0.0
2021-11-27 01:00:00,-0.0,954.9345,2160.0,286.43650000000025,3500.0,-0.0,0.0,-0.0,-0.0
2021-11-27 02:00:00,-0.0,1045.018,2160.0,92.43099999999959,3500.0,-0.0,0.0,-0.0,-0.0
2021-11-27 03:00:00,-0.0,1142.3100000000002,2160.0,-0.0,3489.2959999999994,-0.0,0.0,-0.0,-0.0
2021-11-27 04:00:00,-0.0,1235.5980000000002,2160.0,10.6850000000004,3500.0,-0.0,0.0,-0.0,-0.0
2021-11-27 05:00:00,-0.0,1315.0929999999998,2160.0,143.85699999999997,3500.0,-0.0,0.0,-0.0,-0.0
2021-11-27 06:00:00,-0.0,1373.736,2160.0,336.0060000000003,3500.0,-0.0,0.0,-0.0,-0.0
2021-11-27 07:00:00,-0.0,1408.095,2160.0,520.674,3500.0,-0.0,0.0,-0.0,-0.0
2021-11-27 08:00:00,39.94790192479495,1418.8135000000002,2160.0,607.1275980752052,3500.0,-0.0,0.0,-0.0,-0.0
2021-11-27 09:00:00,723.3259579616989,1410.461,2160.0,-0.0,3473.168042038301,-0.0,0.0,-0.0,-0.0
2021-11-27 10:00:00,1591.8145419025332,1390.8635,2160.0,-0.0,2588.7099580974664,-0.0,0.0,-0.0,-0.0
2021-11-27 11:00:00,2272.000931492141,1369.9855000000002,2160.0,-0.0,1855.0165685078591,-0.0,0.0,-0.0,-0.0
2021-11-27 12:00:00,2527.003441156535,1358.5,2160.0,-0.0,1538.0295588434656,-0.0,0.0,-0.0,-0.0
2021-11-27 13:00:00,2272.000931492141,1366.2869999999998,2160.0,-0.0,1745.880068507859,-0.0,0.0,-0.0,-0.0
2021-11-27 14:00:00,1591.8145419025332,1401.0165000000002,2160.0,-0.0,2412.9449580974665,-0.0,0.0,-0.0,-0.0
2021-11-27 15:00:00,723.3259579616989,1467.0305,2160.0,-0.0,3318.035542038301,-0.0,0.0,-0.0,-0.0
2021-11-27 16:00:00,39.94790192479495,1564.667,2160.0,588.6350980752054,3500.0,-0.0,0.0,-0.0,-0.0
2021-11-27 17:00:00,-0.0,1690.1235000000001,2160.0,733.1564999999991,3500.0,-0.0,0.0,-0.0,-0.0
2021-11-27 18:00:00,-0.0,1835.9055000000003,2160.0,784.1934999999994,3500.0,-0.0,0.0,-0.0,-0.0
2021-11-27 19:00:00,-0.0,1991.7170000000003,2160.0,706.482,3500.0,-0.0,0.0,-0.0,-0.0
2021-11-27 20:00:00,-0.0,2145.806,2160.0,473.9039999999991,3500.0,-0.0,0.0,-0.0,-0.0
2021-11-27 21:00:00,-0.0,2286.4530000000004,2160.0,134.96199999999953,3500.0,-0.0,0.0,-0.0,-0.0
2021-11-27 22:00:00,-0.0,2403.453,2160.0,-0.0,3283.3650000000002,-0.0,0.0,-0.0,-0.0
2021-11-27 23:00:00,-0.0,2489.474,2160.0,-0.0,3001.0199999999995,-0.0,0.0,-0.0,-0.0
2021-11-28 00:00:00,-0.0,2548.0650000000005,2160.0,-0.0,2334.026,-0.0,0.0,-0.0,-0.0
2021-11-28 01:00:00,-0.0,2565.5825,2160.0,-0.0,2168.9015000000004,-0.0,0.0,-0.0,-0.0
2021-11-28 02:00:00,-0.0,2553.8175,2160.0,-0.0,2080.3295,-0.0,0.0,-0.0,-0.0
2021-11-28 03:00:00,-0.0,2520.8235,2160.0,-0.0,2111.0775,-0.0,0.0,-0.0,-0.0
2021-11-28 04:00:00,-0.0,2476.9094999999998,2160.0,-0.0,2273.2755000000006,-0.0,0.0,-0.0,-0.0
2021-11-28 05:00:00,-0.0,2433.2035,2160.0,-0.0,2533.2605,-0.0,0.0,-0.0,-0.0
2021-11-28 06:00:00,-0.0,2400.1705,2160.0,-0.0,2820.7015,-0.0,0.0,-0.0,-0.0
2021-11-28 07:00:00,-0.0,2386.15,2160.0,-0.0,3057.3650000000002,-0.0,0.0,-0.0,-0.0
2021-11-28 08:00:00,38.379635877755,2396.251,2160.0,-0.0,3149.616364122245,-0.0,0.0,-0.0,-0.0
2021-11-28 09:00:00,778.0927488231721,2431.663,2160.0,-0.0,2419.1632511768275,-0.0,0.0,-0.0,-0.0
2021-11-28 10:00:00,1725.7726421002776,2489.5195,2160.0,-0.0,1381.6568578997221,-0.0,0.0,-0.0,-0.0
2021-11-28 11:00:00,2469.4983107519884,2563.2945,2160.0,-0.0,493.3571892480113,-0.0,0.0,-0.0,-0.0
2021-11-28 12:00:00,2748.5332723794204,2643.7450000000003,2160.0,-0.0,63.970727620579055,-0.0,0.0,-0.0,-0.0
2021-11-28 13:00:00,2469.4983107519884,2720.172,2160.0,-0.0,230.7656892480113,-0.0,0.0,-0.0,-0.0
2021-11-28 14:00:00,1725.7726421002776,2781.9415000000004,2160.0,-0.0,937.8598578997216,-0.0,0.0,-0.0,-0.0
2021-11-28 15:00:00,778.0927488231721,2819.9534999999996,2160.0,-0.0,1953.6497511768282,-0.0,0.0,-0.0,-0.0
2021-11-28 16:00:00,38.379635877755,2827.9550000000004,2160.0,-0.0,2873.698364122245,-0.0,0.0,-0.0,-0.0
2021-11-28 17:00:00,-0.0,2803.424,2160.0,-0.0,3170.0870000000004,-0.0,0.0,-0.0,-0.0
2021-11-28 18:00:00,-0.0,2748.005,2160.0,-0.0,3425.7400000000007,-0.0,0.0,-0.0,-0.0
2021-11-28 19:00:00,-0.0,2667.3269999999998,2160.0,87.8980000000006,3500.0,-0.0,0.0,-0.0,-0.0
2021-11-28 20:00:00,-0.0,2570.3664999999996,2160.0,109.70949999999948,3500.0,-0.0,0.0,-0.0,-0.0
2021-11-28 21:00:00,-0.0,2468.2645,2160.0,16.816499999999905,3500.0,-0.0,0.0,-0.0,-0.0
2021-11-28 22:00:00,-0.0,2372.9030000000002,2160.0,-0.0,3380.835,-0.0,0.0,-0.0,-0.0
2021-11-28 23:00:00,-0.0,2295.4035,2160.0,-0.0,3265.2185000000004,-0.0,0.0,-0.0,-0.0
2021-11-29 00:00:00,-0.0,2251.6975,2160.0,-0.0,3139.6515,-0.0,0.0,-0.0,-0.0
2021-11-29 01:00:00,-0.0,2233.27,2160.0,-0.0,3013.5769999999998,-0.0,0.0,-0.0,-0.0
2021-11-29 02:00:00,-0.0,2248.675,2160.0,-0.0,2900.885,-0.0,0.0,-0.0,-0.0
2021-11-29 03:00:00,-0.0,2295.241,2160.0,-0.0,2855.0640000000003,-0.0,0.0,-0.0,-0.0
2021-11-29 04:00:00,-0.0,2366.5395,2160.0,-0.0,2904.9815,-0.0,0.0,-0.0,-0.0
2021-11-29 05:00:00,-0.0,2453.282,2160.0,-0.0,3037.3869999999997,-0.0,0.0,-0.0,-0.0
2021-11-29 06:00:00,-0.0,2544.607,2160.0,-0.0,3203.272,-0.0,0.0,-0.0,-0.0
2021-11-29 07:00:00,-0.0,2629.5944999999997,2160.0,-0.0,3343.6635,-0.0,0.0,-0.0,-0.0
2021-11-29 08:00:00,36.891008340916294,2698.748,2160.0,-0.0,3381.0169916590844,-0.0,0.0,-0.0,-0.0
2021-11-29 09:00:00,843.0838991866364,2745.2945,2160.0,-0.0,2575.5446008133645,-0.0,0.0,-0.0,-0.0
2021-11-29 10:00:00,1884.1920170082972,2766.0945,2160.0,-0.0,1484.1854829917024,-0.0,0.0,-0.0,-0.0
2021-11-29 11:00:00,2702.8452716808893,2762.071,2160.0,-0.0,601.1987283191106,-0.0,0.0,-0.0,-0.0
2021-11-29 12:00:00,3010.2192908614734,2738.0665,2160.0,-0.0,250.29220913852714,-0.0,0.0,-0.0,-0.0
2021-11-29 13:00:00,2702.8452716808893,2702.1605,2160.0,-0.0,560.0432283191108,-0.0,0.0,-0.0,-0.0
2021-11-29 14:00:00,1884.1920170082972,2664.5515000000005,2160.0,-0.0,1443.6454829917025,-0.0,0.0,-0.0,-0.0
2021-11-29 15:00:00,843.0838991866364,2636.127,2160.0,-0.0,2621.4171008133644,-0.0,0.0,-0.0,-0.0
2021-11-29 16:00:00,36.891008340916294,2626.9750000000004,2160.0,127.12899165908402,3500.0,-0.0,0.0,-0.0,-0.0
2021-11-29 17:00:00,-0.0,2644.9215000000004,2160.0,381.4944999999989,3500.0,-0.0,0.0,-0.0,-0.0
2021-11-29 18:00:00,-0.0,2694.445,2160.0,534.0580000000004,3500.0,-0.0,0.0,-0.0,-0.0
2021-11-29 19:00:00,-0.0,2775.9875,2160.0,535.758499999999,3500.0,-0.0,0.0,-0.0,-0.0
2021-11-29 20:00:00,-0.0,2885.8309999999997,2160.0,352.43600000000015,3500.0,-0.0,0.0,-0.0,-0.0
2021-11-29 21:00:00,-0.0,3016.5200000000004,2160.0,28.325999999999112,3500.0,-0.0,0.0,-0.0,-0.0
2021-11-29 22:00:00,-0.0,3157.778,2160.0,-0.0,3157.2060000000006,-0.0,0.0,-0.0,-0.0
2021-11-29 23:00:00,-0.0,3297.8269999999998,2160.0,-0.0,2825.4240000000004,-0.0,0.0,-0.0,-0.0
2021-11-30 00:00:00,-0.0,3431.8245,2160.0,-0.0,2087.1135,-0.0,0.0,-0.0,-0.0
2021-11-30 01:00:00,-0.0,3535.6295,2160.0,-0.0,1839.9944999999998,-0.0,0.0,-0.0,-0.0
2021-11-30 02:00:00,-0.0,3608.722,2160.0,-0.0,1670.7009999999996,-0.0,0.0,-0.0,-0.0
2021-11-30 03:00:00,-0.0,3647.3775,2160.0,-0.0,1633.7785,-0.0,0.0,-0.0,-0.0
2021-11-30 04:00:00,-0.0,3652.051,2160.0,-0.0,1751.2050000000004,-0.0,0.0,-0.0,-0.0
2021-11-30 05:00:00,-0.0,3627.2210000000005,2160.0,-0.0,1995.9659999999994,-0.0,0.0,-0.0,-0.0
2021-11-30 06:00:00,-0.0,3580.7395,2160.0,-0.0,2300.3375,-0.0,0.0,-0.0,-0.0
2021-11-30 07:00:00,-0.0,3522.6815,2160.0,-0.0,2584.350499999999,-0.0,0.0,-0.0,-0.0
2021-11-30 08:00:00,31.475589647231477,3463.9605,2160.0,-0.0,2755.4659103527683,-0.0,0.0,-0.0,-0.0
2021-11-30 09:00:00,816.9134595266571,3414.775,2160.0,-0.0,2066.8475404733426,-0.0,0.0,-0.0,-0.0
2021-11-30 10:00:00,1839.2391410193165,3383.2305,2160.0,-0.0,1046.8783589806833,-0.0,0.0,-0.0,-0.0
2021-11-30 11:00:00,2644.654024880763,3374.189,2160.0,-0.0,182.3059751192368,-0.0,0.0,-0.0,-0.0
2021-11-30 12:00:00,2947.2742376062565,3388.5865000000003,2057.803262393744,-0.0,-0.0,-0.0,0.0,100.0,95.0
2021-11-30 13:00:00,2644.654024880763,3423.3225000000007,2160.0,-0.0,32.10547511923687,-0.0,0.0,-0.0,94.9905
2021-11-30 14:00:00,1839.2391410193165,3471.6435,2160.0,-0.0,816.3823589806827,-0.0,0.0,-0.0,94.98100095
2021-11-30 15:00:00,816.9134595266571,3524.0919999999996,2160.0,-0.0,1894.2355404733432,-0.0,0.0,-0.0,94.971502849905
2021-11-30 16:00:00,31.475589647231477,3569.774,2160.0,-0.0,2823.9904103527683,-0.0,0.0,-0.0,94.96200569962001
2021-11-30 17:00:00,-0.0,3597.88,2160.0,-0.0,3062.309,-0.0,0.0,-0.0,94.95250949905005
2021-11-30 18:00:00,-0.0,3599.1670000000004,2160.0,-0.0,3262.5339999999987,-0.0,0.0,-0.0,94.94301424810014
2021-11-30 19:00:00,-0.0,3567.2585,2160.0,-0.0,3377.0054999999993,-0.0,0.0,-0.0,94.93351994667533
2021-11-30 20:00:00,-0.0,3499.5415,2160.0,-0.0,3370.4605000000006,-0.0,0.0,-0.0,94.92402659468067
2021-11-30 21:00:00,-0.0,3397.6019999999994,2160.0,-0.0,3278.0950000000007,-0.0,0.0,-0.0,94.91453419202121
2021-11-30 22:00:00,-0.0,3267.056,2160.0,-0.0,3177.792,-0.0,0.0,-0.0,94.905042738602
2021-11-30 23:00:00,-0.0,3116.8734999999997,2160.0,-0.0,3135.1545000000006,-0.0,0.0,-0.0,94.89555223432815
2021-12-01 00:00:00,-0.0,2965.0985,2160.0,-0.0,2681.2465,-0.0,0.0,-0.0,94.88606267910473
2021-12-01 01:00:00,-0.0,2810.0150000000003,2160.0,-0.0,2691.7299999999996,-0.0,0.0,-0.0,94.87657407283682
2021-12-01 02:00:00,-0.0,2669.706,2160.0,-0.0,2734.455,-0.0,0.0,-0.0,94.86708641542954
2021-12-01 03:00:00,-0.0,2553.2325,2160.0,-0.0,2851.1804999999995,-0.0,0.0,-0.0,94.857599706788
2021-12-01 04:00:00,-0.0,2466.3275000000003,2160.0,-0.0,3058.6105,-0.0,0.0,-0.0,94.84811394681732
2021-12-01 05:00:00,-0.0,2410.746,2160.0,-0.0,3332.4529999999995,-0.0,0.0,-0.0,94.83862913542264
2021-12-01 06:00:00,-0.0,2384.083,2160.0,25.15631199111658,3500.0,-0.0,90.08768800888365,-0.0,-0.0
2021-12-01 07:00:00,-0.0,2380.1895,2160.0,343.23849999999993,3500.0,-0.0,0.0,-0.0,-0.0
2021-12-01 08:00:00,23.144176272331748,2390.0955000000004,2160.0,452.1163237276678,3500.0,-0.0,0.0,-0.0,-0.0
2021-12-01 09:00:00,687.6662835092789,2403.2775,2160.0,-0.0,3320.0152164907217,-0.0,0.0,-0.0,-0.0
2021-12-01 10:00:00,1559.3587859759018,2409.1859999999997,2160.0,-0.0,2411.109214024099,-0.0,0.0,-0.0,-0.0
2021-12-01 11:00:00,2247.349749565232,2398.6884999999997,2160.0,-0.0,1663.2157504347692,-0.0,0.0,-0.0,-0.0
2021-12-01 12:00:00,2506.0340088166226,2365.4085,2160.0,-0.0,1368.0434911833781,-0.0,0.0,-0.0,-0.0
2021-12-01 13:00:00,2247.349749565232,2306.603,2160.0,-0.0,1649.587250434769,-0.0,0.0,-0.0,-0.0
2021-12-01 14:00:00,1559.3587859759018,2223.611,2160.0,-0.0,2445.3092140240988,-0.0,0.0,-0.0,-0.0
2021-12-01 15:00:00,687.6662835092789,2121.665,2160.0,24.404716490721967,3500.0,-0.0,0.0,-0.0,-0.0
2021-12-01 16:00:00,23.144176272331748,2009.2540000000001,2160.0,988.7438237276683,3500.0,-0.0,0.0,-0.0,-0.0
2021-12-01 17:00:00,-0.0,1896.9730000000002,2160.0,1356.4519999999993,3500.0,-0.0,0.0,-0.0,-0.0
2021-12-01 18:00:00,-0.0,1796.0994999999998,2160.0,1656.1005000000005,3500.0,-0.0,0.0,-0.0,-0.0
2021-12-01 19:00:00,-0.0,1717.0660000000003,2160.0,1814.8939999999984,3500.0,-0.0,0.0,-0.0,-0.0
2021-12-01 20:00:00,-0.0,1668.0625,2160.0,1786.7664999999997,3500.0,-0.0,0.0,-0.0,-0.0
2021-12-01 21:00:00,-0.0,1653.886,2160.0,1603.7070000000003,3500.0,-0.0,0.0,-0.0,-0.0
2021-12-01 22:00:00,-0.0,1675.2775,2160.0,1348.4745000000003,3500.0,-0.0,0.0,-0.0,-0.0
2021-12-01 23:00:00,-0.0,1728.7855000000002,2160.0,1099.0964999999997,3500.0,-0.0,0.0,-0.0,-0.0
2021-12-02 00:00:00,-0.0,1813.9289999999999,2160.0,404.98099999999977,3500.0,-0.0,0.0,-0.0,-0.0
2021-12-02 01:00:00,-0.0,1907.1585,2160.0,163.99450000000024,3500.0,-0.0,0.0,-0.0,-0.0
2021-12-02 02:00:00,-0.0,2003.5990000000002,2160.0,-0.0,3466.7619999999997,-0.0,0.0,-0.0,-0.0
2021-12-02 03:00:00,-0.0,2091.5895,2160.0,-0.0,3375.7695000000003,-0.0,0.0,-0.0,-0.0
2021-12-02 04:00:00,-0.0,2160.964,2160.0,-0.0,3423.621,-0.0,0.0,-0.0,-0.0
2021-12-02 05:00:00,-0.0,2204.2995,2160.0,95.20550000000003,3500.0,-0.0,0.0,-0.0,-0.0
2021-12-02 06:00:00,-0.0,2217.8975,2160.0,334.3555000000006,3500.0,-0.0,0.0,-0.0,-0.0
2021-12-02 07:00:00,-0.0,2202.1805000000004,2160.0,570.7584999999999,3500.0,-0.0,0.0,-0.0,-0.0
2021-12-02 08:00:00,16.393281022964466,2161.5620000000004,2160.0,733.4627189770354,3500.0,-0.0,0.0,-0.0,-0.0
2021-12-02 09:00:00,562.6644526895517,2103.7835,2160.0,287.09504731044854,3500.0,-0.0,0.0,-0.0,-0.0
2021-12-02 10:00:00,1284.722320527277,2038.7965000000002,2160.0,-0.0,3095.213179472723,-0.0,0.0,-0.0,-0.0
2021-12-02 11:00:00,1855.6201699637882,1977.3259999999998,2160.0,-0.0,2511.8548300362113,-0.0,0.0,-0.0,-0.0
2021-12-02 12:00:00,2070.4113580157987,1929.4015,2160.0,-0.0,2271.6691419842014,-0.0,0.0,-0.0,-0.0
2021-12-02 13:00:00,1855.6201699637882,1902.8750000000002,2160.0,-0.0,2473.470830036212,-0.0,0.0,-0.0,-0.0
2021-12-02 14:00:00,1284.722320527277,1902.3745000000004,2160.0,-0.0,3066.023179472724,-0.0,0.0,-0.0,-0.0
2021-12-02 15:00:00,562.6644526895517,1928.5695,2160.0,363.7460473104484,3500.0,-0.0,0.0,-0.0,-0.0
2021-12-02 16:00:00,16.393281022964466,1978.067,2160.0,1044.3197189770362,3500.0,-0.0,0.0,-0.0,-0.0
2021-12-02 17:00:00,-0.0,2043.8210000000001,2160.0,1223.6290000000008,3500.0,-0.0,0.0,-0.0,-0.0
2021-12-02 18:00:00,-0.0,2116.0685,2160.0,1346.5415000000012,3500.0,-0.0,0.0,-0.0,-0.0
2021-12-02 19:00:00,-0.0,2183.6035,2160.0,1355.1505000000006,3500.0,-0.0,0.0,-0.0,-0.0
2021-12-02 20:00:00,-0.0,2235.3109999999997,2160.0,1222.7000000000007,3500.0,-0.0,0.0,-0.0,-0.0
2021-12-02 21:00:00,-0.0,2261.649,2160.0,995.5190000000002,3500.0,-0.0,0.0,-0.0,-0.0
2021-12-02 22:00:00,-0.0,2255.9225,2160.0,763.807499999999,3500.0,-0.0,0.0,-0.0,-0.0
2021-12-02 23:00:00,-0.0,2215.252,2160.0,605.0239999999994,3500.0,-0.0,0.0,-0.0,-0.0
2021-12-03 00:00:00,-0.0,2147.5805,2160.0,59.96550000000025,3500.0,-0.0,0.0,-0.0,-0.0
2021-12-03 01:00:00,-0.0,2045.004,2160.0,11.233000000000175,3500.0,-0.0,0.0,-0.0,-0.0
2021-12-03 02:00:00,-0.0,1922.9015000000002,2160.0,29.014500000000226,3500.0,-0.0,0.0,-0.0,-0.0
2021-12-03 03:00:00,-0.0,1792.2579999999998,2160.0,153.14900000000034,3500.0,-0.0,0.0,-0.0,-0.0
2021-12-03 04:00:00,-0.0,1664.871,2160.0,394.28399999999965,3500.0,-0.0,0.0,-0.0,-0.0
2021-12-03 05:00:00,-0.0,1551.8295,2160.0,718.7965000000004,3500.0,-0.0,0.0,-0.0,-0.0
2021-12-03 06:00:00,-0.0,1462.0774999999999,2160.0,1057.8814999999995,3500.0,-0.0,0.0,-0.0,-0.0
2021-12-03 07:00:00,-0.0,1401.2569999999998,2160.0,1336.009,3500.0,-0.0,0.0,-0.0,-0.0
2021-12-03 08:00:00,13.20161457566832,1371.0775,2160.0,1488.1248854243322,3500.0,-0.0,0.0,-0.0,-0.0
2021-12-03 09:00:00,528.3708849890452,1369.0950000000003,2160.0,1013.7641150109539,3500.0,-0.0,0.0,-0.0,-0.0
2021-12-03 10:00:00,1214.4321462158068,1389.1865,2160.0,269.54535378419405,3500.0,-0.0,0.0,-0.0,-0.0
2021-12-03 11:00:00,1757.7811971619328,1422.408,2160.0,-0.0,3115.8368028380673,-0.0,0.0,-0.0,-0.0
2021-12-03 12:00:00,1962.3418996727062,1458.3335,2160.0,-0.0,2798.8746003272936,-0.0,0.0,-0.0,-0.0
2021-12-03 13:00:00,1757.7811971619328,1486.4915,2160.0,-0.0,2932.656302838067,-0.0,0.0,-0.0,-0.0
2021-12-03 14:00:00,1214.4321462158068,1497.8860000000002,2160.0,-0.0,3482.714853784192,-0.0,0.0,-0.0,-0.0
2021-12-03 15:00:00,528.3708849890452,1486.2965,2160.0,779.233615010954,3500.0,-0.0,0.0,-0.0,-0.0
2021-12-03 16:00:00,13.20161457566832,1449.1620000000003,2160.0,1512.405385424332,3500.0,-0.0,0.0,-0.0,-0.0
2021-12-03 17:00:00,-0.0,1388.0035000000003,2160.0,1812.5674999999992,3500.0,-0.0,0.0,-0.0,-0.0
2021-12-03 18:00:00,-0.0,1308.2745000000002,2160.0,2084.6534999999994,3500.0,-0.0,0.0,-0.0,-0.0
2021-12-03 19:00:00,-0.0,1218.685,2160.0,2247.651,3500.0,-0.0,0.0,-0.0,-0.0
2021-12-03 20:00:00,-0.0,1130.0575000000001,2160.0,2252.8695,3500.0,-0.0,0.0,-0.0,-0.0
2021-12-03 21:00:00,-0.0,1053.9035000000001,2160.0,2125.5864999999994,3500.0,-0.0,0.0,-0.0,-0.0
2021-12-03 22:00:00,-0.0,1000.9025,2160.0,1938.6304999999993,3500.0,-0.0,0.0,-0.0,-0.0
2021-12-03 23:00:00,-0.0,979.4785,2160.0,1758.1575000000003,3500.0,-0.0,0.0,-0.0,-0.0
2021-12-04 00:00:00,-0.0,1001.1754999999999,2160.0,685.0275000000001,3500.0,-0.0,0.0,-0.0,-0.0
2021-12-04 01:00:00,-0.0,1053.9035000000001,2160.0,478.7064999999993,3500.0,-0.0,0.0,-0.0,-0.0
2021-12-04 02:00:00,-0.0,1140.932,2160.0,285.15500000000065,3500.0,-0.0,0.0,-0.0,-0.0
2021-12-04 03:00:00,-0.0,1255.228,2160.0,162.23400000000038,3500.0,-0.0,0.0,-0.0,-0.0
2021-12-04 04:00:00,-0.0,1386.8790000000001,2160.0,142.30000000000018,3500.0,-0.0,0.0,-0.0,-0.0
2021-12-04 05:00:00,-0.0,1524.3995000000002,2160.0,214.3074999999999,3500.0,-0.0,0.0,-0.0,-0.0
2021-12-04 06:00:00,-0.0,1656.2585000000001,2160.0,329.9285,3500.0,-0.0,0.0,-0.0,-0.0
2021-12-04 07:00:00,-0.0,1772.342,2160.0,429.3899999999999,3500.0,-0.0,0.0,-0.0,-0.0
2021-12-04 08:00:00,11.621096450135871,1865.2920000000001,2160.0,458.2869035498634,3500.0,-0.0,0.0,-0.0,-0.0
2021-12-04 09:00:00,548.592940540916,1931.4165,2160.0,-0.0,3392.4405594590835,-0.0,0.0,-0.0,-0.0
2021-12-04 10:00:00,1268.929391350445,1971.1185,2160.0,-0.0,2592.8561086495556,-0.0,0.0,-0.0,-0.0
2021-12-04 11:00:00,1840.3418280836413,1988.7465,2160.0,-0.0,1925.2946719163583,-0.0,0.0,-0.0,-0.0
2021-12-04 12:00:00,2055.5924690791207,1991.9510000000002,2160.0,-0.0,1629.0765309208791,-0.0,0.0,-0.0,-0.0
2021-12-04 13:00:00,1840.3418280836413,1990.5535,2160.0,-0.0,1801.9166719163586,-0.0,0.0,-0.0,-0.0
2021-12-04 14:00:00,1268.929391350445,1995.1165,2160.0,-0.0,2385.7831086495544,-0.0,0.0,-0.0,-0.0
2021-12-04 15:00:00,548.592940540916,2015.4550000000002,2160.0,-0.0,3183.6630594590843,-0.0,0.0,-0.0,-0.0
2021-12-04 16:00:00,11.621096450135871,2059.213,2160.0,356.85990354986416,3500.0,-0.0,0.0,-0.0,-0.0
2021-12-04 17:00:00,-0.0,2130.739,2160.0,521.9739999999997,3500.0,-0.0,0.0,-0.0,-0.0
2021-12-04 18:00:00,-0.0,2230.4100000000003,2160.0,613.9799999999996,3500.0,-0.0,0.0,-0.0,-0.0
2021-12-04 19:00:00,-0.0,2354.5145,2160.0,562.7074999999995,3500.0,-0.0,0.0,-0.0,-0.0
2021-12-04 20:00:00,-0.0,2495.675,2160.0,337.66600000000017,3500.0,-0.0,0.0,-0.0,-0.0
2021-12-04 21:00:00,-0.0,2643.758,2160.0,-0.0,3485.7790000000005,-0.0,0.0,-0.0,-0.0
2021-12-04 22:00:00,-0.0,2787.1935,2160.0,-0.0,3102.1235,-0.0,0.0,-0.0,-0.0
2021-12-04 23:00:00,-0.0,2914.4829999999997,2160.0,-0.0,2772.779,-0.0,0.0,-0.0,-0.0
2021-12-05 00:00:00,-0.0,3022.0905,2160.0,-0.0,2049.6405,-0.0,0.0,-0.0,-0.0
2021-12-05 01:00:00,-0.0,3090.1065,2160.0,-0.0,1828.0845,-0.0,0.0,-0.0,-0.0
2021-12-05 02:00:00,-0.0,3121.6510000000003,2160.0,-0.0,1690.1749999999997,-0.0,0.0,-0.0,-0.0
2021-12-05 03:00:00,-0.0,3117.6535,2160.0,-0.0,1685.8094999999998,-0.0,0.0,-0.0,-0.0
2021-12-05 04:00:00,-0.0,3083.0995,2160.0,-0.0,1832.4474999999998,-0.0,0.0,-0.0,-0.0
2021-12-05 05:00:00,-0.0,3026.3610000000003,2160.0,-0.0,2099.1869999999994,-0.0,0.0,-0.0,-0.0
2021-12-05 06:00:00,-0.0,2958.0655,2160.0,-0.0,2415.5385,-0.0,0.0,-0.0,-0.0
2021-12-05 07:00:00,-0.0,2889.6855,2160.0,-0.0,2700.1425000000004,-0.0,0.0,-0.0,-0.0
2021-12-05 08:00:00,9.666889930582185,2832.0045,2160.0,-0.0,2882.4076100694174,-0.0,0.0,-0.0,-0.0
2021-12-05 09:00:00,545.2236189554784,2793.6675,2160.0,-0.0,2423.3228810445216,-0.0,0.0,-0.0,-0.0
2021-12-05 10:00:00,1268.7639882907963,2780.102,2160.0,-0.0,1674.7890117092036,-0.0,0.0,-0.0,-0.0
2021-12-05 11:00:00,1843.5886288841536,2792.7705,2160.0,-0.0,1009.8608711158465,-0.0,0.0,-0.0,-0.0
2021-12-05 12:00:00,2060.2482589062706,2829.0665,2160.0,-0.0,680.3302410937299,-0.0,0.0,-0.0,-0.0
2021-12-05 13:00:00,1843.5886288841536,2882.7239999999997,2160.0,-0.0,800.8103711158462,-0.0,0.0,-0.0,-0.0
2021-12-05 14:00:00,1268.7639882907963,2944.6885,2160.0,-0.0,1332.0715117092038,-0.0,0.0,-0.0,-0.0
2021-12-05 15:00:00,545.2236189554784,3004.469,2160.0,-0.0,2095.192381044522,-0.0,0.0,-0.0,-0.0
2021-12-05 16:00:00,9.666889930582185,3051.5615000000003,2160.0,-0.0,2765.215610069418,-0.0,0.0,-0.0,-0.0
2021-12-05 17:00:00,-0.0,3077.0025,2160.0,-0.0,2976.1304999999998,-0.0,0.0,-0.0,-0.0
2021-12-05 18:00:00,-0.0,3074.6105000000002,2160.0,-0.0,3171.9625,-0.0,0.0,-0.0,-0.0
2021-12-05 19:00:00,-0.0,3041.9090000000006,2160.0,-0.0,3279.3489999999993,-0.0,0.0,-0.0,-0.0
2021-12-05 20:00:00,-0.0,2980.5555,2160.0,-0.0,3258.7644999999998,-0.0,0.0,-0.0,-0.0
2021-12-05 21:00:00,-0.0,2896.1595,2160.0,-0.0,3141.3865,-0.0,0.0,-0.0,-0.0
2021-12-05 22:00:00,-0.0,2797.6195,2160.0,-0.0,3001.8235000000004,-0.0,0.0,-0.0,-0.0
2021-12-05 23:00:00,-0.0,2695.992,2160.0,-0.0,2903.5969999999998,-0.0,0.0,-0.0,-0.0
2021-12-06 00:00:00,-0.0,2609.3405000000002,2160.0,-0.0,2812.9534999999996,-0.0,0.0,-0.0,-0.0
2021-12-06 01:00:00,-0.0,2535.9880000000003,2160.0,-0.0,2735.13,-0.0,0.0,-0.0,-0.0
2021-12-06 02:00:00,-0.0,2490.956,2160.0,-0.0,2676.2389999999996,-0.0,0.0,-0.0,-0.0
2021-12-06 03:00:00,-0.0,2479.5809999999997,2160.0,-0.0,2681.771,-0.0,0.0,-0.0,-0.0
2021-12-06 04:00:00,-0.0,2503.137,2160.0,-0.0,2772.8929999999996,-0.0,0.0,-0.0,-0.0
2021-12-06 05:00:00,-0.0,2558.6925000000006,2160.0,-0.0,2930.0044999999996,-0.0,0.0,-0.0,-0.0
2021-12-06 06:00:00,-0.0,2639.5395000000003,2160.0,-0.0,3099.9485,-0.0,0.0,-0.0,-0.0
2021-12-06 07:00:00,-0.0,2736.0905000000002,2160.0,-0.0,3222.4254999999994,-0.0,0.0,-0.0,-0.0
2021-12-06 08:00:00,7.731061528767248,2837.1915000000004,2160.0,-0.0,3250.7134384712326,-0.0,0.0,-0.0,-0.0
2021-12-06 09:00:00,527.9053060063303,2931.6105000000002,2160.0,-0.0,2677.186193993669,-0.0,0.0,-0.0,-0.0
2021-12-06 10:00:00,1235.505721222906,3009.5519999999997,2160.0,-0.0,1856.0772787770945,-0.0,0.0,-0.0,-0.0
2021-12-06 11:00:00,1798.470349835524,3063.9375,2160.0,-0.0,1164.342150164476,-0.0,0.0,-0.0,-0.0
2021-12-06 12:00:00,2010.7743659535572,3091.335,2160.0,-0.0,851.1696340464432,-0.0,0.0,-0.0,-0.0
2021-12-06 13:00:00,1798.470349835524,3092.3880000000004,2160.0,-0.0,1023.0566501644755,-0.0,0.0,-0.0,-0.0
2021-12-06 14:00:00,1235.505721222906,3071.6725,2160.0,-0.0,1628.344778777094,-0.0,0.0,-0.0,-0.0
2021-12-06 15:00:00,527.9053060063303,3037.0209999999997,2160.0,-0.0,2473.2126939936693,-0.0,0.0,-0.0,-0.0
2021-12-06 16:00:00,7.731061528767248,2998.4175,2160.0,-0.0,3216.848438471232,-0.0,0.0,-0.0,-0.0
2021-12-06 17:00:00,-0.0,2966.5544999999997,2160.0,-0.0,3486.4725000000003,-0.0,0.0,-0.0,-0.0
2021-12-06 18:00:00,-0.0,2951.3510000000006,2160.0,198.49399999999878,3500.0,-0.0,0.0,-0.0,-0.0
2021-12-06 19:00:00,-0.0,2960.4965,2160.0,267.4494999999997,3500.0,-0.0,0.0,-0.0,-0.0
2021-12-06 20:00:00,-0.0,2998.3785000000003,2160.0,151.07850000000008,3500.0,-0.0,0.0,-0.0,-0.0
2021-12-06 21:00:00,-0.0,3065.3805,2160.0,-0.0,3385.7815,-0.0,0.0,-0.0,-0.0
2021-12-06 22:00:00,-0.0,3157.7520000000004,2160.0,-0.0,3058.813,-0.0,0.0,-0.0,-0.0
2021-12-06 23:00:00,-0.0,3268.0505000000003,2160.0,-0.0,2752.1904999999997,-0.0,0.0,-0.0,-0.0
2021-12-07 00:00:00,-0.0,3392.2525000000005,2160.0,-0.0,2017.8964999999998,-0.0,0.0,-0.0,-0.0
2021-12-07 01:00:00,-0.0,3506.2625000000003,2160.0,-0.0,1756.2804999999994,-0.0,0.0,-0.0,-0.0
2021-12-07 02:00:00,-0.0,3604.6205,2160.0,-0.0,1557.5845,-0.0,0.0,-0.0,-0.0
2021-12-07 03:00:00,-0.0,3677.2255,2160.0,-0.0,1482.7334999999998,-0.0,0.0,-0.0,-0.0
2021-12-07 04:00:00,-0.0,3716.8105,2160.0,-0.0,1561.4325000000003,-0.0,0.0,-0.0,-0.0
2021-12-07 05:00:00,-0.0,3719.8785000000007,2160.0,-0.0,1774.6444999999994,-0.0,0.0,-0.0,-0.0
2021-12-07 06:00:00,-0.0,3687.138,2160.0,-0.0,2061.7920000000004,-0.0,0.0,-0.0,-0.0
2021-12-07 07:00:00,-0.0,3623.347,2160.0,-0.0,2348.226,-0.0,0.0,-0.0,-0.0
2021-12-07 08:00:00,6.8060296025835285,3536.6565,2160.0,-0.0,2568.8424703974165,-0.0,0.0,-0.0,-0.0
2021-12-07 09:00:00,572.1414354035002,3437.4665000000005,2160.0,-0.0,2147.3700645964987,-0.0,0.0,-0.0,-0.0
2021-12-07 10:00:00,1346.2645107951025,3337.0155,2160.0,-0.0,1441.726989204897,-0.0,0.0,-0.0,-0.0
2021-12-07 11:00:00,1962.9851337935627,3245.8725,2160.0,-0.0,845.3503662064379,-0.0,0.0,-0.0,-0.0
2021-12-07 12:00:00,2195.682734562361,3172.4875,2160.0,-0.0,616.1367654376386,-0.0,0.0,-0.0,-0.0
2021-12-07 13:00:00,1962.9851337935627,3122.0735,2160.0,-0.0,863.435366206437,-0.0,0.0,-0.0,-0.0
2021-12-07 14:00:00,1346.2645107951025,3095.9305000000004,2160.0,-0.0,1531.4369892048967,-0.0,0.0,-0.0,-0.0
2021-12-07 15:00:00,572.1414354035002,3091.309,2160.0,-0.0,2416.3035645965006,-0.0,0.0,-0.0,-0.0
2021-12-07 16:00:00,6.8060296025835285,3101.7935,2160.0,-0.0,3159.4914703974164,-0.0,0.0,-0.0,-0.0
2021-12-07 17:00:00,-0.0,3118.245,2160.0,-0.0,3383.3239999999996,-0.0,0.0,-0.0,-0.0
2021-12-07 18:00:00,-0.0,3130.101,2160.0,71.70199999999977,3500.0,-0.0,0.0,-0.0,-0.0
2021-12-07 19:00:00,-0.0,3126.8185000000003,2160.0,156.46449999999913,3500.0,-0.0,0.0,-0.0,-0.0
2021-12-07 20:00:00,-0.0,3099.421,2160.0,108.71300000000019,3500.0,-0.0,0.0,-0.0,-0.0
2021-12-07 21:00:00,-0.0,3041.766,2160.0,-0.0,3471.372999999999,-0.0,0.0,-0.0,-0.0
2021-12-07 22:00:00,-0.0,2951.4355000000005,2160.0,-0.0,3330.3605,-0.0,0.0,-0.0,-0.0
2021-12-07 23:00:00,-0.0,2830.1845000000003,2160.0,-0.0,3258.4955,-0.0,0.0,-0.0,-0.0
2021-12-08 00:00:00,-0.0,2689.8624999999997,2160.0,-0.0,2791.6795000000006,-0.0,0.0,-0.0,-0.0
2021-12-08 01:00:00,-0.0,2527.3495000000003,2160.0,-0.0,2809.6915,-0.0,0.0,-0.0,-0.0
2021-12-08 02:00:00,-0.0,2359.9745,2160.0,-0.0,2879.7785,-0.0,0.0,-0.0,-0.0
2021-12-08 03:00:00,-0.0,2199.7495,2160.0,-0.0,3040.7495,-0.0,0.0,-0.0,-0.0
2021-12-08 04:00:00,-0.0,2057.8740000000003,2160.0,-0.0,3303.841,-0.0,0.0,-0.0,-0.0
2021-12-08 05:00:00,-0.0,1943.3570000000002,2160.0,137.5060000000003,3500.0,-0.0,0.0,-0.0,-0.0
2021-12-08 06:00:00,-0.0,1861.8405000000002,2160.0,476.2325000000001,3500.0,-0.0,0.0,-0.0,-0.0
2021-12-08 07:00:00,-0.0,1814.9365,2160.0,748.5154999999995,3500.0,-0.0,0.0,-0.0,-0.0
2021-12-08 08:00:00,6.493601601024789,1800.0710000000001,2160.0,900.2853983989753,3500.0,-0.0,0.0,-0.0,-0.0
2021-12-08 09:00:00,684.1866932174089,1810.9064999999998,2160.0,259.02380678259124,3500.0,-0.0,0.0,-0.0,-0.0
2021-12-08 10:00:00,1618.027863837236,1838.2324999999998,2160.0,-0.0,2768.405636162763,-0.0,0.0,-0.0,-0.0
2021-12-08 11:00:00,2362.935858063473,1871.285,2160.0,-0.0,1922.0881419365264,-0.0,0.0,-0.0,-0.0
2021-12-08 12:00:00,2644.121059466339,1899.209,2160.0,-0.0,1545.441940533662,-0.0,0.0,-0.0,-0.0
2021-12-08 13:00:00,2362.935858063473,1912.6055000000001,2160.0,-0.0,1779.7016419365277,-0.0,0.0,-0.0,-0.0
2021-12-08 14:00:00,1618.027863837236,1904.7600000000004,2160.0,-0.0,2559.7951361627643,-0.0,0.0,-0.0,-0.0
2021-12-08 15:00:00,684.1866932174089,1872.6175,2160.0,134.01780678259092,3500.0,-0.0,0.0,-0.0,-0.0
2021-12-08 16:00:00,6.493601601024789,1817.1789999999999,2160.0,1057.516398398975,3500.0,-0.0,0.0,-0.0,-0.0
2021-12-08 17:00:00,-0.0,1743.3519999999999,2160.0,1373.2580000000007,3500.0,-0.0,0.0,-0.0,-0.0
2021-12-08 18:00:00,-0.0,1659.281,2160.0,1659.4160000000002,3500.0,-0.0,0.0,-0.0,-0.0
2021-12-08 19:00:00,-0.0,1575.236,2160.0,1826.7040000000006,3500.0,-0.0,0.0,-0.0,-0.0
2021-12-08 20:00:00,-0.0,1502.1695000000002,2160.0,1826.2904999999992,3500.0,-0.0,0.0,-0.0,-0.0
2021-12-08 21:00:00,-0.0,1450.2215,2160.0,1684.8185000000012,3500.0,-0.0,0.0,-0.0,-0.0
2021-12-08 22:00:00,-0.0,1427.2894999999999,2160.0,1477.8885,3500.0,-0.0,0.0,-0.0,-0.0
2021-12-08 23:00:00,-0.0,1437.9040000000002,2160.0,1275.5409999999993,3500.0,-0.0,0.0,-0.0,-0.0
2021-12-09 00:00:00,-0.0,1488.552,2160.0,618.8370000000004,3500.0,-0.0,0.0,-0.0,-0.0
2021-12-09 01:00:00,-0.0,1563.601,2160.0,400.4739999999997,3500.0,-0.0,0.0,-0.0,-0.0
2021-12-09 02:00:00,-0.0,1661.6339999999998,2160.0,206.24099999999999,3500.0,-0.0,0.0,-0.0,-0.0
2021-12-09 03:00:00,-0.0,1772.4199999999998,2160.0,97.1869999999999,3500.0,-0.0,0.0,-0.0,-0.0
2021-12-09 04:00:00,-0.0,1884.233,2160.0,107.47400000000016,3500.0,-0.0,0.0,-0.0,-0.0
2021-12-09 05:00:00,-0.0,1985.334,2160.0,226.3040000000001,3500.0,-0.0,0.0,-0.0,-0.0
2021-12-09 06:00:00,-0.0,2065.505,2160.0,404.02300000000014,3500.0,-0.0,0.0,-0.0,-0.0
2021-12-09 07:00:00,-0.0,2117.336,2160.0,578.1470000000004,3500.0,-0.0,0.0,-0.0,-0.0
2021-12-09 08:00:00,5.672712342027315,2137.135,2160.0,696.545287657972,3500.0,-0.0,0.0,-0.0,-0.0
2021-12-09 09:00:00,766.2143587246939,2125.3959999999997,2160.0,-0.0,3495.3766412753057,-0.0,0.0,-0.0,-0.0
2021-12-09 10:00:00,1820.5118390435307,2086.63,2160.0,-0.0,2450.65716095647,-0.0,0.0,-0.0,-0.0
2021-12-09 11:00:00,2662.480799087349,2028.7215000000003,2160.0,-0.0,1598.3977009126506,-0.0,0.0,-0.0,-0.0
2021-12-09 12:00:00,2980.4467401246993,1961.778,2160.0,-0.0,1279.8912598753004,-0.0,0.0,-0.0,-0.0
2021-12-09 13:00:00,2662.480799087349,1896.7324999999998,2160.0,-0.0,1629.3207009126504,-0.0,0.0,-0.0,-0.0
2021-12-09 14:00:00,1820.5118390435307,1843.8095,2160.0,-0.0,2551.394660956469,-0.0,0.0,-0.0,-0.0
2021-12-09 15:00:00,766.2143587246939,1811.134,2160.0,246.34364127530534,3500.0,-0.0,0.0,-0.0,-0.0
2021-12-09 16:00:00,5.672712342027315,1803.5745000000004,2160.0,1204.4447876579716,3500.0,-0.0,0.0,-0.0,-0.0
2021-12-09 17:00:00,-0.0,1822.0865,2160.0,1426.5545000000002,3500.0,-0.0,0.0,-0.0,-0.0
2021-12-09 18:00:00,-0.0,1863.5694999999998,2160.0,1586.5825000000004,3500.0,-0.0,0.0,-0.0,-0.0
2021-12-09 19:00:00,-0.0,1921.2765,2160.0,1611.4385000000002,3500.0,-0.0,0.0,-0.0,-0.0
2021-12-09 20:00:00,-0.0,1985.7435,2160.0,1472.709499999999,3500.0,-0.0,0.0,-0.0,-0.0
2021-12-09 21:00:00,-0.0,2046.0830000000003,2160.0,1218.0649999999987,3500.0,-0.0,0.0,-0.0,-0.0
2021-12-09 22:00:00,-0.0,2091.4595000000004,2160.0,941.8395,3500.0,-0.0,0.0,-0.0,-0.0
2021-12-09 23:00:00,-0.0,2112.6235,2160.0,727.8554999999997,3500.0,-0.0,0.0,-0.0,-0.0
2021-12-10 00:00:00,-0.0,2109.029,2160.0,123.99900000000025,3500.0,-0.0,0.0,-0.0,-0.0
2021-12-10 01:00:00,-0.0,2066.3175,2160.0,22.110499999999774,3500.0,-0.0,0.0,-0.0,-0.0
2021-12-10 02:00:00,-0.0,1991.8990000000001,2160.0,-0.0,3498.9449999999997,-0.0,0.0,-0.0,-0.0
2021-12-10 03:00:00,-0.0,1891.3635000000002,2160.0,99.73249999999916,3500.0,-0.0,0.0,-0.0,-0.0
2021-12-10 04:00:00,-0.0,1773.6355000000003,2160.0,337.9854999999998,3500.0,-0.0,0.0,-0.0,-0.0
2021-12-10 05:00:00,-0.0,1649.869,2160.0,680.0120000000006,3500.0,-0.0,0.0,-0.0,-0.0
2021-12-10 06:00:00,-0.0,1531.972,2160.0,1054.0370000000003,3500.0,-0.0,0.0,-0.0,-0.0
2021-12-10 07:00:00,-0.0,1431.1310000000003,2160.0,1378.9800000000005,3500.0,-0.0,0.0,-0.0,-0.0
2021-12-10 08:00:00,4.171832726696114,1356.342,2160.0,1591.5241672733036,3500.0,-0.0,0.0,-0.0,-0.0
2021-12-10 09:00:00,741.2139925607485,1313.2795,2160.0,943.1475074392511,3500.0,-0.0,0.0,-0.0,-0.0
2021-12-10 10:00:00,1768.7161772164889,1303.6075000000003,2160.0,-0.0,3394.0133227835104,-0.0,0.0,-0.0,-0.0
2021-12-10 11:00:00,2590.1629057853706,1324.8495000000003,2160.0,-0.0,2480.923594214629,-0.0,0.0,-0.0,-0.0
2021-12-10 12:00:00,2900.5019279611392,1370.7785000000001,2160.0,-0.0,2054.88757203886,-0.0,0.0,-0.0,-0.0
2021-12-10 13:00:00,2590.1629057853706,1432.3335000000002,2160.0,-0.0,2267.7255942146285,-0.0,0.0,-0.0,-0.0
2021-12-10 14:00:00,1768.7161772164889,1498.8999999999999,2160.0,-0.0,3047.3448227835106,-0.0,0.0,-0.0,-0.0
2021-12-10 15:00:00,741.2139925607485,1559.8245,2160.0,619.379507439251,3500.0,-0.0,0.0,-0.0,-0.0
2021-12-10 16:00:00,4.171832726696114,1605.89,2160.0,1497.762167273304,3500.0,-0.0,0.0,-0.0,-0.0
2021-12-10 17:00:00,-0.0,1630.6029999999998,2160.0,1709.504,3500.0,-0.0,0.0,-0.0,-0.0
2021-12-10 18:00:00,-0.0,1631.123,2160.0,1907.7600000000002,3500.0,-0.0,0.0,-0.0,-0.0
2021-12-10 19:00:00,-0.0,1608.6720000000003,2160.0,2009.9699999999993,3500.0,-0.0,0.0,-0.0,-0.0
2021-12-10 20:00:00,-0.0,1568.3850000000002,2160.0,1973.1270000000004,3500.0,-0.0,0.0,-0.0,-0.0
2021-12-10 21:00:00,-0.0,1518.621,2160.0,1825.6539999999995,3500.0,-0.0,0.0,-0.0,-0.0
2021-12-10 22:00:00,-0.0,1469.871,2160.0,1640.5629999999992,3500.0,-0.0,0.0,-0.0,-0.0
2021-12-10 23:00:00,-0.0,1433.289,2160.0,1481.2760000000007,3500.0,-0.0,0.0,-0.0,-0.0
2021-12-11 00:00:00,-0.0,1424.9495000000002,2160.0,442.70049999999947,3500.0,-0.0,0.0,-0.0,-0.0
2021-12-11 01:00:00,-0.0,1441.4205000000002,2160.0,278.47149999999965,3500.0,-0.0,0.0,-0.0,-0.0
2021-12-11 02:00:00,-0.0,1493.128,2160.0,125.97299999999996,3500.0,-0.0,0.0,-0.0,-0.0
2021-12-11 03:00:00,-0.0,1580.7025000000003,2160.0,35.39649999999983,3500.0,-0.0,0.0,-0.0,-0.0
2021-12-11 04:00:00,-0.0,1700.5690000000002,2160.0,32.7549999999992,3500.0,-0.0,0.0,-0.0,-0.0
2021-12-11 05:00:00,-0.0,1845.3825000000002,2160.0,102.86249999999973,3500.0,-0.0,0.0,-0.0,-0.0
2021-12-11 06:00:00,-0.0,2004.9705,2160.0,196.0225000000005,3500.0,-0.0,0.0,-0.0,-0.0
2021-12-11 07:00:00,-0.0,2167.594,2160.0,254.08500000000004,3500.0,-0.0,0.0,-0.0,-0.0
2021-12-11 08:00:00,2.7077093468424116,2321.4880000000003,2160.0,235.96229065315674,3500.0,-0.0,0.0,-0.0,-0.0
2021-12-11 09:00:00,653.0480357287212,2456.3630000000003,2160.0,-0.0,2992.870964271278,-0.0,0.0,-0.0,-0.0
2021-12-11 10:00:00,1564.4556506287815,2564.6985,2160.0,-0.0,1938.3178493712182,-0.0,0.0,-0.0,-0.0
2021-12-11 11:00:00,2293.803505169544,2642.6855,2160.0,-0.0,1057.051994830456,-0.0,0.0,-0.0,-0.0
2021-12-11 12:00:00,2569.444641054554,2690.6425,2160.0,-0.0,660.134858945446,-0.0,0.0,-0.0,-0.0
2021-12-11 13:00:00,2293.803505169544,2712.8790000000004,2160.0,-0.0,874.0234948304555,-0.0,0.0,-0.0,-0.0
2021-12-11 14:00:00,1564.4556506287815,2717.0455000000006,2160.0,-0.0,1620.3588493712175,-0.0,0.0,-0.0,-0.0
2021-12-11 15:00:00,653.0480357287212,2712.9829999999997,2160.0,-0.0,2637.6889642712795,-0.0,0.0,-0.0,-0.0
2021-12-11 16:00:00,2.7077093468424116,2711.345,2160.0,-0.0,3473.466290653158,-0.0,0.0,-0.0,-0.0
2021-12-11 17:00:00,-0.0,2722.0440000000003,2160.0,194.14600000000019,3500.0,-0.0,0.0,-0.0,-0.0
2021-12-11 18:00:00,-0.0,2752.8734999999997,2160.0,358.47650000000067,3500.0,-0.0,0.0,-0.0,-0.0
2021-12-11 19:00:00,-0.0,2808.364,2160.0,379.13000000000056,3500.0,-0.0,0.0,-0.0,-0.0
2021-12-11 20:00:00,-0.0,2889.1070000000004,2160.0,217.64399999999978,3500.0,-0.0,0.0,-0.0,-0.0
2021-12-11 21:00:00,-0.0,2991.625,2160.0,-0.0,3414.2829999999994,-0.0,0.0,-0.0,-0.0
2021-12-11 22:00:00,-0.0,3108.8135,2160.0,-0.0,3059.656499999999,-0.0,0.0,-0.0,-0.0
2021-12-11 23:00:00,-0.0,3230.825,2160.0,-0.0,2738.191,-0.0,0.0,-0.0,-0.0
2021-12-12 00:00:00,-0.0,3352.024000000001,2160.0,-0.0,2002.4419999999996,-0.0,0.0,-0.0,-0.0
2021-12-12 01:00:00,-0.0,3449.9725000000003,2160.0,-0.0,1753.1844999999998,-0.0,0.0,-0.0,-0.0
2021-12-12 02:00:00,-0.0,3520.686,2160.0,-0.0,1578.15,-0.0,0.0,-0.0,-0.0
2021-12-12 03:00:00,-0.0,3557.424,2160.0,-0.0,1534.9030000000002,-0.0,0.0,-0.0,-0.0
2021-12-12 04:00:00,-0.0,3557.2419999999997,2160.0,-0.0,1648.833,-0.0,0.0,-0.0,-0.0
2021-12-12 05:00:00,-0.0,3521.3945000000003,2160.0,-0.0,1896.1515,-0.0,0.0,-0.0,-0.0
2021-12-12 06:00:00,-0.0,3455.1984999999995,2160.0,-0.0,2211.6805000000004,-0.0,0.0,-0.0,-0.0
2021-12-12 07:00:00,-0.0,3367.3575000000005,2160.0,-0.0,2516.828499999999,-0.0,0.0,-0.0,-0.0
2021-12-12 08:00:00,1.745921185181193,3268.798,2160.0,-0.0,2748.780078814819,-0.0,0.0,-0.0,-0.0
2021-12-12 09:00:00,595.089578419952,3171.2915000000003,2160.0,-0.0,2291.7689215800474,-0.0,0.0,-0.0,-0.0
2021-12-12 10:00:00,1430.6507014121935,3085.8684999999996,2160.0,-0.0,1503.5647985878068,-0.0,0.0,-0.0,-0.0
2021-12-12 11:00:00,2099.8776067902604,3021.434,2160.0,-0.0,821.6343932097393,-0.0,0.0,-0.0,-0.0
2021-12-12 12:00:00,2352.883027660377,2983.617,2160.0,-0.0,529.9699723396229,-0.0,0.0,-0.0,-0.0
2021-12-12 13:00:00,2099.8776067902604,2974.062,2160.0,-0.0,749.9093932097398,-0.0,0.0,-0.0,-0.0
2021-12-12 14:00:00,1430.6507014121935,2990.3185,2160.0,-0.0,1420.9847985878064,-0.0,0.0,-0.0,-0.0
2021-12-12 15:00:00,595.089578419952,3026.2245000000003,2160.0,-0.0,2319.5069215800477,-0.0,0.0,-0.0,-0.0
2021-12-12 16:00:00,1.745921185181193,3072.8100000000004,2160.0,-0.0,3047.133078814819,-0.0,0.0,-0.0,-0.0
2021-12-12 17:00:00,-0.0,3119.6229999999996,2160.0,-0.0,3227.8680000000004,-0.0,0.0,-0.0,-0.0
2021-12-12 18:00:00,-0.0,3156.1725,2160.0,-0.0,3383.6755,-0.0,0.0,-0.0,-0.0
2021-12-12 19:00:00,-0.0,3173.4495,2160.0,-0.0,3439.8064999999992,-0.0,0.0,-0.0,-0.0
2021-12-12 20:00:00,-0.0,3165.214,2160.0,-0.0,3364.633,-0.0,0.0,-0.0,-0.0
2021-12-12 21:00:00,-0.0,3128.879,2160.0,-0.0,3197.532,-0.0,0.0,-0.0,-0.0
2021-12-12 22:00:00,-0.0,3065.972,2160.0,-0.0,3020.4809999999993,-0.0,0.0,-0.0,-0.0
2021-12-12 23:00:00,-0.0,2981.927,2160.0,-0.0,2902.6289999999995,-0.0,0.0,-0.0,-0.0
2021-12-13 00:00:00,-0.0,2890.966,2160.0,-0.0,2812.609,-0.0,0.0,-0.0,-0.0
2021-12-13 01:00:00,-0.0,2792.8940000000002,2160.0,-0.0,2757.0879999999997,-0.0,0.0,-0.0,-0.0
2021-12-13 02:00:00,-0.0,2704.7345,2160.0,-0.0,2738.7255,-0.0,0.0,-0.0,-0.0
2021-12-13 03:00:00,-0.0,2637.1670000000004,2160.0,-0.0,2797.6669999999995,-0.0,0.0,-0.0,-0.0
2021-12-13 04:00:00,-0.0,2598.6285000000003,2160.0,-0.0,2947.9225,-0.0,0.0,-0.0,-0.0
2021-12-13 05:00:00,-0.0,2594.15,2160.0,-0.0,3161.93,-0.0,0.0,-0.0,-0.0
2021-12-13 06:00:00,-0.0,2624.7195,2160.0,-0.0,3378.8395,-0.0,0.0,-0.0,-0.0
2021-12-13 07:00:00,-0.0,2687.1,2160.0,32.00399999999945,3500.0,-0.0,0.0,-0.0,-0.0
2021-12-13 08:00:00,1.1455693390487127,2774.2780000000002,2160.0,77.14843066095136,3500.0,-0.0,0.0,-0.0,-0.0
2021-12-13 09:00:00,579.1680024189486,2876.38,2160.0,-0.0,2934.2739975810514,-0.0,0.0,-0.0,-0.0
2021-12-13 10:00:00,1396.7369481449546,2981.9660000000003,2160.0,-0.0,1971.5740518550451,-0.0,0.0,-0.0,-0.0
2021-12-13 11:00:00,2052.0577444340347,3079.5245,2160.0,-0.0,1140.1727555659645,-0.0,0.0,-0.0,-0.0
2021-12-13 12:00:00,2299.8744100625777,3159.0065,2160.0,-0.0,735.1110899374225,-0.0,0.0,-0.0,-0.0
2021-12-13 13:00:00,2052.0577444340347,3213.0995000000003,2160.0,-0.0,885.0267555659643,-0.0,0.0,-0.0,-0.0
2021-12-13 14:00:00,1396.7369481449546,3238.1634999999997,2160.0,-0.0,1532.301551855045,-0.0,0.0,-0.0,-0.0
2021-12-13 15:00:00,579.1680024189486,3234.6600000000003,2160.0,-0.0,2451.2549975810516,-0.0,0.0,-0.0,-0.0
2021-12-13 16:00:00,1.1455693390487127,3207.009,2160.0,-0.0,3236.911430660952,-0.0,0.0,-0.0,-0.0
2021-12-13 17:00:00,-0.0,3162.9390000000003,2160.0,7.146999999999025,3500.0,-0.0,0.0,-0.0,-0.0
2021-12-13 18:00:00,-0.0,3112.3235,2160.0,249.43850000000066,3500.0,-0.0,0.0,-0.0,-0.0
2021-12-13 19:00:00,-0.0,3065.8289999999997,2160.0,368.7649999999994,3500.0,-0.0,0.0,-0.0,-0.0
2021-12-13 20:00:00,-0.0,3033.3485,2160.0,317.3654999999999,3500.0,-0.0,0.0,-0.0,-0.0
2021-12-13 21:00:00,-0.0,3022.604,2160.0,124.30499999999984,3500.0,-0.0,0.0,-0.0,-0.0
2021-12-13 22:00:00,-0.0,3038.0415,2160.0,-0.0,3368.6475000000005,-0.0,0.0,-0.0,-0.0
2021-12-13 23:00:00,-0.0,3080.1420000000003,2160.0,-0.0,3124.4919999999997,-0.0,0.0,-0.0,-0.0
2021-12-14 00:00:00,-0.0,3150.6800000000003,2160.0,-0.0,2436.5549999999994,-0.0,0.0,-0.0,-0.0
2021-12-14 01:00:00,-0.0,3231.5985,2160.0,-0.0,2202.0964999999997,-0.0,0.0,-0.0,-0.0
2021-12-14 02:00:00,-0.0,3318.269500000001,2160.0,-0.0,2009.0604999999991,-0.0,0.0,-0.0,-0.0
2021-12-14 03:00:00,-0.0,3399.2270000000003,2160.0,-0.0,1919.7399999999993,-0.0,0.0,-0.0,-0.0
2021-12-14 04:00:00,-0.0,3463.083,2160.0,-0.0,1967.9680000000003,-0.0,0.0,-0.0,-0.0
2021-12-14 05:00:00,-0.0,3500.0029999999997,2160.0,-0.0,2141.049,-0.0,0.0,-0.0,-0.0
2021-12-14 06:00:00,-0.0,3503.0255000000006,2160.0,-0.0,2386.0824999999995,-0.0,0.0,-0.0,-0.0
2021-12-14 07:00:00,-0.0,3468.985,2160.0,-0.0,2636.347,-0.0,0.0,-0.0,-0.0
2021-12-14 08:00:00,0.6738643170874781,3398.915,2160.0,-0.0,2839.994135682913,-0.0,0.0,-0.0,-0.0
2021-12-14 09:00:00,541.1681809744612,3297.931,2160.0,-0.0,2438.61881902554,-0.0,0.0,-0.0,-0.0
2021-12-14 10:00:00,1308.6383777446363,3174.5155000000004,2160.0,-0.0,1756.005122255363,-0.0,0.0,-0.0,-0.0
2021-12-14 11:00:00,1924.2073053648012,3039.4325,2160.0,-0.0,1198.084194635199,-0.0,0.0,-0.0,-0.0
2021-12-14 12:00:00,2157.0519310755094,2904.265,2160.0,-0.0,1023.8320689244902,-0.0,0.0,-0.0,-0.0
2021-12-14 13:00:00,1924.2073053648012,2779.907,2160.0,-0.0,1338.512694635199,-0.0,0.0,-0.0,-0.0
2021-12-14 14:00:00,1308.6383777446363,2675.1465000000003,2160.0,-0.0,2077.2431222553637,-0.0,0.0,-0.0,-0.0
2021-12-14 15:00:00,541.1681809744612,2595.5085,2160.0,-0.0,3023.712319025538,-0.0,0.0,-0.0,-0.0
2021-12-14 16:00:00,0.6738643170874781,2542.5855,2160.0,298.6886356829127,3500.0,-0.0,0.0,-0.0,-0.0
2021-12-14 17:00:00,-0.0,2513.8815000000004,2160.0,554.7555000000002,3500.0,-0.0,0.0,-0.0,-0.0
2021-12-14 18:00:00,-0.0,2503.228,2160.0,758.847999999999,3500.0,-0.0,0.0,-0.0,-0.0
2021-12-14 19:00:00,-0.0,2501.7070000000003,2160.0,835.0550000000003,3500.0,-0.0,0.0,-0.0,-0.0
2021-12-14 20:00:00,-0.0,2498.9120000000003,2160.0,755.9120000000003,3500.0,-0.0,0.0,-0.0,-0.0
2021-12-14 21:00:00,-0.0,2484.456,2160.0,568.5939999999991,3500.0,-0.0,0.0,-0.0,-0.0
2021-12-14 22:00:00,-0.0,2449.4665,2160.0,365.4805000000001,3500.0,-0.0,0.0,-0.0,-0.0
2021-12-14 23:00:00,-0.0,2387.8595,2160.0,227.23350000000073,3500.0,-0.0,0.0,-0.0,-0.0
2021-12-15 00:00:00,-0.0,2302.5275,2160.0,-0.0,3197.2294999999995,-0.0,0.0,-0.0,-0.0
2021-12-15 01:00:00,-0.0,2184.6825,2160.0,-0.0,3163.8985000000002,-0.0,0.0,-0.0,-0.0
2021-12-15 02:00:00,-0.0,2045.2835000000002,2160.0,-0.0,3199.375499999999,-0.0,0.0,-0.0,-0.0
2021-12-15 03:00:00,-0.0,1893.32,2160.0,-0.0,3345.496,-0.0,0.0,-0.0,-0.0
2021-12-15 04:00:00,-0.0,1739.9135,2160.0,113.58049999999957,3500.0,-0.0,0.0,-0.0,-0.0
2021-12-15 05:00:00,-0.0,1596.9005,2160.0,469.2605000000003,3500.0,-0.0,0.0,-0.0,-0.0
2021-12-15 06:00:00,-0.0,1475.305,2160.0,841.6469999999999,3500.0,-0.0,0.0,-0.0,-0.0
2021-12-15 07:00:00,-0.0,1383.8890000000001,2160.0,1152.0909999999994,3500.0,-0.0,0.0,-0.0,-0.0
2021-12-15 08:00:00,0.33693215854373904,1328.067,2160.0,1344.695067841456,3500.0,-0.0,0.0,-0.0,-0.0
2021-12-15 09:00:00,465.88528467729736,1309.1585,2160.0,939.1222153227027,3500.0,-0.0,0.0,-0.0,-0.0
2021-12-15 10:00:00,1129.176058025748,1324.297,2160.0,225.12494197425167,3500.0,-0.0,0.0,-0.0,-0.0
2021-12-15 11:00:00,1661.485986250132,1366.82,2160.0,-0.0,3075.908013749868,-0.0,0.0,-0.0,-0.0
2021-12-15 12:00:00,1862.8795264705943,1427.205,2160.0,-0.0,2740.6584735294064,-0.0,0.0,-0.0,-0.0
2021-12-15 13:00:00,1661.485986250132,1494.3239999999998,2160.0,-0.0,2835.568013749868,-0.0,0.0,-0.0,-0.0
2021-12-15 14:00:00,1129.176058025748,1557.0035000000003,2160.0,-0.0,3326.8074419742525,-0.0,0.0,-0.0,-0.0
2021-12-15 15:00:00,465.88528467729736,1605.4740000000002,2160.0,544.2437153227015,3500.0,-0.0,0.0,-0.0,-0.0
2021-12-15 16:00:00,0.33693215854373904,1632.6960000000001,2160.0,1167.4280678414552,3500.0,-0.0,0.0,-0.0,-0.0
2021-12-15 17:00:00,-0.0,1635.2700000000004,2160.0,1395.2209999999995,3500.0,-0.0,0.0,-0.0,-0.0
2021-12-15 18:00:00,-0.0,1613.872,2160.0,1613.436999999999,3500.0,-0.0,0.0,-0.0,-0.0
2021-12-15 19:00:00,-0.0,1573.0975,2160.0,1732.3125,3500.0,-0.0,0.0,-0.0,-0.0
2021-12-15 20:00:00,-0.0,1520.8180000000002,2160.0,1706.1019999999999,3500.0,-0.0,0.0,-0.0,-0.0
2021-12-15 21:00:00,-0.0,1467.0175000000002,2160.0,1561.6085000000003,3500.0,-0.0,0.0,-0.0,-0.0
2021-12-15 22:00:00,-0.0,1422.4275,2160.0,1371.6005000000005,3500.0,-0.0,0.0,-0.0,-0.0
2021-12-15 23:00:00,-0.0,1396.967,2160.0,1200.7379999999994,3500.0,-0.0,0.0,-0.0,-0.0
2021-12-16 00:00:00,-0.0,1403.4865000000002,2160.0,582.2115000000003,3500.0,-0.0,0.0,-0.0,-0.0
2021-12-16 01:00:00,-0.0,1436.1035,2160.0,401.9884999999995,3500.0,-0.0,0.0,-0.0,-0.0
2021-12-16 02:00:00,-0.0,1500.3560000000002,2160.0,237.39799999999968,3500.0,-0.0,0.0,-0.0,-0.0
2021-12-16 03:00:00,-0.0,1592.4869999999999,2160.0,143.02099999999973,3500.0,-0.0,0.0,-0.0,-0.0
2021-12-16 04:00:00,-0.0,1705.0605000000003,2160.0,148.73149999999987,3500.0,-0.0,0.0,-0.0,-0.0
2021-12-16 05:00:00,-0.0,1827.852,2160.0,242.22000000000025,3500.0,-0.0,0.0,-0.0,-0.0
2021-12-16 06:00:00,-0.0,1949.1745000000003,2160.0,375.3045000000002,3500.0,-0.0,0.0,-0.0,-0.0
2021-12-16 07:00:00,-0.0,2057.3605000000002,2160.0,489.76149999999916,3500.0,-0.0,0.0,-0.0,-0.0
2021-12-16 08:00:00,0.1592770204024948,2142.2895000000003,2160.0,545.4052229795966,3500.0,-0.0,0.0,-0.0,-0.0
2021-12-16 09:00:00,431.46307015261965,2196.688,2160.0,104.37592984738012,3500.0,-0.0,0.0,-0.0,-0.0
2021-12-16 10:00:00,1047.6936100113796,2217.059,2160.0,-0.0,2935.8033899886204,-0.0,0.0,-0.0,-0.0
2021-12-16 11:00:00,1542.469295773991,2204.0785,2160.0,-0.0,2383.2092042260083,-0.0,0.0,-0.0,-0.0
2021-12-16 12:00:00,1729.6871811786311,2162.4915,2160.0,-0.0,2167.6773188213683,-0.0,0.0,-0.0,-0.0
2021-12-16 13:00:00,1542.469295773991,2100.423,2160.0,-0.0,2381.150704226009,-0.0,0.0,-0.0,-0.0
2021-12-16 14:00:00,1047.6936100113796,2028.2405,2160.0,-0.0,2973.2468899886208,-0.0,0.0,-0.0,-0.0
2021-12-16 15:00:00,431.46307015261965,1957.1695,2160.0,266.6704298473801,3500.0,-0.0,0.0,-0.0,-0.0
2021-12-16 16:00:00,0.1592770204024948,1897.727,2160.0,945.7537229795971,3500.0,-0.0,0.0,-0.0,-0.0
2021-12-16 17:00:00,-0.0,1858.3305000000003,2160.0,1218.7875000000004,3500.0,-0.0,0.0,-0.0,-0.0
2021-12-16 18:00:00,-0.0,1844.1540000000005,2160.0,1433.1980000000003,3500.0,-0.0,0.0,-0.0,-0.0
2021-12-16 19:00:00,-0.0,1856.4519999999998,2160.0,1502.380000000001,3500.0,-0.0,0.0,-0.0,-0.0
2021-12-16 20:00:00,-0.0,1892.4100000000003,2160.0,1391.273000000001,3500.0,-0.0,0.0,-0.0,-0.0
2021-12-16 21:00:00,-0.0,1945.5799999999997,2160.0,1143.1080000000002,3500.0,-0.0,0.0,-0.0,-0.0
2021-12-16 22:00:00,-0.0,2006.7515,2160.0,850.593499999999,3500.0,-0.0,0.0,-0.0,-0.0
2021-12-16 23:00:00,-0.0,2065.297,2160.0,598.9319999999989,3500.0,-0.0,0.0,-0.0,-0.0
2021-12-17 00:00:00,-0.0,2115.62,2160.0,-0.0,3439.5340000000006,-0.0,0.0,-0.0,-0.0
2021-12-17 01:00:00,-0.0,2138.6625,2160.0,-0.0,3271.9905000000003,-0.0,0.0,-0.0,-0.0
2021-12-17 02:00:00,-0.0,2133.1895,2160.0,-0.0,3180.1755,-0.0,0.0,-0.0,-0.0
2021-12-17 03:00:00,-0.0,2096.731,2160.0,-0.0,3217.3799999999997,-0.0,0.0,-0.0,-0.0
2021-12-17 04:00:00,-0.0,2030.938,2160.0,-0.0,3404.389,-0.0,0.0,-0.0,-0.0
2021-12-17 05:00:00,-0.0,1941.4850000000001,2160.0,212.98900000000003,3500.0,-0.0,0.0,-0.0,-0.0
2021-12-17 06:00:00,-0.0,1837.3419999999999,2160.0,574.3430000000008,3500.0,-0.0,0.0,-0.0,-0.0
2021-12-17 07:00:00,-0.0,1729.6565,2160.0,907.4075000000003,3500.0,-0.0,0.0,-0.0,-0.0
2021-12-17 08:00:00,0.0735124709549976,1630.3300000000002,2160.0,1150.0584875290442,3500.0,-0.0,0.0,-0.0,-0.0
2021-12-17 09:00:00,499.6397609241337,1550.4775000000002,2160.0,777.6107390758652,3500.0,-0.0,0.0,-0.0,-0.0
2021-12-17 10:00:00,1214.977363708723,1498.9715,2160.0,84.32913629127779,3500.0,-0.0,0.0,-0.0,-0.0
2021-12-17 11:00:00,1789.5202064967532,1481.3694999999998,2160.0,-0.0,2959.031293503247,-0.0,0.0,-0.0,-0.0
2021-12-17 12:00:00,2006.9517174638972,1499.1600000000003,2160.0,-0.0,2656.272282536103,-0.0,0.0,-0.0,-0.0
2021-12-17 13:00:00,1789.5202064967532,1549.6585000000002,2160.0,-0.0,2789.6762935032457,-0.0,0.0,-0.0,-0.0
2021-12-17 14:00:00,1214.977363708723,1626.404,2160.0,-0.0,3314.8136362912765,-0.0,0.0,-0.0,-0.0
2021-12-17 15:00:00,499.6397609241337,1720.082,2160.0,544.7112390758666,3500.0,-0.0,0.0,-0.0,-0.0
2021-12-17 16:00:00,0.0735124709549976,1819.7855000000002,2160.0,1134.9419875290441,3500.0,-0.0,0.0,-0.0,-0.0
2021-12-17 17:00:00,-0.0,1914.5685,2160.0,1275.6534999999994,3500.0,-0.0,0.0,-0.0,-0.0
2021-12-17 18:00:00,-0.0,1994.8760000000002,2160.0,1397.432999999999,3500.0,-0.0,0.0,-0.0,-0.0
2021-12-17 19:00:00,-0.0,2053.9025,2160.0,1421.6484999999993,3500.0,-0.0,0.0,-0.0,-0.0
2021-12-17 20:00:00,-0.0,2088.4565000000002,2160.0,1313.6154999999999,3500.0,-0.0,0.0,-0.0,-0.0
2021-12-17 21:00:00,-0.0,2099.4155000000005,2160.0,1109.236499999999,3500.0,-0.0,0.0,-0.0,-0.0
2021-12-17 22:00:00,-0.0,2091.57,2160.0,887.2200000000012,3500.0,-0.0,0.0,-0.0,-0.0
2021-12-17 23:00:00,-0.0,2072.9475,2160.0,714.1095000000005,3500.0,-0.0,0.0,-0.0,-0.0
2021-12-18 00:00:00,-0.0,2058.576,2160.0,-0.0,3184.318,-0.0,0.0,-0.0,-0.0
2021-12-18 01:00:00,-0.0,2049.541,2160.0,-0.0,3050.0379999999996,-0.0,0.0,-0.0,-0.0
2021-12-18 02:00:00,-0.0,2060.7405,2160.0,-0.0,2942.6385,-0.0,0.0,-0.0,-0.0
2021-12-18 03:00:00,-0.0,2099.9550000000004,2160.0,-0.0,2905.1559999999995,-0.0,0.0,-0.0,-0.0
2021-12-18 04:00:00,-0.0,2171.6240000000003,2160.0,-0.0,2955.588,-0.0,0.0,-0.0,-0.0
2021-12-18 05:00:00,-0.0,2276.131,2160.0,-0.0,3071.011,-0.0,0.0,-0.0,-0.0
2021-12-18 06:00:00,-0.0,2409.7125,2160.0,-0.0,3195.3205000000003,-0.0,0.0,-0.0,-0.0
2021-12-18 07:00:00,-0.0,2564.8675,2160.0,-0.0,3266.1195000000002,-0.0,0.0,-0.0,-0.0
2021-12-18 08:00:00,0.024504156984999203,2731.2740000000003,2160.0,-0.0,3243.5584958430145,-0.0,0.0,-0.0,-0.0
2021-12-18 09:00:00,617.3699831585624,2897.1085000000003,2160.0,-0.0,2508.0125168414374,-0.0,0.0,-0.0,-0.0
2021-12-18 10:00:00,1502.7480573013074,3050.5605,2160.0,-0.0,1439.9944426986924,-0.0,0.0,-0.0,-0.0
2021-12-18 11:00:00,2214.0424741833717,3181.3145000000004,2160.0,-0.0,529.7470258166281,-0.0,0.0,-0.0,-0.0
2021-12-18 12:00:00,2483.2451428205727,3281.8825000000006,2160.0,-0.0,92.49235717942656,-0.0,0.0,-0.0,-0.0
2021-12-18 13:00:00,2214.0424741833717,3348.5075,2160.0,-0.0,261.48802581662767,-0.0,0.0,-0.0,-0.0
2021-12-18 14:00:00,1502.7480573013074,3381.6055,2160.0,-0.0,966.8664426986927,-0.0,0.0,-0.0,-0.0
2021-12-18 15:00:00,617.3699831585624,3385.6355,2160.0,-0.0,1956.1905168414378,-0.0,0.0,-0.0,-0.0
2021-12-18 16:00:00,0.024504156984999203,3368.4105000000004,2160.0,-0.0,2780.7609958430144,-0.0,0.0,-0.0,-0.0
2021-12-18 17:00:00,-0.0,3339.986,2160.0,-0.0,3044.1590000000006,-0.0,0.0,-0.0,-0.0
2021-12-18 18:00:00,-0.0,3311.2365000000004,2160.0,-0.0,3274.420499999999,-0.0,0.0,-0.0,-0.0
2021-12-18 19:00:00,-0.0,3292.3540000000003,2160.0,-0.0,3375.864999999999,-0.0,0.0,-0.0,-0.0
2021-12-18 20:00:00,-0.0,3291.405,2160.0,-0.0,3302.5530000000003,-0.0,0.0,-0.0,-0.0
2021-12-18 21:00:00,-0.0,3313.232,2160.0,-0.0,3086.42,-0.0,0.0,-0.0,-0.0
2021-12-18 22:00:00,-0.0,3358.7515000000008,2160.0,-0.0,2810.051499999999,-0.0,0.0,-0.0,-0.0
2021-12-18 23:00:00,-0.0,3424.8304999999996,2160.0,-0.0,2551.153500000001,-0.0,0.0,-0.0,-0.0
2021-12-19 00:00:00,-0.0,3509.4475,2160.0,-0.0,1857.1044999999995,-0.0,0.0,-0.0,-0.0
2021-12-19 01:00:00,-0.0,3593.616,2160.0,-0.0,1628.3360000000002,-0.0,0.0,-0.0,-0.0
2021-12-19 02:00:00,-0.0,3671.174,2160.0,-0.0,1453.1940000000004,-0.0,0.0,-0.0,-0.0
2021-12-19 03:00:00,-0.0,3731.2794999999996,2160.0,-0.0,1393.3405000000002,-0.0,0.0,-0.0,-0.0
2021-12-19 04:00:00,-0.0,3764.657,2160.0,-0.0,1480.4880000000003,-0.0,0.0,-0.0,-0.0
2021-12-19 05:00:00,-0.0,3764.904,2160.0,-0.0,1698.502,-0.0,0.0,-0.0,-0.0
2021-12-19 06:00:00,-0.0,3729.375,2160.0,-0.0,1990.1589999999997,-0.0,0.0,-0.0,-0.0
2021-12-19 07:00:00,-0.0,3659.617,2160.0,-0.0,2284.018,-0.0,0.0,-0.0,-0.0
2021-12-19 08:00:00,-0.0,3561.2070000000003,2160.0,-0.0,2524.3549999999996,-0.0,0.0,-0.0,-0.0
2021-12-19 09:00:00,681.2952026931791,3443.0890000000004,2160.0,-0.0,2006.7817973068197,-0.0,0.0,-0.0,-0.0
2021-12-19 10:00:00,1659.2744860822359,3316.404,2160.0,-0.0,1124.182513917765,-0.0,0.0,-0.0,-0.0
2021-12-19 11:00:00,2445.0676662379446,3193.086,2160.0,-0.0,391.3063337620556,-0.0,0.0,-0.0,-0.0
2021-12-19 12:00:00,2742.486871643372,3084.3215,2160.0,-0.0,132.88462835662813,-0.0,0.0,-0.0,-0.0
2021-12-19 13:00:00,2445.0676662379446,2999.1195000000002,2160.0,-0.0,479.5588337620552,-0.0,0.0,-0.0,-0.0
2021-12-19 14:00:00,1659.2744860822359,2943.1675,2160.0,-0.0,1346.044013917764,-0.0,0.0,-0.0,-0.0
2021-12-19 15:00:00,681.2952026931791,2918.1555,2160.0,-0.0,2454.4912973068203,-0.0,0.0,-0.0,-0.0
2021-12-19 16:00:00,-0.0,2921.6265000000003,2160.0,-0.0,3319.7214999999997,-0.0,0.0,-0.0,-0.0
2021-12-19 17:00:00,-0.0,2947.3730000000005,2160.0,26.2579999999989,3500.0,-0.0,0.0,-0.0,-0.0
2021-12-19 18:00:00,-0.0,2986.36,2160.0,186.04699999999912,3500.0,-0.0,0.0,-0.0,-0.0
2021-12-19 19:00:00,-0.0,3027.9990000000003,2160.0,224.166999999999,3500.0,-0.0,0.0,-0.0,-0.0
2021-12-19 20:00:00,-0.0,3061.6690000000003,2160.0,113.36699999999973,3500.0,-0.0,0.0,-0.0,-0.0
2021-12-19 21:00:00,-0.0,3078.1855,2160.0,-0.0,3399.613500000001,-0.0,0.0,-0.0,-0.0
2021-12-19 22:00:00,-0.0,3071.1005,2160.0,-0.0,3172.8575000000005,-0.0,0.0,-0.0,-0.0
2021-12-19 23:00:00,-0.0,3037.5995,2160.0,-0.0,3010.4895,-0.0,0.0,-0.0,-0.0
2021-12-20 00:00:00,-0.0,2983.578,2160.0,-0.0,2887.8920000000003,-0.0,0.0,-0.0,-0.0
2021-12-20 01:00:00,-0.0,2904.9605,2160.0,-0.0,2818.7515000000003,-0.0,0.0,-0.0,-0.0
2021-12-20 02:00:00,-0.0,2814.8055,2160.0,-0.0,2808.1155000000003,-0.0,0.0,-0.0,-0.0
2021-12-20 03:00:00,-0.0,2723.6234999999997,2160.0,-0.0,2896.2945,-0.0,0.0,-0.0,-0.0
2021-12-20 04:00:00,-0.0,2642.64,2160.0,-0.0,3094.5040000000004,-0.0,0.0,-0.0,-0.0
2021-12-20 05:00:00,-0.0,2582.242,2160.0,-0.0,3369.822,-0.0,0.0,-0.0,-0.0
2021-12-20 06:00:00,-0.0,2550.5480000000002,2160.0,154.26499999999987,3500.0,-0.0,0.0,-0.0,-0.0
2021-12-20 07:00:00,-0.0,2552.3030000000003,2160.0,373.19599999999946,3500.0,-0.0,0.0,-0.0,-0.0
2021-12-20 08:00:00,-0.0,2588.2155000000002,2160.0,475.7624999999989,3500.0,-0.0,0.0,-0.0,-0.0
2021-12-20 09:00:00,671.2484983293294,2654.782,2160.0,-0.0,3280.0715016706713,-0.0,0.0,-0.0,-0.0
2021-12-20 10:00:00,1634.9847404708555,2744.7355000000002,2160.0,-0.0,2191.5717595291435,-0.0,0.0,-0.0,-0.0
2021-12-20 11:00:00,2409.352857432308,2847.975,2160.0,-0.0,1240.0331425676927,-0.0,0.0,-0.0,-0.0
2021-12-20 12:00:00,2702.4532051691294,2952.8525,2160.0,-0.0,768.7362948308701,-0.0,0.0,-0.0,-0.0
2021-12-20 13:00:00,2409.352857432308,3047.6940000000004,2160.0,-0.0,927.4791425676913,-0.0,0.0,-0.0,-0.0
2021-12-20 14:00:00,1634.9847404708555,3122.2945,2160.0,-0.0,1648.4007595291448,-0.0,0.0,-0.0,-0.0
2021-12-20 15:00:00,671.2484983293294,3169.244,2160.0,-0.0,2667.0475016706714,-0.0,0.0,-0.0,-0.0
2021-12-20 16:00:00,-0.0,3184.818,2160.0,6.520999999999731,3500.0,-0.0,0.0,-0.0,-0.0
2021-12-20 17:00:00,-0.0,3169.439,2160.0,250.57100000000037,3500.0,-0.0,0.0,-0.0,-0.0
2021-12-20 18:00:00,-0.0,3127.527,2160.0,487.64300000000003,3500.0,-0.0,0.0,-0.0,-0.0
2021-12-20 19:00:00,-0.0,3066.8300000000004,2160.0,624.4840000000004,3500.0,-0.0,0.0,-0.0,-0.0
2021-12-20 20:00:00,-0.0,2997.306,2160.0,613.2649999999994,3500.0,-0.0,0.0,-0.0,-0.0
2021-12-20 21:00:00,-0.0,2929.7255,2160.0,480.00249999999915,3500.0,-0.0,0.0,-0.0,-0.0
2021-12-20 22:00:00,-0.0,2874.1115,2160.0,298.1785000000009,3500.0,-0.0,0.0,-0.0,-0.0
2021-12-20 23:00:00,-0.0,2838.3745,2160.0,134.46149999999943,3500.0,-0.0,0.0,-0.0,-0.0
2021-12-21 00:00:00,-0.0,2831.6405,2160.0,-0.0,3024.6245000000004,-0.0,0.0,-0.0,-0.0
2021-12-21 01:00:00,-0.0,2845.6545,2160.0,-0.0,2859.3015,-0.0,0.0,-0.0,-0.0
2021-12-21 02:00:00,-0.0,2881.554,2160.0,-0.0,2719.081,-0.0,0.0,-0.0,-0.0
2021-12-21 03:00:00,-0.0,2932.3385000000003,2160.0,-0.0,2661.7875,-0.0,0.0,-0.0,-0.0
2021-12-21 04:00:00,-0.0,2988.2969999999996,2160.0,-0.0,2719.577,-0.0,0.0,-0.0,-0.0
2021-12-21 05:00:00,-0.0,3038.2755,2160.0,-0.0,2881.0695,-0.0,0.0,-0.0,-0.0
2021-12-21 06:00:00,-0.0,3071.2175,2160.0,-0.0,3097.4604999999997,-0.0,0.0,-0.0,-0.0
2021-12-21 07:00:00,-0.0,3077.6200000000003,2160.0,-0.0,3308.3650000000002,-0.0,0.0,-0.0,-0.0
2021-12-21 08:00:00,0.012252078492499601,3050.8725,2160.0,-0.0,3470.238247921507,-0.0,0.0,-0.0,-0.0
2021-12-21 09:00:00,656.178441783555,2988.1344999999997,2160.0,-0.0,2915.635058216446,-0.0,0.0,-0.0,-0.0
2021-12-21 10:00:00,1597.7384218536567,2890.784,2160.0,-0.0,2033.360578146343,-0.0,0.0,-0.0,-0.0
2021-12-21 11:00:00,2354.230756294552,2764.2485,2160.0,-0.0,1326.2657437054486,-0.0,0.0,-0.0,-0.0
2021-12-21 12:00:00,2640.5557046250215,2617.3290000000006,2160.0,-0.0,1110.3842953749781,-0.0,0.0,-0.0,-0.0
2021-12-21 13:00:00,2354.230756294552,2461.0755,2160.0,-0.0,1510.3417437054472,-0.0,0.0,-0.0,-0.0
2021-12-21 14:00:00,1597.7384218536567,2307.3375,2160.0,-0.0,2438.6760781463436,-0.0,0.0,-0.0,-0.0
2021-12-21 15:00:00,656.178441783555,2167.269,2160.0,119.1725582164454,3500.0,-0.0,0.0,-0.0,-0.0
2021-12-21 16:00:00,0.012252078492499601,2049.8595,2160.0,1073.6162479215063,3500.0,-0.0,0.0,-0.0,-0.0
2021-12-21 17:00:00,-0.0,1960.8225000000002,2160.0,1388.4675000000007,3500.0,-0.0,0.0,-0.0,-0.0
2021-12-21 18:00:00,-0.0,1901.8935000000001,2160.0,1639.7535000000007,3500.0,-0.0,0.0,-0.0,-0.0
2021-12-21 19:00:00,-0.0,1870.713,2160.0,1744.3420000000006,3500.0,-0.0,0.0,-0.0,-0.0
2021-12-21 20:00:00,-0.0,1861.1775,2160.0,1670.4685000000009,3500.0,-0.0,0.0,-0.0,-0.0
2021-12-21 21:00:00,-0.0,1864.4145,2160.0,1463.7945000000009,3500.0,-0.0,0.0,-0.0,-0.0
2021-12-21 22:00:00,-0.0,1870.0175,2160.0,1218.2345000000005,3500.0,-0.0,0.0,-0.0,-0.0
2021-12-21 23:00:00,-0.0,1867.5670000000002,2160.0,1018.7879999999996,3500.0,-0.0,0.0,-0.0,-0.0
2021-12-22 00:00:00,-0.0,1852.4610000000002,2160.0,414.72400000000016,3500.0,-0.0,0.0,-0.0,-0.0
2021-12-22 01:00:00,-0.0,1809.8080000000002,2160.0,303.78499999999985,3500.0,-0.0,0.0,-0.0,-0.0
2021-12-22 02:00:00,-0.0,1741.4279999999999,2160.0,265.6419999999998,3500.0,-0.0,0.0,-0.0,-0.0
2021-12-22 03:00:00,-0.0,1648.8745,2160.0,349.5704999999998,3500.0,-0.0,0.0,-0.0,-0.0
2021-12-22 04:00:00,-0.0,1537.6465,2160.0,572.5145000000002,3500.0,-0.0,0.0,-0.0,-0.0
2021-12-22 05:00:00,-0.0,1416.467,2160.0,903.223,3500.0,-0.0,0.0,-0.0,-0.0
2021-12-22 06:00:00,-0.0,1296.1845,2160.0,1270.9854999999998,3500.0,-0.0,0.0,-0.0,-0.0
2021-12-22 07:00:00,-0.0,1188.356,2160.0,1594.3580000000002,3500.0,-0.0,0.0,-0.0,-0.0
2021-12-22 08:00:00,0.05513435321624821,1103.6675,2160.0,1812.4603656467852,3500.0,-0.0,0.0,-0.0,-0.0
2021-12-22 09:00:00,671.4812878206869,1050.5755,2160.0,1231.3762121793143,3500.0,-0.0,0.0,-0.0,-0.0
2021-12-22 10:00:00,1633.753406582359,1034.1175,2160.0,246.01609341764106,3500.0,-0.0,0.0,-0.0,-0.0
2021-12-22 11:00:00,2406.7309126349132,1055.288,2160.0,-0.0,2873.346087365086,-0.0,0.0,-0.0,-0.0
2021-12-22 12:00:00,2699.2737908003255,1110.8565,2160.0,-0.0,2447.472709199674,-0.0,0.0,-0.0,-0.0
2021-12-22 13:00:00,2406.7309126349132,1193.8029999999999,2160.0,-0.0,2613.261087365087,-0.0,0.0,-0.0,-0.0
2021-12-22 14:00:00,1633.753406582359,1294.2475,2160.0,-0.0,3302.811093417641,-0.0,0.0,-0.0,-0.0
2021-12-22 15:00:00,671.4812878206869,1400.7435,2160.0,756.4682121793121,3500.0,-0.0,0.0,-0.0,-0.0
2021-12-22 16:00:00,0.05513435321624821,1501.7795,2160.0,1506.8413656467828,3500.0,-0.0,0.0,-0.0,-0.0
2021-12-22 17:00:00,-0.0,1587.274,2160.0,1646.4220000000005,3500.0,-0.0,0.0,-0.0,-0.0
2021-12-22 18:00:00,-0.0,1649.9015,2160.0,1775.4714999999997,3500.0,-0.0,0.0,-0.0,-0.0
2021-12-22 19:00:00,-0.0,1686.0024999999998,2160.0,1812.2025000000003,3500.0,-0.0,0.0,-0.0,-0.0
2021-12-22 20:00:00,-0.0,1696.019,2160.0,1718.3050000000003,3500.0,-0.0,0.0,-0.0,-0.0
2021-12-22 21:00:00,-0.0,1684.3450000000003,2160.0,1526.1750000000002,3500.0,-0.0,0.0,-0.0,-0.0
2021-12-22 22:00:00,-0.0,1658.67,2160.0,1311.6299999999992,3500.0,-0.0,0.0,-0.0,-0.0
2021-12-22 23:00:00,-0.0,1628.8545000000001,2160.0,1139.3905000000004,3500.0,-0.0,0.0,-0.0,-0.0
2021-12-23 00:00:00,-0.0,1609.7250000000001,2160.0,539.0609999999997,3500.0,-0.0,0.0,-0.0,-0.0
2021-12-23 01:00:00,-0.0,1602.7244999999998,2160.0,392.5215000000003,3500.0,-0.0,0.0,-0.0,-0.0
2021-12-23 02:00:00,-0.0,1619.7415,2160.0,269.1395000000002,3500.0,-0.0,0.0,-0.0,-0.0
2021-12-23 03:00:00,-0.0,1665.1895,2160.0,215.32850000000008,3500.0,-0.0,0.0,-0.0,-0.0
2021-12-23 04:00:00,-0.0,1739.5040000000004,2160.0,253.0979999999995,3500.0,-0.0,0.0,-0.0,-0.0
2021-12-23 05:00:00,-0.0,1839.0255,2160.0,363.5775000000003,3500.0,-0.0,0.0,-0.0,-0.0
2021-12-23 06:00:00,-0.0,1956.435,2160.0,494.2239999999997,3500.0,-0.0,0.0,-0.0,-0.0
2021-12-23 07:00:00,-0.0,2081.651,2160.0,585.232,3500.0,-0.0,0.0,-0.0,-0.0
2021-12-23 08:00:00,0.1592770204024948,2203.1685,2160.0,597.8062229795978,3500.0,-0.0,0.0,-0.0,-0.0
2021-12-23 09:00:00,660.913870120906,2309.541,2160.0,-0.0,3368.8141298790943,-0.0,0.0,-0.0,-0.0
2021-12-23 10:00:00,1606.0820873070488,2390.8755,2160.0,-0.0,2303.75241269295,-0.0,0.0,-0.0,-0.0
2021-12-23 11:00:00,2365.1044759566453,2440.1585,2160.0,-0.0,1418.0120240433544,-0.0,0.0,-0.0,-0.0
2021-12-23 12:00:00,2652.33607809556,2454.1530000000002,2160.0,-0.0,1040.2109219044405,-0.0,0.0,-0.0,-0.0
2021-12-23 13:00:00,2365.1044759566453,2433.834,2160.0,-0.0,1305.2395240433548,-0.0,0.0,-0.0,-0.0
2021-12-23 14:00:00,1606.0820873070488,2384.239,2160.0,-0.0,2132.257912692951,-0.0,0.0,-0.0,-0.0
2021-12-23 15:00:00,660.913870120906,2313.7985,2160.0,-0.0,3247.227629879095,-0.0,0.0,-0.0,-0.0
2021-12-23 16:00:00,0.1592770204024948,2233.1855,2160.0,670.1542229795978,3500.0,-0.0,0.0,-0.0,-0.0
2021-12-23 17:00:00,-0.0,2153.918,2160.0,976.2700000000004,3500.0,-0.0,0.0,-0.0,-0.0
2021-12-23 18:00:00,-0.0,2086.8185,2160.0,1236.808500000001,3500.0,-0.0,0.0,-0.0,-0.0
2021-12-23 19:00:00,-0.0,2040.5775,2160.0,1357.7354999999998,3500.0,-0.0,0.0,-0.0,-0.0
2021-12-23 20:00:00,-0.0,2020.6355,2160.0,1295.7394999999997,3500.0,-0.0,0.0,-0.0,-0.0
2021-12-23 21:00:00,-0.0,2028.5005,2160.0,1086.1005000000005,3500.0,-0.0,0.0,-0.0,-0.0
2021-12-23 22:00:00,-0.0,2061.592,2160.0,814.905999999999,3500.0,-0.0,0.0,-0.0,-0.0
2021-12-23 23:00:00,-0.0,2113.6440000000002,2160.0,563.0,3500.0,-0.0,0.0,-0.0,-0.0
2021-12-24 00:00:00,-0.0,2179.7165,2160.0,-0.0,3379.5144999999998,-0.0,0.0,-0.0,-0.0
2021-12-24 01:00:00,-0.0,2241.148,2160.0,-0.0,3166.907,-0.0,0.0,-0.0,-0.0
2021-12-24 02:00:00,-0.0,2291.536,2160.0,-0.0,3012.5969999999998,-0.0,0.0,-0.0,-0.0
2021-12-24 03:00:00,-0.0,2321.8909999999996,2160.0,-0.0,2976.3990000000003,-0.0,0.0,-0.0,-0.0
2021-12-24 04:00:00,-0.0,2326.0314999999996,2160.0,-0.0,3086.9355,-0.0,0.0,-0.0,-0.0
2021-12-24 05:00:00,-0.0,2301.4680000000003,2160.0,-0.0,3324.1659999999997,-0.0,0.0,-0.0,-0.0
2021-12-24 06:00:00,-0.0,2249.8385000000003,2160.0,126.58750000000009,3500.0,-0.0,0.0,-0.0,-0.0
2021-12-24 07:00:00,-0.0,2176.7200000000003,2160.0,418.73299999999927,3500.0,-0.0,0.0,-0.0,-0.0
2021-12-24 08:00:00,0.30017592306624025,2090.9915,2160.0,641.2813240769337,3500.0,-0.0,0.0,-0.0,-0.0
2021-12-24 09:00:00,573.2992568210414,2003.6509999999998,2160.0,196.68874317895825,3500.0,-0.0,0.0,-0.0,-0.0
2021-12-24 10:00:00,1390.8804546255396,1926.431,2160.0,-0.0,2920.76054537446,-0.0,0.0,-0.0,-0.0
2021-12-24 11:00:00,2047.1752911547733,1870.2255,2160.0,-0.0,2246.286208845226,-0.0,0.0,-0.0,-0.0
2021-12-24 12:00:00,2295.494292001509,1843.6924999999999,2160.0,-0.0,1951.0302079984913,-0.0,0.0,-0.0,-0.0
2021-12-24 13:00:00,2047.1752911547733,1852.1165,2160.0,-0.0,2151.5602088452274,-0.0,0.0,-0.0,-0.0
2021-12-24 14:00:00,1390.8804546255396,1896.7065,2160.0,-0.0,2784.8730453744593,-0.0,0.0,-0.0,-0.0
2021-12-24 15:00:00,573.2992568210414,1974.4855,2160.0,127.29124317895821,3500.0,-0.0,0.0,-0.0,-0.0
2021-12-24 16:00:00,0.30017592306624025,2078.6740000000004,2160.0,780.9598240769319,3500.0,-0.0,0.0,-0.0,-0.0
2021-12-24 17:00:00,-0.0,2199.626,2160.0,890.3379999999997,3500.0,-0.0,0.0,-0.0,-0.0
2021-12-24 18:00:00,-0.0,2326.1160000000004,2160.0,960.6669999999995,3500.0,-0.0,0.0,-0.0,-0.0
2021-12-24 19:00:00,-0.0,2446.847,2160.0,918.0360000000001,3500.0,-0.0,0.0,-0.0,-0.0
2021-12-24 20:00:00,-0.0,2551.952,2160.0,734.442,3500.0,-0.0,0.0,-0.0,-0.0
2021-12-24 21:00:00,-0.0,2634.2875,2160.0,453.81150000000025,3500.0,-0.0,0.0,-0.0,-0.0
2021-12-24 22:00:00,-0.0,2690.3500000000004,2160.0,163.15200000000004,3500.0,-0.0,0.0,-0.0,-0.0
2021-12-24 23:00:00,-0.0,2720.7180000000003,2160.0,-0.0,3436.4599999999996,-0.0,0.0,-0.0,-0.0
2021-12-25 00:00:00,-0.0,2733.8480000000004,2160.0,-0.0,2373.0799999999995,-0.0,0.0,-0.0,-0.0
2021-12-25 01:00:00,-0.0,2729.61,2160.0,-0.0,2229.712,-0.0,0.0,-0.0,-0.0
2021-12-25 02:00:00,-0.0,2721.8750000000005,2160.0,-0.0,2137.109,-0.0,0.0,-0.0,-0.0
2021-12-25 03:00:00,-0.0,2721.2769999999996,2160.0,-0.0,2135.4610000000007,-0.0,0.0,-0.0,-0.0
2021-12-25 04:00:00,-0.0,2737.657,2160.0,-0.0,2237.366,-0.0,0.0,-0.0,-0.0
2021-12-25 05:00:00,-0.0,2778.672,2160.0,-0.0,2412.6299999999997,-0.0,0.0,-0.0,-0.0
2021-12-25 06:00:00,-0.0,2848.638,2160.0,-0.0,2597.071,-0.0,0.0,-0.0,-0.0
2021-12-25 07:00:00,-0.0,2947.8929999999996,2160.0,-0.0,2720.4590000000003,-0.0,0.0,-0.0,-0.0
2021-12-25 08:00:00,0.44720086497623546,3072.628,2160.0,-0.0,2736.0087991350233,-0.0,0.0,-0.0,-0.0
2021-12-25 09:00:00,462.9570379175899,3215.3615,2160.0,-0.0,2175.43846208241,-0.0,0.0,-0.0,-0.0
2021-12-25 10:00:00,1120.8446446508485,3365.8235000000004,2160.0,-0.0,1335.1188553491513,-0.0,0.0,-0.0,-0.0
2021-12-25 11:00:00,1648.6825642254703,3512.275,2160.0,-0.0,590.0294357745297,-0.0,0.0,-0.0,-0.0
2021-12-25 12:00:00,1848.3608134569822,3643.0290000000005,2160.0,-0.0,189.69618654301757,-0.0,0.0,-0.0,-0.0
2021-12-25 13:00:00,1648.6825642254703,3747.9389999999994,2160.0,-0.0,248.65143577453046,-0.0,0.0,-0.0,-0.0
2021-12-25 14:00:00,1120.8446446508485,3819.699,2160.0,-0.0,729.8673553491515,-0.0,0.0,-0.0,-0.0
2021-12-25 15:00:00,462.9570379175899,3854.7925000000005,2160.0,-0.0,1458.78346208241,-0.0,0.0,-0.0,-0.0
2021-12-25 16:00:00,0.44720086497623546,3853.8954999999996,2160.0,-0.0,2110.527299135024,-0.0,0.0,-0.0,-0.0
2021-12-25 17:00:00,-0.0,3821.7335000000003,2160.0,-0.0,2376.6144999999997,-0.0,0.0,-0.0,-0.0
2021-12-25 18:00:00,-0.0,3766.4315000000006,2160.0,-0.0,2632.1504999999997,-0.0,0.0,-0.0,-0.0
2021-12-25 19:00:00,-0.0,3698.3764999999994,2160.0,-0.0,2781.6855000000005,-0.0,0.0,-0.0,-0.0
2021-12-25 20:00:00,-0.0,3628.768,2160.0,-0.0,2776.1460000000006,-0.0,0.0,-0.0,-0.0
2021-12-25 21:00:00,-0.0,3568.1620000000003,2160.0,-0.0,2641.7559999999994,-0.0,0.0,-0.0,-0.0
2021-12-25 22:00:00,-0.0,3524.976,2160.0,-0.0,2453.5989999999997,-0.0,0.0,-0.0,-0.0
2021-12-25 23:00:00,-0.0,3504.4035,2160.0,-0.0,2281.0555,-0.0,0.0,-0.0,-0.0
2021-12-26 00:00:00,-0.0,3511.5340000000006,2160.0,-0.0,1662.7379999999994,-0.0,0.0,-0.0,-0.0
2021-12-26 01:00:00,-0.0,3535.9740000000006,2160.0,-0.0,1493.7969999999991,-0.0,0.0,-0.0,-0.0
2021-12-26 02:00:00,-0.0,3575.0910000000003,2160.0,-0.0,1357.3919999999998,-0.0,0.0,-0.0,-0.0
2021-12-26 03:00:00,-0.0,3619.733,2160.0,-0.0,1313.496,-0.0,0.0,-0.0,-0.0
2021-12-26 04:00:00,-0.0,3659.2789999999995,2160.0,-0.0,1395.1660000000002,-0.0,0.0,-0.0,-0.0
2021-12-26 05:00:00,-0.0,3683.1924999999997,2160.0,-0.0,1590.3995,-0.0,0.0,-0.0,-0.0
2021-12-26 06:00:00,-0.0,3682.4449999999997,2160.0,-0.0,1848.3580000000002,-0.0,0.0,-0.0,-0.0
2021-12-26 07:00:00,-0.0,3650.8615000000004,2160.0,-0.0,2105.3204999999994,-0.0,0.0,-0.0,-0.0
2021-12-26 08:00:00,0.6861163955799777,3586.0045,2160.0,-0.0,2312.88938360442,-0.0,0.0,-0.0,-0.0
2021-12-26 09:00:00,432.8414289830259,3489.5769999999998,2160.0,-0.0,2024.4275710169738,-0.0,0.0,-0.0,-0.0
2021-12-26 10:00:00,1045.3167067838347,3367.3055000000004,2160.0,-0.0,1504.7737932161647,-0.0,0.0,-0.0,-0.0
2021-12-26 11:00:00,1536.4167689986964,3228.2119999999995,2160.0,-0.0,1084.4102310013038,-0.0,0.0,-0.0,-0.0
2021-12-26 12:00:00,1722.1521529057438,3083.5025,2160.0,-0.0,975.8473470942565,-0.0,0.0,-0.0,-0.0
2021-12-26 13:00:00,1536.4167689986964,2945.1240000000003,2160.0,-0.0,1266.4322310013033,-0.0,0.0,-0.0,-0.0
2021-12-26 14:00:00,1045.3167067838347,2824.25,2160.0,-0.0,1905.7462932161654,-0.0,0.0,-0.0,-0.0
2021-12-26 15:00:00,432.8414289830259,2729.8375,2160.0,-0.0,2720.8720710169746,-0.0,0.0,-0.0,-0.0
2021-12-26 16:00:00,0.6861163955799777,2667.4700000000003,2160.0,-0.0,3405.7628836044196,-0.0,0.0,-0.0,-0.0
2021-12-26 17:00:00,-0.0,2638.7270000000003,2160.0,170.61299999999983,3500.0,-0.0,0.0,-0.0,-0.0
2021-12-26 18:00:00,-0.0,2640.9825000000005,2160.0,370.44449999999915,3500.0,-0.0,0.0,-0.0,-0.0
2021-12-26 19:00:00,-0.0,2667.834,2160.0,426.83500000000004,3500.0,-0.0,0.0,-0.0,-0.0
2021-12-26 20:00:00,-0.0,2710.0385,2160.0,311.1515000000004,3500.0,-0.0,0.0,-0.0,-0.0
2021-12-26 21:00:00,-0.0,2756.7735000000002,2160.0,70.9965000000002,3500.0,-0.0,0.0,-0.0,-0.0
2021-12-26 22:00:00,-0.0,2797.1515000000004,2160.0,-0.0,3300.756499999999,-0.0,0.0,-0.0,-0.0
2021-12-26 23:00:00,-0.0,2821.7019999999998,2160.0,-0.0,3084.4730000000004,-0.0,0.0,-0.0,-0.0
2021-12-27 00:00:00,-0.0,2827.357,2160.0,-0.0,2904.8230000000003,-0.0,0.0,-0.0,-0.0
2021-12-27 01:00:00,-0.0,2803.671,2160.0,-0.0,2785.194,-0.0,0.0,-0.0,-0.0
2021-12-27 02:00:00,-0.0,2755.2785000000003,2160.0,-0.0,2737.3864999999996,-0.0,0.0,-0.0,-0.0
2021-12-27 03:00:00,-0.0,2687.0415000000003,2160.0,-0.0,2807.3554999999997,-0.0,0.0,-0.0,-0.0
2021-12-27 04:00:00,-0.0,2607.0785,2160.0,-0.0,3009.4194999999995,-0.0,0.0,-0.0,-0.0
2021-12-27 05:00:00,-0.0,2525.6270000000004,2160.0,-0.0,3310.8009999999995,-0.0,0.0,-0.0,-0.0
2021-12-27 06:00:00,-0.0,2453.6135,2160.0,140.70549999999957,3500.0,-0.0,0.0,-0.0,-0.0
2021-12-27 07:00:00,-0.0,2401.165,2160.0,419.10799999999927,3500.0,-0.0,0.0,-0.0,-0.0
2021-12-27 08:00:00,1.2129557707574603,2376.1465000000003,2160.0,586.7845442292423,3500.0,-0.0,0.0,-0.0,-0.0
2021-12-27 09:00:00,498.7576112726738,2383.0885,2160.0,129.93188872732662,3500.0,-0.0,0.0,-0.0,-0.0
2021-12-27 10:00:00,1200.9977421487808,2422.485,2160.0,-0.0,2859.1072578512194,-0.0,0.0,-0.0,-0.0
2021-12-27 11:00:00,1763.6621948383327,2490.67,2160.0,-0.0,2160.0578051616667,-0.0,0.0,-0.0,-0.0
2021-12-27 12:00:00,1976.413411821342,2580.24,2160.0,-0.0,1790.2525881786592,-0.0,0.0,-0.0,-0.0
2021-12-27 13:00:00,1763.6621948383327,2680.9835000000003,2160.0,-0.0,1868.6783051616676,-0.0,0.0,-0.0,-0.0
2021-12-27 14:00:00,1200.9977421487808,2781.1809999999996,2160.0,-0.0,2358.3272578512187,-0.0,0.0,-0.0,-0.0
2021-12-27 15:00:00,498.7576112726738,2869.126,2160.0,-0.0,3080.598388727326,-0.0,0.0,-0.0,-0.0
2021-12-27 16:00:00,1.2129557707574603,2934.62,2160.0,202.64904422924246,3500.0,-0.0,0.0,-0.0,-0.0
2021-12-27 17:00:00,-0.0,2970.2725,2160.0,403.15850000000046,3500.0,-0.0,0.0,-0.0,-0.0
2021-12-27 18:00:00,-0.0,2972.4565000000002,2160.0,602.4864999999991,3500.0,-0.0,0.0,-0.0,-0.0
2021-12-27 19:00:00,-0.0,2941.6855000000005,2160.0,715.8194999999987,3500.0,-0.0,0.0,-0.0,-0.0
2021-12-27 20:00:00,-0.0,2882.5290000000005,2160.0,700.7150000000001,3500.0,-0.0,0.0,-0.0,-0.0
2021-12-27 21:00:00,-0.0,2802.9235000000003,2160.0,586.0144999999998,3500.0,-0.0,0.0,-0.0,-0.0
2021-12-27 22:00:00,-0.0,2713.0155,2160.0,445.07349999999997,3500.0,-0.0,0.0,-0.0,-0.0
2021-12-27 23:00:00,-0.0,2623.8160000000003,2160.0,341.4540000000002,3500.0,-0.0,0.0,-0.0,-0.0
2021-12-28 00:00:00,-0.0,2549.131,2160.0,-0.0,3304.5630000000006,-0.0,0.0,-0.0,-0.0
2021-12-28 01:00:00,-0.0,2490.098,2160.0,-0.0,3218.996,-0.0,0.0,-0.0,-0.0
2021-12-28 02:00:00,-0.0,2455.1865000000003,2160.0,-0.0,3156.3235,-0.0,0.0,-0.0,-0.0
2021-12-28 03:00:00,-0.0,2445.4235000000003,2160.0,-0.0,3166.3384999999994,-0.0,0.0,-0.0,-0.0
2021-12-28 04:00:00,-0.0,2457.7670000000003,2160.0,-0.0,3274.52,-0.0,0.0,-0.0,-0.0
2021-12-28 05:00:00,-0.0,2485.5675,2160.0,-0.0,3464.9794999999995,-0.0,0.0,-0.0,-0.0
2021-12-28 06:00:00,-0.0,2519.4130000000005,2160.0,187.2619999999988,3500.0,-0.0,0.0,-0.0,-0.0
2021-12-28 07:00:00,-0.0,2548.494,2160.0,382.2829999999999,3500.0,-0.0,0.0,-0.0,-0.0
2021-12-28 08:00:00,2.021592951262434,2562.0660000000003,2160.0,508.6164070487371,3500.0,-0.0,0.0,-0.0,-0.0
2021-12-28 09:00:00,575.71904232331,2550.9380000000006,2160.0,-0.0,3491.64995767669,-0.0,0.0,-0.0,-0.0
2021-12-28 10:00:00,1381.7097738739037,2508.779,2160.0,-0.0,2696.514226126097,-0.0,0.0,-0.0,-0.0
2021-12-28 11:00:00,2026.983865799134,2433.0345,2160.0,-0.0,2056.5836342008665,-0.0,0.0,-0.0,-0.0
2021-12-28 12:00:00,2270.8921183885695,2325.31,2160.0,-0.0,1850.6318816114317,-0.0,0.0,-0.0,-0.0
2021-12-28 13:00:00,2026.983865799134,2191.2735,2160.0,-0.0,2192.6306342008675,-0.0,0.0,-0.0,-0.0
2021-12-28 14:00:00,1381.7097738739037,2039.9144999999999,2160.0,-0.0,3014.0027261260966,-0.0,0.0,-0.0,-0.0
2021-12-28 15:00:00,575.71904232331,1882.4325000000001,2160.0,582.9324576766908,3500.0,-0.0,0.0,-0.0,-0.0
2021-12-28 16:00:00,2.021592951262434,1730.8265000000001,2160.0,1495.6419070487373,3500.0,-0.0,0.0,-0.0,-0.0
2021-12-28 17:00:00,-0.0,1596.3220000000001,2160.0,1864.450999999999,3500.0,-0.0,0.0,-0.0,-0.0
2021-12-28 18:00:00,-0.0,1487.9605000000001,2160.0,2171.5885000000007,3500.0,-0.0,0.0,-0.0,-0.0
2021-12-28 19:00:00,-0.0,1411.4880000000003,2160.0,2327.8200000000006,3500.0,-0.0,0.0,-0.0,-0.0
2021-12-28 20:00:00,-0.0,1368.6075,2160.0,2293.5705,3500.0,-0.0,0.0,-0.0,-0.0
2021-12-28 21:00:00,-0.0,1356.888,2160.0,2108.053000000001,3500.0,-0.0,0.0,-0.0,-0.0
2021-12-28 22:00:00,-0.0,1370.135,2160.0,1860.9650000000001,3500.0,-0.0,0.0,-0.0,-0.0
2021-12-28 23:00:00,-0.0,1399.3395,2160.0,1635.8914999999997,3500.0,-0.0,0.0,-0.0,-0.0
2021-12-29 00:00:00,-0.0,1437.2994999999999,2160.0,983.0045,3500.0,-0.0,0.0,-0.0,-0.0
2021-12-29 01:00:00,-0.0,1466.6275,2160.0,805.9184999999998,3500.0,-0.0,0.0,-0.0,-0.0
2021-12-29 02:00:00,-0.0,1481.519,2160.0,690.2359999999999,3500.0,-0.0,0.0,-0.0,-0.0
2021-12-29 03:00:00,-0.0,1475.5065,2160.0,693.2464999999993,3500.0,-0.0,0.0,-0.0,-0.0
2021-12-29 04:00:00,-0.0,1445.782,2160.0,840.1970000000001,3500.0,-0.0,0.0,-0.0,-0.0
2021-12-29 05:00:00,-0.0,1393.587,2160.0,1107.312,3500.0,-0.0,0.0,-0.0,-0.0
2021-12-29 06:00:00,-0.0,1324.0760000000002,2160.0,1429.5710000000008,3500.0,-0.0,0.0,-0.0,-0.0
2021-12-29 07:00:00,-0.0,1245.6405000000002,2160.0,1728.6925,3500.0,-0.0,0.0,-0.0,-0.0
2021-12-29 08:00:00,2.9343727989536545,1168.778,2160.0,1941.0996272010461,3500.0,-0.0,0.0,-0.0,-0.0
2021-12-29 09:00:00,604.829980821489,1104.662,2160.0,1445.4450191785108,3500.0,-0.0,0.0,-0.0,-0.0
2021-12-29 10:00:00,1446.167958822944,1063.6405,2160.0,610.3175411770571,3500.0,-0.0,0.0,-0.0,-0.0
2021-12-29 11:00:00,2119.125622101977,1053.7995,2160.0,-0.0,3373.2698778980225,-0.0,0.0,-0.0,-0.0
2021-12-29 12:00:00,2373.41138517456,1079.8385,2160.0,-0.0,3019.6261148254403,-0.0,0.0,-0.0,-0.0
2021-12-29 13:00:00,2119.125622101977,1142.3944999999999,2160.0,-0.0,3171.839877898023,-0.0,0.0,-0.0,-0.0
2021-12-29 14:00:00,1446.167958822944,1237.9315000000001,2160.0,270.4145411770546,3500.0,-0.0,0.0,-0.0,-0.0
2021-12-29 15:00:00,604.829980821489,1359.1175,2160.0,1092.4265191785107,3500.0,-0.0,0.0,-0.0,-0.0
2021-12-29 16:00:00,2.9343727989536545,1495.793,2160.0,1741.4456272010475,3500.0,-0.0,0.0,-0.0,-0.0
2021-12-29 17:00:00,-0.0,1636.2515,2160.0,1832.5924999999988,3500.0,-0.0,0.0,-0.0,-0.0
2021-12-29 18:00:00,-0.0,1768.7605,2160.0,1895.2435000000005,3500.0,-0.0,0.0,-0.0,-0.0
2021-12-29 19:00:00,-0.0,1883.0435,2160.0,1857.1044999999995,3500.0,-0.0,0.0,-0.0,-0.0
2021-12-29 20:00:00,-0.0,1971.6255,2160.0,1687.7795000000006,3500.0,-0.0,0.0,-0.0,-0.0
2021-12-29 21:00:00,-0.0,2030.7169999999999,2160.0,1427.8450000000003,3500.0,-0.0,0.0,-0.0,-0.0
2021-12-29 22:00:00,-0.0,2060.6625,2160.0,1160.4614999999994,3500.0,-0.0,0.0,-0.0,-0.0
2021-12-29 23:00:00,-0.0,2065.8235000000004,2160.0,955.8464999999997,3500.0,-0.0,0.0,-0.0,-0.0
2021-12-30 00:00:00,-0.0,2057.1005,2160.0,345.8255000000004,3500.0,-0.0,0.0,-0.0,-0.0
2021-12-30 01:00:00,-0.0,2037.9190000000003,2160.0,213.69799999999987,3500.0,-0.0,0.0,-0.0,-0.0
2021-12-30 02:00:00,-0.0,2022.189,2160.0,125.10599999999977,3500.0,-0.0,0.0,-0.0,-0.0
2021-12-30 03:00:00,-0.0,2019.8815,2160.0,120.9055000000003,3500.0,-0.0,0.0,-0.0,-0.0
2021-12-30 04:00:00,-0.0,2038.8095000000003,2160.0,215.72449999999935,3500.0,-0.0,0.0,-0.0,-0.0
2021-12-30 05:00:00,-0.0,2083.549,2160.0,382.45700000000033,3500.0,-0.0,0.0,-0.0,-0.0
2021-12-30 06:00:00,-0.0,2154.737,2160.0,560.6019999999999,3500.0,-0.0,0.0,-0.0,-0.0
2021-12-30 07:00:00,-0.0,2248.9285,2160.0,683.7165000000005,3500.0,-0.0,0.0,-0.0,-0.0
2021-12-30 08:00:00,4.061564020263617,2359.058,2160.0,704.6634359797363,3500.0,-0.0,0.0,-0.0,-0.0
2021-12-30 09:00:00,627.5637124643221,2475.317,2160.0,3.7282875356781915,3500.0,-0.0,0.0,-0.0,-0.0
2021-12-30 10:00:00,1494.3737616516837,2586.48,2160.0,-0.0,2487.690238348316,-0.0,0.0,-0.0,-0.0
2021-12-30 11:00:00,2186.9898848719326,2681.393,2160.0,-0.0,1623.0231151280682,-0.0,0.0,-0.0,-0.0
2021-12-30 12:00:00,2448.6085169222765,2750.475,2160.0,-0.0,1215.8454830777237,-0.0,0.0,-0.0,-0.0
2021-12-30 13:00:00,2186.9898848719326,2787.0245000000004,2160.0,-0.0,1398.2936151280678,-0.0,0.0,-0.0,-0.0
2021-12-30 14:00:00,1494.3737616516837,2788.1099999999997,2160.0,-0.0,2107.929238348317,-0.0,0.0,-0.0,-0.0
2021-12-30 15:00:00,627.5637124643221,2755.0185,2160.0,-0.0,3106.6987875356785,-0.0,0.0,-0.0,-0.0
2021-12-30 16:00:00,4.061564020263617,2693.0865,2160.0,473.0009359797359,3500.0,-0.0,0.0,-0.0,-0.0
2021-12-30 17:00:00,-0.0,2611.0110000000004,2160.0,784.9399999999987,3500.0,-0.0,0.0,-0.0,-0.0
2021-12-30 18:00:00,-0.0,2519.7575000000006,2160.0,1068.5495,3500.0,-0.0,0.0,-0.0,-0.0
2021-12-30 19:00:00,-0.0,2431.078,2160.0,1230.6370000000006,3500.0,-0.0,0.0,-0.0,-0.0
2021-12-30 20:00:00,-0.0,2356.0225,2160.0,1222.2835000000005,3500.0,-0.0,0.0,-0.0,-0.0
2021-12-30 21:00:00,-0.0,2303.4829999999997,2160.0,1071.3870000000006,3500.0,-0.0,0.0,-0.0,-0.0
2021-12-30 22:00:00,-0.0,2279.069,2160.0,855.8430000000008,3500.0,-0.0,0.0,-0.0,-0.0
2021-12-30 23:00:00,-0.0,2284.4249999999997,2160.0,648.5900000000001,3500.0,-0.0,0.0,-0.0,-0.0
2021-12-31 00:00:00,-0.0,2320.1685,2160.0,-0.0,3491.4895,-0.0,0.0,-0.0,-0.0
2021-12-31 01:00:00,-0.0,2373.917,2160.0,-0.0,3284.1479999999997,-0.0,0.0,-0.0,-0.0
2021-12-31 02:00:00,-0.0,2439.7815,2160.0,-0.0,3111.7614999999996,-0.0,0.0,-0.0,-0.0
2021-12-31 03:00:00,-0.0,2507.2515,2160.0,-0.0,3035.6655000000005,-0.0,0.0,-0.0,-0.0
2021-12-31 04:00:00,-0.0,2565.797,2160.0,-0.0,3088.837,-0.0,0.0,-0.0,-0.0
2021-12-31 05:00:00,-0.0,2606.37,2160.0,-0.0,3257.7929999999997,-0.0,0.0,-0.0,-0.0
2021-12-31 06:00:00,-0.0,2622.6720000000005,2160.0,-0.0,3488.9709999999995,-0.0,0.0,-0.0,-0.0
2021-12-31 07:00:00,-0.0,2612.0705,2160.0,215.1165000000001,3500.0,-0.0,0.0,-0.0,-0.0
2021-12-31 08:00:00,5.862619558661058,2576.0215000000003,2160.0,378.77088044133916,3500.0,-0.0,0.0,-0.0,-0.0
2021-12-31 09:00:00,697.5843410489573,2519.9005,2160.0,-0.0,3280.420158951043,-0.0,0.0,-0.0,-0.0
2021-12-31 10:00:00,1653.6569080934248,2452.3525,2160.0,-0.0,2352.3505919065756,-0.0,0.0,-0.0,-0.0
2021-12-31 11:00:00,2416.7531128417777,2384.1220000000003,2160.0,-0.0,1578.9628871582217,-0.0,0.0,-0.0,-0.0
2021-12-31 12:00:00,2704.8668646321516,2326.649,2160.0,-0.0,1270.5591353678492,-0.0,0.0,-0.0,-0.0
2021-12-31 13:00:00,2416.7531128417777,2290.5545,2160.0,-0.0,1550.959387158222,-0.0,0.0,-0.0,-0.0
2021-12-31 14:00:00,1653.6569080934248,2284.178,2160.0,-0.0,2337.450091906575,-0.0,0.0,-0.0,-0.0
2021-12-31 15:00:00,697.5843410489573,2312.4855,2160.0,-0.0,3363.096158951042,-0.0,0.0,-0.0,-0.0
2021-12-31 16:00:00,5.862619558661058,2376.374,2160.0,670.9123804413384,3500.0,-0.0,0.0,-0.0,-0.0
2021-12-31 17:00:00,-0.0,2472.5415000000003,2160.0,805.6274999999996,3500.0,-0.0,0.0,-0.0,-0.0
2021-12-31 18:00:00,-0.0,2593.8835,2160.0,875.9614999999994,3500.0,-0.0,0.0,-0.0,-0.0
2021-12-31 19:00:00,-0.0,2730.442,2160.0,812.2349999999997,3500.0,-0.0,0.0,-0.0,-0.0
2021-12-31 20:00:00,-0.0,2870.7055000000005,2160.0,588.0915,3500.0,-0.0,0.0,-0.0,-0.0
2021-12-31 21:00:00,-0.0,3003.0975000000003,2160.0,251.89449999999988,3500.0,-0.0,0.0,-0.0,-0.0
2021-12-31 22:00:00,-0.0,3117.478,2160.0,-0.0,3397.294000000001,-0.0,0.0,-0.0,-0.0
2021-12-31 23:00:00,-0.0,3206.4629999999997,2160.0,-0.0,3106.254000000001,-0.0,0.0,-0.0,-0.0
