timestamp,solar,wind,nuclear,gas,imports,load_shedding,battery_discharge_mw,battery_charge_mw,battery_state_of_charge_mwh
2021-01-01 00:00:00,-0.0,4557.59,2160.0,69.58690000000024,3500.0,-0.0,0.0,-0.0,-0.0
2021-01-01 01:00:00,-0.0,4731.84,2160.0,-0.0,3209.027400000001,-0.0,0.0,-0.0,-0.0
2021-01-01 02:00:00,-0.0,4879.93,2160.0,-0.0,2935.877400000001,-0.0,0.0,-0.0,-0.0
2021-01-01 03:00:00,-0.0,4987.18,2160.0,-0.0,2830.880299999999,-0.0,0.0,-0.0,-0.0
2021-01-01 04:00:00,-0.0,5043.32,2160.0,-0.0,2933.470300000001,-0.0,0.0,-0.0,-0.0
2021-01-01 05:00:00,-0.0,5043.919999999999,2160.0,-0.0,3218.780600000001,-0.0,0.0,-0.0,-0.0
2021-01-01 06:00:00,-0.0,4991.0,2160.0,106.95760000000155,3500.0,-0.0,0.0,-0.0,-0.0
2021-01-01 07:00:00,-0.0,4892.83,2160.0,498.8691000000017,3500.0,-0.0,0.0,-0.0,-0.0
2021-01-01 08:00:00,13.447730494031147,4762.86,2160.0,802.42236950597,3500.0,-0.0,0.0,-0.0,-0.0
2021-01-01 09:00:00,1263.0599517456076,4617.97,2160.0,-0.0,3259.6243482543923,-0.0,0.0,-0.0,-0.0
2021-01-01 10:00:00,2979.6264794961476,4476.32,2160.0,-0.0,1646.7634205038526,-0.0,0.0,-0.0,-0.0
2021-01-01 11:00:00,4348.047446672584,4354.93,2160.0,-0.0,311.07245332741786,-0.0,0.0,-0.0,-0.0
2021-01-01 12:00:00,4864.473777470336,4267.51,2066.9173225296645,-0.0,-0.0,-0.0,0.0,112.58040000000119,106.95138000000112
2021-01-01 13:00:00,4348.047446672584,4222.74,2160.0,-0.0,311.87665332741653,-0.0,0.0,-0.0,106.94068486200112
2021-01-01 14:00:00,2979.6264794961476,4223.15,2160.0,-0.0,1715.2242205038533,-0.0,0.0,-0.0,106.92999079351492
2021-01-01 15:00:00,1263.0599517456076,4264.96,2160.0,-0.0,3500.0,-0.0,30.350848254392986,-0.0,74.9710364740219
2021-01-01 16:00:00,13.447730494031147,4338.66,2160.0,1382.0464071041124,3500.0,-0.0,71.21536240185578,-0.0,-0.0
2021-01-01 17:00:00,-0.0,4430.4,2160.0,1680.4032000000007,3500.0,-0.0,0.0,-0.0,-0.0
2021-01-01 18:00:00,-0.0,4524.04,2160.0,1848.7288000000017,3500.0,-0.0,0.0,-0.0,-0.0
2021-01-01 19:00:00,-0.0,4603.37,2160.0,1876.730700000001,3500.0,-0.0,0.0,-0.0,-0.0
2021-01-01 20:00:00,-0.0,4654.45,2160.0,1729.1101000000008,3500.0,-0.0,0.0,-0.0,-0.0
2021-01-01 21:00:00,-0.0,4667.58,2160.0,1463.383600000001,3500.0,-0.0,0.0,-0.0,-0.0
2021-01-01 22:00:00,-0.0,4638.67,2160.0,1192.1898999999994,3500.0,-0.0,0.0,-0.0,-0.0
2021-01-01 23:00:00,-0.0,4569.95,2160.0,1010.2439000000004,3500.0,-0.0,0.0,-0.0,-0.0
2021-01-02 00:00:00,-0.0,4473.9800000000005,2160.0,-0.0,3242.5554999999995,-0.0,0.0,-0.0,-0.0
2021-01-02 01:00:00,-0.0,4355.39,2160.0,-0.0,3173.1655,-0.0,0.0,-0.0,-0.0
2021-01-02 02:00:00,-0.0,4235.0,2160.0,-0.0,3166.6962999999996,-0.0,0.0,-0.0,-0.0
2021-01-02 03:00:00,-0.0,4130.38,2160.0,-0.0,3271.6439,-0.0,0.0,-0.0,-0.0
2021-01-02 04:00:00,-0.0,4057.81,2160.0,0.8964000000009946,3500.0,-0.0,0.0,-0.0,-0.0
2021-01-02 05:00:00,-0.0,4030.11,2160.0,312.3357000000001,3500.0,-0.0,0.0,-0.0,-0.0
2021-01-02 06:00:00,-0.0,4054.87,2160.0,620.5420999999997,3500.0,-0.0,0.0,-0.0,-0.0
2021-01-02 07:00:00,-0.0,4133.46,2160.0,833.2833999999993,3500.0,-0.0,0.0,-0.0,-0.0
2021-01-02 08:00:00,16.695273708772277,4260.75,2160.0,873.8045262912274,3500.0,-0.0,0.0,-0.0,-0.0
2021-01-02 09:00:00,1262.2787557832987,4425.81,2160.0,-0.0,3022.4449442167024,-0.0,0.0,-0.0,-0.0
2021-01-02 10:00:00,2962.3062490175284,4613.3,2160.0,-0.0,1094.2309509824713,-0.0,0.0,-0.0,-0.0
2021-01-02 11:00:00,4315.784053429227,4805.48,1729.6335465707753,-0.0,-0.0,-0.0,0.0,112.58040000000119,106.95138000000112
2021-01-02 12:00:00,4826.329094625025,4984.54,949.3301053749756,-0.0,-0.0,-0.0,0.0,112.58040000000119,213.89206486200226
2021-01-02 13:00:00,4315.784053429227,5134.88,1262.8053465707726,-0.0,-0.0,-0.0,0.0,112.58040000000119,320.8220556555172
2021-01-02 14:00:00,2962.3062490175284,5245.16,2160.0,-0.0,265.5834509824731,-0.0,0.0,-0.0,320.7899734499517
2021-01-02 15:00:00,1262.2787557832987,5309.68,2160.0,-0.0,2038.1850442167026,-0.0,0.0,-0.0,320.7578944526067
2021-01-02 16:00:00,16.695273708772277,5329.080000000001,2160.0,-0.0,3500.0,-0.0,7.9963262912269215,-0.0,312.3086330934489
2021-01-02 17:00:00,-0.0,5310.08,2160.0,233.07910000000084,3500.0,-0.0,112.58040000000119,-0.0,193.771718019612
2021-01-02 18:00:00,-0.0,5264.51,2160.0,537.0565999999999,3500.0,-0.0,112.58040000000119,-0.0,75.24665663728248
2021-01-02 19:00:00,-0.0,5207.540000000001,2160.0,738.8178246269626,3500.0,-0.0,71.47717537303782,-0.0,-0.0
2021-01-02 20:00:00,-0.0,5155.530000000001,2160.0,762.0346999999983,3500.0,-0.0,0.0,-0.0,-0.0
2021-01-02 21:00:00,-0.0,5123.7,2160.0,537.4579000000022,3500.0,-0.0,0.0,-0.0,-0.0
2021-01-02 22:00:00,-0.0,5123.9400000000005,2160.0,233.22459999999955,3500.0,-0.0,0.0,-0.0,-0.0
2021-01-02 23:00:00,-0.0,5163.08,2160.0,-0.0,3439.453599999999,-0.0,0.0,-0.0,-0.0
2021-01-03 00:00:00,-0.0,5245.990000000001,2160.0,-0.0,2555.5148,-0.0,0.0,-0.0,-0.0
2021-01-03 01:00:00,-0.0,5358.969999999999,2160.0,-0.0,2250.4507000000012,-0.0,0.0,-0.0,-0.0
2021-01-03 02:00:00,-0.0,5494.96,2160.0,-0.0,1983.4311000000007,-0.0,0.0,-0.0,-0.0
2021-01-03 03:00:00,-0.0,5638.6,2160.0,-0.0,1835.888500000001,-0.0,0.0,-0.0,-0.0
2021-01-03 04:00:00,-0.0,5772.33,2160.0,-0.0,1854.5523000000012,-0.0,0.0,-0.0,-0.0
2021-01-03 05:00:00,-0.0,5878.7,2160.0,-0.0,2027.5783000000001,-0.0,0.0,-0.0,-0.0
2021-01-03 06:00:00,-0.0,5942.650000000001,2160.0,-0.0,2292.2007000000003,-0.0,0.0,-0.0,-0.0
2021-01-03 07:00:00,-0.0,5953.59,2160.0,-0.0,2568.153800000002,-0.0,0.0,-0.0,-0.0
2021-01-03 08:00:00,21.22621029016369,5906.709999999999,2160.0,-0.0,2773.828989709837,-0.0,0.0,-0.0,-0.0
2021-01-03 09:00:00,1314.8755639313226,5803.72,2160.0,-0.0,1637.9321360686777,-0.0,0.0,-0.0,-0.0
2021-01-03 10:00:00,3068.649339372402,5652.549999999999,2160.0,-0.0,-0.0,-0.0,0.0,9.925939372401444,9.429642403781372
2021-01-03 11:00:00,4462.972532670536,5466.379999999999,958.3922673294655,-0.0,-0.0,-0.0,0.0,112.58040000000119,116.38007943954211
2021-01-03 12:00:00,4988.661615592808,5261.83,541.9371844071939,-0.0,-0.0,-0.0,0.0,112.58040000000119,223.31982143159928
2021-01-03 13:00:00,4462.972532670536,5056.83,1221.2554673294653,-0.0,-0.0,-0.0,0.0,112.58040000000119,330.24886944945723
2021-01-03 14:00:00,3068.649339372402,4868.219999999999,2160.0,-0.0,559.1097606275971,-0.0,0.0,-0.0,330.2158445625123
2021-01-03 15:00:00,1314.8755639313226,4709.59,2160.0,-0.0,2603.9302360686775,-0.0,0.0,-0.0,330.18282297805604
2021-01-03 16:00:00,21.22621029016369,4589.52,2160.0,644.0091897098355,3500.0,-0.0,112.58040000000119,-0.0,211.64412048523067
2021-01-03 17:00:00,-0.0,4510.5,2160.0,1041.5264000000006,3500.0,-0.0,112.58040000000119,-0.0,93.11727186265458
2021-01-03 18:00:00,-0.0,4468.75,2160.0,1361.1122378713071,3500.0,-0.0,88.45256212869491,-0.0,-0.0
2021-01-03 19:00:00,-0.0,4454.84,2160.0,1562.4620000000014,3500.0,-0.0,0.0,-0.0,-0.0
2021-01-03 20:00:00,-0.0,4455.05,2160.0,1457.2861000000003,3500.0,-0.0,0.0,-0.0,-0.0
2021-01-03 21:00:00,-0.0,4453.41,2160.0,1197.8302000000003,3500.0,-0.0,0.0,-0.0,-0.0
2021-01-03 22:00:00,-0.0,4433.9400000000005,2160.0,908.630799999999,3500.0,-0.0,0.0,-0.0,-0.0
2021-01-03 23:00:00,-0.0,4382.99,2160.0,700.2906000000003,3500.0,-0.0,0.0,-0.0,-0.0
2021-01-04 00:00:00,-0.0,4295.05,2160.0,549.2256000000007,3500.0,-0.0,0.0,-0.0,-0.0
2021-01-04 01:00:00,-0.0,4158.71,2160.0,488.8639000000012,3500.0,-0.0,0.0,-0.0,-0.0
2021-01-04 02:00:00,-0.0,3980.46,2160.0,531.4952999999996,3500.0,-0.0,0.0,-0.0,-0.0
2021-01-04 03:00:00,-0.0,3769.0299999999997,2160.0,734.4649000000018,3500.0,-0.0,0.0,-0.0,-0.0
2021-01-04 04:00:00,-0.0,3538.19,2160.0,1113.1759999999995,3500.0,-0.0,0.0,-0.0,-0.0
2021-01-04 05:00:00,-0.0,3304.97,2160.0,1621.3083000000006,3500.0,-0.0,0.0,-0.0,-0.0
2021-01-04 06:00:00,-0.0,3087.5000000000005,2160.0,2162.9125000000004,3500.0,-0.0,0.0,-0.0,-0.0
2021-01-04 07:00:00,-0.0,2902.6600000000003,2160.0,2630.2503000000015,3500.0,-0.0,0.0,-0.0,-0.0
2021-01-04 08:00:00,26.839661276468803,2763.85,2160.0,2917.900038723531,3500.0,-0.0,0.0,-0.0,-0.0
2021-01-04 09:00:00,1382.8061328252377,2679.28,2160.0,1696.9773671747616,3500.0,-0.0,0.0,-0.0,-0.0
2021-01-04 10:00:00,3208.282537663952,2650.9100000000003,2160.0,-0.0,3350.385162336048,-0.0,0.0,-0.0,-0.0
2021-01-04 11:00:00,4657.479167343125,2674.2,2160.0,-0.0,1777.620432656874,-0.0,0.0,-0.0,-0.0
2021-01-04 12:00:00,5203.546304939338,2738.82,2160.0,-0.0,1067.5131950606628,-0.0,0.0,-0.0,-0.0
2021-01-04 13:00:00,4657.479167343125,2829.9999999999995,2160.0,-0.0,1466.9930326568756,-0.0,0.0,-0.0,-0.0
2021-01-04 14:00:00,3208.282537663952,2930.54,2160.0,-0.0,2839.1861623360483,-0.0,0.0,-0.0,-0.0
2021-01-04 15:00:00,1382.8061328252377,3023.13,2160.0,1200.5996671747635,3500.0,-0.0,0.0,-0.0,-0.0
2021-01-04 16:00:00,26.839661276468803,3092.68,2160.0,2722.14583872353,3500.0,-0.0,0.0,-0.0,-0.0
2021-01-04 17:00:00,-0.0,3128.25,2160.0,3006.9581,3500.0,-0.0,0.0,-0.0,-0.0
2021-01-04 18:00:00,-0.0,3124.56,2160.0,3260.710900000002,3500.0,-0.0,0.0,-0.0,-0.0
2021-01-04 19:00:00,-0.0,3082.56,2160.0,3398.141300000001,3500.0,-0.0,0.0,-0.0,-0.0
2021-01-04 20:00:00,-0.0,3009.29,2160.0,3362.9796000000015,3500.0,-0.0,0.0,-0.0,-0.0
2021-01-04 21:00:00,-0.0,2916.7900000000004,2160.0,3191.0128000000004,3500.0,-0.0,0.0,-0.0,-0.0
2021-01-04 22:00:00,-0.0,2820.42,2160.0,2975.4374000000007,3500.0,-0.0,0.0,-0.0,-0.0
2021-01-04 23:00:00,-0.0,2736.6400000000003,2160.0,2796.751299999999,3500.0,-0.0,0.0,-0.0,-0.0
2021-01-05 00:00:00,-0.0,2684.34,2160.0,2039.6491999999998,3500.0,-0.0,0.0,-0.0,-0.0
2021-01-05 01:00:00,-0.0,2668.16,2160.0,1856.1596000000009,3500.0,-0.0,0.0,-0.0,-0.0
2021-01-05 02:00:00,-0.0,2698.4900000000002,2160.0,1687.3497000000007,3500.0,-0.0,0.0,-0.0,-0.0
2021-01-05 03:00:00,-0.0,2775.96,2160.0,1598.6672000000008,3500.0,-0.0,0.0,-0.0,-0.0
2021-01-05 04:00:00,-0.0,2894.89,2160.0,1624.9680000000008,3500.0,-0.0,0.0,-0.0,-0.0
2021-01-05 05:00:00,-0.0,3043.88,2160.0,1748.3657000000012,3500.0,-0.0,0.0,-0.0,-0.0
2021-01-05 06:00:00,-0.0,3207.28,2160.0,1906.689699999999,3500.0,-0.0,0.0,-0.0,-0.0
2021-01-05 07:00:00,-0.0,3367.1800000000003,2160.0,2026.9969,3500.0,-0.0,0.0,-0.0,-0.0
2021-01-05 08:00:00,30.265763568309104,3505.7700000000004,2160.0,2031.6495364316916,3500.0,-0.0,0.0,-0.0,-0.0
2021-01-05 09:00:00,1313.904648949596,3607.57,2160.0,694.6356510504047,3500.0,-0.0,0.0,-0.0,-0.0
2021-01-05 10:00:00,3029.645340968553,3661.53,2160.0,-0.0,2373.5264590314473,-0.0,0.0,-0.0,-0.0
2021-01-05 11:00:00,4389.584751982778,3662.37,2160.0,-0.0,910.6684480172225,-0.0,0.0,-0.0,-0.0
2021-01-05 12:00:00,4901.72566493015,3611.31,2160.0,-0.0,348.49563506985123,-0.0,0.0,-0.0,-0.0
2021-01-05 13:00:00,4389.584751982778,3515.76,2160.0,-0.0,899.2361480172231,-0.0,0.0,-0.0,-0.0
2021-01-05 14:00:00,3029.645340968553,3388.39,2160.0,-0.0,2408.6689590314472,-0.0,0.0,-0.0,-0.0
2021-01-05 15:00:00,1313.904648949596,3245.31,2160.0,894.7349510504046,3500.0,-0.0,0.0,-0.0,-0.0
2021-01-05 16:00:00,30.265763568309104,3103.92,2160.0,2553.7417364316907,3500.0,-0.0,0.0,-0.0,-0.0
2021-01-05 17:00:00,-0.0,2980.58,2160.0,2999.8734999999997,3500.0,-0.0,0.0,-0.0,-0.0
2021-01-05 18:00:00,-0.0,2888.37,2160.0,3341.2635999999993,3500.0,-0.0,0.0,-0.0,-0.0
2021-01-05 19:00:00,-0.0,2835.4,2160.0,3488.9152000000013,3500.0,-0.0,0.0,-0.0,-0.0
2021-01-05 20:00:00,-0.0,2823.77,2160.0,3391.4999000000007,3500.0,-0.0,0.0,-0.0,-0.0
2021-01-05 21:00:00,-0.0,2849.27,2160.0,3101.0547000000006,3500.0,-0.0,0.0,-0.0,-0.0
2021-01-05 22:00:00,-0.0,2902.11,2160.0,2735.9274000000005,3500.0,-0.0,0.0,-0.0,-0.0
2021-01-05 23:00:00,-0.0,2968.25,2160.0,2407.1159000000007,3500.0,-0.0,0.0,-0.0,-0.0
2021-01-06 00:00:00,-0.0,3034.8399999999997,2160.0,1530.7247000000007,3500.0,-0.0,0.0,-0.0,-0.0
2021-01-06 01:00:00,-0.0,3078.88,2160.0,1287.0827,3500.0,-0.0,0.0,-0.0,-0.0
2021-01-06 02:00:00,-0.0,3089.92,2160.0,1137.7682000000004,3500.0,-0.0,0.0,-0.0,-0.0
2021-01-06 03:00:00,-0.0,3058.48,2160.0,1158.3376000000007,3500.0,-0.0,0.0,-0.0,-0.0
2021-01-06 04:00:00,-0.0,2980.78,2160.0,1381.7468000000008,3500.0,-0.0,0.0,-0.0,-0.0
2021-01-06 05:00:00,-0.0,2859.43,2160.0,1776.0968000000012,3500.0,-0.0,0.0,-0.0,-0.0
2021-01-06 06:00:00,-0.0,2703.1899999999996,2160.0,2254.8096000000014,3500.0,-0.0,0.0,-0.0,-0.0
2021-01-06 07:00:00,-0.0,2525.8799999999997,2160.0,2713.2108000000007,3500.0,-0.0,0.0,-0.0,-0.0
2021-01-06 08:00:00,29.56268720223113,2344.66,2160.0,3039.3944127977684,3500.0,-0.0,0.0,-0.0,-0.0
2021-01-06 09:00:00,1094.3327838292118,2177.83,2160.0,2191.0298161707888,3500.0,-0.0,0.0,-0.0,-0.0
2021-01-06 10:00:00,2507.0364021262417,2042.45,2160.0,863.5794978737595,3500.0,-0.0,0.0,-0.0,-0.0
2021-01-06 11:00:00,3624.961304017181,1952.19,2160.0,-0.0,3235.2503959828186,-0.0,0.0,-0.0,-0.0
2021-01-06 12:00:00,4045.691129432097,1915.5,2160.0,-0.0,2751.6617705679027,-0.0,0.0,-0.0,-0.0
2021-01-06 13:00:00,3624.961304017181,1934.6399999999999,2160.0,-0.0,3097.9729959828196,-0.0,0.0,-0.0,-0.0
2021-01-06 14:00:00,2507.0364021262417,2005.41,2160.0,669.0491978737591,3500.0,-0.0,0.0,-0.0,-0.0
2021-01-06 15:00:00,1094.3327838292118,2117.8,2160.0,2098.5334161707897,3500.0,-0.0,0.0,-0.0,-0.0
2021-01-06 16:00:00,29.56268720223113,2257.38,2160.0,3259.7502127977687,3500.0,-0.0,0.0,-0.0,-0.0
2021-01-06 17:00:00,-0.0,2407.3,2160.0,3434.0886,3500.0,-0.0,0.0,-0.0,-0.0
2021-01-06 18:00:00,-0.0,2550.6099999999997,2160.0,3542.2493000000004,3500.0,-0.0,0.0,-0.0,-0.0
2021-01-06 19:00:00,-0.0,2672.54,2160.0,3517.4098000000004,3500.0,-0.0,0.0,-0.0,-0.0
2021-01-06 20:00:00,-0.0,2762.48,2160.0,3320.9503999999997,3500.0,-0.0,0.0,-0.0,-0.0
2021-01-06 21:00:00,-0.0,2815.45,2160.0,3005.6755000000003,3500.0,-0.0,0.0,-0.0,-0.0
2021-01-06 22:00:00,-0.0,2832.69,2160.0,2678.9015999999992,3500.0,-0.0,0.0,-0.0,-0.0
2021-01-06 23:00:00,-0.0,2821.47,2160.0,2430.3114000000005,3500.0,-0.0,0.0,-0.0,-0.0
2021-01-07 00:00:00,-0.0,2797.23,2160.0,1647.3866000000016,3500.0,-0.0,0.0,-0.0,-0.0
2021-01-07 01:00:00,-0.0,2769.13,2160.0,1478.9577999999992,3500.0,-0.0,0.0,-0.0,-0.0
2021-01-07 02:00:00,-0.0,2756.96,2160.0,1356.0292,3500.0,-0.0,0.0,-0.0,-0.0
2021-01-07 03:00:00,-0.0,2776.0499999999997,2160.0,1329.3433000000023,3500.0,-0.0,0.0,-0.0,-0.0
2021-01-07 04:00:00,-0.0,2838.3199999999997,2160.0,1416.154700000001,3500.0,-0.0,0.0,-0.0,-0.0
2021-01-07 05:00:00,-0.0,2950.52,2160.0,1580.4205000000002,3500.0,-0.0,0.0,-0.0,-0.0
2021-01-07 06:00:00,-0.0,3113.21,2160.0,1743.7601000000004,3500.0,-0.0,0.0,-0.0,-0.0
2021-01-07 07:00:00,-0.0,3320.5699999999997,2160.0,1821.1352000000024,3500.0,-0.0,0.0,-0.0,-0.0
2021-01-07 08:00:00,28.70337164369138,3561.0199999999995,2160.0,1730.2378283563085,3500.0,-0.0,0.0,-0.0,-0.0
2021-01-07 09:00:00,915.3273090372951,3818.67,2160.0,639.3496909627065,3500.0,-0.0,0.0,-0.0,-0.0
2021-01-07 10:00:00,2082.8246747078915,4075.35,2160.0,-0.0,2668.9352252921076,-0.0,0.0,-0.0,-0.0
2021-01-07 11:00:00,3005.115787752054,4312.87,2160.0,-0.0,1412.4236122479465,-0.0,0.0,-0.0,-0.0
2021-01-07 12:00:00,3352.0002748441457,4515.4,2160.0,-0.0,767.4981251558547,-0.0,0.0,-0.0,-0.0
2021-01-07 13:00:00,3005.115787752054,4671.46,2160.0,-0.0,907.1481122479468,-0.0,0.0,-0.0,-0.0
2021-01-07 14:00:00,2082.8246747078915,4775.3,2160.0,-0.0,1753.69092529211,-0.0,0.0,-0.0,-0.0
2021-01-07 15:00:00,915.3273090372951,4827.64,2160.0,-0.0,3002.249090962706,-0.0,0.0,-0.0,-0.0
2021-01-07 16:00:00,28.70337164369138,4835.38,2160.0,621.4471283563089,3500.0,-0.0,0.0,-0.0,-0.0
2021-01-07 17:00:00,-0.0,4810.62,2160.0,973.9494999999997,3500.0,-0.0,0.0,-0.0,-0.0
2021-01-07 18:00:00,-0.0,4768.9,2160.0,1271.5342000000019,3500.0,-0.0,0.0,-0.0,-0.0
2021-01-07 19:00:00,-0.0,4727.05,2160.0,1414.9155,3500.0,-0.0,0.0,-0.0,-0.0
2021-01-07 20:00:00,-0.0,4700.84,2160.0,1339.0884999999998,3500.0,-0.0,0.0,-0.0,-0.0
2021-01-07 21:00:00,-0.0,4702.77,2160.0,1079.375,3500.0,-0.0,0.0,-0.0,-0.0
2021-01-07 22:00:00,-0.0,4740.38,2160.0,736.7889000000005,3500.0,-0.0,0.0,-0.0,-0.0
2021-01-07 23:00:00,-0.0,4815.18,2160.0,406.7676999999985,3500.0,-0.0,0.0,-0.0,-0.0
2021-01-08 00:00:00,-0.0,4925.38,2160.0,-0.0,2993.6876999999995,-0.0,0.0,-0.0,-0.0
2021-01-08 01:00:00,-0.0,5054.79,2160.0,-0.0,2672.389900000001,-0.0,0.0,-0.0,-0.0
2021-01-08 02:00:00,-0.0,5191.83,2160.0,-0.0,2404.9118,-0.0,0.0,-0.0,-0.0
2021-01-08 03:00:00,-0.0,5319.79,2160.0,-0.0,2274.032,-0.0,0.0,-0.0,-0.0
2021-01-08 04:00:00,-0.0,5422.08,2160.0,-0.0,2325.511200000001,-0.0,0.0,-0.0,-0.0
2021-01-08 05:00:00,-0.0,5484.5,2160.0,-0.0,2544.2538999999997,-0.0,0.0,-0.0,-0.0
2021-01-08 06:00:00,-0.0,5497.23,2160.0,-0.0,2862.2530000000006,-0.0,0.0,-0.0,-0.0
2021-01-08 07:00:00,-0.0,5456.28,2160.0,-0.0,3192.638900000001,-0.0,0.0,-0.0,-0.0
2021-01-08 08:00:00,33.66954597551201,5364.05,2160.0,-0.0,3434.150954024489,-0.0,0.0,-0.0,-0.0
2021-01-08 09:00:00,933.8862931132901,5229.17,2160.0,-0.0,2726.8891068867106,-0.0,0.0,-0.0,-0.0
2021-01-08 10:00:00,2110.188853273339,5065.37,2160.0,-0.0,1672.82554672666,-0.0,0.0,-0.0,-0.0
2021-01-08 11:00:00,3037.7697789765643,4889.820000000001,2160.0,-0.0,828.754621023435,-0.0,0.0,-0.0,-0.0
2021-01-08 12:00:00,3386.406377012692,4720.849999999999,2160.0,-0.0,558.2167229873098,-0.0,0.0,-0.0,-0.0
2021-01-08 13:00:00,3037.7697789765643,4575.65,2160.0,-0.0,1005.4964210234375,-0.0,0.0,-0.0,-0.0
2021-01-08 14:00:00,2110.188853273339,4468.03,2160.0,-0.0,2073.3780467266615,-0.0,0.0,-0.0,-0.0
2021-01-08 15:00:00,933.8862931132901,4406.7,2160.0,-0.0,3448.9692068867107,-0.0,0.0,-0.0,-0.0
2021-01-08 16:00:00,33.66954597551201,4394.17,2160.0,1106.5527540244875,3500.0,-0.0,0.0,-0.0,-0.0
2021-01-08 17:00:00,-0.0,4426.58,2160.0,1411.333700000001,3500.0,-0.0,0.0,-0.0,-0.0
2021-01-08 18:00:00,-0.0,4494.29,2160.0,1603.9278999999997,3500.0,-0.0,0.0,-0.0,-0.0
2021-01-08 19:00:00,-0.0,4583.29,2160.0,1620.8531999999987,3500.0,-0.0,0.0,-0.0,-0.0
2021-01-08 20:00:00,-0.0,4677.18,2160.0,1429.2695000000003,3500.0,-0.0,0.0,-0.0,-0.0
2021-01-08 21:00:00,-0.0,4759.49,2160.0,1093.4647000000023,3500.0,-0.0,0.0,-0.0,-0.0
2021-01-08 22:00:00,-0.0,4815.95,2160.0,736.2588000000005,3500.0,-0.0,0.0,-0.0,-0.0
2021-01-08 23:00:00,-0.0,4836.5,2160.0,464.65799999999945,3500.0,-0.0,0.0,-0.0,-0.0
2021-01-09 00:00:00,-0.0,4819.38,2160.0,-0.0,2615.6755999999996,-0.0,0.0,-0.0,-0.0
2021-01-09 01:00:00,-0.0,4760.97,2160.0,-0.0,2486.234299999999,-0.0,0.0,-0.0,-0.0
2021-01-09 02:00:00,-0.0,4671.8,2160.0,-0.0,2448.9299,-0.0,0.0,-0.0,-0.0
2021-01-09 03:00:00,-0.0,4564.650000000001,2160.0,-0.0,2557.0497000000005,-0.0,0.0,-0.0,-0.0
2021-01-09 04:00:00,-0.0,4455.59,2160.0,-0.0,2823.6905000000006,-0.0,0.0,-0.0,-0.0
2021-01-09 05:00:00,-0.0,4361.7,2160.0,-0.0,3202.4728999999998,-0.0,0.0,-0.0,-0.0
2021-01-09 06:00:00,-0.0,4298.82,2160.0,99.72590000000127,3500.0,-0.0,0.0,-0.0,-0.0
2021-01-09 07:00:00,-0.0,4279.31,2160.0,412.22859999999946,3500.0,-0.0,0.0,-0.0,-0.0
2021-01-09 08:00:00,44.17105169740687,4310.34,2160.0,523.4449483025933,3500.0,-0.0,0.0,-0.0,-0.0
2021-01-09 09:00:00,1074.780564886853,4392.86,2160.0,-0.0,2971.761235113149,-0.0,0.0,-0.0,-0.0
2021-01-09 10:00:00,2410.971618646889,4521.35,2160.0,-0.0,1468.7951813531104,-0.0,0.0,-0.0,-0.0
2021-01-09 11:00:00,3462.6622628763553,4684.55,2160.0,-0.0,165.04043712364364,-0.0,0.0,-0.0,-0.0
2021-01-09 12:00:00,3857.668421246673,4866.8099999999995,1772.5565787533292,-0.0,-0.0,-0.0,0.0,112.58040000000119,106.95138000000112
2021-01-09 13:00:00,3462.6622628763553,5050.13,1940.6550371236463,-0.0,-0.0,-0.0,0.0,112.58040000000119,213.89206486200226
2021-01-09 14:00:00,2410.971618646889,5216.469999999999,2160.0,-0.0,588.967281353112,-0.0,0.0,-0.0,213.87067565551607
2021-01-09 15:00:00,1074.780564886853,5350.099999999999,2160.0,-0.0,1932.2377351131477,-0.0,0.0,-0.0,213.84928858795053
2021-01-09 16:00:00,44.17105169740687,5439.549999999999,2160.0,-0.0,3120.875648302596,-0.0,0.0,-0.0,213.82790365909173
2021-01-09 17:00:00,-0.0,5479.070000000001,2160.0,-0.0,3431.5739999999996,-0.0,0.0,-0.0,213.8065208687258
2021-01-09 18:00:00,-0.0,5469.3,2160.0,91.47670000000016,3500.0,-0.0,112.58040000000119,-0.0,95.27945600611139
2021-01-09 19:00:00,-0.0,5417.04,2160.0,274.0265683425132,3500.0,-0.0,90.50643165748525,-0.0,-0.0
2021-01-09 20:00:00,-0.0,5334.23,2160.0,351.8189999999995,3500.0,-0.0,0.0,-0.0,-0.0
2021-01-09 21:00:00,-0.0,5236.21,2160.0,198.39299999999912,3500.0,-0.0,0.0,-0.0,-0.0
2021-01-09 22:00:00,-0.0,5139.59,2160.0,-0.0,3496.1924,-0.0,0.0,-0.0,-0.0
2021-01-09 23:00:00,-0.0,5059.85,2160.0,-0.0,3326.6795,-0.0,0.0,-0.0,-0.0
2021-01-10 00:00:00,-0.0,5011.69,2160.0,-0.0,2577.0685000000003,-0.0,0.0,-0.0,-0.0
2021-01-10 01:00:00,-0.0,4997.38,2160.0,-0.0,2405.0690000000004,-0.0,0.0,-0.0,-0.0
2021-01-10 02:00:00,-0.0,5020.58,2160.0,-0.0,2256.8089999999993,-0.0,0.0,-0.0,-0.0
2021-01-10 03:00:00,-0.0,5076.2300000000005,2160.0,-0.0,2203.4119,-0.0,0.0,-0.0,-0.0
2021-01-10 04:00:00,-0.0,5153.65,2160.0,-0.0,2284.7219000000005,-0.0,0.0,-0.0,-0.0
2021-01-10 05:00:00,-0.0,5237.99,2160.0,-0.0,2486.2922,-0.0,0.0,-0.0,-0.0
2021-01-10 06:00:00,-0.0,5312.23,2160.0,-0.0,2747.3092000000015,-0.0,0.0,-0.0,-0.0
2021-01-10 07:00:00,-0.0,5359.44,2160.0,-0.0,2993.8394,-0.0,0.0,-0.0,-0.0
2021-01-10 08:00:00,54.270799495828605,5365.12,2160.0,-0.0,3120.9209005041716,-0.0,0.0,-0.0,-0.0
2021-01-10 09:00:00,1167.173727343354,5319.1900000000005,2160.0,-0.0,2115.8721726566455,-0.0,0.0,-0.0,-0.0
2021-01-10 10:00:00,2598.6595285627527,5217.4,2160.0,-0.0,748.2319714372488,-0.0,0.0,-0.0,-0.0
2021-01-10 11:00:00,3723.1911163063614,5061.97,1963.0507836936404,-0.0,-0.0,-0.0,0.0,112.58040000000119,106.95138000000112
2021-01-10 12:00:00,4145.2489748572025,4861.32,1653.9137251427983,-0.0,-0.0,-0.0,0.0,112.58040000000119,213.89206486200226
2021-01-10 13:00:00,3723.191116306362,4629.110000000001,2160.0,-0.0,-0.0,-0.0,0.0,8.055416306361167,221.52332114655917
2021-01-10 14:00:00,2598.6595285627527,4382.400000000001,2160.0,-0.0,1398.5227714372468,-0.0,0.0,-0.0,221.50116881444453
2021-01-10 15:00:00,1167.173727343354,4139.5,2160.0,-0.0,3213.2773726566465,-0.0,0.0,-0.0,221.47901869756308
2021-01-10 16:00:00,54.270799495828605,3917.6299999999997,2160.0,1182.469900504172,3500.0,-0.0,112.58040000000119,-0.0,102.95118658516577
2021-01-10 17:00:00,-0.0,3730.6600000000003,2160.0,1743.9309531068202,3500.0,-0.0,97.7938468931819,-0.0,-0.0
2021-01-10 18:00:00,-0.0,3587.44,2160.0,2246.9104000000007,3500.0,-0.0,0.0,-0.0,-0.0
2021-01-10 19:00:00,-0.0,3490.66,2160.0,2451.0210000000025,3500.0,-0.0,0.0,-0.0,-0.0
2021-01-10 20:00:00,-0.0,3436.7,2160.0,2408.4417000000003,3500.0,-0.0,0.0,-0.0,-0.0
2021-01-10 21:00:00,-0.0,3416.19,2160.0,2176.3552,3500.0,-0.0,0.0,-0.0,-0.0
2021-01-10 22:00:00,-0.0,3415.45,2160.0,1876.991500000001,3500.0,-0.0,0.0,-0.0,-0.0
2021-01-10 23:00:00,-0.0,3418.4700000000003,2160.0,1623.3055000000013,3500.0,-0.0,0.0,-0.0,-0.0
2021-01-11 00:00:00,-0.0,3411.43,2160.0,1397.688399999999,3500.0,-0.0,0.0,-0.0,-0.0
2021-01-11 01:00:00,-0.0,3376.02,2160.0,1245.1183999999994,3500.0,-0.0,0.0,-0.0,-0.0
2021-01-11 02:00:00,-0.0,3304.93,2160.0,1189.3479000000007,3500.0,-0.0,0.0,-0.0,-0.0
2021-01-11 03:00:00,-0.0,3194.19,2160.0,1300.416799999999,3500.0,-0.0,0.0,-0.0,-0.0
2021-01-11 04:00:00,-0.0,3046.14,2160.0,1605.148000000001,3500.0,-0.0,0.0,-0.0,-0.0
2021-01-11 05:00:00,-0.0,2869.14,2160.0,2065.8873000000003,3500.0,-0.0,0.0,-0.0,-0.0
2021-01-11 06:00:00,-0.0,2676.5499999999997,2160.0,2591.4437,3500.0,-0.0,0.0,-0.0,-0.0
2021-01-11 07:00:00,-0.0,2484.98,2160.0,3074.346300000001,3500.0,-0.0,0.0,-0.0,-0.0
2021-01-11 08:00:00,62.8639550812261,2312.09,2160.0,3368.877444918775,3500.0,-0.0,0.0,-0.0,-0.0
2021-01-11 09:00:00,1203.4658597637601,2174.26,2160.0,2425.389440236241,3500.0,-0.0,0.0,-0.0,-0.0
2021-01-11 10:00:00,2658.8785773144473,2084.3900000000003,2160.0,1019.1502226855537,3500.0,-0.0,0.0,-0.0,-0.0
2021-01-11 11:00:00,3799.9157197474105,2050.16,2160.0,-0.0,3320.8230802525886,-0.0,0.0,-0.0,-0.0
2021-01-11 12:00:00,4227.843707957887,2073.0,2160.0,-0.0,2779.3566920421144,-0.0,0.0,-0.0,-0.0
2021-01-11 13:00:00,3799.9157197474105,2147.87,2160.0,-0.0,3085.6848802525883,-0.0,0.0,-0.0,-0.0
2021-01-11 14:00:00,2658.8785773144473,2263.88,2160.0,642.8727226855535,3500.0,-0.0,0.0,-0.0,-0.0
2021-01-11 15:00:00,1203.4658597637601,2405.77,2160.0,2093.489540236241,3500.0,-0.0,0.0,-0.0,-0.0
2021-01-11 16:00:00,62.8639550812261,2555.8599999999997,2160.0,3327.629244918774,3500.0,-0.0,0.0,-0.0,-0.0
2021-01-11 17:00:00,-0.0,2696.38,2160.0,3551.941099999999,3500.0,-0.0,0.0,-0.0,-0.0
2021-01-11 18:00:00,-0.0,2811.7999999999997,2160.0,3694.929900000001,3500.0,-0.0,0.0,-0.0,-0.0
2021-01-11 19:00:00,-0.0,2890.81,2160.0,3719.606599999999,3500.0,-0.0,0.0,-0.0,-0.0
2021-01-11 20:00:00,-0.0,2927.7599999999998,2160.0,3582.3863,3500.0,-0.0,0.0,-0.0,-0.0
2021-01-11 21:00:00,-0.0,2923.31,2160.0,3330.429500000002,3500.0,-0.0,0.0,-0.0,-0.0
2021-01-11 22:00:00,-0.0,2884.25,2160.0,3065.4962000000014,3500.0,-0.0,0.0,-0.0,-0.0
2021-01-11 23:00:00,-0.0,2822.4100000000003,2160.0,2872.7065000000002,3500.0,-0.0,0.0,-0.0,-0.0
2021-01-12 00:00:00,-0.0,2755.0099999999998,2160.0,2136.0851000000002,3500.0,-0.0,0.0,-0.0,-0.0
2021-01-12 01:00:00,-0.0,2694.42,2160.0,2004.5897000000004,3500.0,-0.0,0.0,-0.0,-0.0
2021-01-12 02:00:00,-0.0,2657.87,2160.0,1910.1114000000007,3500.0,-0.0,0.0,-0.0,-0.0
2021-01-12 03:00:00,-0.0,2657.27,2160.0,1906.8075000000008,3500.0,-0.0,0.0,-0.0,-0.0
2021-01-12 04:00:00,-0.0,2699.48,2160.0,2016.9912999999997,3500.0,-0.0,0.0,-0.0,-0.0
2021-01-12 05:00:00,-0.0,2785.2599999999998,2160.0,2210.6072999999997,3500.0,-0.0,0.0,-0.0,-0.0
2021-01-12 06:00:00,-0.0,2909.1099999999997,2160.0,2415.331000000001,3500.0,-0.0,0.0,-0.0,-0.0
2021-01-12 07:00:00,-0.0,3059.87,2160.0,2551.4628000000002,3500.0,-0.0,0.0,-0.0,-0.0
2021-01-12 08:00:00,77.08172159524742,3222.1699999999996,2160.0,2492.103778404754,3500.0,-0.0,0.0,-0.0,-0.0
2021-01-12 09:00:00,1322.0290869576081,3378.4399999999996,2160.0,1145.6476130423925,3500.0,-0.0,0.0,-0.0,-0.0
2021-01-12 10:00:00,2897.8129423577725,3511.21,2160.0,-0.0,2891.8394576422293,-0.0,0.0,-0.0,-0.0
2021-01-12 11:00:00,4130.674090188983,3605.4199999999996,2160.0,-0.0,1468.659309811018,-0.0,0.0,-0.0,-0.0
2021-01-12 12:00:00,4592.684542240763,3650.41,2160.0,-0.0,866.3441577592394,-0.0,0.0,-0.0,-0.0
2021-01-12 13:00:00,4130.674090188983,3641.37,2160.0,-0.0,1286.0238098110167,-0.0,0.0,-0.0,-0.0
2021-01-12 14:00:00,2897.8129423577725,3579.9399999999996,2160.0,-0.0,2607.8151576422283,-0.0,0.0,-0.0,-0.0
2021-01-12 15:00:00,1322.0290869576081,3474.04,2160.0,921.9157130423919,3500.0,-0.0,0.0,-0.0,-0.0
2021-01-12 16:00:00,77.08172159524742,3336.75,2160.0,2543.093078404753,3500.0,-0.0,0.0,-0.0,-0.0
2021-01-12 17:00:00,-0.0,3184.68,2160.0,3069.517099999999,3500.0,-0.0,0.0,-0.0,-0.0
2021-01-12 18:00:00,-0.0,3035.6499999999996,2160.0,3472.2551000000003,3500.0,-0.0,0.0,-0.0,-0.0
2021-01-12 19:00:00,-0.0,2906.46,2160.0,3700.4322999999995,3500.0,-0.0,0.0,-0.0,-0.0
2021-01-12 20:00:00,-0.0,2810.59,2160.0,3691.3364,3500.0,-0.0,0.0,-0.0,-0.0
2021-01-12 21:00:00,-0.0,2756.5299999999997,2160.0,3484.300500000002,3500.0,-0.0,0.0,-0.0,-0.0
2021-01-12 22:00:00,-0.0,2746.71,2160.0,3185.451100000001,3500.0,-0.0,0.0,-0.0,-0.0
2021-01-12 23:00:00,-0.0,2777.23,2160.0,2895.6396000000022,3500.0,-0.0,0.0,-0.0,-0.0
2021-01-13 00:00:00,-0.0,2840.3,2160.0,2023.5718000000006,3500.0,-0.0,0.0,-0.0,-0.0
2021-01-13 01:00:00,-0.0,2918.58,2160.0,1748.5900999999994,3500.0,-0.0,0.0,-0.0,-0.0
2021-01-13 02:00:00,-0.0,2997.71,2160.0,1533.8427999999994,3500.0,-0.0,0.0,-0.0,-0.0
2021-01-13 03:00:00,-0.0,3061.61,2160.0,1461.4824000000008,3500.0,-0.0,0.0,-0.0,-0.0
2021-01-13 04:00:00,-0.0,3096.4799999999996,2160.0,1574.483500000002,3500.0,-0.0,0.0,-0.0,-0.0
2021-01-13 05:00:00,-0.0,3092.8,2160.0,1853.0757999999996,3500.0,-0.0,0.0,-0.0,-0.0
2021-01-13 06:00:00,-0.0,3046.7300000000005,2160.0,2223.2787,3500.0,-0.0,0.0,-0.0,-0.0
2021-01-13 07:00:00,-0.0,2960.77,2160.0,2591.737799999999,3500.0,-0.0,0.0,-0.0,-0.0
2021-01-13 08:00:00,99.83684398307274,2843.48,2160.0,2784.870356016928,3500.0,-0.0,0.0,-0.0,-0.0
2021-01-13 09:00:00,1543.051744579423,2708.4399999999996,2160.0,1527.1692554205774,3500.0,-0.0,0.0,-0.0,-0.0
2021-01-13 10:00:00,3355.0134592701943,2572.54,2160.0,-0.0,3301.6217407298072,-0.0,0.0,-0.0,-0.0
2021-01-13 11:00:00,4769.658907530677,2453.73,2160.0,-0.0,1905.5068924693232,-0.0,0.0,-0.0,-0.0
2021-01-13 12:00:00,5299.376729629998,2368.7,2160.0,-0.0,1361.4002703700025,-0.0,0.0,-0.0,-0.0
2021-01-13 13:00:00,4769.658907530677,2330.69,2160.0,-0.0,1873.720792469322,-0.0,0.0,-0.0,-0.0
2021-01-13 14:00:00,3355.0134592701943,2347.71,2160.0,-0.0,3294.882740729806,-0.0,0.0,-0.0,-0.0
2021-01-13 15:00:00,1543.051744579423,2421.54,2160.0,1661.5415554205765,3500.0,-0.0,0.0,-0.0,-0.0
2021-01-13 16:00:00,99.83684398307274,2547.4599999999996,2160.0,3213.964856016929,3500.0,-0.0,0.0,-0.0,-0.0
2021-01-13 17:00:00,-0.0,2714.95,2160.0,3439.8556,3500.0,-0.0,0.0,-0.0,-0.0
2021-01-13 18:00:00,-0.0,2909.05,2160.0,3495.818399999999,3500.0,-0.0,0.0,-0.0,-0.0
2021-01-13 19:00:00,-0.0,3112.37,2160.0,3387.928799999999,3500.0,-0.0,0.0,-0.0,-0.0
2021-01-13 20:00:00,-0.0,3307.4300000000003,2160.0,3084.437099999999,3500.0,-0.0,0.0,-0.0,-0.0
2021-01-13 21:00:00,-0.0,3478.9300000000003,2160.0,2648.470299999999,3500.0,-0.0,0.0,-0.0,-0.0
2021-01-13 22:00:00,-0.0,3615.77,2160.0,2199.6848999999984,3500.0,-0.0,0.0,-0.0,-0.0
2021-01-13 23:00:00,-0.0,3712.47,2160.0,1840.5188000000016,3500.0,-0.0,0.0,-0.0,-0.0
2021-01-14 00:00:00,-0.0,3771.37,2160.0,969.2124000000013,3500.0,-0.0,0.0,-0.0,-0.0
2021-01-14 01:00:00,-0.0,3796.2200000000003,2160.0,744.6914999999999,3500.0,-0.0,0.0,-0.0,-0.0
2021-01-14 02:00:00,-0.0,3800.46,2160.0,601.9715999999999,3500.0,-0.0,0.0,-0.0,-0.0
2021-01-14 03:00:00,-0.0,3799.2599999999998,2160.0,591.9591000000005,3500.0,-0.0,0.0,-0.0,-0.0
2021-01-14 04:00:00,-0.0,3808.94,2160.0,727.5098999999991,3500.0,-0.0,0.0,-0.0,-0.0
2021-01-14 05:00:00,-0.0,3844.6000000000004,2160.0,964.2376000000004,3500.0,-0.0,0.0,-0.0,-0.0
2021-01-14 06:00:00,-0.0,3917.98,2160.0,1212.5816000000013,3500.0,-0.0,0.0,-0.0,-0.0
2021-01-14 07:00:00,-0.0,4035.69,2160.0,1375.0788000000011,3500.0,-0.0,0.0,-0.0,-0.0
2021-01-14 08:00:00,119.79082084890484,4198.25,2160.0,1266.237679151095,3500.0,-0.0,0.0,-0.0,-0.0
2021-01-14 09:00:00,1677.729928481471,4399.81,2160.0,-0.0,3055.1635715185284,-0.0,0.0,-0.0,-0.0
2021-01-14 10:00:00,3617.8301008755334,4628.860000000001,2160.0,-0.0,834.6035991244662,-0.0,0.0,-0.0,-0.0
2021-01-14 11:00:00,5129.232249039128,4869.63,1252.933250960874,-0.0,-0.0,-0.0,0.0,112.58040000000119,106.95138000000112
2021-01-14 12:00:00,5694.695366385239,5104.1,351.90953361476113,-0.0,-0.0,-0.0,0.0,112.58040000000119,213.89206486200226
2021-01-14 13:00:00,5129.232249039128,5314.330000000001,650.1922509608739,-0.0,-0.0,-0.0,0.0,112.58040000000119,320.8220556555172
2021-01-14 14:00:00,3617.8301008755334,5484.7699999999995,2013.2764991244685,-0.0,-0.0,-0.0,0.0,112.58040000000119,427.7413534499528
2021-01-14 15:00:00,1677.729928481471,5604.249999999999,2160.0,-0.0,1688.561571518531,-0.0,0.0,-0.0,427.6985793146078
2021-01-14 16:00:00,119.79082084890484,5667.42,2160.0,-0.0,3417.308579151096,-0.0,0.0,-0.0,427.65580945667637
2021-01-14 17:00:00,-0.0,5675.39,2160.0,209.07499999999982,3500.0,-0.0,112.58040000000119,-0.0,309.10735966520315
2021-01-14 18:00:00,-0.0,5635.53,2160.0,498.1151,3500.0,-0.0,112.58040000000119,-0.0,190.57076471870906
2021-01-14 19:00:00,-0.0,5560.41,2160.0,667.9166999999998,3500.0,-0.0,112.58040000000119,-0.0,72.04602343170961
2021-01-14 20:00:00,-0.0,5466.09,2160.0,697.3349221121007,3500.0,-0.0,68.43687788789813,-0.0,-0.0
2021-01-14 21:00:00,-0.0,5369.91,2160.0,597.0065999999988,3500.0,-0.0,0.0,-0.0,-0.0
2021-01-14 22:00:00,-0.0,5288.16,2160.0,366.47060000000056,3500.0,-0.0,0.0,-0.0,-0.0
2021-01-14 23:00:00,-0.0,5233.910000000001,2160.0,158.04909999999927,3500.0,-0.0,0.0,-0.0,-0.0
2021-01-15 00:00:00,-0.0,5216.499999999999,2160.0,-0.0,2862.647100000001,-0.0,0.0,-0.0,-0.0
2021-01-15 01:00:00,-0.0,5235.389999999999,2160.0,-0.0,2644.1551,-0.0,0.0,-0.0,-0.0
2021-01-15 02:00:00,-0.0,5287.650000000001,2160.0,-0.0,2453.6205999999993,-0.0,0.0,-0.0,-0.0
2021-01-15 03:00:00,-0.0,5363.46,2160.0,-0.0,2366.9386999999997,-0.0,0.0,-0.0,-0.0
2021-01-15 04:00:00,-0.0,5448.75,2160.0,-0.0,2427.357899999999,-0.0,0.0,-0.0,-0.0
2021-01-15 05:00:00,-0.0,5527.26,2160.0,-0.0,2621.8492000000006,-0.0,0.0,-0.0,-0.0
2021-01-15 06:00:00,-0.0,5582.77,2160.0,-0.0,2888.812,-0.0,0.0,-0.0,-0.0
2021-01-15 07:00:00,-0.0,5601.429999999999,2160.0,-0.0,3151.2432,-0.0,0.0,-0.0,-0.0
2021-01-15 08:00:00,123.4736018140752,5573.7300000000005,2160.0,-0.0,3229.995898185925,-0.0,0.0,-0.0,-0.0
2021-01-15 09:00:00,1574.9245398416244,5495.900000000001,2160.0,-0.0,1905.9504601583747,-0.0,0.0,-0.0,-0.0
2021-01-15 10:00:00,3367.6911537442347,5370.57,2160.0,-0.0,188.3871462557663,-0.0,0.0,-0.0,-0.0
2021-01-15 11:00:00,4761.2219911377415,5206.469999999999,1130.8725088622596,-0.0,-0.0,-0.0,0.0,112.58040000000119,106.95138000000112
2021-01-15 12:00:00,5282.145778689929,5017.46,699.4099213100726,-0.0,-0.0,-0.0,0.0,112.58040000000119,213.89206486200226
2021-01-15 13:00:00,4761.2219911377415,4820.7,1361.815108862259,-0.0,-0.0,-0.0,0.0,112.58040000000119,320.8220556555172
2021-01-15 14:00:00,3367.6911537442347,4634.5,2160.0,-0.0,692.8868462557648,-0.0,0.0,-0.0,320.7899734499517
2021-01-15 15:00:00,1574.9245398416244,4475.97,2160.0,-0.0,2773.3540601583763,-0.0,0.0,-0.0,320.7578944526067
2021-01-15 16:00:00,123.4736018140752,4358.77,2160.0,965.4499981859235,3500.0,-0.0,112.58040000000119,-0.0,202.2201344526339
2021-01-15 17:00:00,-0.0,4291.400000000001,2160.0,1450.9906,3500.0,-0.0,112.58040000000119,-0.0,83.6942282286611
2021-01-15 18:00:00,-0.0,4276.16,2160.0,1750.7801341344548,3500.0,-0.0,79.50156586554633,-0.0,-0.0
2021-01-15 19:00:00,-0.0,4308.88,2160.0,1894.6521999999995,3500.0,-0.0,0.0,-0.0,-0.0
2021-01-15 20:00:00,-0.0,4379.58,2160.0,1717.4328000000005,3500.0,-0.0,0.0,-0.0,-0.0
2021-01-15 21:00:00,-0.0,4473.900000000001,2160.0,1360.8079000000007,3500.0,-0.0,0.0,-0.0,-0.0
2021-01-15 22:00:00,-0.0,4575.05,2160.0,950.122699999999,3500.0,-0.0,0.0,-0.0,-0.0
2021-01-15 23:00:00,-0.0,4666.11,2160.0,599.2538000000013,3500.0,-0.0,0.0,-0.0,-0.0
2021-01-16 00:00:00,-0.0,4733.45,2160.0,-0.0,2654.7419,-0.0,0.0,-0.0,-0.0
2021-01-16 01:00:00,-0.0,4764.42,2160.0,-0.0,2427.2431000000015,-0.0,0.0,-0.0,-0.0
2021-01-16 02:00:00,-0.0,4755.150000000001,2160.0,-0.0,2301.4145,-0.0,0.0,-0.0,-0.0
2021-01-16 03:00:00,-0.0,4706.9800000000005,2160.0,-0.0,2341.9885999999997,-0.0,0.0,-0.0,-0.0
2021-01-16 04:00:00,-0.0,4627.27,2160.0,-0.0,2570.7800000000007,-0.0,0.0,-0.0,-0.0
2021-01-16 05:00:00,-0.0,4528.360000000001,2160.0,-0.0,2946.1558000000005,-0.0,0.0,-0.0,-0.0
2021-01-16 06:00:00,-0.0,4425.88,2160.0,-0.0,3374.665399999999,-0.0,0.0,-0.0,-0.0
2021-01-16 07:00:00,-0.0,4336.54,2160.0,248.7405000000008,3500.0,-0.0,0.0,-0.0,-0.0
2021-01-16 08:00:00,115.24872432519473,4275.78,2160.0,372.50777567480554,3500.0,-0.0,0.0,-0.0,-0.0
2021-01-16 09:00:00,1345.0074081918074,4255.650000000001,2160.0,-0.0,2716.2648918081923,-0.0,0.0,-0.0,-0.0
2021-01-16 10:00:00,2851.5773013314065,4283.01,2160.0,-0.0,1136.0978986685932,-0.0,0.0,-0.0,-0.0
2021-01-16 11:00:00,4019.9786223298174,4358.56,2068.026477670184,-0.0,-0.0,-0.0,0.0,112.58040000000119,106.95138000000112
2021-01-16 12:00:00,4456.377006760185,4476.6,1418.0770932398154,-0.0,-0.0,-0.0,0.0,112.58040000000119,213.89206486200226
2021-01-16 13:00:00,4019.9786223298174,4625.71,1654.1909776701827,-0.0,-0.0,-0.0,0.0,112.58040000000119,320.8220556555172
2021-01-16 14:00:00,2851.5773013314065,4790.150000000001,2160.0,-0.0,413.6635986685933,-0.0,0.0,-0.0,320.7899734499517
2021-01-16 15:00:00,1345.0074081918074,4951.88,2160.0,-0.0,1891.904291808194,-0.0,0.0,-0.0,320.7578944526067
2021-01-16 16:00:00,115.24872432519473,5092.900000000001,2160.0,-0.0,3220.9570756748058,-0.0,0.0,-0.0,320.7258186631615
2021-01-16 17:00:00,-0.0,5197.5199999999995,2160.0,-0.0,3500.0,-0.0,30.624800000000505,-0.0,288.4571145023473
2021-01-16 18:00:00,-0.0,5254.43,2160.0,116.99910000000091,3500.0,-0.0,112.58040000000119,-0.0,169.9225845803695
2021-01-16 19:00:00,-0.0,5258.06,2160.0,214.90039999999772,3500.0,-0.0,112.58040000000119,-0.0,51.399908111383894
2021-01-16 20:00:00,-0.0,5209.3,2160.0,225.37877028545608,3500.0,-0.0,48.82502971454412,-0.0,-0.0
2021-01-16 21:00:00,-0.0,5115.22,2160.0,110.50029999999879,3500.0,-0.0,0.0,-0.0,-0.0
2021-01-16 22:00:00,-0.0,4988.11,2160.0,-0.0,3432.6341999999995,-0.0,0.0,-0.0,-0.0
2021-01-16 23:00:00,-0.0,4843.7,2160.0,-0.0,3321.8230000000012,-0.0,0.0,-0.0,-0.0
2021-01-17 00:00:00,-0.0,4699.83,2160.0,-0.0,2659.7957000000006,-0.0,0.0,-0.0,-0.0
2021-01-17 01:00:00,-0.0,4570.79,2160.0,-0.0,2596.9479,-0.0,0.0,-0.0,-0.0
2021-01-17 02:00:00,-0.0,4470.1,2160.0,-0.0,2567.1997999999985,-0.0,0.0,-0.0,-0.0
2021-01-17 03:00:00,-0.0,4405.490000000001,2160.0,-0.0,2628.8900000000003,-0.0,0.0,-0.0,-0.0
2021-01-17 04:00:00,-0.0,4378.66,2160.0,-0.0,2809.4892,-0.0,0.0,-0.0,-0.0
2021-01-17 05:00:00,-0.0,4385.05,2160.0,-0.0,3084.2619000000004,-0.0,0.0,-0.0,-0.0
2021-01-17 06:00:00,-0.0,4414.55,2160.0,-0.0,3385.490999999999,-0.0,0.0,-0.0,-0.0
2021-01-17 07:00:00,-0.0,4452.8099999999995,2160.0,136.66690000000017,3500.0,-0.0,0.0,-0.0,-0.0
2021-01-17 08:00:00,113.41849378492826,4483.3,2160.0,175.71000621507164,3500.0,-0.0,0.0,-0.0,-0.0
2021-01-17 09:00:00,1216.4895124496807,4489.61,2160.0,-0.0,2624.403887550321,-0.0,0.0,-0.0,-0.0
2021-01-17 10:00:00,2556.843224694591,4457.71,2160.0,-0.0,1274.389175305409,-0.0,0.0,-0.0,-0.0
2021-01-17 11:00:00,3593.9366643712005,4377.96,2160.0,-0.0,225.00573562880027,-0.0,0.0,-0.0,-0.0
2021-01-17 12:00:00,3980.9411440990116,4246.51,2151.160355900989,-0.0,-0.0,-0.0,0.0,112.58040000000119,106.95138000000112
2021-01-17 13:00:00,3593.9366643712005,4065.93,2160.0,-0.0,399.6075356288002,-0.0,0.0,-0.0,106.94068486200112
2021-01-17 14:00:00,2556.843224694591,3844.98,2160.0,-0.0,1690.331675305411,-0.0,0.0,-0.0,106.92999079351492
2021-01-17 15:00:00,1216.4895124496807,3597.5800000000004,2160.0,-0.0,3416.0439875503207,-0.0,0.0,-0.0,106.91929779443556
2021-01-17 16:00:00,113.41849378492826,3341.0,2160.0,1418.9686306436488,3500.0,-0.0,101.56317557142333,-0.0,-0.0
2021-01-17 17:00:00,-0.0,3093.73,2160.0,2184.7417000000023,3500.0,-0.0,0.0,-0.0,-0.0
2021-01-17 18:00:00,-0.0,2873.0699999999997,2160.0,2665.7072000000007,3500.0,-0.0,0.0,-0.0,-0.0
2021-01-17 19:00:00,-0.0,2692.9500000000003,2160.0,2951.7512000000006,3500.0,-0.0,0.0,-0.0,-0.0
2021-01-17 20:00:00,-0.0,2562.2,2160.0,2984.8075,3500.0,-0.0,0.0,-0.0,-0.0
2021-01-17 21:00:00,-0.0,2483.4300000000003,2160.0,2810.082700000001,3500.0,-0.0,0.0,-0.0,-0.0
2021-01-17 22:00:00,-0.0,2452.89,2160.0,2539.8768,3500.0,-0.0,0.0,-0.0,-0.0
2021-01-17 23:00:00,-0.0,2461.0099999999998,2160.0,2280.706,3500.0,-0.0,0.0,-0.0,-0.0
2021-01-18 00:00:00,-0.0,2494.47,2160.0,2012.1098000000002,3500.0,-0.0,0.0,-0.0,-0.0
2021-01-18 01:00:00,-0.0,2535.76,2160.0,1782.968499999999,3500.0,-0.0,0.0,-0.0,-0.0
2021-01-18 02:00:00,-0.0,2569.07,2160.0,1623.1841000000004,3500.0,-0.0,0.0,-0.0,-0.0
2021-01-18 03:00:00,-0.0,2580.19,2160.0,1613.0339000000004,3500.0,-0.0,0.0,-0.0,-0.0
2021-01-18 04:00:00,-0.0,2559.11,2160.0,1791.6947,3500.0,-0.0,0.0,-0.0,-0.0
2021-01-18 05:00:00,-0.0,2501.4199999999996,2160.0,2134.2770999999993,3500.0,-0.0,0.0,-0.0,-0.0
2021-01-18 06:00:00,-0.0,2408.95,2160.0,2561.120100000001,3500.0,-0.0,0.0,-0.0,-0.0
2021-01-18 07:00:00,-0.0,2289.56,2160.0,2973.5028,3500.0,-0.0,0.0,-0.0,-0.0
2021-01-18 08:00:00,124.47799662275803,2156.0699999999997,2160.0,3168.932203377244,3500.0,-0.0,0.0,-0.0,-0.0
2021-01-18 09:00:00,1231.8567530225278,2024.54,2160.0,2254.529246977474,3500.0,-0.0,0.0,-0.0,-0.0
2021-01-18 10:00:00,2566.5300546272206,1912.1,2160.0,994.0109453727782,3500.0,-0.0,0.0,-0.0,-0.0
2021-01-18 11:00:00,3596.8047695471064,1834.5900000000001,2160.0,-0.0,3452.382130452894,-0.0,0.0,-0.0,-0.0
2021-01-18 12:00:00,3980.918824214374,1804.37,2160.0,-0.0,3010.689975785625,-0.0,0.0,-0.0,-0.0
2021-01-18 13:00:00,3596.8047695471064,1828.61,2160.0,-0.0,3326.9763304528947,-0.0,0.0,-0.0,-0.0
2021-01-18 14:00:00,2566.5300546272206,1908.26,2160.0,813.1430453727789,3500.0,-0.0,0.0,-0.0,-0.0
2021-01-18 15:00:00,1231.8567530225278,2037.8,2160.0,2158.9857469774743,3500.0,-0.0,0.0,-0.0,-0.0
2021-01-18 16:00:00,124.47799662275803,2205.94,2160.0,3345.7029033772433,3500.0,-0.0,0.0,-0.0,-0.0
2021-01-18 17:00:00,-0.0,2397.02,2160.0,3585.1481999999996,3500.0,-0.0,0.0,-0.0,-0.0
2021-01-18 18:00:00,-0.0,2593.02,2160.0,3651.8613000000005,3500.0,-0.0,0.0,-0.0,-0.0
2021-01-18 19:00:00,-0.0,2775.88,2160.0,3577.215900000002,3500.0,-0.0,0.0,-0.0,-0.0
2021-01-18 20:00:00,-0.0,2929.82,2160.0,3327.753200000001,3500.0,-0.0,0.0,-0.0,-0.0
2021-01-18 21:00:00,-0.0,3043.3500000000004,2160.0,2962.7771999999986,3500.0,-0.0,0.0,-0.0,-0.0
2021-01-18 22:00:00,-0.0,3110.6800000000003,2160.0,2596.6266000000014,3500.0,-0.0,0.0,-0.0,-0.0
2021-01-18 23:00:00,-0.0,3132.42,2160.0,2325.6337000000003,3500.0,-0.0,0.0,-0.0,-0.0
2021-01-19 00:00:00,-0.0,3115.6600000000003,2160.0,1541.6015000000007,3500.0,-0.0,0.0,-0.0,-0.0
2021-01-19 01:00:00,-0.0,3071.58,2160.0,1399.373300000001,3500.0,-0.0,0.0,-0.0,-0.0
2021-01-19 02:00:00,-0.0,3015.85,2160.0,1330.0419999999995,3500.0,-0.0,0.0,-0.0,-0.0
2021-01-19 03:00:00,-0.0,2964.9900000000002,2160.0,1383.1549000000014,3500.0,-0.0,0.0,-0.0,-0.0
2021-01-19 04:00:00,-0.0,2934.4399999999996,2160.0,1572.434900000001,3500.0,-0.0,0.0,-0.0,-0.0
2021-01-19 05:00:00,-0.0,2936.36,2160.0,1856.4251999999997,3500.0,-0.0,0.0,-0.0,-0.0
2021-01-19 06:00:00,-0.0,2977.9,2160.0,2150.142200000002,3500.0,-0.0,0.0,-0.0,-0.0
2021-01-19 07:00:00,-0.0,3060.1699999999996,2160.0,2361.6137000000017,3500.0,-0.0,0.0,-0.0,-0.0
2021-01-19 08:00:00,134.9460225176968,3178.03,2160.0,2295.838677482301,3500.0,-0.0,0.0,-0.0,-0.0
2021-01-19 09:00:00,1236.9680066044916,3320.72,2160.0,1113.0508933955098,3500.0,-0.0,0.0,-0.0,-0.0
2021-01-19 10:00:00,2554.4438370960706,3473.3199999999997,2160.0,-0.0,3105.0306629039296,-0.0,0.0,-0.0,-0.0
2021-01-19 11:00:00,3569.0165131735475,3618.7000000000003,2160.0,-0.0,1856.4192868264536,-0.0,0.0,-0.0,-0.0
2021-01-19 12:00:00,3946.914479969301,3739.8399999999997,2160.0,-0.0,1269.6521200306993,-0.0,0.0,-0.0,-0.0
2021-01-19 13:00:00,3569.0165131735475,3822.14,2160.0,-0.0,1521.593486826453,-0.0,0.0,-0.0,-0.0
2021-01-19 14:00:00,2554.4438370960706,3855.4300000000003,2160.0,-0.0,2538.2127629039296,-0.0,0.0,-0.0,-0.0
2021-01-19 15:00:00,1236.9680066044916,3835.3399999999997,2160.0,516.1473933955072,3500.0,-0.0,0.0,-0.0,-0.0
2021-01-19 16:00:00,134.9460225176968,3763.95,2160.0,1936.558077482302,3500.0,-0.0,0.0,-0.0,-0.0
2021-01-19 17:00:00,-0.0,3649.6099999999997,2160.0,2491.2791000000007,3500.0,-0.0,0.0,-0.0,-0.0
2021-01-19 18:00:00,-0.0,3505.81,2160.0,2897.0434000000023,3500.0,-0.0,0.0,-0.0,-0.0
2021-01-19 19:00:00,-0.0,3349.5000000000005,2160.0,3160.685300000001,3500.0,-0.0,0.0,-0.0,-0.0
2021-01-19 20:00:00,-0.0,3198.86,2160.0,3214.7847,3500.0,-0.0,0.0,-0.0,-0.0
2021-01-19 21:00:00,-0.0,3070.9500000000003,2160.0,3090.0981999999985,3500.0,-0.0,0.0,-0.0,-0.0
2021-01-19 22:00:00,-0.0,2979.51,2160.0,2881.4344999999994,3500.0,-0.0,0.0,-0.0,-0.0
2021-01-19 23:00:00,-0.0,2933.23,2160.0,2677.048500000001,3500.0,-0.0,0.0,-0.0,-0.0
2021-01-20 00:00:00,-0.0,2934.78,2160.0,1872.827800000001,3500.0,-0.0,0.0,-0.0,-0.0
2021-01-20 01:00:00,-0.0,2980.12,2160.0,1639.5078000000003,3500.0,-0.0,0.0,-0.0,-0.0
2021-01-20 02:00:00,-0.0,3059.8599999999997,2160.0,1432.9072999999999,3500.0,-0.0,0.0,-0.0,-0.0
2021-01-20 03:00:00,-0.0,3160.13,2160.0,1332.9661999999998,3500.0,-0.0,0.0,-0.0,-0.0
2021-01-20 04:00:00,-0.0,3264.77,2160.0,1385.0074000000004,3500.0,-0.0,0.0,-0.0,-0.0
2021-01-20 05:00:00,-0.0,3357.52,2160.0,1575.9966999999997,3500.0,-0.0,0.0,-0.0,-0.0
2021-01-20 06:00:00,-0.0,3424.41,2160.0,1842.0730999999996,3500.0,-0.0,0.0,-0.0,-0.0
2021-01-20 07:00:00,-0.0,3455.67,2160.0,2102.145700000001,3500.0,-0.0,0.0,-0.0,-0.0
2021-01-20 08:00:00,137.39004988549166,3447.1800000000003,2160.0,2157.7507501145074,3500.0,-0.0,0.0,-0.0,-0.0
2021-01-20 09:00:00,1170.7225890007,3401.09,2160.0,1229.7921109993013,3500.0,-0.0,0.0,-0.0,-0.0
2021-01-20 10:00:00,2396.106575478383,3325.5699999999997,2160.0,39.23162452161887,3500.0,-0.0,0.0,-0.0,-0.0
2021-01-20 11:00:00,3337.4700299452006,3233.8,2160.0,-0.0,2598.1181700548004,-0.0,0.0,-0.0,-0.0
2021-01-20 12:00:00,3687.7694593868137,3142.2099999999996,2160.0,-0.0,2248.710340613189,-0.0,0.0,-0.0,-0.0
2021-01-20 13:00:00,3337.4700299452006,3068.2799999999997,2160.0,-0.0,2626.2099700548006,-0.0,0.0,-0.0,-0.0
2021-01-20 14:00:00,2396.106575478383,3028.2,2160.0,139.8141245216184,3500.0,-0.0,0.0,-0.0,-0.0
2021-01-20 15:00:00,1170.7225890007,3034.7000000000003,2160.0,1495.7922109993006,3500.0,-0.0,0.0,-0.0,-0.0
2021-01-20 16:00:00,137.39004988549166,3095.28,2160.0,2712.1725501145074,3500.0,-0.0,0.0,-0.0,-0.0
2021-01-20 17:00:00,-0.0,3211.19,2160.0,3035.620499999999,3500.0,-0.0,0.0,-0.0,-0.0
2021-01-20 18:00:00,-0.0,3377.2200000000003,2160.0,3127.9993000000004,3500.0,-0.0,0.0,-0.0,-0.0
2021-01-20 19:00:00,-0.0,3582.34,2160.0,3026.5660000000007,3500.0,-0.0,0.0,-0.0,-0.0
2021-01-20 20:00:00,-0.0,3811.0899999999997,2160.0,2697.5457000000006,3500.0,-0.0,0.0,-0.0,-0.0
2021-01-20 21:00:00,-0.0,4045.66,2160.0,2206.568900000002,3500.0,-0.0,0.0,-0.0,-0.0
2021-01-20 22:00:00,-0.0,4268.12,2160.0,1680.1156,3500.0,-0.0,0.0,-0.0,-0.0
2021-01-20 23:00:00,-0.0,4462.79,2160.0,1230.8159000000005,3500.0,-0.0,0.0,-0.0,-0.0
2021-01-21 00:00:00,-0.0,4618.110000000001,2160.0,268.4532999999992,3500.0,-0.0,0.0,-0.0,-0.0
2021-01-21 01:00:00,-0.0,4728.54,2160.0,-0.0,3465.9379,-0.0,0.0,-0.0,-0.0
2021-01-21 02:00:00,-0.0,4794.49,2160.0,-0.0,3268.9596,-0.0,0.0,-0.0,-0.0
2021-01-21 03:00:00,-0.0,4822.62,2160.0,-0.0,3236.9270000000006,-0.0,0.0,-0.0,-0.0
2021-01-21 04:00:00,-0.0,4824.66,2160.0,-0.0,3387.2795000000006,-0.0,0.0,-0.0,-0.0
2021-01-21 05:00:00,-0.0,4815.73,2160.0,175.60679999999957,3500.0,-0.0,0.0,-0.0,-0.0
2021-01-21 06:00:00,-0.0,4812.11,2160.0,507.7992000000022,3500.0,-0.0,0.0,-0.0,-0.0
2021-01-21 07:00:00,-0.0,4828.93,2160.0,777.871000000001,3500.0,-0.0,0.0,-0.0,-0.0
2021-01-21 08:00:00,150.3579028598188,4878.03,2160.0,758.4357971401823,3500.0,-0.0,0.0,-0.0,-0.0
2021-01-21 09:00:00,1194.9173439476374,4966.2,2160.0,-0.0,3180.467556052363,-0.0,0.0,-0.0,-0.0
2021-01-21 10:00:00,2423.7051128325234,5094.14,2160.0,-0.0,1778.4867871674774,-0.0,0.0,-0.0,-0.0
2021-01-21 11:00:00,3365.3587257996273,5256.28,2160.0,-0.0,578.5828742003737,-0.0,0.0,-0.0,-0.0
2021-01-21 12:00:00,3715.4461163371843,5441.42,2160.0,-0.0,-0.0,-0.0,0.0,51.95921633718444,49.361255520325216
2021-01-21 13:00:00,3365.3587257996273,5634.16,2160.0,-0.0,54.01737420037398,-0.0,0.0,-0.0,49.35631939477318
2021-01-21 14:00:00,2423.7051128325234,5816.900000000001,2160.0,-0.0,840.4311871674759,-0.0,0.0,-0.0,49.351383762833706
2021-01-21 15:00:00,1194.9173439476374,5972.13,2160.0,-0.0,2046.406956052362,-0.0,0.0,-0.0,49.34644862445742
2021-01-21 16:00:00,150.3579028598188,6084.77,2160.0,-0.0,3217.2650971401827,-0.0,0.0,-0.0,49.34151397959498
2021-01-21 17:00:00,-0.0,6144.18,2160.0,58.61554916321484,3500.0,-0.0,46.86975083678717,-0.0,-0.0
2021-01-21 18:00:00,-0.0,6145.5199999999995,2160.0,357.8533000000016,3500.0,-0.0,0.0,-0.0,-0.0
2021-01-21 19:00:00,-0.0,6090.45,2160.0,511.91049999999905,3500.0,-0.0,0.0,-0.0,-0.0
2021-01-21 20:00:00,-0.0,5986.88,2160.0,510.51460000000134,3500.0,-0.0,0.0,-0.0,-0.0
2021-01-21 21:00:00,-0.0,5847.9400000000005,2160.0,388.35869999999886,3500.0,-0.0,0.0,-0.0,-0.0
2021-01-21 22:00:00,-0.0,5690.22,2160.0,237.40930000000026,3500.0,-0.0,0.0,-0.0,-0.0
2021-01-21 23:00:00,-0.0,5531.599999999999,2160.0,136.7391000000016,3500.0,-0.0,0.0,-0.0,-0.0
2021-01-22 00:00:00,-0.0,5388.530000000001,2160.0,-0.0,2967.7914,-0.0,0.0,-0.0,-0.0
2021-01-22 01:00:00,-0.0,5275.26,2160.0,-0.0,2884.359699999999,-0.0,0.0,-0.0,-0.0
2021-01-22 02:00:00,-0.0,5199.96,2160.0,-0.0,2824.0423999999994,-0.0,0.0,-0.0,-0.0
2021-01-22 03:00:00,-0.0,5165.1,2160.0,-0.0,2850.440699999999,-0.0,0.0,-0.0,-0.0
2021-01-22 04:00:00,-0.0,5166.83,2160.0,-0.0,2996.5818,-0.0,0.0,-0.0,-0.0
2021-01-22 05:00:00,-0.0,5195.66,2160.0,-0.0,3242.6654,-0.0,0.0,-0.0,-0.0
2021-01-22 06:00:00,-0.0,5237.82,2160.0,24.638300000000527,3500.0,-0.0,0.0,-0.0,-0.0
2021-01-22 07:00:00,-0.0,5277.2699999999995,2160.0,267.6874000000016,3500.0,-0.0,0.0,-0.0,-0.0
2021-01-22 08:00:00,194.40619519172,5297.969999999999,2160.0,228.26060480828073,3500.0,-0.0,0.0,-0.0,-0.0
2021-01-22 09:00:00,1445.435729117771,5286.2,2160.0,-0.0,2539.473570882229,-0.0,0.0,-0.0,-0.0
2021-01-22 10:00:00,2905.424023019125,5232.51,2160.0,-0.0,1083.6907769808745,-0.0,0.0,-0.0,-0.0
2021-01-22 11:00:00,4021.4740546005223,5133.15,2160.0,-0.0,-0.0,-0.0,0.0,33.278654600519985,31.614721870493984
2021-01-22 12:00:00,4435.987792143925,4990.68,1867.8379078560765,-0.0,-0.0,-0.0,0.0,112.58040000000119,138.56294039830806
2021-01-22 13:00:00,4021.4740546005223,4813.73,2160.0,-0.0,131.31524539947986,-0.0,0.0,-0.0,138.54908410426822
2021-01-22 14:00:00,2905.424023019125,4616.0,2160.0,-0.0,1468.6304769808753,-0.0,0.0,-0.0,138.5352291958578
2021-01-22 15:00:00,1445.435729117771,4414.429999999999,2160.0,-0.0,3258.7171708822307,-0.0,0.0,-0.0,138.5213756729382
2021-01-22 16:00:00,194.40619519172,4227.08,2160.0,1319.6447048082782,3500.0,-0.0,112.58040000000119,-0.0,20.00183932484336
2021-01-22 17:00:00,-0.0,4070.74,2160.0,2057.5140528161364,3500.0,-0.0,18.999847183865334,-0.0,-0.0
2021-01-22 18:00:00,-0.0,3958.72,2160.0,2438.598000000002,3500.0,-0.0,0.0,-0.0,-0.0
2021-01-22 19:00:00,-0.0,3899.16,2160.0,2593.5884000000005,3500.0,-0.0,0.0,-0.0,-0.0
2021-01-22 20:00:00,-0.0,3893.93,2160.0,2490.386700000001,3500.0,-0.0,0.0,-0.0,-0.0
2021-01-22 21:00:00,-0.0,3938.43,2160.0,2181.418600000001,3500.0,-0.0,0.0,-0.0,-0.0
2021-01-22 22:00:00,-0.0,4022.23,2160.0,1785.674500000001,3500.0,-0.0,0.0,-0.0,-0.0
2021-01-22 23:00:00,-0.0,4130.5,2160.0,1414.938399999999,3500.0,-0.0,0.0,-0.0,-0.0
2021-01-23 00:00:00,-0.0,4245.38,2160.0,-0.0,3417.6410000000005,-0.0,0.0,-0.0,-0.0
2021-01-23 01:00:00,-0.0,4350.69,2160.0,-0.0,3112.660100000002,-0.0,0.0,-0.0,-0.0
2021-01-23 02:00:00,-0.0,4430.66,2160.0,-0.0,2894.2102000000014,-0.0,0.0,-0.0,-0.0
2021-01-23 03:00:00,-0.0,4474.34,2160.0,-0.0,2839.3176999999996,-0.0,0.0,-0.0,-0.0
2021-01-23 04:00:00,-0.0,4476.37,2160.0,-0.0,2982.519800000001,-0.0,0.0,-0.0,-0.0
2021-01-23 05:00:00,-0.0,4437.6900000000005,2160.0,-0.0,3293.5874999999996,-0.0,0.0,-0.0,-0.0
2021-01-23 06:00:00,-0.0,4365.280000000001,2160.0,187.72019999999975,3500.0,-0.0,0.0,-0.0,-0.0
2021-01-23 07:00:00,-0.0,4271.18,2160.0,562.0286999999989,3500.0,-0.0,0.0,-0.0,-0.0
2021-01-23 08:00:00,255.16092117471214,4170.71,2160.0,580.8461788252876,3500.0,-0.0,0.0,-0.0,-0.0
2021-01-23 09:00:00,1780.1670390248003,4080.35,2160.0,-0.0,2694.6250609751987,-0.0,0.0,-0.0,-0.0
2021-01-23 10:00:00,3545.848472919931,4015.36,2160.0,-0.0,942.5238270800683,-0.0,0.0,-0.0,-0.0
2021-01-23 11:00:00,4892.2062341323,3987.6299999999997,1794.3991658677023,-0.0,-0.0,-0.0,0.0,112.58040000000119,106.95138000000112
2021-01-23 12:00:00,5391.758732144181,4003.9599999999996,1177.4247678558222,-0.0,-0.0,-0.0,0.0,112.58040000000119,213.89206486200226
2021-01-23 13:00:00,4892.2062341323,4064.9999999999995,1558.9868658677024,-0.0,-0.0,-0.0,0.0,112.58040000000119,320.8220556555172
2021-01-23 14:00:00,3545.848472919931,4165.1,2160.0,-0.0,554.786327080069,-0.0,0.0,-0.0,320.7899734499517
2021-01-23 15:00:00,1780.1670390248003,4292.91,2160.0,-0.0,2319.9043609752007,-0.0,0.0,-0.0,320.7578944526067
2021-01-23 16:00:00,255.16092117471214,4432.83,2160.0,326.3879788252875,3500.0,-0.0,112.58040000000119,-0.0,202.2201344526339
2021-01-23 17:00:00,-0.0,4567.0199999999995,2160.0,739.8836000000001,3500.0,-0.0,112.58040000000119,-0.0,83.6942282286611
2021-01-23 18:00:00,-0.0,4677.72,2160.0,911.4425341344531,3500.0,-0.0,79.50156586554633,-0.0,-0.0
2021-01-23 19:00:00,-0.0,4749.55,2160.0,1013.7957000000015,3500.0,-0.0,0.0,-0.0,-0.0
2021-01-23 20:00:00,-0.0,4771.52,2160.0,882.7804000000015,3500.0,-0.0,0.0,-0.0,-0.0
2021-01-23 21:00:00,-0.0,4738.46,2160.0,650.8952000000018,3500.0,-0.0,0.0,-0.0,-0.0
2021-01-23 22:00:00,-0.0,4651.64,2160.0,425.4291999999996,3500.0,-0.0,0.0,-0.0,-0.0
2021-01-23 23:00:00,-0.0,4518.62,2160.0,295.77770000000146,3500.0,-0.0,0.0,-0.0,-0.0
2021-01-24 00:00:00,-0.0,4351.3099999999995,2160.0,-0.0,3147.2623000000003,-0.0,0.0,-0.0,-0.0
2021-01-24 01:00:00,-0.0,4167.58,2160.0,-0.0,3131.390300000001,-0.0,0.0,-0.0,-0.0
2021-01-24 02:00:00,-0.0,3984.12,2160.0,-0.0,3176.5757999999996,-0.0,0.0,-0.0,-0.0
2021-01-24 03:00:00,-0.0,3817.39,2160.0,-0.0,3332.4339000000014,-0.0,0.0,-0.0,-0.0
2021-01-24 04:00:00,-0.0,3680.6,2160.0,114.93310000000065,3500.0,-0.0,0.0,-0.0,-0.0
2021-01-24 05:00:00,-0.0,3581.96,2160.0,486.5744000000004,3500.0,-0.0,0.0,-0.0,-0.0
2021-01-24 06:00:00,-0.0,3523.6499999999996,2160.0,867.3572000000004,3500.0,-0.0,0.0,-0.0,-0.0
2021-01-24 07:00:00,-0.0,3501.62,2160.0,1170.4784000000009,3500.0,-0.0,0.0,-0.0,-0.0
2021-01-24 08:00:00,293.7743215974074,3506.15,2160.0,1046.7003784025928,3500.0,-0.0,0.0,-0.0,-0.0
2021-01-24 09:00:00,1928.571951978847,3523.33,2160.0,-0.0,2944.298248021154,-0.0,0.0,-0.0,-0.0
2021-01-24 10:00:00,3806.5670453693547,3537.0,2160.0,-0.0,1002.5064546306457,-0.0,0.0,-0.0,-0.0
2021-01-24 11:00:00,5234.928062739517,3531.06,1752.001637260485,-0.0,-0.0,-0.0,0.0,112.58040000000119,106.95138000000112
2021-01-24 12:00:00,5764.389206165509,3491.77,1162.2816938344922,-0.0,-0.0,-0.0,0.0,112.58040000000119,213.89206486200226
2021-01-24 13:00:00,5234.928062739517,3409.72,1718.514237260485,-0.0,-0.0,-0.0,0.0,112.58040000000119,320.8220556555172
2021-01-24 14:00:00,3806.5670453693547,3281.25,2160.0,-0.0,1026.6861546306463,-0.0,0.0,-0.0,320.7899734499517
2021-01-24 15:00:00,1928.571951978847,3109.0299999999997,2160.0,-0.0,3206.0718480211535,-0.0,0.0,-0.0,320.7578944526067
2021-01-24 16:00:00,293.7743215974074,2901.9,2160.0,1671.4444784025927,3500.0,-0.0,112.58040000000119,-0.0,202.2201344526339
2021-01-24 17:00:00,-0.0,2673.77,2160.0,2488.0458,3500.0,-0.0,112.58040000000119,-0.0,83.6942282286611
2021-01-24 18:00:00,-0.0,2441.87,2160.0,3004.4953341344544,3500.0,-0.0,79.50156586554633,-0.0,-0.0
2021-01-24 19:00:00,-0.0,2224.55,2160.0,3398.407400000001,3500.0,-0.0,0.0,-0.0,-0.0
2021-01-24 20:00:00,-0.0,2038.96,2160.0,3477.478,3500.0,-0.0,0.0,-0.0,-0.0
2021-01-24 21:00:00,-0.0,1898.79,2160.0,3355.341800000001,3500.0,-0.0,0.0,-0.0,-0.0
2021-01-24 22:00:00,-0.0,1812.57,2160.0,3132.027900000001,3500.0,-0.0,0.0,-0.0,-0.0
2021-01-24 23:00:00,-0.0,1782.6100000000001,2160.0,2902.179,3500.0,-0.0,0.0,-0.0,-0.0
2021-01-25 00:00:00,-0.0,1803.68,2160.0,2634.912400000001,3500.0,-0.0,0.0,-0.0,-0.0
2021-01-25 01:00:00,-0.0,1867.9399999999998,2160.0,2374.1236,3500.0,-0.0,0.0,-0.0,-0.0
2021-01-25 02:00:00,-0.0,1959.94,2160.0,2147.0249999999996,3500.0,-0.0,0.0,-0.0,-0.0
2021-01-25 03:00:00,-0.0,2062.88,2160.0,2036.4890999999998,3500.0,-0.0,0.0,-0.0,-0.0
2021-01-25 04:00:00,-0.0,2159.83,2160.0,2088.620500000001,3500.0,-0.0,0.0,-0.0,-0.0
2021-01-25 05:00:00,-0.0,2236.05,2160.0,2288.8663000000006,3500.0,-0.0,0.0,-0.0,-0.0
2021-01-25 06:00:00,-0.0,2280.98,2160.0,2569.965900000001,3500.0,-0.0,0.0,-0.0,-0.0
2021-01-25 07:00:00,-0.0,2289.66,2160.0,2846.0210000000025,3500.0,-0.0,0.0,-0.0,-0.0
2021-01-25 08:00:00,297.52406221648994,2263.37,2160.0,2753.04293778351,3500.0,-0.0,0.0,-0.0,-0.0
2021-01-25 09:00:00,1842.6961958364657,2209.41,2160.0,1315.2166041635364,3500.0,-0.0,0.0,-0.0,-0.0
2021-01-25 10:00:00,3603.9806124580286,2140.08,2160.0,-0.0,3077.025087541971,-0.0,0.0,-0.0,-0.0
2021-01-25 11:00:00,4940.171666218065,2070.92,2160.0,-0.0,1713.2948337819353,-0.0,0.0,-0.0,-0.0
2021-01-25 12:00:00,5434.9588688598615,2018.5900000000001,2160.0,-0.0,1175.3253311401386,-0.0,0.0,-0.0,-0.0
2021-01-25 13:00:00,4940.171666218065,1998.46,2160.0,-0.0,1639.0680337819358,-0.0,0.0,-0.0,-0.0
2021-01-25 14:00:00,3603.9806124580286,2022.48,2160.0,-0.0,2979.3307875419737,-0.0,0.0,-0.0,-0.0
2021-01-25 15:00:00,1842.6961958364657,2097.45,2160.0,1299.046004163536,3500.0,-0.0,0.0,-0.0,-0.0
2021-01-25 16:00:00,297.52406221648994,2223.98,2160.0,2958.003537783511,3500.0,-0.0,0.0,-0.0,-0.0
2021-01-25 17:00:00,-0.0,2396.29,2160.0,3382.2553,3500.0,-0.0,0.0,-0.0,-0.0
2021-01-25 18:00:00,-0.0,2602.85,2160.0,3431.5600000000013,3500.0,-0.0,0.0,-0.0,-0.0
2021-01-25 19:00:00,-0.0,2827.85,2160.0,3308.0913,3500.0,-0.0,0.0,-0.0,-0.0
2021-01-25 20:00:00,-0.0,3053.14,2160.0,2980.7643000000007,3500.0,-0.0,0.0,-0.0,-0.0
2021-01-25 21:00:00,-0.0,3260.6200000000003,2160.0,2515.5008,3500.0,-0.0,0.0,-0.0,-0.0
2021-01-25 22:00:00,-0.0,3434.51,2160.0,2036.6347000000005,3500.0,-0.0,0.0,-0.0,-0.0
2021-01-25 23:00:00,-0.0,3563.3900000000003,2160.0,1652.5348000000004,3500.0,-0.0,0.0,-0.0,-0.0
2021-01-26 00:00:00,-0.0,3640.28,2160.0,766.7419000000009,3500.0,-0.0,0.0,-0.0,-0.0
2021-01-26 01:00:00,-0.0,3668.5699999999997,2160.0,546.5628000000015,3500.0,-0.0,0.0,-0.0,-0.0
2021-01-26 02:00:00,-0.0,3653.92,2160.0,430.77469999999994,3500.0,-0.0,0.0,-0.0,-0.0
2021-01-26 03:00:00,-0.0,3608.5,2160.0,473.27490000000034,3500.0,-0.0,0.0,-0.0,-0.0
2021-01-26 04:00:00,-0.0,3547.94,2160.0,687.6041000000005,3500.0,-0.0,0.0,-0.0,-0.0
2021-01-26 05:00:00,-0.0,3489.11,2160.0,1027.5967999999993,3500.0,-0.0,0.0,-0.0,-0.0
2021-01-26 06:00:00,-0.0,3447.85,2160.0,1399.5872,3500.0,-0.0,0.0,-0.0,-0.0
2021-01-26 07:00:00,-0.0,3436.74,2160.0,1700.133100000001,3500.0,-0.0,0.0,-0.0,-0.0
2021-01-26 08:00:00,295.31439363738775,3463.3599999999997,2160.0,1561.1503063626133,3500.0,-0.0,0.0,-0.0,-0.0
2021-01-26 09:00:00,1729.802219340516,3529.3,2160.0,118.79608065948469,3500.0,-0.0,0.0,-0.0,-0.0
2021-01-26 10:00:00,3352.3908728253004,3629.89,2160.0,-0.0,1854.0564271746994,-0.0,0.0,-0.0,-0.0
2021-01-26 11:00:00,4580.2077267284585,3754.8399999999997,2160.0,-0.0,409.25087327154324,-0.0,0.0,-0.0,-0.0
2021-01-26 12:00:00,5034.406219157151,3889.69,2001.9114808428503,-0.0,-0.0,-0.0,0.0,112.58040000000119,106.95138000000112
2021-01-26 13:00:00,4580.2077267284585,4017.78,2160.0,-0.0,8.882673271542444,-0.0,0.0,-0.0,106.94068486200112
2021-01-26 14:00:00,3352.3908728253004,4122.55,2160.0,-0.0,1164.6089271747,-0.0,0.0,-0.0,106.92999079351492
2021-01-26 15:00:00,1729.802219340516,4189.820000000001,2160.0,-0.0,2857.886180659484,-0.0,0.0,-0.0,106.91929779443556
2021-01-26 16:00:00,295.31439363738775,4209.8,2160.0,915.6689307911902,3500.0,-0.0,101.56317557142333,-0.0,-0.0
2021-01-26 17:00:00,-0.0,4178.509999999999,2160.0,1647.3579,3500.0,-0.0,0.0,-0.0,-0.0
2021-01-26 18:00:00,-0.0,4098.35,2160.0,1987.8220999999994,3500.0,-0.0,0.0,-0.0,-0.0
2021-01-26 19:00:00,-0.0,3977.9399999999996,2160.0,2214.1560999999992,3500.0,-0.0,0.0,-0.0,-0.0
2021-01-26 20:00:00,-0.0,3831.02,2160.0,2263.3824000000004,3500.0,-0.0,0.0,-0.0,-0.0
2021-01-26 21:00:00,-0.0,3674.73,2160.0,2166.178899999999,3500.0,-0.0,0.0,-0.0,-0.0
2021-01-26 22:00:00,-0.0,3527.3700000000003,2160.0,2012.7929999999997,3500.0,-0.0,0.0,-0.0,-0.0
2021-01-26 23:00:00,-0.0,3406.1000000000004,2160.0,1883.012200000001,3500.0,-0.0,0.0,-0.0,-0.0
2021-01-27 00:00:00,-0.0,3323.14,2160.0,1160.8432000000012,3500.0,-0.0,0.0,-0.0,-0.0
2021-01-27 01:00:00,-0.0,3290.22,2160.0,1005.911900000001,3500.0,-0.0,0.0,-0.0,-0.0
2021-01-27 02:00:00,-0.0,3308.27,2160.0,861.3874999999989,3500.0,-0.0,0.0,-0.0,-0.0
2021-01-27 03:00:00,-0.0,3373.34,2160.0,797.2873,3500.0,-0.0,0.0,-0.0,-0.0
2021-01-27 04:00:00,-0.0,3475.72,2160.0,852.4881000000005,3500.0,-0.0,0.0,-0.0,-0.0
2021-01-27 05:00:00,-0.0,3601.32,2160.0,1011.7792000000009,3500.0,-0.0,0.0,-0.0,-0.0
2021-01-27 06:00:00,-0.0,3733.65,2160.0,1213.8235000000004,3500.0,-0.0,0.0,-0.0,-0.0
2021-01-27 07:00:00,-0.0,3856.1400000000003,2160.0,1384.3262000000004,3500.0,-0.0,0.0,-0.0,-0.0
2021-01-27 08:00:00,309.94507801720084,3954.43,2160.0,1162.508521982798,3500.0,-0.0,0.0,-0.0,-0.0
2021-01-27 09:00:00,1721.0751444472942,4018.33,2160.0,-0.0,3248.924255552708,-0.0,0.0,-0.0,-0.0
2021-01-27 10:00:00,3305.1285171056134,4043.29,2160.0,-0.0,1601.6258828943874,-0.0,0.0,-0.0,-0.0
2021-01-27 11:00:00,4500.704297650054,4030.99,2160.0,-0.0,329.4860023499459,-0.0,0.0,-0.0,-0.0
2021-01-27 12:00:00,4942.52641404731,3989.11,2114.32618595269,-0.0,-0.0,-0.0,0.0,112.58040000000119,106.95138000000112
2021-01-27 13:00:00,4500.704297650054,3930.34,2160.0,-0.0,298.75020234994554,-0.0,0.0,-0.0,106.94068486200112
2021-01-27 14:00:00,3305.1285171056134,3870.6200000000003,2160.0,-0.0,1589.5879828943853,-0.0,0.0,-0.0,106.92999079351492
2021-01-27 15:00:00,1721.0751444472942,3826.91,2160.0,-0.0,3358.0607555527067,-0.0,0.0,-0.0,106.91929779443556
2021-01-27 16:00:00,309.94507801720084,3814.94,2160.0,1427.0760464113746,3500.0,-0.0,101.56317557142333,-0.0,-0.0
2021-01-27 17:00:00,-0.0,3846.9399999999996,2160.0,2112.6315999999997,3500.0,-0.0,0.0,-0.0,-0.0
2021-01-27 18:00:00,-0.0,3929.96,2160.0,2292.3247,3500.0,-0.0,0.0,-0.0,-0.0
2021-01-27 19:00:00,-0.0,4064.84,2160.0,2265.6592999999993,3500.0,-0.0,0.0,-0.0,-0.0
2021-01-27 20:00:00,-0.0,4245.97,2160.0,1989.0065999999997,3500.0,-0.0,0.0,-0.0,-0.0
2021-01-27 21:00:00,-0.0,4461.95,2160.0,1521.5806000000002,3500.0,-0.0,0.0,-0.0,-0.0
2021-01-27 22:00:00,-0.0,4697.03,2160.0,987.6800000000012,3500.0,-0.0,0.0,-0.0,-0.0
2021-01-27 23:00:00,-0.0,4933.13,2160.0,502.32710000000134,3500.0,-0.0,0.0,-0.0,-0.0
2021-01-28 00:00:00,-0.0,5150.33,2160.0,-0.0,2981.3423000000003,-0.0,0.0,-0.0,-0.0
2021-01-28 01:00:00,-0.0,5336.34,2160.0,-0.0,2609.0241000000005,-0.0,0.0,-0.0,-0.0
2021-01-28 02:00:00,-0.0,5477.84,2160.0,-0.0,2342.4627999999993,-0.0,0.0,-0.0,-0.0
2021-01-28 03:00:00,-0.0,5569.02,2160.0,-0.0,2253.5357000000004,-0.0,0.0,-0.0,-0.0
2021-01-28 04:00:00,-0.0,5610.41,2160.0,-0.0,2370.8757000000005,-0.0,0.0,-0.0,-0.0
2021-01-28 05:00:00,-0.0,5608.76,2160.0,-0.0,2658.4359999999997,-0.0,0.0,-0.0,-0.0
2021-01-28 06:00:00,-0.0,5575.9400000000005,2160.0,-0.0,3026.512999999999,-0.0,0.0,-0.0,-0.0
2021-01-28 07:00:00,-0.0,5527.23,2160.0,-0.0,3368.9645,-0.0,0.0,-0.0,-0.0
2021-01-28 08:00:00,319.8997465654795,5479.18,2160.0,-0.0,3284.145753434521,-0.0,0.0,-0.0,-0.0
2021-01-28 09:00:00,1687.706916914387,5447.22,2160.0,-0.0,2010.2227830856127,-0.0,0.0,-0.0,-0.0
2021-01-28 10:00:00,3211.64168030188,5443.54,2160.0,-0.0,452.02361969812137,-0.0,0.0,-0.0,-0.0
2021-01-28 11:00:00,4358.839110894764,5475.3099999999995,1456.9778891052365,-0.0,-0.0,-0.0,0.0,112.58040000000119,106.95138000000112
2021-01-28 12:00:00,4782.358921889356,5543.679999999999,877.3588781106455,-0.0,-0.0,-0.0,0.0,112.58040000000119,213.89206486200226
2021-01-28 13:00:00,4358.839110894764,5643.55,1157.3520891052376,-0.0,-0.0,-0.0,0.0,112.58040000000119,320.8220556555172
2021-01-28 14:00:00,3211.6416803018806,5764.21,2160.0,-0.0,-0.0,-0.0,0.0,53.35428030188041,371.47653973673806
2021-01-28 15:00:00,1687.706916914387,5890.79,2160.0,-0.0,1484.3692830856135,-0.0,0.0,-0.0,371.4393920827644
2021-01-28 16:00:00,319.8997465654795,6006.2300000000005,2160.0,-0.0,2983.7351534345207,-0.0,0.0,-0.0,371.40224814355616
2021-01-28 17:00:00,-0.0,6093.570000000001,2160.0,-0.0,3500.0,-0.0,21.72990000000118,-0.0,348.49152897137213
2021-01-28 18:00:00,-0.0,6138.3,2160.0,126.3837999999987,3500.0,-0.0,112.58040000000119,-0.0,229.95099560794742
2021-01-28 19:00:00,-0.0,6130.320000000001,2160.0,241.6956999999975,3500.0,-0.0,112.58040000000119,-0.0,111.42231629785906
2021-01-28 20:00:00,-0.0,6065.33,2160.0,216.88488463708245,3500.0,-0.0,105.8406153629178,-0.0,-0.0
2021-01-28 21:00:00,-0.0,5945.54,2160.0,189.91900000000078,3500.0,-0.0,0.0,-0.0,-0.0
2021-01-28 22:00:00,-0.0,5779.36,2160.0,55.99530000000141,3500.0,-0.0,0.0,-0.0,-0.0
2021-01-28 23:00:00,-0.0,5580.389999999999,2160.0,4.299300000002404,3500.0,-0.0,0.0,-0.0,-0.0
2021-01-29 00:00:00,-0.0,5363.67,2160.0,-0.0,2915.3624999999993,-0.0,0.0,-0.0,-0.0
2021-01-29 01:00:00,-0.0,5151.51,2160.0,-0.0,2939.5424999999996,-0.0,0.0,-0.0,-0.0
2021-01-29 02:00:00,-0.0,4959.06,2160.0,-0.0,3005.1333000000004,-0.0,0.0,-0.0,-0.0
2021-01-29 03:00:00,-0.0,4800.19,2160.0,-0.0,3164.3309,-0.0,0.0,-0.0,-0.0
2021-01-29 04:00:00,-0.0,4683.68,2160.0,-0.0,3437.5234,-0.0,0.0,-0.0,-0.0
2021-01-29 05:00:00,-0.0,4612.2,2160.0,292.7426999999998,3500.0,-0.0,0.0,-0.0,-0.0
2021-01-29 06:00:00,-0.0,4582.08,2160.0,655.8291000000008,3500.0,-0.0,0.0,-0.0,-0.0
2021-01-29 07:00:00,-0.0,4583.92,2160.0,945.3204000000005,3500.0,-0.0,0.0,-0.0,-0.0
2021-01-29 08:00:00,296.8433057350494,4603.98,2160.0,812.9234942649518,3500.0,-0.0,0.0,-0.0,-0.0
2021-01-29 09:00:00,1491.0240934896526,4626.21,2160.0,-0.0,3155.7966065103465,-0.0,0.0,-0.0,-0.0
2021-01-29 10:00:00,2811.6581876574237,4634.49,2160.0,-0.0,1786.1860123425777,-0.0,0.0,-0.0,-0.0
2021-01-29 11:00:00,3803.241382558382,4614.96,2160.0,-0.0,722.6128174416167,-0.0,0.0,-0.0,-0.0
2021-01-29 12:00:00,4168.93037245748,4557.99,2160.0,-0.0,323.1954275425196,-0.0,0.0,-0.0,-0.0
2021-01-29 13:00:00,3803.241382558382,4459.58,2160.0,-0.0,740.5646174416183,-0.0,0.0,-0.0,-0.0
2021-01-29 14:00:00,2811.6581876574237,4322.0,2160.0,-0.0,1901.888512342577,-0.0,0.0,-0.0,-0.0
2021-01-29 15:00:00,1491.0240934896526,4153.57,2160.0,28.046706510346667,3500.0,-0.0,0.0,-0.0,-0.0
2021-01-29 16:00:00,296.8433057350494,3967.6,2160.0,1651.8252942649515,3500.0,-0.0,0.0,-0.0,-0.0
2021-01-29 17:00:00,-0.0,3780.6400000000003,2160.0,2437.5964999999987,3500.0,-0.0,0.0,-0.0,-0.0
2021-01-29 18:00:00,-0.0,3610.31,2160.0,2866.3340000000007,3500.0,-0.0,0.0,-0.0,-0.0
2021-01-29 19:00:00,-0.0,3472.94,2160.0,3107.392,3500.0,-0.0,0.0,-0.0,-0.0
2021-01-29 20:00:00,-0.0,3381.4,2160.0,3098.6617000000006,3500.0,-0.0,0.0,-0.0,-0.0
2021-01-29 21:00:00,-0.0,3343.31,2160.0,2880.3449,3500.0,-0.0,0.0,-0.0,-0.0
2021-01-29 22:00:00,-0.0,3360.09,2160.0,2559.571600000001,3500.0,-0.0,0.0,-0.0,-0.0
2021-01-29 23:00:00,-0.0,3426.65,2160.0,2238.3806000000004,3500.0,-0.0,0.0,-0.0,-0.0
2021-01-30 00:00:00,-0.0,3529.85,2160.0,758.1699000000008,3500.0,-0.0,0.0,-0.0,-0.0
2021-01-30 01:00:00,-0.0,3658.9,2160.0,437.0344999999993,3500.0,-0.0,0.0,-0.0,-0.0
2021-01-30 02:00:00,-0.0,3793.86,2160.0,171.04620000000114,3500.0,-0.0,0.0,-0.0,-0.0
2021-01-30 03:00:00,-0.0,3916.96,2160.0,44.04230000000007,3500.0,-0.0,0.0,-0.0,-0.0
2021-01-30 04:00:00,-0.0,4012.67,2160.0,100.72609999999986,3500.0,-0.0,0.0,-0.0,-0.0
2021-01-30 05:00:00,-0.0,4069.69,2160.0,323.1021000000005,3500.0,-0.0,0.0,-0.0,-0.0
2021-01-30 06:00:00,-0.0,4082.4,2160.0,638.9658000000018,3500.0,-0.0,0.0,-0.0,-0.0
2021-01-30 07:00:00,-0.0,4051.48,2160.0,956.7776000000013,3500.0,-0.0,0.0,-0.0,-0.0
2021-01-30 08:00:00,265.8075061467501,3983.76,2160.0,938.7127938532503,3500.0,-0.0,0.0,-0.0,-0.0
2021-01-30 09:00:00,1273.6730568906894,3891.1099999999997,2160.0,78.25844310931188,3500.0,-0.0,0.0,-0.0,-0.0
2021-01-30 10:00:00,2380.125538078007,3788.7900000000004,2160.0,-0.0,2528.8716619219927,-0.0,0.0,-0.0,-0.0
2021-01-30 11:00:00,3208.7289353567,3693.2599999999998,2160.0,-0.0,1699.6892646433002,-0.0,0.0,-0.0,-0.0
2021-01-30 12:00:00,3513.997997542366,3619.81,2160.0,-0.0,1372.5555024576356,-0.0,0.0,-0.0,-0.0
2021-01-30 13:00:00,3208.7289353567,3580.41,2160.0,-0.0,1665.853764643301,-0.0,0.0,-0.0,-0.0
2021-01-30 14:00:00,2380.125538078007,3582.0099999999998,2160.0,-0.0,2520.3573619219937,-0.0,0.0,-0.0,-0.0
2021-01-30 15:00:00,1273.6730568906894,3625.4700000000003,2160.0,215.766543109311,3500.0,-0.0,0.0,-0.0,-0.0
2021-01-30 16:00:00,265.8075061467501,3705.37,2160.0,1382.6720938532499,3500.0,-0.0,0.0,-0.0,-0.0
2021-01-30 17:00:00,-0.0,3810.6600000000003,2160.0,1840.4619000000002,3500.0,-0.0,0.0,-0.0,-0.0
2021-01-30 18:00:00,-0.0,3926.08,2160.0,1978.749899999999,3500.0,-0.0,0.0,-0.0,-0.0
2021-01-30 19:00:00,-0.0,4034.18,2160.0,1969.6371,3500.0,-0.0,0.0,-0.0,-0.0
2021-01-30 20:00:00,-0.0,4117.59,2160.0,1781.2612000000008,3500.0,-0.0,0.0,-0.0,-0.0
2021-01-30 21:00:00,-0.0,4161.37,2160.0,1476.3853000000008,3500.0,-0.0,0.0,-0.0,-0.0
2021-01-30 22:00:00,-0.0,4154.99,2160.0,1174.0959000000003,3500.0,-0.0,0.0,-0.0,-0.0
2021-01-30 23:00:00,-0.0,4093.77,2160.0,976.0244000000002,3500.0,-0.0,0.0,-0.0,-0.0
2021-01-31 00:00:00,-0.0,3976.9900000000002,2160.0,277.82010000000037,3500.0,-0.0,0.0,-0.0,-0.0
2021-01-31 01:00:00,-0.0,3817.64,2160.0,240.4684000000011,3500.0,-0.0,0.0,-0.0,-0.0
2021-01-31 02:00:00,-0.0,3626.4800000000005,2160.0,296.0111000000006,3500.0,-0.0,0.0,-0.0,-0.0
2021-01-31 03:00:00,-0.0,3420.2,2160.0,493.83070000000134,3500.0,-0.0,0.0,-0.0,-0.0
2021-01-31 04:00:00,-0.0,3216.79,2160.0,845.1118000000015,3500.0,-0.0,0.0,-0.0,-0.0
2021-01-31 05:00:00,-0.0,3033.14,2160.0,1303.6741000000002,3500.0,-0.0,0.0,-0.0,-0.0
2021-01-31 06:00:00,-0.0,2882.8599999999997,2160.0,1778.0870000000004,3500.0,-0.0,0.0,-0.0,-0.0
2021-01-31 07:00:00,-0.0,2774.56,2160.0,2168.8861000000015,3500.0,-0.0,0.0,-0.0,-0.0
2021-01-31 08:00:00,287.0337164369138,2710.75,2160.0,2121.341783563086,3500.0,-0.0,0.0,-0.0,-0.0
2021-01-31 09:00:00,1314.5854054310364,2687.6699999999996,2160.0,1167.3438945689632,3500.0,-0.0,0.0,-0.0,-0.0
2021-01-31 10:00:00,2434.507936997023,2695.86,2160.0,-0.0,3489.7455630029776,-0.0,0.0,-0.0,-0.0
2021-01-31 11:00:00,3271.034893321991,2721.5899999999997,2160.0,-0.0,2527.2092066780087,-0.0,0.0,-0.0,-0.0
2021-01-31 12:00:00,3578.8930621255954,2748.84,2160.0,-0.0,2092.682237874405,-0.0,0.0,-0.0,-0.0
2021-01-31 13:00:00,3271.034893321991,2761.6200000000003,2160.0,-0.0,2332.353106678008,-0.0,0.0,-0.0,-0.0
2021-01-31 14:00:00,2434.507936997023,2746.18,2160.0,-0.0,3207.8565630029766,-0.0,0.0,-0.0,-0.0
2021-01-31 15:00:00,1314.5854054310364,2693.1,2160.0,1009.3861945689623,3500.0,-0.0,0.0,-0.0,-0.0
2021-01-31 16:00:00,287.0337164369138,2598.61,2160.0,2366.5562835630863,3500.0,-0.0,0.0,-0.0,-0.0
2021-01-31 17:00:00,-0.0,2465.25,2160.0,3080.4938999999995,3500.0,-0.0,0.0,-0.0,-0.0
2021-01-31 18:00:00,-0.0,2301.64,2160.0,3494.1666999999998,3500.0,-0.0,0.0,-0.0,-0.0
2021-01-31 19:00:00,-0.0,2121.43,2160.0,3769.807099999998,3500.0,-0.0,0.0,-0.0,-0.0
2021-01-31 20:00:00,-0.0,1941.52,2160.0,3841.285399999999,3500.0,-0.0,0.0,-0.0,-0.0
2021-01-31 21:00:00,-0.0,1779.93,2160.0,3738.4086000000007,3500.0,-0.0,0.0,-0.0,-0.0
2021-01-31 22:00:00,-0.0,1653.3700000000001,2160.0,3553.0231999999987,3500.0,-0.0,0.0,-0.0,-0.0
2021-01-31 23:00:00,-0.0,1575.1100000000001,2160.0,3368.8171,3500.0,-0.0,0.0,-0.0,-0.0
2021-02-01 00:00:00,-0.0,1550.48,2160.0,3142.0583000000006,3500.0,-0.0,0.0,-0.0,-0.0
2021-02-01 01:00:00,-0.0,1586.7,2160.0,2906.167400000001,3500.0,-0.0,0.0,-0.0,-0.0
2021-02-01 02:00:00,-0.0,1676.3700000000001,2160.0,2678.0188000000007,3500.0,-0.0,0.0,-0.0,-0.0
2021-02-01 03:00:00,-0.0,1808.97,2160.0,2534.205000000001,3500.0,-0.0,0.0,-0.0,-0.0
2021-02-01 04:00:00,-0.0,1969.57,2160.0,2518.8371000000006,3500.0,-0.0,0.0,-0.0,-0.0
2021-02-01 05:00:00,-0.0,2140.7999999999997,2160.0,2619.9948000000004,3500.0,-0.0,0.0,-0.0,-0.0
2021-02-01 06:00:00,-0.0,2305.17,2160.0,2777.3488000000016,3500.0,-0.0,0.0,-0.0,-0.0
2021-02-01 07:00:00,-0.0,2447.41,2160.0,2915.3160000000007,3500.0,-0.0,0.0,-0.0,-0.0
2021-02-01 08:00:00,373.13267142566923,2556.4399999999996,2160.0,2606.6617285743305,3500.0,-0.0,0.0,-0.0,-0.0
2021-02-01 09:00:00,1636.2372629405515,2626.78,2160.0,1321.642137059448,3500.0,-0.0,0.0,-0.0,-0.0
2021-02-01 10:00:00,3003.1404779616446,2659.24,2160.0,-0.0,3370.8704220383547,-0.0,0.0,-0.0,-0.0
2021-02-01 11:00:00,4021.4740546005223,2660.6800000000003,2160.0,-0.0,2249.0182453994776,-0.0,0.0,-0.0,-0.0
2021-02-01 12:00:00,4395.845479623567,2643.01,2160.0,-0.0,1791.2249203764313,-0.0,0.0,-0.0,-0.0
2021-02-01 13:00:00,4021.4740546005223,2621.42,2160.0,-0.0,2130.2359453994786,-0.0,0.0,-0.0,-0.0
2021-02-01 14:00:00,3003.1404779616446,2612.25,2160.0,-0.0,3179.862922038357,-0.0,0.0,-0.0,-0.0
2021-02-01 15:00:00,1636.2372629405515,2630.6200000000003,2160.0,1155.6414370594475,3500.0,-0.0,0.0,-0.0,-0.0
2021-02-01 16:00:00,373.13267142566923,2688.3,2160.0,2595.0439285743305,3500.0,-0.0,0.0,-0.0,-0.0
2021-02-01 17:00:00,-0.0,2791.9300000000003,2160.0,3157.0726000000013,3500.0,-0.0,0.0,-0.0,-0.0
2021-02-01 18:00:00,-0.0,2942.0400000000004,2160.0,3256.1413999999986,3500.0,-0.0,0.0,-0.0,-0.0
2021-02-01 19:00:00,-0.0,3132.83,2160.0,3160.0330000000013,3500.0,-0.0,0.0,-0.0,-0.0
2021-02-01 20:00:00,-0.0,3352.82,2160.0,2830.999,3500.0,-0.0,0.0,-0.0,-0.0
2021-02-01 21:00:00,-0.0,3586.2699999999995,2160.0,2332.602500000002,3500.0,-0.0,0.0,-0.0,-0.0
2021-02-01 22:00:00,-0.0,3815.2000000000003,2160.0,1791.3864999999987,3500.0,-0.0,0.0,-0.0,-0.0
2021-02-01 23:00:00,-0.0,4021.7000000000003,2160.0,1322.2149999999983,3500.0,-0.0,0.0,-0.0,-0.0
2021-02-02 00:00:00,-0.0,4187.31,2160.0,337.8337999999994,3500.0,-0.0,0.0,-0.0,-0.0
2021-02-02 01:00:00,-0.0,4306.79,2160.0,18.751799999999093,3500.0,-0.0,0.0,-0.0,-0.0
2021-02-02 02:00:00,-0.0,4371.88,2160.0,-0.0,3315.3872999999994,-0.0,0.0,-0.0,-0.0
2021-02-02 03:00:00,-0.0,4383.7300000000005,2160.0,-0.0,3292.666699999999,-0.0,0.0,-0.0,-0.0
2021-02-02 04:00:00,-0.0,4349.73,2160.0,-0.0,3472.375900000001,-0.0,0.0,-0.0,-0.0
2021-02-02 05:00:00,-0.0,4282.5,2160.0,312.6059000000005,3500.0,-0.0,0.0,-0.0,-0.0
2021-02-02 06:00:00,-0.0,4198.11,2160.0,719.4687000000004,3500.0,-0.0,0.0,-0.0,-0.0
2021-02-02 07:00:00,-0.0,4113.93,2160.0,1084.7399000000005,3500.0,-0.0,0.0,-0.0,-0.0
2021-02-02 08:00:00,465.06827624710377,4046.29,2160.0,861.837923752897,3500.0,-0.0,0.0,-0.0,-0.0
2021-02-02 09:00:00,1956.0477299674817,4008.23,2160.0,-0.0,2958.49397003252,-0.0,0.0,-0.0,-0.0
2021-02-02 10:00:00,3558.2360088936857,4007.8599999999997,2160.0,-0.0,1306.548991106315,-0.0,0.0,-0.0,-0.0
2021-02-02 11:00:00,4748.767495510075,4047.2000000000003,2160.0,-0.0,-0.0,-0.0,0.0,23.98669551007424,22.78736073457053
2021-02-02 12:00:00,5185.980555729708,4122.05,1636.9818442702917,-0.0,-0.0,-0.0,0.0,112.58040000000119,129.73646199849819
2021-02-02 13:00:00,4748.767495510075,4222.55,1918.416304489927,-0.0,-0.0,-0.0,0.0,112.58040000000119,236.67486835229948
2021-02-02 14:00:00,3558.2360088936857,4334.66,2160.0,-0.0,748.1786911063155,-0.0,0.0,-0.0,236.65120086546426
2021-02-02 15:00:00,1956.0477299674817,4442.0599999999995,2160.0,-0.0,2372.1375700325193,-0.0,0.0,-0.0,236.6275357453777
2021-02-02 16:00:00,465.06827624710377,4528.53,2160.0,400.0933237528966,3500.0,-0.0,112.58040000000119,-0.0,118.09818878127561
2021-02-02 17:00:00,-0.0,4580.17,2160.0,1108.6156399857236,3500.0,-0.0,112.18206001427762,-0.0,-0.0
2021-02-02 18:00:00,-0.0,4587.44,2160.0,1464.9983999999995,3500.0,-0.0,0.0,-0.0,-0.0
2021-02-02 19:00:00,-0.0,4546.51,2160.0,1603.018900000001,3500.0,-0.0,0.0,-0.0,-0.0
2021-02-02 20:00:00,-0.0,4459.95,2160.0,1583.0595000000021,3500.0,-0.0,0.0,-0.0,-0.0
2021-02-02 21:00:00,-0.0,4336.43,2160.0,1444.2745999999988,3500.0,-0.0,0.0,-0.0,-0.0
2021-02-02 22:00:00,-0.0,4189.73,2160.0,1281.4394000000011,3500.0,-0.0,0.0,-0.0,-0.0
2021-02-02 23:00:00,-0.0,4036.9300000000003,2160.0,1174.4304999999986,3500.0,-0.0,0.0,-0.0,-0.0
2021-02-03 00:00:00,-0.0,3893.09,2160.0,502.14739999999983,3500.0,-0.0,0.0,-0.0,-0.0
2021-02-03 01:00:00,-0.0,3781.56,2160.0,417.1486,3500.0,-0.0,0.0,-0.0,-0.0
2021-02-03 02:00:00,-0.0,3712.72,2160.0,350.8900000000008,3500.0,-0.0,0.0,-0.0,-0.0
2021-02-03 03:00:00,-0.0,3694.98,2160.0,361.0341000000003,3500.0,-0.0,0.0,-0.0,-0.0
2021-02-03 04:00:00,-0.0,3730.51,2160.0,474.58549999999923,3500.0,-0.0,0.0,-0.0,-0.0
2021-02-03 05:00:00,-0.0,3815.04,2160.0,666.5213000000012,3500.0,-0.0,0.0,-0.0,-0.0
2021-02-03 06:00:00,-0.0,3938.4599999999996,2160.0,869.1309000000019,3500.0,-0.0,0.0,-0.0,-0.0
2021-02-03 07:00:00,-0.0,4086.2900000000004,2160.0,1006.0360000000001,3500.0,-0.0,0.0,-0.0,-0.0
2021-02-03 08:00:00,512.364111793746,4241.599999999999,2160.0,516.617888206255,3500.0,-0.0,0.0,-0.0,-0.0
2021-02-03 09:00:00,2070.2362597724,4387.37,2160.0,-0.0,2366.3628402276004,-0.0,0.0,-0.0,-0.0
2021-02-03 10:00:00,3732.777506758123,4508.75,2160.0,-0.0,536.2031932418772,-0.0,0.0,-0.0,-0.0
2021-02-03 11:00:00,4964.935578223255,4595.09,1393.5863217767446,-0.0,-0.0,-0.0,0.0,112.58040000000119,106.95138000000112
2021-02-03 12:00:00,5416.957881899802,4641.35,799.7917181001994,-0.0,-0.0,-0.0,0.0,112.58040000000119,213.89206486200226
2021-02-03 13:00:00,4964.935578223255,4648.72,1193.269521776745,-0.0,-0.0,-0.0,0.0,112.58040000000119,320.8220556555172
2021-02-03 14:00:00,3732.777506758123,4624.42,2160.0,-0.0,205.23889324187758,-0.0,0.0,-0.0,320.7899734499517
2021-02-03 15:00:00,2070.2362597724,4580.7,2160.0,-0.0,2044.9009402276001,-0.0,0.0,-0.0,320.7578944526067
2021-02-03 16:00:00,512.364111793746,4533.05,2160.0,278.15808820625443,3500.0,-0.0,112.58040000000119,-0.0,202.2201344526339
2021-02-03 17:00:00,-0.0,4498.05,2160.0,1124.559900000001,3500.0,-0.0,112.58040000000119,-0.0,83.6942282286611
2021-02-03 18:00:00,-0.0,4491.05,2160.0,1420.5034341344535,3500.0,-0.0,79.50156586554633,-0.0,-0.0
2021-02-03 19:00:00,-0.0,4523.97,2160.0,1568.6162999999988,3500.0,-0.0,0.0,-0.0,-0.0
2021-02-03 20:00:00,-0.0,4603.58,2160.0,1386.9692999999988,3500.0,-0.0,0.0,-0.0,-0.0
2021-02-03 21:00:00,-0.0,4730.4800000000005,2160.0,1002.2857999999987,3500.0,-0.0,0.0,-0.0,-0.0
2021-02-03 22:00:00,-0.0,4898.88,2160.0,528.9096999999992,3500.0,-0.0,0.0,-0.0,-0.0
2021-02-03 23:00:00,-0.0,5097.27,2160.0,75.29979999999887,3500.0,-0.0,0.0,-0.0,-0.0
2021-02-04 00:00:00,-0.0,5306.419999999999,2160.0,-0.0,2554.3258000000014,-0.0,0.0,-0.0,-0.0
2021-02-04 01:00:00,-0.0,5515.04,2160.0,-0.0,2153.818,-0.0,0.0,-0.0,-0.0
2021-02-04 02:00:00,-0.0,5701.64,2160.0,-0.0,1836.7786000000006,-0.0,0.0,-0.0,-0.0
2021-02-04 03:00:00,-0.0,5850.490000000001,2160.0,-0.0,1685.0088000000005,-0.0,0.0,-0.0,-0.0
2021-02-04 04:00:00,-0.0,5950.22,2160.0,-0.0,1739.0479999999998,-0.0,0.0,-0.0,-0.0
2021-02-04 05:00:00,-0.0,5995.21,2160.0,-0.0,1975.2220000000007,-0.0,0.0,-0.0,-0.0
2021-02-04 06:00:00,-0.0,5986.3,2160.0,-0.0,2314.861099999999,-0.0,0.0,-0.0,-0.0
2021-02-04 07:00:00,-0.0,5930.55,2160.0,-0.0,2660.0470000000014,-0.0,0.0,-0.0,-0.0
2021-02-04 08:00:00,539.973809090205,5840.21,2160.0,-0.0,2393.3647909097967,-0.0,0.0,-0.0,-0.0
2021-02-04 09:00:00,2099.285589627971,5730.969999999999,2160.0,-0.0,1001.3679103720292,-0.0,0.0,-0.0,-0.0
2021-02-04 10:00:00,3752.050727142514,5619.84,1601.9486632860626,-0.0,-0.0,-0.0,0.0,23.778190428577243,22.58928090714838
2021-02-04 11:00:00,4973.785412481983,5522.740000000001,474.07748751801773,-0.0,-0.0,-0.0,0.0,112.58040000000119,129.5384019790588
2021-02-04 12:00:00,5421.522298308149,5452.360000000001,5.849301691852816,-0.0,-0.0,-0.0,0.0,112.58040000000119,236.476828138862
2021-02-04 13:00:00,4973.785412481983,5416.410000000001,442.9792875180174,-0.0,-0.0,-0.0,0.0,112.58040000000119,343.40456045604924
2021-02-04 14:00:00,3752.050727142514,5416.6,1697.203372857486,-0.0,-0.0,-0.0,0.0,112.58040000000119,450.32160000000476
2021-02-04 15:00:00,2099.285589627971,5448.36,2160.0,-0.0,1183.5867103720288,-0.0,0.0,-0.0,450.27656784000476
2021-02-04 16:00:00,539.973809090205,5501.57,2160.0,-0.0,2934.5265909097957,-0.0,0.0,-0.0,450.2315401832208
2021-02-04 17:00:00,-0.0,5561.88,2160.0,105.1313999999993,3500.0,-0.0,112.58040000000119,-0.0,331.68083281867484
2021-02-04 18:00:00,-0.0,5612.79,2160.0,314.52559999999994,3500.0,-0.0,112.58040000000119,-0.0,213.14198052486543
2021-02-04 19:00:00,-0.0,5637.86,2160.0,395.3795999999993,3500.0,-0.0,112.58040000000119,-0.0,94.61498211628538
2021-02-04 20:00:00,-0.0,5623.0599999999995,2160.0,335.19105541283034,3500.0,-0.0,89.87524458717007,-0.0,-0.0
2021-02-04 21:00:00,-0.0,5558.76,2160.0,235.8727999999992,3500.0,-0.0,0.0,-0.0,-0.0
2021-02-04 22:00:00,-0.0,5441.099999999999,2160.0,52.78690000000188,3500.0,-0.0,0.0,-0.0,-0.0
2021-02-04 23:00:00,-0.0,5272.67,2160.0,-0.0,3470.1661000000004,-0.0,0.0,-0.0,-0.0
2021-02-05 00:00:00,-0.0,5058.58,2160.0,-0.0,2876.220300000001,-0.0,0.0,-0.0,-0.0
2021-02-05 01:00:00,-0.0,4819.99,2160.0,-0.0,2926.9590000000007,-0.0,0.0,-0.0,-0.0
2021-02-05 02:00:00,-0.0,4570.57,2160.0,-0.0,3049.9046,-0.0,0.0,-0.0,-0.0
2021-02-05 03:00:00,-0.0,4328.76,2160.0,-0.0,3292.6844,-0.0,0.0,-0.0,-0.0
2021-02-05 04:00:00,-0.0,4111.88,2160.0,167.14390000000003,3500.0,-0.0,0.0,-0.0,-0.0
2021-02-05 05:00:00,-0.0,3933.84,2160.0,630.0763000000006,3500.0,-0.0,0.0,-0.0,-0.0
2021-02-05 06:00:00,-0.0,3803.43,2160.0,1094.8606,3500.0,-0.0,0.0,-0.0,-0.0
2021-02-05 07:00:00,-0.0,3723.2900000000004,2160.0,1467.9919999999984,3500.0,-0.0,0.0,-0.0,-0.0
2021-02-05 08:00:00,595.0704443176173,3689.6,2160.0,1093.0302556823835,3500.0,-0.0,0.0,-0.0,-0.0
2021-02-05 09:00:00,2229.209638102254,3692.8100000000004,2160.0,-0.0,3017.1268618977465,-0.0,0.0,-0.0,-0.0
2021-02-05 10:00:00,3949.7267854336133,3718.97,2160.0,-0.0,1232.1634145663866,-0.0,0.0,-0.0,-0.0
2021-02-05 11:00:00,5218.255108915383,3751.75,2114.571391084618,-0.0,-0.0,-0.0,0.0,112.58040000000119,106.95138000000112
2021-02-05 12:00:00,5682.653788623365,3774.7000000000003,1539.4259113766357,-0.0,-0.0,-0.0,0.0,112.58040000000119,213.89206486200226
2021-02-05 13:00:00,5218.255108915383,3773.62,1961.315591084618,-0.0,-0.0,-0.0,0.0,112.58040000000119,320.8220556555172
2021-02-05 14:00:00,3949.7267854336133,3738.47,2160.0,-0.0,1027.955514566389,-0.0,0.0,-0.0,320.7899734499517
2021-02-05 15:00:00,2229.209638102254,3664.8199999999997,2160.0,-0.0,2962.8333618977476,-0.0,0.0,-0.0,320.7578944526067
2021-02-05 16:00:00,595.0704443176173,3554.4900000000002,2160.0,1342.1992556823834,3500.0,-0.0,112.58040000000119,-0.0,202.2201344526339
2021-02-05 17:00:00,-0.0,3415.31,2160.0,2382.497000000001,3500.0,-0.0,112.58040000000119,-0.0,83.6942282286611
2021-02-05 18:00:00,-0.0,3260.1200000000003,2160.0,2833.480234134453,3500.0,-0.0,79.50156586554633,-0.0,-0.0
2021-02-05 19:00:00,-0.0,3104.96,2160.0,3176.3564000000015,3500.0,-0.0,0.0,-0.0,-0.0
2021-02-05 20:00:00,-0.0,2966.96,2160.0,3218.8337,3500.0,-0.0,0.0,-0.0,-0.0
2021-02-05 21:00:00,-0.0,2861.96,2160.0,3072.3877,3500.0,-0.0,0.0,-0.0,-0.0
2021-02-05 22:00:00,-0.0,2802.35,2160.0,2833.175800000001,3500.0,-0.0,0.0,-0.0,-0.0
2021-02-05 23:00:00,-0.0,2795.2900000000004,2160.0,2590.984199999999,3500.0,-0.0,0.0,-0.0,-0.0
2021-02-06 00:00:00,-0.0,2837.8900000000003,2160.0,1174.7131999999992,3500.0,-0.0,0.0,-0.0,-0.0
2021-02-06 01:00:00,-0.0,2932.4,2160.0,893.8950000000004,3500.0,-0.0,0.0,-0.0,-0.0
2021-02-06 02:00:00,-0.0,3063.69,2160.0,637.5450000000001,3500.0,-0.0,0.0,-0.0,-0.0
2021-02-06 03:00:00,-0.0,3216.1400000000003,2160.0,487.34659999999985,3500.0,-0.0,0.0,-0.0,-0.0
2021-02-06 04:00:00,-0.0,3371.79,2160.0,490.4265999999998,3500.0,-0.0,0.0,-0.0,-0.0
2021-02-06 05:00:00,-0.0,3512.6200000000003,2160.0,635.5068999999985,3500.0,-0.0,0.0,-0.0,-0.0
2021-02-06 06:00:00,-0.0,3622.92,2160.0,860.4639000000006,3500.0,-0.0,0.0,-0.0,-0.0
2021-02-06 07:00:00,-0.0,3691.28,2160.0,1085.8454000000002,3500.0,-0.0,0.0,-0.0,-0.0
2021-02-06 08:00:00,653.2695435096276,3711.97,2160.0,598.916856490373,3500.0,-0.0,0.0,-0.0,-0.0
2021-02-06 09:00:00,2361.410314809551,3685.6899999999996,2160.0,-0.0,2478.9802851904506,-0.0,0.0,-0.0,-0.0
2021-02-06 10:00:00,4148.0054806099215,3619.27,2160.0,-0.0,720.8607193900789,-0.0,0.0,-0.0,-0.0
2021-02-06 11:00:00,5461.876649732561,3524.7099999999996,1685.471250267441,-0.0,-0.0,-0.0,0.0,112.58040000000119,106.95138000000112
2021-02-06 12:00:00,5942.356806321786,3417.4,1224.571893678214,-0.0,-0.0,-0.0,0.0,112.58040000000119,213.89206486200226
2021-02-06 13:00:00,5461.876649732561,3313.9999999999995,1764.7954502674402,-0.0,-0.0,-0.0,0.0,112.58040000000119,320.8220556555172
2021-02-06 14:00:00,4148.0054806099215,3230.04,2160.0,-0.0,925.3828193900799,-0.0,0.0,-0.0,320.7899734499517
2021-02-06 15:00:00,2361.410314809551,3177.8,2160.0,-0.0,2904.5867851904486,-0.0,0.0,-0.0,320.7578944526067
2021-02-06 16:00:00,653.2695435096276,3164.5699999999997,2160.0,1260.3771564903718,3500.0,-0.0,112.58040000000119,-0.0,202.2201344526339
2021-02-06 17:00:00,-0.0,3191.57,2160.0,2192.0804000000007,3500.0,-0.0,112.58040000000119,-0.0,83.6942282286611
2021-02-06 18:00:00,-0.0,3253.8,2160.0,2424.893534134454,3500.0,-0.0,79.50156586554633,-0.0,-0.0
2021-02-06 19:00:00,-0.0,3340.63,2160.0,2524.8970000000018,3500.0,-0.0,0.0,-0.0,-0.0
2021-02-06 20:00:00,-0.0,3437.25,2160.0,2331.7364000000016,3500.0,-0.0,0.0,-0.0,-0.0
2021-02-06 21:00:00,-0.0,3526.69,2160.0,1989.6998999999996,3500.0,-0.0,0.0,-0.0,-0.0
2021-02-06 22:00:00,-0.0,3592.0400000000004,2160.0,1624.2461999999996,3500.0,-0.0,0.0,-0.0,-0.0
2021-02-06 23:00:00,-0.0,3618.8599999999997,2160.0,1346.7602000000015,3500.0,-0.0,0.0,-0.0,-0.0
2021-02-07 00:00:00,-0.0,3592.98,2160.0,564.1064999999994,3500.0,-0.0,0.0,-0.0,-0.0
2021-02-07 01:00:00,-0.0,3518.3599999999997,2160.0,450.7465000000002,3500.0,-0.0,0.0,-0.0,-0.0
2021-02-07 02:00:00,-0.0,3393.1099999999997,2160.0,449.13730000000123,3500.0,-0.0,0.0,-0.0,-0.0
2021-02-07 03:00:00,-0.0,3225.69,2160.0,616.8848999999991,3500.0,-0.0,0.0,-0.0,-0.0
2021-02-07 04:00:00,-0.0,3029.7200000000003,2160.0,969.5374000000002,3500.0,-0.0,0.0,-0.0,-0.0
2021-02-07 05:00:00,-0.0,2822.24,2160.0,1460.7567,3500.0,-0.0,0.0,-0.0,-0.0
2021-02-07 06:00:00,-0.0,2621.54,2160.0,1994.4231000000009,3500.0,-0.0,0.0,-0.0,-0.0
2021-02-07 07:00:00,-0.0,2444.79,2160.0,2462.5044000000007,3500.0,-0.0,0.0,-0.0,-0.0
2021-02-07 08:00:00,640.2570507660257,2305.82,2160.0,2145.7237492339755,3500.0,-0.0,0.0,-0.0,-0.0
2021-02-07 09:00:00,2236.195761993759,2213.4,2160.0,701.4889380062414,3500.0,-0.0,0.0,-0.0,-0.0
2021-02-07 10:00:00,3894.6413101485196,2170.1400000000003,2160.0,-0.0,2545.6068898514814,-0.0,0.0,-0.0,-0.0
2021-02-07 11:00:00,5111.141982540519,2172.34,2160.0,-0.0,1235.3862174594797,-0.0,0.0,-0.0,-0.0
2021-02-07 12:00:00,5555.553205555712,2210.53,2160.0,-0.0,662.0865944442867,-0.0,0.0,-0.0,-0.0
2021-02-07 13:00:00,5111.141982540519,2270.92,2160.0,-0.0,999.3780174594813,-0.0,0.0,-0.0,-0.0
2021-02-07 14:00:00,3894.6413101485196,2337.38,2160.0,-0.0,2181.579389851481,-0.0,0.0,-0.0,-0.0
2021-02-07 15:00:00,2236.195761993759,2393.71,2160.0,420.7877380062423,3500.0,-0.0,0.0,-0.0,-0.0
2021-02-07 16:00:00,640.2570507660257,2425.96,2160.0,2228.104249233974,3500.0,-0.0,0.0,-0.0,-0.0
2021-02-07 17:00:00,-0.0,2424.4,2160.0,3171.8904999999995,3500.0,-0.0,0.0,-0.0,-0.0
2021-02-07 18:00:00,-0.0,2384.9300000000003,2160.0,3469.767999999998,3500.0,-0.0,0.0,-0.0,-0.0
2021-02-07 19:00:00,-0.0,2309.7000000000003,2160.0,3648.6859999999997,3500.0,-0.0,0.0,-0.0,-0.0
2021-02-07 20:00:00,-0.0,2206.92,2160.0,3651.1957,3500.0,-0.0,0.0,-0.0,-0.0
2021-02-07 21:00:00,-0.0,2089.7599999999998,2160.0,3511.9476000000013,3500.0,-0.0,0.0,-0.0,-0.0
2021-02-07 22:00:00,-0.0,1974.66,2160.0,3323.0556000000015,3500.0,-0.0,0.0,-0.0,-0.0
2021-02-07 23:00:00,-0.0,1879.09,2160.0,3163.9946,3500.0,-0.0,0.0,-0.0,-0.0
2021-02-08 00:00:00,-0.0,1814.9199999999998,2160.0,2982.277399999999,3500.0,-0.0,0.0,-0.0,-0.0
2021-02-08 01:00:00,-0.0,1803.5100000000002,2160.0,2801.6033000000007,3500.0,-0.0,0.0,-0.0,-0.0
2021-02-08 02:00:00,-0.0,1848.02,2160.0,2626.063699999999,3500.0,-0.0,0.0,-0.0,-0.0
2021-02-08 03:00:00,-0.0,1949.7,2160.0,2520.4811,3500.0,-0.0,0.0,-0.0,-0.0
2021-02-08 04:00:00,-0.0,2103.31,2160.0,2519.2649,3500.0,-0.0,0.0,-0.0,-0.0
2021-02-08 05:00:00,-0.0,2297.81,2160.0,2604.1609000000008,3500.0,-0.0,0.0,-0.0,-0.0
2021-02-08 06:00:00,-0.0,2517.74,2160.0,2712.8033000000014,3500.0,-0.0,0.0,-0.0,-0.0
2021-02-08 07:00:00,-0.0,2745.2599999999998,2160.0,2772.1751000000004,3500.0,-0.0,0.0,-0.0,-0.0
2021-02-08 08:00:00,551.1783911781779,2962.42,2160.0,2183.8594088218224,3500.0,-0.0,0.0,-0.0,-0.0
2021-02-08 09:00:00,1862.3934940289676,3153.5299999999997,2160.0,736.296805971032,3500.0,-0.0,0.0,-0.0,-0.0
2021-02-08 10:00:00,3216.3176961334148,3307.14,2160.0,-0.0,2683.508303866586,-0.0,0.0,-0.0,-0.0
2021-02-08 11:00:00,4206.907656168009,3417.4500000000003,2160.0,-0.0,1486.49804383199,-0.0,0.0,-0.0,-0.0
2021-02-08 12:00:00,4568.4116676975955,3484.9900000000002,2160.0,-0.0,962.139332302404,-0.0,0.0,-0.0,-0.0
2021-02-08 13:00:00,4206.907656168009,3516.4,2160.0,-0.0,1240.8625438319914,-0.0,0.0,-0.0,-0.0
2021-02-08 14:00:00,3216.3176961334148,3523.42,2160.0,-0.0,2251.932703866586,-0.0,0.0,-0.0,-0.0
2021-02-08 15:00:00,1862.3934940289676,3521.15,2160.0,240.54490597103177,3500.0,-0.0,0.0,-0.0,-0.0
2021-02-08 16:00:00,551.1783911781779,3525.86,2160.0,1785.9900088218228,3500.0,-0.0,0.0,-0.0,-0.0
2021-02-08 17:00:00,-0.0,3552.71,2160.0,2607.5894000000017,3500.0,-0.0,0.0,-0.0,-0.0
2021-02-08 18:00:00,-0.0,3613.52,2160.0,2800.4874,3500.0,-0.0,0.0,-0.0,-0.0
2021-02-08 19:00:00,-0.0,3715.0699999999997,2160.0,2797.924600000002,3500.0,-0.0,0.0,-0.0,-0.0
2021-02-08 20:00:00,-0.0,3858.08,2160.0,2549.948700000001,3500.0,-0.0,0.0,-0.0,-0.0
2021-02-08 21:00:00,-0.0,4036.98,2160.0,2109.952800000001,3500.0,-0.0,0.0,-0.0,-0.0
2021-02-08 22:00:00,-0.0,4240.58,2160.0,1597.6834,3500.0,-0.0,0.0,-0.0,-0.0
2021-02-08 23:00:00,-0.0,4453.47,2160.0,1125.5032,3500.0,-0.0,0.0,-0.0,-0.0
2021-02-09 00:00:00,-0.0,4653.53,2160.0,107.61450000000059,3500.0,-0.0,0.0,-0.0,-0.0
2021-02-09 01:00:00,-0.0,4832.32,2160.0,-0.0,3232.122800000001,-0.0,0.0,-0.0,-0.0
2021-02-09 02:00:00,-0.0,4970.24,2160.0,-0.0,2958.585500000001,-0.0,0.0,-0.0,-0.0
2021-02-09 03:00:00,-0.0,5056.63,2160.0,-0.0,2863.733800000001,-0.0,0.0,-0.0,-0.0
2021-02-09 04:00:00,-0.0,5086.650000000001,2160.0,-0.0,2981.586199999999,-0.0,0.0,-0.0,-0.0
2021-02-09 05:00:00,-0.0,5061.96,2160.0,-0.0,3281.188500000001,-0.0,0.0,-0.0,-0.0
2021-02-09 06:00:00,-0.0,4990.46,2160.0,176.8213999999998,3500.0,-0.0,0.0,-0.0,-0.0
2021-02-09 07:00:00,-0.0,4885.2699999999995,2160.0,564.5105000000012,3500.0,-0.0,0.0,-0.0,-0.0
2021-02-09 08:00:00,484.05133813120915,4762.95,2160.0,378.45856186879064,3500.0,-0.0,0.0,-0.0,-0.0
2021-02-09 09:00:00,1584.254251620056,4641.37,2160.0,-0.0,2950.3081483799456,-0.0,0.0,-0.0,-0.0
2021-02-09 10:00:00,2713.2051765218694,4537.31,2160.0,-0.0,1875.9327234781313,-0.0,0.0,-0.0,-0.0
2021-02-09 11:00:00,3537.0990781420714,4464.27,2160.0,-0.0,1024.7994218579297,-0.0,0.0,-0.0,-0.0
2021-02-09 12:00:00,3837.446605765192,4430.73,2160.0,-0.0,658.5730942348087,-0.0,0.0,-0.0,-0.0
2021-02-09 13:00:00,3537.0990781420714,4439.12,2160.0,-0.0,895.1233218579282,-0.0,0.0,-0.0,-0.0
2021-02-09 14:00:00,2713.2051765218694,4485.53,2160.0,-0.0,1696.1424234781325,-0.0,0.0,-0.0,-0.0
2021-02-09 15:00:00,1584.254251620056,4560.42,2160.0,-0.0,2878.7317483799447,-0.0,0.0,-0.0,-0.0
2021-02-09 16:00:00,484.05133813120915,4649.95,2160.0,624.5330618687913,3500.0,-0.0,0.0,-0.0,-0.0
2021-02-09 17:00:00,-0.0,4738.01,2160.0,1314.067000000001,3500.0,-0.0,0.0,-0.0,-0.0
2021-02-09 18:00:00,-0.0,4808.490000000001,2160.0,1493.6511,3500.0,-0.0,0.0,-0.0,-0.0
2021-02-09 19:00:00,-0.0,4847.56,2160.0,1550.0114999999996,3500.0,-0.0,0.0,-0.0,-0.0
2021-02-09 20:00:00,-0.0,4845.7,2160.0,1443.439800000001,3500.0,-0.0,0.0,-0.0,-0.0
2021-02-09 21:00:00,-0.0,4799.05,2160.0,1225.6217000000006,3500.0,-0.0,0.0,-0.0,-0.0
2021-02-09 22:00:00,-0.0,4710.0599999999995,2160.0,1002.6676000000007,3500.0,-0.0,0.0,-0.0,-0.0
2021-02-09 23:00:00,-0.0,4587.2699999999995,2160.0,862.991500000001,3500.0,-0.0,0.0,-0.0,-0.0
2021-02-10 00:00:00,-0.0,4439.49,2160.0,189.56410000000142,3500.0,-0.0,0.0,-0.0,-0.0
2021-02-10 01:00:00,-0.0,4293.07,2160.0,136.3132000000005,3500.0,-0.0,0.0,-0.0,-0.0
2021-02-10 02:00:00,-0.0,4161.1900000000005,2160.0,129.71460000000116,3500.0,-0.0,0.0,-0.0,-0.0
2021-02-10 03:00:00,-0.0,4060.5,2160.0,219.1908000000003,3500.0,-0.0,0.0,-0.0,-0.0
2021-02-10 04:00:00,-0.0,4004.2,2160.0,420.72289999999975,3500.0,-0.0,0.0,-0.0,-0.0
2021-02-10 05:00:00,-0.0,4000.2900000000004,2160.0,697.0205999999998,3500.0,-0.0,0.0,-0.0,-0.0
2021-02-10 06:00:00,-0.0,4050.5099999999998,2160.0,968.5232999999989,3500.0,-0.0,0.0,-0.0,-0.0
2021-02-10 07:00:00,-0.0,4150.13,2160.0,1149.1117999999997,3500.0,-0.0,0.0,-0.0,-0.0
2021-02-10 08:00:00,518.6694792038105,4288.59,2160.0,665.4907207961896,3500.0,-0.0,0.0,-0.0,-0.0
2021-02-10 09:00:00,1646.247731200424,4450.94,2160.0,-0.0,2923.987468799578,-0.0,0.0,-0.0,-0.0
2021-02-10 10:00:00,2796.1681877190704,4619.77,2160.0,-0.0,1553.8272122809294,-0.0,0.0,-0.0,-0.0
2021-02-10 11:00:00,3633.253141159974,4777.59,2160.0,-0.0,456.84495884002536,-0.0,0.0,-0.0,-0.0
2021-02-10 12:00:00,3938.09812553753,4909.13,2160.0,-0.0,-0.0,-0.0,0.0,80.63192553752833,76.60032926065192
2021-02-10 13:00:00,3633.253141159974,5003.28,2160.0,-0.0,73.1126588400266,-0.0,0.0,-0.0,76.59266922772585
2021-02-10 14:00:00,2796.1681877190704,5054.59,2160.0,-0.0,881.0097122809284,-0.0,0.0,-0.0,76.58500996080308
2021-02-10 15:00:00,1646.247731200424,5063.889999999999,2160.0,-0.0,2148.876768799578,-0.0,0.0,-0.0,76.57735145980699
2021-02-10 16:00:00,518.6694792038105,5038.07,2160.0,-0.0,3500.0,-0.0,36.25292079618896,-0.0,38.40872446551474
2021-02-10 17:00:00,-0.0,4989.05,2160.0,859.9824605865842,3500.0,-0.0,36.484639413414776,-0.0,-0.0
2021-02-10 18:00:00,-0.0,4932.08,2160.0,1202.6171999999988,3500.0,-0.0,0.0,-0.0,-0.0
2021-02-10 19:00:00,-0.0,4883.55,2160.0,1345.8288000000002,3500.0,-0.0,0.0,-0.0,-0.0
2021-02-10 20:00:00,-0.0,4858.65,2160.0,1261.683500000001,3500.0,-0.0,0.0,-0.0,-0.0
2021-02-10 21:00:00,-0.0,4869.2,2160.0,986.1883000000007,3500.0,-0.0,0.0,-0.0,-0.0
2021-02-10 22:00:00,-0.0,4921.93,2160.0,621.1723000000002,3500.0,-0.0,0.0,-0.0,-0.0
2021-02-10 23:00:00,-0.0,5017.45,2160.0,262.9808000000003,3500.0,-0.0,0.0,-0.0,-0.0
2021-02-11 00:00:00,-0.0,5145.09,2160.0,-0.0,2813.7628999999997,-0.0,0.0,-0.0,-0.0
2021-02-11 01:00:00,-0.0,5303.41,2160.0,-0.0,2455.840900000001,-0.0,0.0,-0.0,-0.0
2021-02-11 02:00:00,-0.0,5471.81,2160.0,-0.0,2149.166400000001,-0.0,0.0,-0.0,-0.0
2021-02-11 03:00:00,-0.0,5632.43,2160.0,-0.0,1977.674500000001,-0.0,0.0,-0.0,-0.0
2021-02-11 04:00:00,-0.0,5767.4800000000005,2160.0,-0.0,1988.3337000000001,-0.0,0.0,-0.0,-0.0
2021-02-11 05:00:00,-0.0,5861.59,2160.0,-0.0,2167.2250000000004,-0.0,0.0,-0.0,-0.0
2021-02-11 06:00:00,-0.0,5903.75,2160.0,-0.0,2447.5378,-0.0,0.0,-0.0,-0.0
2021-02-11 07:00:00,-0.0,5888.799999999999,2160.0,-0.0,2743.5790000000015,-0.0,0.0,-0.0,-0.0
2021-02-11 08:00:00,613.227670470139,5818.03,2160.0,-0.0,2375.6476295298617,-0.0,0.0,-0.0,-0.0
2021-02-11 09:00:00,1889.579113517316,5699.0,2160.0,-0.0,1267.9016864826851,-0.0,0.0,-0.0,-0.0
2021-02-11 10:00:00,3183.3847063509365,5544.46,2160.0,-0.0,78.50809364906581,-0.0,0.0,-0.0,-0.0
2021-02-11 11:00:00,4122.862130565894,5370.669999999999,1484.7368694341067,-0.0,-0.0,-0.0,0.0,112.58040000000119,106.95138000000112
2021-02-11 12:00:00,4464.635364076023,5195.16,1218.926135923979,-0.0,-0.0,-0.0,0.0,112.58040000000119,213.89206486200226
2021-02-11 13:00:00,4122.862130565894,5034.419999999999,1666.1607694341083,-0.0,-0.0,-0.0,0.0,112.58040000000119,320.8220556555172
2021-02-11 14:00:00,3183.3847063509365,4901.67,2160.0,-0.0,489.72909364906445,-0.0,0.0,-0.0,320.7899734499517
2021-02-11 15:00:00,1889.579113517316,4805.17,2160.0,-0.0,2009.2039864826845,-0.0,0.0,-0.0,320.7578944526067
2021-02-11 16:00:00,613.227670470139,4747.14,2160.0,-0.0,3500.0,-0.0,79.6121295298617,-0.0,236.92357705278073
2021-02-11 17:00:00,-0.0,4723.54,2160.0,898.5551000000005,3500.0,-0.0,112.58040000000119,-0.0,118.3942004845479
2021-02-11 18:00:00,-0.0,4724.69,2160.0,1148.9929569887272,3500.0,-0.0,112.46324301127447,-0.0,-0.0
2021-02-11 19:00:00,-0.0,4736.72,2160.0,1346.518000000001,3500.0,-0.0,0.0,-0.0,-0.0
2021-02-11 20:00:00,-0.0,4743.5,2160.0,1233.2186000000002,3500.0,-0.0,0.0,-0.0,-0.0
2021-02-11 21:00:00,-0.0,4728.95,2160.0,985.4624000000013,3500.0,-0.0,0.0,-0.0,-0.0
2021-02-11 22:00:00,-0.0,4679.37,2160.0,725.5085000000008,3500.0,-0.0,0.0,-0.0,-0.0
2021-02-11 23:00:00,-0.0,4585.36,2160.0,559.7083000000011,3500.0,-0.0,0.0,-0.0,-0.0
2021-02-12 00:00:00,-0.0,4438.09,2160.0,-0.0,3388.0679999999993,-0.0,0.0,-0.0,-0.0
2021-02-12 01:00:00,-0.0,4250.67,2160.0,-0.0,3378.959200000001,-0.0,0.0,-0.0,-0.0
2021-02-12 02:00:00,-0.0,4026.75,2160.0,-0.0,3467.7806,-0.0,0.0,-0.0,-0.0
2021-02-12 03:00:00,-0.0,3780.2400000000002,2160.0,206.69469999999956,3500.0,-0.0,0.0,-0.0,-0.0
2021-02-12 04:00:00,-0.0,3528.4100000000003,2160.0,607.6061000000009,3500.0,-0.0,0.0,-0.0,-0.0
2021-02-12 05:00:00,-0.0,3289.62,2160.0,1122.8632000000007,3500.0,-0.0,0.0,-0.0,-0.0
2021-02-12 06:00:00,-0.0,3081.02,2160.0,1657.4915,3500.0,-0.0,0.0,-0.0,-0.0
2021-02-12 07:00:00,-0.0,2916.33,2160.0,2106.9179000000004,3500.0,-0.0,0.0,-0.0,-0.0
2021-02-12 08:00:00,678.9262509003145,2804.08,2160.0,1718.496349099687,3500.0,-0.0,0.0,-0.0,-0.0
2021-02-12 09:00:00,2033.1294515627292,2746.5899999999997,2160.0,475.1702484372704,3500.0,-0.0,0.0,-0.0,-0.0
2021-02-12 10:00:00,3397.722558523851,2739.71,2160.0,-0.0,2571.22004147615,-0.0,0.0,-0.0,-0.0
2021-02-12 11:00:00,4386.147489748619,2773.48,2160.0,-0.0,1452.3246102513822,-0.0,0.0,-0.0,-0.0
2021-02-12 12:00:00,4745.363713102872,2833.52,2160.0,-0.0,937.5560868971297,-0.0,0.0,-0.0,-0.0
2021-02-12 13:00:00,4386.147489748619,2903.04,2160.0,-0.0,1176.0791102513822,-0.0,0.0,-0.0,-0.0
2021-02-12 14:00:00,3397.722558523851,2965.14,2160.0,-0.0,2130.4944414761494,-0.0,0.0,-0.0,-0.0
2021-02-12 15:00:00,2033.1294515627292,3005.07,2160.0,88.55834843727052,3500.0,-0.0,0.0,-0.0,-0.0
2021-02-12 16:00:00,678.9262509003145,3012.3100000000004,2160.0,1675.8369490996856,3500.0,-0.0,0.0,-0.0,-0.0
2021-02-12 17:00:00,-0.0,2981.92,2160.0,2684.1922000000013,3500.0,-0.0,0.0,-0.0,-0.0
2021-02-12 18:00:00,-0.0,2915.18,2160.0,3006.7955999999995,3500.0,-0.0,0.0,-0.0,-0.0
2021-02-12 19:00:00,-0.0,2819.45,2160.0,3204.0569000000005,3500.0,-0.0,0.0,-0.0,-0.0
2021-02-12 20:00:00,-0.0,2707.04,2160.0,3214.4299,3500.0,-0.0,0.0,-0.0,-0.0
2021-02-12 21:00:00,-0.0,2593.55,2160.0,3070.1377,3500.0,-0.0,0.0,-0.0,-0.0
2021-02-12 22:00:00,-0.0,2495.67,2160.0,2863.0403000000006,3500.0,-0.0,0.0,-0.0,-0.0
2021-02-12 23:00:00,-0.0,2428.81,2160.0,2674.680400000001,3500.0,-0.0,0.0,-0.0,-0.0
2021-02-13 00:00:00,-0.0,2399.58,2160.0,1322.3263000000006,3500.0,-0.0,0.0,-0.0,-0.0
2021-02-13 01:00:00,-0.0,2425.66,2160.0,1104.3585000000003,3500.0,-0.0,0.0,-0.0,-0.0
2021-02-13 02:00:00,-0.0,2502.31,2160.0,897.2704000000012,3500.0,-0.0,0.0,-0.0,-0.0
2021-02-13 03:00:00,-0.0,2623.83,2160.0,772.8306000000011,3500.0,-0.0,0.0,-0.0,-0.0
2021-02-13 04:00:00,-0.0,2778.78,2160.0,771.6497999999992,3500.0,-0.0,0.0,-0.0,-0.0
2021-02-13 05:00:00,-0.0,2951.4,2160.0,880.192500000001,3500.0,-0.0,0.0,-0.0,-0.0
2021-02-13 06:00:00,-0.0,3123.66,2160.0,1038.6615999999995,3500.0,-0.0,0.0,-0.0,-0.0
2021-02-13 07:00:00,-0.0,3277.55,2160.0,1174.2074999999995,3500.0,-0.0,0.0,-0.0,-0.0
2021-02-13 08:00:00,722.1152276736758,3397.3900000000003,2160.0,515.203872326324,3500.0,-0.0,0.0,-0.0,-0.0
2021-02-13 09:00:00,2103.7384066131317,3471.8700000000003,2160.0,-0.0,2617.175593386869,-0.0,0.0,-0.0,-0.0
2021-02-13 10:00:00,3487.8948924589317,3495.42,2160.0,-0.0,1167.9081075410681,-0.0,0.0,-0.0,-0.0
2021-02-13 11:00:00,4488.004283291376,3468.9399999999996,2160.0,-0.0,102.23871670862536,-0.0,0.0,-0.0,-0.0
2021-02-13 12:00:00,4851.093006630217,3399.52,1990.2790933697834,-0.0,-0.0,-0.0,0.0,112.58040000000119,106.95138000000112
2021-02-13 13:00:00,4488.004283291376,3299.44,2160.0,-0.0,134.31051670862416,-0.0,0.0,-0.0,106.94068486200112
2021-02-13 14:00:00,3487.8948924589317,3184.45,2160.0,-0.0,1282.090607541068,-0.0,0.0,-0.0,106.92999079351492
2021-02-13 15:00:00,2103.7384066131317,3071.57,2160.0,-0.0,2917.08569338687,-0.0,0.0,-0.0,106.91929779443556
2021-02-13 16:00:00,722.1152276736758,2976.7599999999998,2160.0,1036.7924967549015,3500.0,-0.0,101.56317557142333,-0.0,-0.0
2021-02-13 17:00:00,-0.0,2912.71,2160.0,2228.042300000002,3500.0,-0.0,0.0,-0.0,-0.0
2021-02-13 18:00:00,-0.0,2887.1400000000003,2160.0,2513.9164999999985,3500.0,-0.0,0.0,-0.0,-0.0
2021-02-13 19:00:00,-0.0,2901.77,2160.0,2605.211800000001,3500.0,-0.0,0.0,-0.0,-0.0
2021-02-13 20:00:00,-0.0,2952.0299999999997,2160.0,2457.2581,3500.0,-0.0,0.0,-0.0,-0.0
2021-02-13 21:00:00,-0.0,3027.7799999999997,2160.0,2128.0133000000014,3500.0,-0.0,0.0,-0.0,-0.0
2021-02-13 22:00:00,-0.0,3114.67,2160.0,1740.3773999999994,3500.0,-0.0,0.0,-0.0,-0.0
2021-02-13 23:00:00,-0.0,3196.14,2160.0,1407.856600000001,3500.0,-0.0,0.0,-0.0,-0.0
2021-02-14 00:00:00,-0.0,3250.11,2160.0,543.1052000000004,3500.0,-0.0,0.0,-0.0,-0.0
2021-02-14 01:00:00,-0.0,3273.79,2160.0,331.5739000000003,3500.0,-0.0,0.0,-0.0,-0.0
2021-02-14 02:00:00,-0.0,3251.83,2160.0,227.0595000000012,3500.0,-0.0,0.0,-0.0,-0.0
2021-02-14 03:00:00,-0.0,3180.35,2160.0,299.50930000000017,3500.0,-0.0,0.0,-0.0,-0.0
2021-02-14 04:00:00,-0.0,3061.84,2160.0,575.6001000000015,3500.0,-0.0,0.0,-0.0,-0.0
2021-02-14 05:00:00,-0.0,2904.9900000000002,2160.0,1017.3412000000008,3500.0,-0.0,0.0,-0.0,-0.0
2021-02-14 06:00:00,-0.0,2723.62,2160.0,1533.0855000000001,3500.0,-0.0,0.0,-0.0,-0.0
2021-02-14 07:00:00,-0.0,2534.9100000000003,2160.0,2014.788199999999,3500.0,-0.0,0.0,-0.0,-0.0
2021-02-14 08:00:00,827.6101624123286,2357.24,2160.0,1551.265437587671,3500.0,-0.0,0.0,-0.0,-0.0
2021-02-14 09:00:00,2347.895624661607,2207.8,2160.0,241.86577533839318,3500.0,-0.0,0.0,-0.0,-0.0
2021-02-14 10:00:00,3862.266317481976,2100.39,2160.0,-0.0,2296.6200825180254,-0.0,0.0,-0.0,-0.0
2021-02-14 11:00:00,4953.797955789195,2043.69,2160.0,-0.0,1172.9243442108045,-0.0,0.0,-0.0,-0.0
2021-02-14 12:00:00,5349.674589660371,2040.19,2160.0,-0.0,692.7496103396288,-0.0,0.0,-0.0,-0.0
2021-02-14 13:00:00,4953.797955789195,2085.9700000000003,2160.0,-0.0,999.2585442108048,-0.0,0.0,-0.0,-0.0
2021-02-14 14:00:00,3862.266317481976,2171.2999999999997,2160.0,-0.0,2041.0021825180243,-0.0,0.0,-0.0,-0.0
2021-02-14 15:00:00,2347.895624661607,2282.11,2160.0,85.27227533839323,3500.0,-0.0,0.0,-0.0,-0.0
2021-02-14 16:00:00,827.6101624123286,2401.9,2160.0,1733.246137587671,3500.0,-0.0,0.0,-0.0,-0.0
2021-02-14 17:00:00,-0.0,2514.0800000000004,2160.0,2754.723600000001,3500.0,-0.0,0.0,-0.0,-0.0
2021-02-14 18:00:00,-0.0,2604.2599999999998,2160.0,2927.2567,3500.0,-0.0,0.0,-0.0,-0.0
2021-02-14 19:00:00,-0.0,2662.25,2160.0,2977.4813000000013,3500.0,-0.0,0.0,-0.0,-0.0
2021-02-14 20:00:00,-0.0,2683.45,2160.0,2860.7586,3500.0,-0.0,0.0,-0.0,-0.0
2021-02-14 21:00:00,-0.0,2669.5099999999998,2160.0,2623.2526,3500.0,-0.0,0.0,-0.0,-0.0
2021-02-14 22:00:00,-0.0,2628.08,2160.0,2365.862000000001,3500.0,-0.0,0.0,-0.0,-0.0
2021-02-14 23:00:00,-0.0,2571.8,2160.0,2172.8890999999994,3500.0,-0.0,0.0,-0.0,-0.0
2021-02-15 00:00:00,-0.0,2510.7000000000003,2160.0,1991.5807000000004,3500.0,-0.0,0.0,-0.0,-0.0
2021-02-15 01:00:00,-0.0,2473.4300000000003,2160.0,1842.5424999999996,3500.0,-0.0,0.0,-0.0,-0.0
2021-02-15 02:00:00,-0.0,2469.8,2160.0,1721.1112000000003,3500.0,-0.0,0.0,-0.0,-0.0
2021-02-15 03:00:00,-0.0,2511.9900000000002,2160.0,1681.1741000000002,3500.0,-0.0,0.0,-0.0,-0.0
2021-02-15 04:00:00,-0.0,2607.02,2160.0,1744.874100000001,3500.0,-0.0,0.0,-0.0,-0.0
2021-02-15 05:00:00,-0.0,2755.66,2160.0,1882.144400000001,3500.0,-0.0,0.0,-0.0,-0.0
2021-02-15 06:00:00,-0.0,2952.25,2160.0,2020.8114000000005,3500.0,-0.0,0.0,-0.0,-0.0
2021-02-15 07:00:00,-0.0,3185.3599999999997,2160.0,2081.442900000001,3500.0,-0.0,0.0,-0.0,-0.0
2021-02-15 08:00:00,998.4242395423208,3439.2,2160.0,1016.2096604576791,3500.0,-0.0,0.0,-0.0,-0.0
2021-02-15 09:00:00,2760.7911705687975,3695.62,2160.0,-0.0,2559.3469294312017,-0.0,0.0,-0.0,-0.0
2021-02-15 10:00:00,4506.496307713459,3936.4500000000003,2160.0,-0.0,534.8673922865428,-0.0,0.0,-0.0,-0.0
2021-02-15 11:00:00,5761.7219799513405,4145.82,1254.1934200486612,-0.0,-0.0,-0.0,0.0,112.58040000000119,106.95138000000112
2021-02-15 12:00:00,6216.511949322923,4312.13,545.3629506770785,-0.0,-0.0,-0.0,0.0,112.58040000000119,213.89206486200226
2021-02-15 13:00:00,5761.7219799513405,4429.53,839.0963200486594,-0.0,-0.0,-0.0,0.0,112.58040000000119,320.8220556555172
2021-02-15 14:00:00,4506.496307713459,4498.54,2060.649892286543,-0.0,-0.0,-0.0,0.0,112.58040000000119,427.7413534499528
2021-02-15 15:00:00,2760.7911705687975,4525.86,2160.0,-0.0,1646.8234294312024,-0.0,0.0,-0.0,427.6985793146078
2021-02-15 16:00:00,998.4242395423208,4523.34,2160.0,46.12866045767987,3500.0,-0.0,112.58040000000119,-0.0,309.15012524614883
2021-02-15 17:00:00,-0.0,4506.23,2160.0,1367.096599999999,3500.0,-0.0,112.58040000000119,-0.0,190.61352602309668
2021-02-15 18:00:00,-0.0,4491.06,2160.0,1644.2321999999995,3500.0,-0.0,112.58040000000119,-0.0,72.08878045996681
2021-02-15 19:00:00,-0.0,4493.24,2160.0,1793.4870069971748,3500.0,-0.0,68.47749300282477,-0.0,-0.0
2021-02-15 20:00:00,-0.0,4524.92,2160.0,1733.7438999999995,3500.0,-0.0,0.0,-0.0,-0.0
2021-02-15 21:00:00,-0.0,4593.26,2160.0,1412.8073999999997,3500.0,-0.0,0.0,-0.0,-0.0
2021-02-15 22:00:00,-0.0,4699.39,2160.0,1006.5737000000017,3500.0,-0.0,0.0,-0.0,-0.0
2021-02-15 23:00:00,-0.0,4838.18,2160.0,617.1176999999989,3500.0,-0.0,0.0,-0.0,-0.0
2021-02-16 00:00:00,-0.0,4992.84,2160.0,-0.0,3151.222600000001,-0.0,0.0,-0.0,-0.0
2021-02-16 01:00:00,-0.0,5160.61,2160.0,-0.0,2795.4726,-0.0,0.0,-0.0,-0.0
2021-02-16 02:00:00,-0.0,5318.31,2160.0,-0.0,2510.9134000000004,-0.0,0.0,-0.0,-0.0
2021-02-16 03:00:00,-0.0,5449.000000000001,2160.0,-0.0,2380.5510000000004,-0.0,0.0,-0.0,-0.0
2021-02-16 04:00:00,-0.0,5538.1,2160.0,-0.0,2448.1335,-0.0,0.0,-0.0,-0.0
2021-02-16 05:00:00,-0.0,5575.4800000000005,2160.0,-0.0,2694.492799999999,-0.0,0.0,-0.0,-0.0
2021-02-16 06:00:00,-0.0,5556.83,2160.0,-0.0,3046.109199999999,-0.0,0.0,-0.0,-0.0
2021-02-16 07:00:00,-0.0,5484.290000000001,2160.0,-0.0,3409.9817999999996,-0.0,0.0,-0.0,-0.0
2021-02-16 08:00:00,1106.5640806105048,5366.24,2160.0,-0.0,2605.972819389496,-0.0,0.0,-0.0,-0.0
2021-02-16 09:00:00,2985.0390515207164,5216.22,2160.0,-0.0,936.8017484792845,-0.0,0.0,-0.0,-0.0
2021-02-16 10:00:00,4835.536047037952,5051.23,1394.3764433906263,-0.0,-0.0,-0.0,0.0,23.778190428577243,22.58928090714838
2021-02-16 11:00:00,6162.933066250854,4889.5,225.9916337491477,-0.0,-0.0,-0.0,0.0,112.58040000000119,129.5384019790588
2021-02-16 12:00:00,6643.3797430131235,4544.346556986879,-0.0,-0.0,-0.0,-0.0,0.0,112.58040000000119,236.476828138862
2021-02-16 13:00:00,6162.933066250854,4640.9,337.1634337491496,-0.0,-0.0,-0.0,0.0,112.58040000000119,343.40456045604924
2021-02-16 14:00:00,4835.536047037952,4576.53,1761.0911529620498,-0.0,-0.0,-0.0,0.0,112.58040000000119,450.32160000000476
2021-02-16 15:00:00,2985.0390515207164,4557.6,2160.0,-0.0,1495.0318484792842,-0.0,0.0,-0.0,450.27656784000476
2021-02-16 16:00:00,1106.5640806105048,4580.36,2160.0,-0.0,3500.0,-0.0,94.37461938949491,-0.0,350.88983556269983
2021-02-16 17:00:00,-0.0,4635.3,2160.0,1335.386199999998,3500.0,-0.0,112.58040000000119,-0.0,232.34906236861602
2021-02-16 18:00:00,-0.0,4708.61,2160.0,1520.4837000000016,3500.0,-0.0,112.58040000000119,-0.0,113.82014325185159
2021-02-16 19:00:00,-0.0,4784.11,2160.0,1553.1337768243484,3500.0,-0.0,108.11832317565009,-0.0,-0.0
2021-02-16 20:00:00,-0.0,4845.59,2160.0,1499.5018,3500.0,-0.0,0.0,-0.0,-0.0
2021-02-16 21:00:00,-0.0,4879.08,2160.0,1209.6050000000014,3500.0,-0.0,0.0,-0.0,-0.0
2021-02-16 22:00:00,-0.0,4874.83,2160.0,909.8617000000013,3500.0,-0.0,0.0,-0.0,-0.0
2021-02-16 23:00:00,-0.0,4828.72,2160.0,701.3406999999997,3500.0,-0.0,0.0,-0.0,-0.0
2021-02-17 00:00:00,-0.0,4736.639999999999,2160.0,-0.0,3477.8644000000004,-0.0,0.0,-0.0,-0.0
2021-02-17 01:00:00,-0.0,4619.32,2160.0,-0.0,3403.099,-0.0,0.0,-0.0,-0.0
2021-02-17 02:00:00,-0.0,4483.6900000000005,2160.0,-0.0,3407.7006999999994,-0.0,0.0,-0.0,-0.0
2021-02-17 03:00:00,-0.0,4346.18,2160.0,41.308100000000195,3500.0,-0.0,0.0,-0.0,-0.0
2021-02-17 04:00:00,-0.0,4224.280000000001,2160.0,315.60059999999976,3500.0,-0.0,0.0,-0.0,-0.0
2021-02-17 05:00:00,-0.0,4134.2,2160.0,685.0779000000011,3500.0,-0.0,0.0,-0.0,-0.0
2021-02-17 06:00:00,-0.0,4088.7000000000003,2160.0,1059.1502999999993,3500.0,-0.0,0.0,-0.0,-0.0
2021-02-17 07:00:00,-0.0,4095.29,2160.0,1339.4520999999995,3500.0,-0.0,0.0,-0.0,-0.0
2021-02-17 08:00:00,1056.4336197149132,4155.25,2160.0,403.0811802850876,3500.0,-0.0,0.0,-0.0,-0.0
2021-02-17 09:00:00,2782.5642180325776,4263.41,2160.0,-0.0,2123.551781967424,-0.0,0.0,-0.0,-0.0
2021-02-17 10:00:00,4473.808836661992,4408.77,2160.0,-0.0,241.69416333800655,-0.0,0.0,-0.0,-0.0
2021-02-17 11:00:00,5684.104581124795,4575.94,1040.698518875207,-0.0,-0.0,-0.0,0.0,112.58040000000119,106.95138000000112
2021-02-17 12:00:00,6121.73055921022,4747.14,336.55784078978013,-0.0,-0.0,-0.0,0.0,112.58040000000119,213.89206486200226
2021-02-17 13:00:00,5684.104581124795,4904.51,565.4430188752049,-0.0,-0.0,-0.0,0.0,112.58040000000119,320.8220556555172
2021-02-17 14:00:00,4473.808836661992,5032.46,1675.2889633380082,-0.0,-0.0,-0.0,0.0,112.58040000000119,427.7413534499528
2021-02-17 15:00:00,2782.5642180325776,5119.599999999999,2160.0,-0.0,1139.2311819674242,-0.0,0.0,-0.0,427.6985793146078
2021-02-17 16:00:00,1056.4336197149132,5160.25,2160.0,-0.0,3063.650480285087,-0.0,0.0,-0.0,427.65580945667637
2021-02-17 17:00:00,-0.0,5155.05,2160.0,809.9759999999997,3500.0,-0.0,112.58040000000119,-0.0,309.10735966520315
2021-02-17 18:00:00,-0.0,5110.759999999999,2160.0,1107.9739999999993,3500.0,-0.0,112.58040000000119,-0.0,190.57076471870906
2021-02-17 19:00:00,-0.0,5039.2300000000005,2160.0,1278.4911999999995,3500.0,-0.0,112.58040000000119,-0.0,72.04602343170961
2021-02-17 20:00:00,-0.0,4955.68,2160.0,1301.2188221121014,3500.0,-0.0,68.43687788789813,-0.0,-0.0
2021-02-17 21:00:00,-0.0,4876.55,2160.0,1187.689800000001,3500.0,-0.0,0.0,-0.0,-0.0
2021-02-17 22:00:00,-0.0,4817.11,2160.0,938.4604000000008,3500.0,-0.0,0.0,-0.0,-0.0
2021-02-17 23:00:00,-0.0,4789.35,2160.0,706.9302000000007,3500.0,-0.0,0.0,-0.0,-0.0
2021-02-18 00:00:00,-0.0,4793.71,2160.0,-0.0,3382.089499999999,-0.0,0.0,-0.0,-0.0
2021-02-18 01:00:00,-0.0,4844.04,2160.0,-0.0,3135.0577999999996,-0.0,0.0,-0.0,-0.0
2021-02-18 02:00:00,-0.0,4928.46,2160.0,-0.0,2915.0192000000015,-0.0,0.0,-0.0,-0.0
2021-02-18 03:00:00,-0.0,5035.94,2160.0,-0.0,2799.0788000000002,-0.0,0.0,-0.0,-0.0
2021-02-18 04:00:00,-0.0,5151.250000000001,2160.0,-0.0,2831.639899999999,-0.0,0.0,-0.0,-0.0
2021-02-18 05:00:00,-0.0,5256.969999999999,2160.0,-0.0,3000.8335000000006,-0.0,0.0,-0.0,-0.0
2021-02-18 06:00:00,-0.0,5335.78,2160.0,-0.0,3246.1564000000008,-0.0,0.0,-0.0,-0.0
2021-02-18 07:00:00,-0.0,5372.79,2160.0,-0.0,3491.6442000000015,-0.0,0.0,-0.0,-0.0
2021-02-18 08:00:00,927.4023666261264,5357.530000000001,2160.0,-0.0,2755.1812333738735,-0.0,0.0,-0.0,-0.0
2021-02-18 09:00:00,2386.977742661688,5285.349999999999,2160.0,-0.0,1418.2596573383148,-0.0,0.0,-0.0,-0.0
2021-02-18 10:00:00,3809.5132701414905,5158.089999999999,2160.0,-0.0,73.49962985851016,-0.0,0.0,-0.0,-0.0
2021-02-18 11:00:00,4825.134980796925,4983.84,1404.4289192030756,-0.0,-0.0,-0.0,0.0,112.58040000000119,106.95138000000112
2021-02-18 12:00:00,5191.995764639486,4775.88,1146.1080353605157,-0.0,-0.0,-0.0,0.0,112.58040000000119,213.89206486200226
2021-02-18 13:00:00,4825.134980796925,4551.0,1682.4415192030756,-0.0,-0.0,-0.0,0.0,112.58040000000119,320.8220556555172
2021-02-18 14:00:00,3809.5132701414905,4327.2300000000005,2160.0,-0.0,672.7893298585113,-0.0,0.0,-0.0,320.7899734499517
2021-02-18 15:00:00,2386.977742661688,4121.52,2160.0,-0.0,2429.5632573383114,-0.0,0.0,-0.0,320.7578944526067
2021-02-18 16:00:00,927.4023666261264,3947.56,2160.0,685.6466333738726,3500.0,-0.0,112.58040000000119,-0.0,202.2201344526339
2021-02-18 17:00:00,-0.0,3814.02,2160.0,2040.1315999999988,3500.0,-0.0,112.58040000000119,-0.0,83.6942282286611
2021-02-18 18:00:00,-0.0,3723.48,2160.0,2413.8132341344535,3500.0,-0.0,79.50156586554633,-0.0,-0.0
2021-02-18 19:00:00,-0.0,3672.21,2160.0,2640.0152000000007,3500.0,-0.0,0.0,-0.0,-0.0
2021-02-18 20:00:00,-0.0,3650.83,2160.0,2552.9635000000017,3500.0,-0.0,0.0,-0.0,-0.0
2021-02-18 21:00:00,-0.0,3645.6699999999996,2160.0,2293.6566999999995,3500.0,-0.0,0.0,-0.0,-0.0
2021-02-18 22:00:00,-0.0,3640.76,2160.0,1986.6213000000007,3500.0,-0.0,0.0,-0.0,-0.0
2021-02-18 23:00:00,-0.0,3620.14,2160.0,1744.7752,3500.0,-0.0,0.0,-0.0,-0.0
2021-02-19 00:00:00,-0.0,3563.4500000000003,2160.0,977.6304999999993,3500.0,-0.0,0.0,-0.0,-0.0
2021-02-19 01:00:00,-0.0,3474.68,2160.0,866.7309000000005,3500.0,-0.0,0.0,-0.0,-0.0
2021-02-19 02:00:00,-0.0,3343.41,2160.0,859.5210000000006,3500.0,-0.0,0.0,-0.0,-0.0
2021-02-19 03:00:00,-0.0,3172.2299999999996,2160.0,1019.4885000000013,3500.0,-0.0,0.0,-0.0,-0.0
2021-02-19 04:00:00,-0.0,2969.79,2160.0,1367.1593000000003,3500.0,-0.0,0.0,-0.0,-0.0
2021-02-19 05:00:00,-0.0,2749.7700000000004,2160.0,1859.566999999999,3500.0,-0.0,0.0,-0.0,-0.0
2021-02-19 06:00:00,-0.0,2529.13,2160.0,2401.9310000000014,3500.0,-0.0,0.0,-0.0,-0.0
2021-02-19 07:00:00,1.5177521553429345,2325.89,2160.0,2883.860447844656,3500.0,-0.0,0.0,-0.0,-0.0
2021-02-19 08:00:00,870.2857818390298,2156.81,2160.0,2357.682118160972,3500.0,-0.0,0.0,-0.0,-0.0
2021-02-19 09:00:00,2190.5850777372398,2035.19,2160.0,1207.42652226276,3500.0,-0.0,0.0,-0.0,-0.0
2021-02-19 10:00:00,3470.7197412304554,1969.1,2160.0,-0.0,3441.973358769545,-0.0,0.0,-0.0,-0.0
2021-02-19 11:00:00,4382.553988321998,1960.37,2160.0,-0.0,2436.790511678004,-0.0,0.0,-0.0,-0.0
2021-02-19 12:00:00,4711.60488758881,2004.34,2160.0,-0.0,1962.6790124111903,-0.0,0.0,-0.0,-0.0
2021-02-19 13:00:00,4382.553988321998,2090.5299999999997,2160.0,-0.0,2148.589511678001,-0.0,0.0,-0.0,-0.0
2021-02-19 14:00:00,3470.7197412304554,2204.0299999999997,2160.0,-0.0,2969.0458587695443,-0.0,0.0,-0.0,-0.0
2021-02-19 15:00:00,2190.5850777372398,2327.52,2160.0,752.9358222627616,3500.0,-0.0,0.0,-0.0,-0.0
2021-02-19 16:00:00,870.2857818390298,2443.56,2160.0,2191.173018160973,3500.0,-0.0,0.0,-0.0,-0.0
2021-02-19 17:00:00,1.5177521553429345,2536.9,2160.0,3259.1270478446568,3500.0,-0.0,0.0,-0.0,-0.0
2021-02-19 18:00:00,-0.0,2596.51,2160.0,3450.214900000001,3500.0,-0.0,0.0,-0.0,-0.0
2021-02-19 19:00:00,-0.0,2616.9700000000003,2160.0,3524.436499999999,3500.0,-0.0,0.0,-0.0,-0.0
2021-02-19 20:00:00,-0.0,2599.14,2160.0,3433.2212,3500.0,-0.0,0.0,-0.0,-0.0
2021-02-19 21:00:00,-0.0,2549.9500000000003,2160.0,3217.4659999999985,3500.0,-0.0,0.0,-0.0,-0.0
2021-02-19 22:00:00,-0.0,2481.35,2160.0,2973.7800000000007,3500.0,-0.0,0.0,-0.0,-0.0
2021-02-19 23:00:00,-0.0,2408.6,2160.0,2783.8585000000003,3500.0,-0.0,0.0,-0.0,-0.0
2021-02-20 00:00:00,-0.0,2341.23,2160.0,1460.0556000000015,3500.0,-0.0,0.0,-0.0,-0.0
2021-02-20 01:00:00,-0.0,2308.23,2160.0,1293.4536000000007,3500.0,-0.0,0.0,-0.0,-0.0
2021-02-20 02:00:00,-0.0,2314.5299999999997,2160.0,1148.8790999999992,3500.0,-0.0,0.0,-0.0,-0.0
2021-02-20 03:00:00,-0.0,2366.9,2160.0,1085.637200000001,3500.0,-0.0,0.0,-0.0,-0.0
2021-02-20 04:00:00,-0.0,2465.9300000000003,2160.0,1132.3163999999997,3500.0,-0.0,0.0,-0.0,-0.0
2021-02-20 05:00:00,-0.0,2605.92,2160.0,1265.3276999999998,3500.0,-0.0,0.0,-0.0,-0.0
2021-02-20 06:00:00,-0.0,2775.49,2160.0,1418.2304999999997,3500.0,-0.0,0.0,-0.0,-0.0
2021-02-20 07:00:00,8.950273739595834,2959.0,2160.0,1506.8614262604042,3500.0,-0.0,0.0,-0.0,-0.0
2021-02-20 08:00:00,902.292496409056,3138.59,2160.0,608.4555035909434,3500.0,-0.0,0.0,-0.0,-0.0
2021-02-20 09:00:00,2222.770351384365,3296.44,2160.0,-0.0,2679.703148615635,-0.0,0.0,-0.0,-0.0
2021-02-20 10:00:00,3496.5773275828788,3417.1600000000003,2160.0,-0.0,1235.0494724171213,-0.0,0.0,-0.0,-0.0
2021-02-20 11:00:00,4401.816048764071,3489.7200000000003,2160.0,-0.0,156.58525123592972,-0.0,0.0,-0.0,-0.0
2021-02-20 12:00:00,4728.1774019320765,3508.9300000000003,1984.046798067924,-0.0,-0.0,-0.0,0.0,112.58040000000119,106.95138000000112
2021-02-20 13:00:00,4401.816048764071,3476.0400000000004,2160.0,-0.0,15.439151235928875,-0.0,0.0,-0.0,106.94068486200112
2021-02-20 14:00:00,3496.5773275828788,3398.57,2160.0,-0.0,1022.069172417122,-0.0,0.0,-0.0,106.92999079351492
2021-02-20 15:00:00,2222.770351384365,3289.22,2160.0,-0.0,2534.395448615636,-0.0,0.0,-0.0,106.91929779443556
2021-02-20 16:00:00,902.292496409056,3164.21,2160.0,614.3468280195211,3500.0,-0.0,101.56317557142333,-0.0,-0.0
2021-02-20 17:00:00,8.950273739595834,3040.9900000000002,2160.0,2027.1679262604048,3500.0,-0.0,0.0,-0.0,-0.0
2021-02-20 18:00:00,-0.0,2935.99,2160.0,2392.5902000000024,3500.0,-0.0,0.0,-0.0,-0.0
2021-02-20 19:00:00,-0.0,2862.3700000000003,2160.0,2563.3007,3500.0,-0.0,0.0,-0.0,-0.0
2021-02-20 20:00:00,-0.0,2828.3199999999997,2160.0,2490.8313000000016,3500.0,-0.0,0.0,-0.0,-0.0
2021-02-20 21:00:00,-0.0,2835.95,2160.0,2220.8951000000025,3500.0,-0.0,0.0,-0.0,-0.0
2021-02-20 22:00:00,-0.0,2881.15,2160.0,1866.1612000000005,3500.0,-0.0,0.0,-0.0,-0.0
2021-02-20 23:00:00,-0.0,2954.14,2160.0,1533.3610000000008,3500.0,-0.0,0.0,-0.0,-0.0
2021-02-21 00:00:00,-0.0,3033.83,2160.0,632.1867000000002,3500.0,-0.0,0.0,-0.0,-0.0
2021-02-21 01:00:00,-0.0,3118.19,2160.0,351.2979,3500.0,-0.0,0.0,-0.0,-0.0
2021-02-21 02:00:00,-0.0,3183.93,2160.0,150.4593000000009,3500.0,-0.0,0.0,-0.0,-0.0
2021-02-21 03:00:00,-0.0,3217.2200000000003,2160.0,109.57340000000022,3500.0,-0.0,0.0,-0.0,-0.0
2021-02-21 04:00:00,-0.0,3208.5399999999995,2160.0,267.3348000000001,3500.0,-0.0,0.0,-0.0,-0.0
2021-02-21 05:00:00,-0.0,3154.1000000000004,2160.0,598.2418999999991,3500.0,-0.0,0.0,-0.0,-0.0
2021-02-21 06:00:00,-0.0,3056.4900000000002,2160.0,1021.8802000000014,3500.0,-0.0,0.0,-0.0,-0.0
2021-02-21 07:00:00,18.994221826424077,2924.39,2160.0,1419.7223781735775,3500.0,-0.0,0.0,-0.0,-0.0
2021-02-21 08:00:00,912.7158825347198,2771.5899999999997,2160.0,857.0554174652807,3500.0,-0.0,0.0,-0.0,-0.0
2021-02-21 09:00:00,2202.1132981524547,2615.1600000000003,2160.0,-0.0,3277.475101847546,-0.0,0.0,-0.0,-0.0
2021-02-21 10:00:00,3439.762061238387,2473.32,2160.0,-0.0,2135.4279387616134,-0.0,0.0,-0.0,-0.0
2021-02-21 11:00:00,4317.3129655268895,2363.0499999999997,2160.0,-0.0,1271.4478344731106,-0.0,0.0,-0.0,-0.0
2021-02-21 12:00:00,4633.373691934737,2297.89,2160.0,-0.0,925.0348080652648,-0.0,0.0,-0.0,-0.0
2021-02-21 13:00:00,4317.3129655268895,2286.2,2160.0,-0.0,1201.6110344731105,-0.0,0.0,-0.0,-0.0
2021-02-21 14:00:00,3439.762061238387,2330.11,2160.0,-0.0,2063.343638761613,-0.0,0.0,-0.0,-0.0
2021-02-21 15:00:00,2202.1132981524547,2425.3,2160.0,-0.0,3339.203201847545,-0.0,0.0,-0.0,-0.0
2021-02-21 16:00:00,912.7158825347198,2561.62,2160.0,1232.59601746528,3500.0,-0.0,0.0,-0.0,-0.0
2021-02-21 17:00:00,18.994221826424077,2724.5099999999998,2160.0,2262.4666781735777,3500.0,-0.0,0.0,-0.0,-0.0
2021-02-21 18:00:00,-0.0,2896.99,2160.0,2364.8443000000007,3500.0,-0.0,0.0,-0.0,-0.0
2021-02-21 19:00:00,-0.0,3061.95,2160.0,2301.415600000001,3500.0,-0.0,0.0,-0.0,-0.0
2021-02-21 20:00:00,-0.0,3204.5,2160.0,2056.8286000000007,3500.0,-0.0,0.0,-0.0,-0.0
2021-02-21 21:00:00,-0.0,3313.89,2160.0,1689.6563999999998,3500.0,-0.0,0.0,-0.0,-0.0
2021-02-21 22:00:00,-0.0,3385.0099999999998,2160.0,1313.559000000001,3500.0,-0.0,0.0,-0.0,-0.0
2021-02-21 23:00:00,-0.0,3418.9599999999996,2160.0,1024.3891000000003,3500.0,-0.0,0.0,-0.0,-0.0
2021-02-22 00:00:00,-0.0,3415.61,2160.0,777.5944,3500.0,-0.0,0.0,-0.0,-0.0
2021-02-22 01:00:00,-0.0,3401.7,2160.0,599.6153000000004,3500.0,-0.0,0.0,-0.0,-0.0
2021-02-22 02:00:00,-0.0,3385.36,2160.0,485.5172000000007,3500.0,-0.0,0.0,-0.0,-0.0
2021-02-22 03:00:00,-0.0,3383.09,2160.0,484.867400000001,3500.0,-0.0,0.0,-0.0,-0.0
2021-02-22 04:00:00,-0.0,3410.16,2160.0,611.5666000000001,3500.0,-0.0,0.0,-0.0,-0.0
2021-02-22 05:00:00,-0.0,3478.4100000000003,2160.0,824.4793000000009,3500.0,-0.0,0.0,-0.0,-0.0
2021-02-22 06:00:00,-0.0,3594.54,2160.0,1039.0796999999993,3500.0,-0.0,0.0,-0.0,-0.0
2021-02-22 07:00:00,29.049329855571017,3759.0699999999997,2160.0,1134.9362701444288,3500.0,-0.0,0.0,-0.0,-0.0
2021-02-22 08:00:00,873.4663653998589,3966.1600000000003,2160.0,266.3808346001415,3500.0,-0.0,0.0,-0.0,-0.0
2021-02-22 09:00:00,2065.4374845753596,4204.22,2160.0,-0.0,2394.4233154246417,-0.0,0.0,-0.0,-0.0
2021-02-22 10:00:00,3204.0082797558907,4457.38,2160.0,-0.0,961.1315202441092,-0.0,0.0,-0.0,-0.0
2021-02-22 11:00:00,4009.488276550241,4707.46,2086.1132234497604,-0.0,-0.0,-0.0,0.0,112.58040000000119,106.95138000000112
2021-02-22 12:00:00,4299.323138509148,4936.33,1476.5370614908534,-0.0,-0.0,-0.0,0.0,112.58040000000119,213.89206486200226
2021-02-22 13:00:00,4009.488276550241,5128.21,1527.9350234497601,-0.0,-0.0,-0.0,0.0,112.58040000000119,320.8220556555172
2021-02-22 14:00:00,3204.008279755891,5271.67,2160.0,-0.0,-0.0,-0.0,0.0,49.945979755891585,368.2386542180487
2021-02-22 15:00:00,2065.4374845753596,5361.0599999999995,2160.0,-0.0,1137.1934154246424,-0.0,0.0,-0.0,368.20183035262687
2021-02-22 16:00:00,873.4663653998589,5397.17,2160.0,-0.0,2537.8926346001417,-0.0,0.0,-0.0,368.1650101695916
2021-02-22 17:00:00,29.049329855571017,5387.0,2160.0,83.42067014443,3500.0,-0.0,112.58040000000119,-0.0,249.62250945804706
2021-02-22 18:00:00,-0.0,5342.77,2160.0,417.0041999999994,3500.0,-0.0,112.58040000000119,-0.0,131.0918629965737
2021-02-22 19:00:00,-0.0,5280.150000000001,2160.0,585.5482000000002,3500.0,-0.0,112.58040000000119,-0.0,12.573069599746475
2021-02-22 20:00:00,-0.0,5216.09,2160.0,652.5516783218527,3500.0,-0.0,11.943221678147175,-0.0,-0.0
2021-02-22 21:00:00,-0.0,5166.48,2160.0,460.6114000000016,3500.0,-0.0,0.0,-0.0,-0.0
2021-02-22 22:00:00,-0.0,5143.9800000000005,2160.0,182.36549999999897,3500.0,-0.0,0.0,-0.0,-0.0
2021-02-22 23:00:00,-0.0,5156.25,2160.0,-0.0,3419.0447000000004,-0.0,0.0,-0.0,-0.0
2021-02-23 00:00:00,-0.0,5197.46,2160.0,-0.0,2564.5338999999994,-0.0,0.0,-0.0,-0.0
2021-02-23 01:00:00,-0.0,5278.030000000001,2160.0,-0.0,2296.1125999999986,-0.0,0.0,-0.0,-0.0
2021-02-23 02:00:00,-0.0,5380.27,2160.0,-0.0,2067.3994999999995,-0.0,0.0,-0.0,-0.0
2021-02-23 03:00:00,-0.0,5489.82,2160.0,-0.0,1958.8180000000011,-0.0,0.0,-0.0,-0.0
2021-02-23 04:00:00,-0.0,5590.09,2160.0,-0.0,2016.1288000000004,-0.0,0.0,-0.0,-0.0
2021-02-23 05:00:00,-0.0,5664.63,2160.0,-0.0,2226.4811999999993,-0.0,0.0,-0.0,-0.0
2021-02-23 06:00:00,-0.0,5699.349999999999,2160.0,-0.0,2526.1342000000013,-0.0,0.0,-0.0,-0.0
2021-02-23 07:00:00,42.90997821539399,5684.5599999999995,2160.0,-0.0,2791.006921784606,-0.0,0.0,-0.0,-0.0
2021-02-23 08:00:00,918.5748522520362,5616.35,2160.0,-0.0,2169.969447747965,-0.0,0.0,-0.0,-0.0
2021-02-23 09:00:00,2130.2432696200394,5497.23,2160.0,-0.0,1138.8681303799622,-0.0,0.0,-0.0,-0.0
2021-02-23 10:00:00,3282.0943961598214,5335.9,2160.0,-0.0,110.06070384017858,-0.0,0.0,-0.0,-0.0
2021-02-23 11:00:00,4095.1743136732043,5146.18,1670.4170863267968,-0.0,-0.0,-0.0,0.0,112.58040000000119,106.95138000000112
2021-02-23 12:00:00,4387.464362942225,4945.280000000001,1491.2289370577737,-0.0,-0.0,-0.0,0.0,112.58040000000119,213.89206486200226
2021-02-23 13:00:00,4095.1743136732043,4751.6,1933.6112863267967,-0.0,-0.0,-0.0,0.0,112.58040000000119,320.8220556555172
2021-02-23 14:00:00,3282.0943961598214,4582.33,2160.0,-0.0,678.9228038401789,-0.0,0.0,-0.0,320.7899734499517
2021-02-23 15:00:00,2130.2432696200394,4451.320000000001,2160.0,-0.0,2102.4946303799616,-0.0,0.0,-0.0,320.7578944526067
2021-02-23 16:00:00,918.5748522520362,4367.28,2160.0,33.09974774796501,3500.0,-0.0,112.58040000000119,-0.0,202.2201344526339
2021-02-23 17:00:00,42.90997821539399,4332.7300000000005,2160.0,1249.3619217846044,3500.0,-0.0,112.58040000000119,-0.0,83.6942282286611
2021-02-23 18:00:00,-0.0,4343.79,2160.0,1577.0038341344543,3500.0,-0.0,79.50156586554633,-0.0,-0.0
2021-02-23 19:00:00,-0.0,4390.7699999999995,2160.0,1717.7413000000006,3500.0,-0.0,0.0,-0.0,-0.0
2021-02-23 20:00:00,-0.0,4459.65,2160.0,1553.337300000001,3500.0,-0.0,0.0,-0.0,-0.0
2021-02-23 21:00:00,-0.0,4533.9800000000005,2160.0,1227.5612999999985,3500.0,-0.0,0.0,-0.0,-0.0
2021-02-23 22:00:00,-0.0,4597.24,2160.0,865.4807000000019,3500.0,-0.0,0.0,-0.0,-0.0
2021-02-23 23:00:00,-0.0,4635.08,2160.0,578.3878000000004,3500.0,-0.0,0.0,-0.0,-0.0
2021-02-24 00:00:00,-0.0,4629.6900000000005,2160.0,-0.0,3271.8875000000007,-0.0,0.0,-0.0,-0.0
2021-02-24 01:00:00,-0.0,4591.93,2160.0,-0.0,3123.3392999999996,-0.0,0.0,-0.0,-0.0
2021-02-24 02:00:00,-0.0,4515.83,2160.0,-0.0,3074.3793000000005,-0.0,0.0,-0.0,-0.0
2021-02-24 03:00:00,-0.0,4409.12,2160.0,-0.0,3183.3409,-0.0,0.0,-0.0,-0.0
2021-02-24 04:00:00,-0.0,4284.54,2160.0,-0.0,3466.6509000000015,-0.0,0.0,-0.0,-0.0
2021-02-24 05:00:00,-0.0,4158.04,2160.0,379.061200000001,3500.0,-0.0,0.0,-0.0,-0.0
2021-02-24 06:00:00,-0.0,4046.67,2160.0,825.6882000000005,3500.0,-0.0,0.0,-0.0,-0.0
2021-02-24 07:00:00,69.61572018403842,3966.19,2160.0,1130.2939798159614,3500.0,-0.0,0.0,-0.0,-0.0
2021-02-24 08:00:00,1144.3739651862538,3928.91,2160.0,279.846734813746,3500.0,-0.0,0.0,-0.0,-0.0
2021-02-24 09:00:00,2604.3957389145635,3941.9300000000003,2160.0,-0.0,2368.7291610854354,-0.0,0.0,-0.0,-0.0
2021-02-24 10:00:00,3985.862678661557,4006.17,2160.0,-0.0,885.0778213384419,-0.0,0.0,-0.0,-0.0
2021-02-24 11:00:00,4958.89804942884,4116.07,1986.064150571162,-0.0,-0.0,-0.0,0.0,112.58040000000119,106.95138000000112
2021-02-24 12:00:00,5308.36048319655,4260.35,1404.592516803451,-0.0,-0.0,-0.0,0.0,112.58040000000119,213.89206486200226
2021-02-24 13:00:00,4958.89804942884,4423.33,1547.4183505711617,-0.0,-0.0,-0.0,0.0,112.58040000000119,320.8220556555172
2021-02-24 14:00:00,3985.862678661557,4587.030000000001,2160.0,-0.0,119.50992133844375,-0.0,0.0,-0.0,320.7899734499517
2021-02-24 15:00:00,2604.3957389145635,4733.42,2160.0,-0.0,1494.955661085436,-0.0,0.0,-0.0,320.7578944526067
2021-02-24 16:00:00,1144.3739651862538,4846.76,2160.0,-0.0,3088.6374348137456,-0.0,0.0,-0.0,320.7258186631615
2021-02-24 17:00:00,69.61572018403842,4915.63,2160.0,787.3789798159596,3500.0,-0.0,112.58040000000119,-0.0,202.1880618707676
2021-02-24 18:00:00,-0.0,4934.33,2160.0,1100.259,3500.0,-0.0,112.58040000000119,-0.0,83.66215885405296
2021-02-24 19:00:00,-0.0,4903.56,2160.0,1271.4701969937405,3500.0,-0.0,79.47110300625918,-0.0,-0.0
2021-02-24 20:00:00,-0.0,4830.18,2160.0,1327.7806999999993,3500.0,-0.0,0.0,-0.0,-0.0
2021-02-24 21:00:00,-0.0,4726.2,2160.0,1179.1642000000002,3500.0,-0.0,0.0,-0.0,-0.0
2021-02-24 22:00:00,-0.0,4607.07,2160.0,998.1904999999988,3500.0,-0.0,0.0,-0.0,-0.0
2021-02-24 23:00:00,-0.0,4489.4800000000005,2160.0,865.1144999999988,3500.0,-0.0,0.0,-0.0,-0.0
2021-02-25 00:00:00,-0.0,4381.13,2160.0,159.77109999999902,3500.0,-0.0,0.0,-0.0,-0.0
2021-02-25 01:00:00,-0.0,4310.16,2160.0,42.761100000001534,3500.0,-0.0,0.0,-0.0,-0.0
2021-02-25 02:00:00,-0.0,4276.01,2160.0,-0.0,3450.0519000000004,-0.0,0.0,-0.0,-0.0
2021-02-25 03:00:00,-0.0,4279.99,2160.0,-0.0,3446.3995000000014,-0.0,0.0,-0.0,-0.0
2021-02-25 04:00:00,-0.0,4317.150000000001,2160.0,65.92199999999957,3500.0,-0.0,0.0,-0.0,-0.0
2021-02-25 05:00:00,-0.0,4376.97,2160.0,289.83999999999924,3500.0,-0.0,0.0,-0.0,-0.0
2021-02-25 06:00:00,-0.0,4444.719999999999,2160.0,555.0564000000013,3500.0,-0.0,0.0,-0.0,-0.0
2021-02-25 07:00:00,107.52604424065568,4503.49,2160.0,680.0929557593445,3500.0,-0.0,0.0,-0.0,-0.0
2021-02-25 08:00:00,1426.4861470606218,4536.5,2160.0,-0.0,3012.6279529393787,-0.0,0.0,-0.0,-0.0
2021-02-25 09:00:00,3187.8375233360975,4529.37,2160.0,-0.0,1317.6904766639018,-0.0,0.0,-0.0,-0.0
2021-02-25 10:00:00,4846.796428837518,4472.13,1947.8567711624837,-0.0,-0.0,-0.0,0.0,112.58040000000119,106.95138000000112
2021-02-25 11:00:00,6012.764882410453,4360.64,801.8570175895466,-0.0,-0.0,-0.0,0.0,112.58040000000119,213.89206486200226
2021-02-25 12:00:00,6431.128800053805,4197.22,456.21469994619474,-0.0,-0.0,-0.0,0.0,112.58040000000119,320.8220556555172
2021-02-25 13:00:00,6012.764882410453,3990.39,1034.678817589549,-0.0,-0.0,-0.0,0.0,112.58040000000119,427.7413534499528
2021-02-25 14:00:00,4846.796428837518,3753.88,2160.0,-0.0,196.7375711624827,-0.0,0.0,-0.0,427.6985793146078
2021-02-25 15:00:00,3187.8375233360975,3504.82,2160.0,-0.0,2241.850576663902,-0.0,0.0,-0.0,427.65580945667637
2021-02-25 16:00:00,1426.4861470606218,3261.58,2160.0,877.4893529393785,3500.0,-0.0,112.58040000000119,-0.0,309.10735966520315
2021-02-25 17:00:00,107.52604424065568,3041.41,2160.0,2718.5873557593422,3500.0,-0.0,112.58040000000119,-0.0,190.57076471870906
2021-02-25 18:00:00,-0.0,2858.23,2160.0,3267.7021999999997,3500.0,-0.0,112.58040000000119,-0.0,72.04602343170961
2021-02-25 19:00:00,-0.0,2720.8700000000003,2160.0,3552.8924221121015,3500.0,-0.0,68.43687788789813,-0.0,-0.0
2021-02-25 20:00:00,-0.0,2632.05,2160.0,3609.8803,3500.0,-0.0,0.0,-0.0,-0.0
2021-02-25 21:00:00,-0.0,2588.1,2160.0,3397.422199999999,3500.0,-0.0,0.0,-0.0,-0.0
2021-02-25 22:00:00,-0.0,2579.6400000000003,2160.0,3101.888900000001,3500.0,-0.0,0.0,-0.0,-0.0
2021-02-25 23:00:00,-0.0,2592.95,2160.0,2833.9492,3500.0,-0.0,0.0,-0.0,-0.0
2021-02-26 00:00:00,-0.0,2603.84,2160.0,2005.0732000000007,3500.0,-0.0,0.0,-0.0,-0.0
2021-02-26 01:00:00,-0.0,2612.38,2160.0,1804.4478000000008,3500.0,-0.0,0.0,-0.0,-0.0
2021-02-26 02:00:00,-0.0,2596.56,2160.0,1689.2394999999997,3500.0,-0.0,0.0,-0.0,-0.0
2021-02-26 03:00:00,-0.0,2546.7099999999996,2160.0,1735.1869000000024,3500.0,-0.0,0.0,-0.0,-0.0
2021-02-26 04:00:00,-0.0,2458.77,2160.0,1975.5193999999992,3500.0,-0.0,0.0,-0.0,-0.0
2021-02-26 05:00:00,-0.0,2334.94,2160.0,2378.7466999999997,3500.0,-0.0,0.0,-0.0,-0.0
2021-02-26 06:00:00,-0.0,2183.4700000000003,2160.0,2858.789099999999,3500.0,-0.0,0.0,-0.0,-0.0
2021-02-26 07:00:00,140.1242357535727,2017.58,2160.0,3171.446664246426,3500.0,-0.0,0.0,-0.0,-0.0
2021-02-26 08:00:00,1554.033127821022,1853.72,2160.0,2101.4204721789793,3500.0,-0.0,0.0,-0.0,-0.0
2021-02-26 09:00:00,3412.21932359584,1709.43,2160.0,442.2854764041608,3500.0,-0.0,0.0,-0.0,-0.0
2021-02-26 10:00:00,5154.520678333298,1600.93,2160.0,-0.0,2263.231121666704,-0.0,0.0,-0.0,-0.0
2021-02-26 11:00:00,6376.478562519141,1540.96,2160.0,-0.0,1005.1329374808593,-0.0,0.0,-0.0,-0.0
2021-02-26 12:00:00,6814.528618412676,1537.0700000000002,2160.0,-0.0,475.6581815873251,-0.0,0.0,-0.0,-0.0
2021-02-26 13:00:00,6376.478562519141,1590.52,2160.0,-0.0,808.8874374808593,-0.0,0.0,-0.0,-0.0
2021-02-26 14:00:00,5154.520678333298,1696.13,2160.0,-0.0,1952.7355216667029,-0.0,0.0,-0.0,-0.0
2021-02-26 15:00:00,3412.21932359584,1842.9,2160.0,180.68487640416106,3500.0,-0.0,0.0,-0.0,-0.0
2021-02-26 16:00:00,1554.033127821022,2015.41,2160.0,2105.299772178978,3500.0,-0.0,0.0,-0.0,-0.0
2021-02-26 17:00:00,140.1242357535727,2195.86,2160.0,3636.0309642464263,3500.0,-0.0,0.0,-0.0,-0.0
2021-02-26 18:00:00,-0.0,2366.37,2160.0,3859.3532000000005,3500.0,-0.0,0.0,-0.0,-0.0
2021-02-26 19:00:00,-0.0,2511.3,2160.0,3813.4103999999998,3500.0,-0.0,0.0,-0.0,-0.0
2021-02-26 20:00:00,-0.0,2619.24,2160.0,3600.504499999999,3500.0,-0.0,0.0,-0.0,-0.0
2021-02-26 21:00:00,-0.0,2684.46,2160.0,3274.1886000000004,3500.0,-0.0,0.0,-0.0,-0.0
2021-02-26 22:00:00,-0.0,2707.57,2160.0,2942.409200000002,3500.0,-0.0,0.0,-0.0,-0.0
2021-02-26 23:00:00,-0.0,2695.2599999999998,2160.0,2695.429000000002,3500.0,-0.0,0.0,-0.0,-0.0
2021-02-27 00:00:00,-0.0,2651.0699999999997,2160.0,1349.7474000000002,3500.0,-0.0,0.0,-0.0,-0.0
2021-02-27 01:00:00,-0.0,2606.7200000000003,2160.0,1197.3957,3500.0,-0.0,0.0,-0.0,-0.0
2021-02-27 02:00:00,-0.0,2570.2999999999997,2160.0,1098.1984000000011,3500.0,-0.0,0.0,-0.0,-0.0
2021-02-27 03:00:00,-0.0,2557.04,2160.0,1102.9967000000006,3500.0,-0.0,0.0,-0.0,-0.0
2021-02-27 04:00:00,-0.0,2578.83,2160.0,1229.077800000001,3500.0,-0.0,0.0,-0.0,-0.0
2021-02-27 05:00:00,-0.0,2642.56,2160.0,1440.2614000000012,3500.0,-0.0,0.0,-0.0,-0.0
2021-02-27 06:00:00,-0.0,2749.03,2160.0,1657.9242999999988,3500.0,-0.0,0.0,-0.0,-0.0
2021-02-27 07:00:00,158.08058294435784,2892.75,2160.0,1638.6228170556424,3500.0,-0.0,0.0,-0.0,-0.0
2021-02-27 08:00:00,1504.2932649065847,3062.63,2160.0,298.20953509341643,3500.0,-0.0,0.0,-0.0,-0.0
2021-02-27 09:00:00,3247.1414568176588,3243.35,2160.0,-0.0,1925.113843182342,-0.0,0.0,-0.0,-0.0
2021-02-27 10:00:00,4874.138287518328,3417.4,2160.0,-0.0,74.5825124816729,-0.0,0.0,-0.0,-0.0
2021-02-27 11:00:00,6012.831842064365,3567.3700000000003,958.2199579356338,-0.0,-0.0,-0.0,0.0,112.58040000000119,106.95138000000112
2021-02-27 12:00:00,6420.671934101185,3678.29,340.03976589881586,-0.0,-0.0,-0.0,0.0,112.58040000000119,213.89206486200226
2021-02-27 13:00:00,6012.831842064365,3739.56,631.2038579356367,-0.0,-0.0,-0.0,0.0,112.58040000000119,320.8220556555172
2021-02-27 14:00:00,4874.138287518328,3746.4500000000003,1786.5426124816731,-0.0,-0.0,-0.0,0.0,112.58040000000119,427.7413534499528
2021-02-27 15:00:00,3247.1414568176588,3700.6800000000003,2160.0,-0.0,1315.2574431823414,-0.0,0.0,-0.0,427.6985793146078
2021-02-27 16:00:00,1504.2932649065847,3610.23,2160.0,-0.0,3383.684035093416,-0.0,0.0,-0.0,427.65580945667637
2021-02-27 17:00:00,158.08058294435784,3488.29,2160.0,1532.798917055642,3500.0,-0.0,112.58040000000119,-0.0,309.10735966520315
2021-02-27 18:00:00,-0.0,3351.48,2160.0,2077.753600000002,3500.0,-0.0,112.58040000000119,-0.0,190.57076471870906
2021-02-27 19:00:00,-0.0,3217.7400000000002,2160.0,2306.924000000001,3500.0,-0.0,112.58040000000119,-0.0,72.04602343170961
2021-02-27 20:00:00,-0.0,3103.8700000000003,2160.0,2356.5058221121017,3500.0,-0.0,68.43687788789813,-0.0,-0.0
2021-02-27 21:00:00,-0.0,3023.44,2160.0,2240.9046,3500.0,-0.0,0.0,-0.0,-0.0
2021-02-27 22:00:00,-0.0,2984.9700000000003,2160.0,1967.4304999999995,3500.0,-0.0,0.0,-0.0,-0.0
2021-02-27 23:00:00,-0.0,2990.89,2160.0,1699.0444000000007,3500.0,-0.0,0.0,-0.0,-0.0
2021-02-28 00:00:00,-0.0,3028.8700000000003,2160.0,834.8636999999999,3500.0,-0.0,0.0,-0.0,-0.0
2021-02-28 01:00:00,-0.0,3106.3,2160.0,557.7627999999995,3500.0,-0.0,0.0,-0.0,-0.0
2021-02-28 02:00:00,-0.0,3200.8900000000003,2160.0,324.694199999999,3500.0,-0.0,0.0,-0.0,-0.0
2021-02-28 03:00:00,-0.0,3296.52,2160.0,217.8503999999998,3500.0,-0.0,0.0,-0.0,-0.0
2021-02-28 04:00:00,-0.0,3377.04,2160.0,282.5625000000009,3500.0,-0.0,0.0,-0.0,-0.0
2021-02-28 05:00:00,-0.0,3428.64,2160.0,503.3502000000003,3500.0,-0.0,0.0,-0.0,-0.0
2021-02-28 06:00:00,-0.0,3441.74,2160.0,811.9729000000007,3500.0,-0.0,0.0,-0.0,-0.0
2021-02-28 07:00:00,173.7156621328538,3412.44,2160.0,947.7657378671465,3500.0,-0.0,0.0,-0.0,-0.0
2021-02-28 08:00:00,1447.321759369631,3343.1499999999996,2160.0,-0.0,3416.9580406303694,-0.0,0.0,-0.0,-0.0
2021-02-28 09:00:00,3073.024036761332,3242.35,2160.0,-0.0,1940.4807632386687,-0.0,0.0,-0.0,-0.0
2021-02-28 10:00:00,4584.124866482322,3123.5499999999997,2160.0,-0.0,496.7714335176779,-0.0,0.0,-0.0,-0.0
2021-02-28 11:00:00,5639.5206115615965,3003.5099999999998,1731.9174884384047,-0.0,-0.0,-0.0,0.0,112.58040000000119,106.95138000000112
2021-02-28 12:00:00,6017.195379510977,2900.08,1356.5808204890236,-0.0,-0.0,-0.0,0.0,112.58040000000119,213.89206486200226
2021-02-28 13:00:00,5639.5206115615965,2829.86,1747.5251884384033,-0.0,-0.0,-0.0,0.0,112.58040000000119,320.8220556555172
2021-02-28 14:00:00,4584.124866482322,2805.93,2160.0,-0.0,576.3939335176774,-0.0,0.0,-0.0,320.7899734499517
2021-02-28 15:00:00,3073.024036761332,2836.21,2160.0,-0.0,2184.4600632386687,-0.0,0.0,-0.0,320.7578944526067
2021-02-28 16:00:00,1447.321759369631,2922.34,2160.0,345.42984063036874,3500.0,-0.0,112.58040000000119,-0.0,202.2201344526339
2021-02-28 17:00:00,173.7156621328538,3059.4900000000002,2160.0,1774.4106378671477,3500.0,-0.0,112.58040000000119,-0.0,83.6942282286611
2021-02-28 18:00:00,-0.0,3237.02,2160.0,2052.855234134455,3500.0,-0.0,79.50156586554633,-0.0,-0.0
2021-02-28 19:00:00,-0.0,3439.84,2160.0,2024.2184000000016,3500.0,-0.0,0.0,-0.0,-0.0
2021-02-28 20:00:00,-0.0,3650.46,2160.0,1704.5544,3500.0,-0.0,0.0,-0.0,-0.0
2021-02-28 21:00:00,-0.0,3851.28,2160.0,1238.7878999999994,3500.0,-0.0,0.0,-0.0,-0.0
2021-02-28 22:00:00,-0.0,4026.92,2160.0,750.8618999999999,3500.0,-0.0,0.0,-0.0,-0.0
2021-02-28 23:00:00,-0.0,4166.17,2160.0,348.9403999999995,3500.0,-0.0,0.0,-0.0,-0.0
2021-03-01 00:00:00,-0.0,4254.83,2160.0,0.7613999999994121,3500.0,-0.0,0.0,-0.0,-0.0
2021-03-01 01:00:00,-0.0,4310.92,2160.0,-0.0,3245.0694000000003,-0.0,0.0,-0.0,-0.0
2021-03-01 02:00:00,-0.0,4332.59,2160.0,-0.0,3085.1249000000007,-0.0,0.0,-0.0,-0.0
2021-03-01 03:00:00,-0.0,4331.66,2160.0,-0.0,3075.183000000001,-0.0,0.0,-0.0,-0.0
2021-03-01 04:00:00,-0.0,4323.3,2160.0,-0.0,3229.2522,-0.0,0.0,-0.0,-0.0
2021-03-01 05:00:00,-0.0,4323.79,2160.0,1.7635000000000218,3500.0,-0.0,0.0,-0.0,-0.0
2021-03-01 06:00:00,-0.0,4348.25,2160.0,299.77630000000136,3500.0,-0.0,0.0,-0.0,-0.0
2021-03-01 07:00:00,198.3791346571765,4408.41,2160.0,322.3283653428239,3500.0,-0.0,0.0,-0.0,-0.0
2021-03-01 08:00:00,1470.2219610075995,4510.93,2160.0,-0.0,2622.491838992402,-0.0,0.0,-0.0,-0.0
2021-03-01 09:00:00,3072.153561260473,4656.36,2160.0,-0.0,924.705738739528,-0.0,0.0,-0.0,-0.0
2021-03-01 10:00:00,4554.896977549652,4838.92,1369.2756224503482,-0.0,-0.0,-0.0,0.0,-0.0,-0.0
2021-03-01 11:00:00,5588.374595915004,5047.160000000001,50.670694513572926,-0.0,-0.0,-0.0,0.0,23.778190428577243,22.58928090714838
2021-03-01 12:00:00,5957.880286087096,4717.579713912905,-0.0,-0.0,-0.0,-0.0,0.0,112.58040000000119,129.5384019790588
2021-03-01 13:00:00,5588.374595915004,5031.806804084998,-0.0,-0.0,-0.0,-0.0,0.0,112.58040000000119,236.476828138862
2021-03-01 14:00:00,4554.896977549652,5660.2699999999995,428.9357224503501,-0.0,-0.0,-0.0,0.0,112.58040000000119,343.40456045604924
2021-03-01 15:00:00,3072.153561260473,5803.64,1897.4784387395275,-0.0,-0.0,-0.0,0.0,112.58040000000119,450.32160000000476
2021-03-01 16:00:00,1470.2219610075995,5894.79,2160.0,-0.0,1259.1259389924003,-0.0,112.58040000000119,-0.0,331.7708836294772
2021-03-01 17:00:00,198.3791346571765,5928.5,2160.0,-0.0,2791.9544653428234,-0.0,112.58040000000119,-0.0,213.23202233058672
2021-03-01 18:00:00,-0.0,5906.03,2160.0,-0.0,3265.0517757185708,-0.0,111.80292428142799,-0.0,95.52341041106105
2021-03-01 19:00:00,-0.0,5834.89,2160.0,-0.0,3500.0,-0.0,45.08650000000034,-0.0,48.05438438580906
2021-03-01 20:00:00,-0.0,5727.8099999999995,2160.0,-0.0,3500.0,-0.0,45.647100000001956,-0.0,-0.0
2021-03-01 21:00:00,-0.0,5601.0,2160.0,-0.0,3410.1508999999987,-0.0,0.0,-0.0,-0.0
2021-03-01 22:00:00,-0.0,5471.95,2160.0,-0.0,3229.6670000000004,-0.0,0.0,-0.0,-0.0
2021-03-01 23:00:00,-0.0,5357.12,2160.0,-0.0,3084.6868000000004,-0.0,0.0,-0.0,-0.0
2021-03-02 00:00:00,-0.0,5260.860000000001,2160.0,-0.0,2357.1628,-0.0,0.0,-0.0,-0.0
2021-03-02 01:00:00,-0.0,5209.07,2160.0,-0.0,2212.424000000001,-0.0,0.0,-0.0,-0.0
2021-03-02 02:00:00,-0.0,5195.1,2160.0,-0.0,2091.295399999999,-0.0,0.0,-0.0,-0.0
2021-03-02 03:00:00,-0.0,5214.849999999999,2160.0,-0.0,2063.9494999999997,-0.0,0.0,-0.0,-0.0
2021-03-02 04:00:00,-0.0,5258.620000000001,2160.0,-0.0,2169.2608999999993,-0.0,0.0,-0.0,-0.0
2021-03-02 05:00:00,-0.0,5312.4800000000005,2160.0,-0.0,2391.8666999999996,-0.0,0.0,-0.0,-0.0
2021-03-02 06:00:00,-0.0,5360.26,2160.0,-0.0,2670.1162999999997,-0.0,0.0,-0.0,-0.0
2021-03-02 07:00:00,216.97159856012746,5385.83,2160.0,-0.0,2712.311101439874,-0.0,0.0,-0.0,-0.0
2021-03-02 08:00:00,1449.1854697368537,5375.42,2160.0,-0.0,1668.7619302631454,-0.0,0.0,-0.0,-0.0
2021-03-02 09:00:00,2981.6799088827884,5319.610000000001,2160.0,-0.0,245.46459111721197,-0.0,0.0,-0.0,-0.0
2021-03-02 10:00:00,4394.305407583587,5214.69,1075.2988828449907,-0.0,-0.0,-0.0,0.0,23.778190428577243,22.58928090714838
2021-03-02 11:00:00,5376.93832874495,5063.299999999999,236.15897125505126,-0.0,-0.0,-0.0,0.0,112.58040000000119,129.5384019790588
2021-03-02 12:00:00,5727.951994494961,4852.933005505041,-0.0,-0.0,-0.0,-0.0,0.0,112.58040000000119,236.476828138862
2021-03-02 13:00:00,5376.93832874495,4661.35,491.42217125505067,-0.0,-0.0,-0.0,0.0,112.58040000000119,343.40456045604924
2021-03-02 14:00:00,4394.305407583587,4441.83,1721.6667924164149,-0.0,-0.0,-0.0,0.0,112.58040000000119,450.32160000000476
2021-03-02 15:00:00,2981.6799088827884,4233.96,2160.0,-0.0,1202.9826911172122,-0.0,0.0,-0.0,450.27656784000476
2021-03-02 16:00:00,1449.1854697368537,4054.83,2160.0,-0.0,3154.9225302631467,-0.0,0.0,-0.0,450.2315401832208
2021-03-02 17:00:00,216.97159856012746,3918.08,2160.0,1210.3437014398723,3500.0,-0.0,112.58040000000119,-0.0,331.68083281867484
2021-03-02 18:00:00,-0.0,3832.16,2160.0,1769.1000000000004,3500.0,-0.0,112.58040000000119,-0.0,213.14198052486543
2021-03-02 19:00:00,-0.0,3799.3199999999997,2160.0,1903.471300000001,3500.0,-0.0,112.58040000000119,-0.0,94.61498211628538
2021-03-02 20:00:00,-0.0,3815.33,2160.0,1808.129455412829,3500.0,-0.0,89.87524458717007,-0.0,-0.0
2021-03-02 21:00:00,-0.0,3870.15,2160.0,1585.4025000000001,3500.0,-0.0,0.0,-0.0,-0.0
2021-03-02 22:00:00,-0.0,3949.35,2160.0,1201.2250999999997,3500.0,-0.0,0.0,-0.0,-0.0
2021-03-02 23:00:00,-0.0,4036.04,2160.0,859.3152,3500.0,-0.0,0.0,-0.0,-0.0
2021-03-03 00:00:00,-0.0,4104.23,2160.0,-0.0,3471.722200000002,-0.0,0.0,-0.0,-0.0
2021-03-03 01:00:00,-0.0,4157.179999999999,2160.0,-0.0,3226.8844,-0.0,0.0,-0.0,-0.0
2021-03-03 02:00:00,-0.0,4175.26,2160.0,-0.0,3078.365,-0.0,0.0,-0.0,-0.0
2021-03-03 03:00:00,-0.0,4153.46,2160.0,-0.0,3097.2452000000003,-0.0,0.0,-0.0,-0.0
2021-03-03 04:00:00,-0.0,4093.0499999999997,2160.0,-0.0,3311.4243999999994,-0.0,0.0,-0.0,-0.0
2021-03-03 05:00:00,-0.0,4001.31,2160.0,184.32839999999987,3500.0,-0.0,0.0,-0.0,-0.0
2021-03-03 06:00:00,-0.0,3890.5299999999997,2160.0,625.8375000000005,3500.0,-0.0,0.0,-0.0,-0.0
2021-03-03 07:00:00,210.3314328805021,3776.26,2160.0,819.2119671194987,3500.0,-0.0,0.0,-0.0,-0.0
2021-03-03 08:00:00,1279.6213061465555,3675.1699999999996,2160.0,33.96369385344542,3500.0,-0.0,0.0,-0.0,-0.0
2021-03-03 09:00:00,2593.6263945770197,3602.66,2160.0,-0.0,2350.5435054229793,-0.0,0.0,-0.0,-0.0
2021-03-03 10:00:00,3799.971519459004,3570.7400000000002,2160.0,-0.0,1134.5560805409955,-0.0,0.0,-0.0,-0.0
2021-03-03 11:00:00,4637.45823082338,3586.26,2160.0,-0.0,189.51066917661956,-0.0,0.0,-0.0,-0.0
2021-03-03 12:00:00,4936.366125887389,3649.89,2008.6818741126117,-0.0,-0.0,-0.0,0.0,112.58040000000119,106.95138000000112
2021-03-03 13:00:00,4637.45823082338,3755.96,2154.96286917662,-0.0,-0.0,-0.0,0.0,112.58040000000119,213.89206486200226
2021-03-03 14:00:00,3799.971519459004,3893.04,2160.0,-0.0,615.4685805409968,-0.0,0.0,-0.0,213.87067565551607
2021-03-03 15:00:00,2593.6263945770197,4045.42,2160.0,-0.0,1807.3923054229808,-0.0,0.0,-0.0,213.84928858795053
2021-03-03 16:00:00,1279.6213061465555,4195.1,2160.0,-0.0,3216.5554938534456,-0.0,0.0,-0.0,213.82790365909173
2021-03-03 17:00:00,210.3314328805021,4324.11,2160.0,847.7763671194971,3500.0,-0.0,112.58040000000119,-0.0,95.30083665819825
2021-03-03 18:00:00,-0.0,4416.84,2160.0,1247.7356587541935,3500.0,-0.0,90.52674124580581,-0.0,-0.0
2021-03-03 19:00:00,-0.0,4462.04,2160.0,1398.9864000000007,3500.0,-0.0,0.0,-0.0,-0.0
2021-03-03 20:00:00,-0.0,4454.22,2160.0,1309.1127000000006,3500.0,-0.0,0.0,-0.0,-0.0
2021-03-03 21:00:00,-0.0,4394.35,2160.0,1115.4892,3500.0,-0.0,0.0,-0.0,-0.0
2021-03-03 22:00:00,-0.0,4289.61,2160.0,919.4833000000008,3500.0,-0.0,0.0,-0.0,-0.0
2021-03-03 23:00:00,-0.0,4152.37,2160.0,805.6725000000015,3500.0,-0.0,0.0,-0.0,-0.0
2021-03-04 00:00:00,-0.0,3989.28,2160.0,153.23220000000083,3500.0,-0.0,0.0,-0.0,-0.0
2021-03-04 01:00:00,-0.0,3835.8599999999997,2160.0,118.79960000000119,3500.0,-0.0,0.0,-0.0,-0.0
2021-03-04 02:00:00,-0.0,3698.96,2160.0,129.22649999999976,3500.0,-0.0,0.0,-0.0,-0.0
2021-03-04 03:00:00,-0.0,3591.4,2160.0,237.75630000000046,3500.0,-0.0,0.0,-0.0,-0.0
2021-03-04 04:00:00,-0.0,3521.0200000000004,2160.0,465.71579999999994,3500.0,-0.0,0.0,-0.0,-0.0
2021-03-04 05:00:00,-0.0,3489.62,2160.0,782.0082000000011,3500.0,-0.0,0.0,-0.0,-0.0
2021-03-04 06:00:00,-0.0,3492.7799999999997,2160.0,1113.2225000000008,3500.0,-0.0,0.0,-0.0,-0.0
2021-03-04 07:00:00,198.11129604152774,3520.44,2160.0,1180.4426039584714,3500.0,-0.0,0.0,-0.0,-0.0
2021-03-04 08:00:00,1107.8363140348365,3558.4,2160.0,419.1749859651636,3500.0,-0.0,0.0,-0.0,-0.0
2021-03-04 09:00:00,2213.0723615094166,3590.2000000000003,2160.0,-0.0,2843.5860384905836,-0.0,0.0,-0.0,-0.0
2021-03-04 10:00:00,3223.7390577753486,3599.5,2160.0,-0.0,1785.3330422246509,-0.0,0.0,-0.0,-0.0
2021-03-04 11:00:00,3924.0142783313327,3572.34,2160.0,-0.0,1023.3537216686677,-0.0,0.0,-0.0,-0.0
2021-03-04 12:00:00,4173.74030759684,3499.1499999999996,2160.0,-0.0,759.0208924031613,-0.0,0.0,-0.0,-0.0
2021-03-04 13:00:00,3924.0142783313327,3376.13,2160.0,-0.0,1088.1779216686678,-0.0,0.0,-0.0,-0.0
2021-03-04 14:00:00,3223.7390577753486,3205.87,2160.0,-0.0,1994.2551422246515,-0.0,0.0,-0.0,-0.0
2021-03-04 15:00:00,2213.0723615094166,2997.17,2160.0,-0.0,3354.3325384905847,-0.0,0.0,-0.0,-0.0
2021-03-04 16:00:00,1107.8363140348365,2763.92,2160.0,1440.295685965165,3500.0,-0.0,0.0,-0.0,-0.0
2021-03-04 17:00:00,198.11129604152774,2523.42,2160.0,2896.568003958472,3500.0,-0.0,0.0,-0.0,-0.0
2021-03-04 18:00:00,-0.0,2294.11,2160.0,3586.7024,3500.0,-0.0,0.0,-0.0,-0.0
2021-03-04 19:00:00,-0.0,2093.27,2160.0,3895.7582999999995,3500.0,-0.0,0.0,-0.0,-0.0
2021-03-04 20:00:00,-0.0,1934.7700000000002,2160.0,3958.7356,3500.0,-0.0,0.0,-0.0,-0.0
2021-03-04 21:00:00,-0.0,1827.3500000000001,2160.0,3814.7096,3500.0,-0.0,0.0,-0.0,-0.0
2021-03-04 22:00:00,-0.0,1773.58,2160.0,3569.6577000000016,3500.0,-0.0,0.0,-0.0,-0.0
2021-03-04 23:00:00,-0.0,1769.5900000000001,2160.0,3324.3961000000018,3500.0,-0.0,0.0,-0.0,-0.0
2021-03-05 00:00:00,-0.0,1796.33,2160.0,2483.570100000001,3500.0,-0.0,0.0,-0.0,-0.0
2021-03-05 01:00:00,-0.0,1858.53,2160.0,2235.0606,3500.0,-0.0,0.0,-0.0,-0.0
2021-03-05 02:00:00,-0.0,1930.3600000000001,2160.0,2038.1705999999995,3500.0,-0.0,0.0,-0.0,-0.0
2021-03-05 03:00:00,-0.0,1995.2700000000002,2160.0,1975.5121999999992,3500.0,-0.0,0.0,-0.0,-0.0
2021-03-05 04:00:00,-0.0,2038.9299999999998,2160.0,2090.5835000000006,3500.0,-0.0,0.0,-0.0,-0.0
2021-03-05 05:00:00,-0.0,2051.16,2160.0,2364.2625000000007,3500.0,-0.0,0.0,-0.0,-0.0
2021-03-05 06:00:00,-0.0,2027.4,2160.0,2723.2808000000005,3500.0,-0.0,0.0,-0.0,-0.0
2021-03-05 07:00:00,227.01554664695567,1969.34,2160.0,2848.065453353044,3500.0,-0.0,0.0,-0.0,-0.0
2021-03-05 08:00:00,1175.7334031017954,1884.6499999999999,2160.0,2171.068596898206,3500.0,-0.0,0.0,-0.0,-0.0
2021-03-05 09:00:00,2315.8777501492627,1786.0200000000002,2160.0,1191.4784498507397,3500.0,-0.0,0.0,-0.0,-0.0
2021-03-05 10:00:00,3354.4443022119403,1689.34,2160.0,211.64749778806163,3500.0,-0.0,0.0,-0.0,-0.0
2021-03-05 11:00:00,4072.687029901028,1611.59,2160.0,-0.0,2982.4960700989723,-0.0,0.0,-0.0,-0.0
2021-03-05 12:00:00,4328.595667211093,1568.46,2160.0,-0.0,2681.988232788907,-0.0,0.0,-0.0,-0.0
2021-03-05 13:00:00,4072.687029901028,1572.1699999999998,2160.0,-0.0,2890.5302700989723,-0.0,0.0,-0.0,-0.0
2021-03-05 14:00:00,3354.4443022119403,1629.76,2160.0,86.51959778806031,3500.0,-0.0,0.0,-0.0,-0.0
2021-03-05 15:00:00,2315.8777501492627,1742.05,2160.0,1153.1649498507377,3500.0,-0.0,0.0,-0.0,-0.0
2021-03-05 16:00:00,1175.7334031017954,1903.4,2160.0,2378.959296898206,3500.0,-0.0,0.0,-0.0,-0.0
2021-03-05 17:00:00,227.01554664695567,2102.4100000000003,2160.0,3434.100853353045,3500.0,-0.0,0.0,-0.0,-0.0
2021-03-05 18:00:00,-0.0,2323.3500000000004,2160.0,3702.142,3500.0,-0.0,0.0,-0.0,-0.0
2021-03-05 19:00:00,-0.0,2548.09,2160.0,3584.732600000001,3500.0,-0.0,0.0,-0.0,-0.0
2021-03-05 20:00:00,-0.0,2758.53,2160.0,3277.7532999999985,3500.0,-0.0,0.0,-0.0,-0.0
2021-03-05 21:00:00,-0.0,2938.8199999999997,2160.0,2844.8655,3500.0,-0.0,0.0,-0.0,-0.0
2021-03-05 22:00:00,-0.0,3077.43,2160.0,2406.1518000000015,3500.0,-0.0,0.0,-0.0,-0.0
2021-03-05 23:00:00,-0.0,3168.55,2160.0,2064.3671000000004,3500.0,-0.0,0.0,-0.0,-0.0
2021-03-06 00:00:00,-0.0,3203.21,2160.0,646.8607000000002,3500.0,-0.0,0.0,-0.0,-0.0
2021-03-06 01:00:00,-0.0,3207.27,2160.0,454.82070000000067,3500.0,-0.0,0.0,-0.0,-0.0
2021-03-06 02:00:00,-0.0,3183.07,2160.0,352.1614999999997,3500.0,-0.0,0.0,-0.0,-0.0
2021-03-06 03:00:00,-0.0,3145.9500000000003,2160.0,389.6091000000001,3500.0,-0.0,0.0,-0.0,-0.0
2021-03-06 04:00:00,-0.0,3112.47,2160.0,579.7716000000014,3500.0,-0.0,0.0,-0.0,-0.0
2021-03-06 05:00:00,-0.0,3098.11,2160.0,877.8708999999999,3500.0,-0.0,0.0,-0.0,-0.0
2021-03-06 06:00:00,-0.0,3115.0899999999997,2160.0,1193.8572999999997,3500.0,-0.0,0.0,-0.0,-0.0
2021-03-06 07:00:00,306.66405497550363,3170.62,2160.0,1122.994545024496,3500.0,-0.0,0.0,-0.0,-0.0
2021-03-06 08:00:00,1480.7904263834066,3265.8900000000003,2160.0,38.104573616592916,3500.0,-0.0,0.0,-0.0,-0.0
2021-03-06 09:00:00,2877.245168664412,3395.8300000000004,2160.0,-0.0,2070.993731335588,-0.0,0.0,-0.0,-0.0
2021-03-06 10:00:00,4144.478938837213,3549.77,2160.0,-0.0,609.123461162787,-0.0,0.0,-0.0,-0.0
2021-03-06 11:00:00,5019.195217776765,3712.87,1752.3675822232353,-0.0,-0.0,-0.0,0.0,112.58040000000119,106.95138000000112
2021-03-06 12:00:00,5330.613408180035,3868.08,1195.0409918199666,-0.0,-0.0,-0.0,0.0,112.58040000000119,213.89206486200226
2021-03-06 13:00:00,5019.195217776765,3998.4599999999996,1329.348082223236,-0.0,-0.0,-0.0,0.0,112.58040000000119,320.8220556555172
2021-03-06 14:00:00,4144.478938837213,4089.52,2145.1663611627873,-0.0,-0.0,-0.0,0.0,112.58040000000119,427.7413534499528
2021-03-06 15:00:00,2877.245168664412,4131.139999999999,2160.0,-0.0,1235.2925313355886,-0.0,0.0,-0.0,427.6985793146078
2021-03-06 16:00:00,1480.7904263834066,4119.04,2160.0,-0.0,2887.475073616594,-0.0,0.0,-0.0,427.65580945667637
2021-03-06 17:00:00,306.66405497550363,4055.38,2160.0,814.6502450244952,3500.0,-0.0,112.58040000000119,-0.0,309.10735966520315
2021-03-06 18:00:00,-0.0,3948.56,2160.0,1486.5418000000009,3500.0,-0.0,112.58040000000119,-0.0,190.57076471870906
2021-03-06 19:00:00,-0.0,3812.13,2160.0,1726.6584999999986,3500.0,-0.0,112.58040000000119,-0.0,72.04602343170961
2021-03-06 20:00:00,-0.0,3663.09,2160.0,1819.573022112103,3500.0,-0.0,68.43687788789813,-0.0,-0.0
2021-03-06 21:00:00,-0.0,3519.6499999999996,2160.0,1775.0418000000009,3500.0,-0.0,0.0,-0.0,-0.0
2021-03-06 22:00:00,-0.0,3398.9,2160.0,1591.7998000000007,3500.0,-0.0,0.0,-0.0,-0.0
2021-03-06 23:00:00,-0.0,3314.61,2160.0,1421.4587999999985,3500.0,-0.0,0.0,-0.0,-0.0
2021-03-07 00:00:00,-0.0,3265.75,2160.0,650.2111999999997,3500.0,-0.0,0.0,-0.0,-0.0
2021-03-07 01:00:00,-0.0,3274.2799999999997,2160.0,449.59580000000005,3500.0,-0.0,0.0,-0.0,-0.0
2021-03-07 02:00:00,-0.0,3326.6800000000003,2160.0,266.16749999999956,3500.0,-0.0,0.0,-0.0,-0.0
2021-03-07 03:00:00,-0.0,3413.3999999999996,2160.0,175.54360000000088,3500.0,-0.0,0.0,-0.0,-0.0
2021-03-07 04:00:00,-0.0,3520.56,2160.0,220.7774000000004,3500.0,-0.0,0.0,-0.0,-0.0
2021-03-07 05:00:00,-0.0,3631.9,2160.0,388.8334000000009,3500.0,-0.0,0.0,-0.0,-0.0
2021-03-07 06:00:00,-0.0,3731.14,2160.0,618.1671000000006,3500.0,-0.0,0.0,-0.0,-0.0
2021-03-07 07:00:00,390.00650421154063,3804.21,2160.0,441.9823957884605,3500.0,-0.0,0.0,-0.0,-0.0
2021-03-07 08:00:00,1765.8265131452736,3841.28,2160.0,-0.0,2709.1150868547247,-0.0,0.0,-0.0,-0.0
2021-03-07 09:00:00,3386.0157790315375,3838.13,2160.0,-0.0,1146.837020968464,-0.0,0.0,-0.0,-0.0
2021-03-07 10:00:00,4850.847487899206,3796.81,1861.8492025293708,-0.0,-0.0,-0.0,0.0,23.778190428577243,22.58928090714838
2021-03-07 11:00:00,5860.096871490664,3725.4100000000003,916.6930285093376,-0.0,-0.0,-0.0,0.0,112.58040000000119,129.5384019790588
2021-03-07 12:00:00,6219.1122158831795,3636.99,550.7829841168214,-0.0,-0.0,-0.0,0.0,112.58040000000119,236.476828138862
2021-03-07 13:00:00,5860.096871490664,3547.8900000000003,947.5275285093376,-0.0,-0.0,-0.0,0.0,112.58040000000119,343.40456045604924
2021-03-07 14:00:00,4850.847487899206,3475.48,2056.6871121007953,-0.0,-0.0,-0.0,0.0,112.58040000000119,450.32160000000476
2021-03-07 15:00:00,3386.0157790315375,3435.84,2160.0,-0.0,1420.9951209684637,-0.0,0.0,-0.0,450.27656784000476
2021-03-07 16:00:00,1765.8265131452736,3441.6000000000004,2160.0,-0.0,3274.364386854726,-0.0,0.0,-0.0,450.2315401832208
2021-03-07 17:00:00,390.00650421154063,3500.16,2160.0,1276.3162957884597,3500.0,-0.0,112.58040000000119,-0.0,331.68083281867484
2021-03-07 18:00:00,-0.0,3612.68,2160.0,1807.5108,3500.0,-0.0,112.58040000000119,-0.0,213.14198052486543
2021-03-07 19:00:00,-0.0,3773.86,2160.0,1745.3179999999993,3500.0,-0.0,112.58040000000119,-0.0,94.61498211628538
2021-03-07 20:00:00,-0.0,3972.57,2160.0,1464.3472554128311,3500.0,-0.0,89.87524458717007,-0.0,-0.0
2021-03-07 21:00:00,-0.0,4193.32,2160.0,1072.3765999999996,3500.0,-0.0,0.0,-0.0,-0.0
2021-03-07 22:00:00,-0.0,4418.21,2160.0,538.8172000000004,3500.0,-0.0,0.0,-0.0,-0.0
2021-03-07 23:00:00,-0.0,4629.28,2160.0,68.45569999999952,3500.0,-0.0,0.0,-0.0,-0.0
2021-03-08 00:00:00,-0.0,4800.91,2160.0,-0.0,3138.8550000000014,-0.0,0.0,-0.0,-0.0
2021-03-08 01:00:00,-0.0,4941.41,2160.0,-0.0,2801.6533,-0.0,0.0,-0.0,-0.0
2021-03-08 02:00:00,-0.0,5035.1,2160.0,-0.0,2572.3459999999995,-0.0,0.0,-0.0,-0.0
2021-03-08 03:00:00,-0.0,5082.54,2160.0,-0.0,2516.4443,-0.0,0.0,-0.0,-0.0
2021-03-08 04:00:00,-0.0,5090.38,2160.0,-0.0,2656.4767,-0.0,0.0,-0.0,-0.0
2021-03-08 05:00:00,-0.0,5070.41,2160.0,-0.0,2951.3590000000004,-0.0,0.0,-0.0,-0.0
2021-03-08 06:00:00,-0.0,5037.76,2160.0,-0.0,3308.1419000000005,-0.0,0.0,-0.0,-0.0
2021-03-08 07:00:00,438.7531322596138,5008.8,2160.0,-0.0,3180.8478677403878,-0.0,0.0,-0.0,-0.0
2021-03-08 08:00:00,1872.0022043653667,4998.74,2160.0,-0.0,1933.3381956346325,-0.0,0.0,-0.0,-0.0
2021-03-08 09:00:00,3543.88432307184,5019.49,2160.0,-0.0,291.17857692816096,-0.0,0.0,-0.0,-0.0
2021-03-08 10:00:00,5049.985498634053,5077.94,837.1429013659472,-0.0,-0.0,-0.0,0.0,-0.0,-0.0
2021-03-08 11:00:00,6085.773225059375,4891.596174940626,-0.0,-0.0,-0.0,-0.0,0.0,112.58040000000119,106.95138000000112
2021-03-08 12:00:00,6453.939722153224,4424.010877846778,-0.0,-0.0,-0.0,-0.0,0.0,112.58040000000119,213.89206486200226
2021-03-08 13:00:00,6085.773225059375,4736.770074940628,-0.0,-0.0,-0.0,-0.0,0.0,112.58040000000119,320.8220556555172
2021-03-08 14:00:00,5049.985498634053,5615.830000000001,91.48742979341841,-0.0,-0.0,-0.0,0.0,23.804828427471122,343.40456045604924
2021-03-08 15:00:00,3543.88432307184,5763.93,1666.7925769281624,-0.0,-0.0,-0.0,0.0,112.58040000000119,450.32160000000476
2021-03-08 16:00:00,1872.0022043653667,5883.98,2160.0,-0.0,1068.5922956346326,-0.0,112.58040000000119,-0.0,331.7708836294772
2021-03-08 17:00:00,438.7531322596138,5961.05,2160.0,-0.0,2794.2681733488967,-0.0,36.626194391491566,-0.0,293.18381770796526
2021-03-08 18:00:00,-0.0,5984.650000000001,2160.0,-0.0,3496.111600000001,-0.0,0.0,-0.0,293.15449932619447
2021-03-08 19:00:00,-0.0,5950.11,2160.0,13.501600000000508,3500.0,-0.0,112.58040000000119,-0.0,174.6194996657343
2021-03-08 20:00:00,-0.0,5859.25,2160.0,-0.0,3500.0,-0.0,108.51030000000173,-0.0,60.38066929471331
2021-03-08 21:00:00,-0.0,5720.13,2160.0,-0.0,3483.1622000000016,-0.0,0.0,-0.0,60.37463122778384
2021-03-08 22:00:00,-0.0,5546.04,2160.0,-0.0,3345.308100000001,-0.0,0.0,-0.0,60.36859376466106
2021-03-08 23:00:00,-0.0,5353.73,2160.0,-0.0,3275.152,-0.0,0.0,-0.0,60.36255690528459
2021-03-09 00:00:00,-0.0,5151.15,2160.0,-0.0,2649.4851,-0.0,0.0,-0.0,60.35652064959407
2021-03-09 01:00:00,-0.0,4975.35,2160.0,-0.0,2625.6142,-0.0,0.0,-0.0,60.35048499752911
2021-03-09 02:00:00,-0.0,4829.94,2160.0,-0.0,2632.5443000000005,-0.0,0.0,-0.0,60.344449949029354
2021-03-09 03:00:00,-0.0,4723.56,2160.0,-0.0,2727.7118,-0.0,0.0,-0.0,60.33841550403445
2021-03-09 04:00:00,-0.0,4658.7699999999995,2160.0,-0.0,2937.732600000002,-0.0,0.0,-0.0,60.332381662484046
2021-03-09 05:00:00,-0.0,4631.83,2160.0,-0.0,3237.060300000001,-0.0,0.0,-0.0,60.3263484243178
2021-03-09 06:00:00,-0.0,4633.3099999999995,2160.0,-0.0,3500.0,-0.0,57.304300000001604,-0.0,-0.0
2021-03-09 07:00:00,477.23261337448463,4649.51,2160.0,-0.0,3344.078886625515,-0.0,0.0,-0.0,-0.0
2021-03-09 08:00:00,1927.3443583237902,4664.4400000000005,2160.0,-0.0,2052.5468416762096,-0.0,0.0,-0.0,-0.0
2021-03-09 09:00:00,3603.590014476875,4662.09,2160.0,-0.0,427.0761855231249,-0.0,0.0,-0.0,-0.0
2021-03-09 10:00:00,5108.285037306931,4628.7699999999995,1088.0695531216443,-0.0,-0.0,-0.0,0.0,23.778190428577243,22.58928090714838
2021-03-09 11:00:00,6141.2492983256225,4555.03,115.56890167437996,-0.0,-0.0,-0.0,0.0,112.58040000000119,129.5384019790588
2021-03-09 12:00:00,6508.110082168184,4202.647517831817,-0.0,-0.0,-0.0,-0.0,0.0,112.58040000000119,236.476828138862
2021-03-09 13:00:00,6141.2492983256225,4277.56,234.99790167437823,-0.0,-0.0,-0.0,0.0,112.58040000000119,343.40456045604924
2021-03-09 14:00:00,5108.285037306931,4084.9800000000005,1482.6642626930698,-0.0,-0.0,-0.0,0.0,112.58040000000119,450.32160000000476
2021-03-09 15:00:00,3603.590014476875,3873.01,2160.0,-0.0,1053.9941855231245,-0.0,0.0,-0.0,450.27656784000476
2021-03-09 16:00:00,1927.3443583237902,3658.56,2160.0,-0.0,3178.6677416762095,-0.0,0.0,-0.0,450.2315401832208
2021-03-09 17:00:00,477.23261337448463,3459.61,2160.0,1507.6750866255152,3500.0,-0.0,112.58040000000119,-0.0,331.68083281867484
2021-03-09 18:00:00,-0.0,3292.88,2160.0,2400.8178,3500.0,-0.0,112.58040000000119,-0.0,213.14198052486543
2021-03-09 19:00:00,-0.0,3171.62,2160.0,2616.7594,3500.0,-0.0,112.58040000000119,-0.0,94.61498211628538
2021-03-09 20:00:00,-0.0,3103.8700000000003,2160.0,2598.1692554128294,3500.0,-0.0,89.87524458717007,-0.0,-0.0
2021-03-09 21:00:00,-0.0,3091.4,2160.0,2435.569300000001,3500.0,-0.0,0.0,-0.0,-0.0
2021-03-09 22:00:00,-0.0,3129.54,2160.0,2085.1433000000006,3500.0,-0.0,0.0,-0.0,-0.0
2021-03-09 23:00:00,-0.0,3207.77,2160.0,1744.2417999999998,3500.0,-0.0,0.0,-0.0,-0.0
2021-03-10 00:00:00,-0.0,3300.9500000000003,2160.0,822.5405999999984,3500.0,-0.0,0.0,-0.0,-0.0
2021-03-10 01:00:00,-0.0,3412.13,2160.0,511.7586000000001,3500.0,-0.0,0.0,-0.0,-0.0
2021-03-10 02:00:00,-0.0,3513.67,2160.0,271.9441000000006,3500.0,-0.0,0.0,-0.0,-0.0
2021-03-10 03:00:00,-0.0,3590.3,2160.0,184.4422000000004,3500.0,-0.0,0.0,-0.0,-0.0
2021-03-10 04:00:00,-0.0,3630.9900000000002,2160.0,289.4614000000015,3500.0,-0.0,0.0,-0.0,-0.0
2021-03-10 05:00:00,-0.0,3630.32,2160.0,563.1326999999997,3500.0,-0.0,0.0,-0.0,-0.0
2021-03-10 06:00:00,-0.0,3589.1400000000003,2160.0,926.7855000000009,3500.0,-0.0,0.0,-0.0,-0.0
2021-03-10 07:00:00,543.0204733432096,3514.4199999999996,2160.0,739.5762266567908,3500.0,-0.0,0.0,-0.0,-0.0
2021-03-10 08:00:00,2083.95182888208,3418.12,2160.0,-0.0,2969.4711711179198,-0.0,0.0,-0.0,-0.0
2021-03-10 09:00:00,3849.7113823734408,3315.5600000000004,2160.0,-0.0,1355.8471176265612,-0.0,0.0,-0.0,-0.0
2021-03-10 10:00:00,5429.278458219645,3223.16,2002.331532208932,-0.0,-0.0,-0.0,0.0,23.778190428577243,22.58928090714838
2021-03-10 11:00:00,6511.725903479442,3156.2000000000003,974.9807965205582,-0.0,-0.0,-0.0,0.0,112.58040000000119,129.5384019790588
2021-03-10 12:00:00,6895.862278031348,3126.55,520.9469219686525,-0.0,-0.0,-0.0,0.0,112.58040000000119,236.476828138862
2021-03-10 13:00:00,6511.725903479442,3141.04,835.3146965205588,-0.0,-0.0,-0.0,0.0,112.58040000000119,343.40456045604924
2021-03-10 14:00:00,5429.278458219645,3200.33,1882.3934417803566,-0.0,-0.0,-0.0,0.0,112.58040000000119,450.32160000000476
2021-03-10 15:00:00,3849.7113823734408,3298.81,2160.0,-0.0,1220.0694176265597,-0.0,0.0,-0.0,450.27656784000476
2021-03-10 16:00:00,2083.95182888208,3425.18,2160.0,-0.0,3095.48567111792,-0.0,0.0,-0.0,450.2315401832208
2021-03-10 17:00:00,543.0204733432096,3563.8900000000003,2160.0,1179.8223266567902,3500.0,-0.0,112.58040000000119,-0.0,331.68083281867484
2021-03-10 18:00:00,-0.0,3697.18,2160.0,1841.0234999999975,3500.0,-0.0,112.58040000000119,-0.0,213.14198052486543
2021-03-10 19:00:00,-0.0,3807.34,2160.0,1827.9552999999996,3500.0,-0.0,112.58040000000119,-0.0,94.61498211628538
2021-03-10 20:00:00,-0.0,3879.08,2160.0,1672.4010554128308,3500.0,-0.0,89.87524458717007,-0.0,-0.0
2021-03-10 21:00:00,-0.0,3901.4900000000002,2160.0,1477.5601000000006,3500.0,-0.0,0.0,-0.0,-0.0
2021-03-10 22:00:00,-0.0,3869.5,2160.0,1200.0162,3500.0,-0.0,0.0,-0.0,-0.0
2021-03-10 23:00:00,-0.0,3784.48,2160.0,1025.2260000000006,3500.0,-0.0,0.0,-0.0,-0.0
2021-03-11 00:00:00,-0.0,3643.71,2160.0,340.2425000000012,3500.0,-0.0,0.0,-0.0,-0.0
2021-03-11 01:00:00,-0.0,3480.7599999999998,2160.0,306.6636999999996,3500.0,-0.0,0.0,-0.0,-0.0
2021-03-11 02:00:00,-0.0,3301.58,2160.0,350.7451000000001,3500.0,-0.0,0.0,-0.0,-0.0
2021-03-11 03:00:00,-0.0,3123.79,2160.0,520.9392000000016,3500.0,-0.0,0.0,-0.0,-0.0
2021-03-11 04:00:00,-0.0,2963.92,2160.0,829.8906000000006,3500.0,-0.0,0.0,-0.0,-0.0
2021-03-11 05:00:00,-0.0,2835.26,2160.0,1235.0164000000004,3500.0,-0.0,0.0,-0.0,-0.0
2021-03-11 06:00:00,-0.0,2746.13,2160.0,1650.1760000000004,3500.0,-0.0,0.0,-0.0,-0.0
2021-03-11 07:00:00,606.4759053673267,2698.77,2160.0,1375.7964946326729,3500.0,-0.0,0.0,-0.0,-0.0
2021-03-11 08:00:00,2219.400048804118,2689.18,2160.0,-0.0,3450.7170511958816,-0.0,0.0,-0.0,-0.0
2021-03-11 09:00:00,4052.2754954001293,2707.7000000000003,2160.0,-0.0,1652.7087045998696,-0.0,0.0,-0.0,-0.0
2021-03-11 10:00:00,5686.325409646217,2740.46,2123.438580782359,-0.0,-0.0,-0.0,0.0,23.778190428577243,22.58928090714838
2021-03-11 11:00:00,6804.183351883244,2771.3199999999997,966.8236481167578,-0.0,-0.0,-0.0,0.0,112.58040000000119,129.5384019790588
2021-03-11 12:00:00,7200.584503043398,2784.2099999999996,462.0201969566033,-0.0,-0.0,-0.0,0.0,112.58040000000119,236.476828138862
2021-03-11 13:00:00,6804.183351883244,2765.38,826.0768481167579,-0.0,-0.0,-0.0,0.0,112.58040000000119,343.40456045604924
2021-03-11 14:00:00,5686.325409646217,2705.42,2031.9864903537837,-0.0,-0.0,-0.0,0.0,112.58040000000119,450.32160000000476
2021-03-11 15:00:00,4052.2754954001293,2600.6200000000003,2160.0,-0.0,1631.6568045998692,-0.0,0.0,-0.0,450.27656784000476
2021-03-11 16:00:00,2219.400048804118,2453.63,2160.0,239.25725119588196,3500.0,-0.0,112.58040000000119,-0.0,331.72585597269324
2021-03-11 17:00:00,606.4759053673267,2273.24,2160.0,2331.609094632672,3500.0,-0.0,112.58040000000119,-0.0,213.18699917656843
2021-03-11 18:00:00,-0.0,2073.26,2160.0,3393.9297000000006,3500.0,-0.0,112.58040000000119,-0.0,94.65999626612322
2021-03-11 19:00:00,-0.0,1870.8700000000001,2160.0,3720.513396246829,3500.0,-0.0,89.91800375317177,-0.0,-0.0
2021-03-11 20:00:00,-0.0,1684.31,2160.0,3894.9544000000005,3500.0,-0.0,0.0,-0.0,-0.0
2021-03-11 21:00:00,-0.0,1530.63,2160.0,3790.8522000000003,3500.0,-0.0,0.0,-0.0,-0.0
2021-03-11 22:00:00,-0.0,1423.3899999999999,2160.0,3593.114800000001,3500.0,-0.0,0.0,-0.0,-0.0
2021-03-11 23:00:00,-0.0,1371.01,2160.0,3390.2749000000003,3500.0,-0.0,0.0,-0.0,-0.0
2021-03-12 00:00:00,-0.0,1365.12,2160.0,2574.831400000002,3500.0,-0.0,0.0,-0.0,-0.0
2021-03-12 01:00:00,-0.0,1422.47,2160.0,2325.5935999999992,3500.0,-0.0,0.0,-0.0,-0.0
2021-03-12 02:00:00,-0.0,1522.4099999999999,2160.0,2095.2155000000002,3500.0,-0.0,0.0,-0.0,-0.0
2021-03-12 03:00:00,-0.0,1650.4099999999999,2160.0,1964.2957000000006,3500.0,-0.0,0.0,-0.0,-0.0
2021-03-12 04:00:00,-0.0,1789.49,2160.0,1978.9848999999995,3500.0,-0.0,0.0,-0.0,-0.0
2021-03-12 05:00:00,-0.0,1922.5600000000002,2160.0,2127.0775999999996,3500.0,-0.0,0.0,-0.0,-0.0
2021-03-12 06:00:00,-0.0,2034.7399999999998,2160.0,2345.6267000000007,3500.0,-0.0,0.0,-0.0,-0.0
2021-03-12 07:00:00,598.0166690897536,2115.3,2160.0,1956.4859309102467,3500.0,-0.0,0.0,-0.0,-0.0
2021-03-12 08:00:00,2093.4266199106546,2159.13,2160.0,600.197580089347,3500.0,-0.0,0.0,-0.0,-0.0
2021-03-12 09:00:00,3779.1805469192695,2167.33,2160.0,-0.0,2464.3185530807314,-0.0,0.0,-0.0,-0.0
2021-03-12 10:00:00,5277.090324819559,2147.09,2160.0,-0.0,945.0877751804401,-0.0,0.0,-0.0,-0.0
2021-03-12 11:00:00,6300.055277520697,2110.5499999999997,2139.2032224793047,-0.0,-0.0,-0.0,0.0,112.58040000000119,106.95138000000112
2021-03-12 12:00:00,6662.541363974328,2073.13,1723.265836025671,-0.0,-0.0,-0.0,0.0,112.58040000000119,213.89206486200226
2021-03-12 13:00:00,6300.055277520697,2051.36,2060.965022479303,-0.0,-0.0,-0.0,0.0,112.58040000000119,320.8220556555172
2021-03-12 14:00:00,5277.090324819559,2060.51,2160.0,-0.0,834.8802751804415,-0.0,0.0,-0.0,320.7899734499517
2021-03-12 15:00:00,3779.1805469192695,2112.44,2160.0,-0.0,2418.8186530807307,-0.0,0.0,-0.0,320.7578944526067
2021-03-12 16:00:00,2093.4266199106546,2213.85,2160.0,635.4189800893455,3500.0,-0.0,112.58040000000119,-0.0,202.2201344526339
2021-03-12 17:00:00,598.0166690897536,2365.29,2160.0,2282.9116309102446,3500.0,-0.0,112.58040000000119,-0.0,83.6942282286611
2021-03-12 18:00:00,-0.0,2560.92,2160.0,2978.681334134453,3500.0,-0.0,79.50156586554633,-0.0,-0.0
2021-03-12 19:00:00,-0.0,2789.17,2160.0,2935.8569000000007,3500.0,-0.0,0.0,-0.0,-0.0
2021-03-12 20:00:00,-0.0,3034.19,2160.0,2593.1432000000004,3500.0,-0.0,0.0,-0.0,-0.0
2021-03-12 21:00:00,-0.0,3277.83,2160.0,2096.008399999999,3500.0,-0.0,0.0,-0.0,-0.0
2021-03-12 22:00:00,-0.0,3501.99,2160.0,1571.1025000000009,3500.0,-0.0,0.0,-0.0,-0.0
2021-03-12 23:00:00,-0.0,3690.8999999999996,2160.0,1131.141700000002,3500.0,-0.0,0.0,-0.0,-0.0
2021-03-13 00:00:00,-0.0,3822.4799999999996,2160.0,-0.0,3115.148800000001,-0.0,0.0,-0.0,-0.0
2021-03-13 01:00:00,-0.0,3912.4700000000003,2160.0,-0.0,2837.3075,-0.0,0.0,-0.0,-0.0
2021-03-13 02:00:00,-0.0,3951.0,2160.0,-0.0,2672.304400000001,-0.0,0.0,-0.0,-0.0
2021-03-13 03:00:00,-0.0,3945.11,2160.0,-0.0,2679.1629,-0.0,0.0,-0.0,-0.0
2021-03-13 04:00:00,-0.0,3907.05,2160.0,-0.0,2874.8036999999995,-0.0,0.0,-0.0,-0.0
2021-03-13 05:00:00,-0.0,3852.5,2160.0,-0.0,3214.2461000000003,-0.0,0.0,-0.0,-0.0
2021-03-13 06:00:00,-0.0,3798.45,2160.0,102.66910000000007,3500.0,-0.0,0.0,-0.0,-0.0
2021-03-13 07:00:00,519.796633377999,3760.81,2160.0,-0.0,3413.5051666220015,-0.0,0.0,-0.0,-0.0
2021-03-13 08:00:00,1745.548897952199,3752.2499999999995,2160.0,-0.0,2382.730302047802,-0.0,0.0,-0.0,-0.0
2021-03-13 09:00:00,3116.681731112079,3780.48,2160.0,-0.0,1044.8145688879217,-0.0,0.0,-0.0,-0.0
2021-03-13 10:00:00,4331.084334348163,3847.16,1909.2238560804144,-0.0,-0.0,-0.0,0.0,23.778190428577243,22.58928090714838
2021-03-13 11:00:00,5159.062774857008,3947.7200000000003,980.6235251429925,-0.0,-0.0,-0.0,0.0,112.58040000000119,129.5384019790588
2021-03-13 12:00:00,5452.223299626888,4071.99,475.39490037311316,-0.0,-0.0,-0.0,0.0,112.58040000000119,236.476828138862
2021-03-13 13:00:00,5159.062774857008,4205.59,591.3677251429945,-0.0,-0.0,-0.0,0.0,112.58040000000119,343.40456045604924
2021-03-13 14:00:00,4331.084334348163,4331.95,1328.5281656518373,-0.0,-0.0,-0.0,0.0,112.58040000000119,450.32160000000476
2021-03-13 15:00:00,3116.681731112079,4434.58,2160.0,-0.0,308.4310688879218,-0.0,0.0,-0.0,450.27656784000476
2021-03-13 16:00:00,1745.548897952199,4499.4,2160.0,-0.0,1862.2210020478021,-0.0,0.0,-0.0,450.2315401832208
2021-03-13 17:00:00,519.796633377999,4516.68,2160.0,-0.0,3376.7405666219997,-0.0,0.0,-0.0,450.18651702920243
2021-03-13 18:00:00,-0.0,4482.49,2160.0,580.8598999999995,3500.0,-0.0,112.58040000000119,-0.0,331.63581416697195
2021-03-13 19:00:00,-0.0,4399.3,2160.0,772.2658000000001,3500.0,-0.0,112.58040000000119,-0.0,213.09696637502768
2021-03-13 20:00:00,-0.0,4275.75,2160.0,800.2917999999991,3500.0,-0.0,112.58040000000119,-0.0,94.56997246786261
2021-03-13 21:00:00,-0.0,4125.63,2160.0,721.7137103029145,3500.0,-0.0,89.83248969708504,-0.0,-0.0
2021-03-13 22:00:00,-0.0,3966.0699999999997,2160.0,672.2856000000011,3500.0,-0.0,0.0,-0.0,-0.0
2021-03-13 23:00:00,-0.0,3815.3900000000003,2160.0,573.7126999999991,3500.0,-0.0,0.0,-0.0,-0.0
2021-03-14 00:00:00,-0.0,3679.9300000000003,2160.0,-0.0,3393.2381000000005,-0.0,0.0,-0.0,-0.0
2021-03-14 01:00:00,-0.0,3595.06,2160.0,-0.0,3291.7998999999995,-0.0,0.0,-0.0,-0.0
2021-03-14 02:00:00,-0.0,3558.58,2160.0,-0.0,3203.2199,-0.0,0.0,-0.0,-0.0
2021-03-14 03:00:00,-0.0,3572.92,2160.0,-0.0,3191.1314999999995,-0.0,0.0,-0.0,-0.0
2021-03-14 04:00:00,-0.0,3634.1,2160.0,-0.0,3288.682800000001,-0.0,0.0,-0.0,-0.0
2021-03-14 05:00:00,-0.0,3732.34,2160.0,-0.0,3476.3518000000004,-0.0,0.0,-0.0,-0.0
2021-03-14 06:00:00,-0.0,3853.47,2160.0,190.47880000000032,3500.0,-0.0,0.0,-0.0,-0.0
2021-03-14 07:00:00,468.2488598079327,3980.95,2160.0,-0.0,3388.491440192068,-0.0,0.0,-0.0,-0.0
2021-03-14 08:00:00,1512.294943549091,4098.12,2160.0,-0.0,2414.3063564509084,-0.0,0.0,-0.0,-0.0
2021-03-14 09:00:00,2671.5339519038507,4190.5199999999995,2160.0,-0.0,1224.5915480961503,-0.0,0.0,-0.0,-0.0
2021-03-14 10:00:00,3695.0122619516487,4247.9,2160.0,-0.0,105.78883804835186,-0.0,0.0,-0.0,-0.0
2021-03-14 11:00:00,4391.660501254056,4265.610000000001,1575.3522987459446,-0.0,-0.0,-0.0,0.0,112.58040000000119,106.95138000000112
2021-03-14 12:00:00,4638.150147247139,4245.21,1261.533452752862,-0.0,-0.0,-0.0,0.0,112.58040000000119,213.89206486200226
2021-03-14 13:00:00,4391.660501254056,4194.34,1515.236498745945,-0.0,-0.0,-0.0,0.0,112.58040000000119,320.8220556555172
2021-03-14 14:00:00,3695.0122619516487,4125.58,2160.0,-0.0,43.400938048352145,-0.0,0.0,-0.0,320.7899734499517
2021-03-14 15:00:00,2671.5339519038507,4054.77,2160.0,-0.0,1278.0580480961485,-0.0,0.0,-0.0,320.7578944526067
2021-03-14 16:00:00,1512.294943549091,3998.82,2160.0,-0.0,2740.2470564509085,-0.0,0.0,-0.0,320.7258186631615
2021-03-14 17:00:00,468.2488598079327,3973.38,2160.0,502.58644019206713,3500.0,-0.0,112.58040000000119,-0.0,202.1880618707676
2021-03-14 18:00:00,-0.0,3990.6000000000004,2160.0,1215.579600000001,3500.0,-0.0,112.58040000000119,-0.0,83.66215885405296
2021-03-14 19:00:00,-0.0,4057.5099999999998,2160.0,1289.110796993742,3500.0,-0.0,79.47110300625918,-0.0,-0.0
2021-03-14 20:00:00,-0.0,4174.88,2160.0,1154.6713000000009,3500.0,-0.0,0.0,-0.0,-0.0
2021-03-14 21:00:00,-0.0,4337.0599999999995,2160.0,739.8948,3500.0,-0.0,0.0,-0.0,-0.0
2021-03-14 22:00:00,-0.0,4532.65,2160.0,244.20110000000022,3500.0,-0.0,0.0,-0.0,-0.0
2021-03-14 23:00:00,-0.0,4745.889999999999,2160.0,-0.0,3280.295100000001,-0.0,0.0,-0.0,-0.0
2021-03-15 00:00:00,-0.0,4947.7300000000005,2160.0,-0.0,2827.787799999999,-0.0,0.0,-0.0,-0.0
2021-03-15 01:00:00,-0.0,5141.9800000000005,2160.0,-0.0,2445.5577999999996,-0.0,0.0,-0.0,-0.0
2021-03-15 02:00:00,-0.0,5301.88,2160.0,-0.0,2158.798600000001,-0.0,0.0,-0.0,-0.0
2021-03-15 03:00:00,-0.0,5415.910000000001,2160.0,-0.0,2045.0962000000009,-0.0,0.0,-0.0,-0.0
2021-03-15 04:00:00,-0.0,5478.32,2160.0,-0.0,2139.368700000001,-0.0,0.0,-0.0,-0.0
2021-03-15 05:00:00,-0.0,5489.75,2160.0,-0.0,2411.6780000000017,-0.0,0.0,-0.0,-0.0
2021-03-15 06:00:00,-0.0,5456.990000000001,2160.0,-0.0,2777.4044000000004,-0.0,0.0,-0.0,-0.0
2021-03-15 07:00:00,513.290387006198,5392.04,2160.0,-0.0,2620.3953129938027,-0.0,0.0,-0.0,-0.0
2021-03-15 08:00:00,1598.1037400375603,5310.29,2160.0,-0.0,1801.8383599624408,-0.0,0.0,-0.0,-0.0
2021-03-15 09:00:00,2794.0031589092437,5228.4,2160.0,-0.0,747.1128410907563,-0.0,0.0,-0.0,-0.0
2021-03-15 10:00:00,3846.5865985242053,5161.9400000000005,1904.0710919043704,-0.0,-0.0,-0.0,0.0,23.778190428577243,22.58928090714838
2021-03-15 11:00:00,4561.894261383476,5123.23,1224.755638616526,-0.0,-0.0,-0.0,0.0,112.58040000000119,129.5384019790588
2021-03-15 12:00:00,4814.800874209811,5119.599999999999,884.7806257901902,-0.0,-0.0,-0.0,0.0,112.58040000000119,236.476828138862
2021-03-15 13:00:00,4561.894261383476,5152.34,1058.2174386165252,-0.0,-0.0,-0.0,0.0,112.58040000000119,343.40456045604924
2021-03-15 14:00:00,3846.5865985242053,5216.509999999999,1741.5158014757953,-0.0,-0.0,-0.0,0.0,112.58040000000119,450.32160000000476
2021-03-15 15:00:00,2794.0031589092437,5301.57,2160.0,-0.0,573.5529410907561,-0.0,0.0,-0.0,450.27656784000476
2021-03-15 16:00:00,1598.1037400375603,5392.8,2160.0,-0.0,1921.848859962441,-0.0,0.0,-0.0,450.2315401832208
2021-03-15 17:00:00,513.290387006198,5473.29,2160.0,-0.0,3228.141412993803,-0.0,0.0,-0.0,450.18651702920243
2021-03-15 18:00:00,-0.0,5526.2699999999995,2160.0,334.27890000000025,3500.0,-0.0,112.58040000000119,-0.0,331.63581416697195
2021-03-15 19:00:00,-0.0,5537.349999999999,2160.0,426.8869000000004,3500.0,-0.0,112.58040000000119,-0.0,213.09696637502768
2021-03-15 20:00:00,-0.0,5496.58,2160.0,367.3865999999998,3500.0,-0.0,112.58040000000119,-0.0,94.56997246786261
2021-03-15 21:00:00,-0.0,5399.83,2160.0,230.47641030291516,3500.0,-0.0,89.83248969708504,-0.0,-0.0
2021-03-15 22:00:00,-0.0,5249.42,2160.0,166.72689999999966,3500.0,-0.0,0.0,-0.0,-0.0
2021-03-15 23:00:00,-0.0,5053.889999999999,2160.0,107.62590000000091,3500.0,-0.0,0.0,-0.0,-0.0
2021-03-16 00:00:00,-0.0,4815.860000000001,2160.0,-0.0,3023.7829,-0.0,0.0,-0.0,-0.0
2021-03-16 01:00:00,-0.0,4574.67,2160.0,-0.0,3072.887499999999,-0.0,0.0,-0.0,-0.0
2021-03-16 02:00:00,-0.0,4337.62,2160.0,-0.0,3178.909200000001,-0.0,0.0,-0.0,-0.0
2021-03-16 03:00:00,-0.0,4121.929999999999,2160.0,-0.0,3390.6953000000003,-0.0,0.0,-0.0,-0.0
2021-03-16 04:00:00,-0.0,3941.54,2160.0,223.47910000000138,3500.0,-0.0,0.0,-0.0,-0.0
2021-03-16 05:00:00,-0.0,3805.2799999999997,2160.0,639.1351000000004,3500.0,-0.0,0.0,-0.0,-0.0
2021-03-16 06:00:00,-0.0,3715.85,2160.0,1057.1388000000006,3500.0,-0.0,0.0,-0.0,-0.0
2021-03-16 07:00:00,607.4914601183282,3669.6,2160.0,782.7891398816719,3500.0,-0.0,0.0,-0.0,-0.0
2021-03-16 08:00:00,1827.161556128838,3657.14,2160.0,-0.0,3255.6017438711624,-0.0,0.0,-0.0,-0.0
2021-03-16 09:00:00,3162.5156142149713,3664.7200000000003,2160.0,-0.0,1967.4288857850293,-0.0,0.0,-0.0,-0.0
2021-03-16 10:00:00,4334.264917908991,3676.25,2160.0,-0.0,738.8965820910089,-0.0,0.0,-0.0,-0.0
2021-03-16 11:00:00,5129.299208693041,3675.61,2120.972391306961,-0.0,-0.0,-0.0,0.0,112.58040000000119,106.95138000000112
2021-03-16 12:00:00,5410.194956854671,3648.8599999999997,1771.5119431453295,-0.0,-0.0,-0.0,0.0,112.58040000000119,213.89206486200226
2021-03-16 13:00:00,5129.299208693041,3586.32,2063.5768913069605,-0.0,-0.0,-0.0,0.0,112.58040000000119,320.8220556555172
2021-03-16 14:00:00,4334.264917908991,3483.9199999999996,2160.0,-0.0,715.9309820910094,-0.0,0.0,-0.0,320.7899734499517
2021-03-16 15:00:00,3162.5156142149713,3343.86,2160.0,-0.0,2160.1582857850267,-0.0,0.0,-0.0,320.7578944526067
2021-03-16 16:00:00,1827.161556128838,3174.36,2160.0,291.3706438711615,3500.0,-0.0,112.58040000000119,-0.0,202.2201344526339
2021-03-16 17:00:00,607.4914601183282,2988.63,2160.0,1994.0430398816725,3500.0,-0.0,112.58040000000119,-0.0,83.6942282286611
2021-03-16 18:00:00,-0.0,2803.1299999999997,2160.0,3073.8213341344544,3500.0,-0.0,79.50156586554633,-0.0,-0.0
2021-03-16 19:00:00,-0.0,2635.3700000000003,2160.0,3420.070100000001,3500.0,-0.0,0.0,-0.0,-0.0
2021-03-16 20:00:00,-0.0,2501.59,2160.0,3448.8842000000004,3500.0,-0.0,0.0,-0.0,-0.0
2021-03-16 21:00:00,-0.0,2414.52,2160.0,3274.8583,3500.0,-0.0,0.0,-0.0,-0.0
2021-03-16 22:00:00,-0.0,2381.71,2160.0,2998.9988999999996,3500.0,-0.0,0.0,-0.0,-0.0
2021-03-16 23:00:00,-0.0,2404.44,2160.0,2716.9786999999997,3500.0,-0.0,0.0,-0.0,-0.0
2021-03-17 00:00:00,-0.0,2466.29,2160.0,1828.4417999999996,3500.0,-0.0,0.0,-0.0,-0.0
2021-03-17 01:00:00,-0.0,2578.7700000000004,2160.0,1519.2600999999995,3500.0,-0.0,0.0,-0.0,-0.0
2021-03-17 02:00:00,-0.0,2715.24,2160.0,1247.1715000000004,3500.0,-0.0,0.0,-0.0,-0.0
2021-03-17 03:00:00,-0.0,2857.9300000000003,2160.0,1096.0211,3500.0,-0.0,0.0,-0.0,-0.0
2021-03-17 04:00:00,-0.0,2989.0099999999998,2160.0,1112.8122000000003,3500.0,-0.0,0.0,-0.0,-0.0
2021-03-17 05:00:00,-0.0,3092.86,2160.0,1283.8757999999998,3500.0,-0.0,0.0,-0.0,-0.0
2021-03-17 06:00:00,-0.0,3158.14,2160.0,1542.7287000000015,3500.0,-0.0,0.0,-0.0,-0.0
2021-03-17 07:00:00,669.7416183720259,3179.18,2160.0,1134.4448816279737,3500.0,-0.0,0.0,-0.0,-0.0
2021-03-17 08:00:00,1949.8093222113296,3156.63,2160.0,52.60787778866961,3500.0,-0.0,0.0,-0.0,-0.0
2021-03-17 09:00:00,3342.0121264689105,3097.28,2160.0,-0.0,2270.2275735310895,-0.0,0.0,-0.0,-0.0
2021-03-17 10:00:00,4560.030551016253,3013.0099999999998,2160.0,-0.0,1086.9946489837466,-0.0,0.0,-0.0,-0.0
2021-03-17 11:00:00,5385.16320623383,2919.07,2160.0,-0.0,255.52259376617076,-0.0,0.0,-0.0,-0.0
2021-03-17 12:00:00,5676.4935004634435,2831.93,2160.0,-0.0,-0.0,-0.0,0.0,48.08780046344418,45.68341044027197
2021-03-17 13:00:00,5385.16320623383,2766.9,2160.0,-0.0,252.8651937661707,-0.0,0.0,-0.0,45.67884209922794
2021-03-17 14:00:00,4560.030551016253,2736.0,2160.0,-0.0,1132.4343489837474,-0.0,0.0,-0.0,45.67427421501802
2021-03-17 15:00:00,3342.0121264689105,2746.21,2160.0,-0.0,2468.7711735310895,-0.0,0.0,-0.0,45.669706787596525
2021-03-17 16:00:00,1949.8093222113296,2798.4399999999996,2160.0,500.4904949626007,3500.0,-0.0,43.38188282607188,-0.0,-0.0
2021-03-17 17:00:00,669.7416183720259,2887.3399999999997,2160.0,2028.5826816279741,3500.0,-0.0,0.0,-0.0,-0.0
2021-03-17 18:00:00,-0.0,3001.93,2160.0,2833.7984000000015,3500.0,-0.0,0.0,-0.0,-0.0
2021-03-17 19:00:00,-0.0,3127.02,2160.0,2804.1388000000006,3500.0,-0.0,0.0,-0.0,-0.0
2021-03-17 20:00:00,-0.0,3245.22,2160.0,2577.5071000000007,3500.0,-0.0,0.0,-0.0,-0.0
2021-03-17 21:00:00,-0.0,3339.26,2160.0,2218.999,3500.0,-0.0,0.0,-0.0,-0.0
2021-03-17 22:00:00,-0.0,3394.29,2160.0,1852.0249000000013,3500.0,-0.0,0.0,-0.0,-0.0
2021-03-17 23:00:00,-0.0,3399.86,2160.0,1583.9887999999992,3500.0,-0.0,0.0,-0.0,-0.0
2021-03-18 00:00:00,-0.0,3339.97,2160.0,813.9510000000009,3500.0,-0.0,0.0,-0.0,-0.0
2021-03-18 01:00:00,-0.0,3239.25,2160.0,715.0001000000011,3500.0,-0.0,0.0,-0.0,-0.0
2021-03-18 02:00:00,-0.0,3094.42,2160.0,721.3515000000007,3500.0,-0.0,0.0,-0.0,-0.0
2021-03-18 03:00:00,-0.0,2918.78,2160.0,885.7777000000006,3500.0,-0.0,0.0,-0.0,-0.0
2021-03-18 04:00:00,-0.0,2729.1,2160.0,1220.6898,3500.0,-0.0,0.0,-0.0,-0.0
2021-03-18 05:00:00,-0.0,2543.42,2160.0,1678.7574999999997,3500.0,-0.0,0.0,-0.0,-0.0
2021-03-18 06:00:00,-0.0,2378.66,2160.0,2165.2402,3500.0,-0.0,0.0,-0.0,-0.0
2021-03-18 07:00:00,718.9904438244404,2248.5,2160.0,1856.6182561755604,3500.0,-0.0,0.0,-0.0,-0.0
2021-03-18 08:00:00,2029.7033492708888,2161.55,2160.0,806.3637507291105,3500.0,-0.0,0.0,-0.0,-0.0
2021-03-18 09:00:00,3446.1232283600452,2120.36,2160.0,-0.0,2979.5588716399548,-0.0,0.0,-0.0,-0.0
2021-03-18 10:00:00,4681.740881943974,2121.15,2160.0,-0.0,1691.7427180560253,-0.0,0.0,-0.0,-0.0
2021-03-18 11:00:00,5517.531282075908,2154.46,2160.0,-0.0,720.5637179240921,-0.0,0.0,-0.0,-0.0
2021-03-18 12:00:00,5812.410437962866,2206.52,2160.0,-0.0,272.5326620371343,-0.0,0.0,-0.0,-0.0
2021-03-18 13:00:00,5517.531282075908,2261.3,2160.0,-0.0,455.6814179240928,-0.0,0.0,-0.0,-0.0
2021-03-18 14:00:00,4681.740881943974,2302.73,2160.0,-0.0,1272.1652180560259,-0.0,0.0,-0.0,-0.0
2021-03-18 15:00:00,3446.1232283600452,2317.02,2160.0,-0.0,2620.7381716399545,-0.0,0.0,-0.0,-0.0
2021-03-18 16:00:00,2029.7033492708888,2294.65,2160.0,793.5059507291116,3500.0,-0.0,0.0,-0.0,-0.0
2021-03-18 17:00:00,718.9904438244404,2231.77,2160.0,2459.6235561755593,3500.0,-0.0,0.0,-0.0,-0.0
2021-03-18 18:00:00,-0.0,2130.81,2160.0,3528.7541,3500.0,-0.0,0.0,-0.0,-0.0
2021-03-18 19:00:00,-0.0,2000.2900000000002,2160.0,3753.9557000000013,3500.0,-0.0,0.0,-0.0,-0.0
2021-03-18 20:00:00,-0.0,1853.72,2160.0,3791.4804000000013,3500.0,-0.0,0.0,-0.0,-0.0
2021-03-18 21:00:00,-0.0,1707.8899999999999,2160.0,3672.365200000002,3500.0,-0.0,0.0,-0.0,-0.0
2021-03-18 22:00:00,-0.0,1580.65,2160.0,3487.3192,3500.0,-0.0,0.0,-0.0,-0.0
2021-03-18 23:00:00,-0.0,1488.59,2160.0,3316.707700000001,3500.0,-0.0,0.0,-0.0,-0.0
2021-03-19 00:00:00,-0.0,1433.3000000000002,2160.0,2541.8398000000007,3500.0,-0.0,0.0,-0.0,-0.0
2021-03-19 01:00:00,-0.0,1445.7,2160.0,2329.8378000000002,3500.0,-0.0,0.0,-0.0,-0.0
2021-03-19 02:00:00,-0.0,1515.91,2160.0,2121.3533000000007,3500.0,-0.0,0.0,-0.0,-0.0
2021-03-19 03:00:00,-0.0,1639.09,2160.0,1987.3027000000002,3500.0,-0.0,0.0,-0.0,-0.0
2021-03-19 04:00:00,-0.0,1804.56,2160.0,1967.5419000000002,3500.0,-0.0,0.0,-0.0,-0.0
2021-03-19 05:00:00,-0.0,1997.23,2160.0,2047.8732,3500.0,-0.0,0.0,-0.0,-0.0
2021-03-19 06:00:00,-0.0,2199.58,2160.0,2167.994700000001,3500.0,-0.0,0.0,-0.0,-0.0
2021-03-19 07:00:00,840.3213367133256,2394.0,2160.0,1414.3445632866742,3500.0,-0.0,0.0,-0.0,-0.0
2021-03-19 08:00:00,2304.0593712337613,2565.0699999999997,2160.0,-0.0,3454.0628287662385,-0.0,0.0,-0.0,-0.0
2021-03-19 09:00:00,3876.0934860148436,2701.56,2160.0,-0.0,1795.1142139851572,-0.0,0.0,-0.0,-0.0
2021-03-19 10:00:00,5243.577018036509,2797.9100000000003,2160.0,-0.0,281.1539819634909,-0.0,0.0,-0.0,-0.0
2021-03-19 11:00:00,6167.173844331959,2854.79,1472.593355668042,-0.0,-0.0,-0.0,0.0,112.58040000000119,106.95138000000112
2021-03-19 12:00:00,6492.820961191568,2879.0,1023.1874388084343,-0.0,-0.0,-0.0,0.0,112.58040000000119,213.89206486200226
2021-03-19 13:00:00,6167.173844331959,2882.3300000000004,1290.225955668042,-0.0,-0.0,-0.0,0.0,112.58040000000119,320.8220556555172
2021-03-19 14:00:00,5243.577018036509,2879.93,2160.0,-0.0,-0.0,-0.0,0.0,32.436318036508965,351.60447558463517
2021-03-19 15:00:00,3876.0934860148436,2888.06,2160.0,-0.0,1456.0878139851584,-0.0,0.0,-0.0,351.5693151370767
2021-03-19 16:00:00,2304.0593712337613,2921.8300000000004,2160.0,-0.0,3230.3786287662388,-0.0,0.0,-0.0,351.534158205563
2021-03-19 17:00:00,840.3213367133256,2992.96,2160.0,1305.1019632866755,3500.0,-0.0,112.58040000000119,-0.0,232.9933205792149
2021-03-19 18:00:00,-0.0,3108.1,2160.0,2281.753999999999,3500.0,-0.0,112.58040000000119,-0.0,114.46433703662942
2021-03-19 19:00:00,-0.0,3267.78,2160.0,2223.014653927222,3500.0,-0.0,108.73024607277947,-0.0,-0.0
2021-03-19 20:00:00,-0.0,3466.2,2160.0,2026.8055000000013,3500.0,-0.0,0.0,-0.0,-0.0
2021-03-19 21:00:00,-0.0,3691.93,2160.0,1538.7705999999998,3500.0,-0.0,0.0,-0.0,-0.0
2021-03-19 22:00:00,-0.0,3929.2700000000004,2160.0,991.8967000000011,3500.0,-0.0,0.0,-0.0,-0.0
2021-03-19 23:00:00,-0.0,4160.3,2160.0,501.0564999999997,3500.0,-0.0,0.0,-0.0,-0.0
2021-03-20 00:00:00,-0.0,4355.55,2160.0,-0.0,2411.468099999999,-0.0,0.0,-0.0,-0.0
2021-03-20 01:00:00,-0.0,4522.85,2160.0,-0.0,2047.6393000000007,-0.0,0.0,-0.0,-0.0
2021-03-20 02:00:00,-0.0,4639.5199999999995,2160.0,-0.0,1795.8707000000004,-0.0,0.0,-0.0,-0.0
2021-03-20 03:00:00,-0.0,4700.36,2160.0,-0.0,1727.4348,-0.0,0.0,-0.0,-0.0
2021-03-20 04:00:00,-0.0,4706.6,2160.0,-0.0,1870.2749000000003,-0.0,0.0,-0.0,-0.0
2021-03-20 05:00:00,-0.0,4665.77,2160.0,-0.0,2187.572,-0.0,0.0,-0.0,-0.0
2021-03-20 06:00:00,-0.0,4590.57,2160.0,-0.0,2588.8016000000007,-0.0,0.0,-0.0,-0.0
2021-03-20 07:00:00,1022.8645132202696,4497.2,2160.0,-0.0,1944.0421867797309,-0.0,0.0,-0.0,-0.0
2021-03-20 08:00:00,2728.1371793442872,4403.150000000001,2160.0,-0.0,511.0755206557137,-0.0,0.0,-0.0,-0.0
2021-03-20 09:00:00,4548.669729735819,4324.86,982.2187702641831,-0.0,-0.0,-0.0,0.0,-0.0,-0.0
2021-03-20 10:00:00,6127.946647081735,3705.342943346843,-0.0,-0.0,-0.0,-0.0,0.0,23.778190428577243,22.58928090714838
2021-03-20 11:00:00,7193.018062151321,2632.37323784868,-0.0,-0.0,-0.0,-0.0,0.0,112.58040000000119,129.5384019790588
2021-03-20 12:00:00,7568.29344250218,2161.5868574978203,-0.0,-0.0,-0.0,-0.0,0.0,112.58040000000119,236.476828138862
2021-03-20 13:00:00,7193.018062151321,2485.6877378486806,-0.0,-0.0,-0.0,-0.0,0.0,112.58040000000119,343.40456045604924
2021-03-20 14:00:00,6127.946647081735,3578.8495529182655,-0.0,-0.0,-0.0,-0.0,0.0,112.58040000000119,450.32160000000476
2021-03-20 15:00:00,4548.669729735819,4539.03,639.9642725378662,-0.0,-0.0,-0.0,0.0,0.047402273684216005,450.32160000000476
2021-03-20 16:00:00,2728.1371793442872,4633.21,2160.0,-0.0,376.0508161189705,-0.0,70.53400453674294,-0.0,376.0302472750122
2021-03-20 17:00:00,1022.8645132202696,4706.42,2160.0,-0.0,2377.68648677973,-0.0,0.0,-0.0,375.9926442502847
2021-03-20 18:00:00,-0.0,4744.8,2160.0,5.455299999998715,3500.0,-0.0,112.58040000000119,-0.0,257.4493607753321
2021-03-20 19:00:00,-0.0,4738.85,2160.0,112.93529999999919,3500.0,-0.0,112.58040000000119,-0.0,138.91793162872696
2021-03-20 20:00:00,-0.0,4684.79,2160.0,64.95959999999923,3500.0,-0.0,112.58040000000119,-0.0,20.39835562503651
2021-03-20 21:00:00,-0.0,4585.17,2160.0,-0.0,3500.0,-0.0,19.376500000000306,-0.0,-0.0
2021-03-20 22:00:00,-0.0,4448.71,2160.0,-0.0,3350.8604000000005,-0.0,0.0,-0.0,-0.0
2021-03-20 23:00:00,-0.0,4289.14,2160.0,-0.0,3255.2092000000002,-0.0,0.0,-0.0,-0.0
2021-03-21 00:00:00,-0.0,4111.79,2160.0,-0.0,2609.6787000000013,-0.0,0.0,-0.0,-0.0
2021-03-21 01:00:00,-0.0,3958.37,2160.0,-0.0,2571.210899999999,-0.0,0.0,-0.0,-0.0
2021-03-21 02:00:00,-0.0,3834.1,2160.0,-0.0,2565.0427999999997,-0.0,0.0,-0.0,-0.0
2021-03-21 03:00:00,-0.0,3752.47,2160.0,-0.0,2643.753,-0.0,0.0,-0.0,-0.0
2021-03-21 04:00:00,-0.0,3721.85,2160.0,-0.0,2828.1422000000007,-0.0,0.0,-0.0,-0.0
2021-03-21 05:00:00,-0.0,3744.3300000000004,2160.0,-0.0,3086.824900000001,-0.0,0.0,-0.0,-0.0
2021-03-21 06:00:00,-0.0,3815.58,2160.0,-0.0,3346.304,-0.0,0.0,-0.0,-0.0
2021-03-21 07:00:00,1129.5312419023855,3925.43,2160.0,-0.0,2396.3586580976153,-0.0,0.0,-0.0,-0.0
2021-03-21 08:00:00,2934.674231836432,4059.3,2160.0,-0.0,640.2972681635683,-0.0,0.0,-0.0,-0.0
2021-03-21 09:00:00,4850.7247285337,4200.19,801.4316714663009,-0.0,-0.0,-0.0,0.0,-0.0,-0.0
2021-03-21 10:00:00,6508.377920783833,3326.1856696447444,-0.0,-0.0,-0.0,-0.0,0.0,23.778190428577243,22.58928090714838
2021-03-21 11:00:00,7624.684631038562,2206.641168961439,-0.0,-0.0,-0.0,-0.0,0.0,112.58040000000119,129.5384019790588
2021-03-21 12:00:00,8017.7712793300625,1722.6832206699391,-0.0,-0.0,-0.0,-0.0,0.0,112.58040000000119,236.476828138862
2021-03-21 13:00:00,7624.684631038562,2069.2129689614385,-0.0,-0.0,-0.0,-0.0,0.0,112.58040000000119,343.40456045604924
2021-03-21 14:00:00,6508.377920783833,3218.199079216168,-0.0,-0.0,-0.0,-0.0,0.0,112.58040000000119,450.32160000000476
2021-03-21 15:00:00,4850.7247285337,4482.5599999999995,418.7178737399845,-0.0,-0.0,-0.0,0.0,0.047402273684216005,450.32160000000476
2021-03-21 16:00:00,2934.674231836432,4419.15,2160.0,-0.0,482.9690681635693,-0.0,0.0,-0.0,450.27656784000476
2021-03-21 17:00:00,1129.5312419023855,4350.820000000001,2160.0,-0.0,2659.9634580976144,-0.0,0.0,-0.0,450.2315401832208
2021-03-21 18:00:00,-0.0,4294.12,2160.0,493.91849999999886,3500.0,-0.0,112.58040000000119,-0.0,331.68083281867484
2021-03-21 19:00:00,-0.0,4264.39,2160.0,629.5737999999992,3500.0,-0.0,112.58040000000119,-0.0,213.14198052486543
2021-03-21 20:00:00,-0.0,4273.52,2160.0,522.7500999999993,3500.0,-0.0,112.58040000000119,-0.0,94.61498211628538
2021-03-21 21:00:00,-0.0,4328.3,2160.0,237.18045541282982,3500.0,-0.0,89.87524458717007,-0.0,-0.0
2021-03-21 22:00:00,-0.0,4429.33,2160.0,-0.0,3425.2798000000003,-0.0,0.0,-0.0,-0.0
2021-03-21 23:00:00,-0.0,4570.86,2160.0,-0.0,3032.6990000000014,-0.0,0.0,-0.0,-0.0
2021-03-22 00:00:00,-0.0,4729.5199999999995,2160.0,-0.0,2622.1081000000004,-0.0,0.0,-0.0,-0.0
2021-03-22 01:00:00,-0.0,4913.32,2160.0,-0.0,2250.4568000000017,-0.0,0.0,-0.0,-0.0
2021-03-22 02:00:00,-0.0,5092.35,2160.0,-0.0,1944.9537,-0.0,0.0,-0.0,-0.0
2021-03-22 03:00:00,-0.0,5248.610000000001,2160.0,-0.0,1789.6622000000007,-0.0,0.0,-0.0,-0.0
2021-03-22 04:00:00,-0.0,5366.4400000000005,2160.0,-0.0,1829.4130000000005,-0.0,0.0,-0.0,-0.0
2021-03-22 05:00:00,-0.0,5434.57,2160.0,-0.0,2046.1754,-0.0,0.0,-0.0,-0.0
2021-03-22 06:00:00,7.867759334682123,5447.530000000001,2160.0,-0.0,2359.7206406653168,-0.0,0.0,-0.0,-0.0
2021-03-22 07:00:00,1074.2002478862805,5406.25,2160.0,-0.0,1627.6608521137196,-0.0,0.0,-0.0,-0.0
2021-03-22 08:00:00,2722.2335698576962,5317.94,2160.0,-0.0,254.3549301423045,-0.0,0.0,-0.0,-0.0
2021-03-22 09:00:00,4461.800738727073,5194.97,859.2048612729286,-0.0,-0.0,-0.0,0.0,-0.0,-0.0
2021-03-22 10:00:00,5962.790660707323,4538.676829721255,-0.0,-0.0,-0.0,-0.0,0.0,23.778190428577243,22.58928090714838
2021-03-22 11:00:00,6972.162803664287,3529.242796335715,-0.0,-0.0,-0.0,-0.0,0.0,112.58040000000119,129.5384019790588
2021-03-22 12:00:00,7327.361447783807,3086.2460522161946,-0.0,-0.0,-0.0,-0.0,0.0,112.58040000000119,236.476828138862
2021-03-22 13:00:00,6972.162803664287,3397.856996335713,-0.0,-0.0,-0.0,-0.0,0.0,112.58040000000119,343.40456045604924
2021-03-22 14:00:00,5962.790660707323,4442.7711392926785,-0.0,-0.0,-0.0,-0.0,0.0,112.58040000000119,450.32160000000476
2021-03-22 15:00:00,4461.800738727073,4582.7699999999995,1389.1687635466114,-0.0,-0.0,-0.0,0.0,0.047402273684216005,450.32160000000476
2021-03-22 16:00:00,2722.2335698576962,4585.71,2160.0,-0.0,1213.225630142304,-0.0,0.0,-0.0,450.27656784000476
2021-03-22 17:00:00,1074.2002478862805,4611.24,2160.0,-0.0,3141.77625211372,-0.0,0.0,-0.0,450.2315401832208
2021-03-22 18:00:00,7.867759334682123,4645.150000000001,2160.0,824.3314406653162,3500.0,-0.0,112.58040000000119,-0.0,331.68083281867484
2021-03-22 19:00:00,-0.0,4671.05,2160.0,914.5150999999996,3500.0,-0.0,112.58040000000119,-0.0,213.14198052486543
2021-03-22 20:00:00,-0.0,4672.65,2160.0,817.3924000000006,3500.0,-0.0,112.58040000000119,-0.0,94.61498211628538
2021-03-22 21:00:00,-0.0,4636.01,2160.0,625.2902554128304,3500.0,-0.0,89.87524458717007,-0.0,-0.0
2021-03-22 22:00:00,-0.0,4551.61,2160.0,500.7449000000006,3500.0,-0.0,0.0,-0.0,-0.0
2021-03-22 23:00:00,-0.0,4415.67,2160.0,387.4320000000007,3500.0,-0.0,0.0,-0.0,-0.0
2021-03-23 00:00:00,-0.0,4218.84,2160.0,-0.0,3266.8701,-0.0,0.0,-0.0,-0.0
2021-03-23 01:00:00,-0.0,3993.95,2160.0,-0.0,3305.451900000001,-0.0,0.0,-0.0,-0.0
2021-03-23 02:00:00,-0.0,3742.92,2160.0,-0.0,3431.4205999999995,-0.0,0.0,-0.0,-0.0
2021-03-23 03:00:00,-0.0,3483.0699999999997,2160.0,193.52350000000115,3500.0,-0.0,0.0,-0.0,-0.0
2021-03-23 04:00:00,-0.0,3232.9,2160.0,602.4235000000008,3500.0,-0.0,0.0,-0.0,-0.0
2021-03-23 05:00:00,-0.0,3009.6800000000003,2160.0,1111.5537999999997,3500.0,-0.0,0.0,-0.0,-0.0
2021-03-23 06:00:00,18.157226152521723,2827.3199999999997,2160.0,1611.01357384748,3500.0,-0.0,0.0,-0.0,-0.0
2021-03-23 07:00:00,950.7601258991615,2694.6,2160.0,1104.8721741008376,3500.0,-0.0,0.0,-0.0,-0.0
2021-03-23 08:00:00,2352.973398416615,2614.09,2160.0,-0.0,3470.1999015833853,-0.0,0.0,-0.0,-0.0
2021-03-23 09:00:00,3825.1037095607116,2581.93,2160.0,-0.0,2092.153790439288,-0.0,0.0,-0.0,-0.0
2021-03-23 10:00:00,5092.058481175545,2588.5000000000005,2160.0,-0.0,780.6846188244544,-0.0,0.0,-0.0,-0.0
2021-03-23 11:00:00,5942.870163668447,2619.7599999999998,2082.534636331555,-0.0,-0.0,-0.0,0.0,112.58040000000119,106.95138000000112
2021-03-23 12:00:00,6242.07937717506,2659.28,1656.0762228249405,-0.0,-0.0,-0.0,0.0,112.58040000000119,213.89206486200226
2021-03-23 13:00:00,5942.870163668447,2690.5499999999997,1880.358836331554,-0.0,-0.0,-0.0,0.0,112.58040000000119,320.8220556555172
2021-03-23 14:00:00,5092.058481175545,2699.22,2160.0,-0.0,485.2567188244557,-0.0,0.0,-0.0,320.7899734499517
2021-03-23 15:00:00,3825.1037095607116,2675.16,2160.0,-0.0,1916.640290439289,-0.0,0.0,-0.0,320.7578944526067
2021-03-23 16:00:00,2352.973398416615,2613.81,2160.0,84.53890158338527,3500.0,-0.0,112.58040000000119,-0.0,202.2201344526339
2021-03-23 17:00:00,950.7601258991615,2516.88,2160.0,1889.1171741008393,3500.0,-0.0,112.58040000000119,-0.0,83.6942282286611
2021-03-23 18:00:00,18.157226152521723,2392.08,2160.0,3241.5632079819334,3500.0,-0.0,79.50156586554633,-0.0,-0.0
2021-03-23 19:00:00,-0.0,2252.09,2160.0,3586.5438999999988,3500.0,-0.0,0.0,-0.0,-0.0
2021-03-23 20:00:00,-0.0,2112.86,2160.0,3629.2333,3500.0,-0.0,0.0,-0.0,-0.0
2021-03-23 21:00:00,-0.0,1991.39,2160.0,3498.1068000000005,3500.0,-0.0,0.0,-0.0,-0.0
2021-03-23 22:00:00,-0.0,1903.41,2160.0,3285.9831000000013,3500.0,-0.0,0.0,-0.0,-0.0
2021-03-23 23:00:00,-0.0,1861.17,2160.0,3077.5571,3500.0,-0.0,0.0,-0.0,-0.0
2021-03-24 00:00:00,-0.0,1859.6399999999999,2160.0,2260.0156000000006,3500.0,-0.0,0.0,-0.0,-0.0
2021-03-24 01:00:00,-0.0,1923.93,2160.0,2007.7443000000003,3500.0,-0.0,0.0,-0.0,-0.0
2021-03-24 02:00:00,-0.0,2036.3400000000001,2160.0,1768.4751000000015,3500.0,-0.0,0.0,-0.0,-0.0
2021-03-24 03:00:00,-0.0,2185.5299999999997,2160.0,1619.6127000000006,3500.0,-0.0,0.0,-0.0,-0.0
2021-03-24 04:00:00,-0.0,2355.82,2160.0,1606.0052000000014,3500.0,-0.0,0.0,-0.0,-0.0
2021-03-24 05:00:00,-0.0,2529.19,2160.0,1716.3745,3500.0,-0.0,0.0,-0.0,-0.0
2021-03-24 06:00:00,29.797045990923788,2687.57,2160.0,1861.1638540090762,3500.0,-0.0,0.0,-0.0,-0.0
2021-03-24 07:00:00,906.8345929327659,2815.23,2160.0,1147.7989070672356,3500.0,-0.0,0.0,-0.0,-0.0
2021-03-24 08:00:00,2194.167419221542,2900.71,2160.0,-0.0,3459.491180778458,-0.0,0.0,-0.0,-0.0
2021-03-24 09:00:00,3538.6503101243707,2938.31,2160.0,-0.0,2136.69218987563,-0.0,0.0,-0.0,-0.0
2021-03-24 10:00:00,4692.83386460876,2928.71,2160.0,-0.0,951.4121353912415,-0.0,0.0,-0.0,-0.0
2021-03-24 11:00:00,5466.865143949019,2878.75,2160.0,-0.0,135.8208560509829,-0.0,0.0,-0.0,-0.0
2021-03-24 12:00:00,5738.899897909602,2800.47,2123.9481020903995,-0.0,-0.0,-0.0,0.0,112.58040000000119,106.95138000000112
2021-03-24 13:00:00,5466.865143949019,2709.28,2160.0,-0.0,167.86265605098197,-0.0,0.0,-0.0,106.94068486200112
2021-03-24 14:00:00,4692.83386460876,2621.8799999999997,2160.0,-0.0,1061.4546353912401,-0.0,0.0,-0.0,106.92999079351492
2021-03-24 15:00:00,3538.6503101243707,2553.88,2160.0,-0.0,2420.7322898756292,-0.0,0.0,-0.0,106.91929779443556
2021-03-24 16:00:00,2194.167419221542,2517.6,2160.0,443.5598052070345,3500.0,-0.0,101.56317557142333,-0.0,-0.0
2021-03-24 17:00:00,906.8345929327659,2520.3799999999997,2160.0,2131.6437070672346,3500.0,-0.0,0.0,-0.0,-0.0
2021-03-24 18:00:00,29.797045990923788,2563.5400000000004,2160.0,3223.9287540090745,3500.0,-0.0,0.0,-0.0,-0.0
2021-03-24 19:00:00,-0.0,2642.1299999999997,2160.0,3278.8238,3500.0,-0.0,0.0,-0.0,-0.0
2021-03-24 20:00:00,-0.0,2745.61,2160.0,3075.0735000000004,3500.0,-0.0,0.0,-0.0,-0.0
2021-03-24 21:00:00,-0.0,2859.25,2160.0,2705.0267000000003,3500.0,-0.0,0.0,-0.0,-0.0
2021-03-24 22:00:00,-0.0,2966.12,2160.0,2294.163400000002,3500.0,-0.0,0.0,-0.0,-0.0
2021-03-24 23:00:00,-0.0,3049.4300000000003,2160.0,1956.2224000000006,3500.0,-0.0,0.0,-0.0,-0.0
2021-03-25 00:00:00,-0.0,3082.5399999999995,2160.0,1099.8731000000025,3500.0,-0.0,0.0,-0.0,-0.0
2021-03-25 01:00:00,-0.0,3079.9100000000003,2160.0,910.4189999999999,3500.0,-0.0,0.0,-0.0,-0.0
2021-03-25 02:00:00,-0.0,3025.1499999999996,2160.0,834.1494000000002,3500.0,-0.0,0.0,-0.0,-0.0
2021-03-25 03:00:00,-0.0,2920.4999999999995,2160.0,934.8968000000004,3500.0,-0.0,0.0,-0.0,-0.0
2021-03-25 04:00:00,-0.0,2774.46,2160.0,1233.3306000000002,3500.0,-0.0,0.0,-0.0,-0.0
2021-03-25 05:00:00,-0.0,2600.69,2160.0,1686.4966000000004,3500.0,-0.0,0.0,-0.0,-0.0
2021-03-25 06:00:00,44.94108771739704,2416.2400000000002,2160.0,2154.5792122826033,3500.0,-0.0,0.0,-0.0,-0.0
2021-03-25 07:00:00,942.0330510059396,2239.42,2160.0,1721.1990489940617,3500.0,-0.0,0.0,-0.0,-0.0
2021-03-25 08:00:00,2230.816669796146,2087.37,2160.0,764.4868302038531,3500.0,-0.0,0.0,-0.0,-0.0
2021-03-25 09:00:00,3570.043227866868,1973.93,2160.0,-0.0,3093.4627721331312,-0.0,0.0,-0.0,-0.0
2021-03-25 10:00:00,4716.883540305554,1907.8100000000002,2160.0,-0.0,1967.4881596944451,-0.0,0.0,-0.0,-0.0
2021-03-25 11:00:00,5484.94425050531,1891.62,2160.0,-0.0,1119.5084494946886,-0.0,0.0,-0.0,-0.0
2021-03-25 12:00:00,5754.735856059835,1921.57,2160.0,-0.0,724.4508439401652,-0.0,0.0,-0.0,-0.0
2021-03-25 13:00:00,5484.94425050531,1988.1299999999999,2160.0,-0.0,876.3116494946908,-0.0,0.0,-0.0,-0.0
2021-03-25 14:00:00,4716.883540305554,2077.44,2160.0,-0.0,1582.5638596944455,-0.0,0.0,-0.0,-0.0
2021-03-25 15:00:00,3570.043227866868,2173.27,2160.0,-0.0,2765.990872133131,-0.0,0.0,-0.0,-0.0
2021-03-25 16:00:00,2230.816669796146,2259.31,2160.0,758.1174302038562,3500.0,-0.0,0.0,-0.0,-0.0
2021-03-25 17:00:00,942.0330510059396,2321.5099999999998,2160.0,2281.973348994061,3500.0,-0.0,0.0,-0.0,-0.0
2021-03-25 18:00:00,44.94108771739704,2350.0099999999998,2160.0,3404.273312282604,3500.0,-0.0,0.0,-0.0,-0.0
2021-03-25 19:00:00,-0.0,2340.58,2160.0,3557.6303000000007,3500.0,-0.0,0.0,-0.0,-0.0
2021-03-25 20:00:00,-0.0,2295.25,2160.0,3497.9944000000014,3500.0,-0.0,0.0,-0.0,-0.0
2021-03-25 21:00:00,-0.0,2222.0699999999997,2160.0,3310.0797999999995,3500.0,-0.0,0.0,-0.0,-0.0
2021-03-25 22:00:00,-0.0,2134.06,2160.0,3089.420400000001,3500.0,-0.0,0.0,-0.0,-0.0
2021-03-25 23:00:00,-0.0,2047.53,2160.0,2916.6589000000013,3500.0,-0.0,0.0,-0.0,-0.0
2021-03-26 00:00:00,-0.0,1967.45,2160.0,2168.733800000001,3500.0,-0.0,0.0,-0.0,-0.0
2021-03-26 01:00:00,-0.0,1934.55,2160.0,2004.932099999999,3500.0,-0.0,0.0,-0.0,-0.0
2021-03-26 02:00:00,-0.0,1949.05,2160.0,1854.813500000001,3500.0,-0.0,0.0,-0.0,-0.0
2021-03-26 03:00:00,-0.0,2018.3100000000002,2160.0,1777.0930999999991,3500.0,-0.0,0.0,-0.0,-0.0
2021-03-26 04:00:00,-0.0,2143.43,2160.0,1799.8441999999995,3500.0,-0.0,0.0,-0.0,-0.0
2021-03-26 05:00:00,-0.0,2319.04,2160.0,1899.1477999999997,3500.0,-0.0,0.0,-0.0,-0.0
2021-03-26 06:00:00,59.4601726740232,2533.99,2160.0,1948.8705273259775,3500.0,-0.0,0.0,-0.0,-0.0
2021-03-26 07:00:00,941.3299746398616,2772.7000000000003,2160.0,1110.788525360137,3500.0,-0.0,0.0,-0.0,-0.0
2021-03-26 08:00:00,2183.8667924613837,3017.22,2160.0,-0.0,3299.411107538617,-0.0,0.0,-0.0,-0.0
2021-03-26 09:00:00,3468.733271497727,3249.5400000000004,2160.0,-0.0,1832.698428502274,-0.0,0.0,-0.0,-0.0
2021-03-26 10:00:00,4566.369398253274,3453.87,2160.0,-0.0,481.2478017467274,-0.0,0.0,-0.0,-0.0
2021-03-26 11:00:00,5300.526203688824,3618.7000000000003,1754.5619963111758,-0.0,-0.0,-0.0,0.0,112.58040000000119,106.95138000000112
2021-03-26 12:00:00,5558.2427516545185,3738.19,1277.9353483454825,-0.0,-0.0,-0.0,0.0,112.58040000000119,213.89206486200226
2021-03-26 13:00:00,5300.526203688824,3812.83,1405.6045963111765,-0.0,-0.0,-0.0,0.0,112.58040000000119,320.8220556555172
2021-03-26 14:00:00,4566.369398253274,3849.2599999999998,2126.8679017467266,-0.0,-0.0,-0.0,0.0,112.58040000000119,427.7413534499528
2021-03-26 15:00:00,3468.733271497727,3859.19,2160.0,-0.0,1070.5220285022738,-0.0,0.0,-0.0,427.6985793146078
2021-03-26 16:00:00,2183.8667924613837,3857.7400000000002,2160.0,-0.0,2591.9669075386173,-0.0,0.0,-0.0,427.65580945667637
2021-03-26 17:00:00,941.3299746398616,3861.21,2160.0,511.99592536013733,3500.0,-0.0,112.58040000000119,-0.0,309.10735966520315
2021-03-26 18:00:00,59.4601726740232,3884.7999999999997,2160.0,1620.3385273259764,3500.0,-0.0,112.58040000000119,-0.0,190.57076471870906
2021-03-26 19:00:00,-0.0,3940.38,2160.0,1719.6490999999996,3500.0,-0.0,112.58040000000119,-0.0,72.04602343170961
2021-03-26 20:00:00,-0.0,4034.81,2160.0,1560.932222112102,3500.0,-0.0,68.43687788789813,-0.0,-0.0
2021-03-26 21:00:00,-0.0,4168.88,2160.0,1230.8309999999992,3500.0,-0.0,0.0,-0.0,-0.0
2021-03-26 22:00:00,-0.0,4337.110000000001,2160.0,750.6569000000018,3500.0,-0.0,0.0,-0.0,-0.0
2021-03-26 23:00:00,-0.0,4528.42,2160.0,296.8794999999991,3500.0,-0.0,0.0,-0.0,-0.0
2021-03-27 00:00:00,-0.0,4715.0599999999995,2160.0,-0.0,2212.0478999999996,-0.0,0.0,-0.0,-0.0
2021-03-27 01:00:00,-0.0,4904.45,2160.0,-0.0,1822.987,-0.0,0.0,-0.0,-0.0
2021-03-27 02:00:00,-0.0,5066.75,2160.0,-0.0,1522.2070999999996,-0.0,0.0,-0.0,-0.0
2021-03-27 03:00:00,-0.0,5187.040000000001,2160.0,-0.0,1390.7045999999991,-0.0,0.0,-0.0,-0.0
2021-03-27 04:00:00,-0.0,5254.78,2160.0,-0.0,1468.1967000000013,-0.0,0.0,-0.0,-0.0
2021-03-27 05:00:00,-0.0,5265.2699999999995,2160.0,-0.0,1730.0944000000009,-0.0,0.0,-0.0,-0.0
2021-03-27 06:00:00,70.68707464663343,5220.29,2160.0,-0.0,2026.1100253533673,-0.0,0.0,-0.0,-0.0
2021-03-27 07:00:00,895.6746506140679,5127.89,2160.0,-0.0,1573.730949385933,-0.0,0.0,-0.0,-0.0
2021-03-27 08:00:00,2037.604588432527,5001.299999999999,2160.0,-0.0,731.8994115674739,-0.0,0.0,-0.0,-0.0
2021-03-27 09:00:00,3212.869273956937,4857.22,1909.1397260430622,-0.0,-0.0,-0.0,0.0,-0.0,-0.0
2021-03-27 10:00:00,4214.507576887043,4713.62,1020.2146145842917,-0.0,-0.0,-0.0,0.0,20.52299147133417,19.49684189776746
2021-03-27 11:00:00,4883.601918604584,4587.4,467.3203813954178,-0.0,-0.0,-0.0,0.0,112.58040000000119,126.44627221357881
2021-03-27 12:00:00,5118.340145336079,4492.17,226.72025466392097,-0.0,-0.0,-0.0,0.0,112.58040000000119,233.38500758635857
2021-03-27 13:00:00,4883.601918604584,4436.49,460.1880813954167,-0.0,-0.0,-0.0,0.0,112.58040000000119,340.31304908560105
2021-03-27 14:00:00,4214.507576887043,4422.87,1165.0245231129584,-0.0,-0.0,-0.0,0.0,112.58040000000119,447.2303977806936
2021-03-27 15:00:00,3212.869273956937,4447.5,2160.0,-0.0,-0.0,-0.0,0.0,3.3009739569361045,450.32160000000476
2021-03-27 16:00:00,2037.604588432527,4500.87,2160.0,-0.0,1262.6514158735772,-0.0,89.92019569389666,-0.0,355.62373026748196
2021-03-27 17:00:00,895.6746506140679,4569.2,2160.0,-0.0,2718.696249385933,-0.0,0.0,-0.0,355.58816789445524
2021-03-27 18:00:00,70.68707464663343,4636.42,2160.0,113.063525353366,3500.0,-0.0,112.58040000000119,-0.0,237.04692486713827
2021-03-27 19:00:00,-0.0,4686.429999999999,2160.0,228.4222000000018,3500.0,-0.0,112.58040000000119,-0.0,118.51753596412398
2021-03-27 20:00:00,-0.0,4705.4400000000005,2160.0,100.36689999999908,3500.0,-0.0,112.58040000000119,-0.0,-0.0
2021-03-27 21:00:00,-0.0,4683.9,2160.0,-0.0,3469.5421000000006,-0.0,0.0,-0.0,-0.0
2021-03-27 22:00:00,-0.0,4617.96,2160.0,-0.0,3223.1961,-0.0,0.0,-0.0,-0.0
2021-03-27 23:00:00,-0.0,4510.04,2160.0,-0.0,3068.4446,-0.0,0.0,-0.0,-0.0
2021-03-28 00:00:00,-0.0,4356.12,2160.0,-0.0,2390.9821,-0.0,0.0,-0.0,-0.0
2021-03-28 01:00:00,-0.0,4194.78,2160.0,-0.0,2352.7201000000014,-0.0,0.0,-0.0,-0.0
2021-03-28 02:00:00,-0.0,4030.28,2160.0,-0.0,2378.9456000000014,-0.0,0.0,-0.0,-0.0
2021-03-28 03:00:00,-0.0,3880.5099999999998,2160.0,-0.0,2517.8437,-0.0,0.0,-0.0,-0.0
2021-03-28 04:00:00,-0.0,3762.04,2160.0,-0.0,2782.022900000001,-0.0,0.0,-0.0,-0.0
2021-03-28 05:00:00,-0.0,3688.02,2160.0,-0.0,3129.0442000000007,-0.0,0.0,-0.0,-0.0
2021-03-28 06:00:00,90.47365237768507,3666.36,2160.0,-0.0,3382.703347622315,-0.0,0.0,-0.0,-0.0
2021-03-28 07:00:00,954.8111849608488,3698.73,2160.0,-0.0,2767.087015039152,-0.0,0.0,-0.0,-0.0
2021-03-28 08:00:00,2131.805661544657,3780.3399999999997,2160.0,-0.0,1683.0088384553437,-0.0,0.0,-0.0,-0.0
2021-03-28 09:00:00,3337.6262691376623,3900.5499999999997,2160.0,-0.0,406.5537308623393,-0.0,0.0,-0.0,-0.0
2021-03-28 10:00:00,4362.945969668045,4044.32,1347.3373303319559,-0.0,-0.0,-0.0,0.0,-0.0,-0.0
2021-03-28 11:00:00,5046.983474150324,4194.21,436.5238162782525,-0.0,-0.0,-0.0,0.0,23.778190428577243,22.58928090714838
2021-03-28 12:00:00,5286.832954463783,4332.66,47.47774553621912,-0.0,-0.0,-0.0,0.0,112.58040000000119,129.5384019790588
2021-03-28 13:00:00,5046.983474150324,4444.31,120.39862584967614,-0.0,-0.0,-0.0,0.0,112.58040000000119,236.476828138862
2021-03-28 14:00:00,4362.945969668045,4518.05,754.6174303319549,-0.0,-0.0,-0.0,0.0,112.58040000000119,343.40456045604924
2021-03-28 15:00:00,3337.6262691376623,4548.360000000001,1878.7977308623385,-0.0,-0.0,-0.0,0.0,112.58040000000119,450.32160000000476
2021-03-28 16:00:00,2131.805661544657,4536.06,2160.0,-0.0,1060.3633384553418,-0.0,0.0,-0.0,450.27656784000476
2021-03-28 17:00:00,954.8111849608488,4488.0,2160.0,-0.0,2580.1148150391527,-0.0,0.0,-0.0,450.2315401832208
2021-03-28 18:00:00,90.47365237768507,4416.11,2160.0,155.23264762231383,3500.0,-0.0,112.58040000000119,-0.0,331.68083281867484
2021-03-28 19:00:00,-0.0,4335.65,2160.0,423.256800000001,3500.0,-0.0,112.58040000000119,-0.0,213.14198052486543
2021-03-28 20:00:00,-0.0,4263.01,2160.0,389.3773999999994,3500.0,-0.0,112.58040000000119,-0.0,94.61498211628538
2021-03-28 21:00:00,-0.0,4213.42,2160.0,199.36765541283103,3500.0,-0.0,89.87524458717007,-0.0,-0.0
2021-03-28 22:00:00,-0.0,4198.73,2160.0,-0.0,3494.3976999999995,-0.0,0.0,-0.0,-0.0
2021-03-28 23:00:00,-0.0,4225.74,2160.0,-0.0,3207.5787999999993,-0.0,0.0,-0.0,-0.0
2021-03-29 00:00:00,-0.0,4282.5,2160.0,-0.0,2889.2873999999993,-0.0,0.0,-0.0,-0.0
2021-03-29 01:00:00,-0.0,4388.639999999999,2160.0,-0.0,2586.6198999999997,-0.0,0.0,-0.0,-0.0
2021-03-29 02:00:00,-0.0,4520.24,2160.0,-0.0,2319.92,-0.0,0.0,-0.0,-0.0
2021-03-29 03:00:00,-0.0,4661.77,2160.0,-0.0,2170.794099999999,-0.0,0.0,-0.0,-0.0
2021-03-29 04:00:00,-0.0,4795.49,2160.0,-0.0,2186.1555000000008,-0.0,0.0,-0.0,-0.0
2021-03-29 05:00:00,-0.0,4903.719999999999,2160.0,-0.0,2354.392600000001,-0.0,0.0,-0.0,-0.0
2021-03-29 06:00:00,132.90375307337504,4971.2,2160.0,-0.0,2480.0371469266256,-0.0,0.0,-0.0,-0.0
2021-03-29 07:00:00,1202.4391450704397,4987.08,2160.0,-0.0,1679.3581549295604,-0.0,0.0,-0.0,-0.0
2021-03-29 08:00:00,2636.9939304274803,4946.32,2160.0,-0.0,463.8180695725214,-0.0,0.0,-0.0,-0.0
2021-03-29 09:00:00,4100.1851277743,4850.360000000001,1309.973972225701,-0.0,-0.0,-0.0,0.0,-0.0,-0.0
2021-03-29 10:00:00,5341.53899171004,4706.9,189.62119871853793,-0.0,-0.0,-0.0,0.0,23.778190428577243,22.58928090714838
2021-03-29 11:00:00,6168.691596487302,4061.4703035126986,-0.0,-0.0,-0.0,-0.0,0.0,112.58040000000119,129.5384019790588
2021-03-29 12:00:00,6458.559938273165,3676.0896617268354,-0.0,-0.0,-0.0,-0.0,0.0,112.58040000000119,236.476828138862
2021-03-29 13:00:00,6168.691596487302,3914.784803512699,-0.0,-0.0,-0.0,-0.0,0.0,112.58040000000119,343.40456045604924
2021-03-29 14:00:00,5341.53899171004,3954.96,815.0678082899603,-0.0,-0.0,-0.0,0.0,112.58040000000119,450.32160000000476
2021-03-29 15:00:00,4100.1851277743,3803.64,2160.0,-0.0,68.56207222570174,-0.0,0.0,-0.0,450.27656784000476
2021-03-29 16:00:00,2636.9939304274803,3690.1299999999997,2160.0,-0.0,1885.578669572521,-0.0,0.0,-0.0,450.2315401832208
2021-03-29 17:00:00,1202.4391450704397,3616.7599999999998,2160.0,79.96205492955869,3500.0,-0.0,112.58040000000119,-0.0,331.68083281867484
2021-03-29 18:00:00,132.90375307337504,3579.59,2160.0,1442.5308469266256,3500.0,-0.0,112.58040000000119,-0.0,213.14198052486543
2021-03-29 19:00:00,-0.0,3569.03,2160.0,1687.5258999999987,3500.0,-0.0,112.58040000000119,-0.0,94.61498211628538
2021-03-29 20:00:00,-0.0,3571.29,2160.0,1605.9353554128302,3500.0,-0.0,89.87524458717007,-0.0,-0.0
2021-03-29 21:00:00,-0.0,3570.3,2160.0,1439.0171,3500.0,-0.0,0.0,-0.0,-0.0
2021-03-29 22:00:00,-0.0,3550.04,2160.0,1154.2997000000005,3500.0,-0.0,0.0,-0.0,-0.0
2021-03-29 23:00:00,-0.0,3496.84,2160.0,952.2798000000003,3500.0,-0.0,0.0,-0.0,-0.0
2021-03-30 00:00:00,-0.0,3388.6,2160.0,236.50959999999986,3500.0,-0.0,0.0,-0.0,-0.0
2021-03-30 01:00:00,-0.0,3247.1499999999996,2160.0,186.07180000000153,3500.0,-0.0,0.0,-0.0,-0.0
2021-03-30 02:00:00,-0.0,3062.46,2160.0,240.32369999999992,3500.0,-0.0,0.0,-0.0,-0.0
2021-03-30 03:00:00,-0.0,2843.3599999999997,2160.0,456.5039000000006,3500.0,-0.0,0.0,-0.0,-0.0
2021-03-30 04:00:00,-0.0,2603.73,2160.0,849.9031000000014,3500.0,-0.0,0.0,-0.0,-0.0
2021-03-30 05:00:00,-0.0,2360.77,2160.0,1374.0257999999994,3500.0,-0.0,0.0,-0.0,-0.0
2021-03-30 06:00:00,187.93342864687514,2132.8,2160.0,1744.7914713531254,3500.0,-0.0,0.0,-0.0,-0.0
2021-03-30 07:00:00,1489.93041914242,1936.87,2160.0,928.160380857581,3500.0,-0.0,0.0,-0.0,-0.0
2021-03-30 08:00:00,3211.887199032891,1786.61,2160.0,-0.0,3039.4152009671084,-0.0,0.0,-0.0,-0.0
2021-03-30 09:00:00,4960.694800142151,1690.46,2160.0,-0.0,1444.8324998578482,-0.0,0.0,-0.0,-0.0
2021-03-30 10:00:00,6441.0946285444015,1650.6299999999999,2146.479861884177,-0.0,-0.0,-0.0,0.0,23.778190428577243,22.58928090714838
2021-03-30 11:00:00,7426.338976208341,1662.84,1145.78772379166,-0.0,-0.0,-0.0,0.0,112.58040000000119,129.5384019790588
2021-03-30 12:00:00,7771.415552644803,1717.0,655.679847355199,-0.0,-0.0,-0.0,0.0,112.58040000000119,236.476828138862
2021-03-30 13:00:00,7426.338976208341,1798.62,872.5795237916591,-0.0,-0.0,-0.0,0.0,112.58040000000119,343.40456045604924
2021-03-30 14:00:00,6441.0946285444015,1890.75,1798.3745714555998,-0.0,-0.0,-0.0,0.0,112.58040000000119,450.32160000000476
2021-03-30 15:00:00,4960.694800142151,1976.3500000000001,2160.0,-0.0,1058.5525998578496,-0.0,0.0,-0.0,450.27656784000476
2021-03-30 16:00:00,3211.887199032891,2040.55,2160.0,-0.0,2987.9970009671083,-0.0,0.0,-0.0,450.2315401832208
2021-03-30 17:00:00,1489.93041914242,2072.67,2160.0,1368.7747808575805,3500.0,-0.0,112.58040000000119,-0.0,331.68083281867484
2021-03-30 18:00:00,187.93342864687514,2067.64,2160.0,2936.1059713531267,3500.0,-0.0,112.58040000000119,-0.0,213.14198052486543
2021-03-30 19:00:00,-0.0,2026.6200000000001,2160.0,3270.9847,3500.0,-0.0,112.58040000000119,-0.0,94.61498211628538
2021-03-30 20:00:00,-0.0,1956.82,2160.0,3265.7961554128306,3500.0,-0.0,89.87524458717007,-0.0,-0.0
2021-03-30 21:00:00,-0.0,1870.4299999999998,2160.0,3188.5666,3500.0,-0.0,0.0,-0.0,-0.0
2021-03-30 22:00:00,-0.0,1782.95,2160.0,2975.3007000000007,3500.0,-0.0,0.0,-0.0,-0.0
2021-03-30 23:00:00,-0.0,1710.94,2160.0,2796.259899999999,3500.0,-0.0,0.0,-0.0,-0.0
2021-03-31 00:00:00,-0.0,1656.92,2160.0,2030.2762999999995,3500.0,-0.0,0.0,-0.0,-0.0
2021-03-31 01:00:00,-0.0,1658.4399999999998,2160.0,1840.9049999999997,3500.0,-0.0,0.0,-0.0,-0.0
2021-03-31 02:00:00,-0.0,1709.4699999999998,2160.0,1663.4006000000008,3500.0,-0.0,0.0,-0.0,-0.0
2021-03-31 03:00:00,-0.0,1810.63,2160.0,1563.2104000000008,3500.0,-0.0,0.0,-0.0,-0.0
2021-03-31 04:00:00,-0.0,1956.14,2160.0,1575.2812000000004,3500.0,-0.0,0.0,-0.0,-0.0
2021-03-31 05:00:00,-0.0,2134.54,2160.0,1681.7722999999996,3500.0,-0.0,0.0,-0.0,-0.0
2021-03-31 06:00:00,227.3280250318792,2330.0499999999997,2160.0,1593.3085749681222,3500.0,-0.0,0.0,-0.0,-0.0
2021-03-31 07:00:00,1606.4625368342652,2524.6200000000003,2160.0,312.59676316573405,3500.0,-0.0,0.0,-0.0,-0.0
2021-03-31 08:00:00,3406.661672321128,2700.24,2160.0,-0.0,2023.195027678872,-0.0,0.0,-0.0,-0.0
2021-03-31 09:00:00,5227.316982078165,2841.23,2160.0,-0.0,122.99551792183684,-0.0,0.0,-0.0,-0.0
2021-03-31 10:00:00,6765.246313133306,2936.3,635.4893772952701,-0.0,-0.0,-0.0,0.0,23.778190428577243,22.58928090714838
2021-03-31 11:00:00,7787.552829237641,2549.4209707623586,-0.0,-0.0,-0.0,-0.0,0.0,112.58040000000119,129.5384019790588
2021-03-31 12:00:00,8145.42985951365,2103.745840486352,-0.0,-0.0,-0.0,-0.0,0.0,112.58040000000119,236.476828138862
2021-03-31 13:00:00,7787.552829237641,2418.0351707623604,-0.0,-0.0,-0.0,-0.0,0.0,112.58040000000119,343.40456045604924
2021-03-31 14:00:00,6765.246313133306,2841.49,634.3923868666952,-0.0,-0.0,-0.0,0.0,112.58040000000119,450.32160000000476
2021-03-31 15:00:00,5227.316982078165,2744.98,2160.0,-0.0,136.96201792183547,-0.0,0.0,-0.0,450.27656784000476
2021-03-31 16:00:00,3406.661672321128,2650.3300000000004,2160.0,-0.0,2299.744427678872,-0.0,0.0,-0.0,450.2315401832208
2021-03-31 17:00:00,1606.4625368342652,2573.57,2160.0,870.1717631657348,3500.0,-0.0,112.58040000000119,-0.0,331.68083281867484
2021-03-31 18:00:00,227.3280250318792,2527.4799999999996,2160.0,2558.1093749681213,3500.0,-0.0,112.58040000000119,-0.0,213.14198052486543
2021-03-31 19:00:00,-0.0,2519.8399999999997,2160.0,2901.2920000000013,3500.0,-0.0,112.58040000000119,-0.0,94.61498211628538
2021-03-31 20:00:00,-0.0,2552.44,2160.0,2795.874455412828,3500.0,-0.0,89.87524458717007,-0.0,-0.0
2021-03-31 21:00:00,-0.0,2620.79,2160.0,2565.953699999999,3500.0,-0.0,0.0,-0.0,-0.0
2021-03-31 22:00:00,-0.0,2714.81,2160.0,2173.1131000000005,3500.0,-0.0,0.0,-0.0,-0.0
2021-03-31 23:00:00,-0.0,2820.21,2160.0,1818.4602000000004,3500.0,-0.0,0.0,-0.0,-0.0
2021-04-01 00:00:00,-0.0,2907.6000000000004,2160.0,912.6460999999999,3500.0,-0.0,0.0,-0.0,-0.0
2021-04-01 01:00:00,-0.0,2986.36,2160.0,647.5779000000002,3500.0,-0.0,0.0,-0.0,-0.0
2021-04-01 02:00:00,-0.0,3029.58,2160.0,479.29659999999967,3500.0,-0.0,0.0,-0.0,-0.0
2021-04-01 03:00:00,-0.0,3027.5800000000004,2160.0,483.54950000000053,3500.0,-0.0,0.0,-0.0,-0.0
2021-04-01 04:00:00,-0.0,2976.48,2160.0,693.3795000000009,3500.0,-0.0,0.0,-0.0,-0.0
2021-04-01 05:00:00,-0.0,2878.8,2160.0,1076.9697999999999,3500.0,-0.0,0.0,-0.0,-0.0
2021-04-01 06:00:00,243.24210277834263,2743.2200000000003,2160.0,1304.5646972216582,3500.0,-0.0,0.0,-0.0,-0.0
2021-04-01 07:00:00,1553.2519318587129,2583.53,2160.0,447.98636814128804,3500.0,-0.0,0.0,-0.0,-0.0
2021-04-01 08:00:00,3242.3538415629373,2416.9,2160.0,-0.0,2612.5454584370636,-0.0,0.0,-0.0,-0.0
2021-04-01 09:00:00,4943.754007702367,2261.66,2160.0,-0.0,1128.3094922976334,-0.0,0.0,-0.0,-0.0
2021-04-01 10:00:00,6377.94051496289,2134.95,1966.6667754656855,-0.0,-0.0,-0.0,0.0,23.778190428577243,22.58928090714838
2021-04-01 11:00:00,7330.17375324812,2050.51,1099.0157467518802,-0.0,-0.0,-0.0,0.0,112.58040000000119,129.5384019790588
2021-04-01 12:00:00,7663.342671230532,2016.93,711.6976287694688,-0.0,-0.0,-0.0,0.0,112.58040000000119,236.476828138862
2021-04-01 13:00:00,7330.17375324812,2036.63,981.5099467518812,-0.0,-0.0,-0.0,0.0,112.58040000000119,343.40456045604924
2021-04-01 14:00:00,6377.94051496289,2105.58,1900.129785037111,-0.0,-0.0,-0.0,0.0,112.58040000000119,450.32160000000476
2021-04-01 15:00:00,4943.754007702367,2213.96,2160.0,-0.0,1093.7259922976336,-0.0,0.0,-0.0,450.27656784000476
2021-04-01 16:00:00,3242.3538415629373,2347.56,2160.0,-0.0,2908.5248584370656,-0.0,0.0,-0.0,450.2315401832208
2021-04-01 17:00:00,1553.2519318587129,2489.78,2160.0,1148.260068141286,3500.0,-0.0,112.58040000000119,-0.0,331.68083281867484
2021-04-01 18:00:00,243.24210277834263,2623.9,2160.0,2586.115497221658,3500.0,-0.0,112.58040000000119,-0.0,213.14198052486543
2021-04-01 19:00:00,-0.0,2735.4,2160.0,2825.1895000000004,3500.0,-0.0,112.58040000000119,-0.0,94.61498211628538
2021-04-01 20:00:00,-0.0,2813.9500000000003,2160.0,2672.8040554128293,3500.0,-0.0,89.87524458717007,-0.0,-0.0
2021-04-01 21:00:00,-0.0,2854.83,2160.0,2469.202799999999,3500.0,-0.0,0.0,-0.0,-0.0
2021-04-01 22:00:00,-0.0,2859.53,2160.0,2164.3990999999987,3500.0,-0.0,0.0,-0.0,-0.0
2021-04-01 23:00:00,-0.0,2835.59,2160.0,1937.6731,3500.0,-0.0,0.0,-0.0,-0.0
2021-04-02 00:00:00,-0.0,2782.54,2160.0,1170.6675000000005,3500.0,-0.0,0.0,-0.0,-0.0
2021-04-02 01:00:00,-0.0,2742.0899999999997,2160.0,1023.1375000000007,3500.0,-0.0,0.0,-0.0,-0.0
2021-04-02 02:00:00,-0.0,2718.09,2160.0,920.2783,3500.0,-0.0,0.0,-0.0,-0.0
2021-04-02 03:00:00,-0.0,2726.0800000000004,2160.0,912.6159000000007,3500.0,-0.0,0.0,-0.0,-0.0
2021-04-02 04:00:00,-0.0,2778.16,2160.0,1017.2184000000016,3500.0,-0.0,0.0,-0.0,-0.0
2021-04-02 05:00:00,-0.0,2881.25,2160.0,1197.8677000000007,3500.0,-0.0,0.0,-0.0,-0.0
2021-04-02 06:00:00,258.7209427743768,3036.03,2160.0,1117.333157225623,3500.0,-0.0,0.0,-0.0,-0.0
2021-04-02 07:00:00,1509.783956527384,3236.79,2160.0,-0.0,3456.841443472616,-0.0,0.0,-0.0,-0.0
2021-04-02 08:00:00,3104.349994849917,3472.04,2160.0,-0.0,1811.531805150083,-0.0,0.0,-0.0,-0.0
2021-04-02 09:00:00,4704.261645543106,3725.9399999999996,2160.0,-0.0,17.004054456894664,-0.0,0.0,-0.0,-0.0
2021-04-02 10:00:00,6050.128369293454,3980.3300000000004,536.0508307065465,-0.0,-0.0,-0.0,0.0,-0.0,-0.0
2021-04-02 11:00:00,6942.7117158852425,3644.8578841147582,-0.0,-0.0,-0.0,-0.0,0.0,112.58040000000119,106.95138000000112
2021-04-02 12:00:00,7254.844142596908,3242.0270574030937,-0.0,-0.0,-0.0,-0.0,0.0,112.58040000000119,213.89206486200226
2021-04-02 13:00:00,6942.7117158852425,3507.428384114758,-0.0,-0.0,-0.0,-0.0,0.0,112.58040000000119,320.8220556555172
2021-04-02 14:00:00,6050.128369293454,4432.173730706547,-0.0,-0.0,-0.0,-0.0,0.0,112.58040000000119,427.7413534499528
2021-04-02 15:00:00,4704.261645543106,4741.77,1084.5965604415223,-0.0,-0.0,-0.0,0.0,23.81370598462839,450.32160000000476
2021-04-02 16:00:00,3104.349994849917,4754.78,2160.0,-0.0,731.3123051500838,-0.0,0.0,-0.0,450.27656784000476
2021-04-02 17:00:00,1509.783956527384,4736.07,2160.0,-0.0,2646.5575434726165,-0.0,0.0,-0.0,450.2315401832208
2021-04-02 18:00:00,258.7209427743768,4701.02,2160.0,578.4976572256214,3500.0,-0.0,112.58040000000119,-0.0,331.68083281867484
2021-04-02 19:00:00,-0.0,4666.22,2160.0,975.7052999999987,3500.0,-0.0,112.58040000000119,-0.0,213.14198052486543
2021-04-02 20:00:00,-0.0,4647.22,2160.0,894.4363000000003,3500.0,-0.0,112.58040000000119,-0.0,94.61498211628538
2021-04-02 21:00:00,-0.0,4656.28,2160.0,651.6733554128314,3500.0,-0.0,89.87524458717007,-0.0,-0.0
2021-04-02 22:00:00,-0.0,4700.6900000000005,2160.0,393.14660000000003,3500.0,-0.0,0.0,-0.0,-0.0
2021-04-02 23:00:00,-0.0,4781.71,2160.0,57.495599999999286,3500.0,-0.0,0.0,-0.0,-0.0
2021-04-03 00:00:00,-0.0,4881.3,2160.0,-0.0,2066.740500000001,-0.0,0.0,-0.0,-0.0
2021-04-03 01:00:00,-0.0,5014.999999999999,2160.0,-0.0,1740.9551000000001,-0.0,0.0,-0.0,-0.0
2021-04-03 02:00:00,-0.0,5154.990000000001,2160.0,-0.0,1469.9368000000004,-0.0,0.0,-0.0,-0.0
2021-04-03 03:00:00,-0.0,5284.32,2160.0,-0.0,1336.7029000000002,-0.0,0.0,-0.0,-0.0
2021-04-03 04:00:00,-0.0,5386.18,2160.0,-0.0,1387.2367000000013,-0.0,0.0,-0.0,-0.0
2021-04-03 05:00:00,-0.0,5446.15,2160.0,-0.0,1606.6627000000008,-0.0,0.0,-0.0,-0.0
2021-04-03 06:00:00,286.3306400708358,5454.24,2160.0,-0.0,1640.8157599291658,-0.0,0.0,-0.0,-0.0
2021-04-03 07:00:00,1541.1880342122004,5406.26,2160.0,-0.0,720.8301657878001,-0.0,0.0,-0.0,-0.0
2021-04-03 08:00:00,3123.3218967917037,5304.4800000000005,1580.499003208296,-0.0,-0.0,-0.0,0.0,-0.0,-0.0
2021-04-03 09:00:00,4704.730363120491,5157.4,200.93173687951003,-0.0,-0.0,-0.0,0.0,-0.0,-0.0
2021-04-03 10:00:00,6032.372901064405,4009.213089364173,-0.0,-0.0,-0.0,-0.0,0.0,23.778190428577243,22.58928090714838
2021-04-03 11:00:00,6911.8879552009985,3122.3912447990024,-0.0,-0.0,-0.0,-0.0,0.0,112.58040000000119,129.5384019790588
2021-04-03 12:00:00,7219.299726311854,2719.664773688146,-0.0,-0.0,-0.0,-0.0,0.0,112.58040000000119,236.476828138862
2021-04-03 13:00:00,6911.8879552009985,2975.705744799003,-0.0,-0.0,-0.0,-0.0,0.0,112.58040000000119,343.40456045604924
2021-04-03 14:00:00,6032.372901064405,3882.720998935597,-0.0,-0.0,-0.0,-0.0,0.0,112.58040000000119,450.32160000000476
2021-04-03 15:00:00,4704.730363120491,4203.39,1026.8572391531925,-0.0,-0.0,-0.0,0.0,0.047402273684216005,450.32160000000476
2021-04-03 16:00:00,3123.3218967917037,4159.39,2160.0,-0.0,731.1583032082972,-0.0,0.0,-0.0,450.27656784000476
2021-04-03 17:00:00,1541.1880342122004,4157.84,2160.0,-0.0,2612.1144657877994,-0.0,0.0,-0.0,450.2315401832208
2021-04-03 18:00:00,286.3306400708358,4189.26,2160.0,476.67945992916384,3500.0,-0.0,112.58040000000119,-0.0,331.68083281867484
2021-04-03 19:00:00,-0.0,4239.83,2160.0,811.4273000000012,3500.0,-0.0,112.58040000000119,-0.0,213.14198052486543
2021-04-03 20:00:00,-0.0,4293.37,2160.0,652.9214000000002,3500.0,-0.0,112.58040000000119,-0.0,94.61498211628538
2021-04-03 21:00:00,-0.0,4333.65,2160.0,374.25065541283084,3500.0,-0.0,89.87524458717007,-0.0,-0.0
2021-04-03 22:00:00,-0.0,4346.650000000001,2160.0,142.45649999999932,3500.0,-0.0,0.0,-0.0,-0.0
2021-04-03 23:00:00,-0.0,4322.599999999999,2160.0,-0.0,3407.215000000001,-0.0,0.0,-0.0,-0.0
2021-04-04 00:00:00,-0.0,4244.19,2160.0,-0.0,2656.7359000000006,-0.0,0.0,-0.0,-0.0
2021-04-04 01:00:00,-0.0,4139.79,2160.0,-0.0,2564.4342000000006,-0.0,0.0,-0.0,-0.0
2021-04-04 02:00:00,-0.0,4004.39,2160.0,-0.0,2564.216900000001,-0.0,0.0,-0.0,-0.0
2021-04-04 03:00:00,-0.0,3851.12,2160.0,-0.0,2709.025200000001,-0.0,0.0,-0.0,-0.0
2021-04-04 04:00:00,-0.0,3696.33,2160.0,-0.0,3011.686300000001,-0.0,0.0,-0.0,-0.0
2021-04-04 05:00:00,-0.0,3557.45,2160.0,-0.0,3425.479900000001,-0.0,0.0,-0.0,-0.0
2021-04-04 06:00:00,300.5930463541319,3450.61,2160.0,55.85975364586784,3500.0,-0.0,0.0,-0.0,-0.0
2021-04-04 07:00:00,1504.1705055410787,3388.4900000000002,2160.0,-0.0,2696.9013944589224,-0.0,0.0,-0.0,-0.0
2021-04-04 08:00:00,3006.153662387693,3378.53,2160.0,-0.0,1380.5576376123076,-0.0,0.0,-0.0,-0.0
2021-04-04 09:00:00,4501.931891305111,3421.96,2051.82190869489,-0.0,-0.0,-0.0,0.0,-0.0,-0.0
2021-04-04 10:00:00,5755.215733579539,3513.52,657.4935664204595,-0.0,-0.0,-0.0,0.0,-0.0,-0.0
2021-04-04 11:00:00,6584.5891668782215,3353.941133121779,-0.0,-0.0,-0.0,-0.0,0.0,112.58040000000119,106.95138000000112
2021-04-04 12:00:00,6874.312429413942,2964.7977705860594,-0.0,-0.0,-0.0,-0.0,0.0,112.58040000000119,213.89206486200226
2021-04-04 13:00:00,6584.5891668782215,3199.1137331217788,-0.0,-0.0,-0.0,-0.0,0.0,112.58040000000119,320.8220556555172
2021-04-04 14:00:00,5755.215733579539,4052.023666420463,-0.0,-0.0,-0.0,-0.0,0.0,112.58040000000119,427.7413534499528
2021-04-04 15:00:00,4501.931891305111,4197.01,1148.059214679518,-0.0,-0.0,-0.0,0.0,23.81370598462839,450.32160000000476
2021-04-04 16:00:00,3006.153662387693,4266.32,2160.0,-0.0,625.8421376123074,-0.0,0.0,-0.0,450.27656784000476
2021-04-04 17:00:00,1504.1705055410787,4288.86,2160.0,-0.0,2398.827894458923,-0.0,0.0,-0.0,450.2315401832208
2021-04-04 18:00:00,300.5930463541319,4265.3,2160.0,263.44905364586793,3500.0,-0.0,112.58040000000119,-0.0,331.68083281867484
2021-04-04 19:00:00,-0.0,4202.41,2160.0,722.3624999999993,3500.0,-0.0,112.58040000000119,-0.0,213.14198052486543
2021-04-04 20:00:00,-0.0,4112.1,2160.0,704.2407999999996,3500.0,-0.0,112.58040000000119,-0.0,94.61498211628538
2021-04-04 21:00:00,-0.0,4009.64,2160.0,564.9378554128311,3500.0,-0.0,89.87524458717007,-0.0,-0.0
2021-04-04 22:00:00,-0.0,3911.5,2160.0,441.009,3500.0,-0.0,0.0,-0.0,-0.0
2021-04-04 23:00:00,-0.0,3833.05,2160.0,256.9929000000002,3500.0,-0.0,0.0,-0.0,-0.0
2021-04-05 00:00:00,-0.0,3773.14,2160.0,51.86150000000043,3500.0,-0.0,0.0,-0.0,-0.0
2021-04-05 01:00:00,-0.0,3765.21,2160.0,-0.0,3360.1205999999993,-0.0,0.0,-0.0,-0.0
2021-04-05 02:00:00,-0.0,3797.02,2160.0,-0.0,3189.832000000001,-0.0,0.0,-0.0,-0.0
2021-04-05 03:00:00,-0.0,3863.3,2160.0,-0.0,3112.3381999999992,-0.0,0.0,-0.0,-0.0
2021-04-05 04:00:00,-0.0,3953.13,2160.0,-0.0,3167.7403000000004,-0.0,0.0,-0.0,-0.0
2021-04-05 05:00:00,-0.0,4051.3900000000003,2160.0,-0.0,3341.8679999999995,-0.0,0.0,-0.0,-0.0
2021-04-05 06:00:00,279.8467135836722,4140.79,2160.0,-0.0,3294.343986416328,-0.0,0.0,-0.0,-0.0
2021-04-05 07:00:00,1310.6236259078987,4204.14,2160.0,-0.0,2480.4255740921017,-0.0,0.0,-0.0,-0.0
2021-04-05 08:00:00,2584.531041587281,4226.68,2160.0,-0.0,1357.4865584127183,-0.0,0.0,-0.0,-0.0
2021-04-05 09:00:00,3848.6623477954836,4198.05,2160.0,-0.0,170.41025220451684,-0.0,0.0,-0.0,-0.0
2021-04-05 10:00:00,4905.8325237034305,4113.73,1329.9297667251476,-0.0,-0.0,-0.0,0.0,23.778190428577243,22.58928090714838
2021-04-05 11:00:00,5604.668111700303,3975.68,755.8677882996981,-0.0,-0.0,-0.0,0.0,112.58040000000119,129.5384019790588
2021-04-05 12:00:00,5848.680250498636,3792.11,594.3337495013648,-0.0,-0.0,-0.0,0.0,112.58040000000119,236.476828138862
2021-04-05 13:00:00,5604.668111700303,3576.42,997.0854882996991,-0.0,-0.0,-0.0,0.0,112.58040000000119,343.40456045604924
2021-04-05 14:00:00,4905.8325237034305,3345.47,1948.9944762965706,-0.0,-0.0,-0.0,0.0,112.58040000000119,450.32160000000476
2021-04-05 15:00:00,3848.6623477954836,3117.4,2160.0,-0.0,1088.899552204517,-0.0,0.0,-0.0,450.27656784000476
2021-04-05 16:00:00,2584.531041587281,2909.2400000000002,2160.0,-0.0,2795.1687584127194,-0.0,0.0,-0.0,450.2315401832208
2021-04-05 17:00:00,1310.6236259078987,2734.7500000000005,2160.0,923.5104740921024,3500.0,-0.0,112.58040000000119,-0.0,331.68083281867484
2021-04-05 18:00:00,279.8467135836722,2602.65,2160.0,2335.5674864163284,3500.0,-0.0,112.58040000000119,-0.0,213.14198052486543
2021-04-05 19:00:00,-0.0,2515.5499999999997,2160.0,2797.1958000000013,3500.0,-0.0,112.58040000000119,-0.0,94.61498211628538
2021-04-05 20:00:00,-0.0,2469.78,2160.0,2756.6256554128286,3500.0,-0.0,89.87524458717007,-0.0,-0.0
2021-04-05 21:00:00,-0.0,2455.96,2160.0,2595.3756999999996,3500.0,-0.0,0.0,-0.0,-0.0
2021-04-05 22:00:00,-0.0,2460.4100000000003,2160.0,2278.6397000000015,3500.0,-0.0,0.0,-0.0,-0.0
2021-04-05 23:00:00,-0.0,2467.15,2160.0,2009.2282000000014,3500.0,-0.0,0.0,-0.0,-0.0
2021-04-06 00:00:00,-0.0,2446.93,2160.0,1197.2818000000007,3500.0,-0.0,0.0,-0.0,-0.0
2021-04-06 01:00:00,-0.0,2412.56,2160.0,1032.0498000000007,3500.0,-0.0,0.0,-0.0,-0.0
2021-04-06 02:00:00,-0.0,2341.32,2160.0,965.0153000000009,3500.0,-0.0,0.0,-0.0,-0.0
2021-04-06 03:00:00,-0.0,2229.42,2160.0,1066.0434000000005,3500.0,-0.0,0.0,-0.0,-0.0
2021-04-06 04:00:00,-0.0,2079.35,2160.0,1361.8225999999995,3500.0,-0.0,0.0,-0.0,-0.0
2021-04-06 05:00:00,-0.0,1899.67,2160.0,1814.5038999999997,3500.0,-0.0,0.0,-0.0,-0.0
2021-04-06 06:00:00,258.06250617757365,1703.9499999999998,2160.0,2074.634193822426,3500.0,-0.0,0.0,-0.0,-0.0
2021-04-06 07:00:00,1137.6668398527165,1509.02,2160.0,1671.0510601472834,3500.0,-0.0,0.0,-0.0,-0.0
2021-04-06 08:00:00,2214.813312511133,1332.78,2160.0,944.6708874888682,3500.0,-0.0,0.0,-0.0,-0.0
2021-04-06 09:00:00,3279.974007119268,1191.85,2160.0,70.01569288073188,3500.0,-0.0,0.0,-0.0,-0.0
2021-04-06 10:00:00,4169.097771592261,1099.3899999999999,2160.0,-0.0,2723.2252284077395,-0.0,0.0,-0.0,-0.0
2021-04-06 11:00:00,4756.233496921283,1063.31,2160.0,-0.0,2071.5053030787176,-0.0,0.0,-0.0,-0.0
2021-04-06 12:00:00,4961.141197834899,1085.3,2160.0,-0.0,1745.058802165101,-0.0,0.0,-0.0,-0.0
2021-04-06 13:00:00,4756.233496921283,1160.55,2160.0,-0.0,1819.4379030787168,-0.0,0.0,-0.0,-0.0
2021-04-06 14:00:00,4169.097771592261,1278.43,2160.0,-0.0,2312.614928407739,-0.0,0.0,-0.0,-0.0
2021-04-06 15:00:00,3279.974007119268,1423.8700000000001,2160.0,-0.0,3185.4692928807317,-0.0,0.0,-0.0,-0.0
2021-04-06 16:00:00,2214.813312511133,1579.3999999999999,2160.0,831.125387488868,3500.0,-0.0,0.0,-0.0,-0.0
2021-04-06 17:00:00,1137.6668398527165,1727.44,2160.0,2054.9288601472836,3500.0,-0.0,0.0,-0.0,-0.0
2021-04-06 18:00:00,258.06250617757365,1852.6100000000001,2160.0,3060.833893822426,3500.0,-0.0,0.0,-0.0,-0.0
2021-04-06 19:00:00,-0.0,1943.74,2160.0,3324.8569000000007,3500.0,-0.0,0.0,-0.0,-0.0
2021-04-06 20:00:00,-0.0,1995.3000000000002,2160.0,3166.7774999999992,3500.0,-0.0,0.0,-0.0,-0.0
2021-04-06 21:00:00,-0.0,2008.0300000000002,2160.0,2891.7425999999996,3500.0,-0.0,0.0,-0.0,-0.0
2021-04-06 22:00:00,-0.0,1988.76,2160.0,2601.4773999999998,3500.0,-0.0,0.0,-0.0,-0.0
2021-04-06 23:00:00,-0.0,1949.36,2160.0,2381.0685000000003,3500.0,-0.0,0.0,-0.0,-0.0
2021-04-07 00:00:00,-0.0,1891.68,2160.0,1609.4915,3500.0,-0.0,0.0,-0.0,-0.0
2021-04-07 01:00:00,-0.0,1858.72,2160.0,1445.9227,3500.0,-0.0,0.0,-0.0,-0.0
2021-04-07 02:00:00,-0.0,1852.3200000000002,2160.0,1317.2241000000013,3500.0,-0.0,0.0,-0.0,-0.0
2021-04-07 03:00:00,-0.0,1884.2700000000002,2160.0,1277.6781999999985,3500.0,-0.0,0.0,-0.0,-0.0
2021-04-07 04:00:00,-0.0,1961.29,2160.0,1349.7383,3500.0,-0.0,0.0,-0.0,-0.0
2021-04-07 05:00:00,-0.0,2083.99,2160.0,1503.5054,3500.0,-0.0,0.0,-0.0,-0.0
2021-04-07 06:00:00,293.9194008475505,2246.64,2160.0,1372.9655991524496,3500.0,-0.0,0.0,-0.0,-0.0
2021-04-07 07:00:00,1225.863863997387,2437.89,2160.0,534.5062360026132,3500.0,-0.0,0.0,-0.0,-0.0
2021-04-07 08:00:00,2357.1918566130826,2642.12,2160.0,-0.0,2877.2042433869183,-0.0,0.0,-0.0,-0.0
2021-04-07 09:00:00,3472.1705337318863,2841.5,2160.0,-0.0,1616.2313662681145,-0.0,0.0,-0.0,-0.0
2021-04-07 10:00:00,4401.191091994224,3018.27,2160.0,-0.0,464.2037080057762,-0.0,0.0,-0.0,-0.0
2021-04-07 11:00:00,5014.039324425527,3157.07,1888.435375574475,-0.0,-0.0,-0.0,0.0,112.58040000000119,106.95138000000112
2021-04-07 12:00:00,5227.830339424825,3246.9500000000003,1489.253360575176,-0.0,-0.0,-0.0,0.0,112.58040000000119,213.89206486200226
2021-04-07 13:00:00,5014.039324425527,3282.77,1616.049875574473,-0.0,-0.0,-0.0,0.0,112.58040000000119,320.8220556555172
2021-04-07 14:00:00,4401.191091994224,3265.8700000000003,2160.0,-0.0,1.3081080057745567,-0.0,0.0,-0.0,320.7899734499517
2021-04-07 15:00:00,3472.1705337318863,3203.84,2160.0,-0.0,1125.759466268114,-0.0,0.0,-0.0,320.7578944526067
2021-04-07 16:00:00,2357.1918566130826,3109.4500000000003,2160.0,-0.0,2575.4435433869166,-0.0,0.0,-0.0,320.7258186631615
2021-04-07 17:00:00,1225.863863997387,2998.9900000000002,2160.0,503.69013600261314,3500.0,-0.0,112.58040000000119,-0.0,202.1880618707676
2021-04-07 18:00:00,293.9194008475505,2890.02,2160.0,1800.469299152449,3500.0,-0.0,112.58040000000119,-0.0,83.66215885405296
2021-04-07 19:00:00,-0.0,2799.01,2160.0,2320.037996993742,3500.0,-0.0,79.47110300625918,-0.0,-0.0
2021-04-07 20:00:00,-0.0,2739.22,2160.0,2357.2634000000016,3500.0,-0.0,0.0,-0.0,-0.0
2021-04-07 21:00:00,-0.0,2718.87,2160.0,2119.8298999999997,3500.0,-0.0,0.0,-0.0,-0.0
2021-04-07 22:00:00,-0.0,2740.17,2160.0,1793.5537999999997,3500.0,-0.0,0.0,-0.0,-0.0
2021-04-07 23:00:00,-0.0,2799.04,2160.0,1479.4626000000017,3500.0,-0.0,0.0,-0.0,-0.0
2021-04-08 00:00:00,-0.0,2872.36,2160.0,581.4499000000001,3500.0,-0.0,0.0,-0.0,-0.0
2021-04-08 01:00:00,-0.0,2972.96,2160.0,288.96209999999974,3500.0,-0.0,0.0,-0.0,-0.0
2021-04-08 02:00:00,-0.0,3071.2400000000002,2160.0,60.24400000000014,3500.0,-0.0,0.0,-0.0,-0.0
2021-04-08 03:00:00,-0.0,3151.02,2160.0,-0.0,3477.5442000000007,-0.0,0.0,-0.0,-0.0
2021-04-08 04:00:00,-0.0,3198.47,2160.0,83.86339999999973,3500.0,-0.0,0.0,-0.0,-0.0
2021-04-08 05:00:00,-0.0,3204.0600000000004,2160.0,359.4360999999999,3500.0,-0.0,0.0,-0.0,-0.0
2021-04-08 06:00:00,388.6896310179343,3164.0,2160.0,341.53556898206625,3500.0,-0.0,0.0,-0.0,-0.0
2021-04-08 07:00:00,1540.41799819221,3080.82,2160.0,-0.0,3062.42310180779,-0.0,0.0,-0.0,-0.0
2021-04-08 08:00:00,2927.018511405805,2963.19,2160.0,-0.0,1976.404188594196,-0.0,0.0,-0.0,-0.0
2021-04-08 09:00:00,4289.134111172177,2824.8,2160.0,-0.0,810.7534888278242,-0.0,0.0,-0.0,-0.0
2021-04-08 10:00:00,5422.035655654809,2682.6899999999996,1962.179134773768,-0.0,-0.0,-0.0,0.0,23.778190428577243,22.58928090714838
2021-04-08 11:00:00,6168.6469567180275,2554.99,1340.030043281974,-0.0,-0.0,-0.0,0.0,112.58040000000119,129.5384019790588
2021-04-08 12:00:00,6428.974931186297,2458.59,1085.2307688137034,-0.0,-0.0,-0.0,0.0,112.58040000000119,236.476828138862
2021-04-08 13:00:00,6168.6469567180275,2406.94,1350.651843281973,-0.0,-0.0,-0.0,0.0,112.58040000000119,343.40456045604924
2021-04-08 14:00:00,5422.035655654809,2408.2999999999997,2128.582544345192,-0.0,-0.0,-0.0,0.0,112.58040000000119,450.32160000000476
2021-04-08 15:00:00,4289.134111172177,2464.7,2160.0,-0.0,1070.4622888278245,-0.0,0.0,-0.0,450.27656784000476
2021-04-08 16:00:00,2927.018511405805,2571.6899999999996,2160.0,-0.0,2570.4259885941956,-0.0,0.0,-0.0,450.2315401832208
2021-04-08 17:00:00,1540.41799819221,2719.02,2160.0,500.6375018077888,3500.0,-0.0,112.58040000000119,-0.0,331.68083281867484
2021-04-08 18:00:00,388.6896310179343,2892.0,2160.0,1739.690068982065,3500.0,-0.0,112.58040000000119,-0.0,213.14198052486543
2021-04-08 19:00:00,-0.0,3073.54,2160.0,2052.7650000000003,3500.0,-0.0,112.58040000000119,-0.0,94.61498211628538
2021-04-08 20:00:00,-0.0,3246.42,2160.0,1804.8964554128306,3500.0,-0.0,89.87524458717007,-0.0,-0.0
2021-04-08 21:00:00,-0.0,3395.6,2160.0,1492.0969000000005,3500.0,-0.0,0.0,-0.0,-0.0
2021-04-08 22:00:00,-0.0,3510.27,2160.0,1076.6810000000005,3500.0,-0.0,0.0,-0.0,-0.0
2021-04-08 23:00:00,-0.0,3585.1699999999996,2160.0,750.7302,3500.0,-0.0,0.0,-0.0,-0.0
2021-04-09 00:00:00,-0.0,3607.9,2160.0,-0.0,3407.363500000001,-0.0,0.0,-0.0,-0.0
2021-04-09 01:00:00,-0.0,3612.39,2160.0,-0.0,3215.022200000001,-0.0,0.0,-0.0,-0.0
2021-04-09 02:00:00,-0.0,3597.2799999999997,2160.0,-0.0,3103.6591,-0.0,0.0,-0.0,-0.0
2021-04-09 03:00:00,-0.0,3577.9100000000003,2160.0,-0.0,3123.9976,-0.0,0.0,-0.0,-0.0
2021-04-09 04:00:00,-0.0,3570.7400000000002,2160.0,-0.0,3288.7484,-0.0,0.0,-0.0,-0.0
2021-04-09 05:00:00,-0.0,3590.9799999999996,2160.0,53.400800000001254,3500.0,-0.0,0.0,-0.0,-0.0
2021-04-09 06:00:00,478.90660472228933,3650.4500000000003,2160.0,-0.0,3349.397195277711,-0.0,0.0,-0.0,-0.0
2021-04-09 07:00:00,1810.5332420739776,3755.83,2160.0,-0.0,2205.3832579260234,-0.0,0.0,-0.0,-0.0
2021-04-09 08:00:00,3401.126340931054,3907.64,2160.0,-0.0,649.3975590689474,-0.0,0.0,-0.0,-0.0
2021-04-09 09:00:00,4958.674850582466,4100.04,1120.8961494175346,-0.0,-0.0,-0.0,0.0,-0.0,-0.0
2021-04-09 10:00:00,6251.888966473196,3889.435733526805,-0.0,-0.0,-0.0,-0.0,0.0,-0.0,-0.0
2021-04-09 11:00:00,7103.303285851307,2972.9355045772704,-0.0,-0.0,-0.0,-0.0,0.0,23.778190428577243,22.58928090714838
2021-04-09 12:00:00,7400.046152105488,2677.1967478945135,-0.0,-0.0,-0.0,-0.0,0.0,112.58040000000119,129.5384019790588
2021-04-09 13:00:00,7103.303285851307,2930.351914148694,-0.0,-0.0,-0.0,-0.0,0.0,112.58040000000119,236.476828138862
2021-04-09 14:00:00,6251.888966473196,3817.3082335268045,-0.0,-0.0,-0.0,-0.0,0.0,112.58040000000119,343.40456045604924
2021-04-09 15:00:00,4958.674850582466,5251.233049417536,-0.0,-0.0,-0.0,-0.0,0.0,112.58040000000119,450.32160000000476
2021-04-09 16:00:00,3401.126340931054,5341.12,1602.6056613426308,-0.0,-0.0,-0.0,0.0,0.047402273684216005,450.32160000000476
2021-04-09 17:00:00,1810.5332420739776,5348.95,2160.0,-0.0,1218.7882579260215,-0.0,112.58040000000119,-0.0,331.7708836294772
2021-04-09 18:00:00,478.90660472228933,5309.27,2160.0,-0.0,2875.4321526874314,-0.0,89.95624259027721,-0.0,237.04692486713827
2021-04-09 19:00:00,-0.0,5234.43,2160.0,14.77049999999872,3500.0,-0.0,112.58040000000119,-0.0,118.51753596412398
2021-04-09 20:00:00,-0.0,5140.240000000001,2160.0,13.437799999998788,3500.0,-0.0,112.58040000000119,-0.0,-0.0
2021-04-09 21:00:00,-0.0,5043.79,2160.0,-0.0,3471.0209000000004,-0.0,0.0,-0.0,-0.0
2021-04-09 22:00:00,-0.0,4961.15,2160.0,-0.0,3254.8403,-0.0,0.0,-0.0,-0.0
2021-04-09 23:00:00,-0.0,4905.11,2160.0,-0.0,3061.6274000000003,-0.0,0.0,-0.0,-0.0
2021-04-10 00:00:00,-0.0,4870.0199999999995,2160.0,-0.0,1710.7197999999999,-0.0,0.0,-0.0,-0.0
2021-04-10 01:00:00,-0.0,4884.67,2160.0,-0.0,1509.7603,-0.0,0.0,-0.0,-0.0
2021-04-10 02:00:00,-0.0,4931.14,2160.0,-0.0,1338.2303000000002,-0.0,0.0,-0.0,-0.0
2021-04-10 03:00:00,-0.0,4999.41,2160.0,-0.0,1272.2119000000002,-0.0,0.0,-0.0,-0.0
2021-04-10 04:00:00,-0.0,5075.24,2160.0,-0.0,1355.1131999999998,-0.0,0.0,-0.0,-0.0
2021-04-10 05:00:00,-0.0,5142.2,2160.0,-0.0,1574.0622000000012,-0.0,0.0,-0.0,-0.0
2021-04-10 06:00:00,526.0127212495138,5183.950000000001,2160.0,-0.0,1341.557778750486,-0.0,0.0,-0.0,-0.0
2021-04-10 07:00:00,1903.5513613003259,5186.539999999999,2160.0,-0.0,255.16933869967397,-0.0,0.0,-0.0,-0.0
2021-04-10 08:00:00,3536.663840391642,5140.39,1015.2391596083571,-0.0,-0.0,-0.0,0.0,-0.0,-0.0
2021-04-10 09:00:00,5130.917400329252,4623.299799670747,-0.0,-0.0,-0.0,-0.0,0.0,-0.0,-0.0
2021-04-10 10:00:00,6452.377330228607,3287.6736601999705,-0.0,-0.0,-0.0,-0.0,0.0,23.778190428577243,22.58928090714838
2021-04-10 11:00:00,7321.547117835766,2418.646082164236,-0.0,-0.0,-0.0,-0.0,0.0,112.58040000000119,129.5384019790588
2021-04-10 12:00:00,7624.338672826682,2028.1253271733194,-0.0,-0.0,-0.0,-0.0,0.0,112.58040000000119,236.476828138862
2021-04-10 13:00:00,7321.547117835766,2287.260282164236,-0.0,-0.0,-0.0,-0.0,0.0,112.58040000000119,343.40456045604924
2021-04-10 14:00:00,6452.377330228607,3191.766669771393,-0.0,-0.0,-0.0,-0.0,0.0,112.58040000000119,450.32160000000476
2021-04-10 15:00:00,5130.917400329252,3846.87,694.1924019444332,-0.0,-0.0,-0.0,0.0,0.047402273684216005,450.32160000000476
2021-04-10 16:00:00,3536.663840391642,3693.16,2160.0,-0.0,529.1085596083594,-0.0,0.0,-0.0,450.27656784000476
2021-04-10 17:00:00,1903.5513613003259,3587.61,2160.0,-0.0,2573.2047386996746,-0.0,0.0,-0.0,450.2315401832208
2021-04-10 18:00:00,526.0127212495138,3532.75,2160.0,654.9885787504863,3500.0,-0.0,112.58040000000119,-0.0,331.68083281867484
2021-04-10 19:00:00,-0.0,3524.64,2160.0,1296.4418999999998,3500.0,-0.0,112.58040000000119,-0.0,213.14198052486543
2021-04-10 20:00:00,-0.0,3553.5899999999997,2160.0,1170.9525999999987,3500.0,-0.0,112.58040000000119,-0.0,94.61498211628538
2021-04-10 21:00:00,-0.0,3605.51,2160.0,889.1399554128293,3500.0,-0.0,89.87524458717007,-0.0,-0.0
2021-04-10 22:00:00,-0.0,3663.88,2160.0,620.5415000000003,3500.0,-0.0,0.0,-0.0,-0.0
2021-04-10 23:00:00,-0.0,3712.13,2160.0,321.6268000000009,3500.0,-0.0,0.0,-0.0,-0.0
2021-04-11 00:00:00,-0.0,3722.31,2160.0,-0.0,2990.8608,-0.0,0.0,-0.0,-0.0
2021-04-11 01:00:00,-0.0,3711.29,2160.0,-0.0,2813.9008000000003,-0.0,0.0,-0.0,-0.0
2021-04-11 02:00:00,-0.0,3660.93,2160.0,-0.0,2737.4016000000015,-0.0,0.0,-0.0,-0.0
2021-04-11 03:00:00,-0.0,3572.86,2160.0,-0.0,2825.7992,-0.0,0.0,-0.0,-0.0
2021-04-11 04:00:00,-0.0,3454.7299999999996,2160.0,-0.0,3100.6117000000013,-0.0,0.0,-0.0,-0.0
2021-04-11 05:00:00,-0.0,3319.2,2160.0,19.881000000000313,3500.0,-0.0,0.0,-0.0,-0.0
2021-04-11 06:00:00,567.2821879440592,3182.16,2160.0,-0.0,3422.6052120559407,-0.0,0.0,-0.0,-0.0
2021-04-11 07:00:00,1971.1024921554053,3060.56,2160.0,-0.0,2431.7162078445963,-0.0,0.0,-0.0,-0.0
2021-04-11 08:00:00,3623.5105115157503,2970.1,2160.0,-0.0,1054.273288484249,-0.0,0.0,-0.0,-0.0
2021-04-11 09:00:00,5231.769799063326,2923.0099999999998,1712.3892009366737,-0.0,-0.0,-0.0,0.0,-0.0,-0.0
2021-04-11 10:00:00,6562.626400395025,2926.36,337.4860996049747,-0.0,-0.0,-0.0,0.0,-0.0,-0.0
2021-04-11 11:00:00,7437.175280199797,2410.3576198002047,-0.0,-0.0,-0.0,-0.0,0.0,112.58040000000119,106.95138000000112
2021-04-11 12:00:00,7741.707786192429,2015.1267138075718,-0.0,-0.0,-0.0,-0.0,0.0,112.58040000000119,213.89206486200226
2021-04-11 13:00:00,7437.175280199797,2272.9281198002045,-0.0,-0.0,-0.0,-0.0,0.0,112.58040000000119,320.8220556555172
2021-04-11 14:00:00,6562.626400395025,3179.6389996049757,-0.0,-0.0,-0.0,-0.0,0.0,112.58040000000119,427.7413534499528
2021-04-11 15:00:00,5231.769799063326,3523.56,1035.261706921303,-0.0,-0.0,-0.0,0.0,23.81370598462839,450.32160000000476
2021-04-11 16:00:00,3623.5105115157503,3660.33,2160.0,-0.0,566.5650884842498,-0.0,0.0,-0.0,450.27656784000476
2021-04-11 17:00:00,1971.1024921554053,3764.0600000000004,2160.0,-0.0,2417.212307844594,-0.0,0.0,-0.0,450.2315401832208
2021-04-11 18:00:00,567.2821879440592,3823.35,2160.0,407.5697120559407,3500.0,-0.0,112.58040000000119,-0.0,331.68083281867484
2021-04-11 19:00:00,-0.0,3832.53,2160.0,1069.3585999999978,3500.0,-0.0,112.58040000000119,-0.0,213.14198052486543
2021-04-11 20:00:00,-0.0,3792.35,2160.0,1009.2695999999996,3500.0,-0.0,112.58040000000119,-0.0,94.61498211628538
2021-04-11 21:00:00,-0.0,3709.7400000000002,2160.0,858.1766554128299,3500.0,-0.0,89.87524458717007,-0.0,-0.0
2021-04-11 22:00:00,-0.0,3596.78,2160.0,757.0198999999993,3500.0,-0.0,0.0,-0.0,-0.0
2021-04-11 23:00:00,-0.0,3468.9900000000002,2160.0,630.1789000000008,3500.0,-0.0,0.0,-0.0,-0.0
2021-04-12 00:00:00,-0.0,3329.58,2160.0,511.9302000000007,3500.0,-0.0,0.0,-0.0,-0.0
2021-04-12 01:00:00,-0.0,3221.39,2160.0,428.034799999999,3500.0,-0.0,0.0,-0.0,-0.0
2021-04-12 02:00:00,-0.0,3143.2900000000004,2160.0,375.1065000000003,3500.0,-0.0,0.0,-0.0,-0.0
2021-04-12 03:00:00,-0.0,3102.71,2160.0,411.78259999999955,3500.0,-0.0,0.0,-0.0,-0.0
2021-04-12 04:00:00,-0.0,3101.08,2160.0,565.8064000000013,3500.0,-0.0,0.0,-0.0,-0.0
2021-04-12 05:00:00,-0.0,3133.57,2160.0,812.7124000000003,3500.0,-0.0,0.0,-0.0,-0.0
2021-04-12 06:00:00,641.5181242480386,3189.75,2160.0,443.5879757519624,3500.0,-0.0,0.0,-0.0,-0.0
2021-04-12 07:00:00,2146.1796672511405,3255.0099999999998,2160.0,-0.0,2660.5582327488596,-0.0,0.0,-0.0,-0.0
2021-04-12 08:00:00,3905.187455639689,3312.55,2160.0,-0.0,1024.0331443603109,-0.0,0.0,-0.0,-0.0
2021-04-12 09:00:00,5612.245712534698,3345.68,1498.6060874653022,-0.0,-0.0,-0.0,0.0,-0.0,-0.0
2021-04-12 10:00:00,7022.572263117845,3340.11,48.595236882154495,-0.0,-0.0,-0.0,0.0,-0.0,-0.0
2021-04-12 11:00:00,7948.490357415586,2479.2585425844145,-0.0,-0.0,-0.0,-0.0,0.0,112.58040000000119,106.95138000000112
2021-04-12 12:00:00,8270.778331637266,2061.6558683627354,-0.0,-0.0,-0.0,-0.0,0.0,112.58040000000119,213.89206486200226
2021-04-12 13:00:00,7948.490357415586,2332.573042584415,-0.0,-0.0,-0.0,-0.0,0.0,112.58040000000119,320.8220556555172
2021-04-12 14:00:00,7022.572263117845,2823.54,445.43752895129455,-0.0,-0.0,-0.0,0.0,95.56659206913902,411.57823591563374
2021-04-12 15:00:00,5612.245712534698,2596.98,2160.0,-0.0,-0.0,-0.0,0.0,40.825812534697434,450.32160000000476
2021-04-12 16:00:00,3905.187455639689,2359.7000000000003,2160.0,-0.0,2142.4524443603113,-0.0,0.0,-0.0,450.27656784000476
2021-04-12 17:00:00,2146.1796672511405,2130.1,2160.0,815.7521327488594,3500.0,-0.0,112.58040000000119,-0.0,331.72585597269324
2021-04-12 18:00:00,641.5181242480386,1925.4299999999998,2160.0,2778.7916757519606,3500.0,-0.0,112.58040000000119,-0.0,213.18699917656843
2021-04-12 19:00:00,-0.0,1759.6000000000001,2160.0,3685.1270000000004,3500.0,-0.0,112.58040000000119,-0.0,94.65999626612322
2021-04-12 20:00:00,-0.0,1641.43,2160.0,3720.9934962468287,3500.0,-0.0,89.91800375317177,-0.0,-0.0
2021-04-12 21:00:00,-0.0,1573.59,2160.0,3617.6556,3500.0,-0.0,0.0,-0.0,-0.0
2021-04-12 22:00:00,-0.0,1552.3799999999999,2160.0,3330.1961999999994,3500.0,-0.0,0.0,-0.0,-0.0
2021-04-12 23:00:00,-0.0,1568.33,2160.0,3054.9547000000002,3500.0,-0.0,0.0,-0.0,-0.0
2021-04-13 00:00:00,-0.0,1594.03,2160.0,2199.9379000000017,3500.0,-0.0,0.0,-0.0,-0.0
2021-04-13 01:00:00,-0.0,1640.55,2160.0,1956.7161999999998,3500.0,-0.0,0.0,-0.0,-0.0
2021-04-13 02:00:00,-0.0,1678.02,2160.0,1783.6288999999997,3500.0,-0.0,0.0,-0.0,-0.0
2021-04-13 03:00:00,-0.0,1692.44,2160.0,1760.7471999999998,3500.0,-0.0,0.0,-0.0,-0.0
2021-04-13 04:00:00,-0.0,1673.98,2160.0,1927.078300000001,3500.0,-0.0,0.0,-0.0,-0.0
2021-04-13 05:00:00,-0.0,1618.48,2160.0,2257.491900000001,3500.0,-0.0,0.0,-0.0,-0.0
2021-04-13 06:00:00,703.667843020868,1527.9699999999998,2160.0,1968.466956979134,3500.0,-0.0,0.0,-0.0,-0.0
2021-04-13 07:00:00,2272.1865759715597,1410.57,2160.0,799.8473240284402,3500.0,-0.0,0.0,-0.0,-0.0
2021-04-13 08:00:00,4093.9132401911916,1279.32,2160.0,-0.0,2785.050059808808,-0.0,0.0,-0.0,-0.0
2021-04-13 09:00:00,5856.838168333603,1150.55,2160.0,-0.0,1201.3676316663978,-0.0,0.0,-0.0,-0.0
2021-04-13 10:00:00,7311.045612113871,1041.6100000000001,1990.393878314705,-0.0,-0.0,-0.0,0.0,23.778190428577243,22.58928090714838
2021-04-13 11:00:00,8264.897042035313,968.5699999999999,1098.1052579646894,-0.0,-0.0,-0.0,0.0,112.58040000000119,129.5384019790588
2021-04-13 12:00:00,8596.782566651074,944.02,691.3496333489256,-0.0,-0.0,-0.0,0.0,112.58040000000119,236.476828138862
2021-04-13 13:00:00,8264.897042035313,975.3399999999999,936.5091579646887,-0.0,-0.0,-0.0,0.0,112.58040000000119,343.40456045604924
2021-04-13 14:00:00,7311.045612113871,1063.66,1825.5757878861305,-0.0,-0.0,-0.0,0.0,112.58040000000119,450.32160000000476
2021-04-13 15:00:00,5856.838168333603,1203.6299999999999,2160.0,-0.0,995.7612316663972,-0.0,0.0,-0.0,450.27656784000476
2021-04-13 16:00:00,4093.9132401911916,1384.1200000000001,2160.0,-0.0,2813.32455980881,-0.0,0.0,-0.0,450.2315401832208
2021-04-13 17:00:00,2272.1865759715597,1589.58,2160.0,1110.5534240284414,3500.0,-0.0,112.58040000000119,-0.0,331.68083281867484
2021-04-13 18:00:00,703.667843020868,1802.1000000000001,2160.0,2716.616256979133,3500.0,-0.0,112.58040000000119,-0.0,213.14198052486543
2021-04-13 19:00:00,-0.0,2003.6799999999998,2160.0,3314.1345,3500.0,-0.0,112.58040000000119,-0.0,94.61498211628538
2021-04-13 20:00:00,-0.0,2178.59,2160.0,3053.4979554128313,3500.0,-0.0,89.87524458717007,-0.0,-0.0
2021-04-13 21:00:00,-0.0,2315.33,2160.0,2742.165100000002,3500.0,-0.0,0.0,-0.0,-0.0
2021-04-13 22:00:00,-0.0,2408.1,2160.0,2337.451000000001,3500.0,-0.0,0.0,-0.0,-0.0
2021-04-13 23:00:00,-0.0,2457.45,2160.0,2025.6349,3500.0,-0.0,0.0,-0.0,-0.0
2021-04-14 00:00:00,-0.0,2456.37,2160.0,1194.3054000000002,3500.0,-0.0,0.0,-0.0,-0.0
2021-04-14 01:00:00,-0.0,2443.96,2160.0,1007.0445000000009,3500.0,-0.0,0.0,-0.0,-0.0
2021-04-14 02:00:00,-0.0,2421.71,2160.0,890.8146000000006,3500.0,-0.0,0.0,-0.0,-0.0
2021-04-14 03:00:00,-0.0,2405.98,2160.0,895.3321000000014,3500.0,-0.0,0.0,-0.0,-0.0
2021-04-14 04:00:00,-0.0,2412.0,2160.0,1034.5429000000004,3500.0,-0.0,0.0,-0.0,-0.0
2021-04-14 05:00:00,-0.0,2451.71,2160.0,1267.2205999999996,3500.0,-0.0,0.0,-0.0,-0.0
2021-04-14 06:00:00,676.8281817443992,2532.01,2160.0,831.816418255602,3500.0,-0.0,0.0,-0.0,-0.0
2021-04-14 07:00:00,2114.2845521043014,2653.76,2160.0,-0.0,3052.817247895699,-0.0,0.0,-0.0,-0.0
2021-04-14 08:00:00,3773.377376913546,2811.5099999999998,2160.0,-0.0,1409.484123086455,-0.0,0.0,-0.0,-0.0
2021-04-14 09:00:00,5374.516621261793,2994.25,1834.0298787382071,-0.0,-0.0,-0.0,0.0,-0.0,-0.0
2021-04-14 10:00:00,6693.231205350748,3186.7200000000003,271.4354946492531,-0.0,-0.0,-0.0,0.0,-0.0,-0.0
2021-04-14 11:00:00,7557.468298453044,2604.4202015469573,-0.0,-0.0,-0.0,-0.0,0.0,112.58040000000119,106.95138000000112
2021-04-14 12:00:00,7858.0390249225375,2202.758875077464,-0.0,-0.0,-0.0,-0.0,0.0,112.58040000000119,213.89206486200226
2021-04-14 13:00:00,7557.468298453044,2446.379201546958,-0.0,-0.0,-0.0,-0.0,0.0,112.58040000000119,320.8220556555172
2021-04-14 14:00:00,6693.231205350748,3332.7383946492546,-0.0,-0.0,-0.0,-0.0,0.0,112.58040000000119,427.7413534499528
2021-04-14 15:00:00,5374.516621261793,3734.8199999999997,955.1115847228357,-0.0,-0.0,-0.0,0.0,23.81370598462839,450.32160000000476
2021-04-14 16:00:00,3773.377376913546,3695.91,2160.0,-0.0,645.3250230864542,-0.0,0.0,-0.0,450.27656784000476
2021-04-14 17:00:00,2114.2845521043014,3611.81,2160.0,-0.0,2681.043847895699,-0.0,0.0,-0.0,450.2315401832208
2021-04-14 18:00:00,676.8281817443992,3495.78,2160.0,871.1299182556004,3500.0,-0.0,112.58040000000119,-0.0,331.68083281867484
2021-04-14 19:00:00,-0.0,3364.55,2160.0,1773.8696999999984,3500.0,-0.0,112.58040000000119,-0.0,213.14198052486543
2021-04-14 20:00:00,-0.0,3236.08,2160.0,1793.2943999999989,3500.0,-0.0,112.58040000000119,-0.0,94.61498211628538
2021-04-14 21:00:00,-0.0,3127.29,2160.0,1659.8443554128298,3500.0,-0.0,89.87524458717007,-0.0,-0.0
2021-04-14 22:00:00,-0.0,3051.76,2160.0,1512.9635999999991,3500.0,-0.0,0.0,-0.0,-0.0
2021-04-14 23:00:00,-0.0,3018.0699999999997,2160.0,1283.982100000001,3500.0,-0.0,0.0,-0.0,-0.0
2021-04-15 00:00:00,-0.0,3015.02,2160.0,454.5407,3500.0,-0.0,0.0,-0.0,-0.0
2021-04-15 01:00:00,-0.0,3066.11,2160.0,203.8486999999991,3500.0,-0.0,0.0,-0.0,-0.0
2021-04-15 02:00:00,-0.0,3148.14,2160.0,-0.0,3483.5442,-0.0,0.0,-0.0,-0.0
2021-04-15 03:00:00,-0.0,3247.29,2160.0,-0.0,3373.5222999999996,-0.0,0.0,-0.0,-0.0
2021-04-15 04:00:00,-0.0,3347.4100000000003,2160.0,-0.0,3419.1115000000004,-0.0,0.0,-0.0,-0.0
2021-04-15 05:00:00,-0.0,3432.3599999999997,2160.0,107.16280000000097,3500.0,-0.0,0.0,-0.0,-0.0
2021-04-15 06:00:00,578.4086504358011,3488.28,2160.0,-0.0,3295.306949564199,-0.0,0.0,-0.0,-0.0
2021-04-15 07:00:00,1751.5083071503839,3505.54,2160.0,-0.0,2386.038492849617,-0.0,0.0,-0.0,-0.0
2021-04-15 08:00:00,3097.3861908430495,3480.2,2160.0,-0.0,1240.0269091569512,-0.0,0.0,-0.0,-0.0
2021-04-15 09:00:00,4392.809975312882,3414.61,2160.0,-0.0,59.76862468711715,-0.0,0.0,-0.0,-0.0
2021-04-15 10:00:00,5458.138069055797,3317.1699999999996,1225.53202137278,-0.0,-0.0,-0.0,0.0,23.778190428577243,22.58928090714838
2021-04-15 11:00:00,6155.7125835706565,3201.3,631.9655164293454,-0.0,-0.0,-0.0,0.0,112.58040000000119,129.5384019790588
2021-04-15 12:00:00,6398.229290098283,3083.68,407.52000990171837,-0.0,-0.0,-0.0,0.0,112.58040000000119,236.476828138862
2021-04-15 13:00:00,6155.7125835706565,2982.09,696.3481164293453,-0.0,-0.0,-0.0,0.0,112.58040000000119,343.40456045604924
2021-04-15 14:00:00,5458.138069055797,2912.98,1486.9539309442052,-0.0,-0.0,-0.0,0.0,112.58040000000119,450.32160000000476
2021-04-15 15:00:00,4392.809975312882,2889.3799999999997,2160.0,-0.0,432.4722246871197,-0.0,0.0,-0.0,450.27656784000476
2021-04-15 16:00:00,3097.3861908430495,2919.0899999999997,2160.0,-0.0,1934.2114091569515,-0.0,0.0,-0.0,450.2315401832208
2021-04-15 17:00:00,1751.5083071503839,3003.65,2160.0,-0.0,3490.224992849616,-0.0,0.0,-0.0,450.18651702920243
2021-04-15 18:00:00,578.4086504358011,3138.13,2160.0,1167.7362495641992,3500.0,-0.0,112.58040000000119,-0.0,331.63581416697195
2021-04-15 19:00:00,-0.0,3311.7799999999997,2160.0,1669.585399999999,3500.0,-0.0,112.58040000000119,-0.0,213.09696637502768
2021-04-15 20:00:00,-0.0,3509.4399999999996,2160.0,1365.406,3500.0,-0.0,112.58040000000119,-0.0,94.56997246786261
2021-04-15 21:00:00,-0.0,3713.52,2160.0,921.7677103029155,3500.0,-0.0,89.83248969708504,-0.0,-0.0
2021-04-15 22:00:00,-0.0,3906.3599999999997,2160.0,509.2263000000012,3500.0,-0.0,0.0,-0.0,-0.0
2021-04-15 23:00:00,-0.0,4072.4700000000003,2160.0,83.30609999999888,3500.0,-0.0,0.0,-0.0,-0.0
2021-04-16 00:00:00,-0.0,4186.91,2160.0,-0.0,2639.3374000000003,-0.0,0.0,-0.0,-0.0
2021-04-16 01:00:00,-0.0,4271.4800000000005,2160.0,-0.0,2358.2385999999997,-0.0,0.0,-0.0,-0.0
2021-04-16 02:00:00,-0.0,4313.15,2160.0,-0.0,2181.4699999999993,-0.0,0.0,-0.0,-0.0
2021-04-16 03:00:00,-0.0,4318.69,2160.0,-0.0,2168.334100000001,-0.0,0.0,-0.0,-0.0
2021-04-16 04:00:00,-0.0,4299.92,2160.0,-0.0,2336.1854999999996,-0.0,0.0,-0.0,-0.0
2021-04-16 05:00:00,-0.0,4272.0,2160.0,-0.0,2640.5712999999996,-0.0,0.0,-0.0,-0.0
2021-04-16 06:00:00,521.5152644950784,4251.24,2160.0,-0.0,2465.845635504923,-0.0,0.0,-0.0,-0.0
2021-04-16 07:00:00,1533.7108728586727,4252.77,2160.0,-0.0,1736.855127141328,-0.0,0.0,-0.0,-0.0
2021-04-16 08:00:00,2688.34082503581,4288.39,2160.0,-0.0,724.86117496419,-0.0,0.0,-0.0,-0.0
2021-04-16 09:00:00,3796.8132557828126,4364.8,1753.3645442171878,-0.0,-0.0,-0.0,0.0,-0.0,-0.0
2021-04-16 10:00:00,4707.0627910651,4482.62,679.0579089349003,-0.0,-0.0,-0.0,0.0,-0.0,-0.0
2021-04-16 11:00:00,5302.590793017784,4582.0298069822165,-0.0,-0.0,-0.0,-0.0,0.0,112.58040000000119,106.95138000000112
2021-04-16 12:00:00,5509.551923318039,4279.557676681962,-0.0,-0.0,-0.0,-0.0,0.0,112.58040000000119,213.89206486200226
2021-04-16 13:00:00,5302.590793017784,4435.344306982217,-0.0,-0.0,-0.0,-0.0,0.0,112.58040000000119,320.8220556555172
2021-04-16 14:00:00,4707.0627910651,5058.964008934901,-0.0,-0.0,-0.0,-0.0,0.0,112.58040000000119,427.7413534499528
2021-04-16 15:00:00,3796.8132557828126,5329.509999999999,660.5239442171883,-0.0,-0.0,-0.0,0.0,-0.0,427.6985793146078
2021-04-16 16:00:00,2688.34082503581,5438.530000000001,1924.1492018519034,-0.0,-0.0,-0.0,0.0,23.858726887714106,450.32160000000476
2021-04-16 17:00:00,1533.7108728586727,5494.66,2160.0,-0.0,1025.2490271413271,-0.0,112.58040000000119,-0.0,331.7708836294772
2021-04-16 18:00:00,521.5152644950784,5492.84,2160.0,-0.0,2295.129335504921,-0.0,112.58040000000119,-0.0,213.23202233058672
2021-04-16 19:00:00,-0.0,5434.49,2160.0,-0.0,2976.5259000000005,-0.0,112.58040000000119,-0.0,94.7050149178261
2021-04-16 20:00:00,-0.0,5327.28,2160.0,-0.0,3004.3185328044833,-0.0,89.96076719551762,-0.0,-0.0
2021-04-16 21:00:00,-0.0,5184.1,2160.0,-0.0,2979.675799999999,-0.0,0.0,-0.0,-0.0
2021-04-16 22:00:00,-0.0,5021.3099999999995,2160.0,-0.0,2837.489700000002,-0.0,0.0,-0.0,-0.0
2021-04-16 23:00:00,-0.0,4856.58,2160.0,-0.0,2746.9984999999997,-0.0,0.0,-0.0,-0.0
2021-04-17 00:00:00,-0.0,4692.78,2160.0,-0.0,1518.8923999999997,-0.0,0.0,-0.0,-0.0
2021-04-17 01:00:00,-0.0,4570.719999999999,2160.0,-0.0,1449.0646000000006,-0.0,0.0,-0.0,-0.0
2021-04-17 02:00:00,-0.0,4485.03,2160.0,-0.0,1404.3165000000008,-0.0,0.0,-0.0,-0.0
2021-04-17 03:00:00,-0.0,4438.0199999999995,2160.0,-0.0,1448.4067000000014,-0.0,0.0,-0.0,-0.0
2021-04-17 04:00:00,-0.0,4425.74,2160.0,-0.0,1614.4559000000008,-0.0,0.0,-0.0,-0.0
2021-04-17 05:00:00,-0.0,4438.599999999999,2160.0,-0.0,1882.758600000002,-0.0,0.0,-0.0,-0.0
2021-04-17 06:00:00,570.1279732353272,4462.7699999999995,2160.0,-0.0,1619.1897267646732,-0.0,0.0,-0.0,-0.0
2021-04-17 07:00:00,1631.1594891855439,4482.17,2160.0,-0.0,828.1941108144565,-0.0,0.0,-0.0,-0.0
2021-04-17 08:00:00,2834.8485477956783,4480.759999999999,1968.8666522043231,-0.0,-0.0,-0.0,0.0,-0.0,-0.0
2021-04-17 09:00:00,3987.514350124725,4444.85,910.1857498752752,-0.0,-0.0,-0.0,0.0,-0.0,-0.0
2021-04-17 10:00:00,4932.705664806856,4365.04,3.24343519314516,-0.0,-0.0,-0.0,0.0,-0.0,-0.0
2021-04-17 11:00:00,5550.59819116621,3770.9313088337904,-0.0,-0.0,-0.0,-0.0,0.0,112.58040000000119,106.95138000000112
2021-04-17 12:00:00,5765.23736178173,3465.4208382182715,-0.0,-0.0,-0.0,-0.0,0.0,112.58040000000119,213.89206486200226
2021-04-17 13:00:00,5550.59819116621,3633.50310883379,-0.0,-0.0,-0.0,-0.0,0.0,112.58040000000119,320.8220556555172
2021-04-17 14:00:00,4932.705664806856,3626.5199999999995,568.7807636206171,-0.0,-0.0,-0.0,0.0,23.804828427471122,343.40456045604924
2021-04-17 15:00:00,3987.514350124725,3390.89,1976.3349498752768,-0.0,-0.0,-0.0,0.0,112.58040000000119,450.32160000000476
2021-04-17 16:00:00,2834.8485477956783,3168.45,2160.0,-0.0,1323.6984522043213,-0.0,0.0,-0.0,450.27656784000476
2021-04-17 17:00:00,1631.1594891855439,2976.26,2160.0,-0.0,3023.098910814455,-0.0,0.0,-0.0,450.2315401832208
2021-04-17 18:00:00,570.1279732353272,2827.8799999999997,2160.0,880.2342267646727,3500.0,-0.0,112.58040000000119,-0.0,331.68083281867484
2021-04-17 19:00:00,-0.0,2731.74,2160.0,1652.4274999999998,3500.0,-0.0,112.58040000000119,-0.0,213.14198052486543
2021-04-17 20:00:00,-0.0,2689.98,2160.0,1596.4938000000002,3500.0,-0.0,112.58040000000119,-0.0,94.61498211628538
2021-04-17 21:00:00,-0.0,2698.31,2160.0,1357.37415541283,3500.0,-0.0,89.87524458717007,-0.0,-0.0
2021-04-17 22:00:00,-0.0,2746.6099999999997,2160.0,1098.2035000000005,3500.0,-0.0,0.0,-0.0,-0.0
2021-04-17 23:00:00,-0.0,2820.34,2160.0,773.422700000001,3500.0,-0.0,0.0,-0.0,-0.0
2021-04-18 00:00:00,-0.0,2888.8,2160.0,-0.0,3384.1583,-0.0,0.0,-0.0,-0.0
2021-04-18 01:00:00,-0.0,2962.39,2160.0,-0.0,3122.7157,-0.0,0.0,-0.0,-0.0
2021-04-18 02:00:00,-0.0,3012.5,2160.0,-0.0,2946.1326,-0.0,0.0,-0.0,-0.0
2021-04-18 03:00:00,-0.0,3028.42,2160.0,-0.0,2931.1811,-0.0,0.0,-0.0,-0.0
2021-04-18 04:00:00,-0.0,3005.06,2160.0,-0.0,3112.1218999999996,-0.0,0.0,-0.0,-0.0
2021-04-18 05:00:00,-0.0,2943.58,2160.0,-0.0,3458.4943000000003,-0.0,0.0,-0.0,-0.0
2021-04-18 06:00:00,659.9989887278025,2851.2,2160.0,-0.0,3225.2483112721975,-0.0,0.0,-0.0,-0.0
2021-04-18 07:00:00,1839.8950503144724,2740.11,2160.0,-0.0,2449.4349496855275,-0.0,0.0,-0.0,-0.0
2021-04-18 08:00:00,3171.376608416018,2625.81,2160.0,-0.0,1418.6707915839834,-0.0,0.0,-0.0,-0.0
2021-04-18 09:00:00,4443.319874247309,2524.9,2160.0,-0.0,309.08462575269186,-0.0,0.0,-0.0,-0.0
2021-04-18 10:00:00,5484.866130909079,2452.74,1485.1902595194979,-0.0,-0.0,-0.0,0.0,23.778190428577243,22.58928090714838
2021-04-18 11:00:00,6165.187374599231,2421.28,836.2671254007691,-0.0,-0.0,-0.0,0.0,112.58040000000119,129.5384019790588
2021-04-18 12:00:00,6401.443353486069,2437.35,496.14304651393104,-0.0,-0.0,-0.0,0.0,112.58040000000119,236.476828138862
2021-04-18 13:00:00,6165.187374599231,2501.6,624.5613254007712,-0.0,-0.0,-0.0,0.0,112.58040000000119,343.40456045604924
2021-04-18 14:00:00,5484.866130909079,2608.35,1233.6745690909202,-0.0,-0.0,-0.0,0.0,112.58040000000119,450.32160000000476
2021-04-18 15:00:00,4443.319874247309,2746.17,2160.0,-0.0,5.531125752691878,-0.0,0.0,-0.0,450.27656784000476
2021-04-18 16:00:00,3171.376608416018,2899.37,2160.0,-0.0,1371.751491583983,-0.0,0.0,-0.0,450.2315401832208
2021-04-18 17:00:00,1839.8950503144724,3049.98,2160.0,-0.0,2858.670349685527,-0.0,0.0,-0.0,450.18651702920243
2021-04-18 18:00:00,659.9989887278025,3180.06,2160.0,558.6191112721972,3500.0,-0.0,112.58040000000119,-0.0,331.63581416697195
2021-04-18 19:00:00,-0.0,3274.06,2160.0,1232.833999999999,3500.0,-0.0,112.58040000000119,-0.0,213.09696637502768
2021-04-18 20:00:00,-0.0,3320.7599999999998,2160.0,1090.6113000000005,3500.0,-0.0,112.58040000000119,-0.0,94.56997246786261
2021-04-18 21:00:00,-0.0,3314.7700000000004,2160.0,867.9019103029141,3500.0,-0.0,89.83248969708504,-0.0,-0.0
2021-04-18 22:00:00,-0.0,3257.1,2160.0,716.5838000000003,3500.0,-0.0,0.0,-0.0,-0.0
2021-04-18 23:00:00,-0.0,3155.04,2160.0,569.3921999999993,3500.0,-0.0,0.0,-0.0,-0.0
2021-04-19 00:00:00,-0.0,3007.2700000000004,2160.0,465.03110000000015,3500.0,-0.0,0.0,-0.0,-0.0
2021-04-19 01:00:00,-0.0,2857.25,2160.0,428.7429000000011,3500.0,-0.0,0.0,-0.0,-0.0
2021-04-19 02:00:00,-0.0,2708.4399999999996,2160.0,452.4929000000002,3500.0,-0.0,0.0,-0.0,-0.0
2021-04-19 03:00:00,-0.0,2576.98,2160.0,586.2044999999994,3500.0,-0.0,0.0,-0.0,-0.0
2021-04-19 04:00:00,-0.0,2475.7799999999997,2160.0,846.1358000000009,3500.0,-0.0,0.0,-0.0,-0.0
2021-04-19 05:00:00,-0.0,2412.7599999999998,2160.0,1195.0648,3500.0,-0.0,0.0,-0.0,-0.0
2021-04-19 06:00:00,710.6874467393291,2389.84,2160.0,842.5543532606707,3500.0,-0.0,0.0,-0.0,-0.0
2021-04-19 07:00:00,1933.225647925744,2402.66,2160.0,-0.0,3400.937652074256,-0.0,0.0,-0.0,-0.0
2021-04-19 08:00:00,3305.8650732986475,2441.25,2160.0,-0.0,2176.7392267013515,-0.0,0.0,-0.0,-0.0
2021-04-19 09:00:00,4614.022351954114,2491.4700000000003,2160.0,-0.0,880.286148045886,-0.0,0.0,-0.0,-0.0
2021-04-19 10:00:00,5683.747462970597,2536.93,1910.9348274579797,-0.0,-0.0,-0.0,0.0,23.778190428577243,22.58928090714838
2021-04-19 11:00:00,6381.946934255303,2561.35,1188.4588657446975,-0.0,-0.0,-0.0,0.0,112.58040000000119,129.5384019790588
2021-04-19 12:00:00,6624.307401590468,2550.81,868.9091984095339,-0.0,-0.0,-0.0,0.0,112.58040000000119,236.476828138862
2021-04-19 13:00:00,6381.946934255303,2495.7599999999998,1122.6630657446976,-0.0,-0.0,-0.0,0.0,112.58040000000119,343.40456045604924
2021-04-19 14:00:00,5683.747462970597,2392.4100000000003,1959.5491370294048,-0.0,-0.0,-0.0,0.0,112.58040000000119,450.32160000000476
2021-04-19 15:00:00,4614.022351954114,2243.38,2160.0,-0.0,1046.0926480458847,-0.0,0.0,-0.0,450.27656784000476
2021-04-19 16:00:00,3305.8650732986475,2057.44,2160.0,-0.0,2787.189926701351,-0.0,0.0,-0.0,450.2315401832208
2021-04-19 17:00:00,1933.225647925744,1848.47,2160.0,1061.6526520742555,3500.0,-0.0,112.58040000000119,-0.0,331.68083281867484
2021-04-19 18:00:00,710.6874467393291,1633.7199999999998,2160.0,2760.9051532606727,3500.0,-0.0,112.58040000000119,-0.0,213.14198052486543
2021-04-19 19:00:00,-0.0,1431.6000000000001,2160.0,3781.0445,3500.0,-0.0,112.58040000000119,-0.0,94.61498211628538
2021-04-19 20:00:00,-0.0,1259.3,2160.0,3879.509055412831,3500.0,-0.0,89.87524458717007,-0.0,-0.0
2021-04-19 21:00:00,-0.0,1130.6299999999999,2160.0,3845.457799999999,3500.0,-0.0,0.0,-0.0,-0.0
2021-04-19 22:00:00,-0.0,1054.24,2160.0,3621.7441,3500.0,-0.0,0.0,-0.0,-0.0
2021-04-19 23:00:00,-0.0,1032.58,2160.0,3392.7381000000005,3500.0,-0.0,0.0,-0.0,-0.0
2021-04-20 00:00:00,-0.0,1047.8999999999999,2160.0,2556.768400000001,3500.0,-0.0,0.0,-0.0,-0.0
2021-04-20 01:00:00,-0.0,1117.95,2160.0,2298.738400000001,3500.0,-0.0,0.0,-0.0,-0.0
2021-04-20 02:00:00,-0.0,1214.8,2160.0,2075.0292,3500.0,-0.0,0.0,-0.0,-0.0
2021-04-20 03:00:00,-0.0,1321.84,2160.0,1968.3168000000005,3500.0,-0.0,0.0,-0.0,-0.0
2021-04-20 04:00:00,-0.0,1422.39,2160.0,2024.4493000000011,3500.0,-0.0,0.0,-0.0,-0.0
2021-04-20 05:00:00,-0.0,1501.95,2160.0,2228.627300000001,3500.0,-0.0,0.0,-0.0,-0.0
2021-04-20 06:00:00,757.3136857468495,1550.1999999999998,2160.0,1756.0300142531505,3500.0,-0.0,0.0,-0.0,-0.0
2021-04-20 07:00:00,2012.8629963119733,1562.4099999999999,2160.0,779.6033036880272,3500.0,-0.0,0.0,-0.0,-0.0
2021-04-20 08:00:00,3415.7123855415925,1540.0900000000001,2160.0,-0.0,3083.5790144584075,-0.0,0.0,-0.0,-0.0
2021-04-20 09:00:00,4749.57101135702,1490.79,2160.0,-0.0,1858.3042886429803,-0.0,0.0,-0.0,-0.0
2021-04-20 10:00:00,5838.881821142819,1427.0,2160.0,-0.0,792.0882788571816,-0.0,0.0,-0.0,-0.0
2021-04-20 11:00:00,6549.312589208817,1364.4899999999998,2160.0,-0.0,52.646210791182966,-0.0,0.0,-0.0,-0.0
2021-04-20 12:00:00,6795.846874971176,1320.08,2032.403925028826,-0.0,-0.0,-0.0,0.0,112.58040000000119,106.95138000000112
2021-04-20 13:00:00,6549.312589208818,1309.32,2160.0,-0.0,-0.0,-0.0,0.0,29.61198920881816,135.07207461037837
2021-04-20 14:00:00,5838.881821142819,1344.3,2160.0,-0.0,677.9994788571812,-0.0,0.0,-0.0,135.05856740291733
2021-04-20 15:00:00,4749.57101135702,1431.9299999999998,2160.0,-0.0,1816.7743886429798,-0.0,0.0,-0.0,135.04506154617704
2021-04-20 16:00:00,3415.7123855415925,1572.9199999999998,2160.0,-0.0,3253.270814458408,-0.0,0.0,-0.0,135.03155704002242
2021-04-20 17:00:00,2012.8629963119733,1761.54,2160.0,1156.8877036880258,3500.0,-0.0,112.58040000000119,-0.0,16.512369673790857
2021-04-20 18:00:00,757.3136857468495,1986.3,2160.0,2542.981031738167,3500.0,-0.0,15.685182514982305,-0.0,-0.0
2021-04-20 19:00:00,-0.0,2231.38,2160.0,3174.5865999999996,3500.0,-0.0,0.0,-0.0,-0.0
2021-04-20 20:00:00,-0.0,2478.62,2160.0,2827.0776000000014,3500.0,-0.0,0.0,-0.0,-0.0
2021-04-20 21:00:00,-0.0,2709.84,2160.0,2339.4495000000006,3500.0,-0.0,0.0,-0.0,-0.0
2021-04-20 22:00:00,-0.0,2909.1800000000003,2160.0,1836.1162000000004,3500.0,-0.0,0.0,-0.0,-0.0
2021-04-20 23:00:00,-0.0,3065.0899999999997,2160.0,1425.5764999999992,3500.0,-0.0,0.0,-0.0,-0.0
2021-04-21 00:00:00,-0.0,3157.99,2160.0,508.0110999999997,3500.0,-0.0,0.0,-0.0,-0.0
2021-04-21 01:00:00,-0.0,3216.0,2160.0,257.91569999999956,3500.0,-0.0,0.0,-0.0,-0.0
2021-04-21 02:00:00,-0.0,3232.14,2160.0,110.74739999999974,3500.0,-0.0,0.0,-0.0,-0.0
2021-04-21 03:00:00,-0.0,3218.35,2160.0,120.63480000000027,3500.0,-0.0,0.0,-0.0,-0.0
2021-04-21 04:00:00,-0.0,3190.0,2160.0,301.3773000000001,3500.0,-0.0,0.0,-0.0,-0.0
2021-04-21 05:00:00,2.4551873101135704,3163.73,2160.0,604.5894126898875,3500.0,-0.0,0.0,-0.0,-0.0
2021-04-21 06:00:00,887.2712140480884,3155.0699999999997,2160.0,57.00578595191155,3500.0,-0.0,0.0,-0.0,-0.0
2021-04-21 07:00:00,2307.0837156021284,3176.34,2160.0,-0.0,2402.8150843978724,-0.0,0.0,-0.0,-0.0
2021-04-21 08:00:00,3886.0481545631224,3234.8199999999997,2160.0,-0.0,945.3933454368785,-0.0,0.0,-0.0,-0.0
2021-04-21 09:00:00,5384.013732175004,3331.81,1565.1989678249975,-0.0,-0.0,-0.0,0.0,-0.0,-0.0
2021-04-21 10:00:00,6605.770737399112,3462.3199999999997,167.67896260088946,-0.0,-0.0,-0.0,0.0,-0.0,-0.0
2021-04-21 11:00:00,7401.976822126624,2850.262977873377,-0.0,-0.0,-0.0,-0.0,0.0,112.58040000000119,106.95138000000112
2021-04-21 12:00:00,7678.17423457208,2478.75086542792,-0.0,-0.0,-0.0,-0.0,0.0,112.58040000000119,213.89206486200226
2021-04-21 13:00:00,7401.976822126624,2703.5774778733776,-0.0,-0.0,-0.0,-0.0,0.0,112.58040000000119,320.8220556555172
2021-04-21 14:00:00,6605.770737399112,3527.2837626008886,-0.0,-0.0,-0.0,-0.0,0.0,112.58040000000119,427.7413534499528
2021-04-21 15:00:00,5384.013732175004,4145.33,647.3620738096251,-0.0,-0.0,-0.0,0.0,23.81370598462839,450.32160000000476
2021-04-21 16:00:00,3886.0481545631224,4182.81,2160.0,-0.0,162.9726454368788,-0.0,0.0,-0.0,450.27656784000476
2021-04-21 17:00:00,2307.0837156021284,4166.13,2160.0,-0.0,2055.8893843978735,-0.0,0.0,-0.0,450.2315401832208
2021-04-21 18:00:00,887.2712140480884,4097.54,2160.0,185.4194859519116,3500.0,-0.0,112.58040000000119,-0.0,331.68083281867484
2021-04-21 19:00:00,2.4551873101135704,3985.49,2160.0,1281.272712689888,3500.0,-0.0,112.58040000000119,-0.0,213.14198052486543
2021-04-21 20:00:00,-0.0,3843.62,2160.0,1320.6320000000005,3500.0,-0.0,112.58040000000119,-0.0,94.61498211628538
2021-04-21 21:00:00,-0.0,3688.97,2160.0,1236.8912554128292,3500.0,-0.0,89.87524458717007,-0.0,-0.0
2021-04-21 22:00:00,-0.0,3539.83,2160.0,1167.2371000000003,3500.0,-0.0,0.0,-0.0,-0.0
2021-04-21 23:00:00,-0.0,3413.3,2160.0,1034.4769000000006,3500.0,-0.0,0.0,-0.0,-0.0
2021-04-22 00:00:00,-0.0,3309.4,2160.0,309.0977999999991,3500.0,-0.0,0.0,-0.0,-0.0
2021-04-22 01:00:00,-0.0,3264.38,2160.0,157.41610000000128,3500.0,-0.0,0.0,-0.0,-0.0
2021-04-22 02:00:00,-0.0,3267.02,2160.0,19.15880000000152,3500.0,-0.0,0.0,-0.0,-0.0
2021-04-22 03:00:00,-0.0,3313.4799999999996,2160.0,-0.0,3464.237100000002,-0.0,0.0,-0.0,-0.0
2021-04-22 04:00:00,-0.0,3394.2,2160.0,31.389500000000226,3500.0,-0.0,0.0,-0.0,-0.0
2021-04-22 05:00:00,11.996937992600401,3495.26,2160.0,193.2448620073992,3500.0,-0.0,0.0,-0.0,-0.0
2021-04-22 06:00:00,1070.8745850753085,3600.38,2160.0,-0.0,2853.380114924692,-0.0,0.0,-0.0,-0.0
2021-04-22 07:00:00,2727.155104420242,3693.21,2160.0,-0.0,1386.7686955797576,-0.0,0.0,-0.0,-0.0
2021-04-22 08:00:00,4560.8340668632,3759.6200000000003,1822.3591331367998,-0.0,-0.0,-0.0,0.0,-0.0,-0.0
2021-04-22 09:00:00,6296.662655055813,3789.72,106.90434494418787,-0.0,-0.0,-0.0,0.0,-0.0,-0.0
2021-04-22 10:00:00,7710.6385067771735,2456.9408836514035,-0.0,-0.0,-0.0,-0.0,0.0,23.778190428577243,22.58928090714838
2021-04-22 11:00:00,8631.456507435269,1524.6456925647326,-0.0,-0.0,-0.0,-0.0,0.0,112.58040000000119,129.5384019790588
2021-04-22 12:00:00,8950.764777057857,1105.9186229421448,-0.0,-0.0,-0.0,-0.0,0.0,112.58040000000119,236.476828138862
2021-04-22 13:00:00,8631.456507435269,1369.8195925647324,-0.0,-0.0,-0.0,-0.0,0.0,112.58040000000119,343.40456045604924
2021-04-22 14:00:00,7710.6385067771735,2314.1740932228277,-0.0,-0.0,-0.0,-0.0,0.0,112.58040000000119,450.32160000000476
2021-04-22 15:00:00,6296.662655055813,3371.15,372.9940472178705,-0.0,-0.0,-0.0,0.0,0.047402273684216005,450.32160000000476
2021-04-22 16:00:00,4560.8340668632,3320.1000000000004,2160.0,-0.0,234.95363313680082,-0.0,0.0,-0.0,450.27656784000476
2021-04-22 17:00:00,2727.155104420242,3313.47,2160.0,-0.0,2368.8051955797587,-0.0,0.0,-0.0,450.2315401832208
2021-04-22 18:00:00,1070.8745850753085,3358.59,2160.0,617.4494149246921,3500.0,-0.0,112.58040000000119,-0.0,331.68083281867484
2021-04-22 19:00:00,11.996937992600401,3456.5499999999997,2160.0,1673.7974620074,3500.0,-0.0,112.58040000000119,-0.0,213.14198052486543
2021-04-22 20:00:00,-0.0,3601.98,2160.0,1431.9326999999994,3500.0,-0.0,112.58040000000119,-0.0,94.61498211628538
2021-04-22 21:00:00,-0.0,3783.7,2160.0,1008.4510554128319,3500.0,-0.0,89.87524458717007,-0.0,-0.0
2021-04-22 22:00:00,-0.0,3986.17,2160.0,583.910899999999,3500.0,-0.0,0.0,-0.0,-0.0
2021-04-22 23:00:00,-0.0,4191.46,2160.0,116.15479999999934,3500.0,-0.0,0.0,-0.0,-0.0
2021-04-23 00:00:00,-0.0,4367.8,2160.0,-0.0,2607.4963,-0.0,0.0,-0.0,-0.0
2021-04-23 01:00:00,-0.0,4527.01,2160.0,-0.0,2248.6154000000006,-0.0,0.0,-0.0,-0.0
2021-04-23 02:00:00,-0.0,4643.85,2160.0,-0.0,1993.2955000000002,-0.0,0.0,-0.0,-0.0
2021-04-23 03:00:00,-0.0,4712.54,2160.0,-0.0,1913.393000000001,-0.0,0.0,-0.0,-0.0
2021-04-23 04:00:00,-0.0,4733.66,2160.0,-0.0,2037.5051000000003,-0.0,0.0,-0.0,-0.0
2021-04-23 05:00:00,25.21030969793889,4713.92,2160.0,-0.0,2304.4211903020605,-0.0,0.0,-0.0,-0.0
2021-04-23 06:00:00,1160.2434031634425,4665.150000000001,2160.0,-0.0,1539.8820968365567,-0.0,0.0,-0.0,-0.0
2021-04-23 07:00:00,2896.9982665685075,4602.570000000001,2160.0,-0.0,145.9157334314923,-0.0,0.0,-0.0,-0.0
2021-04-23 08:00:00,4811.452891514202,4542.610000000001,624.9295084857986,-0.0,-0.0,-0.0,0.0,-0.0,-0.0
2021-04-23 09:00:00,6619.932704201539,3407.484695798461,-0.0,-0.0,-0.0,-0.0,0.0,-0.0,-0.0
2021-04-23 10:00:00,8091.281819383327,1884.7257806166735,-0.0,-0.0,-0.0,-0.0,0.0,-0.0,-0.0
2021-04-23 11:00:00,9048.771390500664,848.9370999279132,-0.0,-0.0,-0.0,-0.0,0.0,23.778190428577243,22.58928090714838
2021-04-23 12:00:00,9380.69039494338,504.72840505662134,-0.0,-0.0,-0.0,-0.0,0.0,112.58040000000119,129.5384019790588
2021-04-23 13:00:00,9048.771390500664,779.6970094993376,-0.0,-0.0,-0.0,-0.0,0.0,112.58040000000119,236.476828138862
2021-04-23 14:00:00,8091.281819383327,1759.308680616673,-0.0,-0.0,-0.0,-0.0,0.0,112.58040000000119,343.40456045604924
2021-04-23 15:00:00,6619.932704201539,3357.9043957984613,-0.0,-0.0,-0.0,-0.0,0.0,112.58040000000119,450.32160000000476
2021-04-23 16:00:00,4811.452891514202,5025.2699999999995,262.5591107594819,-0.0,-0.0,-0.0,0.0,0.047402273684216005,450.32160000000476
2021-04-23 17:00:00,2896.9982665685075,5110.26,2160.0,-0.0,111.9206334314913,-0.0,112.58040000000119,-0.0,331.7708836294772
2021-04-23 18:00:00,1160.2434031634425,5152.57,2160.0,-0.0,2055.5455968365563,-0.0,112.58040000000119,-0.0,213.23202233058672
2021-04-23 19:00:00,25.21030969793889,5141.85,2160.0,-0.0,3295.980290302061,-0.0,112.58040000000119,-0.0,94.7050149178261
2021-04-23 20:00:00,-0.0,5073.6,2160.0,-0.0,3303.0149328044813,-0.0,89.96076719551762,-0.0,-0.0
2021-04-23 21:00:00,-0.0,4949.79,2160.0,-0.0,3251.8404999999993,-0.0,0.0,-0.0,-0.0
2021-04-23 22:00:00,-0.0,4778.64,2160.0,-0.0,3110.7045000000007,-0.0,0.0,-0.0,-0.0
2021-04-23 23:00:00,-0.0,4573.5599999999995,2160.0,-0.0,3053.113000000001,-0.0,0.0,-0.0,-0.0
2021-04-24 00:00:00,-0.0,4337.68,2160.0,-0.0,1889.6522000000004,-0.0,0.0,-0.0,-0.0
2021-04-24 01:00:00,-0.0,4116.66,2160.0,-0.0,1911.0702,-0.0,0.0,-0.0,-0.0
2021-04-24 02:00:00,-0.0,3913.8,2160.0,-0.0,1975.6557000000003,-0.0,0.0,-0.0,-0.0
2021-04-24 03:00:00,-0.0,3742.87,2160.0,-0.0,2135.7138000000004,-0.0,0.0,-0.0,-0.0
2021-04-24 04:00:00,-0.0,3612.59,2160.0,-0.0,2411.7029999999995,-0.0,0.0,-0.0,-0.0
2021-04-24 05:00:00,36.202852881856465,3525.62,2160.0,-0.0,2735.4714471181433,-0.0,0.0,-0.0,-0.0
2021-04-24 06:00:00,1085.0253919354177,3478.26,2160.0,-0.0,2056.481708064583,-0.0,0.0,-0.0,-0.0
2021-04-24 07:00:00,2658.845097487491,3461.15,2160.0,-0.0,780.8632025125089,-0.0,0.0,-0.0,-0.0
2021-04-24 08:00:00,4386.504607902817,3460.62,1388.2599920971825,-0.0,-0.0,-0.0,0.0,-0.0,-0.0
2021-04-24 09:00:00,6015.175429951291,3269.784670048709,-0.0,-0.0,-0.0,-0.0,0.0,-0.0,-0.0
2021-04-24 10:00:00,7338.644149468011,1919.9674409605657,-0.0,-0.0,-0.0,-0.0,0.0,23.778190428577243,22.58928090714838
2021-04-24 11:00:00,8199.310061028324,1047.4395389716774,-0.0,-0.0,-0.0,-0.0,0.0,112.58040000000119,129.5384019790588
2021-04-24 12:00:00,8497.570679437848,649.630120562153,-0.0,-0.0,-0.0,-0.0,0.0,112.58040000000119,236.476828138862
2021-04-24 13:00:00,8199.310061028324,892.6121389716773,-0.0,-0.0,-0.0,-0.0,0.0,112.58040000000119,343.40456045604924
2021-04-24 14:00:00,7338.644149468011,1777.1993505319897,-0.0,-0.0,-0.0,-0.0,0.0,112.58040000000119,450.32160000000476
2021-04-24 15:00:00,6015.175429951291,2831.21,286.0956723223917,-0.0,-0.0,-0.0,0.0,0.047402273684216005,450.32160000000476
2021-04-24 16:00:00,4386.504607902817,2617.03,2160.0,-0.0,204.92449209718234,-0.0,0.0,-0.0,450.27656784000476
2021-04-24 17:00:00,2658.845097487491,2401.95,2160.0,-0.0,2442.3610025125095,-0.0,0.0,-0.0,450.2315401832208
2021-04-24 18:00:00,1085.0253919354177,2203.85,2160.0,853.1710080645807,3500.0,-0.0,112.58040000000119,-0.0,331.68083281867484
2021-04-24 19:00:00,36.202852881856465,2039.3600000000001,2160.0,2163.5740471181425,3500.0,-0.0,112.58040000000119,-0.0,213.14198052486543
2021-04-24 20:00:00,-0.0,1921.62,2160.0,2210.9974999999986,3500.0,-0.0,112.58040000000119,-0.0,94.61498211628538
2021-04-24 21:00:00,-0.0,1858.57,2160.0,2034.44645541283,3500.0,-0.0,89.87524458717007,-0.0,-0.0
2021-04-24 22:00:00,-0.0,1851.8799999999999,2160.0,1821.4778000000015,3500.0,-0.0,0.0,-0.0,-0.0
2021-04-24 23:00:00,-0.0,1896.75,2160.0,1516.7988999999998,3500.0,-0.0,0.0,-0.0,-0.0
2021-04-25 00:00:00,-0.0,1968.8,2160.0,615.4139000000005,3500.0,-0.0,0.0,-0.0,-0.0
2021-04-25 01:00:00,-0.0,2080.4900000000002,2160.0,307.19510000000037,3500.0,-0.0,0.0,-0.0,-0.0
2021-04-25 02:00:00,-0.0,2200.62,2160.0,51.96649999999954,3500.0,-0.0,0.0,-0.0,-0.0
2021-04-25 03:00:00,-0.0,2311.62,2160.0,-0.0,3433.3706,-0.0,0.0,-0.0,-0.0
2021-04-25 04:00:00,-0.0,2398.14,2160.0,-0.0,3495.9320000000002,-0.0,0.0,-0.0,-0.0
2021-04-25 05:00:00,43.66885429306546,2449.05,2160.0,177.8189457069343,3500.0,-0.0,0.0,-0.0,-0.0
2021-04-25 06:00:00,957.2886921555997,2458.85,2160.0,-0.0,3080.4287078444004,-0.0,0.0,-0.0,-0.0
2021-04-25 07:00:00,2304.3941695033227,2428.33,2160.0,-0.0,2048.578330496677,-0.0,0.0,-0.0,-0.0
2021-04-25 08:00:00,3777.249876898135,2364.37,2160.0,-0.0,817.9386231018661,-0.0,0.0,-0.0,-0.0
2021-04-25 09:00:00,5162.946434783915,2278.9,1731.0978652160866,-0.0,-0.0,-0.0,0.0,-0.0,-0.0
2021-04-25 10:00:00,6287.667741546941,2187.18,651.8594584530592,-0.0,-0.0,-0.0,0.0,-0.0,-0.0
2021-04-25 11:00:00,7018.588163710071,2105.62,-0.0,-0.0,-0.0,-0.0,0.0,94.20146371007104,89.49139052456748
2021-04-25 12:00:00,7271.807254921329,1775.2688450786727,-0.0,-0.0,-0.0,-0.0,0.0,112.58040000000119,196.43382138551613
2021-04-25 13:00:00,7018.588163710071,1977.31343628993,-0.0,-0.0,-0.0,-0.0,0.0,112.58040000000119,303.3655580033787
2021-04-25 14:00:00,6287.667741546941,2055.75,610.173410040924,-0.0,-0.0,-0.0,0.0,42.17825158786408,343.40456045604924
2021-04-25 15:00:00,5162.946434783915,2125.73,1868.717665216087,-0.0,-0.0,-0.0,0.0,112.58040000000119,450.32160000000476
2021-04-25 16:00:00,3777.249876898135,2234.9,2160.0,-0.0,1112.9779231018656,-0.0,0.0,-0.0,450.27656784000476
2021-04-25 17:00:00,2304.3941695033227,2371.99,2160.0,-0.0,2747.7826304966766,-0.0,0.0,-0.0,450.2315401832208
2021-04-25 18:00:00,957.2886921555997,2521.51,2160.0,588.6524078444004,3500.0,-0.0,112.58040000000119,-0.0,331.68083281867484
2021-04-25 19:00:00,43.66885429306546,2665.74,2160.0,1459.573545706934,3500.0,-0.0,112.58040000000119,-0.0,213.14198052486543
2021-04-25 20:00:00,-0.0,2787.04,2160.0,1279.9053999999987,3500.0,-0.0,112.58040000000119,-0.0,94.61498211628538
2021-04-25 21:00:00,-0.0,2870.19,2160.0,961.6770554128288,3500.0,-0.0,89.87524458717007,-0.0,-0.0
2021-04-25 22:00:00,-0.0,2904.35,2160.0,712.4161999999997,3500.0,-0.0,0.0,-0.0,-0.0
2021-04-25 23:00:00,-0.0,2884.53,2160.0,477.0149999999999,3500.0,-0.0,0.0,-0.0,-0.0
2021-04-26 00:00:00,-0.0,2798.4399999999996,2160.0,305.4307000000017,3500.0,-0.0,0.0,-0.0,-0.0
2021-04-26 01:00:00,-0.0,2681.2799999999997,2160.0,230.70289999999932,3500.0,-0.0,0.0,-0.0,-0.0
2021-04-26 02:00:00,-0.0,2532.2400000000002,2160.0,249.30479999999943,3500.0,-0.0,0.0,-0.0,-0.0
2021-04-26 03:00:00,-0.0,2367.7000000000003,2160.0,410.9249999999997,3500.0,-0.0,0.0,-0.0,-0.0
2021-04-26 04:00:00,-0.0,2205.37,2160.0,727.0242000000007,3500.0,-0.0,0.0,-0.0,-0.0
2021-04-26 05:00:00,53.299884514101876,2061.85,2160.0,1098.4070154858973,3500.0,-0.0,0.0,-0.0,-0.0
2021-04-26 06:00:00,916.3763436152528,1950.5,2160.0,677.409656384747,3500.0,-0.0,0.0,-0.0,-0.0
2021-04-26 07:00:00,2168.8231902157786,1879.68,2160.0,-0.0,3285.2187097842216,-0.0,0.0,-0.0,-0.0
2021-04-26 08:00:00,3532.902939830241,1851.69,2160.0,-0.0,2132.0805601697593,-0.0,0.0,-0.0,-0.0
2021-04-26 09:00:00,4813.796479401128,1862.5700000000002,2160.0,-0.0,898.381920598873,-0.0,0.0,-0.0,-0.0
2021-04-26 10:00:00,5852.251432040619,1902.7,1962.0141583879586,-0.0,-0.0,-0.0,0.0,23.778190428577243,22.58928090714838
2021-04-26 11:00:00,6526.680226186498,1958.22,1228.8275738135026,-0.0,-0.0,-0.0,0.0,112.58040000000119,129.5384019790588
2021-04-26 12:00:00,6760.246658974529,2012.99,849.619841025471,-0.0,-0.0,-0.0,0.0,112.58040000000119,236.476828138862
2021-04-26 13:00:00,6526.680226186498,2050.94,998.679373813502,-0.0,-0.0,-0.0,0.0,112.58040000000119,343.40456045604924
2021-04-26 14:00:00,5852.251432040619,2058.3,1698.428867959382,-0.0,-0.0,-0.0,0.0,112.58040000000119,450.32160000000476
2021-04-26 15:00:00,4813.796479401128,2025.62,2160.0,-0.0,634.9420205988727,-0.0,0.0,-0.0,450.27656784000476
2021-04-26 16:00:00,3532.902939830241,1949.16,2160.0,-0.0,2237.1323601697604,-0.0,0.0,-0.0,450.2315401832208
2021-04-26 17:00:00,2168.8231902157786,1831.5,2160.0,409.8144097842214,3500.0,-0.0,112.58040000000119,-0.0,331.68083281867484
2021-04-26 18:00:00,916.3763436152528,1681.3400000000001,2160.0,2072.7254563847473,3500.0,-0.0,112.58040000000119,-0.0,213.14198052486543
2021-04-26 19:00:00,53.299884514101876,1512.4399999999998,2160.0,3210.625915485898,3500.0,-0.0,112.58040000000119,-0.0,94.61498211628538
2021-04-26 20:00:00,-0.0,1341.85,2160.0,3359.5272554128296,3500.0,-0.0,89.87524458717007,-0.0,-0.0
2021-04-26 21:00:00,-0.0,1187.73,2160.0,3350.0277000000006,3500.0,-0.0,0.0,-0.0,-0.0
2021-04-26 22:00:00,-0.0,1066.98,2160.0,3170.0318000000007,3500.0,-0.0,0.0,-0.0,-0.0
2021-04-26 23:00:00,-0.0,993.0600000000001,2160.0,2992.9010000000007,3500.0,-0.0,0.0,-0.0,-0.0
2021-04-27 00:00:00,-0.0,960.51,2160.0,2204.945599999999,3500.0,-0.0,0.0,-0.0,-0.0
2021-04-27 01:00:00,-0.0,998.79,2160.0,1978.813000000001,3500.0,-0.0,0.0,-0.0,-0.0
2021-04-27 02:00:00,-0.0,1089.74,2160.0,1761.3899000000001,3500.0,-0.0,0.0,-0.0,-0.0
2021-04-27 03:00:00,-0.0,1223.08,2160.0,1629.0184000000008,3500.0,-0.0,0.0,-0.0,-0.0
2021-04-27 04:00:00,-0.0,1384.1100000000001,2160.0,1625.5692,3500.0,-0.0,0.0,-0.0,-0.0
2021-04-27 05:00:00,66.64717552726474,1555.7099999999998,2160.0,1672.2144244727342,3500.0,-0.0,0.0,-0.0,-0.0
2021-04-27 06:00:00,941.3634544668176,1720.6399999999999,2160.0,966.9411455331838,3500.0,-0.0,0.0,-0.0,-0.0
2021-04-27 07:00:00,2192.2590690850443,1863.84,2160.0,-0.0,3365.838230914955,-0.0,0.0,-0.0,-0.0
2021-04-27 08:00:00,3549.598213539013,1974.46,2160.0,-0.0,2084.2964864609867,-0.0,0.0,-0.0,-0.0
2021-04-27 09:00:00,4821.75351827436,2047.2199999999998,2160.0,-0.0,800.8282817256413,-0.0,0.0,-0.0,-0.0
2021-04-27 10:00:00,5852.0059133096065,2083.12,1880.1677771189716,-0.0,-0.0,-0.0,0.0,23.778190428577243,22.58928090714838
2021-04-27 11:00:00,6520.6538573344005,2089.18,1205.3979426656006,-0.0,-0.0,-0.0,0.0,112.58040000000119,129.5384019790588
2021-04-27 12:00:00,6752.166860735792,2077.44,897.8268392642085,-0.0,-0.0,-0.0,0.0,112.58040000000119,236.476828138862
2021-04-27 13:00:00,6520.6538573344005,2063.2200000000003,1099.9721426656006,-0.0,-0.0,-0.0,0.0,112.58040000000119,343.40456045604924
2021-04-27 14:00:00,5852.0059133096065,2062.94,1804.4420866903938,-0.0,-0.0,-0.0,0.0,112.58040000000119,450.32160000000476
2021-04-27 15:00:00,4821.75351827436,2091.79,2160.0,-0.0,673.9747817256412,-0.0,0.0,-0.0,450.27656784000476
2021-04-27 16:00:00,3549.598213539013,2161.56,2160.0,-0.0,2123.837186460987,-0.0,0.0,-0.0,450.2315401832208
2021-04-27 17:00:00,2192.2590690850443,2278.89,2160.0,57.31323091495551,3500.0,-0.0,112.58040000000119,-0.0,331.68083281867484
2021-04-27 18:00:00,941.3634544668176,2444.3,2160.0,1405.5119455331824,3500.0,-0.0,112.58040000000119,-0.0,213.14198052486543
2021-04-27 19:00:00,66.64717552726474,2651.8999999999996,2160.0,2180.8441244727364,3500.0,-0.0,112.58040000000119,-0.0,94.61498211628538
2021-04-27 20:00:00,-0.0,2890.13,2160.0,1936.4437554128308,3500.0,-0.0,89.87524458717007,-0.0,-0.0
2021-04-27 21:00:00,-0.0,3143.13,2160.0,1521.8717000000006,3500.0,-0.0,0.0,-0.0,-0.0
2021-04-27 22:00:00,-0.0,3392.77,2160.0,973.4110999999994,3500.0,-0.0,0.0,-0.0,-0.0
2021-04-27 23:00:00,-0.0,3620.9799999999996,2160.0,495.9482000000007,3500.0,-0.0,0.0,-0.0,-0.0
2021-04-28 00:00:00,-0.0,3798.35,2160.0,-0.0,2999.8057000000013,-0.0,0.0,-0.0,-0.0
2021-04-28 01:00:00,-0.0,3940.9100000000003,2160.0,-0.0,2670.9374999999995,-0.0,0.0,-0.0,-0.0
2021-04-28 02:00:00,-0.0,4029.42,2160.0,-0.0,2457.3675000000003,-0.0,0.0,-0.0,-0.0
2021-04-28 03:00:00,-0.0,4064.78,2160.0,-0.0,2424.2590999999998,-0.0,0.0,-0.0,-0.0
2021-04-28 04:00:00,-0.0,4054.11,2160.0,-0.0,2593.6603999999993,-0.0,0.0,-0.0,-0.0
2021-04-28 05:00:00,76.66880372945559,4009.76,2160.0,-0.0,2847.250596270545,-0.0,0.0,-0.0,-0.0
2021-04-28 06:00:00,919.1886490795646,3947.53,2160.0,-0.0,2402.2177509204357,-0.0,0.0,-0.0,-0.0
2021-04-28 07:00:00,2107.9233849826433,3884.5,2160.0,-0.0,1570.2545150173573,-0.0,0.0,-0.0,-0.0
2021-04-28 08:00:00,3393.2027818847787,3836.71,2160.0,-0.0,519.7961181152209,-0.0,0.0,-0.0,-0.0
2021-04-28 09:00:00,4595.6307670129,3816.9599999999996,1559.0423329871019,-0.0,-0.0,-0.0,0.0,-0.0,-0.0
2021-04-28 10:00:00,5568.364819337578,3833.05,532.273880662422,-0.0,-0.0,-0.0,0.0,-0.0,-0.0
2021-04-28 11:00:00,6199.280998382854,3758.3294016171476,-0.0,-0.0,-0.0,-0.0,0.0,112.58040000000119,106.95138000000112
2021-04-28 12:00:00,6417.669909617455,3452.2112903825464,-0.0,-0.0,-0.0,-0.0,0.0,112.58040000000119,213.89206486200226
2021-04-28 13:00:00,6199.280998382854,3626.9436016171476,-0.0,-0.0,-0.0,-0.0,0.0,112.58040000000119,320.8220556555172
2021-04-28 14:00:00,5568.364819337578,4202.63,1.7908090898945375,-0.0,-0.0,-0.0,0.0,23.804828427471122,343.40456045604924
2021-04-28 15:00:00,4595.6307670129,4313.93,1092.3692329871,-0.0,-0.0,-0.0,0.0,112.58040000000119,450.32160000000476
2021-04-28 16:00:00,3393.2027818847787,4401.24,2160.0,-0.0,181.90681811522109,-0.0,0.0,-0.0,450.27656784000476
2021-04-28 17:00:00,2107.9233849826433,4450.55,2160.0,-0.0,1723.3099150173557,-0.0,0.0,-0.0,450.2315401832208
2021-04-28 18:00:00,919.1886490795646,4452.23,2160.0,-0.0,3172.3289509204365,-0.0,0.0,-0.0,450.18651702920243
2021-04-28 19:00:00,76.66880372945559,4402.42,2160.0,559.4102962705433,3500.0,-0.0,112.58040000000119,-0.0,331.63581416697195
2021-04-28 20:00:00,-0.0,4303.63,2160.0,638.3284999999987,3500.0,-0.0,112.58040000000119,-0.0,213.09696637502768
2021-04-28 21:00:00,-0.0,4164.570000000001,2160.0,524.7919999999986,3500.0,-0.0,112.58040000000119,-0.0,94.56997246786261
2021-04-28 22:00:00,-0.0,3999.04,2160.0,412.96621030291544,3500.0,-0.0,89.83248969708504,-0.0,-0.0
2021-04-28 23:00:00,-0.0,3824.23,2160.0,426.94270000000097,3500.0,-0.0,0.0,-0.0,-0.0
2021-04-29 00:00:00,-0.0,3644.8,2160.0,-0.0,3286.124700000001,-0.0,0.0,-0.0,-0.0
2021-04-29 01:00:00,-0.0,3505.22,2160.0,-0.0,3237.7247,-0.0,0.0,-0.0,-0.0
2021-04-29 02:00:00,-0.0,3405.55,2160.0,-0.0,3210.535500000001,-0.0,0.0,-0.0,-0.0
2021-04-29 03:00:00,-0.0,3354.41,2160.0,-0.0,3262.0031000000017,-0.0,0.0,-0.0,-0.0
2021-04-29 04:00:00,-0.0,3354.19,2160.0,-0.0,3418.9056000000005,-0.0,0.0,-0.0,-0.0
2021-04-29 05:00:00,82.70633252387123,3400.8500000000004,2160.0,73.27856747612805,3500.0,-0.0,0.0,-0.0,-0.0
2021-04-29 06:00:00,862.4738222159413,3484.58,2160.0,-0.0,3042.74747778406,-0.0,0.0,-0.0,-0.0
2021-04-29 07:00:00,1949.0616060759767,3591.15,2160.0,-0.0,2140.920993924024,-0.0,0.0,-0.0,-0.0
2021-04-29 08:00:00,3119.83999478827,3703.95,2160.0,-0.0,1041.8477052117314,-0.0,0.0,-0.0,-0.0
2021-04-29 09:00:00,4213.213023578073,3806.25,2065.4598764219263,-0.0,-0.0,-0.0,0.0,-0.0,-0.0
2021-04-29 10:00:00,5096.790296718673,3883.5199999999995,1063.916103281329,-0.0,-0.0,-0.0,0.0,-0.0,-0.0
2021-04-29 11:00:00,5669.540856398894,3925.44,381.50243402968135,-0.0,-0.0,-0.0,0.0,23.778190428577243,22.58928090714838
2021-04-29 12:00:00,5867.730272036652,3927.27,179.5881279633477,-0.0,-0.0,-0.0,0.0,112.58040000000119,129.5384019790588
2021-04-29 13:00:00,5669.540856398894,3890.5099999999998,367.8064436011073,-0.0,-0.0,-0.0,0.0,112.58040000000119,236.476828138862
2021-04-29 14:00:00,5096.790296718673,3822.7100000000005,1040.519003281328,-0.0,-0.0,-0.0,0.0,112.58040000000119,343.40456045604924
2021-04-29 15:00:00,4213.213023578073,3736.38,2147.519076421927,-0.0,-0.0,-0.0,0.0,112.58040000000119,450.32160000000476
2021-04-29 16:00:00,3119.83999478827,3647.3,2160.0,-0.0,1301.0195052117297,-0.0,0.0,-0.0,450.27656784000476
2021-04-29 17:00:00,1949.0616060759767,3572.32,2160.0,-0.0,2848.745793924023,-0.0,0.0,-0.0,450.2315401832208
2021-04-29 18:00:00,862.4738222159413,3527.02,2160.0,626.461977784058,3500.0,-0.0,112.58040000000119,-0.0,331.68083281867484
2021-04-29 19:00:00,82.70633252387123,3523.53,2160.0,1513.4061674761278,3500.0,-0.0,112.58040000000119,-0.0,213.14198052486543
2021-04-29 20:00:00,-0.0,3568.81,2160.0,1450.5635000000002,3500.0,-0.0,112.58040000000119,-0.0,94.61498211628538
2021-04-29 21:00:00,-0.0,3663.6200000000003,2160.0,1122.0505554128285,3500.0,-0.0,89.87524458717007,-0.0,-0.0
2021-04-29 22:00:00,-0.0,3802.32,2160.0,769.2325000000001,3500.0,-0.0,0.0,-0.0,-0.0
2021-04-29 23:00:00,-0.0,3973.4700000000003,2160.0,343.4528,3500.0,-0.0,0.0,-0.0,-0.0
2021-04-30 00:00:00,-0.0,4147.71,2160.0,-0.0,2845.0011000000004,-0.0,0.0,-0.0,-0.0
2021-04-30 01:00:00,-0.0,4334.219999999999,2160.0,-0.0,2466.405700000001,-0.0,0.0,-0.0,-0.0
2021-04-30 02:00:00,-0.0,4501.31,2160.0,-0.0,2168.2874,-0.0,0.0,-0.0,-0.0
2021-04-30 03:00:00,-0.0,4633.21,2160.0,-0.0,2032.484800000001,-0.0,0.0,-0.0,-0.0
2021-04-30 04:00:00,-0.0,4718.49,2160.0,-0.0,2099.5985999999994,-0.0,0.0,-0.0,-0.0
2021-04-30 05:00:00,100.0042431178532,4751.45,2160.0,-0.0,2246.030356882147,-0.0,0.0,-0.0,-0.0
2021-04-30 06:00:00,924.500781623265,4732.82,2160.0,-0.0,1768.736218376736,-0.0,0.0,-0.0,-0.0
2021-04-30 07:00:00,2060.192311685572,4669.5,2160.0,-0.0,983.2564883144282,-0.0,0.0,-0.0,-0.0
2021-04-30 08:00:00,3279.8177679268065,4573.58,2160.0,-0.0,39.57373207319506,-0.0,0.0,-0.0,-0.0
2021-04-30 09:00:00,4416.837331125039,4460.59,1230.3066688749614,-0.0,-0.0,-0.0,0.0,-0.0,-0.0
2021-04-30 10:00:00,5334.753746780271,4347.3,380.4259532197284,-0.0,-0.0,-0.0,0.0,-0.0,-0.0
2021-04-30 11:00:00,5929.411273232097,4149.538526767903,-0.0,-0.0,-0.0,-0.0,0.0,112.58040000000119,106.95138000000112
2021-04-30 12:00:00,6135.122489992658,3848.512610007343,-0.0,-0.0,-0.0,-0.0,0.0,112.58040000000119,213.89206486200226
2021-04-30 13:00:00,5929.411273232097,4002.8530267679034,-0.0,-0.0,-0.0,-0.0,0.0,112.58040000000119,320.8220556555172
2021-04-30 14:00:00,5334.753746780271,4146.889999999999,389.34518164720157,-0.0,-0.0,-0.0,0.0,23.804828427471122,343.40456045604924
2021-04-30 15:00:00,4416.837331125039,4181.01,1494.3351688749617,-0.0,-0.0,-0.0,0.0,112.58040000000119,450.32160000000476
2021-04-30 16:00:00,3279.8177679268065,4236.75,2160.0,-0.0,541.9730320731942,-0.0,0.0,-0.0,450.27656784000476
2021-04-30 17:00:00,2060.192311685572,4299.52,2160.0,-0.0,1996.1007883144289,-0.0,0.0,-0.0,450.2315401832208
2021-04-30 18:00:00,924.500781623265,4352.58,2160.0,-0.0,3332.440318376735,-0.0,0.0,-0.0,450.18651702920243
2021-04-30 19:00:00,100.0042431178532,4379.27,2160.0,616.6536568821448,3500.0,-0.0,112.58040000000119,-0.0,331.63581416697195
2021-04-30 20:00:00,-0.0,4365.36,2160.0,625.6019999999999,3500.0,-0.0,112.58040000000119,-0.0,213.09696637502768
2021-04-30 21:00:00,-0.0,4301.03,2160.0,428.83609999999953,3500.0,-0.0,112.58040000000119,-0.0,94.56997246786261
2021-04-30 22:00:00,-0.0,4182.27,2160.0,261.6746103029159,3500.0,-0.0,89.83248969708504,-0.0,-0.0
2021-04-30 23:00:00,-0.0,4011.5,2160.0,262.9868999999999,3500.0,-0.0,0.0,-0.0,-0.0
2021-05-01 00:00:00,-0.0,3783.77,2160.0,-0.0,2594.949800000001,-0.0,0.0,-0.0,-0.0
2021-05-01 01:00:00,-0.0,3540.07,2160.0,-0.0,2641.948099999999,-0.0,0.0,-0.0,-0.0
2021-05-01 02:00:00,-0.0,3284.05,2160.0,-0.0,2762.3507999999993,-0.0,0.0,-0.0,-0.0
2021-05-01 03:00:00,-0.0,3034.1200000000003,2160.0,-0.0,3003.8190999999993,-0.0,0.0,-0.0,-0.0
2021-05-01 04:00:00,-0.0,2807.5899999999997,2160.0,-0.0,3378.2215,-0.0,0.0,-0.0,-0.0
2021-05-01 05:00:00,140.0126363303857,2618.41,2160.0,202.3011636696142,3500.0,-0.0,0.0,-0.0,-0.0
2021-05-01 06:00:00,1164.7296999755592,2475.4300000000003,2160.0,-0.0,3144.697000024441,-0.0,0.0,-0.0,-0.0
2021-05-01 07:00:00,2561.061682891059,2381.37,2160.0,-0.0,2124.9241171089425,-0.0,0.0,-0.0,-0.0
2021-05-01 08:00:00,4055.7908772305195,2332.54,2160.0,-0.0,854.7043227694808,-0.0,0.0,-0.0,-0.0
2021-05-01 09:00:00,5446.966966794781,2319.52,1687.0220332052186,-0.0,-0.0,-0.0,0.0,-0.0,-0.0
2021-05-01 10:00:00,6568.942927747407,2328.54,506.54027225259233,-0.0,-0.0,-0.0,0.0,-0.0,-0.0
2021-05-01 11:00:00,7295.3658931561,2120.9583068439006,-0.0,-0.0,-0.0,-0.0,0.0,112.58040000000119,106.95138000000112
2021-05-01 12:00:00,7546.598514634631,1770.3068853653704,-0.0,-0.0,-0.0,-0.0,0.0,112.58040000000119,213.89206486200226
2021-05-01 13:00:00,7295.3658931561,1966.1322068439003,-0.0,-0.0,-0.0,-0.0,0.0,112.58040000000119,320.8220556555172
2021-05-01 14:00:00,6568.942927747407,2274.5099999999998,352.80610068006445,-0.0,-0.0,-0.0,0.0,23.804828427471122,343.40456045604924
2021-05-01 15:00:00,5446.966966794781,2182.43,1784.164733205219,-0.0,-0.0,-0.0,0.0,112.58040000000119,450.32160000000476
2021-05-01 16:00:00,4055.7908772305195,2054.17,2160.0,-0.0,1266.1488227694813,-0.0,0.0,-0.0,450.27656784000476
2021-05-01 17:00:00,2561.061682891059,1897.8400000000001,2160.0,-0.0,3210.750617108941,-0.0,0.0,-0.0,450.2315401832208
2021-05-01 18:00:00,1164.7296999755592,1726.53,2160.0,1415.8763000244398,3500.0,-0.0,112.58040000000119,-0.0,331.68083281867484
2021-05-01 19:00:00,140.0126363303857,1556.58,2160.0,2705.9737636696136,3500.0,-0.0,112.58040000000119,-0.0,213.14198052486543
2021-05-01 20:00:00,-0.0,1405.36,2160.0,2888.774700000001,3500.0,-0.0,112.58040000000119,-0.0,94.61498211628538
2021-05-01 21:00:00,-0.0,1288.9900000000002,2160.0,2763.383055412829,3500.0,-0.0,89.87524458717007,-0.0,-0.0
2021-05-01 22:00:00,-0.0,1220.07,2160.0,2610.232900000001,3500.0,-0.0,0.0,-0.0,-0.0
2021-05-01 23:00:00,-0.0,1206.01,2160.0,2361.8268000000007,3500.0,-0.0,0.0,-0.0,-0.0
2021-05-02 00:00:00,-0.0,1234.44,2160.0,1501.6347000000005,3500.0,-0.0,0.0,-0.0,-0.0
2021-05-02 01:00:00,-0.0,1327.16,2160.0,1209.2438000000002,3500.0,-0.0,0.0,-0.0,-0.0
2021-05-02 02:00:00,-0.0,1459.52,2160.0,938.4039000000012,3500.0,-0.0,0.0,-0.0,-0.0
2021-05-02 03:00:00,-0.0,1616.03,2160.0,770.6814000000013,3500.0,-0.0,0.0,-0.0,-0.0
2021-05-02 04:00:00,-0.0,1778.8300000000002,2160.0,753.1121999999996,3500.0,-0.0,0.0,-0.0,-0.0
2021-05-02 05:00:00,187.50935083876462,1929.98,2160.0,686.8405491612366,3500.0,-0.0,0.0,-0.0,-0.0
2021-05-02 06:00:00,1420.939655728229,2053.81,2160.0,-0.0,3151.3042442717724,-0.0,0.0,-0.0,-0.0
2021-05-02 07:00:00,3084.7866159652394,2138.91,2160.0,-0.0,1682.5644840347604,-0.0,0.0,-0.0,-0.0
2021-05-02 08:00:00,4860.389238581693,2179.54,2160.0,-0.0,39.84156141830772,-0.0,0.0,-0.0,-0.0
2021-05-02 09:00:00,6510.308590804968,2176.33,601.5572091950316,-0.0,-0.0,-0.0,0.0,-0.0,-0.0
2021-05-02 10:00:00,7839.680919808279,1420.8832706202982,-0.0,-0.0,-0.0,-0.0,0.0,23.778190428577243,22.58928090714838
2021-05-02 11:00:00,8699.889273733525,547.3985262664773,-0.0,-0.0,-0.0,-0.0,0.0,112.58040000000119,129.5384019790588
2021-05-02 12:00:00,8997.301736526828,148.89546347317264,-0.0,-0.0,-0.0,-0.0,0.0,112.58040000000119,236.476828138862
2021-05-02 13:00:00,8699.889273733525,389.35752626647627,-0.0,-0.0,-0.0,-0.0,0.0,112.58040000000119,343.40456045604924
2021-05-02 14:00:00,7839.680919808279,1271.687980191722,-0.0,-0.0,-0.0,-0.0,0.0,112.58040000000119,450.32160000000476
2021-05-02 15:00:00,6510.308590804968,1865.52,750.2526114687143,-0.0,-0.0,-0.0,0.0,0.047402273684216005,450.32160000000476
2021-05-02 16:00:00,4860.389238581693,1893.1100000000001,2160.0,-0.0,446.5124614183078,-0.0,0.0,-0.0,450.27656784000476
2021-05-02 17:00:00,3084.7866159652394,1962.5500000000002,2160.0,-0.0,2445.201084034761,-0.0,0.0,-0.0,450.2315401832208
2021-05-02 18:00:00,1420.939655728229,2068.53,2160.0,639.6677442717701,3500.0,-0.0,112.58040000000119,-0.0,331.68083281867484
2021-05-02 19:00:00,187.50935083876462,2200.15,2160.0,1836.1596491612354,3500.0,-0.0,112.58040000000119,-0.0,213.14198052486543
2021-05-02 20:00:00,-0.0,2342.2799999999997,2160.0,1772.4937,3500.0,-0.0,112.58040000000119,-0.0,94.61498211628538
2021-05-02 21:00:00,-0.0,2477.6,2160.0,1394.9336554128295,3500.0,-0.0,89.87524458717007,-0.0,-0.0
2021-05-02 22:00:00,-0.0,2588.92,2160.0,1061.2029000000002,3500.0,-0.0,0.0,-0.0,-0.0
2021-05-02 23:00:00,-0.0,2661.4500000000003,2160.0,726.001400000001,3500.0,-0.0,0.0,-0.0,-0.0
2021-05-03 00:00:00,-0.0,2671.3199999999997,2160.0,451.3825000000015,3500.0,-0.0,0.0,-0.0,-0.0
2021-05-03 01:00:00,-0.0,2640.99,2160.0,282.1105000000007,3500.0,-0.0,0.0,-0.0,-0.0
2021-05-03 02:00:00,-0.0,2558.89,2160.0,225.93600000000106,3500.0,-0.0,0.0,-0.0,-0.0
2021-05-03 03:00:00,-0.0,2433.19,2160.0,340.7641000000008,3500.0,-0.0,0.0,-0.0,-0.0
2021-05-03 04:00:00,-0.0,2277.25,2160.0,642.4133000000002,3500.0,-0.0,0.0,-0.0,-0.0
2021-05-03 05:00:00,215.83328444362024,2107.9,2160.0,868.9313155563805,3500.0,-0.0,0.0,-0.0,-0.0
2021-05-03 06:00:00,1504.940541561069,1943.1899999999998,2160.0,67.00685843893098,3500.0,-0.0,0.0,-0.0,-0.0
2021-05-03 07:00:00,3227.5334381637063,1800.1200000000001,2160.0,-0.0,2268.5751618362942,-0.0,0.0,-0.0,-0.0
2021-05-03 08:00:00,5060.364244990443,1692.36,2160.0,-0.0,718.0306550095574,-0.0,0.0,-0.0,-0.0
2021-05-03 09:00:00,6760.782336205827,1628.55,1290.9980637941735,-0.0,-0.0,-0.0,0.0,-0.0,-0.0
2021-05-03 10:00:00,8129.538101651824,1524.4437887767533,-0.0,-0.0,-0.0,-0.0,0.0,23.778190428577243,22.58928090714838
2021-05-03 11:00:00,9014.75588631327,627.3640136867307,-0.0,-0.0,-0.0,-0.0,0.0,112.58040000000119,129.5384019790588
2021-05-03 12:00:00,9320.728024865017,221.84307513498425,-0.0,-0.0,-0.0,-0.0,0.0,112.58040000000119,236.476828138862
2021-05-03 13:00:00,9014.75588631327,472.53661368673056,-0.0,-0.0,-0.0,-0.0,0.0,112.58040000000119,343.40456045604924
2021-05-03 14:00:00,8129.538101651824,1381.6756983481773,-0.0,-0.0,-0.0,-0.0,0.0,112.58040000000119,450.32160000000476
2021-05-03 15:00:00,6760.782336205827,1923.14,843.9290660678562,-0.0,-0.0,-0.0,0.0,0.047402273684216005,450.32160000000476
2021-05-03 16:00:00,5060.364244990443,1965.0300000000002,2160.0,-0.0,578.4351550095571,-0.0,0.0,-0.0,450.27656784000476
2021-05-03 17:00:00,3227.5334381637063,1970.6599999999999,2160.0,-0.0,2700.3329618362945,-0.0,0.0,-0.0,450.2315401832208
2021-05-03 18:00:00,1504.940541561069,1936.08,2160.0,1096.3961584389308,3500.0,-0.0,112.58040000000119,-0.0,331.68083281867484
2021-05-03 19:00:00,215.83328444362024,1863.61,2160.0,2555.0639155563804,3500.0,-0.0,112.58040000000119,-0.0,213.14198052486543
2021-05-03 20:00:00,-0.0,1761.6499999999999,2160.0,2766.3377999999993,3500.0,-0.0,112.58040000000119,-0.0,94.61498211628538
2021-05-03 21:00:00,-0.0,1643.6000000000001,2160.0,2644.7867554128297,3500.0,-0.0,89.87524458717007,-0.0,-0.0
2021-05-03 22:00:00,-0.0,1526.09,2160.0,2542.6381,3500.0,-0.0,0.0,-0.0,-0.0
2021-05-03 23:00:00,-0.0,1426.8700000000001,2160.0,2382.0492000000004,3500.0,-0.0,0.0,-0.0,-0.0
2021-05-04 00:00:00,-0.0,1348.9,2160.0,1631.3420000000006,3500.0,-0.0,0.0,-0.0,-0.0
2021-05-04 01:00:00,-0.0,1332.06,2160.0,1451.6532000000007,3500.0,-0.0,0.0,-0.0,-0.0
2021-05-04 02:00:00,-0.0,1370.6599999999999,2160.0,1277.954600000001,3500.0,-0.0,0.0,-0.0,-0.0
2021-05-04 03:00:00,-0.0,1466.17,2160.0,1174.8487000000005,3500.0,-0.0,0.0,-0.0,-0.0
2021-05-04 04:00:00,-0.0,1613.6100000000001,2160.0,1176.4887999999992,3500.0,-0.0,0.0,-0.0,-0.0
2021-05-04 05:00:00,223.26580602787314,1802.1699999999998,2160.0,1041.1300939721286,3500.0,-0.0,0.0,-0.0,-0.0
2021-05-04 06:00:00,1444.6098933861874,2016.6200000000001,2160.0,-0.0,3431.365606613812,-0.0,0.0,-0.0,-0.0
2021-05-04 07:00:00,3062.2323725391507,2239.31,2160.0,-0.0,1875.7882274608492,-0.0,0.0,-0.0,-0.0
2021-05-04 08:00:00,4778.430622193174,2452.5,2160.0,-0.0,124.65597780682674,-0.0,0.0,-0.0,-0.0
2021-05-04 09:00:00,6368.220205203304,2640.67,560.0821947966961,-0.0,-0.0,-0.0,0.0,-0.0,-0.0
2021-05-04 10:00:00,7646.7589969449455,1899.7544934836321,-0.0,-0.0,-0.0,-0.0,0.0,23.778190428577243,22.58928090714838
2021-05-04 11:00:00,8473.175045529173,1065.440154470829,-0.0,-0.0,-0.0,-0.0,0.0,112.58040000000119,129.5384019790588
2021-05-04 12:00:00,8758.769129406975,684.3350705930261,-0.0,-0.0,-0.0,-0.0,0.0,112.58040000000119,236.476828138862
2021-05-04 13:00:00,8473.175045529173,918.7546544708275,-0.0,-0.0,-0.0,-0.0,0.0,112.58040000000119,343.40456045604924
2021-05-04 14:00:00,7646.7589969449455,1773.262403055056,-0.0,-0.0,-0.0,-0.0,0.0,112.58040000000119,450.32160000000476
2021-05-04 15:00:00,6368.220205203304,3018.21,54.41159479669568,-0.0,-0.0,-0.0,0.0,-0.0,450.27656784000476
2021-05-04 16:00:00,4778.430622193174,3029.6099999999997,1873.2100776139669,-0.0,-0.0,-0.0,0.0,0.09479980714104386,450.32160000000476
2021-05-04 17:00:00,3062.2323725391507,3064.5299999999997,2160.0,-0.0,1693.43252746085,-0.0,0.0,-0.0,450.27656784000476
2021-05-04 18:00:00,1444.6098933861874,3134.71,2160.0,-0.0,3496.739706613813,-0.0,0.0,-0.0,450.2315401832208
2021-05-04 19:00:00,223.26580602787314,3246.81,2160.0,1094.9346939721281,3500.0,-0.0,112.58040000000119,-0.0,331.68083281867484
2021-05-04 20:00:00,-0.0,3401.4100000000003,2160.0,1061.5635000000002,3500.0,-0.0,112.58040000000119,-0.0,213.14198052486543
2021-05-04 21:00:00,-0.0,3592.7799999999997,2160.0,612.409999999999,3500.0,-0.0,112.58040000000119,-0.0,94.61498211628538
2021-05-04 22:00:00,-0.0,3809.52,2160.0,113.39905541282951,3500.0,-0.0,89.87524458717007,-0.0,-0.0
2021-05-04 23:00:00,-0.0,4036.0299999999997,2160.0,-0.0,3221.5431000000017,-0.0,0.0,-0.0,-0.0
2021-05-05 00:00:00,-0.0,4241.08,2160.0,-0.0,2192.5349000000006,-0.0,0.0,-0.0,-0.0
2021-05-05 01:00:00,-0.0,4433.7300000000005,2160.0,-0.0,1807.9970999999996,-0.0,0.0,-0.0,-0.0
2021-05-05 02:00:00,-0.0,4585.27,2160.0,-0.0,1526.0190000000002,-0.0,0.0,-0.0,-0.0
2021-05-05 03:00:00,-0.0,4684.76,2160.0,-0.0,1423.609199999999,-0.0,0.0,-0.0,-0.0
2021-05-05 04:00:00,-0.0,4727.11,2160.0,-0.0,1535.0284000000001,-0.0,0.0,-0.0,-0.0
2021-05-05 05:00:00,232.99727572977784,4713.71,2160.0,-0.0,1596.5938242702227,-0.0,0.0,-0.0,-0.0
2021-05-05 06:00:00,1409.0654771011343,4652.2,2160.0,-0.0,812.7647228988669,-0.0,0.0,-0.0,-0.0
2021-05-05 07:00:00,2953.7688931437247,4555.429999999999,1814.2672068562756,-0.0,-0.0,-0.0,0.0,-0.0,-0.0
2021-05-05 08:00:00,4588.075486063141,4439.7300000000005,478.6122139368581,-0.0,-0.0,-0.0,0.0,-0.0,-0.0
2021-05-05 09:00:00,6099.767792727022,3464.724807272977,-0.0,-0.0,-0.0,-0.0,0.0,-0.0,-0.0
2021-05-05 10:00:00,7314.404754751799,2208.5268452482005,-0.0,-0.0,-0.0,-0.0,0.0,-0.0,-0.0
2021-05-05 11:00:00,8099.127258833372,1355.542531595206,-0.0,-0.0,-0.0,-0.0,0.0,23.778190428577243,22.58928090714838
2021-05-05 12:00:00,8370.224577639185,1082.3761223608162,-0.0,-0.0,-0.0,-0.0,0.0,112.58040000000119,129.5384019790588
2021-05-05 13:00:00,8099.127258833372,1306.916541166629,-0.0,-0.0,-0.0,-0.0,0.0,112.58040000000119,236.476828138862
2021-05-05 14:00:00,7314.404754751799,2124.3197452482027,-0.0,-0.0,-0.0,-0.0,0.0,112.58040000000119,343.40456045604924
2021-05-05 15:00:00,6099.767792727022,3476.9140072729797,-0.0,-0.0,-0.0,-0.0,0.0,112.58040000000119,450.32160000000476
2021-05-05 16:00:00,4588.075486063141,4291.04,829.8714162105425,-0.0,-0.0,-0.0,0.0,0.047402273684216005,450.32160000000476
2021-05-05 17:00:00,2953.7688931437247,4361.6,2160.0,-0.0,424.5116068562743,-0.0,112.58040000000119,-0.0,331.7708836294772
2021-05-05 18:00:00,1409.0654771011343,4411.49,2160.0,-0.0,2193.516150588777,-0.0,98.69347231008992,-0.0,227.84984095154596
2021-05-05 19:00:00,232.99727572977784,4426.95,2160.0,-0.0,3500.0,-0.0,58.74312427022366,-0.0,165.99218831458379
2021-05-05 20:00:00,-0.0,4398.51,2160.0,109.90629999999874,3500.0,-0.0,112.58040000000119,-0.0,47.46990488522477
2021-05-05 21:00:00,-0.0,4322.41,2160.0,-0.0,3500.0,-0.0,45.09189999999944,-0.0,-0.0
2021-05-05 22:00:00,-0.0,4201.25,2160.0,-0.0,3365.5059999999994,-0.0,0.0,-0.0,-0.0
2021-05-05 23:00:00,-0.0,4043.7099999999996,2160.0,-0.0,3271.9952000000008,-0.0,0.0,-0.0,-0.0
2021-05-06 00:00:00,-0.0,3850.21,2160.0,-0.0,2645.747700000001,-0.0,0.0,-0.0,-0.0
2021-05-06 01:00:00,-0.0,3664.5,2160.0,-0.0,2643.6064000000006,-0.0,0.0,-0.0,-0.0
2021-05-06 02:00:00,-0.0,3491.41,2160.0,-0.0,2690.2220000000016,-0.0,0.0,-0.0,-0.0
2021-05-06 03:00:00,-0.0,3347.8599999999997,2160.0,-0.0,2834.7418000000007,-0.0,0.0,-0.0,-0.0
2021-05-06 04:00:00,-0.0,3247.33,2160.0,-0.0,3092.8513000000003,-0.0,0.0,-0.0,-0.0
2021-05-06 05:00:00,252.04729726779541,3198.1,2160.0,-0.0,3174.9264027322056,-0.0,0.0,-0.0,-0.0
2021-05-06 06:00:00,1433.505750779083,3202.2200000000003,2160.0,-0.0,2323.722249220917,-0.0,0.0,-0.0,-0.0
2021-05-06 07:00:00,2973.1313930666656,3255.29,2160.0,-0.0,1024.0193069333354,-0.0,0.0,-0.0,-0.0
2021-05-06 08:00:00,4597.717676226496,3347.0699999999997,1654.0704237735054,-0.0,-0.0,-0.0,0.0,-0.0,-0.0
2021-05-06 09:00:00,6098.261200513998,3462.9,99.14269948600304,-0.0,-0.0,-0.0,0.0,-0.0,-0.0
2021-05-06 10:00:00,7302.898854221222,2319.120045778779,-0.0,-0.0,-0.0,-0.0,0.0,-0.0,-0.0
2021-05-06 11:00:00,8080.757993776794,1476.1749966517834,-0.0,-0.0,-0.0,-0.0,0.0,23.778190428577243,22.58928090714838
2021-05-06 12:00:00,8349.43360509945,1208.5034949005512,-0.0,-0.0,-0.0,-0.0,0.0,112.58040000000119,129.5384019790588
2021-05-06 13:00:00,8080.757993776794,1433.590106223207,-0.0,-0.0,-0.0,-0.0,0.0,112.58040000000119,236.476828138862
2021-05-06 14:00:00,7302.898854221222,2246.9912457787786,-0.0,-0.0,-0.0,-0.0,0.0,112.58040000000119,343.40456045604924
2021-05-06 15:00:00,6098.261200513998,3592.339599486002,-0.0,-0.0,-0.0,-0.0,0.0,112.58040000000119,450.32160000000476
2021-05-06 16:00:00,4597.717676226496,3755.1200000000003,1472.707226047186,-0.0,-0.0,-0.0,0.0,0.047402273684216005,450.32160000000476
2021-05-06 17:00:00,2973.1313930666656,3671.55,2160.0,-0.0,1326.8634069333339,-0.0,0.0,-0.0,450.27656784000476
2021-05-06 18:00:00,1433.505750779083,3582.5699999999997,2160.0,-0.0,3218.1834492209177,-0.0,0.0,-0.0,450.2315401832208
2021-05-06 19:00:00,252.04729726779541,3504.7,2160.0,973.1461027322039,3500.0,-0.0,112.58040000000119,-0.0,331.68083281867484
2021-05-06 20:00:00,-0.0,3453.26,2160.0,1181.1106999999993,3500.0,-0.0,112.58040000000119,-0.0,213.14198052486543
2021-05-06 21:00:00,-0.0,3440.16,2160.0,942.7646999999997,3500.0,-0.0,112.58040000000119,-0.0,94.61498211628538
2021-05-06 22:00:00,-0.0,3472.17,2160.0,634.6379554128307,3500.0,-0.0,89.87524458717007,-0.0,-0.0
2021-05-06 23:00:00,-0.0,3549.9399999999996,2160.0,397.4916000000003,3500.0,-0.0,0.0,-0.0,-0.0
2021-05-07 00:00:00,-0.0,3654.4300000000003,2160.0,-0.0,2975.0377000000008,-0.0,0.0,-0.0,-0.0
2021-05-07 01:00:00,-0.0,3800.83,2160.0,-0.0,2642.3295,-0.0,0.0,-0.0,-0.0
2021-05-07 02:00:00,-0.0,3960.14,2160.0,-0.0,2357.9595000000004,-0.0,0.0,-0.0,-0.0
2021-05-07 03:00:00,-0.0,4114.38,2160.0,-0.0,2205.9710999999998,-0.0,0.0,-0.0,-0.0
2021-05-07 04:00:00,-0.0,4245.63,2160.0,-0.0,2233.452400000001,-0.0,0.0,-0.0,-0.0
2021-05-07 05:00:00,255.70775834832835,4338.36,2160.0,-0.0,2170.923641651673,-0.0,0.0,-0.0,-0.0
2021-05-07 06:00:00,1375.027653029105,4381.39,2160.0,-0.0,1343.830746970895,-0.0,0.0,-0.0,-0.0
2021-05-07 07:00:00,2822.896249572352,4369.35,2160.0,-0.0,201.74365042764794,-0.0,0.0,-0.0,-0.0
2021-05-07 08:00:00,4346.719413536658,4303.3,1091.0014864633413,-0.0,-0.0,-0.0,0.0,-0.0,-0.0
2021-05-07 09:00:00,5752.2360289804465,4050.7090710195544,-0.0,-0.0,-0.0,-0.0,0.0,-0.0,-0.0
2021-05-07 10:00:00,6879.658041784598,2909.1208486439796,-0.0,-0.0,-0.0,-0.0,0.0,23.778190428577243,22.58928090714838
2021-05-07 11:00:00,7607.286280963712,2181.6361190362895,-0.0,-0.0,-0.0,-0.0,0.0,112.58040000000119,129.5384019790588
2021-05-07 12:00:00,7858.552382269198,1842.640817730804,-0.0,-0.0,-0.0,-0.0,0.0,112.58040000000119,236.476828138862
2021-05-07 13:00:00,7607.286280963712,2050.2503190362895,-0.0,-0.0,-0.0,-0.0,0.0,112.58040000000119,343.40456045604924
2021-05-07 14:00:00,6879.658041784598,2813.215158215404,-0.0,-0.0,-0.0,-0.0,0.0,112.58040000000119,450.32160000000476
2021-05-07 15:00:00,5752.2360289804465,3353.52,614.952973293236,-0.0,-0.0,-0.0,0.0,0.047402273684216005,450.32160000000476
2021-05-07 16:00:00,4346.719413536658,3305.74,2160.0,-0.0,155.2021864633416,-0.0,0.0,-0.0,450.27656784000476
2021-05-07 17:00:00,2822.896249572352,3291.96,2160.0,-0.0,1998.2390504276486,-0.0,0.0,-0.0,450.2315401832208
2021-05-07 18:00:00,1375.027653029105,3302.31,2160.0,85.14154697089543,3500.0,-0.0,112.58040000000119,-0.0,331.68083281867484
2021-05-07 19:00:00,255.70775834832835,3322.71,2160.0,1291.3933416516702,3500.0,-0.0,112.58040000000119,-0.0,213.14198052486543
2021-05-07 20:00:00,-0.0,3336.8599999999997,2160.0,1436.4105000000009,3500.0,-0.0,112.58040000000119,-0.0,94.61498211628538
2021-05-07 21:00:00,-0.0,3328.55,2160.0,1214.82915541283,3500.0,-0.0,89.87524458717007,-0.0,-0.0
2021-05-07 22:00:00,-0.0,3283.94,2160.0,1049.2106999999996,3500.0,-0.0,0.0,-0.0,-0.0
2021-05-07 23:00:00,-0.0,3193.56,2160.0,888.9247000000014,3500.0,-0.0,0.0,-0.0,-0.0
2021-05-08 00:00:00,-0.0,3040.46,2160.0,-0.0,3155.6436000000003,-0.0,0.0,-0.0,-0.0
2021-05-08 01:00:00,-0.0,2853.79,2160.0,-0.0,3154.332300000001,-0.0,0.0,-0.0,-0.0
2021-05-08 02:00:00,-0.0,2629.16,2160.0,-0.0,3252.103100000001,-0.0,0.0,-0.0,-0.0
2021-05-08 03:00:00,-0.0,2380.52,2160.0,1.0707000000006701,3500.0,-0.0,0.0,-0.0,-0.0
2021-05-08 04:00:00,-0.0,2125.1800000000003,2160.0,413.09319999999934,3500.0,-0.0,0.0,-0.0,-0.0
2021-05-08 05:00:00,230.21845009242205,1881.59,2160.0,710.2040499075783,3500.0,-0.0,0.0,-0.0,-0.0
2021-05-08 06:00:00,1175.9789218328067,1667.02,2160.0,311.9799781671927,3500.0,-0.0,0.0,-0.0,-0.0
2021-05-08 07:00:00,2390.772123050045,1495.32,2160.0,-0.0,3060.219376949955,-0.0,0.0,-0.0,-0.0
2021-05-08 08:00:00,3666.1303312308582,1375.19,2160.0,-0.0,2089.4962687691414,-0.0,0.0,-0.0,-0.0
2021-05-08 09:00:00,4840.903979293245,1309.14,2160.0,-0.0,1040.0565207067548,-0.0,0.0,-0.0,-0.0
2021-05-08 10:00:00,5782.4459928371625,1293.2099999999998,2160.0,-0.0,73.7480071628379,-0.0,0.0,-0.0,-0.0
2021-05-08 11:00:00,6389.825853532303,1317.68,1622.9585464676975,-0.0,-0.0,-0.0,0.0,112.58040000000119,106.95138000000112
2021-05-08 12:00:00,6599.521169700641,1368.4099999999999,1271.8348302993609,-0.0,-0.0,-0.0,0.0,112.58040000000119,213.89206486200226
2021-05-08 13:00:00,6389.825853532303,1428.8400000000001,1374.3703464676992,-0.0,-0.0,-0.0,0.0,112.58040000000119,320.8220556555172
2021-05-08 14:00:00,5782.4459928371625,1482.32,1960.4309071628386,-0.0,-0.0,-0.0,0.0,112.58040000000119,427.7413534499528
2021-05-08 15:00:00,4840.903979293245,1514.3899999999999,2160.0,-0.0,734.4166207067556,-0.0,0.0,-0.0,427.6985793146078
2021-05-08 16:00:00,3666.1303312308582,1514.76,2160.0,-0.0,2152.448068769142,-0.0,0.0,-0.0,427.65580945667637
2021-05-08 17:00:00,2390.772123050045,1478.75,2160.0,153.20377694995432,3500.0,-0.0,112.58040000000119,-0.0,309.10735966520315
2021-05-08 18:00:00,1175.9789218328067,1407.9,2160.0,1697.254478167194,3500.0,-0.0,112.58040000000119,-0.0,190.57076471870906
2021-05-08 19:00:00,230.21845009242205,1309.7900000000002,2160.0,2844.8129499075785,3500.0,-0.0,112.58040000000119,-0.0,72.04602343170961
2021-05-08 20:00:00,-0.0,1196.96,2160.0,3131.7346221121034,3500.0,-0.0,68.43687788789813,-0.0,-0.0
2021-05-08 21:00:00,-0.0,1085.23,2160.0,3055.494700000001,3500.0,-0.0,0.0,-0.0,-0.0
2021-05-08 22:00:00,-0.0,991.4499999999999,2160.0,2845.2814000000008,3500.0,-0.0,0.0,-0.0,-0.0
2021-05-08 23:00:00,-0.0,931.2199999999999,2160.0,2650.880400000001,3500.0,-0.0,0.0,-0.0,-0.0
2021-05-09 00:00:00,-0.0,903.51,2160.0,1855.2886999999992,3500.0,-0.0,0.0,-0.0,-0.0
2021-05-09 01:00:00,-0.0,941.63,2160.0,1625.0832999999993,3500.0,-0.0,0.0,-0.0,-0.0
2021-05-09 02:00:00,-0.0,1033.17,2160.0,1402.5150000000003,3500.0,-0.0,0.0,-0.0,-0.0
2021-05-09 03:00:00,-0.0,1172.47,2160.0,1259.3111,3500.0,-0.0,0.0,-0.0,-0.0
2021-05-09 04:00:00,-0.0,1348.1000000000001,2160.0,1236.0748999999996,3500.0,-0.0,0.0,-0.0,-0.0
2021-05-09 05:00:00,209.2600784179071,1544.3200000000002,2160.0,1109.9908215820942,3500.0,-0.0,0.0,-0.0,-0.0
2021-05-09 06:00:00,1019.6281299478471,1743.0300000000002,2160.0,429.4864700521521,3500.0,-0.0,0.0,-0.0,-0.0
2021-05-09 07:00:00,2053.630265602177,1926.13,2160.0,-0.0,2999.2761343978236,-0.0,0.0,-0.0,-0.0
2021-05-09 08:00:00,3136.579908266317,2077.86,2160.0,-0.0,1944.6191917336828,-0.0,0.0,-0.0,-0.0
2021-05-09 09:00:00,4132.816799114173,2186.73,2160.0,-0.0,894.273500885829,-0.0,0.0,-0.0,-0.0
2021-05-09 10:00:00,4930.641075477896,2247.04,2160.0,-0.0,-0.0,-0.0,0.0,9.115075477895516,8.65932170400074
2021-05-09 11:00:00,5445.0697766006015,2259.46,1640.5076233993996,-0.0,-0.0,-0.0,0.0,112.58040000000119,115.60983577183146
2021-05-09 12:00:00,5622.635618833407,2230.86,1396.2257811665932,-0.0,-0.0,-0.0,0.0,112.58040000000119,222.5496547882554
2021-05-09 13:00:00,5445.0697766006015,2173.29,1579.9908233994001,-0.0,-0.0,-0.0,0.0,112.58040000000119,329.4787798227777
2021-05-09 14:00:00,4930.641075477896,2102.22,2160.0,-0.0,-0.0,-0.0,0.0,79.58937547789628,405.0557386487969
2021-05-09 15:00:00,4132.816799114173,2034.39,2160.0,-0.0,918.4816008858279,-0.0,0.0,-0.0,405.015233074932
2021-05-09 16:00:00,3136.579908266317,1985.44,2160.0,-0.0,2202.608491733684,-0.0,0.0,-0.0,404.9747315516245
2021-05-09 17:00:00,2053.630265602177,1967.77,2160.0,-0.0,3500.0,-0.0,100.50043439782303,-0.0,299.14430313339244
2021-05-09 18:00:00,1019.6281299478471,1988.8,2160.0,1254.6001700521529,3500.0,-0.0,112.58040000000119,-0.0,180.60870449255154
2021-05-09 19:00:00,209.2600784179071,2049.88,2160.0,2102.8754215820927,3500.0,-0.0,112.58040000000119,-0.0,62.084959411574715
2021-05-09 20:00:00,-0.0,2146.16,2160.0,2164.495186630149,3500.0,-0.0,58.97481336985188,-0.0,-0.0
2021-05-09 21:00:00,-0.0,2267.18,2160.0,1841.3540999999987,3500.0,-0.0,0.0,-0.0,-0.0
2021-05-09 22:00:00,-0.0,2398.26,2160.0,1401.6046999999999,3500.0,-0.0,0.0,-0.0,-0.0
2021-05-09 23:00:00,-0.0,2522.56,2160.0,1018.0131999999994,3500.0,-0.0,0.0,-0.0,-0.0
2021-05-10 00:00:00,-0.0,2610.2599999999998,2160.0,669.4915999999994,3500.0,-0.0,0.0,-0.0,-0.0
2021-05-10 01:00:00,-0.0,2673.1899999999996,2160.0,409.8599000000004,3500.0,-0.0,0.0,-0.0,-0.0
2021-05-10 02:00:00,-0.0,2688.34,2160.0,259.09130000000005,3500.0,-0.0,0.0,-0.0,-0.0
2021-05-10 03:00:00,-0.0,2651.58,2160.0,287.39090000000033,3500.0,-0.0,0.0,-0.0,-0.0
2021-05-10 04:00:00,-0.0,2565.22,2160.0,521.6220000000008,3500.0,-0.0,0.0,-0.0,-0.0
2021-05-10 05:00:00,237.63981173435621,2437.77,2160.0,686.3457882656439,3500.0,-0.0,0.0,-0.0,-0.0
2021-05-10 06:00:00,1108.5393904009145,2282.92,2160.0,294.4291095990866,3500.0,-0.0,0.0,-0.0,-0.0
2021-05-10 07:00:00,2212.8156828360866,2117.74,2160.0,-0.0,3137.8306171639138,-0.0,0.0,-0.0,-0.0
2021-05-10 08:00:00,3366.6979188778705,1960.54,2160.0,-0.0,2316.8277811221305,-0.0,0.0,-0.0,-0.0
2021-05-10 09:00:00,4426.836639442592,1828.46,2160.0,-0.0,1439.2428605574087,-0.0,0.0,-0.0,-0.0
2021-05-10 10:00:00,5275.1931346253805,1735.3,2160.0,-0.0,634.5618653746196,-0.0,0.0,-0.0,-0.0
2021-05-10 11:00:00,5821.952188645354,1689.7599999999998,2160.0,-0.0,33.06341135464663,-0.0,0.0,-0.0,-0.0
2021-05-10 12:00:00,6010.6444933699,1694.38,2012.9114066301,-0.0,-0.0,-0.0,0.0,112.58040000000119,106.95138000000112
2021-05-10 13:00:00,5821.952188645354,1745.34,2095.2364113546455,-0.0,-0.0,-0.0,0.0,112.58040000000119,213.89206486200226
2021-05-10 14:00:00,5275.1931346253805,1833.03,2160.0,-0.0,305.26156537462066,-0.0,0.0,-0.0,213.87067565551607
2021-05-10 15:00:00,4426.836639442592,1943.5,2160.0,-0.0,1171.676460557408,-0.0,0.0,-0.0,213.84928858795053
2021-05-10 16:00:00,3366.6979188778705,2060.44,2160.0,-0.0,2350.0035811221287,-0.0,0.0,-0.0,213.82790365909173
2021-05-10 17:00:00,2212.8156828360866,2167.44,2160.0,77.84801716391257,3500.0,-0.0,112.58040000000119,-0.0,95.30083665819825
2021-05-10 18:00:00,1108.5393904009145,2250.35,2160.0,1371.3307683532794,3500.0,-0.0,90.52674124580581,-0.0,-0.0
2021-05-10 19:00:00,237.63981173435621,2299.19,2160.0,2379.347488265643,3500.0,-0.0,0.0,-0.0,-0.0
2021-05-10 20:00:00,-0.0,2309.6,2160.0,2498.1456,3500.0,-0.0,0.0,-0.0,-0.0
2021-05-10 21:00:00,-0.0,2283.5,2160.0,2259.7788,3500.0,-0.0,0.0,-0.0,-0.0
2021-05-10 22:00:00,-0.0,2228.79,2160.0,2002.5433999999996,3500.0,-0.0,0.0,-0.0,-0.0
2021-05-10 23:00:00,-0.0,2158.39,2160.0,1810.4773000000005,3500.0,-0.0,0.0,-0.0,-0.0
2021-05-11 00:00:00,-0.0,2075.43,2160.0,1062.6827000000012,3500.0,-0.0,0.0,-0.0,-0.0
2021-05-11 01:00:00,-0.0,2023.1499999999999,2160.0,915.2918000000009,3500.0,-0.0,0.0,-0.0,-0.0
2021-05-11 02:00:00,-0.0,2004.45,2160.0,795.5119000000004,3500.0,-0.0,0.0,-0.0,-0.0
2021-05-11 03:00:00,-0.0,2031.76,2160.0,756.9894000000004,3500.0,-0.0,0.0,-0.0,-0.0
2021-05-11 04:00:00,-0.0,2112.33,2160.0,821.6514999999999,3500.0,-0.0,0.0,-0.0,-0.0
2021-05-11 05:00:00,307.9028085728791,2247.15,2160.0,651.3150914271228,3500.0,-0.0,0.0,-0.0,-0.0
2021-05-11 06:00:00,1379.5251097835405,2430.75,2160.0,-0.0,3217.8167902164587,-0.0,0.0,-0.0,-0.0
2021-05-11 07:00:00,2730.2464084425214,2651.8799999999997,2160.0,-0.0,1926.1726915574795,-0.0,0.0,-0.0,-0.0
2021-05-11 08:00:00,4138.508369696709,2894.89,2160.0,-0.0,448.41043030329183,-0.0,0.0,-0.0,-0.0
2021-05-11 09:00:00,5430.785050432668,3141.77,1117.6787495673316,-0.0,-0.0,-0.0,0.0,-0.0,-0.0
2021-05-11 10:00:00,6464.128749490195,3198.4734409383823,-0.0,-0.0,-0.0,-0.0,0.0,23.778190428577243,22.58928090714838
2021-05-11 11:00:00,7129.819308800534,2519.5077911994667,-0.0,-0.0,-0.0,-0.0,0.0,112.58040000000119,129.5384019790588
2021-05-11 12:00:00,7359.502081661658,2188.733118338343,-0.0,-0.0,-0.0,-0.0,0.0,112.58040000000119,236.476828138862
2021-05-11 13:00:00,7129.819308800534,2361.4654911994676,-0.0,-0.0,-0.0,-0.0,0.0,112.58040000000119,343.40456045604924
2021-05-11 14:00:00,6464.128749490195,3049.2781505098046,-0.0,-0.0,-0.0,-0.0,0.0,112.58040000000119,450.32160000000476
2021-05-11 15:00:00,5430.785050432668,3944.82,152.46674956733204,-0.0,-0.0,-0.0,0.0,-0.0,450.27656784000476
2021-05-11 16:00:00,4138.508369696709,3942.7000000000003,1680.9374301104317,-0.0,-0.0,-0.0,0.0,0.09479980714104386,450.32160000000476
2021-05-11 17:00:00,2730.2464084425214,3927.2000000000003,2160.0,-0.0,1147.209095863581,-0.0,89.92019569389666,-0.0,355.62373026748196
2021-05-11 18:00:00,1379.5251097835405,3914.71,2160.0,-0.0,2849.52069021646,-0.0,0.0,-0.0,355.58816789445524
2021-05-11 19:00:00,307.9028085728791,3920.48,2160.0,397.47419142712124,3500.0,-0.0,112.58040000000119,-0.0,237.04692486713827
2021-05-11 20:00:00,-0.0,3956.48,2160.0,560.3317000000002,3500.0,-0.0,112.58040000000119,-0.0,118.51753596412398
2021-05-11 21:00:00,-0.0,4029.66,2160.0,222.20650000000023,3500.0,-0.0,112.58040000000119,-0.0,-0.0
2021-05-11 22:00:00,-0.0,4140.93,2160.0,-0.0,3411.2309000000005,-0.0,0.0,-0.0,-0.0
2021-05-11 23:00:00,-0.0,4284.94,2160.0,-0.0,3004.549400000001,-0.0,0.0,-0.0,-0.0
2021-05-12 00:00:00,-0.0,4437.7699999999995,2160.0,-0.0,2021.0350000000008,-0.0,0.0,-0.0,-0.0
2021-05-12 01:00:00,-0.0,4610.16,2160.0,-0.0,1649.0430000000015,-0.0,0.0,-0.0,-0.0
2021-05-12 02:00:00,-0.0,4771.82,2160.0,-0.0,1349.1085000000003,-0.0,0.0,-0.0,-0.0
2021-05-12 03:00:00,-0.0,4905.54,2160.0,-0.0,1204.5166,-0.0,0.0,-0.0,-0.0
2021-05-12 04:00:00,-0.0,4996.5,2160.0,-0.0,1259.265800000001,-0.0,0.0,-0.0,-0.0
2021-05-12 05:00:00,368.2557766323982,5034.33,2160.0,-0.0,1126.1813233676028,-0.0,0.0,-0.0,-0.0
2021-05-12 06:00:00,1589.4213049136133,5014.490000000001,2160.0,-0.0,247.32859508638649,-0.0,0.0,-0.0,-0.0
2021-05-12 07:00:00,3119.951594211457,4938.9,1233.4795057885444,-0.0,-0.0,-0.0,0.0,-0.0,-0.0
2021-05-12 08:00:00,4712.263324185613,4754.594075814388,-0.0,-0.0,-0.0,-0.0,0.0,-0.0,-0.0
2021-05-12 09:00:00,6171.704780913351,3344.728119086649,-0.0,-0.0,-0.0,-0.0,0.0,-0.0,-0.0
2021-05-12 10:00:00,7337.8741134480215,2128.4307865519795,-0.0,-0.0,-0.0,-0.0,0.0,-0.0,-0.0
2021-05-12 11:00:00,8088.815472130895,1300.6034182976825,-0.0,-0.0,-0.0,-0.0,0.0,23.778190428577243,22.58928090714838
2021-05-12 12:00:00,8347.848893290195,1030.8247067098073,-0.0,-0.0,-0.0,-0.0,0.0,112.58040000000119,129.5384019790588
2021-05-12 13:00:00,8088.815472130895,1234.5795278691057,-0.0,-0.0,-0.0,-0.0,0.0,112.58040000000119,236.476828138862
2021-05-12 14:00:00,7337.8741134480215,2009.442186551979,-0.0,-0.0,-0.0,-0.0,0.0,112.58040000000119,343.40456045604924
2021-05-12 15:00:00,6171.704780913351,3304.780819086651,-0.0,-0.0,-0.0,-0.0,0.0,112.58040000000119,450.32160000000476
2021-05-12 16:00:00,4712.263324185613,3899.37,988.3459780880703,-0.0,-0.0,-0.0,0.0,0.047402273684216005,450.32160000000476
2021-05-12 17:00:00,3119.951594211457,3925.98,2160.0,-0.0,598.7758100946478,-0.0,89.92019569389666,-0.0,355.62373026748196
2021-05-12 18:00:00,1589.4213049136133,3968.38,2160.0,-0.0,2428.2969950863862,-0.0,0.0,-0.0,355.58816789445524
2021-05-12 19:00:00,368.2557766323982,4010.5400000000004,2160.0,91.81392336760246,3500.0,-0.0,112.58040000000119,-0.0,237.04692486713827
2021-05-12 20:00:00,-0.0,4036.38,2160.0,327.71029999999973,3500.0,-0.0,112.58040000000119,-0.0,118.51753596412398
2021-05-12 21:00:00,-0.0,4032.1,2160.0,69.68409999999903,3500.0,-0.0,112.58040000000119,-0.0,-0.0
2021-05-12 22:00:00,-0.0,3988.18,2160.0,-0.0,3416.6505999999995,-0.0,0.0,-0.0,-0.0
2021-05-12 23:00:00,-0.0,3900.71,2160.0,-0.0,3244.3103999999994,-0.0,0.0,-0.0,-0.0
2021-05-13 00:00:00,-0.0,3759.25,2160.0,-0.0,2558.198199999999,-0.0,0.0,-0.0,-0.0
2021-05-13 01:00:00,-0.0,3597.99,2160.0,-0.0,2522.930700000001,-0.0,0.0,-0.0,-0.0
2021-05-13 02:00:00,-0.0,3417.5299999999997,2160.0,-0.0,2568.2907999999998,-0.0,0.0,-0.0,-0.0
2021-05-13 03:00:00,-0.0,3234.6200000000003,2160.0,-0.0,2743.6049,-0.0,0.0,-0.0,-0.0
2021-05-13 04:00:00,-0.0,3067.06,2160.0,-0.0,3060.2463000000002,-0.0,0.0,-0.0,-0.0
2021-05-13 05:00:00,396.08867277523115,2931.39,2160.0,-0.0,3076.294727224769,-0.0,0.0,-0.0,-0.0
2021-05-13 06:00:00,1651.1469458783322,2840.66,2160.0,-0.0,2237.994754121668,-0.0,0.0,-0.0,-0.0
2021-05-13 07:00:00,3215.7373791328428,2802.7200000000003,2160.0,-0.0,996.0807208671586,-0.0,0.0,-0.0,-0.0
2021-05-13 08:00:00,4840.145103215575,2819.16,1693.4876967844266,-0.0,-0.0,-0.0,0.0,-0.0,-0.0
2021-05-13 09:00:00,6327.28553677832,2885.11,193.78436322168,-0.0,-0.0,-0.0,0.0,-0.0,-0.0
2021-05-13 10:00:00,7514.770359141705,1845.1724408582959,-0.0,-0.0,-0.0,-0.0,0.0,-0.0,-0.0
2021-05-13 11:00:00,8279.114808549333,1007.9056818792438,-0.0,-0.0,-0.0,-0.0,0.0,23.778190428577243,22.58928090714838
2021-05-13 12:00:00,8542.723806059299,737.5865939407031,-0.0,-0.0,-0.0,-0.0,0.0,112.58040000000119,129.5384019790588
2021-05-13 13:00:00,8279.114808549333,950.0223914506678,-0.0,-0.0,-0.0,-0.0,0.0,112.58040000000119,236.476828138862
2021-05-13 14:00:00,7514.770359141705,1742.4572408582972,-0.0,-0.0,-0.0,-0.0,0.0,112.58040000000119,343.40456045604924
2021-05-13 15:00:00,6327.28553677832,3063.342863221681,-0.0,-0.0,-0.0,-0.0,0.0,112.58040000000119,450.32160000000476
2021-05-13 16:00:00,4840.145103215575,3545.44,1132.8256990581085,-0.0,-0.0,-0.0,0.0,0.047402273684216005,450.32160000000476
2021-05-13 17:00:00,3215.7373791328428,3517.3900000000003,2160.0,-0.0,924.2750208671578,-0.0,0.0,-0.0,450.27656784000476
2021-05-13 18:00:00,1651.1469458783322,3453.39,2160.0,-0.0,2808.7288541216694,-0.0,0.0,-0.0,450.2315401832208
2021-05-13 19:00:00,396.08867277523115,3365.38,2160.0,640.7480272247676,3500.0,-0.0,112.58040000000119,-0.0,331.68083281867484
2021-05-13 20:00:00,-0.0,3268.6,2160.0,1031.5810000000001,3500.0,-0.0,112.58040000000119,-0.0,213.14198052486543
2021-05-13 21:00:00,-0.0,3179.47,2160.0,862.9274999999998,3500.0,-0.0,112.58040000000119,-0.0,94.61498211628538
2021-05-13 22:00:00,-0.0,3113.25,2160.0,646.8752554128296,3500.0,-0.0,89.87524458717007,-0.0,-0.0
2021-05-13 23:00:00,-0.0,3081.83,2160.0,512.9506000000001,3500.0,-0.0,0.0,-0.0,-0.0
2021-05-14 00:00:00,-0.0,3079.2999999999997,2160.0,-0.0,3192.6755000000007,-0.0,0.0,-0.0,-0.0
2021-05-14 01:00:00,-0.0,3131.93,2160.0,-0.0,2948.1564000000003,-0.0,0.0,-0.0,-0.0
2021-05-14 02:00:00,-0.0,3221.3999999999996,2160.0,-0.0,2728.2483,-0.0,0.0,-0.0,-0.0
2021-05-14 03:00:00,-0.0,3336.5,2160.0,-0.0,2610.2285,-0.0,0.0,-0.0,-0.0
2021-05-14 04:00:00,-0.0,3461.7999999999997,2160.0,-0.0,2638.6977,-0.0,0.0,-0.0,-0.0
2021-05-14 05:00:00,424.4684060916802,3579.6499999999996,2160.0,-0.0,2377.541993908321,-0.0,0.0,-0.0,-0.0
2021-05-14 06:00:00,1713.1627453433373,3672.49,2160.0,-0.0,1326.738054656664,-0.0,0.0,-0.0,-0.0
2021-05-14 07:00:00,3311.512004111909,3725.1800000000003,2125.134695888092,-0.0,-0.0,-0.0,0.0,-0.0,-0.0
2021-05-14 08:00:00,4967.680924033655,3726.97,650.1273759663454,-0.0,-0.0,-0.0,0.0,-0.0,-0.0
2021-05-14 09:00:00,6482.219015988805,2920.6328840111946,-0.0,-0.0,-0.0,-0.0,0.0,-0.0,-0.0
2021-05-14 10:00:00,7690.762649507572,1694.3064409210053,-0.0,-0.0,-0.0,-0.0,0.0,23.778190428577243,22.58928090714838
2021-05-14 11:00:00,8468.342790505178,913.4898094948239,-0.0,-0.0,-0.0,-0.0,0.0,112.58040000000119,129.5384019790588
2021-05-14 12:00:00,8736.4604047119,554.5008952881017,-0.0,-0.0,-0.0,-0.0,0.0,112.58040000000119,236.476828138862
2021-05-14 13:00:00,8468.342790505178,776.0616094948236,-0.0,-0.0,-0.0,-0.0,0.0,112.58040000000119,343.40456045604924
2021-05-14 14:00:00,7690.762649507572,1586.3211504924302,-0.0,-0.0,-0.0,-0.0,0.0,112.58040000000119,450.32160000000476
2021-05-14 15:00:00,6482.219015988805,2626.2400000000002,194.0029840111947,-0.0,-0.0,-0.0,0.0,-0.0,450.27656784000476
2021-05-14 16:00:00,4967.680924033655,2470.7799999999997,2108.933975773486,-0.0,-0.0,-0.0,0.0,0.09479980714104386,450.32160000000476
2021-05-14 17:00:00,3311.512004111909,2354.86,2160.0,-0.0,2024.4494958880905,-0.0,0.0,-0.0,450.27656784000476
2021-05-14 18:00:00,1713.1627453433373,2280.88,2160.0,344.50255465666214,3500.0,-0.0,112.58040000000119,-0.0,331.72585597269324
2021-05-14 19:00:00,424.4684060916802,2244.97,2160.0,1775.0308939083206,3500.0,-0.0,112.58040000000119,-0.0,213.18699917656843
2021-05-14 20:00:00,-0.0,2237.6,2160.0,2109.1755999999987,3500.0,-0.0,112.58040000000119,-0.0,94.65999626612322
2021-05-14 21:00:00,-0.0,2245.02,2160.0,1870.9244962468292,3500.0,-0.0,89.91800375317177,-0.0,-0.0
2021-05-14 22:00:00,-0.0,2251.2,2160.0,1653.9166000000014,3500.0,-0.0,0.0,-0.0,-0.0
2021-05-14 23:00:00,-0.0,2240.12,2160.0,1413.9458000000004,3500.0,-0.0,0.0,-0.0,-0.0
2021-05-15 00:00:00,-0.0,2185.44,2160.0,83.08580000000029,3500.0,-0.0,0.0,-0.0,-0.0
2021-05-15 01:00:00,-0.0,2103.15,2160.0,-0.0,3477.5245,-0.0,0.0,-0.0,-0.0
2021-05-15 02:00:00,-0.0,1976.89,2160.0,-0.0,3477.3101000000006,-0.0,0.0,-0.0,-0.0
2021-05-15 03:00:00,-0.0,1809.3300000000002,2160.0,145.83990000000085,3500.0,-0.0,0.0,-0.0,-0.0
2021-05-15 04:00:00,-0.0,1609.23,2160.0,503.5206999999996,3500.0,-0.0,0.0,-0.0,-0.0
2021-05-15 05:00:00,476.95361481651713,1390.41,2160.0,530.2794851834833,3500.0,-0.0,0.0,-0.0,-0.0
2021-05-15 06:00:00,1867.783746168899,1169.99,2160.0,-0.0,3194.2423538311023,-0.0,0.0,-0.0,-0.0
2021-05-15 07:00:00,3584.5065131119004,966.17,2160.0,-0.0,1974.3322868880991,-0.0,0.0,-0.0,-0.0
2021-05-15 08:00:00,5359.919416708935,795.91,2160.0,-0.0,555.5967832910646,-0.0,0.0,-0.0,-0.0
2021-05-15 09:00:00,6981.771514000686,672.7099999999999,1278.3904859993145,-0.0,-0.0,-0.0,0.0,-0.0,-0.0
2021-05-15 10:00:00,8275.086069372284,604.9,14.60093062771557,-0.0,-0.0,-0.0,0.0,-0.0,-0.0
2021-05-15 11:00:00,8918.303300000001,-0.0,-0.0,-0.0,-0.0,-0.0,0.0,112.58040000000119,106.95138000000112
2021-05-15 12:00:00,8830.5052,-0.0,-0.0,-0.0,-0.0,-0.0,0.0,112.58040000000119,213.89206486200226
2021-05-15 13:00:00,8786.917500000001,-0.0,-0.0,-0.0,-0.0,-0.0,0.0,112.58040000000119,320.8220556555172
2021-05-15 14:00:00,8275.086069372284,547.3734306277165,-0.0,-0.0,-0.0,-0.0,0.0,112.58040000000119,427.7413534499528
2021-05-15 15:00:00,6981.771514000686,960.82,931.8106919839447,-0.0,-0.0,-0.0,0.0,23.81370598462839,450.32160000000476
2021-05-15 16:00:00,5359.919416708935,1079.28,2160.0,-0.0,498.8674832910647,-0.0,0.0,-0.0,450.27656784000476
2021-05-15 17:00:00,3584.5065131119004,1176.57,2160.0,-0.0,2483.0376868881,-0.0,0.0,-0.0,450.2315401832208
2021-05-15 18:00:00,1867.783746168899,1241.8600000000001,2160.0,784.6031538311008,3500.0,-0.0,112.58040000000119,-0.0,331.68083281867484
2021-05-15 19:00:00,476.95361481651713,1269.9099999999999,2160.0,2255.5978851834825,3500.0,-0.0,112.58040000000119,-0.0,213.14198052486543
2021-05-15 20:00:00,-0.0,1261.75,2160.0,2645.1888,3500.0,-0.0,112.58040000000119,-0.0,94.61498211628538
2021-05-15 21:00:00,-0.0,1224.46,2160.0,2453.7379554128293,3500.0,-0.0,89.87524458717007,-0.0,-0.0
2021-05-15 22:00:00,-0.0,1170.1000000000001,2160.0,2299.1526000000013,3500.0,-0.0,0.0,-0.0,-0.0
2021-05-15 23:00:00,-0.0,1114.05,2160.0,2105.9497,3500.0,-0.0,0.0,-0.0,-0.0
2021-05-16 00:00:00,-0.0,1060.19,2160.0,1343.0951000000005,3500.0,-0.0,0.0,-0.0,-0.0
2021-05-16 01:00:00,-0.0,1048.92,2160.0,1168.0568999999996,3500.0,-0.0,0.0,-0.0,-0.0
2021-05-16 02:00:00,-0.0,1079.5,2160.0,1012.4156000000003,3500.0,-0.0,0.0,-0.0,-0.0
2021-05-16 03:00:00,-0.0,1158.6499999999999,2160.0,935.5185000000001,3500.0,-0.0,0.0,-0.0,-0.0
2021-05-16 04:00:00,-0.0,1286.9,2160.0,965.9984999999997,3500.0,-0.0,0.0,-0.0,-0.0
2021-05-16 05:00:00,513.3350267754728,1458.47,2160.0,567.0037732245278,3500.0,-0.0,0.0,-0.0,-0.0
2021-05-16 06:00:00,1954.4072184466331,1661.84,2160.0,-0.0,2757.818581553367,-0.0,0.0,-0.0,-0.0
2021-05-16 07:00:00,3724.9878670196717,1881.22,2160.0,-0.0,1061.5994329803284,-0.0,0.0,-0.0,-0.0
2021-05-16 08:00:00,5552.718580206763,2098.56,1363.5597197932366,-0.0,-0.0,-0.0,0.0,-0.0,-0.0
2021-05-16 09:00:00,7220.650079332418,1856.1124206675831,-0.0,-0.0,-0.0,-0.0,0.0,-0.0,-0.0
2021-05-16 10:00:00,8549.866169143268,488.95193085673236,-0.0,-0.0,-0.0,-0.0,0.0,-0.0,-0.0
2021-05-16 11:00:00,8973.937590428577,-0.0,-0.0,-0.0,-0.0,-0.0,0.0,23.778190428577243,22.58928090714838
2021-05-16 12:00:00,8975.010600000001,-0.0,-0.0,-0.0,-0.0,-0.0,0.0,112.58040000000119,129.5384019790588
2021-05-16 13:00:00,8931.354000000001,-0.0,-0.0,-0.0,-0.0,-0.0,0.0,112.58040000000119,236.476828138862
2021-05-16 14:00:00,8549.866169143268,416.82443085673367,-0.0,-0.0,-0.0,-0.0,0.0,112.58040000000119,343.40456045604924
2021-05-16 15:00:00,7220.650079332418,1886.4093206675825,-0.0,-0.0,-0.0,-0.0,0.0,112.58040000000119,450.32160000000476
2021-05-16 16:00:00,5552.718580206763,2464.6,1224.2065220669192,-0.0,-0.0,-0.0,0.0,0.047402273684216005,450.32160000000476
2021-05-16 17:00:00,3724.9878670196717,2384.4,2160.0,-0.0,1277.5248329803294,-0.0,0.0,-0.0,450.27656784000476
2021-05-16 18:00:00,1954.4072184466331,2321.49,2160.0,-0.0,3372.9797815533675,-0.0,0.0,-0.0,450.2315401832208
2021-05-16 19:00:00,513.3350267754728,2288.73,2160.0,1341.5634732245262,3500.0,-0.0,112.58040000000119,-0.0,331.68083281867484
2021-05-16 20:00:00,-0.0,2293.98,2160.0,1753.1079000000009,3500.0,-0.0,112.58040000000119,-0.0,213.14198052486543
2021-05-16 21:00:00,-0.0,2339.11,2160.0,1455.3813999999984,3500.0,-0.0,112.58040000000119,-0.0,94.61498211628538
2021-05-16 22:00:00,-0.0,2419.7,2160.0,1097.3928554128306,3500.0,-0.0,89.87524458717007,-0.0,-0.0
2021-05-16 23:00:00,-0.0,2525.7400000000002,2160.0,830.562100000001,3500.0,-0.0,0.0,-0.0,-0.0
2021-05-17 00:00:00,-0.0,2630.5299999999997,2160.0,474.6706000000004,3500.0,-0.0,0.0,-0.0,-0.0
2021-05-17 01:00:00,-0.0,2742.6099999999997,2160.0,174.6106000000009,3500.0,-0.0,0.0,-0.0,-0.0
2021-05-17 02:00:00,-0.0,2833.12,2160.0,-0.0,3457.2414,-0.0,0.0,-0.0,-0.0
2021-05-17 03:00:00,-0.0,2888.0899999999997,2160.0,-0.0,3402.5990000000006,-0.0,0.0,-0.0,-0.0
2021-05-17 04:00:00,-0.0,2897.88,2160.0,49.491500000001,3500.0,-0.0,0.0,-0.0,-0.0
2021-05-17 05:00:00,481.7077502442825,2858.62,2160.0,-0.0,3390.783049755718,-0.0,0.0,-0.0,-0.0
2021-05-17 06:00:00,1786.3050073000843,2772.85,2160.0,-0.0,2504.922192699917,-0.0,0.0,-0.0,-0.0
2021-05-17 07:00:00,3382.1879188162234,2649.24,2160.0,-0.0,1323.9818811837781,-0.0,0.0,-0.0,-0.0
2021-05-17 08:00:00,5026.694699014931,2501.59,2160.0,-0.0,11.630200985068768,-0.0,0.0,-0.0,-0.0
2021-05-17 09:00:00,6525.910190166508,2347.02,886.2686098334916,-0.0,-0.0,-0.0,0.0,-0.0,-0.0
2021-05-17 10:00:00,7719.945898670968,2022.3345917576096,-0.0,-0.0,-0.0,-0.0,0.0,23.778190428577243,22.58928090714838
2021-05-17 11:00:00,8487.314692446964,1252.2480075530366,-0.0,-0.0,-0.0,-0.0,0.0,112.58040000000119,129.5384019790588
2021-05-17 12:00:00,8751.78300551547,897.0812944845311,-0.0,-0.0,-0.0,-0.0,0.0,112.58040000000119,236.476828138862
2021-05-17 13:00:00,8487.314692446964,1114.8198075530381,-0.0,-0.0,-0.0,-0.0,0.0,112.58040000000119,343.40456045604924
2021-05-17 14:00:00,7719.945898670968,1914.3493013290326,-0.0,-0.0,-0.0,-0.0,0.0,112.58040000000119,450.32160000000476
2021-05-17 15:00:00,6525.910190166508,2105.91,1027.0361121071755,-0.0,-0.0,-0.0,0.0,0.047402273684216005,450.32160000000476
2021-05-17 16:00:00,5026.694699014931,2224.96,2160.0,-0.0,490.7820009850693,-0.0,0.0,-0.0,450.27656784000476
2021-05-17 17:00:00,3382.1879188162234,2368.69,2160.0,-0.0,2293.526681183778,-0.0,0.0,-0.0,450.2315401832208
2021-05-17 18:00:00,1786.3050073000843,2520.3900000000003,2160.0,383.5366926999159,3500.0,-0.0,112.58040000000119,-0.0,331.68083281867484
2021-05-17 19:00:00,481.7077502442825,2663.2299999999996,2160.0,1648.9819497557182,3500.0,-0.0,112.58040000000119,-0.0,213.14198052486543
2021-05-17 20:00:00,-0.0,2782.5899999999997,2160.0,1911.0594,3500.0,-0.0,112.58040000000119,-0.0,94.61498211628538
2021-05-17 21:00:00,-0.0,2868.0099999999998,2160.0,1591.9377554128296,3500.0,-0.0,89.87524458717007,-0.0,-0.0
2021-05-17 22:00:00,-0.0,2914.66,2160.0,1331.1697000000004,3500.0,-0.0,0.0,-0.0,-0.0
2021-05-17 23:00:00,-0.0,2923.92,2160.0,1067.2787000000008,3500.0,-0.0,0.0,-0.0,-0.0
2021-05-18 00:00:00,-0.0,2890.84,2160.0,278.39860000000044,3500.0,-0.0,0.0,-0.0,-0.0
2021-05-18 01:00:00,-0.0,2852.5899999999997,2160.0,124.56450000000086,3500.0,-0.0,0.0,-0.0,-0.0
2021-05-18 02:00:00,-0.0,2812.4500000000003,2160.0,33.674900000000434,3500.0,-0.0,0.0,-0.0,-0.0
2021-05-18 03:00:00,-0.0,2787.15,2160.0,55.07230000000118,3500.0,-0.0,0.0,-0.0,-0.0
2021-05-18 04:00:00,-0.0,2792.15,2160.0,202.466100000001,3500.0,-0.0,0.0,-0.0,-0.0
2021-05-18 05:00:00,405.2844652458383,2839.4799999999996,2160.0,29.247634754161936,3500.0,-0.0,0.0,-0.0,-0.0
2021-05-18 06:00:00,1466.3048212537365,2936.0000000000005,2160.0,-0.0,2700.2796787462626,-0.0,0.0,-0.0,-0.0
2021-05-18 07:00:00,2758.860500547663,3082.36,2160.0,-0.0,1548.2557994523368,-0.0,0.0,-0.0,-0.0
2021-05-18 08:00:00,4088.511828108942,3272.8,2160.0,-0.0,208.18717189105746,-0.0,0.0,-0.0,-0.0
2021-05-18 09:00:00,5299.521808880142,3495.81,988.929691119859,-0.0,-0.0,-0.0,0.0,-0.0,-0.0
2021-05-18 10:00:00,6263.439506773048,3475.5676932269516,-0.0,-0.0,-0.0,-0.0,0.0,-0.0,-0.0
2021-05-18 11:00:00,6882.715865979922,2783.959224448657,-0.0,-0.0,-0.0,-0.0,0.0,23.778190428577243,22.58928090714838
2021-05-18 12:00:00,7096.105123055747,2564.0574769442546,-0.0,-0.0,-0.0,-0.0,0.0,112.58040000000119,129.5384019790588
2021-05-18 13:00:00,6882.715865979922,2726.0759340200793,-0.0,-0.0,-0.0,-0.0,0.0,112.58040000000119,236.476828138862
2021-05-18 14:00:00,6263.439506773048,3372.852493226953,-0.0,-0.0,-0.0,-0.0,0.0,112.58040000000119,343.40456045604924
2021-05-18 15:00:00,5299.521808880142,4469.188191119859,-0.0,-0.0,-0.0,-0.0,0.0,112.58040000000119,450.32160000000476
2021-05-18 16:00:00,4088.511828108942,4627.58,1179.025174164742,-0.0,-0.0,-0.0,0.0,0.047402273684216005,450.32160000000476
2021-05-18 17:00:00,2758.860500547663,4614.03,2160.0,-0.0,546.8696994523361,-0.0,112.58040000000119,-0.0,331.7708836294772
2021-05-18 18:00:00,1466.3048212537365,4567.33,2160.0,-0.0,2162.4800578660197,-0.0,89.93372088024383,-0.0,237.0706319303313
2021-05-18 19:00:00,405.2844652458383,4502.9400000000005,2160.0,-0.0,3476.8113347541607,-0.0,0.0,-0.0,237.04692486713827
2021-05-18 20:00:00,-0.0,4437.610000000001,2160.0,229.8794999999991,3500.0,-0.0,112.58040000000119,-0.0,118.51753596412398
2021-05-18 21:00:00,-0.0,4387.0,2160.0,19.393599999999424,3500.0,-0.0,112.58040000000119,-0.0,-0.0
2021-05-18 22:00:00,-0.0,4363.53,2160.0,-0.0,3346.7746000000016,-0.0,0.0,-0.0,-0.0
2021-05-18 23:00:00,-0.0,4374.63,2160.0,-0.0,3076.3844,-0.0,0.0,-0.0,-0.0
2021-05-19 00:00:00,-0.0,4409.429999999999,2160.0,-0.0,2215.158800000002,-0.0,0.0,-0.0,-0.0
2021-05-19 01:00:00,-0.0,4487.68,2160.0,-0.0,1940.2070999999996,-0.0,0.0,-0.0,-0.0
2021-05-19 02:00:00,-0.0,4586.66,2160.0,-0.0,1705.6085000000003,-0.0,0.0,-0.0,-0.0
2021-05-19 03:00:00,-0.0,4691.8,2160.0,-0.0,1592.0081,-0.0,0.0,-0.0,-0.0
2021-05-19 04:00:00,-0.0,4786.28,2160.0,-0.0,1645.3992000000007,-0.0,0.0,-0.0,-0.0
2021-05-19 05:00:00,365.8898688608342,4853.45,2160.0,-0.0,1487.2516311391664,-0.0,0.0,-0.0,-0.0
2021-05-19 06:00:00,1293.5154343333345,4879.04,2160.0,-0.0,858.1689656666647,-0.0,0.0,-0.0,-0.0
2021-05-19 07:00:00,2419.1072165972196,4853.19,2160.0,-0.0,40.92628340278088,-0.0,0.0,-0.0,-0.0
2021-05-19 08:00:00,3575.1210016218756,4771.87,1301.9118983781254,-0.0,-0.0,-0.0,0.0,-0.0,-0.0
2021-05-19 09:00:00,4627.012524813079,4637.45,434.91417518692197,-0.0,-0.0,-0.0,0.0,-0.0,-0.0
2021-05-19 10:00:00,5463.796159811377,4298.675140188624,-0.0,-0.0,-0.0,-0.0,0.0,112.58040000000119,106.95138000000112
2021-05-19 11:00:00,6001.214342110599,3660.978857889402,-0.0,-0.0,-0.0,-0.0,0.0,112.58040000000119,213.89206486200226
2021-05-19 12:00:00,6186.357785177802,3376.4153148221985,-0.0,-0.0,-0.0,-0.0,0.0,112.58040000000119,320.8220556555172
2021-05-19 13:00:00,6001.214342110599,3506.151457889402,-0.0,-0.0,-0.0,-0.0,0.0,112.58040000000119,427.7413534499528
2021-05-19 14:00:00,5463.796159811377,3611.46,343.06574018862375,-0.0,-0.0,-0.0,0.0,-0.0,427.6985793146078
2021-05-19 15:00:00,4627.012524813079,3451.3500000000004,1492.3452020746354,-0.0,-0.0,-0.0,0.0,23.858726887714106,450.32160000000476
2021-05-19 16:00:00,3575.1210016218756,3336.0699999999997,2160.0,-0.0,710.7876983781243,-0.0,0.0,-0.0,450.27656784000476
2021-05-19 17:00:00,2419.1072165972196,3268.28,2160.0,-0.0,2228.13408340278,-0.0,0.0,-0.0,450.2315401832208
2021-05-19 18:00:00,1293.5154343333345,3244.25,2160.0,15.23826566666503,3500.0,-0.0,112.58040000000119,-0.0,331.68083281867484
2021-05-19 19:00:00,365.8898688608342,3254.5,2160.0,1028.0442311391662,3500.0,-0.0,112.58040000000119,-0.0,213.14198052486543
2021-05-19 20:00:00,-0.0,3285.19,2160.0,1254.812399999999,3500.0,-0.0,112.58040000000119,-0.0,94.61498211628538
2021-05-19 21:00:00,-0.0,3320.13,2160.0,978.1107554128303,3500.0,-0.0,89.87524458717007,-0.0,-0.0
2021-05-19 22:00:00,-0.0,3343.03,2160.0,733.1406000000006,3500.0,-0.0,0.0,-0.0,-0.0
2021-05-19 23:00:00,-0.0,3339.84,2160.0,473.8644999999997,3500.0,-0.0,0.0,-0.0,-0.0
2021-05-20 00:00:00,-0.0,3288.56,2160.0,-0.0,3195.8237999999997,-0.0,0.0,-0.0,-0.0
2021-05-20 01:00:00,-0.0,3209.2900000000004,2160.0,-0.0,3075.4242,-0.0,0.0,-0.0,-0.0
2021-05-20 02:00:00,-0.0,3091.89,2160.0,-0.0,3054.3443,-0.0,0.0,-0.0,-0.0
2021-05-20 03:00:00,-0.0,2944.4100000000003,2160.0,-0.0,3190.6118,-0.0,0.0,-0.0,-0.0
2021-05-20 04:00:00,-0.0,2779.88,2160.0,0.37260000000151194,3500.0,-0.0,0.0,-0.0,-0.0
2021-05-20 05:00:00,397.8073038923106,2614.6000000000004,2160.0,40.232996107689814,3500.0,-0.0,0.0,-0.0,-0.0
2021-05-20 06:00:00,1376.1882870302497,2465.89,2160.0,-0.0,3032.286012969752,-0.0,0.0,-0.0,-0.0
2021-05-20 07:00:00,2558.9189739658686,2349.7999999999997,2160.0,-0.0,2245.852526034132,-0.0,0.0,-0.0,-0.0
2021-05-20 08:00:00,3771.6922256234234,2278.9300000000003,2160.0,-0.0,1277.4589743765769,-0.0,0.0,-0.0,-0.0
2021-05-20 09:00:00,4874.261046883834,2260.64,2160.0,-0.0,241.60385311616665,-0.0,0.0,-0.0,-0.0
2021-05-20 10:00:00,5750.863356075247,2296.07,1438.1630439247538,-0.0,-0.0,-0.0,0.0,-0.0,-0.0
2021-05-20 11:00:00,6313.670407149509,2379.91,713.2155832790677,-0.0,-0.0,-0.0,0.0,23.778190428577243,22.58928090714838
2021-05-20 12:00:00,6507.54092510993,2501.04,385.9266748900709,-0.0,-0.0,-0.0,0.0,112.58040000000119,129.5384019790588
2021-05-20 13:00:00,6313.670407149509,2643.96,379.92679285049235,-0.0,-0.0,-0.0,0.0,112.58040000000119,236.476828138862
2021-05-20 14:00:00,5750.863356075247,2790.8100000000004,818.0059439247543,-0.0,-0.0,-0.0,0.0,112.58040000000119,343.40456045604924
2021-05-20 15:00:00,4874.261046883834,2923.67,1688.9935531161664,-0.0,-0.0,-0.0,0.0,112.58040000000119,450.32160000000476
2021-05-20 16:00:00,3771.6922256234234,3026.88,2160.0,-0.0,649.7498743765759,-0.0,0.0,-0.0,450.27656784000476
2021-05-20 17:00:00,2558.9189739658686,3089.0299999999997,2160.0,-0.0,2092.8991260341327,-0.0,0.0,-0.0,450.2315401832208
2021-05-20 18:00:00,1376.1882870302497,3104.4500000000003,2160.0,-0.0,3500.0,-0.0,9.38991296975064,-0.0,440.30239811367545
2021-05-20 19:00:00,397.8073038923106,3073.7799999999997,2160.0,1000.5420961076898,3500.0,-0.0,112.58040000000119,-0.0,321.7526836633365
2021-05-20 20:00:00,-0.0,3003.8399999999997,2160.0,1359.2441,3500.0,-0.0,112.58040000000119,-0.0,203.21482418444262
2021-05-20 21:00:00,-0.0,2906.5299999999997,2160.0,1191.6089000000002,3500.0,-0.0,112.58040000000119,-0.0,84.68881849149662
2021-05-20 22:00:00,-0.0,2797.19,2160.0,1020.796967870835,3500.0,-0.0,80.4463321291651,-0.0,-0.0
2021-05-20 23:00:00,-0.0,2692.3399999999997,2160.0,943.4218000000001,3500.0,-0.0,0.0,-0.0,-0.0
2021-05-21 00:00:00,-0.0,2595.3500000000004,2160.0,211.20679999999993,3500.0,-0.0,0.0,-0.0,-0.0
2021-05-21 01:00:00,-0.0,2542.4600000000005,2160.0,64.49479999999903,3500.0,-0.0,0.0,-0.0,-0.0
2021-05-21 02:00:00,-0.0,2528.72,2160.0,-0.0,3439.960300000001,-0.0,0.0,-0.0,-0.0
2021-05-21 03:00:00,-0.0,2555.2000000000003,2160.0,-0.0,3402.6097000000004,-0.0,0.0,-0.0,-0.0
2021-05-21 04:00:00,-0.0,2616.7000000000003,2160.0,-0.0,3486.8189000000007,-0.0,0.0,-0.0,-0.0
2021-05-21 05:00:00,449.45551694324513,2702.4100000000003,2160.0,-0.0,3224.6533830567555,-0.0,0.0,-0.0,-0.0
2021-05-21 06:00:00,1523.53300546402,2797.3199999999997,2160.0,-0.0,2378.138694535981,-0.0,0.0,-0.0,-0.0
2021-05-21 07:00:00,2817.3051184706846,2884.23,2160.0,-0.0,1278.5477815293148,-0.0,0.0,-0.0,-0.0
2021-05-21 08:00:00,4141.956791873187,2946.06,2160.0,-0.0,66.59240812681401,-0.0,0.0,-0.0,-0.0
2021-05-21 09:00:00,5345.188292848255,2968.1600000000003,1050.8364071517453,-0.0,-0.0,-0.0,0.0,-0.0,-0.0
2021-05-21 10:00:00,6301.327510945028,2940.27,72.46048905497264,-0.0,-0.0,-0.0,0.0,-0.0,-0.0
2021-05-21 11:00:00,6914.990419165597,2410.9837808344037,-0.0,-0.0,-0.0,-0.0,0.0,112.58040000000119,106.95138000000112
2021-05-21 12:00:00,7126.348566739419,2100.076833260581,-0.0,-0.0,-0.0,-0.0,0.0,112.58040000000119,213.89206486200226
2021-05-21 13:00:00,6914.990419165597,2256.1563808344035,-0.0,-0.0,-0.0,-0.0,0.0,112.58040000000119,320.8220556555172
2021-05-21 14:00:00,6301.327510945028,2335.2999999999997,469.6650174824463,-0.0,-0.0,-0.0,0.0,23.804828427471122,343.40456045604924
2021-05-21 15:00:00,5345.188292848255,2112.36,1866.6904071517447,-0.0,-0.0,-0.0,0.0,112.58040000000119,450.32160000000476
2021-05-21 16:00:00,4141.956791873187,1893.97,2160.0,-0.0,1251.758208126812,-0.0,0.0,-0.0,450.27656784000476
2021-05-21 17:00:00,2817.3051184706846,1697.21,2160.0,-0.0,3067.865581529315,-0.0,0.0,-0.0,450.2315401832208
2021-05-21 18:00:00,1523.53300546402,1535.8700000000001,2160.0,1161.8679945359809,3500.0,-0.0,112.58040000000119,-0.0,331.68083281867484
2021-05-21 19:00:00,449.45551694324513,1418.71,2160.0,2450.195983056754,3500.0,-0.0,112.58040000000119,-0.0,213.14198052486543
2021-05-21 20:00:00,-0.0,1348.3400000000001,2160.0,2863.5020999999997,3500.0,-0.0,112.58040000000119,-0.0,94.61498211628538
2021-05-21 21:00:00,-0.0,1321.0900000000001,2160.0,2651.152355412829,3500.0,-0.0,89.87524458717007,-0.0,-0.0
2021-05-21 22:00:00,-0.0,1327.5500000000002,2160.0,2425.032400000001,3500.0,-0.0,0.0,-0.0,-0.0
2021-05-21 23:00:00,-0.0,1354.02,2160.0,2138.7535000000007,3500.0,-0.0,0.0,-0.0,-0.0
2021-05-22 00:00:00,-0.0,1372.53,2160.0,727.2038000000002,3500.0,-0.0,0.0,-0.0,-0.0
2021-05-22 01:00:00,-0.0,1390.9099999999999,2160.0,512.295000000001,3500.0,-0.0,0.0,-0.0,-0.0
2021-05-22 02:00:00,-0.0,1383.44,2160.0,384.6663999999996,3500.0,-0.0,0.0,-0.0,-0.0
2021-05-22 03:00:00,-0.0,1340.5500000000002,2160.0,419.96050000000014,3500.0,-0.0,0.0,-0.0,-0.0
2021-05-22 04:00:00,-0.0,1258.3700000000001,2160.0,651.2219000000005,3500.0,-0.0,0.0,-0.0,-0.0
2021-05-22 05:00:00,472.54543760063143,1139.26,2160.0,574.2522623993686,3500.0,-0.0,0.0,-0.0,-0.0
2021-05-22 06:00:00,1571.4872776074656,991.6700000000001,2160.0,-0.0,3448.9300223925347,-0.0,0.0,-0.0,-0.0
2021-05-22 07:00:00,2890.7375389277177,829.0300000000001,2160.0,-0.0,2577.0561610722834,-0.0,0.0,-0.0,-0.0
2021-05-22 08:00:00,4239.517007623245,668.03,2160.0,-0.0,1567.5313923767553,-0.0,0.0,-0.0,-0.0
2021-05-22 09:00:00,5463.651080561234,526.42,2160.0,-0.0,538.3944194387659,-0.0,0.0,-0.0,-0.0
2021-05-22 10:00:00,6435.894095423889,420.68,1809.4311950046877,-0.0,-0.0,-0.0,0.0,23.778190428577243,22.58928090714838
2021-05-22 11:00:00,7059.712551154473,363.79,1234.605748845528,-0.0,-0.0,-0.0,0.0,112.58040000000119,129.5384019790588
2021-05-22 12:00:00,7274.530280847091,363.52000000000004,924.5457191529104,-0.0,-0.0,-0.0,0.0,112.58040000000119,236.476828138862
2021-05-22 13:00:00,7059.712551154473,421.39000000000004,1030.3189488455273,-0.0,-0.0,-0.0,0.0,112.58040000000119,343.40456045604924
2021-05-22 14:00:00,6435.894095423889,532.43,1571.1891045761122,-0.0,-0.0,-0.0,0.0,112.58040000000119,450.32160000000476
2021-05-22 15:00:00,5463.651080561234,685.8499999999999,2160.0,-0.0,250.8325194387653,-0.0,0.0,-0.0,450.27656784000476
2021-05-22 16:00:00,4239.517007623245,866.4399999999999,2160.0,-0.0,1534.6919923767546,-0.0,0.0,-0.0,450.2315401832208
2021-05-22 17:00:00,2890.7375389277177,1056.57,2160.0,-0.0,2992.3804610722827,-0.0,0.0,-0.0,450.18651702920243
2021-05-22 18:00:00,1571.4872776074656,1238.52,2160.0,772.9637223925338,3500.0,-0.0,112.58040000000119,-0.0,331.63581416697195
2021-05-22 19:00:00,472.54543760063143,1396.78,2160.0,1815.1768623993685,3500.0,-0.0,112.58040000000119,-0.0,213.09696637502768
2021-05-22 20:00:00,-0.0,1520.05,2160.0,2062.4152999999997,3500.0,-0.0,112.58040000000119,-0.0,94.56997246786261
2021-05-22 21:00:00,-0.0,1602.7,2160.0,1744.7310103029158,3500.0,-0.0,89.83248969708504,-0.0,-0.0
2021-05-22 22:00:00,-0.0,1645.35,2160.0,1486.936099999999,3500.0,-0.0,0.0,-0.0,-0.0
2021-05-22 23:00:00,-0.0,1654.75,2160.0,1222.3162000000011,3500.0,-0.0,0.0,-0.0,-0.0
2021-05-23 00:00:00,-0.0,1630.8700000000001,2160.0,424.96020000000044,3500.0,-0.0,0.0,-0.0,-0.0
2021-05-23 01:00:00,-0.0,1612.48,2160.0,251.4624000000008,3500.0,-0.0,0.0,-0.0,-0.0
2021-05-23 02:00:00,-0.0,1604.05,2160.0,129.45429999999942,3500.0,-0.0,0.0,-0.0,-0.0
2021-05-23 03:00:00,-0.0,1620.6899999999998,2160.0,109.89450000000033,3500.0,-0.0,0.0,-0.0,-0.0
2021-05-23 04:00:00,-0.0,1674.2,2160.0,210.15370000000075,3500.0,-0.0,0.0,-0.0,-0.0
2021-05-23 05:00:00,500.021215589266,1771.27,2160.0,-0.0,3394.2251844107336,-0.0,0.0,-0.0,-0.0
2021-05-23 06:00:00,1633.2910381684155,1912.51,2160.0,-0.0,2450.4444618315842,-0.0,0.0,-0.0,-0.0
2021-05-23 07:00:00,2989.3579491980527,2092.25,2160.0,-0.0,1204.0734508019468,-0.0,0.0,-0.0,-0.0
2021-05-23 08:00:00,4373.871553198051,2299.13,1955.631446801949,-0.0,-0.0,-0.0,0.0,-0.0,-0.0
2021-05-23 09:00:00,5629.420863763175,2517.6,539.6870362368245,-0.0,-0.0,-0.0,0.0,-0.0,-0.0
2021-05-23 10:00:00,6626.137632130735,2019.0092678692663,-0.0,-0.0,-0.0,-0.0,0.0,-0.0,-0.0
2021-05-23 11:00:00,7265.468407684309,1311.4166827442693,-0.0,-0.0,-0.0,-0.0,0.0,23.778190428577243,22.58928090714838
2021-05-23 12:00:00,7485.598269920628,1089.2177300793728,-0.0,-0.0,-0.0,-0.0,0.0,112.58040000000119,129.5384019790588
2021-05-23 13:00:00,7265.468407684309,1262.7906923156925,-0.0,-0.0,-0.0,-0.0,0.0,112.58040000000119,236.476828138862
2021-05-23 14:00:00,6626.137632130735,1934.8021678692667,-0.0,-0.0,-0.0,-0.0,0.0,112.58040000000119,343.40456045604924
2021-05-23 15:00:00,5629.420863763175,3069.4775362368255,-0.0,-0.0,-0.0,-0.0,0.0,112.58040000000119,450.32160000000476
2021-05-23 16:00:00,4373.871553198051,3145.21,1312.120649075633,-0.0,-0.0,-0.0,0.0,0.047402273684216005,450.32160000000476
2021-05-23 17:00:00,2989.3579491980527,3056.4,2160.0,-0.0,928.919550801947,-0.0,0.0,-0.0,450.27656784000476
2021-05-23 18:00:00,1633.2910381684155,2950.83,2160.0,-0.0,2650.860661831585,-0.0,0.0,-0.0,450.2315401832208
2021-05-23 19:00:00,500.021215589266,2846.14,2160.0,382.1640844107351,3500.0,-0.0,112.58040000000119,-0.0,331.68083281867484
2021-05-23 20:00:00,-0.0,2758.91,2160.0,871.721599999999,3500.0,-0.0,112.58040000000119,-0.0,213.14198052486543
2021-05-23 21:00:00,-0.0,2702.4500000000003,2160.0,674.6867999999977,3500.0,-0.0,112.58040000000119,-0.0,94.61498211628538
2021-05-23 22:00:00,-0.0,2685.1000000000004,2160.0,413.9960554128288,3500.0,-0.0,89.87524458717007,-0.0,-0.0
2021-05-23 23:00:00,-0.0,2709.11,2160.0,228.81050000000005,3500.0,-0.0,0.0,-0.0,-0.0
2021-05-24 00:00:00,-0.0,2758.75,2160.0,-0.0,3429.2312,-0.0,0.0,-0.0,-0.0
2021-05-24 01:00:00,-0.0,2847.7799999999997,2160.0,-0.0,3152.349900000001,-0.0,0.0,-0.0,-0.0
2021-05-24 02:00:00,-0.0,2950.57,2160.0,-0.0,2923.0854999999997,-0.0,0.0,-0.0,-0.0
2021-05-24 03:00:00,-0.0,3050.9500000000003,2160.0,-0.0,2823.6752999999994,-0.0,0.0,-0.0,-0.0
2021-05-24 04:00:00,-0.0,3132.7599999999998,2160.0,-0.0,2899.4461000000015,-0.0,0.0,-0.0,-0.0
2021-05-24 05:00:00,586.1648103472962,3182.1899999999996,2160.0,-0.0,2548.7436896527042,-0.0,0.0,-0.0,-0.0
2021-05-24 06:00:00,1882.6264694527672,3189.7,2160.0,-0.0,1579.1450305472345,-0.0,0.0,-0.0,-0.0
2021-05-24 07:00:00,3429.238235631855,3151.48,2160.0,-0.0,363.74596436814545,-0.0,0.0,-0.0,-0.0
2021-05-24 08:00:00,5006.1827250331635,3070.0499999999997,1214.6488749668379,-0.0,-0.0,-0.0,0.0,-0.0,-0.0
2021-05-24 09:00:00,6435.157539230855,2917.171160769145,-0.0,-0.0,-0.0,-0.0,0.0,-0.0,-0.0
2021-05-24 10:00:00,7569.007678810577,1768.8129116180005,-0.0,-0.0,-0.0,-0.0,0.0,23.778190428577243,22.58928090714838
2021-05-24 11:00:00,8296.089080816073,1041.6696191839292,-0.0,-0.0,-0.0,-0.0,0.0,112.58040000000119,129.5384019790588
2021-05-24 12:00:00,8546.40658702447,703.55401297553,-0.0,-0.0,-0.0,-0.0,0.0,112.58040000000119,236.476828138862
2021-05-24 13:00:00,8296.089080816073,910.2838191839292,-0.0,-0.0,-0.0,-0.0,0.0,112.58040000000119,343.40456045604924
2021-05-24 14:00:00,7569.007678810577,1672.9072211894227,-0.0,-0.0,-0.0,-0.0,0.0,112.58040000000119,450.32160000000476
2021-05-24 15:00:00,6435.157539230855,2402.9,431.9863607691459,-0.0,-0.0,-0.0,0.0,-0.0,450.27656784000476
2021-05-24 16:00:00,5006.1827250331635,2458.2200000000003,2053.2143747739774,-0.0,-0.0,-0.0,0.0,0.09479980714104386,450.32160000000476
2021-05-24 17:00:00,3429.238235631855,2563.42,2160.0,-0.0,1670.9113643681458,-0.0,0.0,-0.0,450.27656784000476
2021-05-24 18:00:00,1882.6264694527672,2708.13,2160.0,-0.0,3335.5262305472324,-0.0,0.0,-0.0,450.2315401832208
2021-05-24 19:00:00,586.1648103472962,2877.5699999999997,2160.0,958.1833896527023,3500.0,-0.0,112.58040000000119,-0.0,331.68083281867484
2021-05-24 20:00:00,-0.0,3054.56,2160.0,1271.8341999999993,3500.0,-0.0,112.58040000000119,-0.0,213.14198052486543
2021-05-24 21:00:00,-0.0,3221.78,2160.0,853.1681999999983,3500.0,-0.0,112.58040000000119,-0.0,94.61498211628538
2021-05-24 22:00:00,-0.0,3364.11,2160.0,434.72275541283034,3500.0,-0.0,89.87524458717007,-0.0,-0.0
2021-05-24 23:00:00,-0.0,3470.63,2160.0,168.8250999999991,3500.0,-0.0,0.0,-0.0,-0.0
2021-05-25 00:00:00,-0.0,3524.4500000000003,2160.0,-0.0,2799.9493000000007,-0.0,0.0,-0.0,-0.0
2021-05-25 01:00:00,-0.0,3549.6699999999996,2160.0,-0.0,2588.4198,-0.0,0.0,-0.0,-0.0
2021-05-25 02:00:00,-0.0,3541.72,2160.0,-0.0,2471.3098000000005,-0.0,0.0,-0.0,-0.0
2021-05-25 03:00:00,-0.0,3512.6200000000003,2160.0,-0.0,2502.6613999999995,-0.0,0.0,-0.0,-0.0
2021-05-25 04:00:00,-0.0,3477.6800000000003,2160.0,-0.0,2696.332700000001,-0.0,0.0,-0.0,-0.0
2021-05-25 05:00:00,699.1257464971578,3453.31,2160.0,-0.0,2307.485953502843,-0.0,0.0,-0.0,-0.0
2021-05-25 06:00:00,2210.170776506555,3454.72,2160.0,-0.0,1130.2892234934457,-0.0,0.0,-0.0,-0.0
2021-05-25 07:00:00,4007.5018068175127,3493.73,1747.6883931824882,-0.0,-0.0,-0.0,0.0,-0.0,-0.0
2021-05-25 08:00:00,5837.776986853268,3577.0299999999997,21.14551314673372,-0.0,-0.0,-0.0,0.0,-0.0,-0.0
2021-05-25 09:00:00,7495.095380833839,2002.7800191661618,-0.0,-0.0,-0.0,-0.0,0.0,-0.0,-0.0
2021-05-25 10:00:00,8809.535707014733,650.3965929852675,-0.0,-0.0,-0.0,-0.0,0.0,-0.0,-0.0
2021-05-25 11:00:00,9371.2723,-0.0,-0.0,-0.0,-0.0,-0.0,0.0,-0.0,-0.0
2021-05-25 12:00:00,9307.321290428577,-0.0,-0.0,-0.0,-0.0,-0.0,0.0,23.778190428577243,22.58928090714838
2021-05-25 13:00:00,9352.466900000001,-0.0,-0.0,-0.0,-0.0,-0.0,0.0,112.58040000000119,129.5384019790588
2021-05-25 14:00:00,8809.535707014733,578.2677929852689,-0.0,-0.0,-0.0,-0.0,0.0,112.58040000000119,236.476828138862
2021-05-25 15:00:00,7495.095380833839,2033.0769191661611,-0.0,-0.0,-0.0,-0.0,0.0,112.58040000000119,343.40456045604924
2021-05-25 16:00:00,5837.776986853268,3937.3953131467324,-0.0,-0.0,-0.0,-0.0,0.0,112.58040000000119,450.32160000000476
2021-05-25 17:00:00,4007.5018068175127,4899.57,1061.001195456172,-0.0,-0.0,-0.0,0.0,0.047402273684216005,450.32160000000476
2021-05-25 18:00:00,2210.170776506555,4872.8,2160.0,-0.0,874.4400234934446,-0.0,112.58040000000119,-0.0,331.7708836294772
2021-05-25 19:00:00,699.1257464971578,4797.91,2160.0,-0.0,2567.7056535028414,-0.0,112.58040000000119,-0.0,213.23202233058672
2021-05-25 20:00:00,-0.0,4687.39,2160.0,-0.0,3280.8120999999983,-0.0,112.58040000000119,-0.0,94.7050149178261
2021-05-25 21:00:00,-0.0,4557.21,2160.0,-0.0,3181.013932804482,-0.0,89.96076719551762,-0.0,-0.0
2021-05-25 22:00:00,-0.0,4424.62,2160.0,-0.0,3103.4610000000002,-0.0,0.0,-0.0,-0.0
2021-05-25 23:00:00,-0.0,4305.85,2160.0,-0.0,2971.5663000000004,-0.0,0.0,-0.0,-0.0
2021-05-26 00:00:00,-0.0,4202.4,2160.0,-0.0,2258.624100000001,-0.0,0.0,-0.0,-0.0
2021-05-26 01:00:00,-0.0,4145.18,2160.0,-0.0,2127.862800000001,-0.0,0.0,-0.0,-0.0
2021-05-26 02:00:00,-0.0,4124.69,2160.0,-0.0,2021.4936000000007,-0.0,0.0,-0.0,-0.0
2021-05-26 03:00:00,-0.0,4136.66,2160.0,-0.0,2009.8525000000009,-0.0,0.0,-0.0,-0.0
2021-05-26 04:00:00,-0.0,4171.21,2160.0,-0.0,2131.9837000000016,-0.0,0.0,-0.0,-0.0
2021-05-26 05:00:00,741.3661281734301,4214.24,2160.0,-0.0,1631.326871826571,-0.0,0.0,-0.0,-0.0
2021-05-26 06:00:00,2309.0478654502194,4249.47,2160.0,-0.0,361.38153454978055,-0.0,0.0,-0.0,-0.0
2021-05-26 07:00:00,4168.629054014876,4260.66,941.9429459851244,-0.0,-0.0,-0.0,0.0,-0.0,-0.0
2021-05-26 08:00:00,6059.993758303182,3495.743341696818,-0.0,-0.0,-0.0,-0.0,0.0,-0.0,-0.0
2021-05-26 09:00:00,7771.437872529441,1843.5831274705597,-0.0,-0.0,-0.0,-0.0,0.0,-0.0,-0.0
2021-05-26 10:00:00,9128.196699982836,446.1278000171642,-0.0,-0.0,-0.0,-0.0,0.0,-0.0,-0.0
2021-05-26 11:00:00,9506.582690428577,-0.0,-0.0,-0.0,-0.0,-0.0,0.0,23.778190428577243,22.58928090714838
2021-05-26 12:00:00,9504.686500000002,-0.0,-0.0,-0.0,-0.0,-0.0,0.0,112.58040000000119,129.5384019790588
2021-05-26 13:00:00,9457.9567,-0.0,-0.0,-0.0,-0.0,-0.0,0.0,112.58040000000119,236.476828138862
2021-05-26 14:00:00,9128.196699982836,361.92070001716456,-0.0,-0.0,-0.0,-0.0,0.0,112.58040000000119,343.40456045604924
2021-05-26 15:00:00,7771.437872529441,1855.7736274705603,-0.0,-0.0,-0.0,-0.0,0.0,112.58040000000119,450.32160000000476
2021-05-26 16:00:00,6059.993758303182,2714.98,983.3325439705022,-0.0,-0.0,-0.0,0.0,0.047402273684216005,450.32160000000476
2021-05-26 17:00:00,4168.629054014876,2546.25,2160.0,-0.0,1185.3477459851247,-0.0,0.0,-0.0,450.27656784000476
2021-05-26 18:00:00,2309.0478654502194,2427.33,2160.0,-0.0,3422.257734549782,-0.0,0.0,-0.0,450.2315401832208
2021-05-26 19:00:00,741.3661281734301,2360.67,2160.0,1547.7057718265687,3500.0,-0.0,112.58040000000119,-0.0,331.68083281867484
2021-05-26 20:00:00,-0.0,2342.32,2160.0,2207.1515999999992,3500.0,-0.0,112.58040000000119,-0.0,213.14198052486543
2021-05-26 21:00:00,-0.0,2362.5099999999998,2160.0,1930.5548,3500.0,-0.0,112.58040000000119,-0.0,94.61498211628538
2021-05-26 22:00:00,-0.0,2407.07,2160.0,1604.7066554128305,3500.0,-0.0,89.87524458717007,-0.0,-0.0
2021-05-26 23:00:00,-0.0,2459.43,2160.0,1387.592200000001,3500.0,-0.0,0.0,-0.0,-0.0
2021-05-27 00:00:00,-0.0,2491.5899999999997,2160.0,535.2154000000014,3500.0,-0.0,0.0,-0.0,-0.0
2021-05-27 01:00:00,-0.0,2511.6899999999996,2160.0,323.03129999999965,3500.0,-0.0,0.0,-0.0,-0.0
2021-05-27 02:00:00,-0.0,2498.11,2160.0,205.5817000000011,3500.0,-0.0,0.0,-0.0,-0.0
2021-05-27 03:00:00,-0.0,2446.14,2160.0,253.6491000000001,3500.0,-0.0,0.0,-0.0,-0.0
2021-05-27 04:00:00,-0.0,2357.33,2160.0,494.85289999999986,3500.0,-0.0,0.0,-0.0,-0.0
2021-05-27 05:00:00,680.93504051768,2239.23,2160.0,211.41385948232073,3500.0,-0.0,0.0,-0.0,-0.0
2021-05-27 06:00:00,2091.3843504663328,2104.39,2160.0,-0.0,2764.376949533669,-0.0,0.0,-0.0,-0.0
2021-05-27 07:00:00,3760.0970455542956,1968.6000000000001,2160.0,-0.0,1518.3460544457048,-0.0,0.0,-0.0,-0.0
2021-05-27 08:00:00,5455.359243418441,1848.73,2160.0,-0.0,122.97655658155963,-0.0,0.0,-0.0,-0.0
2021-05-27 09:00:00,6988.322400141761,1760.4,893.1058998582403,-0.0,-0.0,-0.0,0.0,-0.0,-0.0
2021-05-27 10:00:00,8203.093281474363,1417.258908954215,-0.0,-0.0,-0.0,-0.0,0.0,23.778190428577243,22.58928090714838
2021-05-27 11:00:00,8981.454618434276,631.5894815657248,-0.0,-0.0,-0.0,-0.0,0.0,112.58040000000119,129.5384019790588
2021-05-27 12:00:00,9249.326713909986,268.40268609001396,-0.0,-0.0,-0.0,-0.0,0.0,112.58040000000119,236.476828138862
2021-05-27 13:00:00,8981.454618434276,484.9039815657252,-0.0,-0.0,-0.0,-0.0,0.0,112.58040000000119,343.40456045604924
2021-05-27 14:00:00,8203.093281474363,1290.765518525639,-0.0,-0.0,-0.0,-0.0,0.0,112.58040000000119,450.32160000000476
2021-05-27 15:00:00,6988.322400141761,2177.18,348.1939998582393,-0.0,-0.0,-0.0,0.0,-0.0,450.27656784000476
2021-05-27 16:00:00,5455.359243418441,2334.55,1962.8206563886988,-0.0,-0.0,-0.0,0.0,0.09479980714104386,450.32160000000476
2021-05-27 17:00:00,3760.0970455542956,2474.64,2160.0,-0.0,1655.170354445705,-0.0,0.0,-0.0,450.27656784000476
2021-05-27 18:00:00,2091.3843504663328,2581.75,2160.0,-0.0,3470.481049533668,-0.0,0.0,-0.0,450.2315401832208
2021-05-27 19:00:00,680.93504051768,2644.49,2160.0,1304.5971594823195,3500.0,-0.0,112.58040000000119,-0.0,331.68083281867484
2021-05-27 20:00:00,-0.0,2657.23,2160.0,1867.8263000000006,3500.0,-0.0,112.58040000000119,-0.0,213.14198052486543
2021-05-27 21:00:00,-0.0,2620.75,2160.0,1643.2104,3500.0,-0.0,112.58040000000119,-0.0,94.61498211628538
2021-05-27 22:00:00,-0.0,2542.03,2160.0,1435.9661554128288,3500.0,-0.0,89.87524458717007,-0.0,-0.0
2021-05-27 23:00:00,-0.0,2433.21,2160.0,1375.3712000000005,3500.0,-0.0,0.0,-0.0,-0.0
2021-05-28 00:00:00,-0.0,2298.71,2160.0,685.2305000000006,3500.0,-0.0,0.0,-0.0,-0.0
2021-05-28 01:00:00,-0.0,2177.73,2160.0,609.5088000000014,3500.0,-0.0,0.0,-0.0,-0.0
2021-05-28 02:00:00,-0.0,2074.87,2160.0,576.7515000000012,3500.0,-0.0,0.0,-0.0,-0.0
2021-05-28 03:00:00,-0.0,2002.65,2160.0,640.5110999999997,3500.0,-0.0,0.0,-0.0,-0.0
2021-05-28 04:00:00,-0.0,1968.6000000000001,2160.0,822.4321999999993,3500.0,-0.0,0.0,-0.0,-0.0
2021-05-28 05:00:00,598.2845077054023,1974.2299999999998,2160.0,493.4299922945993,3500.0,-0.0,0.0,-0.0,-0.0
2021-05-28 06:00:00,1813.5687463846637,2014.8,2160.0,-0.0,3061.7086536153365,-0.0,0.0,-0.0,-0.0
2021-05-28 07:00:00,3247.822213299099,2079.98,2160.0,-0.0,1844.7742867009006,-0.0,0.0,-0.0,-0.0
2021-05-28 08:00:00,4703.29073056138,2155.23,2160.0,-0.0,489.7351694386207,-0.0,0.0,-0.0,-0.0
2021-05-28 09:00:00,6018.579212358494,2223.85,1316.3004876415052,-0.0,-0.0,-0.0,0.0,-0.0,-0.0
2021-05-28 10:00:00,7060.4379474051875,2269.2200000000003,179.58595259481172,-0.0,-0.0,-0.0,0.0,-0.0,-0.0
2021-05-28 11:00:00,7727.847137832607,1793.697762167394,-0.0,-0.0,-0.0,-0.0,0.0,112.58040000000119,106.95138000000112
2021-05-28 12:00:00,7957.507590809093,1464.6185091909083,-0.0,-0.0,-0.0,-0.0,0.0,112.58040000000119,213.89206486200226
2021-05-28 13:00:00,7727.847137832607,1638.8716621673939,-0.0,-0.0,-0.0,-0.0,0.0,112.58040000000119,320.8220556555172
2021-05-28 14:00:00,7060.4379474051875,2007.62,233.42178102228445,-0.0,-0.0,-0.0,0.0,23.804828427471122,343.40456045604924
2021-05-28 15:00:00,6018.579212358494,1827.9,1672.303187641508,-0.0,-0.0,-0.0,0.0,112.58040000000119,450.32160000000476
2021-05-28 16:00:00,4703.29073056138,1621.73,2160.0,-0.0,1156.3096694386213,-0.0,0.0,-0.0,450.27656784000476
2021-05-28 17:00:00,3247.822213299099,1406.29,2160.0,-0.0,3120.7620867009023,-0.0,0.0,-0.0,450.2315401832208
2021-05-28 18:00:00,1813.5687463846637,1199.99,2160.0,1398.797953615337,3500.0,-0.0,112.58040000000119,-0.0,331.68083281867484
2021-05-28 19:00:00,598.2845077054023,1020.04,2160.0,2889.462592294597,3500.0,-0.0,112.58040000000119,-0.0,213.14198052486543
2021-05-28 20:00:00,-0.0,880.33,2160.0,3519.0253999999986,3500.0,-0.0,112.58040000000119,-0.0,94.61498211628538
2021-05-28 21:00:00,-0.0,789.6300000000001,2160.0,3367.9637554128312,3500.0,-0.0,89.87524458717007,-0.0,-0.0
2021-05-28 22:00:00,-0.0,750.54,2160.0,3184.9836000000005,3500.0,-0.0,0.0,-0.0,-0.0
2021-05-28 23:00:00,-0.0,759.3,2160.0,2913.757499999999,3500.0,-0.0,0.0,-0.0,-0.0
2021-05-29 00:00:00,-0.0,795.32,2160.0,1483.2522000000008,3500.0,-0.0,0.0,-0.0,-0.0
2021-05-29 01:00:00,-0.0,866.7700000000001,2160.0,1212.1326,3500.0,-0.0,0.0,-0.0,-0.0
2021-05-29 02:00:00,-0.0,946.3299999999999,2160.0,994.0927000000011,3500.0,-0.0,0.0,-0.0,-0.0
2021-05-29 03:00:00,-0.0,1017.65,2160.0,911.5602000000008,3500.0,-0.0,0.0,-0.0,-0.0
2021-05-29 04:00:00,-0.0,1066.56,2160.0,1007.8809999999994,3500.0,-0.0,0.0,-0.0,-0.0
2021-05-29 05:00:00,572.8621591034082,1083.13,2160.0,690.8365408965929,3500.0,-0.0,0.0,-0.0,-0.0
2021-05-29 06:00:00,1715.2608144992525,1063.03,2160.0,-0.0,3390.2618855007477,-0.0,0.0,-0.0,-0.0
2021-05-29 07:00:00,3060.3240224026536,1008.1600000000001,2160.0,-0.0,2380.2758775973457,-0.0,0.0,-0.0,-0.0
2021-05-29 08:00:00,4423.868094785818,926.45,2160.0,-0.0,1271.9502052141834,-0.0,0.0,-0.0,-0.0
2021-05-29 09:00:00,5655.323089884872,830.8100000000001,2160.0,-0.0,184.56021011512803,-0.0,0.0,-0.0,-0.0
2021-05-29 10:00:00,6630.411890038797,737.39,1435.261100389781,-0.0,-0.0,-0.0,0.0,23.778190428577243,22.58928090714838
2021-05-29 11:00:00,7254.8999423085015,663.39,871.4966576914994,-0.0,-0.0,-0.0,0.0,112.58040000000119,129.5384019790588
2021-05-29 12:00:00,7469.762311770394,624.72,594.2123882296073,-0.0,-0.0,-0.0,0.0,112.58040000000119,236.476828138862
2021-05-29 13:00:00,7254.8999423085015,633.8199999999999,743.0243576915009,-0.0,-0.0,-0.0,0.0,112.58040000000119,343.40456045604924
2021-05-29 14:00:00,6630.411890038797,697.9200000000001,1325.535809961204,-0.0,-0.0,-0.0,0.0,112.58040000000119,450.32160000000476
2021-05-29 15:00:00,5655.323089884872,818.0,2160.0,-0.0,35.20951011512807,-0.0,0.0,-0.0,450.27656784000476
2021-05-29 16:00:00,4423.868094785818,988.59,2160.0,-0.0,1330.0524052141818,-0.0,0.0,-0.0,450.2315401832208
2021-05-29 17:00:00,3060.3240224026536,1198.43,2160.0,-0.0,2776.2824775973463,-0.0,0.0,-0.0,450.18651702920243
2021-05-29 18:00:00,1715.2608144992525,1431.8500000000001,2160.0,524.524085500746,3500.0,-0.0,112.58040000000119,-0.0,331.63581416697195
2021-05-29 19:00:00,572.8621591034082,1670.8400000000001,2160.0,1522.6143408965927,3500.0,-0.0,112.58040000000119,-0.0,213.09696637502768
2021-05-29 20:00:00,-0.0,1897.3200000000002,2160.0,1759.9524999999994,3500.0,-0.0,112.58040000000119,-0.0,94.56997246786261
2021-05-29 21:00:00,-0.0,2095.46,2160.0,1319.6139103029145,3500.0,-0.0,89.83248969708504,-0.0,-0.0
2021-05-29 22:00:00,-0.0,2253.72,2160.0,938.9004000000004,3500.0,-0.0,0.0,-0.0,-0.0
2021-05-29 23:00:00,-0.0,2366.25,2160.0,563.6989000000012,3500.0,-0.0,0.0,-0.0,-0.0
2021-05-30 00:00:00,-0.0,2422.65,2160.0,-0.0,3179.9646000000007,-0.0,0.0,-0.0,-0.0
2021-05-30 01:00:00,-0.0,2451.35,2160.0,-0.0,2951.662600000001,-0.0,0.0,-0.0,-0.0
2021-05-30 02:00:00,-0.0,2453.24,2160.0,-0.0,2811.4981000000007,-0.0,0.0,-0.0,-0.0
2021-05-30 03:00:00,-0.0,2443.4700000000003,2160.0,-0.0,2810.3962,-0.0,0.0,-0.0,-0.0
2021-05-30 04:00:00,-0.0,2438.43,2160.0,-0.0,2961.145400000001,-0.0,0.0,-0.0,-0.0
2021-05-30 05:00:00,579.3237657059343,2453.38,2160.0,-0.0,2639.872934294066,-0.0,0.0,-0.0,-0.0
2021-05-30 06:00:00,1714.6804974986803,2500.31,2160.0,-0.0,1780.0590025013198,-0.0,0.0,-0.0,-0.0
2021-05-30 07:00:00,3048.516803429471,2586.1800000000003,2160.0,-0.0,641.4438965705285,-0.0,0.0,-0.0,-0.0
2021-05-30 08:00:00,4399.316221684682,2711.9100000000003,1499.4407783153192,-0.0,-0.0,-0.0,0.0,-0.0,-0.0
2021-05-30 09:00:00,5618.562239887081,2872.15,169.53026011291968,-0.0,-0.0,-0.0,0.0,-0.0,-0.0
2021-05-30 10:00:00,6583.618251896496,2026.4975481035053,-0.0,-0.0,-0.0,-0.0,0.0,-0.0,-0.0
2021-05-30 11:00:00,7201.555418025125,1331.673072403453,-0.0,-0.0,-0.0,-0.0,0.0,23.778190428577243,22.58928090714838
2021-05-30 12:00:00,7414.152319196322,1108.3308808036782,-0.0,-0.0,-0.0,-0.0,0.0,112.58040000000119,129.5384019790588
2021-05-30 13:00:00,7201.555418025125,1265.6491819748762,-0.0,-0.0,-0.0,-0.0,0.0,112.58040000000119,236.476828138862
2021-05-30 14:00:00,6583.618251896496,1907.5076481035048,-0.0,-0.0,-0.0,-0.0,0.0,112.58040000000119,343.40456045604924
2021-05-30 15:00:00,5618.562239887081,3001.7329601129195,-0.0,-0.0,-0.0,-0.0,0.0,112.58040000000119,450.32160000000476
2021-05-30 16:00:00,4399.316221684682,3778.93,565.5426805890011,-0.0,-0.0,-0.0,0.0,0.047402273684216005,450.32160000000476
2021-05-30 17:00:00,3048.516803429471,3734.06,2160.0,-0.0,-0.0,-0.0,95.86039657052925,-0.0,349.37088723944765
2021-05-30 18:00:00,1714.6804974986803,3643.42,2160.0,-0.0,1665.155350191947,-0.0,106.65205230937279,-0.0,237.0706319303313
2021-05-30 19:00:00,579.3237657059343,3520.37,2160.0,-0.0,3127.305934294066,-0.0,0.0,-0.0,237.04692486713827
2021-05-30 20:00:00,-0.0,3381.71,2160.0,126.1899000000003,3500.0,-0.0,112.58040000000119,-0.0,118.51753596412398
2021-05-30 21:00:00,-0.0,3245.5099999999998,2160.0,0.08369999999968059,3500.0,-0.0,112.58040000000119,-0.0,-0.0
2021-05-30 22:00:00,-0.0,3128.74,2160.0,-0.0,3419.9002,-0.0,0.0,-0.0,-0.0
2021-05-30 23:00:00,-0.0,3045.07,2160.0,-0.0,3243.7599999999998,-0.0,0.0,-0.0,-0.0
2021-05-31 00:00:00,-0.0,2992.37,2160.0,-0.0,3039.3161,-0.0,0.0,-0.0,-0.0
2021-05-31 01:00:00,-0.0,2994.6600000000003,2160.0,-0.0,2840.4986000000004,-0.0,0.0,-0.0,-0.0
2021-05-31 02:00:00,-0.0,3037.4,2160.0,-0.0,2662.6586999999995,-0.0,0.0,-0.0,-0.0
2021-05-31 03:00:00,-0.0,3111.05,2160.0,-0.0,2581.4128,-0.0,0.0,-0.0,-0.0
2021-05-31 04:00:00,-0.0,3201.82,2160.0,-0.0,2639.7242,-0.0,0.0,-0.0,-0.0
2021-05-31 05:00:00,551.1225914665844,3293.56,2160.0,-0.0,2273.328708533416,-0.0,0.0,-0.0,-0.0
2021-05-31 06:00:00,1613.6606996298256,3370.12,2160.0,-0.0,1460.2589003701746,-0.0,0.0,-0.0,-0.0
2021-05-31 07:00:00,2859.3446211852206,3417.6099999999997,2160.0,-0.0,451.8213788147814,-0.0,0.0,-0.0,-0.0
2021-05-31 08:00:00,4119.681547005066,3426.38,1520.969152994935,-0.0,-0.0,-0.0,0.0,-0.0,-0.0
2021-05-31 09:00:00,5256.634150549385,3392.44,471.3436494506159,-0.0,-0.0,-0.0,0.0,-0.0,-0.0
2021-05-31 10:00:00,6156.259420744273,2941.6994696843053,-0.0,-0.0,-0.0,-0.0,0.0,23.778190428577243,22.58928090714838
2021-05-31 11:00:00,6732.168244100685,2357.8923558993156,-0.0,-0.0,-0.0,-0.0,0.0,112.58040000000119,129.5384019790588
2021-05-31 12:00:00,6930.290700084532,2064.2575999154706,-0.0,-0.0,-0.0,-0.0,0.0,112.58040000000119,236.476828138862
2021-05-31 13:00:00,6732.168244100685,2211.206855899316,-0.0,-0.0,-0.0,-0.0,0.0,112.58040000000119,343.40456045604924
2021-05-31 14:00:00,6156.259420744273,2815.2060792557277,-0.0,-0.0,-0.0,-0.0,0.0,112.58040000000119,450.32160000000476
2021-05-31 15:00:00,5256.634150549385,2767.7400000000002,967.9591517242998,-0.0,-0.0,-0.0,0.0,0.047402273684216005,450.32160000000476
2021-05-31 16:00:00,4119.681547005066,2732.89,2160.0,-0.0,220.02975299493482,-0.0,0.0,-0.0,450.27656784000476
2021-05-31 17:00:00,2859.3446211852206,2750.65,2160.0,-0.0,1761.6456788147807,-0.0,0.0,-0.0,450.2315401832208
2021-05-31 18:00:00,1613.6606996298256,2822.4900000000002,2160.0,-0.0,3191.353000370176,-0.0,0.0,-0.0,450.18651702920243
2021-05-31 19:00:00,551.1225914665844,2943.3900000000003,2160.0,621.9420085334141,3500.0,-0.0,112.58040000000119,-0.0,331.63581416697195
2021-05-31 20:00:00,-0.0,3102.53,2160.0,911.8888999999999,3500.0,-0.0,112.58040000000119,-0.0,213.09696637502768
2021-05-31 21:00:00,-0.0,3284.66,2160.0,471.97539999999935,3500.0,-0.0,112.58040000000119,-0.0,94.56997246786261
2021-05-31 22:00:00,-0.0,3472.15,2160.0,2.255910302915254,3500.0,-0.0,89.83248969708504,-0.0,-0.0
2021-05-31 23:00:00,-0.0,3647.2599999999998,2160.0,-0.0,3161.7585000000004,-0.0,0.0,-0.0,-0.0
2021-06-01 00:00:00,-0.0,3783.87,2160.0,-0.0,2205.8625,-0.0,0.0,-0.0,-0.0
2021-06-01 01:00:00,-0.0,3891.8999999999996,2160.0,-0.0,1905.9447,-0.0,0.0,-0.0,-0.0
2021-06-01 02:00:00,-0.0,3955.11,2160.0,-0.0,1712.2966000000001,-0.0,0.0,-0.0,-0.0
2021-06-01 03:00:00,-0.0,3974.17,2160.0,-0.0,1690.3168000000005,-0.0,0.0,-0.0,-0.0
2021-06-01 04:00:00,-0.0,3955.8399999999997,2160.0,-0.0,1862.4160000000006,-0.0,0.0,-0.0,-0.0
2021-06-01 05:00:00,509.3509273676976,3911.96,2160.0,-0.0,1678.1077726323026,-0.0,0.0,-0.0,-0.0
2021-06-01 06:00:00,1476.3487693405646,3857.7,2160.0,-0.0,1096.0990306594363,-0.0,0.0,-0.0,-0.0
2021-06-01 07:00:00,2607.7995213217664,3809.42,2160.0,-0.0,302.36417867823275,-0.0,0.0,-0.0,-0.0
2021-06-01 08:00:00,3751.526209853536,3782.3,1528.7090901464635,-0.0,-0.0,-0.0,0.0,-0.0,-0.0
2021-06-01 09:00:00,4782.760679812828,3788.19,549.6595201871723,-0.0,-0.0,-0.0,0.0,-0.0,-0.0
2021-06-01 10:00:00,5598.452023828788,3480.5971761712117,-0.0,-0.0,-0.0,-0.0,0.0,-0.0,-0.0
2021-06-01 11:00:00,6120.547605324438,2890.239785104139,-0.0,-0.0,-0.0,-0.0,0.0,23.778190428577243,22.58928090714838
2021-06-01 12:00:00,6300.122237174609,2708.5960628253915,-0.0,-0.0,-0.0,-0.0,0.0,112.58040000000119,129.5384019790588
2021-06-01 13:00:00,6120.547605324438,2841.6137946755625,-0.0,-0.0,-0.0,-0.0,0.0,112.58040000000119,236.476828138862
2021-06-01 14:00:00,5598.452023828788,3396.390076171214,-0.0,-0.0,-0.0,-0.0,0.0,112.58040000000119,343.40456045604924
2021-06-01 15:00:00,4782.760679812828,4350.0400201871735,-0.0,-0.0,-0.0,-0.0,0.0,112.58040000000119,450.32160000000476
2021-06-01 16:00:00,3751.526209853536,4599.42,914.1582924201475,-0.0,-0.0,-0.0,0.0,0.047402273684216005,450.32160000000476
2021-06-01 17:00:00,2607.7995213217664,4673.94,2160.0,-0.0,14.25987867823278,-0.0,112.58040000000119,-0.0,331.7708836294772
2021-06-01 18:00:00,1476.3487693405646,4695.59,2160.0,-0.0,1384.3648306594346,-0.0,112.58040000000119,-0.0,213.23202233058672
2021-06-01 19:00:00,509.3509273676976,4659.45,2160.0,-0.0,2493.4266726323026,-0.0,112.58040000000119,-0.0,94.7050149178261
2021-06-01 20:00:00,-0.0,4567.11,2160.0,-0.0,3020.0435328044837,-0.0,89.96076719551762,-0.0,-0.0
2021-06-01 21:00:00,-0.0,4426.4,2160.0,-0.0,2997.219500000001,-0.0,0.0,-0.0,-0.0
2021-06-01 22:00:00,-0.0,4250.34,2160.0,-0.0,2872.533599999999,-0.0,0.0,-0.0,-0.0
2021-06-01 23:00:00,-0.0,4055.48,2160.0,-0.0,2816.3428,-0.0,0.0,-0.0,-0.0
2021-06-02 00:00:00,-0.0,3849.18,2160.0,-0.0,2207.7001000000005,-0.0,0.0,-0.0,-0.0
2021-06-02 01:00:00,-0.0,3669.06,2160.0,-0.0,2199.968800000001,-0.0,0.0,-0.0,-0.0
2021-06-02 02:00:00,-0.0,3518.1800000000003,2160.0,-0.0,2224.3743999999997,-0.0,0.0,-0.0,-0.0
2021-06-02 03:00:00,-0.0,3405.0200000000004,2160.0,-0.0,2338.5041999999994,-0.0,0.0,-0.0,-0.0
2021-06-02 04:00:00,-0.0,3332.01,2160.0,-0.0,2569.0950000000003,-0.0,0.0,-0.0,-0.0
2021-06-02 05:00:00,547.7969286556123,3295.2999999999997,2160.0,-0.0,2342.8991713443884,-0.0,0.0,-0.0,-0.0
2021-06-02 06:00:00,1572.8487905703469,3285.4,2160.0,-0.0,1662.1216094296528,-0.0,0.0,-0.0,-0.0
2021-06-02 07:00:00,2770.009282924042,3288.56,2160.0,-0.0,754.7938170759585,-0.0,0.0,-0.0,-0.0
2021-06-02 08:00:00,3979.144393385701,3288.78,1891.8561066142993,-0.0,-0.0,-0.0,0.0,-0.0,-0.0
2021-06-02 09:00:00,5068.812321325698,3270.0600000000004,882.3539786743022,-0.0,-0.0,-0.0,0.0,-0.0,-0.0
2021-06-02 10:00:00,5930.460307810055,3218.75,33.73099218994503,-0.0,-0.0,-0.0,0.0,-0.0,-0.0
2021-06-02 11:00:00,6481.850737892289,2724.8068621077136,-0.0,-0.0,-0.0,-0.0,0.0,112.58040000000119,106.95138000000112
2021-06-02 12:00:00,6671.502797656242,2447.356702343758,-0.0,-0.0,-0.0,-0.0,0.0,112.58040000000119,213.89206486200226
2021-06-02 13:00:00,6481.850737892289,2593.421062107712,-0.0,-0.0,-0.0,-0.0,0.0,112.58040000000119,320.8220556555172
2021-06-02 14:00:00,5930.460307810055,2588.84,502.73792061741733,-0.0,-0.0,-0.0,0.0,23.804828427471122,343.40456045604924
2021-06-02 15:00:00,5068.812321325698,2352.5299999999997,1830.180878674304,-0.0,-0.0,-0.0,0.0,112.58040000000119,450.32160000000476
2021-06-02 16:00:00,3979.144393385701,2113.0,2160.0,-0.0,1134.2768066142999,-0.0,0.0,-0.0,450.27656784000476
2021-06-02 17:00:00,2770.009282924042,1888.46,2160.0,-0.0,2873.9992170759588,-0.0,0.0,-0.0,450.2315401832208
2021-06-02 18:00:00,1572.8487905703469,1695.8799999999999,2160.0,913.8724094296522,3500.0,-0.0,112.58040000000119,-0.0,331.68083281867484
2021-06-02 19:00:00,547.7969286556123,1548.7600000000002,2160.0,2194.2588713443856,3500.0,-0.0,112.58040000000119,-0.0,213.14198052486543
2021-06-02 20:00:00,-0.0,1455.42,2160.0,2739.8731000000007,3500.0,-0.0,112.58040000000119,-0.0,94.61498211628538
2021-06-02 21:00:00,-0.0,1417.92,2160.0,2548.632255412829,3500.0,-0.0,89.87524458717007,-0.0,-0.0
2021-06-02 22:00:00,-0.0,1431.8500000000001,2160.0,2325.7569000000003,3500.0,-0.0,0.0,-0.0,-0.0
2021-06-02 23:00:00,-0.0,1486.99,2160.0,2021.3639999999996,3500.0,-0.0,0.0,-0.0,-0.0
2021-06-03 00:00:00,-0.0,1558.4,2160.0,1136.9249,3500.0,-0.0,0.0,-0.0,-0.0
2021-06-03 01:00:00,-0.0,1649.58,2160.0,859.4367000000011,3500.0,-0.0,0.0,-0.0,-0.0
2021-06-03 02:00:00,-0.0,1733.0400000000002,2160.0,650.9166999999998,3500.0,-0.0,0.0,-0.0,-0.0
2021-06-03 03:00:00,-0.0,1793.7900000000002,2160.0,592.4183000000003,3500.0,-0.0,0.0,-0.0,-0.0
2021-06-03 04:00:00,-0.0,1821.0200000000002,2160.0,723.9195999999993,3500.0,-0.0,0.0,-0.0,-0.0
2021-06-03 05:00:00,686.8721298312274,1809.53,2160.0,334.44647016877207,3500.0,-0.0,0.0,-0.0,-0.0
2021-06-03 06:00:00,1954.8647760816996,1760.37,2160.0,-0.0,2950.8721239183014,-0.0,0.0,-0.0,-0.0
2021-06-03 07:00:00,3433.200015154993,1680.6499999999999,2160.0,-0.0,1845.9970848450084,-0.0,0.0,-0.0,-0.0
2021-06-03 08:00:00,4925.150383857097,1582.5,2160.0,-0.0,639.2277161429029,-0.0,0.0,-0.0,-0.0
2021-06-03 09:00:00,6269.041797817035,1481.3100000000002,1618.4505021829636,-0.0,-0.0,-0.0,0.0,-0.0,-0.0
2021-06-03 10:00:00,7331.401346903177,1393.6200000000001,605.8365530968222,-0.0,-0.0,-0.0,0.0,-0.0,-0.0
2021-06-03 11:00:00,8011.131113650437,1334.73,-0.0,-0.0,-0.0,-0.0,0.0,103.66191365043596,98.47881796791415
2021-06-03 12:00:00,8244.898425400204,1022.1519745997957,-0.0,-0.0,-0.0,-0.0,0.0,112.58040000000119,205.4203500861185
2021-06-03 13:00:00,8011.131113650437,1212.2626863495643,-0.0,-0.0,-0.0,-0.0,0.0,112.58040000000119,312.351188051111
2021-06-03 14:00:00,7331.401346903177,1423.2,424.2692925954998,-0.0,-0.0,-0.0,0.0,32.720639498677194,343.40456045604924
2021-06-03 15:00:00,6269.041797817035,1542.99,1587.0674021829655,-0.0,-0.0,-0.0,0.0,112.58040000000119,450.32160000000476
2021-06-03 16:00:00,4925.150383857097,1693.76,2160.0,-0.0,754.6084161429026,-0.0,0.0,-0.0,450.27656784000476
2021-06-03 17:00:00,3433.200015154993,1859.8300000000002,2160.0,-0.0,2385.9224848450085,-0.0,0.0,-0.0,450.2315401832208
2021-06-03 18:00:00,1954.8647760816996,2023.22,2160.0,350.2516239182987,3500.0,-0.0,112.58040000000119,-0.0,331.68083281867484
2021-06-03 19:00:00,686.8721298312274,2166.06,2160.0,1582.7361701687723,3500.0,-0.0,112.58040000000119,-0.0,213.14198052486543
2021-06-03 20:00:00,-0.0,2272.79,2160.0,2066.337699999999,3500.0,-0.0,112.58040000000119,-0.0,94.61498211628538
2021-06-03 21:00:00,-0.0,2332.29,2160.0,1776.9463554128306,3500.0,-0.0,89.87524458717007,-0.0,-0.0
2021-06-03 22:00:00,-0.0,2339.17,2160.0,1559.8379000000004,3500.0,-0.0,0.0,-0.0,-0.0
2021-06-03 23:00:00,-0.0,2294.5499999999997,2160.0,1353.793200000002,3500.0,-0.0,0.0,-0.0,-0.0
2021-06-04 00:00:00,-0.0,2195.64,2160.0,638.3767000000007,3500.0,-0.0,0.0,-0.0,-0.0
2021-06-04 01:00:00,-0.0,2075.21,2160.0,570.8267000000005,3500.0,-0.0,0.0,-0.0,-0.0
2021-06-04 02:00:00,-0.0,1939.15,2160.0,580.0275000000006,3500.0,-0.0,0.0,-0.0,-0.0
2021-06-04 03:00:00,-0.0,1804.76,2160.0,714.7451000000001,3500.0,-0.0,0.0,-0.0,-0.0
2021-06-04 04:00:00,-0.0,1688.25,2160.0,987.9376000000011,3500.0,-0.0,0.0,-0.0,-0.0
2021-06-04 05:00:00,821.1820356367584,1602.6299999999999,2160.0,536.1148643632418,3500.0,-0.0,0.0,-0.0,-0.0
2021-06-04 06:00:00,2318.053938901409,1555.88,2160.0,-0.0,2918.9593610985926,-0.0,0.0,-0.0,-0.0
2021-06-04 07:00:00,4060.4222532927793,1549.99,2160.0,-0.0,1473.8123467072205,-0.0,0.0,-0.0,-0.0
2021-06-04 08:00:00,5817.510531602512,1580.67,2030.5491683974878,-0.0,-0.0,-0.0,0.0,-0.0,-0.0
2021-06-04 09:00:00,7399.532794758828,1638.02,450.46210524117214,-0.0,-0.0,-0.0,0.0,-0.0,-0.0
2021-06-04 10:00:00,8649.803452607208,821.2931378213694,-0.0,-0.0,-0.0,-0.0,0.0,23.778190428577243,22.58928090714838
2021-06-04 11:00:00,9449.625358645977,18.75214135402348,-0.0,-0.0,-0.0,-0.0,0.0,112.58040000000119,129.5384019790588
2021-06-04 12:00:00,9377.680400000001,-0.0,-0.0,-0.0,-0.0,-0.0,0.0,112.58040000000119,236.476828138862
2021-06-04 13:00:00,9330.9493,-0.0,-0.0,-0.0,-0.0,-0.0,0.0,112.58040000000119,343.40456045604924
2021-06-04 14:00:00,8649.803452607208,713.3065473927945,-0.0,-0.0,-0.0,-0.0,0.0,112.58040000000119,450.32160000000476
2021-06-04 15:00:00,7399.532794758828,1722.6,265.53830751485566,-0.0,-0.0,-0.0,0.0,0.047402273684216005,450.32160000000476
2021-06-04 16:00:00,5817.510531602512,1599.43,2160.0,-0.0,54.31096839748807,-0.0,0.0,-0.0,450.27656784000476
2021-06-04 17:00:00,4060.4222532927793,1440.36,2160.0,-0.0,2272.437146707221,-0.0,0.0,-0.0,450.2315401832208
2021-06-04 18:00:00,2318.053938901409,1259.24,2160.0,841.7538610985921,3500.0,-0.0,112.58040000000119,-0.0,331.68083281867484
2021-06-04 19:00:00,821.1820356367584,1073.24,2160.0,2628.31246436324,3500.0,-0.0,112.58040000000119,-0.0,213.14198052486543
2021-06-04 20:00:00,-0.0,900.6999999999999,2160.0,3521.7655000000004,3500.0,-0.0,112.58040000000119,-0.0,94.61498211628538
2021-06-04 21:00:00,-0.0,758.76,2160.0,3430.0025554128297,3500.0,-0.0,89.87524458717007,-0.0,-0.0
2021-06-04 22:00:00,-0.0,661.11,2160.0,3313.5345000000007,3500.0,-0.0,0.0,-0.0,-0.0
2021-06-04 23:00:00,-0.0,616.3,2160.0,3103.7148000000007,3500.0,-0.0,0.0,-0.0,-0.0
2021-06-05 00:00:00,-0.0,616.7099999999999,2160.0,1718.2002999999995,3500.0,-0.0,0.0,-0.0,-0.0
2021-06-05 01:00:00,-0.0,678.1700000000001,2160.0,1464.6548999999995,3500.0,-0.0,0.0,-0.0,-0.0
2021-06-05 02:00:00,-0.0,780.79,2160.0,1231.0065999999997,3500.0,-0.0,0.0,-0.0,-0.0
2021-06-05 03:00:00,-0.0,910.25,2160.0,1097.6427000000003,3500.0,-0.0,0.0,-0.0,-0.0
2021-06-05 04:00:00,-0.0,1049.8300000000002,2160.0,1110.4564999999993,3500.0,-0.0,0.0,-0.0,-0.0
2021-06-05 05:00:00,851.537078743617,1182.68,2160.0,405.4654212563828,3500.0,-0.0,0.0,-0.0,-0.0
2021-06-05 06:00:00,2385.5269501602575,1294.15,2160.0,-0.0,2588.5792498397445,-0.0,0.0,-0.0,-0.0
2021-06-05 07:00:00,4168.41701511082,1373.76,2160.0,-0.0,1012.9709848891807,-0.0,0.0,-0.0,-0.0
2021-06-05 08:00:00,5965.100768767294,1416.63,1513.4399312327068,-0.0,-0.0,-0.0,0.0,-0.0,-0.0
2021-06-05 09:00:00,7582.120611035048,1367.811288964952,-0.0,-0.0,-0.0,-0.0,0.0,-0.0,-0.0
2021-06-05 10:00:00,8859.7108076796,44.96679232040151,-0.0,-0.0,-0.0,-0.0,0.0,-0.0,-0.0
2021-06-05 11:00:00,8832.346790428577,-0.0,-0.0,-0.0,-0.0,-0.0,0.0,23.778190428577243,22.58928090714838
2021-06-05 12:00:00,8825.833000000002,-0.0,-0.0,-0.0,-0.0,-0.0,0.0,112.58040000000119,129.5384019790588
2021-06-05 13:00:00,8774.462200000002,-0.0,-0.0,-0.0,-0.0,-0.0,0.0,112.58040000000119,236.476828138862
2021-06-05 14:00:00,8801.9637,-0.0,-0.0,-0.0,-0.0,-0.0,0.0,112.58040000000119,343.40456045604924
2021-06-05 15:00:00,7582.120611035048,1352.2597889649542,-0.0,-0.0,-0.0,-0.0,0.0,112.58040000000119,450.32160000000476
2021-06-05 16:00:00,5965.100768767294,1489.3000000000002,1606.3866335063894,-0.0,-0.0,-0.0,0.0,0.047402273684216005,450.32160000000476
2021-06-05 17:00:00,4168.41701511082,1648.57,2160.0,-0.0,1381.0252848891805,-0.0,0.0,-0.0,450.27656784000476
2021-06-05 18:00:00,2385.5269501602575,1853.58,2160.0,-0.0,3212.6133498397435,-0.0,0.0,-0.0,450.2315401832208
2021-06-05 19:00:00,851.537078743617,2092.7799999999997,2160.0,993.8100212563832,3500.0,-0.0,112.58040000000119,-0.0,331.68083281867484
2021-06-05 20:00:00,-0.0,2350.2999999999997,2160.0,1482.8612000000012,3500.0,-0.0,112.58040000000119,-0.0,213.14198052486543
2021-06-05 21:00:00,-0.0,2607.95,2160.0,964.1153000000004,3500.0,-0.0,112.58040000000119,-0.0,94.61498211628538
2021-06-05 22:00:00,-0.0,2847.5499999999997,2160.0,438.55105541283046,3500.0,-0.0,89.87524458717007,-0.0,-0.0
2021-06-05 23:00:00,-0.0,3053.23,2160.0,63.45480000000089,3500.0,-0.0,0.0,-0.0,-0.0
2021-06-06 00:00:00,-0.0,3203.65,2160.0,-0.0,2590.5364999999997,-0.0,0.0,-0.0,-0.0
2021-06-06 01:00:00,-0.0,3312.64,2160.0,-0.0,2284.8448000000003,-0.0,0.0,-0.0,-0.0
2021-06-06 02:00:00,-0.0,3371.02,2160.0,-0.0,2090.8462000000004,-0.0,0.0,-0.0,-0.0
2021-06-06 03:00:00,-0.0,3385.63,2160.0,-0.0,2067.7758000000003,-0.0,0.0,-0.0,-0.0
2021-06-06 04:00:00,-0.0,3368.4900000000002,2160.0,-0.0,2232.7868999999996,-0.0,0.0,-0.0,-0.0
2021-06-06 05:00:00,809.4529362598067,3335.0400000000004,2160.0,-0.0,1731.6975637401933,-0.0,0.0,-0.0,-0.0
2021-06-06 06:00:00,2251.7638815283426,3302.01,2160.0,-0.0,646.5495184716583,-0.0,0.0,-0.0,-0.0
2021-06-06 07:00:00,3925.7329094484126,3285.04,1432.0482905515878,-0.0,-0.0,-0.0,0.0,-0.0,-0.0
2021-06-06 08:00:00,5611.553796110939,3206.946803889062,-0.0,-0.0,-0.0,-0.0,0.0,-0.0,-0.0
2021-06-06 09:00:00,7128.22343704896,1740.7509629510396,-0.0,-0.0,-0.0,-0.0,0.0,-0.0,-0.0
2021-06-06 10:00:00,8326.232085018877,493.2578149811234,-0.0,-0.0,-0.0,-0.0,0.0,-0.0,-0.0
2021-06-06 11:00:00,8719.210500000001,-0.0,-0.0,-0.0,-0.0,-0.0,0.0,-0.0,-0.0
2021-06-06 12:00:00,8643.568590428576,-0.0,-0.0,-0.0,-0.0,-0.0,0.0,23.778190428577243,22.58928090714838
2021-06-06 13:00:00,8676.963500000002,-0.0,-0.0,-0.0,-0.0,-0.0,0.0,112.58040000000119,129.5384019790588
2021-06-06 14:00:00,8326.232085018877,374.2679149811229,-0.0,-0.0,-0.0,-0.0,0.0,112.58040000000119,236.476828138862
2021-06-06 15:00:00,7128.22343704896,1700.8049629510415,-0.0,-0.0,-0.0,-0.0,0.0,112.58040000000119,343.40456045604924
2021-06-06 16:00:00,5611.553796110939,3452.603003889063,-0.0,-0.0,-0.0,-0.0,0.0,112.58040000000119,450.32160000000476
2021-06-06 17:00:00,3925.7329094484126,4169.8,1149.6334928252713,-0.0,-0.0,-0.0,0.0,0.047402273684216005,450.32160000000476
2021-06-06 18:00:00,2251.7638815283426,4135.47,2160.0,-0.0,835.3675184716567,-0.0,112.58040000000119,-0.0,331.7708836294772
2021-06-06 19:00:00,809.4529362598067,4049.06,2160.0,-0.0,2459.518863740194,-0.0,112.58040000000119,-0.0,213.23202233058672
2021-06-06 20:00:00,-0.0,3919.11,2160.0,-0.0,3290.4913999999994,-0.0,112.58040000000119,-0.0,94.7050149178261
2021-06-06 21:00:00,-0.0,3759.3300000000004,2160.0,-0.0,3208.422932804482,-0.0,89.96076719551762,-0.0,-0.0
2021-06-06 22:00:00,-0.0,3586.85,2160.0,-0.0,3158.9195999999997,-0.0,0.0,-0.0,-0.0
2021-06-06 23:00:00,-0.0,3419.98,2160.0,-0.0,3063.3222,-0.0,0.0,-0.0,-0.0
2021-06-07 00:00:00,-0.0,3266.27,2160.0,-0.0,2958.7104999999997,-0.0,0.0,-0.0,-0.0
2021-06-07 01:00:00,-0.0,3158.7900000000004,2160.0,-0.0,2866.5196,-0.0,0.0,-0.0,-0.0
2021-06-07 02:00:00,-0.0,3096.64,2160.0,-0.0,2790.1897000000004,-0.0,0.0,-0.0,-0.0
2021-06-07 03:00:00,-0.0,3082.37,2160.0,-0.0,2793.2472,-0.0,0.0,-0.0,-0.0
2021-06-07 04:00:00,-0.0,3112.16,2160.0,-0.0,2908.689300000001,-0.0,0.0,-0.0,-0.0
2021-06-07 05:00:00,789.1195213551389,3176.4199999999996,2160.0,-0.0,2327.697478644861,-0.0,0.0,-0.0,-0.0
2021-06-07 06:00:00,2181.009847227797,3261.2000000000003,2160.0,-0.0,1172.7498527722041,-0.0,0.0,-0.0,-0.0
2021-06-07 07:00:00,3794.3803883573364,3350.2,1910.5878116426638,-0.0,-0.0,-0.0,0.0,-0.0,-0.0
2021-06-07 08:00:00,5418.196635497176,3427.0099999999998,383.46996450282404,-0.0,-0.0,-0.0,0.0,-0.0,-0.0
2021-06-07 09:00:00,6878.542047552729,2398.559552447271,-0.0,-0.0,-0.0,-0.0,0.0,-0.0,-0.0
2021-06-07 10:00:00,8031.8104867669845,1193.881313233016,-0.0,-0.0,-0.0,-0.0,0.0,-0.0,-0.0
2021-06-07 11:00:00,8769.248315244233,378.14437518434414,-0.0,-0.0,-0.0,-0.0,0.0,23.778190428577243,22.58928090714838
2021-06-07 12:00:00,9022.791044782734,112.31195521726659,-0.0,-0.0,-0.0,-0.0,0.0,112.58040000000119,129.5384019790588
2021-06-07 13:00:00,8769.248315244233,308.90428475576846,-0.0,-0.0,-0.0,-0.0,0.0,112.58040000000119,236.476828138862
2021-06-07 14:00:00,8031.8104867669845,1068.4642132330173,-0.0,-0.0,-0.0,-0.0,0.0,112.58040000000119,343.40456045604924
2021-06-07 15:00:00,6878.542047552729,2348.979252447273,-0.0,-0.0,-0.0,-0.0,0.0,112.58040000000119,450.32160000000476
2021-06-07 16:00:00,5418.196635497176,2973.4100000000003,957.3595667765067,-0.0,-0.0,-0.0,0.0,0.047402273684216005,450.32160000000476
2021-06-07 17:00:00,3794.3803883573364,2904.41,2160.0,-0.0,782.6531116426631,-0.0,0.0,-0.0,450.27656784000476
2021-06-07 18:00:00,2181.009847227797,2879.26,2160.0,-0.0,2670.353752772202,-0.0,0.0,-0.0,450.2315401832208
2021-06-07 19:00:00,789.1195213551389,2905.2099999999996,2160.0,518.3952786448617,3500.0,-0.0,112.58040000000119,-0.0,331.68083281867484
2021-06-07 20:00:00,-0.0,2983.31,2160.0,1120.3694999999989,3500.0,-0.0,112.58040000000119,-0.0,213.14198052486543
2021-06-07 21:00:00,-0.0,3108.14,2160.0,730.5943000000007,3500.0,-0.0,112.58040000000119,-0.0,94.61498211628538
2021-06-07 22:00:00,-0.0,3268.4800000000005,2160.0,280.6734554128302,3500.0,-0.0,89.87524458717007,-0.0,-0.0
2021-06-07 23:00:00,-0.0,3448.75,2160.0,-0.0,3427.6072000000004,-0.0,0.0,-0.0,-0.0
2021-06-08 00:00:00,-0.0,3621.54,2160.0,-0.0,2429.6955000000007,-0.0,0.0,-0.0,-0.0
2021-06-08 01:00:00,-0.0,3787.79,2160.0,-0.0,2063.843500000001,-0.0,0.0,-0.0,-0.0
2021-06-08 02:00:00,-0.0,3922.29,2160.0,-0.0,1791.0690000000004,-0.0,0.0,-0.0,-0.0
2021-06-08 03:00:00,-0.0,4013.6,2160.0,-0.0,1688.8871000000004,-0.0,0.0,-0.0,-0.0
2021-06-08 04:00:00,-0.0,4055.98,2160.0,-0.0,1792.2163000000005,-0.0,0.0,-0.0,-0.0
2021-06-08 05:00:00,795.3802489959286,4050.04,2160.0,-0.0,1275.777351004071,-0.0,0.0,-0.0,-0.0
2021-06-08 06:00:00,2185.3064250204957,4002.55,2160.0,-0.0,255.8139749795032,-0.0,0.0,-0.0,-0.0
2021-06-08 07:00:00,3794.4696678958853,3925.41,1164.8819321041146,-0.0,-0.0,-0.0,0.0,-0.0,-0.0
2021-06-08 08:00:00,5413.152341569125,3646.135558430876,-0.0,-0.0,-0.0,-0.0,0.0,-0.0,-0.0
2021-06-08 09:00:00,6868.397659985032,2240.465740014968,-0.0,-0.0,-0.0,-0.0,0.0,-0.0,-0.0
2021-06-08 10:00:00,8017.391841291227,1041.3448587087723,-0.0,-0.0,-0.0,-0.0,0.0,-0.0,-0.0
2021-06-08 11:00:00,8752.017364304163,206.05383569583682,-0.0,-0.0,-0.0,-0.0,0.0,-0.0,-0.0
2021-06-08 12:00:00,8882.301890428576,-0.0,-0.0,-0.0,-0.0,-0.0,0.0,23.778190428577243,22.58928090714838
2021-06-08 13:00:00,8752.017364304163,163.80813569583734,-0.0,-0.0,-0.0,-0.0,0.0,112.58040000000119,129.5384019790588
2021-06-08 14:00:00,8017.391841291227,922.3549587087737,-0.0,-0.0,-0.0,-0.0,0.0,112.58040000000119,236.476828138862
2021-06-08 15:00:00,6868.397659985032,2200.5184400149683,-0.0,-0.0,-0.0,-0.0,0.0,112.58040000000119,343.40456045604924
2021-06-08 16:00:00,5413.152341569125,3891.7904584308753,-0.0,-0.0,-0.0,-0.0,0.0,112.58040000000119,450.32160000000476
2021-06-08 17:00:00,3794.4696678958853,3990.2599999999998,1702.3758343777981,-0.0,-0.0,-0.0,0.0,0.047402273684216005,450.32160000000476
2021-06-08 18:00:00,2185.3064250204957,4047.42,2160.0,-0.0,1233.2219749795036,-0.0,112.58040000000119,-0.0,331.7708836294772
2021-06-08 19:00:00,795.3802489959286,4062.7799999999997,2160.0,-0.0,2704.8799510040712,-0.0,112.58040000000119,-0.0,213.23202233058672
2021-06-08 20:00:00,-0.0,4026.1400000000003,2160.0,-0.0,3430.3808,-0.0,112.58040000000119,-0.0,94.7050149178261
2021-06-08 21:00:00,-0.0,3933.15,2160.0,-0.0,3283.6842328044822,-0.0,89.96076719551762,-0.0,-0.0
2021-06-08 22:00:00,-0.0,3785.8999999999996,2160.0,-0.0,3211.3611,-0.0,0.0,-0.0,-0.0
2021-06-08 23:00:00,-0.0,3592.74,2160.0,-0.0,3144.7109,-0.0,0.0,-0.0,-0.0
2021-06-09 00:00:00,-0.0,3357.9300000000003,2160.0,-0.0,2557.6336,-0.0,0.0,-0.0,-0.0
2021-06-09 01:00:00,-0.0,3117.03,2160.0,-0.0,2602.0048,-0.0,0.0,-0.0,-0.0
2021-06-09 02:00:00,-0.0,2879.0,2160.0,-0.0,2704.9362,-0.0,0.0,-0.0,-0.0
2021-06-09 03:00:00,-0.0,2660.99,2160.0,-0.0,2915.349,-0.0,0.0,-0.0,-0.0
2021-06-09 04:00:00,-0.0,2476.8399999999997,2160.0,-0.0,3248.5804000000003,-0.0,0.0,-0.0,-0.0
2021-06-09 05:00:00,745.8189451585905,2335.3399999999997,2160.0,-0.0,2920.7285548414106,-0.0,0.0,-0.0,-0.0
2021-06-09 06:00:00,2038.050986125275,2239.18,2160.0,-0.0,2050.684813874726,-0.0,0.0,-0.0,-0.0
2021-06-09 07:00:00,3532.47886202213,2184.72,2160.0,-0.0,895.4533379778709,-0.0,0.0,-0.0,-0.0
2021-06-09 08:00:00,5034.964216273086,2162.6,1753.3439837269134,-0.0,-0.0,-0.0,0.0,-0.0,-0.0
2021-06-09 09:00:00,6385.339556720187,2159.16,459.7944432798131,-0.0,-0.0,-0.0,0.0,-0.0,-0.0
2021-06-09 10:00:00,7451.337247002225,1530.497843426352,-0.0,-0.0,-0.0,-0.0,0.0,23.778190428577243,22.58928090714838
2021-06-09 11:00:00,8132.807964751202,841.1288352487991,-0.0,-0.0,-0.0,-0.0,0.0,112.58040000000119,129.5384019790588
2021-06-09 12:00:00,8367.08863384763,511.3358661523707,-0.0,-0.0,-0.0,-0.0,0.0,112.58040000000119,236.476828138862
2021-06-09 13:00:00,8132.807964751202,694.4433352487995,-0.0,-0.0,-0.0,-0.0,0.0,112.58040000000119,343.40456045604924
2021-06-09 14:00:00,7451.337247002225,1404.0044529977758,-0.0,-0.0,-0.0,-0.0,0.0,112.58040000000119,450.32160000000476
2021-06-09 15:00:00,6385.339556720187,1751.1599999999999,739.7099455534963,-0.0,-0.0,-0.0,0.0,0.047402273684216005,450.32160000000476
2021-06-09 16:00:00,5034.964216273086,1565.38,2160.0,-0.0,356.13328372691467,-0.0,0.0,-0.0,450.27656784000476
2021-06-09 17:00:00,3532.47886202213,1363.5,2160.0,-0.0,2359.5376379778695,-0.0,0.0,-0.0,450.2315401832208
2021-06-09 18:00:00,2038.050986125275,1162.22,2160.0,698.528513874724,3500.0,-0.0,112.58040000000119,-0.0,331.68083281867484
2021-06-09 19:00:00,745.8189451585905,979.33,2160.0,2275.1818548414094,3500.0,-0.0,112.58040000000119,-0.0,213.14198052486543
2021-06-09 20:00:00,-0.0,831.33,2160.0,3066.9650999999994,3500.0,-0.0,112.58040000000119,-0.0,94.61498211628538
2021-06-09 21:00:00,-0.0,731.2299999999999,2160.0,2931.9867554128305,3500.0,-0.0,89.87524458717007,-0.0,-0.0
2021-06-09 22:00:00,-0.0,686.82,2160.0,2761.295900000001,3500.0,-0.0,0.0,-0.0,-0.0
2021-06-09 23:00:00,-0.0,699.66,2160.0,2493.234700000001,3500.0,-0.0,0.0,-0.0,-0.0
2021-06-10 00:00:00,-0.0,755.6999999999999,2160.0,1620.1915000000008,3500.0,-0.0,0.0,-0.0,-0.0
2021-06-10 01:00:00,-0.0,862.41,2160.0,1321.5937000000004,3500.0,-0.0,0.0,-0.0,-0.0
2021-06-10 02:00:00,-0.0,995.5,2160.0,1058.0656,3500.0,-0.0,0.0,-0.0,-0.0
2021-06-10 03:00:00,-0.0,1137.39,2160.0,913.255799999999,3500.0,-0.0,0.0,-0.0,-0.0
2021-06-10 04:00:00,-0.0,1270.3999999999999,2160.0,934.0150000000012,3500.0,-0.0,0.0,-0.0,-0.0
2021-06-10 05:00:00,623.7514960766713,1379.08,2160.0,482.7462039233287,3500.0,-0.0,0.0,-0.0,-0.0
2021-06-10 06:00:00,1696.1215134226854,1452.1899999999998,2160.0,-0.0,3167.9952865773153,-0.0,0.0,-0.0,-0.0
2021-06-10 07:00:00,2935.0536698752676,1484.1299999999999,2160.0,-0.0,2186.559030124733,-0.0,0.0,-0.0,-0.0
2021-06-10 08:00:00,4180.090314776178,1475.61,2160.0,-0.0,1132.993985223823,-0.0,0.0,-0.0,-0.0
2021-06-10 09:00:00,5298.7629328024705,1433.45,2160.0,-0.0,114.55626719753036,-0.0,0.0,-0.0,-0.0
2021-06-10 10:00:00,6181.692929288585,1369.4999999999998,1437.7934611399924,-0.0,-0.0,-0.0,0.0,23.778190428577243,22.58928090714838
2021-06-10 11:00:00,6746.073532229782,1298.97,940.7050677702182,-0.0,-0.0,-0.0,0.0,112.58040000000119,129.5384019790588
2021-06-10 12:00:00,6940.089129440348,1238.25,716.5381705596537,-0.0,-0.0,-0.0,0.0,112.58040000000119,236.476828138862
2021-06-10 13:00:00,6746.073532229782,1202.54,899.7068677702182,-0.0,-0.0,-0.0,0.0,112.58040000000119,343.40456045604924
2021-06-10 14:00:00,6181.692929288585,1203.72,1495.5881707114158,-0.0,-0.0,-0.0,0.0,112.58040000000119,450.32160000000476
2021-06-10 15:00:00,5298.7629328024705,1248.58,2160.0,-0.0,199.03636719753013,-0.0,0.0,-0.0,450.27656784000476
2021-06-10 16:00:00,4180.090314776178,1337.86,2160.0,-0.0,1473.2657852238217,-0.0,0.0,-0.0,450.2315401832208
2021-06-10 17:00:00,2935.0536698752676,1465.96,2160.0,-0.0,2893.7238301247335,-0.0,0.0,-0.0,450.18651702920243
2021-06-10 18:00:00,1696.1215134226854,1621.65,2160.0,624.6897865773153,3500.0,-0.0,112.58040000000119,-0.0,331.63581416697195
2021-06-10 19:00:00,623.7514960766713,1789.48,2160.0,1635.155103923329,3500.0,-0.0,112.58040000000119,-0.0,213.09696637502768
2021-06-10 20:00:00,-0.0,1951.78,2160.0,1998.9129000000003,3500.0,-0.0,112.58040000000119,-0.0,94.56997246786261
2021-06-10 21:00:00,-0.0,2090.98,2160.0,1628.9660103029155,3500.0,-0.0,89.83248969708504,-0.0,-0.0
2021-06-10 22:00:00,-0.0,2191.91,2160.0,1317.1226000000006,3500.0,-0.0,0.0,-0.0,-0.0
2021-06-10 23:00:00,-0.0,2243.8,2160.0,1014.1817999999994,3500.0,-0.0,0.0,-0.0,-0.0
2021-06-11 00:00:00,-0.0,2232.79,2160.0,212.5657000000001,3500.0,-0.0,0.0,-0.0,-0.0
2021-06-11 01:00:00,-0.0,2178.2799999999997,2160.0,79.22440000000006,3500.0,-0.0,0.0,-0.0,-0.0
2021-06-11 02:00:00,-0.0,2079.14,2160.0,51.89000000000078,3500.0,-0.0,0.0,-0.0,-0.0
2021-06-11 03:00:00,-0.0,1948.3400000000001,2160.0,183.65979999999945,3500.0,-0.0,0.0,-0.0,-0.0
2021-06-11 04:00:00,-0.0,1802.38,2160.0,487.1992999999993,3500.0,-0.0,0.0,-0.0,-0.0
2021-06-11 05:00:00,538.6569358965986,1658.9799999999998,2160.0,376.834764103402,3500.0,-0.0,0.0,-0.0,-0.0
2021-06-11 06:00:00,1458.2585028419553,1534.8400000000001,2160.0,-0.0,3415.747497158044,-0.0,0.0,-0.0,-0.0
2021-06-11 07:00:00,2519.747576427239,1443.37,2160.0,-0.0,2738.7198235727615,-0.0,0.0,-0.0,-0.0
2021-06-11 08:00:00,3586.0131053249247,1392.97,2160.0,-0.0,1909.2729946750756,-0.0,0.0,-0.0,-0.0
2021-06-11 09:00:00,4543.815154827185,1385.98,2160.0,-0.0,1019.9067451728151,-0.0,0.0,-0.0,-0.0
2021-06-11 10:00:00,5299.655728187967,1418.47,2160.0,-0.0,193.2898718120332,-0.0,0.0,-0.0,-0.0
2021-06-11 11:00:00,5782.758471222087,1480.83,1831.5434287779135,-0.0,-0.0,-0.0,0.0,112.58040000000119,106.95138000000112
2021-06-11 12:00:00,5948.829572866632,1559.21,1499.2955271333685,-0.0,-0.0,-0.0,0.0,112.58040000000119,213.89206486200226
2021-06-11 13:00:00,5782.758471222087,1637.49,1543.4976287779136,-0.0,-0.0,-0.0,0.0,112.58040000000119,320.8220556555172
2021-06-11 14:00:00,5299.655728187967,1699.55,2000.0823718120346,-0.0,-0.0,-0.0,0.0,112.58040000000119,427.7413534499528
2021-06-11 15:00:00,4543.815154827185,1731.6000000000001,2160.0,-0.0,592.0032451728148,-0.0,0.0,-0.0,427.6985793146078
2021-06-11 16:00:00,3586.0131053249247,1724.15,2160.0,-0.0,1804.7323946750762,-0.0,0.0,-0.0,427.65580945667637
2021-06-11 17:00:00,2519.747576427239,1673.3999999999999,2160.0,-0.0,3227.795223572762,-0.0,0.0,-0.0,427.6130438757307
2021-06-11 18:00:00,1458.2585028419553,1581.87,2160.0,1030.9482971580437,3500.0,-0.0,112.58040000000119,-0.0,309.0645983608156
2021-06-11 19:00:00,538.6569358965986,1458.19,2160.0,2182.4444641034006,3500.0,-0.0,112.58040000000119,-0.0,190.52800769045191
2021-06-11 20:00:00,-0.0,1316.01,2160.0,2767.7586999999985,3500.0,-0.0,112.58040000000119,-0.0,72.00327067915532
2021-06-11 21:00:00,-0.0,1172.29,2160.0,2704.2168331655166,3500.0,-0.0,68.39626683448303,-0.0,-0.0
2021-06-11 22:00:00,-0.0,1045.07,2160.0,2601.011200000001,3500.0,-0.0,0.0,-0.0,-0.0
2021-06-11 23:00:00,-0.0,951.1500000000001,2160.0,2445.6796000000013,3500.0,-0.0,0.0,-0.0,-0.0
2021-06-12 00:00:00,-0.0,895.1,2160.0,1124.0571999999993,3500.0,-0.0,0.0,-0.0,-0.0
2021-06-12 01:00:00,-0.0,902.5500000000001,2160.0,930.2989999999991,3500.0,-0.0,0.0,-0.0,-0.0
2021-06-12 02:00:00,-0.0,966.64,2160.0,741.1477000000004,3500.0,-0.0,0.0,-0.0,-0.0
2021-06-12 03:00:00,-0.0,1082.77,2160.0,627.2705999999998,3500.0,-0.0,0.0,-0.0,-0.0
2021-06-12 04:00:00,-0.0,1240.54,2160.0,628.2306000000008,3500.0,-0.0,0.0,-0.0,-0.0
2021-06-12 05:00:00,587.280804579166,1425.11,2160.0,142.2900954208335,3500.0,-0.0,0.0,-0.0,-0.0
2021-06-12 06:00:00,1583.6739346194838,1619.2,2160.0,-0.0,2787.0639653805165,-0.0,0.0,-0.0,-0.0
2021-06-12 07:00:00,2732.8689948874153,1805.45,2160.0,-0.0,1745.3604051125858,-0.0,0.0,-0.0,-0.0
2021-06-12 08:00:00,3886.7847107561556,1968.6699999999998,2160.0,-0.0,615.2556892438442,-0.0,0.0,-0.0,-0.0
2021-06-12 09:00:00,4923.096954470457,2097.85,1671.6876455295424,-0.0,-0.0,-0.0,0.0,-0.0,-0.0
2021-06-12 10:00:00,5740.785928161463,2187.63,726.2742718385362,-0.0,-0.0,-0.0,0.0,-0.0,-0.0
2021-06-12 11:00:00,6263.361387176817,2238.86,87.58830325176041,-0.0,-0.0,-0.0,0.0,23.778190428577243,22.58928090714838
2021-06-12 12:00:00,6442.991818738581,2147.890881261419,-0.0,-0.0,-0.0,-0.0,0.0,112.58040000000119,129.5384019790588
2021-06-12 13:00:00,6263.361387176817,2258.47,25.394712823185728,-0.0,-0.0,-0.0,0.0,112.58040000000119,236.476828138862
2021-06-12 14:00:00,5740.785928161463,2254.02,587.7567718385371,-0.0,-0.0,-0.0,0.0,112.58040000000119,343.40456045604924
2021-06-12 15:00:00,4923.096954470457,2261.5099999999998,1538.3245455295437,-0.0,-0.0,-0.0,0.0,112.58040000000119,450.32160000000476
2021-06-12 16:00:00,3886.7847107561556,2296.07,2160.0,-0.0,424.6099811830866,-0.0,89.88640806075797,-0.0,355.65929619710164
2021-06-12 17:00:00,2732.8689948874153,2369.46,2160.0,-0.0,1900.455805112586,-0.0,0.0,-0.0,355.62373026748196
2021-06-12 18:00:00,1583.6739346194838,2488.3,2160.0,-0.0,3192.775165380517,-0.0,0.0,-0.0,355.58816789445524
2021-06-12 19:00:00,587.280804579166,2653.08,2160.0,519.1397954208333,3500.0,-0.0,112.58040000000119,-0.0,237.04692486713827
2021-06-12 20:00:00,-0.0,2857.9500000000003,2160.0,805.0099999999984,3500.0,-0.0,112.58040000000119,-0.0,118.51753596412398
2021-06-12 21:00:00,-0.0,3091.35,2160.0,319.01349999999957,3500.0,-0.0,112.58040000000119,-0.0,-0.0
2021-06-12 22:00:00,-0.0,3337.48,2160.0,-0.0,3385.3602000000005,-0.0,0.0,-0.0,-0.0
2021-06-12 23:00:00,-0.0,3578.25,2160.0,-0.0,2893.9241999999995,-0.0,0.0,-0.0,-0.0
2021-06-13 00:00:00,-0.0,3787.08,2160.0,-0.0,1873.1506,-0.0,0.0,-0.0,-0.0
2021-06-13 01:00:00,-0.0,3965.46,2160.0,-0.0,1506.7893000000004,-0.0,0.0,-0.0,-0.0
2021-06-13 02:00:00,-0.0,4093.5899999999997,2160.0,-0.0,1251.8001000000008,-0.0,0.0,-0.0,-0.0
2021-06-13 03:00:00,-0.0,4166.0,2160.0,-0.0,1179.7177000000001,-0.0,0.0,-0.0,-0.0
2021-06-13 04:00:00,-0.0,4183.7,2160.0,-0.0,1318.7002000000011,-0.0,0.0,-0.0,-0.0
2021-06-13 05:00:00,718.5328861893738,4153.95,2160.0,-0.0,913.6566138106266,-0.0,0.0,-0.0,-0.0
2021-06-13 06:00:00,1930.8932199811363,4089.2099999999996,2160.0,-0.0,99.00268001886457,-0.0,0.0,-0.0,-0.0
2021-06-13 07:00:00,3328.1849579360437,4005.4,1236.8535420639569,-0.0,-0.0,-0.0,0.0,-0.0,-0.0
2021-06-13 08:00:00,4730.755348607696,3919.77,104.41825139230423,-0.0,-0.0,-0.0,0.0,-0.0,-0.0
2021-06-13 09:00:00,5990.121359445814,2824.106140554187,-0.0,-0.0,-0.0,-0.0,0.0,-0.0,-0.0
2021-06-13 10:00:00,6983.679864137183,1789.8511358628175,-0.0,-0.0,-0.0,-0.0,0.0,-0.0,-0.0
2021-06-13 11:00:00,7618.624782359508,1087.16440806907,-0.0,-0.0,-0.0,-0.0,0.0,23.778190428577243,22.58928090714838
2021-06-13 12:00:00,7836.857454401649,867.0355455983527,-0.0,-0.0,-0.0,-0.0,0.0,112.58040000000119,129.5384019790588
2021-06-13 13:00:00,7618.624782359508,1038.5384176404932,-0.0,-0.0,-0.0,-0.0,0.0,112.58040000000119,236.476828138862
2021-06-13 14:00:00,6983.679864137183,1705.6440358628179,-0.0,-0.0,-0.0,-0.0,0.0,112.58040000000119,343.40456045604924
2021-06-13 15:00:00,5990.121359445814,2836.2966405541874,-0.0,-0.0,-0.0,-0.0,0.0,112.58040000000119,450.32160000000476
2021-06-13 16:00:00,4730.755348607696,4147.51,79.20005139230489,-0.0,-0.0,-0.0,0.0,-0.0,450.27656784000476
2021-06-13 17:00:00,3328.1849579360437,4208.94,1722.403141871098,-0.0,-0.0,-0.0,0.0,0.09479980714104386,450.32160000000476
2021-06-13 18:00:00,1930.8932199811363,4232.6,2160.0,-0.0,1081.7671800188625,-0.0,112.58040000000119,-0.0,331.7708836294772
2021-06-13 19:00:00,718.5328861893738,4208.94,2160.0,-0.0,2421.4755138106257,-0.0,112.58040000000119,-0.0,213.23202233058672
2021-06-13 20:00:00,-0.0,4134.17,2160.0,-0.0,3114.508099999999,-0.0,112.58040000000119,-0.0,94.7050149178261
2021-06-13 21:00:00,-0.0,4010.89,2160.0,-0.0,3004.0009328044835,-0.0,89.96076719551762,-0.0,-0.0
2021-06-13 22:00:00,-0.0,3847.83,2160.0,-0.0,2953.028400000001,-0.0,0.0,-0.0,-0.0
2021-06-13 23:00:00,-0.0,3658.8500000000004,2160.0,-0.0,2887.3773999999994,-0.0,0.0,-0.0,-0.0
2021-06-14 00:00:00,-0.0,3452.77,2160.0,-0.0,2844.7518000000005,-0.0,0.0,-0.0,-0.0
2021-06-14 01:00:00,-0.0,3264.7,2160.0,-0.0,2840.7364000000007,-0.0,0.0,-0.0,-0.0
2021-06-14 02:00:00,-0.0,3103.39,2160.0,-0.0,2871.0181000000007,-0.0,0.0,-0.0,-0.0
2021-06-14 03:00:00,-0.0,2982.5800000000004,2160.0,-0.0,2987.9255,-0.0,0.0,-0.0,-0.0
2021-06-14 04:00:00,-0.0,2910.84,2160.0,-0.0,3212.059300000001,-0.0,0.0,-0.0,-0.0
2021-06-14 05:00:00,806.930789295781,2890.54,2160.0,-0.0,2704.8245107042208,-0.0,0.0,-0.0,-0.0
2021-06-14 06:00:00,2161.9598256897793,2917.61,2160.0,-0.0,1651.2978743102212,-0.0,0.0,-0.0,-0.0
2021-06-14 07:00:00,3722.7112387866573,2982.17,2160.0,-0.0,312.87826121334274,-0.0,0.0,-0.0,-0.0
2021-06-14 08:00:00,5288.897543792741,3069.96,998.9246562072585,-0.0,-0.0,-0.0,0.0,-0.0,-0.0
2021-06-14 09:00:00,6694.9498364678275,2717.594863532173,-0.0,-0.0,-0.0,-0.0,0.0,-0.0,-0.0
2021-06-14 10:00:00,7804.103023696271,1563.1873763037293,-0.0,-0.0,-0.0,-0.0,0.0,-0.0,-0.0
2021-06-14 11:00:00,8512.859800414464,782.0984900141126,-0.0,-0.0,-0.0,-0.0,0.0,23.778190428577243,22.58928090714838
2021-06-14 12:00:00,8756.470181289324,531.9756187106777,-0.0,-0.0,-0.0,-0.0,0.0,112.58040000000119,129.5384019790588
2021-06-14 13:00:00,8512.859800414464,724.2151995855365,-0.0,-0.0,-0.0,-0.0,0.0,112.58040000000119,236.476828138862
2021-06-14 14:00:00,7804.103023696271,1460.4721763037305,-0.0,-0.0,-0.0,-0.0,0.0,112.58040000000119,343.40456045604924
2021-06-14 15:00:00,6694.9498364678275,2702.0433635321733,-0.0,-0.0,-0.0,-0.0,0.0,112.58040000000119,450.32160000000476
2021-06-14 16:00:00,5288.897543792741,3070.2000000000003,1164.3013584809423,-0.0,-0.0,-0.0,0.0,0.047402273684216005,450.32160000000476
2021-06-14 17:00:00,3722.7112387866573,2962.61,2160.0,-0.0,975.3025612133433,-0.0,0.0,-0.0,450.27656784000476
2021-06-14 18:00:00,2161.9598256897793,2868.82,2160.0,-0.0,2883.551974310221,-0.0,0.0,-0.0,450.2315401832208
2021-06-14 19:00:00,806.930789295781,2804.36,2160.0,789.4478107042187,3500.0,-0.0,112.58040000000119,-0.0,331.68083281867484
2021-06-14 20:00:00,-0.0,2781.3199999999997,2160.0,1514.4526999999998,3500.0,-0.0,112.58040000000119,-0.0,213.14198052486543
2021-06-14 21:00:00,-0.0,2806.65,2160.0,1228.0267999999996,3500.0,-0.0,112.58040000000119,-0.0,94.61498211628538
2021-06-14 22:00:00,-0.0,2881.08,2160.0,867.6325554128289,3500.0,-0.0,89.87524458717007,-0.0,-0.0
2021-06-14 23:00:00,-0.0,2998.94,2160.0,580.3575999999998,3500.0,-0.0,0.0,-0.0,-0.0
2021-06-15 00:00:00,-0.0,3140.64,2160.0,-0.0,3118.6020000000003,-0.0,0.0,-0.0,-0.0
2021-06-15 01:00:00,-0.0,3306.83,2160.0,-0.0,2755.7103000000006,-0.0,0.0,-0.0,-0.0
2021-06-15 02:00:00,-0.0,3471.2599999999998,2160.0,-0.0,2455.663000000001,-0.0,0.0,-0.0,-0.0
2021-06-15 03:00:00,-0.0,3615.92,2160.0,-0.0,2302.5413,-0.0,0.0,-0.0,-0.0
2021-06-15 04:00:00,-0.0,3725.0899999999997,2160.0,-0.0,2341.2436999999995,-0.0,0.0,-0.0,-0.0
2021-06-15 05:00:00,824.6304578132361,3787.4,2160.0,-0.0,1729.2155421867647,-0.0,0.0,-0.0,-0.0
2021-06-15 06:00:00,2203.7649696156222,3797.2400000000002,2160.0,-0.0,664.3739303843772,-0.0,0.0,-0.0,-0.0
2021-06-15 07:00:00,3791.4453235275187,3755.4100000000003,1561.022676472482,-0.0,-0.0,-0.0,0.0,-0.0,-0.0
2021-06-15 08:00:00,5384.270410848335,3668.92,230.36698915166653,-0.0,-0.0,-0.0,0.0,-0.0,-0.0
2021-06-15 09:00:00,6814.015261066016,2520.015938933985,-0.0,-0.0,-0.0,-0.0,0.0,-0.0,-0.0
2021-06-15 10:00:00,7941.76091219741,1342.784487802589,-0.0,-0.0,-0.0,-0.0,0.0,-0.0,-0.0
2021-06-15 11:00:00,8662.369547658061,545.6746427705153,-0.0,-0.0,-0.0,-0.0,0.0,23.778190428577243,22.58928090714838
2021-06-15 12:00:00,8910.042147536928,287.3854524630733,-0.0,-0.0,-0.0,-0.0,0.0,112.58040000000119,129.5384019790588
2021-06-15 13:00:00,8662.369547658061,479.65075234193864,-0.0,-0.0,-0.0,-0.0,0.0,112.58040000000119,236.476828138862
2021-06-15 14:00:00,7941.76091219741,1223.795887802592,-0.0,-0.0,-0.0,-0.0,0.0,112.58040000000119,343.40456045604924
2021-06-15 15:00:00,6814.015261066016,2480.0686389339853,-0.0,-0.0,-0.0,-0.0,0.0,112.58040000000119,450.32160000000476
2021-06-15 16:00:00,5384.270410848335,3010.02,1022.3888914253484,-0.0,-0.0,-0.0,0.0,0.047402273684216005,450.32160000000476
2021-06-15 17:00:00,3791.4453235275187,3048.27,2160.0,-0.0,710.4604764724818,-0.0,0.0,-0.0,450.27656784000476
2021-06-15 18:00:00,2203.7649696156222,3094.83,2160.0,-0.0,2501.6436303843784,-0.0,0.0,-0.0,450.2315401832208
2021-06-15 19:00:00,824.6304578132361,3133.09,2160.0,325.3681421867627,3500.0,-0.0,112.58040000000119,-0.0,331.68083281867484
2021-06-15 20:00:00,-0.0,3146.52,2160.0,1028.1368999999977,3500.0,-0.0,112.58040000000119,-0.0,213.14198052486543
2021-06-15 21:00:00,-0.0,3120.98,2160.0,789.2101000000002,3500.0,-0.0,112.58040000000119,-0.0,94.61498211628538
2021-06-15 22:00:00,-0.0,3046.77,2160.0,574.1798554128295,3500.0,-0.0,89.87524458717007,-0.0,-0.0
2021-06-15 23:00:00,-0.0,2919.95,2160.0,528.4090000000006,3500.0,-0.0,0.0,-0.0,-0.0
2021-06-16 00:00:00,-0.0,2735.0299999999997,2160.0,-0.0,3390.4888,-0.0,0.0,-0.0,-0.0
2021-06-16 01:00:00,-0.0,2516.73,2160.0,-0.0,3409.1178999999997,-0.0,0.0,-0.0,-0.0
2021-06-16 02:00:00,-0.0,2270.8999999999996,2160.0,16.467999999999847,3500.0,-0.0,0.0,-0.0,-0.0
2021-06-16 03:00:00,-0.0,2014.81,2160.0,261.3454999999999,3500.0,-0.0,0.0,-0.0,-0.0
2021-06-16 04:00:00,-0.0,1766.9099999999999,2160.0,654.4776000000011,3500.0,-0.0,0.0,-0.0,-0.0
2021-06-16 05:00:00,852.943231475773,1544.53,2160.0,296.30076852422644,3500.0,-0.0,0.0,-0.0,-0.0
2021-06-16 06:00:00,2274.6417632816733,1361.59,2160.0,-0.0,2879.266236718326,-0.0,0.0,-0.0,-0.0
2021-06-16 07:00:00,3910.6335074912135,1226.94,2160.0,-0.0,1658.1316925087863,-0.0,0.0,-0.0,-0.0
2021-06-16 08:00:00,5551.580266090256,1143.25,2160.0,-0.0,274.3846339097445,-0.0,0.0,-0.0,-0.0
2021-06-16 09:00:00,7024.346693946519,1106.8,1046.4932060534811,-0.0,-0.0,-0.0,0.0,-0.0,-0.0
2021-06-16 10:00:00,8185.9404501305235,964.0678402980544,-0.0,-0.0,-0.0,-0.0,0.0,23.778190428577243,22.58928090714838
2021-06-16 11:00:00,8928.132414035537,208.60078596446328,-0.0,-0.0,-0.0,-0.0,0.0,112.58040000000119,129.5384019790588
2021-06-16 12:00:00,9035.641300000001,-0.0,-0.0,-0.0,-0.0,-0.0,0.0,112.58040000000119,236.476828138862
2021-06-16 13:00:00,8928.132414035537,50.558485964464126,-0.0,-0.0,-0.0,-0.0,0.0,112.58040000000119,343.40456045604924
2021-06-16 14:00:00,8185.9404501305235,814.8725498694766,-0.0,-0.0,-0.0,-0.0,0.0,112.58040000000119,450.32160000000476
2021-06-16 15:00:00,7024.346693946519,1160.65,830.5286083271649,-0.0,-0.0,-0.0,0.0,0.047402273684216005,450.32160000000476
2021-06-16 16:00:00,5551.580266090256,1092.5,2160.0,-0.0,445.37683390974325,-0.0,0.0,-0.0,450.27656784000476
2021-06-16 17:00:00,3910.6335074912135,989.3499999999999,2160.0,-0.0,2481.9982925087857,-0.0,0.0,-0.0,450.2315401832208
2021-06-16 18:00:00,2274.6417632816733,859.1600000000001,2160.0,884.7797367183248,3500.0,-0.0,112.58040000000119,-0.0,331.68083281867484
2021-06-16 19:00:00,852.943231475773,714.88,2160.0,2545.4398685242268,3500.0,-0.0,112.58040000000119,-0.0,213.14198052486543
2021-06-16 20:00:00,-0.0,572.7,2160.0,3431.5177999999987,3500.0,-0.0,112.58040000000119,-0.0,94.61498211628538
2021-06-16 21:00:00,-0.0,449.85999999999996,2160.0,3312.1177554128317,3500.0,-0.0,89.87524458717007,-0.0,-0.0
2021-06-16 22:00:00,-0.0,362.31,2160.0,3177.2570000000005,3500.0,-0.0,0.0,-0.0,-0.0
2021-06-16 23:00:00,-0.0,322.52000000000004,2160.0,2954.3755,3500.0,-0.0,0.0,-0.0,-0.0
2021-06-17 00:00:00,-0.0,329.96,2160.0,2124.317600000001,3500.0,-0.0,0.0,-0.0,-0.0
2021-06-17 01:00:00,-0.0,401.27000000000004,2160.0,1853.4056,3500.0,-0.0,0.0,-0.0,-0.0
2021-06-17 02:00:00,-0.0,523.23,2160.0,1593.1710999999996,3500.0,-0.0,0.0,-0.0,-0.0
2021-06-17 03:00:00,-0.0,684.62,2160.0,1420.909200000001,3500.0,-0.0,0.0,-0.0,-0.0
2021-06-17 04:00:00,-0.0,869.83,2160.0,1381.4084000000003,3500.0,-0.0,0.0,-0.0,-0.0
2021-06-17 05:00:00,924.2775827768911,1060.91,2160.0,539.0521172231101,3500.0,-0.0,0.0,-0.0,-0.0
2021-06-17 06:00:00,2460.8342409268316,1239.84,2160.0,-0.0,2646.038259073168,-0.0,0.0,-0.0,-0.0
2021-06-17 07:00:00,4228.401705073822,1390.85,2160.0,-0.0,1008.5519949261779,-0.0,0.0,-0.0,-0.0
2021-06-17 08:00:00,6001.0357830335015,1502.48,1458.8142169664989,-0.0,-0.0,-0.0,0.0,-0.0,-0.0
2021-06-17 09:00:00,7591.840920794632,1420.0645792053683,-0.0,-0.0,-0.0,-0.0,0.0,-0.0,-0.0
2021-06-17 10:00:00,8846.452796204985,115.32600379501491,-0.0,-0.0,-0.0,-0.0,0.0,-0.0,-0.0
2021-06-17 11:00:00,8884.891490428578,-0.0,-0.0,-0.0,-0.0,-0.0,0.0,23.778190428577243,22.58928090714838
2021-06-17 12:00:00,8874.146200000001,-0.0,-0.0,-0.0,-0.0,-0.0,0.0,112.58040000000119,129.5384019790588
2021-06-17 13:00:00,8818.867600000001,-0.0,-0.0,-0.0,-0.0,-0.0,0.0,112.58040000000119,236.476828138862
2021-06-17 14:00:00,8842.788900000001,-0.0,-0.0,-0.0,-0.0,-0.0,0.0,112.58040000000119,343.40456045604924
2021-06-17 15:00:00,7591.840920794632,1380.1172792053685,-0.0,-0.0,-0.0,-0.0,0.0,112.58040000000119,450.32160000000476
2021-06-17 16:00:00,6001.0357830335015,1414.2099999999998,1680.2061192401825,-0.0,-0.0,-0.0,0.0,0.047402273684216005,450.32160000000476
2021-06-17 17:00:00,4228.401705073822,1461.6000000000001,2160.0,-0.0,1540.0984949261783,-0.0,0.0,-0.0,450.27656784000476
2021-06-17 18:00:00,2460.8342409268316,1550.1999999999998,2160.0,-0.0,3470.536659073169,-0.0,0.0,-0.0,450.2315401832208
2021-06-17 19:00:00,924.2775827768911,1674.79,2160.0,1367.014717223109,3500.0,-0.0,112.58040000000119,-0.0,331.68083281867484
2021-06-17 20:00:00,-0.0,1824.49,2160.0,2035.072900000001,3500.0,-0.0,112.58040000000119,-0.0,213.14198052486543
2021-06-17 21:00:00,-0.0,1984.26,2160.0,1612.9966999999997,3500.0,-0.0,112.58040000000119,-0.0,94.61498211628538
2021-06-17 22:00:00,-0.0,2136.8599999999997,2160.0,1173.567955412831,3500.0,-0.0,89.87524458717007,-0.0,-0.0
2021-06-17 23:00:00,-0.0,2265.16,2160.0,875.3330000000005,3500.0,-0.0,0.0,-0.0,-0.0
2021-06-18 00:00:00,-0.0,2346.85,2160.0,-0.0,3474.288100000001,-0.0,0.0,-0.0,-0.0
2021-06-18 01:00:00,-0.0,2386.84,2160.0,-0.0,3237.7693,-0.0,0.0,-0.0,-0.0
2021-06-18 02:00:00,-0.0,2373.06,2160.0,-0.0,3116.4507,-0.0,0.0,-0.0,-0.0
2021-06-18 03:00:00,-0.0,2307.5,2160.0,-0.0,3174.4135000000006,-0.0,0.0,-0.0,-0.0
2021-06-18 04:00:00,-0.0,2198.39,2160.0,-0.0,3432.6049000000007,-0.0,0.0,-0.0,-0.0
2021-06-18 05:00:00,948.5392973777406,2059.16,2160.0,-0.0,2899.76270262226,-0.0,0.0,-0.0,-0.0
2021-06-18 06:00:00,2522.3813228144513,1906.68,2160.0,-0.0,1804.4289771855479,-0.0,0.0,-0.0,-0.0
2021-06-18 07:00:00,4332.390047599451,1759.0600000000002,2160.0,-0.0,426.7766524005501,-0.0,0.0,-0.0,-0.0
2021-06-18 08:00:00,6147.3761066585885,1633.3,1075.8065933414118,-0.0,-0.0,-0.0,0.0,-0.0,-0.0
2021-06-18 09:00:00,7776.0692485917,1133.7992514083007,-0.0,-0.0,-0.0,-0.0,0.0,-0.0,-0.0
2021-06-18 10:00:00,8863.6314,-0.0,-0.0,-0.0,-0.0,-0.0,0.0,-0.0,-0.0
2021-06-18 11:00:00,8790.709090428576,-0.0,-0.0,-0.0,-0.0,-0.0,0.0,23.778190428577243,22.58928090714838
2021-06-18 12:00:00,8783.999000000002,-0.0,-0.0,-0.0,-0.0,-0.0,0.0,112.58040000000119,129.5384019790588
2021-06-18 13:00:00,8732.8258,-0.0,-0.0,-0.0,-0.0,-0.0,0.0,112.58040000000119,236.476828138862
2021-06-18 14:00:00,8760.916200000001,-0.0,-0.0,-0.0,-0.0,-0.0,0.0,112.58040000000119,343.40456045604924
2021-06-18 15:00:00,7776.0692485917,1118.2477514083012,-0.0,-0.0,-0.0,-0.0,0.0,112.58040000000119,450.32160000000476
2021-06-18 16:00:00,6147.3761066585885,1903.5,971.2232956150947,-0.0,-0.0,-0.0,0.0,0.047402273684216005,450.32160000000476
2021-06-18 17:00:00,4332.390047599451,1964.41,2160.0,-0.0,864.2909524005499,-0.0,0.0,-0.0,450.27656784000476
2021-06-18 18:00:00,2522.3813228144513,1988.99,2160.0,-0.0,2905.5830771855494,-0.0,0.0,-0.0,450.2315401832208
2021-06-18 19:00:00,948.5392973777406,1973.1799999999998,2160.0,984.1860026222575,3500.0,-0.0,112.58040000000119,-0.0,331.68083281867484
2021-06-18 20:00:00,-0.0,1919.23,2160.0,1884.6396000000004,3500.0,-0.0,112.58040000000119,-0.0,213.14198052486543
2021-06-18 21:00:00,-0.0,1835.41,2160.0,1710.6760999999988,3500.0,-0.0,112.58040000000119,-0.0,94.61498211628538
2021-06-18 22:00:00,-0.0,1735.01,2160.0,1528.8051554128306,3500.0,-0.0,89.87524458717007,-0.0,-0.0
2021-06-18 23:00:00,-0.0,1634.55,2160.0,1463.9191999999994,3500.0,-0.0,0.0,-0.0,-0.0
2021-06-19 00:00:00,-0.0,1544.24,2160.0,172.79460000000017,3500.0,-0.0,0.0,-0.0,-0.0
2021-06-19 01:00:00,-0.0,1495.19,2160.0,29.956800000000385,3500.0,-0.0,0.0,-0.0,-0.0
2021-06-19 02:00:00,-0.0,1492.84,2160.0,-0.0,3401.8674,-0.0,0.0,-0.0,-0.0
2021-06-19 03:00:00,-0.0,1544.8,2160.0,-0.0,3346.9876000000004,-0.0,0.0,-0.0,-0.0
2021-06-19 04:00:00,-0.0,1652.45,2160.0,-0.0,3393.1068000000005,-0.0,0.0,-0.0,-0.0
2021-06-19 05:00:00,845.9905874112242,1810.67,2160.0,-0.0,2670.060212588776,-0.0,0.0,-0.0,-0.0
2021-06-19 06:00:00,2247.9583411976664,2008.55,2160.0,-0.0,1400.941558802333,-0.0,0.0,-0.0,-0.0
2021-06-19 07:00:00,3860.0454889605558,2230.74,2016.1003110394445,-0.0,-0.0,-0.0,0.0,-0.0,-0.0
2021-06-19 08:00:00,5476.4515344007805,2459.4900000000002,353.8958655992201,-0.0,-0.0,-0.0,0.0,-0.0,-0.0
2021-06-19 09:00:00,6926.87575773501,1421.0365422649902,-0.0,-0.0,-0.0,-0.0,0.0,-0.0,-0.0
2021-06-19 10:00:00,8070.691725805329,235.65827419467132,-0.0,-0.0,-0.0,-0.0,0.0,-0.0,-0.0
2021-06-19 11:00:00,8214.311300000001,-0.0,-0.0,-0.0,-0.0,-0.0,0.0,-0.0,-0.0
2021-06-19 12:00:00,8147.218190428578,-0.0,-0.0,-0.0,-0.0,-0.0,0.0,23.778190428577243,22.58928090714838
2021-06-19 13:00:00,8189.463500000002,-0.0,-0.0,-0.0,-0.0,-0.0,0.0,112.58040000000119,129.5384019790588
2021-06-19 14:00:00,8070.691725805329,151.4511741946717,-0.0,-0.0,-0.0,-0.0,0.0,112.58040000000119,236.476828138862
2021-06-19 15:00:00,6926.87575773501,1433.225742264991,-0.0,-0.0,-0.0,-0.0,0.0,112.58040000000119,343.40456045604924
2021-06-19 16:00:00,5476.4515344007805,3128.488065599221,-0.0,-0.0,-0.0,-0.0,0.0,112.58040000000119,450.32160000000476
2021-06-19 17:00:00,3860.0454889605558,3217.88,1718.002513313128,-0.0,-0.0,-0.0,0.0,0.047402273684216005,450.32160000000476
2021-06-19 18:00:00,2247.9583411976664,3239.14,2160.0,-0.0,1296.5060588023339,-0.0,112.58040000000119,-0.0,331.7708836294772
2021-06-19 19:00:00,845.9905874112242,3293.68,2160.0,-0.0,2749.8578125887752,-0.0,112.58040000000119,-0.0,213.23202233058672
2021-06-19 20:00:00,-0.0,3388.25,2160.0,-0.0,3403.5846999999994,-0.0,112.58040000000119,-0.0,94.7050149178261
2021-06-19 21:00:00,-0.0,3523.4900000000002,2160.0,-0.0,3037.4708328044817,-0.0,89.96076719551762,-0.0,-0.0
2021-06-19 22:00:00,-0.0,3693.74,2160.0,-0.0,2656.4357,-0.0,0.0,-0.0,-0.0
2021-06-19 23:00:00,-0.0,3887.7200000000003,2160.0,-0.0,2211.4049000000005,-0.0,0.0,-0.0,-0.0
2021-06-20 00:00:00,-0.0,4082.73,2160.0,-0.0,1206.3557999999998,-0.0,0.0,-0.0,-0.0
2021-06-20 01:00:00,-0.0,4275.47,2160.0,-0.0,825.7644999999993,-0.0,0.0,-0.0,-0.0
2021-06-20 02:00:00,-0.0,4441.13,2160.0,-0.0,533.6301000000003,-0.0,0.0,-0.0,-0.0
2021-06-20 03:00:00,-0.0,4564.52,2160.0,-0.0,411.20989999999983,-0.0,0.0,-0.0,-0.0
2021-06-20 04:00:00,-0.0,4634.849999999999,2160.0,-0.0,498.45940000000155,-0.0,0.0,-0.0,-0.0
2021-06-20 05:00:00,684.4392624057513,4647.19,2160.0,-0.0,86.57253759424987,-0.0,0.0,-0.0,-0.0
2021-06-20 06:00:00,1818.0773630814176,4603.070000000001,1491.428736918582,-0.0,-0.0,-0.0,0.0,-0.0,-0.0
2021-06-20 07:00:00,3121.547465963031,4510.27,573.7513340369678,-0.0,-0.0,-0.0,0.0,-0.0,-0.0
2021-06-20 08:00:00,4428.454831078803,3963.531368921196,-0.0,-0.0,-0.0,-0.0,0.0,-0.0,-0.0
2021-06-20 09:00:00,5601.141569927594,2852.2904300724067,-0.0,-0.0,-0.0,-0.0,0.0,-0.0,-0.0
2021-06-20 10:00:00,6525.932510051144,1889.2131899488568,-0.0,-0.0,-0.0,-0.0,0.0,-0.0,-0.0
2021-06-20 11:00:00,7116.762176287657,1233.2989141409205,-0.0,-0.0,-0.0,-0.0,0.0,23.778190428577243,22.58928090714838
2021-06-20 12:00:00,7319.817326776368,1031.2478732236332,-0.0,-0.0,-0.0,-0.0,0.0,112.58040000000119,129.5384019790588
2021-06-20 13:00:00,7116.762176287657,1190.714023712344,-0.0,-0.0,-0.0,-0.0,0.0,112.58040000000119,236.476828138862
2021-06-20 14:00:00,6525.932510051144,1817.0856899488563,-0.0,-0.0,-0.0,-0.0,0.0,112.58040000000119,343.40456045604924
2021-06-20 15:00:00,5601.141569927594,2882.587330072408,-0.0,-0.0,-0.0,-0.0,0.0,112.58040000000119,450.32160000000476
2021-06-20 16:00:00,4428.454831078803,3791.4199999999996,398.75076892119796,-0.0,-0.0,-0.0,0.0,-0.0,450.27656784000476
2021-06-20 17:00:00,3121.547465963031,3837.33,1965.8902338441094,-0.0,-0.0,-0.0,0.0,0.09479980714104386,450.32160000000476
2021-06-20 18:00:00,1818.0773630814176,3879.49,2160.0,-0.0,1217.2395369185822,-0.0,112.58040000000119,-0.0,331.7708836294772
2021-06-20 19:00:00,684.4392624057513,3901.8599999999997,2160.0,-0.0,2436.722237594248,-0.0,112.58040000000119,-0.0,213.23202233058672
2021-06-20 20:00:00,-0.0,3890.72,2160.0,-0.0,3036.7787999999996,-0.0,112.58040000000119,-0.0,94.7050149178261
2021-06-20 21:00:00,-0.0,3836.6299999999997,2160.0,-0.0,2862.042432804483,-0.0,89.96076719551762,-0.0,-0.0
2021-06-20 22:00:00,-0.0,3735.8799999999997,2160.0,-0.0,2753.9313000000016,-0.0,0.0,-0.0,-0.0
2021-06-20 23:00:00,-0.0,3591.05,2160.0,-0.0,2649.5096999999996,-0.0,0.0,-0.0,-0.0
2021-06-21 00:00:00,-0.0,3403.85,2160.0,-0.0,2595.6377000000007,-0.0,0.0,-0.0,-0.0
2021-06-21 01:00:00,-0.0,3202.02,2160.0,-0.0,2611.1582000000003,-0.0,0.0,-0.0,-0.0
2021-06-21 02:00:00,-0.0,2995.6,2160.0,-0.0,2692.518200000001,-0.0,0.0,-0.0,-0.0
2021-06-21 03:00:00,-0.0,2802.7200000000003,2160.0,-0.0,2887.6511,-0.0,0.0,-0.0,-0.0
2021-06-21 04:00:00,-0.0,2640.25,2160.0,-0.0,3208.8511,-0.0,0.0,-0.0,-0.0
2021-06-21 05:00:00,604.1992771343123,2521.63,2160.0,-0.0,3009.1808228656873,-0.0,0.0,-0.0,-0.0
2021-06-21 06:00:00,1605.1345036983403,2455.08,2160.0,-0.0,2410.053896301659,-0.0,0.0,-0.0,-0.0
2021-06-21 07:00:00,2756.025875198714,2442.59,2160.0,-0.0,1565.392724801287,-0.0,0.0,-0.0,-0.0
2021-06-21 08:00:00,3909.9750708944107,2479.67,2160.0,-0.0,561.3958291055892,-0.0,0.0,-0.0,-0.0
2021-06-21 09:00:00,4945.427999050172,2556.02,1671.517100949829,-0.0,-0.0,-0.0,0.0,-0.0,-0.0
2021-06-21 10:00:00,5761.97865862467,2656.89,716.1520413753315,-0.0,-0.0,-0.0,0.0,-0.0,-0.0
2021-06-21 11:00:00,6283.661322254529,2765.16,21.317568174046755,-0.0,-0.0,-0.0,0.0,23.778190428577243,22.58928090714838
2021-06-21 12:00:00,6462.956955546732,2608.2549444532697,-0.0,-0.0,-0.0,-0.0,0.0,112.58040000000119,129.5384019790588
2021-06-21 13:00:00,6283.661322254529,2743.8939777454707,-0.0,-0.0,-0.0,-0.0,0.0,112.58040000000119,236.476828138862
2021-06-21 14:00:00,5761.97865862467,2974.6800000000003,326.2332413753302,-0.0,-0.0,-0.0,0.0,112.58040000000119,343.40456045604924
2021-06-21 15:00:00,4945.427999050172,2971.29,1286.542700949829,-0.0,-0.0,-0.0,0.0,112.58040000000119,450.32160000000476
2021-06-21 16:00:00,3909.9750708944107,2927.86,2160.0,-0.0,339.8452291055887,-0.0,0.0,-0.0,450.27656784000476
2021-06-21 17:00:00,2756.025875198714,2851.45,2160.0,-0.0,1875.6381248012858,-0.0,0.0,-0.0,450.2315401832208
2021-06-21 18:00:00,1605.1345036983403,2754.16,2160.0,-0.0,3385.785096301661,-0.0,0.0,-0.0,450.18651702920243
2021-06-21 19:00:00,604.1992771343123,2651.37,2160.0,984.2605228656876,3500.0,-0.0,112.58040000000119,-0.0,331.63581416697195
2021-06-21 20:00:00,-0.0,2559.59,2160.0,1583.700499999999,3500.0,-0.0,112.58040000000119,-0.0,213.09696637502768
2021-06-21 21:00:00,-0.0,2494.12,2160.0,1396.5739999999996,3500.0,-0.0,112.58040000000119,-0.0,94.56997246786261
2021-06-21 22:00:00,-0.0,2466.85,2160.0,1146.488210302915,3500.0,-0.0,89.83248969708504,-0.0,-0.0
2021-06-21 23:00:00,-0.0,2484.58,2160.0,967.9246999999996,3500.0,-0.0,0.0,-0.0,-0.0
2021-06-22 00:00:00,-0.0,2541.1800000000003,2160.0,102.02009999999973,3500.0,-0.0,0.0,-0.0,-0.0
2021-06-22 01:00:00,-0.0,2644.5400000000004,2160.0,-0.0,3310.6801,-0.0,0.0,-0.0,-0.0
2021-06-22 02:00:00,-0.0,2776.48,2160.0,-0.0,3051.8809000000006,-0.0,0.0,-0.0,-0.0
2021-06-22 03:00:00,-0.0,2921.36,2160.0,-0.0,2907.328500000001,-0.0,0.0,-0.0,-0.0
2021-06-22 04:00:00,-0.0,3061.28,2160.0,-0.0,2924.091,-0.0,0.0,-0.0,-0.0
2021-06-22 05:00:00,636.8309484741853,3178.4,2160.0,-0.0,2453.878051525815,-0.0,0.0,-0.0,-0.0
2021-06-22 06:00:00,1692.7512108424387,3257.26,2160.0,-0.0,1652.0641891575608,-0.0,0.0,-0.0,-0.0
2021-06-22 07:00:00,2907.0087348283796,3286.77,2160.0,-0.0,699.6292651716199,-0.0,0.0,-0.0,-0.0
2021-06-22 08:00:00,4124.547281856017,3261.6800000000003,1851.6858181439839,-0.0,-0.0,-0.0,0.0,-0.0,-0.0
2021-06-22 09:00:00,5217.094474914238,3183.15,896.9538250857622,-0.0,-0.0,-0.0,0.0,-0.0,-0.0
2021-06-22 10:00:00,6078.686661687001,3058.61,119.20513831299832,-0.0,-0.0,-0.0,0.0,-0.0,-0.0
2021-06-22 11:00:00,6629.161976499103,2648.3989235008976,-0.0,-0.0,-0.0,-0.0,0.0,112.58040000000119,106.95138000000112
2021-06-22 12:00:00,6818.345318685671,2368.5171813143297,-0.0,-0.0,-0.0,-0.0,0.0,112.58040000000119,213.89206486200226
2021-06-22 13:00:00,6629.161976499103,2510.9707235008973,-0.0,-0.0,-0.0,-0.0,0.0,112.58040000000119,320.8220556555172
2021-06-22 14:00:00,6078.686661687001,2391.92,612.9111667404704,-0.0,-0.0,-0.0,0.0,23.804828427471122,343.40456045604924
2021-06-22 15:00:00,5217.094474914238,2262.91,1829.3830250857627,-0.0,-0.0,-0.0,0.0,112.58040000000119,450.32160000000476
2021-06-22 16:00:00,4124.547281856017,2171.58,2160.0,-0.0,984.3076181439828,-0.0,0.0,-0.0,450.27656784000476
2021-06-22 17:00:00,2907.0087348283796,2120.0099999999998,2160.0,-0.0,2555.38406517162,-0.0,0.0,-0.0,450.2315401832208
2021-06-22 18:00:00,1692.7512108424387,2104.02,2160.0,431.4599891575608,3500.0,-0.0,112.58040000000119,-0.0,331.68083281867484
2021-06-22 19:00:00,636.8309484741853,2113.83,2160.0,1581.2569515258128,3500.0,-0.0,112.58040000000119,-0.0,213.14198052486543
2021-06-22 20:00:00,-0.0,2135.44,2160.0,2096.208899999998,3500.0,-0.0,112.58040000000119,-0.0,94.61498211628538
2021-06-22 21:00:00,-0.0,2152.61,2160.0,1845.3359554128292,3500.0,-0.0,89.87524458717007,-0.0,-0.0
2021-06-22 22:00:00,-0.0,2149.21,2160.0,1634.6179000000002,3500.0,-0.0,0.0,-0.0,-0.0
2021-06-22 23:00:00,-0.0,2111.42,2160.0,1417.7781999999988,3500.0,-0.0,0.0,-0.0,-0.0
2021-06-23 00:00:00,-0.0,2023.23,2160.0,692.9339000000018,3500.0,-0.0,0.0,-0.0,-0.0
2021-06-23 01:00:00,-0.0,1894.11,2160.0,629.9698000000008,3500.0,-0.0,0.0,-0.0,-0.0
2021-06-23 02:00:00,-0.0,1720.17,2160.0,672.8802000000005,3500.0,-0.0,0.0,-0.0,-0.0
2021-06-23 03:00:00,-0.0,1510.23,2160.0,878.9176000000007,3500.0,-0.0,0.0,-0.0,-0.0
2021-06-23 04:00:00,-0.0,1278.2199999999998,2160.0,1263.3214000000007,3500.0,-0.0,0.0,-0.0,-0.0
2021-06-23 05:00:00,685.8007753686325,1041.3999999999999,2160.0,1093.7366246313686,3500.0,-0.0,0.0,-0.0,-0.0
2021-06-23 06:00:00,1824.717528761043,818.19,2160.0,506.6022712389563,3500.0,-0.0,0.0,-0.0,-0.0
2021-06-23 07:00:00,3134.67155812982,625.75,2160.0,-0.0,3175.980041870181,-0.0,0.0,-0.0,-0.0
2021-06-23 08:00:00,4448.297208521448,477.88,2160.0,-0.0,2190.2470914785526,-0.0,0.0,-0.0,-0.0
2021-06-23 09:00:00,5627.133075587842,383.18,2160.0,-0.0,1160.8737244121594,-0.0,0.0,-0.0,-0.0
2021-06-23 10:00:00,6556.812070446983,344.03000000000003,2160.0,-0.0,225.0904295530163,-0.0,0.0,-0.0,-0.0
2021-06-23 11:00:00,7150.800000359686,356.38000000000005,1795.2225996403158,-0.0,-0.0,-0.0,0.0,112.58040000000119,106.95138000000112
2021-06-23 12:00:00,7354.948825195629,410.36,1441.7790748043708,-0.0,-0.0,-0.0,0.0,112.58040000000119,213.89206486200226
2021-06-23 13:00:00,7150.800000359686,491.7,1513.2170996403147,-0.0,-0.0,-0.0,0.0,112.58040000000119,320.8220556555172
2021-06-23 14:00:00,6556.812070446983,583.6999999999999,2042.7052295530166,-0.0,-0.0,-0.0,0.0,112.58040000000119,427.7413534499528
2021-06-23 15:00:00,5627.133075587842,669.5600000000001,2160.0,-0.0,746.361824412159,-0.0,0.0,-0.0,427.6985793146078
2021-06-23 16:00:00,4448.297208521448,734.6700000000001,2160.0,-0.0,2099.026391478552,-0.0,0.0,-0.0,427.65580945667637
2021-06-23 17:00:00,3134.67155812982,768.5699999999999,2160.0,63.44394187017997,3500.0,-0.0,112.58040000000119,-0.0,309.10735966520315
2021-06-23 18:00:00,1824.717528761043,766.44,2160.0,1629.235971238957,3500.0,-0.0,112.58040000000119,-0.0,190.57076471870906
2021-06-23 19:00:00,685.8007753686325,729.65,2160.0,2903.9299246313676,3500.0,-0.0,112.58040000000119,-0.0,72.04602343170961
2021-06-23 20:00:00,-0.0,665.64,2160.0,3592.918322112103,3500.0,-0.0,68.43687788789813,-0.0,-0.0
2021-06-23 21:00:00,-0.0,586.79,2160.0,3479.109300000001,3500.0,-0.0,0.0,-0.0,-0.0
2021-06-23 22:00:00,-0.0,508.77,2160.0,3248.4599,3500.0,-0.0,0.0,-0.0,-0.0
2021-06-23 23:00:00,-0.0,448.31,2160.0,3049.6297000000004,3500.0,-0.0,0.0,-0.0,-0.0
2021-06-24 00:00:00,-0.0,414.46999999999997,2160.0,2266.1038,3500.0,-0.0,0.0,-0.0,-0.0
2021-06-24 01:00:00,-0.0,432.06,2160.0,2051.8121,3500.0,-0.0,0.0,-0.0,-0.0
2021-06-24 02:00:00,-0.0,501.54999999999995,2160.0,1846.7034999999996,3500.0,-0.0,0.0,-0.0,-0.0
2021-06-24 03:00:00,-0.0,623.59,2160.0,1716.2030999999997,3500.0,-0.0,0.0,-0.0,-0.0
2021-06-24 04:00:00,-0.0,792.43,2160.0,1695.2341999999999,3500.0,-0.0,0.0,-0.0,-0.0
2021-06-24 05:00:00,689.4835563338028,996.59,2160.0,1076.504243666198,3500.0,-0.0,0.0,-0.0,-0.0
2021-06-24 06:00:00,1837.1273846194351,1220.23,2160.0,29.35331538056471,3500.0,-0.0,0.0,-0.0,-0.0
2021-06-24 07:00:00,3157.5159600561947,1445.22,2160.0,-0.0,2266.4725399438057,-0.0,0.0,-0.0,-0.0
2021-06-24 08:00:00,4481.788195419861,1653.4399999999998,2160.0,-0.0,909.6597045801391,-0.0,0.0,-0.0,-0.0
2021-06-24 09:00:00,5670.277412591929,1829.07,1756.0142874080711,-0.0,-0.0,-0.0,0.0,-0.0,-0.0
2021-06-24 10:00:00,6607.623287824015,1960.6499999999999,637.6039121759859,-0.0,-0.0,-0.0,0.0,-0.0,-0.0
2021-06-24 11:00:00,7206.521592356946,2011.6566076430545,-0.0,-0.0,-0.0,-0.0,0.0,112.58040000000119,106.95138000000112
2021-06-24 12:00:00,7412.355568483013,1706.4025315169883,-0.0,-0.0,-0.0,-0.0,0.0,112.58040000000119,213.89206486200226
2021-06-24 13:00:00,7206.521592356946,1856.8292076430544,-0.0,-0.0,-0.0,-0.0,0.0,112.58040000000119,320.8220556555172
2021-06-24 14:00:00,6607.623287824015,2026.22,364.26844060345593,-0.0,-0.0,-0.0,0.0,23.804828427471122,343.40456045604924
2021-06-24 15:00:00,5670.277412591929,1972.12,1573.0182874080729,-0.0,-0.0,-0.0,0.0,112.58040000000119,450.32160000000476
2021-06-24 16:00:00,4481.788195419861,1920.24,2160.0,-0.0,775.9355045801394,-0.0,0.0,-0.0,450.27656784000476
2021-06-24 17:00:00,3157.5159600561947,1886.3,2160.0,-0.0,2427.6903399438042,-0.0,0.0,-0.0,450.2315401832208
2021-06-24 18:00:00,1837.1273846194351,1882.76,2160.0,389.1026153805642,3500.0,-0.0,112.58040000000119,-0.0,331.68083281867484
2021-06-24 19:00:00,689.4835563338028,1917.11,2160.0,1597.8268436661965,3500.0,-0.0,112.58040000000119,-0.0,213.14198052486543
2021-06-24 20:00:00,-0.0,1990.8100000000002,2160.0,2105.1786999999995,3500.0,-0.0,112.58040000000119,-0.0,94.61498211628538
2021-06-24 21:00:00,-0.0,2099.06,2160.0,1755.1657554128305,3500.0,-0.0,89.87524458717007,-0.0,-0.0
2021-06-24 22:00:00,-0.0,2231.49,2160.0,1400.6669000000002,3500.0,-0.0,0.0,-0.0,-0.0
2021-06-24 23:00:00,-0.0,2373.51,2160.0,996.1795000000002,3500.0,-0.0,0.0,-0.0,-0.0
2021-06-25 00:00:00,-0.0,2502.19,2160.0,47.37240000000065,3500.0,-0.0,0.0,-0.0,-0.0
2021-06-25 01:00:00,-0.0,2613.21,2160.0,-0.0,3236.6815000000006,-0.0,0.0,-0.0,-0.0
2021-06-25 02:00:00,-0.0,2686.13,2160.0,-0.0,3025.2816000000003,-0.0,0.0,-0.0,-0.0
2021-06-25 03:00:00,-0.0,2711.0899999999997,2160.0,-0.0,2989.1091,-0.0,0.0,-0.0,-0.0
2021-06-25 04:00:00,-0.0,2684.0000000000005,2160.0,-0.0,3161.4298999999996,-0.0,0.0,-0.0,-0.0
2021-06-25 05:00:00,710.4865677775924,2607.2400000000002,2160.0,-0.0,2800.0910322224076,-0.0,0.0,-0.0,-0.0
2021-06-25 06:00:00,1896.632197062733,2489.36,2160.0,-0.0,2053.5494029372676,-0.0,0.0,-0.0,-0.0
2021-06-25 07:00:00,3261.839100851384,2344.07,2160.0,-0.0,1113.8396991486175,-0.0,0.0,-0.0,-0.0
2021-06-25 08:00:00,4631.309102605777,2188.46,2160.0,-0.0,73.48939739422258,-0.0,0.0,-0.0,-0.0
2021-06-25 09:00:00,5860.498629414136,2040.86,1200.324870585865,-0.0,-0.0,-0.0,0.0,-0.0,-0.0
2021-06-25 10:00:00,6830.007458408711,1918.39,301.8762415912888,-0.0,-0.0,-0.0,0.0,-0.0,-0.0
2021-06-25 11:00:00,7449.48469657732,1611.2908034226812,-0.0,-0.0,-0.0,-0.0,0.0,112.58040000000119,106.95138000000112
2021-06-25 12:00:00,7662.3940761334425,1297.2908238665595,-0.0,-0.0,-0.0,-0.0,0.0,112.58040000000119,213.89206486200226
2021-06-25 13:00:00,7449.48469657732,1453.24980342268,-0.0,-0.0,-0.0,-0.0,0.0,112.58040000000119,320.8220556555172
2021-06-25 14:00:00,6830.007458408711,1873.39,132.6835700187612,-0.0,-0.0,-0.0,0.0,23.804828427471122,343.40456045604924
2021-06-25 15:00:00,5860.498629414136,1970.3100000000002,1221.2932705858648,-0.0,-0.0,-0.0,0.0,112.58040000000119,450.32160000000476
2021-06-25 16:00:00,4631.309102605777,2089.7599999999998,2160.0,-0.0,292.4302973942231,-0.0,0.0,-0.0,450.27656784000476
2021-06-25 17:00:00,3261.839100851384,2215.36,2160.0,-0.0,1828.8262991486158,-0.0,0.0,-0.0,450.2315401832208
2021-06-25 18:00:00,1896.632197062733,2330.62,2160.0,-0.0,3327.953302937267,-0.0,0.0,-0.0,450.18651702920243
2021-06-25 19:00:00,710.4865677775924,2421.26,2160.0,905.5601322224065,3500.0,-0.0,112.58040000000119,-0.0,331.63581416697195
2021-06-25 20:00:00,-0.0,2477.23,2160.0,1451.0313999999998,3500.0,-0.0,112.58040000000119,-0.0,213.09696637502768
2021-06-25 21:00:00,-0.0,2494.0699999999997,2160.0,1169.2461999999996,3500.0,-0.0,112.58040000000119,-0.0,94.56997246786261
2021-06-25 22:00:00,-0.0,2473.5699999999997,2160.0,900.208110302915,3500.0,-0.0,89.83248969708504,-0.0,-0.0
2021-06-25 23:00:00,-0.0,2423.54,2160.0,777.3990999999996,3500.0,-0.0,0.0,-0.0,-0.0
2021-06-26 00:00:00,-0.0,2350.82,2160.0,-0.0,2963.2427000000002,-0.0,0.0,-0.0,-0.0
2021-06-26 01:00:00,-0.0,2283.3700000000003,2160.0,-0.0,2831.0906999999993,-0.0,0.0,-0.0,-0.0
2021-06-26 02:00:00,-0.0,2232.32,2160.0,-0.0,2743.8662,-0.0,0.0,-0.0,-0.0
2021-06-26 03:00:00,-0.0,2213.5,2160.0,-0.0,2751.814300000001,-0.0,0.0,-0.0,-0.0
2021-06-26 04:00:00,-0.0,2239.25,2160.0,-0.0,2871.7735000000002,-0.0,0.0,-0.0,-0.0
2021-06-26 05:00:00,815.9033829200142,2316.72,2160.0,-0.0,2251.401417079985,-0.0,0.0,-0.0,-0.0
2021-06-26 06:00:00,2183.074436556756,2446.81,2160.0,-0.0,1076.6131634432445,-0.0,0.0,-0.0,-0.0
2021-06-26 07:00:00,3757.3963395131705,2624.0,1766.19246048683,-0.0,-0.0,-0.0,0.0,-0.0,-0.0
2021-06-26 08:00:00,5336.996895186329,2836.97,148.14820481367224,-0.0,-0.0,-0.0,0.0,-0.0,-0.0
2021-06-26 09:00:00,6754.968006257785,1616.7225937422145,-0.0,-0.0,-0.0,-0.0,0.0,-0.0,-0.0
2021-06-26 10:00:00,7873.473225149297,448.0906748507041,-0.0,-0.0,-0.0,-0.0,0.0,-0.0,-0.0
2021-06-26 11:00:00,8220.8997,-0.0,-0.0,-0.0,-0.0,-0.0,0.0,-0.0,-0.0
2021-06-26 12:00:00,8145.129090428578,-0.0,-0.0,-0.0,-0.0,-0.0,0.0,23.778190428577243,22.58928090714838
2021-06-26 13:00:00,8178.652700000002,-0.0,-0.0,-0.0,-0.0,-0.0,0.0,112.58040000000119,129.5384019790588
2021-06-26 14:00:00,7873.473225149297,329.1007748507054,-0.0,-0.0,-0.0,-0.0,0.0,112.58040000000119,236.476828138862
2021-06-26 15:00:00,6754.968006257785,1576.7765937422164,-0.0,-0.0,-0.0,-0.0,0.0,112.58040000000119,343.40456045604924
2021-06-26 16:00:00,5336.996895186329,3230.773104813671,-0.0,-0.0,-0.0,-0.0,0.0,112.58040000000119,450.32160000000476
2021-06-26 17:00:00,3757.3963395131705,3972.2400000000002,1020.2963627605131,-0.0,-0.0,-0.0,0.0,0.047402273684216005,450.32160000000476
2021-06-26 18:00:00,2183.074436556756,3930.73,2160.0,-0.0,614.9724634432428,-0.0,112.58040000000119,-0.0,331.7708836294772
2021-06-26 19:00:00,815.9033829200142,3890.71,2160.0,-0.0,2119.254017079985,-0.0,112.58040000000119,-0.0,213.23202233058672
2021-06-26 20:00:00,-0.0,3867.54,2160.0,-0.0,2851.808,-0.0,112.58040000000119,-0.0,94.7050149178261
2021-06-26 21:00:00,-0.0,3873.31,2160.0,-0.0,2606.351432804482,-0.0,89.96076719551762,-0.0,-0.0
2021-06-26 22:00:00,-0.0,3915.09,2160.0,-0.0,2344.9982999999993,-0.0,0.0,-0.0,-0.0
2021-06-26 23:00:00,-0.0,3993.93,2160.0,-0.0,2006.3480999999997,-0.0,0.0,-0.0,-0.0
2021-06-27 00:00:00,-0.0,4098.87,2160.0,-0.0,1084.8092000000006,-0.0,0.0,-0.0,-0.0
2021-06-27 01:00:00,-0.0,4230.58,2160.0,-0.0,756.5704000000005,-0.0,0.0,-0.0,-0.0
2021-06-27 02:00:00,-0.0,4368.32,2160.0,-0.0,483.7318000000014,-0.0,0.0,-0.0,-0.0
2021-06-27 03:00:00,-0.0,4494.9,2160.0,-0.0,349.5559000000003,-0.0,0.0,-0.0,-0.0
2021-06-27 04:00:00,-0.0,4593.26,2160.0,-0.0,400.27729999999974,-0.0,0.0,-0.0,-0.0
2021-06-27 05:00:00,941.1625755050812,4648.76,1840.0805244949183,-0.0,-0.0,-0.0,0.0,-0.0,-0.0
2021-06-27 06:00:00,2525.2271081057193,4651.179999999999,579.625591894282,-0.0,-0.0,-0.0,0.0,-0.0,-0.0
2021-06-27 07:00:00,4350.3352348479175,3690.433865152083,-0.0,-0.0,-0.0,-0.0,0.0,-0.0,-0.0
2021-06-27 08:00:00,6182.050047442784,2036.9737525572173,-0.0,-0.0,-0.0,-0.0,0.0,-0.0,-0.0
2021-06-27 09:00:00,7826.6237872954025,445.78711270459826,-0.0,-0.0,-0.0,-0.0,0.0,-0.0,-0.0
2021-06-27 10:00:00,8226.1725,-0.0,-0.0,-0.0,-0.0,-0.0,0.0,-0.0,-0.0
2021-06-27 11:00:00,8129.4733,-0.0,-0.0,-0.0,-0.0,-0.0,0.0,-0.0,-0.0
2021-06-27 12:00:00,8057.739190428578,-0.0,-0.0,-0.0,-0.0,-0.0,0.0,23.778190428577243,22.58928090714838
2021-06-27 13:00:00,8095.366900000001,-0.0,-0.0,-0.0,-0.0,-0.0,0.0,112.58040000000119,129.5384019790588
2021-06-27 14:00:00,8123.458600000002,-0.0,-0.0,-0.0,-0.0,-0.0,0.0,112.58040000000119,236.476828138862
2021-06-27 15:00:00,7826.6237872954025,430.2356127045987,-0.0,-0.0,-0.0,-0.0,0.0,112.58040000000119,343.40456045604924
2021-06-27 16:00:00,6182.050047442784,2315.124752557217,-0.0,-0.0,-0.0,-0.0,0.0,112.58040000000119,450.32160000000476
2021-06-27 17:00:00,4350.3352348479175,3169.4,1163.944267425767,-0.0,-0.0,-0.0,0.0,0.047402273684216005,450.32160000000476
2021-06-27 18:00:00,2525.2271081057193,3171.1299999999997,2160.0,-0.0,970.5592918942812,-0.0,112.58040000000119,-0.0,331.7708836294772
2021-06-27 19:00:00,941.1625755050812,3190.04,2160.0,-0.0,2637.2451244949175,-0.0,112.58040000000119,-0.0,213.23202233058672
2021-06-27 20:00:00,-0.0,3210.1000000000004,2160.0,-0.0,3456.3107,-0.0,112.58040000000119,-0.0,94.7050149178261
2021-06-27 21:00:00,-0.0,3215.25,2160.0,-0.0,3215.998132804482,-0.0,89.96076719551762,-0.0,-0.0
2021-06-27 22:00:00,-0.0,3191.6800000000003,2160.0,-0.0,3024.5514999999996,-0.0,0.0,-0.0,-0.0
2021-06-27 23:00:00,-0.0,3129.8399999999997,2160.0,-0.0,2831.1716,-0.0,0.0,-0.0,-0.0
2021-06-28 00:00:00,-0.0,3020.27,2160.0,-0.0,2696.0686,-0.0,0.0,-0.0,-0.0
2021-06-28 01:00:00,-0.0,2876.4,2160.0,-0.0,2648.0508000000004,-0.0,0.0,-0.0,-0.0
2021-06-28 02:00:00,-0.0,2701.1000000000004,2160.0,-0.0,2692.9127000000008,-0.0,0.0,-0.0,-0.0
2021-06-28 03:00:00,-0.0,2507.79,2160.0,-0.0,2883.3029000000006,-0.0,0.0,-0.0,-0.0
2021-06-28 04:00:00,-0.0,2313.13,2160.0,-0.0,3231.7321,-0.0,0.0,-0.0,-0.0
2021-06-28 05:00:00,957.5453708289299,2134.85,2160.0,-0.0,2733.629429171069,-0.0,0.0,-0.0,-0.0
2021-06-28 06:00:00,2577.500277926501,1989.41,2160.0,-0.0,1589.8436220734989,-0.0,0.0,-0.0,-0.0
2021-06-28 07:00:00,4445.183584614531,1889.76,2160.0,-0.0,111.24621538546853,-0.0,0.0,-0.0,-0.0
2021-06-28 08:00:00,6320.243613175221,1843.68,625.2177868247791,-0.0,-0.0,-0.0,0.0,-0.0,-0.0
2021-06-28 09:00:00,8004.022230393427,843.1940696065731,-0.0,-0.0,-0.0,-0.0,0.0,-0.0,-0.0
2021-06-28 10:00:00,8805.6553,-0.0,-0.0,-0.0,-0.0,-0.0,0.0,-0.0,-0.0
2021-06-28 11:00:00,8737.393490428576,-0.0,-0.0,-0.0,-0.0,-0.0,0.0,23.778190428577243,22.58928090714838
2021-06-28 12:00:00,8735.324400000001,-0.0,-0.0,-0.0,-0.0,-0.0,0.0,112.58040000000119,129.5384019790588
2021-06-28 13:00:00,8688.767500000002,-0.0,-0.0,-0.0,-0.0,-0.0,0.0,112.58040000000119,236.476828138862
2021-06-28 14:00:00,8721.4482,-0.0,-0.0,-0.0,-0.0,-0.0,0.0,112.58040000000119,343.40456045604924
2021-06-28 15:00:00,8004.022230393427,855.3845696065755,-0.0,-0.0,-0.0,-0.0,0.0,112.58040000000119,450.32160000000476
2021-06-28 16:00:00,6320.243613175221,2524.2599999999998,147.20698909846305,-0.0,-0.0,-0.0,0.0,0.047402273684216005,450.32160000000476
2021-06-28 17:00:00,4445.183584614531,2534.22,2160.0,-0.0,155.7823153854697,-0.0,0.0,-0.0,450.27656784000476
2021-06-28 18:00:00,2577.500277926501,2501.4599999999996,2160.0,-0.0,2316.529822073501,-0.0,0.0,-0.0,450.2315401832208
2021-06-28 19:00:00,957.5453708289299,2432.82,2160.0,498.46832917106985,3500.0,-0.0,112.58040000000119,-0.0,331.68083281867484
2021-06-28 20:00:00,-0.0,2340.21,2160.0,1450.9299999999994,3500.0,-0.0,112.58040000000119,-0.0,213.14198052486543
2021-06-28 21:00:00,-0.0,2238.88,2160.0,1298.7652000000007,3500.0,-0.0,112.58040000000119,-0.0,94.61498211628538
2021-06-28 22:00:00,-0.0,2145.25,2160.0,1114.3544554128293,3500.0,-0.0,89.87524458717007,-0.0,-0.0
2021-06-28 23:00:00,-0.0,2074.6,2160.0,1023.8289000000004,3500.0,-0.0,0.0,-0.0,-0.0
2021-06-29 00:00:00,-0.0,2033.5600000000002,2160.0,257.6273999999994,3500.0,-0.0,0.0,-0.0,-0.0
2021-06-29 01:00:00,-0.0,2039.6200000000001,2160.0,63.71609999999964,3500.0,-0.0,0.0,-0.0,-0.0
2021-06-29 02:00:00,-0.0,2088.29,2160.0,-0.0,3388.5730000000003,-0.0,0.0,-0.0,-0.0
2021-06-29 03:00:00,-0.0,2174.0699999999997,2160.0,-0.0,3303.7615000000005,-0.0,0.0,-0.0,-0.0
2021-06-29 04:00:00,-0.0,2285.81,2160.0,-0.0,3349.6023,-0.0,0.0,-0.0,-0.0
2021-06-29 05:00:00,848.3788150674256,2408.18,2160.0,-0.0,2663.745884932574,-0.0,0.0,-0.0,-0.0
2021-06-29 06:00:00,2292.095913068117,2523.6,2160.0,-0.0,1438.981786931883,-0.0,0.0,-0.0,-0.0
2021-06-29 07:00:00,3957.8735433262627,2614.6200000000003,2135.1768566737355,-0.0,-0.0,-0.0,0.0,-0.0,-0.0
2021-06-29 08:00:00,5630.804696610693,2666.1800000000003,597.1031033893059,-0.0,-0.0,-0.0,0.0,-0.0,-0.0
2021-06-29 09:00:00,7133.412810227155,1822.1220897728454,-0.0,-0.0,-0.0,-0.0,0.0,-0.0,-0.0
2021-06-29 10:00:00,8319.08972193491,598.1588780650891,-0.0,-0.0,-0.0,-0.0,0.0,-0.0,-0.0
2021-06-29 11:00:00,8930.793127658804,-0.0,-0.0,-0.0,-0.0,-0.0,0.0,102.4086276588049,97.28819627586465
2021-06-29 12:00:00,8853.1668,-0.0,-0.0,-0.0,-0.0,-0.0,0.0,112.58040000000119,204.2298474562382
2021-06-29 13:00:00,8809.5791,-0.0,-0.0,-0.0,-0.0,-0.0,0.0,112.58040000000119,311.1608044714937
2021-06-29 14:00:00,8319.08972193491,526.0313780650904,-0.0,-0.0,-0.0,-0.0,0.0,112.58040000000119,418.08106839104767
2021-06-29 15:00:00,7133.412810227155,1773.8200000000002,-0.0,-0.0,-0.0,-0.0,0.0,33.9814102271539,450.32160000000476
2021-06-29 16:00:00,5630.804696610693,1595.3,1894.6712056629895,-0.0,-0.0,-0.0,0.0,0.047402273684216005,450.32160000000476
2021-06-29 17:00:00,3957.8735433262627,1449.3600000000001,2160.0,-0.0,1859.5422566737361,-0.0,0.0,-0.0,450.27656784000476
2021-06-29 18:00:00,2292.095913068117,1344.55,2160.0,280.2625869318822,3500.0,-0.0,112.58040000000119,-0.0,331.72585597269324
2021-06-29 19:00:00,848.3788150674256,1283.32,2160.0,1893.4255849325737,3500.0,-0.0,112.58040000000119,-0.0,213.18699917656843
2021-06-29 20:00:00,-0.0,1261.83,2160.0,2667.7716999999993,3500.0,-0.0,112.58040000000119,-0.0,94.65999626612322
2021-06-29 21:00:00,-0.0,1270.5900000000001,2160.0,2430.2267962468286,3500.0,-0.0,89.91800375317177,-0.0,-0.0
2021-06-29 22:00:00,-0.0,1295.8500000000001,2160.0,2196.0642000000007,3500.0,-0.0,0.0,-0.0,-0.0
2021-06-29 23:00:00,-0.0,1321.58,2160.0,1921.0812999999998,3500.0,-0.0,0.0,-0.0,-0.0
2021-06-30 00:00:00,-0.0,1326.67,2160.0,1110.7439999999997,3500.0,-0.0,0.0,-0.0,-0.0
2021-06-30 01:00:00,-0.0,1307.6,2160.0,943.5045000000009,3500.0,-0.0,0.0,-0.0,-0.0
2021-06-30 02:00:00,-0.0,1249.85,2160.0,876.1945000000014,3500.0,-0.0,0.0,-0.0,-0.0
2021-06-30 03:00:00,-0.0,1149.7,2160.0,978.5961000000007,3500.0,-0.0,0.0,-0.0,-0.0
2021-06-30 04:00:00,-0.0,1009.75,2160.0,1277.2774,3500.0,-0.0,0.0,-0.0,-0.0
2021-06-30 05:00:00,729.4473097770606,838.67,2160.0,1004.8190902229398,3500.0,-0.0,0.0,-0.0,-0.0
2021-06-30 06:00:00,1979.0372111439995,650.1700000000001,2160.0,278.9874888560007,3500.0,-0.0,0.0,-0.0,-0.0
2021-06-30 07:00:00,3422.0289128939758,461.27000000000004,2160.0,-0.0,2818.635987106024,-0.0,0.0,-0.0,-0.0
2021-06-30 08:00:00,4871.828179458358,300.0,2160.0,-0.0,1717.137720541643,-0.0,0.0,-0.0,-0.0
2021-06-30 09:00:00,6174.3050474736065,300.0,2160.0,-0.0,476.58505252639407,-0.0,0.0,-0.0,-0.0
2021-06-30 10:00:00,7202.2361745065655,300.0,1594.4877159220114,-0.0,-0.0,-0.0,0.0,23.778190428577243,22.58928090714838
2021-06-30 11:00:00,7859.266618577593,300.0,937.6007814224076,-0.0,-0.0,-0.0,0.0,112.58040000000119,129.5384019790588
2021-06-30 12:00:00,8085.132691165723,300.0,624.0055088342779,-0.0,-0.0,-0.0,0.0,112.58040000000119,236.476828138862
2021-06-30 13:00:00,7859.266618577593,300.0,806.2149814224076,-0.0,-0.0,-0.0,0.0,112.58040000000119,343.40456045604924
2021-06-30 14:00:00,7202.2361745065655,300.0,1498.582025493436,-0.0,-0.0,-0.0,0.0,112.58040000000119,450.32160000000476
2021-06-30 15:00:00,6174.3050474736065,406.59000000000003,2160.0,-0.0,287.71155252639437,-0.0,0.0,-0.0,450.27656784000476
2021-06-30 16:00:00,4871.828179458358,567.18,2160.0,-0.0,1676.5984205416426,-0.0,0.0,-0.0,450.2315401832208
2021-06-30 17:00:00,3422.0289128939758,721.33,2160.0,-0.0,3277.681387106025,-0.0,0.0,-0.0,450.18651702920243
2021-06-30 18:00:00,1979.0372111439995,853.86,2160.0,1237.5282888560005,3500.0,-0.0,112.58040000000119,-0.0,331.63581416697195
2021-06-30 19:00:00,729.4473097770606,953.7900000000001,2160.0,2494.518790222938,3500.0,-0.0,112.58040000000119,-0.0,213.09696637502768
2021-06-30 20:00:00,-0.0,1015.75,2160.0,3065.4668,3500.0,-0.0,112.58040000000119,-0.0,94.56997246786261
2021-06-30 21:00:00,-0.0,1040.6200000000001,2160.0,2810.7469103029143,3500.0,-0.0,89.83248969708504,-0.0,-0.0
2021-06-30 22:00:00,-0.0,1035.3600000000001,2160.0,2605.7356999999993,3500.0,-0.0,0.0,-0.0,-0.0
2021-06-30 23:00:00,-0.0,1011.9200000000001,2160.0,2378.5110000000004,3500.0,-0.0,0.0,-0.0,-0.0
2021-07-01 00:00:00,-0.0,980.69,2160.0,1603.2716999999993,3500.0,-0.0,0.0,-0.0,-0.0
2021-07-01 01:00:00,-0.0,967.7900000000001,2160.0,1428.1917000000003,3500.0,-0.0,0.0,-0.0,-0.0
2021-07-01 02:00:00,-0.0,983.5000000000001,2160.0,1285.6211999999996,3500.0,-0.0,0.0,-0.0,-0.0
2021-07-01 03:00:00,-0.0,1039.6,2160.0,1229.8501000000015,3500.0,-0.0,0.0,-0.0,-0.0
2021-07-01 04:00:00,-0.0,1142.73,2160.0,1283.4012999999995,3500.0,-0.0,0.0,-0.0,-0.0
2021-07-01 05:00:00,685.1534987141479,1293.43,2160.0,731.2871012858523,3500.0,-0.0,0.0,-0.0,-0.0
2021-07-01 06:00:00,1867.5605473225246,1485.86,2160.0,-0.0,3189.4164526774753,-0.0,0.0,-0.0,-0.0
2021-07-01 07:00:00,3234.2852032665187,1708.5,2160.0,-0.0,1891.3843967334806,-0.0,0.0,-0.0,-0.0
2021-07-01 08:00:00,4608.040622871293,1945.5600000000002,2160.0,-0.0,465.07407712870827,-0.0,0.0,-0.0,-0.0
2021-07-01 09:00:00,5842.55344216567,2179.01,1216.3951578343294,-0.0,-0.0,-0.0,0.0,-0.0,-0.0
2021-07-01 10:00:00,6816.99496566511,2390.86,-0.0,-0.0,-0.0,-0.0,0.0,10.592865665110367,10.063222381854848
2021-07-01 11:00:00,7439.8983061255585,1778.4241938744435,-0.0,-0.0,-0.0,-0.0,0.0,112.58040000000119,117.01359605961778
2021-07-01 12:00:00,7654.035279336737,1473.5888206632635,-0.0,-0.0,-0.0,-0.0,0.0,112.58040000000119,223.95327470001294
2021-07-01 13:00:00,7439.8983061255585,1640.9959938744432,-0.0,-0.0,-0.0,-0.0,0.0,112.58040000000119,330.88225937254407
2021-07-01 14:00:00,6816.994965665109,2296.0600343348915,-0.0,-0.0,-0.0,-0.0,0.0,112.58040000000119,437.8005511466079
2021-07-01 15:00:00,5842.55344216567,2757.9199999999996,537.0952578343313,-0.0,-0.0,-0.0,0.0,-0.0,437.75677109149325
2021-07-01 16:00:00,4608.040622871293,2699.04,2087.3880924819923,-0.0,-0.0,-0.0,0.0,13.272215353284885,450.32160000000476
2021-07-01 17:00:00,3234.2852032665187,2623.12,2160.0,-0.0,1665.759196733481,-0.0,0.0,-0.0,450.27656784000476
2021-07-01 18:00:00,1867.5605473225246,2547.42,2160.0,-0.0,3366.5926526774742,-0.0,0.0,-0.0,450.2315401832208
2021-07-01 19:00:00,685.1534987141479,2488.13,2160.0,1099.3960012858506,3500.0,-0.0,112.58040000000119,-0.0,331.68083281867484
2021-07-01 20:00:00,-0.0,2458.2000000000003,2160.0,1714.2091999999993,3500.0,-0.0,112.58040000000119,-0.0,213.14198052486543
2021-07-01 21:00:00,-0.0,2465.61,2160.0,1450.3923999999988,3500.0,-0.0,112.58040000000119,-0.0,94.61498211628538
2021-07-01 22:00:00,-0.0,2512.3,2160.0,1122.4142554128302,3500.0,-0.0,89.87524458717007,-0.0,-0.0
2021-07-01 23:00:00,-0.0,2593.96,2160.0,875.9998000000005,3500.0,-0.0,0.0,-0.0,-0.0
2021-07-02 00:00:00,-0.0,2696.0,2160.0,-0.0,3463.7777000000006,-0.0,0.0,-0.0,-0.0
2021-07-02 01:00:00,-0.0,2813.59,2160.0,-0.0,3154.1036000000004,-0.0,0.0,-0.0,-0.0
2021-07-02 02:00:00,-0.0,2925.69,2160.0,-0.0,2910.9739999999997,-0.0,0.0,-0.0,-0.0
2021-07-02 03:00:00,-0.0,3016.02,2160.0,-0.0,2816.7414000000003,-0.0,0.0,-0.0,-0.0
2021-07-02 04:00:00,-0.0,3070.64,2160.0,-0.0,2914.5152000000003,-0.0,0.0,-0.0,-0.0
2021-07-02 05:00:00,668.7483835056618,3079.9700000000003,2160.0,-0.0,2515.8328164943377,-0.0,0.0,-0.0,-0.0
2021-07-02 06:00:00,1832.2839696531203,3040.1699999999996,2160.0,-0.0,1720.669630346879,-0.0,0.0,-0.0,-0.0
2021-07-02 07:00:00,3178.5970910962155,2953.7799999999997,2160.0,-0.0,747.638308903785,-0.0,0.0,-0.0,-0.0
2021-07-02 08:00:00,4532.510133258344,2829.4900000000002,1858.0379667416582,-0.0,-0.0,-0.0,0.0,-0.0,-0.0
2021-07-02 09:00:00,5749.535322939322,2681.0899999999997,844.1752770606781,-0.0,-0.0,-0.0,0.0,-0.0,-0.0
2021-07-02 10:00:00,6710.35055686763,2525.7000000000003,-0.0,-0.0,-0.0,-0.0,0.0,6.504256867630829,6.179044024249287
2021-07-02 11:00:00,7324.616101973408,1921.400298026594,-0.0,-0.0,-0.0,-0.0,0.0,112.58040000000119,113.12980611984798
2021-07-02 12:00:00,7535.795690470131,1614.90600952987,-0.0,-0.0,-0.0,-0.0,0.0,112.58040000000119,220.06987313923713
2021-07-02 13:00:00,7324.616101973408,1774.7147980265927,-0.0,-0.0,-0.0,-0.0,0.0,112.58040000000119,326.99924615192435
2021-07-02 14:00:00,6710.35055686763,2168.62,152.58331600472866,-0.0,-0.0,-0.0,0.0,17.303172872357987,343.40456045604924
2021-07-02 15:00:00,5749.535322939322,2197.95,1311.7637770606789,-0.0,-0.0,-0.0,0.0,112.58040000000119,450.32160000000476
2021-07-02 16:00:00,4532.510133258344,2275.79,2160.0,-0.0,417.30856674165716,-0.0,0.0,-0.0,450.27656784000476
2021-07-02 17:00:00,3178.5970910962155,2392.1600000000003,2160.0,-0.0,1952.122608903784,-0.0,0.0,-0.0,450.2315401832208
2021-07-02 18:00:00,1832.2839696531203,2532.67,2160.0,-0.0,3411.63373034688,-0.0,0.0,-0.0,450.18651702920243
2021-07-02 19:00:00,668.7483835056618,2680.5,2160.0,913.746116494337,3500.0,-0.0,112.58040000000119,-0.0,331.63581416697195
2021-07-02 20:00:00,-0.0,2818.73,2160.0,1339.2986,3500.0,-0.0,112.58040000000119,-0.0,213.09696637502768
2021-07-02 21:00:00,-0.0,2932.65,2160.0,964.2826999999997,3500.0,-0.0,112.58040000000119,-0.0,94.56997246786261
2021-07-02 22:00:00,-0.0,3011.72,2160.0,599.2912103029166,3500.0,-0.0,89.83248969708504,-0.0,-0.0
2021-07-02 23:00:00,-0.0,3051.0,2160.0,390.5535,3500.0,-0.0,0.0,-0.0,-0.0
2021-07-03 00:00:00,-0.0,3047.36,2160.0,-0.0,2512.704300000001,-0.0,0.0,-0.0,-0.0
2021-07-03 01:00:00,-0.0,3017.0099999999998,2160.0,-0.0,2346.3526000000006,-0.0,0.0,-0.0,-0.0
2021-07-03 02:00:00,-0.0,2967.8300000000004,2160.0,-0.0,2259.914,-0.0,0.0,-0.0,-0.0
2021-07-03 03:00:00,-0.0,2915.42,2160.0,-0.0,2303.8636000000006,-0.0,0.0,-0.0,-0.0
2021-07-03 04:00:00,-0.0,2876.45,2160.0,-0.0,2490.7047000000002,-0.0,0.0,-0.0,-0.0
2021-07-03 05:00:00,608.9310926774402,2866.34,2160.0,-0.0,2166.7972073225606,-0.0,0.0,-0.0,-0.0
2021-07-03 06:00:00,1677.9084875585702,2897.0600000000004,2160.0,-0.0,1391.2327124414298,-0.0,0.0,-0.0,-0.0
2021-07-03 07:00:00,2916.2156872413057,2975.45,2160.0,-0.0,357.03331275869505,-0.0,0.0,-0.0,-0.0
2021-07-03 08:00:00,4162.178607354667,3102.13,1320.069792645334,-0.0,-0.0,-0.0,0.0,-0.0,-0.0
2021-07-03 09:00:00,5282.536376671083,3271.3399999999997,80.97582332891761,-0.0,-0.0,-0.0,0.0,-0.0,-0.0
2021-07-03 10:00:00,6167.207324158915,2418.1603758410856,-0.0,-0.0,-0.0,-0.0,0.0,-0.0,-0.0
2021-07-03 11:00:00,6732.860160524444,1776.0063299041328,-0.0,-0.0,-0.0,-0.0,0.0,23.778190428577243,22.58928090714838
2021-07-03 12:00:00,6927.333315370076,1570.9152846299248,-0.0,-0.0,-0.0,-0.0,0.0,112.58040000000119,129.5384019790588
2021-07-03 13:00:00,6732.860160524444,1709.981139475558,-0.0,-0.0,-0.0,-0.0,0.0,112.58040000000119,236.476828138862
2021-07-03 14:00:00,6167.207324158915,2299.170475841085,-0.0,-0.0,-0.0,-0.0,0.0,112.58040000000119,343.40456045604924
2021-07-03 15:00:00,5282.536376671083,3312.369823328918,-0.0,-0.0,-0.0,-0.0,0.0,112.58040000000119,450.32160000000476
2021-07-03 16:00:00,4162.178607354667,4405.1,150.17559264533247,-0.0,-0.0,-0.0,0.0,-0.0,450.27656784000476
2021-07-03 17:00:00,2916.2156872413057,4404.62,1690.2559125658358,-0.0,-0.0,-0.0,0.0,0.09479980714104386,450.32160000000476
2021-07-03 18:00:00,1677.9084875585702,4358.0,2160.0,-0.0,952.5707124414296,-0.0,112.58040000000119,-0.0,331.7708836294772
2021-07-03 19:00:00,608.9310926774402,4277.36,2160.0,-0.0,2197.619807322561,-0.0,112.58040000000119,-0.0,213.23202233058672
2021-07-03 20:00:00,-0.0,4178.33,2160.0,-0.0,2797.1492,-0.0,112.58040000000119,-0.0,94.7050149178261
2021-07-03 21:00:00,-0.0,4077.7799999999997,2160.0,-0.0,2655.850732804483,-0.0,89.96076719551762,-0.0,-0.0
2021-07-03 22:00:00,-0.0,3991.5299999999997,2160.0,-0.0,2520.1174,-0.0,0.0,-0.0,-0.0
2021-07-03 23:00:00,-0.0,3932.1499999999996,2160.0,-0.0,2317.0300000000007,-0.0,0.0,-0.0,-0.0
2021-07-04 00:00:00,-0.0,3903.04,2160.0,-0.0,1528.8976000000002,-0.0,0.0,-0.0,-0.0
2021-07-04 01:00:00,-0.0,3914.16,2160.0,-0.0,1318.1067000000012,-0.0,0.0,-0.0,-0.0
2021-07-04 02:00:00,-0.0,3956.6600000000003,2160.0,-0.0,1137.1268000000005,-0.0,0.0,-0.0,-0.0
2021-07-04 03:00:00,-0.0,4020.2700000000004,2160.0,-0.0,1062.3042999999998,-0.0,0.0,-0.0,-0.0
2021-07-04 04:00:00,-0.0,4090.55,2160.0,-0.0,1137.2564000000002,-0.0,0.0,-0.0,-0.0
2021-07-04 05:00:00,545.743499268972,4150.87,2160.0,-0.0,803.5793007310289,-0.0,0.0,-0.0,-0.0
2021-07-04 06:00:00,1513.1542591076307,4184.7,2160.0,-0.0,124.0625408923695,-0.0,0.0,-0.0,-0.0
2021-07-04 07:00:00,2635.2083396564885,4177.92,1448.996960343511,-0.0,-0.0,-0.0,0.0,-0.0,-0.0
2021-07-04 08:00:00,3764.86234092438,4120.8099999999995,549.9613590756207,-0.0,-0.0,-0.0,0.0,-0.0,-0.0
2021-07-04 09:00:00,4780.975089041837,3703.0836109581624,-0.0,-0.0,-0.0,-0.0,0.0,-0.0,-0.0
2021-07-04 10:00:00,5583.508861064051,2872.918229364526,-0.0,-0.0,-0.0,-0.0,0.0,23.778190428577243,22.58928090714838
2021-07-04 11:00:00,6096.721128474018,2346.430871525982,-0.0,-0.0,-0.0,-0.0,0.0,112.58040000000119,129.5384019790588
2021-07-04 12:00:00,6273.170976474953,2068.8891235250476,-0.0,-0.0,-0.0,-0.0,0.0,112.58040000000119,236.476828138862
2021-07-04 13:00:00,6096.721128474018,2188.388571525983,-0.0,-0.0,-0.0,-0.0,0.0,112.58040000000119,343.40456045604924
2021-07-04 14:00:00,5583.508861064051,2723.72293893595,-0.0,-0.0,-0.0,-0.0,0.0,112.58040000000119,450.32160000000476
2021-07-04 15:00:00,4780.975089041837,2699.89,841.0803132318479,-0.0,-0.0,-0.0,0.0,0.047402273684216005,450.32160000000476
2021-07-04 16:00:00,3764.86234092438,2520.73,2160.0,-0.0,110.28355907562081,-0.0,0.0,-0.0,450.27656784000476
2021-07-04 17:00:00,2635.2083396564885,2388.15,2160.0,-0.0,1665.0422603435127,-0.0,0.0,-0.0,450.2315401832208
2021-07-04 18:00:00,1513.1542591076307,2304.81,2160.0,-0.0,3119.6164408923705,-0.0,0.0,-0.0,450.18651702920243
2021-07-04 19:00:00,545.743499268972,2266.98,2160.0,606.9584007310277,3500.0,-0.0,112.58040000000119,-0.0,331.63581416697195
2021-07-04 20:00:00,-0.0,2265.14,2160.0,1045.4966000000004,3500.0,-0.0,112.58040000000119,-0.0,213.09696637502768
2021-07-04 21:00:00,-0.0,2285.43,2160.0,760.2613999999994,3500.0,-0.0,112.58040000000119,-0.0,94.56997246786261
2021-07-04 22:00:00,-0.0,2311.59,2160.0,444.5633103029154,3500.0,-0.0,89.83248969708504,-0.0,-0.0
2021-07-04 23:00:00,-0.0,2327.2799999999997,2160.0,256.03430000000026,3500.0,-0.0,0.0,-0.0,-0.0
2021-07-05 00:00:00,-0.0,2314.42,2160.0,18.90430000000015,3500.0,-0.0,0.0,-0.0,-0.0
2021-07-05 01:00:00,-0.0,2271.03,2160.0,-0.0,3362.6923,-0.0,0.0,-0.0,-0.0
2021-07-05 02:00:00,-0.0,2188.7999999999997,2160.0,-0.0,3306.6478,-0.0,0.0,-0.0,-0.0
2021-07-05 03:00:00,-0.0,2069.69,2160.0,-0.0,3414.8859000000007,-0.0,0.0,-0.0,-0.0
2021-07-05 04:00:00,-0.0,1921.64,2160.0,208.64509999999973,3500.0,-0.0,0.0,-0.0,-0.0
2021-07-05 05:00:00,579.1228867441978,1757.58,2160.0,66.58351325580315,3500.0,-0.0,0.0,-0.0,-0.0
2021-07-05 06:00:00,1616.5622846326871,1593.7,2160.0,-0.0,3015.4969153673137,-0.0,0.0,-0.0,-0.0
2021-07-05 07:00:00,2821.467776955559,1447.23,2160.0,-0.0,2238.1526230444424,-0.0,0.0,-0.0,-0.0
2021-07-05 08:00:00,4035.3012231333896,1334.1100000000001,2160.0,-0.0,1311.9654768666105,-0.0,0.0,-0.0,-0.0
2021-07-05 09:00:00,5127.535937806686,1266.84,2160.0,-0.0,336.5762621933154,-0.0,0.0,-0.0,-0.0
2021-07-05 10:00:00,5990.400358003782,1252.6799999999998,1597.745141996219,-0.0,-0.0,-0.0,0.0,-0.0,-0.0
2021-07-05 11:00:00,6542.259505663401,1292.7,928.9786847651758,-0.0,-0.0,-0.0,0.0,23.778190428577243,22.58928090714838
2021-07-05 12:00:00,6732.012004908223,1381.47,639.7108950917782,-0.0,-0.0,-0.0,0.0,112.58040000000119,129.5384019790588
2021-07-05 13:00:00,6542.259505663401,1507.83,647.8247943365996,-0.0,-0.0,-0.0,0.0,112.58040000000119,236.476828138862
2021-07-05 14:00:00,5990.400358003782,1656.1899999999998,1075.2452419962192,-0.0,-0.0,-0.0,0.0,112.58040000000119,343.40456045604924
2021-07-05 15:00:00,5127.535937806686,1808.6399999999999,1914.8289621933145,-0.0,-0.0,-0.0,0.0,112.58040000000119,450.32160000000476
2021-07-05 16:00:00,4035.3012231333896,1947.21,2160.0,-0.0,831.9399768666099,-0.0,0.0,-0.0,450.27656784000476
2021-07-05 17:00:00,2821.467776955559,2056.2,2160.0,-0.0,2231.4791230444425,-0.0,0.0,-0.0,450.2315401832208
2021-07-05 18:00:00,1616.5622846326871,2124.19,2160.0,7.2849153673114415,3500.0,-0.0,112.58040000000119,-0.0,331.68083281867484
2021-07-05 19:00:00,579.1228867441978,2145.47,2160.0,1120.5361132558037,3500.0,-0.0,112.58040000000119,-0.0,213.14198052486543
2021-07-05 20:00:00,-0.0,2120.71,2160.0,1617.8995999999997,3500.0,-0.0,112.58040000000119,-0.0,94.61498211628538
2021-07-05 21:00:00,-0.0,2056.7,2160.0,1442.3085554128302,3500.0,-0.0,89.87524458717007,-0.0,-0.0
2021-07-05 22:00:00,-0.0,1965.3999999999999,2160.0,1313.9498999999996,3500.0,-0.0,0.0,-0.0,-0.0
2021-07-05 23:00:00,-0.0,1862.1499999999999,2160.0,1157.3897000000015,3500.0,-0.0,0.0,-0.0,-0.0
2021-07-06 00:00:00,-0.0,1759.79,2160.0,446.0654000000004,3500.0,-0.0,0.0,-0.0,-0.0
2021-07-06 01:00:00,-0.0,1681.26,2160.0,328.0666000000001,3500.0,-0.0,0.0,-0.0,-0.0
2021-07-06 02:00:00,-0.0,1635.0300000000002,2160.0,239.19800000000077,3500.0,-0.0,0.0,-0.0,-0.0
2021-07-06 03:00:00,-0.0,1628.26,2160.0,238.3720999999996,3500.0,-0.0,0.0,-0.0,-0.0
2021-07-06 04:00:00,-0.0,1662.09,2160.0,353.6222000000007,3500.0,-0.0,0.0,-0.0,-0.0
2021-07-06 05:00:00,709.0022954492057,1731.4099999999999,2160.0,-0.0,3351.7670045507944,-0.0,0.0,-0.0,-0.0
2021-07-06 06:00:00,1993.6567355814939,1825.4799999999998,2160.0,-0.0,2299.072164418506,-0.0,0.0,-0.0,-0.0
2021-07-06 07:00:00,3487.850252689657,1929.3799999999999,2160.0,-0.0,985.7137473103444,-0.0,0.0,-0.0,-0.0
2021-07-06 08:00:00,4994.12998732897,2026.01,1721.0600126710306,-0.0,-0.0,-0.0,0.0,-0.0,-0.0
2021-07-06 09:00:00,6350.062979050782,2098.37,346.15282094921895,-0.0,-0.0,-0.0,0.0,-0.0,-0.0
2021-07-06 10:00:00,7421.506721184344,1350.6201692442335,-0.0,-0.0,-0.0,-0.0,0.0,23.778190428577243,22.58928090714838
2021-07-06 11:00:00,8106.861098860229,657.3675011397718,-0.0,-0.0,-0.0,-0.0,0.0,112.58040000000119,129.5384019790588
2021-07-06 12:00:00,8342.547920688814,326.1696793111878,-0.0,-0.0,-0.0,-0.0,0.0,112.58040000000119,236.476828138862
2021-07-06 13:00:00,8106.861098860229,510.6820011397722,-0.0,-0.0,-0.0,-0.0,0.0,112.58040000000119,343.40456045604924
2021-07-06 14:00:00,7421.506721184344,1224.1267788156556,-0.0,-0.0,-0.0,-0.0,0.0,112.58040000000119,450.32160000000476
2021-07-06 15:00:00,6350.062979050782,1572.1599999999999,744.2783232229021,-0.0,-0.0,-0.0,0.0,0.047402273684216005,450.32160000000476
2021-07-06 16:00:00,4994.12998732897,1367.5,2160.0,-0.0,385.13931267103,-0.0,0.0,-0.0,450.27656784000476
2021-07-06 17:00:00,3487.850252689657,1168.71,2160.0,-0.0,2389.2480473103437,-0.0,0.0,-0.0,450.2315401832208
2021-07-06 18:00:00,1993.6567355814939,992.9,2160.0,702.5358644185062,3500.0,-0.0,112.58040000000119,-0.0,331.68083281867484
2021-07-06 19:00:00,709.0022954492057,853.87,2160.0,2227.7503045507947,3500.0,-0.0,112.58040000000119,-0.0,213.14198052486543
2021-07-06 20:00:00,-0.0,760.36,2160.0,2928.2269000000006,3500.0,-0.0,112.58040000000119,-0.0,94.61498211628538
2021-07-06 21:00:00,-0.0,714.9999999999999,2160.0,2738.508555412829,3500.0,-0.0,89.87524458717007,-0.0,-0.0
2021-07-06 22:00:00,-0.0,714.06,2160.0,2524.3477000000003,3500.0,-0.0,0.0,-0.0,-0.0
2021-07-06 23:00:00,-0.0,748.11,2160.0,2235.0765,3500.0,-0.0,0.0,-0.0,-0.0
2021-07-07 00:00:00,-0.0,799.85,2160.0,1374.5999999999995,3500.0,-0.0,0.0,-0.0,-0.0
2021-07-07 01:00:00,-0.0,860.25,2160.0,1122.3109000000004,3500.0,-0.0,0.0,-0.0,-0.0
2021-07-07 02:00:00,-0.0,909.63,2160.0,942.4928,3500.0,-0.0,0.0,-0.0,-0.0
2021-07-07 03:00:00,-0.0,934.1099999999999,2160.0,915.0930000000008,3500.0,-0.0,0.0,-0.0,-0.0
2021-07-07 04:00:00,-0.0,924.05,2160.0,1078.9222,3500.0,-0.0,0.0,-0.0,-0.0
2021-07-07 05:00:00,815.7359837852337,875.42,2160.0,592.9789162147663,3500.0,-0.0,0.0,-0.0,-0.0
2021-07-07 06:00:00,2311.9494504530808,790.4799999999999,2160.0,-0.0,3012.435849546919,-0.0,0.0,-0.0,-0.0
2021-07-07 07:00:00,4054.942721614298,677.54,2160.0,-0.0,1671.817178385702,-0.0,0.0,-0.0,-0.0
2021-07-07 08:00:00,5813.303233348363,549.87,2160.0,-0.0,224.07956665163692,-0.0,0.0,-0.0,-0.0
2021-07-07 09:00:00,7396.820928775384,424.03000000000003,984.4754712246167,-0.0,-0.0,-0.0,0.0,-0.0,-0.0
2021-07-07 10:00:00,8648.430779702008,139.11281072656917,-0.0,-0.0,-0.0,-0.0,0.0,23.778190428577243,22.58928090714838
2021-07-07 11:00:00,8784.307100000002,-0.0,-0.0,-0.0,-0.0,-0.0,0.0,112.58040000000119,129.5384019790588
2021-07-07 12:00:00,8693.435800000001,-0.0,-0.0,-0.0,-0.0,-0.0,0.0,112.58040000000119,236.476828138862
2021-07-07 13:00:00,8646.877600000002,-0.0,-0.0,-0.0,-0.0,-0.0,0.0,112.58040000000119,343.40456045604924
2021-07-07 14:00:00,8648.430779702008,31.127520297992305,-0.0,-0.0,-0.0,-0.0,0.0,112.58040000000119,450.32160000000476
2021-07-07 15:00:00,7396.820928775384,494.42,813.7429734982989,-0.0,-0.0,-0.0,0.0,0.047402273684216005,450.32160000000476
2021-07-07 16:00:00,5813.303233348363,679.87,2160.0,-0.0,296.60136665163736,-0.0,0.0,-0.0,450.27656784000476
2021-07-07 17:00:00,4054.942721614298,891.45,2160.0,-0.0,2146.9032783857024,-0.0,0.0,-0.0,450.2315401832208
2021-07-07 18:00:00,2311.9494504530808,1111.38,2160.0,317.69034954691915,3500.0,-0.0,112.58040000000119,-0.0,331.68083281867484
2021-07-07 19:00:00,815.7359837852337,1321.82,2160.0,1709.3878162147657,3500.0,-0.0,112.58040000000119,-0.0,213.14198052486543
2021-07-07 20:00:00,-0.0,1507.13,2160.0,2242.120099999999,3500.0,-0.0,112.58040000000119,-0.0,94.61498211628538
2021-07-07 21:00:00,-0.0,1655.9299999999998,2160.0,1862.5317554128287,3500.0,-0.0,89.87524458717007,-0.0,-0.0
2021-07-07 22:00:00,-0.0,1762.4699999999998,2160.0,1545.1211000000003,3500.0,-0.0,0.0,-0.0,-0.0
2021-07-07 23:00:00,-0.0,1827.3200000000002,2160.0,1229.2203000000009,3500.0,-0.0,0.0,-0.0,-0.0
2021-07-08 00:00:00,-0.0,1853.85,2160.0,398.3881000000006,3500.0,-0.0,0.0,-0.0,-0.0
2021-07-08 01:00:00,-0.0,1860.38,2160.0,204.0068000000001,3500.0,-0.0,0.0,-0.0,-0.0
2021-07-08 02:00:00,-0.0,1858.71,2160.0,79.20240000000013,3500.0,-0.0,0.0,-0.0,-0.0
2021-07-08 03:00:00,-0.0,1865.13,2160.0,73.7521999999999,3500.0,-0.0,0.0,-0.0,-0.0
2021-07-08 04:00:00,-0.0,1894.72,2160.0,201.7430000000004,3500.0,-0.0,0.0,-0.0,-0.0
2021-07-08 05:00:00,814.619989553364,1959.29,2160.0,-0.0,3107.4454104466363,-0.0,0.0,-0.0,-0.0
2021-07-08 06:00:00,2328.5108048540287,2065.56,2160.0,-0.0,1821.6575951459718,-0.0,0.0,-0.0,-0.0
2021-07-08 07:00:00,4095.0292344230616,2214.18,2160.0,-0.0,199.51186557693882,-0.0,0.0,-0.0,-0.0
2021-07-08 08:00:00,5878.510776316515,2399.5099999999998,577.1177236834856,-0.0,-0.0,-0.0,0.0,-0.0,-0.0
2021-07-08 09:00:00,7485.375071074253,1431.210528925747,-0.0,-0.0,-0.0,-0.0,0.0,-0.0,-0.0
2021-07-08 10:00:00,8755.800584750203,122.4987152497979,-0.0,-0.0,-0.0,-0.0,0.0,-0.0,-0.0
2021-07-08 11:00:00,8789.4352,-0.0,-0.0,-0.0,-0.0,-0.0,0.0,-0.0,-0.0
2021-07-08 12:00:00,8725.415290428577,-0.0,-0.0,-0.0,-0.0,-0.0,0.0,23.778190428577243,22.58928090714838
2021-07-08 13:00:00,8770.6298,-0.0,-0.0,-0.0,-0.0,-0.0,0.0,112.58040000000119,129.5384019790588
2021-07-08 14:00:00,8755.800584750203,50.37121524979739,-0.0,-0.0,-0.0,-0.0,0.0,112.58040000000119,236.476828138862
2021-07-08 15:00:00,7485.375071074253,1461.5061289257483,-0.0,-0.0,-0.0,-0.0,0.0,112.58040000000119,343.40456045604924
2021-07-08 16:00:00,5878.510776316515,3315.8488236834864,-0.0,-0.0,-0.0,-0.0,0.0,112.58040000000119,450.32160000000476
2021-07-08 17:00:00,4095.0292344230616,3435.36,1857.4846678506206,-0.0,-0.0,-0.0,0.0,0.047402273684216005,450.32160000000476
2021-07-08 18:00:00,2328.5108048540287,3338.9799999999996,2160.0,-0.0,1823.0487951459718,-0.0,0.0,-0.0,450.27656784000476
2021-07-08 19:00:00,814.619989553364,3225.0899999999997,2160.0,-0.0,3500.0,-0.0,59.0455104466356,-0.0,388.0783712920254
2021-07-08 20:00:00,-0.0,3111.4599999999996,2160.0,779.1911,3500.0,-0.0,112.58040000000119,-0.0,269.5338792443687
2021-07-08 21:00:00,-0.0,3014.77,2160.0,624.4350999999988,3500.0,-0.0,112.58040000000119,-0.0,151.00124164591668
2021-07-08 22:00:00,-0.0,2948.4300000000003,2160.0,391.9544999999998,3500.0,-0.0,112.58040000000119,-0.0,32.48045731122454
2021-07-08 23:00:00,-0.0,2920.85,2160.0,252.0086511977811,3500.0,-0.0,30.85334880221875,-0.0,-0.0
2021-07-09 00:00:00,-0.0,2931.33,2160.0,-0.0,2970.0857000000005,-0.0,0.0,-0.0,-0.0
2021-07-09 01:00:00,-0.0,2982.0200000000004,2160.0,-0.0,2733.0874999999996,-0.0,0.0,-0.0,-0.0
2021-07-09 02:00:00,-0.0,3060.29,2160.0,-0.0,2529.7562,-0.0,0.0,-0.0,-0.0
2021-07-09 03:00:00,-0.0,3152.25,2160.0,-0.0,2440.0491,-0.0,0.0,-0.0,-0.0
2021-07-09 04:00:00,-0.0,3241.78,2160.0,-0.0,2509.2491000000005,-0.0,0.0,-0.0,-0.0
2021-07-09 05:00:00,754.858498436736,3312.77,2160.0,-0.0,1969.3109015632633,-0.0,0.0,-0.0,-0.0
2021-07-09 06:00:00,2177.4386656858137,3351.4,2160.0,-0.0,843.3577343141869,-0.0,0.0,-0.0,-0.0
2021-07-09 07:00:00,3840.403990479647,3348.16,1637.3739095203541,-0.0,-0.0,-0.0,0.0,-0.0,-0.0
2021-07-09 08:00:00,5520.7118656367375,3299.23,193.02703436326283,-0.0,-0.0,-0.0,0.0,-0.0,-0.0
2021-07-09 09:00:00,7035.350397072755,2039.5427029272441,-0.0,-0.0,-0.0,-0.0,0.0,-0.0,-0.0
2021-07-09 10:00:00,8233.225125734847,803.7235742651537,-0.0,-0.0,-0.0,-0.0,0.0,-0.0,-0.0
2021-07-09 11:00:00,8972.068190428578,-0.0,-0.0,-0.0,-0.0,-0.0,0.0,23.778190428577243,22.58928090714838
2021-07-09 12:00:00,8973.1399,-0.0,-0.0,-0.0,-0.0,-0.0,0.0,112.58040000000119,129.5384019790588
2021-07-09 13:00:00,8929.483300000002,-0.0,-0.0,-0.0,-0.0,-0.0,0.0,112.58040000000119,236.476828138862
2021-07-09 14:00:00,8233.225125734847,731.596074265155,-0.0,-0.0,-0.0,-0.0,0.0,112.58040000000119,343.40456045604924
2021-07-09 15:00:00,7035.350397072755,2069.8396029272453,-0.0,-0.0,-0.0,-0.0,0.0,112.58040000000119,450.32160000000476
2021-07-09 16:00:00,5520.7118656367375,2462.49,1256.453836636946,-0.0,-0.0,-0.0,0.0,0.047402273684216005,450.32160000000476
2021-07-09 17:00:00,3840.403990479647,2505.6499999999996,2160.0,-0.0,1038.9880095203548,-0.0,0.0,-0.0,450.27656784000476
2021-07-09 18:00:00,2177.4386656858137,2598.18,2160.0,-0.0,2871.388934314187,-0.0,0.0,-0.0,450.2315401832208
2021-07-09 19:00:00,754.858498436736,2729.64,2160.0,657.2606015632637,3500.0,-0.0,112.58040000000119,-0.0,331.68083281867484
2021-07-09 20:00:00,-0.0,2885.18,2160.0,1160.0384999999987,3500.0,-0.0,112.58040000000119,-0.0,213.14198052486543
2021-07-09 21:00:00,-0.0,3047.5299999999997,2160.0,745.0919999999996,3500.0,-0.0,112.58040000000119,-0.0,94.61498211628538
2021-07-09 22:00:00,-0.0,3199.2799999999997,2160.0,315.94345541283064,3500.0,-0.0,89.87524458717007,-0.0,-0.0
2021-07-09 23:00:00,-0.0,3325.2599999999998,2160.0,29.17270000000144,3500.0,-0.0,0.0,-0.0,-0.0
2021-07-10 00:00:00,-0.0,3411.6600000000003,2160.0,-0.0,2072.2724000000003,-0.0,0.0,-0.0,-0.0
2021-07-10 01:00:00,-0.0,3458.7400000000002,2160.0,-0.0,1837.2124,-0.0,0.0,-0.0,-0.0
2021-07-10 02:00:00,-0.0,3464.59,2160.0,-0.0,1704.5032,-0.0,0.0,-0.0,-0.0
2021-07-10 03:00:00,-0.0,3436.17,2160.0,-0.0,1733.2507999999998,-0.0,0.0,-0.0,-0.0
2021-07-10 04:00:00,-0.0,3385.46,2160.0,-0.0,1940.6433000000006,-0.0,0.0,-0.0,-0.0
2021-07-10 05:00:00,722.8741037513473,3327.76,2160.0,-0.0,1559.2084962486524,-0.0,0.0,-0.0,-0.0
2021-07-10 06:00:00,2105.680236576585,3279.48,2160.0,-0.0,557.6487634234163,-0.0,0.0,-0.0,-0.0
2021-07-10 07:00:00,3725.233385750683,3255.83,1413.0769142493182,-0.0,-0.0,-0.0,0.0,-0.0,-0.0
2021-07-10 08:00:00,5363.088840327446,3215.5578596725536,-0.0,-0.0,-0.0,-0.0,0.0,-0.0,-0.0
2021-07-10 09:00:00,6840.218805630319,1797.7117943696803,-0.0,-0.0,-0.0,-0.0,0.0,-0.0,-0.0
2021-07-10 10:00:00,8008.7986857058295,588.4354142941702,-0.0,-0.0,-0.0,-0.0,0.0,-0.0,-0.0
2021-07-10 11:00:00,8505.714100000001,-0.0,-0.0,-0.0,-0.0,-0.0,0.0,-0.0,-0.0
2021-07-10 12:00:00,8438.793890428577,-0.0,-0.0,-0.0,-0.0,-0.0,0.0,23.778190428577243,22.58928090714838
2021-07-10 13:00:00,8480.866300000002,-0.0,-0.0,-0.0,-0.0,-0.0,0.0,112.58040000000119,129.5384019790588
2021-07-10 14:00:00,8008.7986857058295,504.22831429417056,-0.0,-0.0,-0.0,-0.0,0.0,112.58040000000119,236.476828138862
2021-07-10 15:00:00,6840.218805630319,1809.902294369681,-0.0,-0.0,-0.0,-0.0,0.0,112.58040000000119,343.40456045604924
2021-07-10 16:00:00,5363.088840327446,3530.660059672555,-0.0,-0.0,-0.0,-0.0,0.0,112.58040000000119,450.32160000000476
2021-07-10 17:00:00,3725.233385750683,4369.1,988.8504165230015,-0.0,-0.0,-0.0,0.0,0.047402273684216005,450.32160000000476
2021-07-10 18:00:00,2105.680236576585,4364.19,2160.0,-0.0,599.0932634234155,-0.0,112.58040000000119,-0.0,331.7708836294772
2021-07-10 19:00:00,722.8741037513473,4303.77,2160.0,-0.0,2146.007396248652,-0.0,112.58040000000119,-0.0,213.23202233058672
2021-07-10 20:00:00,-0.0,4195.29,2160.0,-0.0,2877.0912,-0.0,112.58040000000119,-0.0,94.7050149178261
2021-07-10 21:00:00,-0.0,4051.3700000000003,2160.0,-0.0,2787.222732804482,-0.0,89.96076719551762,-0.0,-0.0
2021-07-10 22:00:00,-0.0,3888.15,2160.0,-0.0,2736.4114999999997,-0.0,0.0,-0.0,-0.0
2021-07-10 23:00:00,-0.0,3723.05,2160.0,-0.0,2646.8805,-0.0,0.0,-0.0,-0.0
2021-07-11 00:00:00,-0.0,3569.83,2160.0,-0.0,1992.8915000000006,-0.0,0.0,-0.0,-0.0
2021-07-11 01:00:00,-0.0,3446.7999999999997,2160.0,-0.0,1923.8361,-0.0,0.0,-0.0,-0.0
2021-07-11 02:00:00,-0.0,3359.5199999999995,2160.0,-0.0,1880.0878000000012,-0.0,0.0,-0.0,-0.0
2021-07-11 03:00:00,-0.0,3310.09,2160.0,-0.0,1925.6152000000002,-0.0,0.0,-0.0,-0.0
2021-07-11 04:00:00,-0.0,3294.37,2160.0,-0.0,2093.7277000000004,-0.0,0.0,-0.0,-0.0
2021-07-11 05:00:00,708.3884986216773,3302.62,2160.0,-0.0,1656.4865013783228,-0.0,0.0,-0.0,-0.0
2021-07-11 06:00:00,2085.179422537137,3320.8500000000004,2160.0,-0.0,590.0379774628636,-0.0,0.0,-0.0,-0.0
2021-07-11 07:00:00,3700.960511207515,3332.8799999999997,1409.118688792485,-0.0,-0.0,-0.0,0.0,-0.0,-0.0
2021-07-11 08:00:00,5336.494697781989,3286.4872022180116,-0.0,-0.0,-0.0,-0.0,0.0,-0.0,-0.0
2021-07-11 09:00:00,6812.341269718211,1865.4018302817885,-0.0,-0.0,-0.0,-0.0,0.0,-0.0,-0.0
2021-07-11 10:00:00,7980.296193023875,652.1939069761256,-0.0,-0.0,-0.0,-0.0,0.0,-0.0,-0.0
2021-07-11 11:00:00,8560.157990428577,-0.0,-0.0,-0.0,-0.0,-0.0,0.0,23.778190428577243,22.58928090714838
2021-07-11 12:00:00,8553.645500000002,-0.0,-0.0,-0.0,-0.0,-0.0,0.0,112.58040000000119,129.5384019790588
2021-07-11 13:00:00,8502.274700000002,-0.0,-0.0,-0.0,-0.0,-0.0,0.0,112.58040000000119,236.476828138862
2021-07-11 14:00:00,7980.296193023875,549.4787069761269,-0.0,-0.0,-0.0,-0.0,0.0,112.58040000000119,343.40456045604924
2021-07-11 15:00:00,6812.341269718211,1849.8516302817907,-0.0,-0.0,-0.0,-0.0,0.0,112.58040000000119,450.32160000000476
2021-07-11 16:00:00,5336.494697781989,1883.39,1568.713904491694,-0.0,-0.0,-0.0,0.0,0.047402273684216005,450.32160000000476
2021-07-11 17:00:00,3700.960511207515,1669.48,2160.0,-0.0,1555.3829887924858,-0.0,0.0,-0.0,450.27656784000476
2021-07-11 18:00:00,2085.179422537137,1498.61,2160.0,-0.0,3500.0,-0.0,95.74207746286447,-0.0,349.4504060117845
2021-07-11 19:00:00,708.3884986216773,1379.38,2160.0,1578.1698013783225,3500.0,-0.0,112.58040000000119,-0.0,230.90977676065572
2021-07-11 20:00:00,-0.0,1314.2,2160.0,2246.772399999999,3500.0,-0.0,112.58040000000119,-0.0,112.38100157245208
2021-07-11 21:00:00,-0.0,1299.02,2160.0,2006.6856247013202,3500.0,-0.0,106.7512752986801,-0.0,-0.0
2021-07-11 22:00:00,-0.0,1323.9899999999998,2160.0,1779.7975000000006,3500.0,-0.0,0.0,-0.0,-0.0
2021-07-11 23:00:00,-0.0,1374.83,2160.0,1469.667300000001,3500.0,-0.0,0.0,-0.0,-0.0
2021-07-12 00:00:00,-0.0,1432.52,2160.0,1167.4537999999993,3500.0,-0.0,0.0,-0.0,-0.0
2021-07-12 01:00:00,-0.0,1484.9699999999998,2160.0,918.3021000000008,3500.0,-0.0,0.0,-0.0,-0.0
2021-07-12 02:00:00,-0.0,1515.2099999999998,2160.0,752.4448000000002,3500.0,-0.0,0.0,-0.0,-0.0
2021-07-12 03:00:00,-0.0,1512.84,2160.0,746.3531000000003,3500.0,-0.0,0.0,-0.0,-0.0
2021-07-12 04:00:00,-0.0,1473.0099999999998,2160.0,934.0542000000005,3500.0,-0.0,0.0,-0.0,-0.0
2021-07-12 05:00:00,637.7014239750438,1397.15,2160.0,647.1263760249567,3500.0,-0.0,0.0,-0.0,-0.0
2021-07-12 06:00:00,1898.2280688143069,1292.69,2160.0,-0.0,3315.192631185692,-0.0,0.0,-0.0,-0.0
2021-07-12 07:00:00,3380.725966372474,1172.0700000000002,2160.0,-0.0,2235.8138336275265,-0.0,0.0,-0.0,-0.0
2021-07-12 08:00:00,4882.8207226422755,1050.98,2160.0,-0.0,1030.488477357726,-0.0,0.0,-0.0,-0.0
2021-07-12 09:00:00,6239.010393037419,946.18,1989.5713069625817,-0.0,-0.0,-0.0,0.0,-0.0,-0.0
2021-07-12 10:00:00,7312.652643807764,873.1700000000001,939.4545561922359,-0.0,-0.0,-0.0,0.0,-0.0,-0.0
2021-07-12 11:00:00,8000.194370178114,844.0400000000001,204.54162025046116,-0.0,-0.0,-0.0,0.0,23.778190428577243,22.58928090714838
2021-07-12 12:00:00,8236.751667507557,801.4064324924439,-0.0,-0.0,-0.0,-0.0,0.0,112.58040000000119,129.5384019790588
2021-07-12 13:00:00,8000.194370178114,938.8399999999999,43.71772982188759,-0.0,-0.0,-0.0,0.0,112.58040000000119,236.476828138862
2021-07-12 14:00:00,7312.652643807764,1057.81,635.8246561922379,-0.0,-0.0,-0.0,0.0,112.58040000000119,343.40456045604924
2021-07-12 15:00:00,6239.010393037419,1211.18,1684.6253069625818,-0.0,-0.0,-0.0,0.0,112.58040000000119,450.32160000000476
2021-07-12 16:00:00,4882.8207226422755,1383.19,2160.0,-0.0,831.3529773577238,-0.0,0.0,-0.0,450.27656784000476
2021-07-12 17:00:00,3380.725966372474,1555.82,2160.0,-0.0,2454.360333627527,-0.0,0.0,-0.0,450.2315401832208
2021-07-12 18:00:00,1898.2280688143069,1711.0,2160.0,419.16193118569254,3500.0,-0.0,112.58040000000119,-0.0,331.68083281867484
2021-07-12 19:00:00,637.7014239750438,1833.05,2160.0,1653.0689760249552,3500.0,-0.0,112.58040000000119,-0.0,213.14198052486543
2021-07-12 20:00:00,-0.0,1910.5800000000002,2160.0,2104.8086999999996,3500.0,-0.0,112.58040000000119,-0.0,94.61498211628538
2021-07-12 21:00:00,-0.0,1937.98,2160.0,1835.64575541283,3500.0,-0.0,89.87524458717007,-0.0,-0.0
2021-07-12 22:00:00,-0.0,1916.07,2160.0,1635.4868999999999,3500.0,-0.0,0.0,-0.0,-0.0
2021-07-12 23:00:00,-0.0,1851.86,2160.0,1437.2308000000003,3500.0,-0.0,0.0,-0.0,-0.0
2021-07-13 00:00:00,-0.0,1755.43,2160.0,719.4057999999995,3500.0,-0.0,0.0,-0.0,-0.0
2021-07-13 01:00:00,-0.0,1646.67,2160.0,628.4962000000005,3500.0,-0.0,0.0,-0.0,-0.0
2021-07-13 02:00:00,-0.0,1540.3700000000001,2160.0,596.3163000000004,3500.0,-0.0,0.0,-0.0,-0.0
2021-07-13 03:00:00,-0.0,1452.38,2160.0,673.0938000000006,3500.0,-0.0,0.0,-0.0,-0.0
2021-07-13 04:00:00,-0.0,1395.2800000000002,2160.0,875.4246000000003,3500.0,-0.0,0.0,-0.0,-0.0
2021-07-13 05:00:00,513.0560282175053,1376.69,2160.0,653.3462717824941,3500.0,-0.0,0.0,-0.0,-0.0
2021-07-13 06:00:00,1545.5180918318551,1398.2,2160.0,-0.0,3421.0982081681454,-0.0,0.0,-0.0,-0.0
2021-07-13 07:00:00,2762.5544414551523,1455.14,2160.0,-0.0,2427.3290585448485,-0.0,0.0,-0.0,-0.0
2021-07-13 08:00:00,3996.9445013840245,1537.24,2160.0,-0.0,1284.3486986159755,-0.0,0.0,-0.0,-0.0
2021-07-13 09:00:00,5112.1017375799265,1630.0700000000002,2160.0,-0.0,124.78646242007471,-0.0,0.0,-0.0,-0.0
2021-07-13 10:00:00,5995.254932912416,1716.9599999999998,1275.3376363766338,-0.0,-0.0,-0.0,0.0,12.004169289050017,11.403960824597515
2021-07-13 11:00:00,6560.941249104901,1781.36,643.7489508951012,-0.0,-0.0,-0.0,0.0,112.58040000000119,118.35420042851618
2021-07-13 12:00:00,6755.581803085314,1809.12,320.2577969146878,-0.0,-0.0,-0.0,0.0,112.58040000000119,225.29374500847445
2021-07-13 13:00:00,6560.941249104901,1790.48,476.58795089510204,-0.0,-0.0,-0.0,0.0,112.58040000000119,332.2225956339747
2021-07-13 14:00:00,5995.254932912416,1721.46,1133.416367087585,-0.0,-0.0,-0.0,0.0,112.58040000000119,439.14075337441244
2021-07-13 15:00:00,5112.1017375799265,1604.51,2160.0,-0.0,-0.0,-0.0,0.0,11.815537579926058,450.32160000000476
2021-07-13 16:00:00,3996.9445013840245,1448.2800000000002,2160.0,-0.0,1493.5495986159754,-0.0,0.0,-0.0,450.27656784000476
2021-07-13 17:00:00,2762.5544414551523,1266.54,2160.0,-0.0,3202.205658544848,-0.0,0.0,-0.0,450.2315401832208
2021-07-13 18:00:00,1545.5180918318551,1076.48,2160.0,1245.901708168145,3500.0,-0.0,112.58040000000119,-0.0,331.68083281867484
2021-07-13 19:00:00,513.0560282175053,896.46,2160.0,2553.0653717824935,3500.0,-0.0,112.58040000000119,-0.0,213.14198052486543
2021-07-13 20:00:00,-0.0,743.6800000000001,2160.0,3109.856099999999,3500.0,-0.0,112.58040000000119,-0.0,94.61498211628538
2021-07-13 21:00:00,-0.0,631.96,2160.0,2979.3360554128303,3500.0,-0.0,89.87524458717007,-0.0,-0.0
2021-07-13 22:00:00,-0.0,570.02,2160.0,2818.8652999999995,3500.0,-0.0,0.0,-0.0,-0.0
2021-07-13 23:00:00,-0.0,560.38,2160.0,2565.8338000000012,3500.0,-0.0,0.0,-0.0,-0.0
2021-07-14 00:00:00,-0.0,597.31,2160.0,1714.9166000000005,3500.0,-0.0,0.0,-0.0,-0.0
2021-07-14 01:00:00,-0.0,674.93,2160.0,1437.6945999999998,3500.0,-0.0,0.0,-0.0,-0.0
2021-07-14 02:00:00,-0.0,777.34,2160.0,1197.0101000000004,3500.0,-0.0,0.0,-0.0,-0.0
2021-07-14 03:00:00,-0.0,888.1500000000001,2160.0,1075.3282,3500.0,-0.0,0.0,-0.0,-0.0
2021-07-14 04:00:00,-0.0,990.8599999999999,2160.0,1118.3274000000001,3500.0,-0.0,0.0,-0.0,-0.0
2021-07-14 05:00:00,434.3226351590906,1071.19,2160.0,876.676064840909,3500.0,-0.0,0.0,-0.0,-0.0
2021-07-14 06:00:00,1325.09807109525,1119.06,2160.0,260.50342890475076,3500.0,-0.0,0.0,-0.0,-0.0
2021-07-14 07:00:00,2377.6480308832565,1129.99,2160.0,-0.0,2978.114669116743,-0.0,0.0,-0.0,-0.0
2021-07-14 08:00:00,3446.3464272064184,1105.72,2160.0,-0.0,2108.212572793582,-0.0,0.0,-0.0,-0.0
2021-07-14 09:00:00,4412.429153909153,1054.06,2160.0,-0.0,1243.365346090849,-0.0,0.0,-0.0,-0.0
2021-07-14 10:00:00,5177.82263789474,987.74,2160.0,-0.0,494.1651621052606,-0.0,0.0,-0.0,-0.0
2021-07-14 11:00:00,5668.190503378333,922.78,2160.0,-0.0,-0.0,-0.0,0.0,31.908203378333383,30.31279320941671
2021-07-14 12:00:00,5836.939991179365,876.22,2018.935208820636,-0.0,-0.0,-0.0,0.0,112.58040000000119,137.2611419300969
2021-07-14 13:00:00,5668.190503378332,863.83,2144.796096621668,-0.0,-0.0,-0.0,0.0,112.58040000000119,244.198795815905
2021-07-14 14:00:00,5177.82263789474,897.92,2160.0,-0.0,352.4148621052591,-0.0,0.0,-0.0,244.1743759363234
2021-07-14 15:00:00,4412.429153909153,985.58,2160.0,-0.0,1159.317646090848,-0.0,0.0,-0.0,244.14995849872977
2021-07-14 16:00:00,3446.3464272064184,1127.6799999999998,2160.0,-0.0,2219.3270727935806,-0.0,0.0,-0.0,244.1255435028799
2021-07-14 17:00:00,2377.6480308832565,1318.63,2160.0,-0.0,3391.771169116743,-0.0,0.0,-0.0,244.10113094852963
2021-07-14 18:00:00,1325.09807109525,1547.0700000000002,2160.0,854.7714289047508,3500.0,-0.0,112.58040000000119,-0.0,125.57103662490721
2021-07-14 19:00:00,434.3226351590906,1797.26,2160.0,1592.4486648409074,3500.0,-0.0,112.58040000000119,-0.0,7.052795310717158
2021-07-14 20:00:00,-0.0,2051.09,2160.0,1772.302814470373,3500.0,-0.0,6.699485529626783,-0.0,-0.0
2021-07-14 21:00:00,-0.0,2290.44,2160.0,1277.3460999999988,3500.0,-0.0,0.0,-0.0,-0.0
2021-07-14 22:00:00,-0.0,2499.42,2160.0,758.8322000000007,3500.0,-0.0,0.0,-0.0,-0.0
2021-07-14 23:00:00,-0.0,2666.4700000000003,2160.0,331.97200000000066,3500.0,-0.0,0.0,-0.0,-0.0
2021-07-15 00:00:00,-0.0,2784.06,2160.0,-0.0,2903.699400000001,-0.0,0.0,-0.0,-0.0
2021-07-15 01:00:00,-0.0,2856.0,2160.0,-0.0,2635.2306,-0.0,0.0,-0.0,-0.0
2021-07-15 02:00:00,-0.0,2887.2799999999997,2160.0,-0.0,2468.8520000000008,-0.0,0.0,-0.0,-0.0
2021-07-15 03:00:00,-0.0,2889.7200000000003,2160.0,-0.0,2458.816099999999,-0.0,0.0,-0.0,-0.0
2021-07-15 04:00:00,-0.0,2878.51,2160.0,-0.0,2619.1075,-0.0,0.0,-0.0,-0.0
2021-07-15 05:00:00,465.77135261318176,2870.09,2160.0,-0.0,2438.221947386817,-0.0,0.0,-0.0,-0.0
2021-07-15 06:00:00,1440.413755074357,2879.8,2160.0,-0.0,1779.899144925643,-0.0,0.0,-0.0,-0.0
2021-07-15 07:00:00,2595.0102274245382,2919.7099999999996,2160.0,-0.0,870.129072575462,-0.0,0.0,-0.0,-0.0
2021-07-15 08:00:00,3768.6567213127373,2996.85,1957.5972786872617,-0.0,-0.0,-0.0,0.0,-0.0,-0.0
2021-07-15 09:00:00,4830.279714205845,3112.26,833.9513857941556,-0.0,-0.0,-0.0,0.0,-0.0,-0.0
2021-07-15 10:00:00,5671.728205093358,3058.524494906641,-0.0,-0.0,-0.0,-0.0,0.0,-0.0,-0.0
2021-07-15 11:00:00,6210.943138105893,2446.388552322684,-0.0,-0.0,-0.0,-0.0,0.0,23.778190428577243,22.58928090714838
2021-07-15 12:00:00,6396.532978865842,2254.0886211341585,-0.0,-0.0,-0.0,-0.0,0.0,112.58040000000119,129.5384019790588
2021-07-15 13:00:00,6210.943138105893,2388.503961894108,-0.0,-0.0,-0.0,-0.0,0.0,112.58040000000119,236.476828138862
2021-07-15 14:00:00,5671.728205093358,2955.810594906642,-0.0,-0.0,-0.0,-0.0,0.0,112.58040000000119,343.40456045604924
2021-07-15 15:00:00,4830.279714205845,3930.6598857941563,-0.0,-0.0,-0.0,-0.0,0.0,112.58040000000119,450.32160000000476
2021-07-15 16:00:00,3768.6567213127373,4063.1600000000003,1056.9052809609466,-0.0,-0.0,-0.0,0.0,0.047402273684216005,450.32160000000476
2021-07-15 17:00:00,2595.0102274245382,4053.48,2160.0,-0.0,266.64167257546023,-0.0,112.58040000000119,-0.0,331.7708836294772
2021-07-15 18:00:00,1440.413755074357,3989.37,2160.0,-0.0,1741.2128449256436,-0.0,112.58040000000119,-0.0,213.23202233058672
2021-07-15 19:00:00,465.77135261318176,3879.1,2160.0,-0.0,2927.6565473868177,-0.0,112.58040000000119,-0.0,94.7050149178261
2021-07-15 20:00:00,-0.0,3736.16,2160.0,-0.0,3456.950532804482,-0.0,89.96076719551762,-0.0,-0.0
2021-07-15 21:00:00,-0.0,3577.46,2160.0,-0.0,3447.8291,-0.0,0.0,-0.0,-0.0
2021-07-15 22:00:00,-0.0,3421.16,2160.0,-0.0,3299.1517000000003,-0.0,0.0,-0.0,-0.0
2021-07-15 23:00:00,-0.0,3284.31,2160.0,-0.0,3180.7818,-0.0,0.0,-0.0,-0.0
2021-07-16 00:00:00,-0.0,3179.24,2160.0,-0.0,2480.1222000000007,-0.0,0.0,-0.0,-0.0
2021-07-16 01:00:00,-0.0,3117.4800000000005,2160.0,-0.0,2349.9943999999996,-0.0,0.0,-0.0,-0.0
2021-07-16 02:00:00,-0.0,3100.17,2160.0,-0.0,2236.865,-0.0,0.0,-0.0,-0.0
2021-07-16 03:00:00,-0.0,3123.57,2160.0,-0.0,2210.5452,-0.0,0.0,-0.0,-0.0
2021-07-16 04:00:00,-0.0,3178.17,2160.0,-0.0,2309.7144000000008,-0.0,0.0,-0.0,-0.0
2021-07-16 05:00:00,549.0356822529878,3250.19,2160.0,-0.0,1969.8227177470126,-0.0,0.0,-0.0,-0.0
2021-07-16 06:00:00,1722.592896602637,3323.4900000000002,2160.0,-0.0,1053.694603397363,-0.0,0.0,-0.0,-0.0
2021-07-16 07:00:00,3116.5589717465728,3381.92,2050.7344282534277,-0.0,-0.0,-0.0,0.0,-0.0,-0.0
2021-07-16 08:00:00,4535.19967935715,3411.56,785.4053206428516,-0.0,-0.0,-0.0,0.0,-0.0,-0.0
2021-07-16 09:00:00,5819.32960220046,2970.910297799541,-0.0,-0.0,-0.0,-0.0,0.0,-0.0,-0.0
2021-07-16 10:00:00,6837.562739358469,1934.893051070109,-0.0,-0.0,-0.0,-0.0,0.0,23.778190428577243,22.58928090714838
2021-07-16 11:00:00,7490.240805925206,1278.9784940747968,-0.0,-0.0,-0.0,-0.0,0.0,112.58040000000119,129.5384019790588
2021-07-16 12:00:00,7714.901604742917,963.4463952570832,-0.0,-0.0,-0.0,-0.0,0.0,112.58040000000119,236.476828138862
2021-07-16 13:00:00,7490.240805925206,1141.5502940747947,-0.0,-0.0,-0.0,-0.0,0.0,112.58040000000119,343.40456045604924
2021-07-16 14:00:00,6837.562739358469,1826.9077606415321,-0.0,-0.0,-0.0,-0.0,0.0,112.58040000000119,450.32160000000476
2021-07-16 15:00:00,5819.32960220046,2720.96,149.55909779954072,-0.0,-0.0,-0.0,0.0,-0.0,450.27656784000476
2021-07-16 16:00:00,4535.19967935715,2623.95,1775.6319204499923,-0.0,-0.0,-0.0,0.0,0.09479980714104386,450.32160000000476
2021-07-16 17:00:00,3116.5589717465728,2571.6,2160.0,-0.0,1390.0492282534278,-0.0,0.0,-0.0,450.27656784000476
2021-07-16 18:00:00,1722.592896602637,2571.56,2160.0,-0.0,3044.3595033973634,-0.0,0.0,-0.0,450.2315401832208
2021-07-16 19:00:00,549.0356822529878,2625.21,2160.0,657.6103177470122,3500.0,-0.0,112.58040000000119,-0.0,331.68083281867484
2021-07-16 20:00:00,-0.0,2727.4900000000002,2160.0,1006.6723000000002,3500.0,-0.0,112.58040000000119,-0.0,213.14198052486543
2021-07-16 21:00:00,-0.0,2867.49,2160.0,613.1787999999997,3500.0,-0.0,112.58040000000119,-0.0,94.61498211628538
2021-07-16 22:00:00,-0.0,3029.9300000000003,2160.0,172.69805541282994,3500.0,-0.0,89.87524458717007,-0.0,-0.0
2021-07-16 23:00:00,-0.0,3197.1,2160.0,-0.0,3344.3525000000013,-0.0,0.0,-0.0,-0.0
2021-07-17 00:00:00,-0.0,3350.0400000000004,2160.0,-0.0,1823.1299999999997,-0.0,0.0,-0.0,-0.0
2021-07-17 01:00:00,-0.0,3475.57,2160.0,-0.0,1509.7487000000006,-0.0,0.0,-0.0,-0.0
2021-07-17 02:00:00,-0.0,3561.2,2160.0,-0.0,1297.6443,-0.0,0.0,-0.0,-0.0
2021-07-17 03:00:00,-0.0,3601.2699999999995,2160.0,-0.0,1258.544100000001,-0.0,0.0,-0.0,-0.0
2021-07-17 04:00:00,-0.0,3596.46,2160.0,-0.0,1420.9349000000002,-0.0,0.0,-0.0,-0.0
2021-07-17 05:00:00,589.8475913124665,3553.54,2160.0,-0.0,1158.8984086875344,-0.0,0.0,-0.0,-0.0
2021-07-17 06:00:00,1879.300806641795,3484.36,2160.0,-0.0,272.9994933582045,-0.0,0.0,-0.0,-0.0
2021-07-17 07:00:00,3415.265987848845,3404.14,1270.247012151156,-0.0,-0.0,-0.0,0.0,-0.0,-0.0
2021-07-17 08:00:00,4980.3586185076965,3295.711781492304,-0.0,-0.0,-0.0,-0.0,0.0,-0.0,-0.0
2021-07-17 09:00:00,6398.073050905821,1939.4431490941788,-0.0,-0.0,-0.0,-0.0,0.0,-0.0,-0.0
2021-07-17 10:00:00,7522.727398014936,776.5038019850645,-0.0,-0.0,-0.0,-0.0,0.0,-0.0,-0.0
2021-07-17 11:00:00,8210.367100000001,-0.0,-0.0,-0.0,-0.0,-0.0,0.0,-0.0,-0.0
2021-07-17 12:00:00,8146.347190428578,-0.0,-0.0,-0.0,-0.0,-0.0,0.0,23.778190428577243,22.58928090714838
2021-07-17 13:00:00,8191.5617,-0.0,-0.0,-0.0,-0.0,-0.0,0.0,112.58040000000119,129.5384019790588
2021-07-17 14:00:00,7522.727398014936,704.3763019850658,-0.0,-0.0,-0.0,-0.0,0.0,112.58040000000119,236.476828138862
2021-07-17 15:00:00,6398.073050905821,1969.74004909418,-0.0,-0.0,-0.0,-0.0,0.0,112.58040000000119,343.40456045604924
2021-07-17 16:00:00,4980.3586185076965,3634.9328814923047,-0.0,-0.0,-0.0,-0.0,0.0,112.58040000000119,450.32160000000476
2021-07-17 17:00:00,3415.265987848845,3866.3599999999997,1527.1798144248396,-0.0,-0.0,-0.0,0.0,0.047402273684216005,450.32160000000476
2021-07-17 18:00:00,1879.300806641795,3913.33,2160.0,-0.0,1006.2602933582059,-0.0,112.58040000000119,-0.0,331.7708836294772
2021-07-17 19:00:00,589.8475913124665,3908.02,2160.0,-0.0,2409.2381086875316,-0.0,112.58040000000119,-0.0,213.23202233058672
2021-07-17 20:00:00,-0.0,3845.69,2160.0,-0.0,2965.8930000000005,-0.0,112.58040000000119,-0.0,94.7050149178261
2021-07-17 21:00:00,-0.0,3728.05,2160.0,-0.0,2854.7066328044834,-0.0,89.96076719551762,-0.0,-0.0
2021-07-17 22:00:00,-0.0,3563.0699999999997,2160.0,-0.0,2810.8268000000007,-0.0,0.0,-0.0,-0.0
2021-07-17 23:00:00,-0.0,3363.93,2160.0,-0.0,2760.713900000001,-0.0,0.0,-0.0,-0.0
2021-07-18 00:00:00,-0.0,3146.34,2160.0,-0.0,2179.0222999999996,-0.0,0.0,-0.0,-0.0
2021-07-18 01:00:00,-0.0,2930.15,2160.0,-0.0,2208.9041,-0.0,0.0,-0.0,-0.0
2021-07-18 02:00:00,-0.0,2731.2599999999998,2160.0,-0.0,2282.734100000001,-0.0,0.0,-0.0,-0.0
2021-07-18 03:00:00,-0.0,2563.2700000000004,2160.0,-0.0,2452.9757,-0.0,0.0,-0.0,-0.0
2021-07-18 04:00:00,-0.0,2434.78,2160.0,-0.0,2740.1969999999997,-0.0,0.0,-0.0,-0.0
2021-07-18 05:00:00,582.515509209082,2348.3,2160.0,-0.0,2530.0704907909185,-0.0,0.0,-0.0,-0.0
2021-07-18 06:00:00,1886.5324492643115,2300.0699999999997,2160.0,-0.0,1609.5418507356887,-0.0,0.0,-0.0,-0.0
2021-07-18 07:00:00,3444.4938767815147,2280.65,2160.0,-0.0,364.7406232184853,-0.0,0.0,-0.0,-0.0
2021-07-18 08:00:00,5034.060260945272,2276.35,1126.505239054729,-0.0,-0.0,-0.0,0.0,-0.0,-0.0
2021-07-18 09:00:00,6475.020853193245,2023.8188468067556,-0.0,-0.0,-0.0,-0.0,0.0,-0.0,-0.0
2021-07-18 10:00:00,7618.647102244146,866.0263881844318,-0.0,-0.0,-0.0,-0.0,0.0,23.778190428577243,22.58928090714838
2021-07-18 11:00:00,8352.100831313619,132.71616868638193,-0.0,-0.0,-0.0,-0.0,0.0,112.58040000000119,129.5384019790588
2021-07-18 12:00:00,8397.087800000001,-0.0,-0.0,-0.0,-0.0,-0.0,0.0,112.58040000000119,236.476828138862
2021-07-18 13:00:00,8352.100831313619,1.3303686863819166,-0.0,-0.0,-0.0,-0.0,0.0,112.58040000000119,343.40456045604924
2021-07-18 14:00:00,7618.647102244146,770.1206977558559,-0.0,-0.0,-0.0,-0.0,0.0,112.58040000000119,450.32160000000476
2021-07-18 15:00:00,6475.020853193245,1582.9499999999998,358.6327490804397,-0.0,-0.0,-0.0,0.0,0.047402273684216005,450.32160000000476
2021-07-18 16:00:00,5034.060260945272,1355.6299999999999,2160.0,-0.0,113.8659390547291,-0.0,0.0,-0.0,450.27656784000476
2021-07-18 17:00:00,3444.4938767815147,1126.93,2160.0,-0.0,2237.5660232184855,-0.0,0.0,-0.0,450.2315401832208
2021-07-18 18:00:00,1886.5324492643115,914.9699999999999,2160.0,656.8713507356879,3500.0,-0.0,112.58040000000119,-0.0,331.68083281867484
2021-07-18 19:00:00,582.515509209082,736.61,2160.0,2246.580190790917,3500.0,-0.0,112.58040000000119,-0.0,213.14198052486543
2021-07-18 20:00:00,-0.0,605.26,2160.0,2863.9051,3500.0,-0.0,112.58040000000119,-0.0,94.61498211628538
2021-07-18 21:00:00,-0.0,529.1,2160.0,2710.1737554128285,3500.0,-0.0,89.87524458717007,-0.0,-0.0
2021-07-18 22:00:00,-0.0,510.08,2160.0,2518.9653000000017,3500.0,-0.0,0.0,-0.0,-0.0
2021-07-18 23:00:00,-0.0,543.66,2160.0,2234.7206000000006,3500.0,-0.0,0.0,-0.0,-0.0
2021-07-19 00:00:00,-0.0,618.77,2160.0,1926.1136999999999,3500.0,-0.0,0.0,-0.0,-0.0
2021-07-19 01:00:00,-0.0,722.0300000000001,2160.0,1634.873700000001,3500.0,-0.0,0.0,-0.0,-0.0
2021-07-19 02:00:00,-0.0,835.5400000000001,2160.0,1394.504500000001,3500.0,-0.0,0.0,-0.0,-0.0
2021-07-19 03:00:00,-0.0,941.95,2160.0,1288.4220999999998,3500.0,-0.0,0.0,-0.0,-0.0
2021-07-19 04:00:00,-0.0,1026.1399999999999,2160.0,1360.9146,3500.0,-0.0,0.0,-0.0,-0.0
2021-07-19 05:00:00,589.278434254213,1077.1699999999998,2160.0,1004.3454657457878,3500.0,-0.0,0.0,-0.0,-0.0
2021-07-19 06:00:00,1941.9080830496912,1089.71,2160.0,-0.0,3472.1422169503085,-0.0,0.0,-0.0,-0.0
2021-07-19 07:00:00,3563.0459440330446,1064.71,2160.0,-0.0,2167.335655966955,-0.0,0.0,-0.0,-0.0
2021-07-19 08:00:00,5219.315303435659,1009.1600000000001,2160.0,-0.0,751.1226965643409,-0.0,0.0,-0.0,-0.0
2021-07-19 09:00:00,6721.912257109801,935.0799999999999,1541.889642890199,-0.0,-0.0,-0.0,0.0,-0.0,-0.0
2021-07-19 10:00:00,7915.032850344128,857.79,385.3625496558734,-0.0,-0.0,-0.0,0.0,-0.0,-0.0
2021-07-19 11:00:00,8680.448654214353,498.79714578564744,-0.0,-0.0,-0.0,-0.0,0.0,112.58040000000119,106.95138000000112
2021-07-19 12:00:00,8944.024171897363,144.5232281026383,-0.0,-0.0,-0.0,-0.0,0.0,112.58040000000119,213.89206486200226
2021-07-19 13:00:00,8680.448654214353,361.368945785649,-0.0,-0.0,-0.0,-0.0,0.0,112.58040000000119,320.8220556555172
2021-07-19 14:00:00,7915.032850344128,814.64,255.52987808334365,-0.0,-0.0,-0.0,0.0,23.804828427471122,343.40456045604924
2021-07-19 15:00:00,6721.912257109801,914.07,1575.0901428901998,-0.0,-0.0,-0.0,0.0,112.58040000000119,450.32160000000476
2021-07-19 16:00:00,5219.315303435659,1055.4099999999999,2160.0,-0.0,907.3944965643414,-0.0,0.0,-0.0,450.27656784000476
2021-07-19 17:00:00,3563.0459440330446,1227.25,2160.0,-0.0,2693.7917559669554,-0.0,0.0,-0.0,450.2315401832208
2021-07-19 18:00:00,1941.9080830496912,1413.8999999999999,2160.0,774.1067169503094,3500.0,-0.0,112.58040000000119,-0.0,331.68083281867484
2021-07-19 19:00:00,589.278434254213,1597.4099999999999,2160.0,2046.914365745788,3500.0,-0.0,112.58040000000119,-0.0,213.14198052486543
2021-07-19 20:00:00,-0.0,1759.92,2160.0,2373.4125000000004,3500.0,-0.0,112.58040000000119,-0.0,94.61498211628538
2021-07-19 21:00:00,-0.0,1885.93,2160.0,2013.7008554128297,3500.0,-0.0,89.87524458717007,-0.0,-0.0
2021-07-19 22:00:00,-0.0,1964.33,2160.0,1721.1828000000005,3500.0,-0.0,0.0,-0.0,-0.0
2021-07-19 23:00:00,-0.0,1989.82,2160.0,1441.0618000000013,3500.0,-0.0,0.0,-0.0,-0.0
2021-07-20 00:00:00,-0.0,1963.0900000000001,2160.0,663.6026999999995,3500.0,-0.0,0.0,-0.0,-0.0
2021-07-20 01:00:00,-0.0,1892.48,2160.0,542.1286000000005,3500.0,-0.0,0.0,-0.0,-0.0
2021-07-20 02:00:00,-0.0,1790.13,2160.0,513.4489999999996,3500.0,-0.0,0.0,-0.0,-0.0
2021-07-20 03:00:00,-0.0,1672.1,2160.0,627.5764000000017,3500.0,-0.0,0.0,-0.0,-0.0
2021-07-20 04:00:00,-0.0,1555.77,2160.0,896.3001999999997,3500.0,-0.0,0.0,-0.0,-0.0
2021-07-20 05:00:00,621.0731099201837,1457.43,2160.0,652.9630900798165,3500.0,-0.0,0.0,-0.0,-0.0
2021-07-20 06:00:00,2084.9562236907627,1390.15,2160.0,-0.0,3084.9323763092375,-0.0,0.0,-0.0,-0.0
2021-07-20 07:00:00,3845.2474054459617,1361.9999999999998,2160.0,-0.0,1639.6829945540394,-0.0,0.0,-0.0,-0.0
2021-07-20 08:00:00,5646.227736895134,1375.0200000000002,2160.0,-0.0,5.705363104866592,-0.0,0.0,-0.0,-0.0
2021-07-20 09:00:00,7281.438285142365,1424.97,535.3073148576341,-0.0,-0.0,-0.0,0.0,-0.0,-0.0
2021-07-20 10:00:00,8580.511370750412,639.7281196781665,-0.0,-0.0,-0.0,-0.0,0.0,23.778190428577243,22.58928090714838
2021-07-20 11:00:00,9212.931400000001,-0.0,-0.0,-0.0,-0.0,-0.0,0.0,112.58040000000119,129.5384019790588
2021-07-20 12:00:00,9117.6167,-0.0,-0.0,-0.0,-0.0,-0.0,0.0,112.58040000000119,236.476828138862
2021-07-20 13:00:00,9066.245900000002,-0.0,-0.0,-0.0,-0.0,-0.0,0.0,112.58040000000119,343.40456045604924
2021-07-20 14:00:00,8580.511370750412,513.2347292495888,-0.0,-0.0,-0.0,-0.0,0.0,112.58040000000119,450.32160000000476
2021-07-20 15:00:00,7281.438285142365,1771.0300000000002,61.11541485763337,-0.0,-0.0,-0.0,0.0,-0.0,450.27656784000476
2021-07-20 16:00:00,5646.227736895134,1715.2800000000002,1991.110762912006,-0.0,-0.0,-0.0,0.0,0.09479980714104386,450.32160000000476
2021-07-20 17:00:00,3845.2474054459617,1615.3799999999999,2160.0,-0.0,2029.1672945540386,-0.0,0.0,-0.0,450.27656784000476
2021-07-20 18:00:00,2084.9562236907627,1480.04,2160.0,565.9260763092357,3500.0,-0.0,112.58040000000119,-0.0,331.72585597269324
2021-07-20 19:00:00,621.0731099201837,1323.0600000000002,2160.0,2285.7763900798154,3500.0,-0.0,112.58040000000119,-0.0,213.18699917656843
2021-07-20 20:00:00,-0.0,1161.57,2160.0,2963.373599999999,3500.0,-0.0,112.58040000000119,-0.0,94.65999626612322
2021-07-20 21:00:00,-0.0,1013.82,2160.0,2872.690096246828,3500.0,-0.0,89.91800375317177,-0.0,-0.0
2021-07-20 22:00:00,-0.0,896.87,2160.0,2770.8887000000004,3500.0,-0.0,0.0,-0.0,-0.0
2021-07-20 23:00:00,-0.0,824.32,2160.0,2584.148500000001,3500.0,-0.0,0.0,-0.0,-0.0
2021-07-21 00:00:00,-0.0,804.38,2160.0,1795.5937999999996,3500.0,-0.0,0.0,-0.0,-0.0
2021-07-21 01:00:00,-0.0,839.76,2160.0,1563.5121,3500.0,-0.0,0.0,-0.0,-0.0
2021-07-21 02:00:00,-0.0,925.99,2160.0,1341.6648000000005,3500.0,-0.0,0.0,-0.0,-0.0
2021-07-21 03:00:00,-0.0,1053.03,2160.0,1206.1631000000007,3500.0,-0.0,0.0,-0.0,-0.0
2021-07-21 04:00:00,-0.0,1206.42,2160.0,1200.6442000000006,3500.0,-0.0,0.0,-0.0,-0.0
2021-07-21 05:00:00,611.4085998721913,1369.31,2160.0,701.2592001278099,3500.0,-0.0,0.0,-0.0,-0.0
2021-07-21 06:00:00,2093.3596602567422,1524.71,2160.0,-0.0,2888.041039743257,-0.0,0.0,-0.0,-0.0
2021-07-21 07:00:00,3881.6064975202803,1657.8300000000002,2160.0,-0.0,1249.17330247972,-0.0,0.0,-0.0,-0.0
2021-07-21 08:00:00,5713.890467173401,1758.06,1652.3387328266008,-0.0,-0.0,-0.0,0.0,-0.0,-0.0
2021-07-21 09:00:00,7378.931541238511,1795.8301587614897,-0.0,-0.0,-0.0,-0.0,0.0,-0.0,-0.0
2021-07-21 10:00:00,8702.389100812914,422.8880991870865,-0.0,-0.0,-0.0,-0.0,0.0,-0.0,-0.0
2021-07-21 11:00:00,9048.775990428576,-0.0,-0.0,-0.0,-0.0,-0.0,0.0,23.778190428577243,22.58928090714838
2021-07-21 12:00:00,9038.1581,-0.0,-0.0,-0.0,-0.0,-0.0,0.0,112.58040000000119,129.5384019790588
2021-07-21 13:00:00,8982.752100000002,-0.0,-0.0,-0.0,-0.0,-0.0,0.0,112.58040000000119,236.476828138862
2021-07-21 14:00:00,8702.389100812914,303.8981991870878,-0.0,-0.0,-0.0,-0.0,0.0,112.58040000000119,343.40456045604924
2021-07-21 15:00:00,7378.931541238511,1755.8841587614897,-0.0,-0.0,-0.0,-0.0,0.0,112.58040000000119,450.32160000000476
2021-07-21 16:00:00,5713.890467173401,1878.5,1665.0206351002826,-0.0,-0.0,-0.0,0.0,0.047402273684216005,450.32160000000476
2021-07-21 17:00:00,3881.6064975202803,1992.22,2160.0,-0.0,1517.07980247972,-0.0,0.0,-0.0,450.27656784000476
2021-07-21 18:00:00,2093.3596602567422,2155.4100000000003,2160.0,-0.0,3392.200739743258,-0.0,0.0,-0.0,450.2315401832208
2021-07-21 19:00:00,611.4085998721913,2362.2599999999998,2160.0,1150.1518001278073,3500.0,-0.0,112.58040000000119,-0.0,331.68083281867484
2021-07-21 20:00:00,-0.0,2601.2000000000003,2160.0,1414.1886999999988,3500.0,-0.0,112.58040000000119,-0.0,213.14198052486543
2021-07-21 21:00:00,-0.0,2856.3300000000004,2160.0,894.5905999999995,3500.0,-0.0,112.58040000000119,-0.0,94.61498211628538
2021-07-21 22:00:00,-0.0,3109.49,2160.0,352.19165541282973,3500.0,-0.0,89.87524458717007,-0.0,-0.0
2021-07-21 23:00:00,-0.0,3342.4900000000002,2160.0,-0.0,3446.6007999999997,-0.0,0.0,-0.0,-0.0
2021-07-22 00:00:00,-0.0,3539.52,2160.0,-0.0,2438.337000000001,-0.0,0.0,-0.0,-0.0
2021-07-22 01:00:00,-0.0,3689.0899999999997,2160.0,-0.0,2089.0974,-0.0,0.0,-0.0,-0.0
2021-07-22 02:00:00,-0.0,3785.48,2160.0,-0.0,1854.2274999999995,-0.0,0.0,-0.0,-0.0
2021-07-22 03:00:00,-0.0,3829.41,2160.0,-0.0,1799.085,-0.0,0.0,-0.0,-0.0
2021-07-22 04:00:00,-0.0,3827.79,2160.0,-0.0,1945.9358000000002,-0.0,0.0,-0.0,-0.0
2021-07-22 05:00:00,520.8121881290004,3792.74,2160.0,-0.0,1732.5613118710012,-0.0,0.0,-0.0,-0.0
2021-07-22 06:00:00,1821.0347477958724,3739.8199999999997,2160.0,-0.0,806.9827522041276,-0.0,0.0,-0.0,-0.0
2021-07-22 07:00:00,3395.724928848804,3685.89,1726.4297711511967,-0.0,-0.0,-0.0,0.0,-0.0,-0.0
2021-07-22 08:00:00,5011.695736538601,3646.71,323.14866346140025,-0.0,-0.0,-0.0,0.0,-0.0,-0.0
2021-07-22 09:00:00,6481.460139911133,2548.517960088867,-0.0,-0.0,-0.0,-0.0,0.0,-0.0,-0.0
2021-07-22 10:00:00,7650.33017848693,1328.2394215130707,-0.0,-0.0,-0.0,-0.0,0.0,-0.0,-0.0
2021-07-22 11:00:00,8400.903259073286,475.5877409267141,-0.0,-0.0,-0.0,-0.0,0.0,-0.0,-0.0
2021-07-22 12:00:00,8659.4679626552,139.71062777337707,-0.0,-0.0,-0.0,-0.0,0.0,23.778190428577243,22.58928090714838
2021-07-22 13:00:00,8400.903259073286,430.1271409267156,-0.0,-0.0,-0.0,-0.0,0.0,112.58040000000119,129.5384019790588
2021-07-22 14:00:00,7650.33017848693,1202.8223215130702,-0.0,-0.0,-0.0,-0.0,0.0,112.58040000000119,236.476828138862
2021-07-22 15:00:00,6481.460139911133,2498.9376600888672,-0.0,-0.0,-0.0,-0.0,0.0,112.58040000000119,343.40456045604924
2021-07-22 16:00:00,5011.695736538601,4202.679963461402,-0.0,-0.0,-0.0,-0.0,0.0,112.58040000000119,450.32160000000476
2021-07-22 17:00:00,3395.724928848804,4275.33,1723.313773424879,-0.0,-0.0,-0.0,0.0,0.047402273684216005,450.32160000000476
2021-07-22 18:00:00,1821.0347477958724,4267.7300000000005,2160.0,-0.0,1282.1562522041274,-0.0,112.58040000000119,-0.0,331.7708836294772
2021-07-22 19:00:00,520.8121881290004,4205.88,2160.0,-0.0,2738.9104118709997,-0.0,112.58040000000119,-0.0,213.23202233058672
2021-07-22 20:00:00,-0.0,4092.2,2160.0,-0.0,3264.3573000000006,-0.0,112.58040000000119,-0.0,94.7050149178261
2021-07-22 21:00:00,-0.0,3935.36,2160.0,-0.0,3178.871732804483,-0.0,89.96076719551762,-0.0,-0.0
2021-07-22 22:00:00,-0.0,3749.15,2160.0,-0.0,3142.756500000001,-0.0,0.0,-0.0,-0.0
2021-07-22 23:00:00,-0.0,3550.74,2160.0,-0.0,3078.495000000001,-0.0,0.0,-0.0,-0.0
2021-07-23 00:00:00,-0.0,3358.77,2160.0,-0.0,2459.4977000000003,-0.0,0.0,-0.0,-0.0
2021-07-23 01:00:00,-0.0,3189.96,2160.0,-0.0,2428.7057000000004,-0.0,0.0,-0.0,-0.0
2021-07-23 02:00:00,-0.0,3058.42,2160.0,-0.0,2421.9712,-0.0,0.0,-0.0,-0.0
2021-07-23 03:00:00,-0.0,2972.88,2160.0,-0.0,2496.6393,-0.0,0.0,-0.0,-0.0
2021-07-23 04:00:00,-0.0,2935.91,2160.0,-0.0,2679.3185000000003,-0.0,0.0,-0.0,-0.0
2021-07-23 05:00:00,406.64597820871944,2943.67,2160.0,-0.0,2537.9138217912805,-0.0,0.0,-0.0,-0.0
2021-07-23 06:00:00,1454.0512045878058,2986.57,2160.0,-0.0,1770.0813954121945,-0.0,0.0,-0.0,-0.0
2021-07-23 07:00:00,2727.456422862847,3050.6299999999997,2160.0,-0.0,713.7073771371529,-0.0,0.0,-0.0,-0.0
2021-07-23 08:00:00,4036.3390977690283,3119.5099999999998,1670.4710022309723,-0.0,-0.0,-0.0,0.0,-0.0,-0.0
2021-07-23 09:00:00,5227.8749791941,3176.76,471.26062080589963,-0.0,-0.0,-0.0,0.0,-0.0,-0.0
2021-07-23 10:00:00,6176.023678590686,2673.5234118378917,-0.0,-0.0,-0.0,-0.0,0.0,23.778190428577243,22.58928090714838
2021-07-23 11:00:00,6785.055210748996,2052.628589251005,-0.0,-0.0,-0.0,-0.0,0.0,112.58040000000119,129.5384019790588
2021-07-23 12:00:00,6994.8956061674735,1743.2406938325266,-0.0,-0.0,-0.0,-0.0,0.0,112.58040000000119,236.476828138862
2021-07-23 13:00:00,6785.055210748996,1897.8024892510048,-0.0,-0.0,-0.0,-0.0,0.0,112.58040000000119,343.40456045604924
2021-07-23 14:00:00,6176.023678590686,2530.755321409314,-0.0,-0.0,-0.0,-0.0,0.0,112.58040000000119,450.32160000000476
2021-07-23 15:00:00,5227.8749791941,2830.31,665.2303230795851,-0.0,-0.0,-0.0,0.0,0.047402273684216005,450.32160000000476
2021-07-23 16:00:00,4036.3390977690283,2697.04,2160.0,-0.0,66.01550223097138,-0.0,0.0,-0.0,450.27656784000476
2021-07-23 17:00:00,2727.456422862847,2579.23,2160.0,-0.0,1787.4038771371534,-0.0,0.0,-0.0,450.2315401832208
2021-07-23 18:00:00,1454.0512045878058,2492.75,2160.0,-0.0,3398.7610954121938,-0.0,0.0,-0.0,450.18651702920243
2021-07-23 19:00:00,406.64597820871944,2449.99,2160.0,973.4364217912798,3500.0,-0.0,112.58040000000119,-0.0,331.63581416697195
2021-07-23 20:00:00,-0.0,2458.17,2160.0,1265.3829999999998,3500.0,-0.0,112.58040000000119,-0.0,213.09696637502768
2021-07-23 21:00:00,-0.0,2518.2599999999998,2160.0,942.9868000000006,3500.0,-0.0,112.58040000000119,-0.0,94.56997246786261
2021-07-23 22:00:00,-0.0,2624.8100000000004,2160.0,549.6508103029159,3500.0,-0.0,89.83248969708504,-0.0,-0.0
2021-07-23 23:00:00,-0.0,2766.56,2160.0,237.92310000000134,3500.0,-0.0,0.0,-0.0,-0.0
2021-07-24 00:00:00,-0.0,2928.3799999999997,2160.0,-0.0,2201.446700000001,-0.0,0.0,-0.0,-0.0
2021-07-24 01:00:00,-0.0,3091.37,2160.0,-0.0,1841.9278999999997,-0.0,0.0,-0.0,-0.0
2021-07-24 02:00:00,-0.0,3237.9900000000002,2160.0,-0.0,1560.2093,-0.0,0.0,-0.0,-0.0
2021-07-24 03:00:00,-0.0,3352.53,2160.0,-0.0,1438.0734000000007,-0.0,0.0,-0.0,-0.0
2021-07-24 04:00:00,-0.0,3423.56,2160.0,-0.0,1516.124800000001,-0.0,0.0,-0.0,-0.0
2021-07-24 05:00:00,350.9020663268227,3445.36,2160.0,-0.0,1419.888533673178,-0.0,0.0,-0.0,-0.0
2021-07-24 06:00:00,1285.0450381134428,3418.6,2160.0,-0.0,838.535161886557,-0.0,0.0,-0.0,-0.0
2021-07-24 07:00:00,2425.3679442380094,3350.11,2160.0,-0.0,51.43735576199106,-0.0,0.0,-0.0,-0.0
2021-07-24 08:00:00,3599.4161960496813,3251.8399999999997,1313.9151039503186,-0.0,-0.0,-0.0,0.0,-0.0,-0.0
2021-07-24 09:00:00,4669.219426662395,3139.18,410.15767333760505,-0.0,-0.0,-0.0,0.0,-0.0,-0.0
2021-07-24 10:00:00,5520.990864194705,2675.107326233872,-0.0,-0.0,-0.0,-0.0,0.0,23.778190428577243,22.58928090714838
2021-07-24 11:00:00,6068.3190752729315,2119.88212472707,-0.0,-0.0,-0.0,-0.0,0.0,112.58040000000119,129.5384019790588
2021-07-24 12:00:00,6256.922100458929,1835.766799541072,-0.0,-0.0,-0.0,-0.0,0.0,112.58040000000119,236.476828138862
2021-07-24 13:00:00,6068.3190752729315,1973.1953247270703,-0.0,-0.0,-0.0,-0.0,0.0,112.58040000000119,343.40456045604924
2021-07-24 14:00:00,5520.990864194705,2548.615235805296,-0.0,-0.0,-0.0,-0.0,0.0,112.58040000000119,450.32160000000476
2021-07-24 15:00:00,4669.219426662395,2907.0,514.2070733376049,-0.0,-0.0,-0.0,0.0,-0.0,450.27656784000476
2021-07-24 16:00:00,3599.4161960496813,2976.01,1755.41050375746,-0.0,-0.0,-0.0,0.0,0.09479980714104386,450.32160000000476
2021-07-24 17:00:00,2425.3679442380094,3052.91,2160.0,-0.0,878.9212557619917,-0.0,112.58040000000119,-0.0,331.7708836294772
2021-07-24 18:00:00,1285.0450381134428,3120.6600000000003,2160.0,-0.0,2207.358861886556,-0.0,112.58040000000119,-0.0,213.23202233058672
2021-07-24 19:00:00,350.9020663268227,3162.35,2160.0,-0.0,3201.3431336731774,-0.0,112.58040000000119,-0.0,94.7050149178261
2021-07-24 20:00:00,-0.0,3163.5200000000004,2160.0,-0.0,3471.657832804482,-0.0,89.96076719551762,-0.0,-0.0
2021-07-24 21:00:00,-0.0,3114.0699999999997,2160.0,-0.0,3353.285100000001,-0.0,0.0,-0.0,-0.0
2021-07-24 22:00:00,-0.0,3009.76,2160.0,-0.0,3152.6190000000006,-0.0,0.0,-0.0,-0.0
2021-07-24 23:00:00,-0.0,2852.81,2160.0,-0.0,3054.3491,-0.0,0.0,-0.0,-0.0
2021-07-25 00:00:00,-0.0,2652.3799999999997,2160.0,-0.0,2452.0642000000003,-0.0,0.0,-0.0,-0.0
2021-07-25 01:00:00,-0.0,2420.67,2160.0,-0.0,2491.8864000000003,-0.0,0.0,-0.0,-0.0
2021-07-25 02:00:00,-0.0,2175.47,2160.0,-0.0,2606.648300000001,-0.0,0.0,-0.0,-0.0
2021-07-25 03:00:00,-0.0,1935.09,2160.0,-0.0,2844.1085000000003,-0.0,0.0,-0.0,-0.0
2021-07-25 04:00:00,-0.0,1716.74,2160.0,-0.0,3216.2277000000004,-0.0,0.0,-0.0,-0.0
2021-07-25 05:00:00,356.66059656327093,1534.2900000000002,2160.0,-0.0,3323.1798034367303,-0.0,0.0,-0.0,-0.0
2021-07-25 06:00:00,1339.8515148405688,1396.57,2160.0,-0.0,2808.4379851594313,-0.0,0.0,-0.0,-0.0
2021-07-25 07:00:00,2545.1699250292327,1306.28,2160.0,-0.0,1982.8454749707676,-0.0,0.0,-0.0,-0.0
2021-07-25 08:00:00,3788.298219793646,1259.77,2160.0,-0.0,969.1787802063532,-0.0,0.0,-0.0,-0.0
2021-07-25 09:00:00,4922.159519315686,1247.68,2065.482380684314,-0.0,-0.0,-0.0,0.0,-0.0,-0.0
2021-07-25 10:00:00,5825.478730418062,1256.29,1111.9921695819394,-0.0,-0.0,-0.0,0.0,-0.0,-0.0
2021-07-25 11:00:00,6406.130529259922,1269.6,522.000330226977,-0.0,-0.0,-0.0,0.0,96.00995948689928,91.20946151255431
2021-07-25 12:00:00,6606.261774861134,1271.5099999999998,245.65822513886815,-0.0,-0.0,-0.0,0.0,112.58040000000119,198.15172056640418
2021-07-25 13:00:00,6406.130529259922,1248.2,422.5425707400791,-0.0,-0.0,-0.0,0.0,112.58040000000119,305.08328539434865
2021-07-25 14:00:00,5825.478730418062,1190.07,1094.00506958194,-0.0,-0.0,-0.0,0.0,112.58040000000119,412.0041570658103
2021-07-25 15:00:00,4922.159519315686,1093.1499999999999,2160.0,-0.0,-0.0,-0.0,0.0,40.37751931568528,450.32160000000476
2021-07-25 16:00:00,3788.298219793646,959.74,2160.0,-0.0,1471.7305802063543,-0.0,0.0,-0.0,450.27656784000476
2021-07-25 17:00:00,2545.1699250292327,798.2,2160.0,-0.0,3179.921574970767,-0.0,0.0,-0.0,450.2315401832208
2021-07-25 18:00:00,1339.8515148405688,621.84,2160.0,1209.3237851594304,3500.0,-0.0,112.58040000000119,-0.0,331.68083281867484
2021-07-25 19:00:00,356.66059656327093,447.26,2160.0,2473.018703436729,3500.0,-0.0,112.58040000000119,-0.0,213.14198052486543
2021-07-25 20:00:00,-0.0,300.0,2160.0,2879.2456,3500.0,-0.0,112.58040000000119,-0.0,94.61498211628538
2021-07-25 21:00:00,-0.0,300.0,2160.0,2648.45595541283,3500.0,-0.0,89.87524458717007,-0.0,-0.0
2021-07-25 22:00:00,-0.0,300.0,2160.0,2437.5853000000006,3500.0,-0.0,0.0,-0.0,-0.0
2021-07-25 23:00:00,-0.0,300.0,2160.0,2186.5344999999998,3500.0,-0.0,0.0,-0.0,-0.0
2021-07-26 00:00:00,-0.0,300.0,2160.0,1955.2502000000004,3500.0,-0.0,0.0,-0.0,-0.0
2021-07-26 01:00:00,-0.0,300.0,2160.0,1767.3989000000001,3500.0,-0.0,0.0,-0.0,-0.0
2021-07-26 02:00:00,-0.0,364.75,2160.0,1576.1745,3500.0,-0.0,0.0,-0.0,-0.0
2021-07-26 03:00:00,-0.0,528.59,2160.0,1413.3042999999998,3500.0,-0.0,0.0,-0.0,-0.0
2021-07-26 04:00:00,-0.0,701.1,2160.0,1398.3751000000002,3500.0,-0.0,0.0,-0.0,-0.0
2021-07-26 05:00:00,363.7136801086881,864.4699999999999,2160.0,1156.1838198913129,3500.0,-0.0,0.0,-0.0,-0.0
2021-07-26 06:00:00,1404.0546630000388,1003.14,2160.0,311.5458369999624,3500.0,-0.0,0.0,-0.0,-0.0
2021-07-26 07:00:00,2685.1825613596184,1105.75,2160.0,-0.0,2720.800638640382,-0.0,0.0,-0.0,-0.0
2021-07-26 08:00:00,4008.8744797227123,1166.63,2160.0,-0.0,1522.6461202772884,-0.0,0.0,-0.0,-0.0
2021-07-26 09:00:00,5217.4515930684365,1186.3899999999999,2160.0,-0.0,355.7561069315643,-0.0,0.0,-0.0,-0.0
2021-07-26 10:00:00,6180.900573383958,1171.77,1552.419017044619,-0.0,-0.0,-0.0,0.0,23.778190428577243,22.58928090714838
2021-07-26 11:00:00,6800.422451321842,1134.58,970.0252486781583,-0.0,-0.0,-0.0,0.0,112.58040000000119,129.5384019790588
2021-07-26 12:00:00,7013.990267474766,1089.98,713.2593325252346,-0.0,-0.0,-0.0,0.0,112.58040000000119,236.476828138862
2021-07-26 13:00:00,6800.422451321842,1054.32,918.8994486781585,-0.0,-0.0,-0.0,0.0,112.58040000000119,343.40456045604924
2021-07-26 14:00:00,6180.900573383958,1042.79,1585.4933266160424,-0.0,-0.0,-0.0,0.0,112.58040000000119,450.32160000000476
2021-07-26 15:00:00,5217.4515930684365,1067.24,2160.0,-0.0,392.6226069315644,-0.0,0.0,-0.0,450.27656784000476
2021-07-26 16:00:00,4008.8744797227123,1134.51,2160.0,-0.0,1781.4068202772883,-0.0,0.0,-0.0,450.2315401832208
2021-07-26 17:00:00,2685.1825613596184,1245.3,2160.0,-0.0,3300.3560386403806,-0.0,0.0,-0.0,450.18651702920243
2021-07-26 18:00:00,1404.0546630000388,1394.0800000000002,2160.0,1082.8366369999603,3500.0,-0.0,112.58040000000119,-0.0,331.63581416697195
2021-07-26 19:00:00,363.7136801086881,1569.6499999999999,2160.0,2055.8235198913108,3500.0,-0.0,112.58040000000119,-0.0,213.09696637502768
2021-07-26 20:00:00,-0.0,1756.6000000000001,2160.0,2137.0631999999987,3500.0,-0.0,112.58040000000119,-0.0,94.56997246786261
2021-07-26 21:00:00,-0.0,1937.32,2160.0,1727.6451103029149,3500.0,-0.0,89.83248969708504,-0.0,-0.0
2021-07-26 22:00:00,-0.0,2094.3,2160.0,1361.6770000000006,3500.0,-0.0,0.0,-0.0,-0.0
2021-07-26 23:00:00,-0.0,2212.43,2160.0,994.2940999999992,3500.0,-0.0,0.0,-0.0,-0.0
2021-07-27 00:00:00,-0.0,2282.21,2160.0,128.2407000000003,3500.0,-0.0,0.0,-0.0,-0.0
2021-07-27 01:00:00,-0.0,2296.42,2160.0,-0.0,3427.7225000000008,-0.0,0.0,-0.0,-0.0
2021-07-27 02:00:00,-0.0,2257.84,2160.0,-0.0,3341.2424999999994,-0.0,0.0,-0.0,-0.0
2021-07-27 03:00:00,-0.0,2174.35,2160.0,-0.0,3426.9841,-0.0,0.0,-0.0,-0.0
2021-07-27 04:00:00,-0.0,2059.02,2160.0,201.04540000000043,3500.0,-0.0,0.0,-0.0,-0.0
2021-07-27 05:00:00,347.1746455923776,1928.39,2160.0,270.4097544076212,3500.0,-0.0,0.0,-0.0,-0.0
2021-07-27 06:00:00,1379.882227937739,1800.27,2160.0,-0.0,3201.079172062261,-0.0,0.0,-0.0,-0.0
2021-07-27 07:00:00,2657.5951839477966,1691.41,2160.0,-0.0,2325.967716052204,-0.0,0.0,-0.0,-0.0
2021-07-27 08:00:00,3980.2492276752523,1615.27,2160.0,-0.0,1266.484672324747,-0.0,0.0,-0.0,-0.0
2021-07-27 09:00:00,5189.138819405899,1580.3,2160.0,-0.0,154.4892805940999,-0.0,0.0,-0.0,-0.0
2021-07-27 10:00:00,6153.469435164598,1588.89,1303.6242648354028,-0.0,-0.0,-0.0,0.0,-0.0,-0.0
2021-07-27 11:00:00,6773.805988891748,1637.1299999999999,570.1672015368295,-0.0,-0.0,-0.0,0.0,23.778190428577243,22.58928090714838
2021-07-27 12:00:00,6987.686283429596,1715.43,279.0599165704034,-0.0,-0.0,-0.0,0.0,112.58040000000119,129.5384019790588
2021-07-27 13:00:00,6773.805988891748,1809.9399999999998,354.77361110825404,-0.0,-0.0,-0.0,0.0,112.58040000000119,236.476828138862
2021-07-27 14:00:00,6153.469435164598,1904.5300000000002,915.8567648354019,-0.0,-0.0,-0.0,0.0,112.58040000000119,343.40456045604924
2021-07-27 15:00:00,5189.138819405899,1983.0700000000002,1942.0161805941016,-0.0,-0.0,-0.0,0.0,112.58040000000119,450.32160000000476
2021-07-27 16:00:00,3980.2492276752523,2031.76,2160.0,-0.0,1076.635372324747,-0.0,0.0,-0.0,450.27656784000476
2021-07-27 17:00:00,2657.5951839477966,2041.04,2160.0,-0.0,2695.4431160522045,-0.0,0.0,-0.0,450.2315401832208
2021-07-27 18:00:00,1379.882227937739,2007.07,2160.0,656.5099720622611,3500.0,-0.0,112.58040000000119,-0.0,331.68083281867484
2021-07-27 19:00:00,347.1746455923776,1932.3000000000002,2160.0,1871.3194544076214,3500.0,-0.0,112.58040000000119,-0.0,213.14198052486543
2021-07-27 20:00:00,-0.0,1825.29,2160.0,2228.963499999999,3500.0,-0.0,112.58040000000119,-0.0,94.61498211628538
2021-07-27 21:00:00,-0.0,1699.61,2160.0,2124.7521554128307,3500.0,-0.0,89.87524458717007,-0.0,-0.0
2021-07-27 22:00:00,-0.0,1572.12,2160.0,2042.0137000000004,3500.0,-0.0,0.0,-0.0,-0.0
2021-07-27 23:00:00,-0.0,1460.7700000000002,2160.0,1902.6977000000006,3500.0,-0.0,0.0,-0.0,-0.0
2021-07-28 00:00:00,-0.0,1383.6499999999999,2160.0,1182.331400000001,3500.0,-0.0,0.0,-0.0,-0.0
2021-07-28 01:00:00,-0.0,1351.14,2160.0,1026.8614000000007,3500.0,-0.0,0.0,-0.0,-0.0
2021-07-28 02:00:00,-0.0,1372.68,2160.0,878.4621999999999,3500.0,-0.0,0.0,-0.0,-0.0
2021-07-28 03:00:00,-0.0,1450.03,2160.0,801.439800000001,3500.0,-0.0,0.0,-0.0,-0.0
2021-07-28 04:00:00,-0.0,1578.4699999999998,2160.0,829.6823000000004,3500.0,-0.0,0.0,-0.0,-0.0
2021-07-28 05:00:00,345.12121620573714,1747.47,2160.0,599.3003837942633,3500.0,-0.0,0.0,-0.0,-0.0
2021-07-28 06:00:00,1415.2146053187369,1942.07,2160.0,-0.0,3167.5733946812634,-0.0,0.0,-0.0,-0.0
2021-07-28 07:00:00,2745.781048150149,2144.8900000000003,2160.0,-0.0,1925.5182518498505,-0.0,0.0,-0.0,-0.0
2021-07-28 08:00:00,4125.830675222668,2338.44,2160.0,-0.0,536.4250247773316,-0.0,0.0,-0.0,-0.0
2021-07-28 09:00:00,5388.566988641033,2507.42,1323.9926113589672,-0.0,-0.0,-0.0,0.0,-0.0,-0.0
2021-07-28 10:00:00,6396.510658981204,2640.74,142.03244101879682,-0.0,-0.0,-0.0,0.0,-0.0,-0.0
2021-07-28 11:00:00,7045.159986370891,2155.18351362911,-0.0,-0.0,-0.0,-0.0,0.0,112.58040000000119,106.95138000000112
2021-07-28 12:00:00,7268.849870206874,1840.7952297931279,-0.0,-0.0,-0.0,-0.0,0.0,112.58040000000119,213.89206486200226
2021-07-28 13:00:00,7045.159986370891,2017.7553136291099,-0.0,-0.0,-0.0,-0.0,0.0,112.58040000000119,320.8220556555172
2021-07-28 14:00:00,6396.510658981204,2698.565341018797,-0.0,-0.0,-0.0,-0.0,0.0,112.58040000000119,427.7413534499528
2021-07-28 15:00:00,5388.566988641033,2790.32,964.516417343596,-0.0,-0.0,-0.0,0.0,23.81370598462839,450.32160000000476
2021-07-28 16:00:00,4125.830675222668,2790.64,2160.0,-0.0,286.74682477733313,-0.0,0.0,-0.0,450.27656784000476
2021-07-28 17:00:00,2745.781048150149,2816.02,2160.0,-0.0,1943.3843518498506,-0.0,0.0,-0.0,450.2315401832208
2021-07-28 18:00:00,1415.2146053187369,2878.19,2160.0,-0.0,3470.188294681264,-0.0,0.0,-0.0,450.18651702920243
2021-07-28 19:00:00,345.12121620573714,2983.8199999999997,2160.0,925.759283794262,3500.0,-0.0,112.58040000000119,-0.0,331.63581416697195
2021-07-28 20:00:00,-0.0,3133.41,2160.0,1021.0202000000008,3500.0,-0.0,112.58040000000119,-0.0,213.09696637502768
2021-07-28 21:00:00,-0.0,3321.15,2160.0,576.8734,3500.0,-0.0,112.58040000000119,-0.0,94.56997246786261
2021-07-28 22:00:00,-0.0,3535.55,2160.0,81.22801030291566,3500.0,-0.0,89.83248969708504,-0.0,-0.0
2021-07-28 23:00:00,-0.0,3760.87,2160.0,-0.0,3191.1095000000014,-0.0,0.0,-0.0,-0.0
2021-07-29 00:00:00,-0.0,3980.7599999999998,2160.0,-0.0,2170.0268999999994,-0.0,0.0,-0.0,-0.0
2021-07-29 01:00:00,-0.0,4174.0,2160.0,-0.0,1784.7015000000001,-0.0,0.0,-0.0,-0.0
2021-07-29 02:00:00,-0.0,4326.72,2160.0,-0.0,1500.9532,-0.0,0.0,-0.0,-0.0
2021-07-29 03:00:00,-0.0,4427.78,2160.0,-0.0,1395.990600000001,-0.0,0.0,-0.0,-0.0
2021-07-29 04:00:00,-0.0,4471.86,2160.0,-0.0,1504.303100000001,-0.0,0.0,-0.0,-0.0
2021-07-29 05:00:00,382.57398262728776,4460.1,2160.0,-0.0,1412.8864173727122,-0.0,0.0,-0.0,-0.0
2021-07-29 06:00:00,1622.2761750998602,4399.91,2160.0,-0.0,561.9466249001412,-0.0,0.0,-0.0,-0.0
2021-07-29 07:00:00,3171.811846166447,4303.89,1555.3227538335532,-0.0,-0.0,-0.0,0.0,-0.0,-0.0
2021-07-29 08:00:00,4782.225002581531,4188.12,240.70229741846924,-0.0,-0.0,-0.0,0.0,-0.0,-0.0
2021-07-29 09:00:00,6257.401977978633,3008.406522021368,-0.0,-0.0,-0.0,-0.0,0.0,-0.0,-0.0
2021-07-29 10:00:00,7435.735647640685,1784.8198523593155,-0.0,-0.0,-0.0,-0.0,0.0,-0.0,-0.0
2021-07-29 11:00:00,8194.343886696504,953.879503732073,-0.0,-0.0,-0.0,-0.0,0.0,23.778190428577243,22.58928090714838
2021-07-29 12:00:00,8455.999894300698,685.7110056993024,-0.0,-0.0,-0.0,-0.0,0.0,112.58040000000119,129.5384019790588
2021-07-29 13:00:00,8194.343886696504,895.9962133034969,-0.0,-0.0,-0.0,-0.0,0.0,112.58040000000119,236.476828138862
2021-07-29 14:00:00,7435.735647640685,1682.104652359315,-0.0,-0.0,-0.0,-0.0,0.0,112.58040000000119,343.40456045604924
2021-07-29 15:00:00,6257.401977978633,2992.856322021368,-0.0,-0.0,-0.0,-0.0,0.0,112.58040000000119,450.32160000000476
2021-07-29 16:00:00,4782.225002581531,3982.83,611.6089996921537,-0.0,-0.0,-0.0,0.0,0.047402273684216005,450.32160000000476
2021-07-29 17:00:00,3171.811846166447,4036.69,2160.0,-0.0,192.8066538335538,-0.0,112.58040000000119,-0.0,331.7708836294772
2021-07-29 18:00:00,1622.2761750998602,4067.3900000000003,2160.0,-0.0,1970.4136295350336,-0.0,107.5170953651063,-0.0,218.56181668310765
2021-07-29 19:00:00,382.57398262728776,4061.11,2160.0,-0.0,3422.900117372712,-0.0,0.0,-0.0,218.53996050143934
2021-07-29 20:00:00,-0.0,4008.3999999999996,2160.0,140.63780000000042,3500.0,-0.0,112.58040000000119,-0.0,100.01242229486164
2021-07-29 21:00:00,-0.0,3905.52,2160.0,-0.0,3500.0,-0.0,95.00230000000056,-0.0,-0.0
2021-07-29 22:00:00,-0.0,3755.1299999999997,2160.0,-0.0,3436.7229,-0.0,0.0,-0.0,-0.0
2021-07-29 23:00:00,-0.0,3566.0199999999995,2160.0,-0.0,3366.542700000001,-0.0,0.0,-0.0,-0.0
2021-07-30 00:00:00,-0.0,3353.97,2160.0,-0.0,2773.0866999999994,-0.0,0.0,-0.0,-0.0
2021-07-30 01:00:00,-0.0,3132.4,2160.0,-0.0,2797.9550000000004,-0.0,0.0,-0.0,-0.0
2021-07-30 02:00:00,-0.0,2921.55,2160.0,-0.0,2873.1877000000004,-0.0,0.0,-0.0,-0.0
2021-07-30 03:00:00,-0.0,2738.57,2160.0,-0.0,3047.7060000000006,-0.0,0.0,-0.0,-0.0
2021-07-30 04:00:00,-0.0,2597.1699999999996,2160.0,-0.0,3336.9771000000005,-0.0,0.0,-0.0,-0.0
2021-07-30 05:00:00,419.0335141824743,2505.8799999999997,2160.0,-0.0,3284.147185817526,-0.0,0.0,-0.0,-0.0
2021-07-30 06:00:00,1842.048919181981,2467.03,2160.0,-0.0,2224.114680818019,-0.0,0.0,-0.0,-0.0
2021-07-30 07:00:00,3630.5301152342113,2476.5,2160.0,-0.0,708.6625847657883,-0.0,0.0,-0.0,-0.0
2021-07-30 08:00:00,5493.202607821147,2524.3500000000004,1133.8194921788536,-0.0,-0.0,-0.0,0.0,-0.0,-0.0
2021-07-30 09:00:00,7201.432658659619,2000.4119413403814,-0.0,-0.0,-0.0,-0.0,0.0,-0.0,-0.0
2021-07-30 10:00:00,8566.8962411216,585.4638588784001,-0.0,-0.0,-0.0,-0.0,0.0,-0.0,-0.0
2021-07-30 11:00:00,9075.858890428577,-0.0,-0.0,-0.0,-0.0,-0.0,0.0,23.778190428577243,22.58928090714838
2021-07-30 12:00:00,9065.241000000002,-0.0,-0.0,-0.0,-0.0,-0.0,0.0,112.58040000000119,129.5384019790588
2021-07-30 13:00:00,9009.835000000001,-0.0,-0.0,-0.0,-0.0,-0.0,0.0,112.58040000000119,236.476828138862
2021-07-30 14:00:00,8566.8962411216,466.4739588784014,-0.0,-0.0,-0.0,-0.0,0.0,112.58040000000119,343.40456045604924
2021-07-30 15:00:00,7201.432658659619,1960.4659413403815,-0.0,-0.0,-0.0,-0.0,0.0,112.58040000000119,450.32160000000476
2021-07-30 16:00:00,5493.202607821147,2606.69,1184.6013944525357,-0.0,-0.0,-0.0,0.0,0.047402273684216005,450.32160000000476
2021-07-30 17:00:00,3630.5301152342113,2490.06,2160.0,-0.0,1297.3990847657892,-0.0,0.0,-0.0,450.27656784000476
2021-07-30 18:00:00,1842.048919181981,2370.59,2160.0,-0.0,3455.41438081802,-0.0,0.0,-0.0,450.2315401832208
2021-07-30 19:00:00,419.0335141824743,2265.01,2160.0,1466.8597858175253,3500.0,-0.0,112.58040000000119,-0.0,331.68083281867484
2021-07-30 20:00:00,-0.0,2188.7999999999997,2160.0,1853.6715999999997,3500.0,-0.0,112.58040000000119,-0.0,213.14198052486543
2021-07-30 21:00:00,-0.0,2154.02,2160.0,1623.9834999999985,3500.0,-0.0,112.58040000000119,-0.0,94.61498211628538
2021-07-30 22:00:00,-0.0,2167.56,2160.0,1321.2045554128308,3500.0,-0.0,89.87524458717007,-0.0,-0.0
2021-07-30 23:00:00,-0.0,2230.14,2160.0,1086.0337,3500.0,-0.0,0.0,-0.0,-0.0
2021-07-31 00:00:00,-0.0,2338.22,2160.0,-0.0,3102.708400000001,-0.0,0.0,-0.0,-0.0
2021-07-31 01:00:00,-0.0,2476.13,2160.0,-0.0,2765.1274999999996,-0.0,0.0,-0.0,-0.0
2021-07-31 02:00:00,-0.0,2630.29,2160.0,-0.0,2472.4889000000003,-0.0,0.0,-0.0,-0.0
2021-07-31 03:00:00,-0.0,2782.6600000000003,2160.0,-0.0,2308.9051000000004,-0.0,0.0,-0.0,-0.0
2021-07-31 04:00:00,-0.0,2915.27,2160.0,-0.0,2321.5272,-0.0,0.0,-0.0,-0.0
2021-07-31 05:00:00,400.820488318359,3012.44,2160.0,-0.0,2095.9244116816403,-0.0,0.0,-0.0,-0.0
2021-07-31 06:00:00,1831.6924927102293,3062.86,2160.0,-0.0,936.355107289771,-0.0,0.0,-0.0,-0.0
2021-07-31 07:00:00,3640.518263609446,3060.98,1569.6178363905556,-0.0,-0.0,-0.0,0.0,-0.0,-0.0
2021-07-31 08:00:00,5528.49034543287,2916.1341545671303,-0.0,-0.0,-0.0,-0.0,0.0,-0.0,-0.0
2021-07-31 09:00:00,7262.019985507831,1231.0295144921683,-0.0,-0.0,-0.0,-0.0,0.0,-0.0,-0.0
2021-07-31 10:00:00,8441.641,-0.0,-0.0,-0.0,-0.0,-0.0,0.0,-0.0,-0.0
2021-07-31 11:00:00,8363.340590428577,-0.0,-0.0,-0.0,-0.0,-0.0,0.0,23.778190428577243,22.58928090714838
2021-07-31 12:00:00,8351.0509,-0.0,-0.0,-0.0,-0.0,-0.0,0.0,112.58040000000119,129.5384019790588
2021-07-31 13:00:00,8294.1005,-0.0,-0.0,-0.0,-0.0,-0.0,0.0,112.58040000000119,236.476828138862
2021-07-31 14:00:00,8316.2239,-0.0,-0.0,-0.0,-0.0,-0.0,0.0,112.58040000000119,343.40456045604924
2021-07-31 15:00:00,7262.019985507831,1181.4492144921705,-0.0,-0.0,-0.0,-0.0,0.0,112.58040000000119,450.32160000000476
2021-07-31 16:00:00,5528.49034543287,2176.23,860.1937568408148,-0.0,-0.0,-0.0,0.0,0.047402273684216005,450.32160000000476
2021-07-31 17:00:00,3640.518263609446,2187.15,2160.0,-0.0,869.7231363905548,-0.0,0.0,-0.0,450.27656784000476
2021-07-31 18:00:00,1831.6924927102293,2222.15,2160.0,-0.0,2892.7290072897713,-0.0,0.0,-0.0,450.2315401832208
2021-07-31 19:00:00,400.820488318359,2266.89,2160.0,760.9622116816408,3500.0,-0.0,112.58040000000119,-0.0,331.68083281867484
2021-07-31 20:00:00,-0.0,2304.84,2160.0,1014.7873999999993,3500.0,-0.0,112.58040000000119,-0.0,213.14198052486543
2021-07-31 21:00:00,-0.0,2319.57,2160.0,735.1121999999996,3500.0,-0.0,112.58040000000119,-0.0,94.61498211628538
2021-07-31 22:00:00,-0.0,2297.02,2160.0,468.0813554128299,3500.0,-0.0,89.87524458717007,-0.0,-0.0
2021-07-31 23:00:00,-0.0,2227.56,2160.0,364.74509999999964,3500.0,-0.0,0.0,-0.0,-0.0
2021-08-01 00:00:00,-0.0,2109.66,2160.0,-0.0,3174.6509000000005,-0.0,0.0,-0.0,-0.0
2021-08-01 01:00:00,-0.0,1941.17,2160.0,-0.0,3143.5389000000005,-0.0,0.0,-0.0,-0.0
2021-08-01 02:00:00,-0.0,1733.19,2160.0,-0.0,3213.244400000001,-0.0,0.0,-0.0,-0.0
2021-08-01 03:00:00,-0.0,1499.6000000000001,2160.0,-0.0,3435.9624999999996,-0.0,0.0,-0.0,-0.0
2021-08-01 04:00:00,-0.0,1257.6699999999998,2160.0,323.60170000000016,3500.0,-0.0,0.0,-0.0,-0.0
2021-08-01 05:00:00,334.9656686957219,1025.85,2160.0,493.4573313042788,3500.0,-0.0,0.0,-0.0,-0.0
2021-08-01 06:00:00,1596.2735094972938,821.43,2160.0,-0.0,3259.0422905027053,-0.0,0.0,-0.0,-0.0
2021-08-01 07:00:00,3200.5375376947754,658.3100000000001,2160.0,-0.0,2098.9894623052246,-0.0,0.0,-0.0,-0.0
2021-08-01 08:00:00,4878.803143407544,545.27,2160.0,-0.0,708.2901565924567,-0.0,0.0,-0.0,-0.0
2021-08-01 09:00:00,6421.676328909868,484.92,1435.3424710901318,-0.0,-0.0,-0.0,0.0,-0.0,-0.0
2021-08-01 10:00:00,7656.8141049740925,473.47,161.52799502590824,-0.0,-0.0,-0.0,0.0,-0.0,-0.0
2021-08-01 11:00:00,8303.727,-0.0,-0.0,-0.0,-0.0,-0.0,0.0,112.58040000000119,106.95138000000112
2021-08-01 12:00:00,8204.179500000002,-0.0,-0.0,-0.0,-0.0,-0.0,0.0,112.58040000000119,213.89206486200226
2021-08-01 13:00:00,8148.900900000001,-0.0,-0.0,-0.0,-0.0,-0.0,0.0,112.58040000000119,320.8220556555172
2021-08-01 14:00:00,7656.8141049740925,516.008095025908,-0.0,-0.0,-0.0,-0.0,0.0,112.58040000000119,427.7413534499528
2021-08-01 15:00:00,6421.676328909868,704.53,1087.01847707476,-0.0,-0.0,-0.0,0.0,23.81370598462839,450.32160000000476
2021-08-01 16:00:00,4878.803143407544,705.87,2160.0,-0.0,680.764656592456,-0.0,0.0,-0.0,450.27656784000476
2021-08-01 17:00:00,3200.5375376947754,671.04,2160.0,-0.0,2688.5559623052245,-0.0,0.0,-0.0,450.2315401832208
2021-08-01 18:00:00,1596.2735094972938,601.82,2160.0,1000.9302905027071,3500.0,-0.0,112.58040000000119,-0.0,331.68083281867484
2021-08-01 19:00:00,334.9656686957219,506.03000000000003,2160.0,2455.119931304278,3500.0,-0.0,112.58040000000119,-0.0,213.14198052486543
2021-08-01 20:00:00,-0.0,396.46,2160.0,2793.1362,3500.0,-0.0,112.58040000000119,-0.0,94.61498211628538
2021-08-01 21:00:00,-0.0,300.0,2160.0,2649.9951554128293,3500.0,-0.0,89.87524458717007,-0.0,-0.0
2021-08-01 22:00:00,-0.0,300.0,2160.0,2430.3364999999994,3500.0,-0.0,0.0,-0.0,-0.0
2021-08-01 23:00:00,-0.0,300.0,2160.0,2170.5263000000004,3500.0,-0.0,0.0,-0.0,-0.0
2021-08-02 00:00:00,-0.0,300.0,2160.0,1932.8174000000008,3500.0,-0.0,0.0,-0.0,-0.0
2021-08-02 01:00:00,-0.0,300.0,2160.0,1736.2885999999999,3500.0,-0.0,0.0,-0.0,-0.0
2021-08-02 02:00:00,-0.0,300.0,2160.0,1601.1900000000005,3500.0,-0.0,0.0,-0.0,-0.0
2021-08-02 03:00:00,-0.0,453.9,2160.0,1439.6941000000006,3500.0,-0.0,0.0,-0.0,-0.0
2021-08-02 04:00:00,-0.0,647.09,2160.0,1395.5855000000001,3500.0,-0.0,0.0,-0.0,-0.0
2021-08-02 05:00:00,274.53458103997195,863.19,2160.0,1181.4167189600284,3500.0,-0.0,0.0,-0.0,-0.0
2021-08-02 06:00:00,1369.0012841770083,1084.12,2160.0,192.04961582299256,3500.0,-0.0,0.0,-0.0,-0.0
2021-08-02 07:00:00,2770.0874025202734,1291.79,2160.0,-0.0,2368.0285974797275,-0.0,0.0,-0.0,-0.0
2021-08-02 08:00:00,4239.226849122959,1470.38,2160.0,-0.0,898.5551508770413,-0.0,0.0,-0.0,-0.0
2021-08-02 09:00:00,5591.610979187426,1608.3600000000001,1621.5768208125737,-0.0,-0.0,-0.0,0.0,-0.0,-0.0
2021-08-02 10:00:00,6675.085139140545,1699.9,400.32556085945544,-0.0,-0.0,-0.0,0.0,-0.0,-0.0
2021-08-02 11:00:00,7373.853767483503,1417.3381325164964,-0.0,-0.0,-0.0,-0.0,0.0,112.58040000000119,106.95138000000112
2021-08-02 12:00:00,7615.064760759844,1080.6148392401574,-0.0,-0.0,-0.0,-0.0,0.0,112.58040000000119,213.89206486200226
2021-08-02 13:00:00,7373.853767483503,1270.6513325164988,-0.0,-0.0,-0.0,-0.0,0.0,112.58040000000119,320.8220556555172
2021-08-02 14:00:00,6675.085139140545,1698.3300000000002,210.40608928692745,-0.0,-0.0,-0.0,0.0,23.804828427471122,343.40456045604924
2021-08-02 15:00:00,5591.610979187426,1669.8899999999999,1544.4966208125752,-0.0,-0.0,-0.0,0.0,112.58040000000119,450.32160000000476
2021-08-02 16:00:00,4239.226849122959,1661.3,2160.0,-0.0,873.2057508770404,-0.0,0.0,-0.0,450.27656784000476
2021-08-02 17:00:00,2770.0874025202734,1684.66,2160.0,-0.0,2618.022897479727,-0.0,0.0,-0.0,450.2315401832208
2021-08-02 18:00:00,1369.0012841770083,1747.1100000000001,2160.0,599.9433158229904,3500.0,-0.0,112.58040000000119,-0.0,331.68083281867484
2021-08-02 19:00:00,274.53458103997195,1849.71,2160.0,1693.3413189600278,3500.0,-0.0,112.58040000000119,-0.0,213.14198052486543
2021-08-02 20:00:00,-0.0,1987.29,2160.0,1728.2588999999998,3500.0,-0.0,112.58040000000119,-0.0,94.61498211628538
2021-08-02 21:00:00,-0.0,2149.0699999999997,2160.0,1331.400555412829,3500.0,-0.0,89.87524458717007,-0.0,-0.0
2021-08-02 22:00:00,-0.0,2320.09,2160.0,945.2796999999991,3500.0,-0.0,0.0,-0.0,-0.0
2021-08-02 23:00:00,-0.0,2483.19,2160.0,526.9597999999992,3500.0,-0.0,0.0,-0.0,-0.0
2021-08-03 00:00:00,-0.0,2624.14,2160.0,-0.0,3086.2472000000002,-0.0,0.0,-0.0,-0.0
2021-08-03 01:00:00,-0.0,2722.69,2160.0,-0.0,2795.8093999999996,-0.0,0.0,-0.0,-0.0
2021-08-03 02:00:00,-0.0,2771.43,2160.0,-0.0,2616.6300000000006,-0.0,0.0,-0.0,-0.0
2021-08-03 03:00:00,-0.0,2765.98,2160.0,-0.0,2619.1602,-0.0,0.0,-0.0,-0.0
2021-08-03 04:00:00,-0.0,2708.42,2160.0,-0.0,2830.4894000000004,-0.0,0.0,-0.0,-0.0
2021-08-03 05:00:00,244.80449470296037,2607.04,2160.0,-0.0,2968.22890529704,-0.0,0.0,-0.0,-0.0
2021-08-03 06:00:00,1282.3220121876805,2475.33,2160.0,-0.0,2393.1504878123196,-0.0,0.0,-0.0,-0.0
2021-08-03 07:00:00,2619.606740294949,2330.21,2160.0,-0.0,1490.4216597050513,-0.0,0.0,-0.0,-0.0
2021-08-03 08:00:00,4025.279594931199,2189.8599999999997,2160.0,-0.0,408.05040506880187,-0.0,0.0,-0.0,-0.0
2021-08-03 09:00:00,5320.948898132042,2071.3,1449.016001867958,-0.0,-0.0,-0.0,0.0,-0.0,-0.0
2021-08-03 10:00:00,6359.8167686373245,1988.28,451.6058313626763,-0.0,-0.0,-0.0,0.0,-0.0,-0.0
2021-08-03 11:00:00,7030.138704009923,1790.1055959900796,-0.0,-0.0,-0.0,-0.0,0.0,112.58040000000119,106.95138000000112
2021-08-03 12:00:00,7261.584747757402,1467.7882522425998,-0.0,-0.0,-0.0,-0.0,0.0,112.58040000000119,213.89206486200226
2021-08-03 13:00:00,7030.138704009923,1652.6773959900775,-0.0,-0.0,-0.0,-0.0,0.0,112.58040000000119,320.8220556555172
2021-08-03 14:00:00,6359.8167686373245,2092.47,174.43315979014824,-0.0,-0.0,-0.0,0.0,23.804828427471122,343.40456045604924
2021-08-03 15:00:00,5320.948898132042,2196.27,1336.2352018679585,-0.0,-0.0,-0.0,0.0,112.58040000000119,450.32160000000476
2021-08-03 16:00:00,4025.279594931199,2303.42,2160.0,-0.0,497.0122050688019,-0.0,0.0,-0.0,450.27656784000476
2021-08-03 17:00:00,2619.606740294949,2397.69,2160.0,-0.0,2111.936459705051,-0.0,0.0,-0.0,450.2315401832208
2021-08-03 18:00:00,1282.3220121876805,2465.08,2160.0,29.55498781231836,3500.0,-0.0,112.58040000000119,-0.0,331.68083281867484
2021-08-03 19:00:00,244.80449470296037,2495.84,2160.0,1142.236505297039,3500.0,-0.0,112.58040000000119,-0.0,213.14198052486543
2021-08-03 20:00:00,-0.0,2485.84,2160.0,1299.3472999999994,3500.0,-0.0,112.58040000000119,-0.0,94.61498211628538
2021-08-03 21:00:00,-0.0,2437.22,2160.0,1117.17895541283,3500.0,-0.0,89.87524458717007,-0.0,-0.0
2021-08-03 22:00:00,-0.0,2358.18,2160.0,985.3482999999997,3500.0,-0.0,0.0,-0.0,-0.0
2021-08-03 23:00:00,-0.0,2261.9,2160.0,830.5775000000012,3500.0,-0.0,0.0,-0.0,-0.0
2021-08-04 00:00:00,-0.0,2167.85,2160.0,129.29010000000062,3500.0,-0.0,0.0,-0.0,-0.0
2021-08-04 01:00:00,-0.0,2087.44,2160.0,21.84880000000021,3500.0,-0.0,0.0,-0.0,-0.0
2021-08-04 02:00:00,-0.0,2039.91,2160.0,-0.0,3442.9044000000004,-0.0,0.0,-0.0,-0.0
2021-08-04 03:00:00,-0.0,2037.99,2160.0,-0.0,3445.7942000000003,-0.0,0.0,-0.0,-0.0
2021-08-04 04:00:00,-0.0,2089.22,2160.0,52.14500000000089,3500.0,-0.0,0.0,-0.0,-0.0
2021-08-04 05:00:00,222.09401208440983,2194.84,2160.0,9.3220879155906,3500.0,-0.0,0.0,-0.0,-0.0
2021-08-04 06:00:00,1227.5043755182357,2349.6800000000003,2160.0,-0.0,2683.4460244817637,-0.0,0.0,-0.0,-0.0
2021-08-04 07:00:00,2532.7712291131593,2542.7,2160.0,-0.0,1478.1518708868416,-0.0,0.0,-0.0,-0.0
2021-08-04 08:00:00,3908.2675997196498,2758.4900000000002,2160.0,-0.0,73.28290028035099,-0.0,0.0,-0.0,-0.0
2021-08-04 09:00:00,5177.856117721695,2979.2400000000002,804.3901822783055,-0.0,-0.0,-0.0,0.0,-0.0,-0.0
2021-08-04 10:00:00,6196.658411937959,2750.321078490619,-0.0,-0.0,-0.0,-0.0,0.0,23.778190428577243,22.58928090714838
2021-08-04 11:00:00,6854.35845254811,2092.5591474518906,-0.0,-0.0,-0.0,-0.0,0.0,112.58040000000119,129.5384019790588
2021-08-04 12:00:00,7081.496758560572,1777.6227414394289,-0.0,-0.0,-0.0,-0.0,0.0,112.58040000000119,236.476828138862
2021-08-04 13:00:00,6854.35845254811,1961.1733474518924,-0.0,-0.0,-0.0,-0.0,0.0,112.58040000000119,343.40456045604924
2021-08-04 14:00:00,6196.658411937959,2654.4140880620434,-0.0,-0.0,-0.0,-0.0,0.0,112.58040000000119,450.32160000000476
2021-08-04 15:00:00,5177.856117721695,3656.85,44.49668227830534,-0.0,-0.0,-0.0,0.0,-0.0,450.27656784000476
2021-08-04 16:00:00,3908.2675997196498,3639.81,1578.6971000874923,-0.0,-0.0,-0.0,0.0,0.09479980714104386,450.32160000000476
2021-08-04 17:00:00,2532.7712291131593,3611.15,2160.0,-0.0,1038.8870751929433,-0.0,89.92019569389666,-0.0,355.62373026748196
2021-08-04 18:00:00,1227.5043755182357,3587.19,2160.0,-0.0,2720.7472244817645,-0.0,0.0,-0.0,355.58816789445524
2021-08-04 19:00:00,222.09401208440983,3583.11,2160.0,225.87178791559063,3500.0,-0.0,112.58040000000119,-0.0,237.04692486713827
2021-08-04 20:00:00,-0.0,3610.77,2160.0,324.7830999999992,3500.0,-0.0,112.58040000000119,-0.0,118.51753596412398
2021-08-04 21:00:00,-0.0,3676.9800000000005,2160.0,7.127099999998791,3500.0,-0.0,112.58040000000119,-0.0,-0.0
2021-08-04 22:00:00,-0.0,3782.4999999999995,2160.0,-0.0,3215.3669000000014,-0.0,0.0,-0.0,-0.0
2021-08-04 23:00:00,-0.0,3921.79,2160.0,-0.0,2826.8239999999996,-0.0,0.0,-0.0,-0.0
2021-08-05 00:00:00,-0.0,4086.97,2160.0,-0.0,1868.2982000000006,-0.0,0.0,-0.0,-0.0
2021-08-05 01:00:00,-0.0,4256.110000000001,2160.0,-0.0,1512.8499999999995,-0.0,0.0,-0.0,-0.0
2021-08-05 02:00:00,-0.0,4414.92,2160.0,-0.0,1228.9800000000005,-0.0,0.0,-0.0,-0.0
2021-08-05 03:00:00,-0.0,4545.94,2160.0,-0.0,1100.2116000000005,-0.0,0.0,-0.0,-0.0
2021-08-05 04:00:00,-0.0,4634.14,2160.0,-0.0,1170.7416000000003,-0.0,0.0,-0.0,-0.0
2021-08-05 05:00:00,185.8018796640038,4668.900000000001,2160.0,-0.0,1236.0900203359959,-0.0,0.0,-0.0,-0.0
2021-08-05 06:00:00,1088.9425316892807,4645.43,2160.0,-0.0,691.6763683107188,-0.0,0.0,-0.0,-0.0
2021-08-05 07:00:00,2270.423305085206,4565.429999999999,2043.9370949147947,-0.0,-0.0,-0.0,0.0,-0.0,-0.0
2021-08-05 08:00:00,3518.7632929124507,4436.85,1111.2081070875497,-0.0,-0.0,-0.0,0.0,-0.0,-0.0
2021-08-05 09:00:00,4672.600889184961,4272.85,183.29471081503925,-0.0,-0.0,-0.0,0.0,-0.0,-0.0
2021-08-05 10:00:00,5599.311339387327,3515.2680510412497,-0.0,-0.0,-0.0,-0.0,0.0,23.778190428577243,22.58928090714838
2021-08-05 11:00:00,6197.863685708379,2916.8592142916214,-0.0,-0.0,-0.0,-0.0,0.0,112.58040000000119,129.5384019790588
2021-08-05 12:00:00,6404.6239370468975,2622.3697629531034,-0.0,-0.0,-0.0,-0.0,0.0,112.58040000000119,236.476828138862
2021-08-05 13:00:00,6197.863685708379,2785.4734142916213,-0.0,-0.0,-0.0,-0.0,0.0,112.58040000000119,343.40456045604924
2021-08-05 14:00:00,5599.311339387327,3419.362360612674,-0.0,-0.0,-0.0,-0.0,0.0,112.58040000000119,450.32160000000476
2021-08-05 15:00:00,4672.600889184961,3441.46,932.4486130887235,-0.0,-0.0,-0.0,0.0,0.047402273684216005,450.32160000000476
2021-08-05 16:00:00,3518.7632929124507,3418.98,2160.0,-0.0,195.71880708754998,-0.0,0.0,-0.0,450.27656784000476
2021-08-05 17:00:00,2270.423305085206,3423.89,2160.0,-0.0,1744.5824949147946,-0.0,0.0,-0.0,450.2315401832208
2021-08-05 18:00:00,1088.9425316892807,3442.44,2160.0,-0.0,3169.4775683107187,-0.0,0.0,-0.0,450.18651702920243
2021-08-05 19:00:00,185.8018796640038,3458.64,2160.0,551.1697203359968,3500.0,-0.0,112.58040000000119,-0.0,331.63581416697195
2021-08-05 20:00:00,-0.0,3456.49,2160.0,642.5810000000001,3500.0,-0.0,112.58040000000119,-0.0,213.09696637502768
2021-08-05 21:00:00,-0.0,3422.31,2160.0,424.1645000000003,3500.0,-0.0,112.58040000000119,-0.0,94.56997246786261
2021-08-05 22:00:00,-0.0,3346.67,2160.0,222.4487103029146,3500.0,-0.0,89.83248969708504,-0.0,-0.0
2021-08-05 23:00:00,-0.0,3225.8599999999997,2160.0,182.4252000000006,3500.0,-0.0,0.0,-0.0,-0.0
2021-08-06 00:00:00,-0.0,3066.0,2160.0,-0.0,3047.7135000000017,-0.0,0.0,-0.0,-0.0
2021-08-06 01:00:00,-0.0,2868.7200000000003,2160.0,-0.0,3057.0135,-0.0,0.0,-0.0,-0.0
2021-08-06 02:00:00,-0.0,2651.2599999999998,2160.0,-0.0,3147.6143000000006,-0.0,0.0,-0.0,-0.0
2021-08-06 03:00:00,-0.0,2430.6,2160.0,-0.0,3368.6019,-0.0,0.0,-0.0,-0.0
2021-08-06 04:00:00,-0.0,2224.8399999999997,2160.0,231.04440000000113,3500.0,-0.0,0.0,-0.0,-0.0
2021-08-06 05:00:00,154.37548209455008,2050.77,2160.0,534.4769179054497,3500.0,-0.0,0.0,-0.0,-0.0
2021-08-06 06:00:00,964.9220927015892,1921.7699999999998,2160.0,185.89670729841237,3500.0,-0.0,0.0,-0.0,-0.0
2021-08-06 07:00:00,2033.9106475250378,1845.97,2160.0,-0.0,2984.040752474963,-0.0,0.0,-0.0,-0.0
2021-08-06 08:00:00,3166.4550738534717,1825.28,2160.0,-0.0,2056.691426146528,-0.0,0.0,-0.0,-0.0
2021-08-06 09:00:00,4214.797735387329,1855.13,2160.0,-0.0,1037.7839646126704,-0.0,0.0,-0.0,-0.0
2021-08-06 10:00:00,5057.518459699175,1925.12,2160.0,-0.0,84.37674030082508,-0.0,0.0,-0.0,-0.0
2021-08-06 11:00:00,5602.090165024683,2020.42,1625.5641349753168,-0.0,-0.0,-0.0,0.0,112.58040000000119,106.95138000000112
2021-08-06 12:00:00,5790.2579524602515,2123.81,1243.3079475397499,-0.0,-0.0,-0.0,0.0,112.58040000000119,213.89206486200226
2021-08-06 13:00:00,5602.090165024683,2217.92,1290.6359349753184,-0.0,-0.0,-0.0,0.0,112.58040000000119,320.8220556555172
2021-08-06 14:00:00,5057.518459699175,2287.61,1797.6783403008267,-0.0,-0.0,-0.0,0.0,112.58040000000119,427.7413534499528
2021-08-06 15:00:00,4214.797735387329,2321.9300000000003,2160.0,-0.0,470.5927646126702,-0.0,0.0,-0.0,427.6985793146078
2021-08-06 16:00:00,3166.4550738534717,2315.55,2160.0,-0.0,1768.943226146528,-0.0,0.0,-0.0,427.65580945667637
2021-08-06 17:00:00,2033.9106475250378,2269.41,2160.0,-0.0,3249.595552474962,-0.0,0.0,-0.0,427.6130438757307
2021-08-06 18:00:00,964.9220927015892,2190.5099999999998,2160.0,1043.3125072984103,3500.0,-0.0,112.58040000000119,-0.0,309.0645983608156
2021-08-06 19:00:00,154.37548209455008,2090.91,2160.0,2057.14581790545,3500.0,-0.0,112.58040000000119,-0.0,190.52800769045191
2021-08-06 20:00:00,-0.0,1985.9199999999998,2160.0,2216.2423,3500.0,-0.0,112.58040000000119,-0.0,72.00327067915532
2021-08-06 21:00:00,-0.0,1892.0400000000002,2160.0,2097.898333165517,3500.0,-0.0,68.39626683448303,-0.0,-0.0
2021-08-06 22:00:00,-0.0,1824.53,2160.0,1929.8113000000003,3500.0,-0.0,0.0,-0.0,-0.0
2021-08-06 23:00:00,-0.0,1795.29,2160.0,1704.4216000000006,3500.0,-0.0,0.0,-0.0,-0.0
2021-08-07 00:00:00,-0.0,1814.8600000000001,2160.0,319.56560000000036,3500.0,-0.0,0.0,-0.0,-0.0
2021-08-07 01:00:00,-0.0,1876.4,2160.0,65.94150000000036,3500.0,-0.0,0.0,-0.0,-0.0
2021-08-07 02:00:00,-0.0,1978.02,2160.0,-0.0,3333.2918999999997,-0.0,0.0,-0.0,-0.0
2021-08-07 03:00:00,-0.0,2108.34,2160.0,-0.0,3199.0693,-0.0,0.0,-0.0,-0.0
2021-08-07 04:00:00,-0.0,2251.7799999999997,2160.0,-0.0,3208.0231000000003,-0.0,0.0,-0.0,-0.0
2021-08-07 05:00:00,153.2260080357242,2390.5,2160.0,-0.0,3195.4730919642757,-0.0,0.0,-0.0,-0.0
2021-08-07 06:00:00,1028.2324454755633,2506.7099999999996,2160.0,-0.0,2532.829054524438,-0.0,0.0,-0.0,-0.0
2021-08-07 07:00:00,2192.21442931577,2585.02,2160.0,-0.0,1577.4288706842303,-0.0,0.0,-0.0,-0.0
2021-08-07 08:00:00,3428.8922774199755,2614.44,2160.0,-0.0,491.353722580026,-0.0,0.0,-0.0,-0.0
2021-08-07 09:00:00,4575.341991877506,2589.79,1584.3165081224943,-0.0,-0.0,-0.0,0.0,-0.0,-0.0
2021-08-07 10:00:00,5497.755864287175,2512.33,717.8865261414012,-0.0,-0.0,-0.0,0.0,23.778190428577243,22.58928090714838
2021-08-07 11:00:00,6094.154341740717,2389.6,236.90995825928258,-0.0,-0.0,-0.0,0.0,112.58040000000119,129.5384019790588
2021-08-07 12:00:00,6300.267316424752,2234.31,90.77228357525019,-0.0,-0.0,-0.0,0.0,112.58040000000119,236.476828138862
2021-08-07 13:00:00,6094.154341740717,2062.67,417.1544582592833,-0.0,-0.0,-0.0,0.0,112.58040000000119,343.40456045604924
2021-08-07 14:00:00,5497.755864287175,1892.18,1211.5431357128255,-0.0,-0.0,-0.0,0.0,112.58040000000119,450.32160000000476
2021-08-07 15:00:00,4575.341991877506,1739.27,2160.0,-0.0,146.70460812249348,-0.0,0.0,-0.0,450.27656784000476
2021-08-07 16:00:00,3428.8922774199755,1617.12,2160.0,-0.0,1654.2443225800253,-0.0,0.0,-0.0,450.2315401832208
2021-08-07 17:00:00,2192.21442931577,1533.93,2160.0,-0.0,3271.383170684231,-0.0,0.0,-0.0,450.18651702920243
2021-08-07 18:00:00,1028.2324454755633,1491.87,2160.0,1118.5527545244358,3500.0,-0.0,112.58040000000119,-0.0,331.63581416697195
2021-08-07 19:00:00,153.2260080357242,1486.8200000000002,2160.0,2097.5963919642745,3500.0,-0.0,112.58040000000119,-0.0,213.09696637502768
2021-08-07 20:00:00,-0.0,1509.0700000000002,2160.0,2123.6065,3500.0,-0.0,112.58040000000119,-0.0,94.56997246786261
2021-08-07 21:00:00,-0.0,1544.6699999999998,2160.0,1849.6585103029147,3500.0,-0.0,89.83248969708504,-0.0,-0.0
2021-08-07 22:00:00,-0.0,1577.4299999999998,2160.0,1598.061600000001,3500.0,-0.0,0.0,-0.0,-0.0
2021-08-07 23:00:00,-0.0,1591.21,2160.0,1324.9914000000017,3500.0,-0.0,0.0,-0.0,-0.0
2021-08-08 00:00:00,-0.0,1576.23,2160.0,537.3514,3500.0,-0.0,0.0,-0.0,-0.0
2021-08-08 01:00:00,-0.0,1515.0900000000001,2160.0,401.78969999999936,3500.0,-0.0,0.0,-0.0,-0.0
2021-08-08 02:00:00,-0.0,1408.06,2160.0,373.20109999999977,3500.0,-0.0,0.0,-0.0,-0.0
2021-08-08 03:00:00,-0.0,1257.79,2160.0,515.0106999999998,3500.0,-0.0,0.0,-0.0,-0.0
2021-08-08 04:00:00,-0.0,1073.08,2160.0,847.5918000000001,3500.0,-0.0,0.0,-0.0,-0.0
2021-08-08 05:00:00,171.89659153490604,867.8,2160.0,1155.8888084650935,3500.0,-0.0,0.0,-0.0,-0.0
2021-08-08 06:00:00,1248.1056290385523,659.15,2160.0,612.4626709614486,3500.0,-0.0,0.0,-0.0,-0.0
2021-08-08 07:00:00,2692.927561328795,465.44,2160.0,-0.0,3143.848538671205,-0.0,0.0,-0.0,-0.0
2021-08-08 08:00:00,4232.463924077828,303.77000000000004,2160.0,-0.0,1941.6615759221722,-0.0,0.0,-0.0,-0.0
2021-08-08 09:00:00,5661.896295910587,300.0,2160.0,-0.0,566.4730040894137,-0.0,0.0,-0.0,-0.0
2021-08-08 10:00:00,6813.066665968927,300.0,1549.5963244596496,-0.0,-0.0,-0.0,0.0,23.778190428577243,22.58928090714838
2021-08-08 11:00:00,7557.758456953329,300.0,793.4273430466719,-0.0,-0.0,-0.0,0.0,112.58040000000119,129.5384019790588
2021-08-08 12:00:00,7815.207166303374,300.0,436.558533696626,-0.0,-0.0,-0.0,0.0,112.58040000000119,236.476828138862
2021-08-08 13:00:00,7557.758456953329,300.0,638.5999430466718,-0.0,-0.0,-0.0,0.0,112.58040000000119,343.40456045604924
2021-08-08 14:00:00,6813.066665968927,373.88,1332.9482340310742,-0.0,-0.0,-0.0,0.0,112.58040000000119,450.32160000000476
2021-08-08 15:00:00,5661.896295910587,501.87,2160.0,-0.0,212.0753040894133,-0.0,0.0,-0.0,450.27656784000476
2021-08-08 16:00:00,4232.463924077828,623.87,2160.0,-0.0,1754.6373759221715,-0.0,0.0,-0.0,450.2315401832208
2021-08-08 17:00:00,2692.927561328795,725.11,2160.0,-0.0,3486.476338671207,-0.0,0.0,-0.0,450.18651702920243
2021-08-08 18:00:00,1248.1056290385523,794.97,2160.0,1498.9206709614482,3500.0,-0.0,112.58040000000119,-0.0,331.63581416697195
2021-08-08 19:00:00,171.89659153490604,828.46,2160.0,2637.0701084650937,3500.0,-0.0,112.58040000000119,-0.0,213.09696637502768
2021-08-08 20:00:00,-0.0,826.82,2160.0,2702.1749999999993,3500.0,-0.0,112.58040000000119,-0.0,94.56997246786261
2021-08-08 21:00:00,-0.0,797.31,2160.0,2489.9661103029166,3500.0,-0.0,89.83248969708504,-0.0,-0.0
2021-08-08 22:00:00,-0.0,752.18,2160.0,2312.9832000000006,3500.0,-0.0,0.0,-0.0,-0.0
2021-08-08 23:00:00,-0.0,706.9499999999999,2160.0,2095.7470999999996,3500.0,-0.0,0.0,-0.0,-0.0
2021-08-09 00:00:00,-0.0,682.42,2160.0,1881.8870000000006,3500.0,-0.0,0.0,-0.0,-0.0
2021-08-09 01:00:00,-0.0,685.53,2160.0,1679.1073999999999,3500.0,-0.0,0.0,-0.0,-0.0
2021-08-09 02:00:00,-0.0,732.41,2160.0,1493.7474999999995,3500.0,-0.0,0.0,-0.0,-0.0
2021-08-09 03:00:00,-0.0,829.8,2160.0,1385.1449999999995,3500.0,-0.0,0.0,-0.0,-0.0
2021-08-09 04:00:00,-0.0,978.28,2160.0,1381.8958000000002,3500.0,-0.0,0.0,-0.0,-0.0
2021-08-09 05:00:00,177.18640419396888,1172.03,2160.0,1283.3470958060316,3500.0,-0.0,0.0,-0.0,-0.0
2021-08-09 06:00:00,1404.8693387893036,1399.5,2160.0,149.91816121069678,3500.0,-0.0,0.0,-0.0,-0.0
2021-08-09 07:00:00,3069.2184964306557,1644.83,2160.0,-0.0,2020.4462035693437,-0.0,0.0,-0.0,-0.0
2021-08-09 08:00:00,4848.06866226185,1889.85,2160.0,-0.0,170.08443773814997,-0.0,0.0,-0.0,-0.0
2021-08-09 09:00:00,6502.340391989417,2116.42,497.6677080105819,-0.0,-0.0,-0.0,0.0,-0.0,-0.0
2021-08-09 10:00:00,7835.841899650647,1229.1777003493526,-0.0,-0.0,-0.0,-0.0,0.0,-0.0,-0.0
2021-08-09 11:00:00,8698.974158463392,287.7450319651859,-0.0,-0.0,-0.0,-0.0,0.0,23.778190428577243,22.58928090714838
2021-08-09 12:00:00,8974.4295,-0.0,-0.0,-0.0,-0.0,-0.0,0.0,112.58040000000119,129.5384019790588
2021-08-09 13:00:00,8698.974158463392,218.50494153660838,-0.0,-0.0,-0.0,-0.0,0.0,112.58040000000119,236.476828138862
2021-08-09 14:00:00,7835.841899650647,1103.7606003493538,-0.0,-0.0,-0.0,-0.0,0.0,112.58040000000119,343.40456045604924
2021-08-09 15:00:00,6502.340391989417,2564.507408010584,-0.0,-0.0,-0.0,-0.0,0.0,112.58040000000119,450.32160000000476
2021-08-09 16:00:00,4848.06866226185,2518.32,1821.9040400118347,-0.0,-0.0,-0.0,0.0,0.047402273684216005,450.32160000000476
2021-08-09 17:00:00,3069.2184964306557,2472.46,2160.0,-0.0,1779.0928035693446,-0.0,0.0,-0.0,450.27656784000476
2021-08-09 18:00:00,1404.8693387893036,2443.29,2160.0,109.21166121069746,3500.0,-0.0,112.58040000000119,-0.0,331.72585597269324
2021-08-09 19:00:00,177.18640419396888,2443.37,2160.0,1431.4961958060303,3500.0,-0.0,112.58040000000119,-0.0,213.18699917656843
2021-08-09 20:00:00,-0.0,2480.28,2160.0,1462.7272999999986,3500.0,-0.0,112.58040000000119,-0.0,94.65999626612322
2021-08-09 21:00:00,-0.0,2555.58,2160.0,1145.1431962468287,3500.0,-0.0,89.91800375317177,-0.0,-0.0
2021-08-09 22:00:00,-0.0,2664.57,2160.0,813.7852000000003,3500.0,-0.0,0.0,-0.0,-0.0
2021-08-09 23:00:00,-0.0,2796.98,2160.0,418.70369999999957,3500.0,-0.0,0.0,-0.0,-0.0
2021-08-10 00:00:00,-0.0,2942.74,2160.0,-0.0,2967.801700000001,-0.0,0.0,-0.0,-0.0
2021-08-10 01:00:00,-0.0,3076.34,2160.0,-0.0,2634.5997000000007,-0.0,0.0,-0.0,-0.0
2021-08-10 02:00:00,-0.0,3185.6299999999997,2160.0,-0.0,2387.0352,-0.0,0.0,-0.0,-0.0
2021-08-10 03:00:00,-0.0,3256.42,2160.0,-0.0,2305.3746,-0.0,0.0,-0.0,-0.0
2021-08-10 04:00:00,-0.0,3278.92,2160.0,-0.0,2428.5838000000003,-0.0,0.0,-0.0,-0.0
2021-08-10 05:00:00,157.1431477895872,3249.14,2160.0,-0.0,2574.2206522104134,-0.0,0.0,-0.0,-0.0
2021-08-10 06:00:00,1375.7976890490952,3169.48,2160.0,-0.0,1757.6989109509047,-0.0,0.0,-0.0,-0.0
2021-08-10 07:00:00,3045.213460503136,3048.5699999999997,2160.0,-0.0,490.28433949686496,-0.0,0.0,-0.0,-0.0
2021-08-10 08:00:00,4835.100809287523,2900.14,1183.3532907124782,-0.0,-0.0,-0.0,0.0,-0.0,-0.0
2021-08-10 09:00:00,6502.385031758692,2465.784568241307,-0.0,-0.0,-0.0,-0.0,0.0,-0.0,-0.0
2021-08-10 10:00:00,7847.693758393104,1070.3491416068964,-0.0,-0.0,-0.0,-0.0,0.0,-0.0,-0.0
2021-08-10 11:00:00,8718.972775098498,142.4507890249481,-0.0,-0.0,-0.0,-0.0,0.0,44.04486412344544,41.842620917273166
2021-08-10 12:00:00,8830.410300000001,-0.0,-0.0,-0.0,-0.0,-0.0,0.0,112.58040000000119,148.78981665518256
2021-08-10 13:00:00,8718.972775098498,56.15892490150327,-0.0,-0.0,-0.0,-0.0,0.0,112.58040000000119,255.7263176735182
2021-08-10 14:00:00,7847.693758393104,951.3592416068977,-0.0,-0.0,-0.0,-0.0,0.0,112.58040000000119,362.65212504175196
2021-08-10 15:00:00,6502.385031758692,2405.58,-0.0,-0.0,-0.0,-0.0,0.0,92.32183175869159,450.32160000000476
2021-08-10 16:00:00,4835.100809287523,2498.6,1718.0164929861612,-0.0,-0.0,-0.0,0.0,0.047402273684216005,450.32160000000476
2021-08-10 17:00:00,3045.213460503136,2613.92,2160.0,-0.0,1527.232139496863,-0.0,0.0,-0.0,450.27656784000476
2021-08-10 18:00:00,1375.7976890490952,2735.05,2160.0,-0.0,3326.9886109509052,-0.0,0.0,-0.0,450.2315401832208
2021-08-10 19:00:00,157.1431477895872,2845.45,2160.0,919.7532522104129,3500.0,-0.0,112.58040000000119,-0.0,331.68083281867484
2021-08-10 20:00:00,-0.0,2930.77,2160.0,885.0569999999989,3500.0,-0.0,112.58040000000119,-0.0,213.14198052486543
2021-08-10 21:00:00,-0.0,2980.86,2160.0,572.6621,3500.0,-0.0,112.58040000000119,-0.0,94.61498211628538
2021-08-10 22:00:00,-0.0,2991.18,2160.0,275.5120554128307,3500.0,-0.0,89.87524458717007,-0.0,-0.0
2021-08-10 23:00:00,-0.0,2963.4100000000003,2160.0,133.3484000000003,3500.0,-0.0,0.0,-0.0,-0.0
2021-08-11 00:00:00,-0.0,2909.95,2160.0,-0.0,2884.9411,-0.0,0.0,-0.0,-0.0
2021-08-11 01:00:00,-0.0,2834.1899999999996,2160.0,-0.0,2764.1723,-0.0,0.0,-0.0,-0.0
2021-08-11 02:00:00,-0.0,2756.74,2160.0,-0.0,2706.5237000000006,-0.0,0.0,-0.0,-0.0
2021-08-11 03:00:00,-0.0,2694.62,2160.0,-0.0,2761.0478000000003,-0.0,0.0,-0.0,-0.0
2021-08-11 04:00:00,-0.0,2663.56,2160.0,-0.0,2941.1892000000003,-0.0,0.0,-0.0,-0.0
2021-08-11 05:00:00,129.24329199284207,2675.83,2160.0,-0.0,3076.1417080071583,-0.0,0.0,-0.0,-0.0
2021-08-11 06:00:00,1266.29633501803,2738.53,2160.0,-0.0,2202.4182649819695,-0.0,0.0,-0.0,-0.0
2021-08-11 07:00:00,2841.444073706028,2852.5,2160.0,-0.0,798.0356262939717,-0.0,0.0,-0.0,-0.0
2021-08-11 08:00:00,4535.80231624236,3012.18,1282.2533837576393,-0.0,-0.0,-0.0,0.0,-0.0,-0.0
2021-08-11 09:00:00,6116.7643848784,2766.858415121599,-0.0,-0.0,-0.0,-0.0,0.0,-0.0,-0.0
2021-08-11 10:00:00,7393.707304868469,1443.677095131532,-0.0,-0.0,-0.0,-0.0,0.0,-0.0,-0.0
2021-08-11 11:00:00,8221.19470791529,543.2686825132865,-0.0,-0.0,-0.0,-0.0,0.0,23.778190428577243,22.58928090714838
2021-08-11 12:00:00,8507.49186815917,250.26143184083048,-0.0,-0.0,-0.0,-0.0,0.0,112.58040000000119,129.5384019790588
2021-08-11 13:00:00,8221.19470791529,485.3840920847106,-0.0,-0.0,-0.0,-0.0,0.0,112.58040000000119,236.476828138862
2021-08-11 14:00:00,7393.707304868469,1340.9631951315332,-0.0,-0.0,-0.0,-0.0,0.0,112.58040000000119,343.40456045604924
2021-08-11 15:00:00,6116.7643848784,2751.3069151216014,-0.0,-0.0,-0.0,-0.0,0.0,112.58040000000119,450.32160000000476
2021-08-11 16:00:00,4535.80231624236,4191.74,268.3113860313242,-0.0,-0.0,-0.0,0.0,0.047402273684216005,450.32160000000476
2021-08-11 17:00:00,2841.444073706028,4165.4400000000005,2160.0,-0.0,15.379526293971594,-0.0,112.58040000000119,-0.0,331.7708836294772
2021-08-11 18:00:00,1266.29633501803,4107.81,2160.0,-0.0,1904.021964981968,-0.0,112.58040000000119,-0.0,213.23202233058672
2021-08-11 19:00:00,129.24329199284207,4034.17,2160.0,-0.0,3216.246308007157,-0.0,112.58040000000119,-0.0,94.7050149178261
2021-08-11 20:00:00,-0.0,3961.1000000000004,2160.0,-0.0,3339.1422328044832,-0.0,89.96076719551762,-0.0,-0.0
2021-08-11 21:00:00,-0.0,3904.1,2160.0,-0.0,3228.3195,-0.0,0.0,-0.0,-0.0
2021-08-11 22:00:00,-0.0,3875.36,2160.0,-0.0,2952.0834,-0.0,0.0,-0.0,-0.0
2021-08-11 23:00:00,-0.0,3882.12,2160.0,-0.0,2690.1035,-0.0,0.0,-0.0,-0.0
2021-08-12 00:00:00,-0.0,3930.42,2160.0,-0.0,1844.8567000000003,-0.0,0.0,-0.0,-0.0
2021-08-12 01:00:00,-0.0,4005.48,2160.0,-0.0,1577.9089000000008,-0.0,0.0,-0.0,-0.0
2021-08-12 02:00:00,-0.0,4101.49,2160.0,-0.0,1351.4608000000007,-0.0,0.0,-0.0,-0.0
2021-08-12 03:00:00,-0.0,4203.63,2160.0,-0.0,1246.4009999999998,-0.0,0.0,-0.0,-0.0
2021-08-12 04:00:00,-0.0,4294.86,2160.0,-0.0,1308.940200000001,-0.0,0.0,-0.0,-0.0
2021-08-12 05:00:00,108.6755182994816,4358.28,2160.0,-0.0,1418.007381700519,-0.0,0.0,-0.0,-0.0
2021-08-12 06:00:00,1211.9139360990143,4379.4,2160.0,-0.0,624.378063900987,-0.0,0.0,-0.0,-0.0
2021-08-12 07:00:00,2758.6596215859263,4348.17,1558.298278414075,-0.0,-0.0,-0.0,0.0,-0.0,-0.0
2021-08-12 08:00:00,4428.108872866924,4260.34,159.63192713307762,-0.0,-0.0,-0.0,0.0,-0.0,-0.0
2021-08-12 09:00:00,5988.558967521197,2917.5954324788026,-0.0,-0.0,-0.0,-0.0,0.0,-0.0,-0.0
2021-08-12 10:00:00,7250.246246361605,1614.347153638395,-0.0,-0.0,-0.0,-0.0,0.0,-0.0,-0.0
2021-08-12 11:00:00,8068.336977976083,806.4819351514544,-0.0,-0.0,-0.0,-0.0,0.0,102.26551312753699,97.15223747116013
2021-08-12 12:00:00,8351.453554659134,442.80894534086656,-0.0,-0.0,-0.0,-0.0,0.0,112.58040000000119,204.09390224741415
2021-08-12 13:00:00,8068.336977976083,679.3686220239179,-0.0,-0.0,-0.0,-0.0,0.0,112.58040000000119,311.02487285719053
2021-08-12 14:00:00,7250.246246361605,1530.1400536383953,-0.0,-0.0,-0.0,-0.0,0.0,112.58040000000119,417.94515036990595
2021-08-12 15:00:00,5988.558967521197,2851.3300000000004,-0.0,-0.0,-0.0,-0.0,0.0,34.124467521195584,450.32160000000476
2021-08-12 16:00:00,4428.108872866924,2716.4,1906.1398294067603,-0.0,-0.0,-0.0,0.0,0.047402273684216005,450.32160000000476
2021-08-12 17:00:00,2758.6596215859263,2627.21,2160.0,-0.0,1808.2543784140735,-0.0,0.0,-0.0,450.27656784000476
2021-08-12 18:00:00,1211.9139360990143,2580.1000000000004,2160.0,49.83386390098485,3500.0,-0.0,112.58040000000119,-0.0,331.72585597269324
2021-08-12 19:00:00,108.6755182994816,2565.69,2160.0,1273.4062817005188,3500.0,-0.0,112.58040000000119,-0.0,213.18699917656843
2021-08-12 20:00:00,-0.0,2570.2999999999997,2160.0,1279.7780999999995,3500.0,-0.0,112.58040000000119,-0.0,94.65999626612322
2021-08-12 21:00:00,-0.0,2577.88,2160.0,1041.3656962468294,3500.0,-0.0,89.91800375317177,-0.0,-0.0
2021-08-12 22:00:00,-0.0,2572.34,2160.0,836.0791000000008,3500.0,-0.0,0.0,-0.0,-0.0
2021-08-12 23:00:00,-0.0,2539.8500000000004,2160.0,617.5169999999998,3500.0,-0.0,0.0,-0.0,-0.0
2021-08-13 00:00:00,-0.0,2475.88,2160.0,-0.0,3388.9484999999995,-0.0,0.0,-0.0,-0.0
2021-08-13 01:00:00,-0.0,2366.27,2160.0,-0.0,3310.7059000000004,-0.0,0.0,-0.0,-0.0
2021-08-13 02:00:00,-0.0,2218.4100000000003,2160.0,-0.0,3332.0928,-0.0,0.0,-0.0,-0.0
2021-08-13 03:00:00,-0.0,2040.6299999999999,2160.0,10.842599999999948,3500.0,-0.0,0.0,-0.0,-0.0
2021-08-13 04:00:00,-0.0,1846.24,2160.0,362.812100000001,3500.0,-0.0,0.0,-0.0,-0.0
2021-08-13 05:00:00,90.49597226232247,1651.82,2160.0,751.6285277376783,3500.0,-0.0,0.0,-0.0,-0.0
2021-08-13 06:00:00,1173.5014146380558,1475.01,2160.0,179.80738536194303,3500.0,-0.0,0.0,-0.0,-0.0
2021-08-13 07:00:00,2711.65394453957,1332.14,2160.0,-0.0,2577.5162554604294,-0.0,0.0,-0.0,-0.0
2021-08-13 08:00:00,4377.688253471046,1236.08,2160.0,-0.0,1193.9593465289545,-0.0,0.0,-0.0,-0.0
2021-08-13 09:00:00,5937.736590201846,1194.47,1896.9681097981547,-0.0,-0.0,-0.0,0.0,-0.0,-0.0
2021-08-13 10:00:00,7200.439423793255,1208.73,581.7189762067455,-0.0,-0.0,-0.0,0.0,-0.0,-0.0
2021-08-13 11:00:00,8019.701949351197,994.9027506488046,-0.0,-0.0,-0.0,-0.0,0.0,112.58040000000119,106.95138000000112
2021-08-13 12:00:00,8303.32072343859,623.4871765614116,-0.0,-0.0,-0.0,-0.0,0.0,112.58040000000119,213.89206486200226
2021-08-13 13:00:00,8019.701949351197,863.5169506488046,-0.0,-0.0,-0.0,-0.0,0.0,112.58040000000119,320.8220556555172
2021-08-13 14:00:00,7200.439423793255,1644.74,-0.0,-0.0,-0.0,-0.0,0.0,38.99892379325411,357.8389510535431
2021-08-13 15:00:00,5937.736590201846,1770.36,1336.1824338419092,-0.0,-0.0,-0.0,0.0,97.38782404375475,450.32160000000476
2021-08-13 16:00:00,4377.688253471046,1869.59,2160.0,-0.0,787.0900465289542,-0.0,0.0,-0.0,450.27656784000476
2021-08-13 17:00:00,2711.65394453957,1931.13,2160.0,-0.0,2697.63165546043,-0.0,0.0,-0.0,450.2315401832208
2021-08-13 18:00:00,1173.5014146380558,1949.34,2160.0,867.7081853619438,3500.0,-0.0,112.58040000000119,-0.0,331.68083281867484
2021-08-13 19:00:00,90.49597226232247,1924.9099999999999,2160.0,2083.358227737677,3500.0,-0.0,112.58040000000119,-0.0,213.14198052486543
2021-08-13 20:00:00,-0.0,1864.6399999999999,2160.0,2138.6015000000007,3500.0,-0.0,112.58040000000119,-0.0,94.61498211628538
2021-08-13 21:00:00,-0.0,1780.4,2160.0,1994.1006554128307,3500.0,-0.0,89.87524458717007,-0.0,-0.0
2021-08-13 22:00:00,-0.0,1687.45,2160.0,1878.1040000000003,3500.0,-0.0,0.0,-0.0,-0.0
2021-08-13 23:00:00,-0.0,1602.2,2160.0,1714.1024000000007,3500.0,-0.0,0.0,-0.0,-0.0
2021-08-14 00:00:00,-0.0,1545.25,2160.0,413.491,3500.0,-0.0,0.0,-0.0,-0.0
2021-08-14 01:00:00,-0.0,1517.94,2160.0,254.49280000000044,3500.0,-0.0,0.0,-0.0,-0.0
2021-08-14 02:00:00,-0.0,1532.51,2160.0,114.86149999999998,3500.0,-0.0,0.0,-0.0,-0.0
2021-08-14 03:00:00,-0.0,1589.7900000000002,2160.0,59.83439999999973,3500.0,-0.0,0.0,-0.0,-0.0
2021-08-14 04:00:00,-0.0,1684.33,2160.0,124.02440000000024,3500.0,-0.0,0.0,-0.0,-0.0
2021-08-14 05:00:00,66.54673604639646,1805.08,2160.0,222.6379639536044,3500.0,-0.0,0.0,-0.0,-0.0
2021-08-14 06:00:00,1032.1049454601514,1936.7400000000002,2160.0,-0.0,2960.676754539849,-0.0,0.0,-0.0,-0.0
2021-08-14 07:00:00,2422.834637331665,2061.83,2160.0,-0.0,1738.5985626683346,-0.0,0.0,-0.0,-0.0
2021-08-14 08:00:00,3934.694343130327,2162.95,2160.0,-0.0,312.6498568696734,-0.0,0.0,-0.0,-0.0
2021-08-14 09:00:00,5353.000252471343,2225.15,1054.0681475286574,-0.0,-0.0,-0.0,0.0,-0.0,-0.0
2021-08-14 10:00:00,6502.228792566231,2204.625607433769,-0.0,-0.0,-0.0,-0.0,0.0,112.58040000000119,106.95138000000112
2021-08-14 11:00:00,7248.349056167425,1369.846643832575,-0.0,-0.0,-0.0,-0.0,0.0,112.58040000000119,213.89206486200226
2021-08-14 12:00:00,7506.712880787604,1023.7523192123963,-0.0,-0.0,-0.0,-0.0,0.0,112.58040000000119,320.8220556555172
2021-08-14 13:00:00,7248.349056167425,1238.459543832575,-0.0,-0.0,-0.0,-0.0,0.0,112.58040000000119,427.7413534499528
2021-08-14 14:00:00,6502.228792566231,1794.24,113.09730743376895,-0.0,-0.0,-0.0,0.0,-0.0,427.6985793146078
2021-08-14 15:00:00,5353.000252471343,1609.9099999999999,1610.8833744163721,-0.0,-0.0,-0.0,0.0,23.858726887714106,450.32160000000476
2021-08-14 16:00:00,3934.694343130327,1428.9199999999998,2160.0,-0.0,1273.3192568696732,-0.0,0.0,-0.0,450.27656784000476
2021-08-14 17:00:00,2422.834637331665,1268.1200000000001,2160.0,-0.0,3251.412662668335,-0.0,0.0,-0.0,450.2315401832208
2021-08-14 18:00:00,1032.1049454601514,1141.09,2160.0,1418.557554539847,3500.0,-0.0,112.58040000000119,-0.0,331.68083281867484
2021-08-14 19:00:00,66.54673604639646,1056.3899999999999,2160.0,2576.147663953604,3500.0,-0.0,112.58040000000119,-0.0,213.14198052486543
2021-08-14 20:00:00,-0.0,1016.5100000000001,2160.0,2586.0337999999992,3500.0,-0.0,112.58040000000119,-0.0,94.61498211628538
2021-08-14 21:00:00,-0.0,1017.64,2160.0,2355.0124554128306,3500.0,-0.0,89.87524458717007,-0.0,-0.0
2021-08-14 22:00:00,-0.0,1050.27,2160.0,2112.1539999999986,3500.0,-0.0,0.0,-0.0,-0.0
2021-08-14 23:00:00,-0.0,1100.6499999999999,2160.0,1811.1080000000002,3500.0,-0.0,0.0,-0.0,-0.0
2021-08-15 00:00:00,-0.0,1158.24,2160.0,961.7022999999999,3500.0,-0.0,0.0,-0.0,-0.0
2021-08-15 01:00:00,-0.0,1195.95,2160.0,736.0122999999994,3500.0,-0.0,0.0,-0.0,-0.0
2021-08-15 02:00:00,-0.0,1205.53,2160.0,599.5731000000005,3500.0,-0.0,0.0,-0.0,-0.0
2021-08-15 03:00:00,-0.0,1177.5,2160.0,627.9307000000008,3500.0,-0.0,0.0,-0.0,-0.0
2021-08-15 04:00:00,-0.0,1108.07,2160.0,854.0432000000001,3500.0,-0.0,0.0,-0.0,-0.0
2021-08-15 05:00:00,42.25154161859081,999.72,2160.0,1203.88095838141,3500.0,-0.0,0.0,-0.0,-0.0
2021-08-15 06:00:00,814.65346938032,861.04,2160.0,903.1254306196806,3500.0,-0.0,0.0,-0.0,-0.0
2021-08-15 07:00:00,1944.2739908212552,705.64,2160.0,220.2362091787445,3500.0,-0.0,0.0,-0.0,-0.0
2021-08-15 08:00:00,3176.9342596907295,550.38,2160.0,-0.0,2827.3410403092707,-0.0,0.0,-0.0,-0.0
2021-08-15 09:00:00,4335.537151333323,413.24,2160.0,-0.0,1865.1633486666778,-0.0,0.0,-0.0,-0.0
2021-08-15 10:00:00,5275.382853644798,310.89,2160.0,-0.0,986.9711463552021,-0.0,0.0,-0.0,-0.0
2021-08-15 11:00:00,5885.965617785405,300.0,2160.0,-0.0,295.75708221459536,-0.0,0.0,-0.0,-0.0
2021-08-15 12:00:00,6097.4576846670525,300.0,2160.0,-0.0,-0.0,-0.0,0.0,6.43208466705164,6.110480433699058
2021-08-15 13:00:00,5885.965617785405,317.7,2160.0,-0.0,140.62888221459525,-0.0,0.0,-0.0,6.1098693856556885
2021-08-15 14:00:00,5275.382853644798,430.21999999999997,2160.0,-0.0,670.8536463552018,-0.0,0.0,-0.0,6.109258398717123
2021-08-15 15:00:00,4335.537151333323,585.24,2160.0,-0.0,1592.7721486666778,-0.0,0.0,-0.0,6.1086474728772515
2021-08-15 16:00:00,3176.9342596907295,767.79,2160.0,-0.0,2812.4528403092713,-0.0,0.0,-0.0,6.1080366081299635
2021-08-15 17:00:00,1944.2739908212552,960.46,2160.0,648.6102546644997,3500.0,-0.0,5.802054514245694,-0.0,-0.0
2021-08-15 18:00:00,814.65346938032,1145.74,2160.0,1857.160330619682,3500.0,-0.0,0.0,-0.0,-0.0
2021-08-15 19:00:00,42.25154161859081,1308.32,2160.0,2570.6689583814114,3500.0,-0.0,0.0,-0.0,-0.0
2021-08-15 20:00:00,-0.0,1437.07,2160.0,2383.9015000000018,3500.0,-0.0,0.0,-0.0,-0.0
2021-08-15 21:00:00,-0.0,1526.49,2160.0,2038.0734000000011,3500.0,-0.0,0.0,-0.0,-0.0
2021-08-15 22:00:00,-0.0,1577.37,2160.0,1683.200100000001,3500.0,-0.0,0.0,-0.0,-0.0
2021-08-15 23:00:00,-0.0,1596.54,2160.0,1409.4004000000014,3500.0,-0.0,0.0,-0.0,-0.0
2021-08-16 00:00:00,-0.0,1601.6,2160.0,1175.7757000000001,3500.0,-0.0,0.0,-0.0,-0.0
2021-08-16 01:00:00,-0.0,1596.25,2160.0,989.0403000000006,3500.0,-0.0,0.0,-0.0,-0.0
2021-08-16 02:00:00,-0.0,1602.53,2160.0,851.732,3500.0,-0.0,0.0,-0.0,-0.0
2021-08-16 03:00:00,-0.0,1635.55,2160.0,814.8081000000002,3500.0,-0.0,0.0,-0.0,-0.0
2021-08-16 04:00:00,-0.0,1707.04,2160.0,895.7118999999993,3500.0,-0.0,0.0,-0.0,-0.0
2021-08-16 05:00:00,27.20793937298584,1823.6399999999999,2160.0,1031.299960627015,3500.0,-0.0,0.0,-0.0,-0.0
2021-08-16 06:00:00,689.9411139688694,1985.8400000000001,2160.0,534.9404860311292,3500.0,-0.0,0.0,-0.0,-0.0
2021-08-16 07:00:00,1675.5202599023687,2187.83,2160.0,-0.0,3134.2631400976315,-0.0,0.0,-0.0,-0.0
2021-08-16 08:00:00,2755.233519294086,2418.11,2160.0,-0.0,2004.2912807059133,-0.0,0.0,-0.0,-0.0
2021-08-16 09:00:00,3772.0716636622587,2660.9100000000003,2160.0,-0.0,799.415636337742,-0.0,0.0,-0.0,-0.0
2021-08-16 10:00:00,4597.873915418958,2898.25,1851.019084581042,-0.0,-0.0,-0.0,0.0,-0.0,-0.0
2021-08-16 11:00:00,5134.722940659927,3112.21,1027.8792497686509,-0.0,-0.0,-0.0,0.0,23.778190428577243,22.58928090714838
2021-08-16 12:00:00,5320.736859227987,3287.25,660.3115407720143,-0.0,-0.0,-0.0,0.0,112.58040000000119,129.5384019790588
2021-08-16 13:00:00,5134.722940659927,3412.23,669.9746593400741,-0.0,-0.0,-0.0,0.0,112.58040000000119,236.476828138862
2021-08-16 14:00:00,4597.873915418958,3481.84,1164.715184581043,-0.0,-0.0,-0.0,0.0,112.58040000000119,343.40456045604924
2021-08-16 15:00:00,3772.0716636622587,3497.21,2107.564136337742,-0.0,-0.0,-0.0,0.0,112.58040000000119,450.32160000000476
2021-08-16 16:00:00,2755.233519294086,3465.73,2160.0,-0.0,1122.2418807059148,-0.0,0.0,-0.0,450.27656784000476
2021-08-16 17:00:00,1675.5202599023687,3400.0099999999998,2160.0,-0.0,2564.9474400976305,-0.0,0.0,-0.0,450.2315401832208
2021-08-16 18:00:00,689.9411139688694,3316.1200000000003,2160.0,275.5441860311289,3500.0,-0.0,112.58040000000119,-0.0,331.68083281867484
2021-08-16 19:00:00,27.20793937298584,3231.44,2160.0,1121.9445606270128,3500.0,-0.0,112.58040000000119,-0.0,213.14198052486543
2021-08-16 20:00:00,-0.0,3162.28,2160.0,1113.346599999999,3500.0,-0.0,112.58040000000119,-0.0,94.61498211628538
2021-08-16 21:00:00,-0.0,3121.7099999999996,2160.0,915.5258554128304,3500.0,-0.0,89.87524458717007,-0.0,-0.0
2021-08-16 22:00:00,-0.0,3117.81,2160.0,700.6317000000017,3500.0,-0.0,0.0,-0.0,-0.0
2021-08-16 23:00:00,-0.0,3152.64,2160.0,406.51020000000017,3500.0,-0.0,0.0,-0.0,-0.0
2021-08-17 00:00:00,-0.0,3227.94,2160.0,-0.0,3031.302,-0.0,0.0,-0.0,-0.0
2021-08-17 01:00:00,-0.0,3321.96,2160.0,-0.0,2740.5803000000005,-0.0,0.0,-0.0,-0.0
2021-08-17 02:00:00,-0.0,3426.61,2160.0,-0.0,2500.3130000000006,-0.0,0.0,-0.0,-0.0
2021-08-17 03:00:00,-0.0,3525.6,2160.0,-0.0,2392.8613,-0.0,0.0,-0.0,-0.0
2021-08-17 04:00:00,-0.0,3602.72,2160.0,-0.0,2463.6136999999994,-0.0,0.0,-0.0,-0.0
2021-08-17 05:00:00,20.333414904667844,3644.0699999999997,2160.0,-0.0,2676.8425850953336,-0.0,0.0,-0.0,-0.0
2021-08-17 06:00:00,740.5402924418463,3640.14,2160.0,-0.0,2284.6986075581535,-0.0,0.0,-0.0,-0.0
2021-08-17 07:00:00,1831.5697333447233,3587.13,2160.0,-0.0,1529.1782666552772,-0.0,0.0,-0.0,-0.0
2021-08-17 08:00:00,3031.7099302975116,3487.6000000000004,2160.0,-0.0,604.2474697024895,-0.0,0.0,-0.0,-0.0
2021-08-17 09:00:00,4164.232036741309,3350.2599999999998,1819.5391632586925,-0.0,-0.0,-0.0,0.0,-0.0,-0.0
2021-08-17 10:00:00,5085.083517226359,3188.91,1034.3300732022171,-0.0,-0.0,-0.0,0.0,23.778190428577243,22.58928090714838
2021-08-17 11:00:00,5684.126901009433,3020.66,592.0594989905676,-0.0,-0.0,-0.0,0.0,112.58040000000119,129.5384019790588
2021-08-17 12:00:00,5891.75762784881,2863.76,441.90997215119023,-0.0,-0.0,-0.0,0.0,112.58040000000119,236.476828138862
2021-08-17 13:00:00,5684.126901009433,2735.23,722.6633989905677,-0.0,-0.0,-0.0,0.0,112.58040000000119,343.40456045604924
2021-08-17 14:00:00,5085.083517226359,2648.67,1431.8032827736433,-0.0,-0.0,-0.0,0.0,112.58040000000119,450.32160000000476
2021-08-17 15:00:00,4164.232036741309,2612.51,2160.0,-0.0,244.76146325869195,-0.0,0.0,-0.0,450.27656784000476
2021-08-17 16:00:00,3031.7099302975116,2628.96,2160.0,-0.0,1595.9619697024887,-0.0,0.0,-0.0,450.2315401832208
2021-08-17 17:00:00,1831.5697333447233,2693.76,2160.0,-0.0,3024.8460666552774,-0.0,0.0,-0.0,450.18651702920243
2021-08-17 18:00:00,740.5402924418463,2796.8500000000004,2160.0,650.2679075581527,3500.0,-0.0,112.58040000000119,-0.0,331.63581416697195
2021-08-17 19:00:00,20.333414904667844,2923.77,2160.0,1338.985185095331,3500.0,-0.0,112.58040000000119,-0.0,213.09696637502768
2021-08-17 20:00:00,-0.0,3057.64,2160.0,1117.0168999999987,3500.0,-0.0,112.58040000000119,-0.0,94.56997246786261
2021-08-17 21:00:00,-0.0,3181.4500000000003,2160.0,751.4880103029145,3500.0,-0.0,89.83248969708504,-0.0,-0.0
2021-08-17 22:00:00,-0.0,3280.42,2160.0,430.40509999999995,3500.0,-0.0,0.0,-0.0,-0.0
2021-08-17 23:00:00,-0.0,3343.91,2160.0,104.44900000000052,3500.0,-0.0,0.0,-0.0,-0.0
2021-08-18 00:00:00,-0.0,3373.09,2160.0,-0.0,2772.5748999999996,-0.0,0.0,-0.0,-0.0
2021-08-18 01:00:00,-0.0,3356.85,2160.0,-0.0,2589.1453000000006,-0.0,0.0,-0.0,-0.0
2021-08-18 02:00:00,-0.0,3308.63,2160.0,-0.0,2498.8854,-0.0,0.0,-0.0,-0.0
2021-08-18 03:00:00,-0.0,3240.71,2160.0,-0.0,2555.5915999999997,-0.0,0.0,-0.0,-0.0
2021-08-18 04:00:00,-0.0,3168.6,2160.0,-0.0,2772.9337,-0.0,0.0,-0.0,-0.0
2021-08-18 05:00:00,13.93876795605386,3108.96,2160.0,-0.0,3091.0226320439474,-0.0,0.0,-0.0,-0.0
2021-08-18 06:00:00,856.0791752673273,3077.15,2160.0,-0.0,2602.416224732672,-0.0,0.0,-0.0,-0.0
2021-08-18 07:00:00,2158.444443859389,3085.1400000000003,2160.0,-0.0,1572.2681561406107,-0.0,0.0,-0.0,-0.0
2021-08-18 08:00:00,3597.1618877013043,3139.73,2160.0,-0.0,252.46911229869647,-0.0,0.0,-0.0,-0.0
2021-08-18 09:00:00,4957.659295831464,3241.58,998.546704168536,-0.0,-0.0,-0.0,0.0,-0.0,-0.0
2021-08-18 10:00:00,6065.205451366014,3081.1720486339864,-0.0,-0.0,-0.0,-0.0,0.0,-0.0,-0.0
2021-08-18 11:00:00,6786.21584475014,2281.861245678437,-0.0,-0.0,-0.0,-0.0,0.0,23.778190428577243,22.58928090714838
2021-08-18 12:00:00,7036.198552688976,2019.5888473110253,-0.0,-0.0,-0.0,-0.0,0.0,112.58040000000119,129.5384019790588
2021-08-18 13:00:00,6786.21584475014,2212.6211552498617,-0.0,-0.0,-0.0,-0.0,0.0,112.58040000000119,236.476828138862
2021-08-18 14:00:00,6065.205451366014,2955.7549486339876,-0.0,-0.0,-0.0,-0.0,0.0,112.58040000000119,343.40456045604924
2021-08-18 15:00:00,4957.659295831464,4190.546404168536,-0.0,-0.0,-0.0,-0.0,0.0,112.58040000000119,450.32160000000476
2021-08-18 16:00:00,3597.1618877013043,4291.599999999999,1380.8887145723793,-0.0,-0.0,-0.0,0.0,0.047402273684216005,450.32160000000476
2021-08-18 17:00:00,2158.444443859389,4312.67,2160.0,-0.0,818.4343561406113,-0.0,112.58040000000119,-0.0,331.7708836294772
2021-08-18 18:00:00,856.0791752673273,4280.16,2160.0,-0.0,2402.488424732673,-0.0,112.58040000000119,-0.0,213.23202233058672
2021-08-18 19:00:00,13.93876795605386,4201.16,2160.0,-0.0,3418.3104320439465,-0.0,112.58040000000119,-0.0,94.7050149178261
2021-08-18 20:00:00,-0.0,4087.9700000000003,2160.0,-0.0,3459.014832804483,-0.0,89.96076719551762,-0.0,-0.0
2021-08-18 21:00:00,-0.0,3956.31,2160.0,-0.0,3415.689100000001,-0.0,0.0,-0.0,-0.0
2021-08-18 22:00:00,-0.0,3823.23,2160.0,-0.0,3236.483100000001,-0.0,0.0,-0.0,-0.0
2021-08-18 23:00:00,-0.0,3704.6800000000003,2160.0,-0.0,3092.3616,-0.0,0.0,-0.0,-0.0
2021-08-19 00:00:00,-0.0,3619.78,2160.0,-0.0,2374.7846000000004,-0.0,0.0,-0.0,-0.0
2021-08-19 01:00:00,-0.0,3563.5,2160.0,-0.0,2231.4626000000007,-0.0,0.0,-0.0,-0.0
2021-08-19 02:00:00,-0.0,3543.96,2160.0,-0.0,2112.728100000001,-0.0,0.0,-0.0,-0.0
2021-08-19 03:00:00,-0.0,3556.63,2160.0,-0.0,2089.1862,-0.0,0.0,-0.0,-0.0
2021-08-19 04:00:00,-0.0,3591.42,2160.0,-0.0,2200.1067000000003,-0.0,0.0,-0.0,-0.0
2021-08-19 05:00:00,5.937089313547362,3634.02,2160.0,-0.0,2424.569610686453,-0.0,0.0,-0.0,-0.0
2021-08-19 06:00:00,897.7615598276644,3667.93,2160.0,-0.0,1821.3079401723357,-0.0,0.0,-0.0,-0.0
2021-08-19 07:00:00,2309.873701181803,3676.76,2160.0,-0.0,681.4569988181975,-0.0,0.0,-0.0,-0.0
2021-08-19 08:00:00,3876.729602727009,3646.51,1479.377397272991,-0.0,-0.0,-0.0,0.0,-0.0,-0.0
2021-08-19 09:00:00,5361.559928229784,3567.5600000000004,123.0725717702162,-0.0,-0.0,-0.0,0.0,-0.0,-0.0
2021-08-19 10:00:00,6571.844512750269,2453.9994776783083,-0.0,-0.0,-0.0,-0.0,0.0,23.778190428577243,22.58928090714838
2021-08-19 11:00:00,7360.2944375662855,1653.6875624337163,-0.0,-0.0,-0.0,-0.0,0.0,112.58040000000119,129.5384019790588
2021-08-19 12:00:00,7633.746504201344,1280.6866957986576,-0.0,-0.0,-0.0,-0.0,0.0,112.58040000000119,236.476828138862
2021-08-19 13:00:00,7360.2944375662855,1498.8601624337161,-0.0,-0.0,-0.0,-0.0,0.0,112.58040000000119,343.40456045604924
2021-08-19 14:00:00,6571.844512750269,2311.2313872497325,-0.0,-0.0,-0.0,-0.0,0.0,112.58040000000119,450.32160000000476
2021-08-19 15:00:00,5361.559928229784,2271.49,1266.6635740438996,-0.0,-0.0,-0.0,0.0,0.047402273684216005,450.32160000000476
2021-08-19 16:00:00,3876.729602727009,2046.2,2160.0,-0.0,1052.7631972729919,-0.0,0.0,-0.0,450.27656784000476
2021-08-19 17:00:00,2309.873701181803,1860.7,2160.0,-0.0,3099.814798818198,-0.0,0.0,-0.0,450.2315401832208
2021-08-19 18:00:00,897.7615598276644,1723.8100000000002,2160.0,1287.7072401723353,3500.0,-0.0,112.58040000000119,-0.0,331.68083281867484
2021-08-19 19:00:00,5.937089313547362,1638.1499999999999,2160.0,2362.2822106864533,3500.0,-0.0,112.58040000000119,-0.0,213.14198052486543
2021-08-19 20:00:00,-0.0,1599.95,2160.0,2299.8998999999994,3500.0,-0.0,112.58040000000119,-0.0,94.61498211628538
2021-08-19 21:00:00,-0.0,1599.6399999999999,2160.0,2060.610155412831,3500.0,-0.0,89.87524458717007,-0.0,-0.0
2021-08-19 22:00:00,-0.0,1623.29,2160.0,1817.3002000000006,3500.0,-0.0,0.0,-0.0,-0.0
2021-08-19 23:00:00,-0.0,1654.54,2160.0,1526.2413000000006,3500.0,-0.0,0.0,-0.0,-0.0
2021-08-20 00:00:00,-0.0,1683.5900000000001,2160.0,697.9642999999996,3500.0,-0.0,0.0,-0.0,-0.0
2021-08-20 01:00:00,-0.0,1683.01,2160.0,502.01550000000043,3500.0,-0.0,0.0,-0.0,-0.0
2021-08-20 02:00:00,-0.0,1649.37,2160.0,400.5568999999996,3500.0,-0.0,0.0,-0.0,-0.0
2021-08-20 03:00:00,-0.0,1578.24,2160.0,464.09100000000035,3500.0,-0.0,0.0,-0.0,-0.0
2021-08-20 04:00:00,-0.0,1471.43,2160.0,719.9810999999991,3500.0,-0.0,0.0,-0.0,-0.0
2021-08-20 05:00:00,0.1450792501430746,1336.77,2160.0,1130.9631207498578,3500.0,-0.0,0.0,-0.0,-0.0
2021-08-20 06:00:00,875.8099532867855,1187.08,2160.0,731.0178467132155,3500.0,-0.0,0.0,-0.0,-0.0
2021-08-20 07:00:00,2302.050581616396,1038.41,2160.0,-0.0,3238.182318383605,-0.0,0.0,-0.0,-0.0
2021-08-20 08:00:00,3891.862484511164,907.8700000000001,2160.0,-0.0,1957.1664154888363,-0.0,0.0,-0.0,-0.0
2021-08-20 09:00:00,5401.791520288691,811.2900000000001,2160.0,-0.0,597.2031797113095,-0.0,0.0,-0.0,-0.0
2021-08-20 10:00:00,6634.094671003966,761.02,1552.71111942461,-0.0,-0.0,-0.0,0.0,23.778190428577243,22.58928090714838
2021-08-20 11:00:00,7437.476598642402,764.2500000000001,738.2009013575998,-0.0,-0.0,-0.0,0.0,112.58040000000119,129.5384019790588
2021-08-20 12:00:00,7716.2073179942045,821.91,306.29918200579687,-0.0,-0.0,-0.0,0.0,112.58040000000119,236.476828138862
2021-08-20 13:00:00,7437.476598642402,928.51,427.2554013575982,-0.0,-0.0,-0.0,0.0,112.58040000000119,343.40456045604924
2021-08-20 14:00:00,6634.094671003966,1072.76,1114.4777289960348,-0.0,-0.0,-0.0,0.0,112.58040000000119,450.32160000000476
2021-08-20 15:00:00,5401.791520288691,1239.03,2160.0,-0.0,41.331279711309435,-0.0,0.0,-0.0,450.27656784000476
2021-08-20 16:00:00,3891.862484511164,1409.32,2160.0,-0.0,1621.2857154888375,-0.0,0.0,-0.0,450.2315401832208
2021-08-20 17:00:00,2302.050581616396,1565.6100000000001,2160.0,-0.0,3353.8466183836035,-0.0,0.0,-0.0,450.18651702920243
2021-08-20 18:00:00,875.8099532867855,1692.15,2160.0,1296.8315467132143,3500.0,-0.0,112.58040000000119,-0.0,331.63581416697195
2021-08-20 19:00:00,0.1450792501430746,1777.5,2160.0,2188.6764207498572,3500.0,-0.0,112.58040000000119,-0.0,213.09696637502768
2021-08-20 20:00:00,-0.0,1815.91,2160.0,2048.3758,3500.0,-0.0,112.58040000000119,-0.0,94.56997246786261
2021-08-20 21:00:00,-0.0,1808.05,2160.0,1821.2002103029154,3500.0,-0.0,89.83248969708504,-0.0,-0.0
2021-08-20 22:00:00,-0.0,1760.72,2160.0,1653.3866000000007,3500.0,-0.0,0.0,-0.0,-0.0
2021-08-20 23:00:00,-0.0,1685.8799999999999,2160.0,1473.005399999999,3500.0,-0.0,0.0,-0.0,-0.0
2021-08-21 00:00:00,-0.0,1605.7099999999998,2160.0,191.85180000000037,3500.0,-0.0,0.0,-0.0,-0.0
2021-08-21 01:00:00,-0.0,1523.21,2160.0,82.46399999999994,3500.0,-0.0,0.0,-0.0,-0.0
2021-08-21 02:00:00,-0.0,1460.69,2160.0,14.544599999999718,3500.0,-0.0,0.0,-0.0,-0.0
2021-08-21 03:00:00,-0.0,1430.41,2160.0,41.90480000000025,3500.0,-0.0,0.0,-0.0,-0.0
2021-08-21 04:00:00,-0.0,1439.6000000000001,2160.0,186.48529999999937,3500.0,-0.0,0.0,-0.0,-0.0
2021-08-21 05:00:00,-0.0,1489.45,2160.0,417.7980000000007,3500.0,-0.0,0.0,-0.0,-0.0
2021-08-21 06:00:00,885.3070641999974,1574.9199999999998,2160.0,-0.0,3277.7500358000025,-0.0,0.0,-0.0,-0.0
2021-08-21 07:00:00,2380.1032181933697,1685.35,2160.0,-0.0,1961.9597818066304,-0.0,0.0,-0.0,-0.0
2021-08-21 08:00:00,4054.306604902132,1805.91,2160.0,-0.0,350.1479950978687,-0.0,0.0,-0.0,-0.0
2021-08-21 09:00:00,5647.9910077814875,1919.55,860.8984922185127,-0.0,-0.0,-0.0,0.0,-0.0,-0.0
2021-08-21 10:00:00,6950.35627637355,1460.300414055028,-0.0,-0.0,-0.0,-0.0,0.0,23.778190428577243,22.58928090714838
2021-08-21 11:00:00,7800.051964634583,607.3669353654195,-0.0,-0.0,-0.0,-0.0,0.0,112.58040000000119,129.5384019790588
2021-08-21 12:00:00,8094.964600348497,221.5829996515031,-0.0,-0.0,-0.0,-0.0,0.0,112.58040000000119,236.476828138862
2021-08-21 13:00:00,7800.051964634583,469.9387353654174,-0.0,-0.0,-0.0,-0.0,0.0,112.58040000000119,343.40456045604924
2021-08-21 14:00:00,6950.35627637355,1352.3138236264513,-0.0,-0.0,-0.0,-0.0,0.0,112.58040000000119,450.32160000000476
2021-08-21 15:00:00,5647.9910077814875,1771.54,908.5646944921964,-0.0,-0.0,-0.0,0.0,0.047402273684216005,450.32160000000476
2021-08-21 16:00:00,4054.306604902132,1600.6200000000001,2160.0,-0.0,757.9597950978691,-0.0,0.0,-0.0,450.27656784000476
2021-08-21 17:00:00,2380.1032181933697,1418.16,2160.0,-0.0,2918.1445818066313,-0.0,0.0,-0.0,450.2315401832208
2021-08-21 18:00:00,885.3070641999974,1242.4,2160.0,1236.4245358000016,3500.0,-0.0,112.58040000000119,-0.0,331.68083281867484
2021-08-21 19:00:00,-0.0,1090.46,2160.0,2379.5955999999996,3500.0,-0.0,112.58040000000119,-0.0,213.14198052486543
2021-08-21 20:00:00,-0.0,976.1400000000001,2160.0,2396.2218999999996,3500.0,-0.0,112.58040000000119,-0.0,94.61498211628538
2021-08-21 21:00:00,-0.0,908.1500000000001,2160.0,2233.42355541283,3500.0,-0.0,89.87524458717007,-0.0,-0.0
2021-08-21 22:00:00,-0.0,889.11,2160.0,2041.5929000000006,3500.0,-0.0,0.0,-0.0,-0.0
2021-08-21 23:00:00,-0.0,915.2299999999999,2160.0,1764.4221000000016,3500.0,-0.0,0.0,-0.0,-0.0
2021-08-22 00:00:00,-0.0,984.0300000000001,2160.0,905.6706000000013,3500.0,-0.0,0.0,-0.0,-0.0
2021-08-22 01:00:00,-0.0,1067.67,2160.0,634.1779999999999,3500.0,-0.0,0.0,-0.0,-0.0
2021-08-22 02:00:00,-0.0,1156.98,2160.0,418.3948999999998,3500.0,-0.0,0.0,-0.0,-0.0
2021-08-22 03:00:00,-0.0,1235.73,2160.0,340.61469999999963,3500.0,-0.0,0.0,-0.0,-0.0
2021-08-22 04:00:00,-0.0,1289.93,2160.0,443.9942000000001,3500.0,-0.0,0.0,-0.0,-0.0
2021-08-22 05:00:00,-0.0,1309.81,2160.0,709.0066000000006,3500.0,-0.0,0.0,-0.0,-0.0
2021-08-22 06:00:00,926.0854934325201,1291.25,2160.0,135.85540656748026,3500.0,-0.0,0.0,-0.0,-0.0
2021-08-22 07:00:00,2549.790141149174,1236.35,2160.0,-0.0,2360.042158850826,-0.0,0.0,-0.0,-0.0
2021-08-22 08:00:00,4377.409254913078,1153.3,2160.0,-0.0,801.8904450869222,-0.0,0.0,-0.0,-0.0
2021-08-22 09:00:00,6121.228361805879,1055.23,1377.5884381941214,-0.0,-0.0,-0.0,0.0,-0.0,-0.0
2021-08-22 10:00:00,7548.183226443886,958.54,9.037273556114087,-0.0,-0.0,-0.0,0.0,-0.0,-0.0
2021-08-22 11:00:00,8479.893330805031,59.58346919496944,-0.0,-0.0,-0.0,-0.0,0.0,112.58040000000119,106.95138000000112
2021-08-22 12:00:00,8451.68,-0.0,-0.0,-0.0,-0.0,-0.0,0.0,112.58040000000119,213.89206486200226
2021-08-22 13:00:00,8408.091000000002,-0.0,-0.0,-0.0,-0.0,-0.0,0.0,112.58040000000119,320.8220556555172
2021-08-22 14:00:00,7548.183226443886,895.4497735561154,-0.0,-0.0,-0.0,-0.0,0.0,112.58040000000119,427.7413534499528
2021-08-22 15:00:00,6121.228361805879,1018.95,1355.3986441787501,-0.0,-0.0,-0.0,0.0,23.81370598462839,450.32160000000476
2021-08-22 16:00:00,4377.409254913078,1186.3799999999999,2160.0,-0.0,995.4511450869222,-0.0,0.0,-0.0,450.27656784000476
2021-08-22 17:00:00,2549.790141149174,1393.8400000000001,2160.0,-0.0,2921.6575588508267,-0.0,0.0,-0.0,450.2315401832208
2021-08-22 18:00:00,926.0854934325201,1625.8600000000001,2160.0,963.4749065674787,3500.0,-0.0,112.58040000000119,-0.0,331.68083281867484
2021-08-22 19:00:00,-0.0,1864.5700000000002,2160.0,1759.0663000000004,3500.0,-0.0,112.58040000000119,-0.0,213.14198052486543
2021-08-22 20:00:00,-0.0,2092.02,2160.0,1436.0936000000002,3500.0,-0.0,112.58040000000119,-0.0,94.61498211628538
2021-08-22 21:00:00,-0.0,2292.4900000000002,2160.0,1006.8827554128293,3500.0,-0.0,89.87524458717007,-0.0,-0.0
2021-08-22 22:00:00,-0.0,2454.51,2160.0,635.9161000000004,3500.0,-0.0,0.0,-0.0,-0.0
2021-08-22 23:00:00,-0.0,2572.27,2160.0,268.9044999999992,3500.0,-0.0,0.0,-0.0,-0.0
2021-08-23 00:00:00,-0.0,2653.4999999999995,2160.0,-0.0,3466.658900000001,-0.0,0.0,-0.0,-0.0
2021-08-23 01:00:00,-0.0,2690.42,2160.0,-0.0,3243.4307,-0.0,0.0,-0.0,-0.0
2021-08-23 02:00:00,-0.0,2701.96,2160.0,-0.0,3106.8307000000004,-0.0,0.0,-0.0,-0.0
2021-08-23 03:00:00,-0.0,2703.2099999999996,2160.0,-0.0,3107.8323000000005,-0.0,0.0,-0.0,-0.0
2021-08-23 04:00:00,-0.0,2710.44,2160.0,-0.0,3259.3323000000005,-0.0,0.0,-0.0,-0.0
2021-08-23 05:00:00,-0.0,2738.8,2160.0,16.88259999999991,3500.0,-0.0,0.0,-0.0,-0.0
2021-08-23 06:00:00,893.3980223810535,2800.11,2160.0,-0.0,2897.431577618946,-0.0,0.0,-0.0,-0.0
2021-08-23 07:00:00,2522.615681603144,2901.16,2160.0,-0.0,1460.905418396856,-0.0,0.0,-0.0,-0.0
2021-08-23 08:00:00,4365.970314036413,3042.66,1823.0817859635881,-0.0,-0.0,-0.0,0.0,-0.0,-0.0
2021-08-23 09:00:00,6129.01800154433,3164.61829845567,-0.0,-0.0,-0.0,-0.0,0.0,-0.0,-0.0
2021-08-23 10:00:00,7573.706014526749,1681.985885473251,-0.0,-0.0,-0.0,-0.0,0.0,-0.0,-0.0
2021-08-23 11:00:00,8517.747855150054,673.0635352785235,-0.0,-0.0,-0.0,-0.0,0.0,23.778190428577243,22.58928090714838
2021-08-23 12:00:00,8845.626960473403,346.2574395265983,-0.0,-0.0,-0.0,-0.0,0.0,112.58040000000119,129.5384019790588
2021-08-23 13:00:00,8517.747855150054,630.4799448499471,-0.0,-0.0,-0.0,-0.0,0.0,112.58040000000119,236.476828138862
2021-08-23 14:00:00,7573.706014526749,1609.8583854732524,-0.0,-0.0,-0.0,-0.0,0.0,112.58040000000119,343.40456045604924
2021-08-23 15:00:00,6129.01800154433,3194.915198455671,-0.0,-0.0,-0.0,-0.0,0.0,112.58040000000119,450.32160000000476
2021-08-23 16:00:00,4365.970314036413,4227.99,864.4398882372716,-0.0,-0.0,-0.0,0.0,0.047402273684216005,450.32160000000476
2021-08-23 17:00:00,2522.615681603144,4193.02,2160.0,-0.0,888.1508183968558,-0.0,0.0,-0.0,450.27656784000476
2021-08-23 18:00:00,893.3980223810535,4110.33,2160.0,-0.0,2862.0227776189463,-0.0,0.0,-0.0,450.2315401832208
2021-08-23 19:00:00,-0.0,3993.04,2160.0,367.46230000000014,3500.0,-0.0,112.58040000000119,-0.0,331.68083281867484
2021-08-23 20:00:00,-0.0,3857.76,2160.0,406.2016999999996,3500.0,-0.0,112.58040000000119,-0.0,213.14198052486543
2021-08-23 21:00:00,-0.0,3722.37,2160.0,288.9952000000003,3500.0,-0.0,112.58040000000119,-0.0,94.61498211628538
2021-08-23 22:00:00,-0.0,3603.6600000000003,2160.0,130.30665541282906,3500.0,-0.0,89.87524458717007,-0.0,-0.0
2021-08-23 23:00:00,-0.0,3515.16,2160.0,58.01590000000033,3500.0,-0.0,0.0,-0.0,-0.0
2021-08-24 00:00:00,-0.0,3472.79,2160.0,-0.0,2811.1025999999993,-0.0,0.0,-0.0,-0.0
2021-08-24 01:00:00,-0.0,3464.1899999999996,2160.0,-0.0,2631.722600000002,-0.0,0.0,-0.0,-0.0
2021-08-24 02:00:00,-0.0,3492.8799999999997,2160.0,-0.0,2476.173400000001,-0.0,0.0,-0.0,-0.0
2021-08-24 03:00:00,-0.0,3549.35,2160.0,-0.0,2420.0310000000004,-0.0,0.0,-0.0,-0.0
2021-08-24 04:00:00,-0.0,3619.8,2160.0,-0.0,2506.2635,-0.0,0.0,-0.0,-0.0
2021-08-24 05:00:00,-0.0,3688.13,2160.0,-0.0,2721.6727999999994,-0.0,0.0,-0.0,-0.0
2021-08-24 06:00:00,744.211913464698,3738.27,2160.0,-0.0,2260.287286535303,-0.0,0.0,-0.0,-0.0
2021-08-24 07:00:00,2158.288204666928,3756.4399999999996,2160.0,-0.0,1119.373595333073,-0.0,0.0,-0.0,-0.0
2021-08-24 08:00:00,3766.8599705994266,3733.13,1878.616929400574,-0.0,-0.0,-0.0,0.0,-0.0,-0.0
2021-08-24 09:00:00,5309.186318928134,3664.5299999999997,464.1744810718674,-0.0,-0.0,-0.0,0.0,-0.0,-0.0
2021-08-24 10:00:00,6574.790737522406,2846.1817529061723,-0.0,-0.0,-0.0,-0.0,0.0,23.778190428577243,22.58928090714838
2021-08-24 11:00:00,7402.467859588645,2015.786840411356,-0.0,-0.0,-0.0,-0.0,0.0,112.58040000000119,129.5384019790588
2021-08-24 12:00:00,7690.048413199176,1637.5078868008259,-0.0,-0.0,-0.0,-0.0,0.0,112.58040000000119,236.476828138862
2021-08-24 13:00:00,7402.467859588645,1878.3586404113557,-0.0,-0.0,-0.0,-0.0,0.0,112.58040000000119,343.40456045604924
2021-08-24 14:00:00,6574.790737522406,2738.1964624775956,-0.0,-0.0,-0.0,-0.0,0.0,112.58040000000119,450.32160000000476
2021-08-24 15:00:00,5309.186318928134,2790.49,1237.8719833455507,-0.0,-0.0,-0.0,0.0,0.047402273684216005,450.32160000000476
2021-08-24 16:00:00,3766.8599705994266,2709.74,2160.0,-0.0,944.5287294005748,-0.0,0.0,-0.0,450.27656784000476
2021-08-24 17:00:00,2158.288204666928,2681.1800000000003,2160.0,-0.0,2883.628395333071,-0.0,0.0,-0.0,450.2315401832208
2021-08-24 18:00:00,744.211913464698,2706.5899999999997,2160.0,918.121786535301,3500.0,-0.0,112.58040000000119,-0.0,331.68083281867484
2021-08-24 19:00:00,-0.0,2781.2799999999997,2160.0,1691.3316999999997,3500.0,-0.0,112.58040000000119,-0.0,213.14198052486543
2021-08-24 20:00:00,-0.0,2894.73,2160.0,1477.6113999999998,3500.0,-0.0,112.58040000000119,-0.0,94.61498211628538
2021-08-24 21:00:00,-0.0,3032.0200000000004,2160.0,1106.6197554128303,3500.0,-0.0,89.87524458717007,-0.0,-0.0
2021-08-24 22:00:00,-0.0,3175.79,2160.0,748.7316999999994,3500.0,-0.0,0.0,-0.0,-0.0
2021-08-24 23:00:00,-0.0,3308.61,2160.0,361.2806999999998,3500.0,-0.0,0.0,-0.0,-0.0
2021-08-25 00:00:00,-0.0,3422.81,2160.0,-0.0,2954.0274000000004,-0.0,0.0,-0.0,-0.0
2021-08-25 01:00:00,-0.0,3492.1600000000003,2160.0,-0.0,2692.592,-0.0,0.0,-0.0,-0.0
2021-08-25 02:00:00,-0.0,3518.8199999999997,2160.0,-0.0,2534.9037000000008,-0.0,0.0,-0.0,-0.0
2021-08-25 03:00:00,-0.0,3503.6699999999996,2160.0,-0.0,2546.1498000000015,-0.0,0.0,-0.0,-0.0
2021-08-25 04:00:00,-0.0,3453.64,2160.0,-0.0,2748.5735999999993,-0.0,0.0,-0.0,-0.0
2021-08-25 05:00:00,-0.0,3380.7,2160.0,-0.0,3100.9096,-0.0,0.0,-0.0,-0.0
2021-08-25 06:00:00,575.384306067434,3300.13,2160.0,-0.0,2934.6689939325665,-0.0,0.0,-0.0,-0.0
2021-08-25 07:00:00,1716.6669672314083,3228.35,2160.0,-0.0,2152.058132768592,-0.0,0.0,-0.0,-0.0
2021-08-25 08:00:00,3022.2462992112555,3180.6,2160.0,-0.0,1074.2515007887437,-0.0,0.0,-0.0,-0.0
2021-08-25 09:00:00,4277.248772602763,3168.73,2045.8802273972378,-0.0,-0.0,-0.0,0.0,-0.0,-0.0
2021-08-25 10:00:00,5308.572522100606,3199.5099999999998,938.5221778993937,-0.0,-0.0,-0.0,0.0,-0.0,-0.0
2021-08-25 11:00:00,5983.603953131695,3273.59,117.07993729688314,-0.0,-0.0,-0.0,0.0,23.778190428577243,22.58928090714838
2021-08-25 12:00:00,6218.230580440003,3149.5308195599982,-0.0,-0.0,-0.0,-0.0,0.0,112.58040000000119,129.5384019790588
2021-08-25 13:00:00,5983.603953131695,3332.786646868306,-0.0,-0.0,-0.0,-0.0,0.0,112.58040000000119,236.476828138862
2021-08-25 14:00:00,5308.572522100606,3671.96,363.35827789939503,-0.0,-0.0,-0.0,0.0,112.58040000000119,343.40456045604924
2021-08-25 15:00:00,4277.248772602763,3813.49,1385.568727397238,-0.0,-0.0,-0.0,0.0,112.58040000000119,450.32160000000476
2021-08-25 16:00:00,3022.2462992112555,3930.12,2160.0,-0.0,490.30080078874516,-0.0,0.0,-0.0,450.27656784000476
2021-08-25 17:00:00,1716.6669672314083,4006.5099999999998,2160.0,-0.0,2016.7624327685912,-0.0,0.0,-0.0,450.2315401832208
2021-08-25 18:00:00,575.384306067434,4031.6800000000003,2160.0,-0.0,3386.5830939325656,-0.0,0.0,-0.0,450.18651702920243
2021-08-25 19:00:00,-0.0,4000.49,2160.0,479.5641999999989,3500.0,-0.0,112.58040000000119,-0.0,331.63581416697195
2021-08-25 20:00:00,-0.0,3914.2700000000004,2160.0,460.818299999999,3500.0,-0.0,112.58040000000119,-0.0,213.09696637502768
2021-08-25 21:00:00,-0.0,3780.5899999999997,2160.0,333.4023999999995,3500.0,-0.0,112.58040000000119,-0.0,94.56997246786261
2021-08-25 22:00:00,-0.0,3612.24,2160.0,215.83091030291644,3500.0,-0.0,89.83248969708504,-0.0,-0.0
2021-08-25 23:00:00,-0.0,3425.49,2160.0,233.1219000000001,3500.0,-0.0,0.0,-0.0,-0.0
2021-08-26 00:00:00,-0.0,3245.69,2160.0,-0.0,3115.4889000000007,-0.0,0.0,-0.0,-0.0
2021-08-26 01:00:00,-0.0,3073.75,2160.0,-0.0,3090.727200000001,-0.0,0.0,-0.0,-0.0
2021-08-26 02:00:00,-0.0,2930.71,2160.0,-0.0,3098.1498999999994,-0.0,0.0,-0.0,-0.0
2021-08-26 03:00:00,-0.0,2824.86,2160.0,-0.0,3195.5381999999995,-0.0,0.0,-0.0,-0.0
2021-08-26 04:00:00,-0.0,2758.4199999999996,2160.0,-0.0,3409.8493000000003,-0.0,0.0,-0.0,-0.0
2021-08-26 05:00:00,-0.0,2727.3599999999997,2160.0,215.82290000000012,3500.0,-0.0,0.0,-0.0,-0.0
2021-08-26 06:00:00,497.51022856755895,2722.0299999999997,2160.0,47.775571432441666,3500.0,-0.0,0.0,-0.0,-0.0
2021-08-26 07:00:00,1529.782573162491,2728.55,2160.0,-0.0,2791.4823268375085,-0.0,0.0,-0.0,-0.0
2021-08-26 08:00:00,2717.6021937954365,2730.8100000000004,2160.0,-0.0,1777.0821062045634,-0.0,0.0,-0.0,-0.0
2021-08-26 09:00:00,3862.4113967321196,2712.7400000000002,2160.0,-0.0,700.8154032678808,-0.0,0.0,-0.0,-0.0
2021-08-26 10:00:00,4804.567207103564,2660.6400000000003,2033.8554928964359,-0.0,-0.0,-0.0,0.0,112.58040000000119,106.95138000000112
2021-08-26 11:00:00,5421.756657096842,2565.1200000000003,1411.9066429031582,-0.0,-0.0,-0.0,0.0,112.58040000000119,213.89206486200226
2021-08-26 12:00:00,5636.362347885405,2422.55,1240.4508521145963,-0.0,-0.0,-0.0,0.0,112.58040000000119,320.8220556555172
2021-08-26 13:00:00,5421.756657096842,2235.63,1586.5692429031587,-0.0,-0.0,-0.0,0.0,112.58040000000119,427.7413534499528
2021-08-26 14:00:00,4804.567207103564,2013.22,2160.0,-0.0,177.1247928964358,-0.0,0.0,-0.0,427.6985793146078
2021-08-26 15:00:00,3862.4113967321196,1769.23,2160.0,-0.0,1491.7990032678822,-0.0,0.0,-0.0,427.65580945667637
2021-08-26 16:00:00,2717.6021937954365,1520.92,2160.0,-0.0,3120.0466062045625,-0.0,0.0,-0.0,427.6130438757307
2021-08-26 17:00:00,1529.782573162491,1286.65,2160.0,1223.0984268375087,3500.0,-0.0,112.58040000000119,-0.0,309.0645983608156
2021-08-26 18:00:00,497.51022856755895,1083.5500000000002,2160.0,2708.534871432441,3500.0,-0.0,112.58040000000119,-0.0,190.52800769045191
2021-08-26 19:00:00,-0.0,925.35,2160.0,3459.6754999999994,3500.0,-0.0,112.58040000000119,-0.0,72.00327067915532
2021-08-26 20:00:00,-0.0,820.5600000000001,2160.0,3500.217933165516,3500.0,-0.0,68.39626683448303,-0.0,-0.0
2021-08-26 21:00:00,-0.0,771.4799999999999,2160.0,3353.2261000000017,3500.0,-0.0,0.0,-0.0,-0.0
2021-08-26 22:00:00,-0.0,773.95,2160.0,3038.812000000001,3500.0,-0.0,0.0,-0.0,-0.0
2021-08-26 23:00:00,-0.0,818.01,2160.0,2732.2859000000008,3500.0,-0.0,0.0,-0.0,-0.0
2021-08-27 00:00:00,-0.0,897.25,2160.0,1852.7957999999999,3500.0,-0.0,0.0,-0.0,-0.0
2021-08-27 01:00:00,-0.0,978.86,2160.0,1571.514900000001,3500.0,-0.0,0.0,-0.0,-0.0
2021-08-27 02:00:00,-0.0,1053.92,2160.0,1357.9763000000003,3500.0,-0.0,0.0,-0.0,-0.0
2021-08-27 03:00:00,-0.0,1107.67,2160.0,1293.0124999999998,3500.0,-0.0,0.0,-0.0,-0.0
2021-08-27 04:00:00,-0.0,1129.56,2160.0,1416.3546000000006,3500.0,-0.0,0.0,-0.0,-0.0
2021-08-27 05:00:00,-0.0,1114.6200000000001,2160.0,1703.6822999999995,3500.0,-0.0,0.0,-0.0,-0.0
2021-08-27 06:00:00,499.3292991655067,1064.1200000000001,2160.0,1576.5757008344926,3500.0,-0.0,0.0,-0.0,-0.0
2021-08-27 07:00:00,1585.4372055058382,985.38,2160.0,849.4162944941618,3500.0,-0.0,0.0,-0.0,-0.0
2021-08-27 08:00:00,2842.883706265141,890.6899999999999,2160.0,-0.0,3360.1681937348603,-0.0,0.0,-0.0,-0.0
2021-08-27 09:00:00,4058.078665405852,795.6199999999999,2160.0,-0.0,2288.4682345941483,-0.0,0.0,-0.0,-0.0
2021-08-27 10:00:00,5059.683488509002,716.8199999999999,2160.0,-0.0,1314.253611490999,-0.0,0.0,-0.0,-0.0
2021-08-27 11:00:00,5716.390294252788,669.69,2160.0,-0.0,602.599505747211,-0.0,0.0,-0.0,-0.0
2021-08-27 12:00:00,5944.823153574219,666.21,2160.0,-0.0,276.55474642578156,-0.0,0.0,-0.0,-0.0
2021-08-27 13:00:00,5716.390294252788,713.1999999999999,2160.0,-0.0,401.0472057472125,-0.0,0.0,-0.0,-0.0
2021-08-27 14:00:00,5059.683488509002,811.3,2160.0,-0.0,981.7774114909989,-0.0,0.0,-0.0,-0.0
2021-08-27 15:00:00,4058.078665405852,954.7700000000001,2160.0,-0.0,1967.1575345941492,-0.0,0.0,-0.0,-0.0
2021-08-27 16:00:00,2842.883706265141,1132.1299999999999,2160.0,-0.0,3238.9703937348586,-0.0,0.0,-0.0,-0.0
2021-08-27 17:00:00,1585.4372055058382,1327.6,2160.0,1093.4715944941609,3500.0,-0.0,0.0,-0.0,-0.0
2021-08-27 18:00:00,499.3292991655067,1523.1200000000001,2160.0,2233.239600834494,3500.0,-0.0,0.0,-0.0,-0.0
2021-08-27 19:00:00,-0.0,1700.61,2160.0,2649.7605000000012,3500.0,-0.0,0.0,-0.0,-0.0
2021-08-27 20:00:00,-0.0,1844.3799999999999,2160.0,2396.945200000001,3500.0,-0.0,0.0,-0.0,-0.0
2021-08-27 21:00:00,-0.0,1943.05,2160.0,2033.3300000000008,3500.0,-0.0,0.0,-0.0,-0.0
2021-08-27 22:00:00,-0.0,1991.06,2160.0,1673.0340000000015,3500.0,-0.0,0.0,-0.0,-0.0
2021-08-27 23:00:00,-0.0,1989.2199999999998,2160.0,1412.2025000000012,3500.0,-0.0,0.0,-0.0,-0.0
2021-08-28 00:00:00,-0.0,1952.8000000000002,2160.0,81.56590000000051,3500.0,-0.0,0.0,-0.0,-0.0
2021-08-28 01:00:00,-0.0,1877.6599999999999,2160.0,-0.0,3457.103900000001,-0.0,0.0,-0.0,-0.0
2021-08-28 02:00:00,-0.0,1787.68,2160.0,-0.0,3408.809399999999,-0.0,0.0,-0.0,-0.0
2021-08-28 03:00:00,-0.0,1699.86,2160.0,-0.0,3485.7575000000006,-0.0,0.0,-0.0,-0.0
2021-08-28 04:00:00,-0.0,1630.1,2160.0,201.22670000000062,3500.0,-0.0,0.0,-0.0,-0.0
2021-08-28 05:00:00,-0.0,1591.06,2160.0,513.2680000000005,3500.0,-0.0,0.0,-0.0,-0.0
2021-08-28 06:00:00,495.032721372808,1590.4299999999998,2160.0,341.3380786271928,3500.0,-0.0,0.0,-0.0,-0.0
2021-08-28 07:00:00,1626.5615929502403,1629.86,2160.0,-0.0,2951.47040704976,-0.0,0.0,-0.0,-0.0
2021-08-28 08:00:00,2945.0083384235463,1704.77,2160.0,-0.0,1732.6399615764544,-0.0,0.0,-0.0,-0.0
2021-08-28 09:00:00,4222.698974548967,1804.9699999999998,2160.0,-0.0,404.3248254510336,-0.0,0.0,-0.0,-0.0
2021-08-28 10:00:00,5277.4586029160755,1916.06,1348.3484970839263,-0.0,-0.0,-0.0,0.0,-0.0,-0.0
2021-08-28 11:00:00,5969.620545406367,2021.47,539.8357445966267,-0.0,-0.0,-0.0,0.0,89.72339000299385,85.23722050284415
2021-08-28 12:00:00,6210.485580470827,2104.68,139.0689195291734,-0.0,-0.0,-0.0,0.0,112.58040000000119,192.180076780795
2021-08-28 13:00:00,5969.620545406367,2151.6,277.73535459363393,-0.0,-0.0,-0.0,0.0,112.58040000000119,299.112238773118
2021-08-28 14:00:00,5277.4586029160755,2152.5,992.9185970839253,-0.0,-0.0,-0.0,0.0,112.58040000000119,406.0337075492418
2021-08-28 15:00:00,4222.698974548967,2103.43,2160.0,-0.0,-0.0,-0.0,0.0,46.6615745489662,450.32160000000476
2021-08-28 16:00:00,2945.0083384235463,2006.8700000000001,2160.0,-0.0,1563.6144615764538,-0.0,0.0,-0.0,450.27656784000476
2021-08-28 17:00:00,1626.5615929502403,1871.47,2160.0,-0.0,3312.1582070497598,-0.0,0.0,-0.0,450.2315401832208
2021-08-28 18:00:00,495.032721372808,1711.0,2160.0,1243.0473786271914,3500.0,-0.0,112.58040000000119,-0.0,331.68083281867484
2021-08-28 19:00:00,-0.0,1542.6200000000001,2160.0,2003.5505999999996,3500.0,-0.0,112.58040000000119,-0.0,213.14198052486543
2021-08-28 20:00:00,-0.0,1384.68,2160.0,2054.9712,3500.0,-0.0,112.58040000000119,-0.0,94.61498211628538
2021-08-28 21:00:00,-0.0,1254.33,2160.0,1945.7201554128296,3500.0,-0.0,89.87524458717007,-0.0,-0.0
2021-08-28 22:00:00,-0.0,1165.34,2160.0,1815.0514999999996,3500.0,-0.0,0.0,-0.0,-0.0
2021-08-28 23:00:00,-0.0,1126.36,2160.0,1594.2226,3500.0,-0.0,0.0,-0.0,-0.0
2021-08-29 00:00:00,-0.0,1148.23,2160.0,775.5072,3500.0,-0.0,0.0,-0.0,-0.0
2021-08-29 01:00:00,-0.0,1210.24,2160.0,516.9684000000007,3500.0,-0.0,0.0,-0.0,-0.0
2021-08-29 02:00:00,-0.0,1311.04,2160.0,281.0698000000002,3500.0,-0.0,0.0,-0.0,-0.0
2021-08-29 03:00:00,-0.0,1436.49,2160.0,148.02390000000105,3500.0,-0.0,0.0,-0.0,-0.0
2021-08-29 04:00:00,-0.0,1570.0900000000001,2160.0,163.5039999999999,3500.0,-0.0,0.0,-0.0,-0.0
2021-08-29 05:00:00,-0.0,1695.24,2160.0,314.8211000000001,3500.0,-0.0,0.0,-0.0,-0.0
2021-08-29 06:00:00,462.08857164801134,1797.51,2160.0,76.49212835198887,3500.0,-0.0,0.0,-0.0,-0.0
2021-08-29 07:00:00,1574.9245398416244,1866.7,2160.0,-0.0,2679.2012601583765,-0.0,0.0,-0.0,-0.0
2021-08-29 08:00:00,2880.3029928597352,1898.1899999999998,2160.0,-0.0,1520.588807140265,-0.0,0.0,-0.0,-0.0
2021-08-29 09:00:00,4148.954075707011,1893.6,2160.0,-0.0,309.91352429298877,-0.0,0.0,-0.0,-0.0
2021-08-29 10:00:00,5197.921694010715,1860.58,1431.506996417861,-0.0,-0.0,-0.0,0.0,23.778190428577243,22.58928090714838
2021-08-29 11:00:00,5886.914212882494,1811.75,783.4461871175072,-0.0,-0.0,-0.0,0.0,112.58040000000119,129.5384019790588
2021-08-29 12:00:00,6126.774853138271,1763.0000000000002,496.8232468617298,-0.0,-0.0,-0.0,0.0,112.58040000000119,236.476828138862
2021-08-29 13:00:00,5886.914212882494,1731.23,717.280687117508,-0.0,-0.0,-0.0,0.0,112.58040000000119,343.40456045604924
2021-08-29 14:00:00,5197.921694010715,1732.1100000000001,1433.483605989285,-0.0,-0.0,-0.0,0.0,112.58040000000119,450.32160000000476
2021-08-29 15:00:00,4148.954075707011,1777.83,2160.0,-0.0,297.5516242929889,-0.0,0.0,-0.0,450.27656784000476
2021-08-29 16:00:00,2880.3029928597352,1875.38,2160.0,-0.0,1708.9681071402638,-0.0,0.0,-0.0,450.2315401832208
2021-08-29 17:00:00,1574.9245398416244,2025.5300000000002,2160.0,-0.0,3163.2355601583768,-0.0,0.0,-0.0,450.18651702920243
2021-08-29 18:00:00,462.08857164801134,2222.63,2160.0,722.2558283519875,3500.0,-0.0,112.58040000000119,-0.0,331.63581416697195
2021-08-29 19:00:00,-0.0,2455.23,2160.0,1053.2744000000002,3500.0,-0.0,112.58040000000119,-0.0,213.09696637502768
2021-08-29 20:00:00,-0.0,2707.56,2160.0,698.9087,3500.0,-0.0,112.58040000000119,-0.0,94.56997246786261
2021-08-29 21:00:00,-0.0,2961.46,2160.0,209.97311030291576,3500.0,-0.0,89.83248969708504,-0.0,-0.0
2021-08-29 22:00:00,-0.0,3198.7700000000004,2160.0,-0.0,3257.5195000000003,-0.0,0.0,-0.0,-0.0
2021-08-29 23:00:00,-0.0,3403.62,2160.0,-0.0,2797.448300000001,-0.0,0.0,-0.0,-0.0
2021-08-30 00:00:00,-0.0,3572.99,2160.0,-0.0,2403.0886,-0.0,0.0,-0.0,-0.0
2021-08-30 01:00:00,-0.0,3683.9,2160.0,-0.0,2100.2908,-0.0,0.0,-0.0,-0.0
2021-08-30 02:00:00,-0.0,3745.46,2160.0,-0.0,1908.2927,-0.0,0.0,-0.0,-0.0
2021-08-30 03:00:00,-0.0,3764.3700000000003,2160.0,-0.0,1886.462899999999,-0.0,0.0,-0.0,-0.0
2021-08-30 04:00:00,-0.0,3752.49,2160.0,-0.0,2052.1121000000003,-0.0,0.0,-0.0,-0.0
2021-08-30 05:00:00,-0.0,3725.1,2160.0,-0.0,2360.664800000001,-0.0,0.0,-0.0,-0.0
2021-08-30 06:00:00,457.04427771995984,3698.73,2160.0,-0.0,2260.7196222800394,-0.0,0.0,-0.0,-0.0
2021-08-30 07:00:00,1620.0888264053956,3688.8199999999997,2160.0,-0.0,1397.0209735946046,-0.0,0.0,-0.0,-0.0
2021-08-30 08:00:00,2993.9446854910375,3707.5399999999995,2160.0,-0.0,187.39801450896312,-0.0,0.0,-0.0,-0.0
2021-08-30 09:00:00,4333.081964023209,3762.06,1011.814335976791,-0.0,-0.0,-0.0,0.0,-0.0,-0.0
2021-08-30 10:00:00,5442.145871713103,3647.0276187154745,-0.0,-0.0,-0.0,-0.0,0.0,23.778190428577243,22.58928090714838
2021-08-30 11:00:00,6171.280703105239,2914.654996894763,-0.0,-0.0,-0.0,-0.0,0.0,112.58040000000119,129.5384019790588
2021-08-30 12:00:00,6425.236350509532,2569.8280494904693,-0.0,-0.0,-0.0,-0.0,0.0,112.58040000000119,236.476828138862
2021-08-30 13:00:00,6171.280703105239,2777.2267968947626,-0.0,-0.0,-0.0,-0.0,0.0,112.58040000000119,343.40456045604924
2021-08-30 14:00:00,5442.145871713103,3539.0423282868996,-0.0,-0.0,-0.0,-0.0,0.0,112.58040000000119,450.32160000000476
2021-08-30 15:00:00,4333.081964023209,4524.389999999999,149.09443597679092,-0.0,-0.0,-0.0,0.0,-0.0,450.27656784000476
2021-08-30 16:00:00,2993.9446854910375,4594.400000000001,1663.1533143161032,-0.0,-0.0,-0.0,0.0,0.09479980714104386,450.32160000000476
2021-08-30 17:00:00,1620.0888264053956,4612.06,2160.0,-0.0,1050.1966735946035,-0.0,112.58040000000119,-0.0,331.7708836294772
2021-08-30 18:00:00,457.04427771995984,4573.08,2160.0,-0.0,2512.5254222800404,-0.0,112.58040000000119,-0.0,213.23202233058672
2021-08-30 19:00:00,-0.0,4479.63,2160.0,-0.0,3168.943699999999,-0.0,112.58040000000119,-0.0,94.7050149178261
2021-08-30 20:00:00,-0.0,4340.13,2160.0,-0.0,3233.369632804482,-0.0,89.96076719551762,-0.0,-0.0
2021-08-30 21:00:00,-0.0,4168.17,2160.0,-0.0,3241.7955999999995,-0.0,0.0,-0.0,-0.0
2021-08-30 22:00:00,-0.0,3980.7599999999998,2160.0,-0.0,3128.461,-0.0,0.0,-0.0,-0.0
2021-08-30 23:00:00,-0.0,3796.1800000000003,2160.0,-0.0,3061.9889000000003,-0.0,0.0,-0.0,-0.0
2021-08-31 00:00:00,-0.0,3640.31,2160.0,-0.0,2430.2240000000015,-0.0,0.0,-0.0,-0.0
2021-08-31 01:00:00,-0.0,3509.4700000000003,2160.0,-0.0,2373.2127,-0.0,0.0,-0.0,-0.0
2021-08-31 02:00:00,-0.0,3421.18,2160.0,-0.0,2335.0282999999995,-0.0,0.0,-0.0,-0.0
2021-08-31 03:00:00,-0.0,3378.05,2160.0,-0.0,2379.1281,-0.0,0.0,-0.0,-0.0
2021-08-31 04:00:00,-0.0,3376.36,2160.0,-0.0,2538.3989000000006,-0.0,0.0,-0.0,-0.0
2021-08-31 05:00:00,-0.0,3406.65,2160.0,-0.0,2792.9999999999995,-0.0,0.0,-0.0,-0.0
2021-08-31 06:00:00,503.8825556315355,3455.15,2160.0,-0.0,2574.9917443684653,-0.0,0.0,-0.0,-0.0
2021-08-31 07:00:00,1863.007290856496,3505.72,2160.0,-0.0,1458.289709143504,-0.0,0.0,-0.0,-0.0
2021-08-31 08:00:00,3480.2949717398988,3542.19,2150.949428260101,-0.0,-0.0,-0.0,0.0,-0.0,-0.0
2021-08-31 09:00:00,5061.524878991588,3550.62,622.735321008412,-0.0,-0.0,-0.0,0.0,-0.0,-0.0
2021-08-31 10:00:00,6373.2756590736735,2847.0977313549033,-0.0,-0.0,-0.0,-0.0,0.0,23.778190428577243,22.58928090714838
2021-08-31 11:00:00,7236.486037482649,1983.8254625173522,-0.0,-0.0,-0.0,-0.0,0.0,112.58040000000119,129.5384019790588
2021-08-31 12:00:00,7537.2688028562,1595.244597143802,-0.0,-0.0,-0.0,-0.0,0.0,112.58040000000119,236.476828138862
2021-08-31 13:00:00,7236.486037482649,1852.4396625173522,-0.0,-0.0,-0.0,-0.0,0.0,112.58040000000119,343.40456045604924
2021-08-31 14:00:00,6373.2756590736735,2751.1907409263276,-0.0,-0.0,-0.0,-0.0,0.0,112.58040000000119,450.32160000000476
2021-08-31 15:00:00,5061.524878991588,2875.09,1216.0292232820957,-0.0,-0.0,-0.0,0.0,0.047402273684216005,450.32160000000476
2021-08-31 16:00:00,3480.2949717398988,2728.9799999999996,2160.0,-0.0,1030.7988282601018,-0.0,0.0,-0.0,450.27656784000476
2021-08-31 17:00:00,1863.007290856496,2614.98,2160.0,-0.0,3068.1351091435045,-0.0,0.0,-0.0,450.2315401832208
2021-08-31 18:00:00,503.8825556315355,2545.87,2160.0,1146.5025443684644,3500.0,-0.0,112.58040000000119,-0.0,331.68083281867484
2021-08-31 19:00:00,-0.0,2529.21,2160.0,1775.2596999999996,3500.0,-0.0,112.58040000000119,-0.0,213.14198052486543
2021-08-31 20:00:00,-0.0,2566.32,2160.0,1642.6270000000004,3500.0,-0.0,112.58040000000119,-0.0,94.61498211628538
2021-08-31 21:00:00,-0.0,2652.06,2160.0,1328.146155412831,3500.0,-0.0,89.87524458717007,-0.0,-0.0
2021-08-31 22:00:00,-0.0,2775.47,2160.0,995.7908000000007,3500.0,-0.0,0.0,-0.0,-0.0
2021-08-31 23:00:00,-0.0,2921.2,2160.0,600.8079000000007,3500.0,-0.0,0.0,-0.0,-0.0
2021-09-01 00:00:00,-0.0,3080.4199999999996,2160.0,-0.0,3155.8627,-0.0,0.0,-0.0,-0.0
2021-09-01 01:00:00,-0.0,3217.4700000000003,2160.0,-0.0,2832.5045,-0.0,0.0,-0.0,-0.0
2021-09-01 02:00:00,-0.0,3325.68,2160.0,-0.0,2599.2332,-0.0,0.0,-0.0,-0.0
2021-09-01 03:00:00,-0.0,3393.7400000000002,2160.0,-0.0,2533.4261,-0.0,0.0,-0.0,-0.0
2021-09-01 04:00:00,-0.0,3415.97,2160.0,-0.0,2669.9261,-0.0,0.0,-0.0,-0.0
2021-09-01 05:00:00,-0.0,3393.05,2160.0,-0.0,2978.7563999999993,-0.0,0.0,-0.0,-0.0
2021-09-01 06:00:00,540.5541260907773,3331.77,2160.0,-0.0,2834.739273909224,-0.0,0.0,-0.0,-0.0
2021-09-01 07:00:00,2091.3843504663328,3244.0,2160.0,-0.0,1665.4205495336682,-0.0,0.0,-0.0,-0.0
2021-09-01 08:00:00,3951.054818569538,3145.0,2160.0,-0.0,91.78108143046211,-0.0,0.0,-0.0,-0.0
2021-09-01 09:00:00,5774.946511598998,3051.2200000000003,583.5935884010014,-0.0,-0.0,-0.0,0.0,-0.0,-0.0
2021-09-01 10:00:00,7290.611757728335,2104.9821327002433,-0.0,-0.0,-0.0,-0.0,0.0,23.778190428577243,22.58928090714838
2021-09-01 11:00:00,8288.969037616744,1106.7683623832581,-0.0,-0.0,-0.0,-0.0,0.0,112.58040000000119,129.5384019790588
2021-09-01 12:00:00,8637.00299876766,671.0052012323395,-0.0,-0.0,-0.0,-0.0,0.0,112.58040000000119,236.476828138862
2021-09-01 13:00:00,8288.969037616744,975.3825623832563,-0.0,-0.0,-0.0,-0.0,0.0,112.58040000000119,343.40456045604924
2021-09-01 14:00:00,7290.611757728335,2009.0764422716675,-0.0,-0.0,-0.0,-0.0,0.0,112.58040000000119,450.32160000000476
2021-09-01 15:00:00,5774.946511598998,3147.39,405.18749067468616,-0.0,-0.0,-0.0,0.0,0.047402273684216005,450.32160000000476
2021-09-01 16:00:00,3951.054818569538,3254.2900000000004,2160.0,-0.0,209.13048143046126,-0.0,0.0,-0.0,450.27656784000476
2021-09-01 17:00:00,2091.3843504663328,3352.55,2160.0,-0.0,2275.9759495336666,-0.0,0.0,-0.0,450.2315401832208
2021-09-01 18:00:00,540.5541260907773,3424.88,2160.0,403.8600739092226,3500.0,-0.0,112.58040000000119,-0.0,331.68083281867484
2021-09-01 19:00:00,-0.0,3456.39,2160.0,1020.2361000000001,3500.0,-0.0,112.58040000000119,-0.0,213.14198052486543
2021-09-01 20:00:00,-0.0,3436.61,2160.0,943.4754999999986,3500.0,-0.0,112.58040000000119,-0.0,94.61498211628538
2021-09-01 21:00:00,-0.0,3360.91,2160.0,789.2841554128299,3500.0,-0.0,89.87524458717007,-0.0,-0.0
2021-09-01 22:00:00,-0.0,3231.12,2160.0,708.8457000000008,3500.0,-0.0,0.0,-0.0,-0.0
2021-09-01 23:00:00,-0.0,3055.3599999999997,2160.0,633.9397000000017,3500.0,-0.0,0.0,-0.0,-0.0
2021-09-02 00:00:00,-0.0,2856.0099999999998,2160.0,46.25540000000046,3500.0,-0.0,0.0,-0.0,-0.0
2021-09-02 01:00:00,-0.0,2631.6299999999997,2160.0,82.65540000000101,3500.0,-0.0,0.0,-0.0,-0.0
2021-09-02 02:00:00,-0.0,2409.3700000000003,2160.0,178.05619999999954,3500.0,-0.0,0.0,-0.0,-0.0
2021-09-02 03:00:00,-0.0,2206.19,2160.0,381.56380000000036,3500.0,-0.0,0.0,-0.0,-0.0
2021-09-02 04:00:00,-0.0,2035.75,2160.0,708.6849999999995,3500.0,-0.0,0.0,-0.0,-0.0
2021-09-02 05:00:00,-0.0,1906.72,2160.0,1121.4543000000003,3500.0,-0.0,0.0,-0.0,-0.0
2021-09-02 06:00:00,502.95628041908355,1821.69,2160.0,1036.4944195809157,3500.0,-0.0,0.0,-0.0,-0.0
2021-09-02 07:00:00,2043.7648765924482,1776.9099999999999,2160.0,-0.0,3331.7984234075516,-0.0,0.0,-0.0,-0.0
2021-09-02 08:00:00,3906.4038893524275,1762.98,2160.0,-0.0,1667.5945106475729,-0.0,0.0,-0.0,-0.0
2021-09-02 09:00:00,5739.111936813659,1766.23,2050.920363186342,-0.0,-0.0,-0.0,0.0,-0.0,-0.0
2021-09-02 10:00:00,7264.77649126055,1770.68,503.8874991680268,-0.0,-0.0,-0.0,0.0,23.778190428577243,22.58928090714838
2021-09-02 11:00:00,8270.722531925672,1265.9036680743284,-0.0,-0.0,-0.0,-0.0,0.0,112.58040000000119,129.5384019790588
2021-09-02 12:00:00,8621.546478656264,824.381321343737,-0.0,-0.0,-0.0,-0.0,0.0,112.58040000000119,236.476828138862
2021-09-02 13:00:00,8270.722531925672,1128.475468074328,-0.0,-0.0,-0.0,-0.0,0.0,112.58040000000119,343.40456045604924
2021-09-02 14:00:00,7264.77649126055,1526.56,640.0222087394513,-0.0,-0.0,-0.0,0.0,112.58040000000119,450.32160000000476
2021-09-02 15:00:00,5739.111936813659,1369.1999999999998,2160.0,-0.0,187.56046318634162,-0.0,0.0,-0.0,450.27656784000476
2021-09-02 16:00:00,3906.4038893524275,1181.4099999999999,2160.0,-0.0,2451.686310647573,-0.0,0.0,-0.0,450.2315401832208
2021-09-02 17:00:00,2043.7648765924482,976.84,2160.0,1208.2828234075514,3500.0,-0.0,112.58040000000119,-0.0,331.68083281867484
2021-09-02 18:00:00,502.95628041908355,772.4300000000001,2160.0,3211.9102195809146,3500.0,-0.0,112.58040000000119,-0.0,213.14198052486543
2021-09-02 19:00:00,-0.0,586.1899999999999,2160.0,4004.793199999999,3500.0,-0.0,112.58040000000119,-0.0,94.61498211628538
2021-09-02 20:00:00,-0.0,434.83,2160.0,4078.5880554128307,3500.0,-0.0,89.87524458717007,-0.0,-0.0
2021-09-02 21:00:00,-0.0,331.63,2160.0,4015.2565000000004,3500.0,-0.0,0.0,-0.0,-0.0
2021-09-02 22:00:00,-0.0,300.0,2160.0,3742.8932000000004,3500.0,-0.0,0.0,-0.0,-0.0
2021-09-02 23:00:00,-0.0,300.0,2160.0,3488.263500000001,3500.0,-0.0,0.0,-0.0,-0.0
2021-09-03 00:00:00,-0.0,369.21000000000004,2160.0,2628.2115000000003,3500.0,-0.0,0.0,-0.0,-0.0
2021-09-03 01:00:00,-0.0,476.31,2160.0,2329.0274,3500.0,-0.0,0.0,-0.0,-0.0
2021-09-03 02:00:00,-0.0,611.26,2160.0,2063.0478000000003,3500.0,-0.0,0.0,-0.0,-0.0
2021-09-03 03:00:00,-0.0,756.7,2160.0,1913.7052000000012,3500.0,-0.0,0.0,-0.0,-0.0
2021-09-03 04:00:00,-0.0,895.15,2160.0,1927.6489999999994,3500.0,-0.0,0.0,-0.0,-0.0
2021-09-03 05:00:00,-0.0,1011.35,2160.0,2090.8449999999993,3500.0,-0.0,0.0,-0.0,-0.0
2021-09-03 06:00:00,411.51171305967176,1094.2,2160.0,1925.055686940329,3500.0,-0.0,0.0,-0.0,-0.0
2021-09-03 07:00:00,1763.5275650276214,1138.27,2160.0,815.8616349723779,3500.0,-0.0,0.0,-0.0,-0.0
2021-09-03 08:00:00,3411.8845253262793,1144.37,2160.0,-0.0,2841.4273746737204,-0.0,0.0,-0.0,-0.0
2021-09-03 09:00:00,5039.138034700279,1119.3799999999999,2160.0,-0.0,1293.9263652997215,-0.0,0.0,-0.0,-0.0
2021-09-03 10:00:00,6396.209340538599,1075.22,2119.5389498899804,-0.0,-0.0,-0.0,0.0,23.778190428577243,22.58928090714838
2021-09-03 11:00:00,7291.895151094985,1027.1299999999999,1264.6350489050164,-0.0,-0.0,-0.0,0.0,112.58040000000119,129.5384019790588
2021-09-03 12:00:00,7604.418175787806,991.46,892.4673242121944,-0.0,-0.0,-0.0,0.0,112.58040000000119,236.476828138862
2021-09-03 13:00:00,7291.895151094985,983.39,1161.6895489050166,-0.0,-0.0,-0.0,0.0,112.58040000000119,343.40456045604924
2021-09-03 14:00:00,6396.209340538599,1014.72,2053.545559461403,-0.0,-0.0,-0.0,0.0,112.58040000000119,450.32160000000476
2021-09-03 15:00:00,5039.138034700279,1092.13,2160.0,-0.0,1193.0444652997212,-0.0,0.0,-0.0,450.27656784000476
2021-09-03 16:00:00,3411.8845253262793,1216.22,2160.0,-0.0,2935.147974673721,-0.0,0.0,-0.0,450.2315401832208
2021-09-03 17:00:00,1763.5275650276214,1381.22,2160.0,1103.1955349723785,3500.0,-0.0,112.58040000000119,-0.0,331.68083281867484
2021-09-03 18:00:00,411.51171305967176,1575.73,2160.0,2514.4093869403277,3500.0,-0.0,112.58040000000119,-0.0,213.14198052486543
2021-09-03 19:00:00,-0.0,1784.0500000000002,2160.0,2816.5883000000003,3500.0,-0.0,112.58040000000119,-0.0,94.61498211628538
2021-09-03 20:00:00,-0.0,1988.28,2160.0,2530.097555412831,3500.0,-0.0,89.87524458717007,-0.0,-0.0
2021-09-03 21:00:00,-0.0,2170.58,2160.0,2176.5769,3500.0,-0.0,0.0,-0.0,-0.0
2021-09-03 22:00:00,-0.0,2315.51,2160.0,1722.9775000000009,3500.0,-0.0,0.0,-0.0,-0.0
2021-09-03 23:00:00,-0.0,2411.99,2160.0,1367.2073,3500.0,-0.0,0.0,-0.0,-0.0
2021-09-04 00:00:00,-0.0,2464.27,2160.0,-0.0,3452.6781000000005,-0.0,0.0,-0.0,-0.0
2021-09-04 01:00:00,-0.0,2454.6299999999997,2160.0,-0.0,3265.6164000000003,-0.0,0.0,-0.0,-0.0
2021-09-04 02:00:00,-0.0,2400.0099999999998,2160.0,-0.0,3184.6191000000003,-0.0,0.0,-0.0,-0.0
2021-09-04 03:00:00,-0.0,2313.08,2160.0,-0.0,3263.0874000000003,-0.0,0.0,-0.0,-0.0
2021-09-04 04:00:00,-0.0,2210.01,2160.0,14.02850000000035,3500.0,-0.0,0.0,-0.0,-0.0
2021-09-04 05:00:00,-0.0,2108.2400000000002,2160.0,390.7121000000002,3500.0,-0.0,0.0,-0.0,-0.0
2021-09-04 06:00:00,334.2179525603691,2024.15,2160.0,464.7170474396321,3500.0,-0.0,0.0,-0.0,-0.0
2021-09-04 07:00:00,1517.6293959774289,1970.8700000000001,2160.0,-0.0,3117.0847040225713,-0.0,0.0,-0.0,-0.0
2021-09-04 08:00:00,2973.399231682314,1956.54,2160.0,-0.0,1851.3242683176868,-0.0,0.0,-0.0,-0.0
2021-09-04 09:00:00,4415.45349827752,1983.26,2160.0,-0.0,433.02250172248023,-0.0,0.0,-0.0,-0.0
2021-09-04 10:00:00,5620.303190888799,2046.8700000000001,1275.0783091112016,-0.0,-0.0,-0.0,0.0,-0.0,-0.0
2021-09-04 11:00:00,6416.330716539212,2137.59,311.82957388936575,-0.0,-0.0,-0.0,0.0,23.778190428577243,22.58928090714838
2021-09-04 12:00:00,6694.224440217112,2160.9079597828886,-0.0,-0.0,-0.0,-0.0,0.0,112.58040000000119,129.5384019790588
2021-09-04 13:00:00,6416.330716539212,2341.97,41.425683460790424,-0.0,-0.0,-0.0,0.0,112.58040000000119,236.476828138862
2021-09-04 14:00:00,5620.303190888799,2423.17,779.7884091112028,-0.0,-0.0,-0.0,0.0,112.58040000000119,343.40456045604924
2021-09-04 15:00:00,4415.45349827752,2471.1,2065.23650172248,-0.0,-0.0,-0.0,0.0,112.58040000000119,450.32160000000476
2021-09-04 16:00:00,2973.399231682314,2476.2400000000002,2160.0,-0.0,1464.6987683176858,-0.0,0.0,-0.0,450.27656784000476
2021-09-04 17:00:00,1517.6293959774289,2434.77,2160.0,-0.0,3255.481204022571,-0.0,0.0,-0.0,450.2315401832208
2021-09-04 18:00:00,334.2179525603691,2349.24,2160.0,1161.9063474396307,3500.0,-0.0,112.58040000000119,-0.0,331.68083281867484
2021-09-04 19:00:00,-0.0,2228.34,2160.0,1712.4547000000002,3500.0,-0.0,112.58040000000119,-0.0,213.14198052486543
2021-09-04 20:00:00,-0.0,2085.8199999999997,2160.0,1746.5429999999997,3500.0,-0.0,112.58040000000119,-0.0,94.61498211628538
2021-09-04 21:00:00,-0.0,1938.75,2160.0,1651.8500554128295,3500.0,-0.0,89.87524458717007,-0.0,-0.0
2021-09-04 22:00:00,-0.0,1805.32,2160.0,1563.2112000000016,3500.0,-0.0,0.0,-0.0,-0.0
2021-09-04 23:00:00,-0.0,1702.5100000000002,2160.0,1403.5551000000014,3500.0,-0.0,0.0,-0.0,-0.0
2021-09-05 00:00:00,-0.0,1653.46,2160.0,654.4961000000003,3500.0,-0.0,0.0,-0.0,-0.0
2021-09-05 01:00:00,-0.0,1647.2800000000002,2160.0,461.00520000000006,3500.0,-0.0,0.0,-0.0,-0.0
2021-09-05 02:00:00,-0.0,1695.71,2160.0,274.09660000000076,3500.0,-0.0,0.0,-0.0,-0.0
2021-09-05 03:00:00,-0.0,1794.4199999999998,2160.0,164.17280000000028,3500.0,-0.0,0.0,-0.0,-0.0
2021-09-05 04:00:00,-0.0,1933.26,2160.0,170.5648999999994,3500.0,-0.0,0.0,-0.0,-0.0
2021-09-05 05:00:00,-0.0,2097.66,2160.0,278.5526000000009,3500.0,-0.0,0.0,-0.0,-0.0
2021-09-05 06:00:00,294.06448009769355,2270.64,2160.0,133.23081990230594,3500.0,-0.0,0.0,-0.0,-0.0
2021-09-05 07:00:00,1422.4685678258904,2435.1,2160.0,-0.0,2620.5752321741093,-0.0,0.0,-0.0,-0.0
2021-09-05 08:00:00,2823.733245246255,2576.1299999999997,2160.0,-0.0,1251.7889547537457,-0.0,0.0,-0.0,-0.0
2021-09-05 09:00:00,4216.694925581508,2683.01,1960.3722744184934,-0.0,-0.0,-0.0,0.0,-0.0,-0.0
2021-09-05 10:00:00,5382.719178866036,2750.6000000000004,675.3495211339641,-0.0,-0.0,-0.0,0.0,-0.0,-0.0
2021-09-05 11:00:00,6153.915832857345,2665.254667142657,-0.0,-0.0,-0.0,-0.0,0.0,112.58040000000119,106.95138000000112
2021-09-05 12:00:00,6423.261040719122,2294.8175592808784,-0.0,-0.0,-0.0,-0.0,0.0,112.58040000000119,213.89206486200226
2021-09-05 13:00:00,6153.915832857345,2507.212367142656,-0.0,-0.0,-0.0,-0.0,0.0,112.58040000000119,320.8220556555172
2021-09-05 14:00:00,5382.719178866036,2734.31,477.4468495614374,-0.0,-0.0,-0.0,0.0,23.804828427471122,343.40456045604924
2021-09-05 15:00:00,4216.694925581508,2723.62,1870.1819744184922,-0.0,-0.0,-0.0,0.0,112.58040000000119,450.32160000000476
2021-09-05 16:00:00,2823.733245246255,2741.3300000000004,2160.0,-0.0,1176.1908930994687,-0.0,30.640261654276784,-0.0,418.0236608355029
2021-09-05 17:00:00,1422.4685678258904,2799.3,2160.0,-0.0,2842.6505321741106,-0.0,0.0,-0.0,417.9818584694193
2021-09-05 18:00:00,294.06448009769355,2904.23,2160.0,502.7243199023069,3500.0,-0.0,112.58040000000119,-0.0,299.4343760730448
2021-09-05 19:00:00,-0.0,3056.68,2160.0,739.0203999999994,3500.0,-0.0,112.58040000000119,-0.0,180.8987484249099
2021-09-05 20:00:00,-0.0,3250.7999999999997,2160.0,435.8551000000002,3500.0,-0.0,112.58040000000119,-0.0,62.37497433953985
2021-09-05 21:00:00,-0.0,3475.04,2160.0,-0.0,3500.0,-0.0,59.25030000000061,-0.0,-0.0
2021-09-05 22:00:00,-0.0,3713.5499999999997,2160.0,-0.0,3008.454300000001,-0.0,0.0,-0.0,-0.0
2021-09-05 23:00:00,-0.0,3948.18,2160.0,-0.0,2511.1528000000003,-0.0,0.0,-0.0,-0.0
2021-09-06 00:00:00,-0.0,4170.62,2160.0,-0.0,2057.7457000000004,-0.0,0.0,-0.0,-0.0
2021-09-06 01:00:00,-0.0,4345.51,2160.0,-0.0,1683.2537000000002,-0.0,0.0,-0.0,-0.0
2021-09-06 02:00:00,-0.0,4471.25,2160.0,-0.0,1419.239200000001,-0.0,0.0,-0.0,-0.0
2021-09-06 03:00:00,-0.0,4542.22,2160.0,-0.0,1337.3972999999996,-0.0,0.0,-0.0,-0.0
2021-09-06 04:00:00,-0.0,4559.2300000000005,2160.0,-0.0,1466.0964999999997,-0.0,0.0,-0.0,-0.0
2021-09-06 05:00:00,-0.0,4529.34,2160.0,-0.0,1768.9878000000008,-0.0,0.0,-0.0,-0.0
2021-09-06 06:00:00,258.3861445048159,4464.78,2160.0,-0.0,1897.6344554951847,-0.0,0.0,-0.0,-0.0
2021-09-06 07:00:00,1339.7957151289754,4381.25,2160.0,-0.0,1180.846084871024,-0.0,0.0,-0.0,-0.0
2021-09-06 08:00:00,2696.152784658899,4295.74,2160.0,-0.0,84.52531534110221,-0.0,0.0,-0.0,-0.0
2021-09-06 09:00:00,4049.3850703395865,4224.19,1012.4185296604137,-0.0,-0.0,-0.0,0.0,-0.0,-0.0
2021-09-06 10:00:00,5184.34004420886,4075.3050462197184,-0.0,-0.0,-0.0,-0.0,0.0,23.778190428577243,22.58928090714838
2021-09-06 11:00:00,5935.805920180712,3311.9758798192906,-0.0,-0.0,-0.0,-0.0,0.0,112.58040000000119,129.5384019790588
2021-09-06 12:00:00,6198.3882029973565,2949.8460970026435,-0.0,-0.0,-0.0,-0.0,0.0,112.58040000000119,236.476828138862
2021-09-06 13:00:00,5935.805920180712,3157.1497798192886,-0.0,-0.0,-0.0,-0.0,0.0,112.58040000000119,343.40456045604924
2021-09-06 14:00:00,5184.34004420886,3932.536955791141,-0.0,-0.0,-0.0,-0.0,0.0,112.58040000000119,450.32160000000476
2021-09-06 15:00:00,4049.3850703395865,4414.78,669.3495319340964,-0.0,-0.0,-0.0,0.0,0.047402273684216005,450.32160000000476
2021-09-06 16:00:00,2696.152784658899,4490.61,2160.0,-0.0,-0.0,-0.0,22.72981534110113,-0.0,426.35044642831934
2021-09-06 17:00:00,1339.7957151289754,4540.5,2160.0,-0.0,1511.3121848710236,-0.0,112.58040000000119,-0.0,307.80212717314896
2021-09-06 18:00:00,258.3861445048159,4550.4,2160.0,-0.0,2834.293755495183,-0.0,112.58040000000119,-0.0,189.26566274990407
2021-09-06 19:00:00,-0.0,4510.68,2160.0,-0.0,3229.4903999999988,-0.0,112.58040000000119,-0.0,70.74105197310152
2021-09-06 20:00:00,-0.0,4417.46,2160.0,-0.0,3261.5741210254914,-0.0,67.197278974509,-0.0,-0.0
2021-09-06 21:00:00,-0.0,4273.29,2160.0,-0.0,3210.6352000000015,-0.0,0.0,-0.0,-0.0
2021-09-06 22:00:00,-0.0,4086.9,2160.0,-0.0,3087.491300000001,-0.0,0.0,-0.0,-0.0
2021-09-06 23:00:00,-0.0,3872.1699999999996,2160.0,-0.0,3042.4111000000016,-0.0,0.0,-0.0,-0.0
2021-09-07 00:00:00,-0.0,3656.3,2160.0,-0.0,2463.5027,-0.0,0.0,-0.0,-0.0
2021-09-07 01:00:00,-0.0,3437.81,2160.0,-0.0,2485.463900000001,-0.0,0.0,-0.0,-0.0
2021-09-07 02:00:00,-0.0,3243.89,2160.0,-0.0,2544.2853,-0.0,0.0,-0.0,-0.0
2021-09-07 03:00:00,-0.0,3088.44,2160.0,-0.0,2692.1394000000005,-0.0,0.0,-0.0,-0.0
2021-09-07 04:00:00,-0.0,2980.1899999999996,2160.0,-0.0,2949.4708,-0.0,0.0,-0.0,-0.0
2021-09-07 05:00:00,-0.0,2921.72,2160.0,-0.0,3284.4066,-0.0,0.0,-0.0,-0.0
2021-09-07 06:00:00,207.86508562806983,2909.16,2160.0,-0.0,3415.1311143719317,-0.0,0.0,-0.0,-0.0
2021-09-07 07:00:00,1163.7587849938325,2932.9,2160.0,-0.0,2720.232515006169,-0.0,0.0,-0.0,-0.0
2021-09-07 08:00:00,2375.416042419517,2978.9300000000003,2160.0,-0.0,1640.8012575804833,-0.0,0.0,-0.0,-0.0
2021-09-07 09:00:00,3588.8030909045997,3030.84,2160.0,-0.0,428.89130909540063,-0.0,0.0,-0.0,-0.0
2021-09-07 10:00:00,4608.48702056404,3072.15,1505.4371698645373,-0.0,-0.0,-0.0,0.0,23.778190428577243,22.58928090714838
2021-09-07 11:00:00,5284.377767153669,3088.5499999999997,805.2494328463335,-0.0,-0.0,-0.0,0.0,112.58040000000119,129.5384019790588
2021-09-07 12:00:00,5520.667225867463,3069.9500000000003,492.0476741325365,-0.0,-0.0,-0.0,0.0,112.58040000000119,236.476828138862
2021-09-07 13:00:00,5284.377767153669,3011.86,735.2526328463309,-0.0,-0.0,-0.0,0.0,112.58040000000119,343.40456045604924
2021-09-07 14:00:00,4608.48702056404,2916.04,1535.0550794359615,-0.0,-0.0,-0.0,0.0,112.58040000000119,450.32160000000476
2021-09-07 15:00:00,3588.8030909045997,2790.24,2160.0,-0.0,541.3594090954007,-0.0,0.0,-0.0,450.27656784000476
2021-09-07 16:00:00,2375.416042419517,2647.23,2160.0,-0.0,2138.071857580485,-0.0,0.0,-0.0,450.2315401832208
2021-09-07 17:00:00,1163.7587849938325,2503.0200000000004,2160.0,180.39641500616654,3500.0,-0.0,112.58040000000119,-0.0,331.68083281867484
2021-09-07 18:00:00,207.86508562806983,2374.6600000000003,2160.0,1520.5148143719298,3500.0,-0.0,112.58040000000119,-0.0,213.14198052486543
2021-09-07 19:00:00,-0.0,2277.95,2160.0,1926.6212000000005,3500.0,-0.0,112.58040000000119,-0.0,94.61498211628538
2021-09-07 20:00:00,-0.0,2225.21,2160.0,1900.0293554128311,3500.0,-0.0,89.87524458717007,-0.0,-0.0
2021-09-07 21:00:00,-0.0,2223.58,2160.0,1733.7511000000013,3500.0,-0.0,0.0,-0.0,-0.0
2021-09-07 22:00:00,-0.0,2274.0,2160.0,1378.3550000000014,3500.0,-0.0,0.0,-0.0,-0.0
2021-09-07 23:00:00,-0.0,2370.94,2160.0,1026.195099999999,3500.0,-0.0,0.0,-0.0,-0.0
2021-09-08 00:00:00,-0.0,2513.25,2160.0,93.9310000000005,3500.0,-0.0,0.0,-0.0,-0.0
2021-09-08 01:00:00,-0.0,2665.04,2160.0,-0.0,3250.2519,-0.0,0.0,-0.0,-0.0
2021-09-08 02:00:00,-0.0,2818.46,2160.0,-0.0,2966.3938000000007,-0.0,0.0,-0.0,-0.0
2021-09-08 03:00:00,-0.0,2955.4799999999996,2160.0,-0.0,2826.4540000000006,-0.0,0.0,-0.0,-0.0
2021-09-08 04:00:00,-0.0,3060.41,2160.0,-0.0,2875.2932,-0.0,0.0,-0.0,-0.0
2021-09-08 05:00:00,-0.0,3121.83,2160.0,-0.0,3095.0359000000008,-0.0,0.0,-0.0,-0.0
2021-09-08 06:00:00,168.31425005060396,3134.0499999999997,2160.0,-0.0,3245.2320499493953,-0.0,0.0,-0.0,-0.0
2021-09-08 07:00:00,1026.1566962042855,3097.7700000000004,2160.0,-0.0,2713.104203795714,-0.0,0.0,-0.0,-0.0
2021-09-08 08:00:00,2125.756972807923,3019.87,2160.0,-0.0,1874.3568271920772,-0.0,0.0,-0.0,-0.0
2021-09-08 09:00:00,3231.205059186558,2912.3700000000003,2160.0,-0.0,934.4823408134425,-0.0,0.0,-0.0,-0.0
2021-09-08 10:00:00,4162.055847989162,2790.72,2160.0,-0.0,83.72055201083822,-0.0,0.0,-0.0,-0.0
2021-09-08 11:00:00,4779.758655329099,2671.62,1765.6594446709023,-0.0,-0.0,-0.0,0.0,112.58040000000119,106.95138000000112
2021-09-08 12:00:00,4995.826298561412,2570.67,1559.6705014385889,-0.0,-0.0,-0.0,0.0,112.58040000000119,213.89206486200226
2021-09-08 13:00:00,4779.758655329099,2500.2000000000003,1799.6499446709013,-0.0,-0.0,-0.0,0.0,112.58040000000119,320.8220556555172
2021-09-08 14:00:00,4162.055847989162,2467.56,2160.0,-0.0,210.0930520108377,-0.0,0.0,-0.0,320.7899734499517
2021-09-08 15:00:00,3231.205059186558,2474.06,2160.0,-0.0,1272.4024408134437,-0.0,0.0,-0.0,320.7578944526067
2021-09-08 16:00:00,2125.756972807923,2514.74,2160.0,-0.0,2582.0086271920777,-0.0,0.0,-0.0,320.7258186631615
2021-09-08 17:00:00,1026.1566962042855,2579.0800000000004,2160.0,308.2099037957141,3500.0,-0.0,112.58040000000119,-0.0,202.1880618707676
2021-09-08 18:00:00,168.31425005060396,2652.33,2160.0,1353.1065499493961,3500.0,-0.0,112.58040000000119,-0.0,83.66215885405296
2021-09-08 19:00:00,-0.0,2717.5899999999997,2160.0,1595.1940969937405,3500.0,-0.0,79.47110300625918,-0.0,-0.0
2021-09-08 20:00:00,-0.0,2758.06,2160.0,1536.5015000000003,3500.0,-0.0,0.0,-0.0,-0.0
2021-09-08 21:00:00,-0.0,2759.33,2160.0,1281.7379999999994,3500.0,-0.0,0.0,-0.0,-0.0
2021-09-08 22:00:00,-0.0,2711.4500000000003,2160.0,1028.8720999999987,3500.0,-0.0,0.0,-0.0,-0.0
2021-09-08 23:00:00,-0.0,2610.25,2160.0,879.0213000000003,3500.0,-0.0,0.0,-0.0,-0.0
2021-09-09 00:00:00,-0.0,2468.31,2160.0,235.31410000000096,3500.0,-0.0,0.0,-0.0,-0.0
2021-09-09 01:00:00,-0.0,2273.58,2160.0,242.1927999999998,3500.0,-0.0,0.0,-0.0,-0.0
2021-09-09 02:00:00,-0.0,2050.0299999999997,2160.0,339.26840000000084,3500.0,-0.0,0.0,-0.0,-0.0
2021-09-09 03:00:00,-0.0,1814.78,2160.0,575.4882000000007,3500.0,-0.0,0.0,-0.0,-0.0
2021-09-09 04:00:00,-0.0,1586.19,2160.0,961.6589999999997,3500.0,-0.0,0.0,-0.0,-0.0
2021-09-09 05:00:00,-0.0,1381.48,2160.0,1451.2614000000012,3500.0,-0.0,0.0,-0.0,-0.0
2021-09-09 06:00:00,164.39711029674092,1214.53,2160.0,1788.18728970326,3500.0,-0.0,0.0,-0.0,-0.0
2021-09-09 07:00:00,1102.6357809143233,1094.16,2160.0,1263.3113190856766,3500.0,-0.0,0.0,-0.0,-0.0
2021-09-09 08:00:00,2319.6944504222574,1023.06,2160.0,303.7700495777426,3500.0,-0.0,0.0,-0.0,-0.0
2021-09-09 09:00:00,3548.1027812683074,997.53,2160.0,-0.0,2662.338818731692,-0.0,0.0,-0.0,-0.0
2021-09-09 10:00:00,4584.649383771301,1008.1700000000001,2160.0,-0.0,1576.8659162286986,-0.0,0.0,-0.0,-0.0
2021-09-09 11:00:00,5273.273624546564,1041.2,2160.0,-0.0,766.3475754534365,-0.0,0.0,-0.0,-0.0
2021-09-09 12:00:00,5514.26141897653,1080.52,2160.0,-0.0,398.24168102346994,-0.0,0.0,-0.0,-0.0
2021-09-09 13:00:00,5273.273624546564,1109.96,2160.0,-0.0,566.2017754534363,-0.0,0.0,-0.0,-0.0
2021-09-09 14:00:00,4584.649383771301,1115.5800000000002,2160.0,-0.0,1284.7480162286993,-0.0,0.0,-0.0,-0.0
2021-09-09 15:00:00,3548.1027812683074,1087.68,2160.0,-0.0,2489.9040187316937,-0.0,0.0,-0.0,-0.0
2021-09-09 16:00:00,2319.6944504222574,1022.16,2160.0,531.3107495777422,3500.0,-0.0,0.0,-0.0,-0.0
2021-09-09 17:00:00,1102.6357809143233,921.19,2160.0,2155.3867190856763,3500.0,-0.0,0.0,-0.0,-0.0
2021-09-09 18:00:00,164.39711029674092,792.97,2160.0,3484.5584897032595,3500.0,-0.0,0.0,-0.0,-0.0
2021-09-09 19:00:00,-0.0,650.6800000000001,2160.0,3899.4614999999994,3500.0,-0.0,0.0,-0.0,-0.0
2021-09-09 20:00:00,-0.0,510.75,2160.0,3943.8675000000003,3500.0,-0.0,0.0,-0.0,-0.0
2021-09-09 21:00:00,-0.0,390.65999999999997,2160.0,3812.5115000000005,3500.0,-0.0,0.0,-0.0,-0.0
2021-09-09 22:00:00,-0.0,306.6,2160.0,3597.750900000001,3500.0,-0.0,0.0,-0.0,-0.0
2021-09-09 23:00:00,-0.0,300.0,2160.0,3355.098,3500.0,-0.0,0.0,-0.0,-0.0
2021-09-10 00:00:00,-0.0,302.65,2160.0,2568.6728000000003,3500.0,-0.0,0.0,-0.0,-0.0
2021-09-10 01:00:00,-0.0,381.03,2160.0,2303.9846000000007,3500.0,-0.0,0.0,-0.0,-0.0
2021-09-10 02:00:00,-0.0,511.66,2160.0,2048.294600000001,3500.0,-0.0,0.0,-0.0,-0.0
2021-09-10 03:00:00,-0.0,683.48,2160.0,1878.726200000001,3500.0,-0.0,0.0,-0.0,-0.0
2021-09-10 04:00:00,-0.0,881.04,2160.0,1839.8962000000001,3500.0,-0.0,0.0,-0.0,-0.0
2021-09-10 05:00:00,-0.0,1086.5,2160.0,1920.3465000000015,3500.0,-0.0,0.0,-0.0,-0.0
2021-09-10 06:00:00,177.97876009859647,1281.95,2160.0,1882.174739901403,3500.0,-0.0,0.0,-0.0,-0.0
2021-09-10 07:00:00,1329.6513275612788,1451.6899999999998,2160.0,854.503672438721,3500.0,-0.0,0.0,-0.0,-0.0
2021-09-10 08:00:00,2842.671667361085,1584.2800000000002,2160.0,-0.0,2895.9243326389146,-0.0,0.0,-0.0,-0.0
2021-09-10 09:00:00,4376.058901892516,1673.9499999999998,2160.0,-0.0,1334.791298107486,-0.0,0.0,-0.0,-0.0
2021-09-10 10:00:00,5672.699120075086,1721.26,2136.6748703534913,-0.0,-0.0,-0.0,0.0,23.778190428577243,22.58928090714838
2021-09-10 11:00:00,6535.139462464072,1732.8799999999999,1262.7580375359285,-0.0,-0.0,-0.0,0.0,112.58040000000119,129.5384019790588
2021-09-10 12:00:00,6837.116341665721,1720.57,885.3619583342816,-0.0,-0.0,-0.0,0.0,112.58040000000119,236.476828138862
2021-09-10 13:00:00,6535.139462464072,1699.4699999999998,1164.782237535931,-0.0,-0.0,-0.0,0.0,112.58040000000119,343.40456045604924
2021-09-10 14:00:00,5672.699120075086,1685.9099999999999,2076.1191799249145,-0.0,-0.0,-0.0,0.0,112.58040000000119,450.32160000000476
2021-09-10 15:00:00,4376.058901892516,1695.06,2160.0,-0.0,1231.397798107485,-0.0,0.0,-0.0,450.27656784000476
2021-09-10 16:00:00,2842.671667361085,1738.8100000000002,2160.0,-0.0,2968.035032638915,-0.0,0.0,-0.0,450.2315401832208
2021-09-10 17:00:00,1329.6513275612788,1823.98,2160.0,1088.7386724387206,3500.0,-0.0,112.58040000000119,-0.0,331.68083281867484
2021-09-10 18:00:00,177.97876009859647,1951.3500000000001,2160.0,2375.0055399014036,3500.0,-0.0,112.58040000000119,-0.0,213.14198052486543
2021-09-10 19:00:00,-0.0,2115.41,2160.0,2496.2562,3500.0,-0.0,112.58040000000119,-0.0,94.61498211628538
2021-09-10 20:00:00,-0.0,2305.01,2160.0,2232.8207554128294,3500.0,-0.0,89.87524458717007,-0.0,-0.0
2021-09-10 21:00:00,-0.0,2504.8199999999997,2160.0,1870.2895000000008,3500.0,-0.0,0.0,-0.0,-0.0
2021-09-10 22:00:00,-0.0,2697.29,2160.0,1377.7158000000009,3500.0,-0.0,0.0,-0.0,-0.0
2021-09-10 23:00:00,-0.0,2864.9900000000002,2160.0,959.3498,3500.0,-0.0,0.0,-0.0,-0.0
2021-09-11 00:00:00,-0.0,3003.48,2160.0,-0.0,2968.7427999999995,-0.0,0.0,-0.0,-0.0
2021-09-11 01:00:00,-0.0,3080.9900000000002,2160.0,-0.0,2703.2515,-0.0,0.0,-0.0,-0.0
2021-09-11 02:00:00,-0.0,3103.34,2160.0,-0.0,2554.0423,-0.0,0.0,-0.0,-0.0
2021-09-11 03:00:00,-0.0,3072.22,2160.0,-0.0,2585.4899,-0.0,0.0,-0.0,-0.0
2021-09-11 04:00:00,-0.0,2995.59,2160.0,-0.0,2818.8024000000005,-0.0,0.0,-0.0,-0.0
2021-09-11 05:00:00,-0.0,2886.61,2160.0,-0.0,3211.5217,-0.0,0.0,-0.0,-0.0
2021-09-11 06:00:00,173.84958144067818,2761.8900000000003,2160.0,-0.0,3495.3585185593224,-0.0,0.0,-0.0,-0.0
2021-09-11 07:00:00,1468.804648333125,2639.34,2160.0,-0.0,2614.2860516668757,-0.0,0.0,-0.0,-0.0
2021-09-11 08:00:00,3193.3282149568968,2535.76,2160.0,-0.0,1177.8475850431023,-0.0,0.0,-0.0,-0.0
2021-09-11 09:00:00,4948.485823245494,2464.69,1713.0438767545047,-0.0,-0.0,-0.0,0.0,-0.0,-0.0
2021-09-11 10:00:00,6435.88293548157,2434.63,215.01026451842972,-0.0,-0.0,-0.0,0.0,-0.0,-0.0
2021-09-11 11:00:00,7426.383615977616,1680.1999840223862,-0.0,-0.0,-0.0,-0.0,0.0,112.58040000000119,106.95138000000112
2021-09-11 12:00:00,7773.4020223775315,1242.4831776224692,-0.0,-0.0,-0.0,-0.0,0.0,112.58040000000119,213.89206486200226
2021-09-11 13:00:00,7426.383615977616,1542.7717840223859,-0.0,-0.0,-0.0,-0.0,0.0,112.58040000000119,320.8220556555172
2021-09-11 14:00:00,6435.88293548157,2565.43316451843,-0.0,-0.0,-0.0,-0.0,0.0,112.58040000000119,427.7413534499528
2021-09-11 15:00:00,4948.485823245494,2782.1299999999997,1319.0276827391344,-0.0,-0.0,-0.0,0.0,23.81370598462839,450.32160000000476
2021-09-11 16:00:00,3193.3282149568968,2865.18,2160.0,-0.0,1050.9493850431027,-0.0,0.0,-0.0,450.27656784000476
2021-09-11 17:00:00,1468.804648333125,2918.29,2160.0,-0.0,3024.3308516668762,-0.0,0.0,-0.0,450.2315401832208
2021-09-11 18:00:00,173.84958144067818,2931.89,2160.0,951.5130185593225,3500.0,-0.0,112.58040000000119,-0.0,331.68083281867484
2021-09-11 19:00:00,-0.0,2902.09,2160.0,1258.8505999999998,3500.0,-0.0,112.58040000000119,-0.0,213.14198052486543
2021-09-11 20:00:00,-0.0,2831.2799999999997,2160.0,1229.3903,3500.0,-0.0,112.58040000000119,-0.0,94.61498211628538
2021-09-11 21:00:00,-0.0,2727.9700000000003,2160.0,1098.99865541283,3500.0,-0.0,89.87524458717007,-0.0,-0.0
2021-09-11 22:00:00,-0.0,2605.6400000000003,2160.0,1007.2106000000013,3500.0,-0.0,0.0,-0.0,-0.0
2021-09-11 23:00:00,-0.0,2481.09,2160.0,877.1309000000001,3500.0,-0.0,0.0,-0.0,-0.0
2021-09-12 00:00:00,-0.0,2382.9,2160.0,186.3482999999992,3500.0,-0.0,0.0,-0.0,-0.0
2021-09-12 01:00:00,-0.0,2306.19,2160.0,70.97290000000021,3500.0,-0.0,0.0,-0.0,-0.0
2021-09-12 02:00:00,-0.0,2274.81,2160.0,-0.0,3471.3246000000004,-0.0,0.0,-0.0,-0.0
2021-09-12 03:00:00,-0.0,2296.67,2160.0,-0.0,3445.562000000001,-0.0,0.0,-0.0,-0.0
2021-09-12 04:00:00,-0.0,2373.45,2160.0,21.17450000000008,3500.0,-0.0,0.0,-0.0,-0.0
2021-09-12 05:00:00,-0.0,2500.3199999999997,2160.0,173.70180000000073,3500.0,-0.0,0.0,-0.0,-0.0
2021-09-12 06:00:00,145.45868818191036,2666.6499999999996,2160.0,190.48551181808944,3500.0,-0.0,0.0,-0.0,-0.0
2021-09-12 07:00:00,1416.8885966665414,2857.3700000000003,2160.0,-0.0,2515.227403333459,-0.0,0.0,-0.0,-0.0
2021-09-12 08:00:00,3134.9505566877874,3055.03,2160.0,-0.0,779.5281433122127,-0.0,0.0,-0.0,-0.0
2021-09-12 09:00:00,4891.179519438981,3242.04,1051.0503805610206,-0.0,-0.0,-0.0,0.0,-0.0,-0.0
2021-09-12 10:00:00,6382.817409756161,2779.977680672416,-0.0,-0.0,-0.0,-0.0,0.0,23.778190428577243,22.58928090714838
2021-09-12 11:00:00,7377.335669486937,1778.1513305130638,-0.0,-0.0,-0.0,-0.0,0.0,112.58040000000119,129.5384019790588
2021-09-12 12:00:00,7725.961107580746,1334.211192419254,-0.0,-0.0,-0.0,-0.0,0.0,112.58040000000119,236.476828138862
2021-09-12 13:00:00,7377.335669486937,1631.4658305130642,-0.0,-0.0,-0.0,-0.0,0.0,112.58040000000119,343.40456045604924
2021-09-12 14:00:00,6382.817409756161,2653.4842902438386,-0.0,-0.0,-0.0,-0.0,0.0,112.58040000000119,450.32160000000476
2021-09-12 15:00:00,4891.179519438981,3631.61,533.397182834703,-0.0,-0.0,-0.0,0.0,0.047402273684216005,450.32160000000476
2021-09-12 16:00:00,3134.9505566877874,3604.1600000000003,2160.0,-0.0,392.2140223898875,-0.0,3.7534209223261175,-0.0,446.32559844808253
2021-09-12 17:00:00,1416.8885966665414,3584.9199999999996,2160.0,-0.0,2430.541703333459,-0.0,0.0,-0.0,446.28096588823774
2021-09-12 18:00:00,145.45868818191036,3589.0499999999997,2160.0,338.96921181808966,3500.0,-0.0,112.58040000000119,-0.0,327.7306535811213
2021-09-12 19:00:00,-0.0,3628.2999999999997,2160.0,544.1650999999997,3500.0,-0.0,112.58040000000119,-0.0,209.19219630523563
2021-09-12 20:00:00,-0.0,3709.38,2160.0,358.1192000000001,3500.0,-0.0,112.58040000000119,-0.0,90.66559287507755
2021-09-12 21:00:00,-0.0,3832.86,2160.0,-0.0,3500.0,-0.0,86.12370000000055,-0.0,-0.0
2021-09-12 22:00:00,-0.0,3993.0,2160.0,-0.0,3117.3143,-0.0,0.0,-0.0,-0.0
2021-09-12 23:00:00,-0.0,4178.38,2160.0,-0.0,2672.6441000000004,-0.0,0.0,-0.0,-0.0
2021-09-13 00:00:00,-0.0,4384.26,2160.0,-0.0,2240.328800000001,-0.0,0.0,-0.0,-0.0
2021-09-13 01:00:00,-0.0,4570.9800000000005,2160.0,-0.0,1856.9070999999994,-0.0,0.0,-0.0,-0.0
2021-09-13 02:00:00,-0.0,4731.61,2160.0,-0.0,1560.6585000000005,-0.0,0.0,-0.0,-0.0
2021-09-13 03:00:00,-0.0,4850.78,2160.0,-0.0,1433.0281000000004,-0.0,0.0,-0.0,-0.0
2021-09-13 04:00:00,-0.0,4917.4800000000005,2160.0,-0.0,1514.1992,-0.0,0.0,-0.0,-0.0
2021-09-13 05:00:00,-0.0,4926.55,2160.0,-0.0,1780.0415000000003,-0.0,0.0,-0.0,-0.0
2021-09-13 06:00:00,113.01673586145513,4879.26,2160.0,-0.0,2038.4476641385438,-0.0,0.0,-0.0,-0.0
2021-09-13 07:00:00,1301.43899337961,4783.19,2160.0,-0.0,1228.5945066203903,-0.0,0.0,-0.0,-0.0
2021-09-13 08:00:00,2932.754721757616,4651.1,2065.0481782423844,-0.0,-0.0,-0.0,0.0,-0.0,-0.0
2021-09-13 09:00:00,4607.839743909555,4499.2300000000005,592.306956090445,-0.0,-0.0,-0.0,0.0,-0.0,-0.0
2021-09-13 10:00:00,6033.801373681198,3639.8677167473793,-0.0,-0.0,-0.0,-0.0,0.0,23.778190428577243,22.58928090714838
2021-09-13 11:00:00,6985.722133581504,2676.4710664184977,-0.0,-0.0,-0.0,-0.0,0.0,112.58040000000119,129.5384019790588
2021-09-13 12:00:00,7319.605287872312,2243.167812127688,-0.0,-0.0,-0.0,-0.0,0.0,112.58040000000119,236.476828138862
2021-09-13 13:00:00,6985.722133581504,2521.6436664184976,-0.0,-0.0,-0.0,-0.0,0.0,112.58040000000119,343.40456045604924
2021-09-13 14:00:00,6033.801373681198,3497.1009263188034,-0.0,-0.0,-0.0,-0.0,0.0,112.58040000000119,450.32160000000476
2021-09-13 15:00:00,4607.839743909555,3973.02,966.036658364128,-0.0,-0.0,-0.0,0.0,0.047402273684216005,450.32160000000476
2021-09-13 16:00:00,2932.754721757616,3992.58,2160.0,-0.0,696.6439782423836,-0.0,0.0,-0.0,450.27656784000476
2021-09-13 17:00:00,1301.43899337961,4022.52,2160.0,-0.0,2591.5623066203902,-0.0,0.0,-0.0,450.2315401832208
2021-09-13 18:00:00,113.01673586145513,4046.6800000000003,2160.0,393.30696413854366,3500.0,-0.0,112.58040000000119,-0.0,331.68083281867484
2021-09-13 19:00:00,-0.0,4049.01,2160.0,599.4241000000002,3500.0,-0.0,112.58040000000119,-0.0,213.14198052486543
2021-09-13 20:00:00,-0.0,4015.75,2160.0,524.2523999999994,3500.0,-0.0,112.58040000000119,-0.0,94.61498211628538
2021-09-13 21:00:00,-0.0,3937.53,2160.0,360.7107554128297,3500.0,-0.0,89.87524458717007,-0.0,-0.0
2021-09-13 22:00:00,-0.0,3810.65,2160.0,265.5206000000012,3500.0,-0.0,0.0,-0.0,-0.0
2021-09-13 23:00:00,-0.0,3637.82,2160.0,175.88449999999966,3500.0,-0.0,0.0,-0.0,-0.0
2021-09-14 00:00:00,-0.0,3438.89,2160.0,-0.0,3078.493,-0.0,0.0,-0.0,-0.0
2021-09-14 01:00:00,-0.0,3205.67,2160.0,-0.0,3112.0421000000006,-0.0,0.0,-0.0,-0.0
2021-09-14 02:00:00,-0.0,2966.41,2160.0,-0.0,3212.8222000000005,-0.0,0.0,-0.0,-0.0
2021-09-14 03:00:00,-0.0,2739.46,2160.0,-0.0,3428.5597000000007,-0.0,0.0,-0.0,-0.0
2021-09-14 04:00:00,-0.0,2541.91,2160.0,271.34050000000025,3500.0,-0.0,0.0,-0.0,-0.0
2021-09-14 05:00:00,-0.0,2387.44,2160.0,698.1981999999989,3500.0,-0.0,0.0,-0.0,-0.0
2021-09-14 06:00:00,88.6434218374186,2284.5299999999997,2160.0,1034.1887781625828,3500.0,-0.0,0.0,-0.0,-0.0
2021-09-14 07:00:00,1248.0609892692776,2235.45,2160.0,204.05841073072315,3500.0,-0.0,0.0,-0.0,-0.0
2021-09-14 08:00:00,2866.8775822503417,2236.0099999999998,2160.0,-0.0,2258.191517749659,-0.0,0.0,-0.0,-0.0
2021-09-14 09:00:00,4536.895990589592,2276.18,2160.0,-0.0,596.4281094104081,-0.0,0.0,-0.0,-0.0
2021-09-14 10:00:00,5961.853225552552,2341.56,1238.4592648760254,-0.0,-0.0,-0.0,0.0,23.778190428577243,22.58928090714838
2021-09-14 11:00:00,6914.320822626474,2415.29,198.98527737352651,-0.0,-0.0,-0.0,0.0,112.58040000000119,129.5384019790588
2021-09-14 12:00:00,7248.583414956119,2178.9220850438824,-0.0,-0.0,-0.0,-0.0,0.0,112.58040000000119,236.476828138862
2021-09-14 13:00:00,6914.320822626474,2456.234277373527,-0.0,-0.0,-0.0,-0.0,0.0,112.58040000000119,343.40456045604924
2021-09-14 14:00:00,5961.853225552552,2529.96,900.8639744474494,-0.0,-0.0,-0.0,0.0,112.58040000000119,450.32160000000476
2021-09-14 15:00:00,4536.895990589592,2498.81,2160.0,-0.0,211.63610941041043,-0.0,0.0,-0.0,450.27656784000476
2021-09-14 16:00:00,2866.8775822503417,2429.98,2160.0,-0.0,2184.4624177496585,-0.0,0.0,-0.0,450.2315401832208
2021-09-14 17:00:00,1248.0609892692776,2330.79,2160.0,582.4146107307215,3500.0,-0.0,112.58040000000119,-0.0,331.68083281867484
2021-09-14 18:00:00,88.6434218374186,2213.52,2160.0,2108.282278162579,3500.0,-0.0,112.58040000000119,-0.0,213.14198052486543
2021-09-14 19:00:00,-0.0,2093.7400000000002,2160.0,2411.3873000000003,3500.0,-0.0,112.58040000000119,-0.0,94.61498211628538
2021-09-14 20:00:00,-0.0,1988.1299999999999,2160.0,2430.6571554128295,3500.0,-0.0,89.87524458717007,-0.0,-0.0
2021-09-14 21:00:00,-0.0,1912.11,2160.0,2331.6071999999995,3500.0,-0.0,0.0,-0.0,-0.0
2021-09-14 22:00:00,-0.0,1877.6699999999998,2160.0,2053.761200000001,3500.0,-0.0,0.0,-0.0,-0.0
2021-09-14 23:00:00,-0.0,1891.67,2160.0,1777.0897000000004,3500.0,-0.0,0.0,-0.0,-0.0
2021-09-15 00:00:00,-0.0,1965.98,2160.0,906.5635000000002,3500.0,-0.0,0.0,-0.0,-0.0
2021-09-15 01:00:00,-0.0,2072.5499999999997,2160.0,600.3915000000015,3500.0,-0.0,0.0,-0.0,-0.0
2021-09-15 02:00:00,-0.0,2211.14,2160.0,323.5270000000014,3500.0,-0.0,0.0,-0.0,-0.0
2021-09-15 03:00:00,-0.0,2366.04,2160.0,157.7551000000003,3500.0,-0.0,0.0,-0.0,-0.0
2021-09-15 04:00:00,-0.0,2519.24,2160.0,150.26430000000073,3500.0,-0.0,0.0,-0.0,-0.0
2021-09-15 05:00:00,-0.0,2652.77,2160.0,289.73560000000043,3500.0,-0.0,0.0,-0.0,-0.0
2021-09-15 06:00:00,66.23425766147291,2751.0099999999998,2160.0,447.73414233852736,3500.0,-0.0,0.0,-0.0,-0.0
2021-09-15 07:00:00,1195.8882589293642,2802.69,2160.0,-0.0,3047.491341070636,-0.0,0.0,-0.0,-0.0
2021-09-15 08:00:00,2802.719073860146,2802.33,2160.0,-0.0,1615.5468261398541,-0.0,0.0,-0.0,-0.0
2021-09-15 09:00:00,4468.34046492583,2750.8700000000003,2160.0,-0.0,50.960935074170266,-0.0,0.0,-0.0,-0.0
2021-09-15 10:00:00,5892.95174167691,2655.48,855.3911487516671,-0.0,-0.0,-0.0,0.0,23.778190428577243,22.58928090714838
2021-09-15 11:00:00,6846.412573617197,2528.5299999999997,17.017026382804943,-0.0,-0.0,-0.0,0.0,112.58040000000119,129.5384019790588
2021-09-15 12:00:00,7181.222003120457,2111.1900968795444,-0.0,-0.0,-0.0,-0.0,0.0,112.58040000000119,236.476828138862
2021-09-15 13:00:00,6846.412573617197,2244.5,146.22092638280265,-0.0,-0.0,-0.0,0.0,112.58040000000119,343.40456045604924
2021-09-15 14:00:00,5892.95174167691,2120.57,1247.5330583230898,-0.0,-0.0,-0.0,0.0,112.58040000000119,450.32160000000476
2021-09-15 15:00:00,4468.34046492583,2026.83,2160.0,-0.0,622.4732350741706,-0.0,0.0,-0.0,450.27656784000476
2021-09-15 16:00:00,2802.719073860146,1971.1000000000001,2160.0,-0.0,2579.8513261398525,-0.0,0.0,-0.0,450.2315401832208
2021-09-15 17:00:00,1195.8882589293642,1955.1499999999999,2160.0,884.7474410706363,3500.0,-0.0,112.58040000000119,-0.0,331.68083281867484
2021-09-15 18:00:00,66.23425766147291,1974.54,2160.0,2246.4821423385274,3500.0,-0.0,112.58040000000119,-0.0,213.14198052486543
2021-09-15 19:00:00,-0.0,2019.1999999999998,2160.0,2365.1482000000005,3500.0,-0.0,112.58040000000119,-0.0,94.61498211628538
2021-09-15 20:00:00,-0.0,2074.88,2160.0,2225.6539554128303,3500.0,-0.0,89.87524458717007,-0.0,-0.0
2021-09-15 21:00:00,-0.0,2125.09,2160.0,2003.0130000000008,3500.0,-0.0,0.0,-0.0,-0.0
2021-09-15 22:00:00,-0.0,2153.48,2160.0,1665.089100000001,3500.0,-0.0,0.0,-0.0,-0.0
2021-09-15 23:00:00,-0.0,2146.0499999999997,2160.0,1412.7089000000014,3500.0,-0.0,0.0,-0.0,-0.0
2021-09-16 00:00:00,-0.0,2104.51,2160.0,661.1721999999991,3500.0,-0.0,0.0,-0.0,-0.0
2021-09-16 01:00:00,-0.0,2002.39,2160.0,566.7634000000007,3500.0,-0.0,0.0,-0.0,-0.0
2021-09-16 02:00:00,-0.0,1853.58,2160.0,580.4748,3500.0,-0.0,0.0,-0.0,-0.0
2021-09-16 03:00:00,-0.0,1666.82,2160.0,759.6389000000008,3500.0,-0.0,0.0,-0.0,-0.0
2021-09-16 04:00:00,-0.0,1456.0,2160.0,1119.5390000000007,3500.0,-0.0,0.0,-0.0,-0.0
2021-09-16 05:00:00,-0.0,1238.35,2160.0,1613.6561000000002,3500.0,-0.0,0.0,-0.0,-0.0
2021-09-16 06:00:00,41.39222606005106,1032.29,2160.0,2104.3534739399493,3500.0,-0.0,0.0,-0.0,-0.0
2021-09-16 07:00:00,1030.207755265973,855.05,2160.0,1577.513044734027,3500.0,-0.0,0.0,-0.0,-0.0
2021-09-16 08:00:00,2465.699975777784,720.47,2160.0,454.85682422221726,3500.0,-0.0,0.0,-0.0,-0.0
2021-09-16 09:00:00,3961.1099265986845,637.2600000000001,2160.0,-0.0,2596.0426734013167,-0.0,0.0,-0.0,-0.0
2021-09-16 10:00:00,5243.2645396515845,607.94,2160.0,-0.0,1296.9709603484162,-0.0,0.0,-0.0,-0.0
2021-09-16 11:00:00,6102.5354584220595,628.59,2160.0,-0.0,320.3495415779407,-0.0,0.0,-0.0,-0.0
2021-09-16 12:00:00,6404.445377969798,689.53,2134.5677220302023,-0.0,-0.0,-0.0,0.0,112.58040000000119,106.95138000000112
2021-09-16 13:00:00,6102.5354584220595,776.65,2160.0,-0.0,25.604041577941643,-0.0,0.0,-0.0,106.94068486200112
2021-09-16 14:00:00,5243.2645396515845,873.5,2160.0,-0.0,816.1153603484154,-0.0,0.0,-0.0,106.92999079351492
2021-09-16 15:00:00,3961.1099265986845,963.47,2160.0,-0.0,2141.7007734013164,-0.0,0.0,-0.0,106.91929779443556
2021-09-16 16:00:00,2465.699975777784,1032.17,2160.0,207.16294865079317,3500.0,-0.0,101.56317557142333,-0.0,-0.0
2021-09-16 17:00:00,1030.207755265973,1069.4199999999998,2160.0,2006.0073447340264,3500.0,-0.0,0.0,-0.0,-0.0
2021-09-16 18:00:00,41.39222606005106,1070.6000000000001,2160.0,3249.507573939948,3500.0,-0.0,0.0,-0.0,-0.0
2021-09-16 19:00:00,-0.0,1037.3400000000001,2160.0,3425.6898,3500.0,-0.0,0.0,-0.0,-0.0
2021-09-16 20:00:00,-0.0,977.31,2160.0,3383.6841000000004,3500.0,-0.0,0.0,-0.0,-0.0
2021-09-16 21:00:00,-0.0,903.12,2160.0,3200.0906000000004,3500.0,-0.0,0.0,-0.0,-0.0
2021-09-16 22:00:00,-0.0,830.64,2160.0,2967.5945,3500.0,-0.0,0.0,-0.0,-0.0
2021-09-16 23:00:00,-0.0,776.82,2160.0,2766.193300000001,3500.0,-0.0,0.0,-0.0,-0.0
2021-09-17 00:00:00,-0.0,768.74,2160.0,1985.978000000001,3500.0,-0.0,0.0,-0.0,-0.0
2021-09-17 01:00:00,-0.0,795.7,2160.0,1767.1302000000005,3500.0,-0.0,0.0,-0.0,-0.0
2021-09-17 02:00:00,-0.0,876.15,2160.0,1556.2408000000005,3500.0,-0.0,0.0,-0.0,-0.0
2021-09-17 03:00:00,-0.0,1010.8499999999999,2160.0,1418.621000000001,3500.0,-0.0,0.0,-0.0,-0.0
2021-09-17 04:00:00,-0.0,1194.1499999999999,2160.0,1389.0902000000006,3500.0,-0.0,0.0,-0.0,-0.0
2021-09-17 05:00:00,-0.0,1414.6100000000001,2160.0,1449.7942000000003,3500.0,-0.0,0.0,-0.0,-0.0
2021-09-17 06:00:00,20.668213174228782,1656.4499999999998,2160.0,1518.0150868257706,3500.0,-0.0,0.0,-0.0,-0.0
2021-09-17 07:00:00,801.1052994054206,1901.53,2160.0,781.9339005945794,3500.0,-0.0,0.0,-0.0,-0.0
2021-09-17 08:00:00,1960.08762908685,2131.69,2160.0,-0.0,3075.7431709131497,-0.0,0.0,-0.0,-0.0
2021-09-17 09:00:00,3173.653236649032,2331.07,2160.0,-0.0,1720.8724633509682,-0.0,0.0,-0.0,-0.0
2021-09-17 10:00:00,4216.76188523542,2488.09,2160.0,-0.0,479.18151476458024,-0.0,0.0,-0.0,-0.0
2021-09-17 11:00:00,4916.769267175755,2596.9300000000003,1850.8758328242448,-0.0,-0.0,-0.0,0.0,112.58040000000119,106.95138000000112
2021-09-17 12:00:00,5162.868315187684,2658.14,1452.6954848123178,-0.0,-0.0,-0.0,0.0,112.58040000000119,213.89206486200226
2021-09-17 13:00:00,4916.769267175755,2678.43,1631.9476328242463,-0.0,-0.0,-0.0,0.0,112.58040000000119,320.8220556555172
2021-09-17 14:00:00,4216.76188523542,2669.69,2160.0,-0.0,100.79401476457952,-0.0,0.0,-0.0,320.7899734499517
2021-09-17 15:00:00,3173.653236649032,2647.21,2160.0,-0.0,1304.341263350968,-0.0,0.0,-0.0,320.7578944526067
2021-09-17 16:00:00,1960.08762908685,2627.55,2160.0,-0.0,2782.4049709131505,-0.0,0.0,-0.0,320.7258186631615
2021-09-17 17:00:00,801.1052994054206,2626.15,2160.0,633.7283005945792,3500.0,-0.0,112.58040000000119,-0.0,202.1880618707676
2021-09-17 18:00:00,20.668213174228782,2655.22,2160.0,1645.3995868257716,3500.0,-0.0,112.58040000000119,-0.0,83.66215885405296
2021-09-17 19:00:00,-0.0,2721.9500000000003,2160.0,1738.3710969937401,3500.0,-0.0,79.47110300625918,-0.0,-0.0
2021-09-17 20:00:00,-0.0,2827.5099999999998,2160.0,1614.5884999999998,3500.0,-0.0,0.0,-0.0,-0.0
2021-09-17 21:00:00,-0.0,2966.8,2160.0,1221.8050000000012,3500.0,-0.0,0.0,-0.0,-0.0
2021-09-17 22:00:00,-0.0,3129.1600000000003,2160.0,758.6990999999998,3500.0,-0.0,0.0,-0.0,-0.0
2021-09-17 23:00:00,-0.0,3299.71,2160.0,337.09830000000056,3500.0,-0.0,0.0,-0.0,-0.0
2021-09-18 00:00:00,-0.0,3472.98,2160.0,-0.0,2312.8033,-0.0,0.0,-0.0,-0.0
2021-09-18 01:00:00,-0.0,3608.8700000000003,2160.0,-0.0,1989.0620000000004,-0.0,0.0,-0.0,-0.0
2021-09-18 02:00:00,-0.0,3704.44,2160.0,-0.0,1767.0175999999997,-0.0,0.0,-0.0,-0.0
2021-09-18 03:00:00,-0.0,3749.5899999999997,2160.0,-0.0,1722.8374000000008,-0.0,0.0,-0.0,-0.0
2021-09-18 04:00:00,-0.0,3740.0,2160.0,-0.0,1890.0082000000002,-0.0,0.0,-0.0,-0.0
2021-09-18 05:00:00,-0.0,3677.86,2160.0,-0.0,2237.039300000001,-0.0,0.0,-0.0,-0.0
2021-09-18 06:00:00,8.782874604815364,3571.5400000000004,2160.0,-0.0,2668.9507253951847,-0.0,0.0,-0.0,-0.0
2021-09-18 07:00:00,681.493037633615,3434.61,2160.0,-0.0,2426.163262366386,-0.0,0.0,-0.0,-0.0
2021-09-18 08:00:00,1706.444460067481,3284.05,2160.0,-0.0,1738.1892399325184,-0.0,0.0,-0.0,-0.0
2021-09-18 09:00:00,2785.3876834392086,3138.09,2160.0,-0.0,866.6518165607922,-0.0,0.0,-0.0,-0.0
2021-09-18 10:00:00,3715.1336379522613,3013.83,2160.0,-0.0,22.88086204773981,-0.0,0.0,-0.0,-0.0
2021-09-18 11:00:00,4339.93416860689,2925.02,1670.6066313931105,-0.0,-0.0,-0.0,0.0,112.58040000000119,106.95138000000112
2021-09-18 12:00:00,4559.729232573648,2880.37,1407.6634674263532,-0.0,-0.0,-0.0,0.0,112.58040000000119,213.89206486200226
2021-09-18 13:00:00,4339.93416860689,2882.4100000000003,1581.830831393111,-0.0,-0.0,-0.0,0.0,112.58040000000119,320.8220556555172
2021-09-18 14:00:00,3715.1336379522613,2927.36,2160.0,-0.0,-0.0,-0.0,0.0,75.35833795226154,392.38039450460013
2021-09-18 15:00:00,2785.3876834392086,3005.6699999999996,2160.0,-0.0,916.7883165607914,-0.0,0.0,-0.0,392.34115646514965
2021-09-18 16:00:00,1706.444460067481,3103.47,2160.0,-0.0,2145.4086399325206,-0.0,0.0,-0.0,392.3019223495031
2021-09-18 17:00:00,681.493037633615,3204.5299999999997,2160.0,-0.0,3375.348662366385,-0.0,0.0,-0.0,392.2626921572682
2021-09-18 18:00:00,8.782874604815364,3292.57,2160.0,610.1515253951848,3500.0,-0.0,112.58040000000119,-0.0,273.71778167752495
2021-09-18 19:00:00,-0.0,3353.55,2160.0,666.168999999999,3500.0,-0.0,112.58040000000119,-0.0,155.18472568882962
2021-09-18 20:00:00,-0.0,3377.6499999999996,2160.0,546.5463,3500.0,-0.0,112.58040000000119,-0.0,36.66352300573317
2021-09-18 21:00:00,-0.0,3360.69,2160.0,389.8138361792394,3500.0,-0.0,34.82686382076097,-0.0,-0.0
2021-09-18 22:00:00,-0.0,3304.72,2160.0,181.7900999999997,3500.0,-0.0,0.0,-0.0,-0.0
2021-09-18 23:00:00,-0.0,3217.86,2160.0,19.397199999999884,3500.0,-0.0,0.0,-0.0,-0.0
2021-09-19 00:00:00,-0.0,3124.92,2160.0,-0.0,2830.1324000000004,-0.0,0.0,-0.0,-0.0
2021-09-19 01:00:00,-0.0,3018.8199999999997,2160.0,-0.0,2749.9229000000014,-0.0,0.0,-0.0,-0.0
2021-09-19 02:00:00,-0.0,2928.69,2160.0,-0.0,2714.9928999999997,-0.0,0.0,-0.0,-0.0
2021-09-19 03:00:00,-0.0,2870.63,2160.0,-0.0,2775.3058,-0.0,0.0,-0.0,-0.0
2021-09-19 04:00:00,-0.0,2857.2999999999997,2160.0,-0.0,2947.365800000001,-0.0,0.0,-0.0,-0.0
2021-09-19 05:00:00,-0.0,2896.14,2160.0,-0.0,3194.4361000000004,-0.0,0.0,-0.0,-0.0
2021-09-19 06:00:00,2.0087896173656485,2988.33,2160.0,-0.0,3435.4943103826345,-0.0,0.0,-0.0,-0.0
2021-09-19 07:00:00,732.4828140877463,3128.6000000000004,2160.0,-0.0,2858.4917859122534,-0.0,0.0,-0.0,-0.0
2021-09-19 08:00:00,1879.2226870455643,3305.8700000000003,2160.0,-0.0,1721.5129129544362,-0.0,0.0,-0.0,-0.0
2021-09-19 09:00:00,3093.01149345412,3504.6699999999996,2160.0,-0.0,370.84830654588086,-0.0,0.0,-0.0,-0.0
2021-09-19 10:00:00,4141.700113199857,3707.14,1241.7452868001437,-0.0,-0.0,-0.0,0.0,-0.0,-0.0
2021-09-19 11:00:00,4847.421385607365,3895.3500000000004,282.9322048212116,-0.0,-0.0,-0.0,0.0,23.778190428577243,22.58928090714838
2021-09-19 12:00:00,5095.8417016215835,3930.9348983784175,-0.0,-0.0,-0.0,-0.0,0.0,112.58040000000119,129.5384019790588
2021-09-19 13:00:00,4847.421385607365,4135.698614392636,-0.0,-0.0,-0.0,-0.0,0.0,112.58040000000119,236.476828138862
2021-09-19 14:00:00,4141.700113199857,4240.28,636.4764868001448,-0.0,-0.0,-0.0,0.0,112.58040000000119,343.40456045604924
2021-09-19 15:00:00,3093.01149345412,4263.51,1802.3052065458814,-0.0,-0.0,-0.0,0.0,112.58040000000119,450.32160000000476
2021-09-19 16:00:00,1879.2226870455643,4246.91,2160.0,-0.0,894.5319129544341,-0.0,112.58040000000119,-0.0,331.7708836294772
2021-09-19 17:00:00,732.4828140877463,4202.29,2160.0,-0.0,2467.783056503792,-0.0,36.12282940846227,-0.0,293.7136755848382
2021-09-19 18:00:00,2.0087896173656485,4144.83,2160.0,-0.0,3500.0,-0.0,53.80551038263435,-0.0,237.04692486713827
2021-09-19 19:00:00,-0.0,4090.93,2160.0,104.4658000000004,3500.0,-0.0,112.58040000000119,-0.0,118.51753596412398
2021-09-19 20:00:00,-0.0,4055.86,2160.0,42.99519999999984,3500.0,-0.0,112.58040000000119,-0.0,-0.0
2021-09-19 21:00:00,-0.0,4051.5499999999997,2160.0,-0.0,3407.2891000000013,-0.0,0.0,-0.0,-0.0
2021-09-19 22:00:00,-0.0,4084.95,2160.0,-0.0,3073.7853999999998,-0.0,0.0,-0.0,-0.0
2021-09-19 23:00:00,-0.0,4156.91,2160.0,-0.0,2751.1594000000005,-0.0,0.0,-0.0,-0.0
2021-09-20 00:00:00,-0.0,4273.85,2160.0,-0.0,2417.6121000000003,-0.0,0.0,-0.0,-0.0
2021-09-20 01:00:00,-0.0,4401.1,2160.0,-0.0,2102.382099999999,-0.0,0.0,-0.0,-0.0
2021-09-20 02:00:00,-0.0,4535.26,2160.0,-0.0,1841.3629,-0.0,0.0,-0.0,-0.0
2021-09-20 03:00:00,-0.0,4658.92,2160.0,-0.0,1718.0305000000008,-0.0,0.0,-0.0,-0.0
2021-09-20 04:00:00,-0.0,4754.76,2160.0,-0.0,1778.8729999999996,-0.0,0.0,-0.0,-0.0
2021-09-20 05:00:00,-0.0,4807.9,2160.0,-0.0,2009.4723000000013,-0.0,0.0,-0.0,-0.0
2021-09-20 06:00:00,-0.0,4807.9,2160.0,-0.0,2342.4387000000006,-0.0,0.0,-0.0,-0.0
2021-09-20 07:00:00,830.9469851656191,4750.110000000001,2160.0,-0.0,1860.6130148343805,-0.0,0.0,-0.0,-0.0
2021-09-20 08:00:00,2187.0473760222126,4636.4,2160.0,-0.0,802.7290239777881,-0.0,0.0,-0.0,-0.0
2021-09-20 09:00:00,3630.5859149458047,4474.87,1740.004385054196,-0.0,-0.0,-0.0,0.0,-0.0,-0.0
2021-09-20 10:00:00,4881.135571352152,4278.83,668.5764190764257,-0.0,-0.0,-0.0,0.0,23.778190428577243,22.58928090714838
2021-09-20 11:00:00,5723.889775490954,4065.06,36.87442450904746,-0.0,-0.0,-0.0,0.0,112.58040000000119,129.5384019790588
2021-09-20 12:00:00,6020.744241168321,3714.3815588316784,-0.0,-0.0,-0.0,-0.0,0.0,112.58040000000119,236.476828138862
2021-09-20 13:00:00,5723.889775490954,3655.4900000000002,309.0162245090469,-0.0,-0.0,-0.0,0.0,112.58040000000119,343.40456045604924
2021-09-20 14:00:00,4881.135571352152,3490.36,1349.0611286478488,-0.0,-0.0,-0.0,0.0,112.58040000000119,450.32160000000476
2021-09-20 15:00:00,3630.5859149458047,3364.89,2160.0,-0.0,589.5944850541964,-0.0,0.0,-0.0,450.27656784000476
2021-09-20 16:00:00,2187.0473760222126,3281.6800000000003,2160.0,-0.0,2359.969523977788,-0.0,0.0,-0.0,450.2315401832208
2021-09-20 17:00:00,830.9469851656191,3237.02,2160.0,450.11871483438017,3500.0,-0.0,112.58040000000119,-0.0,331.68083281867484
2021-09-20 18:00:00,-0.0,3221.51,2160.0,1554.9831999999988,3500.0,-0.0,112.58040000000119,-0.0,213.14198052486543
2021-09-20 19:00:00,-0.0,3221.4700000000003,2160.0,1658.7112000000006,3500.0,-0.0,112.58040000000119,-0.0,94.61498211628538
2021-09-20 20:00:00,-0.0,3220.94,2160.0,1581.6760554128305,3500.0,-0.0,89.87524458717007,-0.0,-0.0
2021-09-20 21:00:00,-0.0,3203.95,2160.0,1432.1332000000011,3500.0,-0.0,0.0,-0.0,-0.0
2021-09-20 22:00:00,-0.0,3156.81,2160.0,1175.2812000000013,3500.0,-0.0,0.0,-0.0,-0.0
2021-09-20 23:00:00,-0.0,3070.1099999999997,2160.0,1007.3502000000017,3500.0,-0.0,0.0,-0.0,-0.0
2021-09-21 00:00:00,-0.0,2952.0499999999997,2160.0,337.9196000000006,3500.0,-0.0,0.0,-0.0,-0.0
2021-09-21 01:00:00,-0.0,2781.2999999999997,2160.0,316.5842000000007,3500.0,-0.0,0.0,-0.0,-0.0
2021-09-21 02:00:00,-0.0,2578.43,2160.0,388.42590000000064,3500.0,-0.0,0.0,-0.0,-0.0
2021-09-21 03:00:00,-0.0,2357.11,2160.0,605.8420000000006,3500.0,-0.0,0.0,-0.0,-0.0
2021-09-21 04:00:00,-0.0,2134.2400000000002,2160.0,981.1057999999994,3500.0,-0.0,0.0,-0.0,-0.0
2021-09-21 05:00:00,-0.0,1927.8400000000001,2160.0,1466.9017999999996,3500.0,-0.0,0.0,-0.0,-0.0
2021-09-21 06:00:00,-0.0,1754.63,2160.0,1968.6855000000005,3500.0,-0.0,0.0,-0.0,-0.0
2021-09-21 07:00:00,852.6530729754869,1627.86,2160.0,1529.6942270245136,3500.0,-0.0,0.0,-0.0,-0.0
2021-09-21 08:00:00,2305.3874043696865,1555.59,2160.0,329.25129563031305,3500.0,-0.0,0.0,-0.0,-0.0
2021-09-21 09:00:00,3860.8936445767763,1539.6000000000001,2160.0,-0.0,2344.4975554232237,-0.0,0.0,-0.0,-0.0
2021-09-21 10:00:00,5212.139460524736,1575.23,2160.0,-0.0,912.3674394752643,-0.0,0.0,-0.0,-0.0
2021-09-21 11:00:00,6124.085307039466,1651.94,2100.1829929605356,-0.0,-0.0,-0.0,0.0,112.58040000000119,106.95138000000112
2021-09-21 12:00:00,6445.5139657026075,1754.82,1580.5583342973941,-0.0,-0.0,-0.0,0.0,112.58040000000119,213.89206486200226
2021-09-21 13:00:00,6124.085307039466,1866.5100000000002,1738.9261929605345,-0.0,-0.0,-0.0,0.0,112.58040000000119,320.8220556555172
2021-09-21 14:00:00,5212.139460524736,1969.56,2160.0,-0.0,302.7431394752648,-0.0,0.0,-0.0,320.7899734499517
2021-09-21 15:00:00,3860.8936445767763,2048.71,2160.0,-0.0,1707.2556554232237,-0.0,0.0,-0.0,320.7578944526067
2021-09-21 16:00:00,2305.3874043696865,2092.92,2160.0,-0.0,3457.491895630314,-0.0,0.0,-0.0,320.7258186631615
2021-09-21 17:00:00,852.6530729754869,2096.76,2160.0,1591.0781270245116,3500.0,-0.0,112.58040000000119,-0.0,202.1880618707676
2021-09-21 18:00:00,-0.0,2061.1,2160.0,2733.0992000000006,3500.0,-0.0,112.58040000000119,-0.0,83.66215885405296
2021-09-21 19:00:00,-0.0,1992.86,2160.0,2933.4356969937407,3500.0,-0.0,79.47110300625918,-0.0,-0.0
2021-09-21 20:00:00,-0.0,1904.02,2160.0,2996.7808999999997,3500.0,-0.0,0.0,-0.0,-0.0
2021-09-21 21:00:00,-0.0,1809.8600000000001,2160.0,2829.8449999999993,3500.0,-0.0,0.0,-0.0,-0.0
2021-09-21 22:00:00,-0.0,1726.83,2160.0,2604.205600000001,3500.0,-0.0,0.0,-0.0,-0.0
2021-09-21 23:00:00,-0.0,1670.1499999999999,2160.0,2401.5941000000003,3500.0,-0.0,0.0,-0.0,-0.0
2021-09-22 00:00:00,-0.0,1663.76,2160.0,1615.9915999999994,3500.0,-0.0,0.0,-0.0,-0.0
2021-09-22 01:00:00,-0.0,1690.33,2160.0,1392.7199,3500.0,-0.0,0.0,-0.0,-0.0
2021-09-22 02:00:00,-0.0,1762.59,2160.0,1184.8413,3500.0,-0.0,0.0,-0.0,-0.0
2021-09-22 03:00:00,-0.0,1874.8899999999999,2160.0,1064.0809000000008,3500.0,-0.0,0.0,-0.0,-0.0
2021-09-22 04:00:00,-0.0,2015.8999999999999,2160.0,1070.942000000001,3500.0,-0.0,0.0,-0.0,-0.0
2021-09-22 05:00:00,-0.0,2170.07,2160.0,1191.6856000000007,3500.0,-0.0,0.0,-0.0,-0.0
2021-09-22 06:00:00,-0.0,2319.59,2160.0,1366.2985000000008,3500.0,-0.0,0.0,-0.0,-0.0
2021-09-22 07:00:00,824.4295788514995,2446.7400000000002,2160.0,697.2167211485012,3500.0,-0.0,0.0,-0.0,-0.0
2021-09-22 08:00:00,2293.2342271846246,2536.2000000000003,2160.0,-0.0,2814.6314728153757,-0.0,0.0,-0.0,-0.0
2021-09-22 09:00:00,3875.546648841227,2577.04,2160.0,-0.0,1241.9528511587737,-0.0,0.0,-0.0,-0.0
2021-09-22 10:00:00,5253.9222845659415,2564.13,2099.5831154340594,-0.0,-0.0,-0.0,0.0,112.58040000000119,106.95138000000112
2021-09-22 11:00:00,6185.554269330854,2498.84,1132.961730669147,-0.0,-0.0,-0.0,0.0,112.58040000000119,213.89206486200226
2021-09-22 12:00:00,6514.158770904919,2388.77,815.0071290950809,-0.0,-0.0,-0.0,0.0,112.58040000000119,320.8220556555172
2021-09-22 13:00:00,6185.554269330854,2246.7200000000003,1230.254330669145,-0.0,-0.0,-0.0,0.0,112.58040000000119,427.7413534499528
2021-09-22 14:00:00,5253.9222845659415,2088.9900000000002,2160.0,-0.0,70.57241543405962,-0.0,0.0,-0.0,427.6985793146078
2021-09-22 15:00:00,3875.546648841227,1933.1499999999999,2160.0,-0.0,1733.3164511587734,-0.0,0.0,-0.0,427.65580945667637
2021-09-22 16:00:00,2293.2342271846246,1795.69,2160.0,75.63687281537386,3500.0,-0.0,112.58040000000119,-0.0,309.10735966520315
2021-09-22 17:00:00,824.4295788514995,1689.89,2160.0,1943.7841211485002,3500.0,-0.0,112.58040000000119,-0.0,190.57076471870906
2021-09-22 18:00:00,-0.0,1624.01,2160.0,3084.156499999999,3500.0,-0.0,112.58040000000119,-0.0,72.04602343170961
2021-09-22 19:00:00,-0.0,1600.26,2160.0,3247.480422112101,3500.0,-0.0,68.43687788789813,-0.0,-0.0
2021-09-22 20:00:00,-0.0,1614.59,2160.0,3193.1556,3500.0,-0.0,0.0,-0.0,-0.0
2021-09-22 21:00:00,-0.0,1657.31,2160.0,2885.9688000000006,3500.0,-0.0,0.0,-0.0,-0.0
2021-09-22 22:00:00,-0.0,1714.52,2160.0,2516.813399999999,3500.0,-0.0,0.0,-0.0,-0.0
2021-09-22 23:00:00,-0.0,1770.03,2160.0,2198.8373,3500.0,-0.0,0.0,-0.0,-0.0
2021-09-23 00:00:00,-0.0,1819.9,2160.0,1354.0342,3500.0,-0.0,0.0,-0.0,-0.0
2021-09-23 01:00:00,-0.0,1826.0100000000002,2160.0,1148.2533000000003,3500.0,-0.0,0.0,-0.0,-0.0
2021-09-23 02:00:00,-0.0,1791.06,2160.0,1044.7247000000007,3500.0,-0.0,0.0,-0.0,-0.0
2021-09-23 03:00:00,-0.0,1711.31,2160.0,1113.2609000000011,3500.0,-0.0,0.0,-0.0,-0.0
2021-09-23 04:00:00,-0.0,1589.3799999999999,2160.0,1380.4230000000016,3500.0,-0.0,0.0,-0.0,-0.0
2021-09-23 05:00:00,-0.0,1434.0,2160.0,1808.190700000001,3500.0,-0.0,0.0,-0.0,-0.0
2021-09-23 06:00:00,-0.0,1258.96,2160.0,2304.9534000000012,3500.0,-0.0,0.0,-0.0,-0.0
2021-09-23 07:00:00,834.2838079189099,1081.37,2160.0,1928.4680920810906,3500.0,-0.0,0.0,-0.0,-0.0
2021-09-23 08:00:00,2391.207360800475,919.47,2160.0,706.9529391995256,3500.0,-0.0,0.0,-0.0,-0.0
2021-09-23 09:00:00,4079.048197022686,790.2299999999999,2160.0,-0.0,2696.7771029773144,-0.0,0.0,-0.0,-0.0
2021-09-23 10:00:00,5553.566735822985,707.2,2160.0,-0.0,1253.8800641770158,-0.0,0.0,-0.0,-0.0
2021-09-23 11:00:00,6551.711976807337,678.74,2160.0,-0.0,182.1162231926628,-0.0,0.0,-0.0,-0.0
2021-09-23 12:00:00,6903.997875981679,706.98,1973.0788240183228,-0.0,-0.0,-0.0,0.0,112.58040000000119,106.95138000000112
2021-09-23 13:00:00,6551.711976807338,787.5799999999999,2160.0,-0.0,-0.0,-0.0,0.0,84.76607680733741,187.46845782897168
2021-09-23 14:00:00,5553.566735822985,910.3700000000001,2160.0,-0.0,812.7125641770162,-0.0,0.0,-0.0,187.4497109831888
2021-09-23 15:00:00,4079.048197022686,1060.78,2160.0,-0.0,2264.066402977314,-0.0,0.0,-0.0,187.43096601209047
2021-09-23 16:00:00,2391.207360800475,1221.81,2160.0,412.27473919952445,3500.0,-0.0,112.58040000000119,-0.0,68.90653870496169
2021-09-23 17:00:00,834.2838079189099,1376.3300000000002,2160.0,2154.3287264325554,3500.0,-0.0,65.45466564853663,-0.0,-0.0
2021-09-23 18:00:00,-0.0,1509.4199999999998,2160.0,3170.1573000000008,3500.0,-0.0,0.0,-0.0,-0.0
2021-09-23 19:00:00,-0.0,1610.3100000000002,2160.0,3163.9489000000003,3500.0,-0.0,0.0,-0.0,-0.0
2021-09-23 20:00:00,-0.0,1673.8600000000001,2160.0,2991.3535999999986,3500.0,-0.0,0.0,-0.0,-0.0
2021-09-23 21:00:00,-0.0,1701.1599999999999,2160.0,2699.108399999999,3500.0,-0.0,0.0,-0.0,-0.0
2021-09-23 22:00:00,-0.0,1699.33,2160.0,2388.652400000001,3500.0,-0.0,0.0,-0.0,-0.0
2021-09-23 23:00:00,-0.0,1680.51,2160.0,2144.8009,3500.0,-0.0,0.0,-0.0,-0.0
2021-09-24 00:00:00,-0.0,1672.37,2160.0,1358.0676000000012,3500.0,-0.0,0.0,-0.0,-0.0
2021-09-24 01:00:00,-0.0,1666.84,2160.0,1163.9956000000002,3500.0,-0.0,0.0,-0.0,-0.0
2021-09-24 02:00:00,-0.0,1691.4399999999998,2160.0,1001.1210999999994,3500.0,-0.0,0.0,-0.0,-0.0
2021-09-24 03:00:00,-0.0,1758.0100000000002,2160.0,923.6792000000005,3500.0,-0.0,0.0,-0.0,-0.0
2021-09-24 04:00:00,-0.0,1873.24,2160.0,954.1584000000003,3500.0,-0.0,0.0,-0.0,-0.0
2021-09-24 05:00:00,-0.0,2037.65,2160.0,1062.7497000000003,3500.0,-0.0,0.0,-0.0,-0.0
2021-09-24 06:00:00,-0.0,2245.36,2160.0,1177.512499999999,3500.0,-0.0,0.0,-0.0,-0.0
2021-09-24 07:00:00,866.0896435271993,2484.81,2160.0,353.06405647280144,3500.0,-0.0,0.0,-0.0,-0.0
2021-09-24 08:00:00,2562.2892765461156,2740.11,2160.0,-0.0,2076.0907234538836,-0.0,0.0,-0.0,-0.0
2021-09-24 09:00:00,4413.1322302752305,2993.1200000000003,2160.0,-0.0,21.81326972476927,-0.0,0.0,-0.0,-0.0
2021-09-24 10:00:00,6034.805768489881,3225.6800000000003,277.4530315101183,-0.0,-0.0,-0.0,0.0,-0.0,-0.0
2021-09-24 11:00:00,7134.249805901057,2415.6051940989446,-0.0,-0.0,-0.0,-0.0,0.0,112.58040000000119,106.95138000000112
2021-09-24 12:00:00,7522.559998880156,1927.746201119845,-0.0,-0.0,-0.0,-0.0,0.0,112.58040000000119,213.89206486200226
2021-09-24 13:00:00,7134.249805901057,2260.7777940989445,-0.0,-0.0,-0.0,-0.0,0.0,112.58040000000119,320.8220556555172
2021-09-24 14:00:00,6034.805768489881,3384.14313151012,-0.0,-0.0,-0.0,-0.0,0.0,112.58040000000119,427.7413534499528
2021-09-24 15:00:00,4413.1322302752305,3706.97,1339.2505757093986,-0.0,-0.0,-0.0,0.0,23.81370598462839,450.32160000000476
2021-09-24 16:00:00,2562.2892765461156,3671.42,2160.0,-0.0,1277.8552234538847,-0.0,0.0,-0.0,450.27656784000476
2021-09-24 17:00:00,866.0896435271993,3618.38,2160.0,-0.0,3321.791856472801,-0.0,0.0,-0.0,450.2315401832208
2021-09-24 18:00:00,-0.0,3564.84,2160.0,880.3117999999995,3500.0,-0.0,112.58040000000119,-0.0,331.68083281867484
2021-09-24 19:00:00,-0.0,3526.69,2160.0,1015.5522999999994,3500.0,-0.0,112.58040000000119,-0.0,213.14198052486543
2021-09-24 20:00:00,-0.0,3516.63,2160.0,919.0929000000006,3500.0,-0.0,112.58040000000119,-0.0,94.61498211628538
2021-09-24 21:00:00,-0.0,3542.34,2160.0,653.7831554128297,3500.0,-0.0,89.87524458717007,-0.0,-0.0
2021-09-24 22:00:00,-0.0,3605.4900000000002,2160.0,370.9731999999999,3500.0,-0.0,0.0,-0.0,-0.0
2021-09-24 23:00:00,-0.0,3701.54,2160.0,15.114300000000185,3500.0,-0.0,0.0,-0.0,-0.0
2021-09-25 00:00:00,-0.0,3832.69,2160.0,-0.0,2025.1887000000002,-0.0,0.0,-0.0,-0.0
2021-09-25 01:00:00,-0.0,3959.8,2160.0,-0.0,1701.5511999999999,-0.0,0.0,-0.0,-0.0
2021-09-25 02:00:00,-0.0,4078.7000000000003,2160.0,-0.0,1447.5513000000005,-0.0,0.0,-0.0,-0.0
2021-09-25 03:00:00,-0.0,4172.93,2160.0,-0.0,1345.7254000000003,-0.0,0.0,-0.0,-0.0
2021-09-25 04:00:00,-0.0,4228.39,2160.0,-0.0,1439.3468000000003,-0.0,0.0,-0.0,-0.0
2021-09-25 05:00:00,-0.0,4235.39,2160.0,-0.0,1708.8138999999992,-0.0,0.0,-0.0,-0.0
2021-09-25 06:00:00,-0.0,4190.0,2160.0,-0.0,2080.2322000000004,-0.0,0.0,-0.0,-0.0
2021-09-25 07:00:00,819.0504866538871,4094.72,2160.0,-0.0,1641.1981133461131,-0.0,0.0,-0.0,-0.0
2021-09-25 08:00:00,2505.775328644229,3958.2099999999996,2160.0,-0.0,269.23927135577105,-0.0,0.0,-0.0,-0.0
2021-09-25 09:00:00,4358.7721512408525,3794.2599999999998,793.5782487591468,-0.0,-0.0,-0.0,0.0,-0.0,-0.0
2021-09-25 10:00:00,5987.219774442952,2936.931715985624,-0.0,-0.0,-0.0,-0.0,0.0,23.778190428577243,22.58928090714838
2021-09-25 11:00:00,7092.980339206511,1823.2728607934896,-0.0,-0.0,-0.0,-0.0,0.0,112.58040000000119,129.5384019790588
2021-09-25 12:00:00,7483.801519207318,1336.9393807926826,-0.0,-0.0,-0.0,-0.0,0.0,112.58040000000119,236.476828138862
2021-09-25 13:00:00,7092.980339206511,1676.5873607934882,-0.0,-0.0,-0.0,-0.0,0.0,112.58040000000119,343.40456045604924
2021-09-25 14:00:00,5987.219774442952,2810.4383255570483,-0.0,-0.0,-0.0,-0.0,0.0,112.58040000000119,450.32160000000476
2021-09-25 15:00:00,4358.7721512408525,3152.91,1306.8437510328304,-0.0,-0.0,-0.0,0.0,0.047402273684216005,450.32160000000476
2021-09-25 16:00:00,2505.775328644229,3195.0,2160.0,-0.0,1156.470957115828,-0.0,41.547614239943734,-0.0,406.5422370611166
2021-09-25 17:00:00,819.0504866538871,3273.51,2160.0,-0.0,3105.272413346112,-0.0,0.0,-0.0,406.5015828374105
2021-09-25 18:00:00,-0.0,3374.31,2160.0,466.8058999999989,3500.0,-0.0,112.58040000000119,-0.0,287.9552484685992
2021-09-25 19:00:00,-0.0,3480.89,2160.0,461.75719999999956,3500.0,-0.0,112.58040000000119,-0.0,169.42076873322475
2021-09-25 20:00:00,-0.0,3576.61,2160.0,264.00149999999894,3500.0,-0.0,112.58040000000119,-0.0,50.89814244582386
2021-09-25 21:00:00,-0.0,3647.06,2160.0,-0.0,3500.0,-0.0,48.34840000000031,-0.0,-0.0
2021-09-25 22:00:00,-0.0,3682.0199999999995,2160.0,-0.0,3208.412300000001,-0.0,0.0,-0.0,-0.0
2021-09-25 23:00:00,-0.0,3676.87,2160.0,-0.0,2958.3411000000006,-0.0,0.0,-0.0,-0.0
2021-09-26 00:00:00,-0.0,3645.7200000000003,2160.0,-0.0,2202.4438,-0.0,0.0,-0.0,-0.0
2021-09-26 01:00:00,-0.0,3571.2500000000005,2160.0,-0.0,2085.0260000000003,-0.0,0.0,-0.0,-0.0
2021-09-26 02:00:00,-0.0,3478.56,2160.0,-0.0,2047.2779000000005,-0.0,0.0,-0.0,-0.0
2021-09-26 03:00:00,-0.0,3383.55,2160.0,-0.0,2139.3680999999997,-0.0,0.0,-0.0,-0.0
2021-09-26 04:00:00,-0.0,3303.15,2160.0,-0.0,2373.5372999999995,-0.0,0.0,-0.0,-0.0
2021-09-26 05:00:00,-0.0,3253.05,2160.0,-0.0,2704.8,-0.0,0.0,-0.0,-0.0
2021-09-26 06:00:00,-0.0,3245.47,2160.0,-0.0,3043.109100000001,-0.0,0.0,-0.0,-0.0
2021-09-26 07:00:00,668.3019858129139,3287.4500000000003,2160.0,-0.0,2622.263014187087,-0.0,0.0,-0.0,-0.0
2021-09-26 08:00:00,2118.6034497816377,3379.8,2160.0,-0.0,1262.563150218362,-0.0,0.0,-0.0,-0.0
2021-09-26 09:00:00,3723.1129967101306,3516.93,1738.9985032898685,-0.0,-0.0,-0.0,0.0,-0.0,-0.0
2021-09-26 10:00:00,5137.501766297283,3687.46,112.51873370271642,-0.0,-0.0,-0.0,0.0,-0.0,-0.0
2021-09-26 11:00:00,6099.455314342099,2858.5655856579024,-0.0,-0.0,-0.0,-0.0,0.0,112.58040000000119,106.95138000000112
2021-09-26 12:00:00,6439.688475812247,2427.4611241877537,-0.0,-0.0,-0.0,-0.0,0.0,112.58040000000119,213.89206486200226
2021-09-26 13:00:00,6099.455314342099,2721.137385657902,-0.0,-0.0,-0.0,-0.0,0.0,112.58040000000119,320.8220556555172
2021-09-26 14:00:00,5137.501766297283,3715.7703337027187,-0.0,-0.0,-0.0,-0.0,0.0,112.58040000000119,427.7413534499528
2021-09-26 15:00:00,3723.1129967101306,4457.83,721.5210092744974,-0.0,-0.0,-0.0,0.0,23.81370598462839,450.32160000000476
2021-09-26 16:00:00,2118.6034497816377,4496.04,2160.0,-0.0,236.26455021836182,-0.0,112.58040000000119,-0.0,331.7708836294772
2021-09-26 17:00:00,668.3019858129139,4483.54,2160.0,-0.0,2002.5874141870852,-0.0,112.58040000000119,-0.0,213.23202233058672
2021-09-26 18:00:00,-0.0,4427.18,2160.0,-0.0,2987.5535999999993,-0.0,112.58040000000119,-0.0,94.7050149178261
2021-09-26 19:00:00,-0.0,4338.9800000000005,2160.0,-0.0,3225.7884159547107,-0.0,68.47088404528984,-0.0,22.620929631818715
2021-09-26 20:00:00,-0.0,4234.38,2160.0,-0.0,3301.165600000001,-0.0,0.0,-0.0,22.618667538855533
2021-09-26 21:00:00,-0.0,4130.07,2160.0,-0.0,3151.980800000001,-0.0,0.0,-0.0,22.61640567210165
2021-09-26 22:00:00,-0.0,4041.6600000000003,2160.0,-0.0,2939.6449000000007,-0.0,0.0,-0.0,22.61414403153444
2021-09-26 23:00:00,-0.0,3981.5099999999998,2160.0,-0.0,2748.7441000000003,-0.0,0.0,-0.0,22.611882617131286
2021-09-27 00:00:00,-0.0,3969.56,2160.0,-0.0,2544.8564,-0.0,0.0,-0.0,22.609621428869573
2021-09-27 01:00:00,-0.0,3981.9700000000003,2160.0,-0.0,2344.5937999999996,-0.0,0.0,-0.0,22.607360466726686
2021-09-27 02:00:00,-0.0,4026.4100000000003,2160.0,-0.0,2173.6807000000003,-0.0,0.0,-0.0,22.605099730680013
2021-09-27 03:00:00,-0.0,4092.38,2160.0,-0.0,2108.6804999999995,-0.0,0.0,-0.0,22.602839220706947
2021-09-27 04:00:00,-0.0,4165.19,2160.0,-0.0,2193.4500000000016,-0.0,0.0,-0.0,22.600578936784878
2021-09-27 05:00:00,-0.0,4227.969999999999,2160.0,-0.0,2415.5624000000007,-0.0,0.0,-0.0,22.5983188788912
2021-09-27 06:00:00,-0.0,4263.95,2160.0,-0.0,2713.9566999999997,-0.0,0.0,-0.0,22.59605904700331
2021-09-27 07:00:00,512.8551492557688,4258.79,2160.0,-0.0,2499.2529507442314,-0.0,0.0,-0.0,22.593799441098607
2021-09-27 08:00:00,1688.4657929920584,4202.57,2160.0,-0.0,1566.2810070079424,-0.0,0.0,-0.0,22.591540061154497
2021-09-27 09:00:00,2998.5872214956157,4091.18,2160.0,-0.0,428.99537850438446,-0.0,0.0,-0.0,22.58928090714838
2021-09-27 10:00:00,4157.10083359966,3926.9500000000003,1669.00586640034,-0.0,-0.0,-0.0,0.0,112.58040000000119,129.5384019790588
2021-09-27 11:00:00,4946.309634493348,3718.45,999.432965506654,-0.0,-0.0,-0.0,0.0,112.58040000000119,236.476828138862
2021-09-27 12:00:00,5225.654150672679,3479.43,871.3116493273228,-0.0,-0.0,-0.0,0.0,112.58040000000119,343.40456045604924
2021-09-27 13:00:00,4946.309634493348,3227.06,1359.4371655066543,-0.0,-0.0,-0.0,0.0,112.58040000000119,450.32160000000476
2021-09-27 14:00:00,4157.10083359966,2979.71,2160.0,-0.0,158.9575664003387,-0.0,0.0,-0.0,450.27656784000476
2021-09-27 15:00:00,2998.5872214956157,2754.67,2160.0,-0.0,1683.2218785043847,-0.0,0.0,-0.0,450.2315401832208
2021-09-27 16:00:00,1688.4657929920584,2565.87,2160.0,-0.0,3429.620407007942,-0.0,0.0,-0.0,450.18651702920243
2021-09-27 17:00:00,512.8551492557688,2422.15,2160.0,1442.4179507442313,3500.0,-0.0,112.58040000000119,-0.0,331.63581416697195
2021-09-27 18:00:00,-0.0,2326.24,2160.0,2313.897500000001,3500.0,-0.0,112.58040000000119,-0.0,213.09696637502768
2021-09-27 19:00:00,-0.0,2274.4900000000002,2160.0,2473.8620999999985,3500.0,-0.0,112.58040000000119,-0.0,94.56997246786261
2021-09-27 20:00:00,-0.0,2257.5,2160.0,2418.077310302916,3500.0,-0.0,89.83248969708504,-0.0,-0.0
2021-09-27 21:00:00,-0.0,2261.56,2160.0,2252.403800000002,3500.0,-0.0,0.0,-0.0,-0.0
2021-09-27 22:00:00,-0.0,2270.58,2160.0,1944.5619000000006,3500.0,-0.0,0.0,-0.0,-0.0
2021-09-27 23:00:00,-0.0,2268.42,2160.0,1697.4703000000009,3500.0,-0.0,0.0,-0.0,-0.0
2021-09-28 00:00:00,-0.0,2253.85,2160.0,930.9872999999989,3500.0,-0.0,0.0,-0.0,-0.0
2021-09-28 01:00:00,-0.0,2191.81,2160.0,806.7191000000003,3500.0,-0.0,0.0,-0.0,-0.0
2021-09-28 02:00:00,-0.0,2090.93,2160.0,782.5391,3500.0,-0.0,0.0,-0.0,-0.0
2021-09-28 03:00:00,-0.0,1953.39,2160.0,922.3306999999995,3500.0,-0.0,0.0,-0.0,-0.0
2021-09-28 04:00:00,-0.0,1787.4,2160.0,1247.0520000000015,3500.0,-0.0,0.0,-0.0,-0.0
2021-09-28 05:00:00,-0.0,1606.19,2160.0,1714.1710000000003,3500.0,-0.0,0.0,-0.0,-0.0
2021-09-28 06:00:00,-0.0,1426.2,2160.0,2229.4180000000006,3500.0,-0.0,0.0,-0.0,-0.0
2021-09-28 07:00:00,444.36658324591883,1264.9299999999998,2160.0,2240.062916754081,3500.0,-0.0,0.0,-0.0,-0.0
2021-09-28 08:00:00,1523.0754478289532,1138.6000000000001,2160.0,1474.7150521710482,3500.0,-0.0,0.0,-0.0,-0.0
2021-09-28 09:00:00,2734.3421072734836,1059.94,2160.0,404.03259272651667,3500.0,-0.0,0.0,-0.0,-0.0
2021-09-28 10:00:00,3808.8883133716436,1036.49,2160.0,-0.0,2814.991986628357,-0.0,0.0,-0.0,-0.0
2021-09-28 11:00:00,4542.118843594742,1069.5,2160.0,-0.0,1960.0927564052581,-0.0,0.0,-0.0,-0.0
2021-09-28 12:00:00,4801.833021235484,1153.8,2160.0,-0.0,1528.3493787645166,-0.0,0.0,-0.0,-0.0
2021-09-28 13:00:00,4542.118843594742,1278.3600000000001,2160.0,-0.0,1619.8469564052575,-0.0,0.0,-0.0,-0.0
2021-09-28 14:00:00,3808.8883133716436,1427.8,2160.0,-0.0,2238.9740866283555,-0.0,0.0,-0.0,-0.0
2021-09-28 15:00:00,2734.3421072734836,1584.31,2160.0,-0.0,3297.379092726518,-0.0,0.0,-0.0,-0.0
2021-09-28 16:00:00,1523.0754478289532,1730.03,2160.0,1109.9257521710479,3500.0,-0.0,0.0,-0.0,-0.0
2021-09-28 17:00:00,444.36658324591883,1849.34,2160.0,2374.7583167540815,3500.0,-0.0,0.0,-0.0,-0.0
2021-09-28 18:00:00,-0.0,1930.8600000000001,2160.0,2999.5692,3500.0,-0.0,0.0,-0.0,-0.0
2021-09-28 19:00:00,-0.0,1968.89,2160.0,3068.871100000001,3500.0,-0.0,0.0,-0.0,-0.0
2021-09-28 20:00:00,-0.0,1964.06,2160.0,2977.1605,3500.0,-0.0,0.0,-0.0,-0.0
2021-09-28 21:00:00,-0.0,1923.1200000000001,2160.0,2765.504,3500.0,-0.0,0.0,-0.0,-0.0
2021-09-28 22:00:00,-0.0,1857.9399999999998,2160.0,2530.5803000000005,3500.0,-0.0,0.0,-0.0,-0.0
2021-09-28 23:00:00,-0.0,1783.73,2160.0,2354.1242999999995,3500.0,-0.0,0.0,-0.0,-0.0
2021-09-29 00:00:00,-0.0,1729.7,2160.0,1625.6608999999999,3500.0,-0.0,0.0,-0.0,-0.0
2021-09-29 01:00:00,-0.0,1685.5700000000002,2160.0,1481.8109000000004,3500.0,-0.0,0.0,-0.0,-0.0
2021-09-29 02:00:00,-0.0,1676.1200000000001,2160.0,1364.4016999999994,3500.0,-0.0,0.0,-0.0,-0.0
2021-09-29 03:00:00,-0.0,1708.28,2160.0,1332.5693,3500.0,-0.0,0.0,-0.0,-0.0
2021-09-29 04:00:00,-0.0,1782.93,2160.0,1414.6005000000005,3500.0,-0.0,0.0,-0.0,-0.0
2021-09-29 05:00:00,-0.0,1894.68,2160.0,1586.5897999999997,3500.0,-0.0,0.0,-0.0,-0.0
2021-09-29 06:00:00,-0.0,2032.5099999999998,2160.0,1781.7261999999992,3500.0,-0.0,0.0,-0.0,-0.0
2021-09-29 07:00:00,439.5231682796039,2181.21,2160.0,1484.8356317203952,3500.0,-0.0,0.0,-0.0,-0.0
2021-09-29 08:00:00,1572.5586320700606,2323.33,2160.0,394.1852679299409,3500.0,-0.0,0.0,-0.0,-0.0
2021-09-29 09:00:00,2854.880644257741,2441.58,2160.0,-0.0,2552.8971557422606,-0.0,0.0,-0.0,-0.0
2021-09-29 10:00:00,3996.2079451909904,2521.06,2160.0,-0.0,1291.39335480901,-0.0,0.0,-0.0,-0.0
2021-09-29 11:00:00,4776.310233152622,2551.28,2160.0,-0.0,389.55106684737893,-0.0,0.0,-0.0,-0.0
2021-09-29 12:00:00,5052.84244386764,2527.58,2160.0,-0.0,46.02045613235987,-0.0,0.0,-0.0,-0.0
2021-09-29 13:00:00,4776.310233152622,2451.79,2160.0,-0.0,351.61286684737934,-0.0,0.0,-0.0,-0.0
2021-09-29 14:00:00,3996.2079451909904,2331.97,2160.0,-0.0,1283.6958548090115,-0.0,0.0,-0.0,-0.0
2021-09-29 15:00:00,2854.880644257741,2181.39,2160.0,-0.0,2712.697255742261,-0.0,0.0,-0.0,-0.0
2021-09-29 16:00:00,1572.5586320700606,2016.76,2160.0,903.2770679299392,3500.0,-0.0,0.0,-0.0,-0.0
2021-09-29 17:00:00,439.5231682796039,1856.09,2160.0,2498.9504317203955,3500.0,-0.0,0.0,-0.0,-0.0
2021-09-29 18:00:00,-0.0,1716.27,2160.0,3336.7024,3500.0,-0.0,0.0,-0.0,-0.0
2021-09-29 19:00:00,-0.0,1610.92,2160.0,3545.7391000000007,3500.0,-0.0,0.0,-0.0,-0.0
2021-09-29 20:00:00,-0.0,1548.62,2160.0,3507.7688000000007,3500.0,-0.0,0.0,-0.0,-0.0
2021-09-29 21:00:00,-0.0,1531.8799999999999,2160.0,3268.102,3500.0,-0.0,0.0,-0.0,-0.0
2021-09-29 22:00:00,-0.0,1556.87,2160.0,2939.1187,3500.0,-0.0,0.0,-0.0,-0.0
2021-09-29 23:00:00,-0.0,1614.1,2160.0,2627.259,3500.0,-0.0,0.0,-0.0,-0.0
2021-09-30 00:00:00,-0.0,1702.6299999999999,2160.0,1752.293999999999,3500.0,-0.0,0.0,-0.0,-0.0
2021-09-30 01:00:00,-0.0,1780.66,2160.0,1482.1785999999993,3500.0,-0.0,0.0,-0.0,-0.0
2021-09-30 02:00:00,-0.0,1844.9399999999998,2160.0,1286.8702999999996,3500.0,-0.0,0.0,-0.0,-0.0
2021-09-30 03:00:00,-0.0,1881.6399999999999,2160.0,1246.2664000000004,3500.0,-0.0,0.0,-0.0,-0.0
2021-09-30 04:00:00,-0.0,1881.23,2160.0,1399.070200000002,3500.0,-0.0,0.0,-0.0,-0.0
2021-09-30 05:00:00,-0.0,1839.79,2160.0,1719.9062000000004,3500.0,-0.0,0.0,-0.0,-0.0
2021-09-30 06:00:00,-0.0,1759.74,2160.0,2128.5299000000014,3500.0,-0.0,0.0,-0.0,-0.0
2021-09-30 07:00:00,423.3858916867665,1649.55,2160.0,2102.2258083132338,3500.0,-0.0,0.0,-0.0,-0.0
2021-09-30 08:00:00,1585.9728827371355,1522.7099999999998,2160.0,1246.5002172628647,3500.0,-0.0,0.0,-0.0,-0.0
2021-09-30 09:00:00,2912.5998659300476,1395.97,2160.0,101.37573406995307,3500.0,-0.0,0.0,-0.0,-0.0
2021-09-30 10:00:00,4097.305862656076,1287.1499999999999,2160.0,-0.0,2480.235437343925,-0.0,0.0,-0.0,-0.0
2021-09-30 11:00:00,4908.455110148325,1212.81,2160.0,-0.0,1647.3171898516757,-0.0,0.0,-0.0,-0.0
2021-09-30 12:00:00,5196.214222835954,1186.02,2160.0,-0.0,1291.0320771640463,-0.0,0.0,-0.0,-0.0
2021-09-30 13:00:00,4908.455110148325,1214.66,2160.0,-0.0,1498.7803898516759,-0.0,0.0,-0.0,-0.0
2021-09-30 14:00:00,4097.305862656076,1300.3200000000002,2160.0,-0.0,2251.7711373439233,-0.0,0.0,-0.0,-0.0
2021-09-30 15:00:00,2912.5998659300476,1438.1399999999999,2160.0,-0.0,3431.0738340699536,-0.0,0.0,-0.0,-0.0
2021-09-30 16:00:00,1585.9728827371355,1617.43,2160.0,1317.3508172628653,3500.0,-0.0,0.0,-0.0,-0.0
2021-09-30 17:00:00,423.3858916867665,1823.07,2160.0,2571.5701083132353,3500.0,-0.0,0.0,-0.0,-0.0
2021-09-30 18:00:00,-0.0,2037.5099999999998,2160.0,3034.224,3500.0,-0.0,0.0,-0.0,-0.0
2021-09-30 19:00:00,-0.0,2243.13,2160.0,2927.5912000000017,3500.0,-0.0,0.0,-0.0,-0.0
2021-09-30 20:00:00,-0.0,2424.48,2160.0,2641.275300000001,3500.0,-0.0,0.0,-0.0,-0.0
2021-09-30 21:00:00,-0.0,2570.33,2160.0,2234.3294000000005,3500.0,-0.0,0.0,-0.0,-0.0
2021-09-30 22:00:00,-0.0,2675.09,2160.0,1820.8999999999996,3500.0,-0.0,0.0,-0.0,-0.0
2021-09-30 23:00:00,-0.0,2739.43,2160.0,1497.2685000000001,3500.0,-0.0,0.0,-0.0,-0.0
2021-10-01 00:00:00,-0.0,2783.06,2160.0,662.6535000000022,3500.0,-0.0,0.0,-0.0,-0.0
2021-10-01 01:00:00,-0.0,2791.9,2160.0,457.11180000000013,3500.0,-0.0,0.0,-0.0,-0.0
2021-10-01 02:00:00,-0.0,2794.01,2160.0,319.3832000000002,3500.0,-0.0,0.0,-0.0,-0.0
2021-10-01 03:00:00,-0.0,2805.67,2160.0,299.2628000000004,3500.0,-0.0,0.0,-0.0,-0.0
2021-10-01 04:00:00,-0.0,2841.96,2160.0,410.84390000000076,3500.0,-0.0,0.0,-0.0,-0.0
2021-10-01 05:00:00,-0.0,2914.6,2160.0,613.1175000000003,3500.0,-0.0,0.0,-0.0,-0.0
2021-10-01 06:00:00,-0.0,3030.2400000000002,2160.0,821.6104000000014,3500.0,-0.0,0.0,-0.0,-0.0
2021-10-01 07:00:00,386.87056041998653,3189.41,2160.0,558.0676395800137,3500.0,-0.0,0.0,-0.0,-0.0
2021-10-01 08:00:00,1522.3388916359195,3386.3300000000004,2160.0,-0.0,2901.358708364082,-0.0,0.0,-0.0,-0.0
2021-10-01 09:00:00,2829.1123374438675,3609.54,2160.0,-0.0,1421.8490625561335,-0.0,0.0,-0.0,-0.0
2021-10-01 10:00:00,4000.1027650602155,3843.36,2151.332325368361,-0.0,-0.0,-0.0,0.0,23.778190428577243,22.58928090714838
2021-10-01 11:00:00,4803.2726537945955,4069.87,1110.1752462054064,-0.0,-0.0,-0.0,0.0,112.58040000000119,129.5384019790588
2021-10-01 12:00:00,5088.409180037331,4271.25,524.2386199626699,-0.0,-0.0,-0.0,0.0,112.58040000000119,236.476828138862
2021-10-01 13:00:00,4803.2726537945955,4432.070000000001,593.1478462054056,-0.0,-0.0,-0.0,0.0,112.58040000000119,343.40456045604924
2021-10-01 14:00:00,4000.1027650602155,4541.29,1310.6342349397846,-0.0,-0.0,-0.0,0.0,112.58040000000119,450.32160000000476
2021-10-01 15:00:00,2829.1123374438675,4593.71,2160.0,-0.0,285.1513625561329,-0.0,0.0,-0.0,450.27656784000476
2021-10-01 16:00:00,1522.3388916359195,4590.6,2160.0,-0.0,1830.1645083640801,-0.0,0.0,-0.0,450.2315401832208
2021-10-01 17:00:00,386.87056041998653,4539.47,2160.0,-0.0,3310.3054395800136,-0.0,0.0,-0.0,450.18651702920243
2021-10-01 18:00:00,-0.0,4453.08,2160.0,421.0483999999997,3500.0,-0.0,112.58040000000119,-0.0,331.63581416697195
2021-10-01 19:00:00,-0.0,4347.62,2160.0,621.938799999999,3500.0,-0.0,112.58040000000119,-0.0,213.09696637502768
2021-10-01 20:00:00,-0.0,4240.610000000001,2160.0,620.5170999999991,3500.0,-0.0,112.58040000000119,-0.0,94.56997246786261
2021-10-01 21:00:00,-0.0,4148.5,2160.0,470.90821030291545,3500.0,-0.0,89.83248969708504,-0.0,-0.0
2021-10-01 22:00:00,-0.0,4084.4900000000002,2160.0,312.80530000000135,3500.0,-0.0,0.0,-0.0,-0.0
2021-10-01 23:00:00,-0.0,4056.79,2160.0,78.03920000000016,3500.0,-0.0,0.0,-0.0,-0.0
2021-10-02 00:00:00,-0.0,4080.61,2160.0,-0.0,2193.2518000000005,-0.0,0.0,-0.0,-0.0
2021-10-02 01:00:00,-0.0,4125.79,2160.0,-0.0,1948.4009000000015,-0.0,0.0,-0.0,-0.0
2021-10-02 02:00:00,-0.0,4195.650000000001,2160.0,-0.0,1740.0609999999997,-0.0,0.0,-0.0,-0.0
2021-10-02 03:00:00,-0.0,4276.22,2160.0,-0.0,1648.2785000000003,-0.0,0.0,-0.0,-0.0
2021-10-02 04:00:00,-0.0,4351.320000000001,2160.0,-0.0,1718.4106000000002,-0.0,0.0,-0.0,-0.0
2021-10-02 05:00:00,-0.0,4404.8,2160.0,-0.0,1937.3183,-0.0,0.0,-0.0,-0.0
2021-10-02 06:00:00,-0.0,4422.84,2160.0,-0.0,2241.001,-0.0,0.0,-0.0,-0.0
2021-10-02 07:00:00,380.89999127948306,4395.99,2160.0,-0.0,2167.1595087205164,-0.0,0.0,-0.0,-0.0
2021-10-02 08:00:00,1580.3371118661933,4320.48,2160.0,-0.0,1216.740788133807,-0.0,0.0,-0.0,-0.0
2021-10-02 09:00:00,2973.0532734704343,4198.92,2154.0096265295647,-0.0,-0.0,-0.0,0.0,-0.0,-0.0
2021-10-02 10:00:00,4225.444320359367,4040.03,1032.87697006921,-0.0,-0.0,-0.0,0.0,23.778190428577243,22.58928090714838
2021-10-02 11:00:00,5085.976312611855,3857.61,341.4898873881457,-0.0,-0.0,-0.0,0.0,112.58040000000119,129.5384019790588
2021-10-02 12:00:00,5391.714092374906,3668.7799999999997,123.49020762509463,-0.0,-0.0,-0.0,0.0,112.58040000000119,236.476828138862
2021-10-02 13:00:00,5085.976312611855,3491.7599999999998,549.2975873881451,-0.0,-0.0,-0.0,0.0,112.58040000000119,343.40456045604924
2021-10-02 14:00:00,4225.444320359367,3343.56,1580.151679640634,-0.0,-0.0,-0.0,0.0,112.58040000000119,450.32160000000476
2021-10-02 15:00:00,2973.0532734704343,3237.7299999999996,2160.0,-0.0,793.0389265295667,-0.0,0.0,-0.0,450.27656784000476
2021-10-02 16:00:00,1580.3371118661933,3182.66,2160.0,-0.0,2474.802988133807,-0.0,0.0,-0.0,450.2315401832208
2021-10-02 17:00:00,380.89999127948306,3180.4900000000002,2160.0,356.35440872051686,3500.0,-0.0,112.58040000000119,-0.0,331.68083281867484
2021-10-02 18:00:00,-0.0,3226.9300000000003,2160.0,939.9944999999989,3500.0,-0.0,112.58040000000119,-0.0,213.14198052486543
2021-10-02 19:00:00,-0.0,3311.85,2160.0,949.7560999999987,3500.0,-0.0,112.58040000000119,-0.0,94.61498211628538
2021-10-02 20:00:00,-0.0,3420.7,2160.0,754.5659554128306,3500.0,-0.0,89.87524458717007,-0.0,-0.0
2021-10-02 21:00:00,-0.0,3536.5400000000004,2160.0,463.6559999999995,3500.0,-0.0,0.0,-0.0,-0.0
2021-10-02 22:00:00,-0.0,3642.2900000000004,2160.0,45.619999999999436,3500.0,-0.0,0.0,-0.0,-0.0
2021-10-02 23:00:00,-0.0,3723.08,2160.0,-0.0,3202.1585000000014,-0.0,0.0,-0.0,-0.0
2021-10-03 00:00:00,-0.0,3781.32,2160.0,-0.0,2349.9539,-0.0,0.0,-0.0,-0.0
2021-10-03 01:00:00,-0.0,3785.7400000000002,2160.0,-0.0,2145.9319,-0.0,0.0,-0.0,-0.0
2021-10-03 02:00:00,-0.0,3750.5899999999997,2160.0,-0.0,2042.8074000000001,-0.0,0.0,-0.0,-0.0
2021-10-03 03:00:00,-0.0,3683.1000000000004,2160.0,-0.0,2099.4255000000003,-0.0,0.0,-0.0,-0.0
2021-10-03 04:00:00,-0.0,3595.4799999999996,2160.0,-0.0,2332.756000000001,-0.0,0.0,-0.0,-0.0
2021-10-03 05:00:00,-0.0,3503.23,2160.0,-0.0,2698.0060000000008,-0.0,0.0,-0.0,-0.0
2021-10-03 06:00:00,-0.0,3422.9300000000003,2160.0,-0.0,3100.7788,-0.0,0.0,-0.0,-0.0
2021-10-03 07:00:00,416.5783268723607,3369.94,2160.0,-0.0,3018.2816731276403,-0.0,0.0,-0.0,-0.0
2021-10-03 08:00:00,1829.895741996919,3356.23,2160.0,-0.0,1793.2005580030816,-0.0,0.0,-0.0,-0.0
2021-10-03 09:00:00,3486.2767008227206,3388.58,2160.0,-0.0,154.04509917728092,-0.0,0.0,-0.0,-0.0
2021-10-03 10:00:00,4981.117494585367,3467.67,689.9876054146334,-0.0,-0.0,-0.0,0.0,-0.0,-0.0
2021-10-03 11:00:00,6010.086496253965,3140.604803746035,-0.0,-0.0,-0.0,-0.0,0.0,112.58040000000119,106.95138000000112
2021-10-03 12:00:00,6375.965205172481,2675.177294827521,-0.0,-0.0,-0.0,-0.0,0.0,112.58040000000119,213.89206486200226
2021-10-03 13:00:00,6010.086496253965,2985.777403746035,-0.0,-0.0,-0.0,-0.0,0.0,112.58040000000119,320.8220556555172
2021-10-03 14:00:00,4981.117494585367,4038.667705414633,-0.0,-0.0,-0.0,-0.0,0.0,112.58040000000119,427.7413534499528
2021-10-03 15:00:00,3486.2767008227206,4197.33,1376.5824051619088,-0.0,-0.0,-0.0,0.0,23.81370598462839,450.32160000000476
2021-10-03 16:00:00,1829.895741996919,4296.74,2160.0,-0.0,873.1859580030816,-0.0,112.58040000000119,-0.0,331.7708836294772
2021-10-03 17:00:00,416.5783268723607,4347.16,2160.0,-0.0,2530.779073127638,-0.0,112.58040000000119,-0.0,213.23202233058672
2021-10-03 18:00:00,-0.0,4343.12,2160.0,-0.0,3203.4107910560265,-0.0,112.03770894397303,-0.0,95.27626866101365
2021-10-03 19:00:00,-0.0,4285.610000000001,2160.0,-0.0,3470.049000000001,-0.0,0.0,-0.0,95.26674103414754
2021-10-03 20:00:00,-0.0,4181.84,2160.0,-0.0,3467.2996000000003,-0.0,0.0,-0.0,95.25721436004413
2021-10-03 21:00:00,-0.0,4044.2299999999996,2160.0,-0.0,3342.6047000000017,-0.0,0.0,-0.0,95.24768863860812
2021-10-03 22:00:00,-0.0,3888.64,2160.0,-0.0,3188.6594999999993,-0.0,0.0,-0.0,95.23816386974427
2021-10-03 23:00:00,-0.0,3732.2499999999995,2160.0,-0.0,3085.2405999999996,-0.0,0.0,-0.0,95.2286400533573
2021-10-04 00:00:00,-0.0,3604.3199999999997,2160.0,-0.0,2989.2404000000006,-0.0,0.0,-0.0,95.21911718935196
2021-10-04 01:00:00,-0.0,3491.38,2160.0,-0.0,2905.6516,-0.0,0.0,-0.0,95.20959527763303
2021-10-04 02:00:00,-0.0,3414.4799999999996,2160.0,-0.0,2847.4530000000013,-0.0,0.0,-0.0,95.20007431810527
2021-10-04 03:00:00,-0.0,3375.49,2160.0,-0.0,2878.847100000001,-0.0,0.0,-0.0,95.19055431067346
2021-10-04 04:00:00,-0.0,3370.0200000000004,2160.0,-0.0,3033.3971999999994,-0.0,0.0,-0.0,95.18103525524239
2021-10-04 05:00:00,-0.0,3388.08,2160.0,-0.0,3291.8043,-0.0,0.0,-0.0,95.17151715171687
2021-10-04 06:00:00,-0.0,3415.5099999999998,2160.0,-0.0,3500.0,-0.0,90.40390000000161,-0.0,-0.0
2021-10-04 07:00:00,436.32026483413756,3435.91,2160.0,-0.0,3418.418735165862,-0.0,0.0,-0.0,-0.0
2021-10-04 08:00:00,2038.7763823759901,3432.9900000000002,2160.0,-0.0,1997.1386176240103,-0.0,0.0,-0.0,-0.0
2021-10-04 09:00:00,3935.1072609961184,3392.83,2160.0,-0.0,194.35353900388236,-0.0,0.0,-0.0,-0.0
2021-10-04 10:00:00,5652.77862303621,3305.9100000000003,701.1432673923673,-0.0,-0.0,-0.0,0.0,23.778190428577243,22.58928090714838
2021-10-04 11:00:00,6837.3172206274585,2814.616379372542,-0.0,-0.0,-0.0,-0.0,0.0,112.58040000000119,129.5384019790588
2021-10-04 12:00:00,7258.861721831639,2297.5608781683604,-0.0,-0.0,-0.0,-0.0,0.0,112.58040000000119,236.476828138862
2021-10-04 13:00:00,6837.3172206274585,2667.930879372542,-0.0,-0.0,-0.0,-0.0,0.0,112.58040000000119,343.40456045604924
2021-10-04 14:00:00,5652.77862303621,2509.22,1371.3398769637924,-0.0,-0.0,-0.0,0.0,112.58040000000119,450.32160000000476
2021-10-04 15:00:00,3935.1072609961184,2251.9,2160.0,-0.0,1207.1529390038822,-0.0,0.0,-0.0,450.27656784000476
2021-10-04 16:00:00,2038.7763823759901,2005.24,2160.0,-0.0,3500.0,-0.0,90.45791762400995,-0.0,355.0126795263682
2021-10-04 17:00:00,436.32026483413756,1786.54,2160.0,2098.0726351658623,3500.0,-0.0,112.58040000000119,-0.0,236.471494047888
2021-10-04 18:00:00,-0.0,1609.69,2160.0,2967.1075999999994,3500.0,-0.0,112.58040000000119,-0.0,117.94216268795566
2021-10-04 19:00:00,-0.0,1483.45,2160.0,3195.4241499518976,3500.0,-0.0,112.03385004810252,-0.0,-0.0
2021-10-04 20:00:00,-0.0,1410.3899999999999,2160.0,3278.4823000000015,3500.0,-0.0,0.0,-0.0,-0.0
2021-10-04 21:00:00,-0.0,1386.65,2160.0,3044.4388000000017,3500.0,-0.0,0.0,-0.0,-0.0
2021-10-04 22:00:00,-0.0,1402.57,2160.0,2723.542700000002,3500.0,-0.0,0.0,-0.0,-0.0
2021-10-04 23:00:00,-0.0,1444.1200000000001,2160.0,2426.7715,3500.0,-0.0,0.0,-0.0,-0.0
2021-10-05 00:00:00,-0.0,1508.08,2160.0,1576.5740999999998,3500.0,-0.0,0.0,-0.0,-0.0
2021-10-05 01:00:00,-0.0,1551.43,2160.0,1341.3363000000008,3500.0,-0.0,0.0,-0.0,-0.0
2021-10-05 02:00:00,-0.0,1573.07,2160.0,1189.2569000000003,3500.0,-0.0,0.0,-0.0,-0.0
2021-10-05 03:00:00,-0.0,1562.82,2160.0,1196.5871000000006,3500.0,-0.0,0.0,-0.0,-0.0
2021-10-05 04:00:00,-0.0,1516.1299999999999,2160.0,1397.0463000000009,3500.0,-0.0,0.0,-0.0,-0.0
2021-10-05 05:00:00,-0.0,1434.65,2160.0,1759.6903000000002,3500.0,-0.0,0.0,-0.0,-0.0
2021-10-05 06:00:00,-0.0,1326.08,2160.0,2198.9894000000004,3500.0,-0.0,0.0,-0.0,-0.0
2021-10-05 07:00:00,393.9906036193159,1203.08,2160.0,2217.4346963806847,3500.0,-0.0,0.0,-0.0,-0.0
2021-10-05 08:00:00,1968.781224153116,1081.5800000000002,2160.0,947.0956758468856,3500.0,-0.0,0.0,-0.0,-0.0
2021-10-05 09:00:00,3851.385373721246,978.53,2160.0,-0.0,2725.6164262787547,-0.0,0.0,-0.0,-0.0
2021-10-05 10:00:00,5563.019206966922,909.63,2160.0,-0.0,1041.321593033077,-0.0,0.0,-0.0,-0.0
2021-10-05 11:00:00,6745.604814652397,887.12,2061.786385347603,-0.0,-0.0,-0.0,0.0,112.58040000000119,106.95138000000112
2021-10-05 12:00:00,7166.792197702381,918.04,1518.8077022976204,-0.0,-0.0,-0.0,0.0,112.58040000000119,213.89206486200226
2021-10-05 13:00:00,6745.604814652397,1003.2299999999999,1808.2481853476056,-0.0,-0.0,-0.0,0.0,112.58040000000119,320.8220556555172
2021-10-05 14:00:00,5563.019206966922,1137.0900000000001,2160.0,-0.0,617.0727930330786,-0.0,0.0,-0.0,320.7899734499517
2021-10-05 15:00:00,3851.385373721246,1308.23,2160.0,-0.0,2295.525226278755,-0.0,0.0,-0.0,320.7578944526067
2021-10-05 16:00:00,1968.781224153116,1500.94,2160.0,617.6770758468829,3500.0,-0.0,112.58040000000119,-0.0,202.2201344526339
2021-10-05 17:00:00,393.9906036193159,1697.16,2160.0,2299.7690963806845,3500.0,-0.0,112.58040000000119,-0.0,83.6942282286611
2021-10-05 18:00:00,-0.0,1878.79,2160.0,2805.5127341344532,3500.0,-0.0,79.50156586554633,-0.0,-0.0
2021-10-05 19:00:00,-0.0,2030.05,2160.0,2839.6783000000005,3500.0,-0.0,0.0,-0.0,-0.0
2021-10-05 20:00:00,-0.0,2139.46,2160.0,2632.574600000001,3500.0,-0.0,0.0,-0.0,-0.0
2021-10-05 21:00:00,-0.0,2201.27,2160.0,2317.2711,3500.0,-0.0,0.0,-0.0,-0.0
2021-10-05 22:00:00,-0.0,2216.11,2160.0,2001.6852,3500.0,-0.0,0.0,-0.0,-0.0
2021-10-05 23:00:00,-0.0,2190.8,2160.0,1775.9443999999994,3500.0,-0.0,0.0,-0.0,-0.0
2021-10-06 00:00:00,-0.0,2150.63,2160.0,1034.0422000000008,3500.0,-0.0,0.0,-0.0,-0.0
2021-10-06 01:00:00,-0.0,2084.37,2160.0,912.4509000000007,3500.0,-0.0,0.0,-0.0,-0.0
2021-10-06 02:00:00,-0.0,2021.99,2160.0,848.3565000000017,3500.0,-0.0,0.0,-0.0,-0.0
2021-10-06 03:00:00,-0.0,1979.04,2160.0,892.2763000000004,3500.0,-0.0,0.0,-0.0,-0.0
2021-10-06 04:00:00,-0.0,1967.8100000000002,2160.0,1061.0870999999997,3500.0,-0.0,0.0,-0.0,-0.0
2021-10-06 05:00:00,-0.0,1995.61,2160.0,1318.1782000000012,3500.0,-0.0,0.0,-0.0,-0.0
2021-10-06 06:00:00,-0.0,2063.7,2160.0,1584.4625000000005,3500.0,-0.0,0.0,-0.0,-0.0
2021-10-06 07:00:00,315.0116918298898,2167.1000000000004,2160.0,1459.0435081701107,3500.0,-0.0,0.0,-0.0,-0.0
2021-10-06 08:00:00,1693.76676559344,2295.23,2160.0,138.5758344065598,3500.0,-0.0,0.0,-0.0,-0.0
2021-10-06 09:00:00,3359.6336753901346,2433.31,2160.0,-0.0,1896.074724609865,-0.0,0.0,-0.0,-0.0
2021-10-06 10:00:00,4880.0195771202825,2564.4,2160.0,-0.0,206.31382287971883,-0.0,0.0,-0.0,-0.0
2021-10-06 11:00:00,5932.457937485101,2671.6299999999997,1230.3617625149009,-0.0,-0.0,-0.0,0.0,112.58040000000119,106.95138000000112
2021-10-06 12:00:00,6307.610558470455,2740.57,698.4710415295467,-0.0,-0.0,-0.0,0.0,112.58040000000119,213.89206486200226
2021-10-06 13:00:00,5932.457937485101,2761.19,1009.4159625148995,-0.0,-0.0,-0.0,0.0,112.58040000000119,320.8220556555172
2021-10-06 14:00:00,4880.0195771202825,2729.28,2129.3050228797174,-0.0,-0.0,-0.0,0.0,112.58040000000119,427.7413534499528
2021-10-06 15:00:00,3359.6336753901346,2647.05,2160.0,-0.0,1600.0512246098647,-0.0,0.0,-0.0,427.6985793146078
2021-10-06 16:00:00,1693.76676559344,2522.97,2160.0,24.894834406559312,3500.0,-0.0,112.58040000000119,-0.0,309.15012524614883
2021-10-06 17:00:00,315.0116918298898,2370.63,2160.0,1862.0385081701106,3500.0,-0.0,112.58040000000119,-0.0,190.61352602309668
2021-10-06 18:00:00,-0.0,2207.0899999999997,2160.0,2603.3032999999996,3500.0,-0.0,112.58040000000119,-0.0,72.08878045996681
2021-10-06 19:00:00,-0.0,2050.6,2160.0,2912.110806997174,3500.0,-0.0,68.47749300282477,-0.0,-0.0
2021-10-06 20:00:00,-0.0,1918.28,2160.0,3017.3856000000005,3500.0,-0.0,0.0,-0.0,-0.0
2021-10-06 21:00:00,-0.0,1823.92,2160.0,2860.2996000000003,3500.0,-0.0,0.0,-0.0,-0.0
2021-10-06 22:00:00,-0.0,1776.23,2160.0,2609.169,3500.0,-0.0,0.0,-0.0,-0.0
2021-10-06 23:00:00,-0.0,1777.76,2160.0,2358.3860999999997,3500.0,-0.0,0.0,-0.0,-0.0
2021-10-07 00:00:00,-0.0,1838.06,2160.0,1517.742900000001,3500.0,-0.0,0.0,-0.0,-0.0
2021-10-07 01:00:00,-0.0,1920.8600000000001,2160.0,1248.6333999999988,3500.0,-0.0,0.0,-0.0,-0.0
2021-10-07 02:00:00,-0.0,2025.62,2160.0,1018.8134,3500.0,-0.0,0.0,-0.0,-0.0
2021-10-07 03:00:00,-0.0,2136.09,2160.0,910.5963000000011,3500.0,-0.0,0.0,-0.0,-0.0
2021-10-07 04:00:00,-0.0,2235.96,2160.0,969.4563000000007,3500.0,-0.0,0.0,-0.0,-0.0
2021-10-07 05:00:00,-0.0,2311.1200000000003,2160.0,1180.2065999999995,3500.0,-0.0,0.0,-0.0,-0.0
2021-10-07 06:00:00,-0.0,2351.71,2160.0,1474.8736,3500.0,-0.0,0.0,-0.0,-0.0
2021-10-07 07:00:00,252.6499341530051,2353.48,2160.0,1514.1951658469952,3500.0,-0.0,0.0,-0.0,-0.0
2021-10-07 08:00:00,1472.119151201778,2318.43,2160.0,516.8069487982225,3500.0,-0.0,0.0,-0.0,-0.0
2021-10-07 09:00:00,2962.03841040188,2254.6,2160.0,-0.0,2652.64188959812,-0.0,0.0,-0.0,-0.0
2021-10-07 10:00:00,4327.1671945943,2175.01,2160.0,-0.0,1329.1587054057,-0.0,0.0,-0.0,-0.0
2021-10-07 11:00:00,5273.965540970324,2095.93,2160.0,-0.0,372.7803590296762,-0.0,0.0,-0.0,-0.0
2021-10-07 12:00:00,5611.743515130358,2034.68,2160.0,-0.0,8.523184869642137,-0.0,0.0,-0.0,-0.0
2021-10-07 13:00:00,5273.965540970324,2007.28,2160.0,-0.0,330.04455902967675,-0.0,0.0,-0.0,-0.0
2021-10-07 14:00:00,4327.1671945943,2026.3,2160.0,-0.0,1293.1595054057007,-0.0,0.0,-0.0,-0.0
2021-10-07 15:00:00,2962.03841040188,2099.08,2160.0,-0.0,2725.878389598121,-0.0,0.0,-0.0,-0.0
2021-10-07 16:00:00,1472.119151201778,2226.71,2160.0,835.1663487982223,3500.0,-0.0,0.0,-0.0,-0.0
2021-10-07 17:00:00,252.6499341530051,2403.85,2160.0,2182.929265846995,3500.0,-0.0,0.0,-0.0,-0.0
2021-10-07 18:00:00,-0.0,2619.3,2160.0,2482.0948,3500.0,-0.0,0.0,-0.0,-0.0
2021-10-07 19:00:00,-0.0,2857.5,2160.0,2351.2266999999993,3500.0,-0.0,0.0,-0.0,-0.0
2021-10-07 20:00:00,-0.0,3100.51,2160.0,2011.6761000000006,3500.0,-0.0,0.0,-0.0,-0.0
2021-10-07 21:00:00,-0.0,3330.3100000000004,2160.0,1529.2796000000008,3500.0,-0.0,0.0,-0.0,-0.0
2021-10-07 22:00:00,-0.0,3531.12,2160.0,1028.3658999999998,3500.0,-0.0,0.0,-0.0,-0.0
2021-10-07 23:00:00,-0.0,3691.43,2160.0,617.3899000000001,3500.0,-0.0,0.0,-0.0,-0.0
2021-10-08 00:00:00,-0.0,3818.83,2160.0,-0.0,3208.1530000000002,-0.0,0.0,-0.0,-0.0
2021-10-08 01:00:00,-0.0,3886.9900000000002,2160.0,-0.0,2952.0130000000004,-0.0,0.0,-0.0,-0.0
2021-10-08 02:00:00,-0.0,3915.96,2160.0,-0.0,2796.1838,-0.0,0.0,-0.0,-0.0
2021-10-08 03:00:00,-0.0,3917.48,2160.0,-0.0,2794.9914000000003,-0.0,0.0,-0.0,-0.0
2021-10-08 04:00:00,-0.0,3906.67,2160.0,-0.0,2962.4838999999993,-0.0,0.0,-0.0,-0.0
2021-10-08 05:00:00,-0.0,3899.86,2160.0,-0.0,3253.0332000000003,-0.0,0.0,-0.0,-0.0
2021-10-08 06:00:00,-0.0,3912.25,2160.0,73.60959999999977,3500.0,-0.0,0.0,-0.0,-0.0
2021-10-08 07:00:00,217.8309141186672,3955.74,2160.0,103.61998588133429,3500.0,-0.0,0.0,-0.0,-0.0
2021-10-08 08:00:00,1386.9018316561999,4037.21,2160.0,-0.0,2537.5841683438002,-0.0,0.0,-0.0,-0.0
2021-10-08 09:00:00,2832.0474022736853,4157.46,2160.0,-0.0,1031.4737977263148,-0.0,0.0,-0.0,-0.0
2021-10-08 10:00:00,4161.464371046271,4311.04,1691.5585193823063,-0.0,-0.0,-0.0,0.0,23.778190428577243,22.58928090714838
2021-10-08 11:00:00,5085.295556130414,4486.89,589.1582438695859,-0.0,-0.0,-0.0,0.0,112.58040000000119,129.5384019790588
2021-10-08 12:00:00,5415.161131186491,4655.48556881351,-0.0,-0.0,-0.0,-0.0,0.0,112.58040000000119,236.476828138862
2021-10-08 13:00:00,5085.295556130414,4842.13,96.49004386958768,-0.0,-0.0,-0.0,0.0,112.58040000000119,343.40456045604924
2021-10-08 14:00:00,4161.464371046271,4986.72,907.8919289537298,-0.0,-0.0,-0.0,0.0,112.58040000000119,450.32160000000476
2021-10-08 15:00:00,2832.0474022736853,5088.589999999999,2160.0,-0.0,-0.0,-0.0,0.0,0.047402273684216005,450.32160000000476
2021-10-08 16:00:00,1386.9018316561999,5137.24,2160.0,-0.0,1640.0759683438007,-0.0,0.0,-0.0,450.27656784000476
2021-10-08 17:00:00,217.8309141186672,5128.0,2160.0,-0.0,3120.3547858813326,-0.0,0.0,-0.0,450.2315401832208
2021-10-08 18:00:00,-0.0,5062.7,2160.0,49.31409999999869,3500.0,-0.0,112.58040000000119,-0.0,331.68083281867484
2021-10-08 19:00:00,-0.0,4949.39,2160.0,266.3107999999984,3500.0,-0.0,112.58040000000119,-0.0,213.14198052486543
2021-10-08 20:00:00,-0.0,4801.349999999999,2160.0,314.08180000000084,3500.0,-0.0,112.58040000000119,-0.0,94.61498211628538
2021-10-08 21:00:00,-0.0,4635.32,2160.0,246.4088554128307,3500.0,-0.0,89.87524458717007,-0.0,-0.0
2021-10-08 22:00:00,-0.0,4469.31,2160.0,198.30079999999998,3500.0,-0.0,0.0,-0.0,-0.0
2021-10-08 23:00:00,-0.0,4320.23,2160.0,92.75110000000132,3500.0,-0.0,0.0,-0.0,-0.0
2021-10-09 00:00:00,-0.0,4215.22,2160.0,-0.0,2344.9394999999995,-0.0,0.0,-0.0,-0.0
2021-10-09 01:00:00,-0.0,4135.93,2160.0,-0.0,2232.1453999999994,-0.0,0.0,-0.0,-0.0
2021-10-09 02:00:00,-0.0,4098.39,2160.0,-0.0,2138.6557999999995,-0.0,0.0,-0.0,-0.0
2021-10-09 03:00:00,-0.0,4098.81,2160.0,-0.0,2134.3332,-0.0,0.0,-0.0,-0.0
2021-10-09 04:00:00,-0.0,4127.73,2160.0,-0.0,2257.8070000000007,-0.0,0.0,-0.0,-0.0
2021-10-09 05:00:00,-0.0,4171.42,2160.0,-0.0,2493.513000000001,-0.0,0.0,-0.0,-0.0
2021-10-09 06:00:00,-0.0,4213.82,2160.0,-0.0,2779.6867,-0.0,0.0,-0.0,-0.0
2021-10-09 07:00:00,183.89352952750642,4238.91,2160.0,-0.0,2857.594970472495,-0.0,0.0,-0.0,-0.0
2021-10-09 08:00:00,1291.8972426971234,4232.9,2160.0,-0.0,1935.6226573028778,-0.0,0.0,-0.0,-0.0
2021-10-09 09:00:00,2678.542395679993,4186.3099999999995,2160.0,-0.0,650.3300043200088,-0.0,0.0,-0.0,-0.0
2021-10-09 10:00:00,3959.368975596968,4095.31,1599.0273148316082,-0.0,-0.0,-0.0,0.0,23.778190428577243,22.58928090714838
2021-10-09 11:00:00,4851.204606053404,3962.3799999999997,832.8148939465982,-0.0,-0.0,-0.0,0.0,112.58040000000119,129.5384019790588
2021-10-09 12:00:00,5169.921398733101,3796.06,585.1021012668998,-0.0,-0.0,-0.0,0.0,112.58040000000119,236.476828138862
2021-10-09 13:00:00,4851.204606053404,3609.91,1038.598093946598,-0.0,-0.0,-0.0,0.0,112.58040000000119,343.40456045604924
2021-10-09 14:00:00,3959.368975596968,3420.77,2147.075224403032,-0.0,-0.0,-0.0,0.0,112.58040000000119,450.32160000000476
2021-10-09 15:00:00,2678.542395679993,3246.55,2160.0,-0.0,1461.9581043200078,-0.0,0.0,-0.0,450.27656784000476
2021-10-09 16:00:00,1291.8972426971234,3103.88,2160.0,-0.0,3230.2132573028784,-0.0,0.0,-0.0,450.2315401832208
2021-10-09 17:00:00,183.89352952750642,3005.93,2160.0,1120.8588704724934,3500.0,-0.0,112.58040000000119,-0.0,331.68083281867484
2021-10-09 18:00:00,-0.0,2960.66,2160.0,1603.7303999999986,3500.0,-0.0,112.58040000000119,-0.0,213.14198052486543
2021-10-09 19:00:00,-0.0,2969.79,2160.0,1693.5863,3500.0,-0.0,112.58040000000119,-0.0,94.61498211628538
2021-10-09 20:00:00,-0.0,3028.54,2160.0,1552.5755554128318,3500.0,-0.0,89.87524458717007,-0.0,-0.0
2021-10-09 21:00:00,-0.0,3126.33,2160.0,1283.5661999999993,3500.0,-0.0,0.0,-0.0,-0.0
2021-10-09 22:00:00,-0.0,3248.16,2160.0,853.0668000000005,3500.0,-0.0,0.0,-0.0,-0.0
2021-10-09 23:00:00,-0.0,3376.6000000000004,2160.0,465.3352999999988,3500.0,-0.0,0.0,-0.0,-0.0
2021-10-10 00:00:00,-0.0,3507.6600000000003,2160.0,-0.0,3043.8453999999997,-0.0,0.0,-0.0,-0.0
2021-10-10 01:00:00,-0.0,3598.98,2160.0,-0.0,2755.8237000000004,-0.0,0.0,-0.0,-0.0
2021-10-10 02:00:00,-0.0,3652.99,2160.0,-0.0,2566.1964000000007,-0.0,0.0,-0.0,-0.0
2021-10-10 03:00:00,-0.0,3664.2200000000003,2160.0,-0.0,2546.5047000000004,-0.0,0.0,-0.0,-0.0
2021-10-10 04:00:00,-0.0,3633.49,2160.0,-0.0,2725.1057999999994,-0.0,0.0,-0.0,-0.0
2021-10-10 05:00:00,-0.0,3567.71,2160.0,-0.0,3065.799400000001,-0.0,0.0,-0.0,-0.0
2021-10-10 06:00:00,-0.0,3478.83,2160.0,-0.0,3478.8122999999996,-0.0,0.0,-0.0,-0.0
2021-10-10 07:00:00,141.11747061993682,3382.1299999999997,2160.0,216.89392938006404,3500.0,-0.0,0.0,-0.0,-0.0
2021-10-10 08:00:00,1106.8653990531097,3294.04,2160.0,-0.0,3014.91540094689,-0.0,0.0,-0.0,-0.0
2021-10-10 09:00:00,2331.3007904337032,3229.7999999999997,2160.0,-0.0,1905.1925095662987,-0.0,0.0,-0.0,-0.0
2021-10-10 10:00:00,3467.0146403806475,3201.3,2160.0,-0.0,748.494159619353,-0.0,0.0,-0.0,-0.0
2021-10-10 11:00:00,4259.426344719803,3215.3500000000004,2114.333455280197,-0.0,-0.0,-0.0,0.0,112.58040000000119,106.95138000000112
2021-10-10 12:00:00,4542.855399787777,3272.6499999999996,1674.1843002122241,-0.0,-0.0,-0.0,0.0,112.58040000000119,213.89206486200226
2021-10-10 13:00:00,4259.426344719803,3367.6,1807.2573552801987,-0.0,-0.0,-0.0,0.0,112.58040000000119,320.8220556555172
2021-10-10 14:00:00,3467.0146403806475,3488.91,2160.0,-0.0,229.31385961935393,-0.0,0.0,-0.0,320.7899734499517
2021-10-10 15:00:00,2331.3007904337032,3621.08,2160.0,-0.0,1361.3861095662974,-0.0,0.0,-0.0,320.7578944526067
2021-10-10 16:00:00,1106.8653990531097,3746.38,2160.0,-0.0,2695.6499009468903,-0.0,0.0,-0.0,320.7258186631615
2021-10-10 17:00:00,141.11747061993682,3847.16,2160.0,241.58002938006348,3500.0,-0.0,112.58040000000119,-0.0,202.1880618707676
2021-10-10 18:00:00,-0.0,3908.16,2160.0,571.7615999999998,3500.0,-0.0,112.58040000000119,-0.0,83.66215885405296
2021-10-10 19:00:00,-0.0,3918.53,2160.0,689.9312969937419,3500.0,-0.0,79.47110300625918,-0.0,-0.0
2021-10-10 20:00:00,-0.0,3873.26,2160.0,706.2407000000003,3500.0,-0.0,0.0,-0.0,-0.0
2021-10-10 21:00:00,-0.0,3773.7799999999997,2160.0,541.2526000000007,3500.0,-0.0,0.0,-0.0,-0.0
2021-10-10 22:00:00,-0.0,3627.79,2160.0,375.2985000000017,3500.0,-0.0,0.0,-0.0,-0.0
2021-10-10 23:00:00,-0.0,3448.21,2160.0,292.41240000000016,3500.0,-0.0,0.0,-0.0,-0.0
2021-10-11 00:00:00,-0.0,3264.98,2160.0,249.16420000000062,3500.0,-0.0,0.0,-0.0,-0.0
2021-10-11 01:00:00,-0.0,3068.65,2160.0,245.82329999999956,3500.0,-0.0,0.0,-0.0,-0.0
2021-10-11 02:00:00,-0.0,2889.41,2160.0,286.58469999999943,3500.0,-0.0,0.0,-0.0,-0.0
2021-10-11 03:00:00,-0.0,2740.61,2160.0,424.1708999999996,3500.0,-0.0,0.0,-0.0,-0.0
2021-10-11 04:00:00,-0.0,2630.6200000000003,2160.0,679.393,3500.0,-0.0,0.0,-0.0,-0.0
2021-10-11 05:00:00,-0.0,2561.77,2160.0,1020.6306999999997,3500.0,-0.0,0.0,-0.0,-0.0
2021-10-11 06:00:00,-0.0,2530.1,2160.0,1374.0234,3500.0,-0.0,0.0,-0.0,-0.0
2021-10-11 07:00:00,110.3160298203302,2526.03,2160.0,1547.9858701796702,3500.0,-0.0,0.0,-0.0,-0.0
2021-10-11 08:00:00,980.1107741973373,2535.75,2160.0,841.9795258026625,3500.0,-0.0,0.0,-0.0,-0.0
2021-10-11 09:00:00,2098.1249556268267,2543.17,2160.0,-0.0,3264.970344373174,-0.0,0.0,-0.0,-0.0
2021-10-11 10:00:00,3139.5596128654097,2532.27,2160.0,-0.0,2183.0271871345894,-0.0,0.0,-0.0,-0.0
2021-10-11 11:00:00,3867.6788895065447,2489.35,2160.0,-0.0,1395.7493104934556,-0.0,0.0,-0.0,-0.0
2021-10-11 12:00:00,4128.341662244376,2405.04,2160.0,-0.0,1118.3046377556257,-0.0,0.0,-0.0,-0.0
2021-10-11 13:00:00,3867.6788895065447,2275.67,2160.0,-0.0,1451.387010493455,-0.0,0.0,-0.0,-0.0
2021-10-11 14:00:00,3139.5596128654097,2103.95,2160.0,-0.0,2373.3496871345906,-0.0,0.0,-0.0,-0.0
2021-10-11 15:00:00,2098.1249556268267,1898.67,2160.0,247.3096443731738,3500.0,-0.0,0.0,-0.0,-0.0
2021-10-11 16:00:00,980.1107741973373,1673.6799999999998,2160.0,1824.2917258026628,3500.0,-0.0,0.0,-0.0,-0.0
2021-10-11 17:00:00,110.3160298203302,1446.18,2160.0,3214.11247017967,3500.0,-0.0,0.0,-0.0,-0.0
2021-10-11 18:00:00,-0.0,1234.44,2160.0,3785.3472999999994,3500.0,-0.0,0.0,-0.0,-0.0
2021-10-11 19:00:00,-0.0,1055.5,2160.0,4058.9689,3500.0,-0.0,0.0,-0.0,-0.0
2021-10-11 20:00:00,-0.0,922.97,2160.0,4082.4549000000015,3500.0,-0.0,0.0,-0.0,-0.0
2021-10-11 21:00:00,-0.0,845.24,2160.0,3895.2384,3500.0,-0.0,0.0,-0.0,-0.0
2021-10-11 22:00:00,-0.0,824.4899999999999,2160.0,3603.7024,3500.0,-0.0,0.0,-0.0,-0.0
2021-10-11 23:00:00,-0.0,856.43,2160.0,3309.0908999999992,3500.0,-0.0,0.0,-0.0,-0.0
2021-10-12 00:00:00,-0.0,944.52,2160.0,2427.49,3500.0,-0.0,0.0,-0.0,-0.0
2021-10-12 01:00:00,-0.0,1047.04,2160.0,2125.3679999999995,3500.0,-0.0,0.0,-0.0,-0.0
2021-10-12 02:00:00,-0.0,1160.62,2160.0,1873.5135,3500.0,-0.0,0.0,-0.0,-0.0
2021-10-12 03:00:00,-0.0,1268.17,2160.0,1755.0915999999997,3500.0,-0.0,0.0,-0.0,-0.0
2021-10-12 04:00:00,-0.0,1354.79,2160.0,1814.1807999999992,3500.0,-0.0,0.0,-0.0,-0.0
2021-10-12 05:00:00,-0.0,1409.76,2160.0,2032.2121000000006,3500.0,-0.0,0.0,-0.0,-0.0
2021-10-12 06:00:00,-0.0,1427.98,2160.0,2336.464900000001,3500.0,-0.0,0.0,-0.0,-0.0
2021-10-12 07:00:00,104.40126039142024,1410.56,2160.0,2530.57483960858,3500.0,-0.0,0.0,-0.0,-0.0
2021-10-12 08:00:00,1069.4461124585152,1364.68,2160.0,1785.9362875414854,3500.0,-0.0,0.0,-0.0,-0.0
2021-10-12 09:00:00,2328.1202068728744,1302.51,2160.0,639.0076931271251,3500.0,-0.0,0.0,-0.0,-0.0
2021-10-12 10:00:00,3505.6838405149365,1239.47,2160.0,-0.0,2974.357359485064,-0.0,0.0,-0.0,-0.0
2021-10-12 11:00:00,4330.693736367008,1192.11,2160.0,-0.0,2096.0432636329924,-0.0,0.0,-0.0,-0.0
2021-10-12 12:00:00,4626.309448447001,1175.71,2160.0,-0.0,1717.278751552998,-0.0,0.0,-0.0,-0.0
2021-10-12 13:00:00,4330.693736367008,1202.17,2160.0,-0.0,1931.155863632992,-0.0,0.0,-0.0,-0.0
2021-10-12 14:00:00,3505.6838405149365,1278.2099999999998,2160.0,-0.0,2704.047059485065,-0.0,0.0,-0.0,-0.0
2021-10-12 15:00:00,2328.1202068728744,1404.42,2160.0,384.5712931271246,3500.0,-0.0,0.0,-0.0,-0.0
2021-10-12 16:00:00,1069.4461124585152,1574.99,2160.0,1708.7007875414847,3500.0,-0.0,0.0,-0.0,-0.0
2021-10-12 17:00:00,104.40126039142024,1778.41,2160.0,2765.02263960858,3500.0,-0.0,0.0,-0.0,-0.0
2021-10-12 18:00:00,-0.0,1998.8500000000001,2160.0,2900.454600000001,3500.0,-0.0,0.0,-0.0,-0.0
2021-10-12 19:00:00,-0.0,2218.23,2160.0,2778.165100000002,3500.0,-0.0,0.0,-0.0,-0.0
2021-10-12 20:00:00,-0.0,2418.4900000000002,2160.0,2471.3857000000007,3500.0,-0.0,0.0,-0.0,-0.0
2021-10-12 21:00:00,-0.0,2583.93,2160.0,2043.6407999999992,3500.0,-0.0,0.0,-0.0,-0.0
2021-10-12 22:00:00,-0.0,2703.2099999999996,2160.0,1614.825600000002,3500.0,-0.0,0.0,-0.0,-0.0
2021-10-12 23:00:00,-0.0,2770.7599999999998,2160.0,1287.4667000000009,3500.0,-0.0,0.0,-0.0,-0.0
2021-10-13 00:00:00,-0.0,2801.11,2160.0,466.5958000000014,3500.0,-0.0,0.0,-0.0,-0.0
2021-10-13 01:00:00,-0.0,2774.1,2160.0,297.07699999999977,3500.0,-0.0,0.0,-0.0,-0.0
2021-10-13 02:00:00,-0.0,2715.66,2160.0,220.41840000000047,3500.0,-0.0,0.0,-0.0,-0.0
2021-10-13 03:00:00,-0.0,2641.5699999999997,2160.0,286.91250000000036,3500.0,-0.0,0.0,-0.0,-0.0
2021-10-13 04:00:00,-0.0,2568.87,2160.0,508.6926000000012,3500.0,-0.0,0.0,-0.0,-0.0
2021-10-13 05:00:00,-0.0,2513.5600000000004,2160.0,840.4696999999987,3500.0,-0.0,0.0,-0.0,-0.0
2021-10-13 06:00:00,-0.0,2488.37,2160.0,1191.689300000001,3500.0,-0.0,0.0,-0.0,-0.0
2021-10-13 07:00:00,106.63324885515983,2501.07,2160.0,1357.0911511448412,3500.0,-0.0,0.0,-0.0,-0.0
2021-10-13 08:00:00,1288.7054991939756,2553.39,2160.0,300.95490080602485,3500.0,-0.0,0.0,-0.0,-0.0
2021-10-13 09:00:00,2854.4677263919493,2640.83,2160.0,-0.0,2201.138473608051,-0.0,0.0,-0.0,-0.0
2021-10-13 10:00:00,4325.88380122765,2753.27,2160.0,-0.0,571.0452987723493,-0.0,0.0,-0.0,-0.0
2021-10-13 11:00:00,5358.93734178489,2876.39,1590.7516582151102,-0.0,-0.0,-0.0,0.0,112.58040000000119,106.95138000000112
2021-10-13 12:00:00,5729.436266823346,2993.67,1007.460433176655,-0.0,-0.0,-0.0,0.0,112.58040000000119,213.89206486200226
2021-10-13 13:00:00,5358.93734178489,3088.67,1231.7861582151118,-0.0,-0.0,-0.0,0.0,112.58040000000119,320.8220556555172
2021-10-13 14:00:00,4325.883801227649,3147.34,2160.0,-0.0,-0.0,-0.0,0.0,38.320301227649,357.19425961621823
2021-10-13 15:00:00,2854.4677263919493,3159.99,2160.0,-0.0,1553.8465736080507,-0.0,0.0,-0.0,357.1585401902566
2021-10-13 16:00:00,1288.7054991939756,3122.71,2160.0,-0.0,3397.2042008060234,-0.0,0.0,-0.0,357.12282433623756
2021-10-13 17:00:00,106.63324885515983,3037.99,2160.0,1350.4550511448397,3500.0,-0.0,112.58040000000119,-0.0,238.58142784327637
2021-10-13 18:00:00,-0.0,2914.5,2160.0,1836.4429999999993,3500.0,-0.0,112.58040000000119,-0.0,120.05188548996449
2021-10-13 19:00:00,-0.0,2766.0099999999998,2160.0,2086.4629999999997,3500.0,-0.0,112.58040000000119,-0.0,1.5341960908879315
2021-10-13 20:00:00,-0.0,2609.66,2160.0,2251.9003594622855,3500.0,-0.0,1.4573405377149007,-0.0,-0.0
2021-10-13 21:00:00,-0.0,2463.78,2160.0,2141.4542,3500.0,-0.0,0.0,-0.0,-0.0
2021-10-13 22:00:00,-0.0,2345.48,2160.0,1954.7781000000014,3500.0,-0.0,0.0,-0.0,-0.0
2021-10-13 23:00:00,-0.0,2268.49,2160.0,1776.5468999999994,3500.0,-0.0,0.0,-0.0,-0.0
2021-10-14 00:00:00,-0.0,2255.07,2160.0,1004.0792000000001,3500.0,-0.0,0.0,-0.0,-0.0
2021-10-14 01:00:00,-0.0,2280.27,2160.0,786.9914000000008,3500.0,-0.0,0.0,-0.0,-0.0
2021-10-14 02:00:00,-0.0,2353.74,2160.0,583.0833000000002,3500.0,-0.0,0.0,-0.0,-0.0
2021-10-14 03:00:00,-0.0,2465.64,2160.0,468.2635000000005,3500.0,-0.0,0.0,-0.0,-0.0
2021-10-14 04:00:00,-0.0,2601.76,2160.0,485.91270000000077,3500.0,-0.0,0.0,-0.0,-0.0
2021-10-14 05:00:00,-0.0,2745.49,2160.0,623.3454000000002,3500.0,-0.0,0.0,-0.0,-0.0
2021-10-14 06:00:00,-0.0,2880.11,2160.0,819.4544999999998,3500.0,-0.0,0.0,-0.0,-0.0
2021-10-14 07:00:00,95.83042469066012,2991.11,2160.0,902.0599753093402,3500.0,-0.0,0.0,-0.0,-0.0
2021-10-14 08:00:00,1407.9160030423081,3068.15,2160.0,-0.0,3195.8859969576934,-0.0,0.0,-0.0,-0.0
2021-10-14 09:00:00,3174.8808303040887,3106.51,2160.0,-0.0,1448.6360696959118,-0.0,0.0,-0.0,-0.0
2021-10-14 10:00:00,4842.912768910611,3107.69,1921.6413215179664,-0.0,-0.0,-0.0,0.0,23.778190428577243,22.58928090714838
2021-10-14 11:00:00,6016.536942914173,3079.24,773.2293570858283,-0.0,-0.0,-0.0,0.0,112.58040000000119,129.5384019790588
2021-10-14 12:00:00,6437.835925387342,3033.6600000000003,306.6390746126599,-0.0,-0.0,-0.0,0.0,112.58040000000119,236.476828138862
2021-10-14 13:00:00,6016.536942914173,2986.72,728.3211570858284,-0.0,-0.0,-0.0,0.0,112.58040000000119,343.40456045604924
2021-10-14 14:00:00,4842.912768910611,2955.26,1966.0860310893904,-0.0,-0.0,-0.0,0.0,112.58040000000119,450.32160000000476
2021-10-14 15:00:00,3174.8808303040887,2954.85,2160.0,-0.0,1499.9048696959098,-0.0,0.0,-0.0,450.27656784000476
2021-10-14 16:00:00,1407.9160030423081,2997.57,2160.0,-0.0,3468.987796957692,-0.0,0.0,-0.0,450.2315401832208
2021-10-14 17:00:00,95.83042469066012,3090.37,2160.0,1379.2143753093405,3500.0,-0.0,112.58040000000119,-0.0,331.68083281867484
2021-10-14 18:00:00,-0.0,3233.96,2160.0,1591.758999999999,3500.0,-0.0,112.58040000000119,-0.0,213.14198052486543
2021-10-14 19:00:00,-0.0,3422.6299999999997,2160.0,1509.0143000000007,3500.0,-0.0,112.58040000000119,-0.0,94.61498211628538
2021-10-14 20:00:00,-0.0,3644.9199999999996,2160.0,1211.7357554128303,3500.0,-0.0,89.87524458717007,-0.0,-0.0
2021-10-14 21:00:00,-0.0,3885.0,2160.0,808.0362000000005,3500.0,-0.0,0.0,-0.0,-0.0
2021-10-14 22:00:00,-0.0,4124.74,2160.0,267.5503000000008,3500.0,-0.0,0.0,-0.0,-0.0
2021-10-14 23:00:00,-0.0,4345.98,2160.0,-0.0,3295.2595,-0.0,0.0,-0.0,-0.0
2021-10-15 00:00:00,-0.0,4546.55,2160.0,-0.0,2312.9163,-0.0,0.0,-0.0,-0.0
2021-10-15 01:00:00,-0.0,4687.54,2160.0,-0.0,1984.0749999999998,-0.0,0.0,-0.0,-0.0
2021-10-15 02:00:00,-0.0,4776.84,2160.0,-0.0,1768.3006000000005,-0.0,0.0,-0.0,-0.0
2021-10-15 03:00:00,-0.0,4815.05,2160.0,-0.0,1731.0603999999994,-0.0,0.0,-0.0,-0.0
2021-10-15 04:00:00,-0.0,4808.97,2160.0,-0.0,1894.7212000000009,-0.0,0.0,-0.0,-0.0
2021-10-15 05:00:00,-0.0,4770.54,2160.0,-0.0,2218.0423,-0.0,0.0,-0.0,-0.0
2021-10-15 06:00:00,-0.0,4715.150000000001,2160.0,-0.0,2607.806600000001,-0.0,0.0,-0.0,-0.0
2021-10-15 07:00:00,72.5619449561747,4659.45,2160.0,-0.0,2883.937355043826,-0.0,0.0,-0.0,-0.0
2021-10-15 08:00:00,1350.866377909124,4619.0,2160.0,-0.0,1832.5003220908766,-0.0,0.0,-0.0,-0.0
2021-10-15 09:00:00,3103.155881021816,4606.11,2160.0,-0.0,154.54661897818414,-0.0,0.0,-0.0,-0.0
2021-10-15 10:00:00,4765.038691410736,4628.1,592.388808589264,-0.0,-0.0,-0.0,0.0,-0.0,-0.0
2021-10-15 11:00:00,5936.854954758668,4072.388845241334,-0.0,-0.0,-0.0,-0.0,0.0,112.58040000000119,106.95138000000112
2021-10-15 12:00:00,6357.908418500827,3563.5372814991733,-0.0,-0.0,-0.0,-0.0,0.0,112.58040000000119,213.89206486200226
2021-10-15 13:00:00,5936.854954758668,3941.003045241334,-0.0,-0.0,-0.0,-0.0,0.0,112.58040000000119,320.8220556555172
2021-10-15 14:00:00,4765.038691410736,5001.830000000001,57.75443701673612,-0.0,-0.0,-0.0,0.0,23.804828427471122,343.40456045604924
2021-10-15 15:00:00,3103.155881021816,5106.96,1843.993518978185,-0.0,-0.0,-0.0,0.0,112.58040000000119,450.32160000000476
2021-10-15 16:00:00,1350.866377909124,5184.370000000001,2160.0,-0.0,1381.189322090875,-0.0,112.58040000000119,-0.0,331.7708836294772
2021-10-15 17:00:00,72.5619449561747,5219.6900000000005,2160.0,-0.0,2938.7149431997245,-0.0,104.08651184410101,-0.0,222.17295723153427
2021-10-15 18:00:00,-0.0,5202.97,2160.0,-0.0,3394.797800000001,-0.0,0.0,-0.0,222.15073993581112
2021-10-15 19:00:00,-0.0,5130.0599999999995,2160.0,-0.0,3500.0,-0.0,75.92240000000129,-0.0,142.2102090723425
2021-10-15 20:00:00,-0.0,5003.26,2160.0,-0.0,3500.0,-0.0,107.19969999999921,-0.0,29.354198577751887
2021-10-15 21:00:00,-0.0,4831.13,2160.0,-0.0,3500.0,-0.0,27.883699999999408,-0.0,-0.0
2021-10-15 22:00:00,-0.0,4627.35,2160.0,-0.0,3432.8418,-0.0,0.0,-0.0,-0.0
2021-10-15 23:00:00,-0.0,4409.07,2160.0,-0.0,3401.8701999999994,-0.0,0.0,-0.0,-0.0
2021-10-16 00:00:00,-0.0,4208.35,2160.0,-0.0,2255.5002999999997,-0.0,0.0,-0.0,-0.0
2021-10-16 01:00:00,-0.0,4014.98,2160.0,-0.0,2262.5621000000006,-0.0,0.0,-0.0,-0.0
2021-10-16 02:00:00,-0.0,3856.57,2160.0,-0.0,2295.912099999999,-0.0,0.0,-0.0,-0.0
2021-10-16 03:00:00,-0.0,3741.93,2160.0,-0.0,2412.803700000001,-0.0,0.0,-0.0,-0.0
2021-10-16 04:00:00,-0.0,3673.72,2160.0,-0.0,2639.7450000000003,-0.0,0.0,-0.0,-0.0
2021-10-16 05:00:00,-0.0,3648.24,2160.0,-0.0,2951.134,-0.0,0.0,-0.0,-0.0
2021-10-16 06:00:00,-0.0,3656.06,2160.0,-0.0,3278.5709999999995,-0.0,0.0,-0.0,-0.0
2021-10-16 07:00:00,49.90726204921767,3683.38,2160.0,-0.0,3495.085237950782,-0.0,0.0,-0.0,-0.0
2021-10-16 08:00:00,1251.0964935799632,3714.0699999999997,2160.0,-0.0,2450.2370064200377,-0.0,0.0,-0.0,-0.0
2021-10-16 09:00:00,2929.5183384851935,3731.93,2160.0,-0.0,815.8793615148065,-0.0,0.0,-0.0,-0.0
2021-10-16 10:00:00,4528.871992062448,3722.99,1371.2994983661283,-0.0,-0.0,-0.0,0.0,23.778190428577243,22.58928090714838
2021-10-16 11:00:00,5659.106310330912,3677.49,286.7086896690889,-0.0,-0.0,-0.0,0.0,112.58040000000119,129.5384019790588
2021-10-16 12:00:00,6065.584889404851,3469.990910595149,-0.0,-0.0,-0.0,-0.0,0.0,112.58040000000119,236.476828138862
2021-10-16 13:00:00,5659.106310330912,3466.5800000000004,366.2328896690906,-0.0,-0.0,-0.0,0.0,112.58040000000119,343.40456045604924
2021-10-16 14:00:00,4528.871992062448,3311.4500000000003,1686.933807937552,-0.0,-0.0,-0.0,0.0,112.58040000000119,450.32160000000476
2021-10-16 15:00:00,2929.5183384851935,3139.09,2160.0,-0.0,1326.4358615148067,-0.0,0.0,-0.0,450.27656784000476
2021-10-16 16:00:00,1251.0964935799632,2965.88,2160.0,-0.0,3425.067706420037,-0.0,0.0,-0.0,450.2315401832208
2021-10-16 17:00:00,49.90726204921767,2809.28,2160.0,1475.7102379507805,3500.0,-0.0,112.58040000000119,-0.0,331.68083281867484
2021-10-16 18:00:00,-0.0,2685.45,2160.0,1911.411799999999,3500.0,-0.0,112.58040000000119,-0.0,213.14198052486543
2021-10-16 19:00:00,-0.0,2607.09,2160.0,2097.1036999999997,3500.0,-0.0,112.58040000000119,-0.0,94.61498211628538
2021-10-16 20:00:00,-0.0,2581.6800000000003,2160.0,2048.6782554128295,3500.0,-0.0,89.87524458717007,-0.0,-0.0
2021-10-16 21:00:00,-0.0,2610.46,2160.0,1857.1770000000006,3500.0,-0.0,0.0,-0.0,-0.0
2021-10-16 22:00:00,-0.0,2688.2099999999996,2160.0,1479.3233,3500.0,-0.0,0.0,-0.0,-0.0
2021-10-16 23:00:00,-0.0,2803.89,2160.0,1112.9773000000005,3500.0,-0.0,0.0,-0.0,-0.0
2021-10-17 00:00:00,-0.0,2955.83,2160.0,179.39540000000125,3500.0,-0.0,0.0,-0.0,-0.0
2021-10-17 01:00:00,-0.0,3098.75,2160.0,-0.0,3348.4954,-0.0,0.0,-0.0,-0.0
2021-10-17 02:00:00,-0.0,3228.53,2160.0,-0.0,3091.8562000000006,-0.0,0.0,-0.0,-0.0
2021-10-17 03:00:00,-0.0,3329.5400000000004,2160.0,-0.0,2991.173800000001,-0.0,0.0,-0.0,-0.0
2021-10-17 04:00:00,-0.0,3390.43,2160.0,-0.0,3086.9663000000005,-0.0,0.0,-0.0,-0.0
2021-10-17 05:00:00,-0.0,3405.5200000000004,2160.0,-0.0,3355.615600000001,-0.0,0.0,-0.0,-0.0
2021-10-17 06:00:00,-0.0,3375.47,2160.0,218.63200000000097,3500.0,-0.0,0.0,-0.0,-0.0
2021-10-17 07:00:00,32.6093514552357,3307.08,2160.0,545.7439485447649,3500.0,-0.0,0.0,-0.0,-0.0
2021-10-17 08:00:00,1212.9852905616094,3212.25,2160.0,-0.0,3144.7044094383914,-0.0,0.0,-0.0,-0.0
2021-10-17 09:00:00,2897.0317463954634,3106.26,2160.0,-0.0,1625.9318536045357,-0.0,0.0,-0.0,-0.0
2021-10-17 10:00:00,4509.5429719664635,3005.61,2160.0,-0.0,73.37412803353709,-0.0,0.0,-0.0,-0.0
2021-10-17 11:00:00,5651.595669150428,2925.64,1192.351830849574,-0.0,-0.0,-0.0,0.0,112.58040000000119,106.95138000000112
2021-10-17 12:00:00,6062.727944171264,2878.4300000000003,737.7311558287356,-0.0,-0.0,-0.0,0.0,112.58040000000119,213.89206486200226
2021-10-17 13:00:00,5651.595669150428,2871.0,1109.5636308495732,-0.0,-0.0,-0.0,0.0,112.58040000000119,320.8220556555172
2021-10-17 14:00:00,4509.5429719664635,2904.34,2160.0,-0.0,-0.0,-0.0,0.0,22.143371966462837,341.82617681809137
2021-10-17 15:00:00,2897.0317463954634,2973.13,2160.0,-0.0,1658.6719536045357,-0.0,0.0,-0.0,341.7919942004096
2021-10-17 16:00:00,1212.9852905616094,3066.4799999999996,2160.0,-0.0,3492.9962094383905,-0.0,0.0,-0.0,341.7578150009896
2021-10-17 17:00:00,32.6093514552357,3169.2599999999998,2160.0,1353.6910150750955,3500.0,-0.0,18.869033469669763,-0.0,321.86149872510026
2021-10-17 18:00:00,-0.0,3264.17,2160.0,1568.6669000000002,3500.0,-0.0,0.0,-0.0,321.82931257522773
2021-10-17 19:00:00,-0.0,3334.01,2160.0,1602.5149000000001,3500.0,-0.0,0.0,-0.0,321.7971296439702
2021-10-17 20:00:00,-0.0,3363.9900000000002,2160.0,1472.2646000000004,3500.0,-0.0,0.0,-0.0,321.7649499310058
2021-10-17 21:00:00,-0.0,3343.77,2160.0,1236.0777999999991,3500.0,-0.0,0.0,-0.0,321.7327734360127
2021-10-17 22:00:00,-0.0,3268.82,2160.0,1007.0345000000016,3500.0,-0.0,0.0,-0.0,321.7006001586691
2021-10-17 23:00:00,-0.0,3141.05,2160.0,880.1734999999999,3500.0,-0.0,0.0,-0.0,321.66843009865323
2021-10-18 00:00:00,-0.0,2982.43,2160.0,820.1010000000006,3500.0,-0.0,0.0,-0.0,321.63626325564337
2021-10-18 01:00:00,-0.0,2778.83,2160.0,831.6169000000009,3500.0,-0.0,0.0,-0.0,321.60409962931783
2021-10-18 02:00:00,-0.0,2560.8399999999997,2160.0,918.5773000000008,3500.0,-0.0,0.0,-0.0,321.5719392193549
2021-10-18 03:00:00,-0.0,2346.59,2160.0,1128.9247000000014,3500.0,-0.0,0.0,-0.0,321.53978202543294
2021-10-18 04:00:00,-0.0,2153.08,2160.0,1474.8284999999996,3500.0,-0.0,0.0,-0.0,321.5076280472304
2021-10-18 05:00:00,-0.0,1994.04,2160.0,1913.2645000000002,3500.0,-0.0,0.0,-0.0,321.47547728442566
2021-10-18 06:00:00,-0.0,1878.17,2160.0,2357.706899999999,3500.0,-0.0,0.0,-0.0,321.44332973669725
2021-10-18 07:00:00,17.54342932499333,1808.07,2160.0,2697.156570675007,3500.0,-0.0,0.0,-0.0,321.4111854037236
2021-10-18 08:00:00,1160.3661625289483,1780.02,2160.0,1762.4052374710518,3500.0,-0.0,0.0,-0.0,321.3790442851832
2021-10-18 09:00:00,2828.677099693438,1784.6200000000001,2160.0,144.25680030656304,3500.0,-0.0,0.0,-0.0,321.3469063807547
2021-10-18 10:00:00,4434.012482353514,1808.15,2160.0,-0.0,1970.1371176464863,-0.0,0.0,-0.0,321.31477169011663
2021-10-18 11:00:00,5573.554192515772,1834.62,2160.0,-0.0,708.0164074842278,-0.0,0.0,-0.0,321.2826402129476
2021-10-18 12:00:00,5984.184270132268,1848.0,2160.0,-0.0,188.69032986773345,-0.0,0.0,-0.0,321.2505119489263
2021-10-18 13:00:00,5573.554192515772,1834.54,2160.0,-0.0,561.4096074842282,-0.0,0.0,-0.0,321.2183868977314
2021-10-18 14:00:00,4434.012482353514,1784.75,2160.0,-0.0,1778.2428176464864,-0.0,0.0,-0.0,321.18626505904166
2021-10-18 15:00:00,2828.677099693438,1694.8,2160.0,105.94490030656243,3500.0,-0.0,0.0,-0.0,321.15414643253575
2021-10-18 16:00:00,1160.3661625289483,1567.1399999999999,2160.0,2140.855837471052,3500.0,-0.0,0.0,-0.0,321.1220310178925
2021-10-18 17:00:00,17.54342932499333,1410.32,2160.0,3737.7695706750064,3500.0,-0.0,0.0,-0.0,321.0899188147907
2021-10-18 18:00:00,-0.0,1237.8400000000001,2160.0,4181.501,3500.0,-0.0,0.0,-0.0,321.0578098229092
2021-10-18 19:00:00,-0.0,1066.51,2160.0,4275.0,3500.0,64.23779999999874,112.58040000000119,-0.0,202.5200198313993
2021-10-18 20:00:00,-0.0,914.2,2160.0,4275.0,3500.0,111.58189999999945,112.58040000000119,-0.0,83.99408361888862
2021-10-18 21:00:00,-0.0,797.48,2160.0,4275.0,3500.0,-0.0,79.78640000000041,-0.0,-0.0
2021-10-18 22:00:00,-0.0,729.4599999999999,2160.0,4114.137,3500.0,-0.0,0.0,-0.0,-0.0
2021-10-18 23:00:00,-0.0,718.0300000000001,2160.0,3866.2768000000005,3500.0,-0.0,0.0,-0.0,-0.0
2021-10-19 00:00:00,-0.0,778.59,2160.0,3015.3779000000013,3500.0,-0.0,0.0,-0.0,-0.0
2021-10-19 01:00:00,-0.0,878.78,2160.0,2718.4862000000003,3500.0,-0.0,0.0,-0.0,-0.0
2021-10-19 02:00:00,-0.0,1021.67,2160.0,2439.9789,3500.0,-0.0,0.0,-0.0,-0.0
2021-10-19 03:00:00,-0.0,1192.16,2160.0,2261.0272000000004,3500.0,-0.0,0.0,-0.0,-0.0
2021-10-19 04:00:00,-0.0,1372.75,2160.0,2228.3083000000006,3500.0,-0.0,0.0,-0.0,-0.0
2021-10-19 05:00:00,-0.0,1545.8,2160.0,2330.1719000000003,3500.0,-0.0,0.0,-0.0,-0.0
2021-10-19 06:00:00,-0.0,1695.8999999999999,2160.0,2504.2048000000013,3500.0,-0.0,0.0,-0.0,-0.0
2021-10-19 07:00:00,5.312132543700271,1811.8500000000001,2160.0,2665.441767456299,3500.0,-0.0,0.0,-0.0,-0.0
2021-10-19 08:00:00,989.7306444760551,1888.06,2160.0,1780.4926555239444,3500.0,-0.0,0.0,-0.0,-0.0
2021-10-19 09:00:00,2464.327302872584,1925.24,2160.0,319.1884971274171,3500.0,-0.0,0.0,-0.0,-0.0
2021-10-19 10:00:00,3890.422851952052,1930.1699999999998,2160.0,-0.0,2338.678448047948,-0.0,0.0,-0.0,-0.0
2021-10-19 11:00:00,4905.051327741122,1914.69,2160.0,-0.0,1239.2505722588785,-0.0,0.0,-0.0,-0.0
2021-10-19 12:00:00,5271.019316198187,1893.94,2160.0,-0.0,794.6124838018122,-0.0,0.0,-0.0,-0.0
2021-10-19 13:00:00,4905.051327741122,1884.24,2160.0,-0.0,1114.874472258879,-0.0,0.0,-0.0,-0.0
2021-10-19 14:00:00,3890.422851952052,1900.6899999999998,2160.0,-0.0,2136.5881480479493,-0.0,0.0,-0.0,-0.0
2021-10-19 15:00:00,2464.327302872584,1955.0600000000002,2160.0,136.84209712741585,3500.0,-0.0,0.0,-0.0,-0.0
2021-10-19 16:00:00,989.7306444760551,2054.03,2160.0,1747.5971555239457,3500.0,-0.0,0.0,-0.0,-0.0
2021-10-19 17:00:00,5.312132543700271,2198.1600000000003,2160.0,2881.428267456302,3500.0,-0.0,0.0,-0.0,-0.0
2021-10-19 18:00:00,-0.0,2381.73,2160.0,2953.2345000000023,3500.0,-0.0,0.0,-0.0,-0.0
2021-10-19 19:00:00,-0.0,2593.31,2160.0,2837.0849000000017,3500.0,-0.0,0.0,-0.0,-0.0
2021-10-19 20:00:00,-0.0,2817.27,2160.0,2504.6932000000015,3500.0,-0.0,0.0,-0.0,-0.0
2021-10-19 21:00:00,-0.0,3035.73,2160.0,2021.7651000000023,3500.0,-0.0,0.0,-0.0,-0.0
2021-10-19 22:00:00,-0.0,3230.92,2160.0,1514.6310000000012,3500.0,-0.0,0.0,-0.0,-0.0
2021-10-19 23:00:00,-0.0,3387.44,2160.0,1095.6448999999993,3500.0,-0.0,0.0,-0.0,-0.0
2021-10-20 00:00:00,-0.0,3508.08,2160.0,181.57330000000002,3500.0,-0.0,0.0,-0.0,-0.0
2021-10-20 01:00:00,-0.0,3560.14,2160.0,-0.0,3429.842400000001,-0.0,0.0,-0.0,-0.0
2021-10-20 02:00:00,-0.0,3558.7000000000003,2160.0,-0.0,3292.8025000000002,-0.0,0.0,-0.0,-0.0
2021-10-20 03:00:00,-0.0,3511.3,2160.0,-0.0,3328.9900000000007,-0.0,0.0,-0.0,-0.0
2021-10-20 04:00:00,-0.0,3430.74,2160.0,54.782100000000355,3500.0,-0.0,0.0,-0.0,-0.0
2021-10-20 05:00:00,-0.0,3333.25,2160.0,424.65849999999955,3500.0,-0.0,0.0,-0.0,-0.0
2021-10-20 06:00:00,-0.0,3236.3599999999997,2160.0,843.2725,3500.0,-0.0,0.0,-0.0,-0.0
2021-10-20 07:00:00,-0.0,3156.55,2160.0,1203.2910000000002,3500.0,-0.0,0.0,-0.0,-0.0
2021-10-20 08:00:00,768.4289882962728,3107.04,2160.0,657.8804117037262,3500.0,-0.0,0.0,-0.0,-0.0
2021-10-20 09:00:00,1955.6794518709646,3096.05,2160.0,-0.0,3030.044948129035,-0.0,0.0,-0.0,-0.0
2021-10-20 10:00:00,3109.8072066437608,3125.77,2160.0,-0.0,1794.7873933562396,-0.0,0.0,-0.0,-0.0
2021-10-20 11:00:00,3932.830632763104,3192.09,2160.0,-0.0,803.3666672368959,-0.0,0.0,-0.0,-0.0
2021-10-20 12:00:00,4229.975256940758,3285.2799999999997,2160.0,-0.0,311.9401430592425,-0.0,0.0,-0.0,-0.0
2021-10-20 13:00:00,3932.830632763104,3391.3900000000003,2160.0,-0.0,446.0243672368947,-0.0,0.0,-0.0,-0.0
2021-10-20 14:00:00,3109.8072066437608,3494.1800000000003,2160.0,-0.0,1188.3798933562402,-0.0,0.0,-0.0,-0.0
2021-10-20 15:00:00,1955.6794518709646,3577.48,2160.0,-0.0,2386.4542481290355,-0.0,0.0,-0.0,-0.0
2021-10-20 16:00:00,768.4289882962728,3627.45,2160.0,257.7126117037269,3500.0,-0.0,0.0,-0.0,-0.0
2021-10-20 17:00:00,-0.0,3634.56,2160.0,1311.556300000002,3500.0,-0.0,0.0,-0.0,-0.0
2021-10-20 18:00:00,-0.0,3595.0,2160.0,1600.2963999999993,3500.0,-0.0,0.0,-0.0,-0.0
2021-10-20 19:00:00,-0.0,3511.32,2160.0,1778.6579999999994,3500.0,-0.0,0.0,-0.0,-0.0
2021-10-20 20:00:00,-0.0,3392.17,2160.0,1788.7627000000011,3500.0,-0.0,0.0,-0.0,-0.0
2021-10-20 21:00:00,-0.0,3251.26,2160.0,1664.7275000000009,3500.0,-0.0,0.0,-0.0,-0.0
2021-10-20 22:00:00,-0.0,3105.6299999999997,2160.0,1498.0715,3500.0,-0.0,0.0,-0.0,-0.0
2021-10-20 23:00:00,-0.0,2973.4100000000003,2160.0,1367.6200000000008,3500.0,-0.0,0.0,-0.0,-0.0
2021-10-21 00:00:00,-0.0,2885.28,2160.0,662.2260999999999,3500.0,-0.0,0.0,-0.0,-0.0
2021-10-21 01:00:00,-0.0,2827.1400000000003,2160.0,520.7640999999994,3500.0,-0.0,0.0,-0.0,-0.0
2021-10-21 02:00:00,-0.0,2821.0499999999997,2160.0,388.5796000000005,3500.0,-0.0,0.0,-0.0,-0.0
2021-10-21 03:00:00,-0.0,2869.04,2160.0,329.71770000000015,3500.0,-0.0,0.0,-0.0,-0.0
2021-10-21 04:00:00,-0.0,2966.67,2160.0,377.79689999999937,3500.0,-0.0,0.0,-0.0,-0.0
2021-10-21 05:00:00,-0.0,3103.72,2160.0,513.7482000000014,3500.0,-0.0,0.0,-0.0,-0.0
2021-10-21 06:00:00,-0.0,3265.5,2160.0,674.4410000000007,3500.0,-0.0,0.0,-0.0,-0.0
2021-10-21 07:00:00,-0.0,3434.95,2160.0,786.0821999999998,3500.0,-0.0,0.0,-0.0,-0.0
2021-10-21 08:00:00,665.6905593103386,3594.86,2160.0,135.00794068966206,3500.0,-0.0,0.0,-0.0,-0.0
2021-10-21 09:00:00,1733.0720824398945,3730.23,2160.0,-0.0,2481.831917560106,-0.0,0.0,-0.0,-0.0
2021-10-21 10:00:00,2776.11377137237,3830.25,2160.0,-0.0,1288.643528627631,-0.0,0.0,-0.0,-0.0
2021-10-21 11:00:00,3521.664877915312,3889.7,2160.0,-0.0,382.97692208468834,-0.0,0.0,-0.0,-0.0
2021-10-21 12:00:00,3791.1105252579573,3909.63,2160.0,-0.0,-0.0,-0.0,0.0,5.946225257957849,5.6489139950599565
2021-10-21 13:00:00,3521.664877915312,3897.1299999999997,2160.0,-0.0,220.72082208468828,-0.0,0.0,-0.0,5.6483491036604505
2021-10-21 14:00:00,2776.11377137237,3864.3,2160.0,-0.0,1023.0232286276296,-0.0,0.0,-0.0,5.647784268750084
2021-10-21 15:00:00,1733.0720824398945,3826.51,2160.0,-0.0,2233.0242175601047,-0.0,0.0,-0.0,5.647219490323209
2021-10-21 16:00:00,665.6905593103386,3800.25,2160.0,57.32811865970598,3500.0,-0.0,5.364322029955469,-0.0,-0.0
2021-10-21 17:00:00,-0.0,3800.77,2160.0,1022.5586999999996,3500.0,-0.0,0.0,-0.0,-0.0
2021-10-21 18:00:00,-0.0,3839.9100000000003,2160.0,1234.8894000000018,3500.0,-0.0,0.0,-0.0,-0.0
2021-10-21 19:00:00,-0.0,3924.38,2160.0,1247.5112,3500.0,-0.0,0.0,-0.0,-0.0
2021-10-21 20:00:00,-0.0,4054.7400000000002,2160.0,1010.631800000001,3500.0,-0.0,0.0,-0.0,-0.0
2021-10-21 21:00:00,-0.0,4225.19,2160.0,577.8756000000003,3500.0,-0.0,0.0,-0.0,-0.0
2021-10-21 22:00:00,-0.0,4424.2,2160.0,69.33169999999973,3500.0,-0.0,0.0,-0.0,-0.0
2021-10-21 23:00:00,-0.0,4635.9800000000005,2160.0,-0.0,3097.741500000001,-0.0,0.0,-0.0,-0.0
2021-10-22 00:00:00,-0.0,4856.21,2160.0,-0.0,2086.9256000000014,-0.0,0.0,-0.0,-0.0
2021-10-22 01:00:00,-0.0,5039.34,2160.0,-0.0,1707.2681000000011,-0.0,0.0,-0.0,-0.0
2021-10-22 02:00:00,-0.0,5183.47,2160.0,-0.0,1428.0382,-0.0,0.0,-0.0,-0.0
2021-10-22 03:00:00,-0.0,5277.3099999999995,2160.0,-0.0,1326.6023000000005,-0.0,0.0,-0.0,-0.0
2021-10-22 04:00:00,-0.0,5315.339999999999,2160.0,-0.0,1437.6537000000017,-0.0,0.0,-0.0,-0.0
2021-10-22 05:00:00,-0.0,5298.5199999999995,2160.0,-0.0,1730.9408000000012,-0.0,0.0,-0.0,-0.0
2021-10-22 06:00:00,-0.0,5234.03,2160.0,-0.0,2121.459100000001,-0.0,0.0,-0.0,-0.0
2021-10-22 07:00:00,-0.0,5134.26,2160.0,-0.0,2505.9655000000002,-0.0,0.0,-0.0,-0.0
2021-10-22 08:00:00,724.6708544646577,5015.05,2160.0,-0.0,2078.759345535342,-0.0,0.0,-0.0,-0.0
2021-10-22 09:00:00,1931.451217097071,4893.55,2160.0,-0.0,1046.8660829029286,-0.0,0.0,-0.0,-0.0
2021-10-22 10:00:00,3117.0276893239584,4785.849999999999,2106.5307011046184,-0.0,-0.0,-0.0,0.0,23.778190428577243,22.58928090714838
2021-10-22 11:00:00,3966.455538969341,4704.8,1330.2545610306602,-0.0,-0.0,-0.0,0.0,112.58040000000119,129.5384019790588
2021-10-22 12:00:00,4273.744550714692,4658.2699999999995,973.9832492853093,-0.0,-0.0,-0.0,0.0,112.58040000000119,236.476828138862
2021-10-22 13:00:00,3966.455538969341,4648.11,1240.2590610306593,-0.0,-0.0,-0.0,0.0,112.58040000000119,343.40456045604924
2021-10-22 14:00:00,3117.0276893239584,4669.93,2095.957310676042,-0.0,-0.0,-0.0,0.0,112.58040000000119,450.32160000000476
2021-10-22 15:00:00,1931.451217097071,4713.75,2160.0,-0.0,1098.5341829029285,-0.0,0.0,-0.0,450.27656784000476
2021-10-22 16:00:00,724.6708544646577,4765.37,2160.0,-0.0,2494.0099455353434,-0.0,0.0,-0.0,450.2315401832208
2021-10-22 17:00:00,-0.0,4808.41,2160.0,-0.0,3474.6798,-0.0,0.0,-0.0,450.18651702920243
2021-10-22 18:00:00,-0.0,4826.5599999999995,2160.0,99.8127999999997,3500.0,-0.0,112.58040000000119,-0.0,331.63581416697195
2021-10-22 19:00:00,-0.0,4805.91,2160.0,221.9940999999999,3500.0,-0.0,112.58040000000119,-0.0,213.09696637502768
2021-10-22 20:00:00,-0.0,4736.9,2160.0,188.96710000000166,3500.0,-0.0,112.58040000000119,-0.0,94.56997246786261
2021-10-22 21:00:00,-0.0,4615.77,2160.0,75.0628103029153,3500.0,-0.0,89.83248969708504,-0.0,-0.0
2021-10-22 22:00:00,-0.0,4445.16,2160.0,30.527900000000955,3500.0,-0.0,0.0,-0.0,-0.0
2021-10-22 23:00:00,-0.0,4233.87,2160.0,-0.0,3486.598000000001,-0.0,0.0,-0.0,-0.0
2021-10-23 00:00:00,-0.0,4009.58,2160.0,-0.0,2357.8896000000004,-0.0,0.0,-0.0,-0.0
2021-10-23 01:00:00,-0.0,3762.06,2160.0,-0.0,2413.5218,-0.0,0.0,-0.0,-0.0
2021-10-23 02:00:00,-0.0,3523.54,2160.0,-0.0,2521.6037000000006,-0.0,0.0,-0.0,-0.0
2021-10-23 03:00:00,-0.0,3311.2799999999997,2160.0,-0.0,2730.943900000001,-0.0,0.0,-0.0,-0.0
2021-10-23 04:00:00,-0.0,3139.1400000000003,2160.0,-0.0,3056.8530999999994,-0.0,0.0,-0.0,-0.0
2021-10-23 05:00:00,-0.0,3015.88,2160.0,-0.0,3461.2758000000003,-0.0,0.0,-0.0,-0.0
2021-10-23 06:00:00,-0.0,2944.02,2160.0,363.8648999999991,3500.0,-0.0,0.0,-0.0,-0.0
2021-10-23 07:00:00,-0.0,2919.68,2160.0,677.6407999999992,3500.0,-0.0,0.0,-0.0,-0.0
2021-10-23 08:00:00,817.3095356521702,2933.1800000000003,2160.0,29.78416434782912,3500.0,-0.0,0.0,-0.0,-0.0
2021-10-23 09:00:00,2231.977303797291,2970.4399999999996,2160.0,-0.0,2135.9299962027108,-0.0,0.0,-0.0,-0.0
2021-10-23 10:00:00,3629.369481233067,3015.01,2160.0,-0.0,652.4068187669327,-0.0,0.0,-0.0,-0.0
2021-10-23 11:00:00,4632.960774068945,3050.29,1794.0759259310562,-0.0,-0.0,-0.0,0.0,112.58040000000119,106.95138000000112
2021-10-23 12:00:00,4996.384295677347,3061.92,1328.1511043226537,-0.0,-0.0,-0.0,0.0,112.58040000000119,213.89206486200226
2021-10-23 13:00:00,4632.960774068945,3039.7000000000003,1667.2377259310551,-0.0,-0.0,-0.0,0.0,112.58040000000119,320.8220556555172
2021-10-23 14:00:00,3629.369481233067,2979.0499999999997,2160.0,-0.0,491.5793187669351,-0.0,0.0,-0.0,320.7899734499517
2021-10-23 15:00:00,2231.977303797291,2881.62,2160.0,-0.0,2124.3600962027103,-0.0,0.0,-0.0,320.7578944526067
2021-10-23 16:00:00,817.3095356521702,2755.09,2160.0,297.81426434782907,3500.0,-0.0,112.58040000000119,-0.0,202.2201344526339
2021-10-23 17:00:00,-0.0,2612.1,2160.0,1561.6364999999987,3500.0,-0.0,112.58040000000119,-0.0,83.6942282286611
2021-10-23 18:00:00,-0.0,2468.5699999999997,2160.0,1998.549534134454,3500.0,-0.0,79.50156586554633,-0.0,-0.0
2021-10-23 19:00:00,-0.0,2341.47,2160.0,2311.0751,3500.0,-0.0,0.0,-0.0,-0.0
2021-10-23 20:00:00,-0.0,2246.49,2160.0,2308.3614000000016,3500.0,-0.0,0.0,-0.0,-0.0
2021-10-23 21:00:00,-0.0,2195.88,2160.0,2105.476600000001,3500.0,-0.0,0.0,-0.0,-0.0
2021-10-23 22:00:00,-0.0,2196.71,2160.0,1803.9019999999991,3500.0,-0.0,0.0,-0.0,-0.0
2021-10-23 23:00:00,-0.0,2249.8199999999997,2160.0,1499.7399000000005,3500.0,-0.0,0.0,-0.0,-0.0
2021-10-24 00:00:00,-0.0,2363.41,2160.0,604.2090000000007,3500.0,-0.0,0.0,-0.0,-0.0
2021-10-24 01:00:00,-0.0,2498.63,2160.0,281.1364000000003,3500.0,-0.0,0.0,-0.0,-0.0
2021-10-24 02:00:00,-0.0,2653.56,2160.0,-0.0,3499.7333000000012,-0.0,0.0,-0.0,-0.0
2021-10-24 03:00:00,-0.0,2810.18,2160.0,-0.0,3344.0818000000004,-0.0,0.0,-0.0,-0.0
2021-10-24 04:00:00,-0.0,2950.4799999999996,2160.0,-0.0,3361.3626000000004,-0.0,0.0,-0.0,-0.0
2021-10-24 05:00:00,-0.0,3058.72,2160.0,38.01500000000078,3500.0,-0.0,0.0,-0.0,-0.0
2021-10-24 06:00:00,-0.0,3123.52,2160.0,307.5880000000002,3500.0,-0.0,0.0,-0.0,-0.0
2021-10-24 07:00:00,-0.0,3139.19,2160.0,584.9107000000008,3500.0,-0.0,0.0,-0.0,-0.0
2021-10-24 08:00:00,833.8597301107993,3106.4599999999996,2160.0,-0.0,3470.198369889201,-0.0,0.0,-0.0,-0.0
2021-10-24 09:00:00,2335.2402500722037,3032.2599999999998,2160.0,-0.0,2104.4649499277966,-0.0,0.0,-0.0,-0.0
2021-10-24 10:00:00,3826.5656620044615,2928.6600000000003,2160.0,-0.0,678.4532379955394,-0.0,0.0,-0.0,-0.0
2021-10-24 11:00:00,4900.196752832488,2811.16,1906.0384471675134,-0.0,-0.0,-0.0,0.0,112.58040000000119,106.95138000000112
2021-10-24 12:00:00,5289.377421312445,2696.52,1543.6996786875552,-0.0,-0.0,-0.0,0.0,112.58040000000119,213.89206486200226
2021-10-24 13:00:00,4900.196752832488,2600.42,1985.3926471675131,-0.0,-0.0,-0.0,0.0,112.58040000000119,320.8220556555172
2021-10-24 14:00:00,3826.5656620044615,2535.2799999999997,2160.0,-0.0,887.1253379955383,-0.0,0.0,-0.0,320.7899734499517
2021-10-24 15:00:00,2335.2402500722037,2508.52,2160.0,-0.0,2545.921449927795,-0.0,0.0,-0.0,320.7578944526067
2021-10-24 16:00:00,833.8597301107993,2521.54,2160.0,669.1786698891992,3500.0,-0.0,112.58040000000119,-0.0,202.2201344526339
2021-10-24 17:00:00,-0.0,2569.48,2160.0,1761.145700000001,3500.0,-0.0,112.58040000000119,-0.0,83.6942282286611
2021-10-24 18:00:00,-0.0,2641.8999999999996,2160.0,1984.517634134454,3500.0,-0.0,79.50156586554633,-0.0,-0.0
2021-10-24 19:00:00,-0.0,2724.15,2160.0,2089.9851,3500.0,-0.0,0.0,-0.0,-0.0
2021-10-24 20:00:00,-0.0,2799.41,2160.0,1919.2024000000001,3500.0,-0.0,0.0,-0.0,-0.0
2021-10-24 21:00:00,-0.0,2850.95,2160.0,1616.2151000000003,3500.0,-0.0,0.0,-0.0,-0.0
2021-10-24 22:00:00,-0.0,2864.4700000000003,2160.0,1303.8745000000008,3500.0,-0.0,0.0,-0.0,-0.0
2021-10-24 23:00:00,-0.0,2830.07,2160.0,1089.0216,3500.0,-0.0,0.0,-0.0,-0.0
2021-10-25 00:00:00,-0.0,2757.3799999999997,2160.0,948.3868000000002,3500.0,-0.0,0.0,-0.0,-0.0
2021-10-25 01:00:00,-0.0,2621.27,2160.0,898.1885999999995,3500.0,-0.0,0.0,-0.0,-0.0
2021-10-25 02:00:00,-0.0,2444.05,2160.0,950.3486000000003,3500.0,-0.0,0.0,-0.0,-0.0
2021-10-25 03:00:00,-0.0,2239.44,2160.0,1157.2101999999995,3500.0,-0.0,0.0,-0.0,-0.0
2021-10-25 04:00:00,-0.0,2024.59,2160.0,1530.7915000000012,3500.0,-0.0,0.0,-0.0,-0.0
2021-10-25 05:00:00,-0.0,1817.84,2160.0,2023.4505000000008,3500.0,-0.0,0.0,-0.0,-0.0
2021-10-25 06:00:00,-0.0,1636.42,2160.0,2540.1275000000005,3500.0,-0.0,0.0,-0.0,-0.0
2021-10-25 07:00:00,-0.0,1494.19,2160.0,2976.099,3500.0,-0.0,0.0,-0.0,-0.0
2021-10-25 08:00:00,813.7606739948242,1399.95,2160.0,2443.6093260051757,3500.0,-0.0,0.0,-0.0,-0.0
2021-10-25 09:00:00,2339.1797097107046,1356.31,2160.0,1023.7544902892951,3500.0,-0.0,0.0,-0.0,-0.0
2021-10-25 10:00:00,3863.0028736750105,1359.54,2160.0,-0.0,2958.7569263249884,-0.0,0.0,-0.0,-0.0
2021-10-25 11:00:00,4962.692429817198,1400.15,2160.0,-0.0,1729.798670182803,-0.0,0.0,-0.0,-0.0
2021-10-25 12:00:00,5361.727327364564,1464.28,2160.0,-0.0,1178.9045726354352,-0.0,0.0,-0.0,-0.0
2021-10-25 13:00:00,4962.692429817198,1535.7299999999998,2160.0,-0.0,1462.8328701828032,-0.0,0.0,-0.0,-0.0
2021-10-25 14:00:00,3863.0028736750105,1598.2099999999998,2160.0,-0.0,2535.379026324989,-0.0,0.0,-0.0,-0.0
2021-10-25 15:00:00,2339.1797097107046,1637.68,2160.0,660.1009902892947,3500.0,-0.0,0.0,-0.0,-0.0
2021-10-25 16:00:00,813.7606739948242,1644.28,2160.0,2425.9200260051757,3500.0,-0.0,0.0,-0.0,-0.0
2021-10-25 17:00:00,-0.0,1613.79,2160.0,3575.604400000001,3500.0,-0.0,0.0,-0.0,-0.0
2021-10-25 18:00:00,-0.0,1548.2199999999998,2160.0,3903.1387000000013,3500.0,-0.0,0.0,-0.0,-0.0
2021-10-25 19:00:00,-0.0,1455.62,2160.0,4103.070600000002,3500.0,-0.0,0.0,-0.0,-0.0
2021-10-25 20:00:00,-0.0,1349.03,2160.0,4113.12,3500.0,-0.0,0.0,-0.0,-0.0
2021-10-25 21:00:00,-0.0,1244.7,2160.0,3964.8535,3500.0,-0.0,0.0,-0.0,-0.0
2021-10-25 22:00:00,-0.0,1159.97,2160.0,3749.4798,3500.0,-0.0,0.0,-0.0,-0.0
2021-10-25 23:00:00,-0.0,1110.8500000000001,2160.0,3547.933799999999,3500.0,-0.0,0.0,-0.0,-0.0
2021-10-26 00:00:00,-0.0,1123.64,2160.0,2753.230200000001,3500.0,-0.0,0.0,-0.0,-0.0
2021-10-26 01:00:00,-0.0,1178.2,2160.0,2510.6902,3500.0,-0.0,0.0,-0.0,-0.0
2021-10-26 02:00:00,-0.0,1289.37,2160.0,2272.661000000001,3500.0,-0.0,0.0,-0.0,-0.0
2021-10-26 03:00:00,-0.0,1451.76,2160.0,2110.598600000001,3500.0,-0.0,0.0,-0.0,-0.0
2021-10-26 04:00:00,-0.0,1654.2,2160.0,2064.8411000000006,3500.0,-0.0,0.0,-0.0,-0.0
2021-10-26 05:00:00,-0.0,1881.11,2160.0,2121.6691,3500.0,-0.0,0.0,-0.0,-0.0
2021-10-26 06:00:00,-0.0,2114.53,2160.0,2221.2155000000002,3500.0,-0.0,0.0,-0.0,-0.0
2021-10-26 07:00:00,-0.0,2336.45,2160.0,2290.628100000001,3500.0,-0.0,0.0,-0.0,-0.0
2021-10-26 08:00:00,839.2499822507307,2531.08,2160.0,1441.2532177492703,3500.0,-0.0,0.0,-0.0,-0.0
2021-10-26 09:00:00,2478.58970915588,2686.9100000000003,2160.0,-0.0,3205.3673908441215,-0.0,0.0,-0.0,-0.0
2021-10-26 10:00:00,4125.674436030206,2798.1,2160.0,-0.0,1406.3974639697944,-0.0,0.0,-0.0,-0.0
2021-10-26 11:00:00,5317.254957224553,2865.16,2160.0,-0.0,56.23564277544756,-0.0,0.0,-0.0,-0.0
2021-10-26 12:00:00,5750.071000170619,2894.73,1775.7315998293834,-0.0,-0.0,-0.0,0.0,112.58040000000119,106.95138000000112
2021-10-26 13:00:00,5317.254957224553,2898.5499999999997,2157.9978427754486,-0.0,-0.0,-0.0,0.0,112.58040000000119,213.89206486200226
2021-10-26 14:00:00,4125.674436030206,2891.7599999999998,2160.0,-0.0,1115.9486639697943,-0.0,0.0,-0.0,213.87067565551607
2021-10-26 15:00:00,2478.58970915588,2890.67,2160.0,-0.0,2901.217490844121,-0.0,0.0,-0.0,213.84928858795053
2021-10-26 16:00:00,839.2499822507307,2910.51,2160.0,1151.7646177492697,3500.0,-0.0,112.58040000000119,-0.0,95.32221944856417
2021-10-26 17:00:00,-0.0,2963.19,2160.0,2262.335847134712,3500.0,-0.0,90.54705286528835,-0.0,-0.0
2021-10-26 18:00:00,-0.0,3055.58,2160.0,2518.9017000000003,3500.0,-0.0,0.0,-0.0,-0.0
2021-10-26 19:00:00,-0.0,3188.5200000000004,2160.0,2489.6484,3500.0,-0.0,0.0,-0.0,-0.0
2021-10-26 20:00:00,-0.0,3356.56,2160.0,2221.3394000000008,3500.0,-0.0,0.0,-0.0,-0.0
2021-10-26 21:00:00,-0.0,3548.6499999999996,2160.0,1772.8413,3500.0,-0.0,0.0,-0.0,-0.0
2021-10-26 22:00:00,-0.0,3749.5299999999997,2160.0,1267.9679999999998,3500.0,-0.0,0.0,-0.0,-0.0
2021-10-26 23:00:00,-0.0,3941.76,2160.0,821.1082999999999,3500.0,-0.0,0.0,-0.0,-0.0
2021-10-27 00:00:00,-0.0,4121.7,2160.0,-0.0,3355.158400000001,-0.0,0.0,-0.0,-0.0
2021-10-27 01:00:00,-0.0,4247.03,2160.0,-0.0,3037.7430000000013,-0.0,0.0,-0.0,-0.0
2021-10-27 02:00:00,-0.0,4320.96,2160.0,-0.0,2832.7846999999992,-0.0,0.0,-0.0,-0.0
2021-10-27 03:00:00,-0.0,4338.82,2160.0,-0.0,2811.0208000000002,-0.0,0.0,-0.0,-0.0
2021-10-27 04:00:00,-0.0,4302.4400000000005,2160.0,-0.0,2999.7945999999993,-0.0,0.0,-0.0,-0.0
2021-10-27 05:00:00,-0.0,4219.85,2160.0,-0.0,3361.7819,-0.0,0.0,-0.0,-0.0
2021-10-27 06:00:00,-0.0,4104.33,2160.0,305.8742999999995,3500.0,-0.0,0.0,-0.0,-0.0
2021-10-27 07:00:00,-0.0,3972.58,2160.0,724.5161000000007,3500.0,-0.0,0.0,-0.0,-0.0
2021-10-27 08:00:00,880.2069705603524,3842.61,2160.0,154.301829439647,3500.0,-0.0,0.0,-0.0,-0.0
2021-10-27 09:00:00,2673.4311420980293,3731.29,2160.0,-0.0,2027.1588579019717,-0.0,0.0,-0.0,-0.0
2021-10-27 10:00:00,4485.772294827636,3652.25,2160.0,-0.0,248.60470517236445,-0.0,0.0,-0.0,-0.0
2021-10-27 11:00:00,5800.145661354618,3614.04,1148.911438645383,-0.0,-0.0,-0.0,0.0,112.58040000000119,106.95138000000112
2021-10-27 12:00:00,6278.059031210542,3619.1600000000003,570.5633687894597,-0.0,-0.0,-0.0,0.0,112.58040000000119,213.89206486200226
2021-10-27 13:00:00,5800.145661354618,3663.77,952.4959386453829,-0.0,-0.0,-0.0,0.0,112.58040000000119,320.8220556555172
2021-10-27 14:00:00,4485.772294827637,3738.34,2160.0,-0.0,-0.0,-0.0,0.0,52.780894827636075,370.9318235362059
2021-10-27 15:00:00,2673.4311420980293,3829.07,2160.0,-0.0,1801.2482579019716,-0.0,0.0,-0.0,370.8947303538523
2021-10-27 16:00:00,880.2069705603524,3919.84,2160.0,130.0607294396459,3500.0,-0.0,112.58040000000119,-0.0,252.35195667028935
2021-10-27 17:00:00,-0.0,3994.51,2160.0,1232.869999999999,3500.0,-0.0,112.58040000000119,-0.0,133.82103726409477
2021-10-27 18:00:00,-0.0,4039.2299999999996,2160.0,1441.8580000000002,3500.0,-0.0,112.58040000000119,-0.0,15.301970949840808
2021-10-27 19:00:00,-0.0,4044.4,2160.0,1633.7201812848916,3500.0,-0.0,14.535418715108532,-0.0,-0.0
2021-10-27 20:00:00,-0.0,4006.1000000000004,2160.0,1581.5896999999986,3500.0,-0.0,0.0,-0.0,-0.0
2021-10-27 21:00:00,-0.0,3926.69,2160.0,1399.9038,3500.0,-0.0,0.0,-0.0,-0.0
2021-10-27 22:00:00,-0.0,3814.6000000000004,2160.0,1203.3244000000013,3500.0,-0.0,0.0,-0.0,-0.0
2021-10-27 23:00:00,-0.0,3683.2799999999997,2160.0,1075.3542000000007,3500.0,-0.0,0.0,-0.0,-0.0
2021-10-28 00:00:00,-0.0,3563.1000000000004,2160.0,404.8183000000008,3500.0,-0.0,0.0,-0.0,-0.0
2021-10-28 01:00:00,-0.0,3444.51,2160.0,326.7065999999995,3500.0,-0.0,0.0,-0.0,-0.0
2021-10-28 02:00:00,-0.0,3357.69,2160.0,277.9092999999998,3500.0,-0.0,0.0,-0.0,-0.0
2021-10-28 03:00:00,-0.0,3315.67,2160.0,311.46759999999995,3500.0,-0.0,0.0,-0.0,-0.0
2021-10-28 04:00:00,-0.0,3326.29,2160.0,448.72000000000025,3500.0,-0.0,0.0,-0.0,-0.0
2021-10-28 05:00:00,-0.0,3391.1200000000003,2160.0,658.8022999999994,3500.0,-0.0,0.0,-0.0,-0.0
2021-10-28 06:00:00,-0.0,3505.27,2160.0,868.7852000000003,3500.0,-0.0,0.0,-0.0,-0.0
2021-10-28 07:00:00,-0.0,3658.02,2160.0,998.5342999999993,3500.0,-0.0,0.0,-0.0,-0.0
2021-10-28 08:00:00,832.65445634038,3834.23,2160.0,165.34924365962115,3500.0,-0.0,0.0,-0.0,-0.0
2021-10-28 09:00:00,2603.6145429522544,4016.36,2160.0,-0.0,1762.7316570477456,-0.0,0.0,-0.0,-0.0
2021-10-28 10:00:00,4404.204276420272,4186.78,1926.0156140083045,-0.0,-0.0,-0.0,0.0,23.778190428577243,22.58928090714838
2021-10-28 11:00:00,5713.310150172828,4330.04,462.1725498271735,-0.0,-0.0,-0.0,0.0,112.58040000000119,129.5384019790588
2021-10-28 12:00:00,6189.79504741196,4216.308852588042,-0.0,-0.0,-0.0,-0.0,0.0,112.58040000000119,236.476828138862
2021-10-28 13:00:00,5713.310150172828,4495.9,141.4864498271736,-0.0,-0.0,-0.0,0.0,112.58040000000119,343.40456045604924
2021-10-28 14:00:00,4404.204276420272,4513.64,1456.3875235797286,-0.0,-0.0,-0.0,0.0,112.58040000000119,450.32160000000476
2021-10-28 15:00:00,2603.6145429522544,4494.9800000000005,2160.0,-0.0,1131.585257047745,-0.0,0.0,-0.0,450.27656784000476
2021-10-28 16:00:00,832.65445634038,4451.76,2160.0,-0.0,3180.893743659621,-0.0,0.0,-0.0,450.2315401832208
2021-10-28 17:00:00,-0.0,4399.2,2160.0,747.0703999999996,3500.0,-0.0,112.58040000000119,-0.0,331.68083281867484
2021-10-28 18:00:00,-0.0,4353.62,2160.0,1042.7144999999991,3500.0,-0.0,112.58040000000119,-0.0,213.14198052486543
2021-10-28 19:00:00,-0.0,4330.22,2160.0,1161.544899999998,3500.0,-0.0,112.58040000000119,-0.0,94.61498211628538
2021-10-28 20:00:00,-0.0,4340.820000000001,2160.0,1065.2183554128296,3500.0,-0.0,89.87524458717007,-0.0,-0.0
2021-10-28 21:00:00,-0.0,4392.18,2160.0,839.2654999999995,3500.0,-0.0,0.0,-0.0,-0.0
2021-10-28 22:00:00,-0.0,4484.95,2160.0,434.5514000000012,3500.0,-0.0,0.0,-0.0,-0.0
2021-10-28 23:00:00,-0.0,4613.48,2160.0,43.55529999999999,3500.0,-0.0,0.0,-0.0,-0.0
2021-10-29 00:00:00,-0.0,4780.110000000001,2160.0,-0.0,2583.0660000000007,-0.0,0.0,-0.0,-0.0
2021-10-29 01:00:00,-0.0,4942.01,2160.0,-0.0,2221.4951,-0.0,0.0,-0.0,-0.0
2021-10-29 02:00:00,-0.0,5095.070000000001,2160.0,-0.0,1929.9564999999993,-0.0,0.0,-0.0,-0.0
2021-10-29 03:00:00,-0.0,5221.639999999999,2160.0,-0.0,1792.172700000001,-0.0,0.0,-0.0,-0.0
2021-10-29 04:00:00,-0.0,5306.450000000001,2160.0,-0.0,1852.594799999999,-0.0,0.0,-0.0,-0.0
2021-10-29 05:00:00,-0.0,5338.650000000001,2160.0,-0.0,2092.7824999999984,-0.0,0.0,-0.0,-0.0
2021-10-29 06:00:00,-0.0,5313.23,2160.0,-0.0,2439.9252000000015,-0.0,0.0,-0.0,-0.0
2021-10-29 07:00:00,-0.0,5231.63,2160.0,-0.0,2801.7336999999998,-0.0,0.0,-0.0,-0.0
2021-10-29 08:00:00,681.3256384988346,5101.57,2160.0,-0.0,2423.9764615011663,-0.0,0.0,-0.0,-0.0
2021-10-29 09:00:00,2195.6293716652913,4935.97,2160.0,-0.0,1123.6977283347082,-0.0,0.0,-0.0,-0.0
2021-10-29 10:00:00,3744.6963251544926,4751.2300000000005,1980.542674845508,-0.0,-0.0,-0.0,0.0,112.58040000000119,106.95138000000112
2021-10-29 11:00:00,4873.770009421812,4565.06,935.5603905781882,-0.0,-0.0,-0.0,0.0,112.58040000000119,213.89206486200226
2021-10-29 12:00:00,5285.158963115977,4394.08,594.059536884024,-0.0,-0.0,-0.0,0.0,112.58040000000119,320.8220556555172
2021-10-29 13:00:00,4873.770009421812,4251.6900000000005,1090.888090578189,-0.0,-0.0,-0.0,0.0,112.58040000000119,427.7413534499528
2021-10-29 14:00:00,3744.6963251544926,4146.27,2160.0,-0.0,74.92477484550773,-0.0,0.0,-0.0,427.6985793146078
2021-10-29 15:00:00,2195.6293716652913,4080.17,2160.0,-0.0,1817.3370283347099,-0.0,0.0,-0.0,427.65580945667637
2021-10-29 16:00:00,681.3256384988346,4049.47,2160.0,-0.0,3500.0,-0.0,96.31866150116673,-0.0,326.22497913766045
2021-10-29 17:00:00,-0.0,4044.61,2160.0,962.4485999999997,3500.0,-0.0,112.58040000000119,-0.0,207.68667242921916
2021-10-29 18:00:00,-0.0,4051.79,2160.0,1204.4487,3500.0,-0.0,112.58040000000119,-0.0,89.16021955144868
2021-10-29 19:00:00,-0.0,4054.95,2160.0,1323.8569616469822,3500.0,-0.0,84.69373835301886,-0.0,-0.0
2021-10-29 20:00:00,-0.0,4038.0899999999997,2160.0,1316.3667000000005,3500.0,-0.0,0.0,-0.0,-0.0
2021-10-29 21:00:00,-0.0,3987.53,2160.0,1101.9801999999981,3500.0,-0.0,0.0,-0.0,-0.0
2021-10-29 22:00:00,-0.0,3893.9,2160.0,883.3242000000009,3500.0,-0.0,0.0,-0.0,-0.0
2021-10-29 23:00:00,-0.0,3753.57,2160.0,760.9827000000005,3500.0,-0.0,0.0,-0.0,-0.0
2021-10-30 00:00:00,-0.0,3582.8500000000004,2160.0,-0.0,3070.706699999999,-0.0,0.0,-0.0,-0.0
2021-10-30 01:00:00,-0.0,3363.32,2160.0,-0.0,3090.6347,-0.0,0.0,-0.0,-0.0
2021-10-30 02:00:00,-0.0,3122.47,2160.0,-0.0,3193.210200000001,-0.0,0.0,-0.0,-0.0
2021-10-30 03:00:00,-0.0,2877.47,2160.0,-0.0,3427.3396000000007,-0.0,0.0,-0.0,-0.0
2021-10-30 04:00:00,-0.0,2646.6299999999997,2160.0,303.8888000000002,3500.0,-0.0,0.0,-0.0,-0.0
2021-10-30 05:00:00,-0.0,2446.97,2160.0,776.5488000000005,3500.0,-0.0,0.0,-0.0,-0.0
2021-10-30 06:00:00,-0.0,2292.11,2160.0,1253.8816000000006,3500.0,-0.0,0.0,-0.0,-0.0
2021-10-30 07:00:00,-0.0,2190.46,2160.0,1636.6228,3500.0,-0.0,0.0,-0.0,-0.0
2021-10-30 08:00:00,532.8314460062384,2144.19,2160.0,1324.5876539937608,3500.0,-0.0,0.0,-0.0,-0.0
2021-10-30 09:00:00,1771.6743229202712,2149.0,2160.0,130.51027707972935,3500.0,-0.0,0.0,-0.0,-0.0
2021-10-30 10:00:00,3046.853972023985,2194.78,2160.0,-0.0,2259.423927976014,-0.0,0.0,-0.0,-0.0
2021-10-30 11:00:00,3978.6421959813597,2267.0,2160.0,-0.0,1154.7515040186408,-0.0,0.0,-0.0,-0.0
2021-10-30 12:00:00,4318.50707935499,2348.69,2160.0,-0.0,633.6478206450092,-0.0,0.0,-0.0,-0.0
2021-10-30 13:00:00,3978.6421959813597,2422.79,2160.0,-0.0,844.1341040186408,-0.0,0.0,-0.0,-0.0
2021-10-30 14:00:00,3046.853972023985,2474.41,2160.0,-0.0,1748.2236279760155,-0.0,0.0,-0.0,-0.0
2021-10-30 15:00:00,1771.6743229202712,2492.85,2160.0,-0.0,3134.1338770797283,-0.0,0.0,-0.0,-0.0
2021-10-30 16:00:00,532.8314460062384,2473.0099999999998,2160.0,1128.8434539937616,3500.0,-0.0,0.0,-0.0,-0.0
2021-10-30 17:00:00,-0.0,2416.0499999999997,2160.0,2013.3306000000011,3500.0,-0.0,0.0,-0.0,-0.0
2021-10-30 18:00:00,-0.0,2329.17,2160.0,2351.6813,3500.0,-0.0,0.0,-0.0,-0.0
2021-10-30 19:00:00,-0.0,2224.5699999999997,2160.0,2553.371800000001,3500.0,-0.0,0.0,-0.0,-0.0
2021-10-30 20:00:00,-0.0,2117.73,2160.0,2553.6924,3500.0,-0.0,0.0,-0.0,-0.0
2021-10-30 21:00:00,-0.0,2025.23,2160.0,2383.8875000000007,3500.0,-0.0,0.0,-0.0,-0.0
2021-10-30 22:00:00,-0.0,1962.42,2160.0,2137.1623,3500.0,-0.0,0.0,-0.0,-0.0
2021-10-30 23:00:00,-0.0,1941.25,2160.0,1898.5234,3500.0,-0.0,0.0,-0.0,-0.0
2021-10-31 00:00:00,-0.0,1982.09,2160.0,1066.5671000000002,3500.0,-0.0,0.0,-0.0,-0.0
2021-10-31 01:00:00,-0.0,2058.44,2160.0,793.6882999999998,3500.0,-0.0,0.0,-0.0,-0.0
2021-10-31 02:00:00,-0.0,2178.15,2160.0,538.879699999999,3500.0,-0.0,0.0,-0.0,-0.0
2021-10-31 03:00:00,-0.0,2329.7799999999997,2160.0,379.65380000000096,3500.0,-0.0,0.0,-0.0,-0.0
2021-10-31 04:00:00,-0.0,2497.63,2160.0,360.8851999999997,3500.0,-0.0,0.0,-0.0,-0.0
2021-10-31 05:00:00,-0.0,2663.69,2160.0,471.2909999999997,3500.0,-0.0,0.0,-0.0,-0.0
2021-10-31 06:00:00,-0.0,2810.0199999999995,2160.0,650.9906000000019,3500.0,-0.0,0.0,-0.0,-0.0
2021-10-31 07:00:00,-0.0,2921.0000000000005,2160.0,824.7457000000013,3500.0,-0.0,0.0,-0.0,-0.0
2021-10-31 08:00:00,474.9336652568328,2985.43,2160.0,463.63803474316774,3500.0,-0.0,0.0,-0.0,-0.0
2021-10-31 09:00:00,1631.2934084933684,2997.8500000000004,2160.0,-0.0,2848.244091506632,-0.0,0.0,-0.0,-0.0
2021-10-31 10:00:00,2829.1123374438675,2959.27,2160.0,-0.0,1642.7680625561325,-0.0,0.0,-0.0,-0.0
2021-10-31 11:00:00,3706.607442020776,2876.93,2160.0,-0.0,750.9124579792233,-0.0,0.0,-0.0,-0.0
2021-10-31 12:00:00,4027.0093859905974,2763.26,2160.0,-0.0,448.66951400940343,-0.0,0.0,-0.0,-0.0
2021-10-31 13:00:00,3706.607442020776,2634.15,2160.0,-0.0,847.0069579792244,-0.0,0.0,-0.0,-0.0
2021-10-31 14:00:00,2829.1123374438675,2506.77,2160.0,-0.0,1879.973762556133,-0.0,0.0,-0.0,-0.0
2021-10-31 15:00:00,1631.2934084933684,2397.2599999999998,2160.0,-0.0,3320.7034915066315,-0.0,0.0,-0.0,-0.0
2021-10-31 16:00:00,474.9336652568328,2318.48,2160.0,1296.1573347431677,3500.0,-0.0,0.0,-0.0,-0.0
2021-10-31 17:00:00,-0.0,2278.32,2160.0,2110.290000000001,3500.0,-0.0,0.0,-0.0,-0.0
2021-10-31 18:00:00,-0.0,2278.6400000000003,2160.0,2365.8347000000003,3500.0,-0.0,0.0,-0.0,-0.0
2021-10-31 19:00:00,-0.0,2315.06,2160.0,2430.946,3500.0,-0.0,0.0,-0.0,-0.0
2021-10-31 20:00:00,-0.0,2377.59,2160.0,2266.379000000001,3500.0,-0.0,0.0,-0.0,-0.0
2021-10-31 21:00:00,-0.0,2452.01,2160.0,1934.1754999999994,3500.0,-0.0,0.0,-0.0,-0.0
2021-10-31 22:00:00,-0.0,2521.92,2160.0,1559.2894000000015,3500.0,-0.0,0.0,-0.0,-0.0
2021-10-31 23:00:00,-0.0,2570.9900000000002,2160.0,1254.9982,3500.0,-0.0,0.0,-0.0,-0.0
2021-11-01 00:00:00,-0.0,2598.7900000000004,2160.0,1007.6047999999992,3500.0,-0.0,0.0,-0.0,-0.0
2021-11-01 01:00:00,-0.0,2568.67,2160.0,845.8370000000014,3500.0,-0.0,0.0,-0.0,-0.0
2021-11-01 02:00:00,-0.0,2490.34,2160.0,793.7289000000001,3500.0,-0.0,0.0,-0.0,-0.0
2021-11-01 03:00:00,-0.0,2366.36,2160.0,914.7891,3500.0,-0.0,0.0,-0.0,-0.0
2021-11-01 04:00:00,-0.0,2205.47,2160.0,1229.4483000000018,3500.0,-0.0,0.0,-0.0,-0.0
2021-11-01 05:00:00,-0.0,2021.52,2160.0,1694.5609999999997,3500.0,-0.0,0.0,-0.0,-0.0
2021-11-01 06:00:00,-0.0,1831.71,2160.0,2215.1001000000006,3500.0,-0.0,0.0,-0.0,-0.0
2021-11-01 07:00:00,-0.0,1654.4,2160.0,2681.8460000000014,3500.0,-0.0,0.0,-0.0,-0.0
2021-11-01 08:00:00,475.81530070000997,1506.75,2160.0,2536.6322992999894,3500.0,-0.0,0.0,-0.0,-0.0
2021-11-01 09:00:00,1690.3964630131932,1402.52,2160.0,1484.3560369868073,3500.0,-0.0,0.0,-0.0,-0.0
2021-11-01 10:00:00,2956.625838377311,1350.33,2160.0,228.75566162268842,3500.0,-0.0,0.0,-0.0,-0.0
2021-11-01 11:00:00,3886.6284715636943,1352.6,2160.0,-0.0,2704.4430284363057,-0.0,0.0,-0.0,-0.0
2021-11-01 12:00:00,4226.537994706599,1405.29,2160.0,-0.0,2220.972205293402,-0.0,0.0,-0.0,-0.0
2021-11-01 13:00:00,3886.6284715636943,1498.59,2160.0,-0.0,2421.0248284363056,-0.0,0.0,-0.0,-0.0
2021-11-01 14:00:00,2956.625838377311,1618.29,2160.0,-0.0,3264.008161622688,-0.0,0.0,-0.0,-0.0
2021-11-01 15:00:00,1690.3964630131932,1747.7500000000002,2160.0,1038.7361369868077,3500.0,-0.0,0.0,-0.0,-0.0
2021-11-01 16:00:00,475.81530070000997,1870.25,2160.0,2375.65409929999,3500.0,-0.0,0.0,-0.0,-0.0
2021-11-01 17:00:00,-0.0,1971.26,2160.0,3053.9820999999993,3500.0,-0.0,0.0,-0.0,-0.0
2021-11-01 18:00:00,-0.0,2040.41,2160.0,3245.1363,3500.0,-0.0,0.0,-0.0,-0.0
2021-11-01 19:00:00,-0.0,2072.9500000000003,2160.0,3318.5202999999983,3500.0,-0.0,0.0,-0.0,-0.0
2021-11-01 20:00:00,-0.0,2070.36,2160.0,3223.4166000000005,3500.0,-0.0,0.0,-0.0,-0.0
2021-11-01 21:00:00,-0.0,2040.15,2160.0,3000.131800000001,3500.0,-0.0,0.0,-0.0,-0.0
2021-11-01 22:00:00,-0.0,1994.78,2160.0,2744.755900000001,3500.0,-0.0,0.0,-0.0,-0.0
2021-11-01 23:00:00,-0.0,1949.99,2160.0,2538.4951,3500.0,-0.0,0.0,-0.0,-0.0
2021-11-02 00:00:00,-0.0,1936.06,2160.0,1769.8510999999999,3500.0,-0.0,0.0,-0.0,-0.0
2021-11-02 01:00:00,-0.0,1941.54,2160.0,1576.519800000001,3500.0,-0.0,0.0,-0.0,-0.0
2021-11-02 02:00:00,-0.0,1991.97,2160.0,1399.6153999999997,3500.0,-0.0,0.0,-0.0,-0.0
2021-11-02 03:00:00,-0.0,2094.25,2160.0,1298.3052000000007,3500.0,-0.0,0.0,-0.0,-0.0
2021-11-02 04:00:00,-0.0,2249.0499999999997,2160.0,1301.0847000000012,3500.0,-0.0,0.0,-0.0,-0.0
2021-11-02 05:00:00,-0.0,2450.63,2160.0,1384.397100000001,3500.0,-0.0,0.0,-0.0,-0.0
2021-11-02 06:00:00,-0.0,2687.4900000000002,2160.0,1481.9114000000009,3500.0,-0.0,0.0,-0.0,-0.0
2021-11-02 07:00:00,-0.0,2943.76,2160.0,1518.6341000000011,3500.0,-0.0,0.0,-0.0,-0.0
2021-11-02 08:00:00,459.87890306890915,3201.29,2160.0,987.6425969310903,3500.0,-0.0,0.0,-0.0,-0.0
2021-11-02 09:00:00,1692.0146546494045,3441.86,2160.0,-0.0,3076.3826453505962,-0.0,0.0,-0.0,-0.0
2021-11-02 10:00:00,2984.972091866804,3649.62,2160.0,-0.0,1537.3789081331956,-0.0,0.0,-0.0,-0.0
2021-11-02 11:00:00,3937.049090959572,3812.9800000000005,2160.0,-0.0,333.0791090404282,-0.0,0.0,-0.0,-0.0
2021-11-02 12:00:00,4285.406690437731,3926.1400000000003,2056.3438095622696,-0.0,-0.0,-0.0,0.0,112.58040000000119,106.95138000000112
2021-11-02 13:00:00,3937.049090959572,3989.66,2160.0,-0.0,25.012009040428893,-0.0,0.0,-0.0,106.94068486200112
2021-11-02 14:00:00,2984.972091866804,4010.32,2160.0,-0.0,991.9710081331959,-0.0,0.0,-0.0,106.92999079351492
2021-11-02 15:00:00,1692.0146546494045,4000.05,2160.0,-0.0,2435.9091453505953,-0.0,0.0,-0.0,106.91929779443556
2021-11-02 16:00:00,459.87890306890915,3974.22,2160.0,339.78882135966796,3500.0,-0.0,101.56317557142333,-0.0,-0.0
2021-11-02 17:00:00,-0.0,3949.45,2160.0,1232.0482000000002,3500.0,-0.0,0.0,-0.0,-0.0
2021-11-02 18:00:00,-0.0,3941.2999999999997,2160.0,1502.9125999999997,3500.0,-0.0,0.0,-0.0,-0.0
2021-11-02 19:00:00,-0.0,3962.06,2160.0,1590.3672000000006,3500.0,-0.0,0.0,-0.0,-0.0
2021-11-02 20:00:00,-0.0,4019.04,2160.0,1437.8645000000006,3500.0,-0.0,0.0,-0.0,-0.0
2021-11-02 21:00:00,-0.0,4113.5,2160.0,1091.9585000000006,3500.0,-0.0,0.0,-0.0,-0.0
2021-11-02 22:00:00,-0.0,4240.49,2160.0,666.1466,3500.0,-0.0,0.0,-0.0,-0.0
2021-11-02 23:00:00,-0.0,4389.45,2160.0,267.9350000000004,3500.0,-0.0,0.0,-0.0,-0.0
2021-11-03 00:00:00,-0.0,4559.07,2160.0,-0.0,2817.3140000000003,-0.0,0.0,-0.0,-0.0
2021-11-03 01:00:00,-0.0,4705.5599999999995,2160.0,-0.0,2484.515800000001,-0.0,0.0,-0.0,-0.0
2021-11-03 02:00:00,-0.0,4825.5199999999995,2160.0,-0.0,2239.4945000000016,-0.0,0.0,-0.0,-0.0
2021-11-03 03:00:00,-0.0,4904.56,2160.0,-0.0,2162.7074000000002,-0.0,0.0,-0.0,-0.0
2021-11-03 04:00:00,-0.0,4932.6900000000005,2160.0,-0.0,2293.3073999999997,-0.0,0.0,-0.0,-0.0
2021-11-03 05:00:00,-0.0,4905.73,2160.0,-0.0,2606.1777,-0.0,0.0,-0.0,-0.0
2021-11-03 06:00:00,-0.0,4825.93,2160.0,-0.0,3021.234700000001,-0.0,0.0,-0.0,-0.0
2021-11-03 07:00:00,-0.0,4701.8,2160.0,-0.0,3439.106200000001,-0.0,0.0,-0.0,-0.0
2021-11-03 08:00:00,427.0017129980247,4546.96,2160.0,-0.0,3353.9754870019756,-0.0,0.0,-0.0,-0.0
2021-11-03 09:00:00,1629.239979106728,4378.5,2160.0,-0.0,2382.1214208932715,-0.0,0.0,-0.0,-0.0
2021-11-03 10:00:00,2899.2637348592034,4214.71,2160.0,-0.0,1237.9432651407978,-0.0,0.0,-0.0,-0.0
2021-11-03 11:00:00,3836.866288764619,4072.7200000000003,2160.0,-0.0,353.67201123538007,-0.0,0.0,-0.0,-0.0
2021-11-03 12:00:00,4180.291193737915,3966.3599999999997,2160.0,-0.0,28.877906262085162,-0.0,0.0,-0.0,-0.0
2021-11-03 13:00:00,3836.866288764619,3904.35,2160.0,-0.0,390.65621123537994,-0.0,0.0,-0.0,-0.0
2021-11-03 14:00:00,2899.2637348592034,3889.2700000000004,2160.0,-0.0,1378.6753651407962,-0.0,0.0,-0.0,-0.0
2021-11-03 15:00:00,1629.239979106728,3917.31,2160.0,-0.0,2761.0279208932725,-0.0,0.0,-0.0,-0.0
2021-11-03 16:00:00,427.0017129980247,3978.94,2160.0,648.6348870019756,3500.0,-0.0,0.0,-0.0,-0.0
2021-11-03 17:00:00,-0.0,4060.28,2160.0,1299.731600000001,3500.0,-0.0,0.0,-0.0,-0.0
2021-11-03 18:00:00,-0.0,4145.0599999999995,2160.0,1476.9159,3500.0,-0.0,0.0,-0.0,-0.0
2021-11-03 19:00:00,-0.0,4216.9800000000005,2160.0,1512.3278,3500.0,-0.0,0.0,-0.0,-0.0
2021-11-03 20:00:00,-0.0,4261.95,2160.0,1370.8172000000022,3500.0,-0.0,0.0,-0.0,-0.0
2021-11-03 21:00:00,-0.0,4270.1,2160.0,1110.0707000000002,3500.0,-0.0,0.0,-0.0,-0.0
2021-11-03 22:00:00,-0.0,4237.179999999999,2160.0,842.8870000000015,3500.0,-0.0,0.0,-0.0,-0.0
2021-11-03 23:00:00,-0.0,4165.2,2160.0,664.2010000000018,3500.0,-0.0,0.0,-0.0,-0.0
2021-11-04 00:00:00,-0.0,4075.57,2160.0,-0.0,3471.182900000001,-0.0,0.0,-0.0,-0.0
2021-11-04 01:00:00,-0.0,3954.56,2160.0,-0.0,3404.2129,-0.0,0.0,-0.0,-0.0
2021-11-04 02:00:00,-0.0,3831.81,2160.0,-0.0,3400.103700000001,-0.0,0.0,-0.0,-0.0
2021-11-04 03:00:00,-0.0,3724.67,2160.0,7.571300000001429,3500.0,-0.0,0.0,-0.0,-0.0
2021-11-04 04:00:00,-0.0,3649.17,2160.0,239.7538000000004,3500.0,-0.0,0.0,-0.0,-0.0
2021-11-04 05:00:00,-0.0,3617.8900000000003,2160.0,554.7731000000013,3500.0,-0.0,0.0,-0.0,-0.0
2021-11-04 06:00:00,-0.0,3638.2,2160.0,867.4295000000011,3500.0,-0.0,0.0,-0.0,-0.0
2021-11-04 07:00:00,-0.0,3711.2200000000003,2160.0,1085.7408000000005,3500.0,-0.0,0.0,-0.0,-0.0
2021-11-04 08:00:00,435.77342766052135,3831.64,2160.0,714.0524723394801,3500.0,-0.0,0.0,-0.0,-0.0
2021-11-04 09:00:00,1726.8113547991052,3988.31,2160.0,-0.0,2825.629745200895,-0.0,0.0,-0.0,-0.0
2021-11-04 10:00:00,3099.8748579801195,4165.72,2160.0,-0.0,1234.4597420198797,-0.0,0.0,-0.0,-0.0
2021-11-04 11:00:00,4116.177325116994,4346.0,2160.0,-0.0,-0.0,-0.0,0.0,53.64402511699518,50.96182386114542
2021-11-04 12:00:00,4488.8189590806405,4511.18,1590.4176409193597,-0.0,-0.0,-0.0,0.0,112.58040000000119,157.90810767876042
2021-11-04 13:00:00,4116.177325116994,4645.58,1781.9281748830072,-0.0,-0.0,-0.0,0.0,112.58040000000119,264.8436968679937
2021-11-04 14:00:00,3099.8748579801195,4737.77,2160.0,-0.0,465.622242019881,-0.0,0.0,-0.0,264.8172124983069
2021-11-04 15:00:00,1726.8113547991052,4782.01,2160.0,-0.0,1931.538545200894,-0.0,0.0,-0.0,264.7907307770571
2021-11-04 16:00:00,435.77342766052135,4778.92,2160.0,-0.0,3469.29427233948,-0.0,0.0,-0.0,264.76425170397937
2021-11-04 17:00:00,-0.0,4735.26,2160.0,638.1152000000002,3500.0,-0.0,112.58040000000119,-0.0,146.2320910682814
2021-11-04 18:00:00,-0.0,4662.89,2160.0,968.8939999999993,3500.0,-0.0,112.58040000000119,-0.0,27.711783648647014
2021-11-04 19:00:00,-0.0,4577.06,2160.0,1244.6675381532323,3500.0,-0.0,26.323561846768044,-0.0,-0.0
2021-11-04 20:00:00,-0.0,4494.24,2160.0,1253.5421000000006,3500.0,-0.0,0.0,-0.0,-0.0
2021-11-04 21:00:00,-0.0,4429.8,2160.0,1061.5739999999996,3500.0,-0.0,0.0,-0.0,-0.0
2021-11-04 22:00:00,-0.0,4395.780000000001,2160.0,791.600699999999,3500.0,-0.0,0.0,-0.0,-0.0
2021-11-04 23:00:00,-0.0,4399.2300000000005,2160.0,533.5209999999997,3500.0,-0.0,0.0,-0.0,-0.0
2021-11-05 00:00:00,-0.0,4454.46,2160.0,-0.0,3191.4972000000007,-0.0,0.0,-0.0,-0.0
2021-11-05 01:00:00,-0.0,4529.53,2160.0,-0.0,2924.341800000001,-0.0,0.0,-0.0,-0.0
2021-11-05 02:00:00,-0.0,4626.89,2160.0,-0.0,2695.9535000000005,-0.0,0.0,-0.0,-0.0
2021-11-05 03:00:00,-0.0,4731.45,2160.0,-0.0,2587.4909000000016,-0.0,0.0,-0.0,-0.0
2021-11-05 04:00:00,-0.0,4825.95,2160.0,-0.0,2645.3847000000014,-0.0,0.0,-0.0,-0.0
2021-11-05 05:00:00,-0.0,4893.219999999999,2160.0,-0.0,2857.5107000000007,-0.0,0.0,-0.0,-0.0
2021-11-05 06:00:00,-0.0,4918.54,2160.0,-0.0,3160.763099999999,-0.0,0.0,-0.0,-0.0
2021-11-05 07:00:00,-0.0,4891.58,2160.0,-0.0,3474.6149000000005,-0.0,0.0,-0.0,-0.0
2021-11-05 08:00:00,493.1801709479041,4807.88,2160.0,-0.0,3245.1574290520957,-0.0,0.0,-0.0,-0.0
2021-11-05 09:00:00,2032.7165336969372,4669.42,2160.0,-0.0,1898.8435663030634,-0.0,0.0,-0.0,-0.0
2021-11-05 10:00:00,3681.352492553562,4484.45,2160.0,-0.0,389.92330744643823,-0.0,0.0,-0.0,-0.0
2021-11-05 11:00:00,4904.794649067792,4266.41,1560.9912509322103,-0.0,-0.0,-0.0,0.0,112.58040000000119,106.95138000000112
2021-11-05 12:00:00,5353.859568029883,4032.19,1250.831631970118,-0.0,-0.0,-0.0,0.0,112.58040000000119,213.89206486200226
2021-11-05 13:00:00,4904.794649067792,3799.98,1880.7357509322092,-0.0,-0.0,-0.0,0.0,112.58040000000119,320.8220556555172
2021-11-05 14:00:00,3681.352492553562,3586.84,2160.0,-0.0,1072.2377074464384,-0.0,0.0,-0.0,320.7899734499517
2021-11-05 15:00:00,2032.7165336969372,3406.5499999999997,2160.0,-0.0,3033.5816663030637,-0.0,0.0,-0.0,320.7578944526067
2021-11-05 16:00:00,493.1801709479041,3267.86,2160.0,1338.1663290520955,3500.0,-0.0,112.58040000000119,-0.0,202.2201344526339
2021-11-05 17:00:00,-0.0,3173.43,2160.0,2223.0488000000005,3500.0,-0.0,112.58040000000119,-0.0,83.6942282286611
2021-11-05 18:00:00,-0.0,3119.5899999999997,2160.0,2563.6756341344553,3500.0,-0.0,79.50156586554633,-0.0,-0.0
2021-11-05 19:00:00,-0.0,3096.97,2160.0,2764.7844000000023,3500.0,-0.0,0.0,-0.0,-0.0
2021-11-05 20:00:00,-0.0,3091.93,2160.0,2664.8585000000003,3500.0,-0.0,0.0,-0.0,-0.0
2021-11-05 21:00:00,-0.0,3088.49,2160.0,2407.2026000000005,3500.0,-0.0,0.0,-0.0,-0.0
2021-11-05 22:00:00,-0.0,3070.6699999999996,2160.0,2116.3531999999996,3500.0,-0.0,0.0,-0.0,-0.0
2021-11-05 23:00:00,-0.0,3024.77,2160.0,1902.9629999999997,3500.0,-0.0,0.0,-0.0,-0.0
2021-11-06 00:00:00,-0.0,2954.6,2160.0,614.5913999999993,3500.0,-0.0,0.0,-0.0,-0.0
2021-11-06 01:00:00,-0.0,2829.82,2160.0,542.6696999999999,3500.0,-0.0,0.0,-0.0,-0.0
2021-11-06 02:00:00,-0.0,2666.19,2160.0,570.6811000000002,3500.0,-0.0,0.0,-0.0,-0.0
2021-11-06 03:00:00,-0.0,2472.26,2160.0,756.1507000000001,3500.0,-0.0,0.0,-0.0,-0.0
2021-11-06 04:00:00,-0.0,2261.61,2160.0,1114.6718,3500.0,-0.0,0.0,-0.0,-0.0
2021-11-06 05:00:00,-0.0,2051.04,2160.0,1600.1541000000007,3500.0,-0.0,0.0,-0.0,-0.0
2021-11-06 06:00:00,-0.0,1858.44,2160.0,2116.8870000000006,3500.0,-0.0,0.0,-0.0,-0.0
2021-11-06 07:00:00,-0.0,1700.44,2160.0,2557.3860999999997,3500.0,-0.0,0.0,-0.0,-0.0
2021-11-06 08:00:00,528.8585065407818,1590.1599999999999,2160.0,2314.486993459218,3500.0,-0.0,0.0,-0.0,-0.0
2021-11-06 09:00:00,2270.769263297085,1535.52,2160.0,677.6900367029139,3500.0,-0.0,0.0,-0.0,-0.0
2021-11-06 10:00:00,4149.188434495703,1538.18,2160.0,-0.0,2247.125065504297,-0.0,0.0,-0.0,-0.0
2021-11-06 11:00:00,5546.770330950897,1593.3400000000001,2160.0,-0.0,694.1050690491038,-0.0,0.0,-0.0,-0.0
2021-11-06 12:00:00,6060.295076745787,1690.34,2160.0,-0.0,-0.0,-0.0,0.0,15.839776745785457,15.047787908496183
2021-11-06 13:00:00,5546.770330950897,1814.12,2160.0,-0.0,318.49766904910393,-0.0,0.0,-0.0,15.046283129705333
2021-11-06 14:00:00,4149.188434495703,1947.21,2160.0,-0.0,1606.5260655042957,-0.0,0.0,-0.0,15.044778501392363
2021-11-06 15:00:00,2270.769263297085,2072.02,2160.0,-0.0,3488.6623367029147,-0.0,0.0,-0.0,15.043274023542224
2021-11-06 16:00:00,528.8585065407818,2173.19,2160.0,1850.2431122478847,3500.0,-0.0,14.289681211332876,-0.0,-0.0
2021-11-06 17:00:00,-0.0,2239.56,2160.0,2620.563900000001,3500.0,-0.0,0.0,-0.0,-0.0
2021-11-06 18:00:00,-0.0,2265.59,2160.0,2844.5967,3500.0,-0.0,0.0,-0.0,-0.0
2021-11-06 19:00:00,-0.0,2252.0699999999997,2160.0,2953.5471,3500.0,-0.0,0.0,-0.0,-0.0
2021-11-06 20:00:00,-0.0,2205.83,2160.0,2891.3554000000004,3500.0,-0.0,0.0,-0.0,-0.0
2021-11-06 21:00:00,-0.0,2138.78,2160.0,2693.9385999999995,3500.0,-0.0,0.0,-0.0,-0.0
2021-11-06 22:00:00,-0.0,2066.15,2160.0,2454.6232,3500.0,-0.0,0.0,-0.0,-0.0
2021-11-06 23:00:00,-0.0,2004.31,2160.0,2253.9971000000005,3500.0,-0.0,0.0,-0.0,-0.0
2021-11-07 00:00:00,-0.0,1981.67,2160.0,1481.8937999999998,3500.0,-0.0,0.0,-0.0,-0.0
2021-11-07 01:00:00,-0.0,1983.6799999999998,2160.0,1280.2142000000003,3500.0,-0.0,0.0,-0.0,-0.0
2021-11-07 02:00:00,-0.0,2030.32,2160.0,1095.0943000000007,3500.0,-0.0,0.0,-0.0,-0.0
2021-11-07 03:00:00,-0.0,2122.2599999999998,2160.0,991.9418000000005,3500.0,-0.0,0.0,-0.0,-0.0
2021-11-07 04:00:00,-0.0,2253.85,2160.0,1005.5825999999997,3500.0,-0.0,0.0,-0.0,-0.0
2021-11-07 05:00:00,-0.0,2413.79,2160.0,1118.0303000000013,3500.0,-0.0,0.0,-0.0,-0.0
2021-11-07 06:00:00,-0.0,2586.56,2160.0,1266.9843,3500.0,-0.0,0.0,-0.0,-0.0
2021-11-07 07:00:00,-0.0,2754.39,2160.0,1379.361500000001,3500.0,-0.0,0.0,-0.0,-0.0
2021-11-07 08:00:00,489.5085499250525,2899.62,2160.0,918.1326500749483,3500.0,-0.0,0.0,-0.0,-0.0
2021-11-07 09:00:00,2193.2523039514085,3006.97,2160.0,-0.0,2655.4625960485923,-0.0,0.0,-0.0,-0.0
2021-11-07 10:00:00,4043.5372605645885,3065.58,2160.0,-0.0,695.1591394354123,-0.0,0.0,-0.0,-0.0
2021-11-07 11:00:00,5423.798926541163,3070.3999999999996,1480.5792734588376,-0.0,-0.0,-0.0,0.0,112.58040000000119,106.95138000000112
2021-11-07 12:00:00,5931.487022503376,3022.86,919.340577496625,-0.0,-0.0,-0.0,0.0,112.58040000000119,213.89206486200226
2021-11-07 13:00:00,5423.798926541163,2930.64,1462.2982734588386,-0.0,-0.0,-0.0,0.0,112.58040000000119,320.8220556555172
2021-11-07 14:00:00,4043.5372605645885,2806.6000000000004,2160.0,-0.0,716.1416394354105,-0.0,0.0,-0.0,320.7899734499517
2021-11-07 15:00:00,2193.2523039514085,2667.1299999999997,2160.0,-0.0,2833.141896048592,-0.0,0.0,-0.0,320.7578944526067
2021-11-07 16:00:00,489.5085499250525,2529.8399999999997,2160.0,1295.5731500749462,3500.0,-0.0,112.58040000000119,-0.0,202.2201344526339
2021-11-07 17:00:00,-0.0,2411.3399999999997,2160.0,2196.1076999999987,3500.0,-0.0,112.58040000000119,-0.0,83.6942282286611
2021-11-07 18:00:00,-0.0,2324.92,2160.0,2564.7866341344543,3500.0,-0.0,79.50156586554633,-0.0,-0.0
2021-11-07 19:00:00,-0.0,2278.9100000000003,2160.0,2784.979800000001,3500.0,-0.0,0.0,-0.0,-0.0
2021-11-07 20:00:00,-0.0,2275.57,2160.0,2679.2745000000014,3500.0,-0.0,0.0,-0.0,-0.0
2021-11-07 21:00:00,-0.0,2310.9,2160.0,2378.9993000000013,3500.0,-0.0,0.0,-0.0,-0.0
2021-11-07 22:00:00,-0.0,2375.2400000000002,2160.0,2002.373300000001,3500.0,-0.0,0.0,-0.0,-0.0
2021-11-07 23:00:00,-0.0,2454.67,2160.0,1660.2718000000004,3500.0,-0.0,0.0,-0.0,-0.0
2021-11-08 00:00:00,-0.0,2546.19,2160.0,1340.8071999999993,3500.0,-0.0,0.0,-0.0,-0.0
2021-11-08 01:00:00,-0.0,2607.39,2160.0,1080.0052000000014,3500.0,-0.0,0.0,-0.0,-0.0
2021-11-08 02:00:00,-0.0,2637.6,2160.0,911.5207000000009,3500.0,-0.0,0.0,-0.0,-0.0
2021-11-08 03:00:00,-0.0,2627.34,2160.0,910.9088000000011,3500.0,-0.0,0.0,-0.0,-0.0
2021-11-08 04:00:00,-0.0,2572.82,2160.0,1111.1380000000008,3500.0,-0.0,0.0,-0.0,-0.0
2021-11-08 05:00:00,-0.0,2476.61,2160.0,1480.3492999999999,3500.0,-0.0,0.0,-0.0,-0.0
2021-11-08 06:00:00,-0.0,2347.36,2160.0,1932.0720999999994,3500.0,-0.0,0.0,-0.0,-0.0
2021-11-08 07:00:00,-0.0,2198.79,2160.0,2361.733300000001,3500.0,-0.0,0.0,-0.0,-0.0
2021-11-08 08:00:00,407.21513526697305,2047.93,2160.0,2279.9044647330265,3500.0,-0.0,0.0,-0.0,-0.0
2021-11-08 09:00:00,1907.2006624385401,1912.8899999999999,2160.0,964.5344375614613,3500.0,-0.0,0.0,-0.0,-0.0
2021-11-08 10:00:00,3547.9465420758456,1810.56,2160.0,-0.0,2875.9918579241553,-0.0,0.0,-0.0,-0.0
2021-11-08 11:00:00,4775.082639497565,1754.3600000000001,2160.0,-0.0,1604.390260502434,-0.0,0.0,-0.0,-0.0
2021-11-08 12:00:00,5226.926384097011,1752.52,2160.0,-0.0,1054.8390159029896,-0.0,0.0,-0.0,-0.0
2021-11-08 13:00:00,4775.082639497565,1807.04,2160.0,-0.0,1396.8841605024363,-0.0,0.0,-0.0,-0.0
2021-11-08 14:00:00,3547.9465420758456,1913.4399999999998,2160.0,-0.0,2541.541557924154,-0.0,0.0,-0.0,-0.0
2021-11-08 15:00:00,1907.2006624385401,2061.42,2160.0,663.4767375614601,3500.0,-0.0,0.0,-0.0,-0.0
2021-11-08 16:00:00,407.21513526697305,2236.27,2160.0,2224.638964733027,3500.0,-0.0,0.0,-0.0,-0.0
2021-11-08 17:00:00,-0.0,2420.83,2160.0,2741.9897999999994,3500.0,-0.0,0.0,-0.0,-0.0
2021-11-08 18:00:00,-0.0,2597.85,2160.0,2816.440499999999,3500.0,-0.0,0.0,-0.0,-0.0
2021-11-08 19:00:00,-0.0,2752.26,2160.0,2759.122299999999,3500.0,-0.0,0.0,-0.0,-0.0
2021-11-08 20:00:00,-0.0,2873.1600000000003,2160.0,2531.702900000002,3500.0,-0.0,0.0,-0.0,-0.0
2021-11-08 21:00:00,-0.0,2955.28,2160.0,2187.2766999999985,3500.0,-0.0,0.0,-0.0,-0.0
2021-11-08 22:00:00,-0.0,2999.58,2160.0,1833.4428000000007,3500.0,-0.0,0.0,-0.0,-0.0
2021-11-08 23:00:00,-0.0,3013.1000000000004,2160.0,1560.1126000000004,3500.0,-0.0,0.0,-0.0,-0.0
2021-11-09 00:00:00,-0.0,3020.91,2160.0,760.2035000000014,3500.0,-0.0,0.0,-0.0,-0.0
2021-11-09 01:00:00,-0.0,3012.2,2160.0,572.3860000000013,3500.0,-0.0,0.0,-0.0,-0.0
2021-11-09 02:00:00,-0.0,3016.44,2160.0,433.0461,3500.0,-0.0,0.0,-0.0,-0.0
2021-11-09 03:00:00,-0.0,3048.81,2160.0,393.0801999999999,3500.0,-0.0,0.0,-0.0,-0.0
2021-11-09 04:00:00,-0.0,3121.09,2160.0,469.8815999999988,3500.0,-0.0,0.0,-0.0,-0.0
2021-11-09 05:00:00,-0.0,3239.94,2160.0,627.4987000000001,3500.0,-0.0,0.0,-0.0,-0.0
2021-11-09 06:00:00,-0.0,3405.8500000000004,2160.0,787.6170000000002,3500.0,-0.0,0.0,-0.0,-0.0
2021-11-09 07:00:00,-0.0,3612.94,2160.0,865.2633999999998,3500.0,-0.0,0.0,-0.0,-0.0
2021-11-09 08:00:00,345.8466124564525,3849.66,2160.0,460.9514875435475,3500.0,-0.0,0.0,-0.0,-0.0
2021-11-09 09:00:00,1696.3223923844218,4100.14,2160.0,-0.0,2413.382807615578,-0.0,0.0,-0.0,-0.0
2021-11-09 10:00:00,3184.3109815633884,4346.26,2160.0,-0.0,633.0371184366127,-0.0,0.0,-0.0,-0.0
2021-11-09 11:00:00,4300.104334471457,4569.96,1469.423665528544,-0.0,-0.0,-0.0,0.0,112.58040000000119,106.95138000000112
2021-11-09 12:00:00,4711.381688742436,4755.51,777.0840112575643,-0.0,-0.0,-0.0,0.0,112.58040000000119,213.89206486200226
2021-11-09 13:00:00,4300.104334471457,4891.58,1001.1181655285445,-0.0,-0.0,-0.0,0.0,112.58040000000119,320.8220556555172
2021-11-09 14:00:00,3184.3109815633884,4972.639999999999,2063.941918436613,-0.0,-0.0,-0.0,0.0,112.58040000000119,427.7413534499528
2021-11-09 15:00:00,1696.3223923844218,4999.58,2160.0,-0.0,1385.8109076155777,-0.0,0.0,-0.0,427.6985793146078
2021-11-09 16:00:00,345.8466124564525,4979.57,2160.0,-0.0,2996.6120875435486,-0.0,0.0,-0.0,427.65580945667637
2021-11-09 17:00:00,-0.0,4924.93,2160.0,83.5573000000004,3500.0,-0.0,112.58040000000119,-0.0,309.10735966520315
2021-11-09 18:00:00,-0.0,4851.5,2160.0,412.85069999999905,3500.0,-0.0,112.58040000000119,-0.0,190.57076471870906
2021-11-09 19:00:00,-0.0,4776.38,2160.0,589.5020000000013,3500.0,-0.0,112.58040000000119,-0.0,72.04602343170961
2021-11-09 20:00:00,-0.0,4715.63,2160.0,592.3598221121019,3500.0,-0.0,68.43687788789813,-0.0,-0.0
2021-11-09 21:00:00,-0.0,4682.06,2160.0,436.5831999999982,3500.0,-0.0,0.0,-0.0,-0.0
2021-11-09 22:00:00,-0.0,4683.5,2160.0,130.16580000000067,3500.0,-0.0,0.0,-0.0,-0.0
2021-11-09 23:00:00,-0.0,4721.78,2160.0,-0.0,3336.665900000001,-0.0,0.0,-0.0,-0.0
2021-11-10 00:00:00,-0.0,4805.4400000000005,2160.0,-0.0,2465.3878999999997,-0.0,0.0,-0.0,-0.0
2021-11-10 01:00:00,-0.0,4898.4800000000005,2160.0,-0.0,2180.460100000001,-0.0,0.0,-0.0,-0.0
2021-11-10 02:00:00,-0.0,4999.67,2160.0,-0.0,1948.8307000000004,-0.0,0.0,-0.0,-0.0
2021-11-10 03:00:00,-0.0,5092.55,2160.0,-0.0,1853.0308999999988,-0.0,0.0,-0.0,-0.0
2021-11-10 04:00:00,-0.0,5160.76,2160.0,-0.0,1938.5901000000013,-0.0,0.0,-0.0,-0.0
2021-11-10 05:00:00,-0.0,5190.35,2160.0,-0.0,2190.1641,-0.0,0.0,-0.0,-0.0
2021-11-10 06:00:00,-0.0,5171.7,2160.0,-0.0,2539.543200000001,-0.0,0.0,-0.0,-0.0
2021-11-10 07:00:00,-0.0,5100.9800000000005,2160.0,-0.0,2899.6991000000007,-0.0,0.0,-0.0,-0.0
2021-11-10 08:00:00,315.7370880806052,4980.74,2160.0,-0.0,2887.1536119193947,-0.0,0.0,-0.0,-0.0
2021-11-10 09:00:00,1624.9545612563481,4819.73,2160.0,-0.0,1797.0210387436516,-0.0,0.0,-0.0,-0.0
2021-11-10 10:00:00,3078.17993011257,4631.79,2160.0,-0.0,490.17336988743136,-0.0,0.0,-0.0,-0.0
2021-11-10 11:00:00,4170.738283113109,4434.13,1775.8167168868922,-0.0,-0.0,-0.0,0.0,112.58040000000119,106.95138000000112
2021-11-10 12:00:00,4573.868879491439,4245.110000000001,1470.8348205085613,-0.0,-0.0,-0.0,0.0,112.58040000000119,213.89206486200226
2021-11-10 13:00:00,4170.738283113109,4081.92,1990.598516886892,-0.0,-0.0,-0.0,0.0,112.58040000000119,320.8220556555172
2021-11-10 14:00:00,3078.17993011257,3958.33,2160.0,-0.0,966.845869887431,-0.0,0.0,-0.0,320.7899734499517
2021-11-10 15:00:00,1624.9545612563481,3882.9900000000002,2160.0,-0.0,2633.3698387436516,-0.0,0.0,-0.0,320.7578944526067
2021-11-10 16:00:00,315.7370880806052,3858.32,2160.0,599.515011919395,3500.0,-0.0,112.58040000000119,-0.0,202.2201344526339
2021-11-10 17:00:00,-0.0,3880.3300000000004,2160.0,1196.763500000001,3500.0,-0.0,112.58040000000119,-0.0,83.6942282286611
2021-11-10 18:00:00,-0.0,3939.2500000000005,2160.0,1431.2265341344555,3500.0,-0.0,79.50156586554633,-0.0,-0.0
2021-11-10 19:00:00,-0.0,4020.89,2160.0,1535.0121000000017,3500.0,-0.0,0.0,-0.0,-0.0
2021-11-10 20:00:00,-0.0,4108.67,2160.0,1349.5384000000013,3500.0,-0.0,0.0,-0.0,-0.0
2021-11-10 21:00:00,-0.0,4185.92,2160.0,1018.7949000000008,3500.0,-0.0,0.0,-0.0,-0.0
2021-11-10 22:00:00,-0.0,4238.14,2160.0,665.8290000000006,3500.0,-0.0,0.0,-0.0,-0.0
2021-11-10 23:00:00,-0.0,4255.04,2160.0,397.8782000000001,3500.0,-0.0,0.0,-0.0,-0.0
2021-11-11 00:00:00,-0.0,4244.84,2160.0,-0.0,3124.4226,-0.0,0.0,-0.0,-0.0
2021-11-11 01:00:00,-0.0,4183.27,2160.0,-0.0,2998.1412999999993,-0.0,0.0,-0.0,-0.0
2021-11-11 02:00:00,-0.0,4090.82,2160.0,-0.0,2964.1169000000004,-0.0,0.0,-0.0,-0.0
2021-11-11 03:00:00,-0.0,3980.0400000000004,2160.0,-0.0,3075.866699999999,-0.0,0.0,-0.0,-0.0
2021-11-11 04:00:00,-0.0,3866.76,2160.0,-0.0,3346.726199999999,-0.0,0.0,-0.0,-0.0
2021-11-11 05:00:00,-0.0,3767.85,2160.0,230.5286000000001,3500.0,-0.0,0.0,-0.0,-0.0
2021-11-11 06:00:00,-0.0,3698.94,2160.0,633.8129000000008,3500.0,-0.0,0.0,-0.0,-0.0
2021-11-11 07:00:00,-0.0,3672.21,2160.0,953.5356000000002,3500.0,-0.0,0.0,-0.0,-0.0
2021-11-11 08:00:00,280.17035191091446,3694.6400000000003,2160.0,837.352648089086,3500.0,-0.0,0.0,-0.0,-0.0
2021-11-11 09:00:00,1516.0000443988988,3767.03,2160.0,-0.0,3090.5787556011005,-0.0,0.0,-0.0,-0.0
2021-11-11 10:00:00,2898.058461088784,3883.78,2160.0,-0.0,1553.4853389112154,-0.0,0.0,-0.0,-0.0
2021-11-11 11:00:00,3939.8279165969275,4033.48,2160.0,-0.0,273.1517834030742,-0.0,0.0,-0.0,-0.0
2021-11-11 12:00:00,4324.611567803318,4200.45,1906.180432196682,-0.0,-0.0,-0.0,0.0,112.58040000000119,106.95138000000112
2021-11-11 13:00:00,3939.8279165969275,4366.63,2081.1963834030744,-0.0,-0.0,-0.0,0.0,112.58040000000119,213.89206486200226
2021-11-11 14:00:00,2898.058461088784,4513.99,2160.0,-0.0,738.566138911217,-0.0,0.0,-0.0,213.87067565551607
2021-11-11 15:00:00,1516.0000443988988,4626.81,2160.0,-0.0,2148.515255601101,-0.0,0.0,-0.0,213.84928858795053
2021-11-11 16:00:00,280.17035191091446,4693.66,2160.0,-0.0,3500.0,-0.0,64.97204808908617,-0.0,145.4362740916326
2021-11-11 17:00:00,-0.0,4708.91,2160.0,523.3593000000001,3500.0,-0.0,112.58040000000119,-0.0,26.916046253695896
2021-11-11 18:00:00,-0.0,4673.280000000001,2160.0,908.7164130833817,3500.0,-0.0,25.567686916617003,-0.0,-0.0
2021-11-11 19:00:00,-0.0,4593.73,2160.0,1122.0487000000012,3500.0,-0.0,0.0,-0.0,-0.0
2021-11-11 20:00:00,-0.0,4482.360000000001,2160.0,1137.8960000000006,3500.0,-0.0,0.0,-0.0,-0.0
2021-11-11 21:00:00,-0.0,4354.71,2160.0,1014.1000000000013,3500.0,-0.0,0.0,-0.0,-0.0
2021-11-11 22:00:00,-0.0,4227.6,2160.0,842.3881000000001,3500.0,-0.0,0.0,-0.0,-0.0
2021-11-11 23:00:00,-0.0,4116.77,2160.0,703.9664999999986,3500.0,-0.0,0.0,-0.0,-0.0
2021-11-12 00:00:00,-0.0,4047.4900000000002,2160.0,-0.0,3491.115800000001,-0.0,0.0,-0.0,-0.0
2021-11-12 01:00:00,-0.0,4001.63,2160.0,-0.0,3350.6675999999998,-0.0,0.0,-0.0,-0.0
2021-11-12 02:00:00,-0.0,3993.48,2160.0,-0.0,3233.7576000000004,-0.0,0.0,-0.0,-0.0
2021-11-12 03:00:00,-0.0,4018.25,2160.0,-0.0,3211.2392,-0.0,0.0,-0.0,-0.0
2021-11-12 04:00:00,-0.0,4065.57,2160.0,-0.0,3322.6504999999993,-0.0,0.0,-0.0,-0.0
2021-11-12 05:00:00,-0.0,4120.889999999999,2160.0,53.2395000000015,3500.0,-0.0,0.0,-0.0,-0.0
2021-11-12 06:00:00,-0.0,4167.46,2160.0,341.9278000000004,3500.0,-0.0,0.0,-0.0,-0.0
2021-11-12 07:00:00,-0.0,4188.64,2160.0,614.4880000000003,3500.0,-0.0,0.0,-0.0,-0.0
2021-11-12 08:00:00,228.13154087882546,4170.22,2160.0,591.8074591211757,3500.0,-0.0,0.0,-0.0,-0.0
2021-11-12 09:00:00,1300.747076955851,4102.37,2160.0,-0.0,3148.9661230441498,-0.0,0.0,-0.0,-0.0
2021-11-12 10:00:00,2509.379990013168,3981.0899999999997,2160.0,-0.0,2023.6688099868325,-0.0,0.0,-0.0,-0.0
2021-11-12 11:00:00,3422.7766290293284,3808.8,2160.0,-0.0,1193.903470970672,-0.0,0.0,-0.0,-0.0
2021-11-12 12:00:00,3760.4876435354504,3594.1600000000003,2160.0,-0.0,983.1032564645507,-0.0,0.0,-0.0,-0.0
2021-11-12 13:00:00,3422.7766290293284,3350.97,2160.0,-0.0,1520.3476709706729,-0.0,0.0,-0.0,-0.0
2021-11-12 14:00:00,2509.379990013168,3096.4599999999996,2160.0,-0.0,2723.5909099868322,-0.0,0.0,-0.0,-0.0
2021-11-12 15:00:00,1300.747076955851,2849.05,2160.0,820.0026230441499,3500.0,-0.0,0.0,-0.0,-0.0
2021-11-12 16:00:00,228.13154087882546,2626.0499999999997,2160.0,2362.618159121177,3500.0,-0.0,0.0,-0.0,-0.0
2021-11-12 17:00:00,-0.0,2441.38,2160.0,3080.853400000001,3500.0,-0.0,0.0,-0.0,-0.0
2021-11-12 18:00:00,-0.0,2303.9100000000003,2160.0,3480.287699999999,3500.0,-0.0,0.0,-0.0,-0.0
2021-11-12 19:00:00,-0.0,2216.33,2160.0,3675.1996,3500.0,-0.0,0.0,-0.0,-0.0
2021-11-12 20:00:00,-0.0,2174.95,2160.0,3620.0390000000016,3500.0,-0.0,0.0,-0.0,-0.0
2021-11-12 21:00:00,-0.0,2170.35,2160.0,3372.0425000000014,3500.0,-0.0,0.0,-0.0,-0.0
2021-11-12 22:00:00,-0.0,2188.7200000000003,2160.0,3053.5688,3500.0,-0.0,0.0,-0.0,-0.0
2021-11-12 23:00:00,-0.0,2213.92,2160.0,2777.704100000001,3500.0,-0.0,0.0,-0.0,-0.0
2021-11-13 00:00:00,-0.0,2242.44,2160.0,1398.3657999999996,3500.0,-0.0,0.0,-0.0,-0.0
2021-11-13 01:00:00,-0.0,2234.81,2160.0,1218.015800000001,3500.0,-0.0,0.0,-0.0,-0.0
2021-11-13 02:00:00,-0.0,2193.96,2160.0,1132.0065999999997,3500.0,-0.0,0.0,-0.0,-0.0
2021-11-13 03:00:00,-0.0,2115.7000000000003,2160.0,1210.5941999999995,3500.0,-0.0,0.0,-0.0,-0.0
2021-11-13 04:00:00,-0.0,2002.08,2160.0,1480.8967000000011,3500.0,-0.0,0.0,-0.0,-0.0
2021-11-13 05:00:00,-0.0,1861.21,2160.0,1905.5047000000004,3500.0,-0.0,0.0,-0.0,-0.0
2021-11-13 06:00:00,-0.0,1706.1399999999999,2160.0,2393.5411000000004,3500.0,-0.0,0.0,-0.0,-0.0
2021-11-13 07:00:00,-0.0,1553.17,2160.0,2837.8436999999994,3500.0,-0.0,0.0,-0.0,-0.0
2021-11-13 08:00:00,195.3547902888093,1419.68,2160.0,2960.48400971119,3500.0,-0.0,0.0,-0.0,-0.0
2021-11-13 09:00:00,1176.336039987005,1321.72,2160.0,2136.7466600129947,3500.0,-0.0,0.0,-0.0,-0.0
2021-11-13 10:00:00,2290.1987228739386,1271.8899999999999,2160.0,1032.0187771260626,3500.0,-0.0,0.0,-0.0,-0.0
2021-11-13 11:00:00,3134.147040840841,1277.5600000000002,2160.0,90.87915915915846,3500.0,-0.0,0.0,-0.0,-0.0
2021-11-13 12:00:00,3446.5026663988806,1339.8799999999999,2160.0,-0.0,3125.5051336011197,-0.0,0.0,-0.0,-0.0
2021-11-13 13:00:00,3134.147040840841,1453.5,2160.0,-0.0,3277.5109591591586,-0.0,0.0,-0.0,-0.0
2021-11-13 14:00:00,2290.1987228739386,1607.3100000000002,2160.0,499.8099771260627,3500.0,-0.0,0.0,-0.0,-0.0
2021-11-13 15:00:00,1176.336039987005,1785.7700000000002,2160.0,1572.3067600129943,3500.0,-0.0,0.0,-0.0,-0.0
2021-11-13 16:00:00,195.3547902888093,1970.99,2160.0,2611.695809711191,3500.0,-0.0,0.0,-0.0,-0.0
2021-11-13 17:00:00,-0.0,2144.99,2160.0,2935.0185,3500.0,-0.0,0.0,-0.0,-0.0
2021-11-13 18:00:00,-0.0,2292.07,2160.0,3046.3473000000013,3500.0,-0.0,0.0,-0.0,-0.0
2021-11-13 19:00:00,-0.0,2400.77,2160.0,3041.3340000000007,3500.0,-0.0,0.0,-0.0,-0.0
2021-11-13 20:00:00,-0.0,2465.33,2160.0,2876.505000000001,3500.0,-0.0,0.0,-0.0,-0.0
2021-11-13 21:00:00,-0.0,2486.33,2160.0,2599.0969000000005,3500.0,-0.0,0.0,-0.0,-0.0
2021-11-13 22:00:00,-0.0,2470.48,2160.0,2310.9536000000007,3500.0,-0.0,0.0,-0.0,-0.0
2021-11-13 23:00:00,-0.0,2429.6,2160.0,2097.2039000000004,3500.0,-0.0,0.0,-0.0,-0.0
2021-11-14 00:00:00,-0.0,2391.55,2160.0,1347.2354999999998,3500.0,-0.0,0.0,-0.0,-0.0
2021-11-14 01:00:00,-0.0,2347.48,2160.0,1199.2201000000005,3500.0,-0.0,0.0,-0.0,-0.0
2021-11-14 02:00:00,-0.0,2325.31,2160.0,1090.3618000000006,3500.0,-0.0,0.0,-0.0,-0.0
2021-11-14 03:00:00,-0.0,2337.06,2160.0,1074.7079000000012,3500.0,-0.0,0.0,-0.0,-0.0
2021-11-14 04:00:00,-0.0,2389.7,2160.0,1174.4617000000007,3500.0,-0.0,0.0,-0.0,-0.0
2021-11-14 05:00:00,-0.0,2484.15,2160.0,1359.4077000000016,3500.0,-0.0,0.0,-0.0,-0.0
2021-11-14 06:00:00,-0.0,2615.0699999999997,2160.0,1557.0614000000005,3500.0,-0.0,0.0,-0.0,-0.0
2021-11-14 07:00:00,-0.0,2771.5,2160.0,1687.5231999999996,3500.0,-0.0,0.0,-0.0,-0.0
2021-11-14 08:00:00,207.49680753155278,2938.2799999999997,2160.0,1493.2690924684484,3500.0,-0.0,0.0,-0.0,-0.0
2021-11-14 09:00:00,1322.6428837851365,3098.05,2160.0,273.1142162148635,3500.0,-0.0,0.0,-0.0,-0.0
2021-11-14 10:00:00,2598.6930083897087,3233.58,2160.0,-0.0,2316.279791610291,-0.0,0.0,-0.0,-0.0
2021-11-14 11:00:00,3568.012118364865,3330.0299999999997,2160.0,-0.0,1154.4016816351345,-0.0,0.0,-0.0,-0.0
2021-11-14 12:00:00,3927.1279022382496,3377.0099999999998,2160.0,-0.0,652.9898977617504,-0.0,0.0,-0.0,-0.0
2021-11-14 13:00:00,3568.012118364865,3369.93,2160.0,-0.0,967.8148816351363,-0.0,0.0,-0.0,-0.0
2021-11-14 14:00:00,2598.6930083897087,3310.69,2160.0,-0.0,2023.8754916102907,-0.0,0.0,-0.0,-0.0
2021-11-14 15:00:00,1322.6428837851365,3207.41,2160.0,35.62231621486535,3500.0,-0.0,0.0,-0.0,-0.0
2021-11-14 16:00:00,207.49680753155278,3073.42,2160.0,1523.6983924684473,3500.0,-0.0,0.0,-0.0,-0.0
2021-11-14 17:00:00,-0.0,2925.4999999999995,2160.0,2176.3875000000007,3500.0,-0.0,0.0,-0.0,-0.0
2021-11-14 18:00:00,-0.0,2781.71,2160.0,2573.8854999999994,3500.0,-0.0,0.0,-0.0,-0.0
2021-11-14 19:00:00,-0.0,2658.97,2160.0,2795.6127000000015,3500.0,-0.0,0.0,-0.0,-0.0
2021-11-14 20:00:00,-0.0,2570.9300000000003,2160.0,2778.6867999999995,3500.0,-0.0,0.0,-0.0,-0.0
2021-11-14 21:00:00,-0.0,2526.21,2160.0,2562.3109000000013,3500.0,-0.0,0.0,-0.0,-0.0
2021-11-14 22:00:00,-0.0,2527.31,2160.0,2252.541500000001,3500.0,-0.0,0.0,-0.0,-0.0
2021-11-14 23:00:00,-0.0,2570.4100000000003,2160.0,1950.1499999999996,3500.0,-0.0,0.0,-0.0,-0.0
2021-11-15 00:00:00,-0.0,2658.54,2160.0,1636.1917999999996,3500.0,-0.0,0.0,-0.0,-0.0
2021-11-15 01:00:00,-0.0,2752.8,2160.0,1345.2300999999998,3500.0,-0.0,0.0,-0.0,-0.0
2021-11-15 02:00:00,-0.0,2849.61,2160.0,1112.8014999999996,3500.0,-0.0,0.0,-0.0,-0.0
2021-11-15 03:00:00,-0.0,2932.81,2160.0,1021.1411000000007,3500.0,-0.0,0.0,-0.0,-0.0
2021-11-15 04:00:00,-0.0,2988.52,2160.0,1113.3022,3500.0,-0.0,0.0,-0.0,-0.0
2021-11-15 05:00:00,-0.0,3007.12,2160.0,1369.6158000000005,3500.0,-0.0,0.0,-0.0,-0.0
2021-11-15 06:00:00,-0.0,2984.62,2160.0,1716.248700000001,3500.0,-0.0,0.0,-0.0,-0.0
2021-11-15 07:00:00,-0.0,2923.35,2160.0,2060.0164999999997,3500.0,-0.0,0.0,-0.0,-0.0
2021-11-15 08:00:00,238.73348608158864,2831.68,2160.0,2088.6337139184097,3500.0,-0.0,0.0,-0.0,-0.0
2021-11-15 09:00:00,1615.1449719582122,2722.98,2160.0,871.3947280417888,3500.0,-0.0,0.0,-0.0,-0.0
2021-11-15 10:00:00,3202.5016875428664,2613.89,2160.0,-0.0,2843.6435124571344,-0.0,0.0,-0.0,-0.0
2021-11-15 11:00:00,4411.357799446558,2522.12,2160.0,-0.0,1626.2780005534432,-0.0,0.0,-0.0,-0.0
2021-11-15 12:00:00,4859.675002273296,2464.0899999999997,2160.0,-0.0,1136.5706977267037,-0.0,0.0,-0.0,-0.0
2021-11-15 13:00:00,4411.357799446558,2452.77,2160.0,-0.0,1540.8006005534426,-0.0,0.0,-0.0,-0.0
2021-11-15 14:00:00,3202.5016875428664,2495.88,2160.0,-0.0,2730.0832124571343,-0.0,0.0,-0.0,-0.0
2021-11-15 15:00:00,1615.1449719582122,2594.9100000000003,2160.0,846.9383280417878,3500.0,-0.0,0.0,-0.0,-0.0
2021-11-15 16:00:00,238.73348608158864,2744.87,2160.0,2308.5182139184126,3500.0,-0.0,0.0,-0.0,-0.0
2021-11-15 17:00:00,-0.0,2934.9500000000003,2160.0,2650.7142999999996,3500.0,-0.0,0.0,-0.0,-0.0
2021-11-15 18:00:00,-0.0,3149.9,2160.0,2685.828400000002,3500.0,-0.0,0.0,-0.0,-0.0
2021-11-15 19:00:00,-0.0,3372.08,2160.0,2559.078800000001,3500.0,-0.0,0.0,-0.0,-0.0
2021-11-15 20:00:00,-0.0,3583.77,2160.0,2238.9570999999996,3500.0,-0.0,0.0,-0.0,-0.0
2021-11-15 21:00:00,-0.0,3769.4100000000003,2160.0,1788.8490000000002,3500.0,-0.0,0.0,-0.0,-0.0
2021-11-15 22:00:00,-0.0,3917.7200000000003,2160.0,1328.594900000001,3500.0,-0.0,0.0,-0.0,-0.0
2021-11-15 23:00:00,-0.0,4023.01,2160.0,960.8387999999995,3500.0,-0.0,0.0,-0.0,-0.0
2021-11-16 00:00:00,-0.0,4098.35,2160.0,89.4359999999997,3500.0,-0.0,0.0,-0.0,-0.0
2021-11-16 01:00:00,-0.0,4125.59,2160.0,-0.0,3362.5251000000007,-0.0,0.0,-0.0,-0.0
2021-11-16 02:00:00,-0.0,4128.93,2160.0,-0.0,3220.7065000000002,-0.0,0.0,-0.0,-0.0
2021-11-16 03:00:00,-0.0,4123.49,2160.0,-0.0,3214.932700000001,-0.0,0.0,-0.0,-0.0
2021-11-16 04:00:00,-0.0,4125.54,2160.0,-0.0,3358.1148000000003,-0.0,0.0,-0.0,-0.0
2021-11-16 05:00:00,-0.0,4150.18,2160.0,105.86250000000109,3500.0,-0.0,0.0,-0.0,-0.0
2021-11-16 06:00:00,-0.0,4209.16,2160.0,368.60519999999997,3500.0,-0.0,0.0,-0.0,-0.0
2021-11-16 07:00:00,-0.0,4309.17,2160.0,548.8037000000004,3500.0,-0.0,0.0,-0.0,-0.0
2021-11-16 08:00:00,246.333406800622,4450.81,2160.0,334.33869319937867,3500.0,-0.0,0.0,-0.0,-0.0
2021-11-16 09:00:00,1773.57151311445,4628.35,2160.0,-0.0,2177.98558688555,-0.0,0.0,-0.0,-0.0
2021-11-16 10:00:00,3548.8281775190226,4830.45,2160.0,-0.0,149.2191224809785,-0.0,0.0,-0.0,-0.0
2021-11-16 11:00:00,4904.180852240263,5041.51,753.3095477597371,-0.0,-0.0,-0.0,0.0,112.58040000000119,106.95138000000112
2021-11-16 12:00:00,5407.326851678765,5190.581648321237,-0.0,-0.0,-0.0,-0.0,0.0,112.58040000000119,213.89206486200226
2021-11-16 13:00:00,4904.180852240263,5419.389999999999,217.38724775973697,-0.0,-0.0,-0.0,0.0,112.58040000000119,320.8220556555172
2021-11-16 14:00:00,3548.8281775190226,5553.209999999999,1461.0433224809785,-0.0,-0.0,-0.0,0.0,112.58040000000119,427.7413534499528
2021-11-16 15:00:00,1773.57151311445,5634.280000000001,2160.0,-0.0,1009.8948868855493,-0.0,0.0,-0.0,427.6985793146078
2021-11-16 16:00:00,246.333406800622,5657.55,2160.0,-0.0,2747.8408931993777,-0.0,0.0,-0.0,427.65580945667637
2021-11-16 17:00:00,-0.0,5624.42,2160.0,-0.0,3319.8289999999997,-0.0,0.0,-0.0,427.6130438757307
2021-11-16 18:00:00,-0.0,5542.57,2160.0,38.278699999998935,3500.0,-0.0,112.58040000000119,-0.0,309.0645983608156
2021-11-16 19:00:00,-0.0,5424.900000000001,2160.0,250.630299999998,3500.0,-0.0,112.58040000000119,-0.0,190.52800769045191
2021-11-16 20:00:00,-0.0,5287.76,2160.0,278.72500000000036,3500.0,-0.0,112.58040000000119,-0.0,72.00327067915532
2021-11-16 21:00:00,-0.0,5148.81,2160.0,196.91393316551785,3500.0,-0.0,68.39626683448303,-0.0,-0.0
2021-11-16 22:00:00,-0.0,5024.66,2160.0,77.17420000000129,3500.0,-0.0,0.0,-0.0,-0.0
2021-11-16 23:00:00,-0.0,4928.65,2160.0,-0.0,3410.512700000001,-0.0,0.0,-0.0,-0.0
2021-11-17 00:00:00,-0.0,4881.46,2160.0,-0.0,2661.4006999999992,-0.0,0.0,-0.0,-0.0
2021-11-17 01:00:00,-0.0,4860.72,2160.0,-0.0,2482.5387,-0.0,0.0,-0.0,-0.0
2021-11-17 02:00:00,-0.0,4874.81,2160.0,-0.0,2330.1742000000004,-0.0,0.0,-0.0,-0.0
2021-11-17 03:00:00,-0.0,4914.1,2160.0,-0.0,2280.0122999999985,-0.0,0.0,-0.0,-0.0
2021-11-17 04:00:00,-0.0,4964.759999999999,2160.0,-0.0,2375.0615000000007,-0.0,0.0,-0.0,-0.0
2021-11-17 05:00:00,-0.0,5010.66,2160.0,-0.0,2602.1628,-0.0,0.0,-0.0,-0.0
2021-11-17 06:00:00,-0.0,5035.74,2160.0,-0.0,2899.5556000000015,-0.0,0.0,-0.0,-0.0
2021-11-17 07:00:00,-0.0,5026.27,2160.0,-0.0,3190.1168,-0.0,0.0,-0.0,-0.0
2021-11-17 08:00:00,224.31484060583077,4972.8099999999995,2160.0,-0.0,3193.7882593941713,-0.0,0.0,-0.0,-0.0
2021-11-17 09:00:00,1723.6419311805948,4871.66,2160.0,-0.0,1845.186668819406,-0.0,0.0,-0.0,-0.0
2021-11-17 10:00:00,3480.373091336129,4725.4400000000005,2160.0,-0.0,184.5475086638703,-0.0,0.0,-0.0,-0.0
2021-11-17 11:00:00,4824.945261777507,4542.900000000001,1194.431538222494,-0.0,-0.0,-0.0,0.0,112.58040000000119,106.95138000000112
2021-11-17 12:00:00,5324.5647194433,4337.81,800.3545805567001,-0.0,-0.0,-0.0,0.0,112.58040000000119,213.89206486200226
2021-11-17 13:00:00,4824.945261777507,4127.3,1455.2054382224942,-0.0,-0.0,-0.0,0.0,112.58040000000119,320.8220556555172
2021-11-17 14:00:00,3480.373091336129,3929.5600000000004,2160.0,-0.0,748.8585086638709,-0.0,0.0,-0.0,320.7899734499517
2021-11-17 15:00:00,1723.6419311805948,3761.57,2160.0,-0.0,2802.7489688194055,-0.0,0.0,-0.0,320.7578944526067
2021-11-17 16:00:00,224.31484060583077,3636.82,2160.0,1050.2723593941691,3500.0,-0.0,112.58040000000119,-0.0,202.2201344526339
2021-11-17 17:00:00,-0.0,3563.67,2160.0,1642.4328999999998,3500.0,-0.0,112.58040000000119,-0.0,83.6942282286611
2021-11-17 18:00:00,-0.0,3544.19,2160.0,1946.4624341344534,3500.0,-0.0,79.50156586554633,-0.0,-0.0
2021-11-17 19:00:00,-0.0,3574.01,2160.0,2093.2358000000004,3500.0,-0.0,0.0,-0.0,-0.0
2021-11-17 20:00:00,-0.0,3642.94,2160.0,1917.786399999999,3500.0,-0.0,0.0,-0.0,-0.0
2021-11-17 21:00:00,-0.0,3736.35,2160.0,1562.0702,3500.0,-0.0,0.0,-0.0,-0.0
2021-11-17 22:00:00,-0.0,3837.23,2160.0,1151.6563000000006,3500.0,-0.0,0.0,-0.0,-0.0
2021-11-17 23:00:00,-0.0,3928.42,2160.0,800.6561000000002,3500.0,-0.0,0.0,-0.0,-0.0
2021-11-18 00:00:00,-0.0,4007.21,2160.0,-0.0,3428.355199999999,-0.0,0.0,-0.0,-0.0
2021-11-18 01:00:00,-0.0,4038.3599999999997,2160.0,-0.0,3200.676400000001,-0.0,0.0,-0.0,-0.0
2021-11-18 02:00:00,-0.0,4028.95,2160.0,-0.0,3074.9878,-0.0,0.0,-0.0,-0.0
2021-11-18 03:00:00,-0.0,3980.09,2160.0,-0.0,3116.2518999999993,-0.0,0.0,-0.0,-0.0
2021-11-18 04:00:00,-0.0,3898.94,2160.0,-0.0,3346.4833000000003,-0.0,0.0,-0.0,-0.0
2021-11-18 05:00:00,-0.0,3797.65,2160.0,224.23910000000024,3500.0,-0.0,0.0,-0.0,-0.0
2021-11-18 06:00:00,-0.0,3691.67,2160.0,656.2487000000001,3500.0,-0.0,0.0,-0.0,-0.0
2021-11-18 07:00:00,-0.0,3597.5699999999997,2160.0,1035.0838000000003,3500.0,-0.0,0.0,-0.0,-0.0
2021-11-18 08:00:00,199.3723695235406,3530.67,2160.0,1080.8674304764609,3500.0,-0.0,0.0,-0.0,-0.0
2021-11-18 09:00:00,1639.9423637903594,3502.92,2160.0,-0.0,3221.433236209642,-0.0,0.0,-0.0,-0.0
2021-11-18 10:00:00,3341.409489583701,3521.11,2160.0,-0.0,1455.5390104162993,-0.0,0.0,-0.0,-0.0
2021-11-18 11:00:00,4646.910701967317,3585.92,2160.0,-0.0,-0.0,-0.0,0.0,11.471401967317433,10.897831868951561
2021-11-18 12:00:00,5132.490952196188,3691.62,1574.3164478038125,-0.0,-0.0,-0.0,0.0,112.58040000000119,117.8481220857658
2021-11-18 13:00:00,4646.910701967317,3826.83,1873.512198032684,-0.0,-0.0,-0.0,0.0,112.58040000000119,224.78771727355834
2021-11-18 14:00:00,3341.409489583701,3975.8500000000004,2160.0,-0.0,785.5047104163,-0.0,0.0,-0.0,224.765238501831
2021-11-18 15:00:00,1639.9423637903594,4120.7300000000005,2160.0,-0.0,2475.492636209641,-0.0,0.0,-0.0,224.74276197798082
2021-11-18 16:00:00,199.3723695235406,4243.57,2160.0,420.95763047645914,3500.0,-0.0,112.58040000000119,-0.0,106.21460349125547
2021-11-18 17:00:00,-0.0,4328.85,2160.0,845.7743170706399,3500.0,-0.0,100.89378292936104,-0.0,-0.0
2021-11-18 18:00:00,-0.0,4365.39,2160.0,1165.992799999999,3500.0,-0.0,0.0,-0.0,-0.0
2021-11-18 19:00:00,-0.0,4347.84,2160.0,1285.0740999999998,3500.0,-0.0,0.0,-0.0,-0.0
2021-11-18 20:00:00,-0.0,4277.28,2160.0,1253.5971000000018,3500.0,-0.0,0.0,-0.0,-0.0
2021-11-18 21:00:00,-0.0,4161.02,2160.0,1112.0735999999997,3500.0,-0.0,0.0,-0.0,-0.0
2021-11-18 22:00:00,-0.0,4011.6000000000004,2160.0,956.5174999999999,3500.0,-0.0,0.0,-0.0,-0.0
2021-11-18 23:00:00,-0.0,3845.0099999999998,2160.0,867.8876,3500.0,-0.0,0.0,-0.0,-0.0
2021-11-19 00:00:00,-0.0,3690.64,2160.0,233.18100000000004,3500.0,-0.0,0.0,-0.0,-0.0
2021-11-19 01:00:00,-0.0,3540.4900000000002,2160.0,191.44320000000107,3500.0,-0.0,0.0,-0.0,-0.0
2021-11-19 02:00:00,-0.0,3419.64,2160.0,181.85510000000022,3500.0,-0.0,0.0,-0.0,-0.0
2021-11-19 03:00:00,-0.0,3336.1000000000004,2160.0,262.47530000000006,3500.0,-0.0,0.0,-0.0,-0.0
2021-11-19 04:00:00,-0.0,3291.83,2160.0,460.51450000000114,3500.0,-0.0,0.0,-0.0,-0.0
2021-11-19 05:00:00,-0.0,3282.57,2160.0,750.9372000000003,3500.0,-0.0,0.0,-0.0,-0.0
2021-11-19 06:00:00,-0.0,3298.43,2160.0,1065.8063000000002,3500.0,-0.0,0.0,-0.0,-0.0
2021-11-19 07:00:00,-0.0,3325.3100000000004,2160.0,1328.3622000000005,3500.0,-0.0,0.0,-0.0,-0.0
2021-11-19 08:00:00,185.1322831248819,3346.92,2160.0,1304.5715168751194,3500.0,-0.0,0.0,-0.0,-0.0
2021-11-19 09:00:00,1635.4337470936055,3347.02,2160.0,-0.0,3412.244952906395,-0.0,0.0,-0.0,-0.0
2021-11-19 10:00:00,3362.278581719667,3311.77,2160.0,-0.0,1679.0891182803339,-0.0,0.0,-0.0,-0.0
2021-11-19 11:00:00,4690.479116779515,3231.6699999999996,2160.0,-0.0,338.9485832204855,-0.0,0.0,-0.0,-0.0
2021-11-19 12:00:00,5184.9650009787065,3103.0,2154.8417990212956,-0.0,-0.0,-0.0,0.0,112.58040000000119,106.95138000000112
2021-11-19 13:00:00,4690.479116779515,2928.42,2160.0,-0.0,504.7703832204852,-0.0,0.0,-0.0,106.94068486200112
2021-11-19 14:00:00,3362.278581719667,2716.7599999999998,2160.0,-0.0,2077.310318280334,-0.0,0.0,-0.0,106.92999079351492
2021-11-19 15:00:00,1635.4337470936055,2481.94,2160.0,575.3604200016794,3500.0,-0.0,101.5733329047138,-0.0,-0.0
2021-11-19 16:00:00,185.1322831248819,2241.24,2160.0,2612.7733168751183,3500.0,-0.0,0.0,-0.0,-0.0
2021-11-19 17:00:00,-0.0,2013.11,2160.0,3329.5570000000016,3500.0,-0.0,0.0,-0.0,-0.0
2021-11-19 18:00:00,-0.0,1814.78,2160.0,3788.191200000002,3500.0,-0.0,0.0,-0.0,-0.0
2021-11-19 19:00:00,-0.0,1660.07,2160.0,4048.826500000001,3500.0,-0.0,0.0,-0.0,-0.0
2021-11-19 20:00:00,-0.0,1557.6599999999999,2160.0,4053.542800000001,3500.0,-0.0,0.0,-0.0,-0.0
2021-11-19 21:00:00,-0.0,1510.02,2160.0,3847.688,3500.0,-0.0,0.0,-0.0,-0.0
2021-11-19 22:00:00,-0.0,1513.19,2160.0,3543.7720999999983,3500.0,-0.0,0.0,-0.0,-0.0
2021-11-19 23:00:00,-0.0,1557.3799999999999,2160.0,3248.5312999999996,3500.0,-0.0,0.0,-0.0,-0.0
2021-11-20 00:00:00,-0.0,1640.44,2160.0,1813.3204999999998,3500.0,-0.0,0.0,-0.0,-0.0
2021-11-20 01:00:00,-0.0,1721.78,2160.0,1544.1279000000004,3500.0,-0.0,0.0,-0.0,-0.0
2021-11-20 02:00:00,-0.0,1796.71,2160.0,1342.7248000000009,3500.0,-0.0,0.0,-0.0,-0.0
2021-11-20 03:00:00,-0.0,1850.7299999999998,2160.0,1289.674600000002,3500.0,-0.0,0.0,-0.0,-0.0
2021-11-20 04:00:00,-0.0,1873.52,2160.0,1424.4640999999992,3500.0,-0.0,0.0,-0.0,-0.0
2021-11-20 05:00:00,-0.0,1860.3500000000001,2160.0,1722.5265,3500.0,-0.0,0.0,-0.0,-0.0
2021-11-20 06:00:00,-0.0,1812.75,2160.0,2104.5008,3500.0,-0.0,0.0,-0.0,-0.0
2021-11-20 07:00:00,-0.0,1738.25,2160.0,2471.9922000000006,3500.0,-0.0,0.0,-0.0,-0.0
2021-11-20 08:00:00,166.9415771454041,1649.35,2160.0,2580.3693228545962,3500.0,-0.0,0.0,-0.0,-0.0
2021-11-20 09:00:00,1589.3655052020197,1561.82,2160.0,1306.9211947979811,3500.0,-0.0,0.0,-0.0,-0.0
2021-11-20 10:00:00,3296.7808802512277,1492.49,2160.0,-0.0,3130.549519748773,-0.0,0.0,-0.0,-0.0
2021-11-20 11:00:00,4613.218836107168,1456.8999999999999,2160.0,-0.0,1760.8374638928326,-0.0,0.0,-0.0,-0.0
2021-11-20 12:00:00,5103.787580552496,1467.1699999999998,2160.0,-0.0,1172.2019194475033,-0.0,0.0,-0.0,-0.0
2021-11-20 13:00:00,4613.218836107168,1530.23,2160.0,-0.0,1556.1216638928327,-0.0,0.0,-0.0,-0.0
2021-11-20 14:00:00,3296.7808802512277,1646.78,2160.0,-0.0,2791.5516197487736,-0.0,0.0,-0.0,-0.0
2021-11-20 15:00:00,1589.3655052020197,1811.1399999999999,2160.0,975.31769479798,3500.0,-0.0,0.0,-0.0,-0.0
2021-11-20 16:00:00,166.9415771454041,2011.82,2160.0,2444.538722854597,3500.0,-0.0,0.0,-0.0,-0.0
2021-11-20 17:00:00,-0.0,2233.05,2160.0,2696.297600000001,3500.0,-0.0,0.0,-0.0,-0.0
2021-11-20 18:00:00,-0.0,2456.69,2160.0,2735.3719999999994,3500.0,-0.0,0.0,-0.0,-0.0
2021-11-20 19:00:00,-0.0,2664.61,2160.0,2635.6666000000005,3500.0,-0.0,0.0,-0.0,-0.0
2021-11-20 20:00:00,-0.0,2840.98,2160.0,2363.773900000002,3500.0,-0.0,0.0,-0.0,-0.0
2021-11-20 21:00:00,-0.0,2974.31,2160.0,1978.9979000000003,3500.0,-0.0,0.0,-0.0,-0.0
2021-11-20 22:00:00,-0.0,3058.8199999999997,2160.0,1595.666000000001,3500.0,-0.0,0.0,-0.0,-0.0
2021-11-20 23:00:00,-0.0,3095.1600000000003,2160.0,1310.0744000000013,3500.0,-0.0,0.0,-0.0,-0.0
2021-11-21 00:00:00,-0.0,3102.06,2160.0,519.4954000000012,3500.0,-0.0,0.0,-0.0,-0.0
2021-11-21 01:00:00,-0.0,3067.74,2160.0,367.5072,3500.0,-0.0,0.0,-0.0,-0.0
2021-11-21 02:00:00,-0.0,3019.52,2160.0,290.6672000000003,3500.0,-0.0,0.0,-0.0,-0.0
2021-11-21 03:00:00,-0.0,2974.1,2160.0,338.3388,3500.0,-0.0,0.0,-0.0,-0.0
2021-11-21 04:00:00,-0.0,2947.1000000000004,2160.0,524.070099999999,3500.0,-0.0,0.0,-0.0,-0.0
2021-11-21 05:00:00,-0.0,2950.88,2160.0,806.1991000000007,3500.0,-0.0,0.0,-0.0,-0.0
2021-11-21 06:00:00,-0.0,2992.8100000000004,2160.0,1099.5274,3500.0,-0.0,0.0,-0.0,-0.0
2021-11-21 07:00:00,-0.0,3074.23,2160.0,1311.847600000001,3500.0,-0.0,0.0,-0.0,-0.0
2021-11-21 08:00:00,132.90375307337504,3190.24,2160.0,1249.9648469266267,3500.0,-0.0,0.0,-0.0,-0.0
2021-11-21 09:00:00,1368.5883663112165,3330.34,2160.0,-0.0,3436.1044336887844,-0.0,0.0,-0.0,-0.0
2021-11-21 10:00:00,2863.987157189799,3479.84,2160.0,-0.0,1753.2612428102016,-0.0,0.0,-0.0,-0.0
2021-11-21 11:00:00,4019.688463829531,3621.87,2160.0,-0.0,366.87123617046973,-0.0,0.0,-0.0,-0.0
2021-11-21 12:00:00,4450.76355577388,3739.6400000000003,2002.8773442261208,-0.0,-0.0,-0.0,0.0,112.58040000000119,106.95138000000112
2021-11-21 13:00:00,4019.688463829531,3818.82,2160.0,-0.0,38.53543617046944,-0.0,0.0,-0.0,106.94068486200112
2021-11-21 14:00:00,2863.987157189799,3849.42,2160.0,-0.0,1198.9733428102004,-0.0,0.0,-0.0,106.92999079351492
2021-11-21 15:00:00,1368.5883663112165,3827.31,2160.0,-0.0,2856.8509336887855,-0.0,0.0,-0.0,106.91929779443556
2021-11-21 16:00:00,132.90375307337504,3754.7599999999998,2160.0,829.7611712716953,3500.0,-0.0,82.3243756549309,-0.0,20.251368333149912
2021-11-21 17:00:00,-0.0,3640.28,2160.0,1464.9030000000002,3500.0,-0.0,0.0,-0.0,20.249343196316598
2021-11-21 18:00:00,-0.0,3497.5099999999998,2160.0,1869.6373000000003,3500.0,-0.0,0.0,-0.0,20.247318261996966
2021-11-21 19:00:00,-0.0,3343.53,2160.0,2130.949200000001,3500.0,-0.0,0.0,-0.0,20.245293530170766
2021-11-21 20:00:00,-0.0,3196.62,2160.0,2181.3185999999996,3500.0,-0.0,0.0,-0.0,20.24326900081775
2021-11-21 21:00:00,-0.0,3073.8900000000003,2160.0,2051.4520999999995,3500.0,-0.0,0.0,-0.0,20.24124467391767
2021-11-21 22:00:00,-0.0,2989.1499999999996,2160.0,1836.0884000000005,3500.0,-0.0,0.0,-0.0,20.239220549450277
2021-11-21 23:00:00,-0.0,2951.06,2160.0,1623.5137000000013,3500.0,-0.0,0.0,-0.0,20.23719662739533
2021-11-22 00:00:00,-0.0,2973.94,2160.0,1382.2077000000008,3500.0,-0.0,0.0,-0.0,20.235172907732593
2021-11-22 01:00:00,-0.0,3030.3999999999996,2160.0,1137.7677000000003,3500.0,-0.0,0.0,-0.0,20.23314939044182
2021-11-22 02:00:00,-0.0,3122.61,2160.0,918.6985000000004,3500.0,-0.0,0.0,-0.0,20.231126075502775
2021-11-22 03:00:00,-0.0,3236.6,2160.0,805.0360999999994,3500.0,-0.0,0.0,-0.0,20.229102962895226
2021-11-22 04:00:00,-0.0,3356.0499999999997,2160.0,842.2686000000012,3500.0,-0.0,0.0,-0.0,20.227080052598936
2021-11-22 05:00:00,-0.0,3464.58,2160.0,1017.4778999999999,3500.0,-0.0,0.0,-0.0,20.225057344593676
2021-11-22 06:00:00,-0.0,3547.99,2160.0,1267.0343000000012,3500.0,-0.0,0.0,-0.0,20.223034838859217
2021-11-22 07:00:00,-0.0,3596.32,2160.0,1510.035600000001,3500.0,-0.0,0.0,-0.0,20.22101253537533
2021-11-22 08:00:00,96.96873880716734,3605.2200000000003,2160.0,1588.6732611928337,3500.0,-0.0,0.0,-0.0,20.218990434121793
2021-11-22 09:00:00,1084.2999956847023,3576.6,2160.0,689.2459043152985,3500.0,-0.0,0.0,-0.0,20.21696853507838
2021-11-22 10:00:00,2288.9488093342443,3518.37,2160.0,-0.0,3002.130590665757,-0.0,0.0,-0.0,20.214946838224872
2021-11-22 11:00:00,3222.1320260814564,3443.46,2160.0,-0.0,2052.3373739185445,-0.0,0.0,-0.0,20.21292534354105
2021-11-22 12:00:00,3570.5119454442533,3368.01,2160.0,-0.0,1688.709054555748,-0.0,0.0,-0.0,20.210904051006693
2021-11-22 13:00:00,3222.1320260814564,3309.24,2160.0,-0.0,2049.1291739185463,-0.0,0.0,-0.0,20.208882960601592
2021-11-22 14:00:00,2288.9488093342443,3283.09,2160.0,-0.0,3040.6230906657565,-0.0,0.0,-0.0,20.206862072305533
2021-11-22 15:00:00,1084.2999956847023,3301.9900000000002,2160.0,863.466004315299,3500.0,-0.0,0.0,-0.0,20.204841386098302
2021-11-22 16:00:00,96.96873880716734,3373.2000000000003,2160.0,2023.2150611928319,3500.0,-0.0,0.0,-0.0,20.202820901959694
2021-11-22 17:00:00,-0.0,3497.73,2160.0,2297.6216999999997,3500.0,-0.0,0.0,-0.0,20.200800619869497
2021-11-22 18:00:00,-0.0,3670.14,2160.0,2383.619200000003,3500.0,-0.0,0.0,-0.0,20.19878053980751
2021-11-22 19:00:00,-0.0,3879.18,2160.0,2278.2671999999984,3500.0,-0.0,0.0,-0.0,20.19676066175353
2021-11-22 20:00:00,-0.0,4109.23,2160.0,1947.9469000000008,3500.0,-0.0,0.0,-0.0,20.194740985687353
2021-11-22 21:00:00,-0.0,4342.28,2160.0,1458.4901000000018,3500.0,-0.0,0.0,-0.0,20.192721511588786
2021-11-22 22:00:00,-0.0,4560.29,2160.0,936.4868000000015,3500.0,-0.0,0.0,-0.0,20.190702239437627
2021-11-22 23:00:00,-0.0,4747.46,2160.0,494.6858000000002,3500.0,-0.0,0.0,-0.0,20.188683169213682
2021-11-23 00:00:00,-0.0,4903.92,2160.0,-0.0,3048.5707,-0.0,0.0,-0.0,20.186664300896762
2021-11-23 01:00:00,-0.0,5000.55,2160.0,-0.0,2759.8566,-0.0,0.0,-0.0,20.184645634466673
2021-11-23 02:00:00,-0.0,5049.5199999999995,2160.0,-0.0,2579.857000000001,-0.0,0.0,-0.0,20.182627169903228
2021-11-23 03:00:00,-0.0,5057.5,2160.0,-0.0,2567.974399999999,-0.0,0.0,-0.0,20.180608907186237
2021-11-23 04:00:00,-0.0,5036.29,2160.0,-0.0,2741.578200000001,-0.0,0.0,-0.0,20.178590846295517
2021-11-23 05:00:00,-0.0,5001.07,2160.0,-0.0,3056.1942000000017,-0.0,0.0,-0.0,20.17657298721089
2021-11-23 06:00:00,-0.0,4968.25,2160.0,-0.0,3417.5879000000004,-0.0,0.0,-0.0,20.174555329912167
2021-11-23 07:00:00,-0.0,4953.11,2160.0,219.619700000002,3500.0,-0.0,0.0,-0.0,20.172537874379177
2021-11-23 08:00:00,80.16186567520808,4967.67,2160.0,304.91923432479143,3500.0,-0.0,0.0,-0.0,20.170520620591738
2021-11-23 09:00:00,977.4212280985311,5018.9,2160.0,-0.0,2911.1923719014694,-0.0,0.0,-0.0,20.16850356852968
2021-11-23 10:00:00,2081.150683360087,5107.75,2160.0,-0.0,1673.3586166399127,-0.0,0.0,-0.0,20.166486718172827
2021-11-23 11:00:00,2938.12265401291,5228.9,2160.0,-0.0,599.1276459870896,-0.0,0.0,-0.0,20.16447006950101
2021-11-23 12:00:00,3258.334878963313,5371.43,2160.0,-0.0,41.069421036687345,-0.0,0.0,-0.0,20.162453622494063
2021-11-23 13:00:00,2938.12265401291,5520.22,2160.0,-0.0,161.12084598709134,-0.0,0.0,-0.0,20.160437377131814
2021-11-23 14:00:00,2081.150683360087,5657.96,2160.0,-0.0,907.8543166399131,-0.0,0.0,-0.0,20.158421333394102
2021-11-23 15:00:00,977.4212280985311,5767.46,2160.0,-0.0,2034.5004719014687,-0.0,0.0,-0.0,20.156405491260763
2021-11-23 16:00:00,80.16186567520808,5833.98,2160.0,-0.0,3104.1798343247947,-0.0,0.0,-0.0,20.154389850711638
2021-11-23 17:00:00,-0.0,5847.16,2160.0,-0.0,3468.4339999999993,-0.0,0.0,-0.0,20.152374411726566
2021-11-23 18:00:00,-0.0,5802.509999999999,2160.0,266.7920000000022,3500.0,-0.0,0.0,-0.0,20.150359174285395
2021-11-23 19:00:00,-0.0,5701.99,2160.0,466.2979000000014,3500.0,-0.0,0.0,-0.0,20.148344138367968
2021-11-23 20:00:00,-0.0,5553.820000000001,2160.0,509.5020000000013,3500.0,-0.0,0.0,-0.0,20.146329303954133
2021-11-23 21:00:00,-0.0,5371.42,2160.0,430.8060999999998,3500.0,-0.0,0.0,-0.0,20.144314671023736
2021-11-23 22:00:00,-0.0,5171.67,2160.0,321.88800000000083,3500.0,-0.0,0.0,-0.0,20.142300239556633
2021-11-23 23:00:00,-0.0,4972.7,2160.0,261.5664999999999,3500.0,-0.0,0.0,-0.0,20.140286009532677
2021-11-24 00:00:00,-0.0,4803.07,2160.0,-0.0,3136.6950000000015,-0.0,0.0,-0.0,20.138271980931723
2021-11-24 01:00:00,-0.0,4653.5199999999995,2160.0,-0.0,3089.5433000000003,-0.0,0.0,-0.0,20.136258153733632
2021-11-24 02:00:00,-0.0,4544.26,2160.0,-0.0,3063.1859999999997,-0.0,0.0,-0.0,20.13424452791826
2021-11-24 03:00:00,-0.0,4477.92,2160.0,-0.0,3121.0643,-0.0,0.0,-0.0,20.132231103465468
2021-11-24 04:00:00,-0.0,4450.79,2160.0,-0.0,3296.0667000000003,-0.0,0.0,-0.0,20.130217880355122
2021-11-24 05:00:00,-0.0,4453.47,2160.0,68.29899999999998,3500.0,-0.0,0.0,-0.0,20.128204858567088
2021-11-24 06:00:00,-0.0,4472.2699999999995,2160.0,373.6319000000012,3500.0,-0.0,0.0,-0.0,20.126192038081232
2021-11-24 07:00:00,-0.0,4491.18,2160.0,637.2210000000014,3500.0,-0.0,0.0,-0.0,20.124179418877425
2021-11-24 08:00:00,82.2376149464859,4494.17,2160.0,727.6727850535126,3500.0,-0.0,0.0,-0.0,20.122167000935537
2021-11-24 09:00:00,1098.4619624871302,4467.48,2160.0,-0.0,3288.610937512871,-0.0,0.0,-0.0,20.120154784235442
2021-11-24 10:00:00,2358.810048249294,4401.6,2160.0,-0.0,2044.6583517507056,-0.0,0.0,-0.0,20.118142768757018
2021-11-24 11:00:00,3339.568099101116,4292.6900000000005,2160.0,-0.0,1072.5309008988843,-0.0,0.0,-0.0,20.11613095448014
2021-11-24 12:00:00,3706.350763347446,4143.18,2160.0,-0.0,755.8394366525549,-0.0,0.0,-0.0,20.114119341384693
2021-11-24 13:00:00,3339.568099101116,3961.58,2160.0,-0.0,1248.8148008988865,-0.0,0.0,-0.0,20.112107929450556
2021-11-24 14:00:00,2358.810048249294,3761.3999999999996,2160.0,-0.0,2453.288051750707,-0.0,0.0,-0.0,20.110096718657612
2021-11-24 15:00:00,1098.4619624871302,3559.3999999999996,2160.0,544.1645375128719,3500.0,-0.0,0.0,-0.0,20.108085708985747
2021-11-24 16:00:00,82.2376149464859,3373.43,2160.0,1981.487285053513,3500.0,-0.0,0.0,-0.0,20.10607490041485
2021-11-24 17:00:00,-0.0,3220.04,2160.0,2510.657500000002,3500.0,-0.0,0.0,-0.0,20.104064292924807
2021-11-24 18:00:00,-0.0,3112.32,2160.0,2868.441600000002,3500.0,-0.0,0.0,-0.0,20.102053886495515
2021-11-24 19:00:00,-0.0,3058.14,2160.0,3018.0520000000015,3500.0,-0.0,0.0,-0.0,20.100043681106865
2021-11-24 20:00:00,-0.0,3059.1200000000003,2160.0,2908.640300000001,3500.0,-0.0,0.0,-0.0,20.098033676738755
2021-11-24 21:00:00,-0.0,3110.42,2160.0,2592.8722000000016,3500.0,-0.0,0.0,-0.0,20.09602387337108
2021-11-24 22:00:00,-0.0,3201.3599999999997,2160.0,2189.9881000000014,3500.0,-0.0,0.0,-0.0,20.094014270983745
2021-11-24 23:00:00,-0.0,3316.8399999999997,2160.0,1812.0419999999995,3500.0,-0.0,0.0,-0.0,20.092004869556646
2021-11-25 00:00:00,-0.0,3450.74,2160.0,880.3567000000003,3500.0,-0.0,0.0,-0.0,20.08999566906969
2021-11-25 01:00:00,-0.0,3562.71,2160.0,568.7158000000009,3500.0,-0.0,0.0,-0.0,20.087986669502783
2021-11-25 02:00:00,-0.0,3648.75,2160.0,344.1972000000005,3500.0,-0.0,0.0,-0.0,20.085977870835833
2021-11-25 03:00:00,-0.0,3697.69,2160.0,284.04340000000093,3500.0,-0.0,0.0,-0.0,20.08396927304875
2021-11-25 04:00:00,-0.0,3704.02,2160.0,422.94550000000027,3500.0,-0.0,0.0,-0.0,20.081960876121446
2021-11-25 05:00:00,-0.0,3668.5,2160.0,730.8531999999996,3500.0,-0.0,0.0,-0.0,20.079952680033834
2021-11-25 06:00:00,-0.0,3598.0299999999997,2160.0,1123.0459,3500.0,-0.0,0.0,-0.0,20.077944684765832
2021-11-25 07:00:00,-0.0,3504.51,2160.0,1496.7744000000002,3500.0,-0.0,0.0,-0.0,20.075936890297356
2021-11-25 08:00:00,85.51863798818313,3403.21,2160.0,1686.0641620118176,3500.0,-0.0,0.0,-0.0,20.073929296608327
2021-11-25 09:00:00,1257.4241808746651,3310.56,2160.0,655.2336191253362,3500.0,-0.0,0.0,-0.0,20.071921903678668
2021-11-25 10:00:00,2722.758087146675,3241.82,2160.0,-0.0,2707.2312128533263,-0.0,0.0,-0.0,20.0699147114883
2021-11-25 11:00:00,3865.5585004659924,3208.89,2160.0,-0.0,1495.2821995340082,-0.0,0.0,-0.0,20.06790772001715
2021-11-25 12:00:00,4293.296769657051,3218.62,2160.0,-0.0,956.7220303429494,-0.0,0.0,-0.0,20.06590092924515
2021-11-25 13:00:00,3865.5585004659924,3271.76,2160.0,-0.0,1274.3698995340083,-0.0,0.0,-0.0,20.063894339152224
2021-11-25 14:00:00,2722.758087146675,3362.7400000000002,2160.0,-0.0,2348.3137128533267,-0.0,0.0,-0.0,20.061887949718308
2021-11-25 15:00:00,1257.4241808746651,3480.36,2160.0,323.2729191253361,3500.0,-0.0,0.0,-0.0,20.059881760923336
2021-11-25 16:00:00,85.51863798818313,3609.1800000000003,2160.0,1600.336362011818,3500.0,-0.0,0.0,-0.0,20.057875772747245
2021-11-25 17:00:00,-0.0,3731.55,2160.0,1856.0096999999996,3500.0,-0.0,0.0,-0.0,20.05586998516997
2021-11-25 18:00:00,-0.0,3829.9,2160.0,2006.8398000000016,3500.0,-0.0,0.0,-0.0,20.053864398171452
2021-11-25 19:00:00,-0.0,3889.07,2160.0,2042.3513999999996,3500.0,-0.0,0.0,-0.0,20.051859011731636
2021-11-25 20:00:00,-0.0,3898.32,2160.0,1924.0560999999998,3500.0,-0.0,0.0,-0.0,20.049853825830464
2021-11-25 21:00:00,-0.0,3852.7200000000003,2160.0,1704.7108999999991,3500.0,-0.0,0.0,-0.0,20.04784884044788
2021-11-25 22:00:00,-0.0,3753.8100000000004,2160.0,1491.3349000000007,3500.0,-0.0,0.0,-0.0,20.045844055563837
2021-11-25 23:00:00,-0.0,3609.3999999999996,2160.0,1373.0734000000011,3500.0,-0.0,0.0,-0.0,20.043839471158282
2021-11-26 00:00:00,-0.0,3443.73,2160.0,740.6760000000013,3500.0,-0.0,0.0,-0.0,20.041835087211165
2021-11-26 01:00:00,-0.0,3250.81,2160.0,733.9940000000006,3500.0,-0.0,0.0,-0.0,20.039830903702445
2021-11-26 02:00:00,-0.0,3059.65,2160.0,786.8795000000009,3500.0,-0.0,0.0,-0.0,20.037826920612076
2021-11-26 03:00:00,-0.0,2886.95,2160.0,948.7076000000006,3500.0,-0.0,0.0,-0.0,20.035823137920016
2021-11-26 04:00:00,-0.0,2746.1400000000003,2160.0,1235.2267999999995,3500.0,-0.0,0.0,-0.0,20.033819555606225
2021-11-26 05:00:00,-0.0,2645.67,2160.0,1608.6980999999996,3500.0,-0.0,0.0,-0.0,20.031816173650665
2021-11-26 06:00:00,-0.0,2587.93,2160.0,1988.9109000000008,3500.0,-0.0,0.0,-0.0,20.0298129920333
2021-11-26 07:00:00,-0.0,2569.0099999999998,2160.0,2288.9221,3500.0,-0.0,0.0,-0.0,20.027810010734097
2021-11-26 08:00:00,80.23998527143897,2579.36,2160.0,2372.858414728562,3500.0,-0.0,0.0,-0.0,20.025807229733022
2021-11-26 09:00:00,1305.4565726143414,2605.2,2160.0,1171.3773273856568,3500.0,-0.0,0.0,-0.0,20.02380464901005
2021-11-26 10:00:00,2849.9925895221513,2630.47,2160.0,-0.0,3051.444610477849,-0.0,0.0,-0.0,20.021802268545148
2021-11-26 11:00:00,4057.1412302510817,2639.12,2160.0,-0.0,1734.980469748919,-0.0,0.0,-0.0,20.019800088318295
2021-11-26 12:00:00,4509.342093004727,2617.4500000000003,2160.0,-0.0,1204.9021069952723,-0.0,0.0,-0.0,20.017798108309464
2021-11-26 13:00:00,4057.1412302510817,2556.0699999999997,2160.0,-0.0,1663.204369748919,-0.0,0.0,-0.0,20.015796328498634
2021-11-26 14:00:00,2849.9925895221513,2451.25,2160.0,-0.0,2999.094310477849,-0.0,0.0,-0.0,20.013794748865784
2021-11-26 15:00:00,1305.4565726143414,2305.64,2160.0,1318.4096273856612,3500.0,-0.0,0.0,-0.0,20.011793369390897
2021-11-26 16:00:00,80.23998527143897,2127.96,2160.0,2957.332914728563,3500.0,-0.0,0.0,-0.0,20.009792190053957
2021-11-26 17:00:00,-0.0,1932.0,2160.0,3528.228600000002,3500.0,-0.0,0.0,-0.0,20.007791210834952
2021-11-26 18:00:00,-0.0,1734.82,2160.0,3976.8793000000005,3500.0,-0.0,0.0,-0.0,20.00579043171387
2021-11-26 19:00:00,-0.0,1554.6,2160.0,4254.191100000002,3500.0,-0.0,0.0,-0.0,20.0037898526707
2021-11-26 20:00:00,-0.0,1408.27,2160.0,4275.0,3500.0,-0.0,19.001700000001165,-0.0,-0.0
2021-11-26 21:00:00,-0.0,1309.28,2160.0,4130.6855000000005,3500.0,-0.0,0.0,-0.0,-0.0
2021-11-26 22:00:00,-0.0,1265.91,2160.0,3864.521600000002,3500.0,-0.0,0.0,-0.0,-0.0
2021-11-26 23:00:00,-0.0,1280.1799999999998,2160.0,3590.4413999999997,3500.0,-0.0,0.0,-0.0,-0.0
2021-11-27 00:00:00,-0.0,1358.75,2160.0,2149.561099999999,3500.0,-0.0,0.0,-0.0,-0.0
2021-11-27 01:00:00,-0.0,1469.1299999999999,2160.0,1842.6523000000007,3500.0,-0.0,0.0,-0.0,-0.0
2021-11-27 02:00:00,-0.0,1607.72,2160.0,1568.9636999999993,3500.0,-0.0,0.0,-0.0,-0.0
2021-11-27 03:00:00,-0.0,1757.4,2160.0,1411.6877999999997,3500.0,-0.0,0.0,-0.0,-0.0
2021-11-27 04:00:00,-0.0,1900.92,2160.0,1417.2479000000003,3500.0,-0.0,0.0,-0.0,-0.0
2021-11-27 05:00:00,-0.0,2023.22,2160.0,1571.415,3500.0,-0.0,0.0,-0.0,-0.0
2021-11-27 06:00:00,-0.0,2113.44,2160.0,1807.2245999999996,3500.0,-0.0,0.0,-0.0,-0.0
2021-11-27 07:00:00,-0.0,2166.2999999999997,2160.0,2039.0997000000007,3500.0,-0.0,0.0,-0.0,-0.0
2021-11-27 08:00:00,72.77398386022996,2182.79,2160.0,2128.091716139771,3500.0,-0.0,0.0,-0.0,-0.0
2021-11-27 09:00:00,1317.6990293379533,2169.94,2160.0,949.4024706620457,3500.0,-0.0,0.0,-0.0,-0.0
2021-11-27 10:00:00,2899.844051859776,2139.79,2160.0,-0.0,2851.170348140225,-0.0,0.0,-0.0,-0.0
2021-11-27 11:00:00,4138.954767389457,2107.67,2160.0,-0.0,1547.4791326105433,-0.0,0.0,-0.0,-0.0
2021-11-27 12:00:00,4603.498526347582,2090.0,2160.0,-0.0,1005.0943736524196,-0.0,0.0,-0.0,-0.0
2021-11-27 13:00:00,4138.954767389457,2101.98,2160.0,-0.0,1406.4836326105442,-0.0,0.0,-0.0,-0.0
2021-11-27 14:00:00,2899.844051859776,2155.4100000000003,2160.0,-0.0,2620.254748140224,-0.0,0.0,-0.0,-0.0
2021-11-27 15:00:00,1317.6990293379533,2256.9700000000003,2160.0,734.2405706620475,3500.0,-0.0,0.0,-0.0,-0.0
2021-11-27 16:00:00,72.77398386022996,2407.18,2160.0,2069.27101613977,3500.0,-0.0,0.0,-0.0,-0.0
2021-11-27 17:00:00,-0.0,2600.19,2160.0,2248.0739999999987,3500.0,-0.0,0.0,-0.0,-0.0
2021-11-27 18:00:00,-0.0,2824.4700000000003,2160.0,2279.658700000001,3500.0,-0.0,0.0,-0.0,-0.0
2021-11-27 19:00:00,-0.0,3064.1800000000003,2160.0,2141.4787000000015,3500.0,-0.0,0.0,-0.0,-0.0
2021-11-27 20:00:00,-0.0,3301.24,2160.0,1802.3829999999998,3500.0,-0.0,0.0,-0.0,-0.0
2021-11-27 21:00:00,-0.0,3517.6200000000003,2160.0,1328.2194999999992,3500.0,-0.0,0.0,-0.0,-0.0
2021-11-27 22:00:00,-0.0,3697.62,2160.0,843.2434000000003,3500.0,-0.0,0.0,-0.0,-0.0
2021-11-27 23:00:00,-0.0,3829.96,2160.0,455.6822000000002,3500.0,-0.0,0.0,-0.0,-0.0
2021-11-28 00:00:00,-0.0,3920.1000000000004,2160.0,-0.0,3074.6183,-0.0,0.0,-0.0,-0.0
2021-11-28 01:00:00,-0.0,3947.0499999999997,2160.0,-0.0,2855.7792000000004,-0.0,0.0,-0.0,-0.0
2021-11-28 02:00:00,-0.0,3928.95,2160.0,-0.0,2743.441100000001,-0.0,0.0,-0.0,-0.0
2021-11-28 03:00:00,-0.0,3878.19,2160.0,-0.0,2791.281299999999,-0.0,0.0,-0.0,-0.0
2021-11-28 04:00:00,-0.0,3810.6299999999997,2160.0,-0.0,3012.610500000002,-0.0,0.0,-0.0,-0.0
2021-11-28 05:00:00,-0.0,3743.39,2160.0,-0.0,3361.013200000001,-0.0,0.0,-0.0,-0.0
2021-11-28 06:00:00,-0.0,3692.57,2160.0,242.56360000000086,3500.0,-0.0,0.0,-0.0,-0.0
2021-11-28 07:00:00,-0.0,3671.0,2160.0,553.5695000000014,3500.0,-0.0,0.0,-0.0,-0.0
2021-11-28 08:00:00,69.91703862664326,3686.54,2160.0,651.0640613733567,3500.0,-0.0,0.0,-0.0,-0.0
2021-11-28 09:00:00,1417.4689136671136,3741.02,2160.0,-0.0,2807.1057863328856,-0.0,0.0,-0.0,-0.0
2021-11-28 10:00:00,3143.8785105427455,3830.0299999999997,2160.0,-0.0,950.1251894572547,-0.0,0.0,-0.0,-0.0
2021-11-28 11:00:00,4498.740147801964,3943.53,1662.3052521980353,-0.0,-0.0,-0.0,0.0,112.58040000000119,106.95138000000112
2021-11-28 12:00:00,5007.064360476341,4067.2999999999997,939.3397395236607,-0.0,-0.0,-0.0,0.0,112.58040000000119,213.89206486200226
2021-11-28 13:00:00,4498.740147801964,4184.88,1283.5270521980374,-0.0,-0.0,-0.0,0.0,112.58040000000119,320.8220556555172
2021-11-28 14:00:00,3143.8785105427455,4279.91,2160.0,-0.0,303.4576894572542,-0.0,0.0,-0.0,320.7899734499517
2021-11-28 15:00:00,1417.4689136671136,4338.389999999999,2160.0,-0.0,2109.3458863328865,-0.0,0.0,-0.0,320.7578944526067
2021-11-28 16:00:00,69.91703862664326,4350.7,2160.0,76.84546137335656,3500.0,-0.0,112.58040000000119,-0.0,202.2201344526339
2021-11-28 17:00:00,-0.0,4312.96,2160.0,488.02389999999923,3500.0,-0.0,112.58040000000119,-0.0,83.6942282286611
2021-11-28 18:00:00,-0.0,4227.7,2160.0,866.6669341344559,3500.0,-0.0,79.50156586554633,-0.0,-0.0
2021-11-28 19:00:00,-0.0,4103.58,2160.0,1176.2125000000015,3500.0,-0.0,0.0,-0.0,-0.0
2021-11-28 20:00:00,-0.0,3954.41,2160.0,1227.6888,3500.0,-0.0,0.0,-0.0,-0.0
2021-11-28 21:00:00,-0.0,3797.33,2160.0,1131.2753000000012,3500.0,-0.0,0.0,-0.0,-0.0
2021-11-28 22:00:00,-0.0,3650.62,2160.0,977.2394000000013,3500.0,-0.0,0.0,-0.0,-0.0
2021-11-28 23:00:00,-0.0,3531.39,2160.0,845.4186000000009,3500.0,-0.0,0.0,-0.0,-0.0
2021-11-29 00:00:00,-0.0,3464.1499999999996,2160.0,692.6037000000015,3500.0,-0.0,0.0,-0.0,-0.0
2021-11-29 01:00:00,-0.0,3435.8,2160.0,533.101099999999,3500.0,-0.0,0.0,-0.0,-0.0
2021-11-29 02:00:00,-0.0,3459.5,2160.0,382.9280000000017,3500.0,-0.0,0.0,-0.0,-0.0
2021-11-29 03:00:00,-0.0,3531.14,2160.0,312.25650000000087,3500.0,-0.0,0.0,-0.0,-0.0
2021-11-29 04:00:00,-0.0,3640.83,2160.0,360.14730000000054,3500.0,-0.0,0.0,-0.0,-0.0
2021-11-29 05:00:00,-0.0,3774.2799999999997,2160.0,511.58969999999954,3500.0,-0.0,0.0,-0.0,-0.0
2021-11-29 06:00:00,-0.0,3914.7799999999997,2160.0,705.462700000001,3500.0,-0.0,0.0,-0.0,-0.0
2021-11-29 07:00:00,-0.0,4045.5299999999997,2160.0,867.7053999999998,3500.0,-0.0,0.0,-0.0,-0.0
2021-11-29 08:00:00,67.20517264319963,4151.92,2160.0,880.5276273568015,3500.0,-0.0,0.0,-0.0,-0.0
2021-11-29 09:00:00,1535.8647417261814,4223.53,2160.0,-0.0,2901.70515827382,-0.0,0.0,-0.0,-0.0
2021-11-29 10:00:00,3432.474618904277,4255.53,2160.0,-0.0,934.8089810957226,-0.0,0.0,-0.0,-0.0
2021-11-29 11:00:00,4923.83351066349,4249.34,1633.3563893365108,-0.0,-0.0,-0.0,0.0,112.58040000000119,106.95138000000112
2021-11-29 12:00:00,5483.783616504165,4212.41,1022.5381834958362,-0.0,-0.0,-0.0,0.0,112.58040000000119,213.89206486200226
2021-11-29 13:00:00,4923.83351066349,4157.17,1594.1405893365109,-0.0,-0.0,-0.0,0.0,112.58040000000119,320.8220556555172
2021-11-29 14:00:00,3432.474618904277,4099.3099999999995,2160.0,-0.0,906.3210810957235,-0.0,0.0,-0.0,320.7899734499517
2021-11-29 15:00:00,1535.8647417261814,4055.58,2160.0,-0.0,2987.3716582738202,-0.0,0.0,-0.0,320.7578944526067
2021-11-29 16:00:00,67.20517264319963,4041.5,2160.0,1105.0079273568008,3500.0,-0.0,112.58040000000119,-0.0,202.2201344526339
2021-11-29 17:00:00,-0.0,4069.11,2160.0,1450.6503999999986,3500.0,-0.0,112.58040000000119,-0.0,83.6942282286611
2021-11-29 18:00:00,-0.0,4145.3,2160.0,1670.252334134454,3500.0,-0.0,79.50156586554633,-0.0,-0.0
2021-11-29 19:00:00,-0.0,4270.75,2160.0,1732.5198,3500.0,-0.0,0.0,-0.0,-0.0
2021-11-29 20:00:00,-0.0,4439.74,2160.0,1468.0071000000007,3500.0,-0.0,0.0,-0.0,-0.0
2021-11-29 21:00:00,-0.0,4640.8,2160.0,1015.4998000000005,3500.0,-0.0,0.0,-0.0,-0.0
2021-11-29 22:00:00,-0.0,4858.12,2160.0,499.3592000000017,3500.0,-0.0,0.0,-0.0,-0.0
2021-11-29 23:00:00,-0.0,5073.58,2160.0,34.64630000000034,3500.0,-0.0,0.0,-0.0,-0.0
2021-11-30 00:00:00,-0.0,5279.7300000000005,2160.0,-0.0,2542.889399999999,-0.0,0.0,-0.0,-0.0
2021-11-30 01:00:00,-0.0,5439.429999999999,2160.0,-0.0,2196.8812000000007,-0.0,0.0,-0.0,-0.0
2021-11-30 02:00:00,-0.0,5551.88,2160.0,-0.0,1959.3699000000006,-0.0,0.0,-0.0,-0.0
2021-11-30 03:00:00,-0.0,5611.35,2160.0,-0.0,1902.1527999999998,-0.0,0.0,-0.0,-0.0
2021-11-30 04:00:00,-0.0,5618.54,2160.0,-0.0,2053.6928000000016,-0.0,0.0,-0.0,-0.0
2021-11-30 05:00:00,-0.0,5580.34,2160.0,-0.0,2377.803099999999,-0.0,0.0,-0.0,-0.0
2021-11-30 06:00:00,-0.0,5508.83,2160.0,-0.0,2784.570100000001,-0.0,0.0,-0.0,-0.0
2021-11-30 07:00:00,-0.0,5419.509999999999,2160.0,-0.0,3167.6315999999997,-0.0,0.0,-0.0,-0.0
2021-11-30 08:00:00,57.33978363347057,5329.17,2160.0,-0.0,3387.662816366529,-0.0,0.0,-0.0,-0.0
2021-11-30 09:00:00,1488.1894681407034,5253.5,2160.0,-0.0,2094.4073318592978,-0.0,0.0,-0.0,-0.0
2021-11-30 10:00:00,3350.582962169671,5204.97,2160.0,-0.0,242.5994378303294,-0.0,0.0,-0.0,-0.0
2021-11-30 11:00:00,4817.8252185781785,5191.0599999999995,973.1888814218219,-0.0,-0.0,-0.0,0.0,112.58040000000119,106.95138000000112
2021-11-30 12:00:00,5369.115209179543,5213.21,312.018390820459,-0.0,-0.0,-0.0,0.0,112.58040000000119,213.89206486200226
2021-11-30 13:00:00,4817.8252185781785,5266.650000000001,766.2117814218227,-0.0,-0.0,-0.0,0.0,112.58040000000119,320.8220556555172
2021-11-30 14:00:00,3350.582962169671,5340.99,2160.0,-0.0,-0.0,-0.0,0.0,78.12846216967137,395.01201251113946
2021-11-30 15:00:00,1488.1894681407034,5421.679999999999,2160.0,-0.0,1843.943831859297,-0.0,0.0,-0.0,394.9725113098884
2021-11-30 16:00:00,57.33978363347057,5491.96,2160.0,-0.0,3451.512216366529,-0.0,0.0,-0.0,394.9330140587574
2021-11-30 17:00:00,-0.0,5535.2,2160.0,158.46530000000075,3500.0,-0.0,112.58040000000119,-0.0,276.387836546824
2021-11-30 18:00:00,-0.0,5537.18,2160.0,418.450899999998,3500.0,-0.0,112.58040000000119,-0.0,157.8545135526418
2021-11-30 19:00:00,-0.0,5488.09,2160.0,675.0936542689187,3500.0,-0.0,12.359545731080779,-0.0,144.82867996330677
2021-11-30 20:00:00,-0.0,5383.91,2160.0,695.0926000000018,3500.0,-0.0,0.0,-0.0,144.81419709531045
2021-11-30 21:00:00,-0.0,5227.08,2160.0,599.3261000000002,3500.0,-0.0,0.0,-0.0,144.7997156756009
2021-11-30 22:00:00,-0.0,5026.24,2160.0,500.0624000000007,3500.0,-0.0,0.0,-0.0,144.78523570403334
2021-11-30 23:00:00,-0.0,4795.19,2160.0,480.44640000000163,3500.0,-0.0,0.0,-0.0,144.77075718046294
2021-12-01 00:00:00,-0.0,4561.69,2160.0,-0.0,3426.558500000002,-0.0,0.0,-0.0,144.7562801047449
2021-12-01 01:00:00,-0.0,4323.1,2160.0,-0.0,3477.1684999999998,-0.0,0.0,-0.0,144.74180447673442
2021-12-01 02:00:00,-0.0,4107.24,2160.0,66.16930000000139,3500.0,-0.0,0.0,-0.0,144.72733029628674
2021-12-01 03:00:00,-0.0,3928.05,2160.0,245.6868999999997,3500.0,-0.0,0.0,-0.0,144.7128575632571
2021-12-01 04:00:00,-0.0,3794.3500000000004,2160.0,536.0694000000003,3500.0,-0.0,0.0,-0.0,144.6983862775008
2021-12-01 05:00:00,-0.0,3708.8399999999997,2160.0,905.3186999999998,3500.0,-0.0,0.0,-0.0,144.68391643887304
2021-12-01 06:00:00,-0.0,3667.82,2160.0,1279.3051000000014,3500.0,-0.0,0.0,-0.0,144.66944804722917
2021-12-01 07:00:00,-0.0,3661.83,2160.0,1576.626400000001,3500.0,-0.0,0.0,-0.0,144.65498110242444
2021-12-01 08:00:00,42.162262080041224,3677.07,2160.0,1703.7305379199588,3500.0,-0.0,0.0,-0.0,144.6405156043142
2021-12-01 09:00:00,1252.737005100812,3697.35,2160.0,532.1596948991892,3500.0,-0.0,0.0,-0.0,144.62605155275378
2021-12-01 10:00:00,2840.7186774553134,3706.4399999999996,2160.0,-0.0,2394.3915225446885,-0.0,0.0,-0.0,144.6115889475985
2021-12-01 11:00:00,4094.0471594990163,3690.29,2160.0,-0.0,1065.6930405009848,-0.0,0.0,-0.0,144.59712778870374
2021-12-01 12:00:00,4565.298043790679,3639.0899999999997,2160.0,-0.0,554.9437562093226,-0.0,0.0,-0.0,144.5826680759249
2021-12-01 13:00:00,4094.0471594990163,3548.62,2160.0,-0.0,1069.9348405009846,-0.0,0.0,-0.0,144.5682098091173
2021-12-01 14:00:00,2840.7186774553134,3420.94,2160.0,-0.0,2483.1040225446873,-0.0,0.0,-0.0,144.55375298813638
2021-12-01 15:00:00,1252.737005100812,3264.1,2160.0,865.019794899189,3500.0,-0.0,0.0,-0.0,144.53929761283757
2021-12-01 16:00:00,42.162262080041224,3091.16,2160.0,2492.162337919959,3500.0,-0.0,0.0,-0.0,144.52484368307628
2021-12-01 17:00:00,-0.0,2918.42,2160.0,3009.0324999999993,3500.0,-0.0,0.0,-0.0,144.51039119870796
2021-12-01 18:00:00,-0.0,2763.23,2160.0,3422.630000000001,3500.0,-0.0,0.0,-0.0,144.4959401595881
2021-12-01 19:00:00,-0.0,2641.64,2160.0,3647.9079999999994,3500.0,-0.0,0.0,-0.0,144.48149056557213
2021-12-01 20:00:00,-0.0,2566.25,2160.0,3623.0277000000006,3500.0,-0.0,0.0,-0.0,144.46704241651557
2021-12-01 21:00:00,-0.0,2544.44,2160.0,3388.430900000001,3500.0,-0.0,0.0,-0.0,144.4525957122739
2021-12-01 22:00:00,-0.0,2577.35,2160.0,3051.5276000000013,3500.0,-0.0,0.0,-0.0,144.43815045270267
2021-12-01 23:00:00,-0.0,2659.67,2160.0,2714.5766000000003,3500.0,-0.0,0.0,-0.0,144.4237066376574
2021-12-02 00:00:00,-0.0,2790.66,2160.0,1791.9230000000007,3500.0,-0.0,0.0,-0.0,144.40926426699363
2021-12-02 01:00:00,-0.0,2934.0899999999997,2160.0,1456.4089000000004,3500.0,-0.0,0.0,-0.0,144.39482334056694
2021-12-02 02:00:00,-0.0,3082.46,2160.0,1177.0093000000006,3500.0,-0.0,0.0,-0.0,144.38038385823288
2021-12-02 03:00:00,-0.0,3217.83,2160.0,1037.7367000000013,3500.0,-0.0,0.0,-0.0,144.36594581984704
2021-12-02 04:00:00,-0.0,3324.56,2160.0,1083.4005000000016,3500.0,-0.0,0.0,-0.0,144.35150922526506
2021-12-02 05:00:00,-0.0,3391.23,2160.0,1296.1265000000003,3500.0,-0.0,0.0,-0.0,144.33707407434252
2021-12-02 06:00:00,-0.0,3412.15,2160.0,1603.7789000000012,3500.0,-0.0,0.0,-0.0,144.3226403669351
2021-12-02 07:00:00,-0.0,3387.9700000000003,2160.0,1914.8507,3500.0,-0.0,0.0,-0.0,144.30820810289842
2021-12-02 08:00:00,29.864005644835974,3325.48,2160.0,2127.4993943551644,3500.0,-0.0,0.0,-0.0,144.29377728208814
2021-12-02 09:00:00,1025.0183820877783,3236.5899999999997,2160.0,1275.997517912222,3500.0,-0.0,0.0,-0.0,144.27934790435992
2021-12-02 10:00:00,2340.407303365761,3136.61,2160.0,15.334296634238399,3500.0,-0.0,0.0,-0.0,144.2649199695695
2021-12-02 11:00:00,3380.4246479298695,3042.04,2160.0,-0.0,2473.7766520701302,-0.0,0.0,-0.0,144.25049347757255
2021-12-02 12:00:00,3771.714545508061,2968.31,2160.0,-0.0,2060.9020544919404,-0.0,0.0,-0.0,144.2360684282248
2021-12-02 13:00:00,3380.4246479298695,2927.5,2160.0,-0.0,2441.6311520701306,-0.0,0.0,-0.0,144.22164482138197
2021-12-02 14:00:00,2340.407303365761,2926.73,2160.0,9.918696634241769,3500.0,-0.0,0.0,-0.0,144.20722265689983
2021-12-02 15:00:00,1025.0183820877783,2967.0299999999997,2160.0,1417.4256179122222,3500.0,-0.0,0.0,-0.0,144.19280193463413
2021-12-02 16:00:00,29.864005644835974,3043.18,2160.0,2575.3699943551646,3500.0,-0.0,0.0,-0.0,144.17838265444067
2021-12-02 17:00:00,-0.0,3144.3399999999997,2160.0,2801.345000000001,3500.0,-0.0,0.0,-0.0,144.16396481617522
2021-12-02 18:00:00,-0.0,3255.49,2160.0,2943.903000000002,3500.0,-0.0,0.0,-0.0,144.14954841969362
2021-12-02 19:00:00,-0.0,3359.39,2160.0,2938.990200000002,3500.0,-0.0,0.0,-0.0,144.13513346485163
2021-12-02 20:00:00,-0.0,3438.9399999999996,2160.0,2754.4743000000008,3500.0,-0.0,0.0,-0.0,144.12071995150515
2021-12-02 21:00:00,-0.0,3479.4599999999996,2160.0,2452.858400000001,3500.0,-0.0,0.0,-0.0,144.10630787951
2021-12-02 22:00:00,-0.0,3470.65,2160.0,2152.999,3500.0,-0.0,0.0,-0.0,144.09189724872206
2021-12-02 23:00:00,-0.0,3408.08,2160.0,1956.2788,3500.0,-0.0,0.0,-0.0,144.0774880589972
2021-12-03 00:00:00,-0.0,3303.97,2160.0,1263.8398000000016,3500.0,-0.0,0.0,-0.0,144.0630803101913
2021-12-03 01:00:00,-0.0,3146.16,2160.0,1224.9481000000014,3500.0,-0.0,0.0,-0.0,144.04867400216028
2021-12-03 02:00:00,-0.0,2958.31,2160.0,1277.180800000002,3500.0,-0.0,0.0,-0.0,144.03426913476008
2021-12-03 03:00:00,-0.0,2757.3199999999997,2160.0,1469.7091,3500.0,-0.0,0.0,-0.0,144.0198657078466
2021-12-03 04:00:00,-0.0,2561.3399999999997,2160.0,1813.5614999999998,3500.0,-0.0,0.0,-0.0,144.00546372127582
2021-12-03 05:00:00,-0.0,2387.4300000000003,2160.0,2262.3837999999996,3500.0,-0.0,0.0,-0.0,143.9910631749037
2021-12-03 06:00:00,-0.0,2249.35,2160.0,2724.5967,3500.0,-0.0,0.0,-0.0,143.97666406858622
2021-12-03 07:00:00,-0.0,2155.7799999999997,2160.0,3100.6657999999998,3500.0,-0.0,0.0,-0.0,143.96226640217935
2021-12-03 08:00:00,24.04967569679429,2109.35,2160.0,3298.725524303206,3500.0,-0.0,0.0,-0.0,143.94787017553912
2021-12-03 09:00:00,962.5450249877065,2106.3,2160.0,2413.7539750122933,3500.0,-0.0,0.0,-0.0,143.93347538852157
2021-12-03 10:00:00,2212.3581252010194,2137.21,2160.0,1083.5450747989817,3500.0,-0.0,0.0,-0.0,143.91908204098272
2021-12-03 11:00:00,3202.1892091579434,2188.32,2160.0,-0.0,3442.324590842057,-0.0,0.0,-0.0,143.90469013277863
2021-12-03 12:00:00,3574.842003063908,2243.59,2160.0,-0.0,2914.982996936091,-0.0,0.0,-0.0,143.89029966376535
2021-12-03 13:00:00,3202.1892091579434,2286.91,2160.0,-0.0,3188.908490842057,-0.0,0.0,-0.0,143.87591063379898
2021-12-03 14:00:00,2212.3581252010194,2304.44,2160.0,684.7447747989809,3500.0,-0.0,0.0,-0.0,143.8615230427356
2021-12-03 15:00:00,962.5450249877065,2286.61,2160.0,2080.9162750122923,3500.0,-0.0,0.0,-0.0,143.84713689043133
2021-12-03 16:00:00,24.04967569679429,2229.48,2160.0,3311.6700243032074,3500.0,-0.0,0.0,-0.0,143.83275217674228
2021-12-03 17:00:00,-0.0,2135.39,2160.0,3723.3523000000005,3500.0,-0.0,0.0,-0.0,143.8183689015246
2021-12-03 18:00:00,-0.0,2012.73,2160.0,4096.0764,3500.0,-0.0,0.0,-0.0,143.80398706463444
2021-12-03 19:00:00,-0.0,1874.8999999999999,2160.0,4275.0,3500.0,-0.0,54.3367999999989,-0.0,86.59297508698175
2021-12-03 20:00:00,-0.0,1738.5500000000002,2160.0,4275.0,3500.0,-0.0,82.2550999999994,-0.0,-0.0
2021-12-03 21:00:00,-0.0,1621.39,2160.0,4209.946999999999,3500.0,-0.0,0.0,-0.0,-0.0
2021-12-03 22:00:00,-0.0,1539.8500000000001,2160.0,3979.5428999999986,3500.0,-0.0,0.0,-0.0,-0.0
2021-12-03 23:00:00,-0.0,1506.8899999999999,2160.0,3750.0368000000017,3500.0,-0.0,0.0,-0.0,-0.0
2021-12-04 00:00:00,-0.0,1540.27,2160.0,2349.7939000000006,3500.0,-0.0,0.0,-0.0,-0.0
2021-12-04 01:00:00,-0.0,1621.39,2160.0,2069.0029999999997,3500.0,-0.0,0.0,-0.0,-0.0
2021-12-04 02:00:00,-0.0,1755.28,2160.0,1796.6331000000018,3500.0,-0.0,0.0,-0.0,-0.0
2021-12-04 03:00:00,-0.0,1931.1200000000001,2160.0,1609.5806000000002,3500.0,-0.0,0.0,-0.0,-0.0
2021-12-04 04:00:00,-0.0,2133.66,2160.0,1552.2727000000014,3500.0,-0.0,0.0,-0.0,-0.0
2021-12-04 05:00:00,-0.0,2345.23,2160.0,1613.089100000001,3500.0,-0.0,0.0,-0.0,-0.0
2021-12-04 06:00:00,-0.0,2548.09,2160.0,1731.9531000000006,3500.0,-0.0,0.0,-0.0,-0.0
2021-12-04 07:00:00,-0.0,2726.6800000000003,2160.0,1833.5715999999993,3500.0,-0.0,0.0,-0.0,-0.0
2021-12-04 08:00:00,21.170410578570195,2869.68,2160.0,1842.9095894214297,3500.0,-0.0,0.0,-0.0,-0.0
2021-12-04 09:00:00,999.3839945817289,2971.41,2160.0,811.3910054182707,3500.0,-0.0,0.0,-0.0,-0.0
2021-12-04 10:00:00,2311.6369720681573,3032.49,2160.0,-0.0,2886.648227931843,-0.0,0.0,-0.0,-0.0
2021-12-04 11:00:00,3352.591751787036,3059.6099999999997,2160.0,-0.0,1716.4961482129634,-0.0,0.0,-0.0,-0.0
2021-12-04 12:00:00,3744.71864503913,3064.54,2160.0,-0.0,1218.3473549608698,-0.0,0.0,-0.0,-0.0
2021-12-04 13:00:00,3352.591751787036,3062.39,2160.0,-0.0,1555.6738482129645,-0.0,0.0,-0.0,-0.0
2021-12-04 14:00:00,2311.6369720681573,3069.4100000000003,2160.0,-0.0,2611.7307279318434,-0.0,0.0,-0.0,-0.0
2021-12-04 15:00:00,999.3839945817289,3100.7000000000003,2160.0,519.9403054182712,3500.0,-0.0,0.0,-0.0,-0.0
2021-12-04 16:00:00,21.170410578570195,3168.0199999999995,2160.0,1664.811789421431,3500.0,-0.0,0.0,-0.0,-0.0
2021-12-04 17:00:00,-0.0,3278.06,2160.0,1868.4669000000013,3500.0,-0.0,0.0,-0.0,-0.0
2021-12-04 18:00:00,-0.0,3431.4,2160.0,1964.3070000000007,3500.0,-0.0,0.0,-0.0,-0.0
2021-12-04 19:00:00,-0.0,3622.3300000000004,2160.0,1868.0586000000003,3500.0,-0.0,0.0,-0.0,-0.0
2021-12-04 20:00:00,-0.0,3839.5,2160.0,1541.8433000000005,3500.0,-0.0,0.0,-0.0,-0.0
2021-12-04 21:00:00,-0.0,4067.3199999999997,2160.0,1049.0781000000006,3500.0,-0.0,0.0,-0.0,-0.0
2021-12-04 22:00:00,-0.0,4287.99,2160.0,516.1221000000005,3500.0,-0.0,0.0,-0.0,-0.0
2021-12-04 23:00:00,-0.0,4483.82,2160.0,57.620600000000195,3500.0,-0.0,0.0,-0.0,-0.0
2021-12-05 00:00:00,-0.0,4649.37,2160.0,-0.0,2591.8803,-0.0,0.0,-0.0,-0.0
2021-12-05 01:00:00,-0.0,4754.01,2160.0,-0.0,2287.6383000000005,-0.0,0.0,-0.0,-0.0
2021-12-05 02:00:00,-0.0,4802.54,2160.0,-0.0,2100.8338000000012,-0.0,0.0,-0.0,-0.0
2021-12-05 03:00:00,-0.0,4796.389999999999,2160.0,-0.0,2096.1119,-0.0,0.0,-0.0,-0.0
2021-12-05 04:00:00,-0.0,4743.23,2160.0,-0.0,2294.981100000001,-0.0,0.0,-0.0,-0.0
2021-12-05 05:00:00,-0.0,4655.9400000000005,2160.0,-0.0,2655.2724,-0.0,0.0,-0.0,-0.0
2021-12-05 06:00:00,-0.0,4550.87,2160.0,-0.0,3082.8152,-0.0,0.0,-0.0,-0.0
2021-12-05 07:00:00,-0.0,4445.67,2160.0,-0.0,3469.1064000000006,-0.0,0.0,-0.0,-0.0
2021-12-05 08:00:00,17.61038897890552,4356.93,2160.0,214.76231102109432,3500.0,-0.0,0.0,-0.0,-0.0
2021-12-05 09:00:00,993.246026306445,4297.95,2160.0,-0.0,2847.6821736935563,-0.0,0.0,-0.0,-0.0
2021-12-05 10:00:00,2311.3356536255524,4277.08,2160.0,-0.0,1500.335846374448,-0.0,0.0,-0.0,-0.0
2021-12-05 11:00:00,3358.5065212159466,4296.57,2160.0,-0.0,333.00947878405486,-0.0,0.0,-0.0,-0.0
2021-12-05 12:00:00,3753.2002012013404,4352.41,2055.508698798661,-0.0,-0.0,-0.0,0.0,112.58040000000119,106.95138000000112
2021-12-05 13:00:00,3358.5065212159466,4434.96,2160.0,-0.0,39.79337878405249,-0.0,0.0,-0.0,106.94068486200112
2021-12-05 14:00:00,2311.3356536255524,4530.29,2160.0,-0.0,1015.5555463744486,-0.0,0.0,-0.0,106.92999079351492
2021-12-05 15:00:00,993.246026306445,4622.26,2160.0,-0.0,2370.8444736935553,-0.0,0.0,-0.0,106.91929779443556
2021-12-05 16:00:00,17.61038897890552,4694.71,2160.0,-0.0,3500.0,-0.0,10.056811021095257,-0.0,96.32248900034533
2021-12-05 17:00:00,-0.0,4733.85,2160.0,191.72568608612755,3500.0,-0.0,91.49721391387304,-0.0,-0.0
2021-12-05 18:00:00,-0.0,4730.17,2160.0,538.3749000000007,3500.0,-0.0,0.0,-0.0,-0.0
2021-12-05 19:00:00,-0.0,4679.860000000001,2160.0,685.7754000000004,3500.0,-0.0,0.0,-0.0,-0.0
2021-12-05 20:00:00,-0.0,4585.47,2160.0,673.6459999999997,3500.0,-0.0,0.0,-0.0,-0.0
2021-12-05 21:00:00,-0.0,4455.63,2160.0,541.1798000000008,3500.0,-0.0,0.0,-0.0,-0.0
2021-12-05 22:00:00,-0.0,4304.03,2160.0,383.2459000000008,3500.0,-0.0,0.0,-0.0,-0.0
2021-12-05 23:00:00,-0.0,4147.68,2160.0,279.78570000000036,3500.0,-0.0,0.0,-0.0,-0.0
2021-12-06 00:00:00,-0.0,4014.37,2160.0,182.61220000000048,3500.0,-0.0,0.0,-0.0,-0.0
2021-12-06 01:00:00,-0.0,3901.52,2160.0,98.93340000000035,3500.0,-0.0,0.0,-0.0,-0.0
2021-12-06 02:00:00,-0.0,3832.2400000000002,2160.0,33.11349999999902,3500.0,-0.0,0.0,-0.0,-0.0
2021-12-06 03:00:00,-0.0,3814.74,2160.0,43.01760000000104,3500.0,-0.0,0.0,-0.0,-0.0
2021-12-06 04:00:00,-0.0,3850.98,2160.0,155.85899999999992,3500.0,-0.0,0.0,-0.0,-0.0
2021-12-06 05:00:00,-0.0,3936.4500000000003,2160.0,346.8560999999995,3500.0,-0.0,0.0,-0.0,-0.0
2021-12-06 06:00:00,-0.0,4060.8300000000004,2160.0,548.5044000000012,3500.0,-0.0,0.0,-0.0,-0.0
2021-12-06 07:00:00,-0.0,4209.37,2160.0,684.7007999999996,3500.0,-0.0,0.0,-0.0,-0.0
2021-12-06 08:00:00,14.083847206196937,4364.91,2160.0,693.332952793804,3500.0,-0.0,0.0,-0.0,-0.0
2021-12-06 09:00:00,961.6968693714856,4510.17,2160.0,-0.0,3153.845730628513,-0.0,0.0,-0.0,-0.0
2021-12-06 10:00:00,2250.748326777341,4630.08,2160.0,-0.0,1698.6471732226596,-0.0,0.0,-0.0,-0.0
2021-12-06 11:00:00,3276.3135460387352,4713.75,2160.0,-0.0,492.7114539612644,-0.0,0.0,-0.0,-0.0
2021-12-06 12:00:00,3663.0725070355356,4755.900000000001,2160.0,-0.0,-0.0,-0.0,0.0,31.70980703553505,30.124316683758295
2021-12-06 13:00:00,3276.3135460387352,4757.52,2160.0,-0.0,302.25595396126437,-0.0,0.0,-0.0,30.12130425208992
2021-12-06 14:00:00,2250.748326777341,4725.650000000001,2160.0,-0.0,1387.7815732226595,-0.0,0.0,-0.0,30.118292121664712
2021-12-06 15:00:00,961.6968693714856,4672.34,2160.0,-0.0,2863.5438306285128,-0.0,0.0,-0.0,30.115280292452546
2021-12-06 16:00:00,14.083847206196937,4612.95,2160.0,582.2555974676011,3500.0,-0.0,28.606655326202137,-0.0,-0.0
2021-12-06 17:00:00,-0.0,4563.93,2160.0,973.0051000000003,3500.0,-0.0,0.0,-0.0,-0.0
2021-12-06 18:00:00,-0.0,4540.54,2160.0,1252.258499999999,3500.0,-0.0,0.0,-0.0,-0.0
2021-12-06 19:00:00,-0.0,4554.61,2160.0,1339.7197999999999,3500.0,-0.0,0.0,-0.0,-0.0
2021-12-06 20:00:00,-0.0,4612.89,2160.0,1179.4041000000007,3500.0,-0.0,0.0,-0.0,-0.0
2021-12-06 21:00:00,-0.0,4715.97,2160.0,818.5406000000012,3500.0,-0.0,0.0,-0.0,-0.0
2021-12-06 22:00:00,-0.0,4858.08,2160.0,371.45450000000164,3500.0,-0.0,0.0,-0.0,-0.0
2021-12-06 23:00:00,-0.0,5027.77,2160.0,-0.0,3446.5432999999994,-0.0,0.0,-0.0,-0.0
2021-12-07 00:00:00,-0.0,5218.85,2160.0,-0.0,2462.3437000000013,-0.0,0.0,-0.0,-0.0
2021-12-07 01:00:00,-0.0,5394.25,2160.0,-0.0,2095.0558999999994,-0.0,0.0,-0.0,-0.0
2021-12-07 02:00:00,-0.0,5545.57,2160.0,-0.0,1813.2965000000004,-0.0,0.0,-0.0,-0.0
2021-12-07 03:00:00,-0.0,5657.2699999999995,2160.0,-0.0,1698.676700000001,-0.0,0.0,-0.0,-0.0
2021-12-07 04:00:00,-0.0,5718.17,2160.0,-0.0,1791.545900000001,-0.0,0.0,-0.0,-0.0
2021-12-07 05:00:00,-0.0,5722.89,2160.0,-0.0,2067.9898999999996,-0.0,0.0,-0.0,-0.0
2021-12-07 06:00:00,-0.0,5672.5199999999995,2160.0,-0.0,2449.089000000001,-0.0,0.0,-0.0,-0.0
2021-12-07 07:00:00,-0.0,5574.38,2160.0,-0.0,2836.6649000000007,-0.0,0.0,-0.0,-0.0
2021-12-07 08:00:00,12.398695916073532,5441.009999999999,2160.0,-0.0,3140.5878040839284,-0.0,0.0,-0.0,-0.0
2021-12-07 09:00:00,1042.2828128548042,5288.41,2160.0,-0.0,2321.3785871451946,-0.0,0.0,-0.0,-0.0
2021-12-07 10:00:00,2452.520083899402,5133.870000000001,2160.0,-0.0,1024.1190161005966,-0.0,0.0,-0.0,-0.0
2021-12-07 11:00:00,3576.0137970073715,4993.65,2160.0,-0.0,-0.0,-0.0,0.0,51.193397007369185,48.63372715700072
2021-12-07 12:00:00,3999.9242059831167,4880.75,1819.5052940168835,-0.0,-0.0,-0.0,0.0,112.58040000000119,155.58024378428615
2021-12-07 13:00:00,3576.0137970073715,4803.19,2160.0,-0.0,1.838402992628744,-0.0,0.0,-0.0,155.56468575990772
2021-12-07 14:00:00,2452.520083899402,4762.97,2160.0,-0.0,1198.2315161005968,-0.0,0.0,-0.0,155.54912929133172
2021-12-07 15:00:00,1042.2828128548042,4755.86,2160.0,-0.0,2753.5373871451966,-0.0,0.0,-0.0,155.5335743784026
2021-12-07 16:00:00,12.398695916073532,4771.99,2160.0,399.54920408392763,3500.0,-0.0,112.58040000000119,-0.0,37.012336810437176
2021-12-07 17:00:00,-0.0,4797.3,2160.0,767.5814962020804,3500.0,-0.0,35.15820379791833,-0.0,-0.0
2021-12-07 18:00:00,-0.0,4815.54,2160.0,1044.8038999999999,3500.0,-0.0,0.0,-0.0,-0.0
2021-12-07 19:00:00,-0.0,4810.49,2160.0,1155.7778999999991,3500.0,-0.0,0.0,-0.0,-0.0
2021-12-07 20:00:00,-0.0,4768.34,2160.0,1100.2342000000008,3500.0,-0.0,0.0,-0.0,-0.0
2021-12-07 21:00:00,-0.0,4679.64,2160.0,935.4406999999983,3500.0,-0.0,0.0,-0.0,-0.0
2021-12-07 22:00:00,-0.0,4540.67,2160.0,773.6648000000005,3500.0,-0.0,0.0,-0.0,-0.0
2021-12-07 23:00:00,-0.0,4354.13,2160.0,709.1540000000014,3500.0,-0.0,0.0,-0.0,-0.0
2021-12-08 00:00:00,-0.0,4138.25,2160.0,135.7546000000002,3500.0,-0.0,0.0,-0.0,-0.0
2021-12-08 01:00:00,-0.0,3888.2299999999996,2160.0,197.92330000000038,3500.0,-0.0,0.0,-0.0,-0.0
2021-12-08 02:00:00,-0.0,3630.7299999999996,2160.0,328.94890000000123,3500.0,-0.0,0.0,-0.0,-0.0
2021-12-08 03:00:00,-0.0,3384.2299999999996,2160.0,576.4187000000002,3500.0,-0.0,0.0,-0.0,-0.0
2021-12-08 04:00:00,-0.0,3165.96,2160.0,952.2695000000012,3500.0,-0.0,0.0,-0.0,-0.0
2021-12-08 05:00:00,-0.0,2989.78,2160.0,1413.3418999999994,3500.0,-0.0,0.0,-0.0,-0.0
2021-12-08 06:00:00,-0.0,2864.37,2160.0,1873.1249000000016,3500.0,-0.0,0.0,-0.0,-0.0
2021-12-08 07:00:00,-0.0,2792.21,2160.0,2238.2776000000003,3500.0,-0.0,0.0,-0.0,-0.0
2021-12-08 08:00:00,11.82953885781993,2769.34,2160.0,2435.7354611421806,3500.0,-0.0,0.0,-0.0,-0.0
2021-12-08 09:00:00,1246.3981578637915,2786.0099999999998,2160.0,1245.9439421362085,3500.0,-0.0,0.0,-0.0,-0.0
2021-12-08 10:00:00,2947.597445041484,2828.0499999999997,2160.0,-0.0,2964.418354958517,-0.0,0.0,-0.0,-0.0
2021-12-08 11:00:00,4304.612951168211,2878.8999999999996,2160.0,-0.0,1467.6887488317889,-0.0,0.0,-0.0,-0.0
2021-12-08 12:00:00,4816.854303596451,2921.86,2160.0,-0.0,824.6892964035496,-0.0,0.0,-0.0,-0.0
2021-12-08 13:00:00,4304.612951168211,2942.47,2160.0,-0.0,1272.732948831791,-0.0,0.0,-0.0,-0.0
2021-12-08 14:00:00,2947.597445041484,2930.4,2160.0,-0.0,2677.360454958517,-0.0,0.0,-0.0,-0.0
2021-12-08 15:00:00,1246.3981578637915,2880.95,2160.0,1068.7204421362094,3500.0,-0.0,0.0,-0.0,-0.0
2021-12-08 16:00:00,11.82953885781993,2795.66,2160.0,2636.056161142181,3500.0,-0.0,0.0,-0.0,-0.0
2021-12-08 17:00:00,-0.0,2682.08,2160.0,3067.513000000001,3500.0,-0.0,0.0,-0.0,-0.0
2021-12-08 18:00:00,-0.0,2552.74,2160.0,3459.5661,3500.0,-0.0,0.0,-0.0,-0.0
2021-12-08 19:00:00,-0.0,2423.44,2160.0,3697.0820000000003,3500.0,-0.0,0.0,-0.0,-0.0
2021-12-08 20:00:00,-0.0,2311.03,2160.0,3713.967999999999,3500.0,-0.0,0.0,-0.0,-0.0
2021-12-08 21:00:00,-0.0,2231.11,2160.0,3542.442000000001,3500.0,-0.0,0.0,-0.0,-0.0
2021-12-08 22:00:00,-0.0,2195.83,2160.0,3278.9014000000006,3500.0,-0.0,0.0,-0.0,-0.0
2021-12-08 23:00:00,-0.0,2212.16,2160.0,3013.3184999999994,3500.0,-0.0,0.0,-0.0,-0.0
2021-12-09 00:00:00,-0.0,2290.08,2160.0,2147.5257,3500.0,-0.0,0.0,-0.0,-0.0
2021-12-09 01:00:00,-0.0,2405.54,2160.0,1845.7575000000006,3500.0,-0.0,0.0,-0.0,-0.0
2021-12-09 02:00:00,-0.0,2556.3599999999997,2160.0,1569.8775000000014,3500.0,-0.0,0.0,-0.0,-0.0
2021-12-09 03:00:00,-0.0,2726.7999999999997,2160.0,1401.6891000000014,3500.0,-0.0,0.0,-0.0,-0.0
2021-12-09 04:00:00,-0.0,2898.8199999999997,2160.0,1388.3991000000005,3500.0,-0.0,0.0,-0.0,-0.0
2021-12-09 05:00:00,-0.0,3054.3599999999997,2160.0,1518.7694000000001,3500.0,-0.0,0.0,-0.0,-0.0
2021-12-09 06:00:00,-0.0,3177.7,2160.0,1730.6864000000014,3500.0,-0.0,0.0,-0.0,-0.0
2021-12-09 07:00:00,-0.0,3257.4399999999996,2160.0,1944.6879000000017,3500.0,-0.0,0.0,-0.0,-0.0
2021-12-09 08:00:00,10.334106587114391,3287.9,2160.0,2090.9247934128844,3500.0,-0.0,0.0,-0.0,-0.0
2021-12-09 09:00:00,1395.8297855111582,3269.84,2160.0,785.4133144888419,3500.0,-0.0,0.0,-0.0,-0.0
2021-12-09 10:00:00,3316.467018501411,3210.2000000000003,2160.0,-0.0,2386.4716814985895,-0.0,0.0,-0.0,-0.0
2021-12-09 11:00:00,4850.300650725589,3121.11,2160.0,-0.0,853.0693492744122,-0.0,0.0,-0.0,-0.0
2021-12-09 12:00:00,5429.546296835292,3018.1200000000003,2160.0,-0.0,289.0845031647068,-0.0,0.0,-0.0,-0.0
2021-12-09 13:00:00,4850.300650725589,2918.0499999999997,2160.0,-0.0,924.7435492744116,-0.0,0.0,-0.0,-0.0
2021-12-09 14:00:00,3316.467018501411,2836.63,2160.0,-0.0,2575.333781498589,-0.0,0.0,-0.0,-0.0
2021-12-09 15:00:00,1395.8297855111582,2786.36,2160.0,1186.6098144888401,3500.0,-0.0,0.0,-0.0,-0.0
2021-12-09 16:00:00,10.334106587114391,2774.7300000000005,2160.0,2830.7354934128834,3500.0,-0.0,0.0,-0.0,-0.0
2021-12-09 17:00:00,-0.0,2803.21,2160.0,3118.0233,3500.0,-0.0,0.0,-0.0,-0.0
2021-12-09 18:00:00,-0.0,2867.0299999999997,2160.0,3316.1676000000016,3500.0,-0.0,0.0,-0.0,-0.0
2021-12-09 19:00:00,-0.0,2955.81,2160.0,3334.719500000001,3500.0,-0.0,0.0,-0.0,-0.0
2021-12-09 20:00:00,-0.0,3054.9900000000002,2160.0,3138.9989000000005,3500.0,-0.0,0.0,-0.0,-0.0
2021-12-09 21:00:00,-0.0,3147.82,2160.0,2793.572399999999,3500.0,-0.0,0.0,-0.0,-0.0
2021-12-09 22:00:00,-0.0,3217.63,2160.0,2423.658700000001,3500.0,-0.0,0.0,-0.0,-0.0
2021-12-09 23:00:00,-0.0,3250.19,2160.0,2140.4326999999994,3500.0,-0.0,0.0,-0.0,-0.0
2021-12-10 00:00:00,-0.0,3244.66,2160.0,1356.2764000000006,3500.0,-0.0,0.0,-0.0,-0.0
2021-12-10 01:00:00,-0.0,3178.95,2160.0,1234.0064000000011,3500.0,-0.0,0.0,-0.0,-0.0
2021-12-10 02:00:00,-0.0,3064.46,2160.0,1221.6372000000001,3500.0,-0.0,0.0,-0.0,-0.0
2021-12-10 03:00:00,-0.0,2909.79,2160.0,1376.634799999999,3500.0,-0.0,0.0,-0.0,-0.0
2021-12-10 04:00:00,-0.0,2728.67,2160.0,1714.4372999999996,3500.0,-0.0,0.0,-0.0,-0.0
2021-12-10 05:00:00,-0.0,2538.2599999999998,2160.0,2188.5853000000006,3500.0,-0.0,0.0,-0.0,-0.0
2021-12-10 06:00:00,-0.0,2356.88,2160.0,2702.9317,3500.0,-0.0,0.0,-0.0,-0.0
2021-12-10 07:00:00,-0.0,2201.7400000000002,2160.0,3149.404300000002,3500.0,-0.0,0.0,-0.0,-0.0
2021-12-10 08:00:00,7.59992071903337,2086.68,2160.0,3441.3694792809665,3500.0,-0.0,0.0,-0.0,-0.0
2021-12-10 09:00:00,1350.2860609085517,2020.43,2160.0,2224.2172390914484,3500.0,-0.0,0.0,-0.0,-0.0
2021-12-10 10:00:00,3222.109706196819,2005.5500000000002,2160.0,326.57839380318137,3500.0,-0.0,0.0,-0.0,-0.0
2021-12-10 11:00:00,4718.55753165336,2038.23,2160.0,-0.0,2205.929268346641,-0.0,0.0,-0.0,-0.0
2021-12-10 12:00:00,5283.909049576283,2108.89,2160.0,-0.0,1479.2193504237184,-0.0,0.0,-0.0,-0.0
2021-12-10 13:00:00,4718.55753165336,2203.59,2160.0,-0.0,1903.1410683466402,-0.0,0.0,-0.0,-0.0
2021-12-10 14:00:00,3222.109706196819,2306.0,2160.0,-0.0,3329.3395938031813,-0.0,0.0,-0.0,-0.0
2021-12-10 15:00:00,1350.2860609085517,2399.73,2160.0,1744.527339091449,3500.0,-0.0,0.0,-0.0,-0.0
2021-12-10 16:00:00,7.59992071903337,2470.6,2160.0,3259.971279280967,3500.0,-0.0,0.0,-0.0,-0.0
2021-12-10 17:00:00,-0.0,2508.62,2160.0,3531.5191000000004,3500.0,-0.0,0.0,-0.0,-0.0
2021-12-10 18:00:00,-0.0,2509.42,2160.0,3789.1278999999995,3500.0,-0.0,0.0,-0.0,-0.0
2021-12-10 19:00:00,-0.0,2474.88,2160.0,3927.3545999999997,3500.0,-0.0,0.0,-0.0,-0.0
2021-12-10 20:00:00,-0.0,2412.9,2160.0,3889.0656000000017,3500.0,-0.0,0.0,-0.0,-0.0
2021-12-10 21:00:00,-0.0,2336.34,2160.0,3709.2175000000007,3500.0,-0.0,0.0,-0.0,-0.0
2021-12-10 22:00:00,-0.0,2261.34,2160.0,3480.2241999999987,3500.0,-0.0,0.0,-0.0,-0.0
2021-12-10 23:00:00,-0.0,2205.06,2160.0,3281.8745000000017,3500.0,-0.0,0.0,-0.0,-0.0
2021-12-11 00:00:00,-0.0,2192.23,2160.0,1933.7150000000001,3500.0,-0.0,0.0,-0.0,-0.0
2021-12-11 01:00:00,-0.0,2217.57,2160.0,1716.2896,3500.0,-0.0,0.0,-0.0,-0.0
2021-12-11 02:00:00,-0.0,2297.12,2160.0,1505.7113,3500.0,-0.0,0.0,-0.0,-0.0
2021-12-11 03:00:00,-0.0,2431.85,2160.0,1367.0787,3500.0,-0.0,0.0,-0.0,-0.0
2021-12-11 04:00:00,-0.0,2616.26,2160.0,1335.0612,3500.0,-0.0,0.0,-0.0,-0.0
2021-12-11 05:00:00,-0.0,2839.05,2160.0,1391.6685000000007,3500.0,-0.0,0.0,-0.0,-0.0
2021-12-11 06:00:00,-0.0,3084.5699999999997,2160.0,1474.7209000000003,3500.0,-0.0,0.0,-0.0,-0.0
2021-12-11 07:00:00,-0.0,3334.7599999999998,2160.0,1511.422700000001,3500.0,-0.0,0.0,-0.0,-0.0
2021-12-11 08:00:00,4.932694504864537,3571.5200000000004,2160.0,1449.7527054951343,3500.0,-0.0,0.0,-0.0,-0.0
2021-12-11 09:00:00,1189.6721710578493,3779.02,2160.0,112.27442894214983,3500.0,-0.0,0.0,-0.0,-0.0
2021-12-11 10:00:00,2850.00374946447,3945.69,2160.0,-0.0,1740.0198505355306,-0.0,0.0,-0.0,-0.0
2021-12-11 11:00:00,4178.673002101704,4065.67,2160.0,-0.0,195.2602978982968,-0.0,0.0,-0.0,-0.0
2021-12-11 12:00:00,4680.814606731522,4139.45,1796.6043932684788,-0.0,-0.0,-0.0,0.0,112.58040000000119,106.95138000000112
2021-12-11 13:00:00,4178.673002101704,4173.66,2160.0,-0.0,-0.0,-0.0,0.0,59.41520210170256,163.38512685861855
2021-12-11 14:00:00,2850.00374946447,4180.070000000001,2160.0,-0.0,1290.3442505355292,-0.0,0.0,-0.0,163.3687883459327
2021-12-11 15:00:00,1189.6721710578493,4173.82,2160.0,-0.0,3089.343828942152,-0.0,0.0,-0.0,163.35245146709812
2021-12-11 16:00:00,4.932694504864537,4171.3,2160.0,902.9616054951348,3500.0,-0.0,112.58040000000119,-0.0,44.83043201142385
2021-12-11 17:00:00,-0.0,4187.76,2160.0,1258.7023484801884,3500.0,-0.0,42.58465151981158,-0.0,-0.0
2021-12-11 18:00:00,-0.0,4235.19,2160.0,1507.5650000000014,3500.0,-0.0,0.0,-0.0,-0.0
2021-12-11 19:00:00,-0.0,4320.56,2160.0,1521.1822000000002,3500.0,-0.0,0.0,-0.0,-0.0
2021-12-11 20:00:00,-0.0,4444.78,2160.0,1291.9963000000016,3500.0,-0.0,0.0,-0.0,-0.0
2021-12-11 21:00:00,-0.0,4602.5,2160.0,873.1803999999993,3500.0,-0.0,0.0,-0.0,-0.0
2021-12-11 22:00:00,-0.0,4782.79,2160.0,384.22100000000046,3500.0,-0.0,0.0,-0.0,-0.0
2021-12-11 23:00:00,-0.0,4970.5,2160.0,-0.0,3437.220799999999,-0.0,0.0,-0.0,-0.0
2021-12-12 00:00:00,-0.0,5156.96,2160.0,-0.0,2451.8458,-0.0,0.0,-0.0,-0.0
2021-12-12 01:00:00,-0.0,5307.650000000001,2160.0,-0.0,2104.4541,-0.0,0.0,-0.0,-0.0
2021-12-12 02:00:00,-0.0,5416.4400000000005,2160.0,-0.0,1860.0468,-0.0,0.0,-0.0,-0.0
2021-12-12 03:00:00,-0.0,5472.96,2160.0,-0.0,1795.0651000000007,-0.0,0.0,-0.0,-0.0
2021-12-12 04:00:00,-0.0,5472.679999999999,2160.0,-0.0,1943.2175000000016,-0.0,0.0,-0.0,-0.0
2021-12-12 05:00:00,-0.0,5417.530000000001,2160.0,-0.0,2273.2798000000003,-0.0,0.0,-0.0,-0.0
2021-12-12 06:00:00,-0.0,5315.69,2160.0,-0.0,2699.2527,-0.0,0.0,-0.0,-0.0
2021-12-12 07:00:00,-0.0,5180.55,2160.0,-0.0,3116.8918000000003,-0.0,0.0,-0.0,-0.0
2021-12-12 08:00:00,3.1805835608289432,5028.92,2160.0,-0.0,3441.0206164391707,-0.0,0.0,-0.0,-0.0
2021-12-12 09:00:00,1084.0879567806471,4878.91,2160.0,-0.0,2560.5970432193526,-0.0,0.0,-0.0,-0.0
2021-12-12 10:00:00,2606.248289339467,4747.49,2160.0,-0.0,1120.3709106605338,-0.0,0.0,-0.0,-0.0
2021-12-12 11:00:00,3825.393868060998,4648.360000000001,2160.0,-0.0,-0.0,-0.0,0.0,99.92406806099916,94.9278646579492
2021-12-12 12:00:00,4286.299485823228,4590.179999999999,1670.5119141767736,-0.0,-0.0,-0.0,0.0,112.58040000000119,201.86975187148454
2021-12-12 13:00:00,3825.393868060998,4575.4800000000005,2090.7102319390033,-0.0,-0.0,-0.0,0.0,112.58040000000119,308.8009448962985
2021-12-12 14:00:00,2606.248289339467,4600.49,2160.0,-0.0,1035.8019106605325,-0.0,0.0,-0.0,308.77006480180887
2021-12-12 15:00:00,1084.0879567806471,4655.7300000000005,2160.0,-0.0,2631.2493432193532,-0.0,0.0,-0.0,308.7391877953287
2021-12-12 16:00:00,3.1805835608289432,4727.4,2160.0,263.034716439171,3500.0,-0.0,112.58040000000119,-0.0,190.20262966602158
2021-12-12 17:00:00,-0.0,4799.42,2160.0,487.7379000000001,3500.0,-0.0,112.58040000000119,-0.0,71.67792519252743
2021-12-12 18:00:00,-0.0,4855.650000000001,2160.0,726.0651804699919,3500.0,-0.0,68.08721953000777,-0.0,-0.0
2021-12-12 19:00:00,-0.0,4882.2300000000005,2160.0,863.0027999999993,3500.0,-0.0,0.0,-0.0,-0.0
2021-12-12 20:00:00,-0.0,4869.56,2160.0,767.2411000000002,3500.0,-0.0,0.0,-0.0,-0.0
2021-12-12 21:00:00,-0.0,4813.66,2160.0,558.6743000000006,3500.0,-0.0,0.0,-0.0,-0.0
2021-12-12 22:00:00,-0.0,4716.88,2160.0,343.5088999999998,3500.0,-0.0,0.0,-0.0,-0.0
2021-12-12 23:00:00,-0.0,4587.58,2160.0,210.34280000000035,3500.0,-0.0,0.0,-0.0,-0.0
2021-12-13 00:00:00,-0.0,4447.64,2160.0,115.00750000000062,3500.0,-0.0,0.0,-0.0,-0.0
2021-12-13 01:00:00,-0.0,4296.76,2160.0,66.21659999999974,3500.0,-0.0,0.0,-0.0,-0.0
2021-12-13 02:00:00,-0.0,4161.13,2160.0,63.36799999999948,3500.0,-0.0,0.0,-0.0,-0.0
2021-12-13 03:00:00,-0.0,4057.1800000000003,2160.0,156.10419999999976,3500.0,-0.0,0.0,-0.0,-0.0
2021-12-13 04:00:00,-0.0,3997.89,2160.0,360.62630000000127,3500.0,-0.0,0.0,-0.0,-0.0
2021-12-13 05:00:00,-0.0,3991.0,2160.0,639.9040000000005,3500.0,-0.0,0.0,-0.0,-0.0
2021-12-13 06:00:00,-0.0,4038.03,2160.0,914.5967,3500.0,-0.0,0.0,-0.0,-0.0
2021-12-13 07:00:00,-0.0,4134.0,2160.0,1098.8351999999995,3500.0,-0.0,0.0,-0.0,-0.0
2021-12-13 08:00:00,2.0869092135965346,4268.12,2160.0,1136.136690786404,3500.0,-0.0,0.0,-0.0,-0.0
2021-12-13 09:00:00,1055.0832666943509,4425.2,2160.0,-0.0,3474.485333305651,-0.0,0.0,-0.0,-0.0
2021-12-13 10:00:00,2544.466848663155,4587.64,2160.0,-0.0,1771.2532513368446,-0.0,0.0,-0.0,-0.0
2021-12-13 11:00:00,3738.2793583212415,4737.73,2160.0,-0.0,325.2721416787581,-0.0,0.0,-0.0,-0.0
2021-12-13 12:00:00,4189.732504939533,4860.01,1923.027495060469,-0.0,-0.0,-0.0,0.0,112.58040000000119,106.95138000000112
2021-12-13 13:00:00,3738.2793583212415,4943.2300000000005,2160.0,-0.0,-0.0,-0.0,0.0,38.27015832124198,143.29733526718098
2021-12-13 14:00:00,2544.466848663155,4981.79,2160.0,-0.0,1139.1057513368455,-0.0,0.0,-0.0,143.28300553365426
2021-12-13 15:00:00,1055.0832666943509,4976.400000000001,2160.0,-0.0,2761.1246333056497,-0.0,0.0,-0.0,143.2686772331009
2021-12-13 16:00:00,2.0869092135965346,4933.86,2160.0,478.0584907864036,3500.0,-0.0,112.58040000000119,-0.0,24.748666154850042
2021-12-13 17:00:00,-0.0,4866.0599999999995,2160.0,929.5429182761764,3500.0,-0.0,23.508881723822828,-0.0,-0.0
2021-12-13 18:00:00,-0.0,4788.19,2160.0,1280.1006000000025,3500.0,-0.0,0.0,-0.0,-0.0
2021-12-13 19:00:00,-0.0,4716.66,2160.0,1446.3122000000003,3500.0,-0.0,0.0,-0.0,-0.0
2021-12-13 20:00:00,-0.0,4666.69,2160.0,1387.2382000000007,3500.0,-0.0,0.0,-0.0,-0.0
2021-12-13 21:00:00,-0.0,4650.16,2160.0,1138.8217000000004,3500.0,-0.0,0.0,-0.0,-0.0
2021-12-13 22:00:00,-0.0,4673.91,2160.0,802.7857000000004,3500.0,-0.0,0.0,-0.0,-0.0
2021-12-13 23:00:00,-0.0,4738.68,2160.0,475.34419999999955,3500.0,-0.0,0.0,-0.0,-0.0
2021-12-14 00:00:00,-0.0,4847.2,2160.0,-0.0,3064.205500000001,-0.0,0.0,-0.0,-0.0
2021-12-14 01:00:00,-0.0,4971.6900000000005,2160.0,-0.0,2740.1134999999995,-0.0,0.0,-0.0,-0.0
2021-12-14 02:00:00,-0.0,5105.030000000001,2160.0,-0.0,2468.499,-0.0,0.0,-0.0,-0.0
2021-12-14 03:00:00,-0.0,5229.58,2160.0,-0.0,2333.0771000000004,-0.0,0.0,-0.0,-0.0
2021-12-14 04:00:00,-0.0,5327.82,2160.0,-0.0,2380.546300000002,-0.0,0.0,-0.0,-0.0
2021-12-14 05:00:00,-0.0,5384.62,2160.0,-0.0,2596.7475999999997,-0.0,0.0,-0.0,-0.0
2021-12-14 06:00:00,-0.0,5389.27,2160.0,-0.0,2914.5704000000005,-0.0,0.0,-0.0,-0.0
2021-12-14 07:00:00,-0.0,5336.9,2160.0,-0.0,3248.031600000002,-0.0,0.0,-0.0,-0.0
2021-12-14 08:00:00,1.2275936550567852,5229.099999999999,2160.0,29.130306344944984,3500.0,-0.0,0.0,-0.0,-0.0
2021-12-14 09:00:00,985.8581444914669,5073.74,2160.0,-0.0,2749.435255508535,-0.0,0.0,-0.0,-0.0
2021-12-14 10:00:00,2383.9757181779582,4883.87,2160.0,-0.0,1491.0609818220414,-0.0,0.0,-0.0,-0.0
2021-12-14 11:00:00,3505.371362130013,4676.05,2160.0,-0.0,476.81983786998717,-0.0,0.0,-0.0,-0.0
2021-12-14 12:00:00,3929.549609721407,4468.099999999999,2160.0,-0.0,161.04409027859356,-0.0,0.0,-0.0,-0.0
2021-12-14 13:00:00,3505.371362130013,4276.78,2160.0,-0.0,721.2637378699874,-0.0,0.0,-0.0,-0.0
2021-12-14 14:00:00,2383.9757181779582,4115.61,2160.0,-0.0,2027.7506818220422,-0.0,0.0,-0.0,-0.0
2021-12-14 15:00:00,985.8581444914669,3993.09,2160.0,177.55755550853246,3500.0,-0.0,0.0,-0.0,-0.0
2021-12-14 16:00:00,1.2275936550567852,3911.67,2160.0,1479.6348063449432,3500.0,-0.0,0.0,-0.0,-0.0
2021-12-14 17:00:00,-0.0,3867.51,2160.0,1819.7181000000019,3500.0,-0.0,0.0,-0.0,-0.0
2021-12-14 18:00:00,-0.0,3851.12,2160.0,2087.5788000000002,3500.0,-0.0,0.0,-0.0,-0.0
2021-12-14 19:00:00,-0.0,3848.78,2160.0,2187.0106000000014,3500.0,-0.0,0.0,-0.0,-0.0
2021-12-14 20:00:00,-0.0,3844.48,2160.0,2084.7912000000015,3500.0,-0.0,0.0,-0.0,-0.0
2021-12-14 21:00:00,-0.0,3822.2400000000002,2160.0,1844.7250000000004,3500.0,-0.0,0.0,-0.0,-0.0
2021-12-14 22:00:00,-0.0,3768.41,2160.0,1589.0211,3500.0,-0.0,0.0,-0.0,-0.0
2021-12-14 23:00:00,-0.0,3673.63,2160.0,1423.9909000000016,3500.0,-0.0,0.0,-0.0,-0.0
2021-12-15 00:00:00,-0.0,3542.3500000000004,2160.0,755.3341,3500.0,-0.0,0.0,-0.0,-0.0
2021-12-15 01:00:00,-0.0,3361.0499999999997,2160.0,740.1053000000011,3500.0,-0.0,0.0,-0.0,-0.0
2021-12-15 02:00:00,-0.0,3146.59,2160.0,819.466699999999,3500.0,-0.0,0.0,-0.0,-0.0
2021-12-15 03:00:00,-0.0,2912.7999999999997,2160.0,1045.6608000000015,3500.0,-0.0,0.0,-0.0,-0.0
2021-12-15 04:00:00,-0.0,2676.79,2160.0,1430.7522,3500.0,-0.0,0.0,-0.0,-0.0
2021-12-15 05:00:00,-0.0,2456.77,2160.0,1927.2392999999993,3500.0,-0.0,0.0,-0.0,-0.0
2021-12-15 06:00:00,-0.0,2269.7000000000003,2160.0,2440.3376000000007,3500.0,-0.0,0.0,-0.0,-0.0
2021-12-15 07:00:00,-0.0,2129.06,2160.0,2865.714,3500.0,-0.0,0.0,-0.0,-0.0
2021-12-15 08:00:00,0.6137968275283926,2043.18,2160.0,3129.2349031724725,3500.0,-0.0,0.0,-0.0,-0.0
2021-12-15 09:00:00,848.7136133369866,2014.0900000000001,2160.0,2363.612186663012,3500.0,-0.0,0.0,-0.0,-0.0
2021-12-15 10:00:00,2057.0452079516986,2037.38,2160.0,1085.7521920483014,3500.0,-0.0,0.0,-0.0,-0.0
2021-12-15 11:00:00,3026.766075850328,2102.7999999999997,2160.0,-0.0,3453.9121241496723,-0.0,0.0,-0.0,-0.0
2021-12-15 12:00:00,3393.6491795775264,2195.7,2160.0,-0.0,2898.616720422475,-0.0,0.0,-0.0,-0.0
2021-12-15 13:00:00,3026.766075850328,2298.96,2160.0,-0.0,3111.065324149672,-0.0,0.0,-0.0,-0.0
2021-12-15 14:00:00,2057.0452079516986,2395.39,2160.0,512.447892048303,3500.0,-0.0,0.0,-0.0,-0.0
2021-12-15 15:00:00,848.7136133369866,2469.96,2160.0,1779.6102866630117,3500.0,-0.0,0.0,-0.0,-0.0
2021-12-15 16:00:00,0.6137968275283926,2511.84,2160.0,2826.1455031724718,3500.0,-0.0,0.0,-0.0,-0.0
2021-12-15 17:00:00,-0.0,2515.8,2160.0,3121.8383000000003,3500.0,-0.0,0.0,-0.0,-0.0
2021-12-15 18:00:00,-0.0,2482.88,2160.0,3410.621699999999,3500.0,-0.0,0.0,-0.0,-0.0
2021-12-15 19:00:00,-0.0,2420.15,2160.0,3574.883,3500.0,-0.0,0.0,-0.0,-0.0
2021-12-15 20:00:00,-0.0,2339.7200000000003,2160.0,3553.2760000000007,3500.0,-0.0,0.0,-0.0,-0.0
2021-12-15 21:00:00,-0.0,2256.9500000000003,2160.0,3378.2638000000006,3500.0,-0.0,0.0,-0.0,-0.0
2021-12-15 22:00:00,-0.0,2188.35,2160.0,3141.8864000000012,3500.0,-0.0,0.0,-0.0,-0.0
2021-12-15 23:00:00,-0.0,2149.18,2160.0,2925.8364999999994,3500.0,-0.0,0.0,-0.0,-0.0
2021-12-16 00:00:00,-0.0,2159.21,2160.0,2120.1974,3500.0,-0.0,0.0,-0.0,-0.0
2021-12-16 01:00:00,-0.0,2209.39,2160.0,1878.1296000000002,3500.0,-0.0,0.0,-0.0,-0.0
2021-12-16 02:00:00,-0.0,2308.2400000000002,2160.0,1648.8402000000006,3500.0,-0.0,0.0,-0.0,-0.0
2021-12-16 03:00:00,-0.0,2449.98,2160.0,1504.180400000001,3500.0,-0.0,0.0,-0.0,-0.0
2021-12-16 04:00:00,-0.0,2623.17,2160.0,1484.7596000000012,3500.0,-0.0,0.0,-0.0,-0.0
2021-12-16 05:00:00,-0.0,2812.08,2160.0,1577.0136000000002,3500.0,-0.0,0.0,-0.0,-0.0
2021-12-16 06:00:00,-0.0,2998.73,2160.0,1721.092700000001,3500.0,-0.0,0.0,-0.0,-0.0
2021-12-16 07:00:00,-0.0,3165.17,2160.0,1844.0885999999991,3500.0,-0.0,0.0,-0.0,-0.0
2021-12-16 08:00:00,0.2901585002861492,3295.83,2160.0,1896.0900414997132,3500.0,-0.0,0.0,-0.0,-0.0
2021-12-16 09:00:00,786.0058974482221,3379.5199999999995,2160.0,1084.7592025517797,3500.0,-0.0,0.0,-0.0,-0.0
2021-12-16 10:00:00,1908.6068151706963,3410.86,2160.0,-0.0,3389.2559848293045,-0.0,0.0,-0.0,-0.0
2021-12-16 11:00:00,2809.9507164826623,3390.89,2160.0,-0.0,2415.8433835173387,-0.0,0.0,-0.0,-0.0
2021-12-16 12:00:00,3151.009713684394,3326.9100000000003,2160.0,-0.0,2047.893086315606,-0.0,0.0,-0.0,-0.0
2021-12-16 13:00:00,2809.9507164826623,3231.42,2160.0,-0.0,2437.8851835173377,-0.0,0.0,-0.0,-0.0
2021-12-16 14:00:00,1908.6068151706963,3120.37,2160.0,-0.0,3482.958484829305,-0.0,0.0,-0.0,-0.0
2021-12-16 15:00:00,786.0058974482221,3011.03,2160.0,1352.8580025517786,3500.0,-0.0,0.0,-0.0,-0.0
2021-12-16 16:00:00,0.2901585002861492,2919.58,2160.0,2474.8618414997136,3500.0,-0.0,0.0,-0.0,-0.0
2021-12-16 17:00:00,-0.0,2858.9700000000003,2160.0,2839.283400000001,3500.0,-0.0,0.0,-0.0,-0.0
2021-12-16 18:00:00,-0.0,2837.1600000000003,2160.0,3121.397600000002,3500.0,-0.0,0.0,-0.0,-0.0
2021-12-16 19:00:00,-0.0,2856.08,2160.0,3208.401600000001,3500.0,-0.0,0.0,-0.0,-0.0
2021-12-16 20:00:00,-0.0,2911.4,2160.0,3055.3879000000015,3500.0,-0.0,0.0,-0.0,-0.0
2021-12-16 21:00:00,-0.0,2993.2,2160.0,2720.094400000001,3500.0,-0.0,0.0,-0.0,-0.0
2021-12-16 22:00:00,-0.0,3087.31,2160.0,2325.2384999999995,3500.0,-0.0,0.0,-0.0,-0.0
2021-12-16 23:00:00,-0.0,3177.38,2160.0,1984.1176999999998,3500.0,-0.0,0.0,-0.0,-0.0
2021-12-17 00:00:00,-0.0,3254.7999999999997,2160.0,1114.9002000000019,3500.0,-0.0,0.0,-0.0,-0.0
2021-12-17 01:00:00,-0.0,3290.25,2160.0,891.5989000000009,3500.0,-0.0,0.0,-0.0,-0.0
2021-12-17 02:00:00,-0.0,3281.83,2160.0,773.5445,3500.0,-0.0,0.0,-0.0,-0.0
2021-12-17 03:00:00,-0.0,3225.7400000000002,2160.0,830.6043000000009,3500.0,-0.0,0.0,-0.0,-0.0
2021-12-17 04:00:00,-0.0,3124.52,2160.0,1089.4051,3500.0,-0.0,0.0,-0.0,-0.0
2021-12-17 05:00:00,-0.0,2986.9,2160.0,1511.9162000000015,3500.0,-0.0,0.0,-0.0,-0.0
2021-12-17 06:00:00,-0.0,2826.68,2160.0,2006.5105000000003,3500.0,-0.0,0.0,-0.0,-0.0
2021-12-17 07:00:00,-0.0,2661.0099999999998,2160.0,2465.173200000001,3500.0,-0.0,0.0,-0.0,-0.0
2021-12-17 08:00:00,0.13391930782437658,2508.2,2160.0,2804.266680692175,3500.0,-0.0,0.0,-0.0,-0.0
2021-12-17 09:00:00,910.2048955130127,2385.35,2160.0,2078.491504486986,3500.0,-0.0,0.0,-0.0,-0.0
2021-12-17 10:00:00,2213.3513600673837,2306.11,2160.0,816.3000399326174,3500.0,-0.0,0.0,-0.0,-0.0
2021-12-17 11:00:00,3260.008870311118,2279.0299999999997,2160.0,-0.0,3207.858429688883,-0.0,0.0,-0.0,-0.0
2021-12-17 12:00:00,3656.1087030286676,2306.4,2160.0,-0.0,2696.5904969713333,-0.0,0.0,-0.0,-0.0
2021-12-17 13:00:00,3260.008870311118,2384.09,2160.0,-0.0,2971.4126296888826,-0.0,0.0,-0.0,-0.0
2021-12-17 14:00:00,2213.3513600673837,2502.16,2160.0,435.54213993261646,3500.0,-0.0,0.0,-0.0,-0.0
2021-12-17 15:00:00,910.2048955130127,2646.2799999999997,2160.0,1735.2780044869887,3500.0,-0.0,0.0,-0.0,-0.0
2021-12-17 16:00:00,0.13391930782437658,2799.67,2160.0,2739.437380692175,3500.0,-0.0,0.0,-0.0,-0.0
2021-12-17 17:00:00,-0.0,2945.4900000000002,2160.0,2899.7986,3500.0,-0.0,0.0,-0.0,-0.0
2021-12-17 18:00:00,-0.0,3069.04,2160.0,3038.961699999999,3500.0,-0.0,0.0,-0.0,-0.0
2021-12-17 19:00:00,-0.0,3159.8500000000004,2160.0,3056.3662999999997,3500.0,-0.0,0.0,-0.0,-0.0
2021-12-17 20:00:00,-0.0,3213.01,2160.0,2907.6836000000003,3500.0,-0.0,0.0,-0.0,-0.0
2021-12-17 21:00:00,-0.0,3229.8700000000003,2160.0,2639.3776,3500.0,-0.0,0.0,-0.0,-0.0
2021-12-17 22:00:00,-0.0,3217.8,2160.0,2352.6270000000013,3500.0,-0.0,0.0,-0.0,-0.0
2021-12-17 23:00:00,-0.0,3189.15,2160.0,2132.0241000000024,3500.0,-0.0,0.0,-0.0,-0.0
2021-12-18 00:00:00,-0.0,3167.04,2160.0,796.7222000000011,3500.0,-0.0,0.0,-0.0,-0.0
2021-12-18 01:00:00,-0.0,3153.14,2160.0,624.3127000000004,3500.0,-0.0,0.0,-0.0,-0.0
2021-12-18 02:00:00,-0.0,3170.3700000000003,2160.0,482.0227,3500.0,-0.0,0.0,-0.0,-0.0
2021-12-18 03:00:00,-0.0,3230.7000000000003,2160.0,423.94429999999966,3500.0,-0.0,0.0,-0.0,-0.0
2021-12-18 04:00:00,-0.0,3340.96,2160.0,472.4156000000012,3500.0,-0.0,0.0,-0.0,-0.0
2021-12-18 05:00:00,-0.0,3501.74,2160.0,597.5446000000011,3500.0,-0.0,0.0,-0.0,-0.0
2021-12-18 06:00:00,-0.0,3707.2500000000005,2160.0,727.2929000000004,3500.0,-0.0,0.0,-0.0,-0.0
2021-12-18 07:00:00,-0.0,3945.95,2160.0,782.3331000000007,3500.0,-0.0,0.0,-0.0,-0.0
2021-12-18 08:00:00,0.044639769274792185,4201.96,2160.0,713.3094602307247,3500.0,-0.0,0.0,-0.0,-0.0
2021-12-18 09:00:00,1124.676666993752,4457.09,2160.0,-0.0,2895.471633006249,-0.0,0.0,-0.0,-0.0
2021-12-18 10:00:00,2737.5896504882244,4693.17,2160.0,-0.0,1008.5342495117761,-0.0,0.0,-0.0,-0.0
2021-12-18 11:00:00,4033.3705531122546,4894.33,1695.5150468877468,-0.0,-0.0,-0.0,0.0,112.58040000000119,106.95138000000112
2021-12-18 12:00:00,4523.783058365122,5049.05,962.6533416348793,-0.0,-0.0,-0.0,0.0,112.58040000000119,213.89206486200226
2021-12-18 13:00:00,4033.3705531122546,5151.55,1306.9092468877466,-0.0,-0.0,-0.0,0.0,112.58040000000119,320.8220556555172
2021-12-18 14:00:00,2737.5896504882244,5202.47,2160.0,-0.0,314.5263495117765,-0.0,0.0,-0.0,320.7899734499517
2021-12-18 15:00:00,1124.676666993752,5208.67,2160.0,-0.0,2061.6081330062475,-0.0,0.0,-0.0,320.7578944526067
2021-12-18 16:00:00,0.044639769274792185,5182.17,2160.0,-0.0,3459.7401602307245,-0.0,0.0,-0.0,320.7258186631615
2021-12-18 17:00:00,-0.0,5138.44,2160.0,196.3681000000006,3500.0,-0.0,112.58040000000119,-0.0,202.1880618707676
2021-12-18 18:00:00,-0.0,5094.21,2160.0,502.5636999999979,3500.0,-0.0,112.58040000000119,-0.0,83.66215885405296
2021-12-18 19:00:00,-0.0,5065.16,2160.0,672.0535969937409,3500.0,-0.0,79.47110300625918,-0.0,-0.0
2021-12-18 20:00:00,-0.0,5063.7,2160.0,656.4454000000014,3500.0,-0.0,0.0,-0.0,-0.0
2021-12-18 21:00:00,-0.0,5097.28,2160.0,370.26760000000013,3500.0,-0.0,0.0,-0.0,-0.0
2021-12-18 22:00:00,-0.0,5167.31,2160.0,0.13389999999981228,3500.0,-0.0,0.0,-0.0,-0.0
2021-12-18 23:00:00,-0.0,5268.969999999999,2160.0,-0.0,3147.8092000000015,-0.0,0.0,-0.0,-0.0
2021-12-19 00:00:00,-0.0,5399.150000000001,2160.0,-0.0,2225.3675999999987,-0.0,0.0,-0.0,-0.0
2021-12-19 01:00:00,-0.0,5528.64,2160.0,-0.0,1907.8976000000011,-0.0,0.0,-0.0,-0.0
2021-12-19 02:00:00,-0.0,5647.96,2160.0,-0.0,1661.7184000000007,-0.0,0.0,-0.0,-0.0
2021-12-19 03:00:00,-0.0,5740.429999999999,2160.0,-0.0,1569.576,-0.0,0.0,-0.0,-0.0
2021-12-19 04:00:00,-0.0,5791.78,2160.0,-0.0,1674.9085000000005,-0.0,0.0,-0.0,-0.0
2021-12-19 05:00:00,-0.0,5792.16,2160.0,-0.0,1958.2677999999996,-0.0,0.0,-0.0,-0.0
2021-12-19 06:00:00,-0.0,5737.5,2160.0,-0.0,2345.8942000000006,-0.0,0.0,-0.0,-0.0
2021-12-19 07:00:00,-0.0,5630.18,2160.0,-0.0,2744.5455,-0.0,0.0,-0.0,-0.0
2021-12-19 08:00:00,-0.0,5478.78,2160.0,-0.0,3080.450600000001,-0.0,0.0,-0.0,-0.0
2021-12-19 09:00:00,1241.130665089366,5297.06,2160.0,-0.0,2080.325134910633,-0.0,0.0,-0.0,-0.0
2021-12-19 10:00:00,3022.737336673278,5102.16,2160.0,-0.0,452.921963326723,-0.0,0.0,-0.0,-0.0
2021-12-19 11:00:00,4454.234297834996,4912.4400000000005,1392.2041021650048,-0.0,-0.0,-0.0,0.0,112.58040000000119,106.95138000000112
2021-12-19 12:00:00,4996.049497407786,4745.110000000001,927.0218025922159,-0.0,-0.0,-0.0,0.0,112.58040000000119,213.89206486200226
2021-12-19 13:00:00,4454.234297834996,4614.03,1553.1859021650052,-0.0,-0.0,-0.0,0.0,112.58040000000119,320.8220556555172
2021-12-19 14:00:00,3022.737336673278,4527.95,2160.0,-0.0,830.3444633267227,-0.0,0.0,-0.0,320.7899734499517
2021-12-19 15:00:00,1241.130665089366,4489.47,2160.0,-0.0,2787.523934910633,-0.0,0.0,-0.0,320.7578944526067
2021-12-19 16:00:00,-0.0,4494.81,2160.0,654.3620000000001,3500.0,-0.0,112.58040000000119,-0.0,202.2201344526339
2021-12-19 17:00:00,-0.0,4534.42,2160.0,916.7198999999982,3500.0,-0.0,112.58040000000119,-0.0,83.6942282286611
2021-12-19 18:00:00,-0.0,4594.400000000001,2160.0,1148.227534134453,3500.0,-0.0,79.50156586554633,-0.0,-0.0
2021-12-19 19:00:00,-0.0,4658.46,2160.0,1267.3558000000003,3500.0,-0.0,0.0,-0.0,-0.0
2021-12-19 20:00:00,-0.0,4710.26,2160.0,1115.2867999999999,3500.0,-0.0,0.0,-0.0,-0.0
2021-12-19 21:00:00,-0.0,4735.67,2160.0,833.4687000000013,3500.0,-0.0,0.0,-0.0,-0.0
2021-12-19 22:00:00,-0.0,4724.7699999999995,2160.0,540.3754000000017,3500.0,-0.0,0.0,-0.0,-0.0
2021-12-19 23:00:00,-0.0,4673.23,2160.0,337.28570000000036,3500.0,-0.0,0.0,-0.0,-0.0
2021-12-20 00:00:00,-0.0,4590.12,2160.0,190.79100000000017,3500.0,-0.0,0.0,-0.0,-0.0
2021-12-20 01:00:00,-0.0,4469.17,2160.0,119.65560000000005,3500.0,-0.0,0.0,-0.0,-0.0
2021-12-20 02:00:00,-0.0,4330.47,2160.0,127.32729999999992,3500.0,-0.0,0.0,-0.0,-0.0
2021-12-20 03:00:00,-0.0,4190.19,2160.0,263.7033999999994,3500.0,-0.0,0.0,-0.0,-0.0
2021-12-20 04:00:00,-0.0,4065.6,2160.0,540.6872000000008,3500.0,-0.0,0.0,-0.0,-0.0
2021-12-20 05:00:00,-0.0,3972.6800000000003,2160.0,913.003200000001,3500.0,-0.0,0.0,-0.0,-0.0
2021-12-20 06:00:00,-0.0,3923.92,2160.0,1290.3369000000002,3500.0,-0.0,0.0,-0.0,-0.0
2021-12-20 07:00:00,-0.0,3926.62,2160.0,1574.5286999999998,3500.0,-0.0,0.0,-0.0,-0.0
2021-12-20 08:00:00,-0.0,3981.8700000000003,2160.0,1699.3013999999985,3500.0,-0.0,0.0,-0.0,-0.0
2021-12-20 09:00:00,1222.828359686701,4084.28,2160.0,428.8242403132999,3500.0,-0.0,0.0,-0.0,-0.0
2021-12-20 10:00:00,2978.4881653796406,4222.67,2160.0,-0.0,1989.5214346203588,-0.0,0.0,-0.0,-0.0
2021-12-20 11:00:00,4389.171834116986,4381.5,2160.0,-0.0,323.8974658830148,-0.0,0.0,-0.0,-0.0
2021-12-20 12:00:00,4923.119274355094,4542.85,1805.865725644907,-0.0,-0.0,-0.0,0.0,112.58040000000119,106.95138000000112
2021-12-20 13:00:00,4389.171834116986,4688.76,2142.532365883014,-0.0,-0.0,-0.0,0.0,112.58040000000119,213.89206486200226
2021-12-20 14:00:00,2978.4881653796406,4803.53,2160.0,-0.0,1193.3658346203597,-0.0,0.0,-0.0,213.87067565551607
2021-12-20 15:00:00,1222.828359686701,4875.76,2160.0,-0.0,3009.2136403133,-0.0,0.0,-0.0,213.84928858795053
2021-12-20 16:00:00,-0.0,4899.72,2160.0,834.4402999999993,3500.0,-0.0,112.58040000000119,-0.0,95.32221944856417
2021-12-20 17:00:00,-0.0,4876.0599999999995,2160.0,1177.4059471347127,3500.0,-0.0,90.54705286528835,-0.0,-0.0
2021-12-20 18:00:00,-0.0,4811.58,2160.0,1586.1410000000014,3500.0,-0.0,0.0,-0.0,-0.0
2021-12-20 19:00:00,-0.0,4718.2,2160.0,1778.5082000000011,3500.0,-0.0,0.0,-0.0,-0.0
2021-12-20 20:00:00,-0.0,4611.24,2160.0,1780.5023,3500.0,-0.0,0.0,-0.0,-0.0
2021-12-20 21:00:00,-0.0,4507.2699999999995,2160.0,1623.3764,3500.0,-0.0,0.0,-0.0,-0.0
2021-12-20 22:00:00,-0.0,4421.71,2160.0,1400.2670000000007,3500.0,-0.0,0.0,-0.0,-0.0
2021-12-20 23:00:00,-0.0,4366.73,2160.0,1195.9568,3500.0,-0.0,0.0,-0.0,-0.0
2021-12-21 00:00:00,-0.0,4356.37,2160.0,404.77450000000044,3500.0,-0.0,0.0,-0.0,-0.0
2021-12-21 01:00:00,-0.0,4377.93,2160.0,186.51280000000042,3500.0,-0.0,0.0,-0.0,-0.0
2021-12-21 02:00:00,-0.0,4433.16,2160.0,-0.0,3495.665500000001,-0.0,0.0,-0.0,-0.0
2021-12-21 03:00:00,-0.0,4511.29,2160.0,-0.0,3409.073800000001,-0.0,0.0,-0.0,-0.0
2021-12-21 04:00:00,-0.0,4597.38,2160.0,-0.0,3470.8561999999993,-0.0,0.0,-0.0,-0.0
2021-12-21 05:00:00,-0.0,4674.2699999999995,2160.0,168.87850000000162,3500.0,-0.0,0.0,-0.0,-0.0
2021-12-21 06:00:00,-0.0,4724.95,2160.0,442.33140000000003,3500.0,-0.0,0.0,-0.0,-0.0
2021-12-21 07:00:00,-0.0,4734.8,2160.0,714.9805000000006,3500.0,-0.0,0.0,-0.0,-0.0
2021-12-21 08:00:00,0.022319884637396092,4693.65,2160.0,931.7875801153632,3500.0,-0.0,0.0,-0.0,-0.0
2021-12-21 09:00:00,1195.374901582704,4597.13,2160.0,-0.0,3383.427498417297,-0.0,0.0,-0.0,-0.0
2021-12-21 10:00:00,2910.6357160819566,4447.360000000001,2160.0,-0.0,1768.4521839180438,-0.0,0.0,-0.0,-0.0
2021-12-21 11:00:00,4288.754673133341,4252.6900000000005,2160.0,-0.0,484.7238268666597,-0.0,0.0,-0.0,-0.0
2021-12-21 12:00:00,4810.359217166969,4026.6600000000003,2160.0,-0.0,89.7304828330316,-0.0,0.0,-0.0,-0.0
2021-12-21 13:00:00,4288.754673133341,3786.27,2160.0,-0.0,796.3177268666577,-0.0,0.0,-0.0,-0.0
2021-12-21 14:00:00,2910.6357160819566,3549.75,2160.0,-0.0,2434.491883918045,-0.0,0.0,-0.0,-0.0
2021-12-21 15:00:00,1195.374901582704,3334.26,2160.0,993.7710984172963,3500.0,-0.0,0.0,-0.0,-0.0
2021-12-21 16:00:00,0.022319884637396092,3153.63,2160.0,2604.8820801153634,3500.0,-0.0,0.0,-0.0,-0.0
2021-12-21 17:00:00,-0.0,3016.65,2160.0,3035.4270000000015,3500.0,-0.0,0.0,-0.0,-0.0
2021-12-21 18:00:00,-0.0,2925.99,2160.0,3376.151100000001,3500.0,-0.0,0.0,-0.0,-0.0
2021-12-21 19:00:00,-0.0,2878.02,2160.0,3519.5514999999996,3500.0,-0.0,0.0,-0.0,-0.0
2021-12-21 20:00:00,-0.0,2863.35,2160.0,3425.7898000000005,3500.0,-0.0,0.0,-0.0,-0.0
2021-12-21 21:00:00,-0.0,2868.33,2160.0,3156.341700000001,3500.0,-0.0,0.0,-0.0,-0.0
2021-12-21 22:00:00,-0.0,2876.95,2160.0,2835.7776000000003,3500.0,-0.0,0.0,-0.0,-0.0
2021-12-21 23:00:00,-0.0,2873.1800000000003,2160.0,2577.0815000000002,3500.0,-0.0,0.0,-0.0,-0.0
2021-12-22 00:00:00,-0.0,2849.94,2160.0,1795.4004999999997,3500.0,-0.0,0.0,-0.0,-0.0
2021-12-22 01:00:00,-0.0,2784.32,2160.0,1661.3509000000013,3500.0,-0.0,0.0,-0.0,-0.0
2021-12-22 02:00:00,-0.0,2679.12,2160.0,1628.0710000000008,3500.0,-0.0,0.0,-0.0,-0.0
2021-12-22 03:00:00,-0.0,2536.73,2160.0,1759.2484999999997,3500.0,-0.0,0.0,-0.0,-0.0
2021-12-22 04:00:00,-0.0,2365.61,2160.0,2075.5993,3500.0,-0.0,0.0,-0.0,-0.0
2021-12-22 05:00:00,-0.0,2179.18,2160.0,2534.4169999999995,3500.0,-0.0,0.0,-0.0,-0.0
2021-12-22 06:00:00,-0.0,1994.13,2160.0,3041.191,3500.0,-0.0,0.0,-0.0,-0.0
2021-12-22 07:00:00,-0.0,1828.2399999999998,2160.0,3487.288200000001,3500.0,-0.0,0.0,-0.0,-0.0
2021-12-22 08:00:00,0.10043948086828243,1697.95,2160.0,3790.9874605191335,3500.0,-0.0,0.0,-0.0,-0.0
2021-12-22 09:00:00,1223.2524374948116,1616.27,2160.0,2697.94046250519,3500.0,-0.0,0.0,-0.0,-0.0
2021-12-22 10:00:00,2976.245016973582,1590.9499999999998,2160.0,918.8580830264191,3500.0,-0.0,0.0,-0.0,-0.0
2021-12-22 11:00:00,4384.395378804584,1623.52,2160.0,-0.0,2876.059121195416,-0.0,0.0,-0.0,-0.0
2021-12-22 12:00:00,4917.32726429169,1709.01,2160.0,-0.0,2156.5466357083087,-0.0,0.0,-0.0,-0.0
2021-12-22 13:00:00,4384.395378804584,1836.62,2160.0,-0.0,2504.9181211954174,-0.0,0.0,-0.0,-0.0
2021-12-22 14:00:00,2976.245016973582,1991.1499999999999,2160.0,280.66058302641795,3500.0,-0.0,0.0,-0.0,-0.0
2021-12-22 15:00:00,1223.2524374948116,2154.99,2160.0,1997.0584625051888,3500.0,-0.0,0.0,-0.0,-0.0
2021-12-22 16:00:00,0.10043948086828243,2310.43,2160.0,3298.748360519132,3500.0,-0.0,0.0,-0.0,-0.0
2021-12-22 17:00:00,-0.0,2441.96,2160.0,3459.8448,3500.0,-0.0,0.0,-0.0,-0.0
2021-12-22 18:00:00,-0.0,2538.31,2160.0,3612.6749,3500.0,-0.0,0.0,-0.0,-0.0
2021-12-22 19:00:00,-0.0,2593.85,2160.0,3651.816500000001,3500.0,-0.0,0.0,-0.0,-0.0
2021-12-22 20:00:00,-0.0,2609.2599999999998,2160.0,3527.361200000001,3500.0,-0.0,0.0,-0.0,-0.0
2021-12-22 21:00:00,-0.0,2591.3,2160.0,3280.376000000001,3500.0,-0.0,0.0,-0.0,-0.0
2021-12-22 22:00:00,-0.0,2551.8,2160.0,3007.5899999999992,3500.0,-0.0,0.0,-0.0,-0.0
2021-12-22 23:00:00,-0.0,2505.9300000000003,2160.0,2790.7885000000006,3500.0,-0.0,0.0,-0.0,-0.0
2021-12-23 00:00:00,-0.0,2476.5,2160.0,2014.9218,3500.0,-0.0,0.0,-0.0,-0.0
2021-12-23 01:00:00,-0.0,2465.73,2160.0,1826.0898000000016,3500.0,-0.0,0.0,-0.0,-0.0
2021-12-23 02:00:00,-0.0,2491.91,2160.0,1661.6353000000017,3500.0,-0.0,0.0,-0.0,-0.0
2021-12-23 03:00:00,-0.0,2561.83,2160.0,1580.8433999999997,3500.0,-0.0,0.0,-0.0,-0.0
2021-12-23 04:00:00,-0.0,2676.1600000000003,2160.0,1612.222600000001,3500.0,-0.0,0.0,-0.0,-0.0
2021-12-23 05:00:00,-0.0,2829.27,2160.0,1732.1139000000003,3500.0,-0.0,0.0,-0.0,-0.0
2021-12-23 06:00:00,-0.0,3009.8999999999996,2160.0,1873.9567000000006,3500.0,-0.0,0.0,-0.0,-0.0
2021-12-23 07:00:00,-0.0,3202.54,2160.0,1962.407900000001,3500.0,-0.0,0.0,-0.0,-0.0
2021-12-23 08:00:00,0.2901585002861492,3389.49,2160.0,1949.6940414997143,3500.0,-0.0,0.0,-0.0,-0.0
2021-12-23 09:00:00,1204.0015369950574,3553.1400000000003,2160.0,631.9081630049441,3500.0,-0.0,0.0,-0.0,-0.0
2021-12-23 10:00:00,2925.835557520023,3678.27,2160.0,-0.0,2234.8174424799754,-0.0,0.0,-0.0,-0.0
2021-12-23 11:00:00,4308.56357074903,3754.09,2160.0,-0.0,675.6039292509695,-0.0,0.0,-0.0,-0.0
2021-12-23 12:00:00,4831.8197862458255,3775.62,2160.0,-0.0,31.27021375417553,-0.0,0.0,-0.0,-0.0
2021-12-23 13:00:00,4308.56357074903,3744.36,2160.0,-0.0,530.5078292509688,-0.0,0.0,-0.0,-0.0
2021-12-23 14:00:00,2925.835557520023,3668.0600000000004,2160.0,-0.0,2013.457142479976,-0.0,0.0,-0.0,-0.0
2021-12-23 15:00:00,1204.0015369950574,3559.6899999999996,2160.0,472.8304630049438,3500.0,-0.0,0.0,-0.0,-0.0
2021-12-23 16:00:00,0.2901585002861492,3435.67,2160.0,2036.5885414997128,3500.0,-0.0,0.0,-0.0,-0.0
2021-12-23 17:00:00,-0.0,3313.72,2160.0,2453.524400000002,3500.0,-0.0,0.0,-0.0,-0.0
2021-12-23 18:00:00,-0.0,3210.49,2160.0,2808.2251000000015,3500.0,-0.0,0.0,-0.0,-0.0
2021-12-23 19:00:00,-0.0,3139.3500000000004,2160.0,2976.456900000001,3500.0,-0.0,0.0,-0.0,-0.0
2021-12-23 20:00:00,-0.0,3108.67,2160.0,2900.6175000000003,3500.0,-0.0,0.0,-0.0,-0.0
2021-12-23 21:00:00,-0.0,3120.77,2160.0,2626.211300000001,3500.0,-0.0,0.0,-0.0,-0.0
2021-12-23 22:00:00,-0.0,3171.68,2160.0,2265.767399999999,3500.0,-0.0,0.0,-0.0,-0.0
2021-12-23 23:00:00,-0.0,3251.76,2160.0,1925.8772000000008,3500.0,-0.0,0.0,-0.0,-0.0
2021-12-24 00:00:00,-0.0,3353.41,2160.0,1021.5902999999998,3500.0,-0.0,0.0,-0.0,-0.0
2021-12-24 01:00:00,-0.0,3447.92,2160.0,730.5515000000014,3500.0,-0.0,0.0,-0.0,-0.0
2021-12-24 02:00:00,-0.0,3525.44,2160.0,517.9329000000002,3500.0,-0.0,0.0,-0.0,-0.0
2021-12-24 03:00:00,-0.0,3572.14,2160.0,463.63700000000017,3500.0,-0.0,0.0,-0.0,-0.0
2021-12-24 04:00:00,-0.0,3578.5099999999998,2160.0,606.347099999999,3500.0,-0.0,0.0,-0.0,-0.0
2021-12-24 05:00:00,-0.0,3540.72,2160.0,920.6042000000016,3500.0,-0.0,0.0,-0.0,-0.0
2021-12-24 06:00:00,-0.0,3461.2900000000004,2160.0,1326.0638,3500.0,-0.0,0.0,-0.0,-0.0
2021-12-24 07:00:00,-0.0,3348.8,2160.0,1723.2889000000005,3500.0,-0.0,0.0,-0.0,-0.0
2021-12-24 08:00:00,0.5468371736162043,3216.91,2160.0,2032.8880628263842,3500.0,-0.0,0.0,-0.0,-0.0
2021-12-24 09:00:00,1044.3920419530382,3082.5399999999995,2160.0,1176.7986580469624,3500.0,-0.0,0.0,-0.0,-0.0
2021-12-24 10:00:00,2533.7979438064795,2963.7400000000002,2160.0,-0.0,3259.9556561935206,-0.0,0.0,-0.0,-0.0
2021-12-24 11:00:00,3729.3848842932384,2877.27,2160.0,-0.0,2054.138215706762,-0.0,0.0,-0.0,-0.0
2021-12-24 12:00:00,4181.753146181664,2836.45,2160.0,-0.0,1547.0789538183362,-0.0,0.0,-0.0,-0.0
2021-12-24 13:00:00,3729.3848842932384,2849.41,2160.0,-0.0,1935.312715706763,-0.0,0.0,-0.0,-0.0
2021-12-24 14:00:00,2533.7979438064795,2918.0099999999998,2160.0,-0.0,3090.390056193519,-0.0,0.0,-0.0,-0.0
2021-12-24 15:00:00,1044.3920419530382,3037.67,2160.0,1093.536758046961,3500.0,-0.0,0.0,-0.0,-0.0
2021-12-24 16:00:00,0.5468371736162043,3197.96,2160.0,2217.407362826383,3500.0,-0.0,0.0,-0.0,-0.0
2021-12-24 17:00:00,-0.0,3384.04,2160.0,2330.9132,3500.0,-0.0,0.0,-0.0,-0.0
2021-12-24 18:00:00,-0.0,3578.6400000000003,2160.0,2392.1778999999997,3500.0,-0.0,0.0,-0.0,-0.0
2021-12-24 19:00:00,-0.0,3764.38,2160.0,2307.9679000000006,3500.0,-0.0,0.0,-0.0,-0.0
2021-12-24 20:00:00,-0.0,3926.08,2160.0,2044.2322000000004,3500.0,-0.0,0.0,-0.0,-0.0
2021-12-24 21:00:00,-0.0,4052.75,2160.0,1659.7787000000008,3500.0,-0.0,0.0,-0.0,-0.0
2021-12-24 22:00:00,-0.0,4139.0,2160.0,1268.552600000001,3500.0,-0.0,0.0,-0.0,-0.0
2021-12-24 23:00:00,-0.0,4185.72,2160.0,966.6114000000007,3500.0,-0.0,0.0,-0.0,-0.0
2021-12-25 00:00:00,-0.0,4205.92,2160.0,-0.0,3081.0864,-0.0,0.0,-0.0,-0.0
2021-12-25 01:00:00,-0.0,4199.4,2160.0,-0.0,2895.7186,-0.0,0.0,-0.0,-0.0
2021-12-25 02:00:00,-0.0,4187.5,2160.0,-0.0,2777.1792000000005,-0.0,0.0,-0.0,-0.0
2021-12-25 03:00:00,-0.0,4186.58,2160.0,-0.0,2775.179400000001,-0.0,0.0,-0.0,-0.0
2021-12-25 04:00:00,-0.0,4211.78,2160.0,-0.0,2903.7499000000016,-0.0,0.0,-0.0,-0.0
2021-12-25 05:00:00,-0.0,4274.88,2160.0,-0.0,3121.8126,-0.0,0.0,-0.0,-0.0
2021-12-25 06:00:00,-0.0,4382.5199999999995,2160.0,-0.0,3344.9017000000013,-0.0,0.0,-0.0,-0.0
2021-12-25 07:00:00,-0.0,4535.22,2160.0,-0.0,3481.637599999999,-0.0,0.0,-0.0,-0.0
2021-12-25 08:00:00,0.8146757892649574,4727.12,2160.0,-0.0,3471.8745242107348,-0.0,0.0,-0.0,-0.0
2021-12-25 09:00:00,843.3791609086488,4946.71,2160.0,-0.0,2467.7949390913504,-0.0,0.0,-0.0,-0.0
2021-12-25 10:00:00,2041.8676863982694,5178.1900000000005,2160.0,-0.0,996.2654136017316,-0.0,0.0,-0.0,-0.0
2021-12-25 11:00:00,3003.4417964042495,5403.5,1989.9217035957518,-0.0,-0.0,-0.0,0.0,112.58040000000119,106.95138000000112
2021-12-25 12:00:00,3367.200116282212,5604.66,1334.1320837177886,-0.0,-0.0,-0.0,0.0,112.58040000000119,213.89206486200226
2021-12-25 13:00:00,3003.4417964042495,5766.0599999999995,1489.933503595752,-0.0,-0.0,-0.0,0.0,112.58040000000119,320.8220556555172
2021-12-25 14:00:00,2041.8676863982694,5876.46,2160.0,-0.0,101.20661360173176,-0.0,0.0,-0.0,320.7899734499517
2021-12-25 15:00:00,843.3791609086488,5930.450000000001,2160.0,-0.0,1383.6637390913515,-0.0,0.0,-0.0,320.7578944526067
2021-12-25 16:00:00,0.8146757892649574,5929.07,2160.0,-0.0,2472.4463242107354,-0.0,0.0,-0.0,320.7258186631615
2021-12-25 17:00:00,-0.0,5879.59,2160.0,-0.0,2826.2623999999996,-0.0,0.0,-0.0,320.69374608129516
2021-12-25 18:00:00,-0.0,5794.51,2160.0,-0.0,3171.6466,-0.0,0.0,-0.0,320.66167670668705
2021-12-25 19:00:00,-0.0,5689.8099999999995,2160.0,-0.0,3382.2706000000017,-0.0,0.0,-0.0,320.62961053901637
2021-12-25 20:00:00,-0.0,5582.72,2160.0,-0.0,3391.668200000001,-0.0,0.0,-0.0,320.5975475779625
2021-12-25 21:00:00,-0.0,5489.48,2160.0,-0.0,3231.4134000000013,-0.0,0.0,-0.0,320.5654878232047
2021-12-25 22:00:00,-0.0,5423.04,2160.0,-0.0,2997.107500000001,-0.0,0.0,-0.0,320.5334312744224
2021-12-25 23:00:00,-0.0,5391.39,2160.0,-0.0,2777.7066999999997,-0.0,0.0,-0.0,320.501377931295
2021-12-26 00:00:00,-0.0,5402.360000000001,2160.0,-0.0,1972.1936000000005,-0.0,0.0,-0.0,320.46932779350186
2021-12-26 01:00:00,-0.0,5439.96,2160.0,-0.0,1746.7423000000008,-0.0,0.0,-0.0,320.4372808607225
2021-12-26 02:00:00,-0.0,5500.14,2160.0,-0.0,1560.0878999999995,-0.0,0.0,-0.0,320.40523713263644
2021-12-26 03:00:00,-0.0,5568.82,2160.0,-0.0,1492.377700000001,-0.0,0.0,-0.0,320.3731966089232
2021-12-26 04:00:00,-0.0,5629.66,2160.0,-0.0,1589.1185000000005,-0.0,0.0,-0.0,320.3411592892623
2021-12-26 05:00:00,-0.0,5666.45,2160.0,-0.0,1837.2195999999994,-0.0,0.0,-0.0,320.30912517333337
2021-12-26 06:00:00,-0.0,5665.3,2160.0,-0.0,2172.7439000000004,-0.0,0.0,-0.0,320.27709426081606
2021-12-26 07:00:00,-0.0,5616.71,2160.0,-0.0,2514.3265999999994,-0.0,0.0,-0.0,320.24506655139
2021-12-26 08:00:00,1.2499135396941814,5516.93,2160.0,-0.0,2799.274086460305,-0.0,0.0,-0.0,320.21304204473483
2021-12-26 09:00:00,788.5168844699292,5368.579999999999,2160.0,-0.0,2221.802915530071,-0.0,0.0,-0.0,320.18102074053036
2021-12-26 10:00:00,1904.2767575510413,5180.47,2160.0,-0.0,1255.8680424489578,-0.0,0.0,-0.0,320.1490026384563
2021-12-26 11:00:00,2798.924693471789,4966.48,2160.0,-0.0,486.346006528212,-0.0,0.0,-0.0,320.11698773819245
2021-12-26 12:00:00,3137.282984632395,4743.85,2160.0,-0.0,282.81961536760537,-0.0,0.0,-0.0,320.0849760394186
2021-12-26 13:00:00,2798.924693471789,4530.96,2160.0,-0.0,790.4802065282115,-0.0,0.0,-0.0,320.05296754181467
2021-12-26 14:00:00,1904.2767575510413,4345.0,2160.0,-0.0,1906.6301424489586,-0.0,0.0,-0.0,320.0209622450605
2021-12-26 15:00:00,788.5168844699292,4199.75,2160.0,-0.0,3308.3494155300723,-0.0,0.0,-0.0,319.988960148836
2021-12-26 16:00:00,1.2499135396941814,4103.8,2160.0,826.931272709161,3500.0,-0.0,112.11351375114444,-0.0,201.94273625161642
2021-12-26 17:00:00,-0.0,4059.58,2160.0,1290.562,3500.0,-0.0,0.0,-0.0,201.92254197799127
2021-12-26 18:00:00,-0.0,4063.05,2160.0,1549.8051000000005,3500.0,-0.0,0.0,-0.0,201.90234972379346
2021-12-26 19:00:00,-0.0,4104.360000000001,2160.0,1616.7096999999994,3500.0,-0.0,0.0,-0.0,201.8821594888211
2021-12-26 20:00:00,-0.0,4169.29,2160.0,1456.2570000000005,3500.0,-0.0,0.0,-0.0,201.8619712728722
2021-12-26 21:00:00,-0.0,4241.1900000000005,2160.0,1132.911,3500.0,-0.0,0.0,-0.0,201.84178507574492
2021-12-26 22:00:00,-0.0,4303.31,2160.0,771.9703999999992,3500.0,-0.0,0.0,-0.0,201.82160089723735
2021-12-26 23:00:00,-0.0,4341.08,2160.0,484.9475000000002,3500.0,-0.0,0.0,-0.0,201.80141873714763
2021-12-27 00:00:00,-0.0,4349.78,2160.0,250.054000000001,3500.0,-0.0,0.0,-0.0,201.78123859527392
2021-12-27 01:00:00,-0.0,4313.34,2160.0,100.18449999999939,3500.0,-0.0,0.0,-0.0,201.7610604714144
2021-12-27 02:00:00,-0.0,4238.89,2160.0,49.574499999999716,3500.0,-0.0,0.0,-0.0,201.74088436536726
2021-12-27 03:00:00,-0.0,4133.91,2160.0,156.8060999999998,3500.0,-0.0,0.0,-0.0,201.72071027693073
2021-12-27 04:00:00,-0.0,4010.89,2160.0,438.55739999999923,3500.0,-0.0,0.0,-0.0,201.70053820590303
2021-12-27 05:00:00,-0.0,3885.58,2160.0,849.7764000000006,3500.0,-0.0,0.0,-0.0,201.68036815208245
2021-12-27 06:00:00,-0.0,3774.79,2160.0,1295.8247000000001,3500.0,-0.0,0.0,-0.0,201.66020011526726
2021-12-27 07:00:00,-0.0,3694.1000000000004,2160.0,1670.2549,3500.0,-0.0,0.0,-0.0,201.64003409525574
2021-12-27 08:00:00,2.2096685791022135,3655.61,2160.0,1893.5675314208984,3500.0,-0.0,0.0,-0.0,201.61987009184622
2021-12-27 09:00:00,908.5978638191202,3666.29,2160.0,1038.4235361808805,3500.0,-0.0,0.0,-0.0,201.59970810483705
2021-12-27 10:00:00,2187.8843716961146,3726.9,2160.0,-0.0,3160.582628303886,-0.0,0.0,-0.0,201.57954813402657
2021-12-27 11:00:00,3212.902753783893,3831.8,2160.0,-0.0,1942.0042462161073,-0.0,0.0,-0.0,201.55939017921315
2021-12-27 12:00:00,3600.4763905699574,3969.6,2160.0,-0.0,1328.9014094300446,-0.0,0.0,-0.0,201.53923424019524
2021-12-27 13:00:00,3212.902753783893,4124.59,2160.0,-0.0,1517.8284462161073,-0.0,0.0,-0.0,201.51908031677124
2021-12-27 14:00:00,2187.8843716961146,4278.74,2160.0,-0.0,2424.0334283038846,-0.0,0.0,-0.0,201.49892840873957
2021-12-27 15:00:00,908.5978638191202,4414.04,2160.0,208.3887361808811,3500.0,-0.0,0.0,-0.0,201.4787785158987
2021-12-27 16:00:00,2.2096685791022135,4514.8,2160.0,1261.0169314208988,3500.0,-0.0,0.0,-0.0,201.4586306380471
2021-12-27 17:00:00,-0.0,4569.650000000001,2160.0,1513.8103,3500.0,-0.0,0.0,-0.0,201.43848477498332
2021-12-27 18:00:00,-0.0,4573.01,2160.0,1772.4159,3500.0,-0.0,0.0,-0.0,201.41834092650583
2021-12-27 19:00:00,-0.0,4525.67,2160.0,1927.0864999999994,3500.0,-0.0,0.0,-0.0,201.3981990924132
2021-12-27 20:00:00,-0.0,4434.66,2160.0,1921.557200000001,3500.0,-0.0,0.0,-0.0,201.37805927250395
2021-12-27 21:00:00,-0.0,4312.1900000000005,2160.0,1791.429400000001,3500.0,-0.0,0.0,-0.0,201.3579214665767
2021-12-27 22:00:00,-0.0,4173.87,2160.0,1629.6457,3500.0,-0.0,0.0,-0.0,201.33778567443005
2021-12-27 23:00:00,-0.0,4036.6400000000003,2160.0,1516.2110000000002,3500.0,-0.0,0.0,-0.0,201.3176518958626
2021-12-28 00:00:00,-0.0,3921.7400000000002,2160.0,836.0622000000003,3500.0,-0.0,0.0,-0.0,201.29752013067304
2021-12-28 01:00:00,-0.0,3830.92,2160.0,738.9022000000004,3500.0,-0.0,0.0,-0.0,201.27739037865996
2021-12-28 02:00:00,-0.0,3777.2099999999996,2160.0,665.7530000000006,3500.0,-0.0,0.0,-0.0,201.2572626396221
2021-12-28 03:00:00,-0.0,3762.19,2160.0,681.1005999999998,3500.0,-0.0,0.0,-0.0,201.23713691335814
2021-12-28 04:00:00,-0.0,3781.1800000000003,2160.0,818.7931000000008,3500.0,-0.0,0.0,-0.0,201.2170131996668
2021-12-28 05:00:00,-0.0,3823.95,2160.0,1059.7611000000006,3500.0,-0.0,0.0,-0.0,201.19689149834684
2021-12-28 06:00:00,-0.0,3876.02,2160.0,1340.6574999999993,3500.0,-0.0,0.0,-0.0,201.17677180919702
2021-12-28 07:00:00,-0.0,3920.7599999999998,2160.0,1587.250100000001,3500.0,-0.0,0.0,-0.0,201.15665413201611
2021-12-28 08:00:00,3.682780965170356,3941.6400000000003,2160.0,1747.192419034829,3500.0,-0.0,0.0,-0.0,201.13653846660293
2021-12-28 09:00:00,1048.8002191689238,3924.5200000000004,2160.0,778.4788808310777,3500.0,-0.0,0.0,-0.0,201.11642481275626
2021-12-28 10:00:00,2517.0915101553883,3859.66,2160.0,-0.0,2834.3523898446138,-0.0,0.0,-0.0,201.09631317027498
2021-12-28 11:00:00,3692.60171441081,3743.13,2160.0,-0.0,1683.8508855891914,-0.0,0.0,-0.0,201.07620353895797
2021-12-28 12:00:00,4136.934817829772,3577.4,2160.0,-0.0,1314.5493821702303,-0.0,0.0,-0.0,201.0560959186041
2021-12-28 13:00:00,3692.60171441081,3371.19,2160.0,-0.0,1918.3626855891907,-0.0,0.0,-0.0,201.03599030901222
2021-12-28 14:00:00,2517.0915101553883,3138.33,2160.0,-0.0,3358.8935898446134,-0.0,0.0,-0.0,201.01588670998132
2021-12-28 15:00:00,1048.8002191689238,2896.05,2160.0,1706.5589808310779,3500.0,-0.0,0.0,-0.0,200.99578512131032
2021-12-28 16:00:00,3.682780965170356,2662.81,2160.0,3228.5442190348303,3500.0,-0.0,0.0,-0.0,200.9756855427982
2021-12-28 17:00:00,-0.0,2455.88,2160.0,3741.1249,3500.0,-0.0,0.0,-0.0,200.9555879742439
2021-12-28 18:00:00,-0.0,2289.17,2160.0,4166.243700000001,3500.0,-0.0,0.0,-0.0,200.93549241544648
2021-12-28 19:00:00,-0.0,2171.52,2160.0,4275.0,3500.0,-0.0,112.58040000000119,-0.0,82.40971465567736
2021-12-28 20:00:00,-0.0,2105.5499999999997,2160.0,4275.0,3500.0,-0.0,78.28140000000121,-0.0,-0.0
2021-12-28 21:00:00,-0.0,2087.52,2160.0,4114.903300000002,3500.0,-0.0,0.0,-0.0,-0.0
2021-12-28 22:00:00,-0.0,2107.9,2160.0,3790.5300000000007,3500.0,-0.0,0.0,-0.0,-0.0
2021-12-28 23:00:00,-0.0,2152.83,2160.0,3490.970300000001,3500.0,-0.0,0.0,-0.0,-0.0
2021-12-29 00:00:00,-0.0,2211.23,2160.0,2633.1652000000013,3500.0,-0.0,0.0,-0.0,-0.0
2021-12-29 01:00:00,-0.0,2256.35,2160.0,2395.9598000000005,3500.0,-0.0,0.0,-0.0,-0.0
2021-12-29 02:00:00,-0.0,2279.2599999999998,2160.0,2242.0215000000007,3500.0,-0.0,0.0,-0.0,-0.0
2021-12-29 03:00:00,-0.0,2270.01,2160.0,2247.3688999999995,3500.0,-0.0,0.0,-0.0,-0.0
2021-12-29 04:00:00,-0.0,2224.2799999999997,2160.0,2445.4927000000016,3500.0,-0.0,0.0,-0.0,-0.0
2021-12-29 05:00:00,-0.0,2143.98,2160.0,2805.1887000000006,3500.0,-0.0,0.0,-0.0,-0.0
2021-12-29 06:00:00,-0.0,2037.04,2160.0,3240.701100000001,3500.0,-0.0,0.0,-0.0,-0.0
2021-12-29 07:00:00,-0.0,1916.3700000000001,2160.0,3648.2629000000006,3500.0,-0.0,0.0,-0.0,-0.0
2021-12-29 08:00:00,5.345612370656364,1798.12,2160.0,3941.1899876293437,3500.0,-0.0,0.0,-0.0,-0.0
2021-12-29 09:00:00,1101.832265067377,1699.4799999999998,2160.0,2998.105834932624,3500.0,-0.0,0.0,-0.0,-0.0
2021-12-29 10:00:00,2634.5164232327293,1636.3700000000001,2160.0,1483.2773767672716,3500.0,-0.0,0.0,-0.0,-0.0
2021-12-29 11:00:00,3860.458406826347,1621.2299999999998,2160.0,176.36509317365335,3500.0,-0.0,0.0,-0.0,-0.0
2021-12-29 12:00:00,4323.696452533184,1661.29,2160.0,-0.0,3077.752347466817,-0.0,0.0,-0.0,-0.0
2021-12-29 13:00:00,3860.458406826347,1757.53,2160.0,-0.0,3393.3795931736536,-0.0,0.0,-0.0,-0.0
2021-12-29 14:00:00,2634.5164232327293,1904.51,2160.0,999.841776767269,3500.0,-0.0,0.0,-0.0,-0.0
2021-12-29 15:00:00,1101.832265067377,2090.95,2160.0,2478.5039349326235,3500.0,-0.0,0.0,-0.0,-0.0
2021-12-29 16:00:00,5.345612370656364,2301.22,2160.0,3603.6592876293453,3500.0,-0.0,0.0,-0.0,-0.0
2021-12-29 17:00:00,-0.0,2517.31,2160.0,3690.1872000000003,3500.0,-0.0,0.0,-0.0,-0.0
2021-12-29 18:00:00,-0.0,2721.17,2160.0,3740.035200000002,3500.0,-0.0,0.0,-0.0,-0.0
2021-12-29 19:00:00,-0.0,2896.99,2160.0,3663.2024,3500.0,-0.0,0.0,-0.0,-0.0
2021-12-29 20:00:00,-0.0,3033.27,2160.0,3421.9565000000002,3500.0,-0.0,0.0,-0.0,-0.0
2021-12-29 21:00:00,-0.0,3124.18,2160.0,3069.9506,3500.0,-0.0,0.0,-0.0,-0.0
2021-12-29 22:00:00,-0.0,3170.25,2160.0,2715.2111999999997,3500.0,-0.0,0.0,-0.0,-0.0
2021-12-29 23:00:00,-0.0,3178.19,2160.0,2447.9809999999998,3500.0,-0.0,0.0,-0.0,-0.0
2021-12-30 00:00:00,-0.0,3164.77,2160.0,1657.033800000001,3500.0,-0.0,0.0,-0.0,-0.0
2021-12-30 01:00:00,-0.0,3135.26,2160.0,1489.8420999999998,3500.0,-0.0,0.0,-0.0,-0.0
2021-12-30 02:00:00,-0.0,3111.06,2160.0,1378.4235000000008,3500.0,-0.0,0.0,-0.0,-0.0
2021-12-30 03:00:00,-0.0,3107.51,2160.0,1373.5131000000001,3500.0,-0.0,0.0,-0.0,-0.0
2021-12-30 04:00:00,-0.0,3136.63,2160.0,1492.2642000000005,3500.0,-0.0,0.0,-0.0,-0.0
2021-12-30 05:00:00,-0.0,3205.46,2160.0,1698.3478000000005,3500.0,-0.0,0.0,-0.0,-0.0
2021-12-30 06:00:00,-0.0,3314.98,2160.0,1912.9607000000015,3500.0,-0.0,0.0,-0.0,-0.0
2021-12-30 07:00:00,-0.0,3459.89,2160.0,2050.548500000001,3500.0,-0.0,0.0,-0.0,-0.0
2021-12-30 08:00:00,7.399041757296805,3629.3199999999997,2160.0,2049.3988582427028,3500.0,-0.0,0.0,-0.0,-0.0
2021-12-30 09:00:00,1143.2468110120653,3808.18,2160.0,785.1648889879352,3500.0,-0.0,0.0,-0.0,-0.0
2021-12-30 10:00:00,2722.334009338564,3979.2,2160.0,-0.0,2485.5731906614365,-0.0,0.0,-0.0,-0.0
2021-12-30 11:00:00,3984.0882478328845,4125.22,2160.0,-0.0,977.5195521671162,-0.0,0.0,-0.0,-0.0
2021-12-30 12:00:00,4460.684744495203,4231.5,2160.0,-0.0,295.222955504797,-0.0,0.0,-0.0,-0.0
2021-12-30 13:00:00,3984.0882478328845,4287.7300000000005,2160.0,-0.0,660.1821521671159,-0.0,0.0,-0.0,-0.0
2021-12-30 14:00:00,2722.334009338564,4289.4,2160.0,-0.0,1943.8028906614372,-0.0,0.0,-0.0,-0.0
2021-12-30 15:00:00,1143.2468110120653,4238.49,2160.0,202.3284889879369,3500.0,-0.0,0.0,-0.0,-0.0
2021-12-30 16:00:00,7.399041757296805,4143.21,2160.0,1668.584658242703,3500.0,-0.0,0.0,-0.0,-0.0
2021-12-30 17:00:00,-0.0,4016.94,2160.0,2095.796299999998,3500.0,-0.0,0.0,-0.0,-0.0
2021-12-30 18:00:00,-0.0,3876.55,2160.0,2486.249100000002,3500.0,-0.0,0.0,-0.0,-0.0
2021-12-30 19:00:00,-0.0,3740.12,2160.0,2718.1095000000014,3500.0,-0.0,0.0,-0.0,-0.0
2021-12-30 20:00:00,-0.0,3624.6499999999996,2160.0,2725.1478000000006,3500.0,-0.0,0.0,-0.0,-0.0
2021-12-30 21:00:00,-0.0,3543.8199999999997,2160.0,2541.5110000000022,3500.0,-0.0,0.0,-0.0,-0.0
2021-12-30 22:00:00,-0.0,3506.2599999999998,2160.0,2267.125600000001,3500.0,-0.0,0.0,-0.0,-0.0
2021-12-30 23:00:00,-0.0,3514.5,2160.0,1996.4195,3500.0,-0.0,0.0,-0.0,-0.0
2021-12-31 00:00:00,-0.0,3569.4900000000002,2160.0,1133.6654000000017,3500.0,-0.0,0.0,-0.0,-0.0
2021-12-31 01:00:00,-0.0,3652.18,2160.0,851.3045000000002,3500.0,-0.0,0.0,-0.0,-0.0
2021-12-31 02:00:00,-0.0,3753.5099999999998,2160.0,611.4958999999999,3500.0,-0.0,0.0,-0.0,-0.0
2021-12-31 03:00:00,-0.0,3857.31,2160.0,496.4821000000006,3500.0,-0.0,0.0,-0.0,-0.0
2021-12-31 04:00:00,-0.0,3947.3799999999997,2160.0,551.6442000000002,3500.0,-0.0,0.0,-0.0,-0.0
2021-12-31 05:00:00,-0.0,4009.8,2160.0,761.611899999999,3500.0,-0.0,0.0,-0.0,-0.0
2021-12-31 06:00:00,-0.0,4034.88,2160.0,1058.255900000001,3500.0,-0.0,0.0,-0.0,-0.0
2021-12-31 07:00:00,-0.0,4018.57,2160.0,1354.7731000000003,3500.0,-0.0,0.0,-0.0,-0.0
2021-12-31 08:00:00,10.680064798994032,3963.11,2160.0,1573.0614352010061,3500.0,-0.0,0.0,-0.0,-0.0
2021-12-31 09:00:00,1270.804951714784,3876.77,2160.0,447.70154828521754,3500.0,-0.0,0.0,-0.0,-0.0
2021-12-31 10:00:00,3012.503669567032,3772.85,2160.0,-0.0,2258.514330432968,-0.0,0.0,-0.0,-0.0
2021-12-31 11:00:00,4402.653044437973,3667.88,2160.0,-0.0,871.2563555620263,-0.0,0.0,-0.0,-0.0
2021-12-31 12:00:00,4927.516291628661,3579.46,2160.0,-0.0,333.72120837134116,-0.0,0.0,-0.0,-0.0
2021-12-31 13:00:00,4402.653044437973,3523.9300000000003,2160.0,-0.0,857.164055562027,-0.0,0.0,-0.0,-0.0
2021-12-31 14:00:00,3012.503669567032,3514.12,2160.0,-0.0,2279.246830432969,-0.0,0.0,-0.0,-0.0
2021-12-31 15:00:00,1270.804951714784,3557.67,2160.0,604.6408482852157,3500.0,-0.0,0.0,-0.0,-0.0
2021-12-31 16:00:00,10.680064798994032,3655.9599999999996,2160.0,2000.4536352010064,3500.0,-0.0,0.0,-0.0,-0.0
2021-12-31 17:00:00,-0.0,3803.91,2160.0,2155.7097000000012,3500.0,-0.0,0.0,-0.0,-0.0
2021-12-31 18:00:00,-0.0,3990.59,2160.0,2218.208499999999,3500.0,-0.0,0.0,-0.0,-0.0
2021-12-31 19:00:00,-0.0,4200.68,2160.0,2102.8001000000004,3500.0,-0.0,0.0,-0.0,-0.0
2021-12-31 20:00:00,-0.0,4416.47,2160.0,1777.9661000000006,3500.0,-0.0,0.0,-0.0,-0.0
2021-12-31 21:00:00,-0.0,4620.15,2160.0,1309.3396000000012,3500.0,-0.0,0.0,-0.0,-0.0
2021-12-31 22:00:00,-0.0,4796.12,2160.0,821.0836000000008,3500.0,-0.0,0.0,-0.0,-0.0
2021-12-31 23:00:00,-0.0,4933.02,2160.0,421.5120999999999,3500.0,-0.0,0.0,-0.0,-0.0
