timestamp,solar,wind,nuclear,gas,imports,load_shedding,battery_discharge_mw,battery_charge_mw,battery_state_of_charge_mwh
2021-01-01 00:00:00,-0.0,4557.59,2160.0,-0.0,1195.6229999999996,-0.0,0.0,-0.0,-0.0
2021-01-01 01:00:00,-0.0,4731.84,2160.0,-0.0,878.058,-0.0,0.0,-0.0,-0.0
2021-01-01 02:00:00,-0.0,4879.93,2160.0,-0.0,633.768,-0.0,0.0,-0.0,-0.0
2021-01-01 03:00:00,-0.0,4987.18,2160.0,-0.0,528.2509999999993,-0.0,0.0,-0.0,-0.0
2021-01-01 04:00:00,-0.0,5043.32,2160.0,-0.0,594.2110000000002,-0.0,0.0,-0.0,-0.0
2021-01-01 05:00:00,-0.0,5043.919999999999,2160.0,-0.0,813.5420000000013,-0.0,0.0,-0.0,-0.0
2021-01-01 06:00:00,-0.0,4991.0,2160.0,-0.0,1124.3520000000008,-0.0,0.0,-0.0,-0.0
2021-01-01 07:00:00,-0.0,4892.83,2160.0,-0.0,1448.4770000000008,-0.0,0.0,-0.0,-0.0
2021-01-01 08:00:00,7.424204661754171,4762.86,2160.0,-0.0,1714.8927953382458,-0.0,0.0,-0.0,-0.0
2021-01-01 09:00:00,697.3084109610072,4617.97,2160.0,-0.0,1217.5325890389922,-0.0,0.0,-0.0,-0.0
2021-01-01 10:00:00,1644.9881122454203,4476.32,2160.0,-0.0,382.31488775457956,-0.0,0.0,-0.0,-0.0
2021-01-01 11:00:00,2400.464088527275,4354.93,1940.0289114727252,-0.0,-0.0,-0.0,0.0,100.0,95.0
2021-01-01 12:00:00,2685.5720310357187,4267.51,1674.8569689642814,-0.0,-0.0,-0.0,0.0,100.0,189.9905
2021-01-01 13:00:00,2400.464088527275,4222.74,1971.152911472725,-0.0,-0.0,-0.0,0.0,100.0,284.97150095
2021-01-01 14:00:00,1644.9881122454203,4223.15,2160.0,-0.0,393.4008877545807,-0.0,100.0,-0.0,179.67984590516818
2021-01-01 15:00:00,697.3084109610072,4264.96,2160.0,-0.0,1407.2475890389924,-0.0,100.0,-0.0,74.39872002584083
2021-01-01 16:00:00,7.424204661754171,4338.66,2160.0,-0.0,2242.759079192099,-0.0,70.67171614614634,-0.0,-0.0
2021-01-01 17:00:00,-0.0,4430.4,2160.0,-0.0,2464.0640000000003,-0.0,0.0,-0.0,-0.0
2021-01-01 18:00:00,-0.0,4524.04,2160.0,-0.0,2571.9360000000006,-0.0,0.0,-0.0,-0.0
2021-01-01 19:00:00,-0.0,4603.37,2160.0,-0.0,2575.169000000001,-0.0,0.0,-0.0,-0.0
2021-01-01 20:00:00,-0.0,4654.45,2160.0,-0.0,2449.827,-0.0,0.0,-0.0,-0.0
2021-01-01 21:00:00,-0.0,4667.58,2160.0,-0.0,2242.392,-0.0,0.0,-0.0,-0.0
2021-01-01 22:00:00,-0.0,4638.67,2160.0,-0.0,2040.4529999999995,-0.0,0.0,-0.0,-0.0
2021-01-01 23:00:00,-0.0,4569.95,2160.0,-0.0,1916.353,-0.0,0.0,-0.0,-0.0
2021-01-02 00:00:00,-0.0,4473.9800000000005,2160.0,-0.0,963.3549999999996,-0.0,0.0,-0.0,-0.0
2021-01-02 01:00:00,-0.0,4355.39,2160.0,-0.0,937.3449999999993,-0.0,0.0,-0.0,-0.0
2021-01-02 02:00:00,-0.0,4235.0,2160.0,-0.0,960.1509999999998,-0.0,0.0,-0.0,-0.0
2021-01-02 03:00:00,-0.0,4130.38,2160.0,-0.0,1065.0230000000001,-0.0,0.0,-0.0,-0.0
2021-01-02 04:00:00,-0.0,4057.81,2160.0,-0.0,1258.118,-0.0,0.0,-0.0,-0.0
2021-01-02 05:00:00,-0.0,4030.11,2160.0,-0.0,1504.0790000000002,-0.0,0.0,-0.0,-0.0
2021-01-02 06:00:00,-0.0,4054.87,2160.0,-0.0,1735.4470000000001,-0.0,0.0,-0.0,-0.0
2021-01-02 07:00:00,-0.0,4133.46,2160.0,-0.0,1880.9579999999996,-0.0,0.0,-0.0,-0.0
2021-01-02 08:00:00,9.217103878825096,4260.75,2160.0,-0.0,1886.3788961211744,-0.0,0.0,-0.0,-0.0
2021-01-02 09:00:00,696.877129362399,4425.81,2160.0,-0.0,1079.261870637601,-0.0,0.0,-0.0,-0.0
2021-01-02 10:00:00,1635.4259830877088,4613.3,2103.0390916540555,-0.0,-0.0,-0.0,0.0,21.121074741764055,20.065021004675852
2021-01-02 11:00:00,2382.6521585047594,4805.48,1172.1118414952416,-0.0,-0.0,-0.0,0.0,100.0,115.06301450257538
2021-01-02 12:00:00,2664.513166692253,4984.54,641.4228333077458,-0.0,-0.0,-0.0,0.0,100.0,210.05150820112513
2021-01-02 13:00:00,2382.6521585047594,5134.88,736.9978414952393,-0.0,-0.0,-0.0,0.0,100.0,305.030503050305
2021-01-02 14:00:00,1635.4259830877088,5245.16,1398.6830169122916,-0.0,-0.0,-0.0,0.0,100.0,400.0
2021-01-02 15:00:00,696.877129362399,5309.68,2160.0,-0.0,18.16887063760123,-0.0,100.0,-0.0,294.69684210526316
2021-01-02 16:00:00,9.217103878825096,5329.080000000001,2160.0,-0.0,873.8348961211736,-0.0,100.0,-0.0,189.4042145263158
2021-01-02 17:00:00,-0.0,5310.08,2160.0,-0.0,1134.335000000001,-0.0,100.0,-0.0,84.12211621012632
2021-01-02 18:00:00,-0.0,5264.51,2160.0,-0.0,1398.7719812014202,-0.0,79.90801879858006,-0.0,-0.0
2021-01-02 19:00:00,-0.0,5207.540000000001,2160.0,-0.0,1615.4099999999999,-0.0,0.0,-0.0,-0.0
2021-01-02 20:00:00,-0.0,5155.530000000001,2160.0,-0.0,1590.2889999999989,-0.0,0.0,-0.0,-0.0
2021-01-02 21:00:00,-0.0,5123.7,2160.0,-0.0,1424.8830000000007,-0.0,0.0,-0.0,-0.0
2021-01-02 22:00:00,-0.0,5123.9400000000005,2160.0,-0.0,1190.8019999999997,-0.0,0.0,-0.0,-0.0
2021-01-02 23:00:00,-0.0,5163.08,2160.0,-0.0,955.7919999999995,-0.0,0.0,-0.0,-0.0
2021-01-03 00:00:00,-0.0,5245.990000000001,2160.0,-0.0,256.7059999999992,-0.0,0.0,-0.0,-0.0
2021-01-03 01:00:00,-0.0,5358.969999999999,2155.969000000001,-0.0,-0.0,-0.0,0.0,-0.0,-0.0
2021-01-03 02:00:00,-0.0,5494.96,1919.187,-0.0,-0.0,-0.0,0.0,-0.0,-0.0
2021-01-03 03:00:00,-0.0,5638.6,1772.545,-0.0,-0.0,-0.0,0.0,-0.0,-0.0
2021-01-03 04:00:00,-0.0,5772.33,1777.6952242576726,-0.0,-0.0,-0.0,0.0,21.654224257672222,20.57151304478861
2021-01-03 05:00:00,-0.0,5878.7,1964.5910000000003,-0.0,-0.0,-0.0,0.0,100.0,115.56945589348413
2021-01-03 06:00:00,-0.0,5942.650000000001,2153.388999999999,-0.0,-0.0,-0.0,0.0,100.0,210.55789894789478
2021-01-03 07:00:00,-0.0,5953.59,2160.0,-0.0,3.136000000000422,-0.0,100.0,-0.0,105.27368526326316
2021-01-03 08:00:00,11.718537150752228,5906.709999999999,2160.0,-0.0,176.77546284924836,-0.0,100.0,-0.0,-0.0
2021-01-03 09:00:00,725.9147032801147,5803.72,1867.6942967198847,-0.0,-0.0,-0.0,0.0,-0.0,-0.0
2021-01-03 10:00:00,1694.1357309896634,5652.549999999999,1036.9533437521018,-0.0,-0.0,-0.0,0.0,21.121074741764055,20.065021004675852
2021-01-03 11:00:00,2463.9117728482247,5466.379999999999,458.29622715177584,-0.0,-0.0,-0.0,0.0,100.0,115.06301450257538
2021-01-03 12:00:00,2754.1334828830218,5261.83,299.30451711697833,-0.0,-0.0,-0.0,0.0,100.0,210.05150820112513
2021-01-03 13:00:00,2463.9117728482247,5056.83,755.0102271517758,-0.0,-0.0,-0.0,0.0,100.0,305.030503050305
2021-01-03 14:00:00,1694.1357309896634,4868.219999999999,1734.5512690103365,-0.0,-0.0,-0.0,0.0,100.0,400.0
2021-01-03 15:00:00,725.9147032801147,4709.59,2160.0,-0.0,703.2612967198847,-0.0,0.0,-0.0,399.96
2021-01-03 16:00:00,11.718537150752228,4589.52,2160.0,-0.0,1721.3274628492481,-0.0,0.0,-0.0,399.920004
2021-01-03 17:00:00,-0.0,4510.5,2160.0,-0.0,2040.7360000000008,-0.0,0.0,-0.0,399.8800119996
2021-01-03 18:00:00,-0.0,4468.75,2160.0,-0.0,2277.6460000000006,-0.0,0.0,-0.0,399.84002399840006
2021-01-03 19:00:00,-0.0,4454.84,2160.0,-0.0,2367.7000000000007,-0.0,0.0,-0.0,399.80003999600024
2021-01-03 20:00:00,-0.0,4455.05,2160.0,-0.0,2286.7470000000003,-0.0,0.0,-0.0,399.76005999200066
2021-01-03 21:00:00,-0.0,4453.41,2160.0,-0.0,2087.544,-0.0,0.0,-0.0,399.72008398600144
2021-01-03 22:00:00,-0.0,4433.9400000000005,2160.0,-0.0,1869.575999999999,-0.0,0.0,-0.0,399.68011197760285
2021-01-03 23:00:00,-0.0,4382.99,2160.0,-0.0,1721.0720000000001,-0.0,0.0,-0.0,399.6401439664051
2021-01-04 00:00:00,-0.0,4295.05,2160.0,-0.0,1625.1620000000003,-0.0,0.0,-0.0,399.6001799520085
2021-01-04 01:00:00,-0.0,4158.71,2160.0,-0.0,1610.1930000000002,-0.0,0.0,-0.0,399.5602199340133
2021-01-04 02:00:00,-0.0,3980.46,2160.0,-0.0,1684.121,-0.0,0.0,-0.0,399.52026391201986
2021-01-04 03:00:00,-0.0,3769.0299999999997,2160.0,-0.0,1889.0430000000006,-0.0,0.0,-0.0,399.4803118856287
2021-01-04 04:00:00,-0.0,3538.19,2160.0,-0.0,2233.6299999999997,-0.0,0.0,-0.0,399.44036385444014
2021-01-04 05:00:00,-0.0,3304.97,2160.0,-0.0,2678.3210000000004,-0.0,0.0,-0.0,399.4004198180547
2021-01-04 06:00:00,-0.0,3087.5000000000005,2160.0,-0.0,3145.1249999999995,-0.0,0.0,-0.0,399.36047977607285
2021-01-04 07:00:00,-0.0,2902.6600000000003,2160.0,-0.0,3500.0,-0.0,47.271000000000186,-0.0,349.561596359674
2021-01-04 08:00:00,14.817603495036334,2763.85,2160.0,206.4013965049635,3500.0,-0.0,100.0,-0.0,244.26348230530124
2021-01-04 09:00:00,763.4177188619385,2679.28,2160.0,-0.0,3181.197281138062,-0.0,0.0,-0.0,244.23905595707072
2021-01-04 10:00:00,1771.224236158019,2650.9100000000003,2160.0,-0.0,2163.6947638419806,-0.0,0.0,-0.0,244.214632051475
2021-01-04 11:00:00,2571.2947297359538,2674.2,2160.0,-0.0,1263.1972702640455,-0.0,0.0,-0.0,244.19021058826985
2021-01-04 12:00:00,2872.7667283287283,2738.82,2160.0,-0.0,820.6282716712717,-0.0,0.0,-0.0,244.16579156721102
2021-01-04 13:00:00,2571.2947297359538,2829.9999999999995,2160.0,-0.0,988.2992702640458,-0.0,0.0,-0.0,244.1413749880543
2021-01-04 14:00:00,1771.224236158019,2930.54,2160.0,-0.0,1705.9347638419815,-0.0,0.0,-0.0,244.1169608505555
2021-01-04 15:00:00,763.4177188619385,3023.13,2160.0,-0.0,2720.018281138062,-0.0,0.0,-0.0,244.09254915447045
2021-01-04 16:00:00,14.817603495036332,3092.68,2160.0,-0.0,3500.0,-0.0,79.93739650496332,-0.0,159.92351199959364
2021-01-04 17:00:00,-0.0,3128.25,2160.0,184.98699999999917,3500.0,-0.0,100.0,-0.0,54.64436175365684
2021-01-04 18:00:00,-0.0,3124.56,2160.0,429.1260475483932,3500.0,-0.0,51.9069524516074,-0.0,-0.0
2021-01-04 19:00:00,-0.0,3082.56,2160.0,596.4410000000007,3500.0,-0.0,0.0,-0.0,-0.0
2021-01-04 20:00:00,-0.0,3009.29,2160.0,586.3020000000006,3500.0,-0.0,0.0,-0.0,-0.0
2021-01-04 21:00:00,-0.0,2916.7900000000004,2160.0,475.36600000000044,3500.0,-0.0,0.0,-0.0,-0.0
2021-01-04 22:00:00,-0.0,2820.42,2160.0,331.77800000000025,3500.0,-0.0,0.0,-0.0,-0.0
2021-01-04 23:00:00,-0.0,2736.6400000000003,2160.0,213.66099999999915,3500.0,-0.0,0.0,-0.0,-0.0
2021-01-05 00:00:00,-0.0,2684.34,2160.0,-0.0,3143.344,-0.0,0.0,-0.0,-0.0
2021-01-05 01:00:00,-0.0,2668.16,2160.0,-0.0,3005.932,-0.0,0.0,-0.0,-0.0
2021-01-05 02:00:00,-0.0,2698.4900000000002,2160.0,-0.0,2869.079,-0.0,0.0,-0.0,-0.0
2021-01-05 03:00:00,-0.0,2775.96,2160.0,-0.0,2782.9840000000004,-0.0,0.0,-0.0,-0.0
2021-01-05 04:00:00,-0.0,2894.89,2160.0,-0.0,2775.77,-0.0,0.0,-0.0,-0.0
2021-01-05 05:00:00,-0.0,3043.88,2160.0,-0.0,2836.309,-0.0,0.0,-0.0,-0.0
2021-01-05 06:00:00,-0.0,3207.28,2160.0,-0.0,2920.3889999999997,-0.0,0.0,-0.0,-0.0
2021-01-05 07:00:00,-0.0,3367.1800000000003,2160.0,-0.0,2976.0329999999994,-0.0,0.0,-0.0,-0.0
2021-01-05 08:00:00,16.709081363217688,3505.7700000000004,2160.0,-0.0,2954.2019186367825,-0.0,0.0,-0.0,-0.0
2021-01-05 09:00:00,725.3786818647018,3607.57,2160.0,-0.0,2180.9823181352986,-0.0,0.0,-0.0,-0.0
2021-01-05 10:00:00,1672.6024568877294,3661.53,2160.0,-0.0,1140.2535431122708,-0.0,0.0,-0.0,-0.0
2021-01-05 11:00:00,2423.3959472418387,3662.37,2160.0,-0.0,310.098052758161,-0.0,0.0,-0.0,-0.0
2021-01-05 12:00:00,2706.1380021236314,3611.31,2160.0,-0.0,0.652997876369227,-0.0,0.0,-0.0,-0.0
2021-01-05 13:00:00,2423.3959472418387,3515.76,2160.0,-0.0,335.13705275816073,-0.0,0.0,-0.0,-0.0
2021-01-05 14:00:00,1672.6024568877294,3388.39,2160.0,-0.0,1230.3185431122704,-0.0,0.0,-0.0,-0.0
2021-01-05 15:00:00,725.3786818647018,3245.31,2160.0,-0.0,2418.5033181352974,-0.0,0.0,-0.0,-0.0
2021-01-05 16:00:00,16.709081363217688,3103.92,2160.0,-0.0,3448.5459186367816,-0.0,0.0,-0.0,-0.0
2021-01-05 17:00:00,-0.0,2980.58,2160.0,313.6149999999998,3500.0,-0.0,0.0,-0.0,-0.0
2021-01-05 18:00:00,-0.0,2888.37,2160.0,597.5019999999995,3500.0,-0.0,0.0,-0.0,-0.0
2021-01-05 19:00:00,-0.0,2835.4,2160.0,723.3040000000001,3500.0,-0.0,0.0,-0.0,-0.0
2021-01-05 20:00:00,-0.0,2823.77,2160.0,651.0529999999999,3500.0,-0.0,0.0,-0.0,-0.0
2021-01-05 21:00:00,-0.0,2849.27,2160.0,421.74900000000025,3500.0,-0.0,0.0,-0.0,-0.0
2021-01-05 22:00:00,-0.0,2902.11,2160.0,128.68800000000056,3500.0,-0.0,0.0,-0.0,-0.0
2021-01-05 23:00:00,-0.0,2968.25,2160.0,-0.0,3360.4930000000004,-0.0,0.0,-0.0,-0.0
2021-01-06 00:00:00,-0.0,3034.8399999999997,2160.0,-0.0,2670.9790000000007,-0.0,0.0,-0.0,-0.0
2021-01-06 01:00:00,-0.0,3078.88,2160.0,-0.0,2473.3990000000003,-0.0,0.0,-0.0,-0.0
2021-01-06 02:00:00,-0.0,3089.92,2160.0,-0.0,2355.9939999999997,-0.0,0.0,-0.0,-0.0
2021-01-06 03:00:00,-0.0,3058.48,2160.0,-0.0,2379.0719999999997,-0.0,0.0,-0.0,-0.0
2021-01-06 04:00:00,-0.0,2980.78,2160.0,-0.0,2568.856,-0.0,0.0,-0.0,-0.0
2021-01-06 05:00:00,-0.0,2859.43,2160.0,-0.0,2900.2060000000006,-0.0,0.0,-0.0,-0.0
2021-01-06 06:00:00,-0.0,2703.1899999999996,2160.0,-0.0,3304.5020000000004,-0.0,0.0,-0.0,-0.0
2021-01-06 07:00:00,-0.0,2525.8799999999997,2160.0,198.0359999999996,3500.0,-0.0,0.0,-0.0,-0.0
2021-01-06 08:00:00,16.320927924470375,2344.66,2160.0,497.1860720755294,3500.0,-0.0,0.0,-0.0,-0.0
2021-01-06 09:00:00,604.1577468273463,2177.83,2160.0,114.31425317265348,3500.0,-0.0,0.0,-0.0,-0.0
2021-01-06 10:00:00,1384.0812285845873,2042.45,2160.0,-0.0,2931.2117714154133,-0.0,0.0,-0.0,-0.0
2021-01-06 11:00:00,2001.2636796898992,1952.19,2160.0,-0.0,2326.8553203100996,-0.0,0.0,-0.0,-0.0
2021-01-06 12:00:00,2233.5396263688467,1915.5,2160.0,-0.0,2054.6933736311535,-0.0,0.0,-0.0,-0.0
2021-01-06 13:00:00,2001.2636796898992,1934.6399999999999,2160.0,-0.0,2225.3073203101007,-0.0,0.0,-0.0,-0.0
2021-01-06 14:00:00,1384.0812285845873,2005.41,2160.0,-0.0,2790.120771415412,-0.0,0.0,-0.0,-0.0
2021-01-06 15:00:00,604.1577468273463,2117.8,2160.0,57.016253172653705,3500.0,-0.0,0.0,-0.0,-0.0
2021-01-06 16:00:00,16.320927924470375,2257.38,2160.0,686.8320720755291,3500.0,-0.0,0.0,-0.0,-0.0
2021-01-06 17:00:00,-0.0,2407.3,2160.0,779.9219999999996,3500.0,-0.0,0.0,-0.0,-0.0
2021-01-06 18:00:00,-0.0,2550.6099999999997,2160.0,830.0510000000004,3500.0,-0.0,0.0,-0.0,-0.0
2021-01-06 19:00:00,-0.0,2672.54,2160.0,782.8059999999996,3500.0,-0.0,0.0,-0.0,-0.0
2021-01-06 20:00:00,-0.0,2762.48,2160.0,610.9279999999999,3500.0,-0.0,0.0,-0.0,-0.0
2021-01-06 21:00:00,-0.0,2815.45,2160.0,356.1850000000004,3500.0,-0.0,0.0,-0.0,-0.0
2021-01-06 22:00:00,-0.0,2832.69,2160.0,100.84199999999919,3500.0,-0.0,0.0,-0.0,-0.0
2021-01-06 23:00:00,-0.0,2821.47,2160.0,-0.0,3412.208,-0.0,0.0,-0.0,-0.0
2021-01-07 00:00:00,-0.0,2797.23,2160.0,-0.0,2815.552,-0.0,0.0,-0.0,-0.0
2021-01-07 01:00:00,-0.0,2769.13,2160.0,-0.0,2692.4759999999997,-0.0,0.0,-0.0,-0.0
2021-01-07 02:00:00,-0.0,2756.96,2160.0,-0.0,2600.724,-0.0,0.0,-0.0,-0.0
2021-01-07 03:00:00,-0.0,2776.0499999999997,2160.0,-0.0,2575.7910000000006,-0.0,0.0,-0.0,-0.0
2021-01-07 04:00:00,-0.0,2838.3199999999997,2160.0,-0.0,2628.1990000000005,-0.0,0.0,-0.0,-0.0
2021-01-07 05:00:00,-0.0,2950.52,2160.0,-0.0,2728.6650000000004,-0.0,0.0,-0.0,-0.0
2021-01-07 06:00:00,-0.0,3113.21,2160.0,-0.0,2816.767,-0.0,0.0,-0.0,-0.0
2021-01-07 07:00:00,-0.0,3320.5699999999997,2160.0,-0.0,2828.434000000001,-0.0,0.0,-0.0,-0.0
2021-01-07 08:00:00,15.846518166001436,3561.0199999999995,2160.0,-0.0,2709.257481833999,-0.0,0.0,-0.0,-0.0
2021-01-07 09:00:00,505.3326490891414,3818.67,2160.0,-0.0,2003.187350910859,-0.0,0.0,-0.0,-0.0
2021-01-07 10:00:00,1149.882998208986,4075.35,2160.0,-0.0,1066.3900017910137,-0.0,0.0,-0.0,-0.0
2021-01-07 11:00:00,1659.060214691434,4312.87,2160.0,-0.0,245.30778530856537,-0.0,0.0,-0.0,-0.0
2021-01-07 12:00:00,1850.5677279705255,4515.4,2037.8002720294749,-0.0,-0.0,-0.0,0.0,100.0,95.0
2021-01-07 13:00:00,1659.060214691434,4671.46,2033.882785308566,-0.0,-0.0,-0.0,0.0,100.0,189.9905
2021-01-07 14:00:00,1149.882998208986,4775.3,2160.0,-0.0,100.82900179101443,-0.0,100.0,-0.0,84.70834305526317
2021-01-07 15:00:00,505.3326490891414,4827.64,2160.0,-0.0,815.1904723009492,-0.0,80.46487860990976,-0.0,-0.0
2021-01-07 16:00:00,15.846518166001436,4835.38,2160.0,-0.0,1562.258481833999,-0.0,0.0,-0.0,-0.0
2021-01-07 17:00:00,-0.0,4810.62,2160.0,-0.0,1832.8949999999995,-0.0,0.0,-0.0,-0.0
2021-01-07 18:00:00,-0.0,4768.9,2160.0,-0.0,2071.434000000001,-0.0,0.0,-0.0,-0.0
2021-01-07 19:00:00,-0.0,4727.05,2160.0,-0.0,2191.3849999999993,-0.0,0.0,-0.0,-0.0
2021-01-07 20:00:00,-0.0,4700.84,2160.0,-0.0,2139.1049999999996,-0.0,0.0,-0.0,-0.0
2021-01-07 21:00:00,-0.0,4702.77,2160.0,-0.0,1938.8799999999992,-0.0,0.0,-0.0,-0.0
2021-01-07 22:00:00,-0.0,4740.38,2160.0,-0.0,1666.6729999999998,-0.0,0.0,-0.0,-0.0
2021-01-07 23:00:00,-0.0,4815.18,2160.0,-0.0,1395.548999999999,-0.0,0.0,-0.0,-0.0
2021-01-08 00:00:00,-0.0,4925.38,2160.0,-0.0,667.7489999999998,-0.0,0.0,-0.0,-0.0
2021-01-08 01:00:00,-0.0,5054.79,2160.0,-0.0,390.7330000000002,-0.0,0.0,-0.0,-0.0
2021-01-08 02:00:00,-0.0,5191.83,2160.0,-0.0,153.35599999999977,-0.0,0.0,-0.0,-0.0
2021-01-08 03:00:00,-0.0,5319.79,2160.0,-0.0,23.149999999999636,-0.0,0.0,-0.0,-0.0
2021-01-08 04:00:00,-0.0,5422.08,2160.0,-0.0,39.14400000000023,-0.0,0.0,-0.0,-0.0
2021-01-08 05:00:00,-0.0,5484.5,2160.0,-0.0,193.0029999999997,-0.0,0.0,-0.0,-0.0
2021-01-08 06:00:00,-0.0,5497.23,2160.0,-0.0,434.6800000000003,-0.0,0.0,-0.0,-0.0
2021-01-08 07:00:00,-0.0,5456.28,2160.0,-0.0,698.2730000000001,-0.0,0.0,-0.0,-0.0
2021-01-08 08:00:00,18.588236900010237,5364.05,2160.0,-0.0,912.6467630999895,-0.0,0.0,-0.0,-0.0
2021-01-08 09:00:00,515.5786676389316,5229.17,2160.0,-0.0,595.2093323610688,-0.0,0.0,-0.0,-0.0
2021-01-08 10:00:00,1164.9901764916592,5065.37,2160.0,-0.0,77.62782350834027,-0.0,0.0,-0.0,-0.0
2021-01-08 11:00:00,1677.0877855132537,4889.820000000001,1930.2802144867458,-0.0,-0.0,-0.0,0.0,100.0,95.0
2021-01-08 12:00:00,1869.5626018063663,4720.849999999999,1836.8743981936345,-0.0,-0.0,-0.0,0.0,100.0,189.9905
2021-01-08 13:00:00,1677.0877855132537,4575.65,2138.7362144867466,-0.0,-0.0,-0.0,0.0,100.0,284.97150095
2021-01-08 14:00:00,1164.9901764916592,4468.03,2160.0,-0.0,423.5928235083404,-0.0,100.0,-0.0,179.67984590516818
2021-01-08 15:00:00,515.5786676389316,4406.7,2160.0,-0.0,1240.4563323610691,-0.0,100.0,-0.0,74.39872002584083
2021-01-08 16:00:00,18.588236900010237,4394.17,2160.0,-0.0,1967.6410469538432,-0.0,70.67171614614634,-0.0,-0.0
2021-01-08 17:00:00,-0.0,4426.58,2160.0,-0.0,2257.969000000001,-0.0,0.0,-0.0,-0.0
2021-01-08 18:00:00,-0.0,4494.29,2160.0,-0.0,2390.4929999999995,-0.0,0.0,-0.0,-0.0
2021-01-08 19:00:00,-0.0,4583.29,2160.0,-0.0,2382.9739999999993,-0.0,0.0,-0.0,-0.0
2021-01-08 20:00:00,-0.0,4677.18,2160.0,-0.0,2213.9349999999995,-0.0,0.0,-0.0,-0.0
2021-01-08 21:00:00,-0.0,4759.49,2160.0,-0.0,1936.6290000000008,-0.0,0.0,-0.0,-0.0
2021-01-08 22:00:00,-0.0,4815.95,2160.0,-0.0,1648.826,-0.0,0.0,-0.0,-0.0
2021-01-08 23:00:00,-0.0,4836.5,2160.0,-0.0,1435.1599999999999,-0.0,0.0,-0.0,-0.0
2021-01-09 00:00:00,-0.0,4819.38,2160.0,-0.0,401.4319999999998,-0.0,0.0,-0.0,-0.0
2021-01-09 01:00:00,-0.0,4760.97,2160.0,-0.0,315.34099999999944,-0.0,0.0,-0.0,-0.0
2021-01-09 02:00:00,-0.0,4671.8,2160.0,-0.0,307.22299999999996,-0.0,0.0,-0.0,-0.0
2021-01-09 03:00:00,-0.0,4564.650000000001,2160.0,-0.0,415.1189999999997,-0.0,0.0,-0.0,-0.0
2021-01-09 04:00:00,-0.0,4455.59,2160.0,-0.0,645.3949999999995,-0.0,0.0,-0.0,-0.0
2021-01-09 05:00:00,-0.0,4361.7,2160.0,-0.0,958.433,-0.0,0.0,-0.0,-0.0
2021-01-09 06:00:00,-0.0,4298.82,2160.0,-0.0,1278.5230000000001,-0.0,0.0,-0.0,-0.0
2021-01-09 07:00:00,-0.0,4279.31,2160.0,-0.0,1523.4119999999994,-0.0,0.0,-0.0,-0.0
2021-01-09 08:00:00,24.38589381844233,4310.34,2160.0,-0.0,1611.3941061815574,-0.0,0.0,-0.0,-0.0
2021-01-09 09:00:00,593.3633845307544,4392.86,2160.0,-0.0,1007.1626154692464,-0.0,0.0,-0.0,-0.0
2021-01-09 10:00:00,1331.0459142871766,4521.35,2160.0,-0.0,111.5400857128227,-0.0,0.0,-0.0,-0.0
2021-01-09 11:00:00,1911.6618469962136,4684.55,1559.367153003786,-0.0,-0.0,-0.0,0.0,100.0,95.0
2021-01-09 12:00:00,2129.7363067495653,4866.8099999999995,1091.4956932504356,-0.0,-0.0,-0.0,0.0,100.0,189.9905
2021-01-09 13:00:00,1911.6618469962136,5050.13,1092.7211530037862,-0.0,-0.0,-0.0,0.0,100.0,284.97150095
2021-01-09 14:00:00,1331.0459142871766,5216.469999999999,1534.337085712824,-0.0,-0.0,-0.0,0.0,100.0,379.943003799905
2021-01-09 15:00:00,593.3633845307544,5350.099999999999,2160.0,-0.0,-0.0,-0.0,0.0,13.372384530753493,392.60877480374086
2021-01-09 16:00:00,24.38589381844233,5439.549999999999,2160.0,-0.0,556.5231061815591,-0.0,100.0,-0.0,287.30635603152365
2021-01-09 17:00:00,-0.0,5479.070000000001,2160.0,-0.0,776.8099999999986,-0.0,100.0,-0.0,182.01446750118367
2021-01-09 18:00:00,-0.0,5469.3,2160.0,-0.0,988.6670000000004,-0.0,100.0,-0.0,76.73310815969673
2021-01-09 19:00:00,-0.0,5417.04,2160.0,-0.0,1170.3693133514782,-0.0,53.80068664852086,-0.0,20.093133113595638
2021-01-09 20:00:00,-0.0,5334.23,2160.0,-0.0,1233.5,-0.0,0.0,-0.0,20.09112380028428
2021-01-09 21:00:00,-0.0,5236.21,2160.0,-0.0,1138.0999999999995,-0.0,0.0,-0.0,20.08911468790425
2021-01-09 22:00:00,-0.0,5139.59,2160.0,-0.0,1004.8580000000002,-0.0,0.0,-0.0,20.08710577643546
2021-01-09 23:00:00,-0.0,5059.85,2160.0,-0.0,892.8649999999998,-0.0,0.0,-0.0,20.085097065857816
2021-01-10 00:00:00,-0.0,5011.69,2160.0,-0.0,327.3550000000005,-0.0,0.0,-0.0,20.083088556151232
2021-01-10 01:00:00,-0.0,4997.38,2160.0,-0.0,198.34999999999945,-0.0,0.0,-0.0,20.081080247295617
2021-01-10 02:00:00,-0.0,5020.58,2160.0,-0.0,78.94999999999982,-0.0,0.0,-0.0,20.079072139270888
2021-01-10 03:00:00,-0.0,5076.2300000000005,2160.0,-0.0,25.032999999999447,-0.0,0.0,-0.0,20.077064232056962
2021-01-10 04:00:00,-0.0,5153.65,2160.0,-0.0,69.71300000000065,-0.0,0.0,-0.0,20.075056525633755
2021-01-10 05:00:00,-0.0,5237.99,2160.0,-0.0,205.3040000000001,-0.0,0.0,-0.0,20.07304901998119
2021-01-10 06:00:00,-0.0,5312.23,2160.0,-0.0,388.95400000000063,-0.0,0.0,-0.0,20.071041715079193
2021-01-10 07:00:00,-0.0,5359.44,2160.0,-0.0,567.6980000000003,-0.0,0.0,-0.0,20.069034610907686
2021-01-10 08:00:00,29.961748771875964,5365.12,2160.0,-0.0,675.9272512281242,-0.0,0.0,-0.0,20.067027707446595
2021-01-10 09:00:00,644.3716753147069,5319.1900000000005,2160.0,-0.0,155.08132468529266,-0.0,0.0,-0.0,20.065021004675852
2021-01-10 10:00:00,1434.6643989356262,5217.4,1697.390601064374,-0.0,-0.0,-0.0,0.0,100.0,115.06301450257538
2021-01-10 11:00:00,2055.4942601320236,5061.97,1163.7907398679772,-0.0,-0.0,-0.0,0.0,100.0,210.05150820112513
2021-01-10 12:00:00,2288.5033855286056,4861.32,1063.9476144713954,-0.0,-0.0,-0.0,0.0,100.0,305.030503050305
2021-01-10 13:00:00,2055.4942601320236,4629.110000000001,1495.5847398679762,-0.0,-0.0,-0.0,0.0,100.0,400.0
2021-01-10 14:00:00,1434.6643989356262,4382.400000000001,2160.0,-0.0,130.30660106437335,-0.0,0.0,-0.0,399.96
2021-01-10 15:00:00,644.3716753147069,4139.5,2160.0,-0.0,1271.475324685293,-0.0,0.0,-0.0,399.920004
2021-01-10 16:00:00,29.961748771875964,3917.6299999999997,2160.0,-0.0,2297.755251228124,-0.0,0.0,-0.0,399.8800119996
2021-01-10 17:00:00,-0.0,3730.6600000000003,2160.0,-0.0,2749.636,-0.0,0.0,-0.0,399.84002399840006
2021-01-10 18:00:00,-0.0,3587.44,2160.0,-0.0,3094.368000000001,-0.0,0.0,-0.0,399.80003999600024
2021-01-10 19:00:00,-0.0,3490.66,2160.0,-0.0,3273.710000000001,-0.0,0.0,-0.0,399.76005999200066
2021-01-10 20:00:00,-0.0,3436.7,2160.0,-0.0,3253.4090000000006,-0.0,0.0,-0.0,399.72008398600144
2021-01-10 21:00:00,-0.0,3416.19,2160.0,-0.0,3079.614,-0.0,0.0,-0.0,399.68011197760285
2021-01-10 22:00:00,-0.0,3415.45,2160.0,-0.0,2849.505,-0.0,0.0,-0.0,399.6401439664051
2021-01-10 23:00:00,-0.0,3418.4700000000003,2160.0,-0.0,2653.665,-0.0,0.0,-0.0,399.6001799520085
2021-01-11 00:00:00,-0.0,3411.43,540.0,501.7379999999994,3500.0,-0.0,100.0,-0.0,294.29706203927645
2021-01-11 01:00:00,-0.0,3376.02,540.0,392.54800000000023,3500.0,-0.0,100.0,-0.0,189.0044744383357
2021-01-11 02:00:00,-0.0,3304.93,540.0,366.05300000000034,3500.0,-0.0,100.0,-0.0,83.72241609615504
2021-01-11 03:00:00,-0.0,3194.19,540.0,497.5176583381817,3500.0,-0.0,79.52834166181816,-0.0,-0.0
2021-01-11 04:00:00,-0.0,3046.14,540.0,845.6200000000008,3500.0,-0.0,0.0,-0.0,-0.0
2021-01-11 05:00:00,-0.0,2869.14,540.0,1240.8809999999994,3500.0,-0.0,0.0,-0.0,-0.0
2021-01-11 06:00:00,-0.0,2676.5499999999997,540.0,1689.5990000000002,3500.0,-0.0,0.0,-0.0,-0.0
2021-01-11 07:00:00,-0.0,2484.98,540.0,2105.2710000000006,3500.0,-0.0,0.0,-0.0,-0.0
2021-01-11 08:00:00,34.70584635656535,2312.09,540.0,2385.3821536434343,3500.0,-0.0,0.0,-0.0,-0.0
2021-01-11 09:00:00,664.4077861529016,2174.26,540.0,1939.1132138470994,3500.0,-0.0,0.0,-0.0,-0.0
2021-01-11 10:00:00,1467.910049022618,2084.3900000000003,540.0,1194.175950977382,3500.0,-0.0,0.0,-0.0,-0.0
2021-01-11 11:00:00,2097.852274281036,2050.16,540.0,528.0637257189633,3500.0,-0.0,0.0,-0.0,-0.0
2021-01-11 12:00:00,2334.1021728328733,2073.0,540.0,199.2058271671276,3500.0,-0.0,0.0,-0.0,-0.0
2021-01-11 13:00:00,2097.852274281036,2147.87,540.0,324.6397257189633,3500.0,-0.0,0.0,-0.0,-0.0
2021-01-11 14:00:00,1467.910049022618,2263.88,540.0,863.3109509773822,3500.0,-0.0,0.0,-0.0,-0.0
2021-01-11 15:00:00,664.4077861529016,2405.77,540.0,1630.3802138470992,3500.0,-0.0,0.0,-0.0,-0.0
2021-01-11 16:00:00,34.70584635656535,2555.8599999999997,540.0,2297.398153643435,3500.0,-0.0,0.0,-0.0,-0.0
2021-01-11 17:00:00,-0.0,2696.38,540.0,2423.8669999999993,3500.0,-0.0,0.0,-0.0,-0.0
2021-01-11 18:00:00,-0.0,2811.7999999999997,540.0,2507.223,3500.0,-0.0,0.0,-0.0,-0.0
2021-01-11 19:00:00,-0.0,2890.81,540.0,2507.9719999999998,3500.0,-0.0,0.0,-0.0,-0.0
2021-01-11 20:00:00,-0.0,2927.7599999999998,540.0,2393.8909999999996,3500.0,-0.0,0.0,-0.0,-0.0
2021-01-11 21:00:00,-0.0,2923.31,540.0,2201.1050000000014,3500.0,-0.0,0.0,-0.0,-0.0
2021-01-11 22:00:00,-0.0,2884.25,540.0,2006.3240000000005,3500.0,-0.0,0.0,-0.0,-0.0
2021-01-11 23:00:00,-0.0,2822.4100000000003,540.0,1872.295,3500.0,-0.0,0.0,-0.0,-0.0
2021-01-12 00:00:00,-0.0,2755.0099999999998,540.0,1321.2170000000006,3500.0,-0.0,0.0,-0.0,-0.0
2021-01-12 01:00:00,-0.0,2694.42,540.0,1234.049,3500.0,-0.0,0.0,-0.0,-0.0
2021-01-12 02:00:00,-0.0,2657.87,540.0,1169.808,3500.0,-0.0,0.0,-0.0,-0.0
2021-01-12 03:00:00,-0.0,2657.27,540.0,1167.4050000000007,3500.0,-0.0,0.0,-0.0,-0.0
2021-01-12 04:00:00,-0.0,2699.48,540.0,1242.4210000000003,3500.0,-0.0,0.0,-0.0,-0.0
2021-01-12 05:00:00,-0.0,2785.2599999999998,540.0,1371.5609999999997,3500.0,-0.0,0.0,-0.0,-0.0
2021-01-12 06:00:00,-0.0,2909.1099999999997,540.0,1500.46,3500.0,-0.0,0.0,-0.0,-0.0
2021-01-12 07:00:00,-0.0,3059.87,540.0,1570.3859999999995,3500.0,-0.0,0.0,-0.0,-0.0
2021-01-12 08:00:00,42.55517145123325,3222.1699999999996,540.0,1504.0098285487675,3500.0,-0.0,0.0,-0.0,-0.0
2021-01-12 09:00:00,729.8640104902263,3378.4399999999996,540.0,702.5549895097747,3500.0,-0.0,0.0,-0.0,-0.0
2021-01-12 10:00:00,1599.8206065397608,3511.21,540.0,-0.0,3165.01739346024,-0.0,0.0,-0.0,-0.0
2021-01-12 11:00:00,2280.456903131717,3605.4199999999996,540.0,-0.0,2316.2410968682834,-0.0,0.0,-0.0,-0.0
2021-01-12 12:00:00,2535.5230017142567,3650.41,540.0,-0.0,1942.8659982857444,-0.0,0.0,-0.0,-0.0
2021-01-12 13:00:00,2280.456903131717,3641.37,540.0,-0.0,2167.4560968682827,-0.0,0.0,-0.0,-0.0
2021-01-12 14:00:00,1599.8206065397608,3579.9399999999996,540.0,-0.0,2930.6763934602395,-0.0,0.0,-0.0,-0.0
2021-01-12 15:00:00,729.8640104902263,3474.04,540.0,508.39198950977425,3500.0,-0.0,0.0,-0.0,-0.0
2021-01-12 16:00:00,42.55517145123325,3336.75,540.0,1516.7908285487665,3500.0,-0.0,0.0,-0.0,-0.0
2021-01-12 17:00:00,-0.0,3184.68,540.0,1940.0869999999995,3500.0,-0.0,0.0,-0.0,-0.0
2021-01-12 18:00:00,-0.0,3035.6499999999996,540.0,2284.277,3500.0,-0.0,0.0,-0.0,-0.0
2021-01-12 19:00:00,-0.0,2906.46,540.0,2489.611,3500.0,-0.0,0.0,-0.0,-0.0
2021-01-12 20:00:00,-0.0,2810.59,540.0,2504.7379999999994,3500.0,-0.0,0.0,-0.0,-0.0
2021-01-12 21:00:00,-0.0,2756.5299999999997,540.0,2357.955000000001,3500.0,-0.0,0.0,-0.0,-0.0
2021-01-12 22:00:00,-0.0,2746.71,540.0,2130.3370000000004,3500.0,-0.0,0.0,-0.0,-0.0
2021-01-12 23:00:00,-0.0,2777.23,540.0,1900.362000000001,3500.0,-0.0,0.0,-0.0,-0.0
2021-01-13 00:00:00,-0.0,2840.3,540.0,1214.9859999999999,3500.0,-0.0,0.0,-0.0,-0.0
2021-01-13 01:00:00,-0.0,2918.58,540.0,985.3969999999999,3500.0,-0.0,0.0,-0.0,-0.0
2021-01-13 02:00:00,-0.0,2997.71,540.0,801.9459999999999,3500.0,-0.0,0.0,-0.0,-0.0
2021-01-13 03:00:00,-0.0,3061.61,540.0,731.5380000000005,3500.0,-0.0,0.0,-0.0,-0.0
2021-01-13 04:00:00,-0.0,3096.4799999999996,540.0,810.4150000000009,3500.0,-0.0,0.0,-0.0,-0.0
2021-01-13 05:00:00,-0.0,3092.8,540.0,1025.5659999999998,3500.0,-0.0,0.0,-0.0,-0.0
2021-01-13 06:00:00,-0.0,3046.7300000000005,540.0,1320.969,3500.0,-0.0,0.0,-0.0,-0.0
2021-01-13 07:00:00,-0.0,2960.77,540.0,1624.235999999999,3500.0,-0.0,0.0,-0.0,-0.0
2021-01-13 08:00:00,55.11778830211853,2843.48,540.0,1821.5462116978824,3500.0,-0.0,0.0,-0.0,-0.0
2021-01-13 09:00:00,851.885897067854,2708.4399999999996,540.0,1198.6441029321459,3500.0,-0.0,0.0,-0.0,-0.0
2021-01-13 10:00:00,1852.231242708014,2572.54,540.0,296.1327572919863,3500.0,-0.0,0.0,-0.0,-0.0
2021-01-13 11:00:00,2633.2267672960807,2453.73,540.0,-0.0,3056.8092327039194,-0.0,0.0,-0.0,-0.0
2021-01-13 12:00:00,2925.6726581465564,2368.7,540.0,-0.0,2772.9173418534447,-0.0,0.0,-0.0,-0.0
2021-01-13 13:00:00,2633.2267672960807,2330.69,540.0,-0.0,3060.7522327039187,-0.0,0.0,-0.0,-0.0
2021-01-13 14:00:00,1852.231242708014,2347.71,540.0,342.8327572919852,3500.0,-0.0,0.0,-0.0,-0.0
2021-01-13 15:00:00,851.885897067854,2421.54,540.0,1368.2151029321458,3500.0,-0.0,0.0,-0.0,-0.0
2021-01-13 16:00:00,55.11778830211853,2547.4599999999996,540.0,2219.9312116978826,3500.0,-0.0,0.0,-0.0,-0.0
2021-01-13 17:00:00,-0.0,2714.95,540.0,2333.362,3500.0,-0.0,0.0,-0.0,-0.0
2021-01-13 18:00:00,-0.0,2909.05,540.0,2331.6179999999995,3500.0,-0.0,0.0,-0.0,-0.0
2021-01-13 19:00:00,-0.0,3112.37,540.0,2201.705999999999,3500.0,-0.0,0.0,-0.0,-0.0
2021-01-13 20:00:00,-0.0,3307.4300000000003,540.0,1923.2369999999992,3500.0,-0.0,0.0,-0.0,-0.0
2021-01-13 21:00:00,-0.0,3478.9300000000003,540.0,1548.3009999999995,3500.0,-0.0,0.0,-0.0,-0.0
2021-01-13 22:00:00,-0.0,3615.77,540.0,1171.5029999999988,3500.0,-0.0,0.0,-0.0,-0.0
2021-01-13 23:00:00,-0.0,3712.47,540.0,872.9060000000009,3500.0,-0.0,0.0,-0.0,-0.0
2021-01-14 00:00:00,-0.0,3771.37,540.0,189.07800000000043,3500.0,-0.0,0.0,-0.0,-0.0
2021-01-14 01:00:00,-0.0,3796.2200000000003,540.0,10.634999999999309,3500.0,-0.0,0.0,-0.0,-0.0
2021-01-14 02:00:00,-0.0,3800.46,540.0,-0.0,3399.8720000000003,-0.0,0.0,-0.0,-0.0
2021-01-14 03:00:00,-0.0,3799.2599999999998,540.0,-0.0,3392.4470000000006,-0.0,0.0,-0.0,-0.0
2021-01-14 04:00:00,-0.0,3808.94,540.0,-0.0,3494.4829999999997,-0.0,0.0,-0.0,-0.0
2021-01-14 05:00:00,-0.0,3844.6000000000004,540.0,168.35199999999986,3500.0,-0.0,0.0,-0.0,-0.0
2021-01-14 06:00:00,-0.0,3917.98,540.0,342.4520000000007,3500.0,-0.0,0.0,-0.0,-0.0
2021-01-14 07:00:00,-0.0,4035.69,540.0,440.2860000000005,3500.0,-0.0,0.0,-0.0,-0.0
2021-01-14 08:00:00,66.13395256370895,4198.25,540.0,345.06104743629066,3500.0,-0.0,0.0,-0.0,-0.0
2021-01-14 09:00:00,926.2388446678949,4399.81,540.0,-0.0,2820.646155332104,-0.0,0.0,-0.0,-0.0
2021-01-14 10:00:00,1997.3266948111764,4628.860000000001,540.0,-0.0,1480.9623051888225,-0.0,0.0,-0.0,-0.0
2021-01-14 11:00:00,2831.739525969707,4869.63,540.0,-0.0,327.25747403029345,-0.0,0.0,-0.0,-0.0
2021-01-14 12:00:00,3143.9196305393516,5104.1,342.8453694606478,-0.0,-0.0,-0.0,0.0,100.0,95.0
2021-01-14 13:00:00,2831.739525969707,5314.330000000001,400.987474030293,-0.0,-0.0,-0.0,0.0,100.0,189.9905
2021-01-14 14:00:00,1997.3266948111764,5484.7699999999995,540.0,-0.0,441.97730518882463,-0.0,0.0,-0.0,189.97150095
2021-01-14 15:00:00,926.2388446678949,5604.249999999999,540.0,-0.0,1491.466155332106,-0.0,0.0,-0.0,189.952503799905
2021-01-14 16:00:00,66.13395256370895,5667.42,540.0,-0.0,2468.384047436291,-0.0,0.0,-0.0,189.93350854952502
2021-01-14 17:00:00,-0.0,5675.39,540.0,-0.0,2751.568,-0.0,0.0,-0.0,189.91451519867007
2021-01-14 18:00:00,-0.0,5635.53,540.0,-0.0,2983.1050000000005,-0.0,0.0,-0.0,189.8955237471502
2021-01-14 19:00:00,-0.0,5560.41,540.0,-0.0,3131.0570000000007,-0.0,0.0,-0.0,189.8765341947755
2021-01-14 20:00:00,-0.0,5466.09,540.0,-0.0,3141.495999999999,-0.0,0.0,-0.0,189.85754654135602
2021-01-14 21:00:00,-0.0,5369.91,540.0,-0.0,3033.8719999999994,-0.0,0.0,-0.0,189.8385607867019
2021-01-14 22:00:00,-0.0,5288.16,540.0,-0.0,2875.402,-0.0,0.0,-0.0,189.8195769306232
2021-01-14 23:00:00,-0.0,5233.910000000001,540.0,-0.0,2727.596999999999,-0.0,0.0,-0.0,189.80059497293016
2021-01-15 00:00:00,-0.0,5216.499999999999,540.0,-0.0,2119.7670000000007,-0.0,0.0,-0.0,189.78161491343286
2021-01-15 01:00:00,-0.0,5235.389999999999,540.0,-0.0,1947.3370000000004,-0.0,0.0,-0.0,189.76263675194153
2021-01-15 02:00:00,-0.0,5287.650000000001,540.0,-0.0,1788.7119999999995,-0.0,0.0,-0.0,189.74366048826633
2021-01-15 03:00:00,-0.0,5363.46,540.0,-0.0,1704.5389999999998,-0.0,0.0,-0.0,189.7246861222175
2021-01-15 04:00:00,-0.0,5448.75,540.0,-0.0,1731.3329999999996,-0.0,0.0,-0.0,189.70571365360527
2021-01-15 05:00:00,-0.0,5527.26,540.0,-0.0,1862.8239999999996,-0.0,0.0,-0.0,189.6867430822399
2021-01-15 06:00:00,-0.0,5582.77,540.0,-0.0,2055.37,-0.0,0.0,-0.0,189.6677744079317
2021-01-15 07:00:00,-0.0,5601.429999999999,540.0,-0.0,2252.934,-0.0,0.0,-0.0,189.6488076304909
2021-01-15 08:00:00,68.16713724286153,5573.7300000000005,540.0,-0.0,2346.717862757138,-0.0,0.0,-0.0,189.62984274972786
2021-01-15 09:00:00,869.4821862910655,5495.900000000001,540.0,-0.0,1661.367813708934,-0.0,0.0,-0.0,189.6108797654529
2021-01-15 10:00:00,1859.2303269368542,5370.57,540.0,-0.0,758.3906730631468,-0.0,0.0,-0.0,189.59191867747634
2021-01-15 11:00:00,2628.568926031113,5206.469999999999,540.0,-0.0,75.71807396888744,-0.0,0.0,-0.0,189.5729594856086
2021-01-15 12:00:00,2916.1598183144,5017.46,540.0,-0.0,-0.0,-0.0,0.0,99.43881831439967,284.02087958833977
2021-01-15 13:00:00,2628.568926031113,4820.7,540.0,-0.0,342.390073968887,-0.0,0.0,-0.0,283.9924775003809
2021-01-15 14:00:00,1859.2303269368542,4634.5,540.0,-0.0,1316.3296730631453,-0.0,0.0,-0.0,283.9640782526309
2021-01-15 15:00:00,869.4821862910655,4475.97,540.0,-0.0,2563.9698137089345,-0.0,0.0,-0.0,283.93568184480563
2021-01-15 16:00:00,68.16713724286153,4358.77,540.0,64.04286275713775,3500.0,-0.0,100.0,-0.0,178.64413038188434
2021-01-15 17:00:00,-0.0,4291.400000000001,540.0,426.2699999999995,3500.0,-0.0,100.0,-0.0,73.36310807410932
2021-01-15 18:00:00,-0.0,4276.16,540.0,665.2610168248639,3500.0,-0.0,69.68798317513682,-0.0,-0.0
2021-01-15 19:00:00,-0.0,4308.88,540.0,776.9139999999998,3500.0,-0.0,0.0,-0.0,-0.0
2021-01-15 20:00:00,-0.0,4379.58,540.0,624.2759999999998,3500.0,-0.0,0.0,-0.0,-0.0
2021-01-15 21:00:00,-0.0,4473.900000000001,540.0,328.183,3500.0,-0.0,0.0,-0.0,-0.0
2021-01-15 22:00:00,-0.0,4575.05,540.0,-0.0,3488.928999999999,-0.0,0.0,-0.0,-0.0
2021-01-15 23:00:00,-0.0,4666.11,540.0,-0.0,3198.0160000000005,-0.0,0.0,-0.0,-0.0
2021-01-16 00:00:00,-0.0,4733.45,540.0,-0.0,2071.313,-0.0,0.0,-0.0,-0.0
2021-01-16 01:00:00,-0.0,4764.42,540.0,-0.0,1889.1670000000004,-0.0,0.0,-0.0,-0.0
2021-01-16 02:00:00,-0.0,4755.150000000001,540.0,-0.0,1794.5149999999994,-0.0,0.0,-0.0,-0.0
2021-01-16 03:00:00,-0.0,4706.9800000000005,540.0,-0.0,1836.8419999999996,-0.0,0.0,-0.0,-0.0
2021-01-16 04:00:00,-0.0,4627.27,540.0,-0.0,2031.2299999999996,-0.0,0.0,-0.0,-0.0
2021-01-16 05:00:00,-0.0,4528.360000000001,540.0,-0.0,2342.8059999999996,-0.0,0.0,-0.0,-0.0
2021-01-16 06:00:00,-0.0,4425.88,540.0,-0.0,2696.0779999999995,-0.0,0.0,-0.0,-0.0
2021-01-16 07:00:00,-0.0,4336.54,540.0,-0.0,3004.4449999999997,-0.0,0.0,-0.0,-0.0
2021-01-16 08:00:00,63.62635812608741,4275.78,540.0,-0.0,3138.6986418739125,-0.0,0.0,-0.0,-0.0
2021-01-16 09:00:00,742.5498506549997,4255.650000000001,540.0,-0.0,2520.971149345,-0.0,0.0,-0.0,-0.0
2021-01-16 10:00:00,1574.294897067854,4283.01,540.0,-0.0,1626.299102932146,-0.0,0.0,-0.0,-0.0
2021-01-16 11:00:00,2219.344300608945,4358.56,540.0,-0.0,831.3146993910545,-0.0,0.0,-0.0,-0.0
2021-01-16 12:00:00,2460.270523922833,4476.6,540.0,-0.0,398.8784760771664,-0.0,0.0,-0.0,-0.0
2021-01-16 13:00:00,2219.344300608945,4625.71,540.0,-0.0,451.3296993910549,-0.0,0.0,-0.0,-0.0
2021-01-16 14:00:00,1574.294897067854,4790.150000000001,540.0,-0.0,953.5481029321459,-0.0,0.0,-0.0,-0.0
2021-01-16 15:00:00,742.5498506549997,4951.88,540.0,-0.0,1726.1791493450005,-0.0,0.0,-0.0,-0.0
2021-01-16 16:00:00,63.62635812608741,5092.900000000001,540.0,-0.0,2448.9396418739125,-0.0,0.0,-0.0,-0.0
2021-01-16 17:00:00,-0.0,5197.5199999999995,540.0,-0.0,2637.9759999999997,-0.0,0.0,-0.0,-0.0
2021-01-16 18:00:00,-0.0,5254.43,540.0,-0.0,2777.885,-0.0,0.0,-0.0,-0.0
2021-01-16 19:00:00,-0.0,5258.06,540.0,-0.0,2852.355999999999,-0.0,0.0,-0.0,-0.0
2021-01-16 20:00:00,-0.0,5209.3,540.0,-0.0,2822.6259999999993,-0.0,0.0,-0.0,-0.0
2021-01-16 21:00:00,-0.0,5115.22,540.0,-0.0,2718.410999999999,-0.0,0.0,-0.0,-0.0
2021-01-16 22:00:00,-0.0,4988.11,540.0,-0.0,2610.924,-0.0,0.0,-0.0,-0.0
2021-01-16 23:00:00,-0.0,4843.7,540.0,-0.0,2559.01,-0.0,0.0,-0.0,-0.0
2021-01-17 00:00:00,-0.0,4699.83,540.0,-0.0,2082.959,-0.0,0.0,-0.0,-0.0
2021-01-17 01:00:00,-0.0,4570.79,540.0,-0.0,2064.393,-0.0,0.0,-0.0,-0.0
2021-01-17 02:00:00,-0.0,4470.1,540.0,-0.0,2064.745999999999,-0.0,0.0,-0.0,-0.0
2021-01-17 03:00:00,-0.0,4405.490000000001,540.0,-0.0,2127.1099999999997,-0.0,0.0,-0.0,-0.0
2021-01-17 04:00:00,-0.0,4378.66,540.0,-0.0,2272.224,-0.0,0.0,-0.0,-0.0
2021-01-17 05:00:00,-0.0,4385.05,540.0,-0.0,2482.1129999999994,-0.0,0.0,-0.0,-0.0
2021-01-17 06:00:00,-0.0,4414.55,540.0,-0.0,2707.0199999999995,-0.0,0.0,-0.0,-0.0
2021-01-17 07:00:00,-0.0,4452.8099999999995,540.0,-0.0,2891.4030000000002,-0.0,0.0,-0.0,-0.0
2021-01-17 08:00:00,62.61592695220552,4483.3,540.0,-0.0,2939.029073047794,-0.0,0.0,-0.0,-0.0
2021-01-17 09:00:00,671.5978665182685,4489.61,540.0,-0.0,2368.4101334817324,-0.0,0.0,-0.0,-0.0
2021-01-17 10:00:00,1411.5785110787026,4457.71,540.0,-0.0,1628.3594889212975,-0.0,0.0,-0.0,-0.0
2021-01-17 11:00:00,1984.1356390594622,4377.96,540.0,-0.0,1064.7523609405378,-0.0,0.0,-0.0,-0.0
2021-01-17 12:00:00,2197.7925430099276,4246.51,540.0,-0.0,912.6444569900723,-0.0,0.0,-0.0,-0.0
2021-01-17 13:00:00,1984.1356390594622,4065.93,540.0,-0.0,1271.068360940538,-0.0,0.0,-0.0,-0.0
2021-01-17 14:00:00,1411.5785110787026,3844.98,540.0,-0.0,2089.7144889212977,-0.0,0.0,-0.0,-0.0
2021-01-17 15:00:00,671.5978665182685,3597.5800000000004,540.0,-0.0,3183.2171334817317,-0.0,0.0,-0.0,-0.0
2021-01-17 16:00:00,62.61592695220552,3341.0,540.0,737.1150730477939,3500.0,-0.0,0.0,-0.0,-0.0
2021-01-17 17:00:00,-0.0,3093.73,540.0,1280.4790000000012,3500.0,-0.0,0.0,-0.0,-0.0
2021-01-17 18:00:00,-0.0,2873.0699999999997,540.0,1701.3739999999998,3500.0,-0.0,0.0,-0.0,-0.0
2021-01-17 19:00:00,-0.0,2692.9500000000003,540.0,1962.9740000000002,3500.0,-0.0,0.0,-0.0,-0.0
2021-01-17 20:00:00,-0.0,2562.2,540.0,2018.5749999999998,3500.0,-0.0,0.0,-0.0,-0.0
2021-01-17 21:00:00,-0.0,2483.4300000000003,540.0,1902.3490000000002,3500.0,-0.0,0.0,-0.0,-0.0
2021-01-17 22:00:00,-0.0,2452.89,540.0,1701.5460000000003,3500.0,-0.0,0.0,-0.0,-0.0
2021-01-17 23:00:00,-0.0,2461.0099999999998,540.0,1500.3099999999995,3500.0,-0.0,0.0,-0.0,-0.0
2021-01-18 00:00:00,-0.0,2494.47,540.0,1285.9760000000006,3500.0,-0.0,0.0,-0.0,-0.0
2021-01-18 01:00:00,-0.0,2535.76,540.0,1100.1849999999995,3500.0,-0.0,0.0,-0.0,-0.0
2021-01-18 02:00:00,-0.0,2569.07,540.0,969.5869999999995,3500.0,-0.0,0.0,-0.0,-0.0
2021-01-18 03:00:00,-0.0,2580.19,540.0,959.2129999999997,3500.0,-0.0,0.0,-0.0,-0.0
2021-01-18 04:00:00,-0.0,2559.11,540.0,1101.509,3500.0,-0.0,0.0,-0.0,-0.0
2021-01-18 05:00:00,-0.0,2501.4199999999996,540.0,1378.3469999999998,3500.0,-0.0,0.0,-0.0,-0.0
2021-01-18 06:00:00,-0.0,2408.95,540.0,1728.027,3500.0,-0.0,0.0,-0.0,-0.0
2021-01-18 07:00:00,-0.0,2289.56,540.0,2072.7960000000003,3500.0,-0.0,0.0,-0.0,-0.0
2021-01-18 08:00:00,68.72164215535771,2156.0699999999997,540.0,2280.9623578446435,3500.0,-0.0,0.0,-0.0,-0.0
2021-01-18 09:00:00,680.0817916794597,2024.54,540.0,1848.398208320541,3500.0,-0.0,0.0,-0.0,-0.0
2021-01-18 10:00:00,1416.9264029014432,1912.1,540.0,1194.5435970985563,3500.0,-0.0,0.0,-0.0,-0.0
2021-01-18 11:00:00,1985.7190586429235,1834.5900000000001,540.0,634.9039413570763,3500.0,-0.0,0.0,-0.0,-0.0
2021-01-18 12:00:00,2197.780220678539,1804.37,540.0,385.5257793214605,3500.0,-0.0,0.0,-0.0,-0.0
2021-01-18 13:00:00,1985.7190586429235,1828.61,540.0,539.8179413570779,3500.0,-0.0,0.0,-0.0,-0.0
2021-01-18 14:00:00,1416.9264029014432,1908.26,540.0,1056.300597098556,3500.0,-0.0,0.0,-0.0,-0.0
2021-01-18 15:00:00,680.0817916794597,2037.8,540.0,1771.8432083205407,3500.0,-0.0,0.0,-0.0,-0.0
2021-01-18 16:00:00,68.72164215535771,2205.94,540.0,2405.4313578446427,3500.0,-0.0,0.0,-0.0,-0.0
2021-01-18 17:00:00,-0.0,2397.02,540.0,2518.493999999999,3500.0,-0.0,0.0,-0.0,-0.0
2021-01-18 18:00:00,-0.0,2593.02,540.0,2524.581,3500.0,-0.0,0.0,-0.0,-0.0
2021-01-18 19:00:00,-0.0,2775.88,540.0,2424.9630000000006,3500.0,-0.0,0.0,-0.0,-0.0
2021-01-18 20:00:00,-0.0,2929.82,540.0,2197.544,3500.0,-0.0,0.0,-0.0,-0.0
2021-01-18 21:00:00,-0.0,3043.3500000000004,540.0,1890.5939999999991,3500.0,-0.0,0.0,-0.0,-0.0
2021-01-18 22:00:00,-0.0,3110.6800000000003,540.0,1593.402,3500.0,-0.0,0.0,-0.0,-0.0
2021-01-18 23:00:00,-0.0,3132.42,540.0,1379.929,3500.0,-0.0,0.0,-0.0,-0.0
2021-01-19 00:00:00,-0.0,3115.6600000000003,540.0,780.6949999999997,3500.0,-0.0,0.0,-0.0,-0.0
2021-01-19 01:00:00,-0.0,3071.58,540.0,681.4610000000002,3500.0,-0.0,0.0,-0.0,-0.0
2021-01-19 02:00:00,-0.0,3015.85,540.0,640.9899999999998,3500.0,-0.0,0.0,-0.0,-0.0
2021-01-19 03:00:00,-0.0,2964.9900000000002,540.0,693.5830000000005,3500.0,-0.0,0.0,-0.0,-0.0
2021-01-19 04:00:00,-0.0,2934.4399999999996,540.0,846.2330000000002,3500.0,-0.0,0.0,-0.0,-0.0
2021-01-19 05:00:00,-0.0,2936.36,540.0,1064.2440000000006,3500.0,-0.0,0.0,-0.0,-0.0
2021-01-19 06:00:00,-0.0,2977.9,540.0,1280.594000000001,3500.0,-0.0,0.0,-0.0,-0.0
2021-01-19 07:00:00,-0.0,3060.1699999999996,540.0,1424.2790000000005,3500.0,-0.0,0.0,-0.0,-0.0
2021-01-19 08:00:00,74.5008155767066,3178.03,540.0,1375.7881844232925,3500.0,-0.0,0.0,-0.0,-0.0
2021-01-19 09:00:00,682.9036055674957,3320.72,540.0,672.3293944325042,3500.0,-0.0,0.0,-0.0,-0.0
2021-01-19 10:00:00,1410.253860454406,3473.3199999999997,540.0,-0.0,3263.1911395455936,-0.0,0.0,-0.0,-0.0
2021-01-19 11:00:00,1970.3777560638628,3618.7000000000003,540.0,-0.0,2489.488243936137,-0.0,0.0,-0.0,-0.0
2021-01-19 12:00:00,2179.0071488076965,3739.8399999999997,540.0,-0.0,2092.2348511923037,-0.0,0.0,-0.0,-0.0
2021-01-19 13:00:00,1970.3777560638628,3822.14,540.0,-0.0,2184.982243936138,-0.0,0.0,-0.0,-0.0
2021-01-19 14:00:00,1410.253860454406,3855.4300000000003,540.0,-0.0,2738.9981395455943,-0.0,0.0,-0.0,-0.0
2021-01-19 15:00:00,682.9036055674957,3835.3399999999997,540.0,94.41439443250374,3500.0,-0.0,0.0,-0.0,-0.0
2021-01-19 16:00:00,74.5008155767066,3763.95,540.0,964.206184423293,3500.0,-0.0,0.0,-0.0,-0.0
2021-01-19 17:00:00,-0.0,3649.6099999999997,540.0,1387.9970000000003,3500.0,-0.0,0.0,-0.0,-0.0
2021-01-19 18:00:00,-0.0,3505.81,540.0,1733.308000000001,3500.0,-0.0,0.0,-0.0,-0.0
2021-01-19 19:00:00,-0.0,3349.5000000000005,540.0,1972.1810000000005,3500.0,-0.0,0.0,-0.0,-0.0
2021-01-19 20:00:00,-0.0,3198.86,540.0,2048.5589999999993,3500.0,-0.0,0.0,-0.0,-0.0
2021-01-19 21:00:00,-0.0,3070.9500000000003,540.0,1982.1639999999989,3500.0,-0.0,0.0,-0.0,-0.0
2021-01-19 22:00:00,-0.0,2979.51,540.0,1842.7549999999992,3500.0,-0.0,0.0,-0.0,-0.0
2021-01-19 23:00:00,-0.0,2933.23,540.0,1696.2150000000001,3500.0,-0.0,0.0,-0.0,-0.0
2021-01-20 00:00:00,-0.0,2934.78,540.0,1077.2260000000006,3500.0,-0.0,0.0,-0.0,-0.0
2021-01-20 01:00:00,-0.0,2980.12,540.0,887.2860000000001,3500.0,-0.0,0.0,-0.0,-0.0
2021-01-20 02:00:00,-0.0,3059.8599999999997,540.0,709.9610000000002,3500.0,-0.0,0.0,-0.0,-0.0
2021-01-20 03:00:00,-0.0,3160.13,540.0,609.9439999999995,3500.0,-0.0,0.0,-0.0,-0.0
2021-01-20 04:00:00,-0.0,3264.77,540.0,625.8279999999995,3500.0,-0.0,0.0,-0.0,-0.0
2021-01-20 05:00:00,-0.0,3357.52,540.0,751.3389999999999,3500.0,-0.0,0.0,-0.0,-0.0
2021-01-20 06:00:00,-0.0,3424.41,540.0,940.5769999999993,3500.0,-0.0,0.0,-0.0,-0.0
2021-01-20 07:00:00,-0.0,3455.67,540.0,1133.4189999999999,3500.0,-0.0,0.0,-0.0,-0.0
2021-01-20 08:00:00,75.85011086378059,3447.1800000000003,540.0,1207.9858891362192,3500.0,-0.0,0.0,-0.0,-0.0
2021-01-20 09:00:00,646.3309260055266,3401.09,540.0,729.1980739944738,3500.0,-0.0,0.0,-0.0,-0.0
2021-01-20 10:00:00,1322.8392415822334,3325.5699999999997,540.0,96.90475841776697,3500.0,-0.0,0.0,-0.0,-0.0
2021-01-20 11:00:00,1842.5458902364142,3233.8,540.0,-0.0,3098.568109763586,-0.0,0.0,-0.0,-0.0
2021-01-20 12:00:00,2035.9387202179923,3142.2099999999996,540.0,-0.0,2926.997279782009,-0.0,0.0,-0.0,-0.0
2021-01-20 13:00:00,1842.5458902364142,3068.2799999999997,540.0,-0.0,3158.3741097635866,-0.0,0.0,-0.0,-0.0
2021-01-20 14:00:00,1322.8392415822334,3028.2,540.0,242.89975841776686,3500.0,-0.0,0.0,-0.0,-0.0
2021-01-20 15:00:00,646.3309260055266,3034.7000000000003,540.0,1018.3650739944733,3500.0,-0.0,0.0,-0.0,-0.0
2021-01-20 16:00:00,75.85011086378059,3095.28,540.0,1715.6718891362189,3500.0,-0.0,0.0,-0.0,-0.0
2021-01-20 17:00:00,-0.0,3211.19,540.0,1907.8949999999986,3500.0,-0.0,0.0,-0.0,-0.0
2021-01-20 18:00:00,-0.0,3377.2200000000003,540.0,1940.6410000000005,3500.0,-0.0,0.0,-0.0,-0.0
2021-01-20 19:00:00,-0.0,3582.34,540.0,1815.2800000000007,3500.0,-0.0,0.0,-0.0,-0.0
2021-01-20 20:00:00,-0.0,3811.0899999999997,540.0,1509.3989999999994,3500.0,-0.0,0.0,-0.0,-0.0
2021-01-20 21:00:00,-0.0,4045.66,540.0,1077.5930000000008,3500.0,-0.0,0.0,-0.0,-0.0
2021-01-20 22:00:00,-0.0,4268.12,540.0,621.2920000000004,3500.0,-0.0,0.0,-0.0,-0.0
2021-01-20 23:00:00,-0.0,4462.79,540.0,230.7529999999997,3500.0,-0.0,0.0,-0.0,-0.0
2021-01-21 00:00:00,-0.0,4618.110000000001,540.0,-0.0,2954.6309999999994,-0.0,0.0,-0.0,-0.0
2021-01-21 01:00:00,-0.0,4728.54,540.0,-0.0,2696.443,-0.0,0.0,-0.0,-0.0
2021-01-21 02:00:00,-0.0,4794.49,540.0,-0.0,2529.702,-0.0,0.0,-0.0,-0.0
2021-01-21 03:00:00,-0.0,4822.62,540.0,-0.0,2498.5699999999997,-0.0,0.0,-0.0,-0.0
2021-01-21 04:00:00,-0.0,4824.66,540.0,-0.0,2613.755,-0.0,0.0,-0.0,-0.0
2021-01-21 05:00:00,-0.0,4815.73,540.0,-0.0,2837.6059999999998,-0.0,0.0,-0.0,-0.0
2021-01-21 06:00:00,-0.0,4812.11,540.0,-0.0,3093.974000000001,-0.0,0.0,-0.0,-0.0
2021-01-21 07:00:00,-0.0,4828.93,540.0,-0.0,3297.84,-0.0,0.0,-0.0,-0.0
2021-01-21 08:00:00,83.00938540067548,4878.03,540.0,-0.0,3304.2096145993246,-0.0,0.0,-0.0,-0.0
2021-01-21 09:00:00,659.6883332309898,4966.2,540.0,-0.0,2681.48466676901,-0.0,0.0,-0.0,-0.0
2021-01-21 10:00:00,1338.0758043444891,5094.14,540.0,-0.0,1840.3471956555106,-0.0,0.0,-0.0,-0.0
2021-01-21 11:00:00,1857.9426433067244,5256.28,540.0,-0.0,1084.4093566932754,-0.0,0.0,-0.0,-0.0
2021-01-21 12:00:00,2051.218411140109,5441.42,540.0,-0.0,632.6745888598912,-0.0,0.0,-0.0,-0.0
2021-01-21 13:00:00,1857.9426433067244,5634.16,540.0,-0.0,593.6943566932762,-0.0,0.0,-0.0,-0.0
2021-01-21 14:00:00,1338.0758043444891,5816.900000000001,540.0,-0.0,951.9751956555094,-0.0,0.0,-0.0,-0.0
2021-01-21 15:00:00,659.6883332309898,5972.13,540.0,-0.0,1576.9926667690097,-0.0,0.0,-0.0,-0.0
2021-01-21 16:00:00,83.00938540067548,6084.77,540.0,-0.0,2224.8306145993247,-0.0,0.0,-0.0,-0.0
2021-01-21 17:00:00,-0.0,6144.18,540.0,-0.0,2477.1010000000006,-0.0,0.0,-0.0,-0.0
2021-01-21 18:00:00,-0.0,6145.5199999999995,540.0,-0.0,2670.921000000001,-0.0,0.0,-0.0,-0.0
2021-01-21 19:00:00,-0.0,6090.45,540.0,-0.0,2802.1349999999993,-0.0,0.0,-0.0,-0.0
2021-01-21 20:00:00,-0.0,5986.88,540.0,-0.0,2824.9620000000004,-0.0,0.0,-0.0,-0.0
2021-01-21 21:00:00,-0.0,5847.9400000000005,540.0,-0.0,2763.0589999999993,-0.0,0.0,-0.0,-0.0
2021-01-21 22:00:00,-0.0,5690.22,540.0,-0.0,2683.3409999999994,-0.0,0.0,-0.0,-0.0
2021-01-21 23:00:00,-0.0,5531.599999999999,540.0,-0.0,2642.5070000000005,-0.0,0.0,-0.0,-0.0
2021-01-22 00:00:00,-0.0,5388.530000000001,540.0,-0.0,2160.9479999999994,-0.0,0.0,-0.0,-0.0
2021-01-22 01:00:00,-0.0,5275.26,540.0,-0.0,2122.9089999999997,-0.0,0.0,-0.0,-0.0
2021-01-22 02:00:00,-0.0,5199.96,540.0,-0.0,2093.888,-0.0,0.0,-0.0,-0.0
2021-01-22 03:00:00,-0.0,5165.1,540.0,-0.0,2122.2389999999996,-0.0,0.0,-0.0,-0.0
2021-01-22 04:00:00,-0.0,5166.83,540.0,-0.0,2234.2560000000003,-0.0,0.0,-0.0,-0.0
2021-01-22 05:00:00,-0.0,5195.66,540.0,-0.0,2416.898,-0.0,0.0,-0.0,-0.0
2021-01-22 06:00:00,-0.0,5237.82,540.0,-0.0,2624.071,-0.0,0.0,-0.0,-0.0
2021-01-22 07:00:00,-0.0,5277.2699999999995,540.0,-0.0,2801.928000000001,-0.0,0.0,-0.0,-0.0
2021-01-22 08:00:00,107.32750639647941,5297.969999999999,540.0,-0.0,2809.0384936035207,-0.0,0.0,-0.0,-0.0
2021-01-22 09:00:00,797.9941807389214,5286.2,540.0,-0.0,2168.966819261079,-0.0,0.0,-0.0,-0.0
2021-01-22 10:00:00,1604.022521543343,5232.51,540.0,-0.0,1378.5634784566564,-0.0,0.0,-0.0,-0.0
2021-01-22 11:00:00,2220.169896811995,5133.15,540.0,-0.0,784.638103188006,-0.0,0.0,-0.0,-0.0
2021-01-22 12:00:00,2449.0140741991613,4990.68,540.0,-0.0,621.7869258008382,-0.0,0.0,-0.0,-0.0
2021-01-22 13:00:00,2220.169896811995,4813.73,540.0,-0.0,984.9611031880063,-0.0,0.0,-0.0,-0.0
2021-01-22 14:00:00,1604.022521543343,4616.0,540.0,-0.0,1816.9424784566572,-0.0,0.0,-0.0,-0.0
2021-01-22 15:00:00,797.9941807389214,4414.429999999999,540.0,-0.0,2923.4088192610798,-0.0,0.0,-0.0,-0.0
2021-01-22 16:00:00,107.32750639647941,4227.08,540.0,482.2934936035199,3500.0,-0.0,0.0,-0.0,-0.0
2021-01-22 17:00:00,-0.0,4070.74,540.0,971.7630000000008,3500.0,-0.0,0.0,-0.0,-0.0
2021-01-22 18:00:00,-0.0,3958.72,540.0,1276.1400000000012,3500.0,-0.0,0.0,-0.0,-0.0
2021-01-22 19:00:00,-0.0,3899.16,540.0,1409.1080000000002,3500.0,-0.0,0.0,-0.0,-0.0
2021-01-22 20:00:00,-0.0,3893.93,540.0,1330.929,3500.0,-0.0,0.0,-0.0,-0.0
2021-01-22 21:00:00,-0.0,3938.43,540.0,1082.9920000000002,3500.0,-0.0,0.0,-0.0,-0.0
2021-01-22 22:00:00,-0.0,4022.23,540.0,759.2350000000006,3500.0,-0.0,0.0,-0.0,-0.0
2021-01-22 23:00:00,-0.0,4130.5,540.0,449.0679999999993,3500.0,-0.0,0.0,-0.0,-0.0
2021-01-23 00:00:00,-0.0,4245.38,540.0,-0.0,2770.79,-0.0,0.0,-0.0,-0.0
2021-01-23 01:00:00,-0.0,4350.69,540.0,-0.0,2511.8870000000006,-0.0,0.0,-0.0,-0.0
2021-01-23 02:00:00,-0.0,4430.66,540.0,-0.0,2325.3940000000002,-0.0,0.0,-0.0,-0.0
2021-01-23 03:00:00,-0.0,4474.34,540.0,-0.0,2273.089,-0.0,0.0,-0.0,-0.0
2021-01-23 04:00:00,-0.0,4476.37,540.0,-0.0,2382.776,-0.0,0.0,-0.0,-0.0
2021-01-23 05:00:00,-0.0,4437.6900000000005,540.0,-0.0,2630.9849999999997,-0.0,0.0,-0.0,-0.0
2021-01-23 06:00:00,-0.0,4365.280000000001,540.0,-0.0,2950.874,-0.0,0.0,-0.0,-0.0
2021-01-23 07:00:00,-0.0,4271.18,540.0,-0.0,3260.5189999999993,-0.0,0.0,-0.0,-0.0
2021-01-23 08:00:00,140.8688924368028,4170.71,540.0,-0.0,3353.5881075631964,-0.0,0.0,-0.0,-0.0
2021-01-23 09:00:00,982.7921845768091,4080.35,540.0,-0.0,2639.2748154231904,-0.0,0.0,-0.0,-0.0
2021-01-23 10:00:00,1957.5871760822847,4015.36,540.0,-0.0,1689.9238239177143,-0.0,0.0,-0.0,-0.0
2021-01-23 11:00:00,2700.8825277863066,3987.6299999999997,540.0,-0.0,895.8374722136941,-0.0,0.0,-0.0,-0.0
2021-01-23 12:00:00,2976.6747877648145,4003.9599999999996,540.0,-0.0,525.9522122351864,-0.0,0.0,-0.0,-0.0
2021-01-23 13:00:00,2700.8825277863066,4064.9999999999995,540.0,-0.0,696.8964722136943,-0.0,0.0,-0.0,-0.0
2021-01-23 14:00:00,1957.5871760822847,4165.1,540.0,-0.0,1357.1088239177152,-0.0,0.0,-0.0,-0.0
2021-01-23 15:00:00,982.7921845768091,4292.91,540.0,-0.0,2301.975815423191,-0.0,0.0,-0.0,-0.0
2021-01-23 16:00:00,140.8688924368028,4432.83,540.0,-0.0,3183.962107563197,-0.0,0.0,-0.0,-0.0
2021-01-23 17:00:00,-0.0,4567.0199999999995,540.0,-0.0,3415.6600000000008,-0.0,0.0,-0.0,-0.0
2021-01-23 18:00:00,-0.0,4677.72,540.0,-0.0,3496.6369999999997,-0.0,0.0,-0.0,-0.0
2021-01-23 19:00:00,-0.0,4749.55,540.0,-0.0,3497.639,-0.0,0.0,-0.0,-0.0
2021-01-23 20:00:00,-0.0,4771.52,540.0,-0.0,3391.7880000000005,-0.0,0.0,-0.0,-0.0
2021-01-23 21:00:00,-0.0,4738.46,540.0,-0.0,3221.044000000001,-0.0,0.0,-0.0,-0.0
2021-01-23 22:00:00,-0.0,4651.64,540.0,-0.0,3067.6439999999993,-0.0,0.0,-0.0,-0.0
2021-01-23 23:00:00,-0.0,4518.62,540.0,-0.0,2998.6090000000004,-0.0,0.0,-0.0,-0.0
2021-01-24 00:00:00,-0.0,4351.3099999999995,540.0,-0.0,2538.361000000001,-0.0,0.0,-0.0,-0.0
2021-01-24 01:00:00,-0.0,4167.58,540.0,-0.0,2568.5510000000004,-0.0,0.0,-0.0,-0.0
2021-01-24 02:00:00,-0.0,3984.12,540.0,-0.0,2645.6459999999997,-0.0,0.0,-0.0,-0.0
2021-01-24 03:00:00,-0.0,3817.39,540.0,-0.0,2804.0130000000004,-0.0,0.0,-0.0,-0.0
2021-01-24 04:00:00,-0.0,3680.6,540.0,-0.0,3052.887,-0.0,0.0,-0.0,-0.0
2021-01-24 05:00:00,-0.0,3581.96,540.0,-0.0,3361.5280000000002,-0.0,0.0,-0.0,-0.0
2021-01-24 06:00:00,-0.0,3523.6499999999996,540.0,167.89400000000023,3500.0,-0.0,0.0,-0.0,-0.0
2021-01-24 07:00:00,-0.0,3501.62,540.0,406.14800000000014,3500.0,-0.0,0.0,-0.0,-0.0
2021-01-24 08:00:00,162.18652573943305,3506.15,540.0,373.68247426056723,3500.0,-0.0,0.0,-0.0,-0.0
2021-01-24 09:00:00,1064.7233659809642,3523.33,540.0,-0.0,2992.100634019036,-0.0,0.0,-0.0,-0.0
2021-01-24 10:00:00,2101.5243290348994,3537.0,540.0,-0.0,1903.0706709651008,-0.0,0.0,-0.0,-0.0
2021-01-24 11:00:00,2890.091926261386,3531.06,540.0,-0.0,1043.009073738614,-0.0,0.0,-0.0,-0.0
2021-01-24 12:00:00,3182.396110300891,3491.77,540.0,-0.0,713.4188896991091,-0.0,0.0,-0.0,-0.0
2021-01-24 13:00:00,2890.091926261386,3409.72,540.0,-0.0,1045.2510737386142,-0.0,0.0,-0.0,-0.0
2021-01-24 14:00:00,2101.5243290348994,3281.25,540.0,-0.0,1980.6896709651005,-0.0,0.0,-0.0,-0.0
2021-01-24 15:00:00,1064.7233659809642,3109.0299999999997,540.0,-0.0,3289.072634019036,-0.0,0.0,-0.0,-0.0
2021-01-24 16:00:00,162.18652573943305,2901.9,540.0,1080.2974742605675,3500.0,-0.0,0.0,-0.0,-0.0
2021-01-24 17:00:00,-0.0,2673.77,540.0,1697.304,3500.0,-0.0,0.0,-0.0,-0.0
2021-01-24 18:00:00,-0.0,2441.87,540.0,2122.643000000001,3500.0,-0.0,0.0,-0.0,-0.0
2021-01-24 19:00:00,-0.0,2224.55,540.0,2414.648,3500.0,-0.0,0.0,-0.0,-0.0
2021-01-24 20:00:00,-0.0,2038.96,540.0,2518.3,3500.0,-0.0,0.0,-0.0,-0.0
2021-01-24 21:00:00,-0.0,1898.79,540.0,2456.696000000001,3500.0,-0.0,0.0,-0.0,-0.0
2021-01-24 22:00:00,-0.0,1812.57,540.0,2304.813,3500.0,-0.0,0.0,-0.0,-0.0
2021-01-24 23:00:00,-0.0,1782.6100000000001,540.0,2134.92,3500.0,-0.0,0.0,-0.0,-0.0
2021-01-25 00:00:00,-0.0,1803.68,2160.0,304.46799999999985,3500.0,-0.0,0.0,-0.0,-0.0
2021-01-25 01:00:00,-0.0,1867.9399999999998,2160.0,89.03200000000015,3500.0,-0.0,0.0,-0.0,-0.0
2021-01-25 02:00:00,-0.0,1959.94,2160.0,-0.0,3393.11,-0.0,0.0,-0.0,-0.0
2021-01-25 03:00:00,-0.0,2062.88,2160.0,-0.0,3284.327,-0.0,0.0,-0.0,-0.0
2021-01-25 04:00:00,-0.0,2159.83,2160.0,-0.0,3302.0550000000003,-0.0,0.0,-0.0,-0.0
2021-01-25 05:00:00,-0.0,2236.05,2160.0,-0.0,3438.501,-0.0,0.0,-0.0,-0.0
2021-01-25 06:00:00,-0.0,2280.98,2160.0,144.36299999999983,3500.0,-0.0,0.0,-0.0,-0.0
2021-01-25 07:00:00,-0.0,2289.66,2160.0,354.71000000000095,3500.0,-0.0,0.0,-0.0,-0.0
2021-01-25 08:00:00,164.25667741275205,2263.37,2160.0,353.8633225872477,3500.0,-0.0,0.0,-0.0,-0.0
2021-01-25 09:00:00,1017.3131959625425,2209.41,2160.0,-0.0,3095.832804037458,-0.0,0.0,-0.0,-0.0
2021-01-25 10:00:00,1989.6806881844234,2140.08,2160.0,-0.0,2157.2283118155765,-0.0,0.0,-0.0,-0.0
2021-01-25 11:00:00,2727.363217940846,2070.92,2160.0,-0.0,1414.3217820591535,-0.0,0.0,-0.0,-0.0
2021-01-25 12:00:00,3000.524660167844,2018.5900000000001,2160.0,-0.0,1120.0193398321558,-0.0,0.0,-0.0,-0.0
2021-01-25 13:00:00,2727.363217940846,1998.46,2160.0,-0.0,1373.9457820591542,-0.0,0.0,-0.0,-0.0
2021-01-25 14:00:00,1989.6806881844234,2022.48,2160.0,-0.0,2109.217311815578,-0.0,0.0,-0.0,-0.0
2021-01-25 15:00:00,1017.3131959625425,2097.45,2160.0,-0.0,3109.2308040374583,-0.0,0.0,-0.0,-0.0
2021-01-25 16:00:00,164.25667741275205,2223.98,2160.0,520.615322587249,3500.0,-0.0,0.0,-0.0,-0.0
2021-01-25 17:00:00,-0.0,2396.29,2160.0,742.5909999999994,3500.0,-0.0,0.0,-0.0,-0.0
2021-01-25 18:00:00,-0.0,2602.85,2160.0,732.8500000000004,3500.0,-0.0,0.0,-0.0,-0.0
2021-01-25 19:00:00,-0.0,2827.85,2160.0,585.9509999999996,3500.0,-0.0,0.0,-0.0,-0.0
2021-01-25 20:00:00,-0.0,3053.14,2160.0,282.1709999999998,3500.0,-0.0,0.0,-0.0,-0.0
2021-01-25 21:00:00,-0.0,3260.6200000000003,2160.0,-0.0,3376.3959999999993,-0.0,0.0,-0.0,-0.0
2021-01-25 22:00:00,-0.0,3434.51,2160.0,-0.0,2967.9089999999997,-0.0,0.0,-0.0,-0.0
2021-01-25 23:00:00,-0.0,3563.3900000000003,2160.0,-0.0,2642.705999999999,-0.0,0.0,-0.0,-0.0
2021-01-26 00:00:00,-0.0,3640.28,2160.0,-0.0,1943.583,-0.0,0.0,-0.0,-0.0
2021-01-26 01:00:00,-0.0,3668.5699999999997,2160.0,-0.0,1767.6860000000006,-0.0,0.0,-0.0,-0.0
2021-01-26 02:00:00,-0.0,3653.92,2160.0,-0.0,1681.9989999999998,-0.0,0.0,-0.0,-0.0
2021-01-26 03:00:00,-0.0,3608.5,2160.0,-0.0,1725.1729999999998,-0.0,0.0,-0.0,-0.0
2021-01-26 04:00:00,-0.0,3547.94,2160.0,-0.0,1904.0170000000003,-0.0,0.0,-0.0,-0.0
2021-01-26 05:00:00,-0.0,3489.11,2160.0,-0.0,2179.1259999999997,-0.0,0.0,-0.0,-0.0
2021-01-26 06:00:00,-0.0,3447.85,2160.0,-0.0,2474.7940000000003,-0.0,0.0,-0.0,-0.0
2021-01-26 07:00:00,-0.0,3436.74,2160.0,-0.0,2708.5470000000005,-0.0,0.0,-0.0,-0.0
2021-01-26 08:00:00,163.03676660526048,3463.3599999999997,2160.0,-0.0,2659.62223339474,-0.0,0.0,-0.0,-0.0
2021-01-26 09:00:00,954.9868437979737,3529.3,2160.0,-0.0,1846.4041562020268,-0.0,0.0,-0.0,-0.0
2021-01-26 10:00:00,1850.7833687698296,3629.89,2160.0,-0.0,818.04763123017,-0.0,0.0,-0.0,-0.0
2021-01-26 11:00:00,2528.6348184679155,3754.8399999999997,2160.0,-0.0,-0.0,-0.0,0.0,55.552818467914676,52.77517754451894
2021-01-26 12:00:00,2779.388101064375,3889.69,1748.9428989356252,-0.0,-0.0,-0.0,0.0,100.0,147.7699000267645
2021-01-26 13:00:00,2528.6348184679155,4017.78,1835.7931815320844,-0.0,-0.0,-0.0,0.0,100.0,242.75512303676183
2021-01-26 14:00:00,1850.7833687698296,4122.55,2160.0,-0.0,74.01263123016975,-0.0,100.0,-0.0,137.46768962972135
2021-01-26 15:00:00,954.9868437979737,4189.820000000001,2160.0,-0.0,1008.6611562020264,-0.0,100.0,-0.0,32.19078496602155
2021-01-26 16:00:00,163.03676660526048,4209.8,2160.0,-0.0,2038.3900458015908,-0.0,30.57818759314871,-0.0,-0.0
2021-01-26 17:00:00,-0.0,4178.509999999999,2160.0,-0.0,2496.773,-0.0,0.0,-0.0,-0.0
2021-01-26 18:00:00,-0.0,4098.35,2160.0,-0.0,2777.1669999999995,-0.0,0.0,-0.0,-0.0
2021-01-26 19:00:00,-0.0,3977.9399999999996,2160.0,-0.0,2979.057,-0.0,0.0,-0.0,-0.0
2021-01-26 20:00:00,-0.0,3831.02,2160.0,-0.0,3050.828,-0.0,0.0,-0.0,-0.0
2021-01-26 21:00:00,-0.0,3674.73,2160.0,-0.0,3012.122999999999,-0.0,0.0,-0.0,-0.0
2021-01-26 22:00:00,-0.0,3527.3700000000003,2160.0,-0.0,2928.14,-0.0,0.0,-0.0,-0.0
2021-01-26 23:00:00,-0.0,3406.1000000000004,2160.0,-0.0,2856.294,-0.0,0.0,-0.0,-0.0
2021-01-27 00:00:00,-0.0,3323.14,2160.0,-0.0,2319.9240000000004,-0.0,0.0,-0.0,-0.0
2021-01-27 01:00:00,-0.0,3290.22,2160.0,-0.0,2208.3430000000003,-0.0,0.0,-0.0,-0.0
2021-01-27 02:00:00,-0.0,3308.27,2160.0,-0.0,2093.0049999999997,-0.0,0.0,-0.0,-0.0
2021-01-27 03:00:00,-0.0,3373.34,2160.0,-0.0,2028.6809999999996,-0.0,0.0,-0.0,-0.0
2021-01-27 04:00:00,-0.0,3475.72,2160.0,-0.0,2047.5170000000003,-0.0,0.0,-0.0,-0.0
2021-01-27 05:00:00,-0.0,3601.32,2160.0,-0.0,2141.064,-0.0,0.0,-0.0,-0.0
2021-01-27 06:00:00,-0.0,3733.65,2160.0,-0.0,2265.945,-0.0,0.0,-0.0,-0.0
2021-01-27 07:00:00,-0.0,3856.1400000000003,2160.0,-0.0,2368.834,-0.0,0.0,-0.0,-0.0
2021-01-27 08:00:00,171.11405483062126,3954.43,2160.0,-0.0,2242.8279451693784,-0.0,0.0,-0.0,-0.0
2021-01-27 09:00:00,950.1688122249515,4018.33,2160.0,-0.0,1447.1391877750493,-0.0,0.0,-0.0,-0.0
2021-01-27 10:00:00,1824.6908320540376,4043.29,2160.0,-0.0,518.2071679459625,-0.0,0.0,-0.0,-0.0
2021-01-27 11:00:00,2484.742674060997,4030.99,2062.098325939003,-0.0,-0.0,-0.0,0.0,100.0,95.0
2021-01-27 12:00:00,2728.6632239023647,3989.11,1792.5207760976346,-0.0,-0.0,-0.0,0.0,100.0,189.9905
2021-01-27 13:00:00,2484.742674060997,3930.34,2061.682325939002,-0.0,-0.0,-0.0,0.0,100.0,284.97150095
2021-01-27 14:00:00,1824.6908320540376,3870.6200000000003,2160.0,-0.0,448.7941679459616,-0.0,100.0,-0.0,179.67984590516818
2021-01-27 15:00:00,950.1688122249515,3826.91,2160.0,-0.0,1475.2641877750493,-0.0,100.0,-0.0,74.39872002584083
2021-01-27 16:00:00,171.11405483062126,3814.94,2160.0,-0.0,2485.9852290232316,-0.0,70.67171614614634,-0.0,-0.0
2021-01-27 17:00:00,-0.0,3846.9399999999996,2160.0,-0.0,2931.192,-0.0,0.0,-0.0,-0.0
2021-01-27 18:00:00,-0.0,3929.96,2160.0,-0.0,3050.258999999999,-0.0,0.0,-0.0,-0.0
2021-01-27 19:00:00,-0.0,4064.84,2160.0,-0.0,2998.620999999999,-0.0,0.0,-0.0,-0.0
2021-01-27 20:00:00,-0.0,4245.97,2160.0,-0.0,2744.0119999999997,-0.0,0.0,-0.0,-0.0
2021-01-27 21:00:00,-0.0,4461.95,2160.0,-0.0,2334.612,-0.0,0.0,-0.0,-0.0
2021-01-27 22:00:00,-0.0,4697.03,2160.0,-0.0,1869.670000000001,-0.0,0.0,-0.0,-0.0
2021-01-27 23:00:00,-0.0,4933.13,2160.0,-0.0,1441.8370000000004,-0.0,0.0,-0.0,-0.0
2021-01-28 00:00:00,-0.0,5150.33,2160.0,-0.0,606.3410000000003,-0.0,0.0,-0.0,-0.0
2021-01-28 01:00:00,-0.0,5336.34,2160.0,-0.0,277.0169999999998,-0.0,0.0,-0.0,-0.0
2021-01-28 02:00:00,-0.0,5477.84,2160.0,-0.0,39.3159999999998,-0.0,0.0,-0.0,-0.0
2021-01-28 03:00:00,-0.0,5569.02,2160.0,-0.0,-0.0,-0.0,0.0,50.13100000000031,47.624450000000294
2021-01-28 04:00:00,-0.0,5610.41,2160.0,-0.0,-0.0,-0.0,30.578999999999724,-0.0,15.431266502369013
2021-01-28 05:00:00,-0.0,5608.76,2160.0,-0.0,237.50176279306703,-0.0,14.658237206932839,-0.0,-0.0
2021-01-28 06:00:00,-0.0,5575.9400000000005,2160.0,-0.0,542.869999999999,-0.0,0.0,-0.0,-0.0
2021-01-28 07:00:00,-0.0,5527.23,2160.0,-0.0,817.5349999999999,-0.0,0.0,-0.0,-0.0
2021-01-28 08:00:00,176.60981463002767,5479.18,2160.0,-0.0,832.8451853699722,-0.0,0.0,-0.0,-0.0
2021-01-28 09:00:00,931.7469267986902,5447.22,2160.0,-0.0,157.30207320130978,-0.0,0.0,-0.0,-0.0
2021-01-28 10:00:00,1773.078747032034,5443.54,1450.4622529679662,-0.0,-0.0,-0.0,0.0,-0.0,-0.0
2021-01-28 11:00:00,2406.4219357537618,5475.3099999999995,738.2711389880028,-0.0,-0.0,-0.0,0.0,21.121074741764055,20.065021004675852
2021-01-28 12:00:00,2640.23817385631,5543.679999999999,447.47982614368993,-0.0,-0.0,-0.0,0.0,100.0,115.06301450257538
2021-01-28 13:00:00,2406.4219357537618,5643.55,547.8440642462388,-0.0,-0.0,-0.0,0.0,100.0,210.05150820112513
2021-01-28 14:00:00,1773.078747032034,5764.21,1087.7092529679655,-0.0,-0.0,-0.0,0.0,100.0,305.030503050305
2021-01-28 15:00:00,931.7469267986902,5890.79,1910.4370732013099,-0.0,-0.0,-0.0,0.0,100.0,400.0
2021-01-28 16:00:00,176.60981463002767,6006.2300000000005,2160.0,-0.0,380.1331853699718,-0.0,100.0,-0.0,294.69684210526316
2021-01-28 17:00:00,-0.0,6093.570000000001,2160.0,-0.0,704.3530000000001,-0.0,100.0,-0.0,189.4042145263158
2021-01-28 18:00:00,-0.0,6138.3,2160.0,-0.0,890.7028979105236,-0.0,70.43110208947553,-0.0,115.24727190541523
2021-01-28 19:00:00,-0.0,6130.320000000001,2160.0,-0.0,1051.6769999999988,-0.0,0.0,-0.0,115.2357471782247
2021-01-28 20:00:00,-0.0,6065.33,2160.0,-0.0,1042.4050000000007,-0.0,0.0,-0.0,115.22422360350687
2021-01-28 21:00:00,-0.0,5945.54,2160.0,-0.0,967.8900000000003,-0.0,0.0,-0.0,115.21270118114653
2021-01-28 22:00:00,-0.0,5779.36,2160.0,-0.0,903.2210000000005,-0.0,0.0,-0.0,115.20117991102842
2021-01-28 23:00:00,-0.0,5580.389999999999,2160.0,-0.0,909.371000000001,-0.0,0.0,-0.0,115.18965979303732
2021-01-29 00:00:00,-0.0,5363.67,2160.0,-0.0,506.35499999999956,-0.0,0.0,-0.0,115.17814082705802
2021-01-29 01:00:00,-0.0,5151.51,2160.0,-0.0,573.915,-0.0,0.0,-0.0,115.16662301297531
2021-01-29 02:00:00,-0.0,4959.06,2160.0,-0.0,668.781,-0.0,0.0,-0.0,115.15510635067402
2021-01-29 03:00:00,-0.0,4800.19,2160.0,-0.0,827.9030000000002,-0.0,0.0,-0.0,115.14359084003895
2021-01-29 04:00:00,-0.0,4683.68,2160.0,-0.0,1064.938,-0.0,0.0,-0.0,115.13207648095495
2021-01-29 05:00:00,-0.0,4612.2,2160.0,-0.0,1354.679,-0.0,0.0,-0.0,115.12056327330686
2021-01-29 06:00:00,-0.0,4582.08,2160.0,-0.0,1640.9269999999997,-0.0,0.0,-0.0,115.10905121697952
2021-01-29 07:00:00,-0.0,4583.92,2160.0,-0.0,1863.188,-0.0,0.0,-0.0,115.09754031185783
2021-01-29 08:00:00,163.88084630539353,4603.98,2160.0,-0.0,1821.175153694607,-0.0,0.0,-0.0,115.08603055782665
2021-01-29 09:00:00,823.1625426005528,4626.21,2160.0,-0.0,1185.2664573994464,-0.0,0.0,-0.0,115.07452195477086
2021-01-29 10:00:00,1552.2564073789788,4634.49,2160.0,-0.0,416.58759262102217,-0.0,0.0,-0.0,115.06301450257538
2021-01-29 11:00:00,2099.6883016579677,4614.96,2078.2856983420315,-0.0,-0.0,-0.0,0.0,100.0,210.05150820112513
2021-01-29 12:00:00,2301.577379132126,4557.99,1863.5986208678733,-0.0,-0.0,-0.0,0.0,100.0,305.030503050305
2021-01-29 13:00:00,2099.6883016579677,4459.58,2127.9516983420317,-0.0,-0.0,-0.0,0.0,100.0,400.0
2021-01-29 14:00:00,1552.2564073789788,4322.0,2160.0,-0.0,577.702592621022,-0.0,0.0,-0.0,399.96
2021-01-29 15:00:00,823.1625426005528,4153.57,2160.0,-0.0,1580.6834573994468,-0.0,0.0,-0.0,399.920004
2021-01-29 16:00:00,163.88084630539353,3967.6,2160.0,-0.0,2613.341153694607,-0.0,0.0,-0.0,399.8800119996
2021-01-29 17:00:00,-0.0,3780.6400000000003,2160.0,-0.0,3196.4649999999992,-0.0,0.0,-0.0,399.84002399840006
2021-01-29 18:00:00,-0.0,3610.31,2160.0,-0.0,3500.0,-0.0,65.56999999999925,-0.0,330.77898736442205
2021-01-29 19:00:00,-0.0,3472.94,2160.0,182.69999999999936,3500.0,-0.0,100.0,-0.0,225.48275157094878
2021-01-29 20:00:00,-0.0,3381.4,2160.0,197.10899999999992,3500.0,-0.0,100.0,-0.0,120.19704540105484
2021-01-29 21:00:00,-0.0,3343.31,2160.0,37.96299999999928,3500.0,-0.0,100.0,-0.0,14.921867801777893
2021-01-29 22:00:00,-0.0,3360.09,2160.0,-0.0,3387.3420000000006,-0.0,0.0,-0.0,14.920375614997715
2021-01-29 23:00:00,-0.0,3426.65,2160.0,-0.0,3124.912,-0.0,0.0,-0.0,14.918883577436215
2021-01-30 00:00:00,-0.0,3529.85,2160.0,-0.0,1962.4730000000004,-0.0,0.0,-0.0,14.917391689078473
2021-01-30 01:00:00,-0.0,3658.9,2160.0,-0.0,1685.6649999999995,-0.0,0.0,-0.0,14.915899949909566
2021-01-30 02:00:00,-0.0,3793.86,2160.0,-0.0,1449.9140000000002,-0.0,0.0,-0.0,14.914408359914574
2021-01-30 03:00:00,-0.0,3916.96,2160.0,-0.0,1323.8109999999997,-0.0,0.0,-0.0,14.912916919078583
2021-01-30 04:00:00,-0.0,4012.67,2160.0,-0.0,1345.3270000000002,-0.0,0.0,-0.0,14.911425627386675
2021-01-30 05:00:00,-0.0,4069.69,2160.0,-0.0,1503.2270000000003,-0.0,0.0,-0.0,14.909934484823937
2021-01-30 06:00:00,-0.0,4082.4,2160.0,-0.0,1743.266,-0.0,0.0,-0.0,14.908443491375454
2021-01-30 07:00:00,-0.0,4051.48,2160.0,-0.0,1994.8720000000008,-0.0,0.0,-0.0,14.906952647026317
2021-01-30 08:00:00,146.74664450926213,3983.76,2160.0,-0.0,2054.3243554907376,-0.0,0.0,-0.0,14.905461951761614
2021-01-30 09:00:00,703.1676795363833,3891.1099999999997,2160.0,-0.0,1632.677320463617,-0.0,0.0,-0.0,14.903971405566438
2021-01-30 10:00:00,1314.01645230785,3788.7900000000004,2160.0,-0.0,1089.3375476921499,-0.0,0.0,-0.0,14.90248100842588
2021-01-30 11:00:00,1771.470682785795,3693.2599999999998,2160.0,-0.0,653.4833172142053,-0.0,0.0,-0.0,14.900990760325039
2021-01-30 12:00:00,1940.0032091904618,3619.81,2160.0,-0.0,485.0817908095387,-0.0,0.0,-0.0,14.899500661249006
2021-01-30 13:00:00,1771.470682785795,3580.41,2160.0,-0.0,653.4983172142051,-0.0,0.0,-0.0,14.89801071118288
2021-01-30 14:00:00,1314.01645230785,3582.0099999999998,2160.0,-0.0,1130.5065476921507,-0.0,0.0,-0.0,14.896520910111763
2021-01-30 15:00:00,703.1676795363833,3625.4700000000003,2160.0,-0.0,1799.7543204636163,-0.0,0.0,-0.0,14.895031258020751
2021-01-30 16:00:00,146.74664450926213,3705.37,2160.0,-0.0,2460.075355490737,-0.0,0.0,-0.0,14.89354175489495
2021-01-30 17:00:00,-0.0,3810.6600000000003,2160.0,-0.0,2730.202999999999,-0.0,0.0,-0.0,14.892052400719459
2021-01-30 18:00:00,-0.0,3926.08,2160.0,-0.0,2809.9429999999993,-0.0,0.0,-0.0,14.890563195479388
2021-01-30 19:00:00,-0.0,4034.18,2160.0,-0.0,2777.9869999999996,-0.0,0.0,-0.0,14.88907413915984
2021-01-30 20:00:00,-0.0,4117.59,2160.0,-0.0,2613.8340000000007,-0.0,0.0,-0.0,14.887585231745923
2021-01-30 21:00:00,-0.0,4161.37,2160.0,-0.0,2369.2110000000002,-0.0,0.0,-0.0,14.886096473222748
2021-01-30 22:00:00,-0.0,4154.99,2160.0,-0.0,2138.1530000000002,-0.0,0.0,-0.0,14.884607863575427
2021-01-30 23:00:00,-0.0,4093.77,2160.0,-0.0,1999.9180000000001,-0.0,0.0,-0.0,14.88311940278907
2021-01-31 00:00:00,-0.0,3976.9900000000002,2160.0,-0.0,1489.7869999999998,-0.0,0.0,-0.0,14.881631090848792
2021-01-31 01:00:00,-0.0,3817.64,2160.0,-0.0,1497.828,-0.0,0.0,-0.0,14.880142927739707
2021-01-31 02:00:00,-0.0,3626.4800000000005,2160.0,-0.0,1584.6669999999995,-0.0,0.0,-0.0,14.878654913446933
2021-01-31 03:00:00,-0.0,3420.2,2160.0,-0.0,1784.4390000000003,-0.0,0.0,-0.0,14.877167047955588
2021-01-31 04:00:00,-0.0,3216.79,2160.0,-0.0,2101.5960000000005,-0.0,0.0,-0.0,14.875679331250792
2021-01-31 05:00:00,-0.0,3033.14,2160.0,-0.0,2496.717,-0.0,0.0,-0.0,14.874191763317667
2021-01-31 06:00:00,-0.0,2882.8599999999997,2160.0,-0.0,2896.33,-0.0,0.0,-0.0,14.872704344141335
2021-01-31 07:00:00,-0.0,2774.56,2160.0,-0.0,3221.9370000000004,-0.0,0.0,-0.0,14.871217073706921
2021-01-31 08:00:00,158.46518166001437,2710.75,2160.0,-0.0,3262.419818339986,-0.0,0.0,-0.0,14.86972995199955
2021-01-31 09:00:00,725.7545129720603,2687.6699999999996,2160.0,-0.0,2757.0364870279395,-0.0,0.0,-0.0,14.868242979004352
2021-01-31 10:00:00,1344.03981273667,2695.86,2160.0,-0.0,2092.49518726333,-0.0,0.0,-0.0,14.86675615470645
2021-01-31 11:00:00,1805.8684708576402,2721.5899999999997,2160.0,-0.0,1527.7985291423597,-0.0,0.0,-0.0,14.86526947909098
2021-01-31 12:00:00,1975.8303877034084,2748.84,2160.0,-0.0,1254.1106122965914,-0.0,0.0,-0.0,14.86378295214307
2021-01-31 13:00:00,1805.8684708576402,2761.6200000000003,2160.0,-0.0,1368.6715291423593,-0.0,0.0,-0.0,14.862296573847857
2021-01-31 14:00:00,1344.03981273667,2746.18,2160.0,-0.0,1864.0451872633305,-0.0,0.0,-0.0,14.860810344190472
2021-01-31 15:00:00,725.7545129720603,2693.1,2160.0,-0.0,2634.2774870279395,-0.0,0.0,-0.0,14.859324263156054
2021-01-31 16:00:00,158.46518166001437,2598.61,2160.0,-0.0,3476.9248183399854,-0.0,0.0,-0.0,14.85783833072974
2021-01-31 17:00:00,-0.0,2465.25,2160.0,480.4394650804479,3500.0,-0.0,14.113534919551835,-0.0,-0.0
2021-01-31 18:00:00,-0.0,2301.64,2160.0,850.5190000000002,3500.0,-0.0,0.0,-0.0,-0.0
2021-01-31 19:00:00,-0.0,2121.43,2160.0,1104.1369999999988,3500.0,-0.0,0.0,-0.0,-0.0
2021-01-31 20:00:00,-0.0,1941.52,2160.0,1200.637999999999,3500.0,-0.0,0.0,-0.0,-0.0
2021-01-31 21:00:00,-0.0,1779.93,2160.0,1158.7919999999995,3500.0,-0.0,0.0,-0.0,-0.0
2021-01-31 22:00:00,-0.0,1653.3700000000001,2160.0,1045.3939999999993,3500.0,-0.0,0.0,-0.0,-0.0
2021-01-31 23:00:00,-0.0,1575.1100000000001,2160.0,921.7569999999996,3500.0,-0.0,0.0,-0.0,-0.0
2021-02-01 00:00:00,-0.0,1550.48,2160.0,753.0110000000004,3500.0,-0.0,0.0,-0.0,-0.0
2021-02-01 01:00:00,-0.0,1586.7,2160.0,563.1980000000003,3500.0,-0.0,0.0,-0.0,-0.0
2021-02-01 02:00:00,-0.0,1676.3700000000001,2160.0,367.0060000000003,3500.0,-0.0,0.0,-0.0,-0.0
2021-02-01 03:00:00,-0.0,1808.97,2160.0,225.77999999999975,3500.0,-0.0,0.0,-0.0,-0.0
2021-02-01 04:00:00,-0.0,1969.57,2160.0,176.89699999999993,3500.0,-0.0,0.0,-0.0,-0.0
2021-02-01 05:00:00,-0.0,2140.7999999999997,2160.0,215.19600000000037,3500.0,-0.0,0.0,-0.0,-0.0
2021-02-01 06:00:00,-0.0,2305.17,2160.0,298.3060000000005,3500.0,-0.0,0.0,-0.0,-0.0
2021-02-01 07:00:00,-0.0,2447.41,2160.0,371.6100000000006,3500.0,-0.0,0.0,-0.0,-0.0
2021-02-01 08:00:00,205.99857499232425,2556.4399999999996,2160.0,190.04942500767538,3500.0,-0.0,0.0,-0.0,-0.0
2021-02-01 09:00:00,903.331630616109,2626.78,2160.0,-0.0,2959.62636938389,-0.0,0.0,-0.0,-0.0
2021-02-01 10:00:00,1657.969688363525,2659.24,2160.0,-0.0,2132.9833116364744,-0.0,0.0,-0.0,-0.0
2021-02-01 11:00:00,2220.169896811995,2660.6800000000003,2160.0,-0.0,1490.821103188005,-0.0,0.0,-0.0,-0.0
2021-02-01 12:00:00,2426.852361196398,2643.01,2160.0,-0.0,1224.0456388036014,-0.0,0.0,-0.0,-0.0
2021-02-01 13:00:00,2220.169896811995,2621.42,2160.0,-0.0,1408.5101031880054,-0.0,0.0,-0.0,-0.0
2021-02-01 14:00:00,1657.969688363525,2612.25,2160.0,-0.0,1996.8983116364755,-0.0,0.0,-0.0,-0.0
2021-02-01 15:00:00,903.331630616109,2630.6200000000003,2160.0,-0.0,2831.0473693838903,-0.0,0.0,-0.0,-0.0
2021-02-01 16:00:00,205.99857499232425,2688.3,2160.0,150.6834250076754,3500.0,-0.0,0.0,-0.0,-0.0
2021-02-01 17:00:00,-0.0,2791.9300000000003,2160.0,478.0720000000001,3500.0,-0.0,0.0,-0.0,-0.0
2021-02-01 18:00:00,-0.0,2942.0400000000004,2160.0,519.6379999999995,3500.0,-0.0,0.0,-0.0,-0.0
2021-02-01 19:00:00,-0.0,3132.83,2160.0,401.6800000000003,3500.0,-0.0,0.0,-0.0,-0.0
2021-02-01 20:00:00,-0.0,3352.82,2160.0,97.80999999999904,3500.0,-0.0,0.0,-0.0,-0.0
2021-02-01 21:00:00,-0.0,3586.2699999999995,2160.0,-0.0,3160.555000000001,-0.0,0.0,-0.0,-0.0
2021-02-01 22:00:00,-0.0,3815.2000000000003,2160.0,-0.0,2691.4049999999993,-0.0,0.0,-0.0,-0.0
2021-02-01 23:00:00,-0.0,4021.7000000000003,2160.0,-0.0,2282.849999999999,-0.0,0.0,-0.0,-0.0
2021-02-02 00:00:00,-0.0,4187.31,2160.0,-0.0,1487.4159999999993,-0.0,0.0,-0.0,-0.0
2021-02-02 01:00:00,-0.0,4306.79,2160.0,-0.0,1214.3959999999997,-0.0,0.0,-0.0,-0.0
2021-02-02 02:00:00,-0.0,4371.88,2160.0,-0.0,1042.9409999999998,-0.0,0.0,-0.0,-0.0
2021-02-02 03:00:00,-0.0,4383.7300000000005,2160.0,-0.0,1022.7289999999994,-0.0,0.0,-0.0,-0.0
2021-02-02 04:00:00,-0.0,4349.73,2160.0,-0.0,1168.813,-0.0,0.0,-0.0,-0.0
2021-02-02 05:00:00,-0.0,4282.5,2160.0,-0.0,1446.0429999999997,-0.0,0.0,-0.0,-0.0
2021-02-02 06:00:00,-0.0,4198.11,2160.0,-0.0,1778.4890000000005,-0.0,0.0,-0.0,-0.0
2021-02-02 07:00:00,-0.0,4113.93,2160.0,-0.0,2078.893,-0.0,0.0,-0.0,-0.0
2021-02-02 08:00:00,256.75425798280634,4046.29,2160.0,-0.0,2024.0297420171942,-0.0,0.0,-0.0,-0.0
2021-02-02 09:00:00,1079.8921559205817,4008.23,2160.0,-0.0,1277.086844079419,-0.0,0.0,-0.0,-0.0
2021-02-02 10:00:00,1964.4260700030707,4007.8599999999997,2160.0,-0.0,354.3639299969293,-0.0,0.0,-0.0,-0.0
2021-02-02 11:00:00,2621.6930651161606,4047.2000000000003,1840.322934883839,-0.0,-0.0,-0.0,0.0,100.0,95.0
2021-02-02 12:00:00,2863.06905352574,4122.05,1447.5209464742593,-0.0,-0.0,-0.0,0.0,100.0,189.9905
2021-02-02 13:00:00,2621.6930651161606,4222.55,1545.8749348838396,-0.0,-0.0,-0.0,0.0,100.0,284.97150095
2021-02-02 14:00:00,1964.4260700030707,4334.66,2109.4329299969295,-0.0,-0.0,-0.0,0.0,100.0,379.943003799905
2021-02-02 15:00:00,1079.8921559205817,4442.0599999999995,2160.0,-0.0,625.9288440794182,-0.0,100.0,-0.0,274.6418516047882
2021-02-02 16:00:00,256.75425798280634,4528.53,2160.0,-0.0,1544.1557420171944,-0.0,100.0,-0.0,169.35122952489093
2021-02-02 17:00:00,-0.0,4580.17,2160.0,-0.0,1975.9590000000007,-0.0,100.0,-0.0,64.07113650720162
2021-02-02 18:00:00,-0.0,4587.44,2160.0,-0.0,2201.2665070761263,-0.0,60.86149292387335,-0.0,-0.0
2021-02-02 19:00:00,-0.0,4546.51,2160.0,-0.0,2377.7430000000004,-0.0,0.0,-0.0,-0.0
2021-02-02 20:00:00,-0.0,4459.95,2160.0,-0.0,2382.3650000000007,-0.0,0.0,-0.0,-0.0
2021-02-02 21:00:00,-0.0,4336.43,2160.0,-0.0,2304.111999999999,-0.0,0.0,-0.0,-0.0
2021-02-02 22:00:00,-0.0,4189.73,2160.0,-0.0,2212.7080000000005,-0.0,0.0,-0.0,-0.0
2021-02-02 23:00:00,-0.0,4036.9300000000003,2160.0,-0.0,2165.654999999999,-0.0,0.0,-0.0,-0.0
2021-02-03 00:00:00,-0.0,3893.09,2160.0,-0.0,1681.7079999999996,-0.0,0.0,-0.0,-0.0
2021-02-03 01:00:00,-0.0,3781.56,2160.0,-0.0,1642.0620000000004,-0.0,0.0,-0.0,-0.0
2021-02-03 02:00:00,-0.0,3712.72,2160.0,-0.0,1606.98,-0.0,0.0,-0.0,-0.0
2021-02-03 03:00:00,-0.0,3694.98,2160.0,-0.0,1618.877,-0.0,0.0,-0.0,-0.0
2021-02-03 04:00:00,-0.0,3730.51,2160.0,-0.0,1698.0249999999996,-0.0,0.0,-0.0,-0.0
2021-02-03 05:00:00,-0.0,3815.04,2160.0,-0.0,1826.161,-0.0,0.0,-0.0,-0.0
2021-02-03 06:00:00,-0.0,3938.4599999999996,2160.0,-0.0,1953.5330000000008,-0.0,0.0,-0.0,-0.0
2021-02-03 07:00:00,-0.0,4086.2900000000004,2160.0,-0.0,2024.73,-0.0,0.0,-0.0,-0.0
2021-02-03 08:00:00,282.8652781956811,4241.599999999999,2160.0,-0.0,1723.6747218043188,-0.0,0.0,-0.0,-0.0
2021-02-03 09:00:00,1142.9332033057008,4387.37,2160.0,-0.0,758.9037966942997,-0.0,0.0,-0.0,-0.0
2021-02-03 10:00:00,2060.786701463515,4508.75,1865.2233732782488,-0.0,-0.0,-0.0,0.0,21.121074741764055,20.065021004675852
2021-02-03 11:00:00,2741.034844616723,4595.09,1103.130155383276,-0.0,-0.0,-0.0,0.0,100.0,115.06301450257538
2021-02-03 12:00:00,2990.586699902774,4641.35,733.8473000972253,-0.0,-0.0,-0.0,0.0,100.0,210.05150820112513
2021-02-03 13:00:00,2741.034844616723,4648.72,936.6641553832765,-0.0,-0.0,-0.0,0.0,100.0,305.030503050305
2021-02-03 14:00:00,2060.786701463515,4624.42,1662.8212985364853,-0.0,-0.0,-0.0,0.0,100.0,400.0
2021-02-03 15:00:00,1142.9332033057008,4580.7,2160.0,-0.0,367.01079669429964,-0.0,100.0,-0.0,294.69684210526316
2021-02-03 16:00:00,282.8652781956811,4533.05,2160.0,-0.0,1459.586721804319,-0.0,100.0,-0.0,189.4042145263158
2021-02-03 17:00:00,-0.0,4498.05,2160.0,-0.0,2007.4810000000007,-0.0,100.0,-0.0,84.12211621012632
2021-02-03 18:00:00,-0.0,4491.05,2160.0,-0.0,2231.39198120142,-0.0,79.90801879858006,-0.0,-0.0
2021-02-03 19:00:00,-0.0,4523.97,2160.0,-0.0,2356.480999999999,-0.0,0.0,-0.0,-0.0
2021-02-03 20:00:00,-0.0,4603.58,2160.0,-0.0,2198.3809999999994,-0.0,0.0,-0.0,-0.0
2021-02-03 21:00:00,-0.0,4730.4800000000005,2160.0,-0.0,1873.1859999999988,-0.0,0.0,-0.0,-0.0
2021-02-03 22:00:00,-0.0,4898.88,2160.0,-0.0,1470.1889999999994,-0.0,0.0,-0.0,-0.0
2021-02-03 23:00:00,-0.0,5097.27,2160.0,-0.0,1075.4759999999987,-0.0,0.0,-0.0,-0.0
2021-02-04 00:00:00,-0.0,5306.419999999999,2160.0,-0.0,241.84600000000046,-0.0,0.0,-0.0,-0.0
2021-02-04 01:00:00,-0.0,5515.04,2045.62,-0.0,-0.0,-0.0,0.0,-0.0,-0.0
2021-02-04 02:00:00,-0.0,5701.64,1758.6819999999998,-0.0,-0.0,-0.0,0.0,-0.0,-0.0
2021-02-04 03:00:00,-0.0,5850.490000000001,1607.5859999999993,-0.0,-0.0,-0.0,0.0,-0.0,-0.0
2021-02-04 04:00:00,-0.0,5950.22,1648.5413736800838,-0.0,-0.0,-0.0,0.0,22.401373680084603,21.281304996080372
2021-02-04 05:00:00,-0.0,5995.21,1897.4300000000003,-0.0,-0.0,-0.0,0.0,100.0,116.27917686558077
2021-02-04 06:00:00,-0.0,5986.3,2160.0,-0.0,-0.0,-0.0,0.0,99.25300000000061,210.55789894789478
2021-02-04 07:00:00,-0.0,5930.55,2160.0,-0.0,79.14000000000033,-0.0,100.0,-0.0,105.27368526326316
2021-02-04 08:00:00,298.1080021236312,5840.21,2160.0,-0.0,12.103997876369249,-0.0,100.0,-0.0,-0.0
2021-02-04 09:00:00,1158.9707176082286,5730.969999999999,1565.1542823917714,-0.0,-0.0,-0.0,0.0,-0.0,-0.0
2021-02-04 10:00:00,2071.427034617747,5619.84,731.8569653822528,-0.0,-0.0,-0.0,0.0,-0.0,-0.0
2021-02-04 11:00:00,2745.9206490123843,5522.740000000001,104.78542572938022,-0.0,-0.0,-0.0,0.0,21.121074741764055,20.065021004675852
2021-02-04 12:00:00,2993.1066166717846,5389.317383328216,-0.0,-0.0,-0.0,-0.0,0.0,100.0,115.06301450257538
2021-02-04 13:00:00,2745.9206490123843,5416.410000000001,184.28035098761575,-0.0,-0.0,-0.0,0.0,100.0,210.05150820112513
2021-02-04 14:00:00,2071.427034617747,5416.6,883.7219653822526,-0.0,-0.0,-0.0,0.0,100.0,305.030503050305
2021-02-04 15:00:00,1158.9707176082286,5448.36,1870.540282391771,-0.0,-0.0,-0.0,0.0,100.0,400.0
2021-02-04 16:00:00,298.1080021236312,5501.57,2160.0,-0.0,506.52999787636963,-0.0,100.0,-0.0,294.69684210526316
2021-02-04 17:00:00,-0.0,5561.88,2160.0,-0.0,977.8059999999996,-0.0,100.0,-0.0,189.4042145263158
2021-02-04 18:00:00,-0.0,5612.79,2160.0,-0.0,1156.6988979105245,-0.0,70.43110208947553,-0.0,115.24727190541523
2021-02-04 19:00:00,-0.0,5637.86,2160.0,-0.0,1283.54,-0.0,0.0,-0.0,115.2357471782247
2021-02-04 20:00:00,-0.0,5623.0599999999995,2160.0,-0.0,1223.1910000000007,-0.0,0.0,-0.0,115.22422360350687
2021-02-04 21:00:00,-0.0,5558.76,2160.0,-0.0,1092.4959999999992,-0.0,0.0,-0.0,115.21270118114653
2021-02-04 22:00:00,-0.0,5441.099999999999,2160.0,-0.0,978.813000000001,-0.0,0.0,-0.0,115.20117991102842
2021-02-04 23:00:00,-0.0,5272.67,2160.0,-0.0,954.1270000000004,-0.0,0.0,-0.0,115.18965979303732
2021-02-05 00:00:00,-0.0,5058.58,2160.0,-0.0,546.6509999999998,-0.0,0.0,-0.0,115.17814082705802
2021-02-05 01:00:00,-0.0,4819.99,2160.0,-0.0,640.7399999999998,-0.0,0.0,-0.0,115.16662301297531
2021-02-05 02:00:00,-0.0,4570.57,2160.0,-0.0,792.8720000000003,-0.0,0.0,-0.0,115.15510635067402
2021-02-05 03:00:00,-0.0,4328.76,2160.0,-0.0,1035.4279999999999,-0.0,0.0,-0.0,115.14359084003895
2021-02-05 04:00:00,-0.0,4111.88,2160.0,-0.0,1373.5230000000001,-0.0,0.0,-0.0,115.13207648095495
2021-02-05 05:00:00,-0.0,3933.84,2160.0,-0.0,1770.7110000000002,-0.0,0.0,-0.0,115.12056327330686
2021-02-05 06:00:00,-0.0,3803.43,2160.0,-0.0,2158.332,-0.0,0.0,-0.0,115.10905121697952
2021-02-05 07:00:00,-0.0,3723.2900000000004,2160.0,-0.0,2463.849999999999,-0.0,0.0,-0.0,115.09754031185783
2021-02-05 08:00:00,328.5256771568929,3689.6,2160.0,-0.0,2312.413322843108,-0.0,0.0,-0.0,115.08603055782665
2021-02-05 09:00:00,1230.6990086224546,3692.8100000000004,2160.0,-0.0,1454.2959913775453,-0.0,0.0,-0.0,115.07452195477086
2021-02-05 10:00:00,2180.559762562686,3718.97,2160.0,-0.0,448.8242374373135,-0.0,0.0,-0.0,115.06301450257538
2021-02-05 11:00:00,2880.88714471395,3751.75,1907.3598552860494,-0.0,-0.0,-0.0,0.0,100.0,210.05150820112513
2021-02-05 12:00:00,3137.271732755092,3774.7000000000003,1560.4892672449064,-0.0,-0.0,-0.0,0.0,100.0,305.030503050305
2021-02-05 13:00:00,2880.88714471395,3773.62,1784.4238552860506,-0.0,-0.0,-0.0,0.0,100.0,400.0
2021-02-05 14:00:00,2180.559762562686,3738.47,2160.0,-0.0,287.2412374373148,-0.0,0.0,-0.0,399.96
2021-02-05 15:00:00,1230.6990086224546,3664.8199999999997,2160.0,-0.0,1418.990991377546,-0.0,0.0,-0.0,399.920004
2021-02-05 16:00:00,328.5256771568929,3554.4900000000002,2160.0,-0.0,2621.8613228431072,-0.0,0.0,-0.0,399.8800119996
2021-02-05 17:00:00,-0.0,3415.31,2160.0,-0.0,3324.9880000000007,-0.0,0.0,-0.0,399.84002399840006
2021-02-05 18:00:00,-0.0,3260.1200000000003,2160.0,82.26600000000008,3500.0,-0.0,100.0,-0.0,294.5368821012634
2021-02-05 19:00:00,-0.0,3104.96,2160.0,320.6680000000006,3500.0,-0.0,100.0,-0.0,189.24427051831645
2021-02-05 20:00:00,-0.0,2966.96,2160.0,385.1889999999994,3500.0,-0.0,100.0,-0.0,83.96218819652778
2021-02-05 21:00:00,-0.0,2861.96,2160.0,317.01289762117676,3500.0,-0.0,79.75610237882272,-0.0,-0.0
2021-02-05 22:00:00,-0.0,2802.35,2160.0,226.51600000000008,3500.0,-0.0,0.0,-0.0,-0.0
2021-02-05 23:00:00,-0.0,2795.2900000000004,2160.0,41.843999999999596,3500.0,-0.0,0.0,-0.0,-0.0
2021-02-06 00:00:00,-0.0,2837.8900000000003,2160.0,-0.0,2442.5739999999996,-0.0,0.0,-0.0,-0.0
2021-02-06 01:00:00,-0.0,2932.4,2160.0,-0.0,2204.7499999999995,-0.0,0.0,-0.0,-0.0
2021-02-06 02:00:00,-0.0,3063.69,2160.0,-0.0,1977.2599999999998,-0.0,0.0,-0.0,-0.0
2021-02-06 03:00:00,-0.0,3216.1400000000003,2160.0,-0.0,1826.5419999999995,-0.0,0.0,-0.0,-0.0
2021-02-06 04:00:00,-0.0,3371.79,2160.0,-0.0,1792.9920000000002,-0.0,0.0,-0.0,-0.0
2021-02-06 05:00:00,-0.0,3512.6200000000003,2160.0,-0.0,1872.0929999999994,-0.0,0.0,-0.0,-0.0
2021-02-06 06:00:00,-0.0,3622.92,2160.0,-0.0,2019.683,-0.0,0.0,-0.0,-0.0
2021-02-06 07:00:00,-0.0,3691.28,2160.0,-0.0,2177.278,-0.0,0.0,-0.0,-0.0
2021-02-06 08:00:00,360.6561562531983,3711.97,2160.0,-0.0,1939.8018437468018,-0.0,0.0,-0.0,-0.0
2021-02-06 09:00:00,1303.684177438338,3685.6899999999996,2160.0,-0.0,1070.6878225616622,-0.0,0.0,-0.0,-0.0
2021-02-06 10:00:00,2290.0251934551225,3619.27,2160.0,-0.0,121.57880654487735,-0.0,0.0,-0.0,-0.0
2021-02-06 11:00:00,3015.3853918227414,3524.7099999999996,1682.5796081772587,-0.0,-0.0,-0.0,0.0,100.0,95.0
2021-02-06 12:00:00,3280.648219629516,3417.4,1457.1427803704833,-0.0,-0.0,-0.0,0.0,100.0,189.9905
2021-02-06 13:00:00,3015.3853918227414,3313.9999999999995,1792.223608177259,-0.0,-0.0,-0.0,0.0,100.0,284.97150095
2021-02-06 14:00:00,2290.0251934551225,3230.04,2160.0,-0.0,368.72580654487774,-0.0,0.0,-0.0,284.943003799905
2021-02-06 15:00:00,1303.684177438338,3177.8,2160.0,-0.0,1515.2828225616615,-0.0,0.0,-0.0,284.914509499525
2021-02-06 16:00:00,360.6561562531983,3164.5699999999997,2160.0,-0.0,2661.540843746802,-0.0,0.0,-0.0,284.88601804857507
2021-02-06 17:00:00,-0.0,3191.57,2160.0,-0.0,3230.146,-0.0,0.0,-0.0,284.85752944677023
2021-02-06 18:00:00,-0.0,3253.8,2160.0,-0.0,3369.4270000000006,-0.0,0.0,-0.0,284.82904369382555
2021-02-06 19:00:00,-0.0,3340.63,2160.0,-0.0,3365.1600000000008,-0.0,0.0,-0.0,284.8005607894562
2021-02-06 20:00:00,-0.0,3437.25,2160.0,-0.0,3194.2780000000002,-0.0,0.0,-0.0,284.77208073337727
2021-02-06 21:00:00,-0.0,3526.69,2160.0,-0.0,2910.533,-0.0,0.0,-0.0,284.7436035253039
2021-02-06 22:00:00,-0.0,3592.0400000000004,2160.0,-0.0,2614.3339999999994,-0.0,0.0,-0.0,284.7151291649514
2021-02-06 23:00:00,-0.0,3618.8599999999997,2160.0,-0.0,2394.6940000000004,-0.0,0.0,-0.0,284.6866576520349
2021-02-07 00:00:00,-0.0,3592.98,2160.0,-0.0,1798.6249999999995,-0.0,0.0,-0.0,284.6581889862697
2021-02-07 01:00:00,-0.0,3518.3599999999997,2160.0,-0.0,1728.6450000000004,-0.0,0.0,-0.0,284.6297231673711
2021-02-07 02:00:00,-0.0,3393.1099999999997,2160.0,-0.0,1756.3110000000006,-0.0,0.0,-0.0,284.60126019505435
2021-02-07 03:00:00,-0.0,3225.69,2160.0,-0.0,1923.9829999999997,-0.0,0.0,-0.0,284.5728000690348
2021-02-07 04:00:00,-0.0,3029.7200000000003,2160.0,-0.0,2240.478,-0.0,0.0,-0.0,284.54434278902795
2021-02-07 05:00:00,-0.0,2822.24,2160.0,-0.0,2666.219,-0.0,0.0,-0.0,284.51588835474905
2021-02-07 06:00:00,-0.0,2621.54,2160.0,-0.0,3123.0470000000005,-0.0,0.0,-0.0,284.48743676591357
2021-02-07 07:00:00,-0.0,2444.79,2160.0,-0.0,3500.0,-0.0,23.89800000000014,-0.0,259.30319854855264
2021-02-07 08:00:00,353.4722370535258,2305.82,2160.0,-0.0,3451.323762946474,-0.0,0.0,-0.0,259.2772682286978
2021-02-07 09:00:00,1234.5558983471499,2213.4,2160.0,-0.0,2708.2631016528494,-0.0,0.0,-0.0,259.2513405018749
2021-02-07 10:00:00,2150.1482486951186,2170.1400000000003,2160.0,-0.0,1804.6257513048818,-0.0,0.0,-0.0,259.2254153678247
2021-02-07 11:00:00,2821.7522763790816,2172.34,2160.0,-0.0,1060.4217236209174,-0.0,0.0,-0.0,259.19949282628795
2021-02-07 12:00:00,3067.10221666155,2210.53,2160.0,-0.0,707.11378333845,-0.0,0.0,-0.0,259.1735728770053
2021-02-07 13:00:00,2821.7522763790816,2270.92,2160.0,-0.0,856.1277236209185,-0.0,0.0,-0.0,259.1476555197176
2021-02-07 14:00:00,2150.1482486951186,2337.38,2160.0,-0.0,1486.010751304881,-0.0,0.0,-0.0,259.1217407541656
2021-02-07 15:00:00,1234.5558983471499,2393.71,2160.0,-0.0,2450.7291016528507,-0.0,0.0,-0.0,259.0958285800902
2021-02-07 16:00:00,353.4722370535258,2425.96,2160.0,-0.0,3486.968762946474,-0.0,0.0,-0.0,259.0699189972322
2021-02-07 17:00:00,-0.0,2424.4,2160.0,474.2849999999994,3500.0,-0.0,100.0,-0.0,153.78085411059567
2021-02-07 18:00:00,-0.0,2384.9300000000003,2160.0,712.5299999999988,3500.0,-0.0,100.0,-0.0,48.50231813044779
2021-02-07 19:00:00,-0.0,2309.7000000000003,2160.0,921.4474054962957,3500.0,-0.0,46.07259450370301,-0.0,-0.0
2021-02-07 20:00:00,-0.0,2206.92,2160.0,993.1689999999999,3500.0,-0.0,0.0,-0.0,-0.0
2021-02-07 21:00:00,-0.0,2089.7599999999998,2160.0,913.0920000000006,3500.0,-0.0,0.0,-0.0,-0.0
2021-02-07 22:00:00,-0.0,1974.66,2160.0,794.3520000000008,3500.0,-0.0,0.0,-0.0,-0.0
2021-02-07 23:00:00,-0.0,1879.09,2160.0,694.0519999999997,3500.0,-0.0,0.0,-0.0,-0.0
2021-02-08 00:00:00,-0.0,1814.9199999999998,2160.0,569.0779999999995,3500.0,-0.0,0.0,-0.0,-0.0
2021-02-08 01:00:00,-0.0,1803.5100000000002,2160.0,432.73099999999977,3500.0,-0.0,0.0,-0.0,-0.0
2021-02-08 02:00:00,-0.0,1848.02,2160.0,287.42899999999963,3500.0,-0.0,0.0,-0.0,-0.0
2021-02-08 03:00:00,-0.0,1949.7,2160.0,182.7470000000003,3500.0,-0.0,0.0,-0.0,-0.0
2021-02-08 04:00:00,-0.0,2103.31,2160.0,146.36299999999983,3500.0,-0.0,0.0,-0.0,-0.0
2021-02-08 05:00:00,-0.0,2297.81,2160.0,166.7829999999999,3500.0,-0.0,0.0,-0.0,-0.0
2021-02-08 06:00:00,-0.0,2517.74,2160.0,199.60100000000057,3500.0,-0.0,0.0,-0.0,-0.0
2021-02-08 07:00:00,-0.0,2745.2599999999998,2160.0,192.76700000000028,3500.0,-0.0,0.0,-0.0,-0.0
2021-02-08 08:00:00,304.29381248081063,2962.42,2160.0,-0.0,3309.7921875191887,-0.0,0.0,-0.0,-0.0
2021-02-08 09:00:00,1028.1876534131616,3153.5299999999997,2160.0,-0.0,2436.913346586838,-0.0,0.0,-0.0,-0.0
2021-02-08 10:00:00,1775.6602754579883,3307.14,2160.0,-0.0,1501.0197245420115,-0.0,0.0,-0.0,-0.0
2021-02-08 11:00:00,2322.5438259901753,3417.4500000000003,2160.0,-0.0,769.8951740098237,-0.0,0.0,-0.0,-0.0
2021-02-08 12:00:00,2522.122466328933,3484.9900000000002,2160.0,-0.0,429.45753367106636,-0.0,0.0,-0.0,-0.0
2021-02-08 13:00:00,2322.5438259901753,3516.4,2160.0,-0.0,558.1101740098247,-0.0,0.0,-0.0,-0.0
2021-02-08 14:00:00,1775.6602754579883,3523.42,2160.0,-0.0,1119.1277245420122,-0.0,0.0,-0.0,-0.0
2021-02-08 15:00:00,1028.1876534131616,3521.15,2160.0,-0.0,1970.7303465868376,-0.0,0.0,-0.0,-0.0
2021-02-08 16:00:00,304.29381248081063,3525.86,2160.0,-0.0,2873.7141875191896,-0.0,0.0,-0.0,-0.0
2021-02-08 17:00:00,-0.0,3552.71,2160.0,-0.0,3379.8280000000004,-0.0,0.0,-0.0,-0.0
2021-02-08 18:00:00,-0.0,3613.52,2160.0,14.178000000000338,3500.0,-0.0,0.0,-0.0,-0.0
2021-02-08 19:00:00,-0.0,3715.0699999999997,2160.0,-0.0,3488.772000000001,-0.0,0.0,-0.0,-0.0
2021-02-08 20:00:00,-0.0,3858.08,2160.0,-0.0,3265.0190000000002,-0.0,0.0,-0.0,-0.0
2021-02-08 21:00:00,-0.0,4036.98,2160.0,-0.0,2885.2759999999994,-0.0,0.0,-0.0,-0.0
2021-02-08 22:00:00,-0.0,4240.58,2160.0,-0.0,2444.2379999999994,-0.0,0.0,-0.0,-0.0
2021-02-08 23:00:00,-0.0,4453.47,2160.0,-0.0,2031.8939999999993,-0.0,0.0,-0.0,-0.0
2021-02-09 00:00:00,-0.0,4653.53,2160.0,-0.0,1202.7350000000006,-0.0,0.0,-0.0,-0.0
2021-02-09 01:00:00,-0.0,4832.32,2160.0,-0.0,872.6360000000004,-0.0,0.0,-0.0,-0.0
2021-02-09 02:00:00,-0.0,4970.24,2160.0,-0.0,630.3950000000004,-0.0,0.0,-0.0,-0.0
2021-02-09 03:00:00,-0.0,5056.63,2160.0,-0.0,537.4960000000001,-0.0,0.0,-0.0,-0.0
2021-02-09 04:00:00,-0.0,5086.650000000001,2160.0,-0.0,621.2239999999993,-0.0,0.0,-0.0,-0.0
2021-02-09 05:00:00,-0.0,5061.96,2160.0,-0.0,857.3850000000002,-0.0,0.0,-0.0,-0.0
2021-02-09 06:00:00,-0.0,4990.46,2160.0,-0.0,1178.2179999999998,-0.0,0.0,-0.0,-0.0
2021-02-09 07:00:00,-0.0,4885.2699999999995,2160.0,-0.0,1500.715000000001,-0.0,0.0,-0.0,-0.0
2021-02-09 08:00:00,267.2344008289838,4762.95,2160.0,-0.0,1490.938599171016,-0.0,0.0,-0.0,-0.0
2021-02-09 09:00:00,874.6329208115854,4641.37,2160.0,-0.0,1043.945079188415,-0.0,0.0,-0.0,-0.0
2021-02-09 10:00:00,1497.9026036229661,4537.31,2160.0,-0.0,486.6703963770333,-0.0,0.0,-0.0,-0.0
2021-02-09 11:00:00,1952.7568221778736,4464.27,2160.0,-0.0,27.71817782212679,-0.0,0.0,-0.0,-0.0
2021-02-09 12:00:00,2118.5722745113094,4430.73,2078.9667254886913,-0.0,-0.0,-0.0,0.0,100.0,95.0
2021-02-09 13:00:00,1952.7568221778733,4439.12,2160.0,-0.0,-0.0,-0.0,0.0,66.22882217787401,157.90788106898032
2021-02-09 14:00:00,1497.9026036229661,4485.53,2160.0,-0.0,260.31939637703454,-0.0,100.0,-0.0,52.62893238613658
2021-02-09 15:00:00,874.6329208115854,4560.42,2160.0,-0.0,957.5745931701622,-0.0,49.992486018253075,-0.0,-0.0
2021-02-09 16:00:00,267.2344008289838,4649.95,2160.0,-0.0,1706.3035991710158,-0.0,0.0,-0.0,-0.0
2021-02-09 17:00:00,-0.0,4738.01,2160.0,-0.0,2111.2800000000007,-0.0,0.0,-0.0,-0.0
2021-02-09 18:00:00,-0.0,4808.490000000001,2160.0,-0.0,2233.157,-0.0,0.0,-0.0,-0.0
2021-02-09 19:00:00,-0.0,4847.56,2160.0,-0.0,2267.495,-0.0,0.0,-0.0,-0.0
2021-02-09 20:00:00,-0.0,4845.7,2160.0,-0.0,2185.946000000001,-0.0,0.0,-0.0,-0.0
2021-02-09 21:00:00,-0.0,4799.05,2160.0,-0.0,2029.1590000000006,-0.0,0.0,-0.0,-0.0
2021-02-09 22:00:00,-0.0,4710.0599999999995,2160.0,-0.0,1878.192000000001,-0.0,0.0,-0.0,-0.0
2021-02-09 23:00:00,-0.0,4587.2699999999995,2160.0,-0.0,1799.085,-0.0,0.0,-0.0,-0.0
2021-02-10 00:00:00,-0.0,4439.49,2160.0,-0.0,1315.1670000000004,-0.0,0.0,-0.0,-0.0
2021-02-10 01:00:00,-0.0,4293.07,2160.0,-0.0,1307.9940000000006,-0.0,0.0,-0.0,-0.0
2021-02-10 02:00:00,-0.0,4161.1900000000005,2160.0,-0.0,1333.3519999999999,-0.0,0.0,-0.0,-0.0
2021-02-10 03:00:00,-0.0,4060.5,2160.0,-0.0,1425.4160000000002,-0.0,0.0,-0.0,-0.0
2021-02-10 04:00:00,-0.0,4004.2,2160.0,-0.0,1593.433,-0.0,0.0,-0.0,-0.0
2021-02-10 05:00:00,-0.0,4000.2900000000004,2160.0,-0.0,1806.8719999999998,-0.0,0.0,-0.0,-0.0
2021-02-10 06:00:00,-0.0,4050.5099999999998,2160.0,-0.0,2004.1309999999999,-0.0,0.0,-0.0,-0.0
2021-02-10 07:00:00,-0.0,4150.13,2160.0,-0.0,2120.0559999999996,-0.0,0.0,-0.0,-0.0
2021-02-10 08:00:00,286.3463368130182,4288.59,2160.0,-0.0,1828.717663186982,-0.0,0.0,-0.0,-0.0
2021-02-10 09:00:00,908.8581962439875,4450.94,2160.0,-0.0,1081.1058037560133,-0.0,0.0,-0.0,-0.0
2021-02-10 10:00:00,1543.7047093951492,4619.77,2160.0,-0.0,237.88329060485057,-0.0,0.0,-0.0,-0.0
2021-02-10 11:00:00,2005.8414258008397,4777.59,1799.4055741991597,-0.0,-0.0,-0.0,0.0,100.0,95.0
2021-02-10 12:00:00,2174.1398279091195,4909.13,1421.804172090881,-0.0,-0.0,-0.0,0.0,100.0,189.9905
2021-02-10 13:00:00,2005.8414258008397,5003.28,1452.1445741991602,-0.0,-0.0,-0.0,0.0,100.0,284.97150095
2021-02-10 14:00:00,1543.7047093951492,5054.59,1879.9882906048501,-0.0,-0.0,-0.0,0.0,100.0,379.943003799905
2021-02-10 15:00:00,908.8581962439875,5063.889999999999,2160.0,-0.0,243.4168037560139,-0.0,100.0,-0.0,274.6418516047882
2021-02-10 16:00:00,286.3463368130182,5038.07,2160.0,-0.0,1071.7316631869812,-0.0,100.0,-0.0,169.35122952489093
2021-02-10 17:00:00,-0.0,4989.05,2160.0,-0.0,1632.1169999999993,-0.0,100.0,-0.0,64.07113650720162
2021-02-10 18:00:00,-0.0,4932.08,2160.0,-0.0,1919.9025070761259,-0.0,60.86149292387335,-0.0,-0.0
2021-02-10 19:00:00,-0.0,4883.55,2160.0,-0.0,2102.1259999999993,-0.0,0.0,-0.0,-0.0
2021-02-10 20:00:00,-0.0,4858.65,2160.0,-0.0,2043.1450000000004,-0.0,0.0,-0.0,-0.0
2021-02-10 21:00:00,-0.0,4869.2,2160.0,-0.0,1828.7910000000002,-0.0,0.0,-0.0,-0.0
2021-02-10 22:00:00,-0.0,4921.93,2160.0,-0.0,1535.8410000000003,-0.0,0.0,-0.0,-0.0
2021-02-10 23:00:00,-0.0,5017.45,2160.0,-0.0,1238.2660000000005,-0.0,0.0,-0.0,-0.0
2021-02-11 00:00:00,-0.0,5145.09,2160.0,-0.0,478.64300000000003,-0.0,0.0,-0.0,-0.0
2021-02-11 01:00:00,-0.0,5303.41,2160.0,-0.0,166.78300000000036,-0.0,0.0,-0.0,-0.0
2021-02-11 02:00:00,-0.0,5471.81,2052.018,-0.0,-0.0,-0.0,0.0,-0.0,-0.0
2021-02-11 03:00:00,-0.0,5632.43,1928.9358360184242,-0.0,-0.0,-0.0,0.0,45.900836018424464,43.60579421750324
2021-02-11 04:00:00,-0.0,5767.4800000000005,1960.0689999999995,-0.0,-0.0,-0.0,0.0,100.0,138.6014336380815
2021-02-11 05:00:00,-0.0,5861.59,2075.96,-0.0,-0.0,-0.0,0.0,100.0,233.58757349471767
2021-02-11 06:00:00,-0.0,5903.75,2160.0,-0.0,-0.0,-0.0,21.855999999999767,-0.0,210.55789894789478
2021-02-11 07:00:00,-0.0,5888.799999999999,2160.0,-0.0,153.03000000000065,-0.0,100.0,-0.0,105.27368526326316
2021-02-11 08:00:00,338.5498937416846,5818.03,2160.0,-0.0,19.501106258315758,-0.0,100.0,-0.0,-0.0
2021-02-11 09:00:00,1043.1962530447242,5699.0,1732.019746955276,-0.0,-0.0,-0.0,0.0,-0.0,-0.0
2021-02-11 10:00:00,1757.4786754938084,5544.46,1154.8383992479569,-0.0,-0.0,-0.0,0.0,21.121074741764055,20.065021004675852
2021-02-11 11:00:00,2276.1440871456352,5370.669999999999,811.4079128543653,-0.0,-0.0,-0.0,0.0,100.0,115.06301450257538
2021-02-11 12:00:00,2464.829786536691,5195.16,721.6572134633102,-0.0,-0.0,-0.0,0.0,100.0,210.05150820112513
2021-02-11 13:00:00,2276.1440871456352,5034.419999999999,1028.5609128543656,-0.0,-0.0,-0.0,0.0,100.0,305.030503050305
2021-02-11 14:00:00,1757.4786754938084,4901.67,1698.3773245061914,-0.0,-0.0,-0.0,0.0,100.0,400.0
2021-02-11 15:00:00,1043.1962530447242,4805.17,2160.0,-0.0,348.5207469552763,-0.0,0.0,-0.0,399.96
2021-02-11 16:00:00,338.5498937416846,4747.14,2160.0,-0.0,1292.756106258315,-0.0,0.0,-0.0,399.920004
2021-02-11 17:00:00,-0.0,4723.54,2160.0,-0.0,1881.5950000000003,-0.0,0.0,-0.0,399.8800119996
2021-02-11 18:00:00,-0.0,4724.69,2160.0,-0.0,2073.884000000001,-0.0,0.0,-0.0,399.84002399840006
2021-02-11 19:00:00,-0.0,4736.72,2160.0,-0.0,2136.54,-0.0,0.0,-0.0,399.80003999600024
2021-02-11 20:00:00,-0.0,4743.5,2160.0,-0.0,2047.8220000000001,-0.0,0.0,-0.0,399.76005999200066
2021-02-11 21:00:00,-0.0,4728.95,2160.0,-0.0,1860.5980000000009,-0.0,0.0,-0.0,399.72008398600144
2021-02-11 22:00:00,-0.0,4679.37,2160.0,-0.0,1672.0749999999998,-0.0,0.0,-0.0,399.68011197760285
2021-02-11 23:00:00,-0.0,4585.36,2160.0,-0.0,1566.2310000000007,-0.0,0.0,-0.0,399.6401439664051
2021-02-12 00:00:00,-0.0,4438.09,2160.0,-0.0,1083.5699999999997,-0.0,0.0,-0.0,399.6001799520085
2021-02-12 01:00:00,-0.0,4250.67,2160.0,-0.0,1119.8140000000003,-0.0,0.0,-0.0,399.5602199340133
2021-02-12 02:00:00,-0.0,4026.75,2160.0,-0.0,1239.812,-0.0,0.0,-0.0,399.52026391201986
2021-02-12 03:00:00,-0.0,3780.2400000000002,2160.0,-0.0,1480.4789999999998,-0.0,0.0,-0.0,399.4803118856287
2021-02-12 04:00:00,-0.0,3528.4100000000003,2160.0,-0.0,1846.9869999999996,-0.0,0.0,-0.0,399.44036385444014
2021-02-12 05:00:00,-0.0,3289.62,2160.0,-0.0,2298.4440000000004,-0.0,0.0,-0.0,399.4004198180547
2021-02-12 06:00:00,-0.0,3081.02,2160.0,-0.0,2757.8349999999996,-0.0,0.0,-0.0,399.36047977607285
2021-02-12 07:00:00,-0.0,2916.33,2160.0,-0.0,3141.553,-0.0,0.0,-0.0,399.32054372809523
2021-02-12 08:00:00,374.82067618462804,2804.08,2160.0,-0.0,3016.1013238153723,-0.0,0.0,-0.0,399.28061167372243
2021-02-12 09:00:00,1122.4473273718147,2746.5899999999997,2160.0,-0.0,2367.0316726281853,-0.0,0.0,-0.0,399.2406836125551
2021-02-12 10:00:00,1875.8100238204893,2739.71,2160.0,-0.0,1584.981976179511,-0.0,0.0,-0.0,399.20075954419383
2021-02-12 11:00:00,2421.4983082079625,2773.48,2160.0,-0.0,931.1386917920377,-0.0,0.0,-0.0,399.16083946823943
2021-02-12 12:00:00,2619.8139095793676,2833.52,2160.0,-0.0,599.312090420633,-0.0,0.0,-0.0,399.1209233842926
2021-02-12 13:00:00,2421.4983082079625,2903.04,2160.0,-0.0,688.7436917920377,-0.0,0.0,-0.0,399.0810112919542
2021-02-12 14:00:00,1875.8100238204893,2965.14,2160.0,-0.0,1193.9399761795103,-0.0,0.0,-0.0,399.041103190825
2021-02-12 15:00:00,1122.4473273718147,3005.07,2160.0,-0.0,2009.9886726281845,-0.0,0.0,-0.0,399.00119908050596
2021-02-12 16:00:00,374.82067618462804,3012.3100000000004,2160.0,-0.0,2935.233323815371,-0.0,0.0,-0.0,398.9612989605979
2021-02-12 17:00:00,-0.0,2981.92,2160.0,-0.0,3500.0,-0.0,70.47400000000016,-0.0,324.7382449359648
2021-02-12 18:00:00,-0.0,2915.18,2160.0,234.0319999999997,3500.0,-0.0,100.0,-0.0,219.4426132167344
2021-02-12 19:00:00,-0.0,2819.45,2160.0,407.8630000000003,3500.0,-0.0,100.0,-0.0,114.1575110606759
2021-02-12 20:00:00,-0.0,2707.04,2160.0,441.78300000000036,3500.0,-0.0,100.0,-0.0,8.882937414832995
2021-02-12 21:00:00,-0.0,2593.55,2160.0,448.5410533349632,3500.0,-0.0,8.437946665036938,-0.0,-0.0
2021-02-12 22:00:00,-0.0,2495.67,2160.0,320.2610000000004,3500.0,-0.0,0.0,-0.0,-0.0
2021-02-12 23:00:00,-0.0,2428.81,2160.0,190.79800000000023,3500.0,-0.0,0.0,-0.0,-0.0
2021-02-13 00:00:00,-0.0,2399.58,2160.0,-0.0,2657.2709999999997,-0.0,0.0,-0.0,-0.0
2021-02-13 01:00:00,-0.0,2425.66,2160.0,-0.0,2483.585,-0.0,0.0,-0.0,-0.0
2021-02-13 02:00:00,-0.0,2502.31,2160.0,-0.0,2306.5980000000004,-0.0,0.0,-0.0,-0.0
2021-02-13 03:00:00,-0.0,2623.83,2160.0,-0.0,2182.8320000000003,-0.0,0.0,-0.0,-0.0
2021-02-13 04:00:00,-0.0,2778.78,2160.0,-0.0,2146.1659999999997,-0.0,0.0,-0.0,-0.0
2021-02-13 05:00:00,-0.0,2951.4,2160.0,-0.0,2189.8250000000003,-0.0,0.0,-0.0,-0.0
2021-02-13 06:00:00,-0.0,3123.66,2160.0,-0.0,2271.9719999999998,-0.0,0.0,-0.0,-0.0
2021-02-13 07:00:00,-0.0,3277.55,2160.0,-0.0,2340.7249999999995,-0.0,0.0,-0.0,-0.0
2021-02-13 08:00:00,398.664387421963,3397.3900000000003,2160.0,-0.0,1962.9526125780362,-0.0,0.0,-0.0,-0.0
2021-02-13 09:00:00,1161.429022720295,3471.8700000000003,2160.0,-0.0,1170.380977279705,-0.0,0.0,-0.0,-0.0
2021-02-13 10:00:00,1925.592242631256,3495.42,2160.0,-0.0,350.69775736874385,-0.0,0.0,-0.0,-0.0
2021-02-13 11:00:00,2477.731267500768,3468.9399999999996,2014.2387324992324,-0.0,-0.0,-0.0,0.0,100.0,95.0
2021-02-13 12:00:00,2678.1847933681306,3399.52,1813.304206631869,-0.0,-0.0,-0.0,0.0,100.0,189.9905
2021-02-13 13:00:00,2477.731267500768,3299.44,2078.0247324992315,-0.0,-0.0,-0.0,0.0,100.0,284.97150095
2021-02-13 14:00:00,1925.592242631256,3184.45,2160.0,-0.0,510.2927573687441,-0.0,0.0,-0.0,284.943003799905
2021-02-13 15:00:00,1161.429022720295,3071.57,2160.0,-0.0,1493.4579772797051,-0.0,0.0,-0.0,284.914509499525
2021-02-13 16:00:00,398.664387421963,2976.7599999999998,2160.0,-0.0,2539.368612578037,-0.0,0.0,-0.0,284.88601804857507
2021-02-13 17:00:00,-0.0,2912.71,2160.0,-0.0,3235.5610000000006,-0.0,0.0,-0.0,284.85752944677023
2021-02-13 18:00:00,-0.0,2887.1400000000003,2160.0,-0.0,3461.364999999999,-0.0,0.0,-0.0,284.82904369382555
2021-02-13 19:00:00,-0.0,2901.77,2160.0,-0.0,3500.0,-0.0,28.216000000000804,-0.0,255.09950815787641
2021-02-13 20:00:00,-0.0,2952.0299999999997,2160.0,-0.0,3402.807,-0.0,0.0,-0.0,255.07399820706064
2021-02-13 21:00:00,-0.0,3027.7799999999997,2160.0,-0.0,3132.0610000000006,-0.0,0.0,-0.0,255.04849080723994
2021-02-13 22:00:00,-0.0,3114.67,2160.0,-0.0,2813.8279999999995,-0.0,0.0,-0.0,255.0229859581592
2021-02-13 23:00:00,-0.0,3196.14,2160.0,-0.0,2539.2419999999997,-0.0,0.0,-0.0,254.9974836595634
2021-02-14 00:00:00,-0.0,3250.11,2160.0,-0.0,1861.5939999999996,-0.0,0.0,-0.0,254.97198391119744
2021-02-14 01:00:00,-0.0,3273.79,2160.0,-0.0,1693.4130000000005,-0.0,0.0,-0.0,254.94648671280632
2021-02-14 02:00:00,-0.0,3251.83,2160.0,-0.0,1618.085,-0.0,0.0,-0.0,254.92099206413505
2021-02-14 03:00:00,-0.0,3180.35,2160.0,-0.0,1690.3110000000001,-0.0,0.0,-0.0,254.89549996492863
2021-02-14 04:00:00,-0.0,3061.84,2160.0,-0.0,1930.0370000000003,-0.0,0.0,-0.0,254.87001041493215
2021-02-14 05:00:00,-0.0,2904.9900000000002,2160.0,-0.0,2306.034,-0.0,0.0,-0.0,254.84452341389067
2021-02-14 06:00:00,-0.0,2723.62,2160.0,-0.0,2744.615,-0.0,0.0,-0.0,254.8190389615493
2021-02-14 07:00:00,-0.0,2534.9100000000003,2160.0,-0.0,3158.7039999999993,-0.0,0.0,-0.0,254.79355705765315
2021-02-14 08:00:00,456.90588673114326,2357.24,2160.0,-0.0,3022.8661132688567,-0.0,0.0,-0.0,254.7680777019474
2021-02-14 09:00:00,1296.2230057824174,2207.8,2160.0,-0.0,2380.254994217583,-0.0,0.0,-0.0,254.7426008941772
2021-02-14 10:00:00,2132.274707015659,2100.39,2160.0,-0.0,1622.1632929843418,-0.0,0.0,-0.0,254.71712663408778
2021-02-14 11:00:00,2734.88600125371,2043.69,2160.0,-0.0,1007.8949987462893,-0.0,0.0,-0.0,254.69165492142437
2021-02-14 12:00:00,2953.4410319312256,2040.19,2160.0,-0.0,725.3029680687746,-0.0,0.0,-0.0,254.66618575593225
2021-02-14 13:00:00,2734.88600125371,2085.9700000000003,2160.0,-0.0,864.5489987462893,-0.0,0.0,-0.0,254.64071913735665
2021-02-14 14:00:00,2132.274707015659,2171.2999999999997,2160.0,-0.0,1409.1702929843414,-0.0,0.0,-0.0,254.6152550654429
2021-02-14 15:00:00,1296.2230057824174,2282.11,2160.0,-0.0,2242.6499942175824,-0.0,0.0,-0.0,254.58979353993638
2021-02-14 16:00:00,456.90588673114326,2401.9,2160.0,-0.0,3152.5451132688563,-0.0,0.0,-0.0,254.56433456058238
2021-02-14 17:00:00,-0.0,2514.0800000000004,2160.0,132.69200000000046,3500.0,-0.0,100.0,-0.0,149.27572023238952
2021-02-14 18:00:00,-0.0,2604.2599999999998,2160.0,244.59900000000061,3500.0,-0.0,100.0,-0.0,43.997634765629456
2021-02-14 19:00:00,-0.0,2662.25,2160.0,328.0574267479551,3500.0,-0.0,41.79357325204525,-0.0,-0.0
2021-02-14 20:00:00,-0.0,2683.45,2160.0,275.17199999999957,3500.0,-0.0,0.0,-0.0,-0.0
2021-02-14 21:00:00,-0.0,2669.5099999999998,2160.0,95.69199999999955,3500.0,-0.0,0.0,-0.0,-0.0
2021-02-14 22:00:00,-0.0,2628.08,2160.0,-0.0,3407.26,-0.0,0.0,-0.0,-0.0
2021-02-14 23:00:00,-0.0,2571.8,2160.0,-0.0,3271.807,-0.0,0.0,-0.0,-0.0
2021-02-15 00:00:00,-0.0,2510.7000000000003,2160.0,-0.0,3146.439,-0.0,0.0,-0.0,-0.0
2021-02-15 01:00:00,-0.0,2473.4300000000003,2160.0,-0.0,3040.3949999999995,-0.0,0.0,-0.0,-0.0
2021-02-15 02:00:00,-0.0,2469.8,2160.0,-0.0,2947.8239999999996,-0.0,0.0,-0.0,-0.0
2021-02-15 03:00:00,-0.0,2511.9900000000002,2160.0,-0.0,2907.3669999999997,-0.0,0.0,-0.0,-0.0
2021-02-15 04:00:00,-0.0,2607.02,2160.0,-0.0,2934.4370000000004,-0.0,0.0,-0.0,-0.0
2021-02-15 05:00:00,-0.0,2755.66,2160.0,-0.0,3005.728,-0.0,0.0,-0.0,-0.0
2021-02-15 06:00:00,-0.0,2952.25,2160.0,-0.0,3067.0280000000002,-0.0,0.0,-0.0,-0.0
2021-02-15 07:00:00,-0.0,3185.3599999999997,2160.0,-0.0,3059.8730000000005,-0.0,0.0,-0.0,-0.0
2021-02-15 08:00:00,551.2086888496573,3439.2,2160.0,-0.0,2398.694311150342,-0.0,0.0,-0.0,-0.0
2021-02-15 09:00:00,1524.1738141438955,3695.62,2160.0,-0.0,1216.9431858561038,-0.0,0.0,-0.0,-0.0
2021-02-15 10:00:00,2487.9403190563917,3936.4500000000003,2160.0,-0.0,-0.0,-0.0,0.0,16.841319056391058,15.999253103571505
2021-02-15 11:00:00,3180.923591699929,4145.82,1272.6064083000715,-0.0,-0.0,-0.0,0.0,100.0,110.99765317826115
2021-02-15 12:00:00,3432.0034160781915,4312.13,787.7315839218081,-0.0,-0.0,-0.0,0.0,100.0,205.98655341294332
2021-02-15 13:00:00,3180.923591699929,4429.53,887.8294083000706,-0.0,-0.0,-0.0,0.0,100.0,300.96595475760205
2021-02-15 14:00:00,2487.9403190563917,4498.54,1538.9856809436087,-0.0,-0.0,-0.0,0.0,100.0,395.9358581621263
2021-02-15 15:00:00,1524.1738141438955,4525.86,2160.0,-0.0,223.40818585610396,-0.0,100.0,-0.0,290.6331066815733
2021-02-15 16:00:00,551.2086888496573,4523.34,2160.0,-0.0,1388.8923111503432,-0.0,100.0,-0.0,185.3408854761683
2021-02-15 17:00:00,-0.0,4506.23,2160.0,-0.0,2192.16,-0.0,100.0,-0.0,80.05919349288384
2021-02-15 18:00:00,-0.0,4491.06,2160.0,-0.0,2432.7933718051418,-0.0,76.04862819485783,-0.0,-0.0
2021-02-15 19:00:00,-0.0,4493.24,2160.0,-0.0,2589.2250000000004,-0.0,0.0,-0.0,-0.0
2021-02-15 20:00:00,-0.0,4524.92,2160.0,-0.0,2483.2829999999994,-0.0,0.0,-0.0,-0.0
2021-02-15 21:00:00,-0.0,4593.26,2160.0,-0.0,2220.637999999999,-0.0,0.0,-0.0,-0.0
2021-02-15 22:00:00,-0.0,4699.39,2160.0,-0.0,1883.6590000000006,-0.0,0.0,-0.0,-0.0
2021-02-15 23:00:00,-0.0,4838.18,2160.0,-0.0,1552.048999999999,-0.0,0.0,-0.0,-0.0
2021-02-16 00:00:00,-0.0,4992.84,2160.0,-0.0,773.3620000000001,-0.0,0.0,-0.0,-0.0
2021-02-16 01:00:00,-0.0,5160.61,2160.0,-0.0,460.9920000000002,-0.0,0.0,-0.0,-0.0
2021-02-16 02:00:00,-0.0,5318.31,2160.0,-0.0,205.70799999999963,-0.0,0.0,-0.0,-0.0
2021-02-16 03:00:00,-0.0,5449.000000000001,2160.0,-0.0,75.26999999999953,-0.0,0.0,-0.0,-0.0
2021-02-16 04:00:00,-0.0,5538.1,2160.0,-0.0,106.69499999999971,-0.0,0.0,-0.0,-0.0
2021-02-16 05:00:00,-0.0,5575.4800000000005,2160.0,-0.0,287.5759999999991,-0.0,0.0,-0.0,-0.0
2021-02-16 06:00:00,-0.0,5556.83,2160.0,-0.0,562.3539999999994,-0.0,0.0,-0.0,-0.0
2021-02-16 07:00:00,-0.0,5484.290000000001,2160.0,-0.0,858.9959999999992,-0.0,0.0,-0.0,-0.0
2021-02-16 08:00:00,610.9103844284107,5366.24,2160.0,-0.0,508.0626155715893,-0.0,0.0,-0.0,-0.0
2021-02-16 09:00:00,1647.9762776072052,5216.22,1826.6197223927952,-0.0,-0.0,-0.0,0.0,-0.0,-0.0
2021-02-16 10:00:00,2669.5961283901347,5051.23,959.8059463516306,-0.0,-0.0,-0.0,0.0,21.121074741764055,20.065021004675852
2021-02-16 11:00:00,3402.423659579368,4889.5,397.1873404206326,-0.0,-0.0,-0.0,0.0,100.0,115.06301450257538
2021-02-16 12:00:00,3667.6680038890604,4748.13,203.54499611094025,-0.0,-0.0,-0.0,0.0,100.0,210.05150820112513
2021-02-16 13:00:00,3402.423659579368,4640.9,540.073340420633,-0.0,-0.0,-0.0,0.0,100.0,305.030503050305
2021-02-16 14:00:00,2669.5961283901347,4576.53,1362.009871609866,-0.0,-0.0,-0.0,0.0,100.0,400.0
2021-02-16 15:00:00,1647.9762776072052,4557.6,2160.0,-0.0,148.01672239279515,-0.0,100.0,-0.0,294.69684210526316
2021-02-16 16:00:00,610.9103844284107,4580.36,2160.0,-0.0,1349.7286155715894,-0.0,100.0,-0.0,189.4042145263158
2021-02-16 17:00:00,-0.0,4635.3,2160.0,-0.0,2137.981999999999,-0.0,100.0,-0.0,84.12211621012632
2021-02-16 18:00:00,-0.0,4708.61,2160.0,-0.0,2283.538981201421,-0.0,79.90801879858006,-0.0,-0.0
2021-02-16 19:00:00,-0.0,4784.11,2160.0,-0.0,2367.7069999999994,-0.0,0.0,-0.0,-0.0
2021-02-16 20:00:00,-0.0,4845.59,2160.0,-0.0,2229.0959999999995,-0.0,0.0,-0.0,-0.0
2021-02-16 21:00:00,-0.0,4879.08,2160.0,-0.0,1998.3700000000008,-0.0,0.0,-0.0,-0.0
2021-02-16 22:00:00,-0.0,4874.83,2160.0,-0.0,1768.7790000000005,-0.0,0.0,-0.0,-0.0
2021-02-16 23:00:00,-0.0,4828.72,2160.0,-0.0,1619.0189999999993,-0.0,0.0,-0.0,-0.0
2021-02-17 00:00:00,-0.0,4736.639999999999,2160.0,-0.0,1083.7480000000005,-0.0,0.0,-0.0,-0.0
2021-02-17 01:00:00,-0.0,4619.32,2160.0,-0.0,1053.3100000000004,-0.0,0.0,-0.0,-0.0
2021-02-17 02:00:00,-0.0,4483.6900000000005,2160.0,-0.0,1088.1489999999994,-0.0,0.0,-0.0,-0.0
2021-02-17 03:00:00,-0.0,4346.18,2160.0,-0.0,1222.6570000000002,-0.0,0.0,-0.0,-0.0
2021-02-17 04:00:00,-0.0,4224.280000000001,2160.0,-0.0,1461.7819999999992,-0.0,0.0,-0.0,-0.0
2021-02-17 05:00:00,-0.0,4134.2,2160.0,-0.0,1766.7830000000004,-0.0,0.0,-0.0,-0.0
2021-02-17 06:00:00,-0.0,4088.7000000000003,2160.0,-0.0,2065.0309999999995,-0.0,0.0,-0.0,-0.0
2021-02-17 07:00:00,-0.0,4095.29,2160.0,-0.0,2279.1269999999995,-0.0,0.0,-0.0,-0.0
2021-02-17 08:00:00,583.2344281291578,4155.25,2160.0,-0.0,1774.4115718708429,-0.0,0.0,-0.0,-0.0
2021-02-17 09:00:00,1536.1942484136734,4263.41,2160.0,-0.0,755.4157515863271,-0.0,0.0,-0.0,-0.0
2021-02-17 10:00:00,2469.894264737489,4408.77,1801.5457352625099,-0.0,-0.0,-0.0,0.0,-0.0,-0.0
2021-02-17 11:00:00,3138.072684295364,4575.94,913.3873904464012,-0.0,-0.0,-0.0,0.0,21.121074741764055,20.065021004675852
2021-02-17 12:00:00,3379.6766358356363,4747.14,506.14336416436254,-0.0,-0.0,-0.0,0.0,100.0,115.06301450257538
2021-02-17 13:00:00,3138.072684295364,4904.51,550.8613157046352,-0.0,-0.0,-0.0,0.0,100.0,210.05150820112513
2021-02-17 14:00:00,2469.894264737489,5032.46,1112.243735262511,-0.0,-0.0,-0.0,0.0,100.0,305.030503050305
2021-02-17 15:00:00,1536.1942484136734,5119.599999999999,2060.6637515863276,-0.0,-0.0,-0.0,0.0,100.0,400.0
2021-02-17 16:00:00,583.2344281291578,5160.25,2160.0,-0.0,796.7725718708418,-0.0,100.0,-0.0,294.69684210526316
2021-02-17 17:00:00,-0.0,5155.05,2160.0,-0.0,1613.8779999999997,-0.0,100.0,-0.0,189.4042145263158
2021-02-17 18:00:00,-0.0,5110.759999999999,2160.0,-0.0,1853.3280000000004,-0.0,100.0,-0.0,84.12211621012632
2021-02-17 19:00:00,-0.0,5039.2300000000005,2160.0,-0.0,2021.0939812014194,-0.0,79.90801879858006,-0.0,-0.0
2021-02-17 20:00:00,-0.0,4955.68,2160.0,-0.0,2103.8089999999993,-0.0,0.0,-0.0,-0.0
2021-02-17 21:00:00,-0.0,4876.55,2160.0,-0.0,1982.0960000000005,-0.0,0.0,-0.0,-0.0
2021-02-17 22:00:00,-0.0,4817.11,2160.0,-0.0,1804.0980000000009,-0.0,0.0,-0.0,-0.0
2021-02-17 23:00:00,-0.0,4789.35,2160.0,-0.0,1632.4040000000005,-0.0,0.0,-0.0,-0.0
2021-02-18 00:00:00,-0.0,4793.71,2160.0,-0.0,996.9049999999997,-0.0,0.0,-0.0,-0.0
2021-02-18 01:00:00,-0.0,4844.04,2160.0,-0.0,795.2659999999996,-0.0,0.0,-0.0,-0.0
2021-02-18 02:00:00,-0.0,4928.46,2160.0,-0.0,606.5240000000003,-0.0,0.0,-0.0,-0.0
2021-02-18 03:00:00,-0.0,5035.94,2160.0,-0.0,492.53600000000006,-0.0,0.0,-0.0,-0.0
2021-02-18 04:00:00,-0.0,5151.250000000001,2160.0,-0.0,490.97299999999905,-0.0,0.0,-0.0,-0.0
2021-02-18 05:00:00,-0.0,5256.969999999999,2160.0,-0.0,596.7250000000004,-0.0,0.0,-0.0,-0.0
2021-02-18 06:00:00,-0.0,5335.78,2160.0,-0.0,767.2480000000005,-0.0,0.0,-0.0,-0.0
2021-02-18 07:00:00,-0.0,5372.79,2160.0,-0.0,947.5440000000008,-0.0,0.0,-0.0,-0.0
2021-02-18 08:00:00,511.99903037048415,5357.530000000001,2160.0,-0.0,585.9429696295149,-0.0,0.0,-0.0,-0.0
2021-02-18 09:00:00,1317.7994080442127,5285.349999999999,2051.1485919557886,-0.0,-0.0,-0.0,0.0,-0.0,-0.0
2021-02-18 10:00:00,2103.1508767782216,5158.089999999999,1376.1131979635438,-0.0,-0.0,-0.0,0.0,21.121074741764055,20.065021004675852
2021-02-18 11:00:00,2663.853921962952,4983.84,991.4010780370472,-0.0,-0.0,-0.0,0.0,100.0,115.06301450257538
2021-02-18 12:00:00,2866.3899218350225,4775.88,920.3480781649778,-0.0,-0.0,-0.0,0.0,100.0,210.05150820112513
2021-02-18 13:00:00,2663.853921962952,4551.0,1305.1430780370474,-0.0,-0.0,-0.0,0.0,100.0,305.030503050305
2021-02-18 14:00:00,2103.1508767782216,4327.2300000000005,2107.7211232217787,-0.0,-0.0,-0.0,0.0,100.0,400.0
2021-02-18 15:00:00,1317.7994080442127,4121.52,2160.0,-0.0,937.6505919557862,-0.0,0.0,-0.0,399.96
2021-02-18 16:00:00,511.99903037048415,3947.56,2160.0,-0.0,2098.278969629516,-0.0,0.0,-0.0,399.920004
2021-02-18 17:00:00,-0.0,3814.02,2160.0,-0.0,2969.6199999999994,-0.0,0.0,-0.0,399.8800119996
2021-02-18 18:00:00,-0.0,3723.48,2160.0,-0.0,3252.515999999999,-0.0,0.0,-0.0,399.84002399840006
2021-02-18 19:00:00,-0.0,3672.21,2160.0,-0.0,3377.1940000000004,-0.0,0.0,-0.0,399.80003999600024
2021-02-18 20:00:00,-0.0,3650.83,2160.0,-0.0,3315.165000000001,-0.0,0.0,-0.0,399.76005999200066
2021-02-18 21:00:00,-0.0,3645.6699999999996,2160.0,-0.0,3116.8889999999997,-0.0,0.0,-0.0,399.72008398600144
2021-02-18 22:00:00,-0.0,3640.76,2160.0,-0.0,2881.8410000000003,-0.0,0.0,-0.0,399.68011197760285
2021-02-18 23:00:00,-0.0,3620.14,2160.0,-0.0,2700.564,-0.0,0.0,-0.0,399.6401439664051
2021-02-19 00:00:00,-0.0,3563.4500000000003,2160.0,-0.0,2123.5349999999994,-0.0,0.0,-0.0,399.6001799520085
2021-02-19 01:00:00,-0.0,3474.68,2160.0,-0.0,2058.713,-0.0,0.0,-0.0,399.5602199340133
2021-02-19 02:00:00,-0.0,3343.41,2160.0,-0.0,2083.46,-0.0,0.0,-0.0,399.52026391201986
2021-02-19 03:00:00,-0.0,3172.2299999999996,2160.0,-0.0,2246.0150000000003,-0.0,0.0,-0.0,399.4803118856287
2021-02-19 04:00:00,-0.0,2969.79,2160.0,-0.0,2560.1710000000003,-0.0,0.0,-0.0,399.44036385444014
2021-02-19 05:00:00,-0.0,2749.7700000000004,2160.0,-0.0,2989.7199999999993,-0.0,0.0,-0.0,399.4004198180547
2021-02-19 06:00:00,-0.0,2529.13,2160.0,-0.0,3457.84,-0.0,0.0,-0.0,399.36047977607285
2021-02-19 07:00:00,0.8379185344386451,2325.89,2160.0,275.7860814655605,3500.0,-0.0,100.0,-0.0,294.0573858333584
2021-02-19 08:00:00,480.4661843465357,2156.81,2160.0,98.70681565346513,3500.0,-0.0,100.0,-0.0,188.76482220003828
2021-02-19 09:00:00,1209.3752141541297,2035.19,2160.0,-0.0,3128.6667858458695,-0.0,0.0,-0.0,188.74594571781827
2021-02-19 10:00:00,1916.1102086275716,1969.1,2160.0,-0.0,2448.476791372428,-0.0,0.0,-0.0,188.7270711232465
2021-02-19 11:00:00,2419.514412854365,1960.37,2160.0,-0.0,1875.2805871456358,-0.0,0.0,-0.0,188.70819841613417
2021-02-19 12:00:00,2601.1763833538025,2004.34,2160.0,-0.0,1571.8866166461976,-0.0,0.0,-0.0,188.68932759629254
2021-02-19 13:00:00,2419.514412854365,2090.5299999999997,2160.0,-0.0,1623.5505871456344,-0.0,0.0,-0.0,188.6704586635329
2021-02-19 14:00:00,1916.1102086275716,2204.0299999999997,2160.0,-0.0,2030.4717913724278,-0.0,0.0,-0.0,188.65159161766655
2021-02-19 15:00:00,1209.3752141541297,2327.52,2160.0,-0.0,2711.597785845871,-0.0,0.0,-0.0,188.63272645850478
2021-02-19 16:00:00,480.46618434653567,2443.56,2160.0,-0.0,3500.0,-0.0,4.4498156534649524,-0.0,183.92984670852738
2021-02-19 17:00:00,0.8379185344386451,2536.9,2160.0,515.7580814655612,3500.0,-0.0,100.0,-0.0,78.6482958291197
2021-02-19 18:00:00,-0.0,2596.51,2160.0,673.9545905504401,3500.0,-0.0,74.70840944955995,-0.0,-0.0
2021-02-19 19:00:00,-0.0,2616.9700000000003,2160.0,801.034999999999,3500.0,-0.0,0.0,-0.0,-0.0
2021-02-19 20:00:00,-0.0,2599.14,2160.0,734.9840000000004,3500.0,-0.0,0.0,-0.0,-0.0
2021-02-19 21:00:00,-0.0,2549.9500000000003,2160.0,580.3699999999994,3500.0,-0.0,0.0,-0.0,-0.0
2021-02-19 22:00:00,-0.0,2481.35,2160.0,408.75000000000045,3500.0,-0.0,0.0,-0.0,-0.0
2021-02-19 23:00:00,-0.0,2408.6,2160.0,279.44500000000016,3500.0,-0.0,0.0,-0.0,-0.0
2021-02-20 00:00:00,-0.0,2341.23,2160.0,-0.0,2776.6820000000002,-0.0,0.0,-0.0,-0.0
2021-02-20 01:00:00,-0.0,2308.23,2160.0,-0.0,2656.1420000000003,-0.0,0.0,-0.0,-0.0
2021-02-20 02:00:00,-0.0,2314.5299999999997,2160.0,-0.0,2543.477,-0.0,0.0,-0.0,-0.0
2021-02-20 03:00:00,-0.0,2366.9,2160.0,-0.0,2482.744,-0.0,0.0,-0.0,-0.0
2021-02-20 04:00:00,-0.0,2465.9300000000003,2160.0,-0.0,2495.798,-0.0,0.0,-0.0,-0.0
2021-02-20 05:00:00,-0.0,2605.92,2160.0,-0.0,2565.809,-0.0,0.0,-0.0,-0.0
2021-02-20 06:00:00,-0.0,2775.49,2160.0,-0.0,2644.295,-0.0,0.0,-0.0,-0.0
2021-02-20 07:00:00,4.9412548869102455,2959.0,2160.0,-0.0,2672.0677451130896,-0.0,0.0,-0.0,-0.0
2021-02-20 08:00:00,498.1364075580802,3138.59,2160.0,-0.0,2133.53359244192,-0.0,0.0,-0.0,-0.0
2021-02-20 09:00:00,1227.1440160167845,3296.44,2160.0,-0.0,1284.810983983216,-0.0,0.0,-0.0,-0.0
2021-02-20 10:00:00,1930.3856295415007,3417.1600000000003,2160.0,-0.0,422.2903704584992,-0.0,0.0,-0.0,-0.0
2021-02-20 11:00:00,2430.148584842903,3489.7200000000003,2032.5324151570967,-0.0,-0.0,-0.0,0.0,100.0,95.0
2021-02-20 12:00:00,2610.3257144099894,3508.9300000000003,1756.5702855900104,-0.0,-0.0,-0.0,0.0,100.0,189.9905
2021-02-20 13:00:00,2430.148584842903,3476.0400000000004,1927.1154151570963,-0.0,-0.0,-0.0,0.0,100.0,284.97150095
2021-02-20 14:00:00,1930.3856295415007,3398.57,2160.0,-0.0,162.74937045849902,-0.0,100.0,-0.0,179.67984590516818
2021-02-20 15:00:00,1227.1440160167845,3289.22,2160.0,-0.0,1074.7019839832155,-0.0,100.0,-0.0,74.39872002584083
2021-02-20 16:00:00,498.1364075580802,3164.21,2160.0,-0.0,2144.6773972999645,-0.0,65.60119514195569,-0.0,5.337390530727008
2021-02-20 17:00:00,4.9412548869102455,3040.9900000000002,2160.0,-0.0,3053.3827451130896,-0.0,0.0,-0.0,5.336856791673935
2021-02-20 18:00:00,-0.0,2935.99,2160.0,-0.0,3356.764000000001,-0.0,0.0,-0.0,5.336323105994768
2021-02-20 19:00:00,-0.0,2862.3700000000003,2160.0,-0.0,3500.0,-0.0,5.06899999999996,-0.0,-0.0
2021-02-20 20:00:00,-0.0,2828.3199999999997,2160.0,-0.0,3457.1810000000005,-0.0,0.0,-0.0,-0.0
2021-02-20 21:00:00,-0.0,2835.95,2160.0,-0.0,3247.777000000001,-0.0,0.0,-0.0,-0.0
2021-02-20 22:00:00,-0.0,2881.15,2160.0,-0.0,2964.4739999999997,-0.0,0.0,-0.0,-0.0
2021-02-20 23:00:00,-0.0,2954.14,2160.0,-0.0,2691.6300000000006,-0.0,0.0,-0.0,-0.0
2021-02-21 00:00:00,-0.0,3033.83,2160.0,-0.0,1980.0290000000005,-0.0,0.0,-0.0,-0.0
2021-02-21 01:00:00,-0.0,3118.19,2160.0,-0.0,1744.493,-0.0,0.0,-0.0,-0.0
2021-02-21 02:00:00,-0.0,3183.93,2160.0,-0.0,1574.8310000000006,-0.0,0.0,-0.0,-0.0
2021-02-21 03:00:00,-0.0,3217.2200000000003,2160.0,-0.0,1535.6979999999994,-0.0,0.0,-0.0,-0.0
2021-02-21 04:00:00,-0.0,3208.5399999999995,2160.0,-0.0,1659.056,-0.0,0.0,-0.0,-0.0
2021-02-21 05:00:00,-0.0,3154.1000000000004,2160.0,-0.0,1926.1629999999996,-0.0,0.0,-0.0,-0.0
2021-02-21 06:00:00,-0.0,3056.4900000000002,2160.0,-0.0,2274.564,-0.0,0.0,-0.0,-0.0
2021-02-21 07:00:00,10.486304011871868,2924.39,2160.0,-0.0,2615.205695988129,-0.0,0.0,-0.0,-0.0
2021-02-21 08:00:00,503.8909363166514,2771.5899999999997,2160.0,-0.0,2411.720063683349,-0.0,0.0,-0.0,-0.0
2021-02-21 09:00:00,1215.7396983164467,2615.1600000000003,2160.0,-0.0,1897.368301683553,-0.0,0.0,-0.0,-0.0
2021-02-21 10:00:00,1899.0191349913011,2473.32,2160.0,-0.0,1320.3608650086985,-0.0,0.0,-0.0,-0.0
2021-02-21 11:00:00,2383.4962382048925,2363.0499999999997,2160.0,-0.0,871.7697617951076,-0.0,0.0,-0.0,-0.0
2021-02-21 12:00:00,2557.986611836046,2297.89,2160.0,-0.0,688.9683881639544,-0.0,0.0,-0.0,-0.0
2021-02-21 13:00:00,2383.4962382048925,2286.2,2160.0,-0.0,835.7837617951072,-0.0,0.0,-0.0,-0.0
2021-02-21 14:00:00,1899.0191349913011,2330.11,2160.0,-0.0,1297.9598650086987,-0.0,0.0,-0.0,-0.0
2021-02-21 15:00:00,1215.7396983164467,2425.3,2160.0,-0.0,1988.665301683553,-0.0,0.0,-0.0,-0.0
2021-02-21 16:00:00,503.8909363166514,2561.62,2160.0,-0.0,2749.052063683349,-0.0,0.0,-0.0,-0.0
2021-02-21 17:00:00,10.486304011871868,2724.5099999999998,2160.0,-0.0,3309.5966959881293,-0.0,0.0,-0.0,-0.0
2021-02-21 18:00:00,-0.0,2896.99,2160.0,-0.0,3344.4210000000003,-0.0,0.0,-0.0,-0.0
2021-02-21 19:00:00,-0.0,3061.95,2160.0,-0.0,3257.562000000001,-0.0,0.0,-0.0,-0.0
2021-02-21 20:00:00,-0.0,3204.5,2160.0,-0.0,3036.522000000001,-0.0,0.0,-0.0,-0.0
2021-02-21 21:00:00,-0.0,3313.89,2160.0,-0.0,2728.8379999999993,-0.0,0.0,-0.0,-0.0
2021-02-21 22:00:00,-0.0,3385.0099999999998,2160.0,-0.0,2423.1200000000003,-0.0,0.0,-0.0,-0.0
2021-02-21 23:00:00,-0.0,3418.9599999999996,2160.0,-0.0,2192.847,-0.0,0.0,-0.0,-0.0
2021-02-22 00:00:00,-0.0,3415.61,2160.0,-0.0,2003.7779999999998,-0.0,0.0,-0.0,-0.0
2021-02-22 01:00:00,-0.0,3401.7,2160.0,-0.0,1870.0810000000001,-0.0,0.0,-0.0,-0.0
2021-02-22 02:00:00,-0.0,3385.36,2160.0,-0.0,1786.0840000000003,-0.0,0.0,-0.0,-0.0
2021-02-22 03:00:00,-0.0,3383.09,2160.0,-0.0,1786.1080000000002,-0.0,0.0,-0.0,-0.0
2021-02-22 04:00:00,-0.0,3410.16,2160.0,-0.0,1877.3220000000001,-0.0,0.0,-0.0,-0.0
2021-02-22 05:00:00,-0.0,3478.4100000000003,2160.0,-0.0,2025.351,-0.0,0.0,-0.0,-0.0
2021-02-22 06:00:00,-0.0,3594.54,2160.0,-0.0,2163.629,-0.0,0.0,-0.0,-0.0
2021-02-22 07:00:00,16.03751430252789,3759.0699999999997,2160.0,-0.0,2205.704485697472,-0.0,0.0,-0.0,-0.0
2021-02-22 08:00:00,482.2221165694403,3966.1600000000003,2160.0,-0.0,1673.1618834305593,-0.0,0.0,-0.0,-0.0
2021-02-22 09:00:00,1140.283902057108,4204.22,2160.0,-0.0,821.7120979428921,-0.0,0.0,-0.0,-0.0
2021-02-22 10:00:00,1768.8645096970629,4457.38,2068.001490302936,-0.0,-0.0,-0.0,0.0,-0.0,-0.0
2021-02-22 11:00:00,2213.552804856208,4707.46,1323.5552698855568,-0.0,-0.0,-0.0,0.0,21.121074741764055,20.065021004675852
2021-02-22 12:00:00,2373.5644391055166,4936.33,943.6515608944837,-0.0,-0.0,-0.0,0.0,100.0,115.06301450257538
2021-02-22 13:00:00,2213.552804856208,5128.21,875.9701951437924,-0.0,-0.0,-0.0,0.0,100.0,210.05150820112513
2021-02-22 14:00:00,1768.8645096970629,5271.67,1202.3364903029362,-0.0,-0.0,-0.0,0.0,100.0,305.030503050305
2021-02-22 15:00:00,1140.283902057108,5361.0599999999995,1847.649097942893,-0.0,-0.0,-0.0,0.0,100.0,400.0
2021-02-22 16:00:00,482.2221165694403,5397.17,2160.0,-0.0,297.93788343055957,-0.0,100.0,-0.0,294.69684210526316
2021-02-22 17:00:00,16.03751430252789,5387.0,2160.0,-0.0,1007.7704856974731,-0.0,100.0,-0.0,189.4042145263158
2021-02-22 18:00:00,-0.0,5342.77,2160.0,-0.0,1268.271999999999,-0.0,100.0,-0.0,84.12211621012632
2021-02-22 19:00:00,-0.0,5280.150000000001,2160.0,-0.0,1432.4639812014202,-0.0,79.90801879858006,-0.0,-0.0
2021-02-22 20:00:00,-0.0,5216.09,2160.0,-0.0,1501.2829999999994,-0.0,0.0,-0.0,-0.0
2021-02-22 21:00:00,-0.0,5166.48,2160.0,-0.0,1355.898000000001,-0.0,0.0,-0.0,-0.0
2021-02-22 22:00:00,-0.0,5143.9800000000005,2160.0,-0.0,1147.0549999999994,-0.0,0.0,-0.0,-0.0
2021-02-22 23:00:00,-0.0,5156.25,2160.0,-0.0,941.6689999999999,-0.0,0.0,-0.0,-0.0
2021-02-23 00:00:00,-0.0,5197.46,2160.0,-0.0,274.84299999999985,-0.0,0.0,-0.0,-0.0
2021-02-23 01:00:00,-0.0,5278.030000000001,2160.0,-0.0,49.771999999999025,-0.0,0.0,-0.0,-0.0
2021-02-23 02:00:00,-0.0,5380.27,2021.0813363111765,-0.0,-0.0,-0.0,0.0,10.836336311176547,10.294519495617719
2021-02-23 03:00:00,-0.0,5489.82,2001.4400000000005,-0.0,-0.0,-0.0,0.0,100.0,105.29349004366816
2021-02-23 04:00:00,-0.0,5590.09,2022.3859999999995,-0.0,-0.0,-0.0,0.0,100.0,200.28296069466379
2021-02-23 05:00:00,-0.0,5664.63,2160.0,-0.0,-0.0,-0.0,0.0,93.00600000000031,288.6186323985946
2021-02-23 06:00:00,-0.0,5699.349999999999,2160.0,-0.0,29.48400000000038,-0.0,100.0,-0.0,183.32661264061792
2021-02-23 07:00:00,23.68968209497493,5684.5599999999995,2160.0,-0.0,245.9633179050253,-0.0,100.0,-0.0,78.04512208461702
2021-02-23 08:00:00,507.1255483062123,5616.35,2160.0,-0.0,-0.0,-0.0,74.13545169378813,-0.0,-0.0
2021-02-23 09:00:00,1176.0617912444993,5497.23,1731.5862087555017,-0.0,-0.0,-0.0,0.0,-0.0,-0.0
2021-02-23 10:00:00,1811.9741860607926,5335.9,1248.673888680972,-0.0,-0.0,-0.0,0.0,21.121074741764055,20.065021004675852
2021-02-23 11:00:00,2260.8582350578245,5146.18,1000.031764942175,-0.0,-0.0,-0.0,0.0,100.0,115.06301450257538
2021-02-23 12:00:00,2422.2253257599023,4945.280000000001,972.0276742400965,-0.0,-0.0,-0.0,0.0,100.0,210.05150820112513
2021-02-23 13:00:00,2260.8582350578245,4751.6,1293.545764942176,-0.0,-0.0,-0.0,0.0,100.0,305.030503050305
2021-02-23 14:00:00,1811.9741860607926,4582.33,1939.0398139392066,-0.0,-0.0,-0.0,0.0,100.0,400.0
2021-02-23 15:00:00,1176.0617912444993,4451.320000000001,2160.0,-0.0,454.2012087555006,-0.0,100.0,-0.0,294.69684210526316
2021-02-23 16:00:00,507.1255483062123,4367.28,2160.0,-0.0,1397.5444516937887,-0.0,100.0,-0.0,189.4042145263158
2021-02-23 17:00:00,23.68968209497493,4332.7300000000005,2160.0,-0.0,2150.9513179050236,-0.0,100.0,-0.0,84.12211621012632
2021-02-23 18:00:00,-0.0,4343.79,2160.0,-0.0,2385.7599812014205,-0.0,79.90801879858006,-0.0,-0.0
2021-02-23 19:00:00,-0.0,4390.7699999999995,2160.0,-0.0,2501.9309999999996,-0.0,0.0,-0.0,-0.0
2021-02-23 20:00:00,-0.0,4459.65,2160.0,-0.0,2359.571,-0.0,0.0,-0.0,-0.0
2021-02-23 21:00:00,-0.0,4533.9800000000005,2160.0,-0.0,2091.820999999999,-0.0,0.0,-0.0,-0.0
2021-02-23 22:00:00,-0.0,4597.24,2160.0,-0.0,1798.6990000000005,-0.0,0.0,-0.0,-0.0
2021-02-23 23:00:00,-0.0,4635.08,2160.0,-0.0,1569.1260000000002,-0.0,0.0,-0.0,-0.0
2021-02-24 00:00:00,-0.0,4629.6900000000005,2160.0,-0.0,949.9849999999997,-0.0,0.0,-0.0,-0.0
2021-02-24 01:00:00,-0.0,4591.93,2160.0,-0.0,844.4309999999996,-0.0,0.0,-0.0,-0.0
2021-02-24 02:00:00,-0.0,4515.83,2160.0,-0.0,824.3310000000001,-0.0,0.0,-0.0,-0.0
2021-02-24 03:00:00,-0.0,4409.12,2160.0,-0.0,932.7730000000001,-0.0,0.0,-0.0,-0.0
2021-02-24 04:00:00,-0.0,4284.54,2160.0,-0.0,1179.4530000000004,-0.0,0.0,-0.0,-0.0
2021-02-24 05:00:00,-0.0,4158.04,2160.0,-0.0,1525.884,-0.0,0.0,-0.0,-0.0
2021-02-24 06:00:00,-0.0,4046.67,2160.0,-0.0,1895.1440000000002,-0.0,0.0,-0.0,-0.0
2021-02-24 07:00:00,38.43335160167844,3966.19,2160.0,-0.0,2163.1456483983216,-0.0,0.0,-0.0,-0.0
2021-02-24 08:00:00,631.784413801044,3928.91,2160.0,-0.0,1750.9445861989552,-0.0,0.0,-0.0,-0.0
2021-02-24 09:00:00,1437.8312381025485,3941.9300000000003,2160.0,-0.0,979.5117618974505,-0.0,0.0,-0.0,-0.0
2021-02-24 10:00:00,2200.509617081159,4006.17,2160.0,-0.0,123.40538291884013,-0.0,0.0,-0.0,-0.0
2021-02-24 11:00:00,2737.701653976052,4116.07,1668.1143460239487,-0.0,-0.0,-0.0,0.0,100.0,95.0
2021-02-24 12:00:00,2930.63239653055,4260.35,1263.4196034694496,-0.0,-0.0,-0.0,0.0,100.0,189.9905
2021-02-24 13:00:00,2737.701653976052,4423.33,1259.7883460239477,-0.0,-0.0,-0.0,0.0,100.0,284.97150095
2021-02-24 14:00:00,2200.509617081159,4587.030000000001,1660.4623829188408,-0.0,-0.0,-0.0,0.0,100.0,379.943003799905
2021-02-24 15:00:00,1437.8312381025485,4733.42,2160.0,-0.0,24.726761897450615,-0.0,100.0,-0.0,274.6418516047882
2021-02-24 16:00:00,631.784413801044,4846.76,2160.0,-0.0,907.4335861989549,-0.0,100.0,-0.0,169.35122952489093
2021-02-24 17:00:00,38.43335160167844,4915.63,2160.0,-0.0,1666.8636483983212,-0.0,100.0,-0.0,64.07113650720162
2021-02-24 18:00:00,-0.0,4934.33,2160.0,-0.0,1927.2465070761268,-0.0,60.86149292387335,-0.0,-0.0
2021-02-24 19:00:00,-0.0,4903.56,2160.0,-0.0,2101.441,-0.0,0.0,-0.0,-0.0
2021-02-24 20:00:00,-0.0,4830.18,2160.0,-0.0,2100.5589999999993,-0.0,0.0,-0.0,-0.0
2021-02-24 21:00:00,-0.0,4726.2,2160.0,-0.0,2010.2339999999995,-0.0,0.0,-0.0,-0.0
2021-02-24 22:00:00,-0.0,4607.07,2160.0,-0.0,1898.5149999999994,-0.0,0.0,-0.0,-0.0
2021-02-24 23:00:00,-0.0,4489.4800000000005,2160.0,-0.0,1823.284999999999,-0.0,0.0,-0.0,-0.0
2021-02-25 00:00:00,-0.0,4381.13,2160.0,-0.0,1305.7169999999996,-0.0,0.0,-0.0,-0.0
2021-02-25 01:00:00,-0.0,4310.16,2160.0,-0.0,1232.0870000000004,-0.0,0.0,-0.0,-0.0
2021-02-25 02:00:00,-0.0,4276.01,2160.0,-0.0,1168.6529999999993,-0.0,0.0,-0.0,-0.0
2021-02-25 03:00:00,-0.0,4279.99,2160.0,-0.0,1164.9250000000002,-0.0,0.0,-0.0,-0.0
2021-02-25 04:00:00,-0.0,4317.150000000001,2160.0,-0.0,1248.289999999999,-0.0,0.0,-0.0,-0.0
2021-02-25 05:00:00,-0.0,4376.97,2160.0,-0.0,1406.7299999999996,-0.0,0.0,-0.0,-0.0
2021-02-25 06:00:00,-0.0,4444.719999999999,2160.0,-0.0,1595.1080000000002,-0.0,0.0,-0.0,-0.0
2021-02-25 07:00:00,59.362831465561364,4503.49,2160.0,-0.0,1701.0771685344391,-0.0,0.0,-0.0,-0.0
2021-02-25 08:00:00,787.5325213898271,4536.5,2160.0,-0.0,1081.8244786101727,-0.0,0.0,-0.0,-0.0
2021-02-25 09:00:00,1759.9369806058749,4529.37,2160.0,-0.0,162.15301939412439,-0.0,0.0,-0.0,-0.0
2021-02-25 10:00:00,2675.812744575786,4472.13,1453.3343301659793,-0.0,-0.0,-0.0,0.0,21.121074741764055,20.065021004675852
2021-02-25 11:00:00,3319.519013995497,4360.64,929.5959860045018,-0.0,-0.0,-0.0,0.0,100.0,115.06301450257538
2021-02-25 12:00:00,3550.4887935472325,4197.22,792.2782064527664,-0.0,-0.0,-0.0,0.0,100.0,210.05150820112513
2021-02-25 13:00:00,3319.519013995497,3990.39,1194.1319860045028,-0.0,-0.0,-0.0,0.0,100.0,305.030503050305
2021-02-25 14:00:00,2675.812744575786,3753.88,2099.0872554242146,-0.0,-0.0,-0.0,0.0,100.0,400.0
2021-02-25 15:00:00,1759.9369806058749,3504.82,2160.0,-0.0,1109.4800193941242,-0.0,0.0,-0.0,399.96
2021-02-25 16:00:00,787.5325213898271,3261.58,2160.0,-0.0,2512.530478610173,-0.0,0.0,-0.0,399.920004
2021-02-25 17:00:00,59.362831465561364,3041.41,2160.0,93.15316853443846,3500.0,-0.0,100.0,-0.0,294.6168541048632
2021-02-25 18:00:00,-0.0,2858.23,2160.0,534.4719999999998,3500.0,-0.0,100.0,-0.0,189.3242345247159
2021-02-25 19:00:00,-0.0,2720.8700000000003,2160.0,751.5909999999985,3500.0,-0.0,100.0,-0.0,84.0421442065266
2021-02-25 20:00:00,-0.0,2632.05,2160.0,783.4489470074996,3500.0,-0.0,79.83205299250066,-0.0,-0.0
2021-02-25 21:00:00,-0.0,2588.1,2160.0,709.9939999999988,3500.0,-0.0,0.0,-0.0,-0.0
2021-02-25 22:00:00,-0.0,2579.6400000000003,2160.0,484.6130000000003,3500.0,-0.0,0.0,-0.0,-0.0
2021-02-25 23:00:00,-0.0,2592.95,2160.0,275.4340000000002,3500.0,-0.0,0.0,-0.0,-0.0
2021-02-26 00:00:00,-0.0,2603.84,2160.0,-0.0,3135.3239999999996,-0.0,0.0,-0.0,-0.0
2021-02-26 01:00:00,-0.0,2612.38,2160.0,-0.0,2979.026,-0.0,0.0,-0.0,-0.0
2021-02-26 02:00:00,-0.0,2596.56,2160.0,-0.0,2894.055,-0.0,0.0,-0.0,-0.0
2021-02-26 03:00:00,-0.0,2546.7099999999996,2160.0,-0.0,2940.9030000000007,-0.0,0.0,-0.0,-0.0
2021-02-26 04:00:00,-0.0,2458.77,2160.0,-0.0,3146.0679999999998,-0.0,0.0,-0.0,-0.0
2021-02-26 05:00:00,-0.0,2334.94,2160.0,-0.0,3484.819,-0.0,0.0,-0.0,-0.0
2021-02-26 06:00:00,-0.0,2183.4700000000003,2160.0,389.03699999999935,3500.0,-0.0,0.0,-0.0,-0.0
2021-02-26 07:00:00,77.35959645890902,2017.58,2160.0,698.2534035410899,3500.0,-0.0,0.0,-0.0,-0.0
2021-02-26 08:00:00,857.9484841111455,1853.72,2160.0,220.00351588885496,3500.0,-0.0,0.0,-0.0,-0.0
2021-02-26 09:00:00,1883.8133780575172,1709.43,2160.0,-0.0,2880.552621942483,-0.0,0.0,-0.0,-0.0
2021-02-26 10:00:00,2845.7007274332213,1600.93,2160.0,-0.0,1992.3552725667791,-0.0,0.0,-0.0,-0.0
2021-02-26 11:00:00,3520.3175651417464,1540.96,2160.0,-0.0,1303.7774348582539,-0.0,0.0,-0.0,-0.0
2021-02-26 12:00:00,3762.1556409784057,1537.0700000000002,2160.0,-0.0,992.5103590215954,-0.0,0.0,-0.0,-0.0
2021-02-26 13:00:00,3520.3175651417464,1590.52,2160.0,-0.0,1141.3824348582525,-0.0,0.0,-0.0,-0.0
2021-02-26 14:00:00,2845.7007274332213,1696.13,2160.0,-0.0,1731.5432725667783,-0.0,0.0,-0.0,-0.0
2021-02-26 15:00:00,1883.8133780575172,1842.9,2160.0,-0.0,2648.5206219424836,-0.0,0.0,-0.0,-0.0
2021-02-26 16:00:00,857.9484841111455,2015.41,2160.0,185.67451588885433,3500.0,-0.0,0.0,-0.0,-0.0
2021-02-26 17:00:00,77.35959645890902,2195.86,2160.0,1014.4844035410897,3500.0,-0.0,0.0,-0.0,-0.0
2021-02-26 18:00:00,-0.0,2366.37,2160.0,1116.4939999999997,3500.0,-0.0,0.0,-0.0,-0.0
2021-02-26 19:00:00,-0.0,2511.3,2160.0,1047.7079999999996,3500.0,-0.0,0.0,-0.0,-0.0
2021-02-26 20:00:00,-0.0,2619.24,2160.0,859.0249999999996,3500.0,-0.0,0.0,-0.0,-0.0
2021-02-26 21:00:00,-0.0,2684.46,2160.0,592.9620000000004,3500.0,-0.0,0.0,-0.0,-0.0
2021-02-26 22:00:00,-0.0,2707.57,2160.0,332.4140000000002,3500.0,-0.0,0.0,-0.0,-0.0
2021-02-26 23:00:00,-0.0,2695.2599999999998,2160.0,145.2700000000009,3500.0,-0.0,0.0,-0.0,-0.0
2021-02-27 00:00:00,-0.0,2651.0699999999997,2160.0,-0.0,2620.3280000000004,-0.0,0.0,-0.0,-0.0
2021-02-27 01:00:00,-0.0,2606.7200000000003,2160.0,-0.0,2513.3689999999997,-0.0,0.0,-0.0,-0.0
2021-02-27 02:00:00,-0.0,2570.2999999999997,2160.0,-0.0,2445.4680000000003,-0.0,0.0,-0.0,-0.0
2021-02-27 03:00:00,-0.0,2557.04,2160.0,-0.0,2452.219,-0.0,0.0,-0.0,-0.0
2021-02-27 04:00:00,-0.0,2578.83,2160.0,-0.0,2544.1760000000004,-0.0,0.0,-0.0,-0.0
2021-02-27 05:00:00,-0.0,2642.56,2160.0,-0.0,2691.918,-0.0,0.0,-0.0,-0.0
2021-02-27 06:00:00,-0.0,2749.03,2160.0,-0.0,2834.7809999999995,-0.0,0.0,-0.0,-0.0
2021-02-27 07:00:00,87.27291206120154,2892.75,2160.0,-0.0,2821.0950879387988,-0.0,0.0,-0.0,-0.0
2021-02-27 08:00:00,830.4881686111966,3062.63,2160.0,-0.0,2043.1378313888035,-0.0,0.0,-0.0,-0.0
2021-02-27 09:00:00,1792.677415105926,3243.35,2160.0,-0.0,939.0535848940742,-0.0,0.0,-0.0,-0.0
2021-02-27 10:00:00,2690.9076005270704,3417.4,2009.829474214694,-0.0,-0.0,-0.0,0.0,21.121074741764055,20.065021004675852
2021-02-27 11:00:00,3319.555980989664,3567.3700000000003,1232.9520190103358,-0.0,-0.0,-0.0,0.0,100.0,115.06301450257538
2021-02-27 12:00:00,3544.7157812915775,3678.29,820.3952187084224,-0.0,-0.0,-0.0,0.0,100.0,210.05150820112513
2021-02-27 13:00:00,3319.555980989664,3739.56,941.6650190103355,-0.0,-0.0,-0.0,0.0,100.0,305.030503050305
2021-02-27 14:00:00,2690.9076005270704,3746.4500000000003,1581.5273994729291,-0.0,-0.0,-0.0,0.0,100.0,400.0
2021-02-27 15:00:00,1792.677415105926,3700.6800000000003,2160.0,-0.0,264.3955848940734,-0.0,100.0,-0.0,294.69684210526316
2021-02-27 16:00:00,830.4881686111966,3610.23,2160.0,-0.0,1497.9028313888025,-0.0,100.0,-0.0,189.4042145263158
2021-02-27 17:00:00,87.27291206120154,3488.29,2160.0,-0.0,2588.860087938799,-0.0,100.0,-0.0,84.12211621012632
2021-02-27 18:00:00,-0.0,3351.48,2160.0,-0.0,3025.3919812014205,-0.0,79.90801879858006,-0.0,-0.0
2021-02-27 19:00:00,-0.0,3217.7400000000002,2160.0,-0.0,3312.448,-0.0,0.0,-0.0,-0.0
2021-02-27 20:00:00,-0.0,3103.8700000000003,2160.0,-0.0,3342.909,-0.0,0.0,-0.0,-0.0
2021-02-27 21:00:00,-0.0,3023.44,2160.0,-0.0,3219.9020000000005,-0.0,0.0,-0.0,-0.0
2021-02-27 22:00:00,-0.0,2984.9700000000003,2160.0,-0.0,3018.415,-0.0,0.0,-0.0,-0.0
2021-02-27 23:00:00,-0.0,2990.89,2160.0,-0.0,2810.5980000000004,-0.0,0.0,-0.0,-0.0
2021-02-28 00:00:00,-0.0,3028.8700000000003,2160.0,-0.0,2137.0789999999993,-0.0,0.0,-0.0,-0.0
2021-02-28 01:00:00,-0.0,3106.3,2160.0,-0.0,1906.0559999999996,-0.0,0.0,-0.0,-0.0
2021-02-28 02:00:00,-0.0,3200.8900000000003,2160.0,-0.0,1704.9439999999995,-0.0,0.0,-0.0,-0.0
2021-02-28 03:00:00,-0.0,3296.52,2160.0,-0.0,1600.6879999999996,-0.0,0.0,-0.0,-0.0
2021-02-28 04:00:00,-0.0,3377.04,2160.0,-0.0,1631.8850000000002,-0.0,0.0,-0.0,-0.0
2021-02-28 05:00:00,-0.0,3428.64,2160.0,-0.0,1789.8139999999999,-0.0,0.0,-0.0,-0.0
2021-02-28 06:00:00,-0.0,3441.74,2160.0,-0.0,2024.1930000000002,-0.0,0.0,-0.0,-0.0
2021-02-28 07:00:00,95.90470519905845,3412.44,2160.0,-0.0,2173.1332948009417,-0.0,0.0,-0.0,-0.0
2021-02-28 08:00:00,799.0354177412753,3343.1499999999996,2160.0,-0.0,1672.760582258725,-0.0,0.0,-0.0,-0.0
2021-02-28 09:00:00,1696.5509079418691,3242.35,2160.0,-0.0,913.2950920581309,-0.0,0.0,-0.0,-0.0
2021-02-28 10:00:00,2530.797387626651,3123.5499999999997,2160.0,-0.0,158.3036123733491,-0.0,0.0,-0.0,-0.0
2021-02-28 11:00:00,3113.458827346229,3003.5099999999998,1877.1601726537715,-0.0,-0.0,-0.0,0.0,100.0,95.0
2021-02-28 12:00:00,3321.964996776175,2900.08,1694.3210032238248,-0.0,-0.0,-0.0,0.0,100.0,189.9905
2021-02-28 13:00:00,3113.458827346229,2829.86,1929.2391726537712,-0.0,-0.0,-0.0,0.0,100.0,284.97150095
2021-02-28 14:00:00,2530.797387626651,2805.93,2160.0,-0.0,192.84861237334917,-0.0,100.0,-0.0,179.67984590516818
2021-02-28 15:00:00,1696.5509079418691,2836.21,2160.0,-0.0,1094.6960920581312,-0.0,100.0,-0.0,74.39872002584083
2021-02-28 16:00:00,799.0354177412753,2922.34,2160.0,-0.0,2115.3928661125774,-0.0,70.67171614614634,-0.0,-0.0
2021-02-28 17:00:00,95.90470519905845,3059.4900000000002,2160.0,-0.0,2977.064294800942,-0.0,0.0,-0.0,-0.0
2021-02-28 18:00:00,-0.0,3237.02,2160.0,-0.0,3087.1160000000004,-0.0,0.0,-0.0,-0.0
2021-02-28 19:00:00,-0.0,3439.84,2160.0,-0.0,2957.1280000000006,-0.0,0.0,-0.0,-0.0
2021-02-28 20:00:00,-0.0,3650.46,2160.0,-0.0,2662.6279999999997,-0.0,0.0,-0.0,-0.0
2021-02-28 21:00:00,-0.0,3851.28,2160.0,-0.0,2258.0029999999992,-0.0,0.0,-0.0,-0.0
2021-02-28 22:00:00,-0.0,4026.92,2160.0,-0.0,1842.143,-0.0,0.0,-0.0,-0.0
2021-02-28 23:00:00,-0.0,4166.17,2160.0,-0.0,1500.8379999999997,-0.0,0.0,-0.0,-0.0
2021-03-01 00:00:00,-0.0,4254.83,2160.0,-0.0,1212.5479999999998,-0.0,0.0,-0.0,-0.0
2021-03-01 01:00:00,-0.0,4310.92,2160.0,-0.0,1002.9179999999997,-0.0,0.0,-0.0,-0.0
2021-03-01 02:00:00,-0.0,4332.59,2160.0,-0.0,874.8829999999998,-0.0,0.0,-0.0,-0.0
2021-03-01 03:00:00,-0.0,4331.66,2160.0,-0.0,867.4499999999998,-0.0,0.0,-0.0,-0.0
2021-03-01 04:00:00,-0.0,4323.3,2160.0,-0.0,987.8940000000002,-0.0,0.0,-0.0,-0.0
2021-03-01 05:00:00,-0.0,4323.79,2160.0,-0.0,1197.4049999999997,-0.0,0.0,-0.0,-0.0
2021-03-01 06:00:00,-0.0,4348.25,2160.0,-0.0,1421.0010000000002,-0.0,0.0,-0.0,-0.0
2021-03-01 07:00:00,109.52088138368644,4408.41,2160.0,-0.0,1467.544118616314,-0.0,0.0,-0.0,-0.0
2021-03-01 08:00:00,811.6781297461878,4510.93,2160.0,-0.0,797.1178702538125,-0.0,0.0,-0.0,-0.0
2021-03-01 09:00:00,1696.0703370177055,4656.36,1965.4306629822956,-0.0,-0.0,-0.0,0.0,-0.0,-0.0
2021-03-01 10:00:00,2514.6612946730124,4838.92,925.7207053269872,-0.0,-0.0,-0.0,0.0,-0.0,-0.0
2021-03-01 11:00:00,3085.2222049687857,5047.160000000001,69.48479503121371,-0.0,-0.0,-0.0,0.0,-0.0,-0.0
2021-03-01 12:00:00,3289.218401110429,4936.073598889571,-0.0,-0.0,-0.0,-0.0,0.0,100.0,95.0
2021-03-01 13:00:00,3085.2222049687857,5097.547795031214,-0.0,-0.0,-0.0,-0.0,0.0,100.0,189.9905
2021-03-01 14:00:00,2514.661294673012,5660.2699999999995,-0.0,-0.0,-0.0,-0.0,0.0,73.76029467301123,260.0437808893607
2021-03-01 15:00:00,1696.0703370177055,5803.64,748.203480391802,-0.0,-0.0,-0.0,0.0,47.38181740950872,305.030503050305
2021-03-01 16:00:00,811.6781297461878,5894.79,1775.6228702538126,-0.0,-0.0,-0.0,0.0,100.0,400.0
2021-03-01 17:00:00,109.52088138368644,5928.5,2160.0,-0.0,310.7591186163142,-0.0,100.0,-0.0,294.69684210526316
2021-03-01 18:00:00,-0.0,5906.03,2160.0,-0.0,636.1889999999994,-0.0,100.0,-0.0,189.4042145263158
2021-03-01 19:00:00,-0.0,5834.89,2160.0,-0.0,782.0150000000003,-0.0,100.0,-0.0,84.12211621012632
2021-03-01 20:00:00,-0.0,5727.8099999999995,2160.0,-0.0,827.248981201421,-0.0,79.90801879858006,-0.0,-0.0
2021-03-01 21:00:00,-0.0,5601.0,2160.0,-0.0,832.1929999999993,-0.0,0.0,-0.0,-0.0
2021-03-01 22:00:00,-0.0,5471.95,2160.0,-0.0,723.1400000000003,-0.0,0.0,-0.0,-0.0
2021-03-01 23:00:00,-0.0,5357.12,2160.0,-0.0,638.116,-0.0,0.0,-0.0,-0.0
2021-03-02 00:00:00,-0.0,5260.860000000001,2160.0,-0.0,100.695999999999,-0.0,0.0,-0.0,-0.0
2021-03-02 01:00:00,-0.0,5209.07,2160.0,-0.0,1.3100000000004002,-0.0,0.0,-0.0,-0.0
2021-03-02 02:00:00,-0.0,5195.1,2160.0,-0.0,-0.0,-0.0,0.0,88.64200000000073,84.2099000000007
2021-03-02 03:00:00,-0.0,5214.849999999999,2145.7650000000003,-0.0,-0.0,-0.0,0.0,100.0,179.2014790100007
2021-03-02 04:00:00,-0.0,5258.620000000001,2160.0,-0.0,-0.0,-0.0,0.0,43.327000000001135,220.34420886210077
2021-03-02 05:00:00,-0.0,5312.4800000000005,2160.0,-0.0,15.47899999999936,-0.0,100.0,-0.0,115.05901654647774
2021-03-02 06:00:00,-0.0,5360.26,2160.0,-0.0,218.49099999999999,-0.0,100.0,-0.0,9.784352750086256
2021-03-02 07:00:00,119.78538343055985,5385.83,2160.0,-0.0,382.86941097037004,-0.0,9.294205599070686,-0.0,-0.0
2021-03-02 08:00:00,800.0643324122404,5375.42,2019.4136675877587,-0.0,-0.0,-0.0,0.0,-0.0,-0.0
2021-03-02 09:00:00,1646.1217667331903,5319.610000000001,1270.2332332668093,-0.0,-0.0,-0.0,0.0,-0.0,-0.0
2021-03-02 10:00:00,2426.0021203305705,5214.69,580.8259544111952,-0.0,-0.0,-0.0,0.0,21.121074741764055,20.065021004675852
2021-03-02 11:00:00,2968.492759722649,5063.299999999999,194.2202402773505,-0.0,-0.0,-0.0,0.0,100.0,115.06301450257538
2021-03-02 12:00:00,3162.2799043086693,4874.240000000001,116.02209569133038,-0.0,-0.0,-0.0,0.0,100.0,210.05150820112513
2021-03-02 13:00:00,2968.492759722649,4661.35,483.3342402773501,-0.0,-0.0,-0.0,0.0,100.0,305.030503050305
2021-03-02 14:00:00,2426.0021203305705,4441.83,1266.9538796694296,-0.0,-0.0,-0.0,0.0,100.0,400.0
2021-03-02 15:00:00,1646.1217667331903,4233.96,2160.0,-0.0,-0.0,-0.0,97.32023326680974,-0.0,297.51764919283187
2021-03-02 16:00:00,800.0643324122404,4054.83,2160.0,-0.0,1207.3656675877598,-0.0,100.0,-0.0,192.22473953317575
2021-03-02 17:00:00,119.78538343055985,3918.08,2160.0,-0.0,2254.423616569441,-0.0,100.0,-0.0,86.94235916448561
2021-03-02 18:00:00,-0.0,3832.16,2160.0,-0.0,2695.039394896925,-0.0,61.90860510307554,-0.0,21.766712188489652
2021-03-02 19:00:00,-0.0,3799.3199999999997,2160.0,-0.0,2867.889000000001,-0.0,0.0,-0.0,21.764535517270804
2021-03-02 20:00:00,-0.0,3815.33,2160.0,-0.0,2773.388999999999,-0.0,0.0,-0.0,21.762359063719078
2021-03-02 21:00:00,-0.0,3870.15,2160.0,-0.0,2520.274999999999,-0.0,0.0,-0.0,21.760182827812706
2021-03-02 22:00:00,-0.0,3949.35,2160.0,-0.0,2206.4769999999994,-0.0,0.0,-0.0,21.758006809529924
2021-03-02 23:00:00,-0.0,4036.04,2160.0,-0.0,1923.464,-0.0,0.0,-0.0,21.755831008848972
2021-03-03 00:00:00,-0.0,4104.23,2160.0,-0.0,1224.9640000000009,-0.0,0.0,-0.0,21.753655425748086
2021-03-03 01:00:00,-0.0,4157.179999999999,2160.0,-0.0,1024.4080000000004,-0.0,0.0,-0.0,21.751480060205513
2021-03-03 02:00:00,-0.0,4175.26,2160.0,-0.0,905.9899999999998,-0.0,0.0,-0.0,21.74930491219949
2021-03-03 03:00:00,-0.0,4153.46,2160.0,-0.0,925.5439999999999,-0.0,0.0,-0.0,21.747129981708273
2021-03-03 04:00:00,-0.0,4093.0499999999997,2160.0,-0.0,1104.2379999999998,-0.0,0.0,-0.0,21.744955268710104
2021-03-03 05:00:00,-0.0,4001.31,2160.0,-0.0,1412.2580000000003,-0.0,0.0,-0.0,21.742780773183235
2021-03-03 06:00:00,-0.0,3890.5299999999997,2160.0,-0.0,1777.4450000000006,-0.0,0.0,-0.0,21.740606495105915
2021-03-03 07:00:00,116.11948984239076,3776.26,2160.0,-0.0,1998.2385101576094,-0.0,0.0,-0.0,21.738432434456406
2021-03-03 08:00:00,706.4515808514994,3675.1699999999996,2160.0,-0.0,1649.7284191485014,-0.0,0.0,-0.0,21.736258591212962
2021-03-03 09:00:00,1431.8857132074509,3602.66,2160.0,-0.0,1041.4772867925485,-0.0,0.0,-0.0,21.73408496535384
2021-03-03 10:00:00,2097.8830801095082,3570.7400000000002,2160.0,-0.0,375.4289198904912,-0.0,0.0,-0.0,21.731911556857305
2021-03-03 11:00:00,2560.241598480197,3586.26,2086.7514015198035,-0.0,-0.0,-0.0,0.0,100.0,116.72973836570162
2021-03-03 12:00:00,2725.262260439055,3649.89,1788.1997395609446,-0.0,-0.0,-0.0,0.0,100.0,211.71806539186505
2021-03-03 13:00:00,2560.241598480197,3755.96,1811.3374015198028,-0.0,-0.0,-0.0,0.0,100.0,306.6968935853259
2021-03-03 14:00:00,2097.883080109508,3893.04,2160.0,-0.0,-0.0,-0.0,0.0,98.24608010950806,400.0
2021-03-03 15:00:00,1431.8857132074509,4045.42,2160.0,-0.0,521.493286792549,-0.0,0.0,-0.0,399.96
2021-03-03 16:00:00,706.4515808514994,4195.1,2160.0,-0.0,1285.5844191485007,-0.0,0.0,-0.0,399.920004
2021-03-03 17:00:00,116.11948984239076,4324.11,2160.0,-0.0,1980.3845101576092,-0.0,0.0,-0.0,399.8800119996
2021-03-03 18:00:00,-0.0,4416.84,2160.0,-0.0,2204.008,-0.0,0.0,-0.0,399.84002399840006
2021-03-03 19:00:00,-0.0,4462.04,2160.0,-0.0,2240.2879999999996,-0.0,0.0,-0.0,399.80003999600024
2021-03-03 20:00:00,-0.0,4454.22,2160.0,-0.0,2172.959,-0.0,0.0,-0.0,399.76005999200066
2021-03-03 21:00:00,-0.0,4394.35,2160.0,-0.0,2037.833999999999,-0.0,0.0,-0.0,399.72008398600144
2021-03-03 22:00:00,-0.0,4289.61,2160.0,-0.0,1911.2310000000007,-0.0,0.0,-0.0,399.68011197760285
2021-03-03 23:00:00,-0.0,4152.37,2160.0,-0.0,1855.3550000000005,-0.0,0.0,-0.0,399.6401439664051
2021-03-04 00:00:00,-0.0,3989.28,2160.0,-0.0,1391.114,-0.0,0.0,-0.0,399.6001799520085
2021-03-04 01:00:00,-0.0,3835.8599999999997,2160.0,-0.0,1400.0320000000002,-0.0,0.0,-0.0,399.5602199340133
2021-03-04 02:00:00,-0.0,3698.96,2160.0,-0.0,1439.6449999999995,-0.0,0.0,-0.0,399.52026391201986
2021-03-04 03:00:00,-0.0,3591.4,2160.0,-0.0,1547.9509999999996,-0.0,0.0,-0.0,399.4803118856287
2021-03-04 04:00:00,-0.0,3521.0200000000004,2160.0,-0.0,1739.5459999999994,-0.0,0.0,-0.0,399.44036385444014
2021-03-04 05:00:00,-0.0,3489.62,2160.0,-0.0,1990.094,-0.0,0.0,-0.0,399.4004198180547
2021-03-04 06:00:00,-0.0,3492.7799999999997,2160.0,-0.0,2244.1450000000004,-0.0,0.0,-0.0,399.36047977607285
2021-03-04 07:00:00,109.37301340702079,3520.44,2160.0,-0.0,2332.489986592979,-0.0,0.0,-0.0,399.32054372809523
2021-03-04 08:00:00,611.6127573175725,3558.4,2160.0,-0.0,1935.6882426824266,-0.0,0.0,-0.0,399.28061167372243
2021-03-04 09:00:00,1221.7899630283493,3590.2000000000003,2160.0,-0.0,1340.9780369716511,-0.0,0.0,-0.0,399.2406836125551
2021-03-04 10:00:00,1779.7574506447654,3599.5,2160.0,-0.0,744.2595493552344,-0.0,0.0,-0.0,399.20075954419383
2021-03-04 11:00:00,2166.364436802784,3572.34,2160.0,-0.0,316.4555631972157,-0.0,0.0,-0.0,399.16083946823943
2021-03-04 12:00:00,2304.2328415464135,3499.1499999999996,2160.0,-0.0,184.24115845358665,-0.0,0.0,-0.0,399.1209233842926
2021-03-04 13:00:00,2166.364436802784,3376.13,2160.0,-0.0,411.59956319721596,-0.0,0.0,-0.0,399.0810112919542
2021-03-04 14:00:00,1779.7574506447654,3205.87,2160.0,-0.0,995.8065493552349,-0.0,0.0,-0.0,399.041103190825
2021-03-04 15:00:00,1221.7899630283493,2997.17,2160.0,-0.0,1870.7130369716513,-0.0,0.0,-0.0,399.00119908050596
2021-03-04 16:00:00,611.6127573175725,2763.92,2160.0,-0.0,2904.507242682428,-0.0,0.0,-0.0,398.9612989605979
2021-03-04 17:00:00,109.37301340702079,2523.42,2160.0,282.66798659297865,3500.0,-0.0,100.0,-0.0,293.658244935965
2021-03-04 18:00:00,-0.0,2294.11,2160.0,823.4380000000001,3500.0,-0.0,100.0,-0.0,188.36572121673458
2021-03-04 19:00:00,-0.0,2093.27,2160.0,1107.5209999999988,3500.0,-0.0,100.0,-0.0,83.08372674987608
2021-03-04 20:00:00,-0.0,1934.7700000000002,2160.0,1213.6203525416586,3500.0,-0.0,78.92164745834104,-0.0,-0.0
2021-03-04 21:00:00,-0.0,1827.3500000000001,2160.0,1206.5419999999995,3500.0,-0.0,0.0,-0.0,-0.0
2021-03-04 22:00:00,-0.0,1773.58,2160.0,1030.4490000000005,3500.0,-0.0,0.0,-0.0,-0.0
2021-03-04 23:00:00,-0.0,1769.5900000000001,2160.0,842.7070000000003,3500.0,-0.0,0.0,-0.0,-0.0
2021-03-05 00:00:00,-0.0,1796.33,2160.0,189.7470000000003,3500.0,-0.0,0.0,-0.0,-0.0
2021-03-05 01:00:00,-0.0,1858.53,2160.0,-0.0,3484.232,-0.0,0.0,-0.0,-0.0
2021-03-05 02:00:00,-0.0,1930.3600000000001,2160.0,-0.0,3316.2019999999998,-0.0,0.0,-0.0,-0.0
2021-03-05 03:00:00,-0.0,1995.2700000000002,2160.0,-0.0,3253.0239999999994,-0.0,0.0,-0.0,-0.0
2021-03-05 04:00:00,-0.0,2038.9299999999998,2160.0,-0.0,3331.4650000000006,-0.0,0.0,-0.0,-0.0
2021-03-05 05:00:00,-0.0,2051.16,2160.0,39.164999999999964,3500.0,-0.0,0.0,-0.0,-0.0
2021-03-05 06:00:00,-0.0,2027.4,2160.0,320.81600000000026,3500.0,-0.0,0.0,-0.0,-0.0
2021-03-05 07:00:00,125.33043255552145,1969.34,2160.0,479.49956744447854,3500.0,-0.0,0.0,-0.0,-0.0
2021-03-05 08:00:00,649.0972894023131,1884.6499999999999,2160.0,184.29271059768826,3500.0,-0.0,0.0,-0.0,-0.0
2021-03-05 09:00:00,1278.546621405179,1786.0200000000002,2160.0,-0.0,3201.1073785948215,-0.0,0.0,-0.0,-0.0
2021-03-05 10:00:00,1851.9170232575993,1689.34,2160.0,-0.0,2695.2289767424013,-0.0,0.0,-0.0,-0.0
2021-03-05 11:00:00,2248.443486183605,1611.59,2160.0,-0.0,2308.2535138163953,-0.0,0.0,-0.0,-0.0
2021-03-05 12:00:00,2389.7251767219327,1568.46,2160.0,-0.0,2142.617823278067,-0.0,0.0,-0.0,-0.0
2021-03-05 13:00:00,2248.443486183605,1572.1699999999998,2160.0,-0.0,2246.6075138163947,-0.0,0.0,-0.0,-0.0
2021-03-05 14:00:00,1851.9170232575993,1629.76,2160.0,-0.0,2612.7259767424007,-0.0,0.0,-0.0,-0.0
2021-03-05 15:00:00,1278.546621405179,1742.05,2160.0,-0.0,3181.7823785948217,-0.0,0.0,-0.0,-0.0
2021-03-05 16:00:00,649.0972894023131,1903.4,2160.0,339.8817105976882,3500.0,-0.0,0.0,-0.0,-0.0
2021-03-05 17:00:00,125.33043255552145,2102.4100000000003,2160.0,899.5875674444778,3500.0,-0.0,0.0,-0.0,-0.0
2021-03-05 18:00:00,-0.0,2323.3500000000004,2160.0,1005.4899999999998,3500.0,-0.0,0.0,-0.0,-0.0
2021-03-05 19:00:00,-0.0,2548.09,2160.0,863.3119999999999,3500.0,-0.0,0.0,-0.0,-0.0
2021-03-05 20:00:00,-0.0,2758.53,2160.0,578.6109999999994,3500.0,-0.0,0.0,-0.0,-0.0
2021-03-05 21:00:00,-0.0,2938.8199999999997,2160.0,204.01499999999942,3500.0,-0.0,0.0,-0.0,-0.0
2021-03-05 22:00:00,-0.0,3077.43,2160.0,-0.0,3334.556000000001,-0.0,0.0,-0.0,-0.0
2021-03-05 23:00:00,-0.0,3168.55,2160.0,-0.0,3050.6169999999993,-0.0,0.0,-0.0,-0.0
2021-03-06 00:00:00,-0.0,3203.21,2160.0,-0.0,1952.2290000000003,-0.0,0.0,-0.0,-0.0
2021-03-06 01:00:00,-0.0,3207.27,2160.0,-0.0,1803.569,-0.0,0.0,-0.0,-0.0
2021-03-06 02:00:00,-0.0,3183.07,2160.0,-0.0,1730.185,-0.0,0.0,-0.0,-0.0
2021-03-06 03:00:00,-0.0,3145.9500000000003,2160.0,-0.0,1767.5569999999993,-0.0,0.0,-0.0,-0.0
2021-03-06 04:00:00,-0.0,3112.47,2160.0,-0.0,1921.5620000000004,-0.0,0.0,-0.0,-0.0
2021-03-06 05:00:00,-0.0,3098.11,2160.0,-0.0,2154.1829999999995,-0.0,0.0,-0.0,-0.0
2021-03-06 06:00:00,-0.0,3115.0899999999997,2160.0,-0.0,2393.3310000000006,-0.0,0.0,-0.0,-0.0
2021-03-06 07:00:00,169.30267211646714,3170.62,2160.0,-0.0,2392.599327883533,-0.0,0.0,-0.0,-0.0
2021-03-06 08:00:00,817.5127536587863,3265.8900000000003,2160.0,-0.0,1791.0472463412132,-0.0,0.0,-0.0,-0.0
2021-03-06 09:00:00,1588.4655781649783,3395.8300000000004,2160.0,-0.0,935.7574218350212,-0.0,0.0,-0.0,-0.0
2021-03-06 10:00:00,2288.0782650956917,3549.77,2160.0,-0.0,50.899734904307934,-0.0,0.0,-0.0,-0.0
2021-03-06 11:00:00,2770.990432222905,3712.87,1594.4875677770951,-0.0,-0.0,-0.0,0.0,100.0,95.0
2021-03-06 12:00:00,2942.9177609251874,3868.08,1197.5822390748126,-0.0,-0.0,-0.0,0.0,100.0,189.9905
2021-03-06 13:00:00,2770.990432222905,3998.4599999999996,1203.1825677770953,-0.0,-0.0,-0.0,0.0,100.0,284.97150095
2021-03-06 14:00:00,2288.0782650956917,4089.52,1619.774734904308,-0.0,-0.0,-0.0,0.0,100.0,379.943003799905
2021-03-06 15:00:00,1588.4655781649783,4131.139999999999,2160.0,-0.0,23.22342183502201,-0.0,100.0,-0.0,274.6418516047882
2021-03-06 16:00:00,817.5127536587863,4119.04,2160.0,-0.0,993.6822463412134,-0.0,100.0,-0.0,169.35122952489093
2021-03-06 17:00:00,169.30267211646714,4055.38,2160.0,-0.0,1937.836327883533,-0.0,100.0,-0.0,64.07113650720162
2021-03-06 18:00:00,-0.0,3948.56,2160.0,-0.0,2451.8725070761266,-0.0,60.86149292387335,-0.0,-0.0
2021-03-06 19:00:00,-0.0,3812.13,2160.0,-0.0,2728.923,-0.0,0.0,-0.0,-0.0
2021-03-06 20:00:00,-0.0,3663.09,2160.0,-0.0,2800.8330000000005,-0.0,0.0,-0.0,-0.0
2021-03-06 21:00:00,-0.0,3519.6499999999996,2160.0,-0.0,2747.036,-0.0,0.0,-0.0,-0.0
2021-03-06 22:00:00,-0.0,3398.9,2160.0,-0.0,2633.9459999999995,-0.0,0.0,-0.0,-0.0
2021-03-06 23:00:00,-0.0,3314.61,2160.0,-0.0,2522.3659999999995,-0.0,0.0,-0.0,-0.0
2021-03-07 00:00:00,-0.0,3265.75,2160.0,-0.0,1940.3739999999998,-0.0,0.0,-0.0,-0.0
2021-03-07 01:00:00,-0.0,3274.2799999999997,2160.0,-0.0,1784.0860000000002,-0.0,0.0,-0.0,-0.0
2021-03-07 02:00:00,-0.0,3326.6800000000003,2160.0,-0.0,1630.8949999999995,-0.0,0.0,-0.0,-0.0
2021-03-07 03:00:00,-0.0,3413.3999999999996,2160.0,-0.0,1541.1720000000005,-0.0,0.0,-0.0,-0.0
2021-03-07 04:00:00,-0.0,3520.56,2160.0,-0.0,1551.2379999999998,-0.0,0.0,-0.0,-0.0
2021-03-07 05:00:00,-0.0,3631.9,2160.0,-0.0,1654.8179999999998,-0.0,0.0,-0.0,-0.0
2021-03-07 06:00:00,-0.0,3731.14,2160.0,-0.0,1808.3269999999998,-0.0,0.0,-0.0,-0.0
2021-03-07 07:00:00,215.31425752225977,3804.21,2160.0,-0.0,1740.6287424777404,-0.0,0.0,-0.0,-0.0
2021-03-07 08:00:00,974.8750866595028,3841.28,2160.0,-0.0,1082.4769133404966,-0.0,0.0,-0.0,-0.0
2021-03-07 09:00:00,1869.3469610070622,3838.13,2160.0,-0.0,233.279038992938,-0.0,0.0,-0.0,-0.0
2021-03-07 10:00:00,2678.0492477228536,3796.81,1612.206827018911,-0.0,-0.0,-0.0,0.0,21.121074741764055,20.065021004675852
2021-03-07 11:00:00,3235.234267296081,3725.4100000000003,1131.3707327039187,-0.0,-0.0,-0.0,0.0,100.0,115.06301450257538
2021-03-07 12:00:00,3433.4389676849864,3636.99,948.2670323150137,-0.0,-0.0,-0.0,0.0,100.0,210.05150820112513
2021-03-07 13:00:00,3235.234267296081,3547.8900000000003,1196.0557327039191,-0.0,-0.0,-0.0,0.0,100.0,305.030503050305
2021-03-07 14:00:00,2678.0492477228536,3475.48,1846.8047522771458,-0.0,-0.0,-0.0,0.0,100.0,400.0
2021-03-07 15:00:00,1869.3469610070622,3435.84,2160.0,-0.0,437.0060389929379,-0.0,100.0,-0.0,294.69684210526316
2021-03-07 16:00:00,974.8750866595028,3441.6000000000004,2160.0,-0.0,1509.5179133404972,-0.0,100.0,-0.0,189.4042145263158
2021-03-07 17:00:00,215.31425752225977,3500.16,2160.0,-0.0,2439.189742477741,-0.0,100.0,-0.0,84.12211621012632
2021-03-07 18:00:00,-0.0,3612.68,2160.0,-0.0,2757.2359812014206,-0.0,79.90801879858006,-0.0,-0.0
2021-03-07 19:00:00,-0.0,3773.86,2160.0,-0.0,2752.1080000000006,-0.0,0.0,-0.0,-0.0
2021-03-07 20:00:00,-0.0,3972.57,2160.0,-0.0,2472.655,-0.0,0.0,-0.0,-0.0
2021-03-07 21:00:00,-0.0,4193.32,2160.0,-0.0,2051.062,-0.0,0.0,-0.0,-0.0
2021-03-07 22:00:00,-0.0,4418.21,2160.0,-0.0,1588.7340000000004,-0.0,0.0,-0.0,-0.0
2021-03-07 23:00:00,-0.0,4629.28,2160.0,-0.0,1178.2089999999998,-0.0,0.0,-0.0,-0.0
2021-03-08 00:00:00,-0.0,4800.91,2160.0,-0.0,808.1400000000003,-0.0,0.0,-0.0,-0.0
2021-03-08 01:00:00,-0.0,4941.41,2160.0,-0.0,516.3310000000001,-0.0,0.0,-0.0,-0.0
2021-03-08 02:00:00,-0.0,5035.1,2160.0,-0.0,318.3199999999997,-0.0,0.0,-0.0,-0.0
2021-03-08 03:00:00,-0.0,5082.54,2160.0,-0.0,264.3710000000001,-0.0,0.0,-0.0,-0.0
2021-03-08 04:00:00,-0.0,5090.38,2160.0,-0.0,370.27899999999954,-0.0,0.0,-0.0,-0.0
2021-03-08 05:00:00,-0.0,5070.41,2160.0,-0.0,601.7200000000003,-0.0,0.0,-0.0,-0.0
2021-03-08 06:00:00,-0.0,5037.76,2160.0,-0.0,883.7029999999995,-0.0,0.0,-0.0,-0.0
2021-03-08 07:00:00,242.22622927540687,5008.8,2160.0,-0.0,887.7437707245933,-0.0,0.0,-0.0,-0.0
2021-03-08 08:00:00,1033.4924170760416,4998.74,2160.0,-0.0,241.67558292395802,-0.0,0.0,-0.0,-0.0
2021-03-08 09:00:00,1956.50281092007,5019.49,1496.7401890799304,-0.0,-0.0,-0.0,0.0,-0.0,-0.0
2021-03-08 10:00:00,2787.98908837376,5077.94,568.7389116262402,-0.0,-0.0,-0.0,0.0,-0.0,-0.0
2021-03-08 11:00:00,3359.825359968274,5097.704640031727,-0.0,-0.0,-0.0,-0.0,0.0,100.0,95.0
2021-03-08 12:00:00,3563.0822162265895,4817.971783773411,-0.0,-0.0,-0.0,-0.0,0.0,100.0,189.9905
2021-03-08 13:00:00,3359.825359968274,4978.607640031727,-0.0,-0.0,-0.0,-0.0,0.0,100.0,284.97150095
2021-03-08 14:00:00,2787.98908837376,5568.54791162624,-0.0,-0.0,-0.0,-0.0,0.0,100.0,379.943003799905
2021-03-08 15:00:00,1956.50281092007,5763.93,634.9721890799303,-0.0,-0.0,-0.0,0.0,-0.0,379.905009499525
2021-03-08 16:00:00,1033.4924170760416,5883.98,1639.9931945044052,-0.0,-0.0,-0.0,0.0,21.192611580447288,400.0
2021-03-08 17:00:00,242.22622927540687,5961.05,2160.0,-0.0,298.7987707245937,-0.0,100.0,-0.0,294.69684210526316
2021-03-08 18:00:00,-0.0,5984.650000000001,2160.0,-0.0,709.7820000000002,-0.0,100.0,-0.0,189.4042145263158
2021-03-08 19:00:00,-0.0,5950.11,2160.0,-0.0,817.7300000000005,-0.0,100.0,-0.0,84.12211621012632
2021-03-08 20:00:00,-0.0,5859.25,2160.0,-0.0,845.2729812014204,-0.0,79.90801879858006,-0.0,-0.0
2021-03-08 21:00:00,-0.0,5720.13,2160.0,-0.0,860.8640000000005,-0.0,0.0,-0.0,-0.0
2021-03-08 22:00:00,-0.0,5546.04,2160.0,-0.0,794.9970000000003,-0.0,0.0,-0.0,-0.0
2021-03-08 23:00:00,-0.0,5353.73,2160.0,-0.0,785.4099999999999,-0.0,0.0,-0.0,-0.0
2021-03-09 00:00:00,-0.0,5151.15,2160.0,-0.0,350.8770000000004,-0.0,0.0,-0.0,-0.0
2021-03-09 01:00:00,-0.0,4975.35,2160.0,-0.0,373.08399999999983,-0.0,0.0,-0.0,-0.0
2021-03-09 02:00:00,-0.0,4829.94,2160.0,-0.0,411.97100000000046,-0.0,0.0,-0.0,-0.0
2021-03-09 03:00:00,-0.0,4723.56,2160.0,-0.0,509.72599999999966,-0.0,0.0,-0.0,-0.0
2021-03-09 04:00:00,-0.0,4658.7699999999995,2160.0,-0.0,686.2320000000009,-0.0,0.0,-0.0,-0.0
2021-03-09 05:00:00,-0.0,4631.83,2160.0,-0.0,922.701,-0.0,0.0,-0.0,-0.0
2021-03-09 06:00:00,-0.0,4633.3099999999995,2160.0,-0.0,1168.701000000001,-0.0,0.0,-0.0,-0.0
2021-03-09 07:00:00,263.4699285897043,4649.51,2160.0,-0.0,1104.5750714102958,-0.0,0.0,-0.0,-0.0
2021-03-09 08:00:00,1064.04563775458,4664.4400000000005,2160.0,-0.0,422.53836224541897,-0.0,0.0,-0.0,-0.0
2021-03-09 09:00:00,1989.4650473851198,4662.09,1696.7189526148795,-0.0,-0.0,-0.0,0.0,-0.0,-0.0
2021-03-09 10:00:00,2820.1750179613146,4628.7699999999995,880.9040567804495,-0.0,-0.0,-0.0,0.0,21.121074741764055,20.065021004675852
2021-03-09 11:00:00,3390.4525146351452,4555.03,384.72348536485515,-0.0,-0.0,-0.0,0.0,100.0,115.06301450257538
2021-03-09 12:00:00,3592.9885145072158,4437.110000000001,222.34548549278315,-0.0,-0.0,-0.0,0.0,100.0,210.05150820112513
2021-03-09 13:00:00,3390.4525146351452,4277.56,540.6234853648548,-0.0,-0.0,-0.0,0.0,100.0,305.030503050305
2021-03-09 14:00:00,2820.1750179613146,4084.9800000000005,1320.4979820386852,-0.0,-0.0,-0.0,0.0,100.0,400.0
2021-03-09 15:00:00,1989.4650473851198,3873.01,2160.0,-0.0,101.05895261487967,-0.0,100.0,-0.0,294.69684210526316
2021-03-09 16:00:00,1064.04563775458,3658.56,2160.0,-0.0,1420.91136224542,-0.0,100.0,-0.0,189.4042145263158
2021-03-09 17:00:00,263.4699285897043,3459.61,2160.0,-0.0,2672.287939271855,-0.0,73.16913213844035,-0.0,112.36513501176806
2021-03-09 18:00:00,-0.0,3292.88,2160.0,-0.0,3367.334,-0.0,0.0,-0.0,112.35389849826689
2021-03-09 19:00:00,-0.0,3171.62,2160.0,-0.0,3500.0,-0.0,61.426000000000386,-0.0,47.683715739995606
2021-03-09 20:00:00,-0.0,3103.8700000000003,2160.0,-0.0,3500.0,-0.0,45.29500000000053,-0.0,-0.0
2021-03-09 21:00:00,-0.0,3091.4,2160.0,-0.0,3353.9610000000007,-0.0,0.0,-0.0,-0.0
2021-03-09 22:00:00,-0.0,3129.54,2160.0,-0.0,3075.6009999999997,-0.0,0.0,-0.0,-0.0
2021-03-09 23:00:00,-0.0,3207.77,2160.0,-0.0,2795.3160000000003,-0.0,0.0,-0.0,-0.0
2021-03-10 00:00:00,-0.0,3300.9500000000003,2160.0,-0.0,2064.8119999999994,-0.0,0.0,-0.0,-0.0
2021-03-10 01:00:00,-0.0,3412.13,2160.0,-0.0,1800.0919999999996,-0.0,0.0,-0.0,-0.0
2021-03-10 02:00:00,-0.0,3513.67,2160.0,-0.0,1592.187,-0.0,0.0,-0.0,-0.0
2021-03-10 03:00:00,-0.0,3590.3,2160.0,-0.0,1507.1939999999995,-0.0,0.0,-0.0,-0.0
2021-03-10 04:00:00,-0.0,3630.9900000000002,2160.0,-0.0,1578.5880000000002,-0.0,0.0,-0.0,-0.0
2021-03-10 05:00:00,-0.0,3630.32,2160.0,-0.0,1789.2589999999996,-0.0,0.0,-0.0,-0.0
2021-03-10 06:00:00,-0.0,3589.1400000000003,2160.0,-0.0,2078.495,-0.0,0.0,-0.0,-0.0
2021-03-10 07:00:00,299.7900003582029,3514.4199999999996,2160.0,-0.0,2069.6489996417977,-0.0,0.0,-0.0,-0.0
2021-03-10 08:00:00,1150.5052759441205,3418.12,2160.0,-0.0,1449.4847240558793,-0.0,0.0,-0.0,-0.0
2021-03-10 09:00:00,2125.343395609457,3315.5600000000004,2160.0,-0.0,615.3416043905436,-0.0,0.0,-0.0,-0.0
2021-03-10 10:00:00,2997.3886268293936,3223.16,1978.2584479123707,-0.0,-0.0,-0.0,0.0,21.121074741764055,20.065021004675852
2021-03-10 11:00:00,3594.984732192202,3156.2000000000003,1449.0662678077974,-0.0,-0.0,-0.0,0.0,100.0,115.06301450257538
2021-03-10 12:00:00,3807.0582165592064,3126.55,1190.0677834407938,-0.0,-0.0,-0.0,0.0,100.0,210.05150820112513
2021-03-10 13:00:00,3594.984732192202,3141.04,1345.1292678077984,-0.0,-0.0,-0.0,0.0,100.0,305.030503050305
2021-03-10 14:00:00,2997.3886268293936,3200.33,1901.8363731706067,-0.0,-0.0,-0.0,0.0,100.0,400.0
2021-03-10 15:00:00,2125.343395609457,3298.81,2160.0,-0.0,414.7626043905434,-0.0,100.0,-0.0,294.69684210526316
2021-03-10 16:00:00,1150.5052759441205,3425.18,2160.0,-0.0,1444.78972405588,-0.0,100.0,-0.0,189.4042145263158
2021-03-10 17:00:00,299.7900003582029,3563.8900000000003,2160.0,-0.0,2383.4839996417973,-0.0,100.0,-0.0,84.12211621012632
2021-03-10 18:00:00,-0.0,3697.18,2160.0,-0.0,2806.9659069033,-0.0,36.45709309669919,-0.0,45.737816528295646
2021-03-10 19:00:00,-0.0,3807.34,2160.0,-0.0,2807.9490000000005,-0.0,0.0,-0.0,45.733242746642816
2021-03-10 20:00:00,-0.0,3879.08,2160.0,-0.0,2654.2710000000006,-0.0,0.0,-0.0,45.72866942236815
2021-03-10 21:00:00,-0.0,3901.4900000000002,2160.0,-0.0,2430.086999999999,-0.0,0.0,-0.0,45.724096555425916
2021-03-10 22:00:00,-0.0,3869.5,2160.0,-0.0,2223.974,-0.0,0.0,-0.0,45.71952414577037
2021-03-10 23:00:00,-0.0,3784.48,2160.0,-0.0,2109.14,-0.0,0.0,-0.0,45.71495219335579
2021-03-11 00:00:00,-0.0,3643.71,2160.0,-0.0,1614.7150000000001,-0.0,0.0,-0.0,45.710380698136454
2021-03-11 01:00:00,-0.0,3480.7599999999998,2160.0,-0.0,1626.489,-0.0,0.0,-0.0,45.70580966006664
2021-03-11 02:00:00,-0.0,3301.58,2160.0,-0.0,1701.7470000000003,-0.0,0.0,-0.0,45.70123907910064
2021-03-11 03:00:00,-0.0,3123.79,2160.0,-0.0,1873.6940000000004,-0.0,0.0,-0.0,45.69666895519273
2021-03-11 04:00:00,-0.0,2963.92,2160.0,-0.0,2148.242,-0.0,0.0,-0.0,45.69209928829721
2021-03-11 05:00:00,-0.0,2835.26,2160.0,-0.0,2489.568,-0.0,0.0,-0.0,45.687530078368376
2021-03-11 06:00:00,-0.0,2746.13,2160.0,-0.0,2829.49,-0.0,0.0,-0.0,45.68296132536054
2021-03-11 07:00:00,334.8223884965716,2698.77,2160.0,-0.0,2761.0556115034287,-0.0,0.0,-0.0,45.678393029228005
2021-03-11 08:00:00,1225.2833439770752,2689.18,2160.0,-0.0,2017.3036560229248,-0.0,0.0,-0.0,45.67382518992508
2021-03-11 09:00:00,2237.174714128544,2707.7000000000003,2160.0,-0.0,1027.9592858714554,-0.0,0.0,-0.0,45.66925780740609
2021-03-11 10:00:00,3139.2987562685507,2740.46,2160.0,-0.0,57.50724373144885,-0.0,0.0,-0.0,45.66469088162535
2021-03-11 11:00:00,3756.444240379696,2771.3199999999997,1595.1177596203038,-0.0,-0.0,-0.0,0.0,100.0,140.6601244125372
2021-03-11 12:00:00,3975.288845844848,2784.2099999999996,1289.912154155153,-0.0,-0.0,-0.0,0.0,100.0,235.64605840009594
2021-03-11 13:00:00,3756.444240379696,2765.38,1488.221759620304,-0.0,-0.0,-0.0,0.0,100.0,330.62249379425594
2021-03-11 14:00:00,3139.2987562685507,2705.42,2160.0,-0.0,-0.0,-0.0,0.0,73.06375626855106,400.0
2021-03-11 15:00:00,2237.174714128544,2600.6200000000003,2160.0,-0.0,1036.4762858714553,-0.0,0.0,-0.0,399.96
2021-03-11 16:00:00,1225.2833439770752,2453.63,2160.0,-0.0,2380.2156560229255,-0.0,0.0,-0.0,399.920004
2021-03-11 17:00:00,334.8223884965716,2273.24,2160.0,81.09561150342824,3500.0,-0.0,100.0,-0.0,294.6168541048632
2021-03-11 18:00:00,-0.0,2073.26,2160.0,812.7170000000006,3500.0,-0.0,100.0,-0.0,189.3242345247159
2021-03-11 19:00:00,-0.0,1870.8700000000001,2160.0,1093.2079999999996,3500.0,-0.0,100.0,-0.0,84.0421442065266
2021-03-11 20:00:00,-0.0,1684.31,2160.0,1221.4459470074999,3500.0,-0.0,79.83205299250066,-0.0,-0.0
2021-03-11 21:00:00,-0.0,1530.63,2160.0,1256.6639999999998,3500.0,-0.0,0.0,-0.0,-0.0
2021-03-11 22:00:00,-0.0,1423.3899999999999,2160.0,1129.3060000000005,3500.0,-0.0,0.0,-0.0,-0.0
2021-03-11 23:00:00,-0.0,1371.01,2160.0,985.3629999999994,3500.0,-0.0,0.0,-0.0,-0.0
2021-03-12 00:00:00,-0.0,1365.12,2160.0,359.45800000000054,3500.0,-0.0,0.0,-0.0,-0.0
2021-03-12 01:00:00,-0.0,1422.47,2160.0,154.5019999999995,3500.0,-0.0,0.0,-0.0,-0.0
2021-03-12 02:00:00,-0.0,1522.4099999999999,2160.0,-0.0,3454.2250000000004,-0.0,0.0,-0.0,-0.0
2021-03-12 03:00:00,-0.0,1650.4099999999999,2160.0,-0.0,3323.9790000000003,-0.0,0.0,-0.0,-0.0
2021-03-12 04:00:00,-0.0,1789.49,2160.0,-0.0,3303.183,-0.0,0.0,-0.0,-0.0
2021-03-12 05:00:00,-0.0,1922.5600000000002,2160.0,-0.0,3386.392,-0.0,0.0,-0.0,-0.0
2021-03-12 06:00:00,-0.0,2034.7399999999998,2160.0,28.619000000000597,3500.0,-0.0,0.0,-0.0,-0.0
2021-03-12 07:00:00,330.152224900215,2115.3,2160.0,-0.0,3340.549775099785,-0.0,0.0,-0.0,-0.0
2021-03-12 08:00:00,1155.7361056186676,2159.13,2160.0,-0.0,2611.867894381333,-0.0,0.0,-0.0,-0.0
2021-03-12 09:00:00,2086.4048284208375,2167.33,2160.0,-0.0,1717.6721715791628,-0.0,0.0,-0.0,-0.0
2021-03-12 10:00:00,2913.3688102548363,2147.09,2160.0,-0.0,878.9781897451635,-0.0,0.0,-0.0,-0.0
2021-03-12 11:00:00,3478.1259024664832,2110.5499999999997,2160.0,-0.0,279.96109753351675,-0.0,0.0,-0.0,-0.0
2021-03-12 12:00:00,3678.246725386348,2073.13,2160.0,-0.0,47.359274613651905,-0.0,0.0,-0.0,-0.0
2021-03-12 13:00:00,3478.1259024664832,2051.36,2160.0,-0.0,233.4370975335164,-0.0,0.0,-0.0,-0.0
2021-03-12 14:00:00,2913.3688102548363,2060.51,2160.0,-0.0,814.1831897451634,-0.0,0.0,-0.0,-0.0
2021-03-12 15:00:00,2086.4048284208375,2112.44,2160.0,-0.0,1695.3391715791627,-0.0,0.0,-0.0,-0.0
2021-03-12 16:00:00,1155.7361056186676,2213.85,2160.0,-0.0,2712.9338943813327,-0.0,0.0,-0.0,-0.0
2021-03-12 17:00:00,330.152224900215,2365.29,2160.0,120.55677509978477,3500.0,-0.0,0.0,-0.0,-0.0
2021-03-12 18:00:00,-0.0,2560.92,2160.0,455.3130000000001,3500.0,-0.0,0.0,-0.0,-0.0
2021-03-12 19:00:00,-0.0,2789.17,2160.0,308.54299999999967,3500.0,-0.0,0.0,-0.0,-0.0
2021-03-12 20:00:00,-0.0,3034.19,2160.0,-0.0,3488.3740000000003,-0.0,0.0,-0.0,-0.0
2021-03-12 21:00:00,-0.0,3277.83,2160.0,-0.0,3049.7379999999994,-0.0,0.0,-0.0,-0.0
2021-03-12 22:00:00,-0.0,3501.99,2160.0,-0.0,2594.2350000000006,-0.0,0.0,-0.0,-0.0
2021-03-12 23:00:00,-0.0,3690.8999999999996,2160.0,-0.0,2212.2090000000007,-0.0,0.0,-0.0,-0.0
2021-03-13 00:00:00,-0.0,3822.4799999999996,2160.0,-0.0,1015.6960000000008,-0.0,0.0,-0.0,-0.0
2021-03-13 01:00:00,-0.0,3912.4700000000003,2160.0,-0.0,781.2049999999999,-0.0,0.0,-0.0,-0.0
2021-03-13 02:00:00,-0.0,3951.0,2160.0,-0.0,645.3879999999999,-0.0,0.0,-0.0,-0.0
2021-03-13 03:00:00,-0.0,3945.11,2160.0,-0.0,652.0229999999997,-0.0,0.0,-0.0,-0.0
2021-03-13 04:00:00,-0.0,3907.05,2160.0,-0.0,811.299,-0.0,0.0,-0.0,-0.0
2021-03-13 05:00:00,-0.0,3852.5,2160.0,-0.0,1084.9970000000003,-0.0,0.0,-0.0,-0.0
2021-03-13 06:00:00,-0.0,3798.45,2160.0,-0.0,1396.2570000000005,-0.0,0.0,-0.0,-0.0
2021-03-13 07:00:00,286.96861454815274,3760.81,2160.0,-0.0,1372.3073854518475,-0.0,0.0,-0.0,-0.0
2021-03-13 08:00:00,963.6802485927747,3752.2499999999995,2160.0,-0.0,847.5537514072262,-0.0,0.0,-0.0,-0.0
2021-03-13 09:00:00,1720.653388138369,3780.48,2160.0,-0.0,109.61761186163108,-0.0,0.0,-0.0,-0.0
2021-03-13 10:00:00,2391.099116671784,3847.16,1503.0408833282163,-0.0,-0.0,-0.0,0.0,-0.0,-0.0
2021-03-13 11:00:00,2848.2083218708426,3947.7200000000003,898.1357528709218,-0.0,-0.0,-0.0,0.0,21.121074741764055,20.065021004675852
2021-03-13 12:00:00,3010.0559834970836,4071.99,623.3600165029166,-0.0,-0.0,-0.0,0.0,100.0,115.06301450257538
2021-03-13 13:00:00,2848.2083218708426,4205.59,618.0786781291577,-0.0,-0.0,-0.0,0.0,100.0,210.05150820112513
2021-03-13 14:00:00,2391.099116671784,4331.95,976.1678833282158,-0.0,-0.0,-0.0,0.0,100.0,305.030503050305
2021-03-13 15:00:00,1720.653388138369,4434.58,1652.222611861631,-0.0,-0.0,-0.0,0.0,100.0,400.0
2021-03-13 16:00:00,963.6802485927747,4499.4,2160.0,-0.0,174.74275140722602,-0.0,100.0,-0.0,294.69684210526316
2021-03-13 17:00:00,286.96861454815274,4516.68,2160.0,-0.0,1069.5953854518466,-0.0,100.0,-0.0,189.4042145263158
2021-03-13 18:00:00,-0.0,4482.49,2160.0,-0.0,1592.8410000000003,-0.0,100.0,-0.0,84.12211621012632
2021-03-13 19:00:00,-0.0,4399.3,2160.0,-0.0,1779.3659812014203,-0.0,79.90801879858006,-0.0,-0.0
2021-03-13 20:00:00,-0.0,4275.75,2160.0,-0.0,1909.3439999999991,-0.0,0.0,-0.0,-0.0
2021-03-13 21:00:00,-0.0,4125.63,2160.0,-0.0,1866.0439999999999,-0.0,0.0,-0.0,-0.0
2021-03-13 22:00:00,-0.0,3966.0699999999997,2160.0,-0.0,1795.7420000000002,-0.0,0.0,-0.0,-0.0
2021-03-13 23:00:00,-0.0,3815.3900000000003,2160.0,-0.0,1754.6889999999994,-0.0,0.0,-0.0,-0.0
2021-03-14 00:00:00,-0.0,3679.9300000000003,2160.0,-0.0,1262.5069999999996,-0.0,0.0,-0.0,-0.0
2021-03-14 01:00:00,-0.0,3595.06,2160.0,-0.0,1204.0629999999996,-0.0,0.0,-0.0,-0.0
2021-03-14 02:00:00,-0.0,3558.58,2160.0,-0.0,1144.3429999999998,-0.0,0.0,-0.0,-0.0
2021-03-14 03:00:00,-0.0,3572.92,2160.0,-0.0,1131.7349999999997,-0.0,0.0,-0.0,-0.0
2021-03-14 04:00:00,-0.0,3634.1,2160.0,-0.0,1192.6560000000004,-0.0,0.0,-0.0,-0.0
2021-03-14 05:00:00,-0.0,3732.34,2160.0,-0.0,1314.3459999999995,-0.0,0.0,-0.0,-0.0
2021-03-14 06:00:00,-0.0,3853.47,2160.0,-0.0,1451.1060000000002,-0.0,0.0,-0.0,-0.0
2021-03-14 07:00:00,258.51019020571084,3980.95,2160.0,-0.0,1291.0708097942893,-0.0,0.0,-0.0,-0.0
2021-03-14 08:00:00,834.9057244140826,4098.12,2160.0,-0.0,741.3752755859174,-0.0,0.0,-0.0,-0.0
2021-03-14 09:00:00,1474.8968109200698,4190.5199999999995,2160.0,-0.0,56.61818907993052,-0.0,0.0,-0.0,-0.0
2021-03-14 10:00:00,2039.9373167536592,4247.9,1586.1307579881054,-0.0,-0.0,-0.0,0.0,21.121074741764055,20.065021004675852
2021-03-14 11:00:00,2424.541924060997,4265.610000000001,1194.4960759390024,-0.0,-0.0,-0.0,0.0,100.0,115.06301450257538
2021-03-14 12:00:00,2560.62359075325,4245.21,1011.3304092467497,-0.0,-0.0,-0.0,0.0,100.0,210.05150820112513
2021-03-14 13:00:00,2424.541924060997,4194.34,1164.700075939003,-0.0,-0.0,-0.0,0.0,100.0,305.030503050305
2021-03-14 14:00:00,2039.9373167536592,4125.58,1645.246683246341,-0.0,-0.0,-0.0,0.0,100.0,400.0
2021-03-14 15:00:00,1474.8968109200698,4054.77,2160.0,-0.0,29.07318907992999,-0.0,100.0,-0.0,294.69684210526316
2021-03-14 16:00:00,834.9057244140826,3998.82,2160.0,-0.0,915.0142755859171,-0.0,100.0,-0.0,189.4042145263158
2021-03-14 17:00:00,258.51019020571084,3973.38,2160.0,-0.0,1751.7988097942894,-0.0,100.0,-0.0,84.12211621012632
2021-03-14 18:00:00,-0.0,3990.6000000000004,2160.0,-0.0,2214.6919812014203,-0.0,79.90801879858006,-0.0,-0.0
2021-03-14 19:00:00,-0.0,4057.5099999999998,2160.0,-0.0,2310.253000000001,-0.0,0.0,-0.0,-0.0
2021-03-14 20:00:00,-0.0,4174.88,2160.0,-0.0,2118.621,-0.0,0.0,-0.0,-0.0
2021-03-14 21:00:00,-0.0,4337.0599999999995,2160.0,-0.0,1762.1360000000004,-0.0,0.0,-0.0,-0.0
2021-03-14 22:00:00,-0.0,4532.65,2160.0,-0.0,1335.6970000000001,-0.0,0.0,-0.0,-0.0
2021-03-14 23:00:00,-0.0,4745.889999999999,2160.0,-0.0,929.6370000000006,-0.0,0.0,-0.0,-0.0
2021-03-15 00:00:00,-0.0,4947.7300000000005,2160.0,-0.0,534.9759999999997,-0.0,0.0,-0.0,-0.0
2021-03-15 01:00:00,-0.0,5141.9800000000005,2160.0,-0.0,196.1259999999993,-0.0,0.0,-0.0,-0.0
2021-03-15 02:00:00,-0.0,5301.88,2160.0,-0.0,-0.0,-0.0,0.0,61.358000000000175,58.290100000000166
2021-03-15 03:00:00,-0.0,5415.910000000001,2084.8639999999996,-0.0,-0.0,-0.0,0.0,100.0,153.28427099000015
2021-03-15 04:00:00,-0.0,5478.32,2142.9790000000003,-0.0,-0.0,-0.0,0.0,100.0,248.26894256290115
2021-03-15 05:00:00,-0.0,5489.75,2160.0,-0.0,-0.0,-0.0,89.8100000000004,-0.0,153.7072735633813
2021-03-15 06:00:00,-0.0,5456.990000000001,2160.0,-0.0,278.6979999999994,-0.0,100.0,-0.0,48.428744941288144
2021-03-15 07:00:00,283.3766549483165,5392.04,2160.0,-0.0,338.36963808822986,-0.0,46.002706963454315,-0.0,-0.0
2021-03-15 08:00:00,882.2789274383381,5310.29,2160.0,-0.0,9.148072561662502,-0.0,0.0,-0.0,-0.0
2021-03-15 09:00:00,1542.5094432504354,5228.4,1636.4105567495646,-0.0,-0.0,-0.0,0.0,-0.0,-0.0
2021-03-15 10:00:00,2123.618269215024,5161.9400000000005,1090.4567307849748,-0.0,-0.0,-0.0,0.0,-0.0,-0.0
2021-03-15 11:00:00,2518.5243455634027,5123.23,684.981729178362,-0.0,-0.0,-0.0,0.0,21.121074741764055,20.065021004675852
2021-03-15 12:00:00,2658.1486825299357,5119.599999999999,558.0983174700646,-0.0,-0.0,-0.0,0.0,100.0,115.06301450257538
2021-03-15 13:00:00,2518.5243455634027,5152.34,629.036654436597,-0.0,-0.0,-0.0,0.0,100.0,210.05150820112513
2021-03-15 14:00:00,2123.618269215024,5216.509999999999,984.511730784976,-0.0,-0.0,-0.0,0.0,100.0,305.030503050305
2021-03-15 15:00:00,1542.5094432504354,5301.57,1586.0175567495646,-0.0,-0.0,-0.0,0.0,100.0,400.0
2021-03-15 16:00:00,882.2789274383381,5392.8,2160.0,-0.0,-0.0,-0.0,82.42307256166214,-0.0,313.19887098772404
2021-03-15 17:00:00,283.3766549483165,5473.29,2160.0,-0.0,733.1193450516836,-0.0,100.0,-0.0,207.90439320588843
2021-03-15 18:00:00,-0.0,5526.2699999999995,2160.0,-0.0,1174.286485681905,-0.0,88.00451431809498,-0.0,115.24727190541523
2021-03-15 19:00:00,-0.0,5537.349999999999,2160.0,-0.0,1330.9710000000005,-0.0,0.0,-0.0,115.2357471782247
2021-03-15 20:00:00,-0.0,5496.58,2160.0,-0.0,1294.6100000000006,-0.0,0.0,-0.0,115.22422360350687
2021-03-15 21:00:00,-0.0,5399.83,2160.0,-0.0,1194.1229999999996,-0.0,0.0,-0.0,115.21270118114653
2021-03-15 22:00:00,-0.0,5249.42,2160.0,-0.0,1110.6929999999993,-0.0,0.0,-0.0,115.20117991102842
2021-03-15 23:00:00,-0.0,5053.889999999999,2160.0,-0.0,1110.353000000001,-0.0,0.0,-0.0,115.18965979303732
2021-03-16 00:00:00,-0.0,4815.860000000001,2160.0,-0.0,716.1729999999998,-0.0,0.0,-0.0,115.17814082705802
2021-03-16 01:00:00,-0.0,4574.67,2160.0,-0.0,809.6049999999996,-0.0,0.0,-0.0,115.16662301297531
2021-03-16 02:00:00,-0.0,4337.62,2160.0,-0.0,945.8640000000005,-0.0,0.0,-0.0,115.15510635067402
2021-03-16 03:00:00,-0.0,4121.929999999999,2160.0,-0.0,1158.5510000000004,-0.0,0.0,-0.0,115.14359084003895
2021-03-16 04:00:00,-0.0,3941.54,2160.0,-0.0,1456.1670000000004,-0.0,0.0,-0.0,115.13207648095495
2021-03-16 05:00:00,-0.0,3805.2799999999997,2160.0,-0.0,1807.3470000000007,-0.0,0.0,-0.0,115.12056327330686
2021-03-16 06:00:00,-0.0,3715.85,2160.0,-0.0,2149.5260000000003,-0.0,0.0,-0.0,115.10905121697952
2021-03-16 07:00:00,335.38305457476207,3669.6,2160.0,-0.0,2081.078945425238,-0.0,0.0,-0.0,115.09754031185783
2021-03-16 08:00:00,1008.7368533159352,3657.14,2160.0,-0.0,1558.6641466840642,-0.0,0.0,-0.0,115.08603055782665
2021-03-16 09:00:00,1745.957295645277,3664.7200000000003,2160.0,-0.0,855.9877043547235,-0.0,0.0,-0.0,115.07452195477086
2021-03-16 10:00:00,2392.8550488946885,3676.25,2160.0,-0.0,162.74995110531108,-0.0,0.0,-0.0,115.06301450257538
2021-03-16 11:00:00,2831.7764929638734,3675.61,1910.537507036127,-0.0,-0.0,-0.0,0.0,100.0,210.05150820112513
2021-03-16 12:00:00,2986.8530334919665,3648.8599999999997,1708.8919665080334,-0.0,-0.0,-0.0,0.0,100.0,305.030503050305
2021-03-16 13:00:00,2831.7764929638734,3586.32,1886.9925070361269,-0.0,-0.0,-0.0,0.0,100.0,400.0
2021-03-16 14:00:00,2392.8550488946885,3483.9199999999996,2160.0,-0.0,189.4679511053123,-0.0,0.0,-0.0,399.96
2021-03-16 15:00:00,1745.957295645277,3343.86,2160.0,-0.0,1078.285704354722,-0.0,0.0,-0.0,399.920004
2021-03-16 16:00:00,1008.7368533159352,3174.36,2160.0,-0.0,2168.8051466840648,-0.0,0.0,-0.0,399.8800119996
2021-03-16 17:00:00,335.38305457476207,2988.63,2160.0,-0.0,3256.5599454252383,-0.0,0.0,-0.0,399.84002399840006
2021-03-16 18:00:00,-0.0,2803.1299999999997,2160.0,372.6030000000005,3500.0,-0.0,100.0,-0.0,294.5368821012634
2021-03-16 19:00:00,-0.0,2635.3700000000003,2160.0,616.5069999999996,3500.0,-0.0,100.0,-0.0,189.24427051831645
2021-03-16 20:00:00,-0.0,2501.59,2160.0,669.5439999999999,3500.0,-0.0,100.0,-0.0,83.96218819652778
2021-03-16 21:00:00,-0.0,2414.52,2160.0,576.0148976211763,3500.0,-0.0,79.75610237882272,-0.0,-0.0
2021-03-16 22:00:00,-0.0,2381.71,2160.0,451.1429999999991,3500.0,-0.0,0.0,-0.0,-0.0
2021-03-16 23:00:00,-0.0,2404.44,2160.0,228.95899999999938,3500.0,-0.0,0.0,-0.0,-0.0
2021-03-17 00:00:00,-0.0,2466.29,2160.0,-0.0,3031.196,-0.0,0.0,-0.0,-0.0
2021-03-17 01:00:00,-0.0,2578.7700000000004,2160.0,-0.0,2767.4069999999992,-0.0,0.0,-0.0,-0.0
2021-03-17 02:00:00,-0.0,2715.24,2160.0,-0.0,2526.615,-0.0,0.0,-0.0,-0.0
2021-03-17 03:00:00,-0.0,2857.9300000000003,2160.0,-0.0,2377.4169999999995,-0.0,0.0,-0.0,-0.0
2021-03-17 04:00:00,-0.0,2989.0099999999998,2160.0,-0.0,2360.0840000000003,-0.0,0.0,-0.0,-0.0
2021-03-17 05:00:00,-0.0,3092.86,2160.0,-0.0,2467.7059999999997,-0.0,0.0,-0.0,-0.0
2021-03-17 06:00:00,-0.0,3158.14,2160.0,-0.0,2651.7590000000005,-0.0,0.0,-0.0,-0.0
2021-03-17 07:00:00,369.75003681813536,3179.18,2160.0,-0.0,2478.2749631818647,-0.0,0.0,-0.0,-0.0
2021-03-17 08:00:00,1076.4480642974108,3156.63,2160.0,-0.0,1929.2659357025882,-0.0,0.0,-0.0,-0.0
2021-03-17 09:00:00,1845.0534846740356,3097.28,2160.0,-0.0,1258.835515325964,-0.0,0.0,-0.0,-0.0
2021-03-17 10:00:00,2517.495430892437,3013.0099999999998,2160.0,-0.0,632.5985691075625,-0.0,0.0,-0.0,-0.0
2021-03-17 11:00:00,2973.0335388394233,2919.07,2160.0,-0.0,193.8624611605769,-0.0,0.0,-0.0,-0.0
2021-03-17 12:00:00,3133.8707692917824,2831.93,2160.0,-0.0,43.68823070821736,-0.0,0.0,-0.0,-0.0
2021-03-17 13:00:00,2973.0335388394233,2766.9,2160.0,-0.0,226.93446116057703,-0.0,0.0,-0.0,-0.0
2021-03-17 14:00:00,2517.495430892437,2736.0,2160.0,-0.0,731.4775691075629,-0.0,0.0,-0.0,-0.0
2021-03-17 15:00:00,1845.0534846740356,2746.21,2160.0,-0.0,1492.5775153259647,-0.0,0.0,-0.0,-0.0
2021-03-17 16:00:00,1076.4480642974108,2798.4399999999996,2160.0,-0.0,2389.8209357025903,-0.0,0.0,-0.0,-0.0
2021-03-17 17:00:00,369.75003681813536,2887.3399999999997,2160.0,-0.0,3233.4209631818653,-0.0,0.0,-0.0,-0.0
2021-03-17 18:00:00,-0.0,3001.93,2160.0,180.93800000000056,3500.0,-0.0,0.0,-0.0,-0.0
2021-03-17 19:00:00,-0.0,3127.02,2160.0,129.25599999999986,3500.0,-0.0,0.0,-0.0,-0.0
2021-03-17 20:00:00,-0.0,3245.22,2160.0,-0.0,3427.6470000000004,-0.0,0.0,-0.0,-0.0
2021-03-17 21:00:00,-0.0,3339.26,2160.0,-0.0,3130.17,-0.0,0.0,-0.0,-0.0
2021-03-17 22:00:00,-0.0,3394.29,2160.0,-0.0,2835.183,-0.0,0.0,-0.0,-0.0
2021-03-17 23:00:00,-0.0,3399.86,2160.0,-0.0,2627.716,-0.0,0.0,-0.0,-0.0
2021-03-18 00:00:00,-0.0,3339.97,2160.0,-0.0,2049.2000000000003,-0.0,0.0,-0.0,-0.0
2021-03-18 01:00:00,-0.0,3239.25,2160.0,-0.0,1996.3270000000002,-0.0,0.0,-0.0,-0.0
2021-03-18 02:00:00,-0.0,3094.42,2160.0,-0.0,2034.6350000000002,-0.0,0.0,-0.0,-0.0
2021-03-18 03:00:00,-0.0,2918.78,2160.0,-0.0,2201.649,-0.0,0.0,-0.0,-0.0
2021-03-18 04:00:00,-0.0,2729.1,2160.0,-0.0,2503.046,-0.0,0.0,-0.0,-0.0
2021-03-18 05:00:00,-0.0,2543.42,2160.0,-0.0,2898.255,-0.0,0.0,-0.0,-0.0
2021-03-18 06:00:00,-0.0,2378.66,2160.0,-0.0,3310.4940000000006,-0.0,0.0,-0.0,-0.0
2021-03-18 07:00:00,396.9392610275305,2248.5,2160.0,-0.0,3259.259738972469,-0.0,0.0,-0.0,-0.0
2021-03-18 08:00:00,1120.5558495036335,2161.55,2160.0,-0.0,2756.061150496366,-0.0,0.0,-0.0,-0.0
2021-03-18 09:00:00,1902.5309994371103,2120.36,2160.0,-0.0,2052.526000562889,-0.0,0.0,-0.0,-0.0
2021-03-18 10:00:00,2584.6891039555835,2121.15,2160.0,-0.0,1330.0328960444158,-0.0,0.0,-0.0,-0.0
2021-03-18 11:00:00,3046.111125140723,2154.46,2160.0,-0.0,756.7788748592775,-0.0,0.0,-0.0,-0.0
2021-03-18 12:00:00,3208.9076062839017,2206.52,2160.0,-0.0,464.15939371609875,-0.0,0.0,-0.0,-0.0
2021-03-18 13:00:00,3046.111125140723,2261.3,2160.0,-0.0,528.3678748592774,-0.0,0.0,-0.0,-0.0
2021-03-18 14:00:00,2584.6891039555835,2302.73,2160.0,-0.0,965.377896044416,-0.0,0.0,-0.0,-0.0
2021-03-18 15:00:00,1902.5309994371103,2317.02,2160.0,-0.0,1731.1270005628896,-0.0,0.0,-0.0,-0.0
2021-03-18 16:00:00,1120.5558495036335,2294.65,2160.0,-0.0,2715.4551504963665,-0.0,0.0,-0.0,-0.0
2021-03-18 17:00:00,396.9392610275305,2231.77,2160.0,226.97073897246946,3500.0,-0.0,0.0,-0.0,-0.0
2021-03-18 18:00:00,-0.0,2130.81,2160.0,916.5470000000005,3500.0,-0.0,0.0,-0.0,-0.0
2021-03-18 19:00:00,-0.0,2000.2900000000002,2160.0,1119.8990000000003,3500.0,-0.0,0.0,-0.0,-0.0
2021-03-18 20:00:00,-0.0,1853.72,2160.0,1182.5880000000006,3500.0,-0.0,0.0,-0.0,-0.0
2021-03-18 21:00:00,-0.0,1707.8899999999999,2160.0,1124.6140000000014,3500.0,-0.0,0.0,-0.0,-0.0
2021-03-18 22:00:00,-0.0,1580.65,2160.0,1011.634,3500.0,-0.0,0.0,-0.0,-0.0
2021-03-18 23:00:00,-0.0,1488.59,2160.0,901.6390000000001,3500.0,-0.0,0.0,-0.0,-0.0
2021-03-19 00:00:00,-0.0,1433.3000000000002,2160.0,318.34599999999955,3500.0,-0.0,0.0,-0.0,-0.0
2021-03-19 01:00:00,-0.0,1445.7,2160.0,152.40599999999995,3500.0,-0.0,0.0,-0.0,-0.0
2021-03-19 02:00:00,-0.0,1515.91,2160.0,-0.0,3475.831,-0.0,0.0,-0.0,-0.0
2021-03-19 03:00:00,-0.0,1639.09,2160.0,-0.0,3344.2889999999998,-0.0,0.0,-0.0,-0.0
2021-03-19 04:00:00,-0.0,1804.56,2160.0,-0.0,3290.903,-0.0,0.0,-0.0,-0.0
2021-03-19 05:00:00,-0.0,1997.23,2160.0,-0.0,3308.234,-0.0,0.0,-0.0,-0.0
2021-03-19 06:00:00,-0.0,2199.58,2160.0,-0.0,3353.9390000000003,-0.0,0.0,-0.0,-0.0
2021-03-19 07:00:00,463.92345445706695,2394.0,2160.0,-0.0,2911.8195455429336,-0.0,0.0,-0.0,-0.0
2021-03-19 08:00:00,1272.0219469348074,2565.0699999999997,2160.0,-0.0,2066.9020530651924,-0.0,0.0,-0.0,-0.0
2021-03-19 09:00:00,2139.908391311023,2701.56,2160.0,-0.0,1100.660608688977,-0.0,0.0,-0.0,-0.0
2021-03-19 10:00:00,2894.8668296745477,2797.9100000000003,2160.0,-0.0,210.79317032545168,-0.0,0.0,-0.0,-0.0
2021-03-19 11:00:00,3404.764902543241,2854.79,1826.5810974567594,-0.0,-0.0,-0.0,0.0,100.0,95.0
2021-03-19 12:00:00,3584.5477175058854,2879.0,1546.012282494115,-0.0,-0.0,-0.0,0.0,100.0,189.9905
2021-03-19 13:00:00,3404.764902543241,2882.3300000000004,1679.9430974567576,-0.0,-0.0,-0.0,0.0,100.0,284.97150095
2021-03-19 14:00:00,2894.8668296745477,2879.93,2160.0,-0.0,-0.0,-0.0,0.0,49.35782967454725,331.83294199072486
2021-03-19 15:00:00,2139.908391311023,2888.06,2160.0,-0.0,696.8326086889774,-0.0,100.0,-0.0,226.53660080178895
2021-03-19 16:00:00,1272.0219469348074,2921.8300000000004,2160.0,-0.0,1712.508053065192,-0.0,100.0,-0.0,121.25078924697193
2021-03-19 17:00:00,463.92345445706695,2992.96,2160.0,-0.0,2676.165545542934,-0.0,100.0,-0.0,15.975506273310401
2021-03-19 18:00:00,-0.0,3108.1,2160.0,-0.0,3303.2127867134504,-0.0,15.175213286548917,-0.0,-0.0
2021-03-19 19:00:00,-0.0,3267.78,2160.0,-0.0,3233.3930000000005,-0.0,0.0,-0.0,-0.0
2021-03-19 20:00:00,-0.0,3466.2,2160.0,-0.0,2953.0350000000008,-0.0,0.0,-0.0,-0.0
2021-03-19 21:00:00,-0.0,3691.93,2160.0,-0.0,2525.5319999999997,-0.0,0.0,-0.0,-0.0
2021-03-19 22:00:00,-0.0,3929.2700000000004,2160.0,-0.0,2050.089,-0.0,0.0,-0.0,-0.0
2021-03-19 23:00:00,-0.0,4160.3,2160.0,-0.0,1619.205,-0.0,0.0,-0.0,-0.0
2021-03-20 00:00:00,-0.0,4355.55,2160.0,-0.0,351.3869999999997,-0.0,0.0,-0.0,-0.0
2021-03-20 01:00:00,-0.0,4522.85,2160.0,-0.0,32.91100000000006,-0.0,0.0,-0.0,-0.0
2021-03-20 02:00:00,-0.0,4639.5199999999995,2072.3190000000004,-0.0,-0.0,-0.0,0.0,100.0,95.0
2021-03-20 03:00:00,-0.0,4700.36,2005.6360000000004,-0.0,-0.0,-0.0,0.0,100.0,189.9905
2021-03-20 04:00:00,-0.0,4706.6,2114.0729999999994,-0.0,-0.0,-0.0,0.0,100.0,284.97150095
2021-03-20 05:00:00,-0.0,4665.77,2160.0,-0.0,7.569999999999709,-0.0,100.0,-0.0,179.67984590516818
2021-03-20 06:00:00,-0.0,4590.57,2160.0,-0.0,333.5619999999999,-0.0,100.0,-0.0,74.39872002584083
2021-03-20 07:00:00,564.7016417203972,4497.2,2160.0,-0.0,110.58564213345628,-0.0,70.67171614614634,-0.0,-0.0
2021-03-20 08:00:00,1506.1462433220759,4403.150000000001,1630.982756677924,-0.0,-0.0,-0.0,0.0,-0.0,-0.0
2021-03-20 09:00:00,2511.223364215536,4324.86,745.2616357844645,-0.0,-0.0,-0.0,0.0,-0.0,-0.0
2021-03-20 10:00:00,3383.1084051274183,4183.790669614346,-0.0,-0.0,-0.0,-0.0,0.0,21.121074741764055,20.065021004675852
2021-03-20 11:00:00,3971.1115755040432,3600.281424495957,-0.0,-0.0,-0.0,-0.0,0.0,100.0,115.06301450257538
2021-03-20 12:00:00,4178.293094309693,3319.629905690307,-0.0,-0.0,-0.0,-0.0,0.0,100.0,210.05150820112513
2021-03-20 13:00:00,3971.1115755040432,3487.4464244959568,-0.0,-0.0,-0.0,-0.0,0.0,100.0,305.030503050305
2021-03-20 14:00:00,3383.1084051274183,4097.057594872582,-0.0,-0.0,-0.0,-0.0,0.0,100.0,400.0
2021-03-20 15:00:00,2511.223364215536,4539.03,432.5286357844643,-0.0,-0.0,-0.0,0.0,-0.0,399.96
2021-03-20 16:00:00,1506.1462433220759,4633.21,1528.3679629937142,-0.0,-0.0,-0.0,0.0,0.08420631578946756,400.0
2021-03-20 17:00:00,564.7016417203972,4706.42,2160.0,-0.0,366.5483582796028,-0.0,100.0,-0.0,294.69684210526316
2021-03-20 18:00:00,-0.0,4744.8,2160.0,-0.0,1089.6889999999994,-0.0,100.0,-0.0,189.4042145263158
2021-03-20 19:00:00,-0.0,4738.85,2160.0,-0.0,1173.7389999999996,-0.0,100.0,-0.0,84.12211621012632
2021-03-20 20:00:00,-0.0,4684.79,2160.0,-0.0,1169.4019812014203,-0.0,79.90801879858006,-0.0,-0.0
2021-03-20 21:00:00,-0.0,4585.17,2160.0,-0.0,1150.6350000000002,-0.0,0.0,-0.0,-0.0
2021-03-20 22:00:00,-0.0,4448.71,2160.0,-0.0,1052.4979999999996,-0.0,0.0,-0.0,-0.0
2021-03-20 23:00:00,-0.0,4289.14,2160.0,-0.0,1015.7439999999997,-0.0,0.0,-0.0,-0.0
2021-03-21 00:00:00,-0.0,4111.79,2160.0,-0.0,560.1090000000004,-0.0,0.0,-0.0,-0.0
2021-03-21 01:00:00,-0.0,3958.37,2160.0,-0.0,565.9229999999998,-0.0,0.0,-0.0,-0.0
2021-03-21 02:00:00,-0.0,3834.1,2160.0,-0.0,589.8560000000002,-0.0,0.0,-0.0,-0.0
2021-03-21 03:00:00,-0.0,3752.47,2160.0,-0.0,669.2400000000002,-0.0,0.0,-0.0,-0.0
2021-03-21 04:00:00,-0.0,3721.85,2160.0,-0.0,818.1439999999998,-0.0,0.0,-0.0,-0.0
2021-03-21 05:00:00,-0.0,3744.3300000000004,2160.0,-0.0,1011.9429999999998,-0.0,0.0,-0.0,-0.0
2021-03-21 06:00:00,-0.0,3815.58,2160.0,-0.0,1195.1000000000004,-0.0,0.0,-0.0,-0.0
2021-03-21 07:00:00,623.5900634274896,3925.43,2160.0,-0.0,684.3029365725109,-0.0,0.0,-0.0,-0.0
2021-03-21 08:00:00,1620.17093682837,4059.3,1854.58406317163,-0.0,-0.0,-0.0,0.0,-0.0,-0.0
2021-03-21 09:00:00,2677.9814749002153,4200.19,700.5565250997852,-0.0,-0.0,-0.0,0.0,-0.0,-0.0
2021-03-21 10:00:00,3593.136382483882,3974.742692257882,-0.0,-0.0,-0.0,-0.0,0.0,21.121074741764055,20.065021004675852
2021-03-21 11:00:00,4209.425464563505,3366.532535436495,-0.0,-0.0,-0.0,-0.0,0.0,100.0,115.06301450257538
2021-03-21 12:00:00,4426.440203817419,3079.6167961825804,-0.0,-0.0,-0.0,-0.0,0.0,100.0,210.05150820112513
2021-03-21 13:00:00,4209.425464563505,3260.818535436495,-0.0,-0.0,-0.0,-0.0,0.0,100.0,305.030503050305
2021-03-21 14:00:00,3593.136382483882,3902.245617516118,-0.0,-0.0,-0.0,-0.0,0.0,100.0,400.0
2021-03-21 15:00:00,2677.9814749002153,4482.5599999999995,340.9625250997851,-0.0,-0.0,-0.0,0.0,-0.0,399.96
2021-03-21 16:00:00,1620.17093682837,4419.15,1650.6042694874204,-0.0,-0.0,-0.0,0.0,0.08420631578946756,400.0
2021-03-21 17:00:00,623.5900634274896,4350.820000000001,2160.0,-0.0,688.9089365725102,-0.0,100.0,-0.0,294.69684210526316
2021-03-21 18:00:00,-0.0,4294.12,2160.0,-0.0,1569.433,-0.0,100.0,-0.0,189.4042145263158
2021-03-21 19:00:00,-0.0,4264.39,2160.0,-0.0,1680.6439999999993,-0.0,100.0,-0.0,84.12211621012632
2021-03-21 20:00:00,-0.0,4273.52,2160.0,-0.0,1616.4569812014197,-0.0,79.90801879858006,-0.0,-0.0
2021-03-21 21:00:00,-0.0,4328.3,2160.0,-0.0,1446.589,-0.0,0.0,-0.0,-0.0
2021-03-21 22:00:00,-0.0,4429.33,2160.0,-0.0,1114.2160000000003,-0.0,0.0,-0.0,-0.0
2021-03-21 23:00:00,-0.0,4570.86,2160.0,-0.0,779.5700000000006,-0.0,0.0,-0.0,-0.0
2021-03-22 00:00:00,-0.0,4729.5199999999995,2160.0,-0.0,427.1170000000002,-0.0,0.0,-0.0,-0.0
2021-03-22 01:00:00,-0.0,4913.32,2160.0,-0.0,98.81600000000071,-0.0,0.0,-0.0,-0.0
2021-03-22 02:00:00,-0.0,5092.35,1982.4989999999998,-0.0,-0.0,-0.0,0.0,-0.0,-0.0
2021-03-22 03:00:00,-0.0,5248.610000000001,1826.9839999999995,-0.0,-0.0,-0.0,0.0,-0.0,-0.0
2021-03-22 04:00:00,-0.0,5366.4400000000005,1830.37,-0.0,-0.0,-0.0,0.0,-0.0,-0.0
2021-03-22 05:00:00,-0.0,5434.57,2049.311000815811,-0.0,-0.0,-0.0,0.0,67.92300081581092,64.52685077502038
2021-03-22 06:00:00,4.343621814553271,5447.530000000001,2160.0,-0.0,-0.0,-0.0,61.29437818544574,-0.0,-0.0
2021-03-22 07:00:00,593.0430039146454,5406.25,1899.2539960853542,-0.0,-0.0,-0.0,0.0,-0.0,-0.0
2021-03-22 08:00:00,1502.8869866697373,5317.94,1221.1180133302628,-0.0,-0.0,-0.0,0.0,-0.0,-0.0
2021-03-22 09:00:00,2463.2648504503127,5194.97,430.9771495496875,-0.0,-0.0,-0.0,0.0,-0.0,-0.0
2021-03-22 10:00:00,3291.929314015966,4867.831685984034,-0.0,-0.0,-0.0,-0.0,0.0,100.0,95.0
2021-03-22 11:00:00,3849.1821064118317,4242.221893588168,-0.0,-0.0,-0.0,-0.0,0.0,100.0,189.9905
2021-03-22 12:00:00,4045.279688133252,3978.587311866748,-0.0,-0.0,-0.0,-0.0,0.0,100.0,284.97150095
2021-03-22 13:00:00,3849.1821064118317,4141.155893588168,-0.0,-0.0,-0.0,-0.0,0.0,100.0,379.943003799905
2021-03-22 14:00:00,3291.929314015966,4612.41,13.338685984033873,-0.0,-0.0,-0.0,0.0,-0.0,379.905009499525
2021-03-22 15:00:00,2463.2648504503127,4582.7699999999995,979.8821495496882,-0.0,-0.0,-0.0,0.0,-0.0,379.8670189985751
2021-03-22 16:00:00,1502.8869866697373,4585.71,2148.91961091271,-0.0,-0.0,-0.0,0.0,21.232597582447134,400.0
2021-03-22 17:00:00,593.0430039146454,4611.24,2160.0,-0.0,987.4219960853547,-0.0,100.0,-0.0,294.69684210526316
2021-03-22 18:00:00,4.343621814553271,4645.150000000001,2160.0,-0.0,1764.252845865586,-0.0,80.0455323198595,-0.0,210.4089173475163
2021-03-22 19:00:00,-0.0,4671.05,2160.0,-0.0,1905.9849999999997,-0.0,0.0,-0.0,210.38787645578157
2021-03-22 20:00:00,-0.0,4672.65,2160.0,-0.0,1830.9060000000009,-0.0,0.0,-0.0,210.366837668136
2021-03-22 21:00:00,-0.0,4636.01,2160.0,-0.0,1674.125,-0.0,0.0,-0.0,210.34580098436916
2021-03-22 22:00:00,-0.0,4551.61,2160.0,-0.0,1528.6629999999996,-0.0,0.0,-0.0,210.32476640427072
2021-03-22 23:00:00,-0.0,4415.67,2160.0,-0.0,1472.87,-0.0,0.0,-0.0,210.3037339276303
2021-03-23 00:00:00,-0.0,4218.84,2160.0,-0.0,1040.937,-0.0,0.0,-0.0,210.28270355423754
2021-03-23 01:00:00,-0.0,3993.95,2160.0,-0.0,1122.513,-0.0,0.0,-0.0,210.2616752838821
2021-03-23 02:00:00,-0.0,3742.92,2160.0,-0.0,1277.3419999999996,-0.0,0.0,-0.0,210.24064911635372
2021-03-23 03:00:00,-0.0,3483.0699999999997,2160.0,-0.0,1538.9250000000002,-0.0,0.0,-0.0,210.21962505144208
2021-03-23 04:00:00,-0.0,3232.9,2160.0,-0.0,1911.1950000000002,-0.0,0.0,-0.0,210.19860308893695
2021-03-23 05:00:00,-0.0,3009.6800000000003,2160.0,-0.0,2354.3459999999995,-0.0,0.0,-0.0,210.17758322862807
2021-03-23 06:00:00,10.024216584791732,2827.3199999999997,2160.0,-0.0,2784.5717834152088,-0.0,0.0,-0.0,210.1565654703052
2021-03-23 07:00:00,524.8943501688672,2694.6,2160.0,-0.0,2628.376649831133,-0.0,0.0,-0.0,210.13554981375816
2021-03-23 08:00:00,1299.0263361733705,2614.09,2160.0,-0.0,2078.6246638266293,-0.0,0.0,-0.0,210.11453625877678
2021-03-23 09:00:00,2111.7580252533007,2581.93,2160.0,-0.0,1345.6869747466994,-0.0,0.0,-0.0,210.0935248051509
2021-03-23 10:00:00,2811.2166830416545,2588.5000000000005,2160.0,-0.0,610.4703169583449,-0.0,0.0,-0.0,210.0725154526704
2021-03-23 11:00:00,3280.931633251459,2619.7599999999998,2160.0,-0.0,41.29636674854146,-0.0,0.0,-0.0,210.05150820112513
2021-03-23 12:00:00,3446.1186466840654,2659.28,2029.1053533159347,-0.0,-0.0,-0.0,0.0,100.0,305.030503050305
2021-03-23 13:00:00,3280.931633251459,2690.5499999999997,2129.4403667485403,-0.0,-0.0,-0.0,0.0,100.0,400.0
2021-03-23 14:00:00,2811.2166830416545,2699.22,2160.0,-0.0,357.66731695834596,-0.0,0.0,-0.0,399.96
2021-03-23 15:00:00,2111.7580252533007,2675.16,2160.0,-0.0,1189.1619747466993,-0.0,0.0,-0.0,399.920004
2021-03-23 16:00:00,1299.0263361733705,2613.81,2160.0,-0.0,2253.2426638266293,-0.0,0.0,-0.0,399.8800119996
2021-03-23 17:00:00,524.8943501688672,2516.88,2160.0,-0.0,3359.254649831133,-0.0,0.0,-0.0,399.84002399840006
2021-03-23 18:00:00,10.024216584791732,2392.08,2160.0,600.4357834152088,3500.0,-0.0,100.0,-0.0,294.5368821012634
2021-03-23 19:00:00,-0.0,2252.09,2160.0,833.012999999999,3500.0,-0.0,100.0,-0.0,189.24427051831645
2021-03-23 20:00:00,-0.0,2112.86,2160.0,897.9809999999998,3500.0,-0.0,100.0,-0.0,83.96218819652778
2021-03-23 21:00:00,-0.0,1991.39,2160.0,845.3898976211767,3500.0,-0.0,79.75610237882272,-0.0,-0.0
2021-03-23 22:00:00,-0.0,1903.41,2160.0,782.277,3500.0,-0.0,0.0,-0.0,-0.0
2021-03-23 23:00:00,-0.0,1861.17,2160.0,631.6970000000001,3500.0,-0.0,0.0,-0.0,-0.0
2021-03-24 00:00:00,-0.0,1859.6399999999999,2160.0,3.1720000000000255,3500.0,-0.0,0.0,-0.0,-0.0
2021-03-24 01:00:00,-0.0,1923.93,2160.0,-0.0,3294.281,-0.0,0.0,-0.0,-0.0
2021-03-24 02:00:00,-0.0,2036.3400000000001,2160.0,-0.0,3084.2870000000003,-0.0,0.0,-0.0,-0.0
2021-03-24 03:00:00,-0.0,2185.5299999999997,2160.0,-0.0,2935.349,-0.0,0.0,-0.0,-0.0
2021-03-24 04:00:00,-0.0,2355.82,2160.0,-0.0,2885.5840000000003,-0.0,0.0,-0.0,-0.0
2021-03-24 05:00:00,-0.0,2529.19,2160.0,-0.0,2930.475,-0.0,0.0,-0.0,-0.0
2021-03-24 06:00:00,16.450312404052813,2687.57,2160.0,-0.0,3011.7726875959465,-0.0,0.0,-0.0,-0.0
2021-03-24 07:00:00,500.6440019957016,2815.23,2160.0,-0.0,2624.0209980042987,-0.0,0.0,-0.0,-0.0
2021-03-24 08:00:00,1211.3529483420327,2900.71,2160.0,-0.0,1969.7590516579673,-0.0,0.0,-0.0,-0.0
2021-03-24 09:00:00,1953.6132242093954,2938.31,2160.0,-0.0,1235.501775790604,-0.0,0.0,-0.0,-0.0
2021-03-24 10:00:00,2590.813302655819,2928.71,2160.0,-0.0,576.5966973441818,-0.0,0.0,-0.0,-0.0
2021-03-24 11:00:00,3018.139432888139,2878.75,2160.0,-0.0,128.83056711186146,-0.0,0.0,-0.0,-0.0
2021-03-24 12:00:00,3168.324007854877,2800.47,2160.0,-0.0,-0.0,-0.0,0.0,12.842007854876556,12.199907462132728
2021-03-24 13:00:00,3018.139432888139,2709.28,2160.0,-0.0,192.5865671118613,-0.0,0.0,-0.0,12.198687471386515
2021-03-24 14:00:00,2590.813302655819,2621.8799999999997,2160.0,-0.0,732.0516973441813,-0.0,0.0,-0.0,12.197467602639376
2021-03-24 15:00:00,1953.6132242093954,2553.88,2160.0,-0.0,1542.7087757906038,-0.0,0.0,-0.0,12.196247855879113
2021-03-24 16:00:00,1211.3529483420327,2517.6,2160.0,-0.0,2508.6550516579673,-0.0,0.0,-0.0,12.195028231093525
2021-03-24 17:00:00,500.6440019957016,2520.3799999999997,2160.0,-0.0,3448.8669980042982,-0.0,0.0,-0.0,12.193808728270417
2021-03-24 18:00:00,16.450312404052813,2563.5400000000004,2160.0,577.0927277159176,3500.0,-0.0,11.58295988002771,-0.0,-0.0
2021-03-24 19:00:00,-0.0,2642.1299999999997,2160.0,606.2960000000003,3500.0,-0.0,0.0,-0.0,-0.0
2021-03-24 20:00:00,-0.0,2745.61,2160.0,425.68499999999995,3500.0,-0.0,0.0,-0.0,-0.0
2021-03-24 21:00:00,-0.0,2859.25,2160.0,114.80899999999929,3500.0,-0.0,0.0,-0.0,-0.0
2021-03-24 22:00:00,-0.0,2966.12,2160.0,-0.0,3274.098000000001,-0.0,0.0,-0.0,-0.0
2021-03-24 23:00:00,-0.0,3049.4300000000003,2160.0,-0.0,2994.9179999999997,-0.0,0.0,-0.0,-0.0
2021-03-25 00:00:00,-0.0,3082.5399999999995,2160.0,-0.0,2328.547000000001,-0.0,0.0,-0.0,-0.0
2021-03-25 01:00:00,-0.0,3079.9100000000003,2160.0,-0.0,2183.4199999999996,-0.0,0.0,-0.0,-0.0
2021-03-25 02:00:00,-0.0,3025.1499999999996,2160.0,-0.0,2137.388,-0.0,0.0,-0.0,-0.0
2021-03-25 03:00:00,-0.0,2920.4999999999995,2160.0,-0.0,2239.0360000000005,-0.0,0.0,-0.0,-0.0
2021-03-25 04:00:00,-0.0,2774.46,2160.0,-0.0,2502.3019999999997,-0.0,0.0,-0.0,-0.0
2021-03-25 05:00:00,-0.0,2600.69,2160.0,-0.0,2890.9919999999997,-0.0,0.0,-0.0,-0.0
2021-03-25 06:00:00,24.81101425135606,2416.2400000000002,2160.0,-0.0,3303.3799857486433,-0.0,0.0,-0.0,-0.0
2021-03-25 07:00:00,520.0763185958449,2239.42,2160.0,-0.0,3205.620681404155,-0.0,0.0,-0.0,-0.0
2021-03-25 08:00:00,1231.5862164824482,2087.37,2160.0,-0.0,2784.638783517551,-0.0,0.0,-0.0,-0.0
2021-03-25 09:00:00,1970.9445833077477,1973.93,2160.0,-0.0,2200.845416692251,-0.0,0.0,-0.0,-0.0
2021-03-25 10:00:00,2604.0906147272544,1907.8100000000002,2160.0,-0.0,1599.0083852727448,-0.0,0.0,-0.0,-0.0
2021-03-25 11:00:00,3028.1205213130697,1891.62,2160.0,-0.0,1117.2384786869297,-0.0,0.0,-0.0,-0.0
2021-03-25 12:00:00,3177.0667019752336,1921.57,2160.0,-0.0,865.0222980247663,-0.0,0.0,-0.0,-0.0
2021-03-25 13:00:00,3028.1205213130697,1988.1299999999999,2160.0,-0.0,907.8924786869302,-0.0,0.0,-0.0,-0.0
2021-03-25 14:00:00,2604.0906147272544,2077.44,2160.0,-0.0,1263.7673852727453,-0.0,0.0,-0.0,-0.0
2021-03-25 15:00:00,1970.9445833077477,2173.27,2160.0,-0.0,1902.9424166922515,-0.0,0.0,-0.0,-0.0
2021-03-25 16:00:00,1231.5862164824482,2259.31,2160.0,-0.0,2740.0607835175524,-0.0,0.0,-0.0,-0.0
2021-03-25 17:00:00,520.0763185958449,2321.5099999999998,2160.0,118.0416814041555,3500.0,-0.0,0.0,-0.0,-0.0
2021-03-25 18:00:00,24.81101425135606,2350.0099999999998,2160.0,779.9669857486442,3500.0,-0.0,0.0,-0.0,-0.0
2021-03-25 19:00:00,-0.0,2340.58,2160.0,890.3510000000006,3500.0,-0.0,0.0,-0.0,-0.0
2021-03-25 20:00:00,-0.0,2295.25,2160.0,854.9380000000001,3500.0,-0.0,0.0,-0.0,-0.0
2021-03-25 21:00:00,-0.0,2222.0699999999997,2160.0,727.2759999999998,3500.0,-0.0,0.0,-0.0,-0.0
2021-03-25 22:00:00,-0.0,2134.06,2160.0,577.8479999999995,3500.0,-0.0,0.0,-0.0,-0.0
2021-03-25 23:00:00,-0.0,2047.53,2160.0,464.9230000000007,3500.0,-0.0,0.0,-0.0,-0.0
2021-03-26 00:00:00,-0.0,1967.45,2160.0,-0.0,3408.076,-0.0,0.0,-0.0,-0.0
2021-03-26 01:00:00,-0.0,1934.55,2160.0,-0.0,3289.6669999999995,-0.0,0.0,-0.0,-0.0
2021-03-26 02:00:00,-0.0,1949.05,2160.0,-0.0,3170.8450000000003,-0.0,0.0,-0.0,-0.0
2021-03-26 03:00:00,-0.0,2018.3100000000002,2160.0,-0.0,3095.0769999999993,-0.0,0.0,-0.0,-0.0
2021-03-26 04:00:00,-0.0,2143.43,2160.0,-0.0,3083.704,-0.0,0.0,-0.0,-0.0
2021-03-26 05:00:00,-0.0,2319.04,2160.0,-0.0,3119.566,-0.0,0.0,-0.0,-0.0
2021-03-26 06:00:00,32.82669081977281,2533.99,2160.0,-0.0,3121.1223091802276,-0.0,0.0,-0.0,-0.0
2021-03-26 07:00:00,519.6881651570976,2772.7000000000003,2160.0,-0.0,2612.856834842902,-0.0,0.0,-0.0,-0.0
2021-03-26 08:00:00,1205.6661924061,3017.22,2160.0,-0.0,1817.4968075939,-0.0,0.0,-0.0,-0.0
2021-03-26 09:00:00,1915.0135211339682,3249.5400000000004,2160.0,-0.0,914.6554788660321,-0.0,0.0,-0.0,-0.0
2021-03-26 10:00:00,2520.9949730068574,3453.87,2160.0,-0.0,66.2790269931429,-0.0,0.0,-0.0,-0.0
2021-03-26 11:00:00,2926.30725821308,3618.7000000000003,1678.9987417869206,-0.0,-0.0,-0.0,0.0,100.0,95.0
2021-03-26 12:00:00,3068.587057593901,3738.19,1340.7519424060988,-0.0,-0.0,-0.0,0.0,100.0,189.9905
2021-03-26 13:00:00,2926.30725821308,3812.83,1365.7707417869206,-0.0,-0.0,-0.0,0.0,100.0,284.97150095
2021-03-26 14:00:00,2520.9949730068574,3849.2599999999998,1752.7580269931432,-0.0,-0.0,-0.0,0.0,100.0,379.943003799905
2021-03-26 15:00:00,1915.0135211339682,3859.19,2160.0,-0.0,87.67747886603206,-0.0,100.0,-0.0,274.6418516047882
2021-03-26 16:00:00,1205.6661924061,3857.7400000000002,2160.0,-0.0,979.3428075938996,-0.0,100.0,-0.0,169.35122952489093
2021-03-26 17:00:00,519.6881651570976,3861.21,2160.0,-0.0,1887.652834842902,-0.0,100.0,-0.0,64.07113650720162
2021-03-26 18:00:00,32.82669081977281,3884.7999999999997,2160.0,-0.0,2582.4188162563532,-0.0,60.86149292387335,-0.0,-0.0
2021-03-26 19:00:00,-0.0,3940.38,2160.0,-0.0,2693.9350000000004,-0.0,0.0,-0.0,-0.0
2021-03-26 20:00:00,-0.0,4034.81,2160.0,-0.0,2516.0969999999993,-0.0,0.0,-0.0,-0.0
2021-03-26 21:00:00,-0.0,4168.88,2160.0,-0.0,2178.5899999999992,-0.0,0.0,-0.0,-0.0
2021-03-26 22:00:00,-0.0,4337.110000000001,2160.0,-0.0,1770.4030000000002,-0.0,0.0,-0.0,-0.0
2021-03-26 23:00:00,-0.0,4528.42,2160.0,-0.0,1377.1949999999997,-0.0,0.0,-0.0,-0.0
2021-03-27 00:00:00,-0.0,4715.0599999999995,2160.0,-0.0,115.02300000000014,-0.0,0.0,-0.0,-0.0
2021-03-27 01:00:00,-0.0,4904.45,1932.04,-0.0,-0.0,-0.0,0.0,-0.0,-0.0
2021-03-27 02:00:00,-0.0,5066.75,1663.2169999999996,-0.0,-0.0,-0.0,0.0,-0.0,-0.0
2021-03-27 03:00:00,-0.0,5187.040000000001,1534.3019999999988,-0.0,-0.0,-0.0,0.0,-0.0,-0.0
2021-03-27 04:00:00,-0.0,5254.78,1578.2790000000005,-0.0,-0.0,-0.0,0.0,-0.0,-0.0
2021-03-27 05:00:00,-0.0,5265.2699999999995,1777.3180000000002,-0.0,-0.0,-0.0,0.0,-0.0,-0.0
2021-03-27 06:00:00,39.024823508341015,5220.29,2030.752176491659,-0.0,-0.0,-0.0,0.0,-0.0,-0.0
2021-03-27 07:00:00,494.4828363012998,5127.89,1883.2391636987,-0.0,-0.0,-0.0,0.0,-0.0,-0.0
2021-03-27 08:00:00,1124.91795481527,5001.299999999999,1512.8620451847307,-0.0,-0.0,-0.0,0.0,-0.0,-0.0
2021-03-27 09:00:00,1773.756475258418,4857.22,1045.3535247415816,-0.0,-0.0,-0.0,0.0,-0.0,-0.0
2021-03-27 10:00:00,2326.7395798280627,4713.62,596.4244201719371,-0.0,-0.0,-0.0,0.0,-0.0,-0.0
2021-03-27 11:00:00,2696.1322690359234,4587.4,274.7307309640769,-0.0,-0.0,-0.0,0.0,-0.0,-0.0
2021-03-27 12:00:00,2825.7262282519705,4492.17,229.5292106721181,-0.0,-0.0,-0.0,0.0,66.92543892408845,63.57916697788402
2021-03-27 13:00:00,2696.1322690359234,4436.49,404.0697309640768,-0.0,-0.0,-0.0,0.0,100.0,158.57280906118623
2021-03-27 14:00:00,2326.7395798280627,4422.87,804.0994201719373,-0.0,-0.0,-0.0,0.0,100.0,253.55695178028012
2021-03-27 15:00:00,1773.756475258418,4447.5,1430.3345247415823,-0.0,-0.0,-0.0,0.0,100.0,348.5315960851021
2021-03-27 16:00:00,1124.9179548152697,4500.87,2160.0,-0.0,-0.0,-0.0,0.0,54.21395481526997,400.0
2021-03-27 17:00:00,494.4828363012998,4569.2,2160.0,-0.0,632.9101636987002,-0.0,100.0,-0.0,294.69684210526316
2021-03-27 18:00:00,39.024823508341015,4636.42,2160.0,-0.0,1212.8251764916592,-0.0,100.0,-0.0,189.4042145263158
2021-03-27 19:00:00,-0.0,4686.429999999999,2160.0,-0.0,1274.6720000000014,-0.0,100.0,-0.0,84.12211621012632
2021-03-27 20:00:00,-0.0,4705.4400000000005,2160.0,-0.0,1191.872981201419,-0.0,79.90801879858006,-0.0,-0.0
2021-03-27 21:00:00,-0.0,4683.9,2160.0,-0.0,1089.5170000000007,-0.0,0.0,-0.0,-0.0
2021-03-27 22:00:00,-0.0,4617.96,2160.0,-0.0,915.2370000000001,-0.0,0.0,-0.0,-0.0
2021-03-27 23:00:00,-0.0,4510.04,2160.0,-0.0,821.1019999999999,-0.0,0.0,-0.0,-0.0
2021-03-28 00:00:00,-0.0,4356.12,2160.0,-0.0,335.4970000000003,-0.0,0.0,-0.0,-0.0
2021-03-28 01:00:00,-0.0,4194.78,2160.0,-0.0,343.2970000000005,-0.0,0.0,-0.0,-0.0
2021-03-28 02:00:00,-0.0,4030.28,2160.0,-0.0,401.43200000000024,-0.0,0.0,-0.0,-0.0
2021-03-28 03:00:00,-0.0,3880.5099999999998,2160.0,-0.0,542.8390000000004,-0.0,0.0,-0.0,-0.0
2021-03-28 04:00:00,-0.0,3762.04,2160.0,-0.0,773.393,-0.0,0.0,-0.0,-0.0
2021-03-28 05:00:00,-0.0,3688.02,2160.0,-0.0,1057.4140000000002,-0.0,0.0,-0.0,-0.0
2021-03-28 06:00:00,49.94857028451541,3666.36,2160.0,-0.0,1277.1814297154842,-0.0,0.0,-0.0,-0.0
2021-03-28 07:00:00,527.1308533159349,3698.73,2160.0,-0.0,983.853146684065,-0.0,0.0,-0.0,-0.0
2021-03-28 08:00:00,1176.9243544417154,3780.3399999999997,2160.0,-0.0,386.70064555828503,-0.0,0.0,-0.0,-0.0
2021-03-28 09:00:00,1842.632146556136,3900.5499999999997,1798.9178534438647,-0.0,-0.0,-0.0,0.0,-0.0,-0.0
2021-03-28 10:00:00,2408.689244729301,4044.32,1050.5317552706988,-0.0,-0.0,-0.0,0.0,-0.0,-0.0
2021-03-28 11:00:00,2786.3317348019655,4194.21,445.56526519803447,-0.0,-0.0,-0.0,0.0,-0.0,-0.0
2021-03-28 12:00:00,2918.747507906049,4332.66,119.24456683571543,-0.0,-0.0,-0.0,0.0,21.121074741764055,20.065021004675852
2021-03-28 13:00:00,2786.3317348019655,4444.31,176.36726519803415,-0.0,-0.0,-0.0,0.0,100.0,115.06301450257538
2021-03-28 14:00:00,2408.689244729301,4518.05,498.67075527069846,-0.0,-0.0,-0.0,0.0,100.0,210.05150820112513
2021-03-28 15:00:00,1842.632146556136,4548.360000000001,1133.7798534438634,-0.0,-0.0,-0.0,0.0,100.0,305.030503050305
2021-03-28 16:00:00,1176.9243544417154,4536.06,1993.345645558284,-0.0,-0.0,-0.0,0.0,100.0,400.0
2021-03-28 17:00:00,527.1308533159349,4488.0,2160.0,-0.0,557.8891466840655,-0.0,100.0,-0.0,294.69684210526316
2021-03-28 18:00:00,49.94857028451541,4416.11,2160.0,-0.0,1300.4004297154847,-0.0,100.0,-0.0,189.4042145263158
2021-03-28 19:00:00,-0.0,4335.65,2160.0,-0.0,1505.4940000000006,-0.0,100.0,-0.0,84.12211621012632
2021-03-28 20:00:00,-0.0,4263.01,2160.0,-0.0,1516.2879812014198,-0.0,79.90801879858006,-0.0,-0.0
2021-03-28 21:00:00,-0.0,4213.42,2160.0,-0.0,1444.013,-0.0,0.0,-0.0,-0.0
2021-03-28 22:00:00,-0.0,4198.73,2160.0,-0.0,1220.5990000000002,-0.0,0.0,-0.0,-0.0
2021-03-28 23:00:00,-0.0,4225.74,2160.0,-0.0,993.7359999999999,-0.0,0.0,-0.0,-0.0
2021-03-29 00:00:00,-0.0,4282.5,2160.0,-0.0,735.7979999999998,-0.0,0.0,-0.0,-0.0
2021-03-29 01:00:00,-0.0,4388.639999999999,2160.0,-0.0,478.4830000000002,-0.0,0.0,-0.0,-0.0
2021-03-29 02:00:00,-0.0,4520.24,2160.0,-0.0,242.96000000000004,-0.0,0.0,-0.0,-0.0
2021-03-29 03:00:00,-0.0,4661.77,2160.0,-0.0,95.58699999999953,-0.0,0.0,-0.0,-0.0
2021-03-29 04:00:00,-0.0,4795.49,2160.0,-0.0,76.54500000000007,-0.0,0.0,-0.0,-0.0
2021-03-29 05:00:00,-0.0,4903.719999999999,2160.0,-0.0,180.98200000000088,-0.0,0.0,-0.0,-0.0
2021-03-29 06:00:00,73.37332225463106,4971.2,2160.0,-0.0,290.91967774536954,-0.0,0.0,-0.0,-0.0
2021-03-29 07:00:00,663.8409589090165,4987.08,2063.6000410909833,-0.0,-0.0,-0.0,0.0,-0.0,-0.0
2021-03-29 08:00:00,1455.8280030958963,4946.32,1449.4919969041043,-0.0,-0.0,-0.0,0.0,-0.0,-0.0
2021-03-29 09:00:00,2263.624598454611,4850.360000000001,778.722401545389,-0.0,-0.0,-0.0,0.0,-0.0,-0.0
2021-03-29 10:00:00,2948.9495421400065,4706.9,201.29045785999415,-0.0,-0.0,-0.0,0.0,-0.0,-0.0
2021-03-29 11:00:00,3405.60282107768,4477.152178922321,-0.0,-0.0,-0.0,-0.0,0.0,100.0,95.0
2021-03-29 12:00:00,3565.632938824072,4243.651061175928,-0.0,-0.0,-0.0,-0.0,0.0,100.0,189.9905
2021-03-29 13:00:00,3405.60282107768,4135.72,149.7340286603462,-0.0,-0.0,-0.0,0.0,21.13684973802645,210.05150820112513
2021-03-29 14:00:00,2948.9495421400065,3954.96,887.6184578599937,-0.0,-0.0,-0.0,0.0,100.0,305.030503050305
2021-03-29 15:00:00,2263.624598454611,3803.64,1826.8794015453896,-0.0,-0.0,-0.0,0.0,100.0,400.0
2021-03-29 16:00:00,1455.8280030958963,3690.1299999999997,2160.0,-0.0,573.0439969041045,-0.0,100.0,-0.0,294.69684210526316
2021-03-29 17:00:00,663.8409589090165,3616.7599999999998,2160.0,-0.0,1668.431041090983,-0.0,100.0,-0.0,189.4042145263158
2021-03-29 18:00:00,73.37332225463106,3579.59,2160.0,-0.0,2522.4555756558934,-0.0,70.43110208947553,-0.0,115.24727190541523
2021-03-29 19:00:00,-0.0,3569.03,2160.0,-0.0,2754.920999999999,-0.0,0.0,-0.0,115.2357471782247
2021-03-29 20:00:00,-0.0,3571.29,2160.0,-0.0,2674.1719999999996,-0.0,0.0,-0.0,115.22422360350687
2021-03-29 21:00:00,-0.0,3570.3,2160.0,-0.0,2476.8669999999993,-0.0,0.0,-0.0,115.21270118114653
2021-03-29 22:00:00,-0.0,3550.04,2160.0,-0.0,2262.5290000000005,-0.0,0.0,-0.0,115.20117991102842
2021-03-29 23:00:00,-0.0,3496.84,2160.0,-0.0,2119.406,-0.0,0.0,-0.0,115.18965979303732
2021-03-30 00:00:00,-0.0,3388.6,2160.0,-0.0,1593.792,-0.0,0.0,-0.0,115.17814082705802
2021-03-30 01:00:00,-0.0,3247.1499999999996,2160.0,-0.0,1587.6360000000004,-0.0,0.0,-0.0,115.16662301297531
2021-03-30 02:00:00,-0.0,3062.46,2160.0,-0.0,1671.9889999999996,-0.0,0.0,-0.0,115.15510635067402
2021-03-30 03:00:00,-0.0,2843.3599999999997,2160.0,-0.0,1888.8430000000008,-0.0,0.0,-0.0,115.14359084003895
2021-03-30 04:00:00,-0.0,2603.73,2160.0,-0.0,2246.757,-0.0,0.0,-0.0,115.13207648095495
2021-03-30 05:00:00,-0.0,2360.77,2160.0,-0.0,2705.9959999999996,-0.0,0.0,-0.0,115.12056327330686
2021-03-30 06:00:00,103.75403029372636,2132.8,2160.0,-0.0,3084.618969706273,-0.0,0.0,-0.0,115.10905121697952
2021-03-30 07:00:00,822.5587483625013,1936.87,2160.0,-0.0,2784.3872516374986,-0.0,0.0,-0.0,115.09754031185783
2021-03-30 08:00:00,1773.2142926773106,1786.61,2160.0,-0.0,2124.7237073226897,-0.0,0.0,-0.0,115.08603055782665
2021-03-30 09:00:00,2738.6936016528507,1690.46,2160.0,-0.0,1300.0673983471488,-0.0,0.0,-0.0,115.07452195477086
2021-03-30 10:00:00,3555.990714512333,1650.6299999999999,2160.0,-0.0,490.63028548766715,-0.0,0.0,-0.0,115.06301450257538
2021-03-30 11:00:00,4099.923066676902,1662.84,2123.687933323098,-0.0,-0.0,-0.0,0.0,100.0,210.05150820112513
2021-03-30 12:00:00,4290.4324711135,1717.0,1809.1175288865006,-0.0,-0.0,-0.0,0.0,100.0,305.030503050305
2021-03-30 13:00:00,4099.923066676902,1798.62,1882.1939333230985,-0.0,-0.0,-0.0,0.0,100.0,400.0
2021-03-30 14:00:00,3555.990714512333,1890.75,2160.0,-0.0,99.13528548766726,-0.0,0.0,-0.0,399.96
2021-03-30 15:00:00,2738.6936016528507,1976.3500000000001,2160.0,-0.0,936.9543983471485,-0.0,0.0,-0.0,399.920004
2021-03-30 16:00:00,1773.2142926773106,2040.55,2160.0,-0.0,2026.569707322689,-0.0,0.0,-0.0,399.8800119996
2021-03-30 17:00:00,822.5587483625013,2072.67,2160.0,-0.0,3178.5832516374985,-0.0,0.0,-0.0,399.84002399840006
2021-03-30 18:00:00,103.75403029372636,2067.64,2160.0,502.65196970627494,3500.0,-0.0,100.0,-0.0,294.5368821012634
2021-03-30 19:00:00,-0.0,2026.6200000000001,2160.0,728.9070000000002,3500.0,-0.0,100.0,-0.0,189.24427051831645
2021-03-30 20:00:00,-0.0,1956.82,2160.0,723.5580000000009,3500.0,-0.0,100.0,-0.0,83.96218819652778
2021-03-30 21:00:00,-0.0,1870.4299999999998,2160.0,635.1958976211763,3500.0,-0.0,79.75610237882272,-0.0,-0.0
2021-03-30 22:00:00,-0.0,1782.95,2160.0,571.0889999999999,3500.0,-0.0,0.0,-0.0,-0.0
2021-03-30 23:00:00,-0.0,1710.94,2160.0,449.9829999999997,3500.0,-0.0,0.0,-0.0,-0.0
2021-03-31 00:00:00,-0.0,1656.92,2160.0,-0.0,3373.2309999999998,-0.0,0.0,-0.0,-0.0
2021-03-31 01:00:00,-0.0,1658.4399999999998,2160.0,-0.0,3227.21,-0.0,0.0,-0.0,-0.0
2021-03-31 02:00:00,-0.0,1709.4699999999998,2160.0,-0.0,3078.8920000000003,-0.0,0.0,-0.0,-0.0
2021-03-31 03:00:00,-0.0,1810.63,2160.0,-0.0,2978.478,-0.0,0.0,-0.0,-0.0
2021-03-31 04:00:00,-0.0,1956.14,2160.0,-0.0,2954.1839999999993,-0.0,0.0,-0.0,-0.0
2021-03-31 05:00:00,-0.0,2134.54,2160.0,-0.0,2994.9309999999996,-0.0,0.0,-0.0,-0.0
2021-03-31 06:00:00,125.50294519496471,2330.0499999999997,2160.0,-0.0,2931.129054805035,-0.0,0.0,-0.0,-0.0
2021-03-31 07:00:00,886.893640543445,2524.6200000000003,2160.0,-0.0,2200.547359456554,-0.0,0.0,-0.0,-0.0
2021-03-31 08:00:00,1880.7451175417052,2700.24,2160.0,-0.0,1174.4738824582948,-0.0,0.0,-0.0,-0.0
2021-03-31 09:00:00,2885.890011257804,2841.23,2160.0,-0.0,75.60498874219638,-0.0,0.0,-0.0,-0.0
2021-03-31 10:00:00,3734.9479332719275,2936.3,1283.1481414698364,-0.0,-0.0,-0.0,0.0,21.121074741764055,20.065021004675852
2021-03-31 11:00:00,4299.341516707605,2979.9300000000003,685.6464832923948,-0.0,-0.0,-0.0,0.0,100.0,115.06301450257538
2021-03-31 12:00:00,4496.917778195681,2973.04,427.4232218043189,-0.0,-0.0,-0.0,0.0,100.0,210.05150820112513
2021-03-31 13:00:00,4299.341516707605,2922.7799999999997,641.7304832923955,-0.0,-0.0,-0.0,0.0,100.0,305.030503050305
2021-03-31 14:00:00,3734.9479332719275,2841.49,1314.7530667280726,-0.0,-0.0,-0.0,0.0,100.0,400.0
2021-03-31 15:00:00,2885.890011257804,2744.98,2160.0,-0.0,108.55998874219631,-0.0,0.0,-0.0,399.96
2021-03-31 16:00:00,1880.7451175417052,2650.3300000000004,2160.0,-0.0,1398.721882458294,-0.0,0.0,-0.0,399.920004
2021-03-31 17:00:00,886.893640543445,2573.57,2160.0,-0.0,2704.755359456554,-0.0,0.0,-0.0,399.8800119996
2021-03-31 18:00:00,125.50294519496471,2527.4799999999996,2160.0,114.32305480503601,3500.0,-0.0,100.0,-0.0,294.57686610366324
2021-03-31 19:00:00,-0.0,2519.8399999999997,2160.0,330.708000000001,3500.0,-0.0,100.0,-0.0,189.28425052231603
2021-03-31 20:00:00,-0.0,2552.44,2160.0,224.62899999999945,3500.0,-0.0,100.0,-0.0,84.00216420252697
2021-03-31 21:00:00,-0.0,2620.79,2160.0,-0.0,3500.0,-0.0,62.85899999999947,-0.0,17.82639556505464
2021-03-31 22:00:00,-0.0,2714.81,2160.0,-0.0,3238.9770000000003,-0.0,0.0,-0.0,17.824612925498133
2021-03-31 23:00:00,-0.0,2820.21,2160.0,-0.0,2941.844,-0.0,0.0,-0.0,17.822830464205584
2021-04-01 00:00:00,-0.0,2907.6000000000004,2160.0,-0.0,2224.897,-0.0,0.0,-0.0,17.821048181159163
2021-04-01 01:00:00,-0.0,2986.36,2160.0,-0.0,2002.8229999999999,-0.0,0.0,-0.0,17.819266076341048
2021-04-01 02:00:00,-0.0,3029.58,2160.0,-0.0,1863.402,-0.0,0.0,-0.0,17.817484149733414
2021-04-01 03:00:00,-0.0,3027.5800000000004,2160.0,-0.0,1867.1349999999998,-0.0,0.0,-0.0,17.81570240131844
2021-04-01 04:00:00,-0.0,2976.48,2160.0,-0.0,2040.3349999999996,-0.0,0.0,-0.0,17.81392083107831
2021-04-01 05:00:00,-0.0,2878.8,2160.0,-0.0,2357.946,-0.0,0.0,-0.0,17.812139438995203
2021-04-01 06:00:00,134.2887674751817,2743.2200000000003,2160.0,-0.0,2617.1272325248183,-0.0,0.0,-0.0,17.810358225051303
2021-04-01 07:00:00,857.5172025125372,2583.53,2160.0,-0.0,2279.543797487463,-0.0,0.0,-0.0,17.8085771892288
2021-04-01 08:00:00,1790.0342750230275,2416.9,2160.0,-0.0,1657.5267249769727,-0.0,0.0,-0.0,17.806796331509876
2021-04-01 09:00:00,2729.340952128749,2261.66,2160.0,-0.0,921.0940478712514,-0.0,0.0,-0.0,17.805015651876726
2021-04-01 10:00:00,3521.124677847713,2134.95,2160.0,-0.0,226.83232215228736,-0.0,0.0,-0.0,17.80323515031154
2021-04-01 11:00:00,4046.8323018882415,2050.51,1977.3646981117586,-0.0,-0.0,-0.0,0.0,100.0,112.80145482679652
2021-04-01 12:00:00,4230.767742528913,2016.93,1759.5252574710867,-0.0,-0.0,-0.0,0.0,100.0,207.79017468131383
2021-04-01 13:00:00,4046.8323018882415,2036.63,1890.178698111758,-0.0,-0.0,-0.0,0.0,100.0,302.76939566384567
2021-04-01 14:00:00,3521.124677847713,2105.58,2160.0,-0.0,114.11832215228742,-0.0,0.0,-0.0,302.7391187242793
2021-04-01 15:00:00,2729.340952128749,2213.96,2160.0,-0.0,905.4990478712512,-0.0,0.0,-0.0,302.7088448124069
2021-04-01 16:00:00,1790.0342750230275,2347.56,2160.0,-0.0,1901.2047249769735,-0.0,0.0,-0.0,302.67857392792564
2021-04-01 17:00:00,857.5172025125372,2489.78,2160.0,-0.0,2926.4507974874623,-0.0,0.0,-0.0,302.64830607053284
2021-04-01 18:00:00,134.2887674751817,2623.9,2160.0,117.07123252481824,3500.0,-0.0,100.0,-0.0,197.35488334518897
2021-04-01 19:00:00,-0.0,2735.4,2160.0,222.42300000000023,3500.0,-0.0,100.0,-0.0,92.07198996211763
2021-04-01 20:00:00,-0.0,2813.9500000000003,2160.0,82.15135637503408,3500.0,-0.0,87.45964362496535,-0.0,-0.0
2021-04-01 21:00:00,-0.0,2854.83,2160.0,-0.0,3434.4259999999995,-0.0,0.0,-0.0,-0.0
2021-04-01 22:00:00,-0.0,2859.53,2160.0,-0.0,3198.876999999999,-0.0,0.0,-0.0,-0.0
2021-04-01 23:00:00,-0.0,2835.59,2160.0,-0.0,3029.9970000000003,-0.0,0.0,-0.0,-0.0
2021-04-02 00:00:00,-0.0,2782.54,2160.0,-0.0,2452.2349999999997,-0.0,0.0,-0.0,-0.0
2021-04-02 01:00:00,-0.0,2742.0899999999997,2160.0,-0.0,2348.0850000000005,-0.0,0.0,-0.0,-0.0
2021-04-02 02:00:00,-0.0,2718.09,2160.0,-0.0,2274.501,-0.0,0.0,-0.0,-0.0
2021-04-02 03:00:00,-0.0,2726.0800000000004,2160.0,-0.0,2266.7629999999995,-0.0,0.0,-0.0,-0.0
2021-04-02 04:00:00,-0.0,2778.16,2160.0,-0.0,2335.2080000000005,-0.0,0.0,-0.0,-0.0
2021-04-02 05:00:00,-0.0,2881.25,2160.0,-0.0,2450.379,-0.0,0.0,-0.0,-0.0
2021-04-02 06:00:00,142.83430429331696,3036.03,2160.0,-0.0,2408.8926957066824,-0.0,0.0,-0.0,-0.0
2021-04-02 07:00:00,833.5194621328421,3236.79,2160.0,-0.0,1741.548537867158,-0.0,0.0,-0.0,-0.0
2021-04-02 08:00:00,1713.845300046055,3472.04,2160.0,-0.0,767.9006999539451,-0.0,0.0,-0.0,-0.0
2021-04-02 09:00:00,2597.122336326886,3725.9399999999996,1836.3266636731146,-0.0,-0.0,-0.0,0.0,-0.0,-0.0
2021-04-02 10:00:00,3340.1465967403547,3980.3300000000004,807.6074032596443,-0.0,-0.0,-0.0,0.0,-0.0,-0.0
2021-04-02 11:00:00,3832.9227901443055,4217.02,7.741209855694251,-0.0,-0.0,-0.0,0.0,-0.0,-0.0
2021-04-02 12:00:00,4005.244433451029,4082.671566548971,-0.0,-0.0,-0.0,-0.0,0.0,100.0,95.0
2021-04-02 13:00:00,3832.9227901443055,4219.0462098556945,-0.0,-0.0,-0.0,-0.0,0.0,100.0,189.9905
2021-04-02 14:00:00,3340.146596740354,4685.139999999999,-0.0,-0.0,-0.0,-0.0,0.0,48.57759674035378,236.1202178533361
2021-04-02 15:00:00,2597.122336326886,4741.77,815.8346607454864,-0.0,-0.0,-0.0,0.0,72.5619970723729,305.030503050305
2021-04-02 16:00:00,1713.845300046055,4754.78,1900.9456999539452,-0.0,-0.0,-0.0,0.0,100.0,400.0
2021-04-02 17:00:00,833.5194621328421,4736.07,2160.0,-0.0,672.2655378671577,-0.0,100.0,-0.0,294.69684210526316
2021-04-02 18:00:00,142.83430429331696,4701.02,2160.0,-0.0,1596.7756957066817,-0.0,100.0,-0.0,189.4042145263158
2021-04-02 19:00:00,-0.0,4666.22,2160.0,-0.0,1854.168999999999,-0.0,100.0,-0.0,84.12211621012632
2021-04-02 20:00:00,-0.0,4647.22,2160.0,-0.0,1816.1309812014197,-0.0,79.90801879858006,-0.0,-0.0
2021-04-02 21:00:00,-0.0,4656.28,2160.0,-0.0,1689.742000000001,-0.0,0.0,-0.0,-0.0
2021-04-02 22:00:00,-0.0,4700.6900000000005,2160.0,-0.0,1411.4920000000002,-0.0,0.0,-0.0,-0.0
2021-04-02 23:00:00,-0.0,4781.71,2160.0,-0.0,1134.6019999999999,-0.0,0.0,-0.0,-0.0
2021-04-03 00:00:00,-0.0,4881.3,2124.885,-0.0,-0.0,-0.0,0.0,-0.0,-0.0
2021-04-03 01:00:00,-0.0,5014.999999999999,1843.4270000000006,-0.0,-0.0,-0.0,0.0,-0.0,-0.0
2021-04-03 02:00:00,-0.0,5154.990000000001,1602.6459999999997,-0.0,-0.0,-0.0,0.0,-0.0,-0.0
2021-04-03 03:00:00,-0.0,5284.32,1470.313,-0.0,-0.0,-0.0,0.0,-0.0,-0.0
2021-04-03 04:00:00,-0.0,5386.18,1485.679,-0.0,-0.0,-0.0,0.0,-0.0,-0.0
2021-04-03 05:00:00,-0.0,5446.15,1640.6290000000008,-0.0,-0.0,-0.0,0.0,-0.0,-0.0
2021-04-03 06:00:00,158.07702822126703,5454.24,1727.2109717787334,-0.0,-0.0,-0.0,0.0,-0.0,-0.0
2021-04-03 07:00:00,850.856982396889,5406.26,1303.0970176031108,-0.0,-0.0,-0.0,0.0,-0.0,-0.0
2021-04-03 08:00:00,1724.3192817265378,5304.4800000000005,669.8937182734619,-0.0,-0.0,-0.0,0.0,-0.0,-0.0
2021-04-03 09:00:00,2597.381105286051,5143.435894713949,-0.0,-0.0,-0.0,-0.0,0.0,-0.0,-0.0
2021-04-03 10:00:00,3330.344182120561,4413.250296474206,-0.0,-0.0,-0.0,-0.0,0.0,37.58847859476656,35.70905466502823
2021-04-03 11:00:00,3815.9056504963673,3916.1703495036327,-0.0,-0.0,-0.0,-0.0,0.0,100.0,130.70548375956173
2021-04-03 12:00:00,3985.621120714359,3673.1358792856404,-0.0,-0.0,-0.0,-0.0,0.0,100.0,225.69241321118577
2021-04-03 13:00:00,3815.9056504963673,3803.3353495036326,-0.0,-0.0,-0.0,-0.0,0.0,100.0,320.66984396986464
2021-04-03 14:00:00,3330.3441821205606,4293.59,-0.0,-0.0,-0.0,-0.0,0.0,83.53918212056033,400.0
2021-04-03 15:00:00,2597.381105286051,4203.39,841.4828947139486,-0.0,-0.0,-0.0,0.0,-0.0,399.96
2021-04-03 16:00:00,1724.3192817265378,4159.39,1942.4289245892517,-0.0,-0.0,-0.0,0.0,0.08420631578946756,400.0
2021-04-03 17:00:00,850.856982396889,4157.84,2160.0,-0.0,786.0280176031113,-0.0,100.0,-0.0,294.69684210526316
2021-04-03 18:00:00,158.07702822126703,4189.26,2160.0,-0.0,1642.547971778733,-0.0,100.0,-0.0,189.4042145263158
2021-04-03 19:00:00,-0.0,4239.83,2160.0,-0.0,1826.1990000000005,-0.0,100.0,-0.0,84.12211621012632
2021-04-03 20:00:00,-0.0,4293.37,2160.0,-0.0,1712.00798120142,-0.0,79.90801879858006,-0.0,-0.0
2021-04-03 21:00:00,-0.0,4333.65,2160.0,-0.0,1550.7930000000006,-0.0,0.0,-0.0,-0.0
2021-04-03 22:00:00,-0.0,4346.650000000001,2160.0,-0.0,1300.3549999999996,-0.0,0.0,-0.0,-0.0
2021-04-03 23:00:00,-0.0,4322.599999999999,2160.0,-0.0,1124.9500000000007,-0.0,0.0,-0.0,-0.0
2021-04-04 00:00:00,-0.0,4244.19,2160.0,-0.0,565.7530000000006,-0.0,0.0,-0.0,-0.0
2021-04-04 01:00:00,-0.0,4139.79,2160.0,-0.0,518.844,-0.0,0.0,-0.0,-0.0
2021-04-04 02:00:00,-0.0,4004.39,2160.0,-0.0,549.9230000000002,-0.0,0.0,-0.0,-0.0
2021-04-04 03:00:00,-0.0,3851.12,2160.0,-0.0,696.6840000000002,-0.0,0.0,-0.0,-0.0
2021-04-04 04:00:00,-0.0,3696.33,2160.0,-0.0,965.2210000000005,-0.0,0.0,-0.0,-0.0
2021-04-04 05:00:00,-0.0,3557.45,2160.0,-0.0,1315.5730000000003,-0.0,0.0,-0.0,-0.0
2021-04-04 06:00:00,165.95099797871254,3450.61,2160.0,-0.0,1505.795002021287,-0.0,0.0,-0.0,-0.0
2021-04-04 07:00:00,830.420395788558,3388.4900000000002,2160.0,-0.0,1120.7526042114414,-0.0,0.0,-0.0,-0.0
2021-04-04 08:00:00,1659.6332031010136,3378.53,2160.0,-0.0,436.6377968989866,-0.0,0.0,-0.0,-0.0
2021-04-04 09:00:00,2485.4204022873814,3421.96,1766.2455977126187,-0.0,-0.0,-0.0,0.0,-0.0,-0.0
2021-04-04 10:00:00,3177.331632100093,3513.52,944.7093678999063,-0.0,-0.0,-0.0,0.0,-0.0,-0.0
2021-04-04 11:00:00,3635.210983010951,3642.17,281.04201698904853,-0.0,-0.0,-0.0,0.0,-0.0,-0.0
2021-04-04 12:00:00,3795.1610056033164,3786.7849943966835,-0.0,-0.0,-0.0,-0.0,0.0,100.0,95.0
2021-04-04 13:00:00,3635.210983010951,3904.1140169890487,-0.0,-0.0,-0.0,-0.0,0.0,100.0,189.9905
2021-04-04 14:00:00,3177.331632100093,4086.65,214.5852176379335,-0.0,-0.0,-0.0,0.0,21.13684973802645,210.05150820112513
2021-04-04 15:00:00,2485.4204022873814,4197.01,973.8675977126181,-0.0,-0.0,-0.0,0.0,100.0,305.030503050305
2021-04-04 16:00:00,1659.6332031010136,4266.32,1911.2127968989869,-0.0,-0.0,-0.0,0.0,100.0,400.0
2021-04-04 17:00:00,830.420395788558,4288.86,2160.0,-0.0,583.6876042114421,-0.0,100.0,-0.0,294.69684210526316
2021-04-04 18:00:00,165.95099797871254,4265.3,2160.0,-0.0,1464.074002021287,-0.0,100.0,-0.0,189.4042145263158
2021-04-04 19:00:00,-0.0,4202.41,2160.0,-0.0,1766.3230000000003,-0.0,100.0,-0.0,84.12211621012632
2021-04-04 20:00:00,-0.0,4112.1,2160.0,-0.0,1793.3159812014192,-0.0,79.90801879858006,-0.0,-0.0
2021-04-04 21:00:00,-0.0,4009.64,2160.0,-0.0,1772.2469999999998,-0.0,0.0,-0.0,-0.0
2021-04-04 22:00:00,-0.0,3911.5,2160.0,-0.0,1630.4300000000003,-0.0,0.0,-0.0,-0.0
2021-04-04 23:00:00,-0.0,3833.05,2160.0,-0.0,1506.9830000000002,-0.0,0.0,-0.0,-0.0
2021-04-05 00:00:00,-0.0,3773.14,2160.0,-0.0,1363.0149999999999,-0.0,0.0,-0.0,-0.0
2021-04-05 01:00:00,-0.0,3765.21,2160.0,-0.0,1217.3519999999999,-0.0,0.0,-0.0,-0.0
2021-04-05 02:00:00,-0.0,3797.02,2160.0,-0.0,1079.02,-0.0,0.0,-0.0,-0.0
2021-04-05 03:00:00,-0.0,3863.3,2160.0,-0.0,1004.1139999999996,-0.0,0.0,-0.0,-0.0
2021-04-05 04:00:00,-0.0,3953.13,2160.0,-0.0,1026.0010000000002,-0.0,0.0,-0.0,-0.0
2021-04-05 05:00:00,-0.0,4051.3900000000003,2160.0,-0.0,1137.2699999999995,-0.0,0.0,-0.0,-0.0
2021-04-05 06:00:00,154.49739095281961,4140.79,2160.0,-0.0,1140.8516090471805,-0.0,0.0,-0.0,-0.0
2021-04-05 07:00:00,723.5672991505477,4204.14,2160.0,-0.0,723.9767008494522,-0.0,0.0,-0.0,-0.0
2021-04-05 08:00:00,1426.8643631665134,4226.68,2160.0,-0.0,131.60763683348637,-0.0,0.0,-0.0,-0.0
2021-04-05 09:00:00,2124.764246034183,4198.05,1659.5877539658168,-0.0,-0.0,-0.0,0.0,-0.0,-0.0
2021-04-05 10:00:00,2708.4053110991717,4113.73,1141.8427636425931,-0.0,-0.0,-0.0,0.0,21.121074741764055,20.065021004675852
2021-04-05 11:00:00,3094.2175068826123,3975.68,894.4374931173879,-0.0,-0.0,-0.0,0.0,100.0,115.06301450257538
2021-04-05 12:00:00,3228.931394790708,3792.11,865.5306052092919,-0.0,-0.0,-0.0,0.0,100.0,210.05150820112513
2021-04-05 13:00:00,3094.2175068826123,3576.42,1172.1264931173878,-0.0,-0.0,-0.0,0.0,100.0,305.030503050305
2021-04-05 14:00:00,2708.4053110991717,3345.47,1805.9066889008282,-0.0,-0.0,-0.0,0.0,100.0,400.0
2021-04-05 15:00:00,2124.764246034183,3117.4,2160.0,-0.0,455.4987539658164,-0.0,0.0,-0.0,399.96
2021-04-05 16:00:00,1426.8643631665134,2909.2400000000002,2160.0,-0.0,1541.541636833486,-0.0,0.0,-0.0,399.920004
2021-04-05 17:00:00,723.5672991505477,2734.7500000000005,2160.0,-0.0,2644.347700849453,-0.0,0.0,-0.0,399.8800119996
2021-04-05 18:00:00,154.4973909528196,2602.65,2160.0,-0.0,3500.0,-0.0,37.194609047180876,-0.0,360.68780394873596
2021-04-05 19:00:00,-0.0,2515.5499999999997,2160.0,251.62400000000116,3500.0,-0.0,100.0,-0.0,255.38857727360426
2021-04-05 20:00:00,-0.0,2469.78,2160.0,213.51299999999947,3500.0,-0.0,100.0,-0.0,150.09988052114005
2021-04-05 21:00:00,-0.0,2455.96,2160.0,23.52899999999954,3500.0,-0.0,100.0,-0.0,44.821712638351116
2021-04-05 22:00:00,-0.0,2460.4100000000003,2160.0,-0.0,3378.859,-0.0,0.0,-0.0,44.81723046708728
2021-04-05 23:00:00,-0.0,2467.15,2160.0,-0.0,3170.064,-0.0,0.0,-0.0,44.81274874404057
2021-04-06 00:00:00,-0.0,2446.93,2160.0,-0.0,2550.1560000000004,-0.0,0.0,-0.0,44.80826746916617
2021-04-06 01:00:00,-0.0,2412.56,2160.0,-0.0,2430.9860000000003,-0.0,0.0,-0.0,44.803786642419254
2021-04-06 02:00:00,-0.0,2341.32,2160.0,-0.0,2395.8609999999994,-0.0,0.0,-0.0,44.799306263755014
2021-04-06 03:00:00,-0.0,2229.42,2160.0,-0.0,2499.398,-0.0,0.0,-0.0,44.79482633312864
2021-04-06 04:00:00,-0.0,2079.35,2160.0,-0.0,2761.552,-0.0,0.0,-0.0,44.790346850495325
2021-04-06 05:00:00,-0.0,1899.67,2160.0,-0.0,3151.233,-0.0,0.0,-0.0,44.78586781581028
2021-04-06 06:00:00,142.47079551734726,1703.9499999999998,2160.0,-0.0,3452.538204482653,-0.0,0.0,-0.0,44.7813892290287
2021-04-06 07:00:00,628.0815532187086,1509.02,2160.0,-0.0,3378.0814467812916,-0.0,0.0,-0.0,44.77691109010579
2021-04-06 08:00:00,1222.751104876676,1332.78,2160.0,-0.0,3093.9028951233245,-0.0,0.0,-0.0,44.77243339899678
2021-04-06 09:00:00,1810.8035645788561,1191.85,2160.0,-0.0,2684.915435421145,-0.0,0.0,-0.0,44.76795615565688
2021-04-06 10:00:00,2301.669796617542,1099.3899999999999,2160.0,-0.0,2247.9502033824588,-0.0,0.0,-0.0,44.763479360041316
2021-04-06 11:00:00,2625.8148849657155,1063.31,2160.0,-0.0,1882.4511150342842,-0.0,0.0,-0.0,44.75900301210531
2021-04-06 12:00:00,2738.940048280627,1085.3,2160.0,-0.0,1670.759951719373,-0.0,0.0,-0.0,44.7545271118041
2021-04-06 13:00:00,2625.8148849657155,1160.55,2160.0,-0.0,1666.1131150342844,-0.0,0.0,-0.0,44.75005165909292
2021-04-06 14:00:00,2301.669796617542,1278.43,2160.0,-0.0,1890.7792033824576,-0.0,0.0,-0.0,44.74557665392701
2021-04-06 15:00:00,1810.8035645788561,1423.8700000000001,2160.0,-0.0,2335.567435421144,-0.0,0.0,-0.0,44.74110209626162
2021-04-06 16:00:00,1222.751104876676,1579.3999999999999,2160.0,-0.0,2949.6478951233244,-0.0,0.0,-0.0,44.73662798605199
2021-04-06 17:00:00,628.0815532187086,1727.44,2160.0,80.47190017420007,3500.0,-0.0,42.49554660709072,-0.0,-0.0
2021-04-06 18:00:00,142.47079551734726,1852.6100000000001,2160.0,676.8472044826522,3500.0,-0.0,0.0,-0.0,-0.0
2021-04-06 19:00:00,-0.0,1943.74,2160.0,802.8729999999996,3500.0,-0.0,0.0,-0.0,-0.0
2021-04-06 20:00:00,-0.0,1995.3000000000002,2160.0,669.3749999999991,3500.0,-0.0,0.0,-0.0,-0.0
2021-04-06 21:00:00,-0.0,2008.0300000000002,2160.0,454.87199999999984,3500.0,-0.0,0.0,-0.0,-0.0
2021-04-06 22:00:00,-0.0,1988.76,2160.0,236.03799999999956,3500.0,-0.0,0.0,-0.0,-0.0
2021-04-06 23:00:00,-0.0,1949.36,2160.0,75.58500000000004,3500.0,-0.0,0.0,-0.0,-0.0
2021-04-07 00:00:00,-0.0,1891.68,2160.0,-0.0,2995.375,-0.0,0.0,-0.0,-0.0
2021-04-07 01:00:00,-0.0,1858.72,2160.0,-0.0,2877.1589999999997,-0.0,0.0,-0.0,-0.0
2021-04-07 02:00:00,-0.0,1852.3200000000002,2160.0,-0.0,2779.637,-0.0,0.0,-0.0,-0.0
2021-04-07 03:00:00,-0.0,1884.2700000000002,2160.0,-0.0,2741.843999999999,-0.0,0.0,-0.0,-0.0
2021-04-07 04:00:00,-0.0,1961.29,2160.0,-0.0,2779.501,-0.0,0.0,-0.0,-0.0
2021-04-07 05:00:00,-0.0,2083.99,2160.0,-0.0,2869.468,-0.0,0.0,-0.0,-0.0
2021-04-07 06:00:00,162.26662089346027,2246.64,2160.0,-0.0,2795.34337910654,-0.0,0.0,-0.0,-0.0
2021-04-07 07:00:00,676.773245701566,2437.89,2160.0,-0.0,2308.6137542984343,-0.0,0.0,-0.0,-0.0
2021-04-07 08:00:00,1301.3552568058542,2642.12,2160.0,-0.0,1616.9217431941458,-0.0,0.0,-0.0,-0.0
2021-04-07 09:00:00,1916.911160167844,2841.5,2160.0,-0.0,843.0518398321558,-0.0,0.0,-0.0,-0.0
2021-04-07 10:00:00,2429.8035595640163,3018.27,2160.0,-0.0,117.82244043598348,-0.0,0.0,-0.0,-0.0
2021-04-07 11:00:00,2768.1439736720913,3157.07,1826.2970263279094,-0.0,-0.0,-0.0,0.0,100.0,95.0
2021-04-07 12:00:00,2886.1734248797466,3246.9500000000003,1544.9175751202538,-0.0,-0.0,-0.0,0.0,100.0,189.9905
2021-04-07 13:00:00,2768.1439736720913,3282.77,1587.7620263279096,-0.0,-0.0,-0.0,0.0,100.0,284.97150095
2021-04-07 14:00:00,2429.8035595640163,3265.8700000000003,1964.6104404359826,-0.0,-0.0,-0.0,0.0,100.0,379.943003799905
2021-04-07 15:00:00,1916.911160167844,3203.84,2160.0,-0.0,282.14883983215555,-0.0,100.0,-0.0,274.6418516047882
2021-04-07 16:00:00,1301.3552568058542,3109.4500000000003,2160.0,-0.0,1176.9527431941453,-0.0,100.0,-0.0,169.35122952489093
2021-04-07 17:00:00,676.773245701566,2998.9900000000002,2160.0,-0.0,2142.0247542984334,-0.0,100.0,-0.0,64.07113650720162
2021-04-07 18:00:00,162.26662089346027,2890.02,2160.0,-0.0,3001.4588861826664,-0.0,60.86149292387335,-0.0,-0.0
2021-04-07 19:00:00,-0.0,2799.01,2160.0,-0.0,3393.697,-0.0,0.0,-0.0,-0.0
2021-04-07 20:00:00,-0.0,2739.22,2160.0,-0.0,3374.998000000001,-0.0,0.0,-0.0,-0.0
2021-04-07 21:00:00,-0.0,2718.87,2160.0,-0.0,3197.053,-0.0,0.0,-0.0,-0.0
2021-04-07 22:00:00,-0.0,2740.17,2160.0,-0.0,2941.156,-0.0,0.0,-0.0,-0.0
2021-04-07 23:00:00,-0.0,2799.04,2160.0,-0.0,2685.9620000000004,-0.0,0.0,-0.0,-0.0
2021-04-08 00:00:00,-0.0,2872.36,2160.0,-0.0,1978.2629999999995,-0.0,0.0,-0.0,-0.0
2021-04-08 01:00:00,-0.0,2972.96,2160.0,-0.0,1730.0569999999998,-0.0,0.0,-0.0,-0.0
2021-04-08 02:00:00,-0.0,3071.2400000000002,2160.0,-0.0,1531.44,-0.0,0.0,-0.0,-0.0
2021-04-08 03:00:00,-0.0,3151.02,2160.0,-0.0,1449.4140000000002,-0.0,0.0,-0.0,-0.0
2021-04-08 04:00:00,-0.0,3198.47,2160.0,-0.0,1520.248,-0.0,0.0,-0.0,-0.0
2021-04-08 05:00:00,-0.0,3204.0600000000004,2160.0,-0.0,1730.937,-0.0,0.0,-0.0,-0.0
2021-04-08 06:00:00,214.58723997032035,3164.0,2160.0,-0.0,1810.8167600296802,-0.0,0.0,-0.0,-0.0
2021-04-08 07:00:00,850.431861963975,3080.82,2160.0,-0.0,1480.7951380360244,-0.0,0.0,-0.0,-0.0
2021-04-08 08:00:00,1615.9443771620101,2963.19,2160.0,-0.0,973.6446228379903,-0.0,0.0,-0.0,-0.0
2021-04-08 09:00:00,2367.9392948265277,2824.8,2160.0,-0.0,404.7127051734724,-0.0,0.0,-0.0,-0.0
2021-04-08 10:00:00,2993.390030293727,2682.6899999999996,2149.4019697062736,-0.0,-0.0,-0.0,0.0,100.0,95.0
2021-04-08 11:00:00,3405.578176414902,2554.99,1794.113823585098,-0.0,-0.0,-0.0,0.0,100.0,189.9905
2021-04-08 12:00:00,3549.299688568213,2458.59,1676.891311431787,-0.0,-0.0,-0.0,0.0,100.0,284.97150095
2021-04-08 13:00:00,3405.578176414902,2406.94,1836.4498235850983,-0.0,-0.0,-0.0,0.0,100.0,379.943003799905
2021-04-08 14:00:00,2993.3900302937263,2408.2999999999997,2160.0,-0.0,-0.0,-0.0,12.4159697062737,-0.0,366.83556770344745
2021-04-08 15:00:00,2367.9392948265277,2464.7,2160.0,-0.0,587.5887051734726,-0.0,100.0,-0.0,261.5357262519403
2021-04-08 16:00:00,1615.9443771620101,2571.6899999999996,2160.0,-0.0,1420.9306228379899,-0.0,100.0,-0.0,156.24641478457823
2021-04-08 17:00:00,850.431861963975,2719.02,2160.0,-0.0,2272.591138036025,-0.0,100.0,-0.0,50.96763224836293
2021-04-08 18:00:00,214.58723997032035,2892.0,2160.0,-0.0,2987.2753513187986,-0.0,48.4144087108812,-0.0,-0.0
2021-04-08 19:00:00,-0.0,3073.54,2160.0,-0.0,3150.218,-0.0,0.0,-0.0,-0.0
2021-04-08 20:00:00,-0.0,3246.42,2160.0,-0.0,2902.1890000000003,-0.0,0.0,-0.0,-0.0
2021-04-08 21:00:00,-0.0,3395.6,2160.0,-0.0,2558.0130000000004,-0.0,0.0,-0.0,-0.0
2021-04-08 22:00:00,-0.0,3510.27,2160.0,-0.0,2212.0000000000005,-0.0,0.0,-0.0,-0.0
2021-04-08 23:00:00,-0.0,3585.1699999999996,2160.0,-0.0,1943.9840000000008,-0.0,0.0,-0.0,-0.0
2021-04-09 00:00:00,-0.0,3607.9,2160.0,-0.0,1289.9950000000003,-0.0,0.0,-0.0,-0.0
2021-04-09 01:00:00,-0.0,3612.39,2160.0,-0.0,1141.0040000000004,-0.0,0.0,-0.0,-0.0
2021-04-09 02:00:00,-0.0,3597.2799999999997,2160.0,-0.0,1058.8270000000002,-0.0,0.0,-0.0,-0.0
2021-04-09 03:00:00,-0.0,3577.9100000000003,2160.0,-0.0,1078.9419999999996,-0.0,0.0,-0.0,-0.0
2021-04-09 04:00:00,-0.0,3570.7400000000002,2160.0,-0.0,1207.328,-0.0,0.0,-0.0,-0.0
2021-04-09 05:00:00,-0.0,3590.9799999999996,2160.0,-0.0,1406.2360000000008,-0.0,0.0,-0.0,-0.0
2021-04-09 06:00:00,264.39410344386454,3650.4500000000003,2160.0,-0.0,1339.5818965561357,-0.0,0.0,-0.0,-0.0
2021-04-09 07:00:00,999.5567164312763,3755.83,2160.0,-0.0,724.4182835687241,-0.0,0.0,-0.0,-0.0
2021-04-09 08:00:00,1877.689179357282,3907.64,1997.8738206427186,-0.0,-0.0,-0.0,0.0,-0.0,-0.0
2021-04-09 09:00:00,2737.578430662164,4100.04,992.8515693378363,-0.0,-0.0,-0.0,0.0,-0.0,-0.0
2021-04-09 10:00:00,3451.5343113294452,4321.47,28.014688670554733,-0.0,-0.0,-0.0,0.0,-0.0,-0.0
2021-04-09 11:00:00,3921.581964486747,3832.2011102550173,-0.0,-0.0,-0.0,-0.0,0.0,21.121074741764055,20.065021004675852
2021-04-09 12:00:00,4085.407360300891,3679.717639699109,-0.0,-0.0,-0.0,-0.0,0.0,100.0,115.06301450257538
2021-04-09 13:00:00,3921.581964486747,3810.0140355132526,-0.0,-0.0,-0.0,-0.0,0.0,100.0,210.05150820112513
2021-04-09 14:00:00,3451.5343113294452,4307.401688670554,-0.0,-0.0,-0.0,-0.0,0.0,100.0,305.030503050305
2021-04-09 15:00:00,2737.578430662164,5129.596569337837,-0.0,-0.0,-0.0,-0.0,0.0,100.0,400.0
2021-04-09 16:00:00,1877.689179357282,5341.12,738.7328206427185,-0.0,-0.0,-0.0,0.0,-0.0,399.96
2021-04-09 17:00:00,999.5567164312763,5348.95,1844.5404898845125,-0.0,-0.0,-0.0,0.0,0.08420631578946756,400.0
2021-04-09 18:00:00,264.39410344386454,5309.27,2160.0,-0.0,561.3858965561343,-0.0,100.0,-0.0,294.69684210526316
2021-04-09 19:00:00,-0.0,5234.43,2160.0,-0.0,983.8629999999994,-0.0,100.0,-0.0,189.4042145263158
2021-04-09 20:00:00,-0.0,5140.240000000001,2160.0,-0.0,1004.5739999999996,-0.0,100.0,-0.0,84.12211621012632
2021-04-09 21:00:00,-0.0,5043.79,2160.0,-0.0,927.69498120142,-0.0,79.90801879858006,-0.0,-0.0
2021-04-09 22:00:00,-0.0,4961.15,2160.0,-0.0,860.3810000000003,-0.0,0.0,-0.0,-0.0
2021-04-09 23:00:00,-0.0,4905.11,2160.0,-0.0,724.6880000000001,-0.0,0.0,-0.0,-0.0
2021-04-10 00:00:00,-0.0,4870.0199999999995,1853.6260000000002,-0.0,-0.0,-0.0,0.0,-0.0,-0.0
2021-04-10 01:00:00,-0.0,4884.67,1695.661,-0.0,-0.0,-0.0,0.0,-0.0,-0.0
2021-04-10 02:00:00,-0.0,4931.14,1552.991,-0.0,-0.0,-0.0,0.0,-0.0,-0.0
2021-04-10 03:00:00,-0.0,4999.41,1486.4530000000004,-0.0,-0.0,-0.0,0.0,-0.0,-0.0
2021-04-10 04:00:00,-0.0,5075.24,1532.7240000000002,-0.0,-0.0,-0.0,0.0,-0.0,-0.0
2021-04-10 05:00:00,-0.0,5142.2,1685.6940000000004,-0.0,-0.0,-0.0,0.0,-0.0,-0.0
2021-04-10 06:00:00,290.4003838399346,5183.950000000001,1611.4346161600645,-0.0,-0.0,-0.0,0.0,-0.0,-0.0
2021-04-10 07:00:00,1050.9100324941155,5186.539999999999,1074.288967505885,-0.0,-0.0,-0.0,0.0,-0.0,-0.0
2021-04-10 08:00:00,1952.516536715792,5140.39,362.7034632842074,-0.0,-0.0,-0.0,0.0,-0.0,-0.0
2021-04-10 09:00:00,2832.6698619895615,4670.574138010438,-0.0,-0.0,-0.0,-0.0,0.0,-0.0,-0.0
2021-04-10 10:00:00,3562.2196530293736,3932.95742171239,-0.0,-0.0,-0.0,-0.0,0.0,21.121074741764055,20.065021004675852
2021-04-10 11:00:00,4042.0697208064685,3463.7862791935313,-0.0,-0.0,-0.0,-0.0,0.0,100.0,115.06301450257538
2021-04-10 12:00:00,4209.234468426978,3229.137531573022,-0.0,-0.0,-0.0,-0.0,0.0,100.0,210.05150820112513
2021-04-10 13:00:00,4042.0697208064685,3362.7202791935315,-0.0,-0.0,-0.0,-0.0,0.0,100.0,305.030503050305
2021-04-10 14:00:00,3562.2196530293736,3869.752346970626,-0.0,-0.0,-0.0,-0.0,0.0,100.0,400.0
2021-04-10 15:00:00,2832.6698619895615,3846.87,760.408138010439,-0.0,-0.0,-0.0,0.0,-0.0,399.96
2021-04-10 16:00:00,1952.516536715792,3693.16,1984.3556695999982,-0.0,-0.0,-0.0,0.0,0.08420631578946756,400.0
2021-04-10 17:00:00,1050.9100324941155,3587.61,2160.0,-0.0,966.3769675058843,-0.0,100.0,-0.0,294.69684210526316
2021-04-10 18:00:00,290.4003838399346,3532.75,2160.0,-0.0,1983.2586161600652,-0.0,100.0,-0.0,189.4042145263158
2021-04-10 19:00:00,-0.0,3524.64,2160.0,-0.0,2364.3309999999997,-0.0,100.0,-0.0,84.12211621012632
2021-04-10 20:00:00,-0.0,3553.5899999999997,2160.0,-0.0,2281.2119812014203,-0.0,79.90801879858006,-0.0,-0.0
2021-04-10 21:00:00,-0.0,3605.51,2160.0,-0.0,2114.8940000000002,-0.0,0.0,-0.0,-0.0
2021-04-10 22:00:00,-0.0,3663.88,2160.0,-0.0,1825.6750000000002,-0.0,0.0,-0.0,-0.0
2021-04-10 23:00:00,-0.0,3712.13,2160.0,-0.0,1584.6059999999998,-0.0,0.0,-0.0,-0.0
2021-04-11 00:00:00,-0.0,3722.31,2160.0,-0.0,943.2059999999997,-0.0,0.0,-0.0,-0.0
2021-04-11 01:00:00,-0.0,3711.29,2160.0,-0.0,809.6260000000002,-0.0,0.0,-0.0,-0.0
2021-04-11 02:00:00,-0.0,3660.93,2160.0,-0.0,762.4020000000005,-0.0,0.0,-0.0,-0.0
2021-04-11 03:00:00,-0.0,3572.86,2160.0,-0.0,850.7239999999997,-0.0,0.0,-0.0,-0.0
2021-04-11 04:00:00,-0.0,3454.7299999999996,2160.0,-0.0,1089.3790000000008,-0.0,0.0,-0.0,-0.0
2021-04-11 05:00:00,-0.0,3319.2,2160.0,-0.0,1443.17,-0.0,0.0,-0.0,-0.0
2021-04-11 06:00:00,313.18437457783244,3182.16,2160.0,-0.0,1523.1536254221674,-0.0,0.0,-0.0,-0.0
2021-04-11 07:00:00,1088.2035684423295,3060.56,2160.0,-0.0,1093.8354315576707,-0.0,0.0,-0.0,-0.0
2021-04-11 08:00:00,2000.4627281496269,2970.1,2160.0,-0.0,413.9632718503731,-0.0,0.0,-0.0,-0.0
2021-04-11 09:00:00,2888.3483163698706,2923.0099999999998,1778.7716836301302,-0.0,-0.0,-0.0,0.0,-0.0,-0.0
2021-04-11 10:00:00,3623.085808924369,2926.36,1009.3791910756313,-0.0,-0.0,-0.0,0.0,-0.0,-0.0
2021-04-11 11:00:00,4105.905558566166,2980.9900000000002,401.5294414338332,-0.0,-0.0,-0.0,0.0,-0.0,-0.0
2021-04-11 12:00:00,4274.0314480350025,3081.33,84.41662670676214,-0.0,-0.0,-0.0,0.0,21.121074741764055,20.065021004675852
2021-04-11 13:00:00,4105.905558566166,3216.04,160.76444143383378,-0.0,-0.0,-0.0,0.0,100.0,115.06301450257538
2021-04-11 14:00:00,3623.085808924369,3369.45,514.9141910756312,-0.0,-0.0,-0.0,0.0,100.0,210.05150820112513
2021-04-11 15:00:00,2888.3483163698706,3523.56,1200.9976836301294,-0.0,-0.0,-0.0,0.0,100.0,305.030503050305
2021-04-11 16:00:00,2000.4627281496269,3660.33,2139.519271850373,-0.0,-0.0,-0.0,0.0,100.0,400.0
2021-04-11 17:00:00,1088.2035684423295,3764.0600000000004,2160.0,-0.0,820.3324315576697,-0.0,100.0,-0.0,294.69684210526316
2021-04-11 18:00:00,313.18437457783244,3823.35,2160.0,-0.0,1734.8366254221678,-0.0,100.0,-0.0,189.4042145263158
2021-04-11 19:00:00,-0.0,3832.53,2160.0,-0.0,2118.599999999999,-0.0,100.0,-0.0,84.12211621012632
2021-04-11 20:00:00,-0.0,3792.35,2160.0,-0.0,2101.74198120142,-0.0,79.90801879858006,-0.0,-0.0
2021-04-11 21:00:00,-0.0,3709.7400000000002,2160.0,-0.0,2067.0229999999997,-0.0,0.0,-0.0,-0.0
2021-04-11 22:00:00,-0.0,3596.78,2160.0,-0.0,1946.1429999999996,-0.0,0.0,-0.0,-0.0
2021-04-11 23:00:00,-0.0,3468.9900000000002,2160.0,-0.0,1878.0629999999996,-0.0,0.0,-0.0,-0.0
2021-04-12 00:00:00,-0.0,3329.58,2160.0,-0.0,1819.2740000000003,-0.0,0.0,-0.0,-0.0
2021-04-12 01:00:00,-0.0,3221.39,2160.0,-0.0,1779.7059999999997,-0.0,0.0,-0.0,-0.0
2021-04-12 02:00:00,-0.0,3143.2900000000004,2160.0,-0.0,1757.0149999999999,-0.0,0.0,-0.0,-0.0
2021-04-12 03:00:00,-0.0,3102.71,2160.0,-0.0,1794.5919999999996,-0.0,0.0,-0.0,-0.0
2021-04-12 04:00:00,-0.0,3101.08,2160.0,-0.0,1913.4480000000003,-0.0,0.0,-0.0,-0.0
2021-04-12 05:00:00,-0.0,3133.57,2160.0,-0.0,2095.878,-0.0,0.0,-0.0,-0.0
2021-04-12 06:00:00,354.1684487769932,3189.75,2160.0,-0.0,1938.2785512230068,-0.0,0.0,-0.0,-0.0
2021-04-12 07:00:00,1184.859935856105,3255.0099999999998,2160.0,-0.0,1263.013064143895,-0.0,0.0,-0.0,-0.0
2021-04-12 08:00:00,2155.970550276328,3312.55,2160.0,-0.0,372.84144972367176,-0.0,0.0,-0.0,-0.0
2021-04-12 09:00:00,3098.400938389111,3345.68,1599.4050616108893,-0.0,-0.0,-0.0,0.0,-0.0,-0.0
2021-04-12 10:00:00,3877.0120918534444,3340.11,812.6739828883206,-0.0,-0.0,-0.0,0.0,21.121074741764055,20.065021004675852
2021-04-12 11:00:00,4388.191687186573,3285.98,360.5733128134261,-0.0,-0.0,-0.0,0.0,100.0,115.06301450257538
2021-04-12 12:00:00,4566.119991275203,3179.21,216.09600872479768,-0.0,-0.0,-0.0,0.0,100.0,210.05150820112513
2021-04-12 13:00:00,4388.191687186573,3022.2,511.51831281342675,-0.0,-0.0,-0.0,0.0,100.0,305.030503050305
2021-04-12 14:00:00,3877.0120918534444,2823.54,1242.511908146556,-0.0,-0.0,-0.0,0.0,100.0,400.0
2021-04-12 15:00:00,3098.400938389111,2596.98,2160.0,-0.0,89.5420616108886,-0.0,0.0,-0.0,399.96
2021-04-12 16:00:00,2155.970550276328,2359.7000000000003,2160.0,-0.0,1453.0524497236715,-0.0,0.0,-0.0,399.920004
2021-04-12 17:00:00,1184.859935856105,2130.1,2160.0,-0.0,2882.4340641438953,-0.0,0.0,-0.0,399.8800119996
2021-04-12 18:00:00,354.1684487769932,1925.4299999999998,2160.0,512.9555512230063,3500.0,-0.0,100.0,-0.0,294.57686610366324
2021-04-12 19:00:00,-0.0,1759.6000000000001,2160.0,1109.098,3500.0,-0.0,100.0,-0.0,189.28425052231603
2021-04-12 20:00:00,-0.0,1641.43,2160.0,1146.5249999999996,3500.0,-0.0,100.0,-0.0,84.00216420252697
2021-04-12 21:00:00,-0.0,1573.59,2160.0,1033.7279242131972,3500.0,-0.0,79.79407578680139,-0.0,-0.0
2021-04-12 22:00:00,-0.0,1552.3799999999999,2160.0,897.2939999999999,3500.0,-0.0,0.0,-0.0,-0.0
2021-04-12 23:00:00,-0.0,1568.33,2160.0,681.8890000000001,3500.0,-0.0,0.0,-0.0,-0.0
2021-04-13 00:00:00,-0.0,1594.03,2160.0,18.25300000000061,3500.0,-0.0,0.0,-0.0,-0.0
2021-04-13 01:00:00,-0.0,1640.55,2160.0,-0.0,3320.424,-0.0,0.0,-0.0,-0.0
2021-04-13 02:00:00,-0.0,1678.02,2160.0,-0.0,3178.6330000000003,-0.0,0.0,-0.0,-0.0
2021-04-13 03:00:00,-0.0,1692.44,2160.0,-0.0,3157.704,-0.0,0.0,-0.0,-0.0
2021-04-13 04:00:00,-0.0,1673.98,2160.0,-0.0,3289.9109999999996,-0.0,0.0,-0.0,-0.0
2021-04-13 05:00:00,-0.0,1618.48,2160.0,56.883000000000266,3500.0,-0.0,0.0,-0.0,-0.0
2021-04-13 06:00:00,388.4799805291168,1527.9699999999998,2160.0,8.246019470883311,3500.0,-0.0,0.0,-0.0,-0.0
2021-04-13 07:00:00,1254.4256577115957,1410.57,2160.0,-0.0,2977.0073422884043,-0.0,0.0,-0.0,-0.0
2021-04-13 08:00:00,2260.162023334357,1279.32,2160.0,-0.0,2237.658976665643,-0.0,0.0,-0.0,-0.0
2021-04-13 09:00:00,3233.435206913315,1150.55,2160.0,-0.0,1431.980793086685,-0.0,0.0,-0.0,-0.0
2021-04-13 10:00:00,4036.272063888037,1041.6100000000001,2160.0,-0.0,700.0189361119624,-0.0,0.0,-0.0,-0.0
2021-04-13 11:00:00,4562.873056954253,968.5699999999999,2160.0,-0.0,169.3199430457471,-0.0,0.0,-0.0,-0.0
2021-04-13 12:00:00,4746.0999635400685,944.02,2160.0,-0.0,-0.0,-0.0,0.0,65.83396354006891,62.54226536306546
2021-04-13 13:00:00,4562.873056954253,975.3399999999999,2160.0,-0.0,43.452943045746906,-0.0,0.0,-0.0,62.536011136529154
2021-04-13 14:00:00,4036.272063888037,1063.66,2160.0,-0.0,499.8379361119637,-0.0,0.0,-0.0,62.529757535415506
2021-04-13 15:00:00,3233.435206913315,1203.6299999999999,2160.0,-0.0,1261.5727930866847,-0.0,0.0,-0.0,62.523504559661966
2021-04-13 16:00:00,2260.162023334357,1384.1200000000001,2160.0,-0.0,2235.2239766656435,-0.0,0.0,-0.0,62.517252209206
2021-04-13 17:00:00,1254.4256577115957,1589.58,2160.0,-0.0,3261.3023422884053,-0.0,0.0,-0.0,62.51100048398508
2021-04-13 18:00:00,388.4799805291168,1802.1000000000001,2160.0,547.7055075561439,3500.0,-0.0,59.37951191473985,-0.0,-0.0
2021-04-13 19:00:00,-0.0,2003.6799999999998,2160.0,867.393,3500.0,-0.0,0.0,-0.0,-0.0
2021-04-13 20:00:00,-0.0,2178.59,2160.0,609.0740000000005,3500.0,-0.0,0.0,-0.0,-0.0
2021-04-13 21:00:00,-0.0,2315.33,2160.0,268.89700000000084,3500.0,-0.0,0.0,-0.0,-0.0
2021-04-13 22:00:00,-0.0,2408.1,2160.0,-0.0,3436.1700000000005,-0.0,0.0,-0.0,-0.0
2021-04-13 23:00:00,-0.0,2457.45,2160.0,-0.0,3184.923,-0.0,0.0,-0.0,-0.0
2021-04-14 00:00:00,-0.0,2456.37,2160.0,-0.0,2545.688,-0.0,0.0,-0.0,-0.0
2021-04-14 01:00:00,-0.0,2443.96,2160.0,-0.0,2404.505,-0.0,0.0,-0.0,-0.0
2021-04-14 02:00:00,-0.0,2421.71,2160.0,-0.0,2320.232,-0.0,0.0,-0.0,-0.0
2021-04-14 03:00:00,-0.0,2405.98,2160.0,-0.0,2327.337,-0.0,0.0,-0.0,-0.0
2021-04-14 04:00:00,-0.0,2412.0,2160.0,-0.0,2433.0330000000004,-0.0,0.0,-0.0,-0.0
2021-04-14 05:00:00,-0.0,2451.71,2160.0,-0.0,2602.852,-0.0,0.0,-0.0,-0.0
2021-04-14 06:00:00,373.6623770340805,2532.01,2160.0,-0.0,2396.3696229659195,-0.0,0.0,-0.0,-0.0
2021-04-14 07:00:00,1167.2513243015046,2653.76,2160.0,-0.0,1696.5746756984954,-0.0,0.0,-0.0,-0.0
2021-04-14 08:00:00,2083.2010222597482,2811.5099999999998,2160.0,-0.0,756.3439777402523,-0.0,0.0,-0.0,-0.0
2021-04-14 09:00:00,2967.155786766964,2994.25,1886.8992132330363,-0.0,-0.0,-0.0,0.0,-0.0,-0.0
2021-04-14 10:00:00,3695.189931045953,3186.7200000000003,926.8490689540467,-0.0,-0.0,-0.0,0.0,-0.0,-0.0
2021-04-14 11:00:00,4172.316763586123,3371.49,186.43023641387754,-0.0,-0.0,-0.0,0.0,-0.0,-0.0
2021-04-14 12:00:00,4338.255439233447,3414.2195607665535,-0.0,-0.0,-0.0,-0.0,0.0,100.0,95.0
2021-04-14 13:00:00,4172.316763586123,3536.3502364138776,-0.0,-0.0,-0.0,-0.0,0.0,100.0,189.9905
2021-04-14 14:00:00,3695.189931045953,3720.4700000000003,295.61078576124055,-0.0,-0.0,-0.0,0.0,85.58671680719326,271.2788819168336
2021-04-14 15:00:00,2967.155786766964,3734.8199999999997,1121.589213233036,-0.0,-0.0,-0.0,0.0,100.0,366.2517540286419
2021-04-14 16:00:00,2083.2010222597482,3695.91,2160.0,-0.0,-0.0,-0.0,0.0,35.56302225974832,400.0
2021-04-14 17:00:00,1167.2513243015046,3611.81,2160.0,-0.0,1089.5066756984957,-0.0,100.0,-0.0,294.69684210526316
2021-04-14 18:00:00,373.6623770340805,3495.78,2160.0,-0.0,2190.80262296592,-0.0,100.0,-0.0,189.4042145263158
2021-04-14 19:00:00,-0.0,3364.55,2160.0,-0.0,2768.526999999999,-0.0,100.0,-0.0,84.12211621012632
2021-04-14 20:00:00,-0.0,3236.08,2160.0,-0.0,2833.20798120142,-0.0,79.90801879858006,-0.0,-0.0
2021-04-14 21:00:00,-0.0,3127.29,2160.0,-0.0,2818.102,-0.0,0.0,-0.0,-0.0
2021-04-14 22:00:00,-0.0,3051.76,2160.0,-0.0,2653.4119999999994,-0.0,0.0,-0.0,-0.0
2021-04-14 23:00:00,-0.0,3018.0699999999997,2160.0,-0.0,2485.0470000000005,-0.0,0.0,-0.0,-0.0
2021-04-15 00:00:00,-0.0,3015.02,2160.0,-0.0,1847.7189999999996,-0.0,0.0,-0.0,-0.0
2021-04-15 01:00:00,-0.0,3066.11,2160.0,-0.0,1643.0889999999995,-0.0,0.0,-0.0,-0.0
2021-04-15 02:00:00,-0.0,3148.14,2160.0,-0.0,1454.694,-0.0,0.0,-0.0,-0.0
2021-04-15 03:00:00,-0.0,3247.29,2160.0,-0.0,1347.1809999999996,-0.0,0.0,-0.0,-0.0
2021-04-15 04:00:00,-0.0,3347.4100000000003,2160.0,-0.0,1359.145,-0.0,0.0,-0.0,-0.0
2021-04-15 05:00:00,-0.0,3432.3599999999997,2160.0,-0.0,1484.196,-0.0,0.0,-0.0,-0.0
2021-04-15 06:00:00,319.327056775151,3488.28,2160.0,-0.0,1357.0049432248488,-0.0,0.0,-0.0,-0.0
2021-04-15 07:00:00,966.9703110735853,3505.54,2160.0,-0.0,908.325688926415,-0.0,0.0,-0.0,-0.0
2021-04-15 08:00:00,1710.0007326527482,3480.2,2160.0,-0.0,324.88626734725244,-0.0,0.0,-0.0,-0.0
2021-04-15 09:00:00,2425.1765241275207,3414.61,1873.4354758724785,-0.0,-0.0,-0.0,0.0,-0.0,-0.0
2021-04-15 10:00:00,3013.3214013151164,3317.1699999999996,1365.2926734266484,-0.0,-0.0,-0.0,0.0,21.121074741764055,20.065021004675852
2021-04-15 11:00:00,3398.4373853750903,3201.3,1097.4916146249097,-0.0,-0.0,-0.0,0.0,100.0,115.06301450257538
2021-04-15 12:00:00,3532.3256770801354,3083.68,1004.6473229198646,-0.0,-0.0,-0.0,0.0,100.0,210.05150820112513
2021-04-15 13:00:00,3398.4373853750903,2982.09,1197.6036146249098,-0.0,-0.0,-0.0,0.0,100.0,305.030503050305
2021-04-15 14:00:00,3013.3214013151164,2912.98,1670.2305986848833,-0.0,-0.0,-0.0,0.0,100.0,400.0
2021-04-15 15:00:00,2425.1765241275207,2889.3799999999997,2160.0,-0.0,21.3374758724799,-0.0,100.0,-0.0,294.69684210526316
2021-04-15 16:00:00,1710.0007326527482,2919.0899999999997,2160.0,-0.0,888.3612673472524,-0.0,100.0,-0.0,189.4042145263158
2021-04-15 17:00:00,966.9703110735853,3003.65,2160.0,-0.0,1773.520688926414,-0.0,100.0,-0.0,84.12211621012632
2021-04-15 18:00:00,319.327056775151,3138.13,2160.0,-0.0,2500.215924426269,-0.0,79.90801879858006,-0.0,-0.0
2021-04-15 19:00:00,-0.0,3311.7799999999997,2160.0,-0.0,2800.486,-0.0,0.0,-0.0,-0.0
2021-04-15 20:00:00,-0.0,3509.4399999999996,2160.0,-0.0,2520.888000000001,-0.0,0.0,-0.0,-0.0
2021-04-15 21:00:00,-0.0,3713.52,2160.0,-0.0,2115.034,-0.0,0.0,-0.0,-0.0
2021-04-15 22:00:00,-0.0,3906.3599999999997,2160.0,-0.0,1684.0910000000003,-0.0,0.0,-0.0,-0.0
2021-04-15 23:00:00,-0.0,4072.4700000000003,2160.0,-0.0,1318.1269999999995,-0.0,0.0,-0.0,-0.0
2021-04-16 00:00:00,-0.0,4186.91,2160.0,-0.0,565.5879999999997,-0.0,0.0,-0.0,-0.0
2021-04-16 01:00:00,-0.0,4271.4800000000005,2160.0,-0.0,329.84199999999964,-0.0,0.0,-0.0,-0.0
2021-04-16 02:00:00,-0.0,4313.15,2160.0,-0.0,184.25,-0.0,0.0,-0.0,-0.0
2021-04-16 03:00:00,-0.0,4318.69,2160.0,-0.0,172.8670000000002,-0.0,0.0,-0.0,-0.0
2021-04-16 04:00:00,-0.0,4299.92,2160.0,-0.0,306.3149999999996,-0.0,0.0,-0.0,-0.0
2021-04-16 05:00:00,-0.0,4272.0,2160.0,-0.0,546.9009999999998,-0.0,0.0,-0.0,-0.0
2021-04-16 06:00:00,287.9174340650906,4251.24,2160.0,-0.0,530.5355659349098,-0.0,0.0,-0.0,-0.0
2021-04-16 07:00:00,846.7290013816397,4252.77,2160.0,-0.0,189.2209986183601,-0.0,0.0,-0.0,-0.0
2021-04-16 08:00:00,1484.175526455839,4288.39,1813.2744735441609,-0.0,-0.0,-0.0,0.0,-0.0,-0.0
2021-04-16 09:00:00,2096.1394702179923,4364.8,1165.9665297820075,-0.0,-0.0,-0.0,0.0,-0.0,-0.0
2021-04-16 10:00:00,2598.668788916181,4482.62,510.05021108381925,-0.0,-0.0,-0.0,0.0,-0.0,-0.0
2021-04-16 11:00:00,2927.447073866544,4636.16,-0.0,-0.0,-0.0,-0.0,0.0,46.65307386654422,44.32042017321701
2021-04-16 12:00:00,3041.705891669226,4501.778108330775,-0.0,-0.0,-0.0,-0.0,0.0,100.0,139.31598813119967
2021-04-16 13:00:00,2927.447073866544,4576.671926133456,-0.0,-0.0,-0.0,-0.0,0.0,100.0,234.30205653238656
2021-04-16 14:00:00,2598.668788916181,4927.059211083819,-0.0,-0.0,-0.0,-0.0,0.0,100.0,329.27862632673333
2021-04-16 15:00:00,2096.1394702179923,5329.509999999999,102.69452978200843,-0.0,-0.0,-0.0,0.0,-0.0,329.24569846410066
2021-04-16 16:00:00,1484.175526455839,5438.530000000001,790.4954735441604,-0.0,-0.0,-0.0,0.0,-0.0,329.21277389425427
2021-04-16 17:00:00,846.7290013816397,5494.66,1676.3895221795551,-0.0,-0.0,-0.0,0.0,74.54752356119494,400.0
2021-04-16 18:00:00,287.9174340650906,5492.84,2160.0,-0.0,99.29256593490942,-0.0,100.0,-0.0,294.69684210526316
2021-04-16 19:00:00,-0.0,5434.49,2160.0,-0.0,523.6610000000001,-0.0,100.0,-0.0,189.4042145263158
2021-04-16 20:00:00,-0.0,5327.28,2160.0,-0.0,552.3810000000003,-0.0,100.0,-0.0,84.12211621012632
2021-04-16 21:00:00,-0.0,5184.1,2160.0,-0.0,517.3579812014195,-0.0,79.90801879858006,-0.0,-0.0
2021-04-16 22:00:00,-0.0,5021.3099999999995,2160.0,-0.0,525.4590000000007,-0.0,0.0,-0.0,-0.0
2021-04-16 23:00:00,-0.0,4856.58,2160.0,-0.0,493.8649999999998,-0.0,0.0,-0.0,-0.0
2021-04-17 00:00:00,-0.0,4692.78,1746.9679999999998,-0.0,-0.0,-0.0,0.0,-0.0,-0.0
2021-04-17 01:00:00,-0.0,4570.719999999999,1721.4220000000005,-0.0,-0.0,-0.0,0.0,-0.0,-0.0
2021-04-17 02:00:00,-0.0,4485.03,1706.7750000000005,-0.0,-0.0,-0.0,0.0,-0.0,-0.0
2021-04-17 03:00:00,-0.0,4438.0199999999995,1751.5390000000007,-0.0,-0.0,-0.0,0.0,-0.0,-0.0
2021-04-17 04:00:00,-0.0,4425.74,1882.103,-0.0,-0.0,-0.0,0.0,-0.0,-0.0
2021-04-17 05:00:00,-0.0,4438.599999999999,2085.522000000001,-0.0,-0.0,-0.0,0.0,-0.0,-0.0
2021-04-17 06:00:00,314.7554718299049,4462.7699999999995,2001.0035281700962,-0.0,-0.0,-0.0,0.0,-0.0,-0.0
2021-04-17 07:00:00,900.5283002251562,4482.17,1618.4736997748432,-0.0,-0.0,-0.0,0.0,-0.0,-0.0
2021-04-17 08:00:00,1565.059309691946,4480.759999999999,1096.084690308055,-0.0,-0.0,-0.0,0.0,-0.0,-0.0
2021-04-17 09:00:00,2201.4214696039303,4444.85,540.3055303960696,-0.0,-0.0,-0.0,0.0,-0.0,-0.0
2021-04-17 10:00:00,2723.2413980912906,4365.04,66.32560190870936,-0.0,-0.0,-0.0,0.0,-0.0,-0.0
2021-04-17 11:00:00,3064.3666590932353,4119.4403409067645,-0.0,-0.0,-0.0,-0.0,0.0,100.0,95.0
2021-04-17 12:00:00,3182.864358893665,3931.0416411063347,-0.0,-0.0,-0.0,-0.0,0.0,100.0,189.9905
2021-04-17 13:00:00,3064.3666590932353,3857.09,77.7731906447907,-0.0,-0.0,-0.0,0.0,21.13684973802645,210.05150820112513
2021-04-17 14:00:00,2723.2413980912906,3626.5199999999995,753.4706019087098,-0.0,-0.0,-0.0,0.0,100.0,305.030503050305
2021-04-17 15:00:00,2201.4214696039303,3390.89,1617.04153039607,-0.0,-0.0,-0.0,0.0,100.0,400.0
2021-04-17 16:00:00,1565.059309691946,3168.45,2160.0,-0.0,304.1806903080537,-0.0,100.0,-0.0,294.69684210526316
2021-04-17 17:00:00,900.5283002251562,2976.26,2160.0,-0.0,1394.3796997748432,-0.0,100.0,-0.0,189.4042145263158
2021-04-17 18:00:00,314.7554718299049,2827.8799999999997,2160.0,-0.0,2328.7665281700956,-0.0,100.0,-0.0,84.12211621012632
2021-04-17 19:00:00,-0.0,2731.74,2160.0,-0.0,2841.23498120142,-0.0,79.90801879858006,-0.0,-0.0
2021-04-17 20:00:00,-0.0,2689.98,2160.0,-0.0,2887.7540000000004,-0.0,0.0,-0.0,-0.0
2021-04-17 21:00:00,-0.0,2698.31,2160.0,-0.0,2684.4280000000003,-0.0,0.0,-0.0,-0.0
2021-04-17 22:00:00,-0.0,2746.6099999999997,2160.0,-0.0,2404.7850000000008,-0.0,0.0,-0.0,-0.0
2021-04-17 23:00:00,-0.0,2820.34,2160.0,-0.0,2137.9390000000003,-0.0,0.0,-0.0,-0.0
2021-04-18 00:00:00,-0.0,2888.8,2160.0,-0.0,1438.0909999999994,-0.0,0.0,-0.0,-0.0
2021-04-18 01:00:00,-0.0,2962.39,2160.0,-0.0,1219.9990000000003,-0.0,0.0,-0.0,-0.0
2021-04-18 02:00:00,-0.0,3012.5,2160.0,-0.0,1072.6019999999999,-0.0,0.0,-0.0,-0.0
2021-04-18 03:00:00,-0.0,3028.42,2160.0,-0.0,1057.4269999999997,-0.0,0.0,-0.0,-0.0
2021-04-18 04:00:00,-0.0,3005.06,2160.0,-0.0,1202.0030000000002,-0.0,0.0,-0.0,-0.0
2021-04-18 05:00:00,-0.0,2943.58,2160.0,-0.0,1482.6310000000003,-0.0,0.0,-0.0,-0.0
2021-04-18 06:00:00,364.37133916692255,2851.2,2160.0,-0.0,1467.849660833078,-0.0,0.0,-0.0,-0.0
2021-04-18 07:00:00,1015.7667433732477,2740.11,2160.0,-0.0,1152.9232566267524,-0.0,0.0,-0.0,-0.0
2021-04-18 08:00:00,1750.8492612066323,2625.81,2160.0,-0.0,675.5387387933681,-0.0,0.0,-0.0,-0.0
2021-04-18 09:00:00,2453.061960060383,2524.9,2160.0,-0.0,121.50303993961688,-0.0,0.0,-0.0,-0.0
2021-04-18 10:00:00,3028.077393153209,2452.74,1749.1966068467914,-0.0,-0.0,-0.0,0.0,-0.0,-0.0
2021-04-18 11:00:00,3403.668215049637,2421.28,1357.8298596921277,-0.0,-0.0,-0.0,0.0,21.121074741764055,20.065021004675852
2021-04-18 12:00:00,3534.1000928001235,2437.35,1222.669907199877,-0.0,-0.0,-0.0,0.0,100.0,115.06301450257538
2021-04-18 13:00:00,3403.668215049637,2501.6,1255.3227849503628,-0.0,-0.0,-0.0,0.0,100.0,210.05150820112513
2021-04-18 14:00:00,3028.077393153209,2608.35,1551.5036068467912,-0.0,-0.0,-0.0,0.0,100.0,305.030503050305
2021-04-18 15:00:00,2453.061960060383,2746.17,2096.938039939617,-0.0,-0.0,-0.0,0.0,100.0,400.0
2021-04-18 16:00:00,1750.8492612066323,2899.37,2160.0,-0.0,476.3177387933681,-0.0,100.0,-0.0,294.69684210526316
2021-04-18 17:00:00,1015.7667433732477,3049.98,2160.0,-0.0,1296.211256626752,-0.0,100.0,-0.0,189.4042145263158
2021-04-18 18:00:00,364.37133916692255,3180.06,2160.0,-0.0,2019.6136608330776,-0.0,100.0,-0.0,84.12211621012632
2021-04-18 19:00:00,-0.0,3274.06,2160.0,-0.0,2397.367606232835,-0.0,75.86039376716442,-0.0,4.260657927805918
2021-04-18 20:00:00,-0.0,3320.7599999999998,2160.0,-0.0,2353.0490000000004,-0.0,0.0,-0.0,4.260231862013137
2021-04-18 21:00:00,-0.0,3314.7700000000004,2160.0,-0.0,2165.6179999999995,-0.0,0.0,-0.0,4.259805838826936
2021-04-18 22:00:00,-0.0,3257.1,2160.0,-0.0,1993.426,-0.0,0.0,-0.0,4.2593798582430535
2021-04-18 23:00:00,-0.0,3155.04,2160.0,-0.0,1903.754,-0.0,0.0,-0.0,4.2589539202572295
2021-04-19 00:00:00,-0.0,3007.2700000000004,2160.0,-0.0,1857.5769999999993,-0.0,0.0,-0.0,4.258528024865204
2021-04-19 01:00:00,-0.0,2857.25,2160.0,-0.0,1864.2830000000004,-0.0,0.0,-0.0,4.258102172062718
2021-04-19 02:00:00,-0.0,2708.4399999999996,2160.0,-0.0,1916.893,-0.0,0.0,-0.0,4.257676361845512
2021-04-19 03:00:00,-0.0,2576.98,2160.0,-0.0,2050.0849999999996,-0.0,0.0,-0.0,4.257250594209327
2021-04-19 04:00:00,-0.0,2475.7799999999997,2160.0,-0.0,2273.3860000000004,-0.0,0.0,-0.0,4.256824869149906
2021-04-19 05:00:00,-0.0,2412.7599999999998,2160.0,-0.0,2556.336,-0.0,0.0,-0.0,4.256399186662991
2021-04-19 06:00:00,392.3553537508956,2389.84,2160.0,-0.0,2444.790646249104,-0.0,0.0,-0.0,4.2559735467443245
2021-04-19 07:00:00,1067.2925720755297,2402.66,2160.0,-0.0,1982.9884279244702,-0.0,0.0,-0.0,4.25554794938965
2021-04-19 08:00:00,1825.0974689898683,2441.25,2160.0,-0.0,1330.4635310101314,-0.0,0.0,-0.0,4.255122394594712
2021-04-19 09:00:00,2547.3031505219533,2491.4700000000003,2160.0,-0.0,605.6718494780462,-0.0,0.0,-0.0,4.254696882355252
2021-04-19 10:00:00,3137.8755269931426,2536.93,2160.0,-0.0,-0.0,-0.0,0.0,59.54852699314279,60.82537205615266
2021-04-19 11:00:00,3523.3365363320036,2561.35,1722.371463667997,-0.0,-0.0,-0.0,0.0,100.0,155.81928951894704
2021-04-19 12:00:00,3657.138571717327,2550.81,1531.6254282826721,-0.0,-0.0,-0.0,0.0,100.0,250.80370758999516
2021-04-19 13:00:00,3523.3365363320036,2495.7599999999998,1686.8954636679964,-0.0,-0.0,-0.0,0.0,100.0,345.77862721923617
2021-04-19 14:00:00,3137.8755269931426,2392.4100000000003,2160.0,-0.0,-0.0,-0.0,0.0,57.11152699314289,400.0
2021-04-19 15:00:00,2547.3031505219533,2243.38,2160.0,-0.0,790.4668494780462,-0.0,0.0,-0.0,399.96
2021-04-19 16:00:00,1825.0974689898683,2057.44,2160.0,-0.0,1888.6125310101313,-0.0,0.0,-0.0,399.920004
2021-04-19 17:00:00,1067.2925720755297,1848.47,2160.0,-0.0,3090.33642792447,-0.0,0.0,-0.0,399.8800119996
2021-04-19 18:00:00,392.3553537508956,1633.7199999999998,2160.0,581.5346462491052,3500.0,-0.0,100.0,-0.0,294.57686610366324
2021-04-19 19:00:00,-0.0,1431.6000000000001,2160.0,1258.5730000000003,3500.0,-0.0,100.0,-0.0,189.28425052231603
2021-04-19 20:00:00,-0.0,1259.3,2160.0,1356.6109999999999,3500.0,-0.0,100.0,-0.0,84.00216420252697
2021-04-19 21:00:00,-0.0,1130.6299999999999,2160.0,1311.1819242131987,3500.0,-0.0,79.79407578680139,-0.0,-0.0
2021-04-19 22:00:00,-0.0,1054.24,2160.0,1236.5169999999998,3500.0,-0.0,0.0,-0.0,-0.0
2021-04-19 23:00:00,-0.0,1032.58,2160.0,1065.357,3500.0,-0.0,0.0,-0.0,-0.0
2021-04-20 00:00:00,-0.0,1047.8999999999999,2160.0,418.76800000000003,3500.0,-0.0,0.0,-0.0,-0.0
2021-04-20 01:00:00,-0.0,1117.95,2160.0,204.1180000000004,3500.0,-0.0,0.0,-0.0,-0.0
2021-04-20 02:00:00,-0.0,1214.8,2160.0,9.684000000000196,3500.0,-0.0,0.0,-0.0,-0.0
2021-04-20 03:00:00,-0.0,1321.84,2160.0,-0.0,3402.8959999999997,-0.0,0.0,-0.0,-0.0
2021-04-20 04:00:00,-0.0,1422.39,2160.0,-0.0,3422.871,-0.0,0.0,-0.0,-0.0
2021-04-20 05:00:00,-0.0,1501.95,2160.0,61.57099999999991,3500.0,-0.0,0.0,-0.0,-0.0
2021-04-20 06:00:00,418.09670402210634,1550.1999999999998,2160.0,-0.0,3351.3522959778943,-0.0,0.0,-0.0,-0.0
2021-04-20 07:00:00,1111.258650470781,1562.4099999999999,2160.0,-0.0,2870.0823495292193,-0.0,0.0,-0.0,-0.0
2021-04-20 08:00:00,1885.7418229198652,1540.0900000000001,2160.0,-0.0,2259.8461770801346,-0.0,0.0,-0.0,-0.0
2021-04-20 09:00:00,2622.1366690461573,1490.79,2160.0,-0.0,1618.3543309538427,-0.0,0.0,-0.0,-0.0
2021-04-20 10:00:00,3223.521891311023,1427.0,2160.0,-0.0,1049.455108688977,-0.0,0.0,-0.0,-0.0
2021-04-20 11:00:00,3615.7355382509472,1364.4899999999998,2160.0,-0.0,649.350461749053,-0.0,0.0,-0.0,-0.0
2021-04-20 12:00:00,3751.8418496059776,1320.08,2160.0,-0.0,487.8861503940225,-0.0,0.0,-0.0,-0.0
2021-04-20 13:00:00,3615.7355382509472,1309.32,2160.0,-0.0,598.8064617490531,-0.0,0.0,-0.0,-0.0
2021-04-20 14:00:00,3223.521891311023,1344.3,2160.0,-0.0,980.7791086889765,-0.0,0.0,-0.0,-0.0
2021-04-20 15:00:00,2622.1366690461573,1431.9299999999998,2160.0,-0.0,1599.9913309538433,-0.0,0.0,-0.0,-0.0
2021-04-20 16:00:00,1885.7418229198652,1572.9199999999998,2160.0,-0.0,2382.8021770801347,-0.0,0.0,-0.0,-0.0
2021-04-20 17:00:00,1111.258650470781,1761.54,2160.0,-0.0,3200.9483495292184,-0.0,0.0,-0.0,-0.0
2021-04-20 18:00:00,418.09670402210634,1986.3,2160.0,368.1262959778928,3500.0,-0.0,0.0,-0.0,-0.0
2021-04-20 19:00:00,-0.0,2231.38,2160.0,620.9019999999991,3500.0,-0.0,0.0,-0.0,-0.0
2021-04-20 20:00:00,-0.0,2478.62,2160.0,296.53200000000015,3500.0,-0.0,0.0,-0.0,-0.0
2021-04-20 21:00:00,-0.0,2709.84,2160.0,-0.0,3368.0750000000007,-0.0,0.0,-0.0,-0.0
2021-04-20 22:00:00,-0.0,2909.1800000000003,2160.0,-0.0,2934.8939999999993,-0.0,0.0,-0.0,-0.0
2021-04-20 23:00:00,-0.0,3065.0899999999997,2160.0,-0.0,2583.1150000000002,-0.0,0.0,-0.0,-0.0
2021-04-21 00:00:00,-0.0,3157.99,2160.0,-0.0,1855.857,-0.0,0.0,-0.0,-0.0
2021-04-21 01:00:00,-0.0,3216.0,2160.0,-0.0,1650.089,-0.0,0.0,-0.0,-0.0
2021-04-21 02:00:00,-0.0,3232.14,2160.0,-0.0,1533.158,-0.0,0.0,-0.0,-0.0
2021-04-21 03:00:00,-0.0,3218.35,2160.0,-0.0,1543.9460000000004,-0.0,0.0,-0.0,-0.0
2021-04-21 04:00:00,-0.0,3190.0,2160.0,-0.0,1689.5209999999997,-0.0,0.0,-0.0,-0.0
2021-04-21 05:00:00,1.3554564527683965,3163.73,2160.0,-0.0,1929.3565435472317,-0.0,0.0,-0.0,-0.0
2021-04-21 06:00:00,489.84347853341535,3155.0699999999997,2160.0,-0.0,1702.2765214665847,-0.0,0.0,-0.0,-0.0
2021-04-21 07:00:00,1273.69162283799,3176.34,2160.0,-0.0,1117.84437716201,-0.0,0.0,-0.0,-0.0
2021-04-21 08:00:00,2145.404151110429,3234.8199999999997,2160.0,-0.0,326.13084888957064,-0.0,0.0,-0.0,-0.0
2021-04-21 09:00:00,2972.3989387729,3331.81,1604.2700612271,-0.0,-0.0,-0.0,0.0,-0.0,-0.0
2021-04-21 10:00:00,3646.9048754989262,3462.3199999999997,764.4441245010739,-0.0,-0.0,-0.0,0.0,-0.0,-0.0
2021-04-21 11:00:00,4086.4732419660227,3615.79,97.47475803397765,-0.0,-0.0,-0.0,0.0,-0.0,-0.0
2021-04-21 12:00:00,4238.955931736773,3587.463068263227,-0.0,-0.0,-0.0,-0.0,0.0,100.0,95.0
2021-04-21 13:00:00,4086.4732419660227,3700.4297580339776,-0.0,-0.0,-0.0,-0.0,0.0,100.0,189.9905
2021-04-21 14:00:00,3646.9048754989262,4057.87,24.418974239099953,-0.0,-0.0,-0.0,0.0,21.13684973802645,210.05150820112513
2021-04-21 15:00:00,2972.3989387729,4145.33,792.1880612271007,-0.0,-0.0,-0.0,0.0,100.0,305.030503050305
2021-04-21 16:00:00,2145.404151110429,4182.81,1765.5018488895707,-0.0,-0.0,-0.0,0.0,100.0,400.0
2021-04-21 17:00:00,1273.69162283799,4166.13,2160.0,-0.0,522.5653771620105,-0.0,100.0,-0.0,294.69684210526316
2021-04-21 18:00:00,489.84347853341535,4097.54,2160.0,-0.0,1570.1635214665853,-0.0,100.0,-0.0,189.4042145263158
2021-04-21 19:00:00,1.3554564527683965,3985.49,2160.0,-0.0,2246.8455435472324,-0.0,100.0,-0.0,84.12211621012632
2021-04-21 20:00:00,-0.0,3843.62,2160.0,-0.0,2329.4199812014203,-0.0,79.90801879858006,-0.0,-0.0
2021-04-21 21:00:00,-0.0,3688.97,2160.0,-0.0,2363.1349999999998,-0.0,0.0,-0.0,-0.0
2021-04-21 22:00:00,-0.0,3539.83,2160.0,-0.0,2274.8370000000004,-0.0,0.0,-0.0,-0.0
2021-04-21 23:00:00,-0.0,3413.3,2160.0,-0.0,2201.9129999999996,-0.0,0.0,-0.0,-0.0
2021-04-22 00:00:00,-0.0,3309.4,2160.0,-0.0,1667.9059999999995,-0.0,0.0,-0.0,-0.0
2021-04-22 01:00:00,-0.0,3264.38,2160.0,-0.0,1561.6170000000002,-0.0,0.0,-0.0,-0.0
2021-04-22 02:00:00,-0.0,3267.02,2160.0,-0.0,1454.6560000000004,-0.0,0.0,-0.0,-0.0
2021-04-22 03:00:00,-0.0,3313.4799999999996,2160.0,-0.0,1401.6870000000008,-0.0,0.0,-0.0,-0.0
2021-04-22 04:00:00,-0.0,3394.2,2160.0,-0.0,1434.7150000000001,-0.0,0.0,-0.0,-0.0
2021-04-22 05:00:00,6.6232531214819375,3495.26,2160.0,-0.0,1538.5027468785183,-0.0,0.0,-0.0,-0.0
2021-04-22 06:00:00,591.2069765377138,3600.38,2160.0,-0.0,1098.1320234622863,-0.0,0.0,-0.0,-0.0
2021-04-22 07:00:00,1505.6040607409684,3693.21,2160.0,-0.0,308.2119392590314,-0.0,0.0,-0.0,-0.0
2021-04-22 08:00:00,2517.939034822434,3759.6200000000003,1524.6049651775652,-0.0,-0.0,-0.0,0.0,-0.0,-0.0
2021-04-22 09:00:00,3476.252908095385,3789.72,575.017091904615,-0.0,-0.0,-0.0,0.0,-0.0,-0.0
2021-04-22 10:00:00,4256.878762741788,3580.997080735892,-0.0,-0.0,-0.0,-0.0,0.0,34.95184347767952,33.20425130379554
2021-04-22 11:00:00,4765.242705352574,3060.5432946474257,-0.0,-0.0,-0.0,-0.0,0.0,100.0,128.20093087866516
2021-04-22 12:00:00,4941.525978200799,2807.7840217992016,-0.0,-0.0,-0.0,-0.0,0.0,100.0,223.1881107855773
2021-04-22 13:00:00,4765.242705352574,2941.446294647426,-0.0,-0.0,-0.0,-0.0,0.0,100.0,318.16579197449875
2021-04-22 14:00:00,4256.878762741788,3454.09,-0.0,-0.0,-0.0,-0.0,0.0,86.17476274178807,400.0
2021-04-22 15:00:00,3476.252908095385,3371.15,876.2580919046154,-0.0,-0.0,-0.0,0.0,-0.0,399.96
2021-04-22 16:00:00,2517.939034822434,3320.1000000000004,2066.5741714933556,-0.0,-0.0,-0.0,0.0,0.08420631578946756,400.0
2021-04-22 17:00:00,1505.6040607409684,3313.47,2160.0,-0.0,1051.256939259032,-0.0,100.0,-0.0,294.69684210526316
2021-04-22 18:00:00,591.2069765377138,3358.59,2160.0,-0.0,2112.8910234622863,-0.0,100.0,-0.0,189.4042145263158
2021-04-22 19:00:00,6.6232531214819375,3456.5499999999997,2160.0,-0.0,2672.922746878518,-0.0,100.0,-0.0,84.12211621012632
2021-04-22 20:00:00,-0.0,3601.98,2160.0,-0.0,2470.79898120142,-0.0,79.90801879858006,-0.0,-0.0
2021-04-22 21:00:00,-0.0,3783.7,2160.0,-0.0,2165.5510000000004,-0.0,0.0,-0.0,-0.0
2021-04-22 22:00:00,-0.0,3986.17,2160.0,-0.0,1723.1229999999996,-0.0,0.0,-0.0,-0.0
2021-04-22 23:00:00,-0.0,4191.46,2160.0,-0.0,1315.9359999999997,-0.0,0.0,-0.0,-0.0
2021-04-23 00:00:00,-0.0,4367.8,2160.0,-0.0,499.35099999999966,-0.0,0.0,-0.0,-0.0
2021-04-23 01:00:00,-0.0,4527.01,2160.0,-0.0,186.54799999999977,-0.0,0.0,-0.0,-0.0
2021-04-23 02:00:00,-0.0,4643.85,2123.1849999999995,-0.0,-0.0,-0.0,0.0,-0.0,-0.0
2021-04-23 03:00:00,-0.0,4712.54,2133.160134553733,-0.0,-0.0,-0.0,0.0,87.29013455373293,82.92562782604628
2021-04-23 04:00:00,-0.0,4733.66,2160.0,-0.0,-0.0,-0.0,0.0,23.532999999999447,105.27368526326316
2021-04-23 05:00:00,13.918073303653673,4713.92,2160.0,-0.0,91.816926696346,-0.0,100.0,-0.0,-0.0
2021-04-23 06:00:00,640.5455914184834,4665.150000000001,2021.4394085815163,-0.0,-0.0,-0.0,0.0,-0.0,-0.0
2021-04-23 07:00:00,1599.3708414440696,4602.570000000001,1340.73915855593,-0.0,-0.0,-0.0,0.0,-0.0,-0.0
2021-04-23 08:00:00,2656.3003328216155,4542.610000000001,477.2376671783841,-0.0,-0.0,-0.0,0.0,-0.0,-0.0
2021-04-23 09:00:00,3654.723394765122,4058.674605234878,-0.0,-0.0,-0.0,-0.0,0.0,-0.0,-0.0
2021-04-23 10:00:00,4467.023802246445,3206.8281977535553,-0.0,-0.0,-0.0,-0.0,0.0,-0.0,-0.0
2021-04-23 11:00:00,4995.633335329036,2620.8187394127285,-0.0,-0.0,-0.0,-0.0,0.0,21.121074741764055,20.065021004675852
2021-04-23 12:00:00,5178.878725411934,2438.689274588066,-0.0,-0.0,-0.0,-0.0,0.0,100.0,115.06301450257538
2021-04-23 13:00:00,4995.633335329036,2578.1266646709646,-0.0,-0.0,-0.0,-0.0,0.0,100.0,210.05150820112513
2021-04-23 14:00:00,4467.023802246445,3123.7531977535555,-0.0,-0.0,-0.0,-0.0,0.0,100.0,305.030503050305
2021-04-23 15:00:00,3654.723394765122,4033.9356052348776,-0.0,-0.0,-0.0,-0.0,0.0,100.0,400.0
2021-04-23 16:00:00,2656.3003328216155,5025.2699999999995,87.07166717838481,-0.0,-0.0,-0.0,0.0,-0.0,399.96
2021-04-23 17:00:00,1599.3708414440696,5110.26,1284.11436487172,-0.0,-0.0,-0.0,0.0,0.08420631578946756,400.0
2021-04-23 18:00:00,640.5455914184834,5152.57,2160.0,-0.0,132.22240858151667,-0.0,100.0,-0.0,294.69684210526316
2021-04-23 19:00:00,13.918073303653673,5141.85,2160.0,-0.0,842.401926696346,-0.0,100.0,-0.0,189.4042145263158
2021-04-23 20:00:00,-0.0,5073.6,2160.0,-0.0,840.6889999999994,-0.0,100.0,-0.0,84.12211621012632
2021-04-23 21:00:00,-0.0,4949.79,2160.0,-0.0,780.7869812014196,-0.0,79.90801879858006,-0.0,-0.0
2021-04-23 22:00:00,-0.0,4778.64,2160.0,-0.0,791.625,-0.0,0.0,-0.0,-0.0
2021-04-23 23:00:00,-0.0,4573.5599999999995,2160.0,-0.0,794.6500000000005,-0.0,0.0,-0.0,-0.0
2021-04-24 00:00:00,-0.0,4337.68,2160.0,-0.0,-0.0,-0.0,0.0,45.88600000000042,43.5917000000004
2021-04-24 01:00:00,-0.0,4116.66,2160.0,-0.0,-0.0,-0.0,21.59400000000005,-0.0,20.856814514210875
2021-04-24 02:00:00,-0.0,3913.8,2160.0,-0.0,98.27700760887846,-0.0,19.811992391121482,-0.0,-0.0
2021-04-24 03:00:00,-0.0,3742.87,2160.0,-0.0,280.65599999999995,-0.0,0.0,-0.0,-0.0
2021-04-24 04:00:00,-0.0,3612.59,2160.0,-0.0,523.0199999999995,-0.0,0.0,-0.0,-0.0
2021-04-24 05:00:00,19.986821512639445,3525.62,2160.0,-0.0,800.0041784873605,-0.0,0.0,-0.0,-0.0
2021-04-24 06:00:00,599.0193346382152,3478.26,2160.0,-0.0,516.3876653617849,-0.0,0.0,-0.0,-0.0
2021-04-24 07:00:00,1467.8915655255348,3461.15,2040.8494344744647,-0.0,-0.0,-0.0,0.0,-0.0,-0.0
2021-04-24 08:00:00,2421.6954655101836,3460.62,1221.8265344898164,-0.0,-0.0,-0.0,0.0,-0.0,-0.0
2021-04-24 09:00:00,3320.849825785488,3460.71,360.71717421451194,-0.0,-0.0,-0.0,0.0,-0.0,-0.0
2021-04-24 10:00:00,4051.508626650292,3073.3304480914717,-0.0,-0.0,-0.0,-0.0,0.0,21.121074741764055,20.065021004675852
2021-04-24 11:00:00,4526.663886168253,2599.6201138317465,-0.0,-0.0,-0.0,-0.0,0.0,100.0,115.06301450257538
2021-04-24 12:00:00,4691.3272005168365,2358.380799483163,-0.0,-0.0,-0.0,-0.0,0.0,100.0,210.05150820112513
2021-04-24 13:00:00,4526.663886168253,2480.5221138317465,-0.0,-0.0,-0.0,-0.0,0.0,100.0,305.030503050305
2021-04-24 14:00:00,4051.508626650292,2974.0783733497083,-0.0,-0.0,-0.0,-0.0,0.0,100.0,400.0
2021-04-24 15:00:00,3320.849825785488,2831.21,872.9312794776697,-0.0,-0.0,-0.0,0.0,0.04210526315791628,400.0
2021-04-24 16:00:00,2421.6954655101836,2617.03,2160.0,-0.0,-0.0,-0.0,7.78153448981584,-0.0,391.7689110633517
2021-04-24 17:00:00,1467.8915655255348,2401.95,2160.0,-0.0,1303.3554344744655,-0.0,100.0,-0.0,286.4665762775086
2021-04-24 18:00:00,599.0193346382152,2203.85,2160.0,-0.0,2563.7666653617853,-0.0,100.0,-0.0,181.174771725144
2021-04-24 19:00:00,19.986821512639445,2039.3600000000001,2160.0,-0.0,3381.9741784873604,-0.0,100.0,-0.0,75.89349635323465
2021-04-24 20:00:00,-0.0,1921.62,2160.0,-0.0,3465.6713883465804,-0.0,72.09161165341936,-0.0,-0.0
2021-04-24 21:00:00,-0.0,1858.57,2160.0,-0.0,3399.0390000000007,-0.0,0.0,-0.0,-0.0
2021-04-24 22:00:00,-0.0,1851.8799999999999,2160.0,-0.0,3167.626,-0.0,0.0,-0.0,-0.0
2021-04-24 23:00:00,-0.0,1896.75,2160.0,-0.0,2922.9030000000002,-0.0,0.0,-0.0,-0.0
2021-04-25 00:00:00,-0.0,1968.8,2160.0,-0.0,2212.9030000000002,-0.0,0.0,-0.0,-0.0
2021-04-25 01:00:00,-0.0,2080.4900000000002,2160.0,-0.0,1950.0369999999998,-0.0,0.0,-0.0,-0.0
2021-04-25 02:00:00,-0.0,2200.62,2160.0,-0.0,1725.9849999999997,-0.0,0.0,-0.0,-0.0
2021-04-25 03:00:00,-0.0,2311.62,2160.0,-0.0,1609.1419999999998,-0.0,0.0,-0.0,-0.0
2021-04-25 04:00:00,-0.0,2398.14,2160.0,-0.0,1637.2999999999997,-0.0,0.0,-0.0,-0.0
2021-04-25 05:00:00,24.108641362194252,2449.05,2160.0,-0.0,1774.9473586378053,-0.0,0.0,-0.0,-0.0
2021-04-25 06:00:00,528.4986321000922,2458.85,2160.0,-0.0,1511.549367899908,-0.0,0.0,-0.0,-0.0
2021-04-25 07:00:00,1272.2067819056394,2428.33,2160.0,-0.0,1017.3882180943608,-0.0,0.0,-0.0,-0.0
2021-04-25 08:00:00,2085.3389467557063,2364.37,2160.0,-0.0,405.3360532442939,-0.0,0.0,-0.0,-0.0
2021-04-25 09:00:00,2850.3524075324945,2278.9,1926.8585924675049,-0.0,-0.0,-0.0,0.0,-0.0,-0.0
2021-04-25 10:00:00,3471.287008545697,2187.18,1362.0769914543025,-0.0,-0.0,-0.0,0.0,-0.0,-0.0
2021-04-25 11:00:00,3874.8125557005433,2105.62,986.847519041221,-0.0,-0.0,-0.0,0.0,21.121074741764055,20.065021004675852
2021-04-25 12:00:00,4014.6094053065203,2049.45,908.6295946934802,-0.0,-0.0,-0.0,0.0,100.0,115.06301450257538
2021-04-25 13:00:00,3874.8125557005433,2030.5500000000002,1027.9614442994562,-0.0,-0.0,-0.0,0.0,100.0,210.05150820112513
2021-04-25 14:00:00,3471.287008545697,2055.75,1427.895991454303,-0.0,-0.0,-0.0,0.0,100.0,305.030503050305
2021-04-25 15:00:00,2850.3524075324945,2125.73,2081.466592467505,-0.0,-0.0,-0.0,0.0,100.0,400.0
2021-04-25 16:00:00,2085.3389467557063,2234.9,2160.0,-0.0,562.1670532442936,-0.0,100.0,-0.0,294.69684210526316
2021-04-25 17:00:00,1272.2067819056394,2371.99,2160.0,-0.0,1468.2392180943605,-0.0,100.0,-0.0,189.4042145263158
2021-04-25 18:00:00,528.4986321000922,2521.51,2160.0,-0.0,2259.2463678999075,-0.0,100.0,-0.0,84.12211621012632
2021-04-25 19:00:00,24.108641362194252,2665.74,2160.0,-0.0,2736.689725335691,-0.0,60.81763330211455,-0.0,20.095142627858422
2021-04-25 20:00:00,-0.0,2787.04,2160.0,-0.0,2621.826,-0.0,0.0,-0.0,20.093133113595638
2021-04-25 21:00:00,-0.0,2870.19,2160.0,-0.0,2340.381,-0.0,0.0,-0.0,20.09112380028428
2021-04-25 22:00:00,-0.0,2904.35,2160.0,-0.0,2071.6240000000003,-0.0,0.0,-0.0,20.08911468790425
2021-04-25 23:00:00,-0.0,2884.53,2160.0,-0.0,1895.1199999999994,-0.0,0.0,-0.0,20.08710577643546
2021-04-26 00:00:00,-0.0,2798.4399999999996,2160.0,-0.0,1782.9990000000007,-0.0,0.0,-0.0,20.085097065857816
2021-04-26 01:00:00,-0.0,2681.2799999999997,2160.0,-0.0,1752.5529999999999,-0.0,0.0,-0.0,20.083088556151232
2021-04-26 02:00:00,-0.0,2532.2400000000002,2160.0,-0.0,1801.2559999999999,-0.0,0.0,-0.0,20.081080247295617
2021-04-26 03:00:00,-0.0,2367.7000000000003,2160.0,-0.0,1963.5499999999997,-0.0,0.0,-0.0,20.079072139270888
2021-04-26 04:00:00,-0.0,2205.37,2160.0,-0.0,2244.1639999999998,-0.0,0.0,-0.0,20.077064232056962
2021-04-26 05:00:00,29.425727356463007,2061.85,2160.0,-0.0,2574.537272643537,-0.0,0.0,-0.0,20.075056525633755
2021-04-26 06:00:00,505.91179866441524,1950.5,2160.0,-0.0,2463.808201335585,-0.0,0.0,-0.0,20.07304901998119
2021-04-26 07:00:00,1197.3609410500462,1879.68,2160.0,-0.0,2065.8220589499538,-0.0,0.0,-0.0,20.071041715079193
2021-04-26 08:00:00,1950.4402238767786,1851.69,2160.0,-0.0,1481.4647761232216,-0.0,0.0,-0.0,20.069034610907686
2021-04-26 09:00:00,2657.59417761744,1862.5700000000002,2160.0,-0.0,808.1038223825599,-0.0,0.0,-0.0,20.067027707446595
2021-04-26 10:00:00,3230.9029678129164,1902.7,2160.0,-0.0,162.6950321870836,-0.0,0.0,-0.0,20.065021004675852
2021-04-26 11:00:00,3603.2406942227003,1958.22,1924.037305777299,-0.0,-0.0,-0.0,0.0,100.0,115.06301450257538
2021-04-26 12:00:00,3732.1877310408354,2012.99,1670.4192689591646,-0.0,-0.0,-0.0,0.0,100.0,210.05150820112513
2021-04-26 13:00:00,3603.2406942227003,2050.94,1725.6033057772988,-0.0,-0.0,-0.0,0.0,100.0,305.030503050305
2021-04-26 14:00:00,3230.9029678129164,2058.3,2115.7200321870832,-0.0,-0.0,-0.0,0.0,100.0,400.0
2021-04-26 15:00:00,2657.59417761744,2025.62,2160.0,-0.0,567.8308223825602,-0.0,0.0,-0.0,399.96
2021-04-26 16:00:00,1950.4402238767786,1949.16,2160.0,-0.0,1539.7807761232218,-0.0,0.0,-0.0,399.920004
2021-04-26 17:00:00,1197.3609410500462,1831.5,2160.0,-0.0,2643.9990589499535,-0.0,0.0,-0.0,399.8800119996
2021-04-26 18:00:00,505.91179866441524,1681.3400000000001,2160.0,85.84220133558483,3500.0,-0.0,100.0,-0.0,294.57686610366324
2021-04-26 19:00:00,29.425727356463007,1512.4399999999998,2160.0,812.7082726435374,3500.0,-0.0,100.0,-0.0,189.28425052231603
2021-04-26 20:00:00,-0.0,1341.85,2160.0,937.5750000000007,3500.0,-0.0,100.0,-0.0,84.00216420252697
2021-04-26 21:00:00,-0.0,1187.73,2160.0,916.9049242131987,3500.0,-0.0,79.79407578680139,-0.0,-0.0
2021-04-26 22:00:00,-0.0,1066.98,2160.0,886.1059999999998,3500.0,-0.0,0.0,-0.0,-0.0
2021-04-26 23:00:00,-0.0,993.0600000000001,2160.0,766.9099999999999,3500.0,-0.0,0.0,-0.0,-0.0
2021-04-27 00:00:00,-0.0,960.51,2160.0,168.30199999999968,3500.0,-0.0,0.0,-0.0,-0.0
2021-04-27 01:00:00,-0.0,998.79,2160.0,-0.0,3485.5200000000004,-0.0,0.0,-0.0,-0.0
2021-04-27 02:00:00,-0.0,1089.74,2160.0,-0.0,3297.2830000000004,-0.0,0.0,-0.0,-0.0
2021-04-27 03:00:00,-0.0,1223.08,2160.0,-0.0,3164.688,-0.0,0.0,-0.0,-0.0
2021-04-27 04:00:00,-0.0,1384.1100000000001,2160.0,-0.0,3124.8740000000003,-0.0,0.0,-0.0,-0.0
2021-04-27 05:00:00,36.794481526967566,1555.7099999999998,2160.0,-0.0,3135.627518473032,-0.0,0.0,-0.0,-0.0
2021-04-27 06:00:00,519.7066486541808,1720.6399999999999,2160.0,-0.0,2744.995351345819,-0.0,0.0,-0.0,-0.0
2021-04-27 07:00:00,1210.29938900829,1863.84,2160.0,-0.0,2136.5816109917096,-0.0,0.0,-0.0,-0.0
2021-04-27 08:00:00,1959.6573277556038,1974.46,2160.0,-0.0,1420.0016722443959,-0.0,0.0,-0.0,-0.0
2021-04-27 09:00:00,2661.9870887575485,2047.2199999999998,2160.0,-0.0,692.1789112424522,-0.0,0.0,-0.0,-0.0
2021-04-27 10:00:00,3230.7674221676393,2083.12,2160.0,-0.0,58.047577832361185,-0.0,0.0,-0.0,-0.0
2021-04-27 11:00:00,3599.9136647477235,2089.18,1874.4843352522776,-0.0,-0.0,-0.0,0.0,100.0,95.0
2021-04-27 12:00:00,3727.727047078089,2077.44,1690.8739529219115,-0.0,-0.0,-0.0,0.0,100.0,189.9905
2021-04-27 13:00:00,3599.9136647477235,2063.2200000000003,1799.378335252276,-0.0,-0.0,-0.0,0.0,100.0,284.97150095
2021-04-27 14:00:00,3230.7674221676393,2062.94,2160.0,-0.0,-0.0,-0.0,0.0,63.85542216763952,345.60565485916254
2021-04-27 15:00:00,2661.9870887575485,2091.79,2160.0,-0.0,484.3139112424519,-0.0,100.0,-0.0,240.30793639893983
2021-04-27 16:00:00,1959.6573277556038,2161.56,2160.0,-0.0,1307.240672244396,-0.0,100.0,-0.0,135.0207477105631
2021-04-27 17:00:00,1210.29938900829,2278.89,2160.0,-0.0,2174.6896109917097,-0.0,100.0,-0.0,29.744087741055225
2021-04-27 18:00:00,519.7066486541808,2444.3,2160.0,-0.0,2973.7052936801524,-0.0,28.254057665667066,-0.0,-0.0
2021-04-27 19:00:00,36.794481526967566,2651.8999999999996,2160.0,-0.0,3360.5145184730336,-0.0,0.0,-0.0,-0.0
2021-04-27 20:00:00,-0.0,2890.13,2160.0,-0.0,3085.5999999999995,-0.0,0.0,-0.0,-0.0
2021-04-27 21:00:00,-0.0,3143.13,2160.0,-0.0,2639.179,-0.0,0.0,-0.0,-0.0
2021-04-27 22:00:00,-0.0,3392.77,2160.0,-0.0,2159.677,-0.0,0.0,-0.0,-0.0
2021-04-27 23:00:00,-0.0,3620.9799999999996,2160.0,-0.0,1739.7340000000004,-0.0,0.0,-0.0,-0.0
2021-04-28 00:00:00,-0.0,3798.35,2160.0,-0.0,932.5390000000002,-0.0,0.0,-0.0,-0.0
2021-04-28 01:00:00,-0.0,3940.9100000000003,2160.0,-0.0,646.6649999999995,-0.0,0.0,-0.0,-0.0
2021-04-28 02:00:00,-0.0,4029.42,2160.0,-0.0,461.9549999999999,-0.0,0.0,-0.0,-0.0
2021-04-28 03:00:00,-0.0,4064.78,2160.0,-0.0,428.32699999999977,-0.0,0.0,-0.0,-0.0
2021-04-28 04:00:00,-0.0,4054.11,2160.0,-0.0,561.0979999999995,-0.0,0.0,-0.0,-0.0
2021-04-28 05:00:00,42.327208320540386,4009.76,2160.0,-0.0,783.0507916794593,-0.0,0.0,-0.0,-0.0
2021-04-28 06:00:00,507.4644124194044,3947.53,2160.0,-0.0,638.0335875805956,-0.0,0.0,-0.0,-0.0
2021-04-28 07:00:00,1163.7394598556955,3884.5,2160.0,-0.0,270.7435401443047,-0.0,0.0,-0.0,-0.0
2021-04-28 08:00:00,1873.3147517142568,3836.71,1912.8282482857433,-0.0,-0.0,-0.0,0.0,-0.0,-0.0
2021-04-28 09:00:00,2537.1495494575793,3816.9599999999996,1316.3774505424212,-0.0,-0.0,-0.0,0.0,-0.0,-0.0
2021-04-28 10:00:00,3074.175234878723,3833.05,734.0737651212767,-0.0,-0.0,-0.0,0.0,-0.0,-0.0
2021-04-28 11:00:00,3422.490576246035,3886.78,263.82942375396533,-0.0,-0.0,-0.0,0.0,-0.0,-0.0
2021-04-28 12:00:00,3543.0584277197836,3973.69,9.988647021980796,-0.0,-0.0,-0.0,0.0,21.121074741764055,20.065021004675852
2021-04-28 13:00:00,3422.490576246035,4083.73,65.8134237539648,-0.0,-0.0,-0.0,0.0,100.0,115.06301450257538
2021-04-28 14:00:00,3074.175234878723,4202.63,322.4107651212771,-0.0,-0.0,-0.0,0.0,100.0,210.05150820112513
2021-04-28 15:00:00,2537.1495494575793,4313.93,856.1124505424204,-0.0,-0.0,-0.0,0.0,100.0,305.030503050305
2021-04-28 16:00:00,1873.3147517142568,4401.24,1622.6372482857435,-0.0,-0.0,-0.0,0.0,100.0,400.0
2021-04-28 17:00:00,1163.7394598556955,4450.55,2160.0,-0.0,157.85154014430395,-0.0,100.0,-0.0,294.69684210526316
2021-04-28 18:00:00,507.4644124194044,4452.23,2160.0,-0.0,1013.957587580596,-0.0,100.0,-0.0,189.4042145263158
2021-04-28 19:00:00,42.327208320540386,4402.42,2160.0,-0.0,1611.4677916794597,-0.0,100.0,-0.0,84.12211621012632
2021-04-28 20:00:00,-0.0,4303.63,2160.0,-0.0,1698.4149812014193,-0.0,79.90801879858006,-0.0,-0.0
2021-04-28 21:00:00,-0.0,4164.570000000001,2160.0,-0.0,1723.0779999999995,-0.0,0.0,-0.0,-0.0
2021-04-28 22:00:00,-0.0,3999.04,2160.0,-0.0,1657.759,-0.0,0.0,-0.0,-0.0
2021-04-28 23:00:00,-0.0,3824.23,2160.0,-0.0,1639.7490000000003,-0.0,0.0,-0.0,-0.0
2021-04-29 00:00:00,-0.0,3644.8,2160.0,-0.0,1188.219,-0.0,0.0,-0.0,-0.0
2021-04-29 01:00:00,-0.0,3505.22,2160.0,-0.0,1183.199,-0.0,0.0,-0.0,-0.0
2021-04-29 02:00:00,-0.0,3405.55,2160.0,-0.0,1185.2849999999999,-0.0,0.0,-0.0,-0.0
2021-04-29 03:00:00,-0.0,3354.41,2160.0,-0.0,1236.6770000000006,-0.0,0.0,-0.0,-0.0
2021-04-29 04:00:00,-0.0,3354.19,2160.0,-0.0,1357.422,-0.0,0.0,-0.0,-0.0
2021-04-29 05:00:00,45.660398961211754,3400.8500000000004,2160.0,-0.0,1483.3626010387875,-0.0,0.0,-0.0,-0.0
2021-04-29 06:00:00,476.1533683604545,3484.58,2160.0,-0.0,1225.2676316395457,-0.0,0.0,-0.0,-0.0
2021-04-29 07:00:00,1076.035266195886,3591.15,2160.0,-0.0,742.9167338041138,-0.0,0.0,-0.0,-0.0
2021-04-29 08:00:00,1722.3969980298846,3703.95,2160.0,-0.0,125.68200197011606,-0.0,0.0,-0.0,-0.0
2021-04-29 09:00:00,2326.0248846075124,3806.25,1625.3581153924874,-0.0,-0.0,-0.0,0.0,-0.0,-0.0
2021-04-29 10:00:00,2813.8290172960806,3883.5199999999995,1028.9789827039203,-0.0,-0.0,-0.0,0.0,-0.0,-0.0
2021-04-29 11:00:00,3130.0323630641697,3925.44,621.5757116775944,-0.0,-0.0,-0.0,0.0,21.121074741764055,20.065021004675852
2021-04-29 12:00:00,3239.4485046310515,3927.27,519.4414953689484,-0.0,-0.0,-0.0,0.0,100.0,115.06301450257538
2021-04-29 13:00:00,3130.0323630641697,3890.5099999999998,629.6706369358303,-0.0,-0.0,-0.0,0.0,100.0,210.05150820112513
2021-04-29 14:00:00,2813.8290172960806,3822.7100000000005,1038.4139827039194,-0.0,-0.0,-0.0,0.0,100.0,305.030503050305
2021-04-29 15:00:00,2326.0248846075124,3736.38,1718.0041153924872,-0.0,-0.0,-0.0,0.0,100.0,400.0
2021-04-29 16:00:00,1722.3969980298846,3647.3,2160.0,-0.0,238.11800197011485,-0.0,100.0,-0.0,294.69684210526316
2021-04-29 17:00:00,1076.035266195886,3572.32,2160.0,-0.0,1191.7427338041139,-0.0,100.0,-0.0,189.4042145263158
2021-04-29 18:00:00,476.1533683604545,3527.02,2160.0,-0.0,2035.7006316395455,-0.0,100.0,-0.0,84.12211621012632
2021-04-29 19:00:00,45.660398961211754,3523.53,2160.0,-0.0,2569.534582240208,-0.0,79.90801879858006,-0.0,-0.0
2021-04-29 20:00:00,-0.0,3568.81,2160.0,-0.0,2572.6930000000007,-0.0,0.0,-0.0,-0.0
2021-04-29 21:00:00,-0.0,3663.6200000000003,2160.0,-0.0,2280.6459999999993,-0.0,0.0,-0.0,-0.0
2021-04-29 22:00:00,-0.0,3802.32,2160.0,-0.0,1908.105,-0.0,0.0,-0.0,-0.0
2021-04-29 23:00:00,-0.0,3973.4700000000003,2160.0,-0.0,1541.0859999999993,-0.0,0.0,-0.0,-0.0
2021-04-30 00:00:00,-0.0,4147.71,2160.0,-0.0,732.8369999999995,-0.0,0.0,-0.0,-0.0
2021-04-30 01:00:00,-0.0,4334.219999999999,2160.0,-0.0,398.5690000000004,-0.0,0.0,-0.0,-0.0
2021-04-30 02:00:00,-0.0,4501.31,2160.0,-0.0,130.6879999999992,-0.0,0.0,-0.0,-0.0
2021-04-30 03:00:00,-0.0,4633.21,2160.0,-0.0,-0.0,-0.0,0.0,4.213999999999942,4.003299999999944
2021-04-30 04:00:00,-0.0,4718.49,2160.0,-0.0,23.929245313500022,-0.0,3.8027546864999477,-0.0,-0.0
2021-04-30 05:00:00,55.210205787534555,4751.45,2160.0,-0.0,154.48179421246545,-0.0,0.0,-0.0,-0.0
2021-04-30 06:00:00,510.3971272899397,4732.82,2130.672872710061,-0.0,-0.0,-0.0,0.0,-0.0,-0.0
2021-04-30 07:00:00,1137.388154180739,4669.5,1787.687845819261,-0.0,-0.0,-0.0,0.0,-0.0,-0.0
2021-04-30 08:00:00,1810.7173082591344,4573.58,1348.757691740866,-0.0,-0.0,-0.0,0.0,-0.0,-0.0
2021-04-30 09:00:00,2438.4415138675677,4460.59,876.1484861324325,-0.0,-0.0,-0.0,0.0,-0.0,-0.0
2021-04-30 10:00:00,2945.20355339781,4347.3,447.8654466021894,-0.0,-0.0,-0.0,0.0,-0.0,-0.0
2021-04-30 11:00:00,3273.5012674240106,4249.42,143.5167325759894,-0.0,-0.0,-0.0,0.0,-0.0,-0.0
2021-04-30 12:00:00,3387.070034668919,4179.42,47.75004007284497,-0.0,-0.0,-0.0,0.0,21.121074741764055,20.065021004675852
2021-04-30 13:00:00,3273.5012674240106,4144.76,235.34173257598923,-0.0,-0.0,-0.0,0.0,100.0,115.06301450257538
2021-04-30 14:00:00,2945.20355339781,4146.889999999999,582.6634466021901,-0.0,-0.0,-0.0,0.0,100.0,210.05150820112513
2021-04-30 15:00:00,2438.4415138675677,4181.01,1157.1654861324323,-0.0,-0.0,-0.0,0.0,100.0,305.030503050305
2021-04-30 16:00:00,1810.7173082591344,4236.75,1912.9486917408658,-0.0,-0.0,-0.0,0.0,100.0,400.0
2021-04-30 17:00:00,1137.388154180739,4299.52,2160.0,-0.0,392.1788458192609,-0.0,100.0,-0.0,294.69684210526316
2021-04-30 18:00:00,510.3971272899397,4352.58,2160.0,-0.0,1161.2698727100596,-0.0,100.0,-0.0,189.4042145263158
2021-04-30 19:00:00,55.210205787534555,4379.27,2160.0,-0.0,1665.9107942124647,-0.0,100.0,-0.0,84.12211621012632
2021-04-30 20:00:00,-0.0,4365.36,2160.0,-0.0,1674.3799812014195,-0.0,79.90801879858006,-0.0,-0.0
2021-04-30 21:00:00,-0.0,4301.03,2160.0,-0.0,1617.7750000000005,-0.0,0.0,-0.0,-0.0
2021-04-30 22:00:00,-0.0,4182.27,2160.0,-0.0,1499.0969999999998,-0.0,0.0,-0.0,-0.0
2021-04-30 23:00:00,-0.0,4011.5,2160.0,-0.0,1470.4129999999996,-0.0,0.0,-0.0,-0.0
2021-05-01 00:00:00,-0.0,3783.77,2160.0,-0.0,624.4760000000001,-0.0,0.0,-0.0,-0.0
2021-05-01 01:00:00,-0.0,3540.07,2160.0,-0.0,716.8669999999997,-0.0,0.0,-0.0,-0.0
2021-05-01 02:00:00,-0.0,3284.05,2160.0,-0.0,868.5659999999998,-0.0,0.0,-0.0,-0.0
2021-05-01 03:00:00,-0.0,3034.1200000000003,2160.0,-0.0,1111.9869999999996,-0.0,0.0,-0.0,-0.0
2021-05-01 04:00:00,-0.0,2807.5899999999997,2160.0,-0.0,1452.2649999999999,-0.0,0.0,-0.0,-0.0
2021-05-01 05:00:00,77.29798480196501,2618.41,2160.0,-0.0,1775.6180151980352,-0.0,0.0,-0.0,-0.0
2021-05-01 06:00:00,643.022380027633,2475.4300000000003,2160.0,-0.0,1602.2066199723663,-0.0,0.0,-0.0,-0.0
2021-05-01 07:00:00,1413.9074317111863,2381.37,2160.0,-0.0,1142.6885682888142,-0.0,0.0,-0.0,-0.0
2021-05-01 08:00:00,2239.1154813222806,2332.54,2160.0,-0.0,501.4485186777197,-0.0,0.0,-0.0,-0.0
2021-05-01 09:00:00,3007.1540744550207,2319.52,1945.2559255449792,-0.0,-0.0,-0.0,0.0,-0.0,-0.0
2021-05-01 10:00:00,3626.5730287073998,2328.54,1278.7509712925998,-0.0,-0.0,-0.0,0.0,-0.0,-0.0
2021-05-01 11:00:00,4027.6156260874022,2343.45,806.7814486543621,-0.0,-0.0,-0.0,0.0,21.121074741764055,20.065021004675852
2021-05-01 12:00:00,4166.315788199776,2348.04,665.8942118002242,-0.0,-0.0,-0.0,0.0,100.0,115.06301450257538
2021-05-01 13:00:00,4027.6156260874022,2328.32,781.693373912597,-0.0,-0.0,-0.0,0.0,100.0,210.05150820112513
2021-05-01 14:00:00,3626.5730287073998,2274.5099999999998,1254.6509712926004,-0.0,-0.0,-0.0,0.0,100.0,305.030503050305
2021-05-01 15:00:00,3007.1540744550207,2182.43,2065.0169255449796,-0.0,-0.0,-0.0,0.0,100.0,400.0
2021-05-01 16:00:00,2239.1154813222806,2054.17,2160.0,-0.0,882.1835186777193,-0.0,0.0,-0.0,399.96
2021-05-01 17:00:00,1413.9074317111863,1897.8400000000001,2160.0,-0.0,2089.5235682888133,-0.0,0.0,-0.0,399.920004
2021-05-01 18:00:00,643.022380027633,1726.53,2160.0,-0.0,3224.075619972367,-0.0,0.0,-0.0,399.8800119996
2021-05-01 19:00:00,77.29798480196501,1556.58,2160.0,433.1580151980352,3500.0,-0.0,100.0,-0.0,294.57686610366324
2021-05-01 20:00:00,-0.0,1405.36,2160.0,578.2670000000007,3500.0,-0.0,100.0,-0.0,189.28425052231603
2021-05-01 21:00:00,-0.0,1288.9900000000002,2160.0,491.20099999999957,3500.0,-0.0,100.0,-0.0,84.00216420252697
2021-05-01 22:00:00,-0.0,1220.07,2160.0,340.3689242131991,3500.0,-0.0,79.79407578680139,-0.0,-0.0
2021-05-01 23:00:00,-0.0,1206.01,2160.0,232.32600000000002,3500.0,-0.0,0.0,-0.0,-0.0
2021-05-02 00:00:00,-0.0,1234.44,2160.0,-0.0,3064.079,-0.0,0.0,-0.0,-0.0
2021-05-02 01:00:00,-0.0,1327.16,2160.0,-0.0,2817.7660000000005,-0.0,0.0,-0.0,-0.0
2021-05-02 02:00:00,-0.0,1459.52,2160.0,-0.0,2578.8830000000003,-0.0,0.0,-0.0,-0.0
2021-05-02 03:00:00,-0.0,1616.03,2160.0,-0.0,2413.7480000000005,-0.0,0.0,-0.0,-0.0
2021-05-02 04:00:00,-0.0,1778.8300000000002,2160.0,-0.0,2362.6639999999998,-0.0,0.0,-0.0,-0.0
2021-05-02 05:00:00,103.5199059973391,1929.98,2160.0,-0.0,2317.523094002661,-0.0,0.0,-0.0,-0.0
2021-05-02 06:00:00,784.4704220397094,2053.81,2160.0,-0.0,1760.2225779602904,-0.0,0.0,-0.0,-0.0
2021-05-02 07:00:00,1703.0447765837685,2138.91,2160.0,-0.0,972.0922234162313,-0.0,0.0,-0.0,-0.0
2021-05-02 08:00:00,2683.3170443915674,2179.54,2160.0,-0.0,84.65895560843228,-0.0,0.0,-0.0,-0.0
2021-05-02 09:00:00,3594.202264149013,2176.33,1374.2337358509867,-0.0,-0.0,-0.0,0.0,-0.0,-0.0
2021-05-02 10:00:00,4328.120321666156,2136.0299999999997,641.0696783338444,-0.0,-0.0,-0.0,0.0,-0.0,-0.0
2021-05-02 11:00:00,4803.022973390647,2070.51,174.2861013511174,-0.0,-0.0,-0.0,0.0,21.121074741764055,20.065021004675852
2021-05-02 12:00:00,4967.218039146454,1995.0100000000002,86.70796085354505,-0.0,-0.0,-0.0,0.0,100.0,115.06301450257538
2021-05-02 13:00:00,4803.022973390647,1926.01,276.0950266093523,-0.0,-0.0,-0.0,0.0,100.0,210.05150820112513
2021-05-02 14:00:00,4328.120321666156,1878.83,815.1946783338444,-0.0,-0.0,-0.0,0.0,100.0,305.030503050305
2021-05-02 15:00:00,3594.202264149013,1865.52,1660.3037358509864,-0.0,-0.0,-0.0,0.0,100.0,400.0
2021-05-02 16:00:00,2683.3170443915674,1893.1100000000001,2160.0,-0.0,363.5819556084325,-0.0,100.0,-0.0,294.69684210526316
2021-05-02 17:00:00,1703.0447765837685,1962.5500000000002,2160.0,-0.0,1499.4342234162318,-0.0,100.0,-0.0,189.4042145263158
2021-05-02 18:00:00,784.4704220397094,2068.53,2160.0,-0.0,2503.7055779602906,-0.0,100.0,-0.0,84.12211621012632
2021-05-02 19:00:00,103.5199059973391,2200.15,2160.0,-0.0,3145.96007520408,-0.0,79.90801879858006,-0.0,-0.0
2021-05-02 20:00:00,-0.0,2342.2799999999997,2160.0,-0.0,3103.3770000000004,-0.0,0.0,-0.0,-0.0
2021-05-02 21:00:00,-0.0,2477.6,2160.0,-0.0,2764.253,-0.0,0.0,-0.0,-0.0
2021-05-02 22:00:00,-0.0,2588.92,2160.0,-0.0,2412.7129999999997,-0.0,0.0,-0.0,-0.0
2021-05-02 23:00:00,-0.0,2661.4500000000003,2160.0,-0.0,2138.128,-0.0,0.0,-0.0,-0.0
2021-05-03 00:00:00,-0.0,2671.3199999999997,2160.0,-0.0,1924.6050000000005,-0.0,0.0,-0.0,-0.0
2021-05-03 01:00:00,-0.0,2640.99,2160.0,-0.0,1801.3950000000004,-0.0,0.0,-0.0,-0.0
2021-05-03 02:00:00,-0.0,2558.89,2160.0,-0.0,1777.1300000000006,-0.0,0.0,-0.0,-0.0
2021-05-03 03:00:00,-0.0,2433.19,2160.0,-0.0,1894.467,-0.0,0.0,-0.0,-0.0
2021-05-03 04:00:00,-0.0,2277.25,2160.0,-0.0,2162.491,-0.0,0.0,-0.0,-0.0
2021-05-03 05:00:00,119.15694452973085,2107.9,2160.0,-0.0,2422.685055470269,-0.0,0.0,-0.0,-0.0
2021-05-03 06:00:00,830.8455162214718,1943.1899999999998,2160.0,-0.0,2123.7624837785283,-0.0,0.0,-0.0,-0.0
2021-05-03 07:00:00,1781.852246980862,1800.1200000000001,2160.0,-0.0,1532.049753019138,-0.0,0.0,-0.0,-0.0
2021-05-03 08:00:00,2793.718972469553,1692.36,2160.0,-0.0,762.1940275304473,-0.0,0.0,-0.0,-0.0
2021-05-03 09:00:00,3732.483466994167,1628.55,2085.374533005833,-0.0,-0.0,-0.0,0.0,-0.0,-0.0
2021-05-03 10:00:00,4488.144278246854,1611.2299999999998,1308.4747217531467,-0.0,-0.0,-0.0,0.0,-0.0,-0.0
2021-05-03 11:00:00,4976.854102292499,1636.61,738.0719724492656,-0.0,-0.0,-0.0,0.0,21.121074741764055,20.065021004675852
2021-05-03 12:00:00,5145.7747821359135,1695.2,512.8642178640866,-0.0,-0.0,-0.0,0.0,100.0,115.06301450257538
2021-05-03 13:00:00,4976.854102292499,1773.23,561.2328977075003,-0.0,-0.0,-0.0,0.0,100.0,210.05150820112513
2021-05-03 14:00:00,4488.144278246854,1854.5800000000002,986.993721753146,-0.0,-0.0,-0.0,0.0,100.0,305.030503050305
2021-05-03 15:00:00,3732.483466994167,1923.14,1773.4565330058326,-0.0,-0.0,-0.0,0.0,100.0,400.0
2021-05-03 16:00:00,2793.718972469553,1965.0300000000002,2160.0,-0.0,591.8890275304466,-0.0,0.0,-0.0,399.96
2021-05-03 17:00:00,1781.852246980862,1970.6599999999999,2160.0,-0.0,1824.8157530191386,-0.0,0.0,-0.0,399.920004
2021-05-03 18:00:00,830.8455162214718,1936.08,2160.0,-0.0,3003.841483778528,-0.0,0.0,-0.0,399.8800119996
2021-05-03 19:00:00,119.15694452973085,1863.61,2160.0,262.6850554702696,3500.0,-0.0,100.0,-0.0,294.57686610366324
2021-05-03 20:00:00,-0.0,1761.6499999999999,2160.0,401.8640000000005,3500.0,-0.0,100.0,-0.0,189.28425052231603
2021-05-03 21:00:00,-0.0,1643.6000000000001,2160.0,318.1399999999994,3500.0,-0.0,100.0,-0.0,84.00216420252697
2021-05-03 22:00:00,-0.0,1526.09,2160.0,217.75292421319818,3500.0,-0.0,79.79407578680139,-0.0,-0.0
2021-05-03 23:00:00,-0.0,1426.8700000000001,2160.0,196.91399999999976,3500.0,-0.0,0.0,-0.0,-0.0
2021-05-04 00:00:00,-0.0,1348.9,2160.0,-0.0,3137.44,-0.0,0.0,-0.0,-0.0
2021-05-04 01:00:00,-0.0,1332.06,2160.0,-0.0,3003.104,-0.0,0.0,-0.0,-0.0
2021-05-04 02:00:00,-0.0,1370.6599999999999,2160.0,-0.0,2860.5820000000003,-0.0,0.0,-0.0,-0.0
2021-05-04 03:00:00,-0.0,1466.17,2160.0,-0.0,2759.2290000000003,-0.0,0.0,-0.0,-0.0
2021-05-04 04:00:00,-0.0,1613.6100000000001,2160.0,-0.0,2726.466,-0.0,0.0,-0.0,-0.0
2021-05-04 05:00:00,123.26028088220245,1802.1699999999998,2160.0,-0.0,2627.3127191177978,-0.0,0.0,-0.0,-0.0
2021-05-04 06:00:00,797.5382544775357,2016.6200000000001,2160.0,-0.0,1989.3767455224643,-0.0,0.0,-0.0,-0.0
2021-05-04 07:00:00,1690.5930607153825,2239.31,2160.0,-0.0,1092.6589392846174,-0.0,0.0,-0.0,-0.0
2021-05-04 08:00:00,2638.0694435318806,2452.5,2160.0,-0.0,69.11255646811924,-0.0,0.0,-0.0,-0.0
2021-05-04 09:00:00,3515.7583025278896,2640.67,1204.31969747211,-0.0,-0.0,-0.0,0.0,-0.0,-0.0
2021-05-04 10:00:00,4221.612250307031,2792.4900000000002,311.0787496929679,-0.0,-0.0,-0.0,0.0,-0.0,-0.0
2021-05-04 11:00:00,4677.858892308874,2672.9371076911266,-0.0,-0.0,-0.0,-0.0,0.0,100.0,95.0
2021-05-04 12:00:00,4835.52928359431,2441.79671640569,-0.0,-0.0,-0.0,-0.0,0.0,100.0,189.9905
2021-05-04 13:00:00,4677.858892308874,2560.1021076911265,-0.0,-0.0,-0.0,-0.0,0.0,100.0,284.97150095
2021-05-04 14:00:00,4221.612250307031,3015.23,-0.0,-0.0,-0.0,-0.0,0.0,77.27225030703084,358.3516415915843
2021-05-04 15:00:00,3515.7583025278896,3018.21,728.2176974721101,-0.0,-0.0,-0.0,0.0,-0.0,358.3158064274252
2021-05-04 16:00:00,2638.0694435318806,3029.6099999999997,1823.2793724188746,-0.0,-0.0,-0.0,0.0,43.91581595075536,400.0
2021-05-04 17:00:00,1690.5930607153825,3064.5299999999997,2160.0,-0.0,661.949939284618,-0.0,100.0,-0.0,294.69684210526316
2021-05-04 18:00:00,797.5382544775357,3134.71,2160.0,-0.0,1681.643745522464,-0.0,100.0,-0.0,189.4042145263158
2021-05-04 19:00:00,123.26028088220245,3246.81,2160.0,-0.0,2321.922719117798,-0.0,100.0,-0.0,84.12211621012632
2021-05-04 20:00:00,-0.0,3401.4100000000003,2160.0,-0.0,2232.1849812014193,-0.0,79.90801879858006,-0.0,-0.0
2021-05-04 21:00:00,-0.0,3592.7799999999997,2160.0,-0.0,1922.4279999999999,-0.0,0.0,-0.0,-0.0
2021-05-04 22:00:00,-0.0,3809.52,2160.0,-0.0,1471.091,-0.0,0.0,-0.0,-0.0
2021-05-04 23:00:00,-0.0,4036.0299999999997,2160.0,-0.0,1048.2570000000005,-0.0,0.0,-0.0,-0.0
2021-05-05 00:00:00,-0.0,4241.08,2160.0,-0.0,209.39300000000003,-0.0,0.0,-0.0,-0.0
2021-05-05 01:00:00,-0.0,4433.7300000000005,2029.1369999999997,-0.0,-0.0,-0.0,0.0,-0.0,-0.0
2021-05-05 02:00:00,-0.0,4585.27,1777.2599999999993,-0.0,-0.0,-0.0,0.0,-0.0,-0.0
2021-05-05 03:00:00,-0.0,4684.76,1675.5239999999994,-0.0,-0.0,-0.0,0.0,-0.0,-0.0
2021-05-05 04:00:00,-0.0,4727.11,1751.4580000000005,-0.0,-0.0,-0.0,0.0,-0.0,-0.0
2021-05-05 05:00:00,128.63281736772083,4713.71,1852.5041826322788,-0.0,-0.0,-0.0,0.0,-0.0,-0.0
2021-05-05 06:00:00,777.9149417408661,4652.2,1519.139058259134,-0.0,-0.0,-0.0,0.0,-0.0,-0.0
2021-05-05 07:00:00,1630.7126913314917,4555.429999999999,985.7543086685089,-0.0,-0.0,-0.0,0.0,-0.0,-0.0
2021-05-05 08:00:00,2532.978440282469,4439.7300000000005,339.9205597175305,-0.0,-0.0,-0.0,0.0,-0.0,-0.0
2021-05-05 09:00:00,3367.551461749054,3989.7505382509457,-0.0,-0.0,-0.0,-0.0,0.0,-0.0,-0.0
2021-05-05 10:00:00,4038.126574762052,3287.2054252379485,-0.0,-0.0,-0.0,-0.0,0.0,-0.0,-0.0
2021-05-05 11:00:00,4471.3551017296095,2804.2979730121547,-0.0,-0.0,-0.0,-0.0,0.0,21.121074741764055,20.065021004675852
2021-05-05 12:00:00,4621.0221387780175,2663.608861221983,-0.0,-0.0,-0.0,-0.0,0.0,100.0,115.06301450257538
2021-05-05 13:00:00,4471.3551017296095,2777.4628982703907,-0.0,-0.0,-0.0,-0.0,0.0,100.0,210.05150820112513
2021-05-05 14:00:00,4038.126574762052,3235.8304252379485,-0.0,-0.0,-0.0,-0.0,0.0,100.0,305.030503050305
2021-05-05 15:00:00,3367.551461749054,4012.5265382509465,-0.0,-0.0,-0.0,-0.0,0.0,100.0,400.0
2021-05-05 16:00:00,2532.978440282469,4291.04,644.3965597175311,-0.0,-0.0,-0.0,0.0,-0.0,399.96
2021-05-05 17:00:00,1630.7126913314917,4361.6,1709.6645149842977,-0.0,-0.0,-0.0,0.0,0.08420631578946756,400.0
2021-05-05 18:00:00,777.9149417408661,4411.49,2160.0,-0.0,452.72205825913454,-0.0,100.0,-0.0,294.69684210526316
2021-05-05 19:00:00,128.63281736772083,4426.95,2160.0,-0.0,1168.0251826322794,-0.0,100.0,-0.0,189.4042145263158
2021-05-05 20:00:00,-0.0,4398.51,2160.0,-0.0,1249.9489999999996,-0.0,100.0,-0.0,84.12211621012632
2021-05-05 21:00:00,-0.0,4322.41,2160.0,-0.0,1151.1449812014198,-0.0,79.90801879858006,-0.0,-0.0
2021-05-05 22:00:00,-0.0,4201.25,2160.0,-0.0,1120.87,-0.0,0.0,-0.0,-0.0
2021-05-05 23:00:00,-0.0,4043.7099999999996,2160.0,-0.0,1085.2940000000003,-0.0,0.0,-0.0,-0.0
2021-05-06 00:00:00,-0.0,3850.21,2160.0,-0.0,648.219,-0.0,0.0,-0.0,-0.0
2021-05-06 01:00:00,-0.0,3664.5,2160.0,-0.0,689.4279999999999,-0.0,0.0,-0.0,-0.0
2021-05-06 02:00:00,-0.0,3491.41,2160.0,-0.0,765.2300000000005,-0.0,0.0,-0.0,-0.0
2021-05-06 03:00:00,-0.0,3347.8599999999997,2160.0,-0.0,909.5260000000007,-0.0,0.0,-0.0,-0.0
2021-05-06 04:00:00,-0.0,3247.33,2160.0,-0.0,1131.2709999999997,-0.0,0.0,-0.0,-0.0
2021-05-06 05:00:00,139.1499272080647,3198.1,2160.0,-0.0,1260.4990727919353,-0.0,0.0,-0.0,-0.0
2021-05-06 06:00:00,791.4078946116059,3202.2200000000003,2160.0,-0.0,861.3321053883939,-0.0,0.0,-0.0,-0.0
2021-05-06 07:00:00,1641.4023138112786,3255.29,2160.0,-0.0,183.64668618872133,-0.0,0.0,-0.0,-0.0
2021-05-06 08:00:00,2538.301687442432,3347.0699999999997,1498.3653125575684,-0.0,-0.0,-0.0,0.0,-0.0,-0.0
2021-05-06 09:00:00,3366.7197043803094,3462.9,601.3832956196902,-0.0,-0.0,-0.0,0.0,-0.0,-0.0
2021-05-06 10:00:00,4031.774412931123,3390.8996618106407,-0.0,-0.0,-0.0,-0.0,0.0,21.121074741764055,20.065021004675852
2021-05-06 11:00:00,4461.213822996623,2971.982177003377,-0.0,-0.0,-0.0,-0.0,0.0,100.0,115.06301450257538
2021-05-06 12:00:00,4609.543887089347,2756.115112910653,-0.0,-0.0,-0.0,-0.0,0.0,100.0,210.05150820112513
2021-05-06 13:00:00,4461.213822996623,2870.915177003377,-0.0,-0.0,-0.0,-0.0,0.0,100.0,305.030503050305
2021-05-06 14:00:00,4031.774412931123,3327.694587068877,-0.0,-0.0,-0.0,-0.0,0.0,100.0,400.0
2021-05-06 15:00:00,3366.7197043803094,3817.86,183.1282956196901,-0.0,-0.0,-0.0,0.0,-0.0,399.96
2021-05-06 16:00:00,2538.301687442432,3755.1200000000003,1264.7375188733572,-0.0,-0.0,-0.0,0.0,0.08420631578946756,400.0
2021-05-06 17:00:00,1641.4023138112786,3671.55,2160.0,-0.0,220.54368618872127,-0.0,100.0,-0.0,294.69684210526316
2021-05-06 18:00:00,791.4078946116059,3582.5699999999997,2160.0,-0.0,1361.606105388394,-0.0,100.0,-0.0,189.4042145263158
2021-05-06 19:00:00,139.1499272080647,3504.7,2160.0,-0.0,2174.9760727919356,-0.0,100.0,-0.0,84.12211621012632
2021-05-06 20:00:00,-0.0,3453.26,2160.0,-0.0,2312.1789812014194,-0.0,79.90801879858006,-0.0,-0.0
2021-05-06 21:00:00,-0.0,3440.16,2160.0,-0.0,2211.767,-0.0,0.0,-0.0,-0.0
2021-05-06 22:00:00,-0.0,3472.17,2160.0,-0.0,1949.8940000000002,-0.0,0.0,-0.0,-0.0
2021-05-06 23:00:00,-0.0,3549.9399999999996,2160.0,-0.0,1680.3920000000007,-0.0,0.0,-0.0,-0.0
2021-05-07 00:00:00,-0.0,3654.4300000000003,2160.0,-0.0,946.6989999999996,-0.0,0.0,-0.0,-0.0
2021-05-07 01:00:00,-0.0,3800.83,2160.0,-0.0,656.9849999999997,-0.0,0.0,-0.0,-0.0
2021-05-07 02:00:00,-0.0,3960.14,2160.0,-0.0,401.4749999999999,-0.0,0.0,-0.0,-0.0
2021-05-07 03:00:00,-0.0,4114.38,2160.0,-0.0,248.96699999999964,-0.0,0.0,-0.0,-0.0
2021-05-07 04:00:00,-0.0,4245.63,2160.0,-0.0,239.8180000000002,-0.0,0.0,-0.0,-0.0
2021-05-07 05:00:00,141.1707895558285,4338.36,2160.0,-0.0,225.84721044417154,-0.0,0.0,-0.0,-0.0
2021-05-07 06:00:00,759.1233863729404,4381.39,1982.7546136270594,-0.0,-0.0,-0.0,0.0,-0.0,-0.0
2021-05-07 07:00:00,1558.4607012332413,4369.35,1421.4122987667583,-0.0,-0.0,-0.0,0.0,-0.0,-0.0
2021-05-07 08:00:00,2399.730909809641,4303.3,790.0620901903585,-0.0,-0.0,-0.0,0.0,-0.0,-0.0
2021-05-07 09:00:00,3175.6866008596876,4190.57,174.47039914031257,-0.0,-0.0,-0.0,0.0,-0.0,-0.0
2021-05-07 10:00:00,3798.1122039709353,3813.4267960290645,-0.0,-0.0,-0.0,-0.0,0.0,100.0,95.0
2021-05-07 11:00:00,4199.820207245933,3343.5197927540676,-0.0,-0.0,-0.0,-0.0,0.0,100.0,189.9905
2021-05-07 12:00:00,4338.538852855389,3137.3171471446103,-0.0,-0.0,-0.0,-0.0,0.0,100.0,284.97150095
2021-05-07 13:00:00,4199.820207245933,3242.4537927540678,-0.0,-0.0,-0.0,-0.0,0.0,100.0,379.943003799905
2021-05-07 14:00:00,3798.1122039709353,3439.58,131.7637960290649,-0.0,-0.0,-0.0,0.0,-0.0,379.905009499525
2021-05-07 15:00:00,3175.6866008596876,3353.52,948.2253991403127,-0.0,-0.0,-0.0,0.0,-0.0,379.8670189985751
2021-05-07 16:00:00,2399.730909809641,3305.74,1983.1936877728058,-0.0,-0.0,-0.0,0.0,21.232597582447134,400.0
2021-05-07 17:00:00,1558.4607012332413,3291.96,2160.0,-0.0,791.960298766759,-0.0,100.0,-0.0,294.69684210526316
2021-05-07 18:00:00,759.1233863729404,3302.31,2160.0,-0.0,1802.4130813072,-0.0,80.0455323198595,-0.0,210.4089173475163
2021-05-07 19:00:00,141.1707895558285,3322.71,2160.0,-0.0,2562.5742104441715,-0.0,0.0,-0.0,210.38787645578157
2021-05-07 20:00:00,-0.0,3336.8599999999997,2160.0,-0.0,2615.3330000000005,-0.0,0.0,-0.0,210.366837668136
2021-05-07 21:00:00,-0.0,3328.55,2160.0,-0.0,2429.3379999999997,-0.0,0.0,-0.0,210.34580098436916
2021-05-07 22:00:00,-0.0,3283.94,2160.0,-0.0,2243.0989999999997,-0.0,0.0,-0.0,210.32476640427072
2021-05-07 23:00:00,-0.0,3193.56,2160.0,-0.0,2140.659,-0.0,0.0,-0.0,210.3037339276303
2021-05-08 00:00:00,-0.0,3040.46,2160.0,-0.0,1227.312,-0.0,0.0,-0.0,210.28270355423754
2021-05-08 01:00:00,-0.0,2853.79,2160.0,-0.0,1269.3810000000003,-0.0,0.0,-0.0,210.2616752838821
2021-05-08 02:00:00,-0.0,2629.16,2160.0,-0.0,1396.4270000000006,-0.0,0.0,-0.0,210.24064911635372
2021-05-08 03:00:00,-0.0,2380.52,2160.0,-0.0,1645.319,-0.0,0.0,-0.0,210.21962505144208
2021-05-08 04:00:00,-0.0,2125.1800000000003,2160.0,-0.0,2021.1839999999993,-0.0,0.0,-0.0,210.19860308893695
2021-05-08 05:00:00,127.09868710981479,1881.59,2160.0,-0.0,2355.936312890185,-0.0,0.0,-0.0,210.17758322862807
2021-05-08 06:00:00,649.2328350475899,1667.02,2160.0,-0.0,2304.5001649524097,-0.0,0.0,-0.0,210.1565654703052
2021-05-08 07:00:00,1319.8942043803092,1495.32,2160.0,-0.0,2029.6407956196906,-0.0,0.0,-0.0,210.13554981375816
2021-05-08 08:00:00,2023.9922199365474,1375.19,2160.0,-0.0,1587.5997800634527,-0.0,0.0,-0.0,210.11453625877678
2021-05-08 09:00:00,2672.559649089142,1309.14,2160.0,-0.0,1050.6853509108578,-0.0,0.0,-0.0,210.0935248051509
2021-05-08 10:00:00,3192.364876394433,1293.2099999999998,2160.0,-0.0,515.505123605567,-0.0,0.0,-0.0,210.0725154526704
2021-05-08 11:00:00,3527.686319312251,1317.68,2160.0,-0.0,85.31368068774918,-0.0,0.0,-0.0,210.05150820112513
2021-05-08 12:00:00,3643.4546227100614,1368.4099999999999,2109.047377289939,-0.0,-0.0,-0.0,0.0,100.0,305.030503050305
2021-05-08 13:00:00,3527.686319312251,1428.8400000000001,2128.4396806877494,-0.0,-0.0,-0.0,0.0,100.0,400.0
2021-05-08 14:00:00,3192.364876394433,1482.32,2160.0,-0.0,175.02012360556728,-0.0,0.0,-0.0,399.96
2021-05-08 15:00:00,2672.559649089142,1514.3899999999999,2160.0,-0.0,768.2123509108583,-0.0,0.0,-0.0,399.920004
2021-05-08 16:00:00,2023.9922199365474,1514.76,2160.0,-0.0,1603.8157800634526,-0.0,0.0,-0.0,399.8800119996
2021-05-08 17:00:00,1319.8942043803092,1478.75,2160.0,-0.0,2576.2067956196906,-0.0,0.0,-0.0,399.84002399840006
2021-05-08 18:00:00,649.2328350475899,1407.9,2160.0,-0.0,3500.0,-0.0,16.49316495241021,-0.0,382.4388137303053
2021-05-08 19:00:00,127.09868710981479,1309.7900000000002,2160.0,616.4973128901856,3500.0,-0.0,100.0,-0.0,277.13741195419544
2021-05-08 20:00:00,-0.0,1196.96,2160.0,779.2950000000001,3500.0,-0.0,100.0,-0.0,171.84654031826318
2021-05-08 21:00:00,-0.0,1085.23,2160.0,693.7890000000007,3500.0,-0.0,100.0,-0.0,66.56619776949451
2021-05-08 22:00:00,-0.0,991.4499999999999,2160.0,590.4964359077685,3500.0,-0.0,63.231564092231686,-0.0,-0.0
2021-05-08 23:00:00,-0.0,931.2199999999999,2160.0,518.0880000000002,3500.0,-0.0,0.0,-0.0,-0.0
2021-05-09 00:00:00,-0.0,903.51,2160.0,-0.0,3412.4889999999996,-0.0,0.0,-0.0,-0.0
2021-05-09 01:00:00,-0.0,941.63,2160.0,-0.0,3226.611,-0.0,0.0,-0.0,-0.0
2021-05-09 02:00:00,-0.0,1033.17,2160.0,-0.0,3034.2799999999997,-0.0,0.0,-0.0,-0.0
2021-05-09 03:00:00,-0.0,1172.47,2160.0,-0.0,2891.977,-0.0,0.0,-0.0,-0.0
2021-05-09 04:00:00,-0.0,1348.1000000000001,2160.0,-0.0,2833.5729999999994,-0.0,0.0,-0.0,-0.0
2021-05-09 05:00:00,115.5280179357282,1544.3200000000002,2160.0,-0.0,2736.7449820642714,-0.0,0.0,-0.0,-0.0
2021-05-09 06:00:00,562.9149036690206,1743.0300000000002,2160.0,-0.0,2343.397096330979,-0.0,0.0,-0.0,-0.0
2021-05-09 07:00:00,1133.7653887524307,1926.13,2160.0,-0.0,1810.1326112475695,-0.0,0.0,-0.0,-0.0
2021-05-09 08:00:00,1731.6387465714874,2077.86,2160.0,-0.0,1199.008253428512,-0.0,0.0,-0.0,-0.0
2021-05-09 09:00:00,2281.639846945042,2186.73,2160.0,-0.0,582.2611530549584,-0.0,0.0,-0.0,-0.0
2021-05-09 10:00:00,2722.1015824378264,2247.04,2160.0,-0.0,46.67841756217331,-0.0,0.0,-0.0,-0.0
2021-05-09 11:00:00,3006.1066762869723,2259.46,1936.323323713028,-0.0,-0.0,-0.0,0.0,100.0,95.0
2021-05-09 12:00:00,3104.136983650599,2230.86,1793.5730163494,-0.0,-0.0,-0.0,0.0,100.0,189.9905
2021-05-09 13:00:00,3006.1066762869723,2173.29,1909.6573237130278,-0.0,-0.0,-0.0,0.0,100.0,284.97150095
2021-05-09 14:00:00,2722.1015824378264,2102.22,2160.0,-0.0,-0.0,-0.0,25.887417562173596,-0.0,257.6930905765644
2021-05-09 15:00:00,2281.639846945042,2034.39,2160.0,-0.0,536.038153054958,-0.0,100.0,-0.0,152.40416337276991
2021-05-09 16:00:00,1731.6387465714874,1985.44,2160.0,-0.0,1402.0203189049555,-0.0,16.768934523557373,-0.0,134.73741293163542
2021-05-09 17:00:00,1133.7653887524307,1967.77,2160.0,-0.0,2263.003611247569,-0.0,0.0,-0.0,134.72393919034226
2021-05-09 18:00:00,562.9149036690206,1988.8,2160.0,-0.0,3007.984096330979,-0.0,0.0,-0.0,134.71046679642322
2021-05-09 19:00:00,115.5280179357282,2049.88,2160.0,-0.0,3470.4349820642715,-0.0,0.0,-0.0,134.69699574974356
2021-05-09 20:00:00,-0.0,2146.16,2160.0,-0.0,3408.9400000000005,-0.0,0.0,-0.0,134.68352605016858
2021-05-09 21:00:00,-0.0,2267.18,2160.0,-0.0,3087.0769999999998,-0.0,0.0,-0.0,134.67005769756358
2021-05-09 22:00:00,-0.0,2398.26,2160.0,-0.0,2718.559,-0.0,0.0,-0.0,134.6565906917938
2021-05-09 23:00:00,-0.0,2522.56,2160.0,-0.0,2394.8039999999996,-0.0,0.0,-0.0,134.64312503272464
2021-05-10 00:00:00,-0.0,2610.2599999999998,2160.0,-0.0,2106.472,-0.0,0.0,-0.0,134.62966072022138
2021-05-10 01:00:00,-0.0,2673.1899999999996,2160.0,-0.0,1892.2330000000002,-0.0,0.0,-0.0,134.61619775414937
2021-05-10 02:00:00,-0.0,2688.34,2160.0,-0.0,1772.7609999999995,-0.0,0.0,-0.0,134.60273613437394
2021-05-10 03:00:00,-0.0,2651.58,2160.0,-0.0,1803.013,-0.0,0.0,-0.0,134.5892758607605
2021-05-10 04:00:00,-0.0,2565.22,2160.0,-0.0,2003.1200000000003,-0.0,0.0,-0.0,134.57581693317442
2021-05-10 05:00:00,131.19586229659197,2437.77,2160.0,-0.0,2210.8461377034077,-0.0,0.0,-0.0,134.56235935148112
2021-05-10 06:00:00,612.0009107563199,2282.92,2160.0,-0.0,2134.2240892436803,-0.0,0.0,-0.0,134.54890311554598
2021-05-10 07:00:00,1221.6482562173783,2117.74,2160.0,-0.0,1907.062743782622,-0.0,0.0,-0.0,134.53544822523443
2021-05-10 08:00:00,1858.6819831900523,1960.54,2160.0,-0.0,1562.3670168099477,-0.0,0.0,-0.0,134.52199468041192
2021-05-10 09:00:00,2443.961918329752,1828.46,2160.0,-0.0,1147.993081670248,-0.0,0.0,-0.0,134.50854248094387
2021-05-10 10:00:00,2912.321412086788,1735.3,2160.0,-0.0,734.7285879132123,-0.0,0.0,-0.0,134.49509162669577
2021-05-10 11:00:00,3214.1754029526155,1689.7599999999998,2160.0,-0.0,401.27659704738517,-0.0,0.0,-0.0,134.4816421175331
2021-05-10 12:00:00,3318.3483925135615,1694.38,2160.0,-0.0,216.00660748643804,-0.0,0.0,-0.0,134.46819395332136
2021-05-10 13:00:00,3214.1754029526155,1745.34,2160.0,-0.0,226.59859704738392,-0.0,0.0,-0.0,134.45474713392602
2021-05-10 14:00:00,2912.321412086788,1833.03,2160.0,-0.0,458.86758791321245,-0.0,0.0,-0.0,134.44130165921263
2021-05-10 15:00:00,2443.961918329752,1943.5,2160.0,-0.0,915.6250816702486,-0.0,0.0,-0.0,134.42785752904672
2021-05-10 16:00:00,1858.6819831900523,2060.44,2160.0,-0.0,1564.8330168099476,-0.0,0.0,-0.0,134.4144147432938
2021-05-10 17:00:00,1221.6482562173783,2167.44,2160.0,-0.0,2320.6687437826213,-0.0,0.0,-0.0,134.40097330181948
2021-05-10 18:00:00,612.0009107563199,2250.35,2160.0,-0.0,3039.7620892436807,-0.0,0.0,-0.0,134.3875332044893
2021-05-10 19:00:00,131.19586229659197,2299.19,2160.0,-0.0,3500.0,-0.0,45.13513770340771,-0.0,86.86342318442388
2021-05-10 20:00:00,-0.0,2309.6,2160.0,-0.0,3500.0,-0.0,82.51200000000017,-0.0,-0.0
2021-05-10 21:00:00,-0.0,2283.5,2160.0,-0.0,3405.1760000000004,-0.0,0.0,-0.0,-0.0
2021-05-10 22:00:00,-0.0,2228.79,2160.0,-0.0,3219.928,-0.0,0.0,-0.0,-0.0
2021-05-10 23:00:00,-0.0,2158.39,2160.0,-0.0,3088.431,-0.0,0.0,-0.0,-0.0
2021-05-11 00:00:00,-0.0,2075.43,2160.0,-0.0,2532.3490000000006,-0.0,0.0,-0.0,-0.0
2021-05-11 01:00:00,-0.0,2023.1499999999999,2160.0,-0.0,2431.036,-0.0,0.0,-0.0,-0.0
2021-05-11 02:00:00,-0.0,2004.45,2160.0,-0.0,2343.2129999999997,-0.0,0.0,-0.0,-0.0
2021-05-11 03:00:00,-0.0,2031.76,2160.0,-0.0,2307.2779999999993,-0.0,0.0,-0.0,-0.0
2021-05-11 04:00:00,-0.0,2112.33,2160.0,-0.0,2338.425,-0.0,0.0,-0.0,-0.0
2021-05-11 05:00:00,169.98656150854572,2247.15,2160.0,-0.0,2243.1464384914543,-0.0,0.0,-0.0,-0.0
2021-05-11 06:00:00,761.6063361477844,2430.75,2160.0,-0.0,1715.4066638522154,-0.0,0.0,-0.0,-0.0
2021-05-11 07:00:00,1507.3107036383178,2651.8799999999997,2160.0,-0.0,964.1162963616823,-0.0,0.0,-0.0,-0.0
2021-05-11 08:00:00,2284.7820414491866,2894.89,2160.0,-0.0,77.10395855081333,-0.0,0.0,-0.0,-0.0
2021-05-11 09:00:00,2998.2203841981377,3141.77,1314.0356158018617,-0.0,-0.0,-0.0,0.0,-0.0,-0.0
2021-05-11 10:00:00,3568.7073605055784,3374.42,471.35263949442106,-0.0,-0.0,-0.0,0.0,-0.0,-0.0
2021-05-11 11:00:00,3936.2208941766457,3499.738105823354,-0.0,-0.0,-0.0,-0.0,0.0,100.0,95.0
2021-05-11 12:00:00,4063.023845333129,3295.172154666871,-0.0,-0.0,-0.0,-0.0,0.0,100.0,189.9905
2021-05-11 13:00:00,3936.2208941766457,3378.167105823354,-0.0,-0.0,-0.0,-0.0,0.0,100.0,284.97150095
2021-05-11 14:00:00,3568.7073605055784,3762.6976394944213,-0.0,-0.0,-0.0,-0.0,0.0,100.0,379.943003799905
2021-05-11 15:00:00,2998.2203841981377,3944.82,386.2456158018622,-0.0,-0.0,-0.0,0.0,-0.0,379.905009499525
2021-05-11 16:00:00,2284.7820414491866,3942.7000000000003,1302.9805701312607,-0.0,-0.0,-0.0,0.0,21.192611580447288,400.0
2021-05-11 17:00:00,1507.3107036383178,3927.2000000000003,2160.0,-0.0,39.77829636168167,-0.0,100.0,-0.0,294.69684210526316
2021-05-11 18:00:00,761.6063361477844,3914.71,2160.0,-0.0,989.6496638522158,-0.0,100.0,-0.0,189.4042145263158
2021-05-11 19:00:00,169.98656150854572,3920.48,2160.0,-0.0,1648.331438491454,-0.0,100.0,-0.0,84.12211621012632
2021-05-11 20:00:00,-0.0,3956.48,2160.0,-0.0,1718.5289812014203,-0.0,79.90801879858006,-0.0,-0.0
2021-05-11 21:00:00,-0.0,4029.66,2160.0,-0.0,1521.4530000000004,-0.0,0.0,-0.0,-0.0
2021-05-11 22:00:00,-0.0,4140.93,2160.0,-0.0,1169.9629999999997,-0.0,0.0,-0.0,-0.0
2021-05-11 23:00:00,-0.0,4284.94,2160.0,-0.0,823.8980000000001,-0.0,0.0,-0.0,-0.0
2021-05-12 00:00:00,-0.0,4437.7699999999995,2160.0,-0.0,32.08000000000084,-0.0,0.0,-0.0,-0.0
2021-05-12 01:00:00,-0.0,4610.16,1866.1500000000005,-0.0,-0.0,-0.0,0.0,-0.0,-0.0
2021-05-12 02:00:00,-0.0,4771.82,1598.125,-0.0,-0.0,-0.0,0.0,-0.0,-0.0
2021-05-12 03:00:00,-0.0,4905.54,1456.0420000000004,-0.0,-0.0,-0.0,0.0,-0.0,-0.0
2021-05-12 04:00:00,-0.0,4996.5,1477.1660000000002,-0.0,-0.0,-0.0,0.0,-0.0,-0.0
2021-05-12 05:00:00,203.30614558387066,5034.33,1446.0308544161298,-0.0,-0.0,-0.0,0.0,-0.0,-0.0
2021-05-12 06:00:00,877.4855405280935,5014.490000000001,1039.7474594719058,-0.0,-0.0,-0.0,0.0,-0.0,-0.0
2021-05-12 07:00:00,1722.4586096868288,4938.9,486.58839031317166,-0.0,-0.0,-0.0,0.0,-0.0,-0.0
2021-05-12 08:00:00,2601.5398921297724,4680.6581078702275,-0.0,-0.0,-0.0,-0.0,0.0,-0.0,-0.0
2021-05-12 09:00:00,3407.266335815168,3913.0666641848316,-0.0,-0.0,-0.0,-0.0,0.0,-0.0,-0.0
2021-05-12 10:00:00,4051.0835062173783,3230.689493782622,-0.0,-0.0,-0.0,-0.0,0.0,-0.0,-0.0
2021-05-12 11:00:00,4465.662184627981,2759.7978901137826,-0.0,-0.0,-0.0,-0.0,0.0,21.121074741764055,20.065021004675852
2021-05-12 12:00:00,4608.669001560742,2619.0949984392582,-0.0,-0.0,-0.0,-0.0,0.0,100.0,115.06301450257538
2021-05-12 13:00:00,4465.662184627981,2719.579815372019,-0.0,-0.0,-0.0,-0.0,0.0,100.0,210.05150820112513
2021-05-12 14:00:00,4051.0835062173783,3152.5594937826218,-0.0,-0.0,-0.0,-0.0,0.0,100.0,305.030503050305
2021-05-12 15:00:00,3407.266335815168,3895.737664184832,-0.0,-0.0,-0.0,-0.0,0.0,100.0,400.0
2021-05-12 16:00:00,2601.5398921297724,3899.37,883.6531078702278,-0.0,-0.0,-0.0,0.0,-0.0,399.96
2021-05-12 17:00:00,1722.4586096868288,3925.98,1962.8975966289613,-0.0,-0.0,-0.0,0.0,0.08420631578946756,400.0
2021-05-12 18:00:00,877.4855405280935,3968.38,2160.0,-0.0,698.8254594719062,-0.0,100.0,-0.0,294.69684210526316
2021-05-12 19:00:00,203.30614558387066,4010.5400000000004,2160.0,-0.0,1405.5308544161294,-0.0,100.0,-0.0,189.4042145263158
2021-05-12 20:00:00,-0.0,4036.38,2160.0,-0.0,1501.0590000000002,-0.0,100.0,-0.0,84.12211621012632
2021-05-12 21:00:00,-0.0,4032.1,2160.0,-0.0,1323.65698120142,-0.0,79.90801879858006,-0.0,-0.0
2021-05-12 22:00:00,-0.0,3988.18,2160.0,-0.0,1209.382,-0.0,0.0,-0.0,-0.0
2021-05-12 23:00:00,-0.0,3900.71,2160.0,-0.0,1096.9979999999996,-0.0,0.0,-0.0,-0.0
2021-05-13 00:00:00,-0.0,3759.25,2160.0,-0.0,601.8639999999996,-0.0,0.0,-0.0,-0.0
2021-05-13 01:00:00,-0.0,3597.99,2160.0,-0.0,611.9490000000005,-0.0,0.0,-0.0,-0.0
2021-05-13 02:00:00,-0.0,3417.5299999999997,2160.0,-0.0,688.4859999999999,-0.0,0.0,-0.0,-0.0
2021-05-13 03:00:00,-0.0,3234.6200000000003,2160.0,-0.0,865.5529999999994,-0.0,0.0,-0.0,-0.0
2021-05-13 04:00:00,-0.0,3067.06,2160.0,-0.0,1147.7909999999997,-0.0,0.0,-0.0,-0.0
2021-05-13 05:00:00,218.67209282570877,2931.39,2160.0,-0.0,1277.4559071742915,-0.0,0.0,-0.0,-0.0
2021-05-13 06:00:00,911.5629479838299,2840.66,2160.0,-0.0,926.0860520161705,-0.0,0.0,-0.0,-0.0
2021-05-13 07:00:00,1775.3398948418794,2802.7200000000003,2160.0,-0.0,319.2771051581208,-0.0,0.0,-0.0,-0.0
2021-05-13 08:00:00,2672.1406898219225,2819.16,1703.1553101780778,-0.0,-0.0,-0.0,0.0,-0.0,-0.0
2021-05-13 09:00:00,3493.1591467608237,2885.11,857.2538532391768,-0.0,-0.0,-0.0,0.0,-0.0,-0.0
2021-05-13 10:00:00,4148.744143639342,2989.8599999999997,61.35185636065853,-0.0,-0.0,-0.0,0.0,-0.0,-0.0
2021-05-13 11:00:00,4570.722382048921,2654.848617951079,-0.0,-0.0,-0.0,-0.0,0.0,100.0,95.0
2021-05-13 12:00:00,4716.255276916386,2435.8447230836146,-0.0,-0.0,-0.0,-0.0,0.0,100.0,189.9905
2021-05-13 13:00:00,4570.722382048921,2542.013617951079,-0.0,-0.0,-0.0,-0.0,0.0,100.0,284.97150095
2021-05-13 14:00:00,4148.744143639342,2985.599856360658,-0.0,-0.0,-0.0,-0.0,0.0,100.0,379.943003799905
2021-05-13 15:00:00,3493.1591467608237,3530.7,113.10085323917656,-0.0,-0.0,-0.0,0.0,-0.0,379.905009499525
2021-05-13 16:00:00,2672.1406898219225,3545.44,1125.4299217585249,-0.0,-0.0,-0.0,0.0,21.192611580447288,400.0
2021-05-13 17:00:00,1775.3398948418794,3517.3900000000003,2160.0,-0.0,-0.0,-0.0,99.11810515812022,-0.0,295.6251524651366
2021-05-13 18:00:00,911.5629479838299,3453.39,2160.0,-0.0,1123.7130520161704,-0.0,100.0,-0.0,190.33243205515328
2021-05-13 19:00:00,218.67209282570877,3365.38,2160.0,-0.0,1982.714907174291,-0.0,100.0,-0.0,85.05024091721093
2021-05-13 20:00:00,-0.0,3268.6,2160.0,-0.0,2238.8883509015373,-0.0,80.78964909846326,-0.0,-0.0
2021-05-13 21:00:00,-0.0,3179.47,2160.0,-0.0,2210.5130000000004,-0.0,0.0,-0.0,-0.0
2021-05-13 22:00:00,-0.0,3113.25,2160.0,-0.0,2042.1350000000002,-0.0,0.0,-0.0,-0.0
2021-05-13 23:00:00,-0.0,3081.83,2160.0,-0.0,1877.232,-0.0,0.0,-0.0,-0.0
2021-05-14 00:00:00,-0.0,3079.2999999999997,2160.0,-0.0,1246.8350000000005,-0.0,0.0,-0.0,-0.0
2021-05-14 01:00:00,-0.0,3131.93,2160.0,-0.0,1046.5980000000004,-0.0,0.0,-0.0,-0.0
2021-05-14 02:00:00,-0.0,3221.3999999999996,2160.0,-0.0,856.7910000000002,-0.0,0.0,-0.0,-0.0
2021-05-14 03:00:00,-0.0,3336.5,2160.0,-0.0,739.4449999999997,-0.0,0.0,-0.0,-0.0
2021-05-14 04:00:00,-0.0,3461.7999999999997,2160.0,-0.0,732.4290000000005,-0.0,0.0,-0.0,-0.0
2021-05-14 05:00:00,234.33993718657254,3579.6499999999996,2160.0,-0.0,596.5180628134276,-0.0,0.0,-0.0,-0.0
2021-05-14 06:00:00,945.8005457476207,3672.49,2160.0,-0.0,46.625454252379654,-0.0,0.0,-0.0,-0.0
2021-05-14 07:00:00,1828.2150188312355,3725.1800000000003,1494.1639811687644,-0.0,-0.0,-0.0,0.0,-0.0,-0.0
2021-05-14 08:00:00,2742.550491377546,3726.97,718.7705086224541,-0.0,-0.0,-0.0,0.0,-0.0,-0.0
2021-05-14 09:00:00,3578.6946100962036,3666.3793391068134,-0.0,-0.0,-0.0,-0.0,0.0,12.110949203017492,11.505401742866617
2021-05-14 10:00:00,4245.905726640058,3055.0872733599426,-0.0,-0.0,-0.0,-0.0,0.0,100.0,106.50425120269233
2021-05-14 11:00:00,4675.191107563198,2555.0028924368025,-0.0,-0.0,-0.0,-0.0,0.0,100.0,201.49360077757206
2021-05-14 12:00:00,4823.213113371201,2337.0798866287987,-0.0,-0.0,-0.0,-0.0,0.0,100.0,296.4734514174943
2021-05-14 13:00:00,4675.191107563198,2449.2888924368017,-0.0,-0.0,-0.0,-0.0,0.0,100.0,391.4438040723525
2021-05-14 14:00:00,4245.905726640058,2812.76,-0.0,-0.0,-0.0,-0.0,0.0,9.04772664005759,400.0
2021-05-14 15:00:00,3578.6946100962036,2626.2400000000002,950.8053899037964,-0.0,-0.0,-0.0,0.0,-0.0,399.96
2021-05-14 16:00:00,2742.550491377546,2470.7799999999997,2130.830714938244,-0.0,-0.0,-0.0,0.0,0.08420631578946756,400.0
2021-05-14 17:00:00,1828.2150188312355,2354.86,2160.0,-0.0,1134.4799811687647,-0.0,100.0,-0.0,294.69684210526316
2021-05-14 18:00:00,945.8005457476207,2280.88,2160.0,-0.0,2291.108454252379,-0.0,100.0,-0.0,189.4042145263158
2021-05-14 19:00:00,234.33993718657254,2244.97,2160.0,-0.0,3119.959062813428,-0.0,100.0,-0.0,84.12211621012632
2021-05-14 20:00:00,-0.0,2237.6,2160.0,-0.0,3306.61198120142,-0.0,79.90801879858006,-0.0,-0.0
2021-05-14 21:00:00,-0.0,2245.02,2160.0,-0.0,3184.105,-0.0,0.0,-0.0,-0.0
2021-05-14 22:00:00,-0.0,2251.2,2160.0,-0.0,2946.5820000000003,-0.0,0.0,-0.0,-0.0
2021-05-14 23:00:00,-0.0,2240.12,2160.0,-0.0,2764.5460000000003,-0.0,0.0,-0.0,-0.0
2021-05-15 00:00:00,-0.0,2185.44,2160.0,-0.0,1753.426,-0.0,0.0,-0.0,-0.0
2021-05-15 01:00:00,-0.0,2103.15,2160.0,-0.0,1691.2149999999997,-0.0,0.0,-0.0,-0.0
2021-05-15 02:00:00,-0.0,1976.89,2160.0,-0.0,1720.1870000000001,-0.0,0.0,-0.0,-0.0
2021-05-15 03:00:00,-0.0,1809.3300000000002,2160.0,-0.0,1888.4930000000002,-0.0,0.0,-0.0,-0.0
2021-05-15 04:00:00,-0.0,1609.23,2160.0,-0.0,2209.8089999999997,-0.0,0.0,-0.0,-0.0
2021-05-15 05:00:00,263.31589944734424,1390.41,2160.0,-0.0,2384.461100552656,-0.0,0.0,-0.0,-0.0
2021-05-15 06:00:00,1031.1634964435577,1169.99,2160.0,-0.0,2094.243503556442,-0.0,0.0,-0.0,-0.0
2021-05-15 07:00:00,1978.9294540476924,966.17,2160.0,-0.0,1575.6765459523074,-0.0,0.0,-0.0,-0.0
2021-05-15 08:00:00,2959.0969820386863,795.91,2160.0,-0.0,909.1670179613138,-0.0,0.0,-0.0,-0.0
2021-05-15 09:00:00,3854.4868700747115,672.7099999999999,2160.0,-0.0,184.24312992528803,-0.0,0.0,-0.0,-0.0
2021-05-15 10:00:00,4568.498201233242,604.9,1668.591798766758,-0.0,-0.0,-0.0,0.0,-0.0,-0.0
2021-05-15 11:00:00,5027.72068626548,594.52,1172.5133884762836,-0.0,-0.0,-0.0,0.0,21.121074741764055,20.065021004675852
2021-05-15 12:00:00,5186.037999948829,637.17,982.8880000511708,-0.0,-0.0,-0.0,0.0,100.0,115.06301450257538
2021-05-15 13:00:00,5027.72068626548,722.6200000000001,1022.2263137345199,-0.0,-0.0,-0.0,0.0,100.0,210.05150820112513
2021-05-15 14:00:00,4568.498201233242,836.1899999999999,1395.2187987667585,-0.0,-0.0,-0.0,0.0,100.0,305.030503050305
2021-05-15 15:00:00,3854.4868700747115,960.82,2092.838129925289,-0.0,-0.0,-0.0,0.0,100.0,400.0
2021-05-15 16:00:00,2959.0969820386863,1079.28,2160.0,-0.0,800.1360179613139,-0.0,0.0,-0.0,399.96
2021-05-15 17:00:00,1978.9294540476924,1176.57,2160.0,-0.0,1918.434545952308,-0.0,0.0,-0.0,399.920004
2021-05-15 18:00:00,1031.1634964435577,1241.8600000000001,2160.0,-0.0,3002.997503556442,-0.0,0.0,-0.0,399.8800119996
2021-05-15 19:00:00,263.31589944734424,1269.9099999999999,2160.0,226.03710055265583,3500.0,-0.0,100.0,-0.0,294.57686610366324
2021-05-15 20:00:00,-0.0,1261.75,2160.0,424.03399999999965,3500.0,-0.0,100.0,-0.0,189.28425052231603
2021-05-15 21:00:00,-0.0,1224.46,2160.0,267.90399999999954,3500.0,-0.0,100.0,-0.0,84.00216420252697
2021-05-15 22:00:00,-0.0,1170.1000000000001,2160.0,112.60792421319866,3500.0,-0.0,79.79407578680139,-0.0,-0.0
2021-05-15 23:00:00,-0.0,1114.05,2160.0,56.71900000000005,3500.0,-0.0,0.0,-0.0,-0.0
2021-05-16 00:00:00,-0.0,1060.19,2160.0,-0.0,2982.337,-0.0,0.0,-0.0,-0.0
2021-05-16 01:00:00,-0.0,1048.92,2160.0,-0.0,2850.2929999999997,-0.0,0.0,-0.0,-0.0
2021-05-16 02:00:00,-0.0,1079.5,2160.0,-0.0,2723.5119999999997,-0.0,0.0,-0.0,-0.0
2021-05-16 03:00:00,-0.0,1158.6499999999999,2160.0,-0.0,2646.0950000000003,-0.0,0.0,-0.0,-0.0
2021-05-16 04:00:00,-0.0,1286.9,2160.0,-0.0,2639.945,-0.0,0.0,-0.0,-0.0
2021-05-16 05:00:00,283.4012996110941,1458.47,2160.0,-0.0,2404.9047003889054,-0.0,0.0,-0.0,-0.0
2021-05-16 06:00:00,1078.9864645635046,1661.84,2160.0,-0.0,1663.8395354364955,-0.0,0.0,-0.0,-0.0
2021-05-16 07:00:00,2056.4862078088227,1881.22,2160.0,-0.0,692.9147921911772,-0.0,0.0,-0.0,-0.0
2021-05-16 08:00:00,3065.5372805751717,2098.56,1770.3937194248288,-0.0,-0.0,-0.0,0.0,-0.0,-0.0
2021-05-16 09:00:00,3986.366621763382,2295.84,699.9183782366176,-0.0,-0.0,-0.0,0.0,-0.0,-0.0
2021-05-16 10:00:00,4720.198422960803,2253.8596517809606,-0.0,-0.0,-0.0,-0.0,0.0,21.121074741764055,20.065021004675852
2021-05-16 11:00:00,5191.989686009621,1792.7483139903788,-0.0,-0.0,-0.0,-0.0,0.0,100.0,115.06301450257538
2021-05-16 12:00:00,5354.613654513357,1562.6403454866431,-0.0,-0.0,-0.0,-0.0,0.0,100.0,210.05150820112513
2021-05-16 13:00:00,5191.989686009621,1691.6823139903781,-0.0,-0.0,-0.0,-0.0,0.0,100.0,305.030503050305
2021-05-16 14:00:00,4720.198422960803,2190.655577039197,-0.0,-0.0,-0.0,-0.0,0.0,100.0,400.0
2021-05-16 15:00:00,3986.366621763382,2545.98,386.48337823661814,-0.0,-0.0,-0.0,0.0,-0.0,399.96
2021-05-16 16:00:00,3065.5372805751717,2464.6,1578.7759257406183,-0.0,-0.0,-0.0,0.0,0.08420631578946756,400.0
2021-05-16 17:00:00,2056.4862078088227,2384.4,2160.0,-0.0,642.8927921911777,-0.0,100.0,-0.0,294.69684210526316
2021-05-16 18:00:00,1078.9864645635046,2321.49,2160.0,-0.0,1884.8135354364956,-0.0,100.0,-0.0,189.4042145263158
2021-05-16 19:00:00,283.4012996110941,2288.73,2160.0,-0.0,2795.721700388906,-0.0,100.0,-0.0,84.12211621012632
2021-05-16 20:00:00,-0.0,2293.98,2160.0,-0.0,3019.7029812014202,-0.0,79.90801879858006,-0.0,-0.0
2021-05-16 21:00:00,-0.0,2339.11,2160.0,-0.0,2860.176,-0.0,0.0,-0.0,-0.0
2021-05-16 22:00:00,-0.0,2419.7,2160.0,-0.0,2548.737,-0.0,0.0,-0.0,-0.0
2021-05-16 23:00:00,-0.0,2525.7400000000002,2160.0,-0.0,2249.877,-0.0,0.0,-0.0,-0.0
2021-05-17 00:00:00,-0.0,2630.5299999999997,2160.0,-0.0,1951.9320000000007,-0.0,0.0,-0.0,-0.0
2021-05-17 01:00:00,-0.0,2742.6099999999997,2160.0,-0.0,1695.2520000000004,-0.0,0.0,-0.0,-0.0
2021-05-17 02:00:00,-0.0,2833.12,2160.0,-0.0,1507.1580000000004,-0.0,0.0,-0.0,-0.0
2021-05-17 03:00:00,-0.0,2888.0899999999997,2160.0,-0.0,1452.44,-0.0,0.0,-0.0,-0.0
2021-05-17 04:00:00,-0.0,2897.88,2160.0,-0.0,1563.1750000000002,-0.0,0.0,-0.0,-0.0
2021-05-17 05:00:00,265.9405560331594,2858.62,2160.0,-0.0,1554.7554439668406,-0.0,0.0,-0.0,-0.0
2021-05-17 06:00:00,986.1808257087301,2772.85,2160.0,-0.0,1176.4131742912705,-0.0,0.0,-0.0,-0.0
2021-05-17 07:00:00,1867.2336811738821,2649.24,2160.0,-0.0,643.0723188261184,-0.0,0.0,-0.0,-0.0
2021-05-17 08:00:00,2775.130735569543,2501.59,2160.0,-0.0,24.752264430456762,-0.0,0.0,-0.0,-0.0
2021-05-17 09:00:00,3602.815573789787,2347.02,1557.2404262102136,-0.0,-0.0,-0.0,0.0,-0.0,-0.0
2021-05-17 10:00:00,4262.017174930918,2203.84,1009.9138250690812,-0.0,-0.0,-0.0,0.0,-0.0,-0.0
2021-05-17 11:00:00,4685.665089243681,2089.12,651.7069854980837,-0.0,-0.0,-0.0,0.0,21.121074741764055,20.065021004675852
2021-05-17 12:00:00,4831.672393869615,2016.57,587.3606061303853,-0.0,-0.0,-0.0,0.0,100.0,115.06301450257538
2021-05-17 13:00:00,4685.665089243681,1994.71,719.2819107563191,-0.0,-0.0,-0.0,0.0,100.0,210.05150820112513
2021-05-17 14:00:00,4262.017174930918,2025.86,1136.5188250690817,-0.0,-0.0,-0.0,0.0,100.0,305.030503050305
2021-05-17 15:00:00,3602.815573789787,2105.91,1821.1274262102133,-0.0,-0.0,-0.0,0.0,100.0,400.0
2021-05-17 16:00:00,2775.130735569543,2224.96,2160.0,-0.0,357.16826443045693,-0.0,100.0,-0.0,294.69684210526316
2021-05-17 17:00:00,1867.2336811738821,2368.69,2160.0,-0.0,1353.6183188261182,-0.0,100.0,-0.0,189.4042145263158
2021-05-17 18:00:00,986.1808257087301,2520.3900000000003,2160.0,-0.0,2281.7461742912697,-0.0,100.0,-0.0,84.12211621012632
2021-05-17 19:00:00,265.9405560331594,2663.2299999999996,2160.0,-0.0,2958.9984251682613,-0.0,79.90801879858006,-0.0,-0.0
2021-05-17 20:00:00,-0.0,2782.5899999999997,2160.0,-0.0,3108.356,-0.0,0.0,-0.0,-0.0
2021-05-17 21:00:00,-0.0,2868.0099999999998,2160.0,-0.0,2825.7000000000003,-0.0,0.0,-0.0,-0.0
2021-05-17 22:00:00,-0.0,2914.66,2160.0,-0.0,2545.209,-0.0,0.0,-0.0,-0.0
2021-05-17 23:00:00,-0.0,2923.92,2160.0,-0.0,2340.0789999999997,-0.0,0.0,-0.0,-0.0
2021-05-18 00:00:00,-0.0,2890.84,2160.0,-0.0,1740.8819999999996,-0.0,0.0,-0.0,-0.0
2021-05-18 01:00:00,-0.0,2852.5899999999997,2160.0,-0.0,1631.3750000000005,-0.0,0.0,-0.0,-0.0
2021-05-18 02:00:00,-0.0,2812.4500000000003,2160.0,-0.0,1570.7229999999995,-0.0,0.0,-0.0,-0.0
2021-05-18 03:00:00,-0.0,2787.15,2160.0,-0.0,1593.0210000000002,-0.0,0.0,-0.0,-0.0
2021-05-18 04:00:00,-0.0,2792.15,2160.0,-0.0,1705.2469999999998,-0.0,0.0,-0.0,-0.0
2021-05-18 05:00:00,223.74889335789587,2839.4799999999996,2160.0,-0.0,1649.0881066421045,-0.0,0.0,-0.0,-0.0
2021-05-18 06:00:00,809.5155605874528,2936.0000000000005,2160.0,-0.0,1219.5494394125462,-0.0,0.0,-0.0,-0.0
2021-05-18 07:00:00,1523.1079324787638,3082.36,2160.0,-0.0,580.2830675212363,-0.0,0.0,-0.0,-0.0
2021-05-18 08:00:00,2257.1800191382667,3272.8,1954.2499808617326,-0.0,-0.0,-0.0,0.0,-0.0,-0.0
2021-05-18 09:00:00,2925.752753300584,3495.81,1104.7922466994155,-0.0,-0.0,-0.0,0.0,-0.0,-0.0
2021-05-18 10:00:00,3457.911117823151,3735.55,298.08288217684867,-0.0,-0.0,-0.0,0.0,-0.0,-0.0
2021-05-18 11:00:00,3799.800363371201,3645.0353983787068,-0.0,-0.0,-0.0,-0.0,0.0,27.222761749907608,25.861623662412228
2021-05-18 12:00:00,3917.6080126138577,3526.685987386142,-0.0,-0.0,-0.0,-0.0,0.0,100.0,120.85903750004599
2021-05-18 13:00:00,3799.800363371201,3604.9776366287992,-0.0,-0.0,-0.0,-0.0,0.0,100.0,215.84695159629598
2021-05-18 14:00:00,3457.911117823151,3968.0208821768488,-0.0,-0.0,-0.0,-0.0,0.0,100.0,310.82536690113636
2021-05-18 15:00:00,2925.7527533005837,4595.94,-0.0,-0.0,-0.0,-0.0,0.0,93.90075330058289,400.0
2021-05-18 16:00:00,2257.1800191382667,4627.58,726.831980861733,-0.0,-0.0,-0.0,0.0,-0.0,399.96
2021-05-18 17:00:00,1523.1079324787638,4614.03,1703.208273837026,-0.0,-0.0,-0.0,0.0,0.08420631578946756,400.0
2021-05-18 18:00:00,809.5155605874528,4567.33,2160.0,-0.0,398.57643941254685,-0.0,100.0,-0.0,294.69684210526316
2021-05-18 19:00:00,223.74889335789587,4502.9400000000005,2160.0,-0.0,1124.8771066421034,-0.0,100.0,-0.0,189.4042145263158
2021-05-18 20:00:00,-0.0,4437.610000000001,2160.0,-0.0,1333.2129999999997,-0.0,100.0,-0.0,84.12211621012632
2021-05-18 21:00:00,-0.0,4387.0,2160.0,-0.0,1203.0719812014195,-0.0,79.90801879858006,-0.0,-0.0
2021-05-18 22:00:00,-0.0,4363.53,2160.0,-0.0,1069.0120000000006,-0.0,0.0,-0.0,-0.0
2021-05-18 23:00:00,-0.0,4374.63,2160.0,-0.0,858.4579999999996,-0.0,0.0,-0.0,-0.0
2021-05-19 00:00:00,-0.0,4409.429999999999,2160.0,-0.0,187.94600000000082,-0.0,0.0,-0.0,-0.0
2021-05-19 01:00:00,-0.0,4487.68,2118.3869999999997,-0.0,-0.0,-0.0,0.0,-0.0,-0.0
2021-05-19 02:00:00,-0.0,4586.66,1915.085,-0.0,-0.0,-0.0,0.0,-0.0,-0.0
2021-05-19 03:00:00,-0.0,4691.8,1803.437,-0.0,-0.0,-0.0,0.0,-0.0,-0.0
2021-05-19 04:00:00,-0.0,4786.28,1822.7040000000006,-0.0,-0.0,-0.0,0.0,-0.0,-0.0
2021-05-19 05:00:00,201.99997845665752,4853.45,1765.0050215433425,-0.0,-0.0,-0.0,0.0,-0.0,-0.0
2021-05-19 06:00:00,714.1222321410297,4879.04,1476.62576785897,-0.0,-0.0,-0.0,0.0,-0.0,-0.0
2021-05-19 07:00:00,1335.5374040783954,4853.19,1098.3675959216052,-0.0,-0.0,-0.0,0.0,-0.0,-0.0
2021-05-19 08:00:00,1973.7479136987006,4771.87,676.6150863012997,-0.0,-0.0,-0.0,0.0,-0.0,-0.0
2021-05-19 09:00:00,2554.474747390237,4637.45,269.1342526097633,-0.0,-0.0,-0.0,0.0,-0.0,-0.0
2021-05-19 10:00:00,3016.4451123221784,4458.5599999999995,-0.0,-0.0,-0.0,-0.0,0.0,52.01211232217747,49.41150670606859
2021-05-19 11:00:00,3313.1422075017913,4132.713792498209,-0.0,-0.0,-0.0,-0.0,0.0,100.0,144.406565555398
2021-05-19 12:00:00,3415.355946371918,3954.023053628082,-0.0,-0.0,-0.0,-0.0,0.0,100.0,239.39212489884247
2021-05-19 13:00:00,3313.1422075017913,3807.59,106.02579249820838,-0.0,-0.0,-0.0,0.0,-0.0,239.36818568635258
2021-05-19 14:00:00,3016.4451123221784,3611.46,686.1013131331069,-0.0,-0.0,-0.0,0.0,69.14342545528535,305.030503050305
2021-05-19 15:00:00,2554.474747390237,3451.3500000000004,1437.905252609762,-0.0,-0.0,-0.0,0.0,100.0,400.0
2021-05-19 16:00:00,1973.7479136987004,3336.0699999999997,2160.0,-0.0,-0.0,-0.0,54.78108630130009,-0.0,342.2956986302104
2021-05-19 17:00:00,1335.5374040783954,3268.28,2160.0,-0.0,886.5835959216042,-0.0,100.0,-0.0,236.99831116561052
2021-05-19 18:00:00,714.1222321410297,3244.25,2160.0,-0.0,1724.38476785897,-0.0,100.0,-0.0,131.71145343975712
2021-05-19 19:00:00,201.99997845665752,3254.5,2160.0,-0.0,2299.6650215433424,-0.0,100.0,-0.0,26.435124399676326
2021-05-19 20:00:00,-0.0,3285.19,2160.0,-0.0,2462.455143157126,-0.0,25.110856842874544,-0.0,-0.0
2021-05-19 21:00:00,-0.0,3320.13,2160.0,-0.0,2249.1899999999996,-0.0,0.0,-0.0,-0.0
2021-05-19 22:00:00,-0.0,3343.03,2160.0,-0.0,1986.3319999999999,-0.0,0.0,-0.0,-0.0
2021-05-19 23:00:00,-0.0,3339.84,2160.0,-0.0,1787.625,-0.0,0.0,-0.0,-0.0
2021-05-20 00:00:00,-0.0,3288.56,2160.0,-0.0,1200.966,-0.0,0.0,-0.0,-0.0
2021-05-20 01:00:00,-0.0,3209.2900000000004,2160.0,-0.0,1126.6439999999998,-0.0,0.0,-0.0,-0.0
2021-05-20 02:00:00,-0.0,3091.89,2160.0,-0.0,1137.5210000000002,-0.0,0.0,-0.0,-0.0
2021-05-20 03:00:00,-0.0,2944.4100000000003,2160.0,-0.0,1276.3759999999997,-0.0,0.0,-0.0,-0.0
2021-05-20 04:00:00,-0.0,2779.88,2160.0,-0.0,1552.6220000000003,-0.0,0.0,-0.0,-0.0
2021-05-20 05:00:00,219.62091234264662,2614.6000000000004,2160.0,-0.0,1707.810087657353,-0.0,0.0,-0.0,-0.0
2021-05-20 06:00:00,759.7641476051582,2465.89,2160.0,-0.0,1563.8568523948425,-0.0,0.0,-0.0,-0.0
2021-05-20 07:00:00,1412.7244878978613,2349.7999999999997,2160.0,-0.0,1242.5305121021393,-0.0,0.0,-0.0,-0.0
2021-05-20 08:00:00,2082.270686239894,2278.9300000000003,2160.0,-0.0,777.323313760106,-0.0,0.0,-0.0,-0.0
2021-05-20 09:00:00,2690.9753733497087,2260.64,2160.0,-0.0,224.1576266502916,-0.0,0.0,-0.0,-0.0
2021-05-20 10:00:00,3174.928777479276,2296.07,1825.2292225207234,-0.0,-0.0,-0.0,0.0,-0.0,-0.0
2021-05-20 11:00:00,3485.642524613653,2379.91,1373.2745501281115,-0.0,-0.0,-0.0,0.0,21.121074741764055,20.065021004675852
2021-05-20 12:00:00,3592.674295056801,2501.04,1146.2297049431995,-0.0,-0.0,-0.0,0.0,100.0,115.06301450257538
2021-05-20 13:00:00,3485.642524613653,2643.96,1066.5334753863472,-0.0,-0.0,-0.0,0.0,100.0,210.05150820112513
2021-05-20 14:00:00,3174.928777479276,2790.8100000000004,1247.4142225207238,-0.0,-0.0,-0.0,0.0,100.0,305.030503050305
2021-05-20 15:00:00,2690.9753733497087,2923.67,1696.388626650291,-0.0,-0.0,-0.0,0.0,100.0,400.0
2021-05-20 16:00:00,2082.270686239894,3026.88,2160.0,-0.0,21.86631376010564,-0.0,100.0,-0.0,294.69684210526316
2021-05-20 17:00:00,1412.7244878978613,3089.0299999999997,2160.0,-0.0,854.2825121021392,-0.0,100.0,-0.0,189.4042145263158
2021-05-20 18:00:00,759.7641476051582,3104.4500000000003,2160.0,-0.0,1683.4998523948416,-0.0,100.0,-0.0,84.12211621012632
2021-05-20 19:00:00,219.62091234264662,3073.7799999999997,2160.0,-0.0,2347.237068858774,-0.0,79.90801879858006,-0.0,-0.0
2021-05-20 20:00:00,-0.0,3003.8399999999997,2160.0,-0.0,2632.8250000000003,-0.0,0.0,-0.0,-0.0
2021-05-20 21:00:00,-0.0,2906.5299999999997,2160.0,-0.0,2526.331,-0.0,0.0,-0.0,-0.0
2021-05-20 22:00:00,-0.0,2797.19,2160.0,-0.0,2395.4509999999996,-0.0,0.0,-0.0,-0.0
2021-05-20 23:00:00,-0.0,2692.3399999999997,2160.0,-0.0,2298.2460000000005,-0.0,0.0,-0.0,-0.0
2021-05-21 00:00:00,-0.0,2595.3500000000004,2160.0,-0.0,1757.3859999999995,-0.0,0.0,-0.0,-0.0
2021-05-21 01:00:00,-0.0,2542.4600000000005,2160.0,-0.0,1656.7359999999994,-0.0,0.0,-0.0,-0.0
2021-05-21 02:00:00,-0.0,2528.72,2160.0,-0.0,1564.1110000000003,-0.0,0.0,-0.0,-0.0
2021-05-21 03:00:00,-0.0,2555.2000000000003,2160.0,-0.0,1529.2689999999998,-0.0,0.0,-0.0,-0.0
2021-05-21 04:00:00,-0.0,2616.7000000000003,2160.0,-0.0,1579.8529999999996,-0.0,0.0,-0.0,-0.0
2021-05-21 05:00:00,248.13478717633816,2702.4100000000003,2160.0,-0.0,1456.0082128236613,-0.0,0.0,-0.0,-0.0
2021-05-21 06:00:00,841.1100182683452,2797.3199999999997,2160.0,-0.0,1016.1789817316554,-0.0,0.0,-0.0,-0.0
2021-05-21 07:00:00,1555.3739572203463,2884.23,2160.0,-0.0,431.22904277965335,-0.0,0.0,-0.0,-0.0
2021-05-21 08:00:00,2286.685841648757,2946.06,1932.3381583512423,-0.0,-0.0,-0.0,0.0,-0.0,-0.0
2021-05-21 09:00:00,2950.964243322076,2968.1600000000003,1284.0947566779232,-0.0,-0.0,-0.0,0.0,-0.0,-0.0
2021-05-21 10:00:00,3478.8282753556446,2940.27,745.5617246443549,-0.0,-0.0,-0.0,0.0,-0.0,-0.0
2021-05-21 11:00:00,3817.618454559411,2857.9700000000003,432.75862018235284,-0.0,-0.0,-0.0,0.0,21.121074741764055,20.065021004675852
2021-05-21 12:00:00,3934.304771645687,2723.32,453.02522835431273,-0.0,-0.0,-0.0,0.0,100.0,115.06301450257538
2021-05-21 13:00:00,3817.618454559411,2544.6000000000004,705.9095454405883,-0.0,-0.0,-0.0,0.0,100.0,210.05150820112513
2021-05-21 14:00:00,3478.8282753556446,2335.2999999999997,1272.4007246443566,-0.0,-0.0,-0.0,0.0,100.0,305.030503050305
2021-05-21 15:00:00,2950.964243322076,2112.36,2122.566756677923,-0.0,-0.0,-0.0,0.0,100.0,400.0
2021-05-21 16:00:00,2286.685841648757,1893.97,2160.0,-0.0,926.7941583512425,-0.0,0.0,-0.0,399.96
2021-05-21 17:00:00,1555.3739572203463,1697.21,2160.0,-0.0,2081.555042779654,-0.0,0.0,-0.0,399.920004
2021-05-21 18:00:00,841.1100182683452,1535.8700000000001,2160.0,-0.0,3150.597981731655,-0.0,0.0,-0.0,399.8800119996
2021-05-21 19:00:00,248.13478717633816,1418.71,2160.0,335.41821282366163,3500.0,-0.0,100.0,-0.0,294.57686610366324
2021-05-21 20:00:00,-0.0,1348.3400000000001,2160.0,571.9849999999997,3500.0,-0.0,100.0,-0.0,189.28425052231603
2021-05-21 21:00:00,-0.0,1321.0900000000001,2160.0,397.46199999999953,3500.0,-0.0,100.0,-0.0,84.00216420252697
2021-05-21 22:00:00,-0.0,1327.5500000000002,2160.0,173.10392421319875,3500.0,-0.0,79.79407578680139,-0.0,-0.0
2021-05-21 23:00:00,-0.0,1354.02,2160.0,26.575000000000273,3500.0,-0.0,0.0,-0.0,-0.0
2021-05-22 00:00:00,-0.0,1372.53,2160.0,-0.0,2436.496,-0.0,0.0,-0.0,-0.0
2021-05-22 01:00:00,-0.0,1390.9099999999999,2160.0,-0.0,2266.9400000000005,-0.0,0.0,-0.0,-0.0
2021-05-22 02:00:00,-0.0,1383.44,2160.0,-0.0,2170.488,-0.0,0.0,-0.0,-0.0
2021-05-22 03:00:00,-0.0,1340.5500000000002,2160.0,-0.0,2207.535,-0.0,0.0,-0.0,-0.0
2021-05-22 04:00:00,-0.0,1258.3700000000001,2160.0,-0.0,2404.393,-0.0,0.0,-0.0,-0.0
2021-05-22 05:00:00,260.8822389980555,1139.26,2160.0,-0.0,2475.2867610019443,-0.0,0.0,-0.0,-0.0
2021-05-22 06:00:00,867.5845472571898,991.6700000000001,2160.0,-0.0,2266.9664527428095,-0.0,0.0,-0.0,-0.0
2021-05-22 07:00:00,1595.91442748951,829.0300000000001,2160.0,-0.0,1920.3045725104896,-0.0,0.0,-0.0,-0.0
2021-05-22 08:00:00,2340.5467521492174,668.03,2160.0,-0.0,1473.7912478507833,-0.0,0.0,-0.0,-0.0
2021-05-22 09:00:00,3016.365017168151,526.42,2160.0,-0.0,980.6499828318492,-0.0,0.0,-0.0,-0.0
2021-05-22 10:00:00,3553.119611298742,420.68,2160.0,-0.0,514.0673887012586,-0.0,0.0,-0.0,-0.0
2021-05-22 11:00:00,3897.5164512844135,363.79,2160.0,-0.0,152.1765487155867,-0.0,0.0,-0.0,-0.0
2021-05-22 12:00:00,4016.1127297359535,363.52000000000004,2160.0,-0.0,-0.0,-0.0,0.0,39.62072973595377,37.63969324915608
2021-05-22 13:00:00,3897.5164512844135,421.39000000000004,2160.0,-0.0,-0.0,-0.0,0.0,18.259451284413444,54.98240800002394
2021-05-22 14:00:00,3553.119611298742,532.43,2160.0,-0.0,200.62701122009028,-0.0,36.0793774811684,-0.0,16.998617673783514
2021-05-22 15:00:00,3016.365017168151,685.8499999999999,2160.0,-0.0,722.6569828318493,-0.0,0.0,-0.0,16.996917812016136
2021-05-22 16:00:00,2340.5467521492174,866.4399999999999,2160.0,-0.0,1402.7432478507822,-0.0,0.0,-0.0,16.995218120234934
2021-05-22 17:00:00,1595.91442748951,1056.57,2160.0,-0.0,2187.2755725104907,-0.0,0.0,-0.0,16.99351859842291
2021-05-22 18:00:00,867.5845472571898,1238.52,2160.0,-0.0,2930.473452742811,-0.0,0.0,-0.0,16.991819246563068
2021-05-22 19:00:00,260.8822389980555,1396.78,2160.0,-0.0,3457.016761001945,-0.0,0.0,-0.0,16.99012006463841
2021-05-22 20:00:00,-0.0,1520.05,2160.0,-0.0,3500.0,-0.0,16.13900000000035,-0.0,-0.0
2021-05-22 21:00:00,-0.0,1602.7,2160.0,-0.0,3235.1950000000006,-0.0,0.0,-0.0,-0.0
2021-05-22 22:00:00,-0.0,1645.35,2160.0,-0.0,2957.9469999999997,-0.0,0.0,-0.0,-0.0
2021-05-22 23:00:00,-0.0,1654.75,2160.0,-0.0,2752.224,-0.0,0.0,-0.0,-0.0
2021-05-23 00:00:00,-0.0,1630.8700000000001,2160.0,-0.0,2144.384,-0.0,0.0,-0.0,-0.0
2021-05-23 01:00:00,-0.0,1612.48,2160.0,-0.0,2015.1680000000001,-0.0,0.0,-0.0,-0.0
2021-05-23 02:00:00,-0.0,1604.05,2160.0,-0.0,1923.2609999999997,-0.0,0.0,-0.0,-0.0
2021-05-23 03:00:00,-0.0,1620.6899999999998,2160.0,-0.0,1904.3749999999998,-0.0,0.0,-0.0,-0.0
2021-05-23 04:00:00,-0.0,1674.2,2160.0,-0.0,1969.1490000000001,-0.0,0.0,-0.0,-0.0
2021-05-23 05:00:00,276.05102893767275,1771.27,2160.0,-0.0,1812.306971062327,-0.0,0.0,-0.0,-0.0
2021-05-23 06:00:00,901.705082872787,1912.51,2160.0,-0.0,1299.8199171272126,-0.0,0.0,-0.0,-0.0
2021-05-23 07:00:00,1650.360648730939,2092.25,2160.0,-0.0,594.067351269061,-0.0,0.0,-0.0,-0.0
2021-05-23 08:00:00,2414.721025944121,2299.13,1923.558974055879,-0.0,-0.0,-0.0,0.0,-0.0,-0.0
2021-05-23 09:00:00,3107.882972392795,2517.6,1056.600027607205,-0.0,-0.0,-0.0,0.0,-0.0,-0.0
2021-05-23 10:00:00,3658.1490028912094,2729.86,262.10399710879074,-0.0,-0.0,-0.0,0.0,-0.0,-0.0
2021-05-23 11:00:00,4011.1098631921,2668.2031368079,-0.0,-0.0,-0.0,-0.0,0.0,100.0,95.0
2021-05-23 12:00:00,4132.638856514175,2476.773143485825,-0.0,-0.0,-0.0,-0.0,0.0,100.0,189.9905
2021-05-23 13:00:00,4011.1098631921,2562.4891368079,-0.0,-0.0,-0.0,-0.0,0.0,100.0,284.97150095
2021-05-23 14:00:00,3658.1490028912094,2940.588997108791,-0.0,-0.0,-0.0,-0.0,0.0,100.0,379.943003799905
2021-05-23 15:00:00,3107.882972392795,3200.8900000000003,296.08702760720416,-0.0,-0.0,-0.0,0.0,-0.0,379.905009499525
2021-05-23 16:00:00,2414.721025944121,3145.21,1254.4575856363263,-0.0,-0.0,-0.0,0.0,21.192611580447288,400.0
2021-05-23 17:00:00,1650.360648730939,3056.4,2160.0,-0.0,59.91435126906117,-0.0,100.0,-0.0,294.69684210526316
2021-05-23 18:00:00,901.705082872787,2950.83,2160.0,-0.0,1114.3739171272127,-0.0,100.0,-0.0,189.4042145263158
2021-05-23 19:00:00,276.05102893767275,2846.14,2160.0,-0.0,1926.1979710623275,-0.0,100.0,-0.0,84.12211621012632
2021-05-23 20:00:00,-0.0,2758.91,2160.0,-0.0,2234.42198120142,-0.0,79.90801879858006,-0.0,-0.0
2021-05-23 21:00:00,-0.0,2702.4500000000003,2160.0,-0.0,2175.7939999999994,-0.0,0.0,-0.0,-0.0
2021-05-23 22:00:00,-0.0,2685.1000000000004,2160.0,-0.0,1961.8009999999995,-0.0,0.0,-0.0,-0.0
2021-05-23 23:00:00,-0.0,2709.11,2160.0,-0.0,1744.6749999999997,-0.0,0.0,-0.0,-0.0
2021-05-24 00:00:00,-0.0,2758.75,2160.0,-0.0,1502.7740000000003,-0.0,0.0,-0.0,-0.0
2021-05-24 01:00:00,-0.0,2847.7799999999997,2160.0,-0.0,1269.2430000000004,-0.0,0.0,-0.0,-0.0
2021-05-24 02:00:00,-0.0,2950.57,2160.0,-0.0,1069.1649999999995,-0.0,0.0,-0.0,-0.0
2021-05-24 03:00:00,-0.0,3050.9500000000003,2160.0,-0.0,969.5309999999995,-0.0,0.0,-0.0,-0.0
2021-05-24 04:00:00,-0.0,3132.7599999999998,2160.0,-0.0,1008.9370000000004,-0.0,0.0,-0.0,-0.0
2021-05-24 05:00:00,323.60906693276024,3182.1899999999996,2160.0,-0.0,855.0459330672404,-0.0,0.0,-0.0,-0.0
2021-05-24 06:00:00,1039.3578468171122,3189.7,2160.0,-0.0,388.99715318288827,-0.0,0.0,-0.0,-0.0
2021-05-24 07:00:00,1893.2091557414803,3151.48,1958.7448442585198,-0.0,-0.0,-0.0,0.0,-0.0,-0.0
2021-05-24 08:00:00,2763.8065130232326,3070.0499999999997,1312.975486976768,-0.0,-0.0,-0.0,0.0,-0.0,-0.0
2021-05-24 09:00:00,3552.712974362911,2954.03,687.3560256370884,-0.0,-0.0,-0.0,0.0,-0.0,-0.0
2021-05-24 10:00:00,4178.687408914135,2817.08,168.8805910858655,-0.0,-0.0,-0.0,0.0,-0.0,-0.0
2021-05-24 11:00:00,4580.093515070106,2616.197484929894,-0.0,-0.0,-0.0,-0.0,0.0,100.0,95.0
2021-05-24 12:00:00,4718.288461595539,2410.465538404461,-0.0,-0.0,-0.0,-0.0,0.0,100.0,189.9905
2021-05-24 13:00:00,4580.093515070105,2453.54,-0.0,-0.0,-0.0,-0.0,0.0,38.40851507010484,226.4595902665996
2021-05-24 14:00:00,4178.687408914135,2401.98,463.80208065404804,-0.0,-0.0,-0.0,0.0,21.904489568182576,247.2462093973464
2021-05-24 15:00:00,3552.712974362911,2402.9,1275.190025637089,-0.0,-0.0,-0.0,0.0,100.0,342.22148477640667
2021-05-24 16:00:00,2763.8065130232326,2458.2200000000003,2160.0,-0.0,-0.0,-0.0,0.0,60.85551302323256,400.0
2021-05-24 17:00:00,1893.2091557414803,2563.42,2160.0,-0.0,839.9628442585192,-0.0,100.0,-0.0,294.69684210526316
2021-05-24 18:00:00,1039.3578468171122,2708.13,2160.0,-0.0,1751.1911531828878,-0.0,100.0,-0.0,189.4042145263158
2021-05-24 19:00:00,323.60906693276024,2877.5699999999997,2160.0,-0.0,2380.7429330672394,-0.0,100.0,-0.0,84.12211621012632
2021-05-24 20:00:00,-0.0,3054.56,2160.0,-0.0,2473.97398120142,-0.0,79.90801879858006,-0.0,-0.0
2021-05-24 21:00:00,-0.0,3221.78,2160.0,-0.0,2193.2419999999997,-0.0,0.0,-0.0,-0.0
2021-05-24 22:00:00,-0.0,3364.11,2160.0,-0.0,1821.0499999999997,-0.0,0.0,-0.0,-0.0
2021-05-24 23:00:00,-0.0,3470.63,2160.0,-0.0,1522.7969999999996,-0.0,0.0,-0.0,-0.0
2021-05-25 00:00:00,-0.0,3524.4500000000003,2160.0,-0.0,842.011,-0.0,0.0,-0.0,-0.0
2021-05-25 01:00:00,-0.0,3549.6699999999996,2160.0,-0.0,673.4760000000001,-0.0,0.0,-0.0,-0.0
2021-05-25 02:00:00,-0.0,3541.72,2160.0,-0.0,585.2260000000001,-0.0,0.0,-0.0,-0.0
2021-05-25 03:00:00,-0.0,3512.6200000000003,2160.0,-0.0,616.0579999999995,-0.0,0.0,-0.0,-0.0
2021-05-25 04:00:00,-0.0,3477.6800000000003,2160.0,-0.0,773.0990000000002,-0.0,0.0,-0.0,-0.0
2021-05-25 05:00:00,385.97238609149525,3453.31,2160.0,-0.0,631.4266139085046,-0.0,0.0,-0.0,-0.0
2021-05-25 06:00:00,1220.188059947805,3454.72,2160.0,-0.0,53.691940052195605,-0.0,0.0,-0.0,-0.0
2021-05-25 07:00:00,2212.456117362604,3493.73,1408.3678826373962,-0.0,-0.0,-0.0,0.0,-0.0,-0.0
2021-05-25 08:00:00,3222.9119359072774,3577.0299999999997,458.483064092723,-0.0,-0.0,-0.0,0.0,-0.0,-0.0
2021-05-25 09:00:00,4137.8820085201105,3168.1759914798895,-0.0,-0.0,-0.0,-0.0,0.0,-0.0,-0.0
2021-05-25 10:00:00,4863.556426338145,2413.3145736618553,-0.0,-0.0,-0.0,-0.0,0.0,-0.0,-0.0
2021-05-25 11:00:00,5328.767564425341,1879.903435574659,-0.0,-0.0,-0.0,-0.0,0.0,-0.0,-0.0
2021-05-25 12:00:00,5488.9085831542325,1673.3994915875314,-0.0,-0.0,-0.0,-0.0,0.0,21.121074741764055,20.065021004675852
2021-05-25 13:00:00,5328.767564425341,1878.8374355746582,-0.0,-0.0,-0.0,-0.0,0.0,100.0,115.06301450257538
2021-05-25 14:00:00,4863.556426338145,2371.2305736618555,-0.0,-0.0,-0.0,-0.0,0.0,100.0,210.05150820112513
2021-05-25 15:00:00,4137.8820085201105,3204.8809914798894,-0.0,-0.0,-0.0,-0.0,0.0,100.0,305.030503050305
2021-05-25 16:00:00,3222.9119359072774,4309.8510640927225,-0.0,-0.0,-0.0,-0.0,0.0,100.0,400.0
2021-05-25 17:00:00,2212.456117362604,4899.57,555.6858826373968,-0.0,-0.0,-0.0,0.0,-0.0,399.96
2021-05-25 18:00:00,1220.188059947805,4872.8,1776.3201463679848,-0.0,-0.0,-0.0,0.0,0.08420631578946756,400.0
2021-05-25 19:00:00,385.97238609149525,4797.91,2160.0,-0.0,507.9036139085049,-0.0,100.0,-0.0,294.69684210526316
2021-05-25 20:00:00,-0.0,4687.39,2160.0,-0.0,930.1349999999993,-0.0,100.0,-0.0,189.4042145263158
2021-05-25 21:00:00,-0.0,4557.21,2160.0,-0.0,866.009,-0.0,100.0,-0.0,84.12211621012632
2021-05-25 22:00:00,-0.0,4424.62,2160.0,-0.0,787.8419812014199,-0.0,79.90801879858006,-0.0,-0.0
2021-05-25 23:00:00,-0.0,4305.85,2160.0,-0.0,793.701,-0.0,0.0,-0.0,-0.0
2021-05-26 00:00:00,-0.0,4202.4,2160.0,-0.0,269.15700000000015,-0.0,0.0,-0.0,-0.0
2021-05-26 01:00:00,-0.0,4145.18,2160.0,-0.0,181.77599999999984,-0.0,0.0,-0.0,-0.0
2021-05-26 02:00:00,-0.0,4124.69,2160.0,-0.0,104.6820000000007,-0.0,0.0,-0.0,-0.0
2021-05-26 03:00:00,-0.0,4136.66,2160.0,-0.0,92.96500000000015,-0.0,0.0,-0.0,-0.0
2021-05-26 04:00:00,-0.0,4171.21,2160.0,-0.0,178.9390000000003,-0.0,0.0,-0.0,-0.0
2021-05-26 05:00:00,409.2923982448062,4214.24,2104.877601755194,-0.0,-0.0,-0.0,0.0,-0.0,-0.0
2021-05-26 06:00:00,1274.775988000205,4249.47,1460.2920119997943,-0.0,-0.0,-0.0,0.0,-0.0,-0.0
2021-05-26 07:00:00,2301.4110276583774,4260.66,646.5689723416231,-0.0,-0.0,-0.0,0.0,-0.0,-0.0
2021-05-26 08:00:00,3345.593067214206,4004.973932785794,-0.0,-0.0,-0.0,-0.0,0.0,-0.0,-0.0
2021-05-26 09:00:00,4290.444793444889,3105.725206555111,-0.0,-0.0,-0.0,-0.0,0.0,-0.0,-0.0
2021-05-26 10:00:00,5039.482351576094,2346.50372316567,-0.0,-0.0,-0.0,-0.0,0.0,21.121074741764055,20.065021004675852
2021-05-26 11:00:00,5519.548060152493,1874.916939847507,-0.0,-0.0,-0.0,-0.0,0.0,100.0,115.06301450257538
2021-05-26 12:00:00,5684.784362910655,1639.9126370893455,-0.0,-0.0,-0.0,-0.0,0.0,100.0,210.05150820112513
2021-05-26 13:00:00,5519.548060152493,1769.202939847507,-0.0,-0.0,-0.0,-0.0,0.0,100.0,305.030503050305
2021-05-26 14:00:00,5039.482351576094,2274.007648423906,-0.0,-0.0,-0.0,-0.0,0.0,100.0,400.0
2021-05-26 15:00:00,4290.444793444889,2924.83,103.67220655511119,-0.0,-0.0,-0.0,0.0,-0.0,399.96
2021-05-26 16:00:00,3345.593067214206,2714.98,1445.8641391015844,-0.0,-0.0,-0.0,0.0,0.08420631578946756,400.0
2021-05-26 17:00:00,2301.4110276583774,2546.25,2160.0,-0.0,630.974972341623,-0.0,100.0,-0.0,294.69684210526316
2021-05-26 18:00:00,1274.775988000205,2427.33,2160.0,-0.0,1975.3060119997954,-0.0,100.0,-0.0,189.4042145263158
2021-05-26 19:00:00,409.2923982448062,2360.67,2160.0,-0.0,2987.208601755194,-0.0,100.0,-0.0,84.12211621012632
2021-05-26 20:00:00,-0.0,2342.32,2160.0,-0.0,3357.8119812014197,-0.0,79.90801879858006,-0.0,-0.0
2021-05-26 21:00:00,-0.0,2362.5099999999998,2160.0,-0.0,3220.2940000000003,-0.0,0.0,-0.0,-0.0
2021-05-26 22:00:00,-0.0,2407.07,2160.0,-0.0,2941.8929999999996,-0.0,0.0,-0.0,-0.0
2021-05-26 23:00:00,-0.0,2459.43,2160.0,-0.0,2693.664,-0.0,0.0,-0.0,-0.0
2021-05-27 00:00:00,-0.0,2491.5899999999997,2160.0,-0.0,2030.5680000000007,-0.0,0.0,-0.0,-0.0
2021-05-27 01:00:00,-0.0,2511.6899999999996,2160.0,-0.0,1862.7110000000002,-0.0,0.0,-0.0,-0.0
2021-05-27 02:00:00,-0.0,2498.11,2160.0,-0.0,1775.4990000000003,-0.0,0.0,-0.0,-0.0
2021-05-27 03:00:00,-0.0,2446.14,2160.0,-0.0,1824.467,-0.0,0.0,-0.0,-0.0
2021-05-27 04:00:00,-0.0,2357.33,2160.0,-0.0,2030.5029999999997,-0.0,0.0,-0.0,-0.0
2021-05-27 05:00:00,375.92968600962035,2239.23,2160.0,-0.0,1987.5933139903793,-0.0,0.0,-0.0,-0.0
2021-05-27 06:00:00,1154.6086122965921,2104.39,2160.0,-0.0,1596.5023877034082,-0.0,0.0,-0.0,-0.0
2021-05-27 07:00:00,2075.8692350834103,1968.6000000000001,2160.0,-0.0,1031.7177649165892,-0.0,0.0,-0.0,-0.0
2021-05-27 08:00:00,3011.7872710572105,1848.73,2160.0,-0.0,354.1487289427896,-0.0,0.0,-0.0,-0.0
2021-05-27 09:00:00,3858.103474337325,1760.4,1798.2875256626744,-0.0,-0.0,-0.0,0.0,-0.0,-0.0
2021-05-27 10:00:00,4528.752521338656,1715.76,1137.4674786613432,-0.0,-0.0,-0.0,0.0,-0.0,-0.0
2021-05-27 11:00:00,4958.469183860404,1721.81,644.6205903640357,-0.0,-0.0,-0.0,0.0,16.85077422443999,16.00823551321799
2021-05-27 12:00:00,5106.3556440231305,1779.3300000000002,449.04435597686916,-0.0,-0.0,-0.0,0.0,100.0,111.00663468966667
2021-05-27 13:00:00,4958.469183860404,1882.71,454.03481613959593,-0.0,-0.0,-0.0,0.0,100.0,205.9955340261977
2021-05-27 14:00:00,4528.752521338656,2020.5600000000002,767.0554786613438,-0.0,-0.0,-0.0,0.0,100.0,300.9749344727951
2021-05-27 15:00:00,3858.103474337325,2177.18,1382.9445256626755,-0.0,-0.0,-0.0,0.0,100.0,395.9448369793478
2021-05-27 16:00:00,3011.7872710572105,2334.55,2160.0,-0.0,-0.0,-0.0,0.0,4.310271057210684,400.0
2021-05-27 17:00:00,2075.8692350834103,2474.64,2160.0,-0.0,920.1887649165901,-0.0,100.0,-0.0,294.69684210526316
2021-05-27 18:00:00,1154.6086122965921,2581.75,2160.0,-0.0,1929.499387703408,-0.0,100.0,-0.0,189.4042145263158
2021-05-27 19:00:00,375.92968600962035,2644.49,2160.0,-0.0,2721.5823139903805,-0.0,100.0,-0.0,84.12211621012632
2021-05-27 20:00:00,-0.0,2657.23,2160.0,-0.0,3024.12098120142,-0.0,79.90801879858006,-0.0,-0.0
2021-05-27 21:00:00,-0.0,2620.75,2160.0,-0.0,2939.666,-0.0,0.0,-0.0,-0.0
2021-05-27 22:00:00,-0.0,2542.03,2160.0,-0.0,2780.948,-0.0,0.0,-0.0,-0.0
2021-05-27 23:00:00,-0.0,2433.21,2160.0,-0.0,2690.3140000000003,-0.0,0.0,-0.0,-0.0
2021-05-28 00:00:00,-0.0,2298.71,2160.0,-0.0,2190.4750000000004,-0.0,0.0,-0.0,-0.0
2021-05-28 01:00:00,-0.0,2177.73,2160.0,-0.0,2160.146,-0.0,0.0,-0.0,-0.0
2021-05-28 02:00:00,-0.0,2074.87,2160.0,-0.0,2158.6850000000004,-0.0,0.0,-0.0,-0.0
2021-05-28 03:00:00,-0.0,2002.65,2160.0,-0.0,2224.3969999999995,-0.0,0.0,-0.0,-0.0
2021-05-28 04:00:00,-0.0,1968.6000000000001,2160.0,-0.0,2372.1939999999995,-0.0,0.0,-0.0,-0.0
2021-05-28 05:00:00,330.3000928768806,1974.2299999999998,2160.0,-0.0,2247.73490712312,-0.0,0.0,-0.0,-0.0
2021-05-28 06:00:00,1001.2325535001538,2014.8,2160.0,-0.0,1785.565446499846,-0.0,0.0,-0.0,-0.0
2021-05-28 07:00:00,1793.0532462132844,2079.98,2160.0,-0.0,1145.8717537867153,-0.0,0.0,-0.0,-0.0
2021-05-28 08:00:00,2596.586314911473,2155.23,2160.0,-0.0,402.22668508852666,-0.0,0.0,-0.0,-0.0
2021-05-28 09:00:00,3322.7289813222806,2223.85,1806.2900186777197,-0.0,-0.0,-0.0,0.0,-0.0,-0.0
2021-05-28 10:00:00,3897.9169270545494,2269.2200000000003,1147.6660729454502,-0.0,-0.0,-0.0,0.0,-0.0,-0.0
2021-05-28 11:00:00,4266.379280242556,2277.13,740.1977800759987,-0.0,-0.0,-0.0,0.0,46.04206031855509,43.73995730262733
2021-05-28 12:00:00,4393.169909067649,2237.76,630.2590909323508,-0.0,-0.0,-0.0,0.0,100.0,138.73558330689707
2021-05-28 13:00:00,4266.379280242556,2147.12,805.0687197574443,-0.0,-0.0,-0.0,0.0,100.0,233.72170974856638
2021-05-28 14:00:00,3897.9169270545494,2007.62,1331.1360729454505,-0.0,-0.0,-0.0,0.0,100.0,328.69833757759153
2021-05-28 15:00:00,3322.72898132228,1827.9,2160.0,-0.0,-0.0,-0.0,0.0,75.08898132228023,400.0
2021-05-28 16:00:00,2596.586314911473,1621.73,2160.0,-0.0,1038.0916850885274,-0.0,0.0,-0.0,399.96
2021-05-28 17:00:00,1793.0532462132844,1406.29,2160.0,-0.0,2282.867753786716,-0.0,0.0,-0.0,399.920004
2021-05-28 18:00:00,1001.2325535001538,1199.99,2160.0,-0.0,3473.3444464998465,-0.0,0.0,-0.0,399.8800119996
2021-05-28 19:00:00,330.3000928768806,1020.04,2160.0,797.6349071231198,3500.0,-0.0,100.0,-0.0,294.57686610366324
2021-05-28 20:00:00,-0.0,880.33,2160.0,1184.2359999999999,3500.0,-0.0,100.0,-0.0,189.28425052231603
2021-05-28 21:00:00,-0.0,789.6300000000001,2160.0,1071.5,3500.0,-0.0,100.0,-0.0,84.00216420252697
2021-05-28 22:00:00,-0.0,750.54,2160.0,890.8379242131978,3500.0,-0.0,79.79407578680139,-0.0,-0.0
2021-05-28 23:00:00,-0.0,759.3,2160.0,759.9749999999995,3500.0,-0.0,0.0,-0.0,-0.0
2021-05-29 00:00:00,-0.0,795.32,2160.0,-0.0,3151.274,-0.0,0.0,-0.0,-0.0
2021-05-29 01:00:00,-0.0,866.7700000000001,2160.0,-0.0,2926.2320000000004,-0.0,0.0,-0.0,-0.0
2021-05-29 02:00:00,-0.0,946.3299999999999,2160.0,-0.0,2740.1490000000003,-0.0,0.0,-0.0,-0.0
2021-05-29 03:00:00,-0.0,1017.65,2160.0,-0.0,2660.204,-0.0,0.0,-0.0,-0.0
2021-05-29 04:00:00,-0.0,1066.56,2160.0,-0.0,2723.0099999999998,-0.0,0.0,-0.0,-0.0
2021-05-29 05:00:00,316.26495742503334,1083.13,2160.0,-0.0,2599.7040425749665,-0.0,0.0,-0.0,-0.0
2021-05-29 06:00:00,946.9588448981682,1063.03,2160.0,-0.0,2236.590155101832,-0.0,0.0,-0.0,-0.0
2021-05-29 07:00:00,1689.5395013816399,1008.1600000000001,2160.0,-0.0,1764.4234986183599,-0.0,0.0,-0.0,-0.0
2021-05-29 08:00:00,2442.3230482550407,926.45,2160.0,-0.0,1226.8179517449598,-0.0,0.0,-0.0,-0.0
2021-05-29 09:00:00,3122.183037969502,830.8100000000001,2160.0,-0.0,679.8479620304984,-0.0,0.0,-0.0,-0.0
2021-05-29 10:00:00,3660.5087293521656,737.39,2160.0,-0.0,195.39727064783483,-0.0,0.0,-0.0,-0.0
2021-05-29 11:00:00,4005.2752392795014,663.39,2106.1087607204986,-0.0,-0.0,-0.0,0.0,100.0,95.0
2021-05-29 12:00:00,4123.8961623938185,624.72,1948.3948376061817,-0.0,-0.0,-0.0,0.0,100.0,189.9905
2021-05-29 13:00:00,4005.2752392795014,633.8199999999999,2014.1077607204993,-0.0,-0.0,-0.0,0.0,100.0,284.97150095
2021-05-29 14:00:00,3660.508729352165,697.9200000000001,2160.0,-0.0,-0.0,-0.0,51.79227064783436,-0.0,230.4248241706057
2021-05-29 15:00:00,3122.183037969502,818.0,2160.0,-0.0,467.9189620304978,-0.0,100.0,-0.0,125.1386237934518
2021-05-29 16:00:00,2442.3230482550407,988.59,2160.0,-0.0,1157.1719517449592,-0.0,100.0,-0.0,19.862952036335614
2021-05-29 17:00:00,1689.5395013816399,1198.43,2160.0,-0.0,2006.267581164284,-0.0,18.867917454075382,-0.0,-0.0
2021-05-29 18:00:00,946.9588448981682,1431.8500000000001,2160.0,-0.0,2725.9721551018315,-0.0,0.0,-0.0,-0.0
2021-05-29 19:00:00,316.26495742503334,1670.8400000000001,2160.0,-0.0,3190.5080425749666,-0.0,0.0,-0.0,-0.0
2021-05-29 20:00:00,-0.0,1897.3200000000002,2160.0,-0.0,3196.413,-0.0,0.0,-0.0,-0.0
2021-05-29 21:00:00,-0.0,2095.46,2160.0,-0.0,2794.468,-0.0,0.0,-0.0,-0.0
2021-05-29 22:00:00,-0.0,2253.72,2160.0,-0.0,2395.988,-0.0,0.0,-0.0,-0.0
2021-05-29 23:00:00,-0.0,2366.25,2160.0,-0.0,2081.4030000000002,-0.0,0.0,-0.0,-0.0
2021-05-30 00:00:00,-0.0,2422.65,2160.0,-0.0,1388.592,-0.0,0.0,-0.0,-0.0
2021-05-30 01:00:00,-0.0,2451.35,2160.0,-0.0,1206.3520000000003,-0.0,0.0,-0.0,-0.0
2021-05-30 02:00:00,-0.0,2453.24,2160.0,-0.0,1098.0970000000007,-0.0,0.0,-0.0,-0.0
2021-05-30 03:00:00,-0.0,2443.4700000000003,2160.0,-0.0,1099.504,-0.0,0.0,-0.0,-0.0
2021-05-30 04:00:00,-0.0,2438.43,2160.0,-0.0,1216.6280000000002,-0.0,0.0,-0.0,-0.0
2021-05-30 05:00:00,319.83227236209194,2453.38,2160.0,-0.0,1091.846727637908,-0.0,0.0,-0.0,-0.0
2021-05-30 06:00:00,946.6384642820593,2500.31,2160.0,-0.0,666.1665357179405,-0.0,0.0,-0.0,-0.0
2021-05-30 07:00:00,1683.0209880769628,2586.1800000000003,2160.0,-0.0,60.138011923036856,-0.0,0.0,-0.0,-0.0
2021-05-30 08:00:00,2428.768483727357,2711.9100000000003,1482.911516272643,-0.0,-0.0,-0.0,0.0,-0.0,-0.0
2021-05-30 09:00:00,3101.8881581721425,2872.15,687.6868418278577,-0.0,-0.0,-0.0,0.0,-0.0,-0.0
2021-05-30 10:00:00,3634.6749615955387,2988.4910384044615,-0.0,-0.0,-0.0,-0.0,0.0,-0.0,-0.0
2021-05-30 11:00:00,3975.8248672602604,2591.0272074815034,-0.0,-0.0,-0.0,-0.0,0.0,21.121074741764055,20.065021004675852
2021-05-30 12:00:00,4093.195073738615,2475.960926261385,-0.0,-0.0,-0.0,-0.0,0.0,100.0,115.06301450257538
2021-05-30 13:00:00,3975.8248672602604,2550.8091327397397,-0.0,-0.0,-0.0,-0.0,0.0,100.0,210.05150820112513
2021-05-30 14:00:00,3634.6749615955387,2910.360038404461,-0.0,-0.0,-0.0,-0.0,0.0,100.0,305.030503050305
2021-05-30 15:00:00,3101.8881581721425,3542.507841827857,-0.0,-0.0,-0.0,-0.0,0.0,100.0,400.0
2021-05-30 16:00:00,2428.768483727357,3778.93,518.2565162726432,-0.0,-0.0,-0.0,0.0,-0.0,399.96
2021-05-30 17:00:00,1683.0209880769628,3734.06,1535.6472182388272,-0.0,-0.0,-0.0,0.0,0.08420631578946756,400.0
2021-05-30 18:00:00,946.6384642820593,3643.42,2160.0,-0.0,296.02453571794024,-0.0,100.0,-0.0,294.69684210526316
2021-05-30 19:00:00,319.83227236209194,3520.37,2160.0,-0.0,1120.5667276379083,-0.0,100.0,-0.0,189.4042145263158
2021-05-30 20:00:00,-0.0,3381.71,2160.0,-0.0,1497.121,-0.0,100.0,-0.0,84.12211621012632
2021-05-30 21:00:00,-0.0,3245.5099999999998,2160.0,-0.0,1451.63898120142,-0.0,79.90801879858006,-0.0,-0.0
2021-05-30 22:00:00,-0.0,3128.74,2160.0,-0.0,1410.214,-0.0,0.0,-0.0,-0.0
2021-05-30 23:00:00,-0.0,3045.07,2160.0,-0.0,1294.0300000000002,-0.0,0.0,-0.0,-0.0
2021-05-31 00:00:00,-0.0,2992.37,2160.0,-0.0,1148.9269999999997,-0.0,0.0,-0.0,-0.0
2021-05-31 01:00:00,-0.0,2994.6600000000003,2160.0,-0.0,995.462,-0.0,0.0,-0.0,-0.0
2021-05-31 02:00:00,-0.0,3037.4,2160.0,-0.0,848.7989999999995,-0.0,0.0,-0.0,-0.0
2021-05-31 03:00:00,-0.0,3111.05,2160.0,-0.0,769.3059999999996,-0.0,0.0,-0.0,-0.0
2021-05-31 04:00:00,-0.0,3201.82,2160.0,-0.0,793.2139999999995,-0.0,0.0,-0.0,-0.0
2021-05-31 05:00:00,304.26300665233856,3293.56,2160.0,-0.0,609.8779933476615,-0.0,0.0,-0.0,-0.0
2021-05-31 06:00:00,890.8675924163342,3370.12,2160.0,-0.0,197.50440758366608,-0.0,0.0,-0.0,-0.0
2021-05-31 07:00:00,1578.583068391158,3417.6099999999997,1841.3269316088429,-0.0,-0.0,-0.0,0.0,-0.0,-0.0
2021-05-31 08:00:00,2274.388154922731,3426.38,1273.8708450772692,-0.0,-0.0,-0.0,0.0,-0.0,-0.0
2021-05-31 09:00:00,2902.0753935369976,3392.44,721.1906064630025,-0.0,-0.0,-0.0,0.0,-0.0,-0.0
2021-05-31 10:00:00,3398.7392824941157,3318.07,263.3297175058842,-0.0,-0.0,-0.0,0.0,-0.0,-0.0
2021-05-31 11:00:00,3716.6862381537208,3211.6299999999997,-0.0,-0.0,-0.0,-0.0,0.0,22.5622381537205,21.434126246034474
2021-05-31 12:00:00,3826.0654127264356,3086.4599999999996,-0.0,-0.0,-0.0,-0.0,0.0,80.24241272643485,97.66227492352297
2021-05-31 13:00:00,3716.6862381537208,2959.1800000000003,170.11287407820464,-0.0,-0.0,-0.0,0.0,53.06011223192627,148.05961531636058
2021-05-31 14:00:00,3398.7392824941157,2847.48,668.3077175058843,-0.0,-0.0,-0.0,0.0,100.0,243.04480935482894
2021-05-31 15:00:00,2902.0753935369976,2767.7400000000002,1347.3276064630027,-0.0,-0.0,-0.0,0.0,100.0,338.02050487389346
2021-05-31 16:00:00,2274.388154922731,2732.89,2160.0,-0.0,-0.0,-0.0,0.0,65.27715492273046,400.0
2021-05-31 17:00:00,1578.583068391158,2750.65,2160.0,-0.0,742.797931608842,-0.0,100.0,-0.0,294.69684210526316
2021-05-31 18:00:00,890.8675924163342,2822.4900000000002,2160.0,-0.0,1555.4914075836657,-0.0,100.0,-0.0,189.4042145263158
2021-05-31 19:00:00,304.26300665233856,2943.3900000000003,2160.0,-0.0,2099.296993347661,-0.0,100.0,-0.0,84.12211621012632
2021-05-31 20:00:00,-0.0,3102.53,2160.0,-0.0,2186.02298120142,-0.0,79.90801879858006,-0.0,-0.0
2021-05-31 21:00:00,-0.0,3284.66,2160.0,-0.0,1885.5060000000003,-0.0,0.0,-0.0,-0.0
2021-05-31 22:00:00,-0.0,3472.15,2160.0,-0.0,1463.4180000000001,-0.0,0.0,-0.0,-0.0
2021-05-31 23:00:00,-0.0,3647.2599999999998,2160.0,-0.0,1091.9850000000001,-0.0,0.0,-0.0,-0.0
2021-06-01 00:00:00,-0.0,3783.87,2160.0,-0.0,325.15499999999975,-0.0,0.0,-0.0,-0.0
2021-06-01 01:00:00,-0.0,3891.8999999999996,2160.0,-0.0,69.51900000000023,-0.0,0.0,-0.0,-0.0
2021-06-01 02:00:00,-0.0,3955.11,2065.972,-0.0,-0.0,-0.0,0.0,-0.0,-0.0
2021-06-01 03:00:00,-0.0,3974.17,2068.5102240543556,-0.0,-0.0,-0.0,0.0,23.84422405435516,22.6520128516374
2021-06-01 04:00:00,-0.0,3955.8399999999997,2160.0,-0.0,-0.0,-0.0,21.2800000000002,-0.0,0.249747650352032
2021-06-01 05:00:00,281.20176345819266,3911.96,2160.0,-0.0,-0.0,-0.0,0.23723654180764697,-0.0,-0.0
2021-06-01 06:00:00,815.0606097124144,3857.7,1935.0453902875854,-0.0,-0.0,-0.0,0.0,-0.0,-0.0
2021-06-01 07:00:00,1439.7103936393412,3809.42,1581.3186063606584,-0.0,-0.0,-0.0,0.0,-0.0,-0.0
2021-06-01 08:00:00,2071.13745983011,3782.3,1117.7435401698895,-0.0,-0.0,-0.0,0.0,-0.0,-0.0
2021-06-01 09:00:00,2640.459975821308,3788.19,587.2040241786922,-0.0,-0.0,-0.0,0.0,-0.0,-0.0
2021-06-01 10:00:00,3090.7857375908306,3833.89,59.20826240916949,-0.0,-0.0,-0.0,0.0,-0.0,-0.0
2021-06-01 11:00:00,3379.02355227203,3555.181522469734,-0.0,-0.0,-0.0,-0.0,0.0,21.121074741764055,20.065021004675852
2021-06-01 12:00:00,3478.1628694606493,3465.0201305393507,-0.0,-0.0,-0.0,-0.0,0.0,100.0,115.06301450257538
2021-06-01 13:00:00,3379.02355227203,3528.34644772797,-0.0,-0.0,-0.0,-0.0,0.0,100.0,210.05150820112513
2021-06-01 14:00:00,3090.7857375908306,3841.7232624091694,-0.0,-0.0,-0.0,-0.0,0.0,100.0,305.030503050305
2021-06-01 15:00:00,2640.459975821308,4398.171024178692,-0.0,-0.0,-0.0,-0.0,0.0,100.0,400.0
2021-06-01 16:00:00,2071.13745983011,4599.42,456.4095401698896,-0.0,-0.0,-0.0,0.0,-0.0,399.96
2021-06-01 17:00:00,1439.7103936393412,4673.94,1246.7956063606591,-0.0,-0.0,-0.0,0.0,-0.0,399.920004
2021-06-01 18:00:00,815.0606097124144,4695.59,2050.1556934459013,-0.0,-0.0,-0.0,0.0,0.12630315831577385,400.0
2021-06-01 19:00:00,281.20176345819266,4659.45,2160.0,-0.0,441.5082365418074,-0.0,100.0,-0.0,294.69684210526316
2021-06-01 20:00:00,-0.0,4567.11,2160.0,-0.0,739.9010000000007,-0.0,100.0,-0.0,189.4042145263158
2021-06-01 21:00:00,-0.0,4426.4,2160.0,-0.0,685.6150000000007,-0.0,100.0,-0.0,84.12211621012632
2021-06-01 22:00:00,-0.0,4250.34,2160.0,-0.0,650.4239812014193,-0.0,79.90801879858006,-0.0,-0.0
2021-06-01 23:00:00,-0.0,4055.48,2160.0,-0.0,732.0759999999996,-0.0,0.0,-0.0,-0.0
2021-06-02 00:00:00,-0.0,3849.18,2160.0,-0.0,311.49699999999984,-0.0,0.0,-0.0,-0.0
2021-06-02 01:00:00,-0.0,3669.06,2160.0,-0.0,347.11600000000044,-0.0,0.0,-0.0,-0.0
2021-06-02 02:00:00,-0.0,3518.1800000000003,2160.0,-0.0,400.70799999999963,-0.0,0.0,-0.0,-0.0
2021-06-02 03:00:00,-0.0,3405.0200000000004,2160.0,-0.0,514.6139999999996,-0.0,0.0,-0.0,-0.0
2021-06-02 04:00:00,-0.0,3332.01,2160.0,-0.0,708.8400000000001,-0.0,0.0,-0.0,-0.0
2021-06-02 05:00:00,302.42697927540684,3295.2999999999997,2160.0,-0.0,662.2700207245937,-0.0,0.0,-0.0,-0.0
2021-06-02 06:00:00,868.3362094719068,3285.4,2160.0,-0.0,363.4717905280927,-0.0,0.0,-0.0,-0.0
2021-06-02 07:00:00,1529.2629370074712,3288.56,2084.764062992529,-0.0,-0.0,-0.0,0.0,-0.0,-0.0
2021-06-02 08:00:00,2196.800595333129,3288.78,1560.4044046668705,-0.0,-0.0,-0.0,0.0,-0.0,-0.0
2021-06-02 09:00:00,2798.3829749002157,3270.0600000000004,1024.8080250997841,-0.0,-0.0,-0.0,0.0,-0.0,-0.0
2021-06-02 10:00:00,3274.0804169992844,3218.75,570.970583000716,-0.0,-0.0,-0.0,0.0,-0.0,-0.0
2021-06-02 11:00:00,3578.4912916282888,3125.4900000000002,312.5837831134759,-0.0,-0.0,-0.0,0.0,21.121074741764055,20.065021004675852
2021-06-02 12:00:00,3683.1941414389526,2986.61,358.10285856104747,-0.0,-0.0,-0.0,0.0,100.0,115.06301450257538
2021-06-02 13:00:00,3578.4912916282888,2804.8,611.0867083717108,-0.0,-0.0,-0.0,0.0,100.0,210.05150820112513
2021-06-02 14:00:00,3274.0804169992844,2588.84,1158.7975830007153,-0.0,-0.0,-0.0,0.0,100.0,305.030503050305
2021-06-02 15:00:00,2798.3829749002157,2352.5299999999997,1979.0430250997847,-0.0,-0.0,-0.0,0.0,100.0,400.0
2021-06-02 16:00:00,2196.800595333129,2113.0,2160.0,-0.0,750.5234046668706,-0.0,0.0,-0.0,399.96
2021-06-02 17:00:00,1529.2629370074712,1888.46,2160.0,-0.0,1878.0220629925286,-0.0,0.0,-0.0,399.920004
2021-06-02 18:00:00,868.3362094719068,1695.8799999999999,2160.0,-0.0,2933.6157905280934,-0.0,0.0,-0.0,399.8800119996
2021-06-02 19:00:00,302.42697927540684,1548.7600000000002,2160.0,129.88702072459273,3500.0,-0.0,100.0,-0.0,294.57686610366324
2021-06-02 20:00:00,-0.0,1455.42,2160.0,452.1750000000002,3500.0,-0.0,100.0,-0.0,189.28425052231603
2021-06-02 21:00:00,-0.0,1417.92,2160.0,296.2550000000001,3500.0,-0.0,100.0,-0.0,84.00216420252697
2021-06-02 22:00:00,-0.0,1431.8500000000001,2160.0,72.66892421319835,3500.0,-0.0,79.79407578680139,-0.0,-0.0
2021-06-02 23:00:00,-0.0,1486.99,2160.0,-0.0,3405.59,-0.0,0.0,-0.0,-0.0
2021-06-03 00:00:00,-0.0,1558.4,2160.0,-0.0,2708.7729999999997,-0.0,0.0,-0.0,-0.0
2021-06-03 01:00:00,-0.0,1649.58,2160.0,-0.0,2474.2790000000005,-0.0,0.0,-0.0,-0.0
2021-06-03 02:00:00,-0.0,1733.0400000000002,2160.0,-0.0,2294.6189999999997,-0.0,0.0,-0.0,-0.0
2021-06-03 03:00:00,-0.0,1793.7900000000002,2160.0,-0.0,2235.6009999999997,-0.0,0.0,-0.0,-0.0
2021-06-03 04:00:00,-0.0,1821.0200000000002,2160.0,-0.0,2330.4719999999998,-0.0,0.0,-0.0,-0.0
2021-06-03 05:00:00,379.20742615904214,1809.53,2160.0,-0.0,2182.6845738409575,-0.0,0.0,-0.0,-0.0
2021-06-03 06:00:00,1079.239072356975,1760.37,2160.0,-0.0,1789.7039276430253,-0.0,0.0,-0.0,-0.0
2021-06-03 07:00:00,1895.396369562993,1680.6499999999999,2160.0,-0.0,1279.2206304370072,-0.0,0.0,-0.0,-0.0
2021-06-03 08:00:00,2719.0702889161807,1582.5,2160.0,-0.0,697.566711083819,-0.0,0.0,-0.0,-0.0
2021-06-03 09:00:00,3461.0040230017407,1481.3100000000002,2160.0,-0.0,104.4569769982586,-0.0,0.0,-0.0,-0.0
2021-06-03 10:00:00,4047.510030114626,1393.6200000000001,1737.0878858575816,-0.0,-0.0,-0.0,0.0,0.6349159722073784,0.6031701735970094
2021-06-03 11:00:00,4422.774310229251,1334.73,1451.8796897707498,-0.0,-0.0,-0.0,0.0,100.0,95.60310985657965
2021-06-03 12:00:00,4551.832248029885,1316.52,1273.5477519701144,-0.0,-0.0,-0.0,0.0,100.0,190.593549545594
2021-06-03 13:00:00,4422.774310229251,1345.8,1339.7436897707494,-0.0,-0.0,-0.0,0.0,100.0,285.57449019063944
2021-06-03 14:00:00,4047.510030114626,1423.2,1664.7899698853744,-0.0,-0.0,-0.0,0.0,100.0,380.5459327416204
2021-06-03 15:00:00,3461.0040230017407,1542.99,2160.0,-0.0,-0.0,-0.0,0.0,20.518023001740858,400.0
2021-06-03 16:00:00,2719.0702889161807,1693.76,2160.0,-0.0,660.6457110838187,-0.0,100.0,-0.0,294.69684210526316
2021-06-03 17:00:00,1895.396369562993,1859.8300000000002,2160.0,-0.0,1553.1986304370073,-0.0,100.0,-0.0,189.4042145263158
2021-06-03 18:00:00,1079.239072356975,2023.22,2160.0,-0.0,2407.4769276430243,-0.0,100.0,-0.0,84.12211621012632
2021-06-03 19:00:00,379.20742615904214,2166.06,2160.0,-0.0,3067.323555042378,-0.0,79.90801879858006,-0.0,-0.0
2021-06-03 20:00:00,-0.0,2272.79,2160.0,-0.0,3345.447,-0.0,0.0,-0.0,-0.0
2021-06-03 21:00:00,-0.0,2332.29,2160.0,-0.0,3091.642,-0.0,0.0,-0.0,-0.0
2021-06-03 22:00:00,-0.0,2339.17,2160.0,-0.0,2853.9129999999996,-0.0,0.0,-0.0,-0.0
2021-06-03 23:00:00,-0.0,2294.5499999999997,2160.0,-0.0,2705.7140000000004,-0.0,0.0,-0.0,-0.0
2021-06-04 00:00:00,-0.0,2195.64,2160.0,-0.0,2178.2190000000005,-0.0,0.0,-0.0,-0.0
2021-06-04 01:00:00,-0.0,2075.21,2160.0,-0.0,2154.049,-0.0,0.0,-0.0,-0.0
2021-06-04 02:00:00,-0.0,1939.15,2160.0,-0.0,2192.525,-0.0,0.0,-0.0,-0.0
2021-06-04 03:00:00,-0.0,1804.76,2160.0,-0.0,2327.1669999999995,-0.0,0.0,-0.0,-0.0
2021-06-04 04:00:00,-0.0,1688.25,2160.0,-0.0,2564.202,-0.0,0.0,-0.0,-0.0
2021-06-04 05:00:00,453.3570552911678,1602.6299999999999,2160.0,-0.0,2414.725944708832,-0.0,0.0,-0.0,-0.0
2021-06-04 06:00:00,1279.7480487155872,1555.88,2160.0,-0.0,1891.212951284413,-0.0,0.0,-0.0,-0.0
2021-06-04 07:00:00,2241.6723650854574,1549.99,2160.0,-0.0,1159.2796349145428,-0.0,0.0,-0.0,-0.0
2021-06-04 08:00:00,3211.7232590062436,1580.67,2160.0,-0.0,300.47574099375606,-0.0,0.0,-0.0,-0.0
2021-06-04 09:00:00,4085.1239466789484,1638.02,1575.329053321051,-0.0,-0.0,-0.0,0.0,-0.0,-0.0
2021-06-04 10:00:00,4775.371661754171,1707.93,783.866338245828,-0.0,-0.0,-0.0,0.0,-0.0,-0.0
2021-06-04 11:00:00,5216.936245906254,1774.0700000000002,226.88182883551053,-0.0,-0.0,-0.0,0.0,21.121074741764055,20.065021004675852
2021-06-04 12:00:00,5368.784335610481,1820.18,38.03566438951839,-0.0,-0.0,-0.0,0.0,100.0,115.06301450257538
2021-06-04 13:00:00,5216.936245906254,1832.38,141.73675409374573,-0.0,-0.0,-0.0,0.0,100.0,210.05150820112513
2021-06-04 14:00:00,4775.371661754171,1801.11,639.3103382458294,-0.0,-0.0,-0.0,0.0,100.0,305.030503050305
2021-06-04 15:00:00,4085.1239466789484,1722.6,1513.525053321051,-0.0,-0.0,-0.0,0.0,100.0,400.0
2021-06-04 16:00:00,3211.7232590062436,1599.43,2160.0,-0.0,437.5017409937559,-0.0,0.0,-0.0,399.96
2021-06-04 17:00:00,2241.6723650854574,1440.36,2160.0,-0.0,1798.905634914543,-0.0,0.0,-0.0,399.920004
2021-06-04 18:00:00,1279.7480487155872,1259.24,2160.0,-0.0,3140.725951284413,-0.0,0.0,-0.0,399.8800119996
2021-06-04 19:00:00,453.3570552911678,1073.24,2160.0,632.8759447088323,3500.0,-0.0,100.0,-0.0,294.57686610366324
2021-06-04 20:00:00,-0.0,900.6999999999999,2160.0,1181.643,3500.0,-0.0,100.0,-0.0,189.28425052231603
2021-06-04 21:00:00,-0.0,758.76,2160.0,1126.3459999999995,3500.0,-0.0,100.0,-0.0,84.00216420252697
2021-06-04 22:00:00,-0.0,661.11,2160.0,1010.3609242131988,3500.0,-0.0,79.79407578680139,-0.0,-0.0
2021-06-04 23:00:00,-0.0,616.3,2160.0,939.0959999999995,3500.0,-0.0,0.0,-0.0,-0.0
2021-06-05 00:00:00,-0.0,616.7099999999999,2160.0,-0.0,3373.2209999999995,-0.0,0.0,-0.0,-0.0
2021-06-05 01:00:00,-0.0,678.1700000000001,2160.0,-0.0,3164.0029999999997,-0.0,0.0,-0.0,-0.0
2021-06-05 02:00:00,-0.0,780.79,2160.0,-0.0,2960.5919999999996,-0.0,0.0,-0.0,-0.0
2021-06-05 03:00:00,-0.0,910.25,2160.0,-0.0,2828.129,-0.0,0.0,-0.0,-0.0
2021-06-05 04:00:00,-0.0,1049.8300000000002,2160.0,-0.0,2805.7749999999996,-0.0,0.0,-0.0,-0.0
2021-06-05 05:00:00,470.1154259799407,1182.68,2160.0,-0.0,2417.729574020059,-0.0,0.0,-0.0,-0.0
2021-06-05 06:00:00,1316.9984565039406,1294.15,2160.0,-0.0,1712.1255434960597,-0.0,0.0,-0.0,-0.0
2021-06-05 07:00:00,2301.2939655101836,1373.76,2160.0,-0.0,868.9060344898162,-0.0,0.0,-0.0,-0.0
2021-06-05 08:00:00,3293.2046753147074,1416.63,2132.604324685293,-0.0,-0.0,-0.0,0.0,-0.0,-0.0
2021-06-05 09:00:00,4185.926778605057,1424.14,1274.496221394943,-0.0,-0.0,-0.0,0.0,-0.0,-0.0
2021-06-05 10:00:00,4891.257027300175,1403.6599999999999,554.8349726998258,-0.0,-0.0,-0.0,0.0,-0.0,-0.0
2021-06-05 11:00:00,5342.4022241070525,1367.55,86.99085063471193,-0.0,-0.0,-0.0,0.0,21.121074741764055,20.065021004675852
2021-06-05 12:00:00,5497.528053960701,1304.9739460392993,-0.0,-0.0,-0.0,-0.0,0.0,100.0,115.06301450257538
2021-06-05 13:00:00,5342.4022241070525,1312.04,108.54377589294745,-0.0,-0.0,-0.0,0.0,100.0,210.05150820112513
2021-06-05 14:00:00,4891.257027300175,1324.75,568.1339726998249,-0.0,-0.0,-0.0,0.0,100.0,305.030503050305
2021-06-05 15:00:00,4185.926778605057,1381.56,1318.5132213949437,-0.0,-0.0,-0.0,0.0,100.0,400.0
2021-06-05 16:00:00,3293.2046753147074,1489.3000000000002,2160.0,-0.0,-0.0,-0.0,27.2953246852926,-0.0,371.22807927863937
2021-06-05 17:00:00,2301.2939655101836,1648.57,2160.0,-0.0,988.6070344898162,-0.0,100.0,-0.0,265.9277985759747
2021-06-05 18:00:00,1316.9984565039406,1853.58,2160.0,-0.0,1963.05254349606,-0.0,100.0,-0.0,160.63804790138028
2021-06-05 19:00:00,470.1154259799407,2092.7799999999997,2160.0,-0.0,2646.8795740200594,-0.0,100.0,-0.0,55.35882620185329
2021-06-05 20:00:00,-0.0,2350.2999999999997,2160.0,-0.0,2826.146374196729,-0.0,52.58562580327145,-0.0,-0.0
2021-06-05 21:00:00,-0.0,2607.95,2160.0,-0.0,2420.2390000000005,-0.0,0.0,-0.0,-0.0
2021-06-05 22:00:00,-0.0,2847.5499999999997,2160.0,-0.0,1943.2010000000005,-0.0,0.0,-0.0,-0.0
2021-06-05 23:00:00,-0.0,3053.23,2160.0,-0.0,1538.0660000000003,-0.0,0.0,-0.0,-0.0
2021-06-06 00:00:00,-0.0,3203.65,2160.0,-0.0,754.9549999999995,-0.0,0.0,-0.0,-0.0
2021-06-06 01:00:00,-0.0,3312.64,2160.0,-0.0,494.6560000000004,-0.0,0.0,-0.0,-0.0
2021-06-06 02:00:00,-0.0,3371.02,2160.0,-0.0,331.9540000000002,-0.0,0.0,-0.0,-0.0
2021-06-06 03:00:00,-0.0,3385.63,2160.0,-0.0,310.83600000000024,-0.0,0.0,-0.0,-0.0
2021-06-06 04:00:00,-0.0,3368.4900000000002,2160.0,-0.0,441.7229999999995,-0.0,0.0,-0.0,-0.0
2021-06-06 05:00:00,446.8816701463515,3335.0400000000004,2160.0,-0.0,239.7633298536485,-0.0,0.0,-0.0,-0.0
2021-06-06 06:00:00,1243.1507244908405,3302.01,1885.8572755091593,-0.0,-0.0,-0.0,0.0,-0.0,-0.0
2021-06-06 07:00:00,2167.3132563197223,3285.04,1195.9707436802773,-0.0,-0.0,-0.0,0.0,-0.0,-0.0
2021-06-06 08:00:00,3098.018946116058,3296.5499999999997,388.8930538839427,-0.0,-0.0,-0.0,0.0,-0.0,-0.0
2021-06-06 09:00:00,3935.339847482346,2886.9481525176534,-0.0,-0.0,-0.0,-0.0,0.0,-0.0,-0.0
2021-06-06 10:00:00,4596.734823610685,2187.4881763893145,-0.0,-0.0,-0.0,-0.0,0.0,-0.0,-0.0
2021-06-06 11:00:00,5019.711170862758,1687.373829137242,-0.0,-0.0,-0.0,-0.0,0.0,-0.0,-0.0
2021-06-06 12:00:00,5165.145487079112,1486.583587662652,-0.0,-0.0,-0.0,-0.0,0.0,21.121074741764055,20.065021004675852
2021-06-06 13:00:00,5019.711170862758,1668.275829137242,-0.0,-0.0,-0.0,-0.0,0.0,100.0,115.06301450257538
2021-06-06 14:00:00,4596.734823610685,2109.357176389314,-0.0,-0.0,-0.0,-0.0,0.0,100.0,210.05150820112513
2021-06-06 15:00:00,3935.339847482346,2869.620152517654,-0.0,-0.0,-0.0,-0.0,0.0,100.0,305.030503050305
2021-06-06 16:00:00,3098.018946116058,3887.8090538839424,-0.0,-0.0,-0.0,-0.0,0.0,100.0,400.0
2021-06-06 17:00:00,2167.3132563197223,4169.8,774.5167436802776,-0.0,-0.0,-0.0,0.0,-0.0,399.96
2021-06-06 18:00:00,1243.1507244908405,4135.47,1925.4494818249489,-0.0,-0.0,-0.0,0.0,0.08420631578946756,400.0
2021-06-06 19:00:00,446.8816701463515,4049.06,2160.0,-0.0,621.4523298536487,-0.0,100.0,-0.0,294.69684210526316
2021-06-06 20:00:00,-0.0,3919.11,2160.0,-0.0,1114.8759999999997,-0.0,100.0,-0.0,189.4042145263158
2021-06-06 21:00:00,-0.0,3759.3300000000004,2160.0,-0.0,1071.2189999999996,-0.0,100.0,-0.0,84.12211621012632
2021-06-06 22:00:00,-0.0,3586.85,2160.0,-0.0,1023.8339812014196,-0.0,79.90801879858006,-0.0,-0.0
2021-06-06 23:00:00,-0.0,3419.98,2160.0,-0.0,1068.7140000000004,-0.0,0.0,-0.0,-0.0
2021-06-07 00:00:00,-0.0,3266.27,2160.0,-0.0,1023.7149999999997,-0.0,0.0,-0.0,-0.0
2021-06-07 01:00:00,-0.0,3158.7900000000004,2160.0,-0.0,977.6019999999994,-0.0,0.0,-0.0,-0.0
2021-06-07 02:00:00,-0.0,3096.64,2160.0,-0.0,933.2289999999998,-0.0,0.0,-0.0,-0.0
2021-06-07 03:00:00,-0.0,3082.37,2160.0,-0.0,938.8739999999998,-0.0,0.0,-0.0,-0.0
2021-06-07 04:00:00,-0.0,3112.16,2160.0,-0.0,1020.8010000000004,-0.0,0.0,-0.0,-0.0
2021-06-07 05:00:00,435.6560262511514,3176.4199999999996,2160.0,-0.0,730.4139737488488,-0.0,0.0,-0.0,-0.0
2021-06-07 06:00:00,1204.0889339883329,3261.2000000000003,2160.0,-0.0,124.6800660116669,-0.0,0.0,-0.0,-0.0
2021-06-07 07:00:00,2094.796336096613,3350.2,1520.5176639033875,-0.0,-0.0,-0.0,0.0,-0.0,-0.0
2021-06-07 08:00:00,2991.2705892948525,3427.0099999999998,680.7014107051477,-0.0,-0.0,-0.0,0.0,-0.0,-0.0
2021-06-07 09:00:00,3797.496087401495,3338.735912598505,-0.0,-0.0,-0.0,-0.0,0.0,-0.0,-0.0
2021-06-07 10:00:00,4434.190950260977,2683.6161244807868,-0.0,-0.0,-0.0,-0.0,0.0,21.121074741764055,20.065021004675852
2021-06-07 11:00:00,4841.314618181354,2276.8503818186464,-0.0,-0.0,-0.0,-0.0,0.0,100.0,115.06301450257538
2021-06-07 12:00:00,4981.290141592469,2059.111858407531,-0.0,-0.0,-0.0,-0.0,0.0,100.0,210.05150820112513
2021-06-07 13:00:00,4841.314618181354,2155.2793818186465,-0.0,-0.0,-0.0,-0.0,0.0,100.0,305.030503050305
2021-06-07 14:00:00,4434.190950260977,2579.420049739023,-0.0,-0.0,-0.0,-0.0,0.0,100.0,400.0
2021-06-07 15:00:00,3797.496087401495,3073.7999999999997,140.1969125985056,-0.0,-0.0,-0.0,0.0,-0.0,399.96
2021-06-07 16:00:00,2991.2705892948525,2973.4100000000003,1226.879617020937,-0.0,-0.0,-0.0,0.0,0.08420631578946756,400.0
2021-06-07 17:00:00,2094.796336096613,2904.41,2160.0,-0.0,157.28866390338726,-0.0,100.0,-0.0,294.69684210526316
2021-06-07 18:00:00,1204.0889339883329,2879.26,2160.0,-0.0,1264.8230660116665,-0.0,100.0,-0.0,189.4042145263158
2021-06-07 19:00:00,435.6560262511514,2905.2099999999996,2160.0,-0.0,2080.1379737488487,-0.0,100.0,-0.0,84.12211621012632
2021-06-07 20:00:00,-0.0,2983.31,2160.0,-0.0,2373.9049812014196,-0.0,79.90801879858006,-0.0,-0.0
2021-06-07 21:00:00,-0.0,3108.14,2160.0,-0.0,2125.1790000000005,-0.0,0.0,-0.0,-0.0
2021-06-07 22:00:00,-0.0,3268.4800000000005,2160.0,-0.0,1724.6189999999997,-0.0,0.0,-0.0,-0.0
2021-06-07 23:00:00,-0.0,3448.75,2160.0,-0.0,1342.2939999999999,-0.0,0.0,-0.0,-0.0
2021-06-08 00:00:00,-0.0,3621.54,2160.0,-0.0,534.7950000000001,-0.0,0.0,-0.0,-0.0
2021-06-08 01:00:00,-0.0,3787.79,2160.0,-0.0,215.0050000000001,-0.0,0.0,-0.0,-0.0
2021-06-08 02:00:00,-0.0,3922.29,2134.1400000000003,-0.0,-0.0,-0.0,0.0,-0.0,-0.0
2021-06-08 03:00:00,-0.0,4013.6,2034.467,-0.0,-0.0,-0.0,0.0,-0.0,-0.0
2021-06-08 04:00:00,-0.0,4055.98,2104.171,-0.0,-0.0,-0.0,0.0,-0.0,-0.0
2021-06-08 05:00:00,439.11244020571087,4050.04,1880.9995597942893,-0.0,-0.0,-0.0,0.0,-0.0,-0.0
2021-06-08 06:00:00,1206.4609827806776,4002.55,1409.1970172193219,-0.0,-0.0,-0.0,0.0,-0.0,-0.0
2021-06-08 07:00:00,2094.845625422168,3925.41,814.1763745778321,-0.0,-0.0,-0.0,0.0,-0.0,-0.0
2021-06-08 08:00:00,2988.485742400983,3833.91,146.28725759901727,-0.0,-0.0,-0.0,0.0,-0.0,-0.0
2021-06-08 09:00:00,3791.8955877852836,3214.9224122147166,-0.0,-0.0,-0.0,-0.0,0.0,-0.0,-0.0
2021-06-08 10:00:00,4426.230724183811,2542.0282758161893,-0.0,-0.0,-0.0,-0.0,0.0,-0.0,-0.0
2021-06-08 11:00:00,4831.801778349198,2080.143296392566,-0.0,-0.0,-0.0,-0.0,0.0,21.121074741764055,20.065021004675852
2021-06-08 12:00:00,4971.235119179204,1943.0138808207957,-0.0,-0.0,-0.0,-0.0,0.0,100.0,115.06301450257538
2021-06-08 13:00:00,4831.801778349198,2039.925221650802,-0.0,-0.0,-0.0,-0.0,0.0,100.0,210.05150820112513
2021-06-08 14:00:00,4426.230724183811,2463.897275816189,-0.0,-0.0,-0.0,-0.0,0.0,100.0,305.030503050305
2021-06-08 15:00:00,3791.8955877852836,3197.593412214716,-0.0,-0.0,-0.0,-0.0,0.0,100.0,400.0
2021-06-08 16:00:00,2988.485742400983,3905.9100000000003,176.6522575990166,-0.0,-0.0,-0.0,0.0,-0.0,399.96
2021-06-08 17:00:00,2094.845625422168,3990.2599999999998,1212.7155808936222,-0.0,-0.0,-0.0,0.0,0.08420631578946756,400.0
2021-06-08 18:00:00,1206.4609827806776,4047.42,2160.0,-0.0,-0.0,-0.0,77.29501721932274,-0.0,318.59682397966026
2021-06-08 19:00:00,439.11244020571087,4062.7799999999997,2160.0,-0.0,803.9695597942895,-0.0,100.0,-0.0,213.30180640252547
2021-06-08 20:00:00,-0.0,4026.1400000000003,2160.0,-0.0,1197.7839999999997,-0.0,100.0,-0.0,108.01731832714837
2021-06-08 21:00:00,-0.0,3933.15,2160.0,-0.0,1088.9999999999995,-0.0,100.0,-0.0,2.743358700578824
2021-06-08 22:00:00,-0.0,3785.8999999999996,2160.0,-0.0,1095.5410698535266,-0.0,2.605930146473328,-0.0,-0.0
2021-06-08 23:00:00,-0.0,3592.74,2160.0,-0.0,1091.4530000000004,-0.0,0.0,-0.0,-0.0
2021-06-09 00:00:00,-0.0,3357.9300000000003,2160.0,-0.0,694.0419999999995,-0.0,0.0,-0.0,-0.0
2021-06-09 01:00:00,-0.0,3117.03,2160.0,-0.0,783.7660000000001,-0.0,0.0,-0.0,-0.0
2021-06-09 02:00:00,-0.0,2879.0,2160.0,-0.0,917.8739999999998,-0.0,0.0,-0.0,-0.0
2021-06-09 03:00:00,-0.0,2660.99,2160.0,-0.0,1130.04,-0.0,0.0,-0.0,-0.0
2021-06-09 04:00:00,-0.0,2476.8399999999997,2160.0,-0.0,1428.868,-0.0,0.0,-0.0,-0.0
2021-06-09 05:00:00,411.75070335687246,2335.3399999999997,2160.0,-0.0,1371.2842966431278,-0.0,0.0,-0.0,-0.0
2021-06-09 06:00:00,1125.164401443046,2239.18,2160.0,-0.0,1004.8215985569543,-0.0,0.0,-0.0,-0.0
2021-06-09 07:00:00,1950.206099580391,2184.72,2160.0,-0.0,453.26790041960953,-0.0,0.0,-0.0,-0.0
2021-06-09 08:00:00,2779.6961593490946,2162.6,1943.0178406509053,-0.0,-0.0,-0.0,0.0,-0.0,-0.0
2021-06-09 09:00:00,3525.2095307031013,2159.16,1242.010469296899,-0.0,-0.0,-0.0,0.0,-0.0,-0.0
2021-06-09 10:00:00,4113.724077832362,2158.42,618.6689221676379,-0.0,-0.0,-0.0,0.0,-0.0,-0.0
2021-06-09 11:00:00,4489.949499795313,2144.37,203.22957494645107,-0.0,-0.0,-0.0,0.0,21.121074741764055,20.065021004675852
2021-06-09 12:00:00,4619.290851217891,2103.2400000000002,120.42614878210952,-0.0,-0.0,-0.0,0.0,100.0,115.06301450257538
2021-06-09 13:00:00,4489.949499795313,2025.5200000000002,288.123500204686,-0.0,-0.0,-0.0,0.0,100.0,210.05150820112513
2021-06-09 14:00:00,4113.724077832362,1907.36,804.1169221676382,-0.0,-0.0,-0.0,0.0,100.0,305.030503050305
2021-06-09 15:00:00,3525.2095307031013,1751.1599999999999,1651.4474692968988,-0.0,-0.0,-0.0,0.0,100.0,400.0
2021-06-09 16:00:00,2779.6961593490946,1565.38,2160.0,-0.0,507.59884065090546,-0.0,0.0,-0.0,399.96
2021-06-09 17:00:00,1950.206099580391,1363.5,2160.0,-0.0,1768.9989004196088,-0.0,0.0,-0.0,399.920004
2021-06-09 18:00:00,1125.164401443046,1162.22,2160.0,-0.0,2992.138598556954,-0.0,0.0,-0.0,399.8800119996
2021-06-09 19:00:00,411.75070335687246,979.33,2160.0,366.5432966431272,3500.0,-0.0,100.0,-0.0,294.57686610366324
2021-06-09 20:00:00,-0.0,831.33,2160.0,847.8050000000003,3500.0,-0.0,100.0,-0.0,189.28425052231603
2021-06-09 21:00:00,-0.0,731.2299999999999,2160.0,749.6100000000006,3500.0,-0.0,100.0,-0.0,84.00216420252697
2021-06-09 22:00:00,-0.0,686.82,2160.0,579.6289242131993,3500.0,-0.0,79.79407578680139,-0.0,-0.0
2021-06-09 23:00:00,-0.0,699.66,2160.0,450.259,3500.0,-0.0,0.0,-0.0,-0.0
2021-06-10 00:00:00,-0.0,755.6999999999999,2160.0,-0.0,3265.755,-0.0,0.0,-0.0,-0.0
2021-06-10 01:00:00,-0.0,862.41,2160.0,-0.0,3011.4390000000003,-0.0,0.0,-0.0,-0.0
2021-06-10 02:00:00,-0.0,995.5,2160.0,-0.0,2778.0119999999997,-0.0,0.0,-0.0,-0.0
2021-06-10 03:00:00,-0.0,1137.39,2160.0,-0.0,2633.8759999999993,-0.0,0.0,-0.0,-0.0
2021-06-10 04:00:00,-0.0,1270.3999999999999,2160.0,-0.0,2619.1500000000005,-0.0,0.0,-0.0,-0.0
2021-06-10 05:00:00,344.35987299150554,1379.08,2160.0,-0.0,2382.389127008494,-0.0,0.0,-0.0,-0.0
2021-06-10 06:00:00,936.3924457322692,1452.1899999999998,2160.0,-0.0,1971.6535542677311,-0.0,0.0,-0.0,-0.0
2021-06-10 07:00:00,1620.3804164619794,1484.1299999999999,2160.0,-0.0,1478.3685835380204,-0.0,0.0,-0.0,-0.0
2021-06-10 08:00:00,2307.7385448265277,1475.61,2160.0,-0.0,940.2624551734725,-0.0,0.0,-0.0,-0.0
2021-06-10 09:00:00,2925.3337940333645,1433.45,2160.0,-0.0,409.50020596663535,-0.0,0.0,-0.0,-0.0
2021-06-10 10:00:00,3412.7805791116575,1369.4999999999998,2160.0,-0.0,-0.0,-0.0,0.0,45.96657911165721,43.66825015607435
2021-06-10 11:00:00,3724.3630506089453,1298.97,1902.1809493910546,-0.0,-0.0,-0.0,0.0,100.0,138.66388333105874
2021-06-10 12:00:00,3831.4749162061207,1238.25,1785.8880837938796,-0.0,-0.0,-0.0,0.0,100.0,233.65001694272564
2021-06-10 13:00:00,3724.3630506089453,1202.54,1892.896949391055,-0.0,-0.0,-0.0,0.0,100.0,328.62665194103135
2021-06-10 14:00:00,3412.7805791116575,1203.72,2160.0,-0.0,-0.0,-0.0,0.0,31.561579111657466,358.5772894319118
2021-06-10 15:00:00,2925.3337940333645,1248.58,2160.0,-0.0,417.1472059666353,-0.0,100.0,-0.0,253.2782738082318
2021-06-10 16:00:00,2307.7385448265277,1337.86,2160.0,-0.0,1193.1366116635545,-0.0,40.66184350991816,-0.0,210.45100544409505
2021-06-10 17:00:00,1620.3804164619794,1465.96,2160.0,-0.0,2026.5345835380206,-0.0,0.0,-0.0,210.42996034355065
2021-06-10 18:00:00,936.3924457322692,1621.65,2160.0,-0.0,2755.066554267731,-0.0,0.0,-0.0,210.4089173475163
2021-06-10 19:00:00,344.35987299150554,1789.48,2160.0,-0.0,3260.7501270084945,-0.0,0.0,-0.0,210.38787645578157
2021-06-10 20:00:00,-0.0,1951.78,2160.0,-0.0,3367.661,-0.0,0.0,-0.0,210.366837668136
2021-06-10 21:00:00,-0.0,2090.98,2160.0,-0.0,3033.4649999999997,-0.0,0.0,-0.0,210.34580098436916
2021-06-10 22:00:00,-0.0,2191.91,2160.0,-0.0,2701.192,-0.0,0.0,-0.0,210.32476640427072
2021-06-10 23:00:00,-0.0,2243.8,2160.0,-0.0,2456.1859999999997,-0.0,0.0,-0.0,210.3037339276303
2021-06-11 00:00:00,-0.0,2232.79,2160.0,-0.0,1842.0990000000002,-0.0,0.0,-0.0,210.28270355423754
2021-06-11 01:00:00,-0.0,2178.2799999999997,2160.0,-0.0,1752.1080000000002,-0.0,0.0,-0.0,210.2616752838821
2021-06-11 02:00:00,-0.0,2079.14,2160.0,-0.0,1753.9600000000005,-0.0,0.0,-0.0,210.24064911635372
2021-06-11 03:00:00,-0.0,1948.3400000000001,2160.0,-0.0,1885.5059999999994,-0.0,0.0,-0.0,210.21962505144208
2021-06-11 04:00:00,-0.0,1802.38,2160.0,-0.0,2152.6809999999996,-0.0,0.0,-0.0,210.19860308893695
2021-06-11 05:00:00,297.3809845716918,1658.9799999999998,2160.0,-0.0,2217.8480154283084,-0.0,0.0,-0.0,210.17758322862807
2021-06-11 06:00:00,805.0733601217892,1534.8400000000001,2160.0,-0.0,2091.506639878211,-0.0,0.0,-0.0,210.1565654703052
2021-06-11 07:00:00,1391.098796310511,1443.37,2160.0,-0.0,1822.3292036894888,-0.0,0.0,-0.0,210.13554981375816
2021-06-11 08:00:00,1979.7612114164365,1392.97,2160.0,-0.0,1427.4657885835634,-0.0,0.0,-0.0,210.11453625877678
2021-06-11 09:00:00,2508.5432571384713,1385.98,2160.0,-0.0,952.9397428615284,-0.0,0.0,-0.0,210.0935248051509
2021-06-11 10:00:00,2925.8266872889167,1418.47,2160.0,-0.0,473.7153127110828,-0.0,0.0,-0.0,210.0725154526704
2021-06-11 11:00:00,3192.5373890338765,1480.83,2160.0,-0.0,76.28761096612334,-0.0,0.0,-0.0,210.05150820112513
2021-06-11 12:00:00,3284.2216957322694,1559.21,2098.6873042677303,-0.0,-0.0,-0.0,0.0,100.0,305.030503050305
2021-06-11 13:00:00,3192.5373890338765,1637.49,2078.5616109661237,-0.0,-0.0,-0.0,0.0,100.0,400.0
2021-06-11 14:00:00,2925.8266872889167,1699.55,2160.0,-0.0,50.55231271108323,-0.0,0.0,-0.0,399.96
2021-06-11 15:00:00,2508.5432571384713,1731.6000000000001,2160.0,-0.0,544.024742861528,-0.0,0.0,-0.0,399.920004
2021-06-11 16:00:00,1979.7612114164365,1724.15,2160.0,-0.0,1270.6237885835633,-0.0,0.0,-0.0,399.8800119996
2021-06-11 17:00:00,1391.098796310511,1673.3999999999999,2160.0,-0.0,2145.4572036894897,-0.0,0.0,-0.0,399.84002399840006
2021-06-11 18:00:00,805.0733601217892,1581.87,2160.0,-0.0,3025.100639878211,-0.0,0.0,-0.0,399.80003999600024
2021-06-11 19:00:00,297.3809845716918,1458.19,2160.0,139.7150154283081,3500.0,-0.0,100.0,-0.0,294.49690209726384
2021-06-11 20:00:00,-0.0,1316.01,2160.0,505.79699999999957,3500.0,-0.0,100.0,-0.0,189.2042945123173
2021-06-11 21:00:00,-0.0,1172.29,2160.0,456.09699999999975,3500.0,-0.0,100.0,-0.0,83.92221618812921
2021-06-11 22:00:00,-0.0,1045.07,2160.0,373.735867231816,3500.0,-0.0,79.71813276818489,-0.0,-0.0
2021-06-11 23:00:00,-0.0,951.1500000000001,2160.0,355.6420000000003,3500.0,-0.0,0.0,-0.0,-0.0
2021-06-12 00:00:00,-0.0,895.1,2160.0,-0.0,2851.944,-0.0,0.0,-0.0,-0.0
2021-06-12 01:00:00,-0.0,902.5500000000001,2160.0,-0.0,2701.1799999999994,-0.0,0.0,-0.0,-0.0
2021-06-12 02:00:00,-0.0,966.64,2160.0,-0.0,2540.8890000000006,-0.0,0.0,-0.0,-0.0
2021-06-12 03:00:00,-0.0,1082.77,2160.0,-0.0,2426.4919999999997,-0.0,0.0,-0.0,-0.0
2021-06-12 04:00:00,-0.0,1240.54,2160.0,-0.0,2390.822,-0.0,0.0,-0.0,-0.0
2021-06-12 05:00:00,324.2251835022004,1425.11,2160.0,-0.0,2101.9578164977997,-0.0,0.0,-0.0,-0.0
2021-06-12 06:00:00,874.3125401954766,1619.2,2160.0,-0.0,1615.6704598045235,-0.0,0.0,-0.0,-0.0
2021-06-12 07:00:00,1508.7585775765021,1805.45,2160.0,-0.0,1020.929422423498,-0.0,0.0,-0.0,-0.0
2021-06-12 08:00:00,2145.8107880462594,1968.6699999999998,2160.0,-0.0,364.52721195374033,-0.0,0.0,-0.0,-0.0
2021-06-12 09:00:00,2717.936634428411,2097.85,1870.8553655715887,-0.0,-0.0,-0.0,0.0,-0.0,-0.0
2021-06-12 10:00:00,3169.365244857231,2187.63,1300.4587551427685,-0.0,-0.0,-0.0,0.0,-0.0,-0.0
2021-06-12 11:00:00,3457.86798966329,2238.86,913.6480850784751,-0.0,-0.0,-0.0,0.0,21.121074741764055,20.065021004675852
2021-06-12 12:00:00,3557.038112680381,2258.5,806.2328873196188,-0.0,-0.0,-0.0,0.0,100.0,115.06301450257538
2021-06-12 13:00:00,3457.86798966329,2258.47,871.8510103367112,-0.0,-0.0,-0.0,0.0,100.0,210.05150820112513
2021-06-12 14:00:00,3169.365244857231,2254.02,1191.9857551427694,-0.0,-0.0,-0.0,0.0,100.0,305.030503050305
2021-06-12 15:00:00,2717.936634428411,2261.5099999999998,1743.9003655715887,-0.0,-0.0,-0.0,0.0,100.0,400.0
2021-06-12 16:00:00,2145.8107880462594,2296.07,2160.0,-0.0,111.46621195374018,-0.0,100.0,-0.0,294.69684210526316
2021-06-12 17:00:00,1508.7585775765021,2369.46,2160.0,-0.0,910.0774224234981,-0.0,100.0,-0.0,189.4042145263158
2021-06-12 18:00:00,874.3125401954766,2488.3,2160.0,-0.0,1627.194459804523,-0.0,100.0,-0.0,84.12211621012632
2021-06-12 19:00:00,324.2251835022004,2653.08,2160.0,-0.0,2115.1567976992196,-0.0,79.90801879858006,-0.0,-0.0
2021-06-12 20:00:00,-0.0,2857.9500000000003,2160.0,-0.0,2240.158,-0.0,0.0,-0.0,-0.0
2021-06-12 21:00:00,-0.0,3091.35,2160.0,-0.0,1812.453,-0.0,0.0,-0.0,-0.0
2021-06-12 22:00:00,-0.0,3337.48,2160.0,-0.0,1335.4739999999997,-0.0,0.0,-0.0,-0.0
2021-06-12 23:00:00,-0.0,3578.25,2160.0,-0.0,901.884,-0.0,0.0,-0.0,-0.0
2021-06-13 00:00:00,-0.0,3787.08,2160.0,-0.0,68.48199999999997,-0.0,0.0,-0.0,-0.0
2021-06-13 01:00:00,-0.0,3965.46,1905.5010000000002,-0.0,-0.0,-0.0,0.0,-0.0,-0.0
2021-06-13 02:00:00,-0.0,4093.5899999999997,1679.7870000000007,-0.0,-0.0,-0.0,0.0,-0.0,-0.0
2021-06-13 03:00:00,-0.0,4166.0,1607.629,-0.0,-0.0,-0.0,0.0,-0.0,-0.0
2021-06-13 04:00:00,-0.0,4183.7,1710.4540000000006,-0.0,-0.0,-0.0,0.0,-0.0,-0.0
2021-06-13 05:00:00,396.68665323406003,4153.95,1561.7783467659401,-0.0,-0.0,-0.0,0.0,-0.0,-0.0
2021-06-13 06:00:00,1066.0048884454,4089.2099999999996,1213.3281115546001,-0.0,-0.0,-0.0,0.0,-0.0,-0.0
2021-06-13 07:00:00,1837.4198003786719,4005.4,749.8251996213285,-0.0,-0.0,-0.0,0.0,-0.0,-0.0
2021-06-13 08:00:00,2611.7489436853957,3919.77,203.05305631460442,-0.0,-0.0,-0.0,0.0,-0.0,-0.0
2021-06-13 09:00:00,3307.0180088015563,3473.156991198444,-0.0,-0.0,-0.0,-0.0,0.0,-0.0,-0.0
2021-06-13 10:00:00,3855.5404294084547,2893.3295705915452,-0.0,-0.0,-0.0,-0.0,0.0,-0.0,-0.0
2021-06-13 11:00:00,4206.079951591444,2493.51112315032,-0.0,-0.0,-0.0,-0.0,0.0,21.121074741764055,20.065021004675852
2021-06-13 12:00:00,4326.561546745473,2382.1404532545275,-0.0,-0.0,-0.0,-0.0,0.0,100.0,115.06301450257538
2021-06-13 13:00:00,4206.079951591444,2466.676048408556,-0.0,-0.0,-0.0,-0.0,0.0,100.0,210.05150820112513
2021-06-13 14:00:00,3855.5404294084547,2841.9545705915452,-0.0,-0.0,-0.0,-0.0,0.0,100.0,305.030503050305
2021-06-13 15:00:00,3307.0180088015563,3495.933991198444,-0.0,-0.0,-0.0,-0.0,0.0,100.0,400.0
2021-06-13 16:00:00,2611.7489436853957,4147.51,131.09905631460424,-0.0,-0.0,-0.0,0.0,-0.0,399.96
2021-06-13 17:00:00,1837.4198003786719,4208.94,1076.2811996213281,-0.0,-0.0,-0.0,0.0,-0.0,399.920004
2021-06-13 18:00:00,1066.0048884454,4232.6,2022.9374147129156,-0.0,-0.0,-0.0,0.0,0.12630315831577385,400.0
2021-06-13 19:00:00,396.68665323406003,4208.94,2160.0,-0.0,535.5493467659408,-0.0,100.0,-0.0,294.69684210526316
2021-06-13 20:00:00,-0.0,4134.17,2160.0,-0.0,929.875,-0.0,100.0,-0.0,189.4042145263158
2021-06-13 21:00:00,-0.0,4010.89,2160.0,-0.0,855.9190000000003,-0.0,100.0,-0.0,84.12211621012632
2021-06-13 22:00:00,-0.0,3847.83,2160.0,-0.0,805.2299812014198,-0.0,79.90801879858006,-0.0,-0.0
2021-06-13 23:00:00,-0.0,3658.8500000000004,2160.0,-0.0,878.2479999999996,-0.0,0.0,-0.0,-0.0
2021-06-14 00:00:00,-0.0,3452.77,2160.0,-0.0,893.0160000000001,-0.0,0.0,-0.0,-0.0
2021-06-14 01:00:00,-0.0,3264.7,2160.0,-0.0,933.3280000000004,-0.0,0.0,-0.0,-0.0
2021-06-14 02:00:00,-0.0,3103.39,2160.0,-0.0,993.8470000000002,-0.0,0.0,-0.0,-0.0
2021-06-14 03:00:00,-0.0,2982.5800000000004,2160.0,-0.0,1111.6549999999993,-0.0,0.0,-0.0,-0.0
2021-06-14 04:00:00,-0.0,2910.84,2160.0,-0.0,1300.621,-0.0,0.0,-0.0,-0.0
2021-06-14 05:00:00,445.4892466994167,2890.54,2160.0,-0.0,1090.3517533005836,-0.0,0.0,-0.0,-0.0
2021-06-14 06:00:00,1193.5718241479892,2917.61,2160.0,-0.0,567.9471758520106,-0.0,0.0,-0.0,-0.0
2021-06-14 07:00:00,2055.229330007164,2982.17,2022.4156699928353,-0.0,-0.0,-0.0,0.0,-0.0,-0.0
2021-06-14 08:00:00,2919.8873235595133,3069.96,1208.4466764404865,-0.0,-0.0,-0.0,0.0,-0.0,-0.0
2021-06-14 09:00:00,3696.138750562891,3164.2799999999997,380.00024943710923,-0.0,-0.0,-0.0,0.0,-0.0,-0.0
2021-06-14 10:00:00,4308.478525432403,2918.250549309361,-0.0,-0.0,-0.0,-0.0,0.0,21.121074741764055,20.065021004675852
2021-06-14 11:00:00,4699.767997518166,2531.9090024818333,-0.0,-0.0,-0.0,-0.0,0.0,100.0,115.06301450257538
2021-06-14 12:00:00,4834.260083461264,2324.097916538736,-0.0,-0.0,-0.0,-0.0,0.0,100.0,210.05150820112513
2021-06-14 13:00:00,4699.767997518166,2419.0740024818333,-0.0,-0.0,-0.0,-0.0,0.0,100.0,305.030503050305
2021-06-14 14:00:00,4308.478525432403,2831.5174745675968,-0.0,-0.0,-0.0,-0.0,0.0,100.0,400.0
2021-06-14 15:00:00,3696.138750562891,3174.7999999999997,270.91724943710915,-0.0,-0.0,-0.0,0.0,-0.0,399.96
2021-06-14 16:00:00,2919.8873235595133,3070.2000000000003,1335.6518827562754,-0.0,-0.0,-0.0,0.0,0.08420631578946756,400.0
2021-06-14 17:00:00,2055.229330007164,2962.61,2160.0,-0.0,276.4866699928357,-0.0,100.0,-0.0,294.69684210526316
2021-06-14 18:00:00,1193.5718241479892,2868.82,2160.0,-0.0,1427.0941758520105,-0.0,100.0,-0.0,189.4042145263158
2021-06-14 19:00:00,445.4892466994167,2804.36,2160.0,-0.0,2315.7807533005835,-0.0,100.0,-0.0,84.12211621012632
2021-06-14 20:00:00,-0.0,2781.3199999999997,2160.0,-0.0,2723.65898120142,-0.0,79.90801879858006,-0.0,-0.0
2021-06-14 21:00:00,-0.0,2806.65,2160.0,-0.0,2577.394,-0.0,0.0,-0.0,-0.0
2021-06-14 22:00:00,-0.0,2881.08,2160.0,-0.0,2265.526,-0.0,0.0,-0.0,-0.0
2021-06-14 23:00:00,-0.0,2998.94,2160.0,-0.0,1948.212,-0.0,0.0,-0.0,-0.0
2021-06-15 00:00:00,-0.0,3140.64,2160.0,-0.0,1175.7000000000003,-0.0,0.0,-0.0,-0.0
2021-06-15 01:00:00,-0.0,3306.83,2160.0,-0.0,858.201,-0.0,0.0,-0.0,-0.0
2021-06-15 02:00:00,-0.0,3471.2599999999998,2160.0,-0.0,589.4500000000003,-0.0,0.0,-0.0,-0.0
2021-06-15 03:00:00,-0.0,3615.92,2160.0,-0.0,438.28099999999995,-0.0,0.0,-0.0,-0.0
2021-06-15 04:00:00,-0.0,3725.0899999999997,2160.0,-0.0,442.8589999999999,-0.0,0.0,-0.0,-0.0
2021-06-15 05:00:00,455.260855490738,3787.4,2160.0,-0.0,136.759144509262,-0.0,0.0,-0.0,-0.0
2021-06-15 06:00:00,1216.6515508392183,3797.2400000000002,1774.8614491607811,-0.0,-0.0,-0.0,0.0,-0.0,-0.0
2021-06-15 07:00:00,2093.1759495189854,3755.4100000000003,1157.4740504810147,-0.0,-0.0,-0.0,0.0,-0.0,-0.0
2021-06-15 08:00:00,2972.540645583871,3668.92,499.73735441612916,-0.0,-0.0,-0.0,0.0,-0.0,-0.0
2021-06-15 09:00:00,3761.8722273564636,3418.151772643537,-0.0,-0.0,-0.0,-0.0,0.0,-0.0,-0.0
2021-06-15 10:00:00,4384.476504272849,2778.602570468915,-0.0,-0.0,-0.0,-0.0,0.0,21.121074741764055,20.065021004675852
2021-06-15 11:00:00,4782.309134326068,2382.510865673932,-0.0,-0.0,-0.0,-0.0,0.0,100.0,115.06301450257538
2021-06-15 12:00:00,4919.043884581927,2169.300115418073,-0.0,-0.0,-0.0,-0.0,0.0,100.0,210.05150820112513
2021-06-15 13:00:00,4782.309134326068,2263.4138656739324,-0.0,-0.0,-0.0,-0.0,0.0,100.0,305.030503050305
2021-06-15 14:00:00,4384.476504272849,2679.351495727152,-0.0,-0.0,-0.0,-0.0,0.0,100.0,400.0
2021-06-15 15:00:00,3761.8722273564636,2994.55,306.272772643536,-0.0,-0.0,-0.0,0.0,-0.0,399.96
2021-06-15 16:00:00,2972.540645583871,3010.02,1261.0865607319192,-0.0,-0.0,-0.0,0.0,0.08420631578946756,400.0
2021-06-15 17:00:00,2093.1759495189854,3048.27,2160.0,-0.0,67.92005048101464,-0.0,100.0,-0.0,294.69684210526316
2021-06-15 18:00:00,1216.6515508392183,3094.83,2160.0,-0.0,1090.2404491607815,-0.0,100.0,-0.0,189.4042145263158
2021-06-15 19:00:00,455.260855490738,3133.09,2160.0,-0.0,1886.779144509262,-0.0,100.0,-0.0,84.12211621012632
2021-06-15 20:00:00,-0.0,3146.52,2160.0,-0.0,2265.2929812014195,-0.0,79.90801879858006,-0.0,-0.0
2021-06-15 21:00:00,-0.0,3120.98,2160.0,-0.0,2167.305,-0.0,0.0,-0.0,-0.0
2021-06-15 22:00:00,-0.0,3046.77,2160.0,-0.0,2001.5570000000002,-0.0,0.0,-0.0,-0.0
2021-06-15 23:00:00,-0.0,2919.95,2160.0,-0.0,1926.4800000000005,-0.0,0.0,-0.0,-0.0
2021-06-16 00:00:00,-0.0,2735.0299999999997,2160.0,-0.0,1478.446,-0.0,0.0,-0.0,-0.0
2021-06-16 01:00:00,-0.0,2516.73,2160.0,-0.0,1543.1529999999998,-0.0,0.0,-0.0,-0.0
2021-06-16 02:00:00,-0.0,2270.8999999999996,2160.0,-0.0,1682.46,-0.0,0.0,-0.0,-0.0
2021-06-16 03:00:00,-0.0,2014.81,2160.0,-0.0,1929.9249999999997,-0.0,0.0,-0.0,-0.0
2021-06-16 04:00:00,-0.0,1766.9099999999999,2160.0,-0.0,2289.5420000000004,-0.0,0.0,-0.0,-0.0
2021-06-16 05:00:00,470.89173285743533,1544.53,2160.0,-0.0,2250.5582671425645,-0.0,0.0,-0.0,-0.0
2021-06-16 06:00:00,1255.7811141643642,1361.59,2160.0,-0.0,1896.0888858356357,-0.0,0.0,-0.0,-0.0
2021-06-16 07:00:00,2158.9771991351963,1226.94,2160.0,-0.0,1343.0868008648035,-0.0,0.0,-0.0,-0.0
2021-06-16 08:00:00,3064.908841674343,1143.25,2160.0,-0.0,654.314158325657,-0.0,0.0,-0.0,-0.0
2021-06-16 09:00:00,3877.9917171988545,1106.8,2074.9312828011452,-0.0,-0.0,-0.0,0.0,-0.0,-0.0
2021-06-16 10:00:00,4519.282809666361,1108.1000000000001,1392.7941903336387,-0.0,-0.0,-0.0,0.0,-0.0,-0.0
2021-06-16 11:00:00,4929.031134172552,1133.3,900.4459405692123,-0.0,-0.0,-0.0,0.0,21.121074741764055,20.065021004675852
2021-06-16 12:00:00,5069.856898449494,1166.17,727.8661015505058,-0.0,-0.0,-0.0,0.0,100.0,115.06301450257538
2021-06-16 13:00:00,4929.031134172552,1190.38,800.673865827448,-0.0,-0.0,-0.0,0.0,100.0,210.05150820112513
2021-06-16 14:00:00,4519.282809666361,1191.84,1225.979190333639,-0.0,-0.0,-0.0,0.0,100.0,305.030503050305
2021-06-16 15:00:00,3877.9917171988545,1160.65,1996.341282801146,-0.0,-0.0,-0.0,0.0,100.0,400.0
2021-06-16 16:00:00,3064.908841674343,1092.5,2160.0,-0.0,797.5581583256567,-0.0,0.0,-0.0,399.96
2021-06-16 17:00:00,2158.9771991351963,989.3499999999999,2160.0,-0.0,2031.658800864804,-0.0,0.0,-0.0,399.920004
2021-06-16 18:00:00,1255.7811141643642,859.1600000000001,2160.0,-0.0,3256.7218858356355,-0.0,0.0,-0.0,399.8800119996
2021-06-16 19:00:00,470.89173285743533,714.88,2160.0,658.7232671425645,3500.0,-0.0,100.0,-0.0,294.57686610366324
2021-06-16 20:00:00,-0.0,572.7,2160.0,1187.9139999999998,3500.0,-0.0,100.0,-0.0,189.28425052231603
2021-06-16 21:00:00,-0.0,449.85999999999996,2160.0,1106.9500000000007,3500.0,-0.0,100.0,-0.0,84.00216420252697
2021-06-16 22:00:00,-0.0,362.31,2160.0,974.4859242131988,3500.0,-0.0,79.79407578680139,-0.0,-0.0
2021-06-16 23:00:00,-0.0,322.52000000000004,2160.0,892.0149999999994,3500.0,-0.0,0.0,-0.0,-0.0
2021-06-17 00:00:00,-0.0,329.96,2160.0,251.79200000000037,3500.0,-0.0,0.0,-0.0,-0.0
2021-06-17 01:00:00,-0.0,401.27000000000004,2160.0,26.942000000000462,3500.0,-0.0,0.0,-0.0,-0.0
2021-06-17 02:00:00,-0.0,523.23,2160.0,-0.0,3298.6169999999997,-0.0,0.0,-0.0,-0.0
2021-06-17 03:00:00,-0.0,684.62,2160.0,-0.0,3128.8640000000005,-0.0,0.0,-0.0,-0.0
2021-06-17 04:00:00,-0.0,869.83,2160.0,-0.0,3055.7380000000003,-0.0,0.0,-0.0,-0.0
2021-06-17 05:00:00,510.2739039760517,1060.91,2160.0,-0.0,2564.385096023949,-0.0,0.0,-0.0,-0.0
2021-06-17 06:00:00,1358.574002609764,1239.84,2160.0,-0.0,1785.210997390236,-0.0,0.0,-0.0,-0.0
2021-06-17 07:00:00,2334.410231117593,1390.85,2160.0,-0.0,874.5887688824073,-0.0,0.0,-0.0,-0.0
2021-06-17 08:00:00,3313.043628850681,1502.48,2078.5763711493196,-0.0,-0.0,-0.0,0.0,-0.0,-0.0
2021-06-17 09:00:00,4191.29315392488,1568.94,1172.0018460751198,-0.0,-0.0,-0.0,0.0,-0.0,-0.0
2021-06-17 10:00:00,4883.937562455226,1590.81,418.92843754477417,-0.0,-0.0,-0.0,0.0,-0.0,-0.0
2021-06-17 11:00:00,5326.481771952718,1574.8200000000002,-0.0,-0.0,-0.0,-0.0,0.0,85.06077195271791,80.80773335508202
2021-06-17 12:00:00,5478.576308284721,1361.0896917152795,-0.0,-0.0,-0.0,-0.0,0.0,100.0,175.7996525817465
2021-06-17 13:00:00,5326.481771952718,1470.662228047282,-0.0,-0.0,-0.0,-0.0,0.0,100.0,270.78207261648834
2021-06-17 14:00:00,4883.937562455226,1433.0100000000002,434.67692032485684,-0.0,-0.0,-0.0,0.0,36.079482780082444,305.030503050305
2021-06-17 15:00:00,4191.29315392488,1407.04,1316.5728460751197,-0.0,-0.0,-0.0,0.0,100.0,400.0
2021-06-17 16:00:00,3313.043628850681,1414.2099999999998,2160.0,-0.0,9.211371149318893,-0.0,100.0,-0.0,294.69684210526316
2021-06-17 17:00:00,2334.410231117593,1461.6000000000001,2160.0,-0.0,1167.1437688824071,-0.0,100.0,-0.0,189.4042145263158
2021-06-17 18:00:00,1358.574002609764,1550.1999999999998,2160.0,-0.0,2247.8189973902363,-0.0,100.0,-0.0,84.12211621012632
2021-06-17 19:00:00,510.2739039760517,1674.79,2160.0,-0.0,3066.3070772253686,-0.0,79.90801879858006,-0.0,-0.0
2021-06-17 20:00:00,-0.0,1824.49,2160.0,-0.0,3424.8510000000006,-0.0,0.0,-0.0,-0.0
2021-06-17 21:00:00,-0.0,1984.26,2160.0,-0.0,3063.307,-0.0,0.0,-0.0,-0.0
2021-06-17 22:00:00,-0.0,2136.8599999999997,2160.0,-0.0,2672.6040000000003,-0.0,0.0,-0.0,-0.0
2021-06-17 23:00:00,-0.0,2265.16,2160.0,-0.0,2344.45,-0.0,0.0,-0.0,-0.0
2021-06-18 00:00:00,-0.0,2346.85,2160.0,-0.0,1632.4870000000005,-0.0,0.0,-0.0,-0.0
2021-06-18 01:00:00,-0.0,2386.84,2160.0,-0.0,1441.321,-0.0,0.0,-0.0,-0.0
2021-06-18 02:00:00,-0.0,2373.06,2160.0,-0.0,1351.1789999999996,-0.0,0.0,-0.0,-0.0
2021-06-18 03:00:00,-0.0,2307.5,2160.0,-0.0,1410.8950000000004,-0.0,0.0,-0.0,-0.0
2021-06-18 04:00:00,-0.0,2198.39,2160.0,-0.0,1634.6830000000004,-0.0,0.0,-0.0,-0.0
2021-06-18 05:00:00,523.6682781956812,2059.16,2160.0,-0.0,1462.9117218043189,-0.0,0.0,-0.0,-0.0
2021-06-18 06:00:00,1392.5528314143899,1906.68,2160.0,-0.0,997.2981685856098,-0.0,0.0,-0.0,-0.0
2021-06-18 07:00:00,2391.8199730580295,1759.0600000000002,2160.0,-0.0,364.6790269419703,-0.0,0.0,-0.0,-0.0
2021-06-18 08:00:00,3393.834994601372,1633.3,1785.544005398628,-0.0,-0.0,-0.0,0.0,-0.0,-0.0
2021-06-18 09:00:00,4293.001677208065,1543.1100000000001,1017.6333227919349,-0.0,-0.0,-0.0,0.0,-0.0,-0.0
2021-06-18 10:00:00,5002.1087204738515,1497.14,318.9292795261481,-0.0,-0.0,-0.0,0.0,-0.0,-0.0
2021-06-18 11:00:00,5455.1638786459935,1388.6291213540062,-0.0,-0.0,-0.0,-0.0,0.0,100.0,95.0
2021-06-18 12:00:00,5610.868858074917,1159.4531419250834,-0.0,-0.0,-0.0,-0.0,0.0,100.0,189.9905
2021-06-18 13:00:00,5455.1638786459935,1275.7941213540062,-0.0,-0.0,-0.0,-0.0,0.0,100.0,284.97150095
2021-06-18 14:00:00,5002.1087204738515,1715.67,-0.0,-0.0,-0.0,-0.0,0.0,65.21272047385173,346.89508825006413
2021-06-18 15:00:00,4293.001677208065,1815.94,646.2403227919349,-0.0,-0.0,-0.0,0.0,-0.0,346.8603987412391
2021-06-18 16:00:00,3393.834994601372,1903.5,1698.6779393971915,-0.0,-0.0,-0.0,0.0,55.972933998563185,400.0
2021-06-18 17:00:00,2391.8199730580295,1964.41,2160.0,-0.0,553.8400269419703,-0.0,100.0,-0.0,294.69684210526316
2021-06-18 18:00:00,1392.5528314143899,1988.99,2160.0,-0.0,1725.3451685856103,-0.0,100.0,-0.0,189.4042145263158
2021-06-18 19:00:00,523.6682781956812,1973.1799999999998,2160.0,-0.0,2688.1407218043187,-0.0,100.0,-0.0,84.12211621012632
2021-06-18 20:00:00,-0.0,1919.23,2160.0,-0.0,3207.36198120142,-0.0,79.90801879858006,-0.0,-0.0
2021-06-18 21:00:00,-0.0,1835.41,2160.0,-0.0,3172.795,-0.0,0.0,-0.0,-0.0
2021-06-18 22:00:00,-0.0,1735.01,2160.0,-0.0,3038.598,-0.0,0.0,-0.0,-0.0
2021-06-18 23:00:00,-0.0,1634.55,2160.0,-0.0,2942.7339999999995,-0.0,0.0,-0.0,-0.0
2021-06-19 00:00:00,-0.0,1544.24,2160.0,-0.0,1970.4019999999998,-0.0,0.0,-0.0,-0.0
2021-06-19 01:00:00,-0.0,1495.19,2160.0,-0.0,1871.846,-0.0,0.0,-0.0,-0.0
2021-06-19 02:00:00,-0.0,1492.84,2160.0,-0.0,1773.8580000000004,-0.0,0.0,-0.0,-0.0
2021-06-19 03:00:00,-0.0,1544.8,2160.0,-0.0,1719.6520000000003,-0.0,0.0,-0.0,-0.0
2021-06-19 04:00:00,-0.0,1652.45,2160.0,-0.0,1730.2859999999998,-0.0,0.0,-0.0,-0.0
2021-06-19 05:00:00,467.053326629823,1810.67,2160.0,-0.0,1321.2926733701765,-0.0,0.0,-0.0,-0.0
2021-06-19 06:00:00,1241.0497669890494,2008.55,2160.0,-0.0,603.8232330109504,-0.0,0.0,-0.0,-0.0
2021-06-19 07:00:00,2131.048635042473,2230.74,1874.277364957527,-0.0,-0.0,-0.0,0.0,-0.0,-0.0
2021-06-19 08:00:00,3023.43187421963,2459.4900000000002,893.8761257803694,-0.0,-0.0,-0.0,0.0,-0.0,-0.0
2021-06-19 09:00:00,3824.180096023949,2597.2909039760507,-0.0,-0.0,-0.0,-0.0,0.0,-0.0,-0.0
2021-06-19 10:00:00,4455.656451540273,1933.8435484597267,-0.0,-0.0,-0.0,-0.0,0.0,-0.0,-0.0
2021-06-19 11:00:00,4859.101903541092,1480.7201712006722,-0.0,-0.0,-0.0,-0.0,0.0,21.121074741764055,20.065021004675852
2021-06-19 12:00:00,4997.758937493604,1351.041062506396,-0.0,-0.0,-0.0,-0.0,0.0,100.0,115.06301450257538
2021-06-19 13:00:00,4859.101903541092,1453.8850964589083,-0.0,-0.0,-0.0,-0.0,0.0,100.0,210.05150820112513
2021-06-19 14:00:00,4455.656451540273,1882.4685484597267,-0.0,-0.0,-0.0,-0.0,0.0,100.0,305.030503050305
2021-06-19 15:00:00,3824.180096023949,2620.0669039760514,-0.0,-0.0,-0.0,-0.0,0.0,100.0,400.0
2021-06-19 16:00:00,3023.43187421963,3218.13,291.0221257803696,-0.0,-0.0,-0.0,0.0,-0.0,399.96
2021-06-19 17:00:00,2131.048635042473,3217.88,1417.2175712733165,-0.0,-0.0,-0.0,0.0,0.08420631578946756,400.0
2021-06-19 18:00:00,1241.0497669890494,3239.14,2160.0,-0.0,226.10623301095097,-0.0,100.0,-0.0,294.69684210526316
2021-06-19 19:00:00,467.053326629823,3293.68,2160.0,-0.0,1027.042673370177,-0.0,100.0,-0.0,189.4042145263158
2021-06-19 20:00:00,-0.0,3388.25,2160.0,-0.0,1324.3770000000004,-0.0,100.0,-0.0,84.12211621012632
2021-06-19 21:00:00,-0.0,3523.4900000000002,2160.0,-0.0,1014.2339812014193,-0.0,79.90801879858006,-0.0,-0.0
2021-06-19 22:00:00,-0.0,3693.74,2160.0,-0.0,692.549,-0.0,0.0,-0.0,-0.0
2021-06-19 23:00:00,-0.0,3887.7200000000003,2160.0,-0.0,305.4529999999995,-0.0,0.0,-0.0,-0.0
2021-06-20 00:00:00,-0.0,4082.73,1647.3359999999998,-0.0,-0.0,-0.0,0.0,-0.0,-0.0
2021-06-20 01:00:00,-0.0,4275.47,1310.0949999999993,-0.0,-0.0,-0.0,0.0,-0.0,-0.0
2021-06-20 02:00:00,-0.0,4441.13,1047.147,-0.0,-0.0,-0.0,0.0,-0.0,-0.0
2021-06-20 03:00:00,-0.0,4564.52,924.5029999999997,-0.0,-0.0,-0.0,0.0,-0.0,-0.0
2021-06-20 04:00:00,-0.0,4634.849999999999,975.3880000000008,-0.0,-0.0,-0.0,0.0,-0.0,-0.0
2021-06-20 05:00:00,377.86429203766255,4647.19,804.3317079623382,-0.0,-0.0,-0.0,0.0,-0.0,-0.0
2021-06-20 06:00:00,1003.721664440692,4603.070000000001,479.8053355593071,-0.0,-0.0,-0.0,0.0,-0.0,-0.0
2021-06-20 07:00:00,1723.3396563811282,4510.27,78.36634361887104,-0.0,-0.0,-0.0,0.0,-0.0,-0.0
2021-06-20 08:00:00,2444.85528735544,4010.51871264456,-0.0,-0.0,-0.0,-0.0,0.0,-0.0,-0.0
2021-06-20 09:00:00,3092.2705785231815,3410.369421476819,-0.0,-0.0,-0.0,-0.0,0.0,-0.0,-0.0
2021-06-20 10:00:00,3602.8278961211754,2870.361103878825,-0.0,-0.0,-0.0,-0.0,0.0,-0.0,-0.0
2021-06-20 11:00:00,3929.012330314196,2496.9417444275678,-0.0,-0.0,-0.0,-0.0,0.0,21.121074741764055,20.065021004675852
2021-06-20 12:00:00,4041.1147401238363,2396.181259876164,-0.0,-0.0,-0.0,-0.0,0.0,100.0,115.06301450257538
2021-06-20 13:00:00,3929.012330314196,2474.7536696858037,-0.0,-0.0,-0.0,-0.0,0.0,100.0,210.05150820112513
2021-06-20 14:00:00,3602.8278961211754,2828.2781038788244,-0.0,-0.0,-0.0,-0.0,0.0,100.0,305.030503050305
2021-06-20 15:00:00,3092.2705785231815,3447.0744214768188,-0.0,-0.0,-0.0,-0.0,0.0,100.0,400.0
2021-06-20 16:00:00,2444.85528735544,3791.4199999999996,393.4367126445609,-0.0,-0.0,-0.0,0.0,-0.0,399.96
2021-06-20 17:00:00,1723.3396563811282,3837.33,1304.5475499346614,-0.0,-0.0,-0.0,0.0,0.08420631578946756,400.0
2021-06-20 18:00:00,1003.7216644406918,3879.49,2160.0,-0.0,-0.0,-0.0,24.009335559307942,-0.0,374.68701520072847
2021-06-20 19:00:00,377.86429203766255,3901.8599999999997,2160.0,-0.0,610.7387079623375,-0.0,100.0,-0.0,269.38638860447156
2021-06-20 20:00:00,-0.0,3890.72,2160.0,-0.0,926.2640000000006,-0.0,100.0,-0.0,164.0962920708743
2021-06-20 21:00:00,-0.0,3836.6299999999997,2160.0,-0.0,786.9340000000007,-0.0,100.0,-0.0,58.81672454693039
2021-06-20 22:00:00,-0.0,3735.8799999999997,2160.0,-0.0,701.9506992692485,-0.0,55.870300730751914,-0.0,-0.0
2021-06-20 23:00:00,-0.0,3591.05,2160.0,-0.0,710.9189999999999,-0.0,0.0,-0.0,-0.0
2021-06-21 00:00:00,-0.0,3403.85,2160.0,-0.0,712.6790000000005,-0.0,0.0,-0.0,-0.0
2021-06-21 01:00:00,-0.0,3202.02,2160.0,-0.0,771.194,-0.0,0.0,-0.0,-0.0
2021-06-21 02:00:00,-0.0,2995.6,2160.0,-0.0,881.4140000000002,-0.0,0.0,-0.0,-0.0
2021-06-21 03:00:00,-0.0,2802.7200000000003,2160.0,-0.0,1076.027,-0.0,0.0,-0.0,-0.0
2021-06-21 04:00:00,-0.0,2640.25,2160.0,-0.0,1360.5969999999998,-0.0,0.0,-0.0,-0.0
2021-06-21 05:00:00,333.5655106949136,2521.63,2160.0,-0.0,1365.5814893050863,-0.0,0.0,-0.0,-0.0
2021-06-21 06:00:00,886.1604618258114,2455.08,2160.0,-0.0,1137.4275381741884,-0.0,0.0,-0.0,-0.0
2021-06-21 07:00:00,1521.542996392386,2442.59,2160.0,-0.0,740.4890036076142,-0.0,0.0,-0.0,-0.0
2021-06-21 08:00:00,2158.6136903592264,2479.67,2160.0,-0.0,210.20930964077388,-0.0,0.0,-0.0,-0.0
2021-06-21 09:00:00,2730.265126982909,2556.02,1769.841873017091,-0.0,-0.0,-0.0,0.0,-0.0,-0.0
2021-06-21 10:00:00,3181.0652985109004,2656.89,1188.9837014891004,-0.0,-0.0,-0.0,0.0,-0.0,-0.0
2021-06-21 11:00:00,3469.0751500614065,2765.16,724.5038499385932,-0.0,-0.0,-0.0,0.0,-0.0,-0.0
2021-06-21 12:00:00,3568.060438107666,2863.56,517.1274928351868,-0.0,-0.0,-0.0,0.0,57.49293094285218,54.61828439570957
2021-06-21 13:00:00,3469.0751500614065,2937.02,551.5778499385933,-0.0,-0.0,-0.0,0.0,100.0,149.61282256727
2021-06-21 14:00:00,3181.0652985109004,2974.6800000000003,829.1097014890988,-0.0,-0.0,-0.0,0.0,100.0,244.59786128501327
2021-06-21 15:00:00,2730.265126982909,2971.29,1391.2758730170913,-0.0,-0.0,-0.0,0.0,100.0,339.5734014988848
2021-06-21 16:00:00,2158.6136903592264,2927.86,2160.0,-0.0,-0.0,-0.0,0.0,63.642690359226435,400.0
2021-06-21 17:00:00,1521.542996392386,2851.45,2160.0,-0.0,784.787003607614,-0.0,100.0,-0.0,294.69684210526316
2021-06-21 18:00:00,886.1604618258114,2754.16,2160.0,-0.0,1718.9715381741892,-0.0,100.0,-0.0,189.4042145263158
2021-06-21 19:00:00,333.5655106949136,2651.37,2160.0,-0.0,2456.918489305087,-0.0,100.0,-0.0,84.12211621012632
2021-06-21 20:00:00,-0.0,2559.59,2160.0,-0.0,2828.0949812014196,-0.0,79.90801879858006,-0.0,-0.0
2021-06-21 21:00:00,-0.0,2494.12,2160.0,-0.0,2779.1679999999997,-0.0,0.0,-0.0,-0.0
2021-06-21 22:00:00,-0.0,2466.85,2160.0,-0.0,2575.5890000000004,-0.0,0.0,-0.0,-0.0
2021-06-21 23:00:00,-0.0,2484.58,2160.0,-0.0,2365.0389999999998,-0.0,0.0,-0.0,-0.0
2021-06-22 00:00:00,-0.0,2541.1800000000003,2160.0,-0.0,1685.897,-0.0,0.0,-0.0,-0.0
2021-06-22 01:00:00,-0.0,2644.5400000000004,2160.0,-0.0,1437.9369999999994,-0.0,0.0,-0.0,-0.0
2021-06-22 02:00:00,-0.0,2776.48,2160.0,-0.0,1208.413,-0.0,0.0,-0.0,-0.0
2021-06-22 03:00:00,-0.0,2921.36,2160.0,-0.0,1063.7850000000003,-0.0,0.0,-0.0,-0.0
2021-06-22 04:00:00,-0.0,3061.28,2160.0,-0.0,1044.3899999999999,-0.0,0.0,-0.0,-0.0
2021-06-22 05:00:00,351.58075918534445,3178.4,2160.0,-0.0,793.9492408146557,-0.0,0.0,-0.0,-0.0
2021-06-22 06:00:00,934.5317736925598,3257.26,2160.0,-0.0,388.26622630744,-0.0,0.0,-0.0,-0.0
2021-06-22 07:00:00,1604.8974070719478,3286.77,2072.492592928052,-0.0,-0.0,-0.0,0.0,-0.0,-0.0
2021-06-22 08:00:00,2277.07442316549,3261.6800000000003,1567.3325768345103,-0.0,-0.0,-0.0,0.0,-0.0,-0.0
2021-06-22 09:00:00,2880.246383481732,3183.15,1088.2946165182675,-0.0,-0.0,-0.0,0.0,-0.0,-0.0
2021-06-22 10:00:00,3355.9130197523286,3058.61,705.8629802476717,-0.0,-0.0,-0.0,0.0,-0.0,-0.0
2021-06-22 11:00:00,3659.8186787943923,2900.7,510.587395947372,-0.0,-0.0,-0.0,0.0,21.121074741764055,20.065021004675852
2021-06-22 12:00:00,3764.2627596458915,2725.5299999999997,590.4242403541084,-0.0,-0.0,-0.0,0.0,100.0,115.06301450257538
2021-06-22 13:00:00,3659.8186787943923,2550.4900000000002,833.9623212056067,-0.0,-0.0,-0.0,0.0,100.0,210.05150820112513
2021-06-22 14:00:00,3355.9130197523286,2391.92,1321.1769802476715,-0.0,-0.0,-0.0,0.0,100.0,305.030503050305
2021-06-22 15:00:00,2880.246383481732,2262.91,2031.3106165182676,-0.0,-0.0,-0.0,0.0,100.0,400.0
2021-06-22 16:00:00,2277.07442316549,2171.58,2160.0,-0.0,653.2185768345098,-0.0,0.0,-0.0,399.96
2021-06-22 17:00:00,1604.8974070719478,2120.0099999999998,2160.0,-0.0,1609.2485929280524,-0.0,0.0,-0.0,399.920004
2021-06-22 18:00:00,934.5317736925598,2104.02,2160.0,-0.0,2494.38022630744,-0.0,0.0,-0.0,399.8800119996
2021-06-22 19:00:00,351.58075918534445,2113.83,2160.0,-0.0,3147.2802408146554,-0.0,0.0,-0.0,399.84002399840006
2021-06-22 20:00:00,-0.0,2135.44,2160.0,-0.0,3400.1209999999996,-0.0,0.0,-0.0,399.80003999600024
2021-06-22 21:00:00,-0.0,2152.61,2160.0,-0.0,3185.7139999999995,-0.0,0.0,-0.0,399.76005999200066
2021-06-22 22:00:00,-0.0,2149.21,2160.0,-0.0,2955.273,-0.0,0.0,-0.0,399.72008398600144
2021-06-22 23:00:00,-0.0,2111.42,2160.0,-0.0,2797.1939999999995,-0.0,0.0,-0.0,399.68011197760285
2021-06-23 00:00:00,-0.0,2023.23,2160.0,-0.0,2259.9730000000004,-0.0,0.0,-0.0,399.6401439664051
2021-06-23 01:00:00,-0.0,1894.11,2160.0,-0.0,2241.3360000000002,-0.0,0.0,-0.0,399.6001799520085
2021-06-23 02:00:00,-0.0,1720.17,2160.0,-0.0,2314.4840000000004,-0.0,0.0,-0.0,399.5602199340133
2021-06-23 03:00:00,-0.0,1510.23,2160.0,-0.0,2521.422,-0.0,0.0,-0.0,399.52026391201986
2021-06-23 04:00:00,-0.0,1278.2199999999998,2160.0,-0.0,2870.658,-0.0,0.0,-0.0,399.4803118856287
2021-06-23 05:00:00,378.61595425237954,1041.3999999999999,2160.0,-0.0,2943.7820457476205,-0.0,0.0,-0.0,399.44036385444014
2021-06-23 06:00:00,1007.3875580288611,818.19,2160.0,-0.0,2790.9684419711393,-0.0,0.0,-0.0,399.4004198180547
2021-06-23 07:00:00,1730.5851872377448,625.75,2160.0,-0.0,2480.896812762255,-0.0,0.0,-0.0,399.36047977607285
2021-06-23 08:00:00,2455.8098399600863,477.88,2160.0,-0.0,2042.0211600399139,-0.0,0.0,-0.0,399.32054372809523
2021-06-23 09:00:00,3106.619933425443,383.18,2160.0,-0.0,1528.036066574557,-0.0,0.0,-0.0,399.28061167372243
2021-06-23 10:00:00,3619.8758415975853,344.03000000000003,2160.0,-0.0,1019.1191584024145,-0.0,0.0,-0.0,399.2406836125551
2021-06-23 11:00:00,3947.8038856821213,356.38000000000005,2160.0,-0.0,604.9101143178787,-0.0,0.0,-0.0,399.20075954419383
2021-06-23 12:00:00,4060.5100897298134,410.36,2160.0,-0.0,364.9049102701865,-0.0,0.0,-0.0,399.16083946823943
2021-06-23 13:00:00,3947.8038856821213,491.7,2160.0,-0.0,356.7551143178789,-0.0,0.0,-0.0,399.1209233842926
2021-06-23 14:00:00,3619.8758415975853,583.6999999999999,2160.0,-0.0,613.8371584024144,-0.0,0.0,-0.0,399.0810112919542
2021-06-23 15:00:00,3106.619933425443,669.5600000000001,2160.0,-0.0,1143.0930665745568,-0.0,0.0,-0.0,399.041103190825
2021-06-23 16:00:00,2455.8098399600863,734.6700000000001,2160.0,-0.0,1912.5921600399138,-0.0,0.0,-0.0,399.00119908050596
2021-06-23 17:00:00,1730.5851872377448,768.5699999999999,2160.0,-0.0,2832.587812762256,-0.0,0.0,-0.0,398.9612989605979
2021-06-23 18:00:00,1007.3875580288611,766.44,2160.0,153.0754419711384,3500.0,-0.0,100.0,-0.0,293.658244935965
2021-06-23 19:00:00,378.61595425237954,729.65,2160.0,894.7810457476207,3500.0,-0.0,100.0,-0.0,188.36572121673458
2021-06-23 20:00:00,-0.0,665.64,2160.0,1256.6639999999998,3500.0,-0.0,100.0,-0.0,83.08372674987608
2021-06-23 21:00:00,-0.0,586.79,2160.0,1155.7493525416594,3500.0,-0.0,78.92164745834104,-0.0,-0.0
2021-06-23 22:00:00,-0.0,508.77,2160.0,1075.2530000000006,3500.0,-0.0,0.0,-0.0,-0.0
2021-06-23 23:00:00,-0.0,448.31,2160.0,936.259,3500.0,-0.0,0.0,-0.0,-0.0
2021-06-24 00:00:00,-0.0,414.46999999999997,2160.0,341.3560000000002,3500.0,-0.0,0.0,-0.0,-0.0
2021-06-24 01:00:00,-0.0,432.06,2160.0,172.45699999999988,3500.0,-0.0,0.0,-0.0,-0.0
2021-06-24 02:00:00,-0.0,501.54999999999995,2160.0,-0.0,3498.6449999999995,-0.0,0.0,-0.0,-0.0
2021-06-24 03:00:00,-0.0,623.59,2160.0,-0.0,3370.0969999999998,-0.0,0.0,-0.0,-0.0
2021-06-24 04:00:00,-0.0,792.43,2160.0,-0.0,3315.0040000000004,-0.0,0.0,-0.0,-0.0
2021-06-24 05:00:00,380.64913893153215,996.59,2160.0,-0.0,2941.666861068468,-0.0,0.0,-0.0,-0.0
2021-06-24 06:00:00,1014.2387742810358,1220.23,2160.0,-0.0,2333.770225718964,-0.0,0.0,-0.0,-0.0
2021-06-24 07:00:00,1743.197093414185,1445.22,2160.0,-0.0,1597.1279065858148,-0.0,0.0,-0.0,-0.0
2021-06-24 08:00:00,2474.2994982089863,1653.4399999999998,2160.0,-0.0,792.9435017910141,-0.0,0.0,-0.0,-0.0
2021-06-24 09:00:00,3130.4390000000003,1829.07,2160.0,-0.0,-0.0,-0.0,0.0,-0.0,-0.0
2021-06-24 10:00:00,3647.927629004197,1960.6499999999999,1472.8663709958037,-0.0,-0.0,-0.0,0.0,-0.0,-0.0
2021-06-24 11:00:00,3978.5665859942696,2042.46,1004.4004887474944,-0.0,-0.0,-0.0,0.0,21.121074741764055,20.065021004675852
2021-06-24 12:00:00,4092.2031260618164,2075.19,860.4358739381828,-0.0,-0.0,-0.0,0.0,100.0,115.06301450257538
2021-06-24 13:00:00,3978.5665859942696,2065.75,940.89141400573,-0.0,-0.0,-0.0,0.0,100.0,210.05150820112513
2021-06-24 14:00:00,3647.927629004197,2026.22,1329.1653709958027,-0.0,-0.0,-0.0,0.0,100.0,305.030503050305
2021-06-24 15:00:00,3130.4390000000003,1972.12,1999.6219999999994,-0.0,-0.0,-0.0,0.0,100.0,400.0
2021-06-24 16:00:00,2474.2994982089863,1920.24,2160.0,-0.0,528.5095017910139,-0.0,100.0,-0.0,294.69684210526316
2021-06-24 17:00:00,1743.197093414185,1886.3,2160.0,-0.0,1519.3539065858145,-0.0,100.0,-0.0,189.4042145263158
2021-06-24 18:00:00,1014.2387742810358,1882.76,2160.0,-0.0,2444.2092257189634,-0.0,100.0,-0.0,84.12211621012632
2021-06-24 19:00:00,380.64913893153215,1917.11,2160.0,-0.0,3136.9488422698882,-0.0,79.90801879858006,-0.0,-0.0
2021-06-24 20:00:00,-0.0,1990.8100000000002,2160.0,-0.0,3440.397,-0.0,0.0,-0.0,-0.0
2021-06-24 21:00:00,-0.0,2099.06,2160.0,-0.0,3128.7100000000005,-0.0,0.0,-0.0,-0.0
2021-06-24 22:00:00,-0.0,2231.49,2160.0,-0.0,2756.3230000000003,-0.0,0.0,-0.0,-0.0
2021-06-24 23:00:00,-0.0,2373.51,2160.0,-0.0,2412.4049999999997,-0.0,0.0,-0.0,-0.0
2021-06-25 00:00:00,-0.0,2502.19,2160.0,-0.0,1652.8579999999997,-0.0,0.0,-0.0,-0.0
2021-06-25 01:00:00,-0.0,2613.21,2160.0,-0.0,1388.245,-0.0,0.0,-0.0,-0.0
2021-06-25 02:00:00,-0.0,2686.13,2160.0,-0.0,1208.8019999999997,-0.0,0.0,-0.0,-0.0
2021-06-25 03:00:00,-0.0,2711.0899999999997,2160.0,-0.0,1175.217,-0.0,0.0,-0.0,-0.0
2021-06-25 04:00:00,-0.0,2684.0000000000005,2160.0,-0.0,1314.0229999999997,-0.0,0.0,-0.0,-0.0
2021-06-25 05:00:00,392.24445276839634,2607.2400000000002,2160.0,-0.0,1208.0675472316032,-0.0,0.0,-0.0,-0.0
2021-06-25 06:00:00,1047.0901097635863,2489.36,2160.0,-0.0,918.5818902364138,-0.0,0.0,-0.0,-0.0
2021-06-25 07:00:00,1800.7916703254532,2344.07,2160.0,-0.0,525.7143296745467,-0.0,0.0,-0.0,-0.0
2021-06-25 08:00:00,2556.8467961825813,2188.46,2160.0,-0.0,58.73820381741871,-0.0,0.0,-0.0,-0.0
2021-06-25 09:00:00,3235.456069261079,2040.86,1724.9789307389215,-0.0,-0.0,-0.0,0.0,-0.0,-0.0
2021-06-25 10:00:00,3770.7011777965413,1918.39,1272.6578222034582,-0.0,-0.0,-0.0,0.0,-0.0,-0.0
2021-06-25 11:00:00,4112.701324327091,1834.8400000000001,956.8067504146729,-0.0,-0.0,-0.0,0.0,21.121074741764055,20.065021004675852
2021-06-25 12:00:00,4230.244043444889,1798.8799999999999,876.340956555111,-0.0,-0.0,-0.0,0.0,100.0,115.06301450257538
2021-06-25 13:00:00,4112.701324327091,1813.03,935.9256756729092,-0.0,-0.0,-0.0,0.0,100.0,210.05150820112513
2021-06-25 14:00:00,3770.7011777965413,1873.39,1234.5828222034584,-0.0,-0.0,-0.0,0.0,100.0,305.030503050305
2021-06-25 15:00:00,3235.456069261079,1970.3100000000002,1770.788930738921,-0.0,-0.0,-0.0,0.0,100.0,400.0
2021-06-25 16:00:00,2556.8467961825813,2089.7599999999998,2160.0,-0.0,149.93120381741846,-0.0,100.0,-0.0,294.69684210526316
2021-06-25 17:00:00,1800.7916703254532,2215.36,2160.0,-0.0,1005.4063296745467,-0.0,100.0,-0.0,189.4042145263158
2021-06-25 18:00:00,1047.0901097635863,2330.62,2160.0,-0.0,1835.5248902364135,-0.0,100.0,-0.0,84.12211621012632
2021-06-25 19:00:00,392.24445276839634,2421.26,2160.0,-0.0,2492.654528433023,-0.0,79.90801879858006,-0.0,-0.0
2021-06-25 20:00:00,-0.0,2477.23,2160.0,-0.0,2824.9559999999997,-0.0,0.0,-0.0,-0.0
2021-06-25 21:00:00,-0.0,2494.0699999999997,2160.0,-0.0,2604.312,-0.0,0.0,-0.0,-0.0
2021-06-25 22:00:00,-0.0,2473.5699999999997,2160.0,-0.0,2384.5920000000006,-0.0,0.0,-0.0,-0.0
2021-06-25 23:00:00,-0.0,2423.54,2160.0,-0.0,2232.567,-0.0,0.0,-0.0,-0.0
2021-06-26 00:00:00,-0.0,2350.82,2160.0,-0.0,1238.4590000000003,-0.0,0.0,-0.0,-0.0
2021-06-26 01:00:00,-0.0,2283.3700000000003,2160.0,-0.0,1152.3689999999992,-0.0,0.0,-0.0,-0.0
2021-06-26 02:00:00,-0.0,2232.32,2160.0,-0.0,1097.0539999999996,-0.0,0.0,-0.0,-0.0
2021-06-26 03:00:00,-0.0,2213.5,2160.0,-0.0,1107.5110000000004,-0.0,0.0,-0.0,-0.0
2021-06-26 04:00:00,-0.0,2239.25,2160.0,-0.0,1193.8450000000003,-0.0,0.0,-0.0,-0.0
2021-06-26 05:00:00,450.4428239177157,2316.72,2160.0,-0.0,875.933176082284,-0.0,0.0,-0.0,-0.0
2021-06-26 06:00:00,1205.2287496417975,2446.81,2160.0,-0.0,239.11325035820255,-0.0,0.0,-0.0,-0.0
2021-06-26 07:00:00,2074.3782329853652,2624.0,1568.997767014635,-0.0,-0.0,-0.0,0.0,-0.0,-0.0
2021-06-26 08:00:00,2946.441947702385,2836.97,618.2150522976158,-0.0,-0.0,-0.0,0.0,-0.0,-0.0
2021-06-26 09:00:00,3729.273499667384,2710.488500332616,-0.0,-0.0,-0.0,-0.0,0.0,-0.0,-0.0
2021-06-26 10:00:00,4346.7763313888045,2054.426668611196,-0.0,-0.0,-0.0,-0.0,0.0,-0.0,-0.0
2021-06-26 11:00:00,4741.362027121074,1582.4069728789264,-0.0,-0.0,-0.0,-0.0,0.0,-0.0,-0.0
2021-06-26 12:00:00,4876.981606386246,1391.332468355518,-0.0,-0.0,-0.0,-0.0,0.0,21.121074741764055,20.065021004675852
2021-06-26 13:00:00,4741.362027121074,1563.3089728789264,-0.0,-0.0,-0.0,-0.0,0.0,100.0,115.06301450257538
2021-06-26 14:00:00,4346.7763313888045,1976.2956686111957,-0.0,-0.0,-0.0,-0.0,0.0,100.0,210.05150820112513
2021-06-26 15:00:00,3729.273499667384,2693.1605003326163,-0.0,-0.0,-0.0,-0.0,0.0,100.0,305.030503050305
2021-06-26 16:00:00,2946.441947702385,3657.5500522976154,-0.0,-0.0,-0.0,-0.0,0.0,100.0,400.0
2021-06-26 17:00:00,2074.3782329853652,3972.2400000000002,684.0627670146341,-0.0,-0.0,-0.0,0.0,-0.0,399.96
2021-06-26 18:00:00,1205.2287496417975,3930.73,1788.2464566739923,-0.0,-0.0,-0.0,0.0,0.08420631578946756,400.0
2021-06-26 19:00:00,450.4428239177157,3890.71,2160.0,-0.0,397.65317608228384,-0.0,100.0,-0.0,294.69684210526316
2021-06-26 20:00:00,-0.0,3867.54,2160.0,-0.0,789.3280000000004,-0.0,100.0,-0.0,189.4042145263158
2021-06-26 21:00:00,-0.0,3873.31,2160.0,-0.0,581.7840000000001,-0.0,100.0,-0.0,84.12211621012632
2021-06-26 22:00:00,-0.0,3915.09,2160.0,-0.0,321.99298120141975,-0.0,79.90801879858006,-0.0,-0.0
2021-06-26 23:00:00,-0.0,3993.93,2160.0,-0.0,123.20699999999988,-0.0,0.0,-0.0,-0.0
2021-06-27 00:00:00,-0.0,4098.87,1550.1140000000005,-0.0,-0.0,-0.0,0.0,-0.0,-0.0
2021-06-27 01:00:00,-0.0,4230.58,1267.228,-0.0,-0.0,-0.0,0.0,-0.0,-0.0
2021-06-27 02:00:00,-0.0,4368.32,1025.5660000000007,-0.0,-0.0,-0.0,0.0,-0.0,-0.0
2021-06-27 03:00:00,-0.0,4494.9,893.143,-0.0,-0.0,-0.0,0.0,-0.0,-0.0
2021-06-27 04:00:00,-0.0,4593.26,909.4609999999993,-0.0,-0.0,-0.0,0.0,-0.0,-0.0
2021-06-27 05:00:00,519.5957476716816,4648.76,547.0312523283179,-0.0,-0.0,-0.0,0.0,-0.0,-0.0
2021-06-27 06:00:00,1394.1239286664622,4572.055071333538,-0.0,-0.0,-0.0,-0.0,0.0,-0.0,-0.0
2021-06-27 07:00:00,2401.7271274946274,3783.479872505373,-0.0,-0.0,-0.0,-0.0,0.0,-0.0,-0.0
2021-06-27 08:00:00,3412.9777364138786,2909.3482635861214,-0.0,-0.0,-0.0,-0.0,0.0,-0.0,-0.0
2021-06-27 09:00:00,4320.911757803706,2042.4812421962943,-0.0,-0.0,-0.0,-0.0,0.0,-0.0,-0.0
2021-06-27 10:00:00,5037.159592109304,1290.6654078906959,-0.0,-0.0,-0.0,-0.0,0.0,-0.0,-0.0
2021-06-27 11:00:00,5494.872591546414,758.568408453586,-0.0,-0.0,-0.0,-0.0,0.0,-0.0,-0.0
2021-06-27 12:00:00,5652.191796387269,548.899278354495,-0.0,-0.0,-0.0,-0.0,0.0,21.121074741764055,20.065021004675852
2021-06-27 13:00:00,5494.872591546414,745.7324084535858,-0.0,-0.0,-0.0,-0.0,0.0,100.0,115.06301450257538
2021-06-27 14:00:00,5037.159592109304,1225.054407890696,-0.0,-0.0,-0.0,-0.0,0.0,100.0,210.05150820112513
2021-06-27 15:00:00,4320.911757803706,2043.9182421962942,-0.0,-0.0,-0.0,-0.0,0.0,100.0,305.030503050305
2021-06-27 16:00:00,3412.9777364138786,3136.7102635861215,-0.0,-0.0,-0.0,-0.0,0.0,100.0,400.0
2021-06-27 17:00:00,2401.7271274946274,3169.4,1108.6319777685303,-0.0,-0.0,-0.0,0.0,0.04210526315791628,400.0
2021-06-27 18:00:00,1394.1239286664622,3171.1299999999997,2160.0,-0.0,51.28207133353817,-0.0,100.0,-0.0,294.69684210526316
2021-06-27 19:00:00,519.5957476716816,3190.04,2160.0,-0.0,985.0012523283181,-0.0,100.0,-0.0,189.4042145263158
2021-06-27 20:00:00,-0.0,3210.1000000000004,2160.0,-0.0,1406.0469999999996,-0.0,100.0,-0.0,84.12211621012632
2021-06-27 21:00:00,-0.0,3215.25,2160.0,-0.0,1222.69498120142,-0.0,79.90801879858006,-0.0,-0.0
2021-06-27 22:00:00,-0.0,3191.6800000000003,2160.0,-0.0,1091.5749999999998,-0.0,0.0,-0.0,-0.0
2021-06-27 23:00:00,-0.0,3129.8399999999997,2160.0,-0.0,957.0920000000001,-0.0,0.0,-0.0,-0.0
2021-06-28 00:00:00,-0.0,3020.27,2160.0,-0.0,878.4519999999998,-0.0,0.0,-0.0,-0.0
2021-06-28 01:00:00,-0.0,2876.4,2160.0,-0.0,874.7159999999999,-0.0,0.0,-0.0,-0.0
2021-06-28 02:00:00,-0.0,2701.1000000000004,2160.0,-0.0,949.6790000000001,-0.0,0.0,-0.0,-0.0
2021-06-28 03:00:00,-0.0,2507.79,2160.0,-0.0,1140.7430000000004,-0.0,0.0,-0.0,-0.0
2021-06-28 04:00:00,-0.0,2313.13,2160.0,-0.0,1453.687,-0.0,0.0,-0.0,-0.0
2021-06-28 05:00:00,528.6403389110635,2134.85,2160.0,-0.0,1319.6056610889361,-0.0,0.0,-0.0,-0.0
2021-06-28 06:00:00,1422.9828287790403,1989.41,2160.0,-0.0,825.1101712209595,-0.0,0.0,-0.0,-0.0
2021-06-28 07:00:00,2454.0908747313483,1889.76,2160.0,-0.0,116.29512526865119,-0.0,0.0,-0.0,-0.0
2021-06-28 08:00:00,3489.271451207656,1843.68,1427.9265487923435,-0.0,-0.0,-0.0,0.0,-0.0,-0.0
2021-06-28 09:00:00,4418.849647681916,1852.6699999999998,534.0313523180839,-0.0,-0.0,-0.0,0.0,-0.0,-0.0
2021-06-28 10:00:00,5152.268650777813,1621.3123492221875,-0.0,-0.0,-0.0,-0.0,0.0,-0.0,-0.0
2021-06-28 11:00:00,5620.97933097943,1102.9227437623335,-0.0,-0.0,-0.0,-0.0,0.0,21.121074741764055,20.065021004675852
2021-06-28 12:00:00,5782.081491556648,950.7985084433521,-0.0,-0.0,-0.0,-0.0,0.0,100.0,115.06301450257538
2021-06-28 13:00:00,5620.97933097943,1076.0876690205696,-0.0,-0.0,-0.0,-0.0,0.0,100.0,210.05150820112513
2021-06-28 14:00:00,5152.268650777813,1569.9373492221875,-0.0,-0.0,-0.0,-0.0,0.0,100.0,305.030503050305
2021-06-28 15:00:00,4418.849647681916,2409.478352318084,-0.0,-0.0,-0.0,-0.0,0.0,100.0,400.0
2021-06-28 16:00:00,3489.271451207656,2524.2599999999998,903.1746540555018,-0.0,-0.0,-0.0,0.0,0.04210526315791628,400.0
2021-06-28 17:00:00,2454.090874731348,2534.22,2160.0,-0.0,-0.0,-0.0,1.8321252686523621,-0.0,398.03144708562905
2021-06-28 18:00:00,1422.9828287790403,2501.4599999999996,2160.0,-0.0,1165.9341712209605,-0.0,100.0,-0.0,292.72848604618366
2021-06-28 19:00:00,528.6403389110635,2432.82,2160.0,-0.0,2210.3966610889365,-0.0,100.0,-0.0,187.43605530284225
2021-06-28 20:00:00,-0.0,2340.21,2160.0,-0.0,2756.4979999999996,-0.0,100.0,-0.0,82.15415380257512
2021-06-28 21:00:00,-0.0,2238.88,2160.0,-0.0,2684.7933585321653,-0.0,78.03864146783512,-0.0,-0.0
2021-06-28 22:00:00,-0.0,2145.25,2160.0,-0.0,2625.1189999999997,-0.0,0.0,-0.0,-0.0
2021-06-28 23:00:00,-0.0,2074.6,2160.0,-0.0,2502.653,-0.0,0.0,-0.0,-0.0
2021-06-29 00:00:00,-0.0,2033.5600000000002,2160.0,-0.0,1922.7379999999996,-0.0,0.0,-0.0,-0.0
2021-06-29 01:00:00,-0.0,2039.6200000000001,2160.0,-0.0,1772.1769999999995,-0.0,0.0,-0.0,-0.0
2021-06-29 02:00:00,-0.0,2088.29,2160.0,-0.0,1626.2200000000003,-0.0,0.0,-0.0,-0.0
2021-06-29 03:00:00,-0.0,2174.0699999999997,2160.0,-0.0,1541.1850000000004,-0.0,0.0,-0.0,-0.0
2021-06-29 04:00:00,-0.0,2285.81,2160.0,-0.0,1550.6609999999996,-0.0,0.0,-0.0,-0.0
2021-06-29 05:00:00,468.371816088425,2408.18,2160.0,-0.0,1179.0671839115748,-0.0,0.0,-0.0,-0.0
2021-06-29 06:00:00,1265.4171773104085,2523.6,2160.0,-0.0,523.8118226895913,-0.0,0.0,-0.0,-0.0
2021-06-29 07:00:00,2185.0574135195993,2614.6200000000003,1898.5305864804,-0.0,-0.0,-0.0,0.0,-0.0,-0.0
2021-06-29 08:00:00,3108.646956938901,2666.1800000000003,1066.7790430610985,-0.0,-0.0,-0.0,0.0,-0.0,-0.0
2021-06-29 09:00:00,3938.2047895302435,2667.6499999999996,283.01821046975647,-0.0,-0.0,-0.0,0.0,-0.0,-0.0
2021-06-29 10:00:00,4592.791677566269,2366.6303224337307,-0.0,-0.0,-0.0,-0.0,0.0,100.0,95.0
2021-06-29 11:00:00,5011.153311713234,1879.9116882867656,-0.0,-0.0,-0.0,-0.0,0.0,100.0,189.9905
2021-06-29 12:00:00,5154.961080186266,1668.5669198137339,-0.0,-0.0,-0.0,-0.0,0.0,100.0,284.97150095
2021-06-29 13:00:00,5011.153311713234,1778.8456882867658,-0.0,-0.0,-0.0,-0.0,0.0,100.0,379.943003799905
2021-06-29 14:00:00,4592.791677566269,1971.41,153.13732243373124,-0.0,-0.0,-0.0,0.0,-0.0,379.905009499525
2021-06-29 15:00:00,3938.2047895302435,1773.8200000000002,1134.7458220502035,-0.0,-0.0,-0.0,0.0,21.192611580447288,400.0
2021-06-29 16:00:00,3108.646956938901,1595.3,2160.0,-0.0,151.99804306109854,-0.0,0.0,-0.0,399.96
2021-06-29 17:00:00,2185.0574135195993,1449.3600000000001,2160.0,-0.0,1456.9485864804005,-0.0,0.0,-0.0,399.920004
2021-06-29 18:00:00,1265.4171773104085,1344.55,2160.0,-0.0,2683.4858226895917,-0.0,0.0,-0.0,399.8800119996
2021-06-29 19:00:00,468.371816088425,1283.32,2160.0,25.004183911575183,3500.0,-0.0,100.0,-0.0,294.57686610366324
2021-06-29 20:00:00,-0.0,1261.83,2160.0,441.3869999999997,3500.0,-0.0,100.0,-0.0,189.28425052231603
2021-06-29 21:00:00,-0.0,1270.5900000000001,2160.0,239.20600000000013,3500.0,-0.0,100.0,-0.0,84.00216420252697
2021-06-29 22:00:00,-0.0,1295.8500000000001,2160.0,4.2899242131984465,3500.0,-0.0,79.79407578680139,-0.0,-0.0
2021-06-29 23:00:00,-0.0,1321.58,2160.0,-0.0,3366.621,-0.0,0.0,-0.0,-0.0
2021-06-30 00:00:00,-0.0,1326.67,2160.0,-0.0,2742.1099999999997,-0.0,0.0,-0.0,-0.0
2021-06-30 01:00:00,-0.0,1307.6,2160.0,-0.0,2617.8650000000002,-0.0,0.0,-0.0,-0.0
2021-06-30 02:00:00,-0.0,1249.85,2160.0,-0.0,2579.4150000000004,-0.0,0.0,-0.0,-0.0
2021-06-30 03:00:00,-0.0,1149.7,2160.0,-0.0,2681.2970000000005,-0.0,0.0,-0.0,-0.0
2021-06-30 04:00:00,-0.0,1009.75,2160.0,-0.0,2943.348,-0.0,0.0,-0.0,-0.0
2021-06-30 05:00:00,402.712273283185,838.67,2160.0,-0.0,2931.6457267168153,-0.0,0.0,-0.0,-0.0
2021-06-30 06:00:00,1092.5841572510492,650.1700000000001,2160.0,-0.0,2688.164842748951,-0.0,0.0,-0.0,-0.0
2021-06-30 07:00:00,1889.2290427028965,461.27000000000004,2160.0,-0.0,2306.3739572971026,-0.0,0.0,-0.0,-0.0
2021-06-30 08:00:00,2689.632239228329,300.0,2160.0,-0.0,1811.1107607716713,-0.0,0.0,-0.0,-0.0
2021-06-30 09:00:00,3408.7018874219634,300.0,2160.0,-0.0,1139.675112578037,-0.0,0.0,-0.0,-0.0
2021-06-30 10:00:00,3976.2006983676188,300.0,2160.0,-0.0,542.9883016323815,-0.0,0.0,-0.0,-0.0
2021-06-30 11:00:00,4338.933167459831,300.0,2160.0,-0.0,112.05683254016913,-0.0,0.0,-0.0,-0.0
2021-06-30 12:00:00,4463.628999948828,300.0,2160.0,-0.0,-0.0,-0.0,0.0,80.12299994882778,76.11684995138638
2021-06-30 13:00:00,4338.933167459831,300.0,2160.0,-0.0,10.990832540169322,-0.0,0.0,-0.0,76.10923826639124
2021-06-30 14:00:00,3976.2006983676188,300.0,2160.0,-0.0,400.905301632381,-0.0,0.0,-0.0,76.10162734256461
2021-06-30 15:00:00,3408.7018874219634,406.59000000000003,2160.0,-0.0,969.7901125780368,-0.0,0.0,-0.0,76.09401717983036
2021-06-30 16:00:00,2689.632239228329,567.18,2160.0,-0.0,1718.269760771671,-0.0,0.0,-0.0,76.08640777811237
2021-06-30 17:00:00,1889.2290427028965,721.33,2160.0,-0.0,2599.4719572971035,-0.0,0.0,-0.0,76.07879913733457
2021-06-30 18:00:00,1092.5841572510492,853.86,2160.0,-0.0,3465.098842748951,-0.0,0.0,-0.0,76.07119125742084
2021-06-30 19:00:00,402.712273283185,953.7900000000001,2160.0,565.3423217854343,3500.0,-0.0,72.26040493138035,-0.0,-0.0
2021-06-30 20:00:00,-0.0,1015.75,2160.0,904.094,3500.0,-0.0,0.0,-0.0,-0.0
2021-06-30 21:00:00,-0.0,1040.6200000000001,2160.0,684.9179999999997,3500.0,-0.0,0.0,-0.0,-0.0
2021-06-30 22:00:00,-0.0,1035.3600000000001,2160.0,459.3290000000002,3500.0,-0.0,0.0,-0.0,-0.0
2021-06-30 23:00:00,-0.0,1011.9200000000001,2160.0,289.9499999999998,3500.0,-0.0,0.0,-0.0,-0.0
2021-07-01 00:00:00,-0.0,980.69,2160.0,-0.0,3200.819,-0.0,0.0,-0.0,-0.0
2021-07-01 01:00:00,-0.0,967.7900000000001,2160.0,-0.0,3069.1189999999997,-0.0,0.0,-0.0,-0.0
2021-07-01 02:00:00,-0.0,983.5000000000001,2160.0,-0.0,2955.8239999999996,-0.0,0.0,-0.0,-0.0
2021-07-01 03:00:00,-0.0,1039.6,2160.0,-0.0,2899.9770000000003,-0.0,0.0,-0.0,-0.0
2021-07-01 04:00:00,-0.0,1142.73,2160.0,-0.0,2917.3709999999996,-0.0,0.0,-0.0,-0.0
2021-07-01 05:00:00,378.2586066421042,1293.43,2160.0,-0.0,2606.6733933578957,-0.0,0.0,-0.0,-0.0
2021-07-01 06:00:00,1031.0402731296695,1485.86,2160.0,-0.0,2017.5897268703307,-0.0,0.0,-0.0,-0.0
2021-07-01 07:00:00,1785.5797522259752,1708.5,2160.0,-0.0,1264.5122477740244,-0.0,0.0,-0.0,-0.0
2021-07-01 08:00:00,2544.000765709754,1945.5600000000002,2160.0,-0.0,410.95823429024585,-0.0,0.0,-0.0,-0.0
2021-07-01 09:00:00,3225.5489148244815,2179.01,1701.5630851755186,-0.0,-0.0,-0.0,0.0,-0.0,-0.0
2021-07-01 10:00:00,3763.517258596869,2390.86,920.4397414031314,-0.0,-0.0,-0.0,0.0,-0.0,-0.0
2021-07-01 11:00:00,4107.4088829956,2565.52,331.4881170044009,-0.0,-0.0,-0.0,0.0,-0.0,-0.0
2021-07-01 12:00:00,4225.6293303397815,2691.76,38.380744401983065,-0.0,-0.0,-0.0,0.0,21.121074741764055,20.065021004675852
2021-07-01 13:00:00,4107.4088829956,2764.17,127.12411700440043,-0.0,-0.0,-0.0,0.0,100.0,115.06301450257538
2021-07-01 14:00:00,3763.517258596869,2783.8,476.1247414031309,-0.0,-0.0,-0.0,0.0,100.0,210.05150820112513
2021-07-01 15:00:00,3225.5489148244815,2757.9199999999996,1145.4300851755197,-0.0,-0.0,-0.0,0.0,100.0,305.030503050305
2021-07-01 16:00:00,2544.000765709754,2699.04,2073.2642342902463,-0.0,-0.0,-0.0,0.0,100.0,400.0
2021-07-01 17:00:00,1785.5797522259752,2623.12,2160.0,-0.0,779.8882477740246,-0.0,100.0,-0.0,294.69684210526316
2021-07-01 18:00:00,1031.0402731296695,2547.42,2160.0,-0.0,1808.90372687033,-0.0,100.0,-0.0,189.4042145263158
2021-07-01 19:00:00,378.2586066421042,2488.13,2160.0,-0.0,2600.7343933578954,-0.0,100.0,-0.0,84.12211621012632
2021-07-01 20:00:00,-0.0,2458.2000000000003,2160.0,-0.0,2951.88398120142,-0.0,79.90801879858006,-0.0,-0.0
2021-07-01 21:00:00,-0.0,2465.61,2160.0,-0.0,2827.146,-0.0,0.0,-0.0,-0.0
2021-07-01 22:00:00,-0.0,2512.3,2160.0,-0.0,2546.615,-0.0,0.0,-0.0,-0.0
2021-07-01 23:00:00,-0.0,2593.96,2160.0,-0.0,2269.0860000000002,-0.0,0.0,-0.0,-0.0
2021-07-02 00:00:00,-0.0,2696.0,2160.0,-0.0,1543.8289999999997,-0.0,0.0,-0.0,-0.0
2021-07-02 01:00:00,-0.0,2813.59,2160.0,-0.0,1278.482,-0.0,0.0,-0.0,-0.0
2021-07-02 02:00:00,-0.0,2925.69,2160.0,-0.0,1065.5899999999997,-0.0,0.0,-0.0,-0.0
2021-07-02 03:00:00,-0.0,3016.02,2160.0,-0.0,972.2580000000003,-0.0,0.0,-0.0,-0.0
2021-07-02 04:00:00,-0.0,3070.64,2160.0,-0.0,1034.864,-0.0,0.0,-0.0,-0.0
2021-07-02 05:00:00,369.2016930713336,3079.9700000000003,2160.0,-0.0,871.2523069286661,-0.0,0.0,-0.0,-0.0
2021-07-02 06:00:00,1011.5648283696655,3040.1699999999996,2160.0,-0.0,521.4371716303344,-0.0,0.0,-0.0,-0.0
2021-07-02 07:00:00,1754.8355354109103,2953.7799999999997,2160.0,-0.0,85.2424645890901,-0.0,0.0,-0.0,-0.0
2021-07-02 08:00:00,2502.301996290042,2829.4900000000002,1760.5450037099577,-0.0,-0.0,-0.0,0.0,-0.0,-0.0
2021-07-02 09:00:00,3174.1955987616425,2681.0899999999997,1279.1764012383587,-0.0,-0.0,-0.0,0.0,-0.0,-0.0
2021-07-02 10:00:00,3704.6411592211653,2525.7000000000003,869.3098407788339,-0.0,-0.0,-0.0,0.0,-0.0,-0.0
2021-07-02 11:00:00,4043.7640413724293,2381.59,621.4870333693352,-0.0,-0.0,-0.0,0.0,21.121074741764055,20.065021004675852
2021-07-02 12:00:00,4160.3517798075945,2265.81,626.2392201924058,-0.0,-0.0,-0.0,0.0,100.0,115.06301450257538
2021-07-02 13:00:00,4043.7640413724293,2191.9900000000002,777.1309586275711,-0.0,-0.0,-0.0,0.0,100.0,210.05150820112513
2021-07-02 14:00:00,3704.6411592211653,2168.62,1160.7778407788346,-0.0,-0.0,-0.0,0.0,100.0,305.030503050305
2021-07-02 15:00:00,3174.1955987616425,2197.95,1763.753401238358,-0.0,-0.0,-0.0,0.0,100.0,400.0
2021-07-02 16:00:00,2502.301996290042,2275.79,2160.0,-0.0,181.60700370995755,-0.0,100.0,-0.0,294.69684210526316
2021-07-02 17:00:00,1754.8355354109103,2392.1600000000003,2160.0,-0.0,1041.373464589089,-0.0,100.0,-0.0,189.4042145263158
2021-07-02 18:00:00,1011.5648283696655,2532.67,2160.0,-0.0,1839.2941716303349,-0.0,100.0,-0.0,84.12211621012632
2021-07-02 19:00:00,369.2016930713336,2680.5,2160.0,-0.0,2430.063288130086,-0.0,79.90801879858006,-0.0,-0.0
2021-07-02 20:00:00,-0.0,2818.73,2160.0,-0.0,2660.2000000000003,-0.0,0.0,-0.0,-0.0
2021-07-02 21:00:00,-0.0,2932.65,2160.0,-0.0,2345.4370000000004,-0.0,0.0,-0.0,-0.0
2021-07-02 22:00:00,-0.0,3011.72,2160.0,-0.0,2028.9290000000005,-0.0,0.0,-0.0,-0.0
2021-07-02 23:00:00,-0.0,3051.0,2160.0,-0.0,1790.1949999999997,-0.0,0.0,-0.0,-0.0
2021-07-03 00:00:00,-0.0,3047.36,2160.0,-0.0,731.1510000000003,-0.0,0.0,-0.0,-0.0
2021-07-03 01:00:00,-0.0,3017.0099999999998,2160.0,-0.0,610.1920000000005,-0.0,0.0,-0.0,-0.0
2021-07-03 02:00:00,-0.0,2967.8300000000004,2160.0,-0.0,555.0499999999997,-0.0,0.0,-0.0,-0.0
2021-07-03 03:00:00,-0.0,2915.42,2160.0,-0.0,600.9520000000002,-0.0,0.0,-0.0,-0.0
2021-07-03 04:00:00,-0.0,2876.45,2160.0,-0.0,753.6689999999999,-0.0,0.0,-0.0,-0.0
2021-07-03 05:00:00,336.17784494933994,2866.34,2160.0,-0.0,639.0731550506603,-0.0,0.0,-0.0,-0.0
2021-07-03 06:00:00,926.3374233190054,2897.0600000000004,2160.0,-0.0,267.52657668099414,-0.0,0.0,-0.0,-0.0
2021-07-03 07:00:00,1609.9803687698295,2975.45,1882.7996312301702,-0.0,-0.0,-0.0,0.0,-0.0,-0.0
2021-07-03 08:00:00,2297.849873887013,3102.13,1203.3881261129873,-0.0,-0.0,-0.0,0.0,-0.0,-0.0
2021-07-03 09:00:00,2916.3754591137044,3271.3399999999997,454.4785408862963,-0.0,-0.0,-0.0,0.0,-0.0,-0.0
2021-07-03 10:00:00,3404.783386040324,3199.345613959676,-0.0,-0.0,-0.0,-0.0,0.0,-0.0,-0.0
2021-07-03 11:00:00,3717.068230426774,2831.04384431499,-0.0,-0.0,-0.0,-0.0,0.0,21.121074741764055,20.065021004675852
2021-07-03 12:00:00,3824.432703817419,2726.081296182581,-0.0,-0.0,-0.0,-0.0,0.0,100.0,115.06301450257538
2021-07-03 13:00:00,3717.068230426774,2790.824769573226,-0.0,-0.0,-0.0,-0.0,0.0,100.0,210.05150820112513
2021-07-03 14:00:00,3404.783386040324,3121.2146139596757,-0.0,-0.0,-0.0,-0.0,0.0,100.0,305.030503050305
2021-07-03 15:00:00,2916.3754591137044,3708.4905408862955,-0.0,-0.0,-0.0,-0.0,0.0,100.0,400.0
2021-07-03 16:00:00,2297.849873887013,4405.1,2.7841261129869963,-0.0,-0.0,-0.0,0.0,-0.0,399.96
2021-07-03 17:00:00,1609.9803687698295,4404.62,916.9356312301707,-0.0,-0.0,-0.0,0.0,-0.0,399.920004
2021-07-03 18:00:00,926.3374233190054,4358.0,1839.6808798393101,-0.0,-0.0,-0.0,0.0,0.12630315831577385,400.0
2021-07-03 19:00:00,336.17784494933994,4277.36,2160.0,-0.0,323.76315505066077,-0.0,100.0,-0.0,294.69684210526316
2021-07-03 20:00:00,-0.0,4178.33,2160.0,-0.0,675.5619999999999,-0.0,100.0,-0.0,189.4042145263158
2021-07-03 21:00:00,-0.0,4077.7799999999997,2160.0,-0.0,572.6750000000002,-0.0,100.0,-0.0,84.12211621012632
2021-07-03 22:00:00,-0.0,3991.5299999999997,2160.0,-0.0,439.05998120141976,-0.0,79.90801879858006,-0.0,-0.0
2021-07-03 23:00:00,-0.0,3932.1499999999996,2160.0,-0.0,376.4500000000007,-0.0,0.0,-0.0,-0.0
2021-07-04 00:00:00,-0.0,3903.04,1936.9120000000003,-0.0,-0.0,-0.0,0.0,-0.0,-0.0
2021-07-04 01:00:00,-0.0,3914.16,1772.1990000000005,-0.0,-0.0,-0.0,0.0,-0.0,-0.0
2021-07-04 02:00:00,-0.0,3956.6600000000003,1623.176,-0.0,-0.0,-0.0,0.0,-0.0,-0.0
2021-07-04 03:00:00,-0.0,4020.2700000000004,1550.9409999999998,-0.0,-0.0,-0.0,0.0,-0.0,-0.0
2021-07-04 04:00:00,-0.0,4090.55,1592.3779999999997,-0.0,-0.0,-0.0,0.0,-0.0,-0.0
2021-07-04 05:00:00,301.29332478763695,4150.87,1440.2926752123633,-0.0,-0.0,-0.0,0.0,-0.0,-0.0
2021-07-04 06:00:00,835.3801341725515,4184.7,1119.8558658274483,-0.0,-0.0,-0.0,0.0,-0.0,-0.0
2021-07-04 07:00:00,1454.842216584792,4177.92,722.7187834152078,-0.0,-0.0,-0.0,0.0,-0.0,-0.0
2021-07-04 08:00:00,2078.50005283492,4120.8099999999995,289.63894716508,-0.0,-0.0,-0.0,0.0,-0.0,-0.0
2021-07-04 09:00:00,2639.474189310204,3907.8458854315595,-0.0,-0.0,-0.0,-0.0,0.0,21.121074741764055,20.065021004675852
2021-07-04 10:00:00,3082.5359367260266,3504.1170632739736,-0.0,-0.0,-0.0,-0.0,0.0,100.0,115.06301450257538
2021-07-04 11:00:00,3365.869463514482,3142.2625364855176,-0.0,-0.0,-0.0,-0.0,0.0,100.0,210.05150820112513
2021-07-04 12:00:00,3463.283654308669,2967.0853456913305,-0.0,-0.0,-0.0,-0.0,0.0,100.0,305.030503050305
2021-07-04 13:00:00,3365.869463514482,3020.6915364855176,-0.0,-0.0,-0.0,-0.0,0.0,100.0,400.0
2021-07-04 14:00:00,3082.5359367260266,2916.8100000000004,304.2320632739734,-0.0,-0.0,-0.0,0.0,-0.0,399.96
2021-07-04 15:00:00,2639.474189310204,2699.89,1062.095810689796,-0.0,-0.0,-0.0,0.0,-0.0,399.920004
2021-07-04 16:00:00,2078.50005283492,2520.73,1982.3392503233958,-0.0,-0.0,-0.0,0.0,0.12630315831577385,400.0
2021-07-04 17:00:00,1454.842216584792,2388.15,2160.0,-0.0,703.4697834152084,-0.0,100.0,-0.0,294.69684210526316
2021-07-04 18:00:00,835.3801341725515,2304.81,2160.0,-0.0,1597.9488658274486,-0.0,100.0,-0.0,189.4042145263158
2021-07-04 19:00:00,301.29332478763695,2266.98,2160.0,-0.0,2242.697675212363,-0.0,100.0,-0.0,84.12211621012632
2021-07-04 20:00:00,-0.0,2265.14,2160.0,-0.0,2482.04198120142,-0.0,79.90801879858006,-0.0,-0.0
2021-07-04 21:00:00,-0.0,2285.43,2160.0,-0.0,2337.856,-0.0,0.0,-0.0,-0.0
2021-07-04 22:00:00,-0.0,2311.59,2160.0,-0.0,2071.4759999999997,-0.0,0.0,-0.0,-0.0
2021-07-04 23:00:00,-0.0,2327.2799999999997,2160.0,-0.0,1853.7310000000007,-0.0,0.0,-0.0,-0.0
2021-07-05 00:00:00,-0.0,2314.42,2160.0,-0.0,1674.2910000000002,-0.0,0.0,-0.0,-0.0
2021-07-05 01:00:00,-0.0,2271.03,2160.0,-0.0,1564.141,-0.0,0.0,-0.0,-0.0
2021-07-05 02:00:00,-0.0,2188.7999999999997,2160.0,-0.0,1540.0059999999999,-0.0,0.0,-0.0,-0.0
2021-07-05 03:00:00,-0.0,2069.69,2160.0,-0.0,1650.7530000000002,-0.0,0.0,-0.0,-0.0
2021-07-05 04:00:00,-0.0,1921.64,2160.0,-0.0,1910.887,-0.0,0.0,-0.0,-0.0
2021-07-05 05:00:00,319.7213713795927,1757.58,2160.0,-0.0,1965.2266286204076,-0.0,0.0,-0.0,-0.0
2021-07-05 06:00:00,892.4694954968787,1593.7,2160.0,-0.0,1804.4145045031214,-0.0,0.0,-0.0,-0.0
2021-07-05 07:00:00,1557.6720720243582,1447.23,2160.0,-0.0,1501.9059279756418,-0.0,0.0,-0.0,-0.0
2021-07-05 08:00:00,2227.803581107359,1334.1100000000001,2160.0,-0.0,1079.145418892641,-0.0,0.0,-0.0,-0.0
2021-07-05 09:00:00,2830.8030287841575,1266.84,2160.0,-0.0,581.5509712158428,-0.0,0.0,-0.0,-0.0
2021-07-05 10:00:00,3307.1720379439157,1252.6799999999998,2160.0,-0.0,80.78296205608467,-0.0,0.0,-0.0,-0.0
2021-07-05 11:00:00,3611.8416815320857,1292.7,1862.210335456653,-0.0,-0.0,-0.0,0.0,43.552016988738465,41.37441613930154
2021-07-05 12:00:00,3716.5999818339997,1381.47,1648.555018166,-0.0,-0.0,-0.0,0.0,100.0,136.3702786976876
2021-07-05 13:00:00,3611.8416815320857,1507.83,1584.4313184679145,-0.0,-0.0,-0.0,0.0,100.0,231.35664166981783
2021-07-05 14:00:00,3307.1720379439157,1656.1899999999998,1759.1419620560846,-0.0,-0.0,-0.0,0.0,100.0,326.33350600565086
2021-07-05 15:00:00,2830.8030287841575,1808.6399999999999,2160.0,-0.0,-0.0,-0.0,0.0,77.5780287841576,400.0
2021-07-05 16:00:00,2227.803581107359,1947.21,2160.0,-0.0,468.4104188926408,-0.0,100.0,-0.0,294.69684210526316
2021-07-05 17:00:00,1557.6720720243582,2056.2,2160.0,-0.0,1256.2409279756423,-0.0,100.0,-0.0,189.4042145263158
2021-07-05 18:00:00,892.4694954968787,2124.19,2160.0,-0.0,2046.892504503121,-0.0,100.0,-0.0,84.12211621012632
2021-07-05 19:00:00,319.7213713795927,2145.47,2160.0,-0.0,2693.1386098218277,-0.0,79.90801879858006,-0.0,-0.0
2021-07-05 20:00:00,-0.0,2120.71,2160.0,-0.0,3035.59,-0.0,0.0,-0.0,-0.0
2021-07-05 21:00:00,-0.0,2056.7,2160.0,-0.0,2897.826,-0.0,0.0,-0.0,-0.0
2021-07-05 22:00:00,-0.0,1965.3999999999999,2160.0,-0.0,2751.023,-0.0,0.0,-0.0,-0.0
2021-07-05 23:00:00,-0.0,1862.1499999999999,2160.0,-0.0,2654.419000000001,-0.0,0.0,-0.0,-0.0
2021-07-06 00:00:00,-0.0,1759.79,2160.0,-0.0,2130.8680000000004,-0.0,0.0,-0.0,-0.0
2021-07-06 01:00:00,-0.0,1681.26,2160.0,-0.0,2058.2219999999998,-0.0,0.0,-0.0,-0.0
2021-07-06 02:00:00,-0.0,1635.0300000000002,2160.0,-0.0,2000.5300000000002,-0.0,0.0,-0.0,-0.0
2021-07-06 03:00:00,-0.0,1628.26,2160.0,-0.0,2001.4569999999997,-0.0,0.0,-0.0,-0.0
2021-07-06 04:00:00,-0.0,1662.09,2160.0,-0.0,2082.304,-0.0,0.0,-0.0,-0.0
2021-07-06 05:00:00,391.42501773104095,1731.4099999999999,2160.0,-0.0,1834.225982268959,-0.0,0.0,-0.0,-0.0
2021-07-06 06:00:00,1100.6552843107156,1825.4799999999998,2160.0,-0.0,1281.717715689285,-0.0,0.0,-0.0,-0.0
2021-07-06 07:00:00,1925.5675979684786,1929.3799999999999,2160.0,-0.0,571.9324020315214,-0.0,0.0,-0.0,-0.0
2021-07-06 08:00:00,2757.1524540732785,2026.01,1940.8375459267213,-0.0,-0.0,-0.0,0.0,-0.0,-0.0
2021-07-06 09:00:00,3505.7340859430974,2098.37,1160.9619140569025,-0.0,-0.0,-0.0,0.0,-0.0,-0.0
2021-07-06 10:00:00,4097.255281931226,2131.88,500.3637180687738,-0.0,-0.0,-0.0,0.0,-0.0,-0.0
2021-07-06 11:00:00,4475.624789555829,2116.38,84.23028518593492,-0.0,-0.0,-0.0,0.0,21.121074741764055,20.065021004675852
2021-07-06 12:00:00,4605.7424478559005,2047.52,28.38155214409926,-0.0,-0.0,-0.0,0.0,100.0,115.06301450257538
2021-07-06 13:00:00,4475.624789555829,1927.43,239.22421044417115,-0.0,-0.0,-0.0,0.0,100.0,210.05150820112513
2021-07-06 14:00:00,4097.255281931226,1764.4599999999998,802.1717180687738,-0.0,-0.0,-0.0,0.0,100.0,305.030503050305
2021-07-06 15:00:00,3505.7340859430974,1572.1599999999999,1688.6089140569024,-0.0,-0.0,-0.0,0.0,100.0,400.0
2021-07-06 16:00:00,2757.1524540732785,1367.5,2160.0,-0.0,566.7085459267214,-0.0,0.0,-0.0,399.96
2021-07-06 17:00:00,1925.5675979684786,1168.71,2160.0,-0.0,1827.113402031521,-0.0,0.0,-0.0,399.920004
2021-07-06 18:00:00,1100.6552843107156,992.9,2160.0,-0.0,3024.654715689285,-0.0,0.0,-0.0,399.8800119996
2021-07-06 19:00:00,391.42501773104095,853.87,2160.0,351.01498226895956,3500.0,-0.0,100.0,-0.0,294.57686610366324
2021-07-06 20:00:00,-0.0,760.36,2160.0,757.4610000000002,3500.0,-0.0,100.0,-0.0,189.28425052231603
2021-07-06 21:00:00,-0.0,714.9999999999999,2160.0,604.5259999999998,3500.0,-0.0,100.0,-0.0,84.00216420252697
2021-07-06 22:00:00,-0.0,714.06,2160.0,391.07492421319876,3500.0,-0.0,79.79407578680139,-0.0,-0.0
2021-07-06 23:00:00,-0.0,748.11,2160.0,240.49499999999944,3500.0,-0.0,0.0,-0.0,-0.0
2021-07-07 00:00:00,-0.0,799.85,2160.0,-0.0,3066.65,-0.0,0.0,-0.0,-0.0
2021-07-07 01:00:00,-0.0,860.25,2160.0,-0.0,2858.643,-0.0,0.0,-0.0,-0.0
2021-07-07 02:00:00,-0.0,909.63,2160.0,-0.0,2708.9259999999995,-0.0,0.0,-0.0,-0.0
2021-07-07 03:00:00,-0.0,934.1099999999999,2160.0,-0.0,2682.2000000000007,-0.0,0.0,-0.0,-0.0
2021-07-07 04:00:00,-0.0,924.05,2160.0,-0.0,2810.544,-0.0,0.0,-0.0,-0.0
2021-07-07 05:00:00,450.3504064322997,875.42,2160.0,-0.0,2625.1025935677,-0.0,0.0,-0.0,-0.0
2021-07-07 06:00:00,1276.3778910807494,790.4799999999999,2160.0,-0.0,2138.423108919251,-0.0,0.0,-0.0,-0.0
2021-07-07 07:00:00,2238.647232729506,677.54,2160.0,-0.0,1511.7357672704939,-0.0,0.0,-0.0,-0.0
2021-07-07 08:00:00,3209.4004995394544,549.87,2160.0,-0.0,809.3855004605457,-0.0,0.0,-0.0,-0.0
2021-07-07 09:00:00,4083.6267834152086,424.03000000000003,2160.0,-0.0,105.67121658479209,-0.0,0.0,-0.0,-0.0
2021-07-07 10:00:00,4774.61383837376,317.60999999999996,1649.1341616262407,-0.0,-0.0,-0.0,0.0,-0.0,-0.0
2021-07-07 11:00:00,5216.689799278478,300.0,1233.071721141694,-0.0,-0.0,-0.0,0.0,79.20252042017191,75.2423943991633
2021-07-07 12:00:00,5368.716562787843,300.0,1031.9414372121573,-0.0,-0.0,-0.0,0.0,100.0,170.23487015972339
2021-07-07 13:00:00,5216.689799278478,300.0,1148.154200721522,-0.0,-0.0,-0.0,0.0,100.0,265.2178466727074
2021-07-07 14:00:00,4774.61383837376,350.41999999999996,1564.9491616262403,-0.0,-0.0,-0.0,0.0,100.0,360.1913248880401
2021-07-07 15:00:00,4083.6267834152086,494.42,2160.0,-0.0,-0.0,-0.0,0.0,41.9417834152091,400.0
2021-07-07 16:00:00,3209.4004995394544,679.87,2160.0,-0.0,735.1715004605458,-0.0,100.0,-0.0,294.69684210526316
2021-07-07 17:00:00,2238.647232729506,891.45,2160.0,-0.0,1727.8227672704943,-0.0,100.0,-0.0,189.4042145263158
2021-07-07 18:00:00,1276.3778910807494,1111.38,2160.0,-0.0,2690.500101520031,-0.0,79.89600739921997,-0.0,105.28421368463162
2021-07-07 19:00:00,450.3504064322997,1321.82,2160.0,-0.0,3467.4635935677006,-0.0,0.0,-0.0,105.27368526326316
2021-07-07 20:00:00,-0.0,1507.13,2160.0,57.35499999999956,3500.0,-0.0,100.0,-0.0,-0.0
2021-07-07 21:00:00,-0.0,1655.9299999999998,2160.0,-0.0,3313.56,-0.0,0.0,-0.0,-0.0
2021-07-07 22:00:00,-0.0,1762.4699999999998,2160.0,-0.0,2975.677,-0.0,0.0,-0.0,-0.0
2021-07-07 23:00:00,-0.0,1827.3200000000002,2160.0,-0.0,2717.711,-0.0,0.0,-0.0,-0.0
2021-07-08 00:00:00,-0.0,1853.85,2160.0,-0.0,2072.4870000000005,-0.0,0.0,-0.0,-0.0
2021-07-08 01:00:00,-0.0,1860.38,2160.0,-0.0,1921.4560000000001,-0.0,0.0,-0.0,-0.0
2021-07-08 02:00:00,-0.0,1858.71,2160.0,-0.0,1825.8379999999997,-0.0,0.0,-0.0,-0.0
2021-07-08 03:00:00,-0.0,1865.13,2160.0,-0.0,1820.1639999999998,-0.0,0.0,-0.0,-0.0
2021-07-08 04:00:00,-0.0,1894.72,2160.0,-0.0,1911.7900000000002,-0.0,0.0,-0.0,-0.0
2021-07-08 05:00:00,449.7342898628596,1959.29,2160.0,-0.0,1616.6337101371407,-0.0,0.0,-0.0,-0.0
2021-07-08 06:00:00,1285.5210609712417,2065.56,2160.0,-0.0,931.7869390287588,-0.0,0.0,-0.0,-0.0
2021-07-08 07:00:00,2260.778139903797,2214.18,2160.0,-0.0,33.28886009620328,-0.0,0.0,-0.0,-0.0
2021-07-08 08:00:00,3245.4001906918434,2399.5099999999998,1166.7348093081569,-0.0,-0.0,-0.0,0.0,-0.0,-0.0
2021-07-08 09:00:00,4132.515633200287,2610.25,116.14636679971318,-0.0,-0.0,-0.0,0.0,-0.0,-0.0
2021-07-08 10:00:00,4833.8904135196,1995.5705864804004,-0.0,-0.0,-0.0,-0.0,0.0,-0.0,-0.0
2021-07-08 11:00:00,5282.68820619691,1499.5368685448543,-0.0,-0.0,-0.0,-0.0,0.0,21.121074741764055,20.065021004675852
2021-07-08 12:00:00,5437.037729173064,1356.5292708269362,-0.0,-0.0,-0.0,-0.0,0.0,100.0,115.06301450257538
2021-07-08 13:00:00,5282.68820619691,1477.3497938030896,-0.0,-0.0,-0.0,-0.0,0.0,100.0,210.05150820112513
2021-07-08 14:00:00,4833.8904135196,1953.4875864803998,-0.0,-0.0,-0.0,-0.0,0.0,100.0,305.030503050305
2021-07-08 15:00:00,4132.515633200287,2763.100366799713,-0.0,-0.0,-0.0,-0.0,0.0,100.0,400.0
2021-07-08 16:00:00,3245.4001906918434,3497.77,242.81380930815703,-0.0,-0.0,-0.0,0.0,-0.0,399.96
2021-07-08 17:00:00,2260.778139903797,3435.36,1525.3510664119922,-0.0,-0.0,-0.0,0.0,0.08420631578946756,400.0
2021-07-08 18:00:00,1285.5210609712417,3338.9799999999996,2160.0,-0.0,538.9909390287589,-0.0,100.0,-0.0,294.69684210526316
2021-07-08 19:00:00,449.7342898628596,3225.0899999999997,2160.0,-0.0,1571.9107101371403,-0.0,100.0,-0.0,189.4042145263158
2021-07-08 20:00:00,-0.0,3111.4599999999996,2160.0,-0.0,2061.7950000000005,-0.0,100.0,-0.0,84.12211621012632
2021-07-08 21:00:00,-0.0,3014.77,2160.0,-0.0,1985.15698120142,-0.0,79.90801879858006,-0.0,-0.0
2021-07-08 22:00:00,-0.0,2948.4300000000003,2160.0,-0.0,1901.5429999999997,-0.0,0.0,-0.0,-0.0
2021-07-08 23:00:00,-0.0,2920.85,2160.0,-0.0,1737.3899999999999,-0.0,0.0,-0.0,-0.0
2021-07-09 00:00:00,-0.0,2931.33,2160.0,-0.0,1109.759,-0.0,0.0,-0.0,-0.0
2021-07-09 01:00:00,-0.0,2982.0200000000004,2160.0,-0.0,915.7549999999992,-0.0,0.0,-0.0,-0.0
2021-07-09 02:00:00,-0.0,3060.29,2160.0,-0.0,741.2839999999997,-0.0,0.0,-0.0,-0.0
2021-07-09 03:00:00,-0.0,3152.25,2160.0,-0.0,651.0569999999998,-0.0,0.0,-0.0,-0.0
2021-07-09 04:00:00,-0.0,3241.78,2160.0,-0.0,683.627,-0.0,0.0,-0.0,-0.0
2021-07-09 05:00:00,416.74124756933793,3312.77,2160.0,-0.0,415.8267524306618,-0.0,0.0,-0.0,-0.0
2021-07-09 06:00:00,1202.1173609661246,3351.4,2009.7106390338754,-0.0,-0.0,-0.0,0.0,-0.0,-0.0
2021-07-09 07:00:00,2120.204983420326,3348.16,1320.8180165796743,-0.0,-0.0,-0.0,0.0,-0.0,-0.0
2021-07-09 08:00:00,3047.8670573636277,3299.23,585.9559426363721,-0.0,-0.0,-0.0,0.0,-0.0,-0.0
2021-07-09 09:00:00,3884.066626573535,3096.620373426465,-0.0,-0.0,-0.0,-0.0,0.0,-0.0,-0.0
2021-07-09 10:00:00,4545.387668713541,2427.232406028223,-0.0,-0.0,-0.0,-0.0,0.0,21.121074741764055,20.065021004675852
2021-07-09 11:00:00,4968.622784924778,2014.6772150752222,-0.0,-0.0,-0.0,-0.0,0.0,100.0,115.06301450257538
2021-07-09 12:00:00,5114.198807952104,1801.6161920478953,-0.0,-0.0,-0.0,-0.0,0.0,100.0,210.05150820112513
2021-07-09 13:00:00,4968.622784924778,1913.6102150752222,-0.0,-0.0,-0.0,-0.0,0.0,100.0,305.030503050305
2021-07-09 14:00:00,4545.387668713541,2364.0283312864594,-0.0,-0.0,-0.0,-0.0,0.0,100.0,400.0
2021-07-09 15:00:00,3884.066626573535,2473.32,560.0053734264652,-0.0,-0.0,-0.0,0.0,-0.0,399.96
2021-07-09 16:00:00,3047.8670573636277,2462.49,1597.1181489521618,-0.0,-0.0,-0.0,0.0,0.08420631578946756,400.0
2021-07-09 17:00:00,2120.204983420326,2505.6499999999996,2160.0,-0.0,456.4850165796747,-0.0,100.0,-0.0,294.69684210526316
2021-07-09 18:00:00,1202.1173609661246,2598.18,2160.0,-0.0,1483.5546390338754,-0.0,100.0,-0.0,189.4042145263158
2021-07-09 19:00:00,416.74124756933793,2729.64,2160.0,-0.0,2220.0337524306624,-0.0,100.0,-0.0,84.12211621012632
2021-07-09 20:00:00,-0.0,2885.18,2160.0,-0.0,2427.0649812014203,-0.0,79.90801879858006,-0.0,-0.0
2021-07-09 21:00:00,-0.0,3047.5299999999997,2160.0,-0.0,2150.318,-0.0,0.0,-0.0,-0.0
2021-07-09 22:00:00,-0.0,3199.2799999999997,2160.0,-0.0,1767.719,-0.0,0.0,-0.0,-0.0
2021-07-09 23:00:00,-0.0,3325.2599999999998,2160.0,-0.0,1448.9190000000003,-0.0,0.0,-0.0,-0.0
2021-07-10 00:00:00,-0.0,3411.6600000000003,2160.0,-0.0,308.288,-0.0,0.0,-0.0,-0.0
2021-07-10 01:00:00,-0.0,3458.7400000000002,2160.0,-0.0,116.60799999999972,-0.0,0.0,-0.0,-0.0
2021-07-10 02:00:00,-0.0,3464.59,2160.0,-0.0,13.173999999999978,-0.0,0.0,-0.0,-0.0
2021-07-10 03:00:00,-0.0,3436.17,2160.0,-0.0,41.84599999999955,-0.0,0.0,-0.0,-0.0
2021-07-10 04:00:00,-0.0,3385.46,2160.0,-0.0,213.08100000000013,-0.0,0.0,-0.0,-0.0
2021-07-10 05:00:00,399.08334668918235,3327.76,2160.0,-0.0,89.95865331081711,-0.0,0.0,-0.0,-0.0
2021-07-10 06:00:00,1162.5010655511207,3279.48,1790.9489344488795,-0.0,-0.0,-0.0,0.0,-0.0,-0.0
2021-07-10 07:00:00,2056.6217534540992,3255.83,1144.5792465459008,-0.0,-0.0,-0.0,0.0,-0.0,-0.0
2021-07-10 08:00:00,2960.8467530958965,3268.65,369.46224690410327,-0.0,-0.0,-0.0,0.0,-0.0,-0.0
2021-07-10 09:00:00,3776.338644406919,2868.223355593081,-0.0,-0.0,-0.0,-0.0,0.0,-0.0,-0.0
2021-07-10 10:00:00,4421.48662659912,2191.770373400879,-0.0,-0.0,-0.0,-0.0,0.0,-0.0,-0.0
2021-07-10 11:00:00,4834.457240763484,1708.3997592365158,-0.0,-0.0,-0.0,-0.0,0.0,-0.0,-0.0
2021-07-10 12:00:00,4976.515238179307,1517.694836562457,-0.0,-0.0,-0.0,-0.0,0.0,21.121074741764055,20.065021004675852
2021-07-10 13:00:00,4834.457240763484,1702.6857592365159,-0.0,-0.0,-0.0,-0.0,0.0,100.0,115.06301450257538
2021-07-10 14:00:00,4421.48662659912,2140.395373400879,-0.0,-0.0,-0.0,-0.0,0.0,100.0,210.05150820112513
2021-07-10 15:00:00,3776.338644406919,2891.000355593081,-0.0,-0.0,-0.0,-0.0,0.0,100.0,305.030503050305
2021-07-10 16:00:00,2960.8467530958965,3893.8982469041034,-0.0,-0.0,-0.0,-0.0,0.0,100.0,400.0
2021-07-10 17:00:00,2056.6217534540992,4369.1,561.3062465459006,-0.0,-0.0,-0.0,0.0,-0.0,399.96
2021-07-10 18:00:00,1162.5010655511207,4364.19,1659.1961407646693,-0.0,-0.0,-0.0,0.0,0.08420631578946756,400.0
2021-07-10 19:00:00,399.08334668918235,4303.77,2160.0,-0.0,302.7096533108173,-0.0,100.0,-0.0,294.69684210526316
2021-07-10 20:00:00,-0.0,4195.29,2160.0,-0.0,733.1419999999998,-0.0,100.0,-0.0,189.4042145263158
2021-07-10 21:00:00,-0.0,4051.3700000000003,2160.0,-0.0,679.8249999999994,-0.0,100.0,-0.0,84.12211621012632
2021-07-10 22:00:00,-0.0,3888.15,2160.0,-0.0,629.2969812014194,-0.0,79.90801879858006,-0.0,-0.0
2021-07-10 23:00:00,-0.0,3723.05,2160.0,-0.0,678.4349999999995,-0.0,0.0,-0.0,-0.0
2021-07-11 00:00:00,-0.0,3569.83,2160.0,-0.0,210.72500000000036,-0.0,0.0,-0.0,-0.0
2021-07-11 01:00:00,-0.0,3446.7999999999997,2160.0,-0.0,185.99699999999984,-0.0,0.0,-0.0,-0.0
2021-07-11 02:00:00,-0.0,3359.5199999999995,2160.0,-0.0,172.4860000000008,-0.0,0.0,-0.0,-0.0
2021-07-11 03:00:00,-0.0,3310.09,2160.0,-0.0,218.91399999999976,-0.0,0.0,-0.0,-0.0
2021-07-11 04:00:00,-0.0,3294.37,2160.0,-0.0,351.8590000000004,-0.0,0.0,-0.0,-0.0
2021-07-11 05:00:00,391.0861536178488,3302.62,2160.0,-0.0,167.44384638215092,-0.0,0.0,-0.0,-0.0
2021-07-11 06:00:00,1151.1830041705048,3320.8500000000004,1801.864995829495,-0.0,-0.0,-0.0,0.0,-0.0,-0.0
2021-07-11 07:00:00,2043.2212180687754,3332.8799999999997,1118.4827819312247,-0.0,-0.0,-0.0,0.0,-0.0,-0.0
2021-07-11 08:00:00,2946.1646952461374,3322.58,364.3183047538628,-0.0,-0.0,-0.0,0.0,-0.0,-0.0
2021-07-11 09:00:00,3760.948052502303,2914.2389474976967,-0.0,-0.0,-0.0,-0.0,0.0,-0.0,-0.0
2021-07-11 10:00:00,4405.751009415619,2255.7470653261457,-0.0,-0.0,-0.0,-0.0,0.0,21.121074741764055,20.065021004675852
2021-07-11 11:00:00,4818.579916769011,1847.8660832309888,-0.0,-0.0,-0.0,-0.0,0.0,100.0,115.06301450257538
2021-07-11 12:00:00,4960.600947190667,1632.5260528093331,-0.0,-0.0,-0.0,-0.0,0.0,100.0,210.05150820112513
2021-07-11 13:00:00,4818.579916769011,1735.0310832309888,-0.0,-0.0,-0.0,-0.0,0.0,100.0,305.030503050305
2021-07-11 14:00:00,4405.751009415619,2169.0139905843816,-0.0,-0.0,-0.0,-0.0,0.0,100.0,400.0
2021-07-11 15:00:00,3760.948052502303,2126.54,689.1369474976968,-0.0,-0.0,-0.0,0.0,-0.0,399.96
2021-07-11 16:00:00,2946.1646952461374,1883.39,1930.953511069652,-0.0,-0.0,-0.0,0.0,0.08420631578946756,400.0
2021-07-11 17:00:00,2043.2212180687754,1669.48,2160.0,-0.0,1016.3937819312248,-0.0,100.0,-0.0,294.69684210526316
2021-07-11 18:00:00,1151.1830041705048,1498.61,2160.0,-0.0,2274.4619958294957,-0.0,100.0,-0.0,189.4042145263158
2021-07-11 19:00:00,391.0861536178488,1379.38,2160.0,-0.0,3269.8237961765003,-0.0,60.1090502056507,-0.0,126.11258967786242
2021-07-11 20:00:00,-0.0,1314.2,2160.0,105.45600000000013,3500.0,-0.0,100.0,-0.0,20.836820524157805
2021-07-11 21:00:00,-0.0,1299.02,2160.0,-0.0,3500.0,-0.0,19.79300000000012,-0.0,-0.0
2021-07-11 22:00:00,-0.0,1323.9899999999998,2160.0,-0.0,3257.385,-0.0,0.0,-0.0,-0.0
2021-07-11 23:00:00,-0.0,1374.83,2160.0,-0.0,3007.0910000000003,-0.0,0.0,-0.0,-0.0
2021-07-12 00:00:00,-0.0,1432.52,2160.0,-0.0,2761.306,-0.0,0.0,-0.0,-0.0
2021-07-12 01:00:00,-0.0,1484.9699999999998,2160.0,-0.0,2557.547,-0.0,0.0,-0.0,-0.0
2021-07-12 02:00:00,-0.0,1515.2099999999998,2160.0,-0.0,2422.986,-0.0,0.0,-0.0,-0.0
2021-07-12 03:00:00,-0.0,1512.84,2160.0,-0.0,2418.8469999999998,-0.0,0.0,-0.0,-0.0
2021-07-12 04:00:00,-0.0,1473.0099999999998,2160.0,-0.0,2572.4240000000004,-0.0,0.0,-0.0,-0.0
2021-07-12 05:00:00,352.06133010950776,1397.15,2160.0,-0.0,2507.694669890492,-0.0,0.0,-0.0,-0.0
2021-07-12 06:00:00,1047.9711564578856,1292.69,2160.0,-0.0,2165.577843542114,-0.0,0.0,-0.0,-0.0
2021-07-12 07:00:00,1866.4265684679156,1172.0700000000002,2160.0,-0.0,1685.0494315320846,-0.0,0.0,-0.0,-0.0
2021-07-12 08:00:00,2695.700987437315,1050.98,2160.0,-0.0,1112.0030125626854,-0.0,0.0,-0.0,-0.0
2021-07-12 09:00:00,3444.4243261181055,946.18,2160.0,-0.0,506.9046738818947,-0.0,0.0,-0.0,-0.0
2021-07-12 10:00:00,4037.1592717480307,873.1700000000001,2130.235802993734,-0.0,-0.0,-0.0,0.0,21.121074741764055,20.065021004675852
2021-07-12 11:00:00,4416.736367848737,844.0400000000001,1781.5296321512624,-0.0,-0.0,-0.0,0.0,100.0,115.06301450257538
2021-07-12 12:00:00,4547.334597072972,865.6899999999999,1552.8044029270277,-0.0,-0.0,-0.0,0.0,100.0,210.05150820112513
2021-07-12 13:00:00,4416.736367848737,938.8399999999999,1567.6326321512624,-0.0,-0.0,-0.0,0.0,100.0,305.030503050305
2021-07-12 14:00:00,4037.1592717480307,1057.81,1846.3437282519699,-0.0,-0.0,-0.0,0.0,100.0,400.0
2021-07-12 15:00:00,3444.4243261181055,1211.18,2160.0,-0.0,24.57667388189384,-0.0,100.0,-0.0,294.69684210526316
2021-07-12 16:00:00,2695.700987437315,1383.19,2160.0,-0.0,782.1580125626851,-0.0,100.0,-0.0,189.4042145263158
2021-07-12 17:00:00,1866.4265684679156,1555.82,2160.0,-0.0,1664.6044315320844,-0.0,100.0,-0.0,84.12211621012632
2021-07-12 18:00:00,1047.9711564578856,1711.0,2160.0,-0.0,2540.328824743534,-0.0,79.90801879858006,-0.0,-0.0
2021-07-12 19:00:00,352.06133010950776,1833.05,2160.0,-0.0,3267.504669890492,-0.0,0.0,-0.0,-0.0
2021-07-12 20:00:00,-0.0,1910.5800000000002,2160.0,-0.0,3458.6270000000004,-0.0,0.0,-0.0,-0.0
2021-07-12 21:00:00,-0.0,1937.98,2160.0,-0.0,3227.7900000000004,-0.0,0.0,-0.0,-0.0
2021-07-12 22:00:00,-0.0,1916.07,2160.0,-0.0,3009.7430000000004,-0.0,0.0,-0.0,-0.0
2021-07-12 23:00:00,-0.0,1851.86,2160.0,-0.0,2872.0560000000005,-0.0,0.0,-0.0,-0.0
2021-07-13 00:00:00,-0.0,1755.43,2160.0,-0.0,2342.1359999999995,-0.0,0.0,-0.0,-0.0
2021-07-13 01:00:00,-0.0,1646.67,2160.0,-0.0,2297.304,-0.0,0.0,-0.0,-0.0
2021-07-13 02:00:00,-0.0,1540.3700000000001,2160.0,-0.0,2297.081,-0.0,0.0,-0.0,-0.0
2021-07-13 03:00:00,-0.0,1452.38,2160.0,-0.0,2376.446,-0.0,0.0,-0.0,-0.0
2021-07-13 04:00:00,-0.0,1395.2800000000002,2160.0,-0.0,2545.262,-0.0,0.0,-0.0,-0.0
2021-07-13 05:00:00,283.24727046873403,1376.69,2160.0,-0.0,2490.133729531266,-0.0,0.0,-0.0,-0.0
2021-07-13 06:00:00,853.2475146863168,1398.2,2160.0,-0.0,2146.103485313684,-0.0,0.0,-0.0,-0.0
2021-07-13 07:00:00,1525.147278323611,1455.14,2160.0,-0.0,1632.8077216763888,-0.0,0.0,-0.0,-0.0
2021-07-13 08:00:00,2206.6276546157,1537.24,2160.0,-0.0,1002.6963453843005,-0.0,0.0,-0.0,-0.0
2021-07-13 09:00:00,2822.2821366288,1630.0700000000002,2160.0,-0.0,331.46186337120025,-0.0,0.0,-0.0,-0.0
2021-07-13 10:00:00,3309.852145020981,1716.9599999999998,1898.5769297207835,-0.0,-0.0,-0.0,0.0,21.121074741764055,20.065021004675852
2021-07-13 11:00:00,3622.155472904514,1781.36,1522.2305270954862,-0.0,-0.0,-0.0,0.0,100.0,115.06301450257538
2021-07-13 12:00:00,3729.6123637805763,1809.12,1309.2516362194242,-0.0,-0.0,-0.0,0.0,100.0,210.05150820112513
2021-07-13 13:00:00,3622.155472904514,1790.48,1391.5405270954857,-0.0,-0.0,-0.0,0.0,100.0,305.030503050305
2021-07-13 14:00:00,3309.852145020981,1721.46,1789.8808549790192,-0.0,-0.0,-0.0,0.0,100.0,400.0
2021-07-13 15:00:00,2822.2821366288,1604.51,2160.0,-0.0,232.2818633711995,-0.0,0.0,-0.0,399.96
2021-07-13 16:00:00,2206.6276546157,1448.2800000000002,2160.0,-0.0,1184.1493453842995,-0.0,0.0,-0.0,399.920004
2021-07-13 17:00:00,1525.147278323611,1266.54,2160.0,-0.0,2272.389721676389,-0.0,0.0,-0.0,399.8800119996
2021-07-13 18:00:00,853.2475146863168,1076.48,2160.0,-0.0,3326.0264853136828,-0.0,0.0,-0.0,399.84002399840006
2021-07-13 19:00:00,283.24727046873403,896.46,2160.0,548.8787295312659,3500.0,-0.0,100.0,-0.0,294.5368821012634
2021-07-13 20:00:00,-0.0,743.6800000000001,2160.0,901.0249999999996,3500.0,-0.0,100.0,-0.0,189.24427051831645
2021-07-13 21:00:00,-0.0,631.96,2160.0,808.9409999999998,3500.0,-0.0,100.0,-0.0,83.96218819652778
2021-07-13 22:00:00,-0.0,570.02,2160.0,650.904897621177,3500.0,-0.0,79.75610237882272,-0.0,-0.0
2021-07-13 23:00:00,-0.0,560.38,2160.0,538.2460000000001,3500.0,-0.0,0.0,-0.0,-0.0
2021-07-14 00:00:00,-0.0,597.31,2160.0,-0.0,3375.172,-0.0,0.0,-0.0,-0.0
2021-07-14 01:00:00,-0.0,674.93,2160.0,-0.0,3144.012,-0.0,0.0,-0.0,-0.0
2021-07-14 02:00:00,-0.0,777.34,2160.0,-0.0,2935.237,-0.0,0.0,-0.0,-0.0
2021-07-14 03:00:00,-0.0,888.1500000000001,2160.0,-0.0,2816.064,-0.0,0.0,-0.0,-0.0
2021-07-14 04:00:00,-0.0,990.8599999999999,2160.0,-0.0,2825.438,-0.0,0.0,-0.0,-0.0
2021-07-14 05:00:00,239.78024649472934,1071.19,2160.0,-0.0,2715.3287535052705,-0.0,0.0,-0.0,-0.0
2021-07-14 06:00:00,731.5583310561867,1119.06,2160.0,-0.0,2423.736668943813,-0.0,0.0,-0.0,-0.0
2021-07-14 07:00:00,1312.6486735236927,1129.99,2160.0,-0.0,2047.9403264763073,-0.0,0.0,-0.0,-0.0
2021-07-14 08:00:00,1902.654222750998,1105.72,2160.0,-0.0,1616.4557772490016,-0.0,0.0,-0.0,-0.0
2021-07-14 09:00:00,2436.007853418279,1054.06,2160.0,-0.0,1172.8971465817212,-0.0,0.0,-0.0,-0.0
2021-07-14 10:00:00,2858.5652414031324,987.74,2160.0,-0.0,778.1007585968678,-0.0,0.0,-0.0,-0.0
2021-07-14 11:00:00,3129.2868620151476,922.78,2160.0,-0.0,494.90413798485224,-0.0,0.0,-0.0,-0.0
2021-07-14 12:00:00,3222.449848480197,876.22,2160.0,-0.0,371.72615151980244,-0.0,0.0,-0.0,-0.0
2021-07-14 13:00:00,3129.2868620151476,863.83,2160.0,-0.0,434.7571379848523,-0.0,0.0,-0.0,-0.0
2021-07-14 14:00:00,2858.5652414031324,897.92,2160.0,-0.0,689.7897585968672,-0.0,0.0,-0.0,-0.0
2021-07-14 15:00:00,2436.007853418279,985.58,2160.0,-0.0,1124.0481465817215,-0.0,0.0,-0.0,-0.0
2021-07-14 16:00:00,1902.654222750998,1127.6799999999998,2160.0,-0.0,1696.8607772490018,-0.0,0.0,-0.0,-0.0
2021-07-14 17:00:00,1312.6486735236927,1318.63,2160.0,-0.0,2322.6053264763073,-0.0,0.0,-0.0,-0.0
2021-07-14 18:00:00,731.5583310561867,1547.0700000000002,2160.0,-0.0,2868.6946689438137,-0.0,0.0,-0.0,-0.0
2021-07-14 19:00:00,239.78024649472934,1797.26,2160.0,-0.0,3184.9687535052703,-0.0,0.0,-0.0,-0.0
2021-07-14 20:00:00,-0.0,2051.09,2160.0,-0.0,3088.9809999999998,-0.0,0.0,-0.0,-0.0
2021-07-14 21:00:00,-0.0,2290.44,2160.0,-0.0,2647.8569999999995,-0.0,0.0,-0.0,-0.0
2021-07-14 22:00:00,-0.0,2499.42,2160.0,-0.0,2200.7740000000003,-0.0,0.0,-0.0,-0.0
2021-07-14 23:00:00,-0.0,2666.4700000000003,2160.0,-0.0,1833.87,-0.0,0.0,-0.0,-0.0
2021-07-15 00:00:00,-0.0,2784.06,2160.0,-0.0,1092.6780000000003,-0.0,0.0,-0.0,-0.0
2021-07-15 01:00:00,-0.0,2856.0,2160.0,-0.0,869.5619999999999,-0.0,0.0,-0.0,-0.0
2021-07-15 02:00:00,-0.0,2887.2799999999997,2160.0,-0.0,734.3600000000006,-0.0,0.0,-0.0,-0.0
2021-07-15 03:00:00,-0.0,2889.7200000000003,2160.0,-0.0,726.0769999999993,-0.0,0.0,-0.0,-0.0
2021-07-15 04:00:00,-0.0,2878.51,2160.0,-0.0,851.9650000000001,-0.0,0.0,-0.0,-0.0
2021-07-15 05:00:00,257.1424114215536,2870.09,2160.0,-0.0,815.9085885784459,-0.0,0.0,-0.0,-0.0
2021-07-15 06:00:00,795.2216561764405,2879.8,2160.0,-0.0,518.9113438235593,-0.0,0.0,-0.0,-0.0
2021-07-15 07:00:00,1432.6496977535567,2919.7099999999996,2160.0,-0.0,60.60130224644399,-0.0,0.0,-0.0,-0.0
2021-07-15 08:00:00,2080.594849171017,2996.85,1632.6351508289831,-0.0,-0.0,-0.0,0.0,-0.0,-0.0
2021-07-15 09:00:00,2666.6942193480713,3112.26,972.1927806519284,-0.0,-0.0,-0.0,0.0,-0.0,-0.0
2021-07-15 10:00:00,3131.2399515402726,3260.71,323.6290484597271,-0.0,-0.0,-0.0,0.0,-0.0,-0.0
2021-07-15 11:00:00,3428.9289943966846,3302.924671861637,-0.0,-0.0,-0.0,-0.0,0.0,90.65866625832172,86.12573294540563
2021-07-15 12:00:00,3531.389179894587,3136.334820105413,-0.0,-0.0,-0.0,-0.0,0.0,100.0,181.1171203721111
2021-07-15 13:00:00,3428.9289943966846,3199.4300056033157,-0.0,-0.0,-0.0,-0.0,0.0,100.0,276.0990086600739
2021-07-15 14:00:00,3131.2399515402726,3518.7280484597272,-0.0,-0.0,-0.0,-0.0,0.0,100.0,371.07139875920785
2021-07-15 15:00:00,2666.6942193480713,4016.38,-0.0,-0.0,-0.0,-0.0,0.0,30.490219348071605,400.0
2021-07-15 16:00:00,2080.594849171017,4063.1600000000003,693.6871508289828,-0.0,-0.0,-0.0,0.0,-0.0,399.96
2021-07-15 17:00:00,1432.6496977535567,4053.48,1581.4255085622326,-0.0,-0.0,-0.0,0.0,0.08420631578946756,400.0
2021-07-15 18:00:00,795.2216561764405,3989.37,2160.0,-0.0,219.69834382355953,-0.0,100.0,-0.0,294.69684210526316
2021-07-15 19:00:00,257.1424114215536,3879.1,2160.0,-0.0,946.1485885784462,-0.0,100.0,-0.0,189.4042145263158
2021-07-15 20:00:00,-0.0,3736.16,2160.0,-0.0,1267.741,-0.0,100.0,-0.0,84.12211621012632
2021-07-15 21:00:00,-0.0,3577.46,2160.0,-0.0,1248.2389812014198,-0.0,79.90801879858006,-0.0,-0.0
2021-07-15 22:00:00,-0.0,3421.16,2160.0,-0.0,1249.8490000000002,-0.0,0.0,-0.0,-0.0
2021-07-15 23:00:00,-0.0,3284.31,2160.0,-0.0,1190.3759999999997,-0.0,0.0,-0.0,-0.0
2021-07-16 00:00:00,-0.0,3179.24,2160.0,-0.0,675.6540000000005,-0.0,0.0,-0.0,-0.0
2021-07-16 01:00:00,-0.0,3117.4800000000005,2160.0,-0.0,589.8079999999991,-0.0,0.0,-0.0,-0.0
2021-07-16 02:00:00,-0.0,3100.17,2160.0,-0.0,506.77999999999975,-0.0,0.0,-0.0,-0.0
2021-07-16 03:00:00,-0.0,3123.57,2160.0,-0.0,481.13399999999956,-0.0,0.0,-0.0,-0.0
2021-07-16 04:00:00,-0.0,3178.17,2160.0,-0.0,544.8180000000002,-0.0,0.0,-0.0,-0.0
2021-07-16 05:00:00,303.1108686674855,3250.19,2160.0,-0.0,385.9671313325145,-0.0,0.0,-0.0,-0.0
2021-07-16 06:00:00,951.0067307593902,3323.4900000000002,2079.1782692406096,-0.0,-0.0,-0.0,0.0,-0.0,-0.0
2021-07-16 07:00:00,1720.5856153157304,3381.92,1473.8123846842698,-0.0,-0.0,-0.0,0.0,-0.0,-0.0
2021-07-16 08:00:00,2503.7868372223934,3411.56,801.7031627776068,-0.0,-0.0,-0.0,0.0,-0.0,-0.0
2021-07-16 09:00:00,3212.727529014431,3402.73,146.26547098556875,-0.0,-0.0,-0.0,0.0,-0.0,-0.0
2021-07-16 10:00:00,3774.8722869716516,3029.736992056219,-0.0,-0.0,-0.0,-0.0,0.0,74.85727902787042,71.11441507647689
2021-07-16 11:00:00,4135.201901443046,2623.7510985569543,-0.0,-0.0,-0.0,-0.0,0.0,100.0,166.10730363496924
2021-07-16 12:00:00,4259.232328037049,2429.8196719629505,-0.0,-0.0,-0.0,-0.0,0.0,100.0,261.09069290460576
2021-07-16 13:00:00,4135.201901443046,2518.0370985569534,-0.0,-0.0,-0.0,-0.0,0.0,100.0,356.0645838353153
2021-07-16 14:00:00,3774.872286971651,2849.79,-0.0,-0.0,-0.0,-0.0,0.0,46.28528697165075,400.0
2021-07-16 15:00:00,3212.727529014431,2720.96,750.8114709855686,-0.0,-0.0,-0.0,0.0,-0.0,399.96
2021-07-16 16:00:00,2503.7868372223934,2623.95,1745.1833690933968,-0.0,-0.0,-0.0,0.0,0.08420631578946756,400.0
2021-07-16 17:00:00,1720.5856153157304,2571.6,2160.0,-0.0,554.12838468427,-0.0,100.0,-0.0,294.69684210526316
2021-07-16 18:00:00,951.0067307593902,2571.56,2160.0,-0.0,1523.9812692406097,-0.0,100.0,-0.0,189.4042145263158
2021-07-16 19:00:00,303.1108686674855,2625.21,2160.0,-0.0,2199.7071313325146,-0.0,100.0,-0.0,84.12211621012632
2021-07-16 20:00:00,-0.0,2727.4900000000002,2160.0,-0.0,2345.4809812014196,-0.0,79.90801879858006,-0.0,-0.0
2021-07-16 21:00:00,-0.0,2867.49,2160.0,-0.0,2090.3940000000002,-0.0,0.0,-0.0,-0.0
2021-07-16 22:00:00,-0.0,3029.9300000000003,2160.0,-0.0,1696.6109999999999,-0.0,0.0,-0.0,-0.0
2021-07-16 23:00:00,-0.0,3197.1,2160.0,-0.0,1336.3250000000003,-0.0,0.0,-0.0,-0.0
2021-07-17 00:00:00,-0.0,3350.0400000000004,2160.0,-0.0,130.85999999999922,-0.0,0.0,-0.0,-0.0
2021-07-17 01:00:00,-0.0,3475.57,2020.8290000000002,-0.0,-0.0,-0.0,0.0,-0.0,-0.0
2021-07-17 02:00:00,-0.0,3561.2,1837.911,-0.0,-0.0,-0.0,0.0,-0.0,-0.0
2021-07-17 03:00:00,-0.0,3601.2699999999995,1798.5870000000004,-0.0,-0.0,-0.0,0.0,-0.0,-0.0
2021-07-17 04:00:00,-0.0,3596.46,1924.6130000000003,-0.0,-0.0,-0.0,0.0,-0.0,-0.0
2021-07-17 05:00:00,325.64225161191285,3553.54,1861.0377483880875,-0.0,-0.0,-0.0,0.0,-0.0,-0.0
2021-07-17 06:00:00,1037.5218194401803,3484.36,1475.5491805598192,-0.0,-0.0,-0.0,0.0,-0.0,-0.0
2021-07-17 07:00:00,1885.495376292089,3404.14,933.1746237079115,-0.0,-0.0,-0.0,0.0,-0.0,-0.0
2021-07-17 08:00:00,2749.5495756063865,3329.29,287.36842439361317,-0.0,-0.0,-0.0,0.0,-0.0,-0.0
2021-07-17 09:00:00,3532.2394207604143,2881.234579239586,-0.0,-0.0,-0.0,-0.0,0.0,-0.0,-0.0
2021-07-17 10:00:00,4153.13705477945,2230.88694522055,-0.0,-0.0,-0.0,-0.0,0.0,-0.0,-0.0
2021-07-17 11:00:00,4551.234614957529,1785.5534597842357,-0.0,-0.0,-0.0,-0.0,0.0,21.121074741764055,20.065021004675852
2021-07-17 12:00:00,4688.277423498107,1659.852576501893,-0.0,-0.0,-0.0,-0.0,0.0,100.0,115.06301450257538
2021-07-17 13:00:00,4551.234614957529,1763.366385042471,-0.0,-0.0,-0.0,-0.0,0.0,100.0,210.05150820112513
2021-07-17 14:00:00,4153.13705477945,2188.8039452205494,-0.0,-0.0,-0.0,-0.0,0.0,100.0,305.030503050305
2021-07-17 15:00:00,3532.2394207604143,2917.939579239586,-0.0,-0.0,-0.0,-0.0,0.0,100.0,400.0
2021-07-17 16:00:00,2749.5495756063865,3777.71,13.287424393613037,-0.0,-0.0,-0.0,0.0,-0.0,399.96
2021-07-17 17:00:00,1885.495376292089,3866.3599999999997,1024.112623707911,-0.0,-0.0,-0.0,0.0,-0.0,399.920004
2021-07-17 18:00:00,1037.5218194401803,3913.33,2027.3294837181359,-0.0,-0.0,-0.0,0.0,0.12630315831577385,400.0
2021-07-17 19:00:00,325.64225161191285,3908.02,2160.0,-0.0,567.6347483880868,-0.0,100.0,-0.0,294.69684210526316
2021-07-17 20:00:00,-0.0,3845.69,2160.0,-0.0,882.1280000000002,-0.0,100.0,-0.0,189.4042145263158
2021-07-17 21:00:00,-0.0,3728.05,2160.0,-0.0,806.348,-0.0,100.0,-0.0,84.12211621012632
2021-07-17 22:00:00,-0.0,3563.0699999999997,2160.0,-0.0,761.5579812014203,-0.0,79.90801879858006,-0.0,-0.0
2021-07-17 23:00:00,-0.0,3363.93,2160.0,-0.0,848.873,-0.0,0.0,-0.0,-0.0
2021-07-18 00:00:00,-0.0,3146.34,2160.0,-0.0,451.6309999999994,-0.0,0.0,-0.0,-0.0
2021-07-18 01:00:00,-0.0,2930.15,2160.0,-0.0,524.5070000000001,-0.0,0.0,-0.0,-0.0
2021-07-18 02:00:00,-0.0,2731.2599999999998,2160.0,-0.0,627.1970000000006,-0.0,0.0,-0.0,-0.0
2021-07-18 03:00:00,-0.0,2563.2700000000004,2160.0,-0.0,796.9189999999999,-0.0,0.0,-0.0,-0.0
2021-07-18 04:00:00,-0.0,2434.78,2160.0,-0.0,1047.5099999999998,-0.0,0.0,-0.0,-0.0
2021-07-18 05:00:00,321.5943657506909,2348.3,2160.0,-0.0,1032.3256342493091,-0.0,0.0,-0.0,-0.0
2021-07-18 06:00:00,1041.5142548101526,2300.0699999999997,2160.0,-0.0,618.5267451898476,-0.0,0.0,-0.0,-0.0
2021-07-18 07:00:00,1901.6314692457274,2280.65,2160.0,-0.0,3.7835307542720784,-0.0,0.0,-0.0,-0.0
2021-07-18 08:00:00,2779.197104927848,2276.35,1434.3878950721528,-0.0,-0.0,-0.0,0.0,-0.0,-0.0
2021-07-18 09:00:00,3574.7206582233143,2271.19,691.6583417766865,-0.0,-0.0,-0.0,0.0,-0.0,-0.0
2021-07-18 10:00:00,4206.092273922834,2249.2000000000003,53.08872607716694,-0.0,-0.0,-0.0,0.0,-0.0,-0.0
2021-07-18 11:00:00,4611.016405690309,1929.1655943096912,-0.0,-0.0,-0.0,-0.0,0.0,100.0,95.0
2021-07-18 12:00:00,4750.431263023233,1722.2667369767669,-0.0,-0.0,-0.0,-0.0,0.0,100.0,189.9905
2021-07-18 13:00:00,4611.016405690309,1828.0995943096914,-0.0,-0.0,-0.0,-0.0,0.0,100.0,284.97150095
2021-07-18 14:00:00,4206.092273922834,1791.8600000000001,389.4904621302194,-0.0,-0.0,-0.0,0.0,21.144736053052647,305.030503050305
2021-07-18 15:00:00,3574.7206582233143,1582.9499999999998,1416.6033417766862,-0.0,-0.0,-0.0,0.0,100.0,400.0
2021-07-18 16:00:00,2779.197104927848,1355.6299999999999,2160.0,-0.0,369.4468950721521,-0.0,0.0,-0.0,399.96
2021-07-18 17:00:00,1901.6314692457274,1126.93,2160.0,-0.0,1710.6615307542722,-0.0,0.0,-0.0,399.920004
2021-07-18 18:00:00,1041.5142548101526,914.9699999999999,2160.0,-0.0,2984.249745189848,-0.0,0.0,-0.0,399.8800119996
2021-07-18 19:00:00,321.5943657506909,736.61,2160.0,365.09263424930896,3500.0,-0.0,100.0,-0.0,294.57686610366324
2021-07-18 20:00:00,-0.0,605.26,2160.0,743.7749999999996,3500.0,-0.0,100.0,-0.0,189.28425052231603
2021-07-18 21:00:00,-0.0,529.1,2160.0,625.6299999999992,3500.0,-0.0,100.0,-0.0,84.00216420252697
2021-07-18 22:00:00,-0.0,510.08,2160.0,434.006924213199,3500.0,-0.0,79.79407578680139,-0.0,-0.0
2021-07-18 23:00:00,-0.0,543.66,2160.0,287.40200000000004,3500.0,-0.0,0.0,-0.0,-0.0
2021-07-19 00:00:00,-0.0,618.77,2160.0,32.67899999999963,3500.0,-0.0,0.0,-0.0,-0.0
2021-07-19 01:00:00,-0.0,722.0300000000001,2160.0,-0.0,3284.819,-0.0,0.0,-0.0,-0.0
2021-07-19 02:00:00,-0.0,835.5400000000001,2160.0,-0.0,3073.7250000000004,-0.0,0.0,-0.0,-0.0
2021-07-19 03:00:00,-0.0,941.95,2160.0,-0.0,2967.567,-0.0,0.0,-0.0,-0.0
2021-07-19 04:00:00,-0.0,1026.1399999999999,2160.0,-0.0,3003.9020000000005,-0.0,0.0,-0.0,-0.0
2021-07-19 05:00:00,325.32803216149836,1077.1699999999998,2160.0,-0.0,2845.8049678385014,-0.0,0.0,-0.0,-0.0
2021-07-19 06:00:00,1072.0859589857744,1089.71,2160.0,-0.0,2342.635041014225,-0.0,0.0,-0.0,-0.0
2021-07-19 07:00:00,1967.081532417358,1064.71,2160.0,-0.0,1696.7404675826422,-0.0,0.0,-0.0,-0.0
2021-07-19 08:00:00,2881.4724554549184,1009.1600000000001,2160.0,-0.0,979.8275445450818,-0.0,0.0,-0.0,-0.0
2021-07-19 09:00:00,3711.0241268805657,935.0799999999999,2160.0,-0.0,269.95887311943443,-0.0,0.0,-0.0,-0.0
2021-07-19 10:00:00,4369.7205124347565,857.79,1838.3685623070078,-0.0,-0.0,-0.0,0.0,21.121074741764055,20.065021004675852
2021-07-19 11:00:00,4792.2902227509985,793.73,1488.337777249002,-0.0,-0.0,-0.0,0.0,100.0,115.06301450257538
2021-07-19 12:00:00,4937.80463412138,758.1400000000001,1308.6453658786195,-0.0,-0.0,-0.0,0.0,100.0,210.05150820112513
2021-07-19 13:00:00,4792.2902227509985,762.86,1413.493777249002,-0.0,-0.0,-0.0,0.0,100.0,305.030503050305
2021-07-19 14:00:00,4369.7205124347565,814.64,1809.022487565243,-0.0,-0.0,-0.0,0.0,100.0,400.0
2021-07-19 15:00:00,3711.0241268805657,914.07,2160.0,-0.0,113.74587311943424,-0.0,100.0,-0.0,294.69684210526316
2021-07-19 16:00:00,2881.4724554549184,1055.4099999999999,2160.0,-0.0,1009.4995567480823,-0.0,79.86398779699951,-0.0,210.60001684526367
2021-07-19 17:00:00,1967.081532417358,1227.25,2160.0,-0.0,2064.1974675826423,-0.0,0.0,-0.0,210.57895684357914
2021-07-19 18:00:00,1072.0859589857744,1413.8999999999999,2160.0,-0.0,2971.318041014226,-0.0,0.0,-0.0,210.55789894789478
2021-07-19 19:00:00,325.32803216149836,1597.4099999999999,2160.0,14.325967838502038,3500.0,-0.0,100.0,-0.0,105.27368526326316
2021-07-19 20:00:00,-0.0,1759.92,2160.0,100.01299999999992,3500.0,-0.0,100.0,-0.0,-0.0
2021-07-19 21:00:00,-0.0,1885.93,2160.0,-0.0,3376.767,-0.0,0.0,-0.0,-0.0
2021-07-19 22:00:00,-0.0,1964.33,2160.0,-0.0,3064.526,-0.0,0.0,-0.0,-0.0
2021-07-19 23:00:00,-0.0,1989.82,2160.0,-0.0,2843.166,-0.0,0.0,-0.0,-0.0
2021-07-20 00:00:00,-0.0,1963.0900000000001,2160.0,-0.0,2251.2889999999998,-0.0,0.0,-0.0,-0.0
2021-07-20 01:00:00,-0.0,1892.48,2160.0,-0.0,2174.1420000000003,-0.0,0.0,-0.0,-0.0
2021-07-20 02:00:00,-0.0,1790.13,2160.0,-0.0,2175.7,-0.0,0.0,-0.0,-0.0
2021-07-20 03:00:00,-0.0,1672.1,2160.0,-0.0,2290.7280000000005,-0.0,0.0,-0.0,-0.0
2021-07-20 04:00:00,-0.0,1555.77,2160.0,-0.0,2524.284,-0.0,0.0,-0.0,-0.0
2021-07-20 05:00:00,342.8811932248491,1457.43,2160.0,-0.0,2494.662806775151,-0.0,0.0,-0.0,-0.0
2021-07-20 06:00:00,1151.0597808566167,1390.15,2160.0,-0.0,2006.512219143383,-0.0,0.0,-0.0,-0.0
2021-07-20 07:00:00,2122.878929331696,1361.9999999999998,2160.0,-0.0,1283.5290706683045,-0.0,0.0,-0.0,-0.0
2021-07-20 08:00:00,3117.1616879285643,1375.0200000000002,2160.0,-0.0,414.70531207143495,-0.0,0.0,-0.0,-0.0
2021-07-20 09:00:00,4019.9264913007887,1424.97,1664.1155086992107,-0.0,-0.0,-0.0,0.0,-0.0,-0.0
2021-07-20 10:00:00,4737.1169839576305,1502.01,835.0740160423693,-0.0,-0.0,-0.0,0.0,-0.0,-0.0
2021-07-20 11:00:00,5197.349900163751,1592.07,231.97117457801414,-0.0,-0.0,-0.0,0.0,21.121074741764055,20.065021004675852
2021-07-20 12:00:00,5355.852048817931,1671.098951182069,-0.0,-0.0,-0.0,-0.0,0.0,100.0,115.06301450257538
2021-07-20 13:00:00,5197.349900163751,1746.1499999999999,43.93509983624972,-0.0,-0.0,-0.0,0.0,100.0,210.05150820112513
2021-07-20 14:00:00,4737.1169839576305,1780.05,491.42201604236925,-0.0,-0.0,-0.0,0.0,100.0,305.030503050305
2021-07-20 15:00:00,4019.9264913007887,1771.0300000000002,1319.4925086992112,-0.0,-0.0,-0.0,0.0,100.0,400.0
2021-07-20 16:00:00,3117.1616879285643,1715.2800000000002,2160.0,-0.0,201.80731207143526,-0.0,0.0,-0.0,399.96
2021-07-20 17:00:00,2122.878929331696,1615.3799999999999,2160.0,-0.0,1524.660070668304,-0.0,0.0,-0.0,399.920004
2021-07-20 18:00:00,1151.0597808566167,1480.04,2160.0,-0.0,2826.979219143383,-0.0,0.0,-0.0,399.8800119996
2021-07-20 19:00:00,342.8811932248491,1323.0600000000002,2160.0,268.28180677515047,3500.0,-0.0,100.0,-0.0,294.57686610366324
2021-07-20 20:00:00,-0.0,1161.57,2160.0,691.9099999999999,3500.0,-0.0,100.0,-0.0,189.28425052231603
2021-07-20 21:00:00,-0.0,1013.82,2160.0,638.817,3500.0,-0.0,100.0,-0.0,84.00216420252697
2021-07-20 22:00:00,-0.0,896.87,2160.0,538.5349242131983,3500.0,-0.0,79.79407578680139,-0.0,-0.0
2021-07-20 23:00:00,-0.0,824.32,2160.0,491.4249999999997,3500.0,-0.0,0.0,-0.0,-0.0
2021-07-21 00:00:00,-0.0,804.38,2160.0,-0.0,3389.446,-0.0,0.0,-0.0,-0.0
2021-07-21 01:00:00,-0.0,839.76,2160.0,-0.0,3202.7569999999996,-0.0,0.0,-0.0,-0.0
2021-07-21 02:00:00,-0.0,925.99,2160.0,-0.0,3012.206,-0.0,0.0,-0.0,-0.0
2021-07-21 03:00:00,-0.0,1053.03,2160.0,-0.0,2878.657,-0.0,0.0,-0.0,-0.0
2021-07-21 04:00:00,-0.0,1206.42,2160.0,-0.0,2839.014,-0.0,0.0,-0.0,-0.0
2021-07-21 05:00:00,337.54562373349717,1369.31,2160.0,-0.0,2550.050376266503,-0.0,0.0,-0.0,-0.0
2021-07-21 06:00:00,1155.6991386245013,1524.71,2160.0,-0.0,1825.8298613754982,-0.0,0.0,-0.0,-0.0
2021-07-21 07:00:00,2142.9520071640572,1657.8300000000002,2160.0,-0.0,922.7639928359431,-0.0,0.0,-0.0,-0.0
2021-07-21 08:00:00,3154.5168355337228,1758.06,2106.107164466277,-0.0,-0.0,-0.0,0.0,-0.0,-0.0
2021-07-21 09:00:00,4073.7504348070825,1820.39,1163.3685651929172,-0.0,-0.0,-0.0,0.0,-0.0,-0.0
2021-07-21 10:00:00,4804.403074506193,1846.04,369.0009254938077,-0.0,-0.0,-0.0,0.0,-0.0,-0.0
2021-07-21 11:00:00,5273.427974158224,1768.8780258417755,-0.0,-0.0,-0.0,-0.0,0.0,100.0,95.0
2021-07-21 12:00:00,5434.9798998311335,1530.8491001688662,-0.0,-0.0,-0.0,-0.0,0.0,100.0,189.9905
2021-07-21 13:00:00,5273.427974158224,1649.7810258417758,-0.0,-0.0,-0.0,-0.0,0.0,100.0,284.97150095
2021-07-21 14:00:00,4804.403074506193,1791.1,245.809925493807,-0.0,-0.0,-0.0,0.0,-0.0,284.943003799905
2021-07-21 15:00:00,4073.7504348070825,1813.71,1101.9302632094432,-0.0,-0.0,-0.0,0.0,49.20969801652614,331.66372261522486
2021-07-21 16:00:00,3154.5168355337228,1878.5,2160.0,-0.0,-0.0,-0.0,0.0,71.96783553372279,400.0
2021-07-21 17:00:00,2142.9520071640572,1992.22,2160.0,-0.0,951.6789928359422,-0.0,100.0,-0.0,294.69684210526316
2021-07-21 18:00:00,1155.6991386245013,2155.4100000000003,2160.0,-0.0,1968.098861375498,-0.0,100.0,-0.0,189.4042145263158
2021-07-21 19:00:00,337.54562373349717,2362.2599999999998,2160.0,-0.0,2652.810376266503,-0.0,100.0,-0.0,84.12211621012632
2021-07-21 20:00:00,-0.0,2601.2000000000003,2160.0,-0.0,2688.09898120142,-0.0,79.90801879858006,-0.0,-0.0
2021-07-21 21:00:00,-0.0,2856.3300000000004,2160.0,-0.0,2309.44,-0.0,0.0,-0.0,-0.0
2021-07-21 22:00:00,-0.0,3109.49,2160.0,-0.0,1816.3230000000003,-0.0,0.0,-0.0,-0.0
2021-07-21 23:00:00,-0.0,3342.4900000000002,2160.0,-0.0,1381.426,-0.0,0.0,-0.0,-0.0
2021-07-22 00:00:00,-0.0,3539.52,2160.0,-0.0,560.3700000000003,-0.0,0.0,-0.0,-0.0
2021-07-22 01:00:00,-0.0,3689.0899999999997,2160.0,-0.0,257.2080000000001,-0.0,0.0,-0.0,-0.0
2021-07-22 02:00:00,-0.0,3785.48,2160.0,-0.0,54.29499999999962,-0.0,0.0,-0.0,-0.0
2021-07-22 03:00:00,-0.0,3829.41,2160.0,-0.0,1.7399999999997817,-0.0,0.0,-0.0,-0.0
2021-07-22 04:00:00,-0.0,3827.79,2160.0,-0.0,115.07600000000002,-0.0,0.0,-0.0,-0.0
2021-07-22 05:00:00,287.52928062634334,3792.74,2160.0,-0.0,72.12571937365732,-0.0,0.0,-0.0,-0.0
2021-07-22 06:00:00,1005.3543733497085,3739.8199999999997,1814.7006266502917,-0.0,-0.0,-0.0,0.0,-0.0,-0.0
2021-07-22 07:00:00,1874.7071751611916,3685.89,1214.8218248388084,-0.0,-0.0,-0.0,0.0,-0.0,-0.0
2021-07-22 08:00:00,2766.850128876267,3646.71,495.3278711237331,-0.0,-0.0,-0.0,0.0,-0.0,-0.0
2021-07-22 09:00:00,3578.2756508289845,3367.8613491710153,-0.0,-0.0,-0.0,-0.0,0.0,-0.0,-0.0
2021-07-22 10:00:00,4223.583823329241,2683.008176670759,-0.0,-0.0,-0.0,-0.0,0.0,-0.0,-0.0
2021-07-22 11:00:00,4637.959183271928,2211.231891469836,-0.0,-0.0,-0.0,-0.0,0.0,21.121074741764055,20.065021004675852
2021-07-22 12:00:00,4780.707231245523,2069.600768754477,-0.0,-0.0,-0.0,-0.0,0.0,100.0,115.06301450257538
2021-07-22 13:00:00,4637.959183271928,2168.540816728072,-0.0,-0.0,-0.0,-0.0,0.0,100.0,210.05150820112513
2021-07-22 14:00:00,4223.583823329241,2599.933176670759,-0.0,-0.0,-0.0,-0.0,0.0,100.0,305.030503050305
2021-07-22 15:00:00,3578.2756508289845,3343.1223491710157,-0.0,-0.0,-0.0,-0.0,0.0,100.0,400.0
2021-07-22 16:00:00,2766.850128876267,4232.639999999999,1.8908711237340867,-0.0,-0.0,-0.0,0.0,-0.0,399.96
2021-07-22 17:00:00,1874.7071751611916,4275.33,1076.3638248388083,-0.0,-0.0,-0.0,0.0,-0.0,399.920004
2021-07-22 18:00:00,1005.3543733497085,4267.7300000000005,2145.119929808607,-0.0,-0.0,-0.0,0.0,0.12630315831577385,400.0
2021-07-22 19:00:00,287.52928062634334,4205.88,2160.0,-0.0,737.5007193736565,-0.0,100.0,-0.0,294.69684210526316
2021-07-22 20:00:00,-0.0,4092.2,2160.0,-0.0,1054.8290000000006,-0.0,100.0,-0.0,189.4042145263158
2021-07-22 21:00:00,-0.0,3935.36,2160.0,-0.0,1007.8650000000002,-0.0,100.0,-0.0,84.12211621012632
2021-07-22 22:00:00,-0.0,3749.15,2160.0,-0.0,973.9469812014199,-0.0,79.90801879858006,-0.0,-0.0
2021-07-22 23:00:00,-0.0,3550.74,2160.0,-0.0,1050.21,-0.0,0.0,-0.0,-0.0
2021-07-23 00:00:00,-0.0,3358.77,2160.0,-0.0,618.3589999999999,-0.0,0.0,-0.0,-0.0
2021-07-23 01:00:00,-0.0,3189.96,2160.0,-0.0,633.6289999999999,-0.0,0.0,-0.0,-0.0
2021-07-23 02:00:00,-0.0,3058.42,2160.0,-0.0,658.8040000000001,-0.0,0.0,-0.0,-0.0
2021-07-23 03:00:00,-0.0,2972.88,2160.0,-0.0,735.9809999999998,-0.0,0.0,-0.0,-0.0
2021-07-23 04:00:00,-0.0,2935.91,2160.0,-0.0,885.0349999999999,-0.0,0.0,-0.0,-0.0
2021-07-23 05:00:00,224.50055557261285,2943.67,2160.0,-0.0,862.775444427387,-0.0,0.0,-0.0,-0.0
2021-07-23 06:00:00,802.7506006549995,2986.57,2160.0,-0.0,489.6813993450007,-0.0,0.0,-0.0,-0.0
2021-07-23 07:00:00,1505.7704122147172,3050.6299999999997,2098.8255877852826,-0.0,-0.0,-0.0,0.0,-0.0,-0.0
2021-07-23 08:00:00,2228.376569516938,3119.5099999999998,1441.590430483062,-0.0,-0.0,-0.0,0.0,-0.0,-0.0
2021-07-23 09:00:00,2886.198069542524,3176.76,764.6539304574758,-0.0,-0.0,-0.0,0.0,-0.0,-0.0
2021-07-23 10:00:00,3409.6507069389013,3208.17,171.23229306109852,-0.0,-0.0,-0.0,0.0,-0.0,-0.0
2021-07-23 11:00:00,3745.8840023794914,3065.733997620509,-0.0,-0.0,-0.0,-0.0,0.0,100.0,95.0
2021-07-23 12:00:00,3861.732400931328,2873.3105990686718,-0.0,-0.0,-0.0,-0.0,0.0,100.0,189.9905
2021-07-23 13:00:00,3745.8840023794914,2946.6369976205083,-0.0,-0.0,-0.0,-0.0,0.0,100.0,284.97150095
2021-07-23 14:00:00,3409.6507069389013,2961.9,239.37129306109819,-0.0,-0.0,-0.0,0.0,-0.0,284.943003799905
2021-07-23 15:00:00,2886.198069542524,2830.31,1014.9496605109289,-0.0,-0.0,-0.0,0.0,21.17473005345262,305.030503050305
2021-07-23 16:00:00,2228.376569516938,2697.04,2066.4254304830615,-0.0,-0.0,-0.0,0.0,100.0,400.0
2021-07-23 17:00:00,1505.7704122147172,2579.23,2160.0,-0.0,773.5305877852827,-0.0,100.0,-0.0,294.69684210526316
2021-07-23 18:00:00,802.7506006549995,2492.75,2160.0,-0.0,1756.470399345,-0.0,100.0,-0.0,189.4042145263158
2021-07-23 19:00:00,224.50055557261285,2449.99,2160.0,-0.0,2452.1654444273872,-0.0,100.0,-0.0,84.12211621012632
2021-07-23 20:00:00,-0.0,2458.17,2160.0,-0.0,2606.6399812014197,-0.0,79.90801879858006,-0.0,-0.0
2021-07-23 21:00:00,-0.0,2518.2599999999998,2160.0,-0.0,2424.6840000000007,-0.0,0.0,-0.0,-0.0
2021-07-23 22:00:00,-0.0,2624.8100000000004,2160.0,-0.0,2080.031,-0.0,0.0,-0.0,-0.0
2021-07-23 23:00:00,-0.0,2766.56,2160.0,-0.0,1738.4270000000001,-0.0,0.0,-0.0,-0.0
2021-07-24 00:00:00,-0.0,2928.3799999999997,2160.0,-0.0,519.1790000000005,-0.0,0.0,-0.0,-0.0
2021-07-24 01:00:00,-0.0,3091.37,2160.0,-0.0,205.01299999999992,-0.0,0.0,-0.0,-0.0
2021-07-24 02:00:00,-0.0,3237.9900000000002,2114.471,-0.0,-0.0,-0.0,0.0,-0.0,-0.0
2021-07-24 03:00:00,-0.0,3352.53,1994.0880000000002,-0.0,-0.0,-0.0,0.0,-0.0,-0.0
2021-07-24 04:00:00,-0.0,3423.56,2037.7360000000003,-0.0,-0.0,-0.0,0.0,-0.0,-0.0
2021-07-24 05:00:00,193.72553292907585,3445.36,2034.8764670709245,-0.0,-0.0,-0.0,0.0,-0.0,-0.0
2021-07-24 06:00:00,709.4459073789787,3418.6,1796.7080926210213,-0.0,-0.0,-0.0,0.0,-0.0,-0.0
2021-07-24 07:00:00,1338.9938180329548,3350.11,1454.677181967045,-0.0,-0.0,-0.0,0.0,-0.0,-0.0
2021-07-24 08:00:00,1987.1607714154131,3251.8399999999997,1041.900228584587,-0.0,-0.0,-0.0,0.0,-0.0,-0.0
2021-07-24 09:00:00,2577.7762760464643,3139.18,605.0107239535355,-0.0,-0.0,-0.0,0.0,-0.0,-0.0
2021-07-24 10:00:00,3048.0210865059876,3028.73,209.64891349401205,-0.0,-0.0,-0.0,0.0,-0.0,-0.0
2021-07-24 11:00:00,3350.1892968222296,2936.03,-0.0,-0.0,-0.0,-0.0,0.0,74.20329682223019,70.49313198111868
2021-07-24 12:00:00,3454.31299705762,2784.23200294238,-0.0,-0.0,-0.0,-0.0,0.0,100.0,165.48608266792058
2021-07-24 13:00:00,3350.1892968222296,2847.7999999999997,-0.0,-0.0,-0.0,-0.0,0.0,98.80929682222904,259.33836604077135
2021-07-24 14:00:00,3048.0210865059876,2860.72,212.0479134940124,-0.0,-0.0,-0.0,0.0,-0.0,259.3124322041673
2021-07-24 15:00:00,2577.7762760464643,2907.0,786.7803051002279,-0.0,-0.0,-0.0,0.0,48.151581146692806,305.030503050305
2021-07-24 16:00:00,1987.1607714154131,2976.01,1545.0922285845866,-0.0,-0.0,-0.0,0.0,100.0,400.0
2021-07-24 17:00:00,1338.9938180329548,3052.91,2160.0,-0.0,-0.0,-0.0,86.38818196704574,-0.0,309.02507161363604
2021-07-24 18:00:00,709.4459073789787,3120.6600000000003,2160.0,-0.0,745.0050926210208,-0.0,100.0,-0.0,203.73101121173784
2021-07-24 19:00:00,193.72553292907585,3162.35,2160.0,-0.0,1297.1364670709247,-0.0,100.0,-0.0,98.44748021587982
2021-07-24 20:00:00,-0.0,3163.5200000000004,2160.0,-0.0,1417.686246305534,-0.0,93.51575369446532,-0.0,-0.0
2021-07-24 21:00:00,-0.0,3114.0699999999997,2160.0,-0.0,1362.357,-0.0,0.0,-0.0,-0.0
2021-07-24 22:00:00,-0.0,3009.76,2160.0,-0.0,1232.0699999999997,-0.0,0.0,-0.0,-0.0
2021-07-24 23:00:00,-0.0,2852.81,2160.0,-0.0,1192.6969999999997,-0.0,0.0,-0.0,-0.0
2021-07-25 00:00:00,-0.0,2652.3799999999997,2160.0,-0.0,775.654,-0.0,0.0,-0.0,-0.0
2021-07-25 01:00:00,-0.0,2420.67,2160.0,-0.0,859.7579999999998,-0.0,0.0,-0.0,-0.0
2021-07-25 02:00:00,-0.0,2175.47,2160.0,-0.0,1004.6210000000005,-0.0,0.0,-0.0,-0.0
2021-07-25 03:00:00,-0.0,1935.09,2160.0,-0.0,1242.7550000000003,-0.0,0.0,-0.0,-0.0
2021-07-25 04:00:00,-0.0,1716.74,2160.0,-0.0,1579.389,-0.0,0.0,-0.0,-0.0
2021-07-25 05:00:00,196.9046944273872,1534.2900000000002,2160.0,-0.0,1781.213305572613,-0.0,0.0,-0.0,-0.0
2021-07-25 06:00:00,739.7033921041859,1396.57,2160.0,-0.0,1630.541607895814,-0.0,0.0,-0.0,-0.0
2021-07-25 07:00:00,1405.133931762358,1306.28,2160.0,-0.0,1278.0440682376418,-0.0,0.0,-0.0,-0.0
2021-07-25 08:00:00,2091.4385007931637,1259.77,2160.0,-0.0,778.9814992068359,-0.0,0.0,-0.0,-0.0
2021-07-25 09:00:00,2717.4190965100815,1247.68,2160.0,-0.0,209.76390348991845,-0.0,0.0,-0.0,-0.0
2021-07-25 10:00:00,3216.1223313120463,1256.29,1851.6017434297182,-0.0,-0.0,-0.0,0.0,21.121074741764055,20.065021004675852
2021-07-25 11:00:00,3536.687782391772,1269.6,1525.8052176082283,-0.0,-0.0,-0.0,0.0,100.0,115.06301450257538
2021-07-25 12:00:00,3647.1759667894794,1271.5099999999998,1343.5060332105213,-0.0,-0.0,-0.0,0.0,100.0,210.05150820112513
2021-07-25 13:00:00,3536.687782391772,1248.2,1441.491217608228,-0.0,-0.0,-0.0,0.0,100.0,305.030503050305
2021-07-25 14:00:00,3216.1223313120463,1190.07,1845.325668687954,-0.0,-0.0,-0.0,0.0,100.0,400.0
2021-07-25 15:00:00,2717.4190965100815,1093.1499999999999,2160.0,-0.0,287.07090348991915,-0.0,0.0,-0.0,399.96
2021-07-25 16:00:00,2091.4385007931637,959.74,2160.0,-0.0,1234.7974992068362,-0.0,0.0,-0.0,399.920004
2021-07-25 17:00:00,1405.133931762358,798.2,2160.0,-0.0,2316.1210682376422,-0.0,0.0,-0.0,399.8800119996
2021-07-25 18:00:00,739.7033921041859,621.84,2160.0,-0.0,3358.1456078958145,-0.0,0.0,-0.0,399.84002399840006
2021-07-25 19:00:00,196.9046944273872,447.26,2160.0,557.0043055726128,3500.0,-0.0,100.0,-0.0,294.5368821012634
2021-07-25 20:00:00,-0.0,300.0,2160.0,826.0200000000004,3500.0,-0.0,100.0,-0.0,189.24427051831645
2021-07-25 21:00:00,-0.0,300.0,2160.0,631.0240000000003,3500.0,-0.0,100.0,-0.0,83.96218819652778
2021-07-25 22:00:00,-0.0,300.0,2160.0,419.924897621177,3500.0,-0.0,79.75610237882272,-0.0,-0.0
2021-07-25 23:00:00,-0.0,300.0,2160.0,306.5649999999996,3500.0,-0.0,0.0,-0.0,-0.0
2021-07-26 00:00:00,-0.0,300.0,2160.0,128.65400000000045,3500.0,-0.0,0.0,-0.0,-0.0
2021-07-26 01:00:00,-0.0,300.0,2160.0,-0.0,3484.1530000000002,-0.0,0.0,-0.0,-0.0
2021-07-26 02:00:00,-0.0,364.75,2160.0,-0.0,3322.115,-0.0,0.0,-0.0,-0.0
2021-07-26 03:00:00,-0.0,528.59,2160.0,-0.0,3159.0209999999997,-0.0,0.0,-0.0,-0.0
2021-07-26 04:00:00,-0.0,701.1,2160.0,-0.0,3107.7270000000003,-0.0,0.0,-0.0,-0.0
2021-07-26 05:00:00,200.79855114624914,864.4699999999999,2160.0,-0.0,2962.706448853751,-0.0,0.0,-0.0,-0.0
2021-07-26 06:00:00,775.1485783440796,1003.14,2160.0,-0.0,2506.8964216559207,-0.0,0.0,-0.0,-0.0
2021-07-26 07:00:00,1482.4319165643233,1105.75,2160.0,-0.0,1922.382083435677,-0.0,0.0,-0.0,-0.0
2021-07-26 08:00:00,2213.2139407430154,1166.63,2160.0,-0.0,1274.118059256985,-0.0,0.0,-0.0,-0.0
2021-07-26 09:00:00,2880.443540783953,1186.3899999999999,2160.0,-0.0,634.3954592160476,-0.0,0.0,-0.0,-0.0
2021-07-26 10:00:00,3412.3431363473546,1171.77,2160.0,-0.0,87.66486365264564,-0.0,0.0,-0.0,-0.0
2021-07-26 11:00:00,3754.367927540682,1134.58,1974.4730724593182,-0.0,-0.0,-0.0,0.0,100.0,95.0
2021-07-26 12:00:00,3872.2741554344493,1089.98,1833.6298445655511,-0.0,-0.0,-0.0,0.0,100.0,189.9905
2021-07-26 13:00:00,3754.367927540682,1054.32,1953.6670724593178,-0.0,-0.0,-0.0,0.0,100.0,284.97150095
2021-07-26 14:00:00,3412.3431363473546,1042.79,2160.0,-0.0,-0.0,-0.0,74.56186365264512,-0.0,206.45683153396277
2021-07-26 15:00:00,2880.443540783953,1067.24,2160.0,-0.0,591.7524695994523,-0.0,98.49798961659536,-0.0,102.7540915175511
2021-07-26 16:00:00,2213.2139407430154,1134.51,2160.0,-0.0,1480.5770592569847,-0.0,0.0,-0.0,102.74381610839934
2021-07-26 17:00:00,1482.4319165643233,1245.3,2160.0,-0.0,2335.9900834356763,-0.0,0.0,-0.0,102.7335417267885
2021-07-26 18:00:00,775.1485783440796,1394.0800000000002,2160.0,-0.0,3096.580421655921,-0.0,0.0,-0.0,102.72326837261582
2021-07-26 19:00:00,200.79855114624914,1569.6499999999999,2160.0,-0.0,3500.0,-0.0,78.60344885375068,-0.0,19.97252356814627
2021-07-26 20:00:00,-0.0,1756.6000000000001,2160.0,-0.0,3500.0,-0.0,18.97199999999998,-0.0,-0.0
2021-07-26 21:00:00,-0.0,1937.32,2160.0,-0.0,3144.8320000000003,-0.0,0.0,-0.0,-0.0
2021-07-26 22:00:00,-0.0,2094.3,2160.0,-0.0,2757.99,-0.0,0.0,-0.0,-0.0
2021-07-26 23:00:00,-0.0,2212.43,2160.0,-0.0,2448.127,-0.0,0.0,-0.0,-0.0
2021-07-27 00:00:00,-0.0,2282.21,2160.0,-0.0,1765.8289999999997,-0.0,0.0,-0.0,-0.0
2021-07-27 01:00:00,-0.0,2296.42,2160.0,-0.0,1608.3050000000003,-0.0,0.0,-0.0,-0.0
2021-07-27 02:00:00,-0.0,2257.84,2160.0,-0.0,1550.6849999999995,-0.0,0.0,-0.0,-0.0
2021-07-27 03:00:00,-0.0,2174.35,2160.0,-0.0,1635.9069999999997,-0.0,0.0,-0.0,-0.0
2021-07-27 04:00:00,-0.0,2059.02,2160.0,-0.0,1873.3380000000002,-0.0,0.0,-0.0,-0.0
2021-07-27 05:00:00,191.66770358714567,1928.39,2160.0,-0.0,2032.2302964128535,-0.0,0.0,-0.0,-0.0
2021-07-27 06:00:00,761.8034934500052,1800.27,2160.0,-0.0,1848.1045065499948,-0.0,0.0,-0.0,-0.0
2021-07-27 07:00:00,1467.201514967762,1691.41,2160.0,-0.0,1477.521485032238,-0.0,0.0,-0.0,-0.0
2021-07-27 08:00:00,2197.410550736875,1615.27,2160.0,-0.0,967.3224492631248,-0.0,0.0,-0.0,-0.0
2021-07-27 09:00:00,2864.8126634172554,1580.3,2160.0,-0.0,382.5243365827441,-0.0,0.0,-0.0,-0.0
2021-07-27 10:00:00,3397.1989910705156,1588.89,1972.3600089294837,-0.0,-0.0,-0.0,0.0,-0.0,-0.0
2021-07-27 11:00:00,3739.673547359534,1637.1299999999999,1551.03344934587,-0.0,-0.0,-0.0,0.0,37.586996705404104,35.7076468701339
2021-07-27 12:00:00,3857.752287892745,1715.43,1349.5837121072545,-0.0,-0.0,-0.0,0.0,100.0,130.7040761054469
2021-07-27 13:00:00,3739.673547359534,1809.9399999999998,1339.5704526404666,-0.0,-0.0,-0.0,0.0,100.0,225.69100569783635
2021-07-27 14:00:00,3397.1989910705156,1904.5300000000002,1614.6370089294837,-0.0,-0.0,-0.0,0.0,100.0,320.6684365972666
2021-07-27 15:00:00,2864.8126634172554,1983.0700000000002,2160.0,-0.0,-0.0,-0.0,0.0,83.54066341725593,400.0
2021-07-27 16:00:00,2197.410550736875,2031.76,2160.0,-0.0,625.1714492631245,-0.0,100.0,-0.0,294.69684210526316
2021-07-27 17:00:00,1467.201514967762,2041.04,2160.0,-0.0,1581.0494850322382,-0.0,100.0,-0.0,189.4042145263158
2021-07-27 18:00:00,761.8034934500052,2007.07,2160.0,-0.0,2521.928506549995,-0.0,100.0,-0.0,84.12211621012632
2021-07-27 19:00:00,191.66770358714567,1932.3000000000002,2160.0,-0.0,3348.4986974081385,-0.0,0.8985990047155156,-0.0,83.16781030933109
2021-07-27 20:00:00,-0.0,1825.29,2160.0,-0.0,3500.0,-0.0,73.8130000000001,-0.0,5.46159879145796
2021-07-27 21:00:00,-0.0,1699.61,2160.0,-0.0,3500.0,-0.0,5.1879999999998745,-0.0,-0.0
2021-07-27 22:00:00,-0.0,1572.12,2160.0,-0.0,3401.8289999999997,-0.0,0.0,-0.0,-0.0
2021-07-27 23:00:00,-0.0,1460.7700000000002,2160.0,-0.0,3320.3589999999995,-0.0,0.0,-0.0,-0.0
2021-07-28 00:00:00,-0.0,1383.6499999999999,2160.0,-0.0,2784.0280000000002,-0.0,0.0,-0.0,-0.0
2021-07-28 01:00:00,-0.0,1351.14,2160.0,-0.0,2671.938,-0.0,0.0,-0.0,-0.0
2021-07-28 02:00:00,-0.0,1372.68,2160.0,-0.0,2552.8139999999994,-0.0,0.0,-0.0,-0.0
2021-07-28 03:00:00,-0.0,1450.03,2160.0,-0.0,2475.7160000000003,-0.0,0.0,-0.0,-0.0
2021-07-28 04:00:00,-0.0,1578.4699999999998,2160.0,-0.0,2467.801,-0.0,0.0,-0.0,-0.0
2021-07-28 05:00:00,190.53404909937575,1747.47,2160.0,-0.0,2326.527950900624,-0.0,0.0,-0.0,-0.0
2021-07-28 06:00:00,781.3097440384814,1942.07,2160.0,-0.0,1797.2802559615188,-0.0,0.0,-0.0,-0.0
2021-07-28 07:00:00,1515.8870462849252,2144.8900000000003,2160.0,-0.0,1083.983953715075,-0.0,0.0,-0.0,-0.0
2021-07-28 08:00:00,2277.7829572203464,2338.44,2160.0,-0.0,270.4660427796539,-0.0,0.0,-0.0,-0.0
2021-07-28 09:00:00,2974.9126943762158,2507.42,1609.9593056237845,-0.0,-0.0,-0.0,0.0,-0.0,-0.0
2021-07-28 10:00:00,3531.3768575631975,2640.74,888.8701424368028,-0.0,-0.0,-0.0,0.0,-0.0,-0.0
2021-07-28 11:00:00,3889.482291218914,2732.9199999999996,368.18470878108747,-0.0,-0.0,-0.0,0.0,-0.0,-0.0
2021-07-28 12:00:00,4012.9766963975035,2784.7699999999995,218.27504934771332,-0.0,-0.0,-0.0,0.0,95.20274574521612,90.44260845795532
2021-07-28 13:00:00,3889.482291218914,2803.14,292.25070878108636,-0.0,-0.0,-0.0,0.0,100.0,185.43356419710952
2021-07-28 14:00:00,3531.3768575631975,2799.93,678.3051424368032,-0.0,-0.0,-0.0,0.0,100.0,280.4150208406898
2021-07-28 15:00:00,2974.9126943762158,2790.32,1349.836305623784,-0.0,-0.0,-0.0,0.0,100.0,375.3869793386057
2021-07-28 16:00:00,2277.782957220346,2790.64,2160.0,-0.0,-0.0,-0.0,0.0,25.947957220345415,400.0
2021-07-28 17:00:00,1515.8870462849252,2816.02,2160.0,-0.0,842.8509537150746,-0.0,100.0,-0.0,294.69684210526316
2021-07-28 18:00:00,781.3097440384814,2878.19,2160.0,-0.0,1714.033255961519,-0.0,100.0,-0.0,189.4042145263158
2021-07-28 19:00:00,190.53404909937575,2983.8199999999997,2160.0,-0.0,2278.938950900624,-0.0,100.0,-0.0,84.12211621012632
2021-07-28 20:00:00,-0.0,3133.41,2160.0,-0.0,2262.8439812014203,-0.0,79.90801879858006,-0.0,-0.0
2021-07-28 21:00:00,-0.0,3321.15,2160.0,-0.0,1957.7760000000003,-0.0,0.0,-0.0,-0.0
2021-07-28 22:00:00,-0.0,3535.55,2160.0,-0.0,1509.5349999999999,-0.0,0.0,-0.0,-0.0
2021-07-28 23:00:00,-0.0,3760.87,2160.0,-0.0,1088.3450000000003,-0.0,0.0,-0.0,-0.0
2021-07-29 00:00:00,-0.0,3980.7599999999998,2160.0,-0.0,252.1529999999998,-0.0,0.0,-0.0,-0.0
2021-07-29 01:00:00,-0.0,4174.0,2071.1549999999997,-0.0,-0.0,-0.0,0.0,-0.0,-0.0
2021-07-29 02:00:00,-0.0,4326.72,1817.6439999999993,-0.0,-0.0,-0.0,0.0,-0.0,-0.0
2021-07-29 03:00:00,-0.0,4427.78,1713.5820000000003,-0.0,-0.0,-0.0,0.0,-0.0,-0.0
2021-07-29 04:00:00,-0.0,4471.86,1786.7270000000008,-0.0,-0.0,-0.0,0.0,-0.0,-0.0
2021-07-29 05:00:00,211.21092116978818,4460.1,1802.1970788302112,-0.0,-0.0,-0.0,0.0,-0.0,-0.0
2021-07-29 06:00:00,895.6240123324123,4399.91,1430.721987667588,-0.0,-0.0,-0.0,0.0,-0.0,-0.0
2021-07-29 07:00:00,1751.0895466687139,4303.89,891.9624533312858,-0.0,-0.0,-0.0,0.0,-0.0,-0.0
2021-07-29 08:00:00,2640.164239867977,4188.12,257.1367601320235,-0.0,-0.0,-0.0,0.0,-0.0,-0.0
2021-07-29 09:00:00,3454.5779271824795,3672.9670728175206,-0.0,-0.0,-0.0,-0.0,0.0,-0.0,-0.0
2021-07-29 10:00:00,4105.110768191588,2987.6242318084114,-0.0,-0.0,-0.0,-0.0,0.0,-0.0,-0.0
2021-07-29 11:00:00,4523.922167434245,2516.002907307519,-0.0,-0.0,-0.0,-0.0,0.0,21.121074741764055,20.065021004675852
2021-07-29 12:00:00,4668.37685830519,2377.10814169481,-0.0,-0.0,-0.0,-0.0,0.0,100.0,115.06301450257538
2021-07-29 13:00:00,4523.922167434245,2482.046832565755,-0.0,-0.0,-0.0,-0.0,0.0,100.0,210.05150820112513
2021-07-29 14:00:00,4105.110768191588,2922.0122318084113,-0.0,-0.0,-0.0,-0.0,0.0,100.0,305.030503050305
2021-07-29 15:00:00,3454.5779271824795,3674.4050728175207,-0.0,-0.0,-0.0,-0.0,0.0,100.0,400.0
2021-07-29 16:00:00,2640.164239867977,3982.83,589.7877601320233,-0.0,-0.0,-0.0,0.0,-0.0,399.96
2021-07-29 17:00:00,1751.0895466687139,4036.69,1653.7576596470763,-0.0,-0.0,-0.0,0.0,0.08420631578946756,400.0
2021-07-29 18:00:00,895.6240123324123,4067.3900000000003,2160.0,-0.0,413.5989876675876,-0.0,100.0,-0.0,294.69684210526316
2021-07-29 19:00:00,211.21092116978818,4061.11,2160.0,-0.0,1180.4360788302113,-0.0,100.0,-0.0,189.4042145263158
2021-07-29 20:00:00,-0.0,4008.3999999999996,2160.0,-0.0,1363.6140000000005,-0.0,100.0,-0.0,84.12211621012632
2021-07-29 21:00:00,-0.0,3905.52,2160.0,-0.0,1285.7429812014202,-0.0,79.90801879858006,-0.0,-0.0
2021-07-29 22:00:00,-0.0,3755.1299999999997,2160.0,-0.0,1278.6030000000005,-0.0,0.0,-0.0,-0.0
2021-07-29 23:00:00,-0.0,3566.0199999999995,2160.0,-0.0,1268.259000000001,-0.0,0.0,-0.0,-0.0
2021-07-30 00:00:00,-0.0,3353.97,2160.0,-0.0,860.6889999999999,-0.0,0.0,-0.0,-0.0
2021-07-30 01:00:00,-0.0,3132.4,2160.0,-0.0,930.9500000000003,-0.0,0.0,-0.0,-0.0
2021-07-30 02:00:00,-0.0,2921.55,2160.0,-0.0,1037.4790000000003,-0.0,0.0,-0.0,-0.0
2021-07-30 03:00:00,-0.0,2738.57,2160.0,-0.0,1213.9500000000003,-0.0,0.0,-0.0,-0.0
2021-07-30 04:00:00,-0.0,2597.1699999999996,2160.0,-0.0,1469.0970000000002,-0.0,0.0,-0.0,-0.0
2021-07-30 05:00:00,231.33944949339886,2505.8799999999997,2160.0,-0.0,1540.519550506601,-0.0,0.0,-0.0,-0.0
2021-07-30 06:00:00,1016.9558483522671,2467.03,2160.0,-0.0,1043.0861516477328,-0.0,0.0,-0.0,-0.0
2021-07-30 07:00:00,2004.3381013714054,2476.5,2160.0,-0.0,263.5408986285945,-0.0,0.0,-0.0,-0.0
2021-07-30 08:00:00,3032.6797839269275,2524.3500000000004,1482.487216073072,-0.0,-0.0,-0.0,0.0,-0.0,-0.0
2021-07-30 09:00:00,3975.757094437622,2596.25,506.33490556237757,-0.0,-0.0,-0.0,0.0,-0.0,-0.0
2021-07-30 10:00:00,4729.6003618104605,2331.7977129313035,-0.0,-0.0,-0.0,-0.0,0.0,21.121074741764055,20.065021004675852
2021-07-30 11:00:00,5215.131024357795,1848.0079756422056,-0.0,-0.0,-0.0,-0.0,0.0,100.0,115.06301450257538
2021-07-30 12:00:00,5382.628474925802,1604.0335250741982,-0.0,-0.0,-0.0,-0.0,0.0,100.0,210.05150820112513
2021-07-30 13:00:00,5215.131024357795,1728.9109756422058,-0.0,-0.0,-0.0,-0.0,0.0,100.0,305.030503050305
2021-07-30 14:00:00,4729.6003618104605,2232.545638189539,-0.0,-0.0,-0.0,-0.0,0.0,100.0,400.0
2021-07-30 15:00:00,3975.757094437622,2704.82,280.43690556237743,-0.0,-0.0,-0.0,0.0,-0.0,399.96
2021-07-30 16:00:00,3032.6797839269275,2606.69,1502.5964223888623,-0.0,-0.0,-0.0,0.0,0.08420631578946756,400.0
2021-07-30 17:00:00,2004.3381013714054,2490.06,2160.0,-0.0,613.2858986285949,-0.0,100.0,-0.0,294.69684210526316
2021-07-30 18:00:00,1016.9558483522671,2370.59,2160.0,-0.0,1912.4951516477329,-0.0,100.0,-0.0,189.4042145263158
2021-07-30 19:00:00,231.33944949339886,2265.01,2160.0,-0.0,2877.0995505066007,-0.0,100.0,-0.0,84.12211621012632
2021-07-30 20:00:00,-0.0,2188.7999999999997,2160.0,-0.0,3121.33198120142,-0.0,79.90801879858006,-0.0,-0.0
2021-07-30 21:00:00,-0.0,2154.02,2160.0,-0.0,3032.583,-0.0,0.0,-0.0,-0.0
2021-07-30 22:00:00,-0.0,2167.56,2160.0,-0.0,2779.086,-0.0,0.0,-0.0,-0.0
2021-07-30 23:00:00,-0.0,2230.14,2160.0,-0.0,2514.609,-0.0,0.0,-0.0,-0.0
2021-07-31 00:00:00,-0.0,2338.22,2160.0,-0.0,1348.6480000000006,-0.0,0.0,-0.0,-0.0
2021-07-31 01:00:00,-0.0,2476.13,2160.0,-0.0,1057.1449999999995,-0.0,0.0,-0.0,-0.0
2021-07-31 02:00:00,-0.0,2630.29,2160.0,-0.0,796.4629999999997,-0.0,0.0,-0.0,-0.0
2021-07-31 03:00:00,-0.0,2782.6600000000003,2160.0,-0.0,635.4670000000001,-0.0,0.0,-0.0,-0.0
2021-07-31 04:00:00,-0.0,2915.27,2160.0,-0.0,614.5740000000001,-0.0,0.0,-0.0,-0.0
2021-07-31 05:00:00,221.28442708013512,3012.44,2160.0,-0.0,505.6485729198644,-0.0,0.0,-0.0,-0.0
2021-07-31 06:00:00,1011.2382865878621,3062.86,2072.7537134121376,-0.0,-0.0,-0.0,0.0,-0.0,-0.0
2021-07-31 07:00:00,2009.852344667895,3060.98,1291.5646553321048,-0.0,-0.0,-0.0,0.0,-0.0,-0.0
2021-07-31 08:00:00,3052.1613898526257,3007.7,436.0036101473743,-0.0,-0.0,-0.0,0.0,-0.0,-0.0
2021-07-31 09:00:00,4009.20606299253,2523.90893700747,-0.0,-0.0,-0.0,-0.0,0.0,-0.0,-0.0
2021-07-31 10:00:00,4774.774028681814,1739.9170460599494,-0.0,-0.0,-0.0,-0.0,0.0,21.121074741764055,20.065021004675852
2021-07-31 11:00:00,5268.061598838401,1246.9864011615991,-0.0,-0.0,-0.0,-0.0,0.0,100.0,115.06301450257538
2021-07-31 12:00:00,5438.276123477639,999.0088765223609,-0.0,-0.0,-0.0,-0.0,0.0,100.0,210.05150820112513
2021-07-31 13:00:00,5268.061598838401,1125.4154011615992,-0.0,-0.0,-0.0,-0.0,0.0,100.0,305.030503050305
2021-07-31 14:00:00,4774.774028681814,1635.7209713181855,-0.0,-0.0,-0.0,-0.0,0.0,100.0,400.0
2021-07-31 15:00:00,4009.20606299253,2199.55,199.61993700747007,-0.0,-0.0,-0.0,0.0,-0.0,399.96
2021-07-31 16:00:00,3052.1613898526257,2176.23,1360.051816463164,-0.0,-0.0,-0.0,0.0,0.08420631578946756,400.0
2021-07-31 17:00:00,2009.852344667895,2187.15,2160.0,-0.0,356.37565533210454,-0.0,100.0,-0.0,294.69684210526316
2021-07-31 18:00:00,1011.2382865878621,2222.15,2160.0,-0.0,1511.666713412138,-0.0,100.0,-0.0,189.4042145263158
2021-07-31 19:00:00,221.28442708013512,2266.89,2160.0,-0.0,2329.7125729198647,-0.0,100.0,-0.0,84.12211621012632
2021-07-31 20:00:00,-0.0,2304.84,2160.0,-0.0,2449.25798120142,-0.0,79.90801879858006,-0.0,-0.0
2021-07-31 21:00:00,-0.0,2319.57,2160.0,-0.0,2310.632,-0.0,0.0,-0.0,-0.0
2021-07-31 22:00:00,-0.0,2297.02,2160.0,-0.0,2092.962,-0.0,0.0,-0.0,-0.0
2021-07-31 23:00:00,-0.0,2227.56,2160.0,-0.0,1960.3669999999997,-0.0,0.0,-0.0,-0.0
2021-08-01 00:00:00,-0.0,2109.66,2160.0,-0.0,1456.7330000000002,-0.0,0.0,-0.0,-0.0
2021-08-01 01:00:00,-0.0,1941.17,2160.0,-0.0,1471.683,-0.0,0.0,-0.0,-0.0
2021-08-01 02:00:00,-0.0,1733.19,2160.0,-0.0,1573.2980000000002,-0.0,0.0,-0.0,-0.0
2021-08-01 03:00:00,-0.0,1499.6000000000001,2160.0,-0.0,1798.5249999999999,-0.0,0.0,-0.0,-0.0
2021-08-01 04:00:00,-0.0,1257.6699999999998,2160.0,-0.0,2152.5389999999998,-0.0,0.0,-0.0,-0.0
2021-08-01 05:00:00,184.9273883174701,1025.85,2160.0,-0.0,2409.43261168253,-0.0,0.0,-0.0,-0.0
2021-08-01 06:00:00,881.2684962644562,821.43,2160.0,-0.0,2165.5675037355436,-0.0,0.0,-0.0,-0.0
2021-08-01 07:00:00,1766.9483871661039,658.3100000000001,2160.0,-0.0,1659.231612833896,-0.0,0.0,-0.0,-0.0
2021-08-01 08:00:00,2693.4829677873304,545.27,2160.0,-0.0,979.9880322126696,-0.0,0.0,-0.0,-0.0
2021-08-01 09:00:00,3545.2702862040737,484.92,2160.0,-0.0,226.6857137959264,-0.0,0.0,-0.0,-0.0
2021-08-01 10:00:00,4227.163460597688,473.47,1677.683539402312,-0.0,-0.0,-0.0,0.0,-0.0,-0.0
2021-08-01 11:00:00,4666.737988230479,501.32000000000005,1153.9450865112858,-0.0,-0.0,-0.0,0.0,21.121074741764055,20.065021004675852
2021-08-01 12:00:00,4818.444371123734,554.51,951.352628876266,-0.0,-0.0,-0.0,0.0,100.0,115.06301450257538
2021-08-01 13:00:00,4666.737988230479,616.7099999999999,998.3370117695213,-0.0,-0.0,-0.0,0.0,100.0,210.05150820112513
2021-08-01 14:00:00,4227.163460597688,671.4599999999999,1401.5625394023118,-0.0,-0.0,-0.0,0.0,100.0,305.030503050305
2021-08-01 15:00:00,3545.2702862040737,704.53,2149.746713795926,-0.0,-0.0,-0.0,0.0,100.0,400.0
2021-08-01 16:00:00,2693.4829677873304,705.87,2160.0,-0.0,921.7530322126695,-0.0,0.0,-0.0,399.96
2021-08-01 17:00:00,1766.9483871661039,671.04,2160.0,-0.0,2109.806612833896,-0.0,0.0,-0.0,399.920004
2021-08-01 18:00:00,881.2684962644562,601.82,2160.0,-0.0,3258.1455037355445,-0.0,0.0,-0.0,399.8800119996
2021-08-01 19:00:00,184.9273883174701,506.03000000000003,2160.0,524.9626116825302,3500.0,-0.0,100.0,-0.0,294.57686610366324
2021-08-01 20:00:00,-0.0,396.46,2160.0,737.5219999999999,3500.0,-0.0,100.0,-0.0,189.28425052231603
2021-08-01 21:00:00,-0.0,300.0,2160.0,632.2079999999996,3500.0,-0.0,100.0,-0.0,84.00216420252697
2021-08-01 22:00:00,-0.0,300.0,2160.0,414.3109242131982,3500.0,-0.0,79.79407578680139,-0.0,-0.0
2021-08-01 23:00:00,-0.0,300.0,2160.0,294.2510000000002,3500.0,-0.0,0.0,-0.0,-0.0
2021-08-02 00:00:00,-0.0,300.0,2160.0,111.39800000000014,3500.0,-0.0,0.0,-0.0,-0.0
2021-08-02 01:00:00,-0.0,300.0,2160.0,-0.0,3460.2219999999998,-0.0,0.0,-0.0,-0.0
2021-08-02 02:00:00,-0.0,300.0,2160.0,-0.0,3356.3,-0.0,0.0,-0.0,-0.0
2021-08-02 03:00:00,-0.0,453.9,2160.0,-0.0,3196.5570000000002,-0.0,0.0,-0.0,-0.0
2021-08-02 04:00:00,-0.0,647.09,2160.0,-0.0,3118.045,-0.0,0.0,-0.0,-0.0
2021-08-02 05:00:00,151.56467608228434,863.19,2160.0,-0.0,2963.046323917716,-0.0,0.0,-0.0,-0.0
2021-08-02 06:00:00,755.7963568979635,1084.12,2160.0,-0.0,2388.6766431020365,-0.0,0.0,-0.0,-0.0
2021-08-02 07:00:00,1529.306065167332,1291.79,2160.0,-0.0,1626.523934832668,-0.0,0.0,-0.0,-0.0
2021-08-02 08:00:00,2340.3865618411633,1470.38,2160.0,-0.0,773.9734381588364,-0.0,0.0,-0.0,-0.0
2021-08-02 09:00:00,3087.0089430201624,1608.3600000000001,2090.4370569798375,-0.0,-0.0,-0.0,0.0,-0.0,-0.0
2021-08-02 10:00:00,3685.1718756268556,1699.9,1365.1671243731444,-0.0,-0.0,-0.0,0.0,-0.0,-0.0
2021-08-02 11:00:00,4070.94710441613,1745.55,880.4789703256338,-0.0,-0.0,-0.0,0.0,21.121074741764055,20.065021004675852
2021-08-02 12:00:00,4204.114539734931,1752.04,746.2294602650691,-0.0,-0.0,-0.0,0.0,100.0,115.06301450257538
2021-08-02 13:00:00,4070.94710441613,1731.22,860.8518955838699,-0.0,-0.0,-0.0,0.0,100.0,210.05150820112513
2021-08-02 14:00:00,3685.1718756268556,1698.3300000000002,1301.1261243731442,-0.0,-0.0,-0.0,0.0,100.0,305.030503050305
2021-08-02 15:00:00,3087.0089430201624,1669.8899999999999,2030.345056979837,-0.0,-0.0,-0.0,0.0,100.0,400.0
2021-08-02 16:00:00,2340.3865618411633,1661.3,2160.0,-0.0,610.4154381588364,-0.0,100.0,-0.0,294.69684210526316
2021-08-02 17:00:00,1529.306065167332,1684.66,2160.0,-0.0,1628.1649348326685,-0.0,100.0,-0.0,189.4042145263158
2021-08-02 18:00:00,755.7963568979635,1747.1100000000001,2160.0,-0.0,2536.043643102036,-0.0,100.0,-0.0,84.12211621012632
2021-08-02 19:00:00,151.56467608228434,1849.71,2160.0,-0.0,3135.868305119136,-0.0,79.90801879858006,-0.0,-0.0
2021-08-02 20:00:00,-0.0,1987.29,2160.0,-0.0,3151.2709999999997,-0.0,0.0,-0.0,-0.0
2021-08-02 21:00:00,-0.0,2149.0699999999997,2160.0,-0.0,2791.196,-0.0,0.0,-0.0,-0.0
2021-08-02 22:00:00,-0.0,2320.09,2160.0,-0.0,2385.5789999999997,-0.0,0.0,-0.0,-0.0
2021-08-02 23:00:00,-0.0,2483.19,2160.0,-0.0,2026.1559999999995,-0.0,0.0,-0.0,-0.0
2021-08-03 00:00:00,-0.0,2624.14,2160.0,-0.0,1270.0040000000004,-0.0,0.0,-0.0,-0.0
2021-08-03 01:00:00,-0.0,2722.69,2160.0,-0.0,1023.8479999999995,-0.0,0.0,-0.0,-0.0
2021-08-03 02:00:00,-0.0,2771.43,2160.0,-0.0,874.77,-0.0,0.0,-0.0,-0.0
2021-08-03 03:00:00,-0.0,2765.98,2160.0,-0.0,877.9739999999997,-0.0,0.0,-0.0,-0.0
2021-08-03 04:00:00,-0.0,2708.42,2160.0,-0.0,1053.8180000000002,-0.0,0.0,-0.0,-0.0
2021-08-03 05:00:00,135.15133067239793,2607.04,2160.0,-0.0,1236.326669327602,-0.0,0.0,-0.0,-0.0
2021-08-03 06:00:00,707.9425829495448,2475.33,2160.0,-0.0,1049.6524170504554,-0.0,0.0,-0.0,-0.0
2021-08-03 07:00:00,1446.2289069440183,2330.21,2160.0,-0.0,679.1290930559819,-0.0,0.0,-0.0,-0.0
2021-08-03 08:00:00,2222.270854313786,2189.8599999999997,2160.0,-0.0,184.1691456862145,-0.0,0.0,-0.0,-0.0
2021-08-03 09:00:00,2937.5821914338353,2071.3,1792.0908085661645,-0.0,-0.0,-0.0,0.0,-0.0,-0.0
2021-08-03 10:00:00,3511.118944760005,1988.28,1269.6030552399957,-0.0,-0.0,-0.0,0.0,-0.0,-0.0
2021-08-03 11:00:00,3881.1893621942486,1949.46,888.6747125475163,-0.0,-0.0,-0.0,0.0,21.121074741764055,20.065021004675852
2021-08-03 12:00:00,4008.965777530448,1957.37,761.9662224695517,-0.0,-0.0,-0.0,0.0,100.0,115.06301450257538
2021-08-03 13:00:00,3881.1893621942486,2008.22,803.0796378057507,-0.0,-0.0,-0.0,0.0,100.0,210.05150820112513
2021-08-03 14:00:00,3511.118944760005,2092.47,1114.038055239996,-0.0,-0.0,-0.0,0.0,100.0,305.030503050305
2021-08-03 15:00:00,2937.5821914338353,2196.27,1689.896808566164,-0.0,-0.0,-0.0,0.0,100.0,400.0
2021-08-03 16:00:00,2222.270854313786,2303.42,2160.0,-0.0,126.39514568621416,-0.0,100.0,-0.0,294.69684210526316
2021-08-03 17:00:00,1446.2289069440183,2397.69,2160.0,-0.0,1041.645093055982,-0.0,100.0,-0.0,189.4042145263158
2021-08-03 18:00:00,707.9425829495448,2465.08,2160.0,-0.0,1912.775417050455,-0.0,100.0,-0.0,84.12211621012632
2021-08-03 19:00:00,135.15133067239793,2495.84,2160.0,-0.0,2556.3786505290223,-0.0,79.90801879858006,-0.0,-0.0
2021-08-03 20:00:00,-0.0,2485.84,2160.0,-0.0,2706.2889999999998,-0.0,0.0,-0.0,-0.0
2021-08-03 21:00:00,-0.0,2437.22,2160.0,-0.0,2559.914,-0.0,0.0,-0.0,-0.0
2021-08-03 22:00:00,-0.0,2358.18,2160.0,-0.0,2407.6110000000003,-0.0,0.0,-0.0,-0.0
2021-08-03 23:00:00,-0.0,2261.9,2160.0,-0.0,2310.775,-0.0,0.0,-0.0,-0.0
2021-08-04 00:00:00,-0.0,2167.85,2160.0,-0.0,1793.0270000000005,-0.0,0.0,-0.0,-0.0
2021-08-04 01:00:00,-0.0,2087.44,2160.0,-0.0,1728.9360000000001,-0.0,0.0,-0.0,-0.0
2021-08-04 02:00:00,-0.0,2039.91,2160.0,-0.0,1679.1779999999997,-0.0,0.0,-0.0,-0.0
2021-08-04 03:00:00,-0.0,2037.99,2160.0,-0.0,1681.8439999999998,-0.0,0.0,-0.0,-0.0
2021-08-04 04:00:00,-0.0,2089.22,2160.0,-0.0,1751.8300000000004,-0.0,0.0,-0.0,-0.0
2021-08-04 05:00:00,122.61335848429026,2194.84,2160.0,-0.0,1742.7436415157097,-0.0,0.0,-0.0,-0.0
2021-08-04 06:00:00,677.6789370586431,2349.6800000000003,2160.0,-0.0,1290.049062941357,-0.0,0.0,-0.0,-0.0
2021-08-04 07:00:00,1398.2888766758776,2542.7,2160.0,-0.0,601.7981233241228,-0.0,0.0,-0.0,-0.0
2021-08-04 08:00:00,2157.6710320079833,2758.4900000000002,1930.0239679920169,-0.0,-0.0,-0.0,0.0,-0.0,-0.0
2021-08-04 09:00:00,2858.583724900215,2979.2400000000002,1055.6272750997846,-0.0,-0.0,-0.0,0.0,-0.0,-0.0
2021-08-04 10:00:00,3421.04270230785,3187.06,255.8982976921502,-0.0,-0.0,-0.0,0.0,-0.0,-0.0
2021-08-04 11:00:00,3784.144841341726,3111.499158658274,-0.0,-0.0,-0.0,-0.0,0.0,100.0,95.0
2021-08-04 12:00:00,3909.543046719886,2918.5639532801138,-0.0,-0.0,-0.0,-0.0,0.0,100.0,189.9905
2021-08-04 13:00:00,3784.144841341726,3010.4331586582744,-0.0,-0.0,-0.0,-0.0,0.0,100.0,284.97150095
2021-08-04 14:00:00,3421.04270230785,3400.8742976921503,-0.0,-0.0,-0.0,-0.0,0.0,100.0,379.943003799905
2021-08-04 15:00:00,2858.583724900215,3656.85,314.72227509978484,-0.0,-0.0,-0.0,0.0,-0.0,379.905009499525
2021-08-04 16:00:00,2157.6710320079833,3639.81,1244.234579572464,-0.0,-0.0,-0.0,0.0,21.192611580447288,400.0
2021-08-04 17:00:00,1398.2888766758776,3611.15,2160.0,-0.0,-0.0,-0.0,86.50612332412197,-0.0,308.9009228167137
2021-08-04 18:00:00,677.6789370586431,3587.19,2160.0,-0.0,933.1630629413571,-0.0,100.0,-0.0,203.60687482969524
2021-08-04 19:00:00,122.61335848429026,3583.11,2160.0,-0.0,1575.55064151571,-0.0,100.0,-0.0,98.32335624747545
2021-08-04 20:00:00,-0.0,3610.77,2160.0,-0.0,1603.627152283742,-0.0,93.39784771625817,-0.0,-0.0
2021-08-04 21:00:00,-0.0,3676.9800000000005,2160.0,-0.0,1437.3949999999995,-0.0,0.0,-0.0,-0.0
2021-08-04 22:00:00,-0.0,3782.4999999999995,2160.0,-0.0,1102.0130000000004,-0.0,0.0,-0.0,-0.0
2021-08-04 23:00:00,-0.0,3921.79,2160.0,-0.0,770.9899999999998,-0.0,0.0,-0.0,-0.0
2021-08-05 00:00:00,-0.0,4086.97,2155.5440000000003,-0.0,-0.0,-0.0,0.0,-0.0,-0.0
2021-08-05 01:00:00,-0.0,4256.110000000001,1843.0899999999992,-0.0,-0.0,-0.0,0.0,-0.0,-0.0
2021-08-05 02:00:00,-0.0,4414.92,1588.08,-0.0,-0.0,-0.0,0.0,-0.0,-0.0
2021-08-05 03:00:00,-0.0,4545.94,1458.7920000000004,-0.0,-0.0,-0.0,0.0,-0.0,-0.0
2021-08-05 04:00:00,-0.0,4634.14,1492.692,-0.0,-0.0,-0.0,0.0,-0.0,-0.0
2021-08-05 05:00:00,102.57724764609561,4668.900000000001,1575.2857523539037,-0.0,-0.0,-0.0,0.0,-0.0,-0.0
2021-08-05 06:00:00,601.1819037969502,4645.43,1358.0410962030496,-0.0,-0.0,-0.0,0.0,-0.0,-0.0
2021-08-05 07:00:00,1253.4521935318803,4565.429999999999,1011.7258064681205,-0.0,-0.0,-0.0,0.0,-0.0,-0.0
2021-08-05 08:00:00,1942.6340269419716,4436.85,594.9939730580281,-0.0,-0.0,-0.0,0.0,-0.0,-0.0
2021-08-05 09:00:00,2579.6431092518683,4272.85,169.61889074813143,-0.0,-0.0,-0.0,0.0,-0.0,-0.0
2021-08-05 10:00:00,3091.2601473492996,4001.6638526507004,-0.0,-0.0,-0.0,-0.0,0.0,100.0,95.0
2021-08-05 11:00:00,3421.7081082028462,3603.016891797154,-0.0,-0.0,-0.0,-0.0,0.0,100.0,189.9905
2021-08-05 12:00:00,3535.856025023028,3421.384974976972,-0.0,-0.0,-0.0,-0.0,0.0,100.0,284.97150095
2021-08-05 13:00:00,3421.7081082028462,3501.9508917971534,-0.0,-0.0,-0.0,-0.0,0.0,100.0,379.943003799905
2021-08-05 14:00:00,3091.2601473492996,3500.7700000000004,258.8108526507003,-0.0,-0.0,-0.0,0.0,-0.0,379.905009499525
2021-08-05 15:00:00,2579.6431092518683,3441.46,937.7138907481317,-0.0,-0.0,-0.0,0.0,-0.0,379.8670189985751
2021-08-05 16:00:00,1942.6340269419716,3418.98,1808.4355706404754,-0.0,-0.0,-0.0,0.0,21.232597582447134,400.0
2021-08-05 17:00:00,1253.4521935318803,3423.89,2160.0,-0.0,446.42380646811944,-0.0,100.0,-0.0,294.69684210526316
2021-08-05 18:00:00,601.1819037969502,3442.44,2160.0,-0.0,1281.6550962030497,-0.0,100.0,-0.0,189.4042145263158
2021-08-05 19:00:00,102.57724764609561,3458.64,2160.0,-0.0,1846.6227523539046,-0.0,100.0,-0.0,84.12211621012632
2021-08-05 20:00:00,-0.0,3456.49,2160.0,-0.0,1897.1799812014206,-0.0,79.90801879858006,-0.0,-0.0
2021-08-05 21:00:00,-0.0,3422.31,2160.0,-0.0,1816.9630000000002,-0.0,0.0,-0.0,-0.0
2021-08-05 22:00:00,-0.0,3346.67,2160.0,-0.0,1661.754,-0.0,0.0,-0.0,-0.0
2021-08-05 23:00:00,-0.0,3225.8599999999997,2160.0,-0.0,1589.7440000000006,-0.0,0.0,-0.0,-0.0
2021-08-06 00:00:00,-0.0,3066.0,2160.0,-0.0,1138.3950000000004,-0.0,0.0,-0.0,-0.0
2021-08-06 01:00:00,-0.0,2868.7200000000003,2160.0,-0.0,1191.0749999999998,-0.0,0.0,-0.0,-0.0
2021-08-06 02:00:00,-0.0,2651.2599999999998,2160.0,-0.0,1310.9510000000005,-0.0,0.0,-0.0,-0.0
2021-08-06 03:00:00,-0.0,2430.6,2160.0,-0.0,1531.8629999999998,-0.0,0.0,-0.0,-0.0
2021-08-06 04:00:00,-0.0,2224.8399999999997,2160.0,-0.0,1858.1480000000006,-0.0,0.0,-0.0,-0.0
2021-08-06 05:00:00,85.22740505066012,2050.77,2160.0,-0.0,2165.2505949493393,-0.0,0.0,-0.0,-0.0
2021-08-06 06:00:00,532.712869435063,1921.7699999999998,2160.0,-0.0,2102.8931305649376,-0.0,0.0,-0.0,-0.0
2021-08-06 07:00:00,1122.8786089704229,1845.97,2160.0,-0.0,1812.629391029577,-0.0,0.0,-0.0,-0.0
2021-08-06 08:00:00,1748.132187135401,1825.28,2160.0,-0.0,1349.992812864599,-0.0,0.0,-0.0,-0.0
2021-08-06 09:00:00,2326.8997701361177,1855.13,2160.0,-0.0,786.9792298638822,-0.0,0.0,-0.0,-0.0
2021-08-06 10:00:00,2792.1478752174808,1925.12,2160.0,-0.0,220.43612478251907,-0.0,0.0,-0.0,-0.0
2021-08-06 11:00:00,3092.794277607206,2020.42,2014.088722392794,-0.0,-0.0,-0.0,0.0,100.0,95.0
2021-08-06 12:00:00,3196.6776923805146,2123.81,1737.0473076194858,-0.0,-0.0,-0.0,0.0,100.0,189.9905
2021-08-06 13:00:00,3092.794277607206,2217.92,1710.874722392794,-0.0,-0.0,-0.0,0.0,100.0,284.97150095
2021-08-06 14:00:00,2792.1478752174808,2287.61,1966.57012478252,-0.0,-0.0,-0.0,0.0,100.0,379.943003799905
2021-08-06 15:00:00,2326.8997701361177,2321.9300000000003,2160.0,-0.0,142.95522986388187,-0.0,100.0,-0.0,274.6418516047882
2021-08-06 16:00:00,1748.132187135401,2315.55,2160.0,-0.0,915.5088128645987,-0.0,100.0,-0.0,169.35122952489093
2021-08-06 17:00:00,1122.8786089704229,2269.41,2160.0,-0.0,1819.1853910295774,-0.0,100.0,-0.0,64.07113650720162
2021-08-06 18:00:00,532.712869435063,2190.5099999999998,2160.0,-0.0,2753.1300302499417,-0.0,33.89710031499544,-0.0,28.3835711672399
2021-08-06 19:00:00,85.22740505066012,2090.91,2160.0,-0.0,3413.87159494934,-0.0,0.0,-0.0,28.380732810123178
2021-08-06 20:00:00,-0.0,1985.9199999999998,2160.0,-0.0,3500.0,-0.0,26.95900000000006,-0.0,-0.0
2021-08-06 21:00:00,-0.0,1892.0400000000002,2160.0,-0.0,3423.602,-0.0,0.0,-0.0,-0.0
2021-08-06 22:00:00,-0.0,1824.53,2160.0,-0.0,3257.2710000000006,-0.0,0.0,-0.0,-0.0
2021-08-06 23:00:00,-0.0,1795.29,2160.0,-0.0,3090.642,-0.0,0.0,-0.0,-0.0
2021-08-07 00:00:00,-0.0,1814.8600000000001,2160.0,-0.0,2020.8520000000003,-0.0,0.0,-0.0,-0.0
2021-08-07 01:00:00,-0.0,1876.4,2160.0,-0.0,1811.5549999999998,-0.0,0.0,-0.0,-0.0
2021-08-07 02:00:00,-0.0,1978.02,2160.0,-0.0,1609.1429999999996,-0.0,0.0,-0.0,-0.0
2021-08-07 03:00:00,-0.0,2108.34,2160.0,-0.0,1475.821,-0.0,0.0,-0.0,-0.0
2021-08-07 04:00:00,-0.0,2251.7799999999997,2160.0,-0.0,1449.607,-0.0,0.0,-0.0,-0.0
2021-08-07 05:00:00,84.59280498413673,2390.5,2160.0,-0.0,1441.214195015863,-0.0,0.0,-0.0,-0.0
2021-08-07 06:00:00,567.6651624194044,2506.7099999999996,2160.0,-0.0,1094.6798375805963,-0.0,0.0,-0.0,-0.0
2021-08-07 07:00:00,1210.2747443455123,2585.02,2160.0,-0.0,594.4462556544877,-0.0,0.0,-0.0,-0.0
2021-08-07 08:00:00,1893.018159604954,2614.44,2160.0,-0.0,20.761840395046192,-0.0,0.0,-0.0,-0.0
2021-08-07 09:00:00,2525.9485502251564,2589.79,1614.606449774844,-0.0,-0.0,-0.0,0.0,-0.0,-0.0
2021-08-07 10:00:00,3035.193539530243,2512.33,1169.1315352115212,-0.0,-0.0,-0.0,0.0,21.121074741764055,20.065021004675852
2021-08-07 11:00:00,3364.4523954047695,2389.6,967.5506045952311,-0.0,-0.0,-0.0,0.0,100.0,115.06301450257538
2021-08-07 12:00:00,3478.2429646146766,2234.31,935.7310353853236,-0.0,-0.0,-0.0,0.0,100.0,210.05150820112513
2021-08-07 13:00:00,3364.4523954047695,2062.67,1181.6456045952305,-0.0,-0.0,-0.0,0.0,100.0,305.030503050305
2021-08-07 14:00:00,3035.193539530243,1892.18,1702.5484604697563,-0.0,-0.0,-0.0,0.0,100.0,400.0
2021-08-07 15:00:00,2525.9485502251564,1739.27,2160.0,-0.0,118.33856827414269,-0.0,88.22488150070109,-0.0,307.09170368347253
2021-08-07 16:00:00,1893.018159604954,1617.12,2160.0,-0.0,1145.4438403950464,-0.0,0.0,-0.0,307.06099451310416
2021-08-07 17:00:00,1210.2747443455123,1533.93,2160.0,-0.0,2140.047255654488,-0.0,0.0,-0.0,307.03028841365284
2021-08-07 18:00:00,567.6651624194044,1491.87,2160.0,-0.0,3019.8768375805957,-0.0,0.0,-0.0,306.9995853848115
2021-08-07 19:00:00,84.59280498413673,1486.8200000000002,2160.0,-0.0,3500.0,-0.0,84.14319501586269,-0.0,218.39710119904916
2021-08-07 20:00:00,-0.0,1509.0700000000002,2160.0,-0.0,3500.0,-0.0,65.74299999999994,-0.0,149.17210359419246
2021-08-07 21:00:00,-0.0,1544.6699999999998,2160.0,-0.0,3329.3,-0.0,0.0,-0.0,149.15718638383305
2021-08-07 22:00:00,-0.0,1577.4299999999998,2160.0,-0.0,3059.1020000000003,-0.0,0.0,-0.0,149.14227066519467
2021-08-07 23:00:00,-0.0,1591.21,2160.0,-0.0,2845.8680000000004,-0.0,0.0,-0.0,149.12735643812815
2021-08-08 00:00:00,-0.0,1576.23,2160.0,-0.0,2243.448,-0.0,0.0,-0.0,149.11244370248434
2021-08-08 01:00:00,-0.0,1515.0900000000001,2160.0,-0.0,2153.2789999999995,-0.0,0.0,-0.0,149.0975324581141
2021-08-08 02:00:00,-0.0,1408.06,2160.0,-0.0,2155.9869999999996,-0.0,0.0,-0.0,149.0826227048683
2021-08-08 03:00:00,-0.0,1257.79,2160.0,-0.0,2299.749,-0.0,0.0,-0.0,149.0677144425978
2021-08-08 04:00:00,-0.0,1073.08,2160.0,-0.0,2598.206,-0.0,0.0,-0.0,149.05280767115354
2021-08-08 05:00:00,94.90043519087097,867.8,2160.0,-0.0,2920.0575648091285,-0.0,0.0,-0.0,149.03790239038642
2021-08-08 06:00:00,689.0524489305088,659.15,2160.0,-0.0,2783.8885510694913,-0.0,0.0,-0.0,149.0229986001474
2021-08-08 07:00:00,1486.707765556238,465.44,2160.0,-0.0,2397.249234443762,-0.0,0.0,-0.0,149.00809630028738
2021-08-08 08:00:00,2336.652895430356,303.77000000000004,2160.0,-0.0,1844.1121045696436,-0.0,0.0,-0.0,148.99319549065734
2021-08-08 09:00:00,3125.811964563505,300.0,2160.0,-0.0,1097.5490354364947,-0.0,0.0,-0.0,148.97829617110827
2021-08-08 10:00:00,3761.348528272439,300.0,2160.0,-0.0,423.94747172756115,-0.0,0.0,-0.0,148.96339834149117
2021-08-08 11:00:00,4172.476953894177,300.0,2160.0,-0.0,-0.0,-0.0,0.0,64.31895389417696,210.05150820112513
2021-08-08 12:00:00,4314.608885298332,300.0,1977.0721147016675,-0.0,-0.0,-0.0,0.0,100.0,305.030503050305
2021-08-08 13:00:00,4172.476953894177,300.0,2076.583046105823,-0.0,-0.0,-0.0,0.0,100.0,400.0
2021-08-08 14:00:00,3761.348528272439,373.88,2160.0,-0.0,171.93647172756073,-0.0,0.0,-0.0,399.96
2021-08-08 15:00:00,3125.811964563505,501.87,2160.0,-0.0,778.3500354364951,-0.0,0.0,-0.0,399.920004
2021-08-08 16:00:00,2336.652895430356,623.87,2160.0,-0.0,1626.3781045696442,-0.0,0.0,-0.0,399.8800119996
2021-08-08 17:00:00,1486.707765556238,725.11,2160.0,-0.0,2600.8852344437623,-0.0,0.0,-0.0,399.84002399840006
2021-08-08 18:00:00,689.0524489305087,794.97,2160.0,-0.0,3500.0,-0.0,21.036551069491452,-0.0,377.6563020281145
2021-08-08 19:00:00,94.90043519087097,828.46,2160.0,555.1065648091289,3500.0,-0.0,100.0,-0.0,272.3553785031749
2021-08-08 20:00:00,-0.0,826.82,2160.0,568.2380000000003,3500.0,-0.0,100.0,-0.0,167.0649850705878
2021-08-08 21:00:00,-0.0,797.31,2160.0,394.31200000000035,3500.0,-0.0,100.0,-0.0,61.7851206773439
2021-08-08 22:00:00,-0.0,752.18,2160.0,240.7940049429876,3500.0,-0.0,58.68999505701236,-0.0,-0.0
2021-08-08 23:00:00,-0.0,706.9499999999999,2160.0,142.817,3500.0,-0.0,0.0,-0.0,-0.0
2021-08-09 00:00:00,-0.0,682.42,2160.0,-0.0,3483.9700000000003,-0.0,0.0,-0.0,-0.0
2021-08-09 01:00:00,-0.0,685.53,2160.0,-0.0,3327.268,-0.0,0.0,-0.0,-0.0
2021-08-09 02:00:00,-0.0,732.41,2160.0,-0.0,3173.865,-0.0,0.0,-0.0,-0.0
2021-08-09 03:00:00,-0.0,829.8,2160.0,-0.0,3067.8499999999995,-0.0,0.0,-0.0,-0.0
2021-08-09 04:00:00,-0.0,978.28,2160.0,-0.0,3031.0860000000002,-0.0,0.0,-0.0,-0.0
2021-08-09 05:00:00,97.82082773001741,1172.03,2160.0,-0.0,2949.0441722699834,-0.0,0.0,-0.0,-0.0
2021-08-09 06:00:00,775.5983434397708,1399.5,2160.0,-0.0,2291.276656560229,-0.0,0.0,-0.0,-0.0
2021-08-09 07:00:00,1694.449950440078,1644.83,2160.0,-0.0,1342.639049559922,-0.0,0.0,-0.0,-0.0
2021-08-09 08:00:00,2676.5151174649477,1889.85,2160.0,-0.0,249.0218825350521,-0.0,0.0,-0.0,-0.0
2021-08-09 09:00:00,3589.8031918432102,2116.42,1306.4138081567894,-0.0,-0.0,-0.0,0.0,-0.0,-0.0
2021-08-09 10:00:00,4326.000880667281,2308.73,338.36111933271786,-0.0,-0.0,-0.0,0.0,-0.0,-0.0
2021-08-09 11:00:00,4802.5177578037055,2192.052242196294,-0.0,-0.0,-0.0,-0.0,0.0,100.0,95.0
2021-08-09 12:00:00,4967.298134300482,1949.5088656995176,-0.0,-0.0,-0.0,-0.0,0.0,100.0,189.9905
2021-08-09 13:00:00,4802.5177578037055,2070.4812421962943,-0.0,-0.0,-0.0,-0.0,0.0,100.0,284.97150095
2021-08-09 14:00:00,4326.000880667281,2564.0161193327185,-0.0,-0.0,-0.0,-0.0,0.0,100.0,379.943003799905
2021-08-09 15:00:00,3589.8031918432102,2565.0699999999997,733.0248081567902,-0.0,-0.0,-0.0,0.0,-0.0,379.905009499525
2021-08-09 16:00:00,2676.5151174649477,2518.32,1894.2384941154992,-0.0,-0.0,-0.0,0.0,21.192611580447288,400.0
2021-08-09 17:00:00,1694.449950440078,2472.46,2160.0,-0.0,865.9910495599217,-0.0,100.0,-0.0,294.69684210526316
2021-08-09 18:00:00,775.5983434397708,2443.29,2160.0,-0.0,2005.6896565602297,-0.0,100.0,-0.0,189.4042145263158
2021-08-09 19:00:00,97.82082773001741,2443.37,2160.0,-0.0,2756.2191722699827,-0.0,100.0,-0.0,84.12211621012632
2021-08-09 20:00:00,-0.0,2480.28,2160.0,-0.0,2753.34098120142,-0.0,79.90801879858006,-0.0,-0.0
2021-08-09 21:00:00,-0.0,2555.58,2160.0,-0.0,2554.1440000000002,-0.0,0.0,-0.0,-0.0
2021-08-09 22:00:00,-0.0,2664.57,2160.0,-0.0,2204.9339999999997,-0.0,0.0,-0.0,-0.0
2021-08-09 23:00:00,-0.0,2796.98,2160.0,-0.0,1870.4689999999996,-0.0,0.0,-0.0,-0.0
2021-08-10 00:00:00,-0.0,2942.74,2160.0,-0.0,1105.3690000000006,-0.0,0.0,-0.0,-0.0
2021-08-10 01:00:00,-0.0,3076.34,2160.0,-0.0,818.2290000000003,-0.0,0.0,-0.0,-0.0
2021-08-10 02:00:00,-0.0,3185.6299999999997,2160.0,-0.0,602.5740000000001,-0.0,0.0,-0.0,-0.0
2021-08-10 03:00:00,-0.0,3256.42,2160.0,-0.0,523.4219999999996,-0.0,0.0,-0.0,-0.0
2021-08-10 04:00:00,-0.0,3278.92,2160.0,-0.0,613.0060000000003,-0.0,0.0,-0.0,-0.0
2021-08-10 05:00:00,86.75537414287177,3249.14,2160.0,-0.0,766.0306258571287,-0.0,0.0,-0.0,-0.0
2021-08-10 06:00:00,759.5485068058542,3169.48,2160.0,-0.0,420.9534931941457,-0.0,0.0,-0.0,-0.0
2021-08-10 07:00:00,1681.1972830314198,3048.5699999999997,1996.4387169685806,-0.0,-0.0,-0.0,0.0,-0.0,-0.0
2021-08-10 08:00:00,2669.355842928053,2900.14,1290.9611570719476,-0.0,-0.0,-0.0,0.0,-0.0,-0.0
2021-08-10 09:00:00,3589.8278365059878,2741.3199999999997,567.4441634940122,-0.0,-0.0,-0.0,0.0,-0.0,-0.0
2021-08-10 10:00:00,4332.544038634735,2590.4500000000003,-0.0,-0.0,-0.0,-0.0,0.0,62.961038634734905,59.81298670299816
2021-08-10 11:00:00,4813.558566728074,2069.0404332719263,-0.0,-0.0,-0.0,-0.0,0.0,100.0,154.80700540432787
2021-08-10 12:00:00,4979.9346851397,1826.0883148602998,-0.0,-0.0,-0.0,-0.0,0.0,100.0,249.79152470378745
2021-08-10 13:00:00,4813.558566728074,1949.9424332719263,-0.0,-0.0,-0.0,-0.0,0.0,100.0,344.7665455513171
2021-08-10 14:00:00,4332.544038634736,2348.92,0.43796136526361806,-0.0,-0.0,-0.0,0.0,-0.0,344.732068896762
2021-08-10 15:00:00,3589.8278365059878,2405.58,785.8561634940124,-0.0,-0.0,-0.0,0.0,-0.0,344.6975956898723
2021-08-10 16:00:00,2669.355842928053,2498.6,1853.1164981979437,-0.0,-0.0,-0.0,0.0,58.24934112599654,400.0
2021-08-10 17:00:00,1681.1972830314198,2613.92,2160.0,-0.0,634.3947169685798,-0.0,100.0,-0.0,294.69684210526316
2021-08-10 18:00:00,759.5485068058542,2735.05,2160.0,-0.0,1628.3524931941456,-0.0,100.0,-0.0,189.4042145263158
2021-08-10 19:00:00,86.75537414287177,2845.45,2160.0,-0.0,2265.4306258571287,-0.0,100.0,-0.0,84.12211621012632
2021-08-10 20:00:00,-0.0,2930.77,2160.0,-0.0,2205.0199812014203,-0.0,79.90801879858006,-0.0,-0.0
2021-08-10 21:00:00,-0.0,2980.86,2160.0,-0.0,2033.065,-0.0,0.0,-0.0,-0.0
2021-08-10 22:00:00,-0.0,2991.18,2160.0,-0.0,1784.641,-0.0,0.0,-0.0,-0.0
2021-08-10 23:00:00,-0.0,2963.4100000000003,2160.0,-0.0,1612.5579999999995,-0.0,0.0,-0.0,-0.0
2021-08-11 00:00:00,-0.0,2909.95,2160.0,-0.0,1049.1970000000001,-0.0,0.0,-0.0,-0.0
2021-08-11 01:00:00,-0.0,2834.1899999999996,2160.0,-0.0,973.781,-0.0,0.0,-0.0,-0.0
2021-08-11 02:00:00,-0.0,2756.74,2160.0,-0.0,947.3090000000002,-0.0,0.0,-0.0,-0.0
2021-08-11 03:00:00,-0.0,2694.62,2160.0,-0.0,1003.5860000000002,-0.0,0.0,-0.0,-0.0
2021-08-11 04:00:00,-0.0,2663.56,2160.0,-0.0,1149.324,-0.0,0.0,-0.0,-0.0
2021-08-11 05:00:00,71.35245990686727,2675.83,2160.0,-0.0,1278.367540093133,-0.0,0.0,-0.0,-0.0
2021-08-11 06:00:00,699.0951490123837,2738.53,2160.0,-0.0,838.7168509876158,-0.0,0.0,-0.0,-0.0
2021-08-11 07:00:00,1568.700558617337,2852.5,2160.0,-0.0,74.16844138266265,-0.0,0.0,-0.0,-0.0
2021-08-11 08:00:00,2504.119540169891,3012.18,1276.1894598301087,-0.0,-0.0,-0.0,0.0,-0.0,-0.0
2021-08-11 09:00:00,3376.934917101628,3206.21,250.41108289837166,-0.0,-0.0,-0.0,0.0,-0.0,-0.0
2021-08-11 10:00:00,4081.907818186471,2716.080181813529,-0.0,-0.0,-0.0,-0.0,0.0,-0.0,-0.0
2021-08-11 11:00:00,4538.745932094976,2205.9791426467887,-0.0,-0.0,-0.0,-0.0,0.0,21.121074741764055,20.065021004675852
2021-08-11 12:00:00,4696.804476819159,2053.3285231808404,-0.0,-0.0,-0.0,-0.0,0.0,100.0,115.06301450257538
2021-08-11 13:00:00,4538.745932094976,2172.0220679050244,-0.0,-0.0,-0.0,-0.0,0.0,100.0,210.05150820112513
2021-08-11 14:00:00,4081.907818186471,2650.4691818135293,-0.0,-0.0,-0.0,-0.0,0.0,100.0,305.030503050305
2021-08-11 15:00:00,3376.934917101628,3458.0580828983725,-0.0,-0.0,-0.0,-0.0,0.0,100.0,400.0
2021-08-11 16:00:00,2504.119540169891,4191.74,223.99145983010885,-0.0,-0.0,-0.0,0.0,-0.0,399.96
2021-08-11 17:00:00,1568.700558617337,4165.4400000000005,1415.8236476984523,-0.0,-0.0,-0.0,0.0,0.08420631578946756,400.0
2021-08-11 18:00:00,699.0951490123837,4107.81,2160.0,-0.0,279.79385098761554,-0.0,100.0,-0.0,294.69684210526316
2021-08-11 19:00:00,71.35245990686727,4034.17,2160.0,-0.0,1059.2775400931328,-0.0,100.0,-0.0,189.4042145263158
2021-08-11 20:00:00,-0.0,3961.1000000000004,2160.0,-0.0,1125.21,-0.0,100.0,-0.0,84.12211621012632
2021-08-11 21:00:00,-0.0,3904.1,2160.0,-0.0,1004.0069812014203,-0.0,79.90801879858006,-0.0,-0.0
2021-08-11 22:00:00,-0.0,3875.36,2160.0,-0.0,878.0579999999995,-0.0,0.0,-0.0,-0.0
2021-08-11 23:00:00,-0.0,3882.12,2160.0,-0.0,674.9750000000004,-0.0,0.0,-0.0,-0.0
2021-08-12 00:00:00,-0.0,3930.42,2160.0,-0.0,13.639000000000124,-0.0,0.0,-0.0,-0.0
2021-08-12 01:00:00,-0.0,4005.48,1950.9730000000004,-0.0,-0.0,-0.0,0.0,-0.0,-0.0
2021-08-12 02:00:00,-0.0,4101.49,1754.6260000000002,-0.0,-0.0,-0.0,0.0,-0.0,-0.0
2021-08-12 03:00:00,-0.0,4203.63,1650.2399999999998,-0.0,-0.0,-0.0,0.0,-0.0,-0.0
2021-08-12 04:00:00,-0.0,4294.86,1677.2940000000008,-0.0,-0.0,-0.0,0.0,-0.0,-0.0
2021-08-12 05:00:00,59.997431532084754,4358.28,1770.1555684679156,-0.0,-0.0,-0.0,0.0,-0.0,-0.0
2021-08-12 06:00:00,669.0717885835637,4379.4,1394.3682114164367,-0.0,-0.0,-0.0,0.0,-0.0,-0.0
2021-08-12 07:00:00,1522.9970314962648,4348.17,794.3159685037353,-0.0,-0.0,-0.0,0.0,-0.0,-0.0
2021-08-12 08:00:00,2444.6642912189136,4260.34,101.2117087810866,-0.0,-0.0,-0.0,0.0,-0.0,-0.0
2021-08-12 09:00:00,3306.15544560434,3544.73255439566,-0.0,-0.0,-0.0,-0.0,0.0,-0.0,-0.0
2021-08-12 10:00:00,4002.7060331849357,2837.333041556828,-0.0,-0.0,-0.0,-0.0,0.0,21.121074741764055,20.065021004675852
2021-08-12 11:00:00,4454.356445578754,2393.7615544212467,-0.0,-0.0,-0.0,-0.0,0.0,100.0,115.06301450257538
2021-08-12 12:00:00,4610.659058080033,2167.5579419199667,-0.0,-0.0,-0.0,-0.0,0.0,100.0,210.05150820112513
2021-08-12 13:00:00,4454.356445578754,2288.047554421247,-0.0,-0.0,-0.0,-0.0,0.0,100.0,305.030503050305
2021-08-12 14:00:00,4002.7060331849357,2764.836966815064,-0.0,-0.0,-0.0,-0.0,0.0,100.0,400.0
2021-08-12 15:00:00,3306.15544560434,2851.3300000000004,616.1795543956596,-0.0,-0.0,-0.0,0.0,-0.0,399.96
2021-08-12 16:00:00,2444.6642912189136,2716.4,1801.0209150968758,-0.0,-0.0,-0.0,0.0,0.08420631578946756,400.0
2021-08-12 17:00:00,1522.9970314962648,2627.21,2160.0,-0.0,785.2729685037348,-0.0,100.0,-0.0,294.69684210526316
2021-08-12 18:00:00,669.0717885835637,2580.1000000000004,2160.0,-0.0,1886.5422114164357,-0.0,100.0,-0.0,189.4042145263158
2021-08-12 19:00:00,59.997431532084754,2565.69,2160.0,-0.0,2591.5065684679157,-0.0,100.0,-0.0,84.12211621012632
2021-08-12 20:00:00,-0.0,2570.2999999999997,2160.0,-0.0,2591.8369812014203,-0.0,79.90801879858006,-0.0,-0.0
2021-08-12 21:00:00,-0.0,2577.88,2160.0,-0.0,2469.169,-0.0,0.0,-0.0,-0.0
2021-08-12 22:00:00,-0.0,2572.34,2160.0,-0.0,2243.367,-0.0,0.0,-0.0,-0.0
2021-08-12 23:00:00,-0.0,2539.8500000000004,2160.0,-0.0,2082.74,-0.0,0.0,-0.0,-0.0
2021-08-13 00:00:00,-0.0,2475.88,2160.0,-0.0,1537.0649999999996,-0.0,0.0,-0.0,-0.0
2021-08-13 01:00:00,-0.0,2366.27,2160.0,-0.0,1502.1730000000002,-0.0,0.0,-0.0,-0.0
2021-08-13 02:00:00,-0.0,2218.4100000000003,2160.0,-0.0,1552.7459999999996,-0.0,0.0,-0.0,-0.0
2021-08-13 03:00:00,-0.0,2040.6299999999999,2160.0,-0.0,1731.2720000000002,-0.0,0.0,-0.0,-0.0
2021-08-13 04:00:00,-0.0,1846.24,2160.0,-0.0,2046.8770000000002,-0.0,0.0,-0.0,-0.0
2021-08-13 05:00:00,49.960892615904214,1651.82,2160.0,-0.0,2410.484107384096,-0.0,0.0,-0.0,-0.0
2021-08-13 06:00:00,647.8650562634327,1475.01,2160.0,-0.0,2246.6009437365665,-0.0,0.0,-0.0,-0.0
2021-08-13 07:00:00,1497.0462015914443,1332.14,2160.0,-0.0,1765.6677984085557,-0.0,0.0,-0.0,-0.0
2021-08-13 08:00:00,2416.828144611606,1236.08,2160.0,-0.0,1085.3438553883943,-0.0,0.0,-0.0,-0.0
2021-08-13 09:00:00,3278.0974970320344,1194.47,2160.0,-0.0,312.95150296796555,-0.0,0.0,-0.0,-0.0
2021-08-13 10:00:00,3975.2087506908206,1208.73,1732.1292493091792,-0.0,-0.0,-0.0,0.0,-0.0,-0.0
2021-08-13 11:00:00,4427.5060854825515,1273.77,1167.5559892592137,-0.0,-0.0,-0.0,0.0,21.121074741764055,20.065021004675852
2021-08-13 12:00:00,4584.085950440079,1378.72,917.3690495599212,-0.0,-0.0,-0.0,0.0,100.0,115.06301450257538
2021-08-13 13:00:00,4427.5060854825515,1508.27,910.8689145174485,-0.0,-0.0,-0.0,0.0,100.0,210.05150820112513
2021-08-13 14:00:00,3975.2087506908206,1644.74,1254.0362493091793,-0.0,-0.0,-0.0,0.0,100.0,305.030503050305
2021-08-13 15:00:00,3278.0974970320344,1770.36,1933.766502967966,-0.0,-0.0,-0.0,0.0,100.0,400.0
2021-08-13 16:00:00,2416.828144611606,1869.59,2160.0,-0.0,526.172855388394,-0.0,100.0,-0.0,294.69684210526316
2021-08-13 17:00:00,1497.0462015914443,1931.13,2160.0,-0.0,1619.8357984085553,-0.0,100.0,-0.0,189.4042145263158
2021-08-13 18:00:00,647.8650562634327,1949.34,2160.0,-0.0,2652.8949437365673,-0.0,100.0,-0.0,84.12211621012632
2021-08-13 19:00:00,49.960892615904214,1924.9099999999999,2160.0,-0.0,3378.5630885855153,-0.0,79.90801879858006,-0.0,-0.0
2021-08-13 20:00:00,-0.0,1864.6399999999999,2160.0,-0.0,3495.2230000000004,-0.0,0.0,-0.0,-0.0
2021-08-13 21:00:00,-0.0,1780.4,2160.0,-0.0,3386.043,-0.0,0.0,-0.0,-0.0
2021-08-13 22:00:00,-0.0,1687.45,2160.0,-0.0,3249.13,-0.0,0.0,-0.0,-0.0
2021-08-13 23:00:00,-0.0,1602.2,2160.0,-0.0,3142.648,-0.0,0.0,-0.0,-0.0
2021-08-14 00:00:00,-0.0,1545.25,2160.0,-0.0,2155.3199999999997,-0.0,0.0,-0.0,-0.0
2021-08-14 01:00:00,-0.0,1517.94,2160.0,-0.0,2039.3160000000003,-0.0,0.0,-0.0,-0.0
2021-08-14 02:00:00,-0.0,1532.51,2160.0,-0.0,1928.5450000000003,-0.0,0.0,-0.0,-0.0
2021-08-14 03:00:00,-0.0,1589.7900000000002,2160.0,-0.0,1872.9979999999994,-0.0,0.0,-0.0,-0.0
2021-08-14 04:00:00,-0.0,1684.33,2160.0,-0.0,1900.558,-0.0,0.0,-0.0,-0.0
2021-08-14 05:00:00,36.73903103571795,1805.08,2160.0,-0.0,1962.9999689642825,-0.0,0.0,-0.0,-0.0
2021-08-14 06:00:00,569.8030869153619,1936.7400000000002,2160.0,-0.0,1556.1659130846379,-0.0,0.0,-0.0,-0.0
2021-08-14 07:00:00,1337.5952334203257,2061.83,2160.0,-0.0,889.2387665796741,-0.0,0.0,-0.0,-0.0
2021-08-14 08:00:00,2172.260672372327,2162.95,2160.0,-0.0,97.32332762767282,-0.0,0.0,-0.0,-0.0
2021-08-14 09:00:00,2955.2770593081573,2225.15,1459.7409406918428,-0.0,-0.0,-0.0,0.0,-0.0,-0.0
2021-08-14 10:00:00,3589.741580186266,2237.8700000000003,783.3684198137325,-0.0,-0.0,-0.0,0.0,-0.0,-0.0
2021-08-14 11:00:00,4001.6586350168873,2196.37,365.87343972487724,-0.0,-0.0,-0.0,0.0,21.121074741764055,20.065021004675852
2021-08-14 12:00:00,4144.295782007984,2102.4,328.60021799201695,-0.0,-0.0,-0.0,0.0,100.0,115.06301450257538
2021-08-14 13:00:00,4001.6586350168873,1963.9499999999998,576.1053649831128,-0.0,-0.0,-0.0,0.0,100.0,210.05150820112513
2021-08-14 14:00:00,3589.741580186266,1794.24,1184.915419813734,-0.0,-0.0,-0.0,0.0,100.0,305.030503050305
2021-08-14 15:00:00,2955.2770593081573,1609.9099999999999,2111.6859406918425,-0.0,-0.0,-0.0,0.0,100.0,400.0
2021-08-14 16:00:00,2172.260672372327,1428.9199999999998,2160.0,-0.0,1005.6913276276732,-0.0,0.0,-0.0,399.96
2021-08-14 17:00:00,1337.5952334203257,1268.1200000000001,2160.0,-0.0,2236.1057665796743,-0.0,0.0,-0.0,399.920004
2021-08-14 18:00:00,569.8030869153619,1141.09,2160.0,-0.0,3332.4399130846377,-0.0,0.0,-0.0,399.8800119996
2021-08-14 19:00:00,36.73903103571795,1056.3899999999999,2160.0,432.7669689642821,3500.0,-0.0,100.0,-0.0,294.57686610366324
2021-08-14 20:00:00,-0.0,1016.5100000000001,2160.0,435.1239999999998,3500.0,-0.0,100.0,-0.0,189.28425052231603
2021-08-14 21:00:00,-0.0,1017.64,2160.0,239.68899999999985,3500.0,-0.0,100.0,-0.0,84.00216420252697
2021-08-14 22:00:00,-0.0,1050.27,2160.0,-0.0,3500.0,-0.0,76.20999999999958,-0.0,3.7727113545282123
2021-08-14 23:00:00,-0.0,1100.6499999999999,2160.0,-0.0,3333.01,-0.0,0.0,-0.0,3.7723340833927597
2021-08-15 00:00:00,-0.0,1158.24,2160.0,-0.0,2666.331,-0.0,0.0,-0.0,3.7719568499844205
2021-08-15 01:00:00,-0.0,1195.95,2160.0,-0.0,2484.0209999999997,-0.0,0.0,-0.0,3.771579654299422
2021-08-15 02:00:00,-0.0,1205.53,2160.0,-0.0,2376.857,-0.0,0.0,-0.0,3.7712024963339923
2021-08-15 03:00:00,-0.0,1177.5,2160.0,-0.0,2405.139,-0.0,0.0,-0.0,3.770825376084359
2021-08-15 04:00:00,-0.0,1108.07,2160.0,-0.0,2595.094,-0.0,0.0,-0.0,3.7704482935467505
2021-08-15 05:00:00,23.32617331900522,999.72,2160.0,-0.0,2898.3788266809947,-0.0,0.0,-0.0,3.7700712487173957
2021-08-15 06:00:00,449.75277335994275,861.04,2160.0,-0.0,2866.760226640057,-0.0,0.0,-0.0,3.769694241592524
2021-08-15 07:00:00,1073.3921261129876,705.64,2160.0,-0.0,2622.621873887013,-0.0,0.0,-0.0,3.7693172721683648
2021-08-15 08:00:00,1753.9175217224442,550.38,2160.0,-0.0,2239.283478277556,-0.0,0.0,-0.0,3.768940340441148
2021-08-15 09:00:00,2393.5574217838503,413.24,2160.0,-0.0,1782.3875782161504,-0.0,0.0,-0.0,3.7685634464071036
2021-08-15 10:00:00,2912.4261519035927,310.89,2160.0,-0.0,1334.5638480964071,-0.0,0.0,-0.0,3.768186590062463
2021-08-15 11:00:00,3249.515849375704,300.0,2160.0,-0.0,937.9631506242963,-0.0,0.0,-0.0,3.767809771403457
2021-08-15 12:00:00,3366.2761004503127,300.0,2160.0,-0.0,751.4358995496877,-0.0,0.0,-0.0,3.7674329904263164
2021-08-15 13:00:00,3249.515849375704,317.7,2160.0,-0.0,814.5491506242965,-0.0,0.0,-0.0,3.767056247127274
2021-08-15 14:00:00,2912.4261519035927,430.21999999999997,2160.0,-0.0,1063.8588480964077,-0.0,0.0,-0.0,3.7666795415025613
2021-08-15 15:00:00,2393.5574217838503,585.24,2160.0,-0.0,1533.1635782161502,-0.0,0.0,-0.0,3.766302873548411
2021-08-15 16:00:00,1753.9175217224442,767.79,2160.0,-0.0,2177.659478277556,-0.0,0.0,-0.0,3.765926243261056
2021-08-15 17:00:00,1073.3921261129876,960.46,2160.0,-0.0,2897.798873887012,-0.0,0.0,-0.0,3.76554965063673
2021-08-15 18:00:00,449.75277335994275,1145.74,2160.0,31.35631219916968,3500.0,-0.0,3.576914440888083,-0.0,-0.0
2021-08-15 19:00:00,23.32617331900522,1308.32,2160.0,378.5388266809955,3500.0,-0.0,0.0,-0.0,-0.0
2021-08-15 20:00:00,-0.0,1437.07,2160.0,195.98500000000058,3500.0,-0.0,0.0,-0.0,-0.0
2021-08-15 21:00:00,-0.0,1526.49,2160.0,-0.0,3409.3280000000004,-0.0,0.0,-0.0,-0.0
2021-08-15 22:00:00,-0.0,1577.37,2160.0,-0.0,3124.607,-0.0,0.0,-0.0,-0.0
2021-08-15 23:00:00,-0.0,1596.54,2160.0,-0.0,2909.568,-0.0,0.0,-0.0,-0.0
2021-08-16 00:00:00,-0.0,1601.6,2160.0,-0.0,2728.689,-0.0,0.0,-0.0,-0.0
2021-08-16 01:00:00,-0.0,1596.25,2160.0,-0.0,2586.281,-0.0,0.0,-0.0,-0.0
2021-08-16 02:00:00,-0.0,1602.53,2160.0,-0.0,2479.21,-0.0,0.0,-0.0,-0.0
2021-08-16 03:00:00,-0.0,1635.55,2160.0,-0.0,2443.187,-0.0,0.0,-0.0,-0.0
2021-08-16 04:00:00,-0.0,1707.04,2160.0,-0.0,2488.923,-0.0,0.0,-0.0,-0.0
2021-08-16 05:00:00,15.020921962951594,1823.6399999999999,2160.0,-0.0,2572.2220780370485,-0.0,0.0,-0.0,-0.0
2021-08-16 06:00:00,380.9017467250026,1985.8400000000001,2160.0,-0.0,2296.8902532749967,-0.0,0.0,-0.0,-0.0
2021-08-16 07:00:00,925.0189338604033,2187.83,2160.0,-0.0,1771.469066139597,-0.0,0.0,-0.0,-0.0
2021-08-16 08:00:00,1521.1055536280833,2418.11,2160.0,-0.0,1083.5804463719169,-0.0,0.0,-0.0,-0.0
2021-08-16 09:00:00,2082.4801658735037,2660.9100000000003,2160.0,-0.0,321.5308341264963,-0.0,0.0,-0.0,-0.0
2021-08-16 10:00:00,2538.3879437621536,2898.25,1753.4720562378461,-0.0,-0.0,-0.0,0.0,-0.0,-0.0
2021-08-16 11:00:00,2834.7708194913525,3112.21,1190.3202552504122,-0.0,-0.0,-0.0,0.0,21.121074741764055,20.065021004675852
2021-08-16 12:00:00,2937.4651292856415,3287.25,918.1448707143581,-0.0,-0.0,-0.0,0.0,100.0,115.06301450257538
2021-08-16 13:00:00,2834.7708194913525,3412.23,856.3431805086475,-0.0,-0.0,-0.0,0.0,100.0,210.05150820112513
2021-08-16 14:00:00,2538.3879437621536,3481.84,1104.271056237846,-0.0,-0.0,-0.0,0.0,100.0,305.030503050305
2021-08-16 15:00:00,2082.4801658735037,3497.21,1646.6678341264965,-0.0,-0.0,-0.0,0.0,100.0,400.0
2021-08-16 16:00:00,1521.1055536280833,3465.73,2160.0,-0.0,63.32244637191707,-0.0,100.0,-0.0,294.69684210526316
2021-08-16 17:00:00,925.0189338604033,3400.0099999999998,2160.0,-0.0,953.8000661395968,-0.0,100.0,-0.0,189.4042145263158
2021-08-16 18:00:00,380.9017467250026,3316.1200000000003,2160.0,-0.0,1776.9672532749967,-0.0,100.0,-0.0,84.12211621012632
2021-08-16 19:00:00,15.020921962951594,3231.44,2160.0,-0.0,2323.7640592384682,-0.0,79.90801879858006,-0.0,-0.0
2021-08-16 20:00:00,-0.0,3162.28,2160.0,-0.0,2407.11,-0.0,0.0,-0.0,-0.0
2021-08-16 21:00:00,-0.0,3121.7099999999996,2160.0,-0.0,2246.837,-0.0,0.0,-0.0,-0.0
2021-08-16 22:00:00,-0.0,3117.81,2160.0,-0.0,2013.2990000000004,-0.0,0.0,-0.0,-0.0
2021-08-16 23:00:00,-0.0,3152.64,2160.0,-0.0,1779.0140000000006,-0.0,0.0,-0.0,-0.0
2021-08-17 00:00:00,-0.0,3227.94,2160.0,-0.0,1088.4,-0.0,0.0,-0.0,-0.0
2021-08-17 01:00:00,-0.0,3321.96,2160.0,-0.0,843.0709999999999,-0.0,0.0,-0.0,-0.0
2021-08-17 02:00:00,-0.0,3426.61,2160.0,-0.0,634.0999999999999,-0.0,0.0,-0.0,-0.0
2021-08-17 03:00:00,-0.0,3525.6,2160.0,-0.0,528.6010000000001,-0.0,0.0,-0.0,-0.0
2021-08-17 04:00:00,-0.0,3602.72,2160.0,-0.0,565.2289999999998,-0.0,0.0,-0.0,-0.0
2021-08-17 05:00:00,11.225643895200085,3644.0699999999997,2160.0,-0.0,724.1243561048003,-0.0,0.0,-0.0,-0.0
2021-08-17 06:00:00,408.8364719834204,3640.14,2160.0,-0.0,579.7765280165795,-0.0,0.0,-0.0,-0.0
2021-08-17 07:00:00,1011.1705137652237,3587.13,2160.0,-0.0,247.75948623477655,-0.0,0.0,-0.0,-0.0
2021-08-17 08:00:00,1673.7422725411936,3487.6000000000004,1979.8557274588063,-0.0,-0.0,-0.0,0.0,-0.0,-0.0
2021-08-17 09:00:00,2298.983528374783,3350.2599999999998,1530.7804716252176,-0.0,-0.0,-0.0,0.0,-0.0,-0.0
2021-08-17 10:00:00,2807.3659544826533,3188.91,1158.0423176221593,-0.0,-0.0,-0.0,0.0,12.360272104813104,11.742258499572449
2021-08-17 11:00:00,3138.0850066267535,3020.66,1006.0749933732463,-0.0,-0.0,-0.0,0.0,100.0,106.74108427372249
2021-08-17 12:00:00,3252.713494371099,2863.76,971.8705056289009,-0.0,-0.0,-0.0,0.0,100.0,201.73041016529513
2021-08-17 13:00:00,3138.0850066267535,2735.23,1172.4079933732469,-0.0,-0.0,-0.0,0.0,100.0,296.7102371242786
2021-08-17 14:00:00,2807.3659544826533,2648.67,1607.792045517347,-0.0,-0.0,-0.0,0.0,100.0,391.6805661005662
2021-08-17 15:00:00,2298.9835283747825,2612.51,2160.0,-0.0,-0.0,-0.0,0.0,8.798528374783018,400.0
2021-08-17 16:00:00,1673.7422725411936,2628.96,2160.0,-0.0,680.8607274588064,-0.0,100.0,-0.0,294.69684210526316
2021-08-17 17:00:00,1011.1705137652237,2693.76,2160.0,-0.0,1504.435486234776,-0.0,100.0,-0.0,189.4042145263158
2021-08-17 18:00:00,408.8364719834204,2796.8500000000004,2160.0,-0.0,2196.035528016579,-0.0,100.0,-0.0,84.12211621012632
2021-08-17 19:00:00,11.225643895200085,2923.77,2160.0,-0.0,2560.22633730622,-0.0,79.90801879858006,-0.0,-0.0
2021-08-17 20:00:00,-0.0,3057.64,2160.0,-0.0,2434.0809999999997,-0.0,0.0,-0.0,-0.0
2021-08-17 21:00:00,-0.0,3181.4500000000003,2160.0,-0.0,2106.8349999999996,-0.0,0.0,-0.0,-0.0
2021-08-17 22:00:00,-0.0,3280.42,2160.0,-0.0,1767.9070000000002,-0.0,0.0,-0.0,-0.0
2021-08-17 23:00:00,-0.0,3343.91,2160.0,-0.0,1502.5200000000004,-0.0,0.0,-0.0,-0.0
2021-08-18 00:00:00,-0.0,3373.09,2160.0,-0.0,855.8829999999998,-0.0,0.0,-0.0,-0.0
2021-08-18 01:00:00,-0.0,3356.85,2160.0,-0.0,718.5310000000004,-0.0,0.0,-0.0,-0.0
2021-08-18 02:00:00,-0.0,3308.63,2160.0,-0.0,660.2280000000001,-0.0,0.0,-0.0,-0.0
2021-08-18 03:00:00,-0.0,3240.71,2160.0,-0.0,719.5219999999999,-0.0,0.0,-0.0,-0.0
2021-08-18 04:00:00,-0.0,3168.6,2160.0,-0.0,903.3489999999997,-0.0,0.0,-0.0,-0.0
2021-08-18 05:00:00,7.69529595230785,3108.96,2160.0,-0.0,1164.8227040476922,-0.0,0.0,-0.0,-0.0
2021-08-18 06:00:00,472.62302041756226,3077.15,2160.0,-0.0,979.1849795824373,-0.0,0.0,-0.0,-0.0
2021-08-18 07:00:00,1191.6310569542525,3085.1400000000003,2160.0,-0.0,467.7309430457476,-0.0,0.0,-0.0,-0.0
2021-08-18 08:00:00,1985.9162159451441,3139.73,1912.323784054856,-0.0,-0.0,-0.0,0.0,-0.0,-0.0
2021-08-18 09:00:00,2737.0177645839735,3241.58,1096.6222354160268,-0.0,-0.0,-0.0,0.0,-0.0,-0.0
2021-08-18 10:00:00,3348.470331593491,3384.92,302.2846684065089,-0.0,-0.0,-0.0,0.0,-0.0,-0.0
2021-08-18 11:00:00,3746.524763611709,3310.628236388291,-0.0,-0.0,-0.0,-0.0,0.0,100.0,95.0
2021-08-18 12:00:00,3884.534875166309,3094.855124833691,-0.0,-0.0,-0.0,-0.0,0.0,100.0,189.9905
2021-08-18 13:00:00,3746.524763611709,3189.057236388291,-0.0,-0.0,-0.0,-0.0,0.0,100.0,284.97150095
2021-08-18 14:00:00,3348.470331593491,3604.129668406509,-0.0,-0.0,-0.0,-0.0,0.0,100.0,379.943003799905
2021-08-18 15:00:00,2737.017764583973,4216.09,-0.0,-0.0,-0.0,-0.0,0.0,2.626764583973454,382.4004358542998
2021-08-18 16:00:00,1985.9162159451441,4291.599999999999,852.9477840548564,-0.0,-0.0,-0.0,0.0,-0.0,382.3621958107144
2021-08-18 17:00:00,1191.6310569542525,4312.67,1869.7893013708704,-0.0,-0.0,-0.0,0.0,18.60635832512278,400.0
2021-08-18 18:00:00,472.62302041756226,4280.16,2160.0,-0.0,534.3769795824378,-0.0,100.0,-0.0,294.69684210526316
2021-08-18 19:00:00,7.69529595230785,4201.16,2160.0,-0.0,1151.1367040476925,-0.0,100.0,-0.0,189.4042145263158
2021-08-18 20:00:00,-0.0,4087.9700000000003,2160.0,-0.0,1188.1419999999998,-0.0,100.0,-0.0,84.12211621012632
2021-08-18 21:00:00,-0.0,3956.31,2160.0,-0.0,1136.0889812014198,-0.0,79.90801879858006,-0.0,-0.0
2021-08-18 22:00:00,-0.0,3823.23,2160.0,-0.0,1108.8570000000004,-0.0,0.0,-0.0,-0.0
2021-08-18 23:00:00,-0.0,3704.6800000000003,2160.0,-0.0,1025.3519999999999,-0.0,0.0,-0.0,-0.0
2021-08-19 00:00:00,-0.0,3619.78,2160.0,-0.0,492.962,-0.0,0.0,-0.0,-0.0
2021-08-19 01:00:00,-0.0,3563.5,2160.0,-0.0,395.7020000000002,-0.0,0.0,-0.0,-0.0
2021-08-19 02:00:00,-0.0,3543.96,2160.0,-0.0,308.8770000000004,-0.0,0.0,-0.0,-0.0
2021-08-19 03:00:00,-0.0,3556.63,2160.0,-0.0,287.84400000000005,-0.0,0.0,-0.0,-0.0
2021-08-19 04:00:00,-0.0,3591.42,2160.0,-0.0,365.1390000000001,-0.0,0.0,-0.0,-0.0
2021-08-19 05:00:00,3.277740149421759,3634.02,2160.0,-0.0,529.2612598505784,-0.0,0.0,-0.0,-0.0
2021-08-19 06:00:00,495.634974286153,3667.93,2160.0,-0.0,251.05002571384694,-0.0,0.0,-0.0,-0.0
2021-08-19 07:00:00,1275.2319142615906,3676.76,1838.847085738409,-0.0,-0.0,-0.0,0.0,-0.0,-0.0
2021-08-19 08:00:00,2140.2595777556035,3646.51,1138.3204222443965,-0.0,-0.0,-0.0,0.0,-0.0,-0.0
2021-08-19 09:00:00,2960.0026733957634,3567.5600000000004,435.66232660423657,-0.0,-0.0,-0.0,0.0,-0.0,-0.0
2021-08-19 10:00:00,3628.1749317879444,3396.491068212056,-0.0,-0.0,-0.0,-0.0,0.0,100.0,95.0
2021-08-19 11:00:00,4063.461288097432,2883.770711902568,-0.0,-0.0,-0.0,-0.0,0.0,100.0,189.9905
2021-08-19 12:00:00,4214.428331107359,2656.2276688926413,-0.0,-0.0,-0.0,-0.0,0.0,100.0,284.97150095
2021-08-19 13:00:00,4063.461288097432,2764.672711902568,-0.0,-0.0,-0.0,-0.0,0.0,100.0,379.943003799905
2021-08-19 14:00:00,3628.1749317879444,2522.65,595.7100682120558,-0.0,-0.0,-0.0,0.0,-0.0,379.905009499525
2021-08-19 15:00:00,2960.0026733957634,2271.49,1635.596938184684,-0.0,-0.0,-0.0,0.0,21.192611580447288,400.0
2021-08-19 16:00:00,2140.2595777556035,2046.2,2160.0,-0.0,580.9964222443969,-0.0,100.0,-0.0,294.69684210526316
2021-08-19 17:00:00,1275.2319142615906,1860.7,2160.0,-0.0,1878.3290909398102,-0.0,79.88399479859982,-0.0,210.57895684357914
2021-08-19 18:00:00,495.634974286153,1723.8100000000002,2160.0,-0.0,3068.1390257138464,-0.0,0.0,-0.0,210.55789894789478
2021-08-19 19:00:00,3.277740149421759,1638.1499999999999,2160.0,120.84125985057881,3500.0,-0.0,100.0,-0.0,105.27368526326316
2021-08-19 20:00:00,-0.0,1599.95,2160.0,80.38100000000031,3500.0,-0.0,100.0,-0.0,-0.0
2021-08-19 21:00:00,-0.0,1599.6399999999999,2160.0,-0.0,3478.918,-0.0,0.0,-0.0,-0.0
2021-08-19 22:00:00,-0.0,1623.29,2160.0,-0.0,3217.1639999999998,-0.0,0.0,-0.0,-0.0
2021-08-19 23:00:00,-0.0,1654.54,2160.0,-0.0,2986.0609999999997,-0.0,0.0,-0.0,-0.0
2021-08-20 00:00:00,-0.0,1683.5900000000001,2160.0,-0.0,2342.2209999999995,-0.0,0.0,-0.0,-0.0
2021-08-20 01:00:00,-0.0,1683.01,2160.0,-0.0,2191.625,-0.0,0.0,-0.0,-0.0
2021-08-20 02:00:00,-0.0,1649.37,2160.0,-0.0,2121.343,-0.0,0.0,-0.0,-0.0
2021-08-20 03:00:00,-0.0,1578.24,2160.0,-0.0,2186.63,-0.0,0.0,-0.0,-0.0
2021-08-20 04:00:00,-0.0,1471.43,2160.0,-0.0,2408.1169999999993,-0.0,0.0,-0.0,-0.0
2021-08-20 05:00:00,0.08009515402722342,1336.77,2160.0,-0.0,2755.3639048459727,-0.0,0.0,-0.0,-0.0
2021-08-20 06:00:00,483.5159613652647,1187.08,2160.0,-0.0,2672.410038634736,-0.0,0.0,-0.0,-0.0
2021-08-20 07:00:00,1270.912937109815,1038.41,2160.0,-0.0,2252.7100628901853,-0.0,0.0,-0.0,-0.0
2021-08-20 08:00:00,2148.6141184372127,907.8700000000001,2160.0,-0.0,1642.6688815627876,-0.0,0.0,-0.0,-0.0
2021-08-20 09:00:00,2982.213675724082,811.2900000000001,2160.0,-0.0,946.7153242759182,-0.0,0.0,-0.0,-0.0
2021-08-20 10:00:00,3662.541914031318,761.02,2160.0,-0.0,281.09008596868216,-0.0,0.0,-0.0,-0.0
2021-08-20 11:00:00,4106.071910039915,764.2500000000001,2019.9450899600852,-0.0,-0.0,-0.0,0.0,100.0,95.0
2021-08-20 12:00:00,4259.953184423294,821.91,1734.9338155767055,-0.0,-0.0,-0.0,0.0,100.0,189.9905
2021-08-20 13:00:00,4106.071910039915,928.51,1742.850089960085,-0.0,-0.0,-0.0,0.0,100.0,284.97150095
2021-08-20 14:00:00,3662.541914031318,1072.76,2063.738085968682,-0.0,-0.0,-0.0,0.0,100.0,379.943003799905
2021-08-20 15:00:00,2982.213675724082,1239.03,2160.0,-0.0,320.4123242759183,-0.0,100.0,-0.0,274.6418516047882
2021-08-20 16:00:00,2148.6141184372127,1409.32,2160.0,-0.0,1168.5798815627877,-0.0,100.0,-0.0,169.35122952489093
2021-08-20 17:00:00,1270.912937109815,1565.6100000000001,2160.0,-0.0,2120.021062890185,-0.0,100.0,-0.0,64.07113650720162
2021-08-20 18:00:00,483.5159613652647,1692.15,2160.0,-0.0,3070.7238393862026,-0.0,6.973199248533306,-0.0,56.724519658252675
2021-08-20 19:00:00,0.08009515402722342,1777.5,2160.0,-0.0,3500.0,-0.0,53.88290484597251,-0.0,-0.0
2021-08-20 20:00:00,-0.0,1815.91,2160.0,-0.0,3437.0640000000003,-0.0,0.0,-0.0,-0.0
2021-08-20 21:00:00,-0.0,1808.05,2160.0,-0.0,3246.629,-0.0,0.0,-0.0,-0.0
2021-08-20 22:00:00,-0.0,1760.72,2160.0,-0.0,3059.362,-0.0,0.0,-0.0,-0.0
2021-08-20 23:00:00,-0.0,1685.8799999999999,2160.0,-0.0,2937.8779999999997,-0.0,0.0,-0.0,-0.0
2021-08-21 00:00:00,-0.0,1605.7099999999998,2160.0,-0.0,1970.8760000000004,-0.0,0.0,-0.0,-0.0
2021-08-21 01:00:00,-0.0,1523.21,2160.0,-0.0,1905.7699999999995,-0.0,0.0,-0.0,-0.0
2021-08-21 02:00:00,-0.0,1460.69,2160.0,-0.0,1867.9519999999998,-0.0,0.0,-0.0,-0.0
2021-08-21 03:00:00,-0.0,1430.41,2160.0,-0.0,1895.9859999999996,-0.0,0.0,-0.0,-0.0
2021-08-21 04:00:00,-0.0,1439.6000000000001,2160.0,-0.0,2005.0809999999994,-0.0,0.0,-0.0,-0.0
2021-08-21 05:00:00,-0.0,1489.45,2160.0,-0.0,2171.51,-0.0,0.0,-0.0,-0.0
2021-08-21 06:00:00,488.75911337120056,1574.9199999999998,2160.0,-0.0,1851.6878866287996,-0.0,0.0,-0.0,-0.0
2021-08-21 07:00:00,1314.0041299764612,1685.35,2160.0,-0.0,1138.6558700235391,-0.0,0.0,-0.0,-0.0
2021-08-21 08:00:00,2238.296046284925,1805.91,2160.0,-0.0,234.53595371507527,-0.0,0.0,-0.0,-0.0
2021-08-21 09:00:00,3118.1351521082797,1919.55,1445.72984789172,-0.0,-0.0,-0.0,0.0,-0.0,-0.0
2021-08-21 10:00:00,3837.1431886449705,2009.3500000000001,604.9518113550289,-0.0,-0.0,-0.0,0.0,-0.0,-0.0
2021-08-21 11:00:00,4306.242022285335,2060.81,34.71405245643018,-0.0,-0.0,-0.0,0.0,21.121074741764055,20.065021004675852
2021-08-21 12:00:00,4469.056986925597,1941.6870130744028,-0.0,-0.0,-0.0,-0.0,0.0,100.0,115.06301450257538
2021-08-21 13:00:00,4306.242022285335,2014.14,54.548977714664034,-0.0,-0.0,-0.0,0.0,100.0,210.05150820112513
2021-08-21 14:00:00,3837.1431886449705,1913.91,649.0158113550301,-0.0,-0.0,-0.0,0.0,100.0,305.030503050305
2021-08-21 15:00:00,3118.1351521082797,1771.54,1616.5158478917201,-0.0,-0.0,-0.0,0.0,100.0,400.0
2021-08-21 16:00:00,2238.296046284925,1600.6200000000001,2160.0,-0.0,574.9284709407183,-0.0,20.683482774357046,-0.0,378.18791286909783
2021-08-21 17:00:00,1314.0041299764612,1418.16,2160.0,-0.0,1935.8418700235393,-0.0,0.0,-0.0,378.15009407781093
2021-08-21 18:00:00,488.75911337120056,1242.4,2160.0,-0.0,3137.080886628799,-0.0,0.0,-0.0,378.11227906840315
2021-08-21 19:00:00,-0.0,1090.46,2160.0,259.2600000000002,3500.0,-0.0,100.0,-0.0,272.8113099457595
2021-08-21 20:00:00,-0.0,976.1400000000001,2160.0,298.4309999999996,3500.0,-0.0,100.0,-0.0,167.52087092002807
2021-08-21 21:00:00,-0.0,908.1500000000001,2160.0,171.42599999999993,3500.0,-0.0,100.0,-0.0,62.240960938199244
2021-08-21 22:00:00,-0.0,889.11,2160.0,-0.0,3500.0,-0.0,59.12300000000016,-0.0,-0.0
2021-08-21 23:00:00,-0.0,915.2299999999999,2160.0,-0.0,3339.887,-0.0,0.0,-0.0,-0.0
2021-08-22 00:00:00,-0.0,984.0300000000001,2160.0,-0.0,2663.4320000000002,-0.0,0.0,-0.0,-0.0
2021-08-22 01:00:00,-0.0,1067.67,2160.0,-0.0,2435.29,-0.0,0.0,-0.0,-0.0
2021-08-22 02:00:00,-0.0,1156.98,2160.0,-0.0,2248.6929999999998,-0.0,0.0,-0.0,-0.0
2021-08-22 03:00:00,-0.0,1235.73,2160.0,-0.0,2170.689,-0.0,0.0,-0.0,-0.0
2021-08-22 04:00:00,-0.0,1289.93,2160.0,-0.0,2237.7039999999997,-0.0,0.0,-0.0,-0.0
2021-08-22 05:00:00,-0.0,1309.81,2160.0,-0.0,2436.972,-0.0,0.0,-0.0,-0.0
2021-08-22 06:00:00,511.2720128185448,1291.25,2160.0,-0.0,2201.4709871814557,-0.0,0.0,-0.0,-0.0
2021-08-22 07:00:00,1407.6846543598406,1236.35,2160.0,-0.0,1585.3363456401596,-0.0,0.0,-0.0,-0.0
2021-08-22 08:00:00,2416.6741154692463,1153.3,2160.0,-0.0,802.7948845307537,-0.0,0.0,-0.0,-0.0
2021-08-22 09:00:00,3379.3993833793884,1055.23,2145.406616620612,-0.0,-0.0,-0.0,0.0,-0.0,-0.0
2021-08-22 10:00:00,4167.190673728381,958.54,1424.8543262716194,-0.0,-0.0,-0.0,0.0,-0.0,-0.0
2021-08-22 11:00:00,4681.567914056905,880.6899999999999,999.5061397924501,-0.0,-0.0,-0.0,0.0,79.53605384935425,75.55925115688653
2021-08-22 12:00:00,4860.161624040529,837.8299999999999,816.7003759594709,-0.0,-0.0,-0.0,0.0,100.0,170.55169523177085
2021-08-22 13:00:00,4681.567914056905,842.6500000000001,956.9440859430961,-0.0,-0.0,-0.0,0.0,100.0,265.53464006224766
2021-08-22 14:00:00,4167.190673728381,902.62,1438.6913262716198,-0.0,-0.0,-0.0,0.0,100.0,360.50808659824145
2021-08-22 15:00:00,3379.399383379388,1018.95,2160.0,-0.0,-0.0,-0.0,0.0,41.60838337938776,400.0
2021-08-22 16:00:00,2416.6741154692463,1186.3799999999999,2160.0,-0.0,844.0538845307537,-0.0,100.0,-0.0,294.69684210526316
2021-08-22 17:00:00,1407.6846543598406,1393.8400000000001,2160.0,-0.0,1881.0043456401597,-0.0,100.0,-0.0,189.4042145263158
2021-08-22 18:00:00,511.2720128185448,1625.8600000000001,2160.0,-0.0,2747.483987181455,-0.0,100.0,-0.0,84.12211621012632
2021-08-22 19:00:00,-0.0,1864.5700000000002,2160.0,-0.0,3123.38098120142,-0.0,79.90801879858006,-0.0,-0.0
2021-08-22 20:00:00,-0.0,2092.02,2160.0,-0.0,2902.36,-0.0,0.0,-0.0,-0.0
2021-08-22 21:00:00,-0.0,2292.4900000000002,2160.0,-0.0,2508.47,-0.0,0.0,-0.0,-0.0
2021-08-22 22:00:00,-0.0,2454.51,2160.0,-0.0,2116.5869999999995,-0.0,0.0,-0.0,-0.0
2021-08-22 23:00:00,-0.0,2572.27,2160.0,-0.0,1807.0949999999998,-0.0,0.0,-0.0,-0.0
2021-08-23 00:00:00,-0.0,2653.4999999999995,2160.0,-0.0,1555.8530000000005,-0.0,0.0,-0.0,-0.0
2021-08-23 01:00:00,-0.0,2690.42,2160.0,-0.0,1375.6189999999997,-0.0,0.0,-0.0,-0.0
2021-08-23 02:00:00,-0.0,2701.96,2160.0,-0.0,1267.879,-0.0,0.0,-0.0,-0.0
2021-08-23 03:00:00,-0.0,2703.2099999999996,2160.0,-0.0,1268.3610000000003,-0.0,0.0,-0.0,-0.0
2021-08-23 04:00:00,-0.0,2710.44,2160.0,-0.0,1383.2310000000002,-0.0,0.0,-0.0,-0.0
2021-08-23 05:00:00,-0.0,2738.8,2160.0,-0.0,1574.8019999999997,-0.0,0.0,-0.0,-0.0
2021-08-23 06:00:00,493.2259584996419,2800.11,2160.0,-0.0,1278.1560415003582,-0.0,0.0,-0.0,-0.0
2021-08-23 07:00:00,1392.6822158939722,2901.16,2160.0,-0.0,503.6047841060281,-0.0,0.0,-0.0,-0.0
2021-08-23 08:00:00,2410.3589206324846,3042.66,1648.2980793675156,-0.0,-0.0,-0.0,0.0,-0.0,-0.0
2021-08-23 09:00:00,3383.6998770340806,3219.0400000000004,546.211122965919,-0.0,-0.0,-0.0,0.0,-0.0,-0.0
2021-08-23 10:00:00,4181.2812596714775,2938.4817403285224,-0.0,-0.0,-0.0,-0.0,0.0,-0.0,-0.0
2021-08-23 11:00:00,4702.466588092315,2370.2184866494495,-0.0,-0.0,-0.0,-0.0,0.0,21.121074741764055,20.065021004675852
2021-08-23 12:00:00,4883.481636193839,2200.5983638061607,-0.0,-0.0,-0.0,-0.0,0.0,100.0,115.06301450257538
2021-08-23 13:00:00,4702.466588092315,2348.0314119076847,-0.0,-0.0,-0.0,-0.0,0.0,100.0,210.05150820112513
2021-08-23 14:00:00,4181.2812596714775,2896.3987403285228,-0.0,-0.0,-0.0,-0.0,0.0,100.0,305.030503050305
2021-08-23 15:00:00,3383.6998770340806,3801.9561229659193,-0.0,-0.0,-0.0,-0.0,0.0,100.0,400.0
2021-08-23 16:00:00,2410.3589206324846,4227.99,637.3070793675156,-0.0,-0.0,-0.0,0.0,-0.0,399.96
2021-08-23 17:00:00,1392.6822158939722,4193.02,1924.9869904218167,-0.0,-0.0,-0.0,0.0,0.08420631578946756,400.0
2021-08-23 18:00:00,493.2259584996419,4110.33,2160.0,-0.0,848.5600415003582,-0.0,100.0,-0.0,294.69684210526316
2021-08-23 19:00:00,-0.0,3993.04,2160.0,-0.0,1541.6390000000001,-0.0,100.0,-0.0,189.4042145263158
2021-08-23 20:00:00,-0.0,3857.76,2160.0,-0.0,1602.6570000000002,-0.0,100.0,-0.0,84.12211621012632
2021-08-23 21:00:00,-0.0,3722.37,2160.0,-0.0,1563.83398120142,-0.0,79.90801879858006,-0.0,-0.0
2021-08-23 22:00:00,-0.0,3603.6600000000003,2160.0,-0.0,1531.6029999999996,-0.0,0.0,-0.0,-0.0
2021-08-23 23:00:00,-0.0,3515.16,2160.0,-0.0,1427.2830000000004,-0.0,0.0,-0.0,-0.0
2021-08-24 00:00:00,-0.0,3472.79,2160.0,-0.0,862.5119999999997,-0.0,0.0,-0.0,-0.0
2021-08-24 01:00:00,-0.0,3464.1899999999996,2160.0,-0.0,726.5120000000006,-0.0,0.0,-0.0,-0.0
2021-08-24 02:00:00,-0.0,3492.8799999999997,2160.0,-0.0,600.2380000000007,-0.0,0.0,-0.0,-0.0
2021-08-24 03:00:00,-0.0,3549.35,2160.0,-0.0,544.02,-0.0,0.0,-0.0,-0.0
2021-08-24 04:00:00,-0.0,3619.8,2160.0,-0.0,594.0950000000003,-0.0,0.0,-0.0,-0.0
2021-08-24 05:00:00,-0.0,3688.13,2160.0,-0.0,744.0259999999998,-0.0,0.0,-0.0,-0.0
2021-08-24 06:00:00,410.86349549687856,3738.27,2160.0,-0.0,539.150504503121,-0.0,0.0,-0.0,-0.0
2021-08-24 07:00:00,1191.544800634531,3756.4399999999996,2124.40119936547,-0.0,-0.0,-0.0,0.0,-0.0,-0.0
2021-08-24 08:00:00,2079.602901494218,3733.13,1401.5800985057822,-0.0,-0.0,-0.0,0.0,-0.0,-0.0
2021-08-24 09:00:00,2931.0883227919358,3664.5299999999997,664.2976772080647,-0.0,-0.0,-0.0,0.0,-0.0,-0.0
2021-08-24 10:00:00,3629.801479531267,3553.1200000000003,45.68952046873255,-0.0,-0.0,-0.0,0.0,-0.0,-0.0
2021-08-24 11:00:00,4086.7443332565763,3171.466666743424,-0.0,-0.0,-0.0,-0.0,0.0,100.0,95.0
2021-08-24 12:00:00,4245.511412035617,2942.9315879643837,-0.0,-0.0,-0.0,-0.0,0.0,100.0,189.9905
2021-08-24 13:00:00,4086.7443332565763,3065.752666743424,-0.0,-0.0,-0.0,-0.0,0.0,100.0,284.97150095
2021-08-24 14:00:00,3629.801479531267,2915.38,553.1992565217856,-0.0,-0.0,-0.0,0.0,21.144736053052647,305.030503050305
2021-08-24 15:00:00,2931.0883227919358,2790.49,1561.1146772080647,-0.0,-0.0,-0.0,0.0,100.0,400.0
2021-08-24 16:00:00,2079.602901494218,2709.74,2160.0,-0.0,320.7560985057826,-0.0,100.0,-0.0,294.69684210526316
2021-08-24 17:00:00,1191.544800634531,2681.1800000000003,2160.0,-0.0,1469.6571993654684,-0.0,100.0,-0.0,189.4042145263158
2021-08-24 18:00:00,410.86349549687856,2706.5899999999997,2160.0,-0.0,2423.703504503122,-0.0,100.0,-0.0,84.12211621012632
2021-08-24 19:00:00,-0.0,2781.2799999999997,2160.0,-0.0,2859.7289812014205,-0.0,79.90801879858006,-0.0,-0.0
2021-08-24 20:00:00,-0.0,2894.73,2160.0,-0.0,2749.056,-0.0,0.0,-0.0,-0.0
2021-08-24 21:00:00,-0.0,3032.0200000000004,2160.0,-0.0,2414.5299999999997,-0.0,0.0,-0.0,-0.0
2021-08-24 22:00:00,-0.0,3175.79,2160.0,-0.0,2036.9189999999999,-0.0,0.0,-0.0,-0.0
2021-08-24 23:00:00,-0.0,3308.61,2160.0,-0.0,1708.2289999999998,-0.0,0.0,-0.0,-0.0
2021-08-25 00:00:00,-0.0,3422.81,2160.0,-0.0,983.9879999999998,-0.0,0.0,-0.0,-0.0
2021-08-25 01:00:00,-0.0,3492.1600000000003,2160.0,-0.0,766.8799999999997,-0.0,0.0,-0.0,-0.0
2021-08-25 02:00:00,-0.0,3518.8199999999997,2160.0,-0.0,639.4290000000001,-0.0,0.0,-0.0,-0.0
2021-08-25 03:00:00,-0.0,3503.6699999999996,2160.0,-0.0,651.5760000000005,-0.0,0.0,-0.0,-0.0
2021-08-25 04:00:00,-0.0,3453.64,2160.0,-0.0,818.8319999999999,-0.0,0.0,-0.0,-0.0
2021-08-25 05:00:00,-0.0,3380.7,2160.0,-0.0,1106.692,-0.0,0.0,-0.0,-0.0
2021-08-25 06:00:00,317.65738087196814,3300.13,2160.0,-0.0,1122.3536191280314,-0.0,0.0,-0.0,-0.0
2021-08-25 07:00:00,947.7351517756628,3228.35,2160.0,-0.0,784.7418482243376,-0.0,0.0,-0.0,-0.0
2021-08-25 08:00:00,1668.5176040323408,3180.6,2160.0,-0.0,250.18839596765883,-0.0,0.0,-0.0,-0.0
2021-08-25 09:00:00,2361.37765336199,3168.73,1771.322346638011,-0.0,-0.0,-0.0,0.0,-0.0,-0.0
2021-08-25 10:00:00,2930.749458678744,3199.5099999999998,1136.359541321256,-0.0,-0.0,-0.0,0.0,-0.0,-0.0
2021-08-25 11:00:00,3303.4198880360254,3273.59,615.6791119639747,-0.0,-0.0,-0.0,0.0,-0.0,-0.0
2021-08-25 12:00:00,3432.952235595129,3385.3,322.2388391466352,-0.0,-0.0,-0.0,0.0,21.121074741764055,20.065021004675852
2021-08-25 13:00:00,3303.4198880360254,3523.2799999999997,353.1541119639751,-0.0,-0.0,-0.0,0.0,100.0,115.06301450257538
2021-08-25 14:00:00,2930.749458678744,3671.96,598.2985413212559,-0.0,-0.0,-0.0,0.0,100.0,210.05150820112513
2021-08-25 15:00:00,2361.37765336199,3813.49,1127.9993466380106,-0.0,-0.0,-0.0,0.0,100.0,305.030503050305
2021-08-25 16:00:00,1668.5176040323408,3930.12,1888.0293959676596,-0.0,-0.0,-0.0,0.0,100.0,400.0
2021-08-25 17:00:00,947.7351517756628,4006.5099999999998,2160.0,-0.0,401.0928482243372,-0.0,100.0,-0.0,294.69684210526316
2021-08-25 18:00:00,317.65738087196814,4031.6800000000003,2160.0,-0.0,1201.1606191280312,-0.0,100.0,-0.0,189.4042145263158
2021-08-25 19:00:00,-0.0,4000.49,2160.0,-0.0,1626.152,-0.0,100.0,-0.0,84.12211621012632
2021-08-25 20:00:00,-0.0,3914.2700000000004,2160.0,-0.0,1670.80754881169,-0.0,60.821451188309986,-0.0,20.09112380028428
2021-08-25 21:00:00,-0.0,3780.5899999999997,2160.0,-0.0,1664.466,-0.0,0.0,-0.0,20.08911468790425
2021-08-25 22:00:00,-0.0,3612.24,2160.0,-0.0,1595.3780000000006,-0.0,0.0,-0.0,20.08710577643546
2021-08-25 23:00:00,-0.0,3425.49,2160.0,-0.0,1582.6729999999998,-0.0,0.0,-0.0,20.085097065857816
2021-08-26 00:00:00,-0.0,3245.69,2160.0,-0.0,1149.0629999999996,-0.0,0.0,-0.0,20.083088556151232
2021-08-26 01:00:00,-0.0,3073.75,2160.0,-0.0,1169.6940000000004,-0.0,0.0,-0.0,20.081080247295617
2021-08-26 02:00:00,-0.0,2930.71,2160.0,-0.0,1208.4129999999996,-0.0,0.0,-0.0,20.079072139270888
2021-08-26 03:00:00,-0.0,2824.86,2160.0,-0.0,1307.7539999999995,-0.0,0.0,-0.0,20.077064232056962
2021-08-26 04:00:00,-0.0,2758.4199999999996,2160.0,-0.0,1487.9410000000003,-0.0,0.0,-0.0,20.075056525633755
2021-08-26 05:00:00,-0.0,2727.3599999999997,2160.0,-0.0,1730.473,-0.0,0.0,-0.0,20.07304901998119
2021-08-26 06:00:00,274.66476665643233,2722.0299999999997,2160.0,-0.0,1710.4712333435682,-0.0,0.0,-0.0,20.071041715079193
2021-08-26 07:00:00,844.5602710572103,2728.55,2160.0,-0.0,1351.3627289427895,-0.0,0.0,-0.0,20.069034610907686
2021-08-26 08:00:00,1500.3301029065606,2730.8100000000004,2160.0,-0.0,828.4708970934389,-0.0,0.0,-0.0,20.067027707446595
2021-08-26 09:00:00,2132.354802169686,2712.7400000000002,2160.0,-0.0,253.34119783031338,-0.0,0.0,-0.0,20.065021004675852
2021-08-26 10:00:00,2652.4988935881693,2660.6400000000003,2007.2321064118305,-0.0,-0.0,-0.0,0.0,100.0,115.06301450257538
2021-08-26 11:00:00,2993.236001151367,2565.1200000000003,1684.8769988486324,-0.0,-0.0,-0.0,0.0,100.0,210.05150820112513
2021-08-26 12:00:00,3111.715217454713,2422.55,1632.490782545287,-0.0,-0.0,-0.0,0.0,100.0,305.030503050305
2021-08-26 13:00:00,2993.236001151367,2235.63,1895.2689988486331,-0.0,-0.0,-0.0,0.0,100.0,400.0
2021-08-26 14:00:00,2652.4988935881693,2013.22,2160.0,-0.0,216.52110641183026,-0.0,0.0,-0.0,399.96
2021-08-26 15:00:00,2132.354802169686,1769.23,2160.0,-0.0,1079.523197830314,-0.0,0.0,-0.0,399.920004
2021-08-26 16:00:00,1500.3301029065606,1520.92,2160.0,-0.0,2140.725897093439,-0.0,0.0,-0.0,399.8800119996
2021-08-26 17:00:00,844.5602710572103,1286.65,2160.0,-0.0,3256.5677289427904,-0.0,0.0,-0.0,399.84002399840006
2021-08-26 18:00:00,274.66476665643233,1083.5500000000002,2160.0,621.9202333435678,3500.0,-0.0,100.0,-0.0,294.5368821012634
2021-08-26 19:00:00,-0.0,925.35,2160.0,1128.1929999999993,3500.0,-0.0,100.0,-0.0,189.24427051831645
2021-08-26 20:00:00,-0.0,820.5600000000001,2160.0,1149.5739999999996,3500.0,-0.0,100.0,-0.0,83.96218819652778
2021-08-26 21:00:00,-0.0,771.4799999999999,2160.0,1015.4608976211775,3500.0,-0.0,79.75610237882272,-0.0,-0.0
2021-08-26 22:00:00,-0.0,773.95,2160.0,852.79,3500.0,-0.0,0.0,-0.0,-0.0
2021-08-26 23:00:00,-0.0,818.01,2160.0,606.8329999999996,3500.0,-0.0,0.0,-0.0,-0.0
2021-08-27 00:00:00,-0.0,897.25,2160.0,-0.0,3412.0159999999996,-0.0,0.0,-0.0,-0.0
2021-08-27 01:00:00,-0.0,978.86,2160.0,-0.0,3176.8129999999996,-0.0,0.0,-0.0,-0.0
2021-08-27 02:00:00,-0.0,1053.92,2160.0,-0.0,2995.2309999999998,-0.0,0.0,-0.0,-0.0
2021-08-27 03:00:00,-0.0,1107.67,2160.0,-0.0,2932.8549999999996,-0.0,0.0,-0.0,-0.0
2021-08-27 04:00:00,-0.0,1129.56,2160.0,-0.0,3022.6820000000002,-0.0,0.0,-0.0,-0.0
2021-08-27 05:00:00,-0.0,1114.6200000000001,2160.0,-0.0,3247.151,-0.0,0.0,-0.0,-0.0
2021-08-27 06:00:00,275.66903666461985,1064.1200000000001,2160.0,-0.0,3269.4609633353803,-0.0,0.0,-0.0,-0.0
2021-08-27 07:00:00,875.2860043751921,985.38,2160.0,-0.0,2964.128995624808,-0.0,0.0,-0.0,-0.0
2021-08-27 08:00:00,1569.4953489919153,890.6899999999999,2160.0,-0.0,2498.0776510080846,-0.0,0.0,-0.0,-0.0
2021-08-27 09:00:00,2240.378520289633,795.6199999999999,2160.0,-0.0,1959.5144797103671,-0.0,0.0,-0.0,-0.0
2021-08-27 10:00:00,2793.3431413621947,716.8199999999999,2160.0,-0.0,1445.8038586378052,-0.0,0.0,-0.0,-0.0
2021-08-27 11:00:00,3155.896936649269,669.69,2160.0,-0.0,1051.8590633507306,-0.0,0.0,-0.0,-0.0
2021-08-27 12:00:00,3282.0098372479792,666.21,2160.0,-0.0,851.4631627520207,-0.0,0.0,-0.0,-0.0
2021-08-27 13:00:00,3155.896936649269,713.1999999999999,2160.0,-0.0,886.7780633507314,-0.0,0.0,-0.0,-0.0
2021-08-27 14:00:00,2793.3431413621947,811.3,2160.0,-0.0,1168.2498586378051,-0.0,0.0,-0.0,-0.0
2021-08-27 15:00:00,2240.378520289633,954.7700000000001,2160.0,-0.0,1675.6254797103675,-0.0,0.0,-0.0,-0.0
2021-08-27 16:00:00,1569.4953489919153,1132.1299999999999,2160.0,-0.0,2349.131651008084,-0.0,0.0,-0.0,-0.0
2021-08-27 17:00:00,875.2860043751921,1327.6,2160.0,-0.0,3072.889995624808,-0.0,0.0,-0.0,-0.0
2021-08-27 18:00:00,275.66903666461985,1523.1200000000001,2160.0,168.66396333538069,3500.0,-0.0,0.0,-0.0,-0.0
2021-08-27 19:00:00,-0.0,1700.61,2160.0,339.6750000000002,3500.0,-0.0,0.0,-0.0,-0.0
2021-08-27 20:00:00,-0.0,1844.3799999999999,2160.0,112.02400000000034,3500.0,-0.0,0.0,-0.0,-0.0
2021-08-27 21:00:00,-0.0,1943.05,2160.0,-0.0,3309.55,-0.0,0.0,-0.0,-0.0
2021-08-27 22:00:00,-0.0,1991.06,2160.0,-0.0,3021.32,-0.0,0.0,-0.0,-0.0
2021-08-27 23:00:00,-0.0,1989.2199999999998,2160.0,-0.0,2821.105,-0.0,0.0,-0.0,-0.0
2021-08-28 00:00:00,-0.0,1952.8000000000002,2160.0,-0.0,1805.9430000000002,-0.0,0.0,-0.0,-0.0
2021-08-28 01:00:00,-0.0,1877.6599999999999,2160.0,-0.0,1727.5430000000006,-0.0,0.0,-0.0,-0.0
2021-08-28 02:00:00,-0.0,1787.68,2160.0,-0.0,1711.1579999999997,-0.0,0.0,-0.0,-0.0
2021-08-28 03:00:00,-0.0,1699.86,2160.0,-0.0,1790.6150000000005,-0.0,0.0,-0.0,-0.0
2021-08-28 04:00:00,-0.0,1630.1,2160.0,-0.0,1972.4590000000003,-0.0,0.0,-0.0,-0.0
2021-08-28 05:00:00,-0.0,1591.06,2160.0,-0.0,2221.5000000000005,-0.0,0.0,-0.0,-0.0
2021-08-28 06:00:00,273.29698787227517,1590.4299999999998,2160.0,-0.0,2196.889012127725,-0.0,0.0,-0.0,-0.0
2021-08-28 07:00:00,897.9898999590627,1629.86,2160.0,-0.0,1748.9901000409377,-0.0,0.0,-0.0,-0.0
2021-08-28 08:00:00,1625.876176261386,1704.77,2160.0,-0.0,1080.4448237386143,-0.0,0.0,-0.0,-0.0
2021-08-28 09:00:00,2331.261875447754,1804.9699999999998,2160.0,-0.0,312.9941245522459,-0.0,0.0,-0.0,-0.0
2021-08-28 10:00:00,2913.5721287227516,1916.06,1741.0348712772484,-0.0,-0.0,-0.0,0.0,-0.0,-0.0
2021-08-28 11:00:00,3295.69994742094,2021.47,1197.1841273208242,-0.0,-0.0,-0.0,0.0,21.121074741764055,20.065021004675852
2021-08-28 12:00:00,3428.6763866032143,2104.68,983.3006133967865,-0.0,-0.0,-0.0,0.0,100.0,115.06301450257538
2021-08-28 13:00:00,3295.69994742094,2151.6,1026.8350525790597,-0.0,-0.0,-0.0,0.0,100.0,210.05150820112513
2021-08-28 14:00:00,2913.5721287227516,2152.5,1426.4638712772485,-0.0,-0.0,-0.0,0.0,100.0,305.030503050305
2021-08-28 15:00:00,2331.261875447754,2103.43,2157.206124552247,-0.0,-0.0,-0.0,0.0,100.0,400.0
2021-08-28 16:00:00,1625.876176261386,2006.8700000000001,2160.0,-0.0,780.7098237386142,-0.0,100.0,-0.0,294.69684210526316
2021-08-28 17:00:00,897.9898999590627,1871.47,2160.0,-0.0,1870.6861000409367,-0.0,100.0,-0.0,189.4042145263158
2021-08-28 18:00:00,273.29698787227517,1711.0,2160.0,-0.0,2849.288012127725,-0.0,100.0,-0.0,84.12211621012632
2021-08-28 19:00:00,-0.0,1542.6200000000001,2160.0,-0.0,3427.3981468179823,-0.0,38.251853182018124,-0.0,43.84859538585466
2021-08-28 20:00:00,-0.0,1384.68,2160.0,-0.0,3500.0,-0.0,41.65200000000027,-0.0,-0.0
2021-08-28 21:00:00,-0.0,1254.33,2160.0,-0.0,3470.228,-0.0,0.0,-0.0,-0.0
2021-08-28 22:00:00,-0.0,1165.34,2160.0,-0.0,3321.115,-0.0,0.0,-0.0,-0.0
2021-08-28 23:00:00,-0.0,1126.36,2160.0,-0.0,3160.242,-0.0,0.0,-0.0,-0.0
2021-08-29 00:00:00,-0.0,1148.23,2160.0,-0.0,2525.414,-0.0,0.0,-0.0,-0.0
2021-08-29 01:00:00,-0.0,1210.24,2160.0,-0.0,2312.228,-0.0,0.0,-0.0,-0.0
2021-08-29 02:00:00,-0.0,1311.04,2160.0,-0.0,2107.5060000000003,-0.0,0.0,-0.0,-0.0
2021-08-29 03:00:00,-0.0,1436.49,2160.0,-0.0,1976.2130000000004,-0.0,0.0,-0.0,-0.0
2021-08-29 04:00:00,-0.0,1570.0900000000001,2160.0,-0.0,1957.29,-0.0,0.0,-0.0,-0.0
2021-08-29 05:00:00,-0.0,1695.24,2160.0,-0.0,2044.8069999999996,-0.0,0.0,-0.0,-0.0
2021-08-29 06:00:00,255.109226742401,1797.51,2160.0,-0.0,1938.2197732575987,-0.0,0.0,-0.0,-0.0
2021-08-29 07:00:00,869.4821862910655,1866.7,2160.0,-0.0,1473.6838137089346,-0.0,0.0,-0.0,-0.0
2021-08-29 08:00:00,1590.1537375652445,1898.1899999999998,2160.0,-0.0,858.6422624347558,-0.0,0.0,-0.0,-0.0
2021-08-29 09:00:00,2290.548892539147,1893.6,2160.0,-0.0,203.90310746085288,-0.0,0.0,-0.0,-0.0
2021-08-29 10:00:00,2869.66150081875,1860.58,1803.3645739230142,-0.0,-0.0,-0.0,0.0,21.121074741764055,20.065021004675852
2021-08-29 11:00:00,3250.039548459728,1811.75,1476.3104515402724,-0.0,-0.0,-0.0,0.0,100.0,115.06301450257538
2021-08-29 12:00:00,3382.461482729506,1763.0000000000002,1319.167517270494,-0.0,-0.0,-0.0,0.0,100.0,210.05150820112513
2021-08-29 13:00:00,3250.039548459728,1731.23,1443.995451540272,-0.0,-0.0,-0.0,0.0,100.0,305.030503050305
2021-08-29 14:00:00,2869.66150081875,1732.1100000000001,1845.101499181249,-0.0,-0.0,-0.0,0.0,100.0,400.0
2021-08-29 15:00:00,2290.548892539147,1777.83,2160.0,-0.0,121.11010746085276,-0.0,100.0,-0.0,294.69684210526316
2021-08-29 16:00:00,1590.1537375652445,1875.38,2160.0,-0.0,908.8132624347552,-0.0,100.0,-0.0,189.4042145263158
2021-08-29 17:00:00,869.4821862910655,2025.5300000000002,2160.0,-0.0,1709.3648137089347,-0.0,100.0,-0.0,84.12211621012632
2021-08-29 18:00:00,255.109226742401,2222.63,2160.0,-0.0,2343.5487544590187,-0.0,79.90801879858006,-0.0,-0.0
2021-08-29 19:00:00,-0.0,2455.23,2160.0,-0.0,2524.0660000000003,-0.0,0.0,-0.0,-0.0
2021-08-29 20:00:00,-0.0,2707.56,2160.0,-0.0,2193.247,-0.0,0.0,-0.0,-0.0
2021-08-29 21:00:00,-0.0,2961.46,2160.0,-0.0,1741.0519999999997,-0.0,0.0,-0.0,-0.0
2021-08-29 22:00:00,-0.0,3198.7700000000004,2160.0,-0.0,1269.1449999999995,-0.0,0.0,-0.0,-0.0
2021-08-29 23:00:00,-0.0,3403.62,2160.0,-0.0,867.9710000000005,-0.0,0.0,-0.0,-0.0
2021-08-30 00:00:00,-0.0,3572.99,2160.0,-0.0,525.5320000000002,-0.0,0.0,-0.0,-0.0
2021-08-30 01:00:00,-0.0,3683.9,2160.0,-0.0,267.0160000000001,-0.0,0.0,-0.0,-0.0
2021-08-30 02:00:00,-0.0,3745.46,2160.0,-0.0,105.11899999999969,-0.0,0.0,-0.0,-0.0
2021-08-30 03:00:00,-0.0,3764.3700000000003,2160.0,-0.0,83.96299999999928,-0.0,0.0,-0.0,-0.0
2021-08-30 04:00:00,-0.0,3752.49,2160.0,-0.0,214.1270000000004,-0.0,0.0,-0.0,-0.0
2021-08-30 05:00:00,-0.0,3725.1,2160.0,-0.0,457.7959999999998,-0.0,0.0,-0.0,-0.0
2021-08-30 06:00:00,252.3243798485314,3698.73,2160.0,-0.0,486.24862015146846,-0.0,0.0,-0.0,-0.0
2021-08-30 07:00:00,894.4164238563096,3688.8199999999997,2160.0,-0.0,76.70957614369058,-0.0,0.0,-0.0,-0.0
2021-08-30 08:00:00,1652.892887831338,3707.5399999999995,1600.2461121686626,-0.0,-0.0,-0.0,0.0,-0.0,-0.0
2021-08-30 09:00:00,2392.201965331082,3762.06,851.0890346689175,-0.0,-0.0,-0.0,0.0,-0.0,-0.0
2021-08-30 10:00:00,3004.4924508750387,3853.54,115.34854912496166,-0.0,-0.0,-0.0,0.0,-0.0,-0.0
2021-08-30 11:00:00,3407.0322115187805,3595.5487884812196,-0.0,-0.0,-0.0,-0.0,0.0,100.0,95.0
2021-08-30 12:00:00,3547.2356980605878,3385.4443019394125,-0.0,-0.0,-0.0,-0.0,0.0,100.0,189.9905
2021-08-30 13:00:00,3407.0322115187805,3489.8347884812197,-0.0,-0.0,-0.0,-0.0,0.0,100.0,284.97150095
2021-08-30 14:00:00,3004.4924508750387,3917.5135491249616,-0.0,-0.0,-0.0,-0.0,0.0,100.0,379.943003799905
2021-08-30 15:00:00,2392.201965331082,4524.389999999999,11.536034668918091,-0.0,-0.0,-0.0,0.0,-0.0,379.905009499525
2021-08-30 16:00:00,1652.892887831338,4594.400000000001,869.1711121686615,-0.0,-0.0,-0.0,0.0,-0.0,379.8670189985751
2021-08-30 17:00:00,894.4164238563096,4612.06,1864.6991737261371,-0.0,-0.0,-0.0,0.0,21.232597582447134,400.0
2021-08-30 18:00:00,252.3243798485314,4573.08,2160.0,-0.0,464.77262015146835,-0.0,100.0,-0.0,294.69684210526316
2021-08-30 19:00:00,-0.0,4479.63,2160.0,-0.0,892.027,-0.0,100.0,-0.0,189.4042145263158
2021-08-30 20:00:00,-0.0,4340.13,2160.0,-0.0,956.3779999999997,-0.0,100.0,-0.0,84.12211621012632
2021-08-30 21:00:00,-0.0,4168.17,2160.0,-0.0,953.4339812014196,-0.0,79.90801879858006,-0.0,-0.0
2021-08-30 22:00:00,-0.0,3980.7599999999998,2160.0,-0.0,989.4100000000003,-0.0,0.0,-0.0,-0.0
2021-08-30 23:00:00,-0.0,3796.1800000000003,2160.0,-0.0,980.8729999999996,-0.0,0.0,-0.0,-0.0
2021-08-31 00:00:00,-0.0,3640.31,2160.0,-0.0,530.8700000000003,-0.0,0.0,-0.0,-0.0
2021-08-31 01:00:00,-0.0,3509.4700000000003,2160.0,-0.0,517.2089999999998,-0.0,0.0,-0.0,-0.0
2021-08-31 02:00:00,-0.0,3421.18,2160.0,-0.0,508.2109999999998,-0.0,0.0,-0.0,-0.0
2021-08-31 03:00:00,-0.0,3378.05,2160.0,-0.0,552.0869999999995,-0.0,0.0,-0.0,-0.0
2021-08-31 04:00:00,-0.0,3376.36,2160.0,-0.0,674.9929999999999,-0.0,0.0,-0.0,-0.0
2021-08-31 05:00:00,-0.0,3406.65,2160.0,-0.0,863.8499999999999,-0.0,0.0,-0.0,-0.0
2021-08-31 06:00:00,278.1827922679358,3455.15,2160.0,-0.0,794.3782077320643,-0.0,0.0,-0.0,-0.0
2021-08-31 07:00:00,1028.5265175263537,3505.72,2160.0,-0.0,218.84348247364665,-0.0,0.0,-0.0,-0.0
2021-08-31 08:00:00,1921.3964887933687,3542.19,1592.9015112066315,-0.0,-0.0,-0.0,0.0,-0.0,-0.0
2021-08-31 09:00:00,2794.359733701771,3550.62,758.7742662982291,-0.0,-0.0,-0.0,0.0,-0.0,-0.0
2021-08-31 10:00:00,3518.549310587453,3521.3100000000004,34.44468941254672,-0.0,-0.0,-0.0,0.0,-0.0,-0.0
2021-08-31 11:00:00,3995.109315883738,3110.837684116262,-0.0,-0.0,-0.0,-0.0,0.0,100.0,95.0
2021-08-31 12:00:00,4161.165053679256,2877.244946320744,-0.0,-0.0,-0.0,-0.0,0.0,100.0,189.9905
2021-08-31 13:00:00,3995.109315883738,3009.7716841162623,-0.0,-0.0,-0.0,-0.0,0.0,100.0,284.97150095
2021-08-31 14:00:00,3518.549310587453,3037.05,397.76542546559995,-0.0,-0.0,-0.0,0.0,21.144736053052647,305.030503050305
2021-08-31 15:00:00,2794.359733701771,2875.09,1471.0092662982288,-0.0,-0.0,-0.0,0.0,100.0,400.0
2021-08-31 16:00:00,1921.3964887933687,2728.9799999999996,2160.0,-0.0,320.44951120663177,-0.0,100.0,-0.0,294.69684210526316
2021-08-31 17:00:00,1028.5265175263537,2614.98,2160.0,-0.0,1562.7414824736459,-0.0,100.0,-0.0,189.4042145263158
2021-08-31 18:00:00,278.1827922679358,2545.87,2160.0,-0.0,2584.2822077320643,-0.0,100.0,-0.0,84.12211621012632
2021-08-31 19:00:00,-0.0,2529.21,2160.0,-0.0,2982.45898120142,-0.0,79.90801879858006,-0.0,-0.0
2021-08-31 20:00:00,-0.0,2566.32,2160.0,-0.0,2951.778,-0.0,0.0,-0.0,-0.0
2021-08-31 21:00:00,-0.0,2652.06,2160.0,-0.0,2672.618,-0.0,0.0,-0.0,-0.0
2021-08-31 22:00:00,-0.0,2775.47,2160.0,-0.0,2319.346,-0.0,0.0,-0.0,-0.0
2021-08-31 23:00:00,-0.0,2921.2,2160.0,-0.0,1981.8829999999998,-0.0,0.0,-0.0,-0.0
2021-09-01 00:00:00,-0.0,3080.4199999999996,2160.0,-0.0,1218.2590000000005,-0.0,0.0,-0.0,-0.0
2021-09-01 01:00:00,-0.0,3217.4700000000003,2160.0,-0.0,937.8949999999995,-0.0,0.0,-0.0,-0.0
2021-09-01 02:00:00,-0.0,3325.68,2160.0,-0.0,733.4839999999999,-0.0,0.0,-0.0,-0.0
2021-09-01 03:00:00,-0.0,3393.7400000000002,2160.0,-0.0,667.1569999999997,-0.0,0.0,-0.0,-0.0
2021-09-01 04:00:00,-0.0,3415.97,2160.0,-0.0,767.0270000000005,-0.0,0.0,-0.0,-0.0
2021-09-01 05:00:00,-0.0,3393.05,2160.0,-0.0,1009.8779999999997,-0.0,0.0,-0.0,-0.0
2021-09-01 06:00:00,298.42838273974013,3331.77,2160.0,-0.0,1030.6196172602602,-0.0,0.0,-0.0,-0.0
2021-09-01 07:00:00,1154.6086122965921,3244.0,2160.0,-0.0,488.164387703408,-0.0,0.0,-0.0,-0.0
2021-09-01 08:00:00,2181.2929412803196,3145.0,1864.3500587196804,-0.0,-0.0,-0.0,0.0,-0.0,-0.0
2021-09-01 09:00:00,3188.2245730477953,3051.2200000000003,998.8324269522045,-0.0,-0.0,-0.0,0.0,-0.0,-0.0
2021-09-01 10:00:00,4024.9909695015867,2977.97,206.12803049841386,-0.0,-0.0,-0.0,0.0,-0.0,-0.0
2021-09-01 11:00:00,4576.162691357078,2664.7273086429223,-0.0,-0.0,-0.0,-0.0,0.0,100.0,95.0
2021-09-01 12:00:00,4768.304804702692,2405.1011952973076,-0.0,-0.0,-0.0,-0.0,0.0,100.0,189.9905
2021-09-01 13:00:00,4576.162691357078,2563.6613086429215,-0.0,-0.0,-0.0,-0.0,0.0,100.0,284.97150095
2021-09-01 14:00:00,4024.9909695015867,3049.27,-0.0,-0.0,-0.0,-0.0,0.0,7.254969501586402,291.83522482641206
2021-09-01 15:00:00,3188.2245730477953,3147.39,853.287913001021,-0.0,-0.0,-0.0,0.0,13.920486048816418,305.030503050305
2021-09-01 16:00:00,2181.2929412803196,3254.2900000000004,2029.3980587196793,-0.0,-0.0,-0.0,0.0,100.0,400.0
2021-09-01 17:00:00,1154.6086122965921,3352.55,2160.0,-0.0,832.7723877034073,-0.0,100.0,-0.0,294.69684210526316
2021-09-01 18:00:00,298.42838273974013,3424.88,2160.0,-0.0,1818.1336172602598,-0.0,100.0,-0.0,189.4042145263158
2021-09-01 19:00:00,-0.0,3456.39,2160.0,-0.0,2167.6150000000002,-0.0,100.0,-0.0,84.12211621012632
2021-09-01 20:00:00,-0.0,3436.61,2160.0,-0.0,2133.22498120142,-0.0,79.90801879858006,-0.0,-0.0
2021-09-01 21:00:00,-0.0,3360.91,2160.0,-0.0,2094.5280000000002,-0.0,0.0,-0.0,-0.0
2021-09-01 22:00:00,-0.0,3231.12,2160.0,-0.0,1993.469,-0.0,0.0,-0.0,-0.0
2021-09-01 23:00:00,-0.0,3055.3599999999997,2160.0,-0.0,1976.4090000000006,-0.0,0.0,-0.0,-0.0
2021-09-02 00:00:00,-0.0,2856.0099999999998,2160.0,-0.0,1570.3480000000004,-0.0,0.0,-0.0,-0.0
2021-09-02 01:00:00,-0.0,2631.6299999999997,2160.0,-0.0,1650.1280000000002,-0.0,0.0,-0.0,-0.0
2021-09-02 02:00:00,-0.0,2409.3700000000003,2160.0,-0.0,1774.8039999999996,-0.0,0.0,-0.0,-0.0
2021-09-02 03:00:00,-0.0,2206.19,2160.0,-0.0,1978.2360000000003,-0.0,0.0,-0.0,-0.0
2021-09-02 04:00:00,-0.0,2035.75,2160.0,-0.0,2269.2,-0.0,0.0,-0.0,-0.0
2021-09-02 05:00:00,-0.0,1906.72,2160.0,-0.0,2616.491,-0.0,0.0,-0.0,-0.0
2021-09-02 06:00:00,277.6714155153004,1821.69,2160.0,-0.0,2679.9775844846995,-0.0,0.0,-0.0,-0.0
2021-09-02 07:00:00,1128.3189182785795,1776.9099999999999,2160.0,-0.0,2098.2120817214204,-0.0,0.0,-0.0,-0.0
2021-09-02 08:00:00,2156.642117337018,1762.98,2160.0,-0.0,1225.7458826629822,-0.0,0.0,-0.0,-0.0
2021-09-02 09:00:00,3168.441070003071,1766.23,2160.0,-0.0,256.2999299969283,-0.0,0.0,-0.0,-0.0
2021-09-02 10:00:00,4010.727870919047,1770.68,1559.3792038227175,-0.0,-0.0,-0.0,0.0,21.121074741764055,20.065021004675852
2021-09-02 11:00:00,4566.089185446731,1760.35,1022.8268145532684,-0.0,-0.0,-0.0,0.0,100.0,115.06301450257538
2021-09-02 12:00:00,4759.771590215946,1721.55,798.1764097840532,-0.0,-0.0,-0.0,0.0,100.0,210.05150820112513
2021-09-02 13:00:00,4566.089185446731,1644.87,1032.592814553269,-0.0,-0.0,-0.0,0.0,100.0,305.030503050305
2021-09-02 14:00:00,4010.727870919047,1526.56,1731.003129080953,-0.0,-0.0,-0.0,0.0,100.0,400.0
2021-09-02 15:00:00,3168.441070003071,1369.1999999999998,2160.0,-0.0,576.1069299969286,-0.0,0.0,-0.0,399.96
2021-09-02 16:00:00,2156.642117337018,1181.4099999999999,2160.0,-0.0,1963.1018826629825,-0.0,0.0,-0.0,399.920004
2021-09-02 17:00:00,1128.3189182785795,976.84,2160.0,-0.0,3428.27808172142,-0.0,0.0,-0.0,399.8800119996
2021-09-02 18:00:00,277.6714155153004,772.4300000000001,2160.0,1082.111584484699,3500.0,-0.0,100.0,-0.0,294.57686610366324
2021-09-02 19:00:00,-0.0,586.1899999999999,2160.0,1625.7820000000002,3500.0,-0.0,100.0,-0.0,189.28425052231603
2021-09-02 20:00:00,-0.0,434.83,2160.0,1700.0110000000004,3500.0,-0.0,100.0,-0.0,84.00216420252697
2021-09-02 21:00:00,-0.0,331.63,2160.0,1626.1809242131985,3500.0,-0.0,79.79407578680139,-0.0,-0.0
2021-09-02 22:00:00,-0.0,300.0,2160.0,1503.7640000000001,3500.0,-0.0,0.0,-0.0,-0.0
2021-09-02 23:00:00,-0.0,300.0,2160.0,1307.8950000000004,3500.0,-0.0,0.0,-0.0,-0.0
2021-09-03 00:00:00,-0.0,369.21000000000004,2160.0,630.3450000000003,3500.0,-0.0,0.0,-0.0,-0.0
2021-09-03 01:00:00,-0.0,476.31,2160.0,375.48799999999983,3500.0,-0.0,0.0,-0.0,-0.0
2021-09-03 02:00:00,-0.0,611.26,2160.0,139.7460000000001,3500.0,-0.0,0.0,-0.0,-0.0
2021-09-03 03:00:00,-0.0,756.7,2160.0,-0.0,3491.304,-0.0,0.0,-0.0,-0.0
2021-09-03 04:00:00,-0.0,895.15,2160.0,-0.0,3470.0799999999995,-0.0,0.0,-0.0,-0.0
2021-09-03 05:00:00,-0.0,1011.35,2160.0,68.79999999999973,3500.0,-0.0,0.0,-0.0,-0.0
2021-09-03 06:00:00,227.18682381537204,1094.2,2160.0,11.511176184628312,3500.0,-0.0,0.0,-0.0,-0.0
2021-09-03 07:00:00,973.605886526456,1138.27,2160.0,-0.0,2941.708113473544,-0.0,0.0,-0.0,-0.0
2021-09-03 08:00:00,1883.6285430866853,1144.37,2160.0,-0.0,2164.0644569133146,-0.0,0.0,-0.0,-0.0
2021-09-03 09:00:00,2782.000435318801,1119.3799999999999,2160.0,-0.0,1332.807564681199,-0.0,0.0,-0.0,-0.0
2021-09-03 10:00:00,3531.2105060894487,1075.22,2160.0,-0.0,592.9464939105515,-0.0,0.0,-0.0,-0.0
2021-09-03 11:00:00,4025.699503556443,1027.1299999999999,2160.0,-0.0,72.61649644355703,-0.0,0.0,-0.0,-0.0
2021-09-03 12:00:00,4198.236787662471,991.46,2122.430212337529,-0.0,-0.0,-0.0,0.0,100.0,95.0
2021-09-03 13:00:00,4025.699503556443,983.39,2160.0,-0.0,3.5214964435572256,-0.0,0.0,-0.0,94.9905
2021-09-03 14:00:00,3531.2105060894487,1014.72,2160.0,-0.0,487.8344939105514,-0.0,0.0,-0.0,94.98100095
2021-09-03 15:00:00,2782.000435318801,1092.13,2160.0,-0.0,1261.4945646811989,-0.0,0.0,-0.0,94.971502849905
2021-09-03 16:00:00,1883.6285430866853,1216.22,2160.0,-0.0,2219.5764569133144,-0.0,0.0,-0.0,94.96200569962001
2021-09-03 17:00:00,973.605886526456,1381.22,2160.0,-0.0,3193.269113473544,-0.0,0.0,-0.0,94.95250949905005
2021-09-03 18:00:00,227.18682381537204,1575.73,2160.0,350.1423126489326,3500.0,-0.0,90.19586353569514,-0.0,-0.0
2021-09-03 19:00:00,-0.0,1784.0500000000002,2160.0,535.3490000000002,3500.0,-0.0,0.0,-0.0,-0.0
2021-09-03 20:00:00,-0.0,1988.28,2160.0,250.3760000000002,3500.0,-0.0,0.0,-0.0,-0.0
2021-09-03 21:00:00,-0.0,2170.58,2160.0,-0.0,3367.233,-0.0,0.0,-0.0,-0.0
2021-09-03 22:00:00,-0.0,2315.51,2160.0,-0.0,2984.865,-0.0,0.0,-0.0,-0.0
2021-09-03 23:00:00,-0.0,2411.99,2160.0,-0.0,2688.9310000000005,-0.0,0.0,-0.0,-0.0
2021-09-04 00:00:00,-0.0,2464.27,2160.0,-0.0,1588.7670000000003,-0.0,0.0,-0.0,-0.0
2021-09-04 01:00:00,-0.0,2454.6299999999997,2160.0,-0.0,1447.0980000000004,-0.0,0.0,-0.0,-0.0
2021-09-04 02:00:00,-0.0,2400.0099999999998,2160.0,-0.0,1397.3970000000004,-0.0,0.0,-0.0,-0.0
2021-09-04 03:00:00,-0.0,2313.08,2160.0,-0.0,1477.8180000000002,-0.0,0.0,-0.0,-0.0
2021-09-04 04:00:00,-0.0,2210.01,2160.0,-0.0,1694.6350000000002,-0.0,0.0,-0.0,-0.0
2021-09-04 05:00:00,-0.0,2108.2400000000002,2160.0,-0.0,2007.877,-0.0,0.0,-0.0,-0.0
2021-09-04 06:00:00,184.51459021594516,2024.15,2160.0,-0.0,2156.7854097840545,-0.0,0.0,-0.0,-0.0
2021-09-04 07:00:00,837.8507616160067,1970.8700000000001,2160.0,-0.0,1774.036238383993,-0.0,0.0,-0.0,-0.0
2021-09-04 08:00:00,1641.550181787944,1956.54,2160.0,-0.0,1119.8048182120565,-0.0,0.0,-0.0,-0.0
2021-09-04 09:00:00,2437.677529321462,1983.26,2160.0,-0.0,335.7824706785382,-0.0,0.0,-0.0,-0.0
2021-09-04 10:00:00,3102.8493000204694,2046.8700000000001,1728.9356999795305,-0.0,-0.0,-0.0,0.0,-0.0,-0.0
2021-09-04 11:00:00,3542.3190878364553,2137.59,1142.7289869053088,-0.0,-0.0,-0.0,0.0,21.121074741764055,20.065021004675852
2021-09-04 12:00:00,3695.738274792755,2241.37,887.9317252072451,-0.0,-0.0,-0.0,0.0,100.0,115.06301450257538
2021-09-04 13:00:00,3542.3190878364553,2341.97,898.1309121635454,-0.0,-0.0,-0.0,0.0,100.0,210.05150820112513
2021-09-04 14:00:00,3102.8493000204694,2423.17,1274.5046999795309,-0.0,-0.0,-0.0,0.0,100.0,305.030503050305
2021-09-04 15:00:00,2437.677529321462,2471.1,1990.6144706785376,-0.0,-0.0,-0.0,0.0,100.0,400.0
2021-09-04 16:00:00,1641.550181787944,2476.2400000000002,2160.0,-0.0,602.469818212056,-0.0,100.0,-0.0,294.69684210526316
2021-09-04 17:00:00,837.8507616160067,2434.77,2160.0,-0.0,1673.441238383993,-0.0,100.0,-0.0,189.4042145263158
2021-09-04 18:00:00,184.51459021594516,2349.24,2160.0,-0.0,2604.664409784055,-0.0,100.0,-0.0,84.12211621012632
2021-09-04 19:00:00,-0.0,2228.34,2160.0,-0.0,3003.57898120142,-0.0,79.90801879858006,-0.0,-0.0
2021-09-04 20:00:00,-0.0,2085.8199999999997,2160.0,-0.0,3142.598,-0.0,0.0,-0.0,-0.0
2021-09-04 21:00:00,-0.0,1938.75,2160.0,-0.0,3086.2309999999998,-0.0,0.0,-0.0,-0.0
2021-09-04 22:00:00,-0.0,1805.32,2160.0,-0.0,2979.7040000000006,-0.0,0.0,-0.0,-0.0
2021-09-04 23:00:00,-0.0,1702.5100000000002,2160.0,-0.0,2880.617,-0.0,0.0,-0.0,-0.0
2021-09-05 00:00:00,-0.0,1653.46,2160.0,-0.0,2315.737,-0.0,0.0,-0.0,-0.0
2021-09-05 01:00:00,-0.0,1647.2800000000002,2160.0,-0.0,2168.324,-0.0,0.0,-0.0,-0.0
2021-09-05 02:00:00,-0.0,1695.71,2160.0,-0.0,2013.3720000000003,-0.0,0.0,-0.0,-0.0
2021-09-05 03:00:00,-0.0,1794.4199999999998,2160.0,-0.0,1906.0360000000003,-0.0,0.0,-0.0,-0.0
2021-09-05 04:00:00,-0.0,1933.26,2160.0,-0.0,1878.9129999999998,-0.0,0.0,-0.0,-0.0
2021-09-05 05:00:00,-0.0,2097.66,2160.0,-0.0,1924.0420000000004,-0.0,0.0,-0.0,-0.0
2021-09-05 06:00:00,162.3467160474875,2270.64,2160.0,-0.0,1836.1942839525123,-0.0,0.0,-0.0,-0.0
2021-09-05 07:00:00,785.3145017398425,2435.1,2160.0,-0.0,1264.3114982601574,-0.0,0.0,-0.0,-0.0
2021-09-05 08:00:00,1558.9227886603219,2576.1299999999997,2160.0,-0.0,483.1412113396789,-0.0,0.0,-0.0,-0.0
2021-09-05 09:00:00,2327.9471683041656,2683.01,1804.4868316958346,-0.0,-0.0,-0.0,0.0,-0.0,-0.0
2021-09-05 10:00:00,2971.6842435523495,2750.6000000000004,1053.6147564476505,-0.0,-0.0,-0.0,0.0,-0.0,-0.0
2021-09-05 11:00:00,3397.4454376982912,2780.05,541.0026370434734,-0.0,-0.0,-0.0,0.0,21.121074741764055,20.065021004675852
2021-09-05 12:00:00,3546.1451717326786,2778.4900000000002,394.97882826732075,-0.0,-0.0,-0.0,0.0,100.0,115.06301450257538
2021-09-05 13:00:00,3397.4454376982912,2758.1,520.2605623017084,-0.0,-0.0,-0.0,0.0,100.0,210.05150820112513
2021-09-05 14:00:00,2971.6842435523495,2734.31,986.8297564476502,-0.0,-0.0,-0.0,0.0,100.0,305.030503050305
2021-09-05 15:00:00,2327.9471683041656,2723.62,1739.1378316958344,-0.0,-0.0,-0.0,0.0,100.0,400.0
2021-09-05 16:00:00,1558.9227886603219,2741.3300000000004,2160.0,-0.0,310.43521133967783,-0.0,100.0,-0.0,294.69684210526316
2021-09-05 17:00:00,785.3145017398425,2799.3,2160.0,-0.0,1251.0924982601578,-0.0,100.0,-0.0,189.4042145263158
2021-09-05 18:00:00,162.3467160474875,2904.23,2160.0,-0.0,1960.8072839525125,-0.0,100.0,-0.0,84.12211621012632
2021-09-05 19:00:00,-0.0,3056.68,2160.0,-0.0,2063.6279812014204,-0.0,79.90801879858006,-0.0,-0.0
2021-09-05 20:00:00,-0.0,3250.7999999999997,2160.0,-0.0,1865.5350000000003,-0.0,0.0,-0.0,-0.0
2021-09-05 21:00:00,-0.0,3475.04,2160.0,-0.0,1437.491,-0.0,0.0,-0.0,-0.0
2021-09-05 22:00:00,-0.0,3713.5499999999997,2160.0,-0.0,958.761,-0.0,0.0,-0.0,-0.0
2021-09-05 23:00:00,-0.0,3948.18,2160.0,-0.0,522.0760000000005,-0.0,0.0,-0.0,-0.0
2021-09-06 00:00:00,-0.0,4170.62,2160.0,-0.0,121.96900000000005,-0.0,0.0,-0.0,-0.0
2021-09-06 01:00:00,-0.0,4345.51,1953.5389999999998,-0.0,-0.0,-0.0,0.0,-0.0,-0.0
2021-09-06 02:00:00,-0.0,4471.25,1721.4340000000002,-0.0,-0.0,-0.0,0.0,-0.0,-0.0
2021-09-06 03:00:00,-0.0,4542.22,1642.1009999999997,-0.0,-0.0,-0.0,0.0,-0.0,-0.0
2021-09-06 04:00:00,-0.0,4559.2300000000005,1737.1749999999993,-0.0,-0.0,-0.0,0.0,-0.0,-0.0
2021-09-06 05:00:00,-0.0,4529.34,1977.0659999999998,-0.0,-0.0,-0.0,0.0,-0.0,-0.0
2021-09-06 06:00:00,142.64946932248492,4464.78,2147.0325306775158,-0.0,-0.0,-0.0,0.0,-0.0,-0.0
2021-09-06 07:00:00,739.6725862757139,4381.25,1849.7634137242858,-0.0,-0.0,-0.0,0.0,-0.0,-0.0
2021-09-06 08:00:00,1488.4883424419202,4295.74,1320.70865755808,-0.0,-0.0,-0.0,0.0,-0.0,-0.0
2021-09-06 09:00:00,2235.578972213694,4224.19,683.3030277863063,-0.0,-0.0,-0.0,0.0,-0.0,-0.0
2021-09-06 10:00:00,2862.163362168663,4179.26,63.08963783133686,-0.0,-0.0,-0.0,0.0,-0.0,-0.0
2021-09-06 11:00:00,3277.0316153669028,3850.0463846330977,-0.0,-0.0,-0.0,-0.0,0.0,100.0,95.0
2021-09-06 12:00:00,3421.997682990482,3628.5053170095175,-0.0,-0.0,-0.0,-0.0,0.0,100.0,189.9905
2021-09-06 13:00:00,3277.0316153669028,3730.949384633097,-0.0,-0.0,-0.0,-0.0,0.0,100.0,284.97150095
2021-09-06 14:00:00,2862.163362168663,4164.218637831336,-0.0,-0.0,-0.0,-0.0,0.0,100.0,379.943003799905
2021-09-06 15:00:00,2235.578972213694,4414.78,375.3850277863057,-0.0,-0.0,-0.0,0.0,-0.0,379.905009499525
2021-09-06 16:00:00,1488.4883424419202,4490.61,1243.2561741164693,-0.0,-0.0,-0.0,0.0,15.052516558389172,394.1669097290448
2021-09-06 17:00:00,739.6725862757138,4540.5,2160.0,-0.0,-0.0,-0.0,0.0,6.181586275713812,400.0
2021-09-06 18:00:00,142.64946932248492,4550.4,2160.0,-0.0,674.381530677515,-0.0,100.0,-0.0,294.69684210526316
2021-09-06 19:00:00,-0.0,4510.68,2160.0,-0.0,931.4359999999997,-0.0,100.0,-0.0,189.4042145263158
2021-09-06 20:00:00,-0.0,4417.46,2160.0,-0.0,942.7179999999998,-0.0,100.0,-0.0,84.12211621012632
2021-09-06 21:00:00,-0.0,4273.29,2160.0,-0.0,905.2059812014204,-0.0,79.90801879858006,-0.0,-0.0
2021-09-06 22:00:00,-0.0,4086.9,2160.0,-0.0,933.4010000000003,-0.0,0.0,-0.0,-0.0
2021-09-06 23:00:00,-0.0,3872.1699999999996,2160.0,-0.0,948.2770000000005,-0.0,0.0,-0.0,-0.0
2021-09-07 00:00:00,-0.0,3656.3,2160.0,-0.0,552.7789999999995,-0.0,0.0,-0.0,-0.0
2021-09-07 01:00:00,-0.0,3437.81,2160.0,-0.0,620.0930000000003,-0.0,0.0,-0.0,-0.0
2021-09-07 02:00:00,-0.0,3243.89,2160.0,-0.0,710.0909999999999,-0.0,0.0,-0.0,-0.0
2021-09-07 03:00:00,-0.0,3088.44,2160.0,-0.0,859.6979999999999,-0.0,0.0,-0.0,-0.0
2021-09-07 04:00:00,-0.0,2980.1899999999996,2160.0,-0.0,1082.6260000000002,-0.0,0.0,-0.0,-0.0
2021-09-07 05:00:00,-0.0,2921.72,2160.0,-0.0,1353.7620000000002,-0.0,0.0,-0.0,-0.0
2021-09-07 06:00:00,114.75787222392798,2909.16,2160.0,-0.0,1502.3561277760725,-0.0,0.0,-0.0,-0.0
2021-09-07 07:00:00,642.4863586122199,2932.9,2160.0,-0.0,1169.9146413877804,-0.0,0.0,-0.0,-0.0
2021-09-07 08:00:00,1311.4164403848124,2978.9300000000003,2160.0,-0.0,592.0745596151876,-0.0,0.0,-0.0,-0.0
2021-09-07 09:00:00,1981.3015028400373,3030.84,2071.346497159963,-0.0,-0.0,-0.0,0.0,-0.0,-0.0
2021-09-07 10:00:00,2544.24721233753,3072.15,1452.6438624042344,-0.0,-0.0,-0.0,0.0,21.121074741764055,20.065021004675852
2021-09-07 11:00:00,2917.3920514532806,3088.5499999999997,1067.5939485467197,-0.0,-0.0,-0.0,0.0,100.0,115.06301450257538
2021-09-07 12:00:00,3047.84241270085,3069.9500000000003,882.2725872991491,-0.0,-0.0,-0.0,0.0,100.0,210.05150820112513
2021-09-07 13:00:00,2917.3920514532806,3011.86,1031.447948546719,-0.0,-0.0,-0.0,0.0,100.0,305.030503050305
2021-09-07 14:00:00,2544.24721233753,2916.04,1522.0217876624702,-0.0,-0.0,-0.0,0.0,100.0,400.0
2021-09-07 15:00:00,1981.301502840037,2790.24,2160.0,-0.0,-0.0,-0.0,53.383497159963326,-0.0,343.7668450947754
2021-09-07 16:00:00,1311.4164403848124,2647.23,2160.0,-0.0,951.1365596151879,-0.0,100.0,-0.0,238.46931051552912
2021-09-07 17:00:00,642.4863586122199,2503.0200000000004,2160.0,-0.0,1994.3056413877794,-0.0,100.0,-0.0,133.18230568974076
2021-09-07 18:00:00,114.75787222392798,2374.6600000000003,2160.0,-0.0,2847.213127776072,-0.0,100.0,-0.0,27.90582956443494
2021-09-07 19:00:00,-0.0,2277.95,2160.0,-0.0,3227.1499755299387,-0.0,9.632024470061364,-0.0,17.764065855098114
2021-09-07 20:00:00,-0.0,2225.21,2160.0,-0.0,3211.032,-0.0,0.0,-0.0,17.762289448512604
2021-09-07 21:00:00,-0.0,2223.58,2160.0,-0.0,3014.367,-0.0,0.0,-0.0,17.760513219567752
2021-09-07 22:00:00,-0.0,2274.0,2160.0,-0.0,2729.3500000000004,-0.0,0.0,-0.0,17.758737168245794
2021-09-07 23:00:00,-0.0,2370.94,2160.0,-0.0,2436.087,-0.0,0.0,-0.0,17.75696129452897
2021-09-08 00:00:00,-0.0,2513.25,2160.0,-0.0,1686.12,-0.0,0.0,-0.0,17.755185598399517
2021-09-08 01:00:00,-0.0,2665.04,2160.0,-0.0,1386.723,-0.0,0.0,-0.0,17.75341007983968
2021-09-08 02:00:00,-0.0,2818.46,2160.0,-0.0,1132.9660000000003,-0.0,0.0,-0.0,17.751634738831694
2021-09-08 03:00:00,-0.0,2955.4799999999996,2160.0,-0.0,993.7000000000007,-0.0,0.0,-0.0,17.74985957535781
2021-09-08 04:00:00,-0.0,3060.41,2160.0,-0.0,1007.0540000000001,-0.0,0.0,-0.0,17.748084589400275
2021-09-08 05:00:00,-0.0,3121.83,2160.0,-0.0,1161.9130000000005,-0.0,0.0,-0.0,17.746309780941335
2021-09-08 06:00:00,92.92270100296798,3134.0499999999997,2160.0,-0.0,1311.178298997032,-0.0,0.0,-0.0,17.74453514996324
2021-09-08 07:00:00,566.5191856002457,3097.7700000000004,2160.0,-0.0,1096.5038143997535,-0.0,0.0,-0.0,17.742760696448244
2021-09-08 08:00:00,1173.5850026353498,3019.87,2160.0,-0.0,708.0709973646501,-0.0,0.0,-0.0,17.7409864203786
2021-09-08 09:00:00,1783.8792704943203,2912.3700000000003,2160.0,-0.0,249.9487295056797,-0.0,0.0,-0.0,17.739212321736563
2021-09-08 10:00:00,2297.7821010643747,2790.72,2085.725898935625,-0.0,-0.0,-0.0,0.0,100.0,112.73743840050439
2021-09-08 11:00:00,2638.8026222495146,2671.62,1793.0063777504856,-0.0,-0.0,-0.0,0.0,100.0,207.72616465666434
2021-09-08 12:00:00,2758.088951258828,2570.67,1704.7690487411724,-0.0,-0.0,-0.0,0.0,100.0,302.70539204019866
2021-09-08 13:00:00,2638.8026222495146,2500.2000000000003,1858.7113777504846,-0.0,-0.0,-0.0,0.0,100.0,397.67512150099463
2021-09-08 14:00:00,2297.7821010643743,2467.56,2160.0,-0.0,-0.0,-0.0,0.0,2.489101064374154,400.0
2021-09-08 15:00:00,1783.8792704943203,2474.06,2160.0,-0.0,611.0357295056801,-0.0,0.0,-0.0,399.96
2021-09-08 16:00:00,1173.5850026353498,2514.74,2160.0,-0.0,1368.9869973646503,-0.0,0.0,-0.0,399.920004
2021-09-08 17:00:00,566.5191856002457,2579.0800000000004,2160.0,-0.0,2145.190814399754,-0.0,0.0,-0.0,399.8800119996
2021-09-08 18:00:00,92.92270100296798,2652.33,2160.0,-0.0,2745.7712989970323,-0.0,0.0,-0.0,399.84002399840006
2021-09-08 19:00:00,-0.0,2717.5899999999997,2160.0,-0.0,2854.914,-0.0,0.0,-0.0,399.80003999600024
2021-09-08 20:00:00,-0.0,2758.06,2160.0,-0.0,2739.2949999999996,-0.0,0.0,-0.0,399.76005999200066
2021-09-08 21:00:00,-0.0,2759.33,2160.0,-0.0,2543.0299999999997,-0.0,0.0,-0.0,399.72008398600144
2021-09-08 22:00:00,-0.0,2711.4500000000003,2160.0,-0.0,2359.5669999999996,-0.0,0.0,-0.0,399.68011197760285
2021-09-08 23:00:00,-0.0,2610.25,2160.0,-0.0,2267.651,-0.0,0.0,-0.0,399.6401439664051
2021-09-09 00:00:00,-0.0,2468.31,2160.0,-0.0,1805.2469999999998,-0.0,0.0,-0.0,399.6001799520085
2021-09-09 01:00:00,-0.0,2273.58,2160.0,-0.0,1855.4759999999997,-0.0,0.0,-0.0,399.5602199340133
2021-09-09 02:00:00,-0.0,2050.0299999999997,2160.0,-0.0,1981.7380000000003,-0.0,0.0,-0.0,399.52026391201986
2021-09-09 03:00:00,-0.0,1814.78,2160.0,-0.0,2217.7340000000004,-0.0,0.0,-0.0,399.4803118856287
2021-09-09 04:00:00,-0.0,1586.19,2160.0,-0.0,2567.5399999999995,-0.0,0.0,-0.0,399.44036385444014
2021-09-09 05:00:00,-0.0,1381.48,2160.0,-0.0,2991.3979999999997,-0.0,0.0,-0.0,399.4004198180547
2021-09-09 06:00:00,90.76013184423294,1214.53,2160.0,-0.0,3324.797868155767,-0.0,0.0,-0.0,399.36047977607285
2021-09-09 07:00:00,608.7416541039813,1094.16,2160.0,-0.0,3152.5653458960187,-0.0,0.0,-0.0,399.32054372809523
2021-09-09 08:00:00,1280.653740072664,1023.06,2160.0,-0.0,2695.1512599273356,-0.0,0.0,-0.0,399.28061167372243
2021-09-09 09:00:00,1958.8317315525537,997.53,2160.0,-0.0,2089.770268447446,-0.0,0.0,-0.0,399.2406836125551
2021-09-09 10:00:00,2531.0869624142874,1008.1700000000001,2160.0,-0.0,1477.424037585712,-0.0,0.0,-0.0,399.20075954419383
2021-09-09 11:00:00,2911.261691587351,1041.2,2160.0,-0.0,995.8623084126489,-0.0,0.0,-0.0,399.16083946823943
2021-09-09 12:00:00,3044.3059035922633,1080.52,2160.0,-0.0,755.9610964077369,-0.0,0.0,-0.0,399.1209233842926
2021-09-09 13:00:00,2911.261691587351,1109.96,2160.0,-0.0,826.0363084126489,-0.0,0.0,-0.0,399.0810112919542
2021-09-09 14:00:00,2531.0869624142874,1115.5800000000002,2160.0,-0.0,1227.9310375857126,-0.0,0.0,-0.0,399.041103190825
2021-09-09 15:00:00,1958.8317315525537,1087.68,2160.0,-0.0,1936.3242684474462,-0.0,0.0,-0.0,399.00119908050596
2021-09-09 16:00:00,1280.653740072664,1022.16,2160.0,-0.0,2870.390259927336,-0.0,0.0,-0.0,398.9612989605979
2021-09-09 17:00:00,608.7416541039813,921.19,2160.0,278.6933458960184,3500.0,-0.0,100.0,-0.0,293.658244935965
2021-09-09 18:00:00,90.76013184423294,792.97,2160.0,1126.9818681557672,3500.0,-0.0,100.0,-0.0,188.36572121673458
2021-09-09 19:00:00,-0.0,650.6800000000001,2160.0,1443.2749999999996,3500.0,-0.0,100.0,-0.0,83.08372674987608
2021-09-09 20:00:00,-0.0,510.75,2160.0,1530.8033525416595,3500.0,-0.0,78.92164745834104,-0.0,-0.0
2021-09-09 21:00:00,-0.0,390.65999999999997,2160.0,1536.3950000000004,3500.0,-0.0,0.0,-0.0,-0.0
2021-09-09 22:00:00,-0.0,306.6,2160.0,1390.5929999999998,3500.0,-0.0,0.0,-0.0,-0.0
2021-09-09 23:00:00,-0.0,300.0,2160.0,1205.46,3500.0,-0.0,0.0,-0.0,-0.0
2021-09-10 00:00:00,-0.0,302.65,2160.0,599.906,3500.0,-0.0,0.0,-0.0,-0.0
2021-09-10 01:00:00,-0.0,381.03,2160.0,378.21200000000044,3500.0,-0.0,0.0,-0.0,-0.0
2021-09-10 02:00:00,-0.0,511.66,2160.0,151.38200000000052,3500.0,-0.0,0.0,-0.0,-0.0
2021-09-10 03:00:00,-0.0,683.48,2160.0,-0.0,3481.2940000000003,-0.0,0.0,-0.0,-0.0
2021-09-10 04:00:00,-0.0,881.04,2160.0,-0.0,3405.834,-0.0,0.0,-0.0,-0.0
2021-09-10 05:00:00,-0.0,1086.5,2160.0,-0.0,3420.3050000000003,-0.0,0.0,-0.0,-0.0
2021-09-10 06:00:00,98.25827049431994,1281.95,2160.0,-0.0,3384.48672950568,-0.0,0.0,-0.0,-0.0
2021-09-10 07:00:00,734.0720866595027,1451.6899999999998,2160.0,-0.0,2804.887913340497,-0.0,0.0,-0.0,-0.0
2021-09-10 08:00:00,1569.3782868437213,1584.2800000000002,2160.0,-0.0,1980.861713156279,-0.0,0.0,-0.0,-0.0
2021-09-10 09:00:00,2415.9286144202238,1673.9499999999998,2160.0,-0.0,1092.2753855797769,-0.0,0.0,-0.0,-0.0
2021-09-10 10:00:00,3131.7759729556856,1721.26,2160.0,-0.0,299.93002704431456,-0.0,0.0,-0.0,-0.0
2021-09-10 11:00:00,3607.910857819057,1732.8799999999999,2003.9761421809426,-0.0,-0.0,-0.0,0.0,100.0,95.0
2021-09-10 12:00:00,3774.625840343875,1720.57,1782.0871596561256,-0.0,-0.0,-0.0,0.0,100.0,189.9905
2021-09-10 13:00:00,3607.910857819057,1699.4699999999998,1936.3201421809426,-0.0,-0.0,-0.0,0.0,100.0,284.97150095
2021-09-10 14:00:00,3131.7759729556856,1685.9099999999999,2160.0,-0.0,122.59119843990567,-0.0,70.60582860440871,-0.0,210.62107895315899
2021-09-10 15:00:00,2415.9286144202238,1695.06,2160.0,-0.0,1007.8703855797767,-0.0,0.0,-0.0,210.60001684526367
2021-09-10 16:00:00,1569.3782868437213,1738.8100000000002,2160.0,-0.0,2000.6707131562787,-0.0,0.0,-0.0,210.57895684357914
2021-09-10 17:00:00,734.0720866595027,1823.98,2160.0,-0.0,2985.7559133404975,-0.0,0.0,-0.0,210.55789894789478
2021-09-10 18:00:00,98.25827049431994,1951.3500000000001,2160.0,95.71072950568032,3500.0,-0.0,100.0,-0.0,105.27368526326316
2021-09-10 19:00:00,-0.0,2115.41,2160.0,112.47199999999975,3500.0,-0.0,100.0,-0.0,-0.0
2021-09-10 20:00:00,-0.0,2305.01,2160.0,-0.0,3448.6099999999997,-0.0,0.0,-0.0,-0.0
2021-09-10 21:00:00,-0.0,2504.8199999999997,2160.0,-0.0,3054.495,-0.0,0.0,-0.0,-0.0
2021-09-10 22:00:00,-0.0,2697.29,2160.0,-0.0,2631.1760000000004,-0.0,0.0,-0.0,-0.0
2021-09-10 23:00:00,-0.0,2864.9900000000002,2160.0,-0.0,2270.6559999999995,-0.0,0.0,-0.0,-0.0
2021-09-11 00:00:00,-0.0,3003.48,2160.0,-0.0,1092.0759999999996,-0.0,0.0,-0.0,-0.0
2021-09-11 01:00:00,-0.0,3080.9900000000002,2160.0,-0.0,869.9649999999997,-0.0,0.0,-0.0,-0.0
2021-09-11 02:00:00,-0.0,3103.34,2160.0,-0.0,750.031,-0.0,0.0,-0.0,-0.0
2021-09-11 03:00:00,-0.0,3072.22,2160.0,-0.0,781.4029999999998,-0.0,0.0,-0.0,-0.0
2021-09-11 04:00:00,-0.0,2995.59,2160.0,-0.0,978.558,-0.0,0.0,-0.0,-0.0
2021-09-11 05:00:00,-0.0,2886.61,2160.0,-0.0,1305.7989999999995,-0.0,0.0,-0.0,-0.0
2021-09-11 06:00:00,95.97863918739128,2761.8900000000003,2160.0,-0.0,1590.6683608126086,-0.0,0.0,-0.0,-0.0
2021-09-11 07:00:00,810.8956617029988,2639.34,2160.0,-0.0,1222.403338297001,-0.0,0.0,-0.0,-0.0
2021-09-11 08:00:00,1762.9682741275205,2535.76,2160.0,-0.0,515.837725872479,-0.0,0.0,-0.0,-0.0
2021-09-11 09:00:00,2731.953286383175,2464.69,1823.5257136168243,-0.0,-0.0,-0.0,0.0,-0.0,-0.0
2021-09-11 10:00:00,3553.113450133047,2434.63,1001.1205498669524,-0.0,-0.0,-0.0,0.0,-0.0,-0.0
2021-09-11 11:00:00,4099.947711339679,2448.0099999999998,391.6273634020854,-0.0,-0.0,-0.0,0.0,21.121074741764055,20.065021004675852
2021-09-11 12:00:00,4291.529158607103,2500.94,156.22684139289595,-0.0,-0.0,-0.0,0.0,100.0,115.06301450257538
2021-09-11 13:00:00,4099.947711339679,2583.88,228.9222886603211,-0.0,-0.0,-0.0,0.0,100.0,210.05150820112513
2021-09-11 14:00:00,3553.113450133047,2682.9900000000002,701.3855498669527,-0.0,-0.0,-0.0,0.0,100.0,305.030503050305
2021-09-11 15:00:00,2731.953286383175,2782.1299999999997,1528.8627136168257,-0.0,-0.0,-0.0,0.0,100.0,400.0
2021-09-11 16:00:00,1762.9682741275205,2865.18,2160.0,-0.0,242.20372587247948,-0.0,100.0,-0.0,294.69684210526316
2021-09-11 17:00:00,810.8956617029988,2918.29,2160.0,-0.0,1373.4493382970013,-0.0,100.0,-0.0,189.4042145263158
2021-09-11 18:00:00,95.97863918739128,2931.89,2160.0,-0.0,2273.5413608126087,-0.0,100.0,-0.0,84.12211621012632
2021-09-11 19:00:00,-0.0,2902.09,2160.0,-0.0,2499.17198120142,-0.0,79.90801879858006,-0.0,-0.0
2021-09-11 20:00:00,-0.0,2831.2799999999997,2160.0,-0.0,2572.759,-0.0,0.0,-0.0,-0.0
2021-09-11 21:00:00,-0.0,2727.9700000000003,2160.0,-0.0,2478.8329999999996,-0.0,0.0,-0.0,-0.0
2021-09-11 22:00:00,-0.0,2605.6400000000003,2160.0,-0.0,2367.322,-0.0,0.0,-0.0,-0.0
2021-09-11 23:00:00,-0.0,2481.09,2160.0,-0.0,2296.0029999999997,-0.0,0.0,-0.0,-0.0
2021-09-12 00:00:00,-0.0,2382.9,2160.0,-0.0,1787.2909999999997,-0.0,0.0,-0.0,-0.0
2021-09-12 01:00:00,-0.0,2306.19,2160.0,-0.0,1716.243,-0.0,0.0,-0.0,-0.0
2021-09-12 02:00:00,-0.0,2274.81,2160.0,-0.0,1646.8319999999999,-0.0,0.0,-0.0,-0.0
2021-09-12 03:00:00,-0.0,2296.67,2160.0,-0.0,1621.9700000000003,-0.0,0.0,-0.0,-0.0
2021-09-12 04:00:00,-0.0,2373.45,2160.0,-0.0,1662.415,-0.0,0.0,-0.0,-0.0
2021-09-12 05:00:00,-0.0,2500.3199999999997,2160.0,-0.0,1750.4660000000003,-0.0,0.0,-0.0,-0.0
2021-09-12 06:00:00,80.30463366083309,2666.6499999999996,2160.0,-0.0,1756.5793663391669,-0.0,0.0,-0.0,-0.0
2021-09-12 07:00:00,782.2339188926416,2857.3700000000003,2160.0,-0.0,1084.6160811073582,-0.0,0.0,-0.0,-0.0
2021-09-12 08:00:00,1730.7392163801048,3055.03,2160.0,-0.0,76.92978361989458,-0.0,0.0,-0.0,-0.0
2021-09-12 09:00:00,2700.315700542422,3242.04,1122.4672994575785,-0.0,-0.0,-0.0,0.0,-0.0,-0.0
2021-09-12 10:00:00,3523.8171072561668,3403.03,103.16589274383296,-0.0,-0.0,-0.0,0.0,-0.0,-0.0
2021-09-12 11:00:00,4072.869388112783,2983.2126118872175,-0.0,-0.0,-0.0,-0.0,0.0,100.0,95.0
2021-09-12 12:00:00,4265.338043240201,2717.424956759799,-0.0,-0.0,-0.0,-0.0,0.0,100.0,189.9905
2021-09-12 13:00:00,4072.869388112783,2870.3776118872174,-0.0,-0.0,-0.0,-0.0,0.0,100.0,284.97150095
2021-09-12 14:00:00,3523.8171072561668,3440.583892743833,-0.0,-0.0,-0.0,-0.0,0.0,100.0,379.943003799905
2021-09-12 15:00:00,2700.315700542422,3631.61,634.3352994575785,-0.0,-0.0,-0.0,0.0,-0.0,379.905009499525
2021-09-12 16:00:00,1730.7392163801048,3604.1600000000003,1836.3533952003424,-0.0,-0.0,-0.0,0.0,21.192611580447288,400.0
2021-09-12 17:00:00,782.2339188926416,3584.9199999999996,2160.0,-0.0,751.5770811073586,-0.0,100.0,-0.0,294.69684210526316
2021-09-12 18:00:00,80.30463366083309,3589.0499999999997,2160.0,-0.0,1644.5363663391668,-0.0,100.0,-0.0,189.4042145263158
2021-09-12 19:00:00,-0.0,3628.2999999999997,2160.0,-0.0,1761.7350000000001,-0.0,100.0,-0.0,84.12211621012632
2021-09-12 20:00:00,-0.0,3709.38,2160.0,-0.0,1620.0039812014202,-0.0,79.90801879858006,-0.0,-0.0
2021-09-12 21:00:00,-0.0,3832.86,2160.0,-0.0,1375.5889999999995,-0.0,0.0,-0.0,-0.0
2021-09-12 22:00:00,-0.0,3993.0,2160.0,-0.0,978.0110000000004,-0.0,0.0,-0.0,-0.0
2021-09-12 23:00:00,-0.0,4178.38,2160.0,-0.0,593.1769999999997,-0.0,0.0,-0.0,-0.0
2021-09-13 00:00:00,-0.0,4384.26,2160.0,-0.0,213.11599999999999,-0.0,0.0,-0.0,-0.0
2021-09-13 01:00:00,-0.0,4570.9800000000005,2035.0869999999995,-0.0,-0.0,-0.0,0.0,-0.0,-0.0
2021-09-13 02:00:00,-0.0,4731.61,1770.1350000000002,-0.0,-0.0,-0.0,0.0,-0.0,-0.0
2021-09-13 03:00:00,-0.0,4850.78,1644.4570000000003,-0.0,-0.0,-0.0,0.0,-0.0,-0.0
2021-09-13 04:00:00,-0.0,4917.4800000000005,1691.504,-0.0,-0.0,-0.0,0.0,-0.0,-0.0
2021-09-13 05:00:00,-0.0,4926.55,1893.9049999999997,-0.0,-0.0,-0.0,0.0,-0.0,-0.0
2021-09-13 06:00:00,62.39412498720706,4879.26,2128.1338750127925,-0.0,-0.0,-0.0,0.0,-0.0,-0.0
2021-09-13 07:00:00,718.4966597840549,4783.19,1785.4083402159458,-0.0,-0.0,-0.0,0.0,-0.0,-0.0
2021-09-13 08:00:00,1619.1112163289329,4651.1,1152.021783671067,-0.0,-0.0,-0.0,0.0,-0.0,-0.0
2021-09-13 09:00:00,2543.8898647272545,4499.2300000000005,417.93913527274526,-0.0,-0.0,-0.0,0.0,-0.0,-0.0
2021-09-13 10:00:00,3331.132811329445,4149.015863761084,-0.0,-0.0,-0.0,-0.0,0.0,57.15567509052794,54.29789133600154
2021-09-13 11:00:00,3856.6679227305294,3589.1880772694703,-0.0,-0.0,-0.0,-0.0,0.0,100.0,149.29246154686794
2021-09-13 12:00:00,4040.9976779756425,3328.3813220243574,-0.0,-0.0,-0.0,-0.0,0.0,100.0,244.27753230071326
2021-09-13 13:00:00,3856.6679227305294,3470.0900772694704,-0.0,-0.0,-0.0,-0.0,0.0,100.0,339.2531045474832
2021-09-13 14:00:00,3331.132811329444,3977.71,-0.0,-0.0,-0.0,-0.0,0.0,63.97981132944369,400.0
2021-09-13 15:00:00,2543.8898647272545,3973.02,826.8201352727451,-0.0,-0.0,-0.0,0.0,-0.0,399.96
2021-09-13 16:00:00,1619.1112163289329,3992.58,1912.991989986857,-0.0,-0.0,-0.0,0.0,0.08420631578946756,400.0
2021-09-13 17:00:00,718.4966597840549,4022.52,2160.0,-0.0,749.3843402159449,-0.0,100.0,-0.0,294.69684210526316
2021-09-13 18:00:00,62.39412498720706,4046.6800000000003,2160.0,-0.0,1573.6828750127922,-0.0,100.0,-0.0,189.4042145263158
2021-09-13 19:00:00,-0.0,4049.01,2160.0,-0.0,1707.1549999999997,-0.0,100.0,-0.0,84.12211621012632
2021-09-13 20:00:00,-0.0,4015.75,2160.0,-0.0,1677.0979812014202,-0.0,79.90801879858006,-0.0,-0.0
2021-09-13 21:00:00,-0.0,3937.53,2160.0,-0.0,1631.7899999999995,-0.0,0.0,-0.0,-0.0
2021-09-13 22:00:00,-0.0,3810.65,2160.0,-0.0,1518.712,-0.0,0.0,-0.0,-0.0
2021-09-13 23:00:00,-0.0,3637.82,2160.0,-0.0,1489.645,-0.0,0.0,-0.0,-0.0
2021-09-14 00:00:00,-0.0,3438.89,2160.0,-0.0,1076.02,-0.0,0.0,-0.0,-0.0
2021-09-14 01:00:00,-0.0,3205.67,2160.0,-0.0,1155.647,-0.0,0.0,-0.0,-0.0
2021-09-14 02:00:00,-0.0,2966.41,2160.0,-0.0,1288.384,-0.0,0.0,-0.0,-0.0
2021-09-14 03:00:00,-0.0,2739.46,2160.0,-0.0,1506.7089999999998,-0.0,0.0,-0.0,-0.0
2021-09-14 04:00:00,-0.0,2541.91,2160.0,-0.0,1815.9750000000004,-0.0,0.0,-0.0,-0.0
2021-09-14 05:00:00,-0.0,2387.44,2160.0,-0.0,2179.9739999999997,-0.0,0.0,-0.0,-0.0
2021-09-14 06:00:00,48.93813911063352,2284.5299999999997,2160.0,-0.0,2481.425860889367,-0.0,0.0,-0.0,-0.0
2021-09-14 07:00:00,689.0278042677312,2235.45,2160.0,-0.0,2105.9601957322693,-0.0,0.0,-0.0,-0.0
2021-09-14 08:00:00,1582.741855234879,2236.0099999999998,2160.0,-0.0,1345.1551447651213,-0.0,0.0,-0.0,-0.0
2021-09-14 09:00:00,2504.7233344079423,2276.18,2160.0,-0.0,420.25366559205804,-0.0,0.0,-0.0,-0.0
2021-09-14 10:00:00,3291.4117760976364,2341.56,1709.7602986441275,-0.0,-0.0,-0.0,0.0,21.121074741764055,20.065021004675852
2021-09-14 11:00:00,3817.248784617747,2415.29,1110.550215382253,-0.0,-0.0,-0.0,0.0,100.0,115.06301450257538
2021-09-14 12:00:00,4001.78801949647,2480.4100000000003,783.1289805035294,-0.0,-0.0,-0.0,0.0,100.0,210.05150820112513
2021-09-14 13:00:00,3817.248784617747,2522.16,882.1102153822535,-0.0,-0.0,-0.0,0.0,100.0,305.030503050305
2021-09-14 14:00:00,3291.4117760976364,2529.96,1417.1642239023636,-0.0,-0.0,-0.0,0.0,100.0,400.0
2021-09-14 15:00:00,2504.7233344079423,2498.81,2160.0,-0.0,-0.0,-0.0,72.88366559205815,-0.0,323.2403520083598
2021-09-14 16:00:00,1582.741855234879,2429.98,2160.0,-0.0,1182.8576081153349,-0.0,60.82053664978581,-0.0,259.1864104470687
2021-09-14 17:00:00,689.0278042677312,2330.79,2160.0,-0.0,2461.602195732269,-0.0,0.0,-0.0,259.16049180602397
2021-09-14 18:00:00,48.93813911063352,2213.52,2160.0,-0.0,3410.6388608893662,-0.0,0.0,-0.0,259.1345757568434
2021-09-14 19:00:00,-0.0,2093.7400000000002,2160.0,52.18899999999985,3500.0,-0.0,100.0,-0.0,153.84550440453089
2021-09-14 20:00:00,-0.0,1988.1299999999999,2160.0,73.91799999999967,3500.0,-0.0,100.0,-0.0,48.566961959353605
2021-09-14 21:00:00,-0.0,1912.11,2160.0,-0.0,3500.0,-0.0,46.13399999999979,-0.0,-0.0
2021-09-14 22:00:00,-0.0,1877.6699999999998,2160.0,-0.0,3340.3540000000003,-0.0,0.0,-0.0,-0.0
2021-09-14 23:00:00,-0.0,1891.67,2160.0,-0.0,3124.299,-0.0,0.0,-0.0,-0.0
2021-09-15 00:00:00,-0.0,1965.98,2160.0,-0.0,2437.515,-0.0,0.0,-0.0,-0.0
2021-09-15 01:00:00,-0.0,2072.5499999999997,2160.0,-0.0,2177.405,-0.0,0.0,-0.0,-0.0
2021-09-15 02:00:00,-0.0,2211.14,2160.0,-0.0,1932.4500000000003,-0.0,0.0,-0.0,-0.0
2021-09-15 03:00:00,-0.0,2366.04,2160.0,-0.0,1769.187,-0.0,0.0,-0.0,-0.0
2021-09-15 04:00:00,-0.0,2519.24,2160.0,-0.0,1728.071,-0.0,0.0,-0.0,-0.0
2021-09-15 05:00:00,-0.0,2652.77,2160.0,-0.0,1804.542,-0.0,0.0,-0.0,-0.0
2021-09-15 06:00:00,36.566518396274695,2751.0099999999998,2160.0,-0.0,1917.791481603726,-0.0,0.0,-0.0,-0.0
2021-09-15 07:00:00,660.2243546464027,2802.69,2160.0,-0.0,1458.6776453535967,-0.0,0.0,-0.0,-0.0
2021-09-15 08:00:00,1547.321313657763,2802.33,2160.0,-0.0,706.1916863422368,-0.0,0.0,-0.0,-0.0
2021-09-15 09:00:00,2466.875293547232,2750.8700000000003,2036.232706452768,-0.0,-0.0,-0.0,0.0,-0.0,-0.0
2021-09-15 10:00:00,3253.3727391003995,2655.48,1327.6873356413653,-0.0,-0.0,-0.0,0.0,21.121074741764055,20.065021004675852
2021-09-15 11:00:00,3779.7580913673123,2528.5299999999997,929.6959086326883,-0.0,-0.0,-0.0,0.0,100.0,115.06301450257538
2021-09-15 12:00:00,3964.5992233650604,2385.8399999999997,810.9697766349391,-0.0,-0.0,-0.0,0.0,100.0,210.05150820112513
2021-09-15 13:00:00,3779.7580913673123,2244.5,1094.6289086326874,-0.0,-0.0,-0.0,0.0,100.0,305.030503050305
2021-09-15 14:00:00,3253.3727391003995,2120.57,1763.3452608995995,-0.0,-0.0,-0.0,0.0,100.0,400.0
2021-09-15 15:00:00,2466.875293547232,2026.83,2160.0,-0.0,482.9437064527683,-0.0,0.0,-0.0,399.96
2021-09-15 16:00:00,1547.321313657763,1971.1000000000001,2160.0,-0.0,1639.7866863422362,-0.0,0.0,-0.0,399.920004
2021-09-15 17:00:00,660.2243546464027,1955.1499999999999,2160.0,-0.0,2769.5226453535975,-0.0,0.0,-0.0,399.8800119996
2021-09-15 18:00:00,36.566518396274695,1974.54,2160.0,-0.0,3500.0,-0.0,67.22948160372559,-0.0,329.07214862605736
2021-09-15 19:00:00,-0.0,2019.1999999999998,2160.0,33.822000000000116,3500.0,-0.0,100.0,-0.0,223.77608351645796
2021-09-15 20:00:00,-0.0,2074.88,2160.0,-0.0,3496.2039999999997,-0.0,0.0,-0.0,223.75370590810633
2021-09-15 21:00:00,-0.0,2125.09,2160.0,-0.0,3244.2200000000003,-0.0,0.0,-0.0,223.7313305375155
2021-09-15 22:00:00,-0.0,2153.48,2160.0,-0.0,2977.7270000000003,-0.0,0.0,-0.0,223.70895740446176
2021-09-15 23:00:00,-0.0,2146.0499999999997,2160.0,-0.0,2785.3030000000003,-0.0,0.0,-0.0,223.68658650872132
2021-09-16 00:00:00,-0.0,2104.51,2160.0,-0.0,2216.7839999999997,-0.0,0.0,-0.0,223.66421785007046
2021-09-16 01:00:00,-0.0,2002.39,2160.0,-0.0,2167.728,-0.0,0.0,-0.0,223.64185142828546
2021-09-16 02:00:00,-0.0,1853.58,2160.0,-0.0,2212.616,-0.0,0.0,-0.0,223.61948724314263
2021-09-16 03:00:00,-0.0,1666.82,2160.0,-0.0,2393.5330000000004,-0.0,0.0,-0.0,223.5971252944183
2021-09-16 04:00:00,-0.0,1456.0,2160.0,-0.0,2719.0299999999997,-0.0,0.0,-0.0,223.57476558188887
2021-09-16 05:00:00,-0.0,1238.35,2160.0,-0.0,3149.347,-0.0,0.0,-0.0,223.55240810533067
2021-09-16 06:00:00,22.851763560536284,1032.29,2160.0,-0.0,3500.0,-0.0,83.34723643946333,-0.0,135.79611977034824
2021-09-16 07:00:00,568.7556887473136,855.05,2160.0,-0.0,3433.7103112526856,-0.0,0.0,-0.0,135.7825401583712
2021-09-16 08:00:00,1361.260270852523,720.47,2160.0,-0.0,2912.9057291474774,-0.0,0.0,-0.0,135.76896190435536
2021-09-16 09:00:00,2186.8441515709756,637.2600000000001,2160.0,-0.0,2211.5978484290245,-0.0,0.0,-0.0,135.75538500816492
2021-09-16 10:00:00,2894.694317035104,607.94,2160.0,-0.0,1497.5006829648955,-0.0,0.0,-0.0,135.7418094696641
2021-09-16 11:00:00,3369.0794308412655,628.59,2160.0,-0.0,928.0805691587343,-0.0,0.0,-0.0,135.72823528871714
2021-09-16 12:00:00,3535.7574463719175,689.53,2160.0,-0.0,626.9915536280832,-0.0,0.0,-0.0,135.71466246518827
2021-09-16 13:00:00,3369.0794308412655,776.65,2160.0,-0.0,667.1855691587343,-0.0,0.0,-0.0,135.70109099894177
2021-09-16 14:00:00,2894.694317035104,873.5,2160.0,-0.0,1066.328682964896,-0.0,0.0,-0.0,135.68752088984186
2021-09-16 15:00:00,2186.8441515709756,963.47,2160.0,-0.0,1786.8248484290243,-0.0,0.0,-0.0,135.67395213775288
2021-09-16 16:00:00,1361.260270852523,1032.17,2160.0,-0.0,2728.5667291474774,-0.0,0.0,-0.0,135.6603847425391
2021-09-16 17:00:00,568.7556887473136,1069.4199999999998,2160.0,113.85131125268617,3500.0,-0.0,100.0,-0.0,30.383660809327992
2021-09-16 18:00:00,22.851763560536284,1070.6000000000001,2160.0,926.5326451183773,3500.0,-0.0,28.86159132108471,-0.0,-0.0
2021-09-16 19:00:00,-0.0,1037.3400000000001,2160.0,1089.6059999999998,3500.0,-0.0,0.0,-0.0,-0.0
2021-09-16 20:00:00,-0.0,977.31,2160.0,1071.1470000000008,3500.0,-0.0,0.0,-0.0,-0.0
2021-09-16 21:00:00,-0.0,903.12,2160.0,947.0420000000004,3500.0,-0.0,0.0,-0.0,-0.0
2021-09-16 22:00:00,-0.0,830.64,2160.0,784.9249999999993,3500.0,-0.0,0.0,-0.0,-0.0
2021-09-16 23:00:00,-0.0,776.82,2160.0,642.4210000000003,3500.0,-0.0,0.0,-0.0,-0.0
2021-09-17 00:00:00,-0.0,768.74,2160.0,44.11999999999989,3500.0,-0.0,0.0,-0.0,-0.0
2021-09-17 01:00:00,-0.0,795.7,2160.0,-0.0,3369.554,-0.0,0.0,-0.0,-0.0
2021-09-17 02:00:00,-0.0,876.15,2160.0,-0.0,3188.766,-0.0,0.0,-0.0,-0.0
2021-09-17 03:00:00,-0.0,1010.8499999999999,2160.0,-0.0,3051.82,-0.0,0.0,-0.0,-0.0
2021-09-17 04:00:00,-0.0,1194.1499999999999,2160.0,-0.0,2986.804,-0.0,0.0,-0.0,-0.0
2021-09-17 05:00:00,-0.0,1414.6100000000001,2160.0,-0.0,2982.6240000000003,-0.0,0.0,-0.0,-0.0
2021-09-17 06:00:00,11.410478866032138,1656.4499999999998,2160.0,-0.0,2983.780521133968,-0.0,0.0,-0.0,-0.0
2021-09-17 07:00:00,442.273118206939,1901.53,2160.0,-0.0,2530.4808817930607,-0.0,0.0,-0.0,-0.0
2021-09-17 08:00:00,1082.1224979019548,2131.69,2160.0,-0.0,1801.2035020980447,-0.0,0.0,-0.0,-0.0
2021-09-17 09:00:00,1752.10613900829,2331.07,2160.0,-0.0,976.5128609917101,-0.0,0.0,-0.0,-0.0
2021-09-17 10:00:00,2327.984135298332,2488.09,2160.0,-0.0,211.64386470166755,-0.0,0.0,-0.0,-0.0
2021-09-17 11:00:00,2714.443253479685,2596.9300000000003,1905.5457465203144,-0.0,-0.0,-0.0,0.0,100.0,95.0
2021-09-17 12:00:00,2850.3092793726337,2658.14,1638.568720627367,-0.0,-0.0,-0.0,0.0,100.0,189.9905
2021-09-17 13:00:00,2714.443253479685,2678.43,1718.3317465203145,-0.0,-0.0,-0.0,0.0,100.0,284.97150095
2021-09-17 14:00:00,2327.984135298332,2669.69,2138.668864701668,-0.0,-0.0,-0.0,0.0,100.0,379.943003799905
2021-09-17 15:00:00,1752.10613900829,2647.21,2160.0,-0.0,483.1488609917101,-0.0,100.0,-0.0,274.6418516047882
2021-09-17 16:00:00,1082.1224979019548,2627.55,2160.0,-0.0,1361.1295020980447,-0.0,100.0,-0.0,169.35122952489093
2021-09-17 17:00:00,442.273118206939,2626.15,2160.0,-0.0,2235.856881793061,-0.0,100.0,-0.0,64.07113650720162
2021-09-17 18:00:00,11.410478866032138,2655.22,2160.0,-0.0,2877.022028210095,-0.0,60.86149292387335,-0.0,-0.0
2021-09-17 19:00:00,-0.0,2721.9500000000003,2160.0,-0.0,2964.0439999999994,-0.0,0.0,-0.0,-0.0
2021-09-17 20:00:00,-0.0,2827.5099999999998,2160.0,-0.0,2783.3350000000005,-0.0,0.0,-0.0,-0.0
2021-09-17 21:00:00,-0.0,2966.8,2160.0,-0.0,2449.05,-0.0,0.0,-0.0,-0.0
2021-09-17 22:00:00,-0.0,3129.1600000000003,2160.0,-0.0,2055.3469999999993,-0.0,0.0,-0.0,-0.0
2021-09-17 23:00:00,-0.0,3299.71,2160.0,-0.0,1691.6809999999996,-0.0,0.0,-0.0,-0.0
2021-09-18 00:00:00,-0.0,3472.98,2160.0,-0.0,479.1609999999996,-0.0,0.0,-0.0,-0.0
2021-09-18 01:00:00,-0.0,3608.8700000000003,2160.0,-0.0,198.76999999999998,-0.0,0.0,-0.0,-0.0
2021-09-18 02:00:00,-0.0,3704.44,2160.0,-0.0,5.911999999999807,-0.0,0.0,-0.0,-0.0
2021-09-18 03:00:00,-0.0,3749.5899999999997,2160.0,-0.0,-0.0,-0.0,0.0,38.491999999999734,36.56739999999974
2021-09-18 04:00:00,-0.0,3740.0,2160.0,-0.0,57.57844390300055,-0.0,34.73555609699976,-0.0,-0.0
2021-09-18 05:00:00,-0.0,3677.86,2160.0,-0.0,373.6010000000001,-0.0,0.0,-0.0,-0.0
2021-09-18 06:00:00,4.848837401494219,3571.5400000000004,2160.0,-0.0,732.283162598505,-0.0,0.0,-0.0,-0.0
2021-09-18 07:00:00,376.2377442943405,3434.61,2160.0,-0.0,723.2032557056598,-0.0,0.0,-0.0,-0.0
2021-09-18 08:00:00,942.0915239995907,3284.05,2160.0,-0.0,451.30747600040877,-0.0,0.0,-0.0,-0.0
2021-09-18 09:00:00,1537.753023334357,3138.09,2160.0,-0.0,48.87197666564293,-0.0,0.0,-0.0,-0.0
2021-09-18 10:00:00,2051.0458985006658,3013.83,1811.510176241099,-0.0,-0.0,-0.0,0.0,21.121074741764055,20.065021004675852
2021-09-18 11:00:00,2395.9849210674447,2925.02,1565.9030789325557,-0.0,-0.0,-0.0,0.0,100.0,115.06301450257538
2021-09-18 12:00:00,2517.3290794186883,2880.37,1421.671920581312,-0.0,-0.0,-0.0,0.0,100.0,210.05150820112513
2021-09-18 13:00:00,2395.9849210674447,2882.4100000000003,1507.4470789325546,-0.0,-0.0,-0.0,0.0,100.0,305.030503050305
2021-09-18 14:00:00,2051.0458985006658,2927.36,1834.7751014993337,-0.0,-0.0,-0.0,0.0,100.0,400.0
2021-09-18 15:00:00,1537.753023334357,3005.6699999999996,2160.0,-0.0,17.996976665643388,-0.0,100.0,-0.0,294.69684210526316
2021-09-18 16:00:00,942.0915239995907,3103.47,2160.0,-0.0,706.2254760004098,-0.0,100.0,-0.0,189.4042145263158
2021-09-18 17:00:00,376.2377442943405,3204.5299999999997,2160.0,-0.0,1406.4412557056596,-0.0,100.0,-0.0,84.12211621012632
2021-09-18 18:00:00,4.848837401494219,3292.57,2160.0,-0.0,1911.9691437999259,-0.0,79.90801879858006,-0.0,-0.0
2021-09-18 19:00:00,-0.0,3353.55,2160.0,-0.0,2018.9879999999994,-0.0,0.0,-0.0,-0.0
2021-09-18 20:00:00,-0.0,3377.6499999999996,2160.0,-0.0,1921.4090000000006,-0.0,0.0,-0.0,-0.0
2021-09-18 21:00:00,-0.0,3360.69,2160.0,-0.0,1744.949,-0.0,0.0,-0.0,-0.0
2021-09-18 22:00:00,-0.0,3304.72,2160.0,-0.0,1571.0570000000002,-0.0,0.0,-0.0,-0.0
2021-09-18 23:00:00,-0.0,3217.86,2160.0,-0.0,1466.1839999999997,-0.0,0.0,-0.0,-0.0
2021-09-19 00:00:00,-0.0,3124.92,2160.0,-0.0,957.4279999999999,-0.0,0.0,-0.0,-0.0
2021-09-19 01:00:00,-0.0,3018.8199999999997,2160.0,-0.0,920.2130000000006,-0.0,0.0,-0.0,-0.0
2021-09-19 02:00:00,-0.0,2928.69,2160.0,-0.0,914.1429999999996,-0.0,0.0,-0.0,-0.0
2021-09-19 03:00:00,-0.0,2870.63,2160.0,-0.0,973.9359999999997,-0.0,0.0,-0.0,-0.0
2021-09-19 04:00:00,-0.0,2857.2999999999997,2160.0,-0.0,1109.3660000000004,-0.0,0.0,-0.0,-0.0
2021-09-19 05:00:00,-0.0,2896.14,2160.0,-0.0,1290.4569999999999,-0.0,0.0,-0.0,-0.0
2021-09-19 06:00:00,1.1090098249923246,2988.33,2160.0,-0.0,1455.0479901750077,-0.0,0.0,-0.0,-0.0
2021-09-19 07:00:00,404.3881103520623,3128.6000000000004,2160.0,-0.0,1137.4538896479373,-0.0,0.0,-0.0,-0.0
2021-09-19 08:00:00,1037.4786912803195,3305.8700000000003,2160.0,-0.0,470.9633087196801,-0.0,0.0,-0.0,-0.0
2021-09-19 09:00:00,1707.5855557005425,3504.6699999999996,1809.6904442994578,-0.0,-0.0,-0.0,0.0,-0.0,-0.0
2021-09-19 10:00:00,2286.544134837786,3707.14,999.0738651622141,-0.0,-0.0,-0.0,0.0,-0.0,-0.0
2021-09-19 11:00:00,2676.1577698546726,3895.3500000000004,353.0502301453271,-0.0,-0.0,-0.0,0.0,-0.0,-0.0
2021-09-19 12:00:00,2813.3053182120566,4053.62,11.269756529707593,-0.0,-0.0,-0.0,0.0,21.121074741764055,20.065021004675852
2021-09-19 13:00:00,2676.1577698546726,4170.51,76.82423014532742,-0.0,-0.0,-0.0,0.0,100.0,115.06301450257538
2021-09-19 14:00:00,2286.544134837786,4240.28,423.8498651622144,-0.0,-0.0,-0.0,0.0,100.0,210.05150820112513
2021-09-19 15:00:00,1707.5855557005425,4263.51,1087.5554442994571,-0.0,-0.0,-0.0,0.0,100.0,305.030503050305
2021-09-19 16:00:00,1037.4786912803195,4246.91,1964.2613087196803,-0.0,-0.0,-0.0,0.0,100.0,400.0
2021-09-19 17:00:00,404.3881103520623,4202.29,2160.0,-0.0,516.9208896479379,-0.0,100.0,-0.0,294.69684210526316
2021-09-19 18:00:00,1.1090098249923246,4144.83,2160.0,-0.0,1179.1719901750075,-0.0,100.0,-0.0,189.4042145263158
2021-09-19 19:00:00,-0.0,4090.93,2160.0,-0.0,1316.7440000000001,-0.0,100.0,-0.0,84.12211621012632
2021-09-19 20:00:00,-0.0,4055.86,2160.0,-0.0,1297.64398120142,-0.0,79.90801879858006,-0.0,-0.0
2021-09-19 21:00:00,-0.0,4051.5499999999997,2160.0,-0.0,1187.5570000000002,-0.0,0.0,-0.0,-0.0
2021-09-19 22:00:00,-0.0,4084.95,2160.0,-0.0,923.308,-0.0,0.0,-0.0,-0.0
2021-09-19 23:00:00,-0.0,4156.91,2160.0,-0.0,658.5280000000002,-0.0,0.0,-0.0,-0.0
2021-09-20 00:00:00,-0.0,4273.85,2160.0,-0.0,374.96699999999964,-0.0,0.0,-0.0,-0.0
2021-09-20 01:00:00,-0.0,4401.1,2160.0,-0.0,103.11699999999928,-0.0,0.0,-0.0,-0.0
2021-09-20 02:00:00,-0.0,4535.26,2031.3729999999996,-0.0,-0.0,-0.0,0.0,-0.0,-0.0
2021-09-20 03:00:00,-0.0,4658.92,1907.9650000000001,-0.0,-0.0,-0.0,0.0,-0.0,-0.0
2021-09-20 04:00:00,-0.0,4754.76,2000.1289496928657,-0.0,-0.0,-0.0,0.0,67.47894969286563,64.10500220822234
2021-09-20 05:00:00,-0.0,4807.9,2160.0,-0.0,-0.0,-0.0,0.0,62.22899999999936,123.2161417080009
2021-09-20 06:00:00,-0.0,4807.9,2160.0,-0.0,93.89900000000034,-0.0,100.0,-0.0,17.94066219909327
2021-09-20 07:00:00,458.74807527376936,4750.110000000001,2160.0,-0.0,-0.0,-0.0,17.041924726229695,-0.0,-0.0
2021-09-20 08:00:00,1207.4221246290044,4636.4,1684.0058753709964,-0.0,-0.0,-0.0,0.0,-0.0,-0.0
2021-09-20 09:00:00,2004.3689071998774,4474.87,1094.1920928001223,-0.0,-0.0,-0.0,0.0,-0.0,-0.0
2021-09-20 10:00:00,2694.77065141746,4278.83,568.5253485825401,-0.0,-0.0,-0.0,0.0,-0.0,-0.0
2021-09-20 11:00:00,3160.037239995907,4065.06,334.72571387934795,-0.0,-0.0,-0.0,0.0,88.09695387525522,83.69210618149246
2021-09-20 12:00:00,3323.9242474669945,3851.6299999999997,326.40375253300545,-0.0,-0.0,-0.0,0.0,100.0,178.68373697087432
2021-09-20 13:00:00,3160.037239995907,3655.4900000000002,650.4847600040925,-0.0,-0.0,-0.0,0.0,100.0,273.6658685971772
2021-09-20 14:00:00,2694.77065141746,3490.36,1305.62034858254,-0.0,-0.0,-0.0,0.0,100.0,368.6385020103175
2021-09-20 15:00:00,2004.3689071998772,3364.89,2160.0,-0.0,-0.0,-0.0,0.0,33.05090719987743,400.0
2021-09-20 16:00:00,1207.4221246290044,3281.6800000000003,2160.0,-0.0,993.8146002094545,-0.0,40.69627516154102,-0.0,357.1218156194305
2021-09-20 17:00:00,458.74807527376936,3237.02,2160.0,-0.0,2060.1289247262307,-0.0,0.0,-0.0,357.08610343786853
2021-09-20 18:00:00,-0.0,3221.51,2160.0,-0.0,2733.1619999999994,-0.0,0.0,-0.0,357.05039482752477
2021-09-20 19:00:00,-0.0,3221.4700000000003,2160.0,-0.0,2812.9620000000004,-0.0,0.0,-0.0,357.014689788042
2021-09-20 20:00:00,-0.0,3220.94,2160.0,-0.0,2736.3610000000003,-0.0,0.0,-0.0,356.9789883190632
2021-09-20 21:00:00,-0.0,3203.95,2160.0,-0.0,2556.1140000000005,-0.0,0.0,-0.0,356.9432904202313
2021-09-20 22:00:00,-0.0,3156.81,2160.0,-0.0,2369.414,-0.0,0.0,-0.0,356.90759609118925
2021-09-20 23:00:00,-0.0,3070.1099999999997,2160.0,-0.0,2260.2440000000006,-0.0,0.0,-0.0,356.87190533158014
2021-09-21 00:00:00,-0.0,2952.0499999999997,2160.0,-0.0,1772.542,-0.0,0.0,-0.0,356.83621814104697
2021-09-21 01:00:00,-0.0,2781.2999999999997,2160.0,-0.0,1795.534,-0.0,0.0,-0.0,356.8005345192329
2021-09-21 02:00:00,-0.0,2578.43,2160.0,-0.0,1897.6129999999998,-0.0,0.0,-0.0,356.76485446578096
2021-09-21 03:00:00,-0.0,2357.11,2160.0,-0.0,2115.93,-0.0,0.0,-0.0,356.7291779803344
2021-09-21 04:00:00,-0.0,2134.2400000000002,2160.0,-0.0,2456.0259999999994,-0.0,0.0,-0.0,356.69350506253636
2021-09-21 05:00:00,-0.0,1927.8400000000001,2160.0,-0.0,2877.3459999999995,-0.0,0.0,-0.0,356.65783571203013
2021-09-21 06:00:00,-0.0,1754.63,2160.0,-0.0,3303.3050000000003,-0.0,0.0,-0.0,356.62216992845896
2021-09-21 07:00:00,470.7315425493809,1627.86,2160.0,-0.0,3180.0294574506197,-0.0,0.0,-0.0,356.58650771146614
2021-09-21 08:00:00,1272.7551256524412,1555.59,2160.0,-0.0,2588.753874347559,-0.0,0.0,-0.0,356.550849060695
2021-09-21 09:00:00,2131.5168836352473,1539.6000000000001,2160.0,-0.0,1788.1071163647525,-0.0,0.0,-0.0,356.5151939757889
2021-09-21 10:00:00,2877.5108259134176,1575.23,2160.0,-0.0,971.6721740865819,-0.0,0.0,-0.0,356.47954245639136
2021-09-21 11:00:00,3380.9766417971555,1651.94,2160.0,-0.0,317.56635820284464,-0.0,0.0,-0.0,356.4438945021457
2021-09-21 12:00:00,3558.430536127316,1754.82,2160.0,-0.0,-0.0,-0.0,0.0,36.08753612731607,390.6914094336458
2021-09-21 13:00:00,3380.976641797155,1866.5100000000002,2160.0,-0.0,-0.0,-0.0,0.0,9.83964179715531,400.0
2021-09-21 14:00:00,2877.5108259134176,1969.56,2160.0,-0.0,411.7311740865821,-0.0,0.0,-0.0,399.96
2021-09-21 15:00:00,2131.5168836352473,2048.71,2160.0,-0.0,1180.4341163647528,-0.0,0.0,-0.0,399.920004
2021-09-21 16:00:00,1272.7551256524412,2092.92,2160.0,-0.0,2178.785874347559,-0.0,0.0,-0.0,399.8800119996
2021-09-21 17:00:00,470.7315425493809,2096.76,2160.0,-0.0,3205.6404574506187,-0.0,0.0,-0.0,399.84002399840006
2021-09-21 18:00:00,-0.0,2061.1,2160.0,307.19200000000046,3500.0,-0.0,100.0,-0.0,294.5368821012634
2021-09-21 19:00:00,-0.0,1992.86,2160.0,451.576,3500.0,-0.0,100.0,-0.0,189.24427051831645
2021-09-21 20:00:00,-0.0,1904.02,2160.0,459.67300000000023,3500.0,-0.0,100.0,-0.0,83.96218819652778
2021-09-21 21:00:00,-0.0,1809.8600000000001,2160.0,373.2338976211777,3500.0,-0.0,79.75610237882272,-0.0,-0.0
2021-09-21 22:00:00,-0.0,1726.83,2160.0,298.58200000000033,3500.0,-0.0,0.0,-0.0,-0.0
2021-09-21 23:00:00,-0.0,1670.1499999999999,2160.0,155.8070000000007,3500.0,-0.0,0.0,-0.0,-0.0
2021-09-22 00:00:00,-0.0,1663.76,2160.0,-0.0,3052.9719999999998,-0.0,0.0,-0.0,-0.0
2021-09-22 01:00:00,-0.0,1690.33,2160.0,-0.0,2875.093,-0.0,0.0,-0.0,-0.0
2021-09-22 02:00:00,-0.0,1762.59,2160.0,-0.0,2698.5109999999995,-0.0,0.0,-0.0,-0.0
2021-09-22 03:00:00,-0.0,1874.8899999999999,2160.0,-0.0,2579.703,-0.0,0.0,-0.0,-0.0
2021-09-22 04:00:00,-0.0,2015.8999999999999,2160.0,-0.0,2552.4400000000005,-0.0,0.0,-0.0,-0.0
2021-09-22 05:00:00,-0.0,2170.07,2160.0,-0.0,2609.7419999999997,-0.0,0.0,-0.0,-0.0
2021-09-22 06:00:00,-0.0,2319.59,2160.0,-0.0,2709.5550000000003,-0.0,0.0,-0.0,-0.0
2021-09-22 07:00:00,455.1499545082387,2446.7400000000002,2160.0,-0.0,2344.561045491761,-0.0,0.0,-0.0,-0.0
2021-09-22 08:00:00,1266.0456162112375,2536.2000000000003,2160.0,-0.0,1579.3433837887621,-0.0,0.0,-0.0,-0.0
2021-09-22 09:00:00,2139.606494191997,2577.04,2160.0,-0.0,703.7685058080028,-0.0,0.0,-0.0,-0.0
2021-09-22 10:00:00,2900.5782302732578,2564.13,2160.0,-0.0,-0.0,-0.0,0.0,82.3582302732575,78.24031875959463
2021-09-22 11:00:00,3414.9123424419204,2498.84,1651.45965755808,-0.0,-0.0,-0.0,0.0,100.0,173.2324947277187
2021-09-22 12:00:00,3596.327866313582,2388.77,1503.637133686418,-0.0,-0.0,-0.0,0.0,100.0,268.2151714782459
2021-09-22 13:00:00,3414.9123424419204,2246.7200000000003,1784.481657558079,-0.0,-0.0,-0.0,0.0,100.0,363.1883499610981
2021-09-22 14:00:00,2900.5782302732578,2088.9900000000002,2160.0,-0.0,214.65076972674206,-0.0,0.0,-0.0,363.152031126102
2021-09-22 15:00:00,2139.606494191997,1933.1499999999999,2160.0,-0.0,1230.3305058080036,-0.0,0.0,-0.0,363.11571592298935
2021-09-22 16:00:00,1266.0456162112375,1795.69,2160.0,-0.0,2422.2193837887626,-0.0,0.0,-0.0,363.07940435139705
2021-09-22 17:00:00,455.1499545082387,1689.89,2160.0,-0.0,3500.0,-0.0,64.71704549176081,-0.0,294.9198906301611
2021-09-22 18:00:00,-0.0,1624.01,2160.0,678.1030000000001,3500.0,-0.0,100.0,-0.0,189.62724074636128
2021-09-22 19:00:00,-0.0,1600.26,2160.0,775.2609999999995,3500.0,-0.0,100.0,-0.0,84.3451201275498
2021-09-22 20:00:00,-0.0,1614.59,2160.0,697.40214866524,3500.0,-0.0,80.1198513347602,-0.0,-0.0
2021-09-22 21:00:00,-0.0,1657.31,2160.0,531.3660000000004,3500.0,-0.0,0.0,-0.0,-0.0
2021-09-22 22:00:00,-0.0,1714.52,2160.0,234.19799999999987,3500.0,-0.0,0.0,-0.0,-0.0
2021-09-22 23:00:00,-0.0,1770.03,2160.0,-0.0,3476.791,-0.0,0.0,-0.0,-0.0
2021-09-23 00:00:00,-0.0,1819.9,2160.0,-0.0,2815.4339999999997,-0.0,0.0,-0.0,-0.0
2021-09-23 01:00:00,-0.0,1826.0100000000002,2160.0,-0.0,2655.7309999999998,-0.0,0.0,-0.0,-0.0
2021-09-23 02:00:00,-0.0,1791.06,2160.0,-0.0,2584.159,-0.0,0.0,-0.0,-0.0
2021-09-23 03:00:00,-0.0,1711.31,2160.0,-0.0,2655.283,-0.0,0.0,-0.0,-0.0
2021-09-23 04:00:00,-0.0,1589.3799999999999,2160.0,-0.0,2888.9300000000003,-0.0,0.0,-0.0,-0.0
2021-09-23 05:00:00,-0.0,1434.0,2160.0,-0.0,3253.839,-0.0,0.0,-0.0,-0.0
2021-09-23 06:00:00,-0.0,1258.96,2160.0,176.35800000000017,3500.0,-0.0,0.0,-0.0,-0.0
2021-09-23 07:00:00,460.5902638163956,1081.37,2160.0,108.9027361836047,3500.0,-0.0,0.0,-0.0,-0.0
2021-09-23 08:00:00,1320.134489842391,919.47,2160.0,-0.0,3044.7265101576086,-0.0,0.0,-0.0,-0.0
2021-09-23 09:00:00,2251.955350629414,790.2299999999999,2160.0,-0.0,2279.3956493705864,-0.0,0.0,-0.0,-0.0
2021-09-23 10:00:00,3066.0055291679464,707.2,2160.0,-0.0,1508.8304708320538,-0.0,0.0,-0.0,-0.0
2021-09-23 11:00:00,3617.0601888752435,678.74,2160.0,-0.0,907.7138111247568,-0.0,0.0,-0.0,-0.0
2021-09-23 12:00:00,3811.5497063504254,706.98,2160.0,-0.0,607.2212936495753,-0.0,0.0,-0.0,-0.0
2021-09-23 13:00:00,3617.0601888752435,787.5799999999999,2160.0,-0.0,677.3028111247568,-0.0,0.0,-0.0,-0.0
2021-09-23 14:00:00,3066.0055291679464,910.3700000000001,2160.0,-0.0,1122.585470832054,-0.0,0.0,-0.0,-0.0
2021-09-23 15:00:00,2251.955350629414,1060.78,2160.0,-0.0,1884.1066493705857,-0.0,0.0,-0.0,-0.0
2021-09-23 16:00:00,1320.134489842391,1221.81,2160.0,-0.0,2834.880510157608,-0.0,0.0,-0.0,-0.0
2021-09-23 17:00:00,460.5902638163956,1376.3300000000002,2160.0,264.92373618360443,3500.0,-0.0,0.0,-0.0,-0.0
2021-09-23 18:00:00,-0.0,1509.4199999999998,2160.0,784.1009999999997,3500.0,-0.0,0.0,-0.0,-0.0
2021-09-23 19:00:00,-0.0,1610.3100000000002,2160.0,756.0429999999997,3500.0,-0.0,0.0,-0.0,-0.0
2021-09-23 20:00:00,-0.0,1673.8600000000001,2160.0,608.6119999999992,3500.0,-0.0,0.0,-0.0,-0.0
2021-09-23 21:00:00,-0.0,1701.1599999999999,2160.0,377.5079999999998,3500.0,-0.0,0.0,-0.0,-0.0
2021-09-23 22:00:00,-0.0,1699.33,2160.0,139.1180000000004,3500.0,-0.0,0.0,-0.0,-0.0
2021-09-23 23:00:00,-0.0,1680.51,2160.0,-0.0,3455.883,-0.0,0.0,-0.0,-0.0
2021-09-24 00:00:00,-0.0,1672.37,2160.0,-0.0,2852.5820000000003,-0.0,0.0,-0.0,-0.0
2021-09-24 01:00:00,-0.0,1666.84,2160.0,-0.0,2704.572,-0.0,0.0,-0.0,-0.0
2021-09-24 02:00:00,-0.0,1691.4399999999998,2160.0,-0.0,2573.607,-0.0,0.0,-0.0,-0.0
2021-09-24 03:00:00,-0.0,1758.0100000000002,2160.0,-0.0,2498.674,-0.0,0.0,-0.0,-0.0
2021-09-24 04:00:00,-0.0,1873.24,2160.0,-0.0,2495.5280000000002,-0.0,0.0,-0.0,-0.0
2021-09-24 05:00:00,-0.0,2037.65,2160.0,-0.0,2541.119,-0.0,0.0,-0.0,-0.0
2021-09-24 06:00:00,-0.0,2245.36,2160.0,-0.0,2581.4649999999997,-0.0,0.0,-0.0,-0.0
2021-09-24 07:00:00,478.1495860454406,2484.81,2160.0,-0.0,2080.0894139545594,-0.0,0.0,-0.0,-0.0
2021-09-24 08:00:00,1414.5851599375706,2740.11,2160.0,-0.0,1022.6048400624295,-0.0,0.0,-0.0,-0.0
2021-09-24 09:00:00,2436.3960068570264,2993.1200000000003,1945.9189931429742,-0.0,-0.0,-0.0,0.0,-0.0,-0.0
2021-09-24 10:00:00,3331.687316241941,3225.6800000000003,779.5086837580589,-0.0,-0.0,-0.0,0.0,-0.0,-0.0
2021-09-24 11:00:00,3938.6668769573234,3420.7751230426766,-0.0,-0.0,-0.0,-0.0,0.0,100.0,95.0
2021-09-24 12:00:00,4153.044637294034,3129.821362705966,-0.0,-0.0,-0.0,-0.0,0.0,100.0,189.9905
2021-09-24 13:00:00,3938.6668769573234,3301.6771230426766,-0.0,-0.0,-0.0,-0.0,0.0,100.0,284.97150095
2021-09-24 14:00:00,3331.687316241941,3709.33,138.87241981111174,-0.0,-0.0,-0.0,0.0,21.144736053052647,305.030503050305
2021-09-24 15:00:00,2436.3960068570264,3706.97,1214.7409931429738,-0.0,-0.0,-0.0,0.0,100.0,400.0
2021-09-24 16:00:00,1414.5851599375706,3671.42,2160.0,-0.0,93.65984006242934,-0.0,100.0,-0.0,294.69684210526316
2021-09-24 17:00:00,478.1495860454406,3618.38,2160.0,-0.0,1309.8254139545588,-0.0,100.0,-0.0,189.4042145263158
2021-09-24 18:00:00,-0.0,3564.84,2160.0,-0.0,2034.9539999999997,-0.0,100.0,-0.0,84.12211621012632
2021-09-24 19:00:00,-0.0,3526.69,2160.0,-0.0,2167.88098120142,-0.0,79.90801879858006,-0.0,-0.0
2021-09-24 20:00:00,-0.0,3516.63,2160.0,-0.0,2175.911,-0.0,0.0,-0.0,-0.0
2021-09-24 21:00:00,-0.0,3542.34,2160.0,-0.0,1948.4279999999999,-0.0,0.0,-0.0,-0.0
2021-09-24 22:00:00,-0.0,3605.4900000000002,2160.0,-0.0,1647.1739999999995,-0.0,0.0,-0.0,-0.0
2021-09-24 23:00:00,-0.0,3701.54,2160.0,-0.0,1351.2709999999997,-0.0,0.0,-0.0,-0.0
2021-09-25 00:00:00,-0.0,3832.69,2160.0,-0.0,174.9090000000001,-0.0,0.0,-0.0,-0.0
2021-09-25 01:00:00,-0.0,3959.8,2056.624,-0.0,-0.0,-0.0,0.0,-0.0,-0.0
2021-09-25 02:00:00,-0.0,4078.7000000000003,1833.801,-0.0,-0.0,-0.0,0.0,-0.0,-0.0
2021-09-25 03:00:00,-0.0,4172.93,1733.728,-0.0,-0.0,-0.0,0.0,-0.0,-0.0
2021-09-25 04:00:00,-0.0,4228.39,1803.7614870889856,-0.0,-0.0,-0.0,0.0,10.81548708898591,10.274712734536614
2021-09-25 05:00:00,-0.0,4235.39,2098.6129999999994,-0.0,-0.0,-0.0,0.0,100.0,105.27368526326316
2021-09-25 06:00:00,-0.0,4190.0,2160.0,-0.0,34.79399999999987,-0.0,100.0,-0.0,-0.0
2021-09-25 07:00:00,452.1802726435371,4094.72,2156.921727356463,-0.0,-0.0,-0.0,0.0,-0.0,-0.0
2021-09-25 08:00:00,1383.38501686112,3958.2099999999996,1499.3469831388804,-0.0,-0.0,-0.0,0.0,-0.0,-0.0
2021-09-25 09:00:00,2406.3849687595953,3794.2599999999998,681.3630312404048,-0.0,-0.0,-0.0,0.0,-0.0,-0.0
2021-09-25 10:00:00,3305.4161057210113,3620.05,-0.0,-0.0,-0.0,-0.0,0.0,79.02510572101164,75.07385043496106
2021-09-25 11:00:00,3915.8828862194255,2956.173113780574,-0.0,-0.0,-0.0,-0.0,0.0,100.0,170.06634304991758
2021-09-25 12:00:00,4131.646908837377,2666.938091162623,-0.0,-0.0,-0.0,-0.0,0.0,100.0,265.04933641561263
2021-09-25 13:00:00,3915.8828862194255,2843.338113780574,-0.0,-0.0,-0.0,-0.0,0.0,100.0,360.0228314819711
2021-09-25 14:00:00,3305.4161057210117,3156.9799999999996,218.43289427898844,-0.0,-0.0,-0.0,0.0,-0.0,359.9868291988229
2021-09-25 15:00:00,2406.3849687595953,3152.91,1266.3070517499805,-0.0,-0.0,-0.0,0.0,42.157020509575766,400.0
2021-09-25 16:00:00,1383.38501686112,3195.0,2160.0,-0.0,129.9179831388799,-0.0,100.0,-0.0,294.69684210526316
2021-09-25 17:00:00,452.1802726435371,3273.51,2160.0,-0.0,1212.6427273564623,-0.0,100.0,-0.0,189.4042145263158
2021-09-25 18:00:00,-0.0,3374.31,2160.0,-0.0,1760.841,-0.0,100.0,-0.0,84.12211621012632
2021-09-25 19:00:00,-0.0,3480.89,2160.0,-0.0,1752.4539812014204,-0.0,79.90801879858006,-0.0,-0.0
2021-09-25 20:00:00,-0.0,3576.61,2160.0,-0.0,1658.1529999999998,-0.0,0.0,-0.0,-0.0
2021-09-25 21:00:00,-0.0,3647.06,2160.0,-0.0,1389.408,-0.0,0.0,-0.0,-0.0
2021-09-25 22:00:00,-0.0,3682.0199999999995,2160.0,-0.0,1119.8510000000006,-0.0,0.0,-0.0,-0.0
2021-09-25 23:00:00,-0.0,3676.87,2160.0,-0.0,928.6769999999997,-0.0,0.0,-0.0,-0.0
2021-09-26 00:00:00,-0.0,3645.7200000000003,2160.0,-0.0,354.40599999999995,-0.0,0.0,-0.0,-0.0
2021-09-26 01:00:00,-0.0,3571.2500000000005,2160.0,-0.0,281.27,-0.0,0.0,-0.0,-0.0
2021-09-26 02:00:00,-0.0,3478.56,2160.0,-0.0,273.62300000000005,-0.0,0.0,-0.0,-0.0
2021-09-26 03:00:00,-0.0,3383.55,2160.0,-0.0,366.3869999999997,-0.0,0.0,-0.0,-0.0
2021-09-26 04:00:00,-0.0,3303.15,2160.0,-0.0,565.0709999999995,-0.0,0.0,-0.0,-0.0
2021-09-26 05:00:00,-0.0,3253.05,2160.0,-0.0,831.4499999999998,-0.0,0.0,-0.0,-0.0
2021-09-26 06:00:00,-0.0,3245.47,2160.0,-0.0,1093.4370000000004,-0.0,0.0,-0.0,-0.0
2021-09-26 07:00:00,368.95524644355754,3287.4500000000003,2160.0,-0.0,905.1447535564423,-0.0,0.0,-0.0,-0.0
2021-09-26 08:00:00,1169.6356954252383,3379.8,2160.0,-0.0,152.8463045747617,-0.0,0.0,-0.0,-0.0
2021-09-26 09:00:00,2055.451131972163,3516.93,1334.5738680278373,-0.0,-0.0,-0.0,0.0,-0.0,-0.0
2021-09-26 10:00:00,2836.3049497492584,3687.46,351.2200502507412,-0.0,-0.0,-0.0,0.0,-0.0,-0.0
2021-09-26 11:00:00,3367.3789491096104,3536.80605089039,-0.0,-0.0,-0.0,-0.0,0.0,100.0,95.0
2021-09-26 12:00:00,3555.214407634838,3279.0695923651615,-0.0,-0.0,-0.0,-0.0,0.0,100.0,189.9905
2021-09-26 13:00:00,3367.3789491096104,3431.092050890389,-0.0,-0.0,-0.0,-0.0,0.0,100.0,284.97150095
2021-09-26 14:00:00,2836.3049497492584,3987.304050250742,-0.0,-0.0,-0.0,-0.0,0.0,100.0,379.943003799905
2021-09-26 15:00:00,2055.451131972163,4457.83,316.44986802783706,-0.0,-0.0,-0.0,0.0,-0.0,379.905009499525
2021-09-26 16:00:00,1169.6356954252383,4496.04,1373.5849161552092,-0.0,-0.0,-0.0,0.0,21.192611580447288,400.0
2021-09-26 17:00:00,368.95524644355754,4483.54,2160.0,-0.0,139.05075355644277,-0.0,100.0,-0.0,294.69684210526316
2021-09-26 18:00:00,-0.0,4427.18,2160.0,-0.0,764.5999999999995,-0.0,100.0,-0.0,189.4042145263158
2021-09-26 19:00:00,-0.0,4338.9800000000005,2160.0,-0.0,934.281,-0.0,100.0,-0.0,84.12211621012632
2021-09-26 20:00:00,-0.0,4234.38,2160.0,-0.0,983.8239812014199,-0.0,79.90801879858006,-0.0,-0.0
2021-09-26 21:00:00,-0.0,4130.07,2160.0,-0.0,973.0460000000003,-0.0,0.0,-0.0,-0.0
2021-09-26 22:00:00,-0.0,4041.6600000000003,2160.0,-0.0,830.1129999999998,-0.0,0.0,-0.0,-0.0
2021-09-26 23:00:00,-0.0,3981.5099999999998,2160.0,-0.0,697.1470000000004,-0.0,0.0,-0.0,-0.0
2021-09-27 00:00:00,-0.0,3969.56,2160.0,-0.0,543.0679999999998,-0.0,0.0,-0.0,-0.0
2021-09-27 01:00:00,-0.0,3981.9700000000003,2160.0,-0.0,386.15599999999995,-0.0,0.0,-0.0,-0.0
2021-09-27 02:00:00,-0.0,4026.4100000000003,2160.0,-0.0,244.42899999999963,-0.0,0.0,-0.0,-0.0
2021-09-27 03:00:00,-0.0,4092.38,2160.0,-0.0,179.20499999999993,-0.0,0.0,-0.0,-0.0
2021-09-27 04:00:00,-0.0,4165.19,2160.0,-0.0,227.61000000000058,-0.0,0.0,-0.0,-0.0
2021-09-27 05:00:00,-0.0,4227.969999999999,2160.0,-0.0,383.978000000001,-0.0,0.0,-0.0,-0.0
2021-09-27 06:00:00,-0.0,4263.95,2160.0,-0.0,605.2089999999998,-0.0,0.0,-0.0,-0.0
2021-09-27 07:00:00,283.13636948623486,4258.79,2160.0,-0.0,552.6106305137655,-0.0,0.0,-0.0,-0.0
2021-09-27 08:00:00,932.1658860659094,4202.57,2160.0,-0.0,103.20011393409061,-0.0,0.0,-0.0,-0.0
2021-09-27 09:00:00,1655.455932760209,4091.18,1698.5660672397914,-0.0,-0.0,-0.0,0.0,-0.0,-0.0
2021-09-27 10:00:00,2295.04654349606,3926.9500000000003,1214.8755312457042,-0.0,-0.0,-0.0,0.0,21.121074741764055,20.065021004675852
2021-09-27 11:00:00,2730.751859072767,3718.45,998.1921409272336,-0.0,-0.0,-0.0,0.0,100.0,115.06301450257538
2021-09-27 12:00:00,2884.9719975693383,3479.43,1015.456002430662,-0.0,-0.0,-0.0,0.0,100.0,210.05150820112513
2021-09-27 13:00:00,2730.751859072767,3227.06,1388.5161409272332,-0.0,-0.0,-0.0,0.0,100.0,305.030503050305
2021-09-27 14:00:00,2295.04654349606,2979.71,2098.9114565039395,-0.0,-0.0,-0.0,0.0,100.0,400.0
2021-09-27 15:00:00,1655.455932760209,2754.67,2160.0,-0.0,811.7810672397911,-0.0,0.0,-0.0,399.96
2021-09-27 16:00:00,932.1658860659094,2565.87,2160.0,-0.0,1914.238113934091,-0.0,0.0,-0.0,399.920004
2021-09-27 17:00:00,283.13636948623486,2422.15,2160.0,-0.0,2942.408630513765,-0.0,0.0,-0.0,399.8800119996
2021-09-27 18:00:00,-0.0,2326.24,2160.0,-0.0,3500.0,-0.0,23.543000000000575,-0.0,375.05791873524157
2021-09-27 19:00:00,-0.0,2274.4900000000002,2160.0,58.5349999999994,3500.0,-0.0,100.0,-0.0,269.75725504863124
2021-09-27 20:00:00,-0.0,2257.5,2160.0,2.0460000000002765,3500.0,-0.0,100.0,-0.0,164.46712142838953
2021-09-27 21:00:00,-0.0,2261.56,2160.0,-0.0,3404.5660000000003,-0.0,0.0,-0.0,164.4506747162467
2021-09-27 22:00:00,-0.0,2270.58,2160.0,-0.0,3165.683,-0.0,0.0,-0.0,164.43422964877507
2021-09-27 23:00:00,-0.0,2268.42,2160.0,-0.0,2976.111,-0.0,0.0,-0.0,164.4177862258102
2021-09-28 00:00:00,-0.0,2253.85,2160.0,-0.0,2389.8709999999996,-0.0,0.0,-0.0,164.40134444718763
2021-09-28 01:00:00,-0.0,2191.81,2160.0,-0.0,2308.597,-0.0,0.0,-0.0,164.38490431274292
2021-09-28 02:00:00,-0.0,2090.93,2160.0,-0.0,2313.2770000000005,-0.0,0.0,-0.0,164.36846582231163
2021-09-28 03:00:00,-0.0,1953.39,2160.0,-0.0,2452.549,-0.0,0.0,-0.0,164.3520289757294
2021-09-28 04:00:00,-0.0,1787.4,2160.0,-0.0,2740.64,-0.0,0.0,-0.0,164.33559377283183
2021-09-28 05:00:00,-0.0,1606.19,2160.0,-0.0,3141.78,-0.0,0.0,-0.0,164.31916021345455
2021-09-28 06:00:00,-0.0,1426.2,2160.0,-0.0,3500.0,-0.0,79.65999999999963,-0.0,80.45009671848625
2021-09-28 07:00:00,245.32529561969096,1264.9299999999998,2160.0,145.13975525693513,3500.0,-0.0,76.41994912337368,-0.0,-0.0
2021-09-28 08:00:00,840.8574104748747,1138.6000000000001,2160.0,-0.0,3396.2275895251255,-0.0,0.0,-0.0,-0.0
2021-09-28 09:00:00,1509.5718514481632,1059.94,2160.0,-0.0,2853.8071485518376,-0.0,0.0,-0.0,-0.0
2021-09-28 10:00:00,2102.805851499335,1036.49,2160.0,-0.0,2254.8351485006656,-0.0,0.0,-0.0,-0.0
2021-09-28 11:00:00,2507.6067599529224,1069.5,2160.0,-0.0,1748.8252400470774,-0.0,0.0,-0.0,-0.0
2021-09-28 12:00:00,2650.989407993041,1153.8,2160.0,-0.0,1453.6585920069592,-0.0,0.0,-0.0,-0.0
2021-09-28 13:00:00,2507.6067599529224,1278.3600000000001,2160.0,-0.0,1438.8992400470775,-0.0,0.0,-0.0,-0.0
2021-09-28 14:00:00,2102.805851499335,1427.8,2160.0,-0.0,1721.4421485006646,-0.0,0.0,-0.0,-0.0
2021-09-28 15:00:00,1509.5718514481632,1584.31,2160.0,-0.0,2266.142148551837,-0.0,0.0,-0.0,-0.0
2021-09-28 16:00:00,840.8574104748747,1730.03,2160.0,-0.0,2979.136589525126,-0.0,0.0,-0.0,-0.0
2021-09-28 17:00:00,245.32529561969096,1849.34,2160.0,190.30770438030868,3500.0,-0.0,0.0,-0.0,-0.0
2021-09-28 18:00:00,-0.0,1930.8600000000001,2160.0,555.6240000000003,3500.0,-0.0,0.0,-0.0,-0.0
2021-09-28 19:00:00,-0.0,1968.89,2160.0,600.1570000000002,3500.0,-0.0,0.0,-0.0,-0.0
2021-09-28 20:00:00,-0.0,1964.06,2160.0,530.7249999999999,3500.0,-0.0,0.0,-0.0,-0.0
2021-09-28 21:00:00,-0.0,1923.1200000000001,2160.0,377.3599999999997,3500.0,-0.0,0.0,-0.0,-0.0
2021-09-28 22:00:00,-0.0,1857.9399999999998,2160.0,211.6910000000007,3500.0,-0.0,0.0,-0.0,-0.0
2021-09-28 23:00:00,-0.0,1783.73,2160.0,93.08099999999968,3500.0,-0.0,0.0,-0.0,-0.0
2021-09-29 00:00:00,-0.0,1729.7,2160.0,-0.0,3045.193,-0.0,0.0,-0.0,-0.0
2021-09-29 01:00:00,-0.0,1685.5700000000002,2160.0,-0.0,2944.7229999999995,-0.0,0.0,-0.0,-0.0
2021-09-29 02:00:00,-0.0,1676.1200000000001,2160.0,-0.0,2856.589,-0.0,0.0,-0.0,-0.0
2021-09-29 03:00:00,-0.0,1708.28,2160.0,-0.0,2824.6810000000005,-0.0,0.0,-0.0,-0.0
2021-09-29 04:00:00,-0.0,1782.93,2160.0,-0.0,2870.5549999999994,-0.0,0.0,-0.0,-0.0
2021-09-29 05:00:00,-0.0,1894.68,2160.0,-0.0,2977.066,-0.0,0.0,-0.0,-0.0
2021-09-29 06:00:00,-0.0,2032.5099999999998,2160.0,-0.0,3095.364,-0.0,0.0,-0.0,-0.0
2021-09-29 07:00:00,242.6513497083206,2181.21,2160.0,-0.0,2928.114650291679,-0.0,0.0,-0.0,-0.0
2021-09-29 08:00:00,868.1760191638524,2323.33,2160.0,-0.0,2302.396980836148,-0.0,0.0,-0.0,-0.0
2021-09-29 09:00:00,1576.1186021133972,2441.58,2160.0,-0.0,1521.8073978866032,-0.0,0.0,-0.0,-0.0
2021-09-29 10:00:00,2206.2210176798694,2521.06,2160.0,-0.0,780.9199823201307,-0.0,0.0,-0.0,-0.0
2021-09-29 11:00:00,2636.898822049944,2551.28,2160.0,-0.0,249.62217795005608,-0.0,0.0,-0.0,-0.0
2021-09-29 12:00:00,2789.5663467915265,2527.58,2160.0,-0.0,50.886653208473945,-0.0,0.0,-0.0,-0.0
2021-09-29 13:00:00,2636.898822049944,2451.79,2160.0,-0.0,243.39817795005638,-0.0,0.0,-0.0,-0.0
2021-09-29 14:00:00,2206.2210176798694,2331.97,2160.0,-0.0,818.6349823201308,-0.0,0.0,-0.0,-0.0
2021-09-29 15:00:00,1576.1186021133972,2181.39,2160.0,-0.0,1704.7743978866033,-0.0,0.0,-0.0,-0.0
2021-09-29 16:00:00,868.1760191638524,2016.76,2160.0,-0.0,2764.752980836148,-0.0,0.0,-0.0,-0.0
2021-09-29 17:00:00,242.6513497083206,1856.09,2160.0,283.230650291679,3500.0,-0.0,0.0,-0.0,-0.0
2021-09-29 18:00:00,-0.0,1716.27,2160.0,864.4779999999992,3500.0,-0.0,0.0,-0.0,-0.0
2021-09-29 19:00:00,-0.0,1610.92,2160.0,1049.5869999999995,3500.0,-0.0,0.0,-0.0,-0.0
2021-09-29 20:00:00,-0.0,1548.62,2160.0,1034.7560000000003,3500.0,-0.0,0.0,-0.0,-0.0
2021-09-29 21:00:00,-0.0,1531.8799999999999,2160.0,854.2600000000002,3500.0,-0.0,0.0,-0.0,-0.0
2021-09-29 22:00:00,-0.0,1556.87,2160.0,595.4290000000001,3500.0,-0.0,0.0,-0.0,-0.0
2021-09-29 23:00:00,-0.0,1614.1,2160.0,342.3300000000004,3500.0,-0.0,0.0,-0.0,-0.0
2021-09-30 00:00:00,-0.0,1702.6299999999999,2160.0,-0.0,3148.8499999999995,-0.0,0.0,-0.0,-0.0
2021-09-30 01:00:00,-0.0,1780.66,2160.0,-0.0,2923.062,-0.0,0.0,-0.0,-0.0
2021-09-30 02:00:00,-0.0,1844.9399999999998,2160.0,-0.0,2757.991,-0.0,0.0,-0.0,-0.0
2021-09-30 03:00:00,-0.0,1881.6399999999999,2160.0,-0.0,2718.288,-0.0,0.0,-0.0,-0.0
2021-09-30 04:00:00,-0.0,1881.23,2160.0,-0.0,2835.9240000000004,-0.0,0.0,-0.0,-0.0
2021-09-30 05:00:00,-0.0,1839.79,2160.0,-0.0,3092.2839999999997,-0.0,0.0,-0.0,-0.0
2021-09-30 06:00:00,-0.0,1759.74,2160.0,-0.0,3425.0830000000005,-0.0,0.0,-0.0,-0.0
2021-09-30 07:00:00,233.74230411421559,1649.55,2160.0,22.216695885784247,3500.0,-0.0,0.0,-0.0,-0.0
2021-09-30 08:00:00,875.5817403285232,1522.7099999999998,2160.0,-0.0,3145.695259671477,-0.0,0.0,-0.0,-0.0
2021-09-30 09:00:00,1607.9841510848432,1395.97,2160.0,-0.0,2582.1578489151566,-0.0,0.0,-0.0,-0.0
2021-09-30 10:00:00,2262.0350177054556,1287.1499999999999,2160.0,-0.0,2002.1159822945451,-0.0,0.0,-0.0,-0.0
2021-09-30 11:00:00,2709.853185037356,1212.81,2160.0,-0.0,1554.7078149626436,-0.0,0.0,-0.0,-0.0
2021-09-30 12:00:00,2868.7188424675064,1186.02,2160.0,-0.0,1349.3121575324944,-0.0,0.0,-0.0,-0.0
2021-09-30 13:00:00,2709.853185037356,1214.66,2160.0,-0.0,1440.021814962644,-0.0,0.0,-0.0,-0.0
2021-09-30 14:00:00,2262.0350177054556,1300.3200000000002,2160.0,-0.0,1823.3349822945438,-0.0,0.0,-0.0,-0.0
2021-09-30 15:00:00,1607.9841510848432,1438.1399999999999,2160.0,-0.0,2441.424848915157,-0.0,0.0,-0.0,-0.0
2021-09-30 16:00:00,875.5817403285232,1617.43,2160.0,-0.0,3178.3372596714767,-0.0,0.0,-0.0,-0.0
2021-09-30 17:00:00,233.74230411421559,1823.07,2160.0,343.20769588578514,3500.0,-0.0,0.0,-0.0,-0.0
2021-09-30 18:00:00,-0.0,2037.5099999999998,2160.0,557.6700000000005,3500.0,-0.0,0.0,-0.0,-0.0
2021-09-30 19:00:00,-0.0,2243.13,2160.0,428.1940000000004,3500.0,-0.0,0.0,-0.0,-0.0
2021-09-30 20:00:00,-0.0,2424.48,2160.0,166.1010000000001,3500.0,-0.0,0.0,-0.0,-0.0
2021-09-30 21:00:00,-0.0,2570.33,2160.0,-0.0,3319.4080000000004,-0.0,0.0,-0.0,-0.0
2021-09-30 22:00:00,-0.0,2675.09,2160.0,-0.0,2977.21,-0.0,0.0,-0.0,-0.0
2021-09-30 23:00:00,-0.0,2739.43,2160.0,-0.0,2713.4150000000004,-0.0,0.0,-0.0,-0.0
2021-10-01 00:00:00,-0.0,2783.06,2160.0,-0.0,2061.3350000000005,-0.0,0.0,-0.0,-0.0
2021-10-01 01:00:00,-0.0,2791.9,2160.0,-0.0,1901.1860000000001,-0.0,0.0,-0.0,-0.0
2021-10-01 02:00:00,-0.0,2794.01,2160.0,-0.0,1794.754,-0.0,0.0,-0.0,-0.0
2021-10-01 03:00:00,-0.0,2805.67,2160.0,-0.0,1776.5860000000002,-0.0,0.0,-0.0,-0.0
2021-10-01 04:00:00,-0.0,2841.96,2160.0,-0.0,1854.0429999999997,-0.0,0.0,-0.0,-0.0
2021-10-01 05:00:00,-0.0,2914.6,2160.0,-0.0,1992.8750000000005,-0.0,0.0,-0.0,-0.0
2021-10-01 06:00:00,-0.0,3030.2400000000002,2160.0,-0.0,2126.5679999999998,-0.0,0.0,-0.0,-0.0
2021-10-01 07:00:00,213.5829699621329,3189.41,2160.0,-0.0,1971.1210300378668,-0.0,0.0,-0.0,-0.0
2021-10-01 08:00:00,840.4507735390442,3386.3300000000004,2160.0,-0.0,1282.4712264609557,-0.0,0.0,-0.0,-0.0
2021-10-01 09:00:00,1561.8924705250233,3609.54,2160.0,-0.0,376.64552947497714,-0.0,0.0,-0.0,-0.0
2021-10-01 10:00:00,2208.3712645072155,3843.36,1618.2817354927843,-0.0,-0.0,-0.0,0.0,-0.0,-0.0
2021-10-01 11:00:00,2651.784198367619,4069.87,892.3418763741456,-0.0,-0.0,-0.0,0.0,21.121074741764055,20.065021004675852
2021-10-01 12:00:00,2809.201981859585,4271.25,535.9460181404152,-0.0,-0.0,-0.0,0.0,100.0,115.06301450257538
2021-10-01 13:00:00,2651.784198367619,4432.070000000001,489.92280163238047,-0.0,-0.0,-0.0,0.0,100.0,210.05150820112513
2021-10-01 14:00:00,2208.3712645072155,4541.29,842.2207354927841,-0.0,-0.0,-0.0,0.0,100.0,305.030503050305
2021-10-01 15:00:00,1561.8924705250233,4593.71,1535.1465294749764,-0.0,-0.0,-0.0,0.0,100.0,400.0
2021-10-01 16:00:00,840.4507735390442,4590.6,2160.0,-0.0,80.5672264609558,-0.0,100.0,-0.0,294.69684210526316
2021-10-01 17:00:00,213.5829699621329,4539.47,2160.0,-0.0,984.3670300378669,-0.0,100.0,-0.0,189.4042145263158
2021-10-01 18:00:00,-0.0,4453.08,2160.0,-0.0,1476.696,-0.0,100.0,-0.0,84.12211621012632
2021-10-01 19:00:00,-0.0,4347.62,2160.0,-0.0,1675.6559812014193,-0.0,79.90801879858006,-0.0,-0.0
2021-10-01 20:00:00,-0.0,4240.610000000001,2160.0,-0.0,1779.164999999999,-0.0,0.0,-0.0,-0.0
2021-10-01 21:00:00,-0.0,4148.5,2160.0,-0.0,1667.839,-0.0,0.0,-0.0,-0.0
2021-10-01 22:00:00,-0.0,4084.4900000000002,2160.0,-0.0,1491.891,-0.0,0.0,-0.0,-0.0
2021-10-01 23:00:00,-0.0,4056.79,2160.0,-0.0,1317.6940000000004,-0.0,0.0,-0.0,-0.0
2021-10-02 00:00:00,-0.0,4080.61,2160.0,-0.0,246.9760000000001,-0.0,0.0,-0.0,-0.0
2021-10-02 01:00:00,-0.0,4125.79,2160.0,-0.0,48.20300000000043,-0.0,0.0,-0.0,-0.0
2021-10-02 02:00:00,-0.0,4195.650000000001,2031.8199999999997,-0.0,-0.0,-0.0,0.0,-0.0,-0.0
2021-10-02 03:00:00,-0.0,4276.22,2039.5852847167034,-0.0,-0.0,-0.0,0.0,96.96028471670357,92.11227048086839
2021-10-02 04:00:00,-0.0,4351.320000000001,2079.2419999999993,-0.0,-0.0,-0.0,0.0,100.0,187.1030592538203
2021-10-02 05:00:00,-0.0,4404.8,2160.0,-0.0,-0.0,-0.0,0.0,24.708999999999833,210.55789894789478
2021-10-02 06:00:00,-0.0,4422.84,2160.0,-0.0,104.72999999999956,-0.0,100.0,-0.0,105.27368526326316
2021-10-02 07:00:00,210.28674631562794,4395.99,2160.0,-0.0,136.83825368437206,-0.0,100.0,-0.0,-0.0
2021-10-02 08:00:00,872.4703516528505,4320.48,1943.6326483471496,-0.0,-0.0,-0.0,0.0,-0.0,-0.0
2021-10-02 09:00:00,1641.3591856514176,4198.92,1333.553814348582,-0.0,-0.0,-0.0,0.0,-0.0,-0.0
2021-10-02 10:00:00,2332.777522208577,4040.03,782.6005525331875,-0.0,-0.0,-0.0,0.0,21.121074741764055,20.065021004675852
2021-10-02 11:00:00,2807.8588477382054,3857.61,490.29715226179405,-0.0,-0.0,-0.0,0.0,100.0,115.06301450257538
2021-10-02 12:00:00,2976.650143102037,3668.7799999999997,432.572856897963,-0.0,-0.0,-0.0,0.0,100.0,210.05150820112513
2021-10-02 13:00:00,2807.8588477382054,3491.7599999999998,734.5761522617945,-0.0,-0.0,-0.0,0.0,100.0,305.030503050305
2021-10-02 14:00:00,2332.777522208577,3343.56,1374.8744777914235,-0.0,-0.0,-0.0,0.0,100.0,400.0
2021-10-02 15:00:00,1641.3591856514174,3237.7299999999996,2160.0,-0.0,-0.0,-0.0,10.004814348583068,-0.0,389.4286164751757
2021-10-02 16:00:00,872.4703516528505,3182.66,2160.0,-0.0,913.9466483471499,-0.0,100.0,-0.0,284.1265157187914
2021-10-02 17:00:00,210.28674631562794,3180.4900000000002,2160.0,-0.0,1803.3192536843715,-0.0,100.0,-0.0,178.83494517248266
2021-10-02 18:00:00,-0.0,3226.9300000000003,2160.0,-0.0,2158.843,-0.0,100.0,-0.0,73.55390378322859
2021-10-02 19:00:00,-0.0,3311.85,2160.0,-0.0,2176.885779026792,-0.0,69.86922097320776,-0.0,-0.0
2021-10-02 20:00:00,-0.0,3420.7,2160.0,-0.0,2054.0240000000003,-0.0,0.0,-0.0,-0.0
2021-10-02 21:00:00,-0.0,3536.5400000000004,2160.0,-0.0,1734.3799999999997,-0.0,0.0,-0.0,-0.0
2021-10-02 22:00:00,-0.0,3642.2900000000004,2160.0,-0.0,1388.4099999999994,-0.0,0.0,-0.0,-0.0
2021-10-02 23:00:00,-0.0,3723.08,2160.0,-0.0,1105.5650000000005,-0.0,0.0,-0.0,-0.0
2021-10-03 00:00:00,-0.0,3781.32,2160.0,-0.0,436.5830000000001,-0.0,0.0,-0.0,-0.0
2021-10-03 01:00:00,-0.0,3785.7400000000002,2160.0,-0.0,278.62300000000005,-0.0,0.0,-0.0,-0.0
2021-10-03 02:00:00,-0.0,3750.5899999999997,2160.0,-0.0,207.4079999999999,-0.0,0.0,-0.0,-0.0
2021-10-03 03:00:00,-0.0,3683.1000000000004,2160.0,-0.0,266.53499999999985,-0.0,0.0,-0.0,-0.0
2021-10-03 04:00:00,-0.0,3595.4799999999996,2160.0,-0.0,466.2400000000007,-0.0,0.0,-0.0,-0.0
2021-10-03 05:00:00,-0.0,3503.23,2160.0,-0.0,768.4900000000002,-0.0,0.0,-0.0,-0.0
2021-10-03 06:00:00,-0.0,3422.9300000000003,2160.0,-0.0,1096.8459999999995,-0.0,0.0,-0.0,-0.0
2021-10-03 07:00:00,229.98399304063048,3369.94,2160.0,-0.0,1136.0760069593694,-0.0,0.0,-0.0,-0.0
2021-10-03 08:00:00,1010.2463389110635,3356.23,2160.0,-0.0,503.7746610889367,-0.0,0.0,-0.0,-0.0
2021-10-03 09:00:00,1924.6988736055678,3388.58,1755.1071263944327,-0.0,-0.0,-0.0,0.0,-0.0,-0.0
2021-10-03 10:00:00,2749.968534873606,3467.67,812.188465126394,-0.0,-0.0,-0.0,0.0,-0.0,-0.0
2021-10-03 11:00:00,3318.0403342288414,3587.75,46.60266577115863,-0.0,-0.0,-0.0,0.0,-0.0,-0.0
2021-10-03 12:00:00,3520.0341515198043,3455.7828484801958,-0.0,-0.0,-0.0,-0.0,0.0,100.0,95.0
2021-10-03 13:00:00,3318.0403342288414,3615.2546657711587,-0.0,-0.0,-0.0,-0.0,0.0,100.0,189.9905
2021-10-03 14:00:00,2749.968534873606,4060.17,62.694314864419994,-0.0,-0.0,-0.0,0.0,21.13684973802645,210.05150820112513
2021-10-03 15:00:00,1924.6988736055678,4197.33,929.0291263944323,-0.0,-0.0,-0.0,0.0,100.0,305.030503050305
2021-10-03 16:00:00,1010.2463389110635,4296.74,1925.630661088937,-0.0,-0.0,-0.0,0.0,100.0,400.0
2021-10-03 17:00:00,229.98399304063048,4347.16,2160.0,-0.0,522.1620069593693,-0.0,100.0,-0.0,294.69684210526316
2021-10-03 18:00:00,-0.0,4343.12,2160.0,-0.0,949.625,-0.0,100.0,-0.0,189.4042145263158
2021-10-03 19:00:00,-0.0,4285.610000000001,2160.0,-0.0,1081.8199999999997,-0.0,100.0,-0.0,84.12211621012632
2021-10-03 20:00:00,-0.0,4181.84,2160.0,-0.0,1123.74398120142,-0.0,79.90801879858006,-0.0,-0.0
2021-10-03 21:00:00,-0.0,4044.2299999999996,2160.0,-0.0,1139.4890000000005,-0.0,0.0,-0.0,-0.0
2021-10-03 22:00:00,-0.0,3888.64,2160.0,-0.0,1056.975,-0.0,0.0,-0.0,-0.0
2021-10-03 23:00:00,-0.0,3732.2499999999995,2160.0,-0.0,1013.5120000000002,-0.0,0.0,-0.0,-0.0
2021-10-04 00:00:00,-0.0,3604.3199999999997,2160.0,-0.0,969.1880000000001,-0.0,0.0,-0.0,-0.0
2021-10-04 01:00:00,-0.0,3491.38,2160.0,-0.0,930.9520000000002,-0.0,0.0,-0.0,-0.0
2021-10-04 02:00:00,-0.0,3414.4799999999996,2160.0,-0.0,903.9300000000003,-0.0,0.0,-0.0,-0.0
2021-10-04 03:00:00,-0.0,3375.49,2160.0,-0.0,937.0770000000002,-0.0,0.0,-0.0,-0.0
2021-10-04 04:00:00,-0.0,3370.0200000000004,2160.0,-0.0,1057.2239999999993,-0.0,0.0,-0.0,-0.0
2021-10-04 05:00:00,-0.0,3388.08,2160.0,-0.0,1251.8310000000001,-0.0,0.0,-0.0,-0.0
2021-10-04 06:00:00,-0.0,3415.5099999999998,2160.0,-0.0,1475.1930000000007,-0.0,0.0,-0.0,-0.0
2021-10-04 07:00:00,240.88309515402727,3435.91,2160.0,-0.0,1432.9369048459725,-0.0,0.0,-0.0,-0.0
2021-10-04 08:00:00,1125.564877213182,3432.9900000000002,2160.0,-0.0,688.2951227868182,-0.0,0.0,-0.0,-0.0
2021-10-04 09:00:00,2172.4886355030194,3392.83,1882.5973644969808,-0.0,-0.0,-0.0,0.0,-0.0,-0.0
2021-10-04 10:00:00,3120.7782921911785,3305.9100000000003,1006.7817825505863,-0.0,-0.0,-0.0,0.0,21.121074741764055,20.065021004675852
2021-10-04 11:00:00,3774.736741326375,3168.46,494.76725867362484,-0.0,-0.0,-0.0,0.0,100.0,115.06301450257538
2021-10-04 12:00:00,4007.462453101014,2983.13,373.90154689898554,-0.0,-0.0,-0.0,0.0,100.0,210.05150820112513
2021-10-04 13:00:00,3774.736741326375,2758.7400000000002,791.6522586736241,-0.0,-0.0,-0.0,0.0,100.0,305.030503050305
2021-10-04 14:00:00,3120.7782921911785,2509.22,1716.7387078088213,-0.0,-0.0,-0.0,0.0,100.0,400.0
2021-10-04 15:00:00,2172.4886355030194,2251.9,2160.0,-0.0,764.9653644969808,-0.0,0.0,-0.0,399.96
2021-10-04 16:00:00,1125.564877213182,2005.24,2160.0,-0.0,2243.4061227868187,-0.0,0.0,-0.0,399.920004
2021-10-04 17:00:00,240.88309515402722,1786.54,2160.0,-0.0,3500.0,-0.0,76.8179048459728,-0.0,319.01905953015495
2021-10-04 18:00:00,-0.0,1609.69,2160.0,591.3700000000008,3500.0,-0.0,100.0,-0.0,213.7239997294651
2021-10-04 19:00:00,-0.0,1483.45,2160.0,795.71,3500.0,-0.0,100.0,-0.0,108.43946943475534
2021-10-04 20:00:00,-0.0,1410.3899999999999,2160.0,790.2810000000009,3500.0,-0.0,100.0,-0.0,3.1654675930750216
2021-10-04 21:00:00,-0.0,1386.65,2160.0,712.7191065060006,3500.0,-0.0,3.006893493999929,-0.0,-0.0
2021-10-04 22:00:00,-0.0,1402.57,2160.0,465.20900000000074,3500.0,-0.0,0.0,-0.0,-0.0
2021-10-04 23:00:00,-0.0,1444.1200000000001,2160.0,227.33500000000004,3500.0,-0.0,0.0,-0.0,-0.0
2021-10-05 00:00:00,-0.0,1508.08,2160.0,-0.0,3058.577,-0.0,0.0,-0.0,-0.0
2021-10-05 01:00:00,-0.0,1551.43,2160.0,-0.0,2867.621,-0.0,0.0,-0.0,-0.0
2021-10-05 02:00:00,-0.0,1573.07,2160.0,-0.0,2745.643,-0.0,0.0,-0.0,-0.0
2021-10-05 03:00:00,-0.0,1562.82,2160.0,-0.0,2753.647,-0.0,0.0,-0.0,-0.0
2021-10-05 04:00:00,-0.0,1516.1299999999999,2160.0,-0.0,2918.621,-0.0,0.0,-0.0,-0.0
2021-10-05 05:00:00,-0.0,1434.65,2160.0,-0.0,3216.381,-0.0,0.0,-0.0,-0.0
2021-10-05 06:00:00,-0.0,1326.08,2160.0,79.35800000000017,3500.0,-0.0,0.0,-0.0,-0.0
2021-10-05 07:00:00,217.51379367516125,1203.08,2160.0,207.487206324839,3500.0,-0.0,0.0,-0.0,-0.0
2021-10-05 08:00:00,1086.922045977894,1081.5800000000002,2160.0,-0.0,3100.310954022106,-0.0,0.0,-0.0,-0.0
2021-10-05 09:00:00,2126.267570463617,978.53,2160.0,-0.0,2208.688429536383,-0.0,0.0,-0.0,-0.0
2021-10-05 10:00:00,3071.2240365111047,909.63,2160.0,-0.0,1300.6619634888948,-0.0,0.0,-0.0,-0.0
2021-10-05 11:00:00,3724.1042816497807,887.12,2160.0,-0.0,599.4917183502198,-0.0,0.0,-0.0,-0.0
2021-10-05 12:00:00,3956.632836122199,918.04,2160.0,-0.0,266.1421638778006,-0.0,0.0,-0.0,-0.0
2021-10-05 13:00:00,3724.1042816497807,1003.2299999999999,2160.0,-0.0,377.6677183502202,-0.0,0.0,-0.0,-0.0
2021-10-05 14:00:00,3071.2240365111047,1137.0900000000001,2160.0,-0.0,921.8259634888955,-0.0,0.0,-0.0,-0.0
2021-10-05 15:00:00,2126.267570463617,1308.23,2160.0,-0.0,1801.7644295363825,-0.0,0.0,-0.0,-0.0
2021-10-05 16:00:00,1086.922045977894,1500.94,2160.0,-0.0,2836.736954022106,-0.0,0.0,-0.0,-0.0
2021-10-05 17:00:00,217.51379367516125,1697.16,2160.0,243.40320632483918,3500.0,-0.0,0.0,-0.0,-0.0
2021-10-05 18:00:00,-0.0,1878.79,2160.0,479.52099999999973,3500.0,-0.0,0.0,-0.0,-0.0
2021-10-05 19:00:00,-0.0,2030.05,2160.0,409.741,3500.0,-0.0,0.0,-0.0,-0.0
2021-10-05 20:00:00,-0.0,2139.46,2160.0,225.1819999999998,3500.0,-0.0,0.0,-0.0,-0.0
2021-10-05 21:00:00,-0.0,2201.27,2160.0,-0.0,3468.377,-0.0,0.0,-0.0,-0.0
2021-10-05 22:00:00,-0.0,2216.11,2160.0,-0.0,3222.194,-0.0,0.0,-0.0,-0.0
2021-10-05 23:00:00,-0.0,2190.8,2160.0,-0.0,3054.388,-0.0,0.0,-0.0,-0.0
2021-10-06 00:00:00,-0.0,2150.63,2160.0,-0.0,2492.964,-0.0,0.0,-0.0,-0.0
2021-10-06 01:00:00,-0.0,2084.37,2160.0,-0.0,2414.723,-0.0,0.0,-0.0,-0.0
2021-10-06 02:00:00,-0.0,2021.99,2160.0,-0.0,2379.8150000000005,-0.0,0.0,-0.0,-0.0
2021-10-06 03:00:00,-0.0,1979.04,2160.0,-0.0,2423.5110000000004,-0.0,0.0,-0.0,-0.0
2021-10-06 04:00:00,-0.0,1967.8100000000002,2160.0,-0.0,2555.9569999999994,-0.0,0.0,-0.0,-0.0
2021-10-06 05:00:00,-0.0,1995.61,2160.0,-0.0,2747.304,-0.0,0.0,-0.0,-0.0
2021-10-06 06:00:00,-0.0,2063.7,2160.0,-0.0,2936.425,-0.0,0.0,-0.0,-0.0
2021-10-06 07:00:00,173.91122405587967,2167.1000000000004,2160.0,-0.0,2884.49277594412,-0.0,0.0,-0.0,-0.0
2021-10-06 08:00:00,935.0924397707503,2295.23,2160.0,-0.0,2138.5795602292496,-0.0,0.0,-0.0,-0.0
2021-10-06 09:00:00,1854.781965305496,2433.31,2160.0,-0.0,1128.0760346945037,-0.0,0.0,-0.0,-0.0
2021-10-06 10:00:00,2694.15453484802,2564.4,2160.0,-0.0,128.16346515197984,-0.0,0.0,-0.0,-0.0
2021-10-06 11:00:00,3275.183265658582,2671.6299999999997,1631.5477343414177,-0.0,-0.0,-0.0,0.0,100.0,95.0
2021-10-06 12:00:00,3482.2970116415927,2740.57,1287.9569883584063,-0.0,-0.0,-0.0,0.0,100.0,189.9905
2021-10-06 13:00:00,3275.183265658582,2761.19,1440.9217343414175,-0.0,-0.0,-0.0,0.0,100.0,284.97150095
2021-10-06 14:00:00,2694.15453484802,2729.28,2081.1994651519794,-0.0,-0.0,-0.0,0.0,100.0,379.943003799905
2021-10-06 15:00:00,1854.781965305496,2647.05,2160.0,-0.0,851.0410346945034,-0.0,0.0,-0.0,379.905009499525
2021-10-06 16:00:00,935.0924397707503,2522.97,2160.0,-0.0,2085.1775602292496,-0.0,0.0,-0.0,379.8670189985751
2021-10-06 17:00:00,173.91122405587967,2370.63,2160.0,-0.0,3234.1207759441204,-0.0,0.0,-0.0,379.8290322966752
2021-10-06 18:00:00,-0.0,2207.0899999999997,2160.0,173.6590000000001,3500.0,-0.0,100.0,-0.0,274.52789149870875
2021-10-06 19:00:00,-0.0,2050.6,2160.0,413.3910000000001,3500.0,-0.0,100.0,-0.0,169.23728081482204
2021-10-06 20:00:00,-0.0,1918.28,2160.0,472.23199999999997,3500.0,-0.0,100.0,-0.0,63.95719919200373
2021-10-06 21:00:00,-0.0,1823.92,2160.0,412.41873670151926,3500.0,-0.0,60.753263298480306,-0.0,-0.0
2021-10-06 22:00:00,-0.0,1776.23,2160.0,290.99999999999955,3500.0,-0.0,0.0,-0.0,-0.0
2021-10-06 23:00:00,-0.0,1777.76,2160.0,97.73700000000008,3500.0,-0.0,0.0,-0.0,-0.0
2021-10-07 00:00:00,-0.0,1838.06,2160.0,-0.0,2937.1730000000002,-0.0,0.0,-0.0,-0.0
2021-10-07 01:00:00,-0.0,1920.8600000000001,2160.0,-0.0,2711.0579999999995,-0.0,0.0,-0.0,-0.0
2021-10-07 02:00:00,-0.0,2025.62,2160.0,-0.0,2510.098,-0.0,0.0,-0.0,-0.0
2021-10-07 03:00:00,-0.0,2136.09,2160.0,-0.0,2401.361,-0.0,0.0,-0.0,-0.0
2021-10-07 04:00:00,-0.0,2235.96,2160.0,-0.0,2423.5910000000003,-0.0,0.0,-0.0,-0.0
2021-10-07 05:00:00,-0.0,2311.1200000000003,2160.0,-0.0,2568.3619999999996,-0.0,0.0,-0.0,-0.0
2021-10-07 06:00:00,-0.0,2351.71,2160.0,-0.0,2785.6620000000003,-0.0,0.0,-0.0,-0.0
2021-10-07 07:00:00,139.4826301555624,2353.48,2160.0,-0.0,2870.364369844438,-0.0,0.0,-0.0,-0.0
2021-10-07 08:00:00,812.7255279142362,2318.43,2160.0,-0.0,2376.0414720857643,-0.0,0.0,-0.0,-0.0
2021-10-07 09:00:00,1635.2781151110432,2254.6,2160.0,-0.0,1664.952884888957,-0.0,0.0,-0.0,-0.0
2021-10-07 10:00:00,2388.9365475130494,2175.01,2160.0,-0.0,961.6964524869504,-0.0,0.0,-0.0,-0.0
2021-10-07 11:00:00,2911.6436838604036,2095.93,2160.0,-0.0,449.8693161395968,-0.0,0.0,-0.0,-0.0
2021-10-07 12:00:00,3098.1236859328633,2034.68,2160.0,-0.0,257.15531406713626,-0.0,0.0,-0.0,-0.0
2021-10-07 13:00:00,2911.6436838604036,2007.28,2160.0,-0.0,437.45331613959706,-0.0,0.0,-0.0,-0.0
2021-10-07 14:00:00,2388.9365475130494,2026.3,2160.0,-0.0,968.3224524869506,-0.0,0.0,-0.0,-0.0
2021-10-07 15:00:00,1635.2781151110432,2099.08,2160.0,-0.0,1757.177884888957,-0.0,0.0,-0.0,-0.0
2021-10-07 16:00:00,812.7255279142362,2226.71,2160.0,-0.0,2642.0994720857634,-0.0,0.0,-0.0,-0.0
2021-10-07 17:00:00,139.4826301555624,2403.85,2160.0,-0.0,3373.1513698444382,-0.0,0.0,-0.0,-0.0
2021-10-07 18:00:00,-0.0,2619.3,2160.0,-0.0,3498.695999999999,-0.0,0.0,-0.0,-0.0
2021-10-07 19:00:00,-0.0,2857.5,2160.0,-0.0,3343.0589999999993,-0.0,0.0,-0.0,-0.0
2021-10-07 20:00:00,-0.0,3100.51,2160.0,-0.0,3025.7870000000003,-0.0,0.0,-0.0,-0.0
2021-10-07 21:00:00,-0.0,3330.3100000000004,2160.0,-0.0,2601.682,-0.0,0.0,-0.0,-0.0
2021-10-07 22:00:00,-0.0,3531.12,2160.0,-0.0,2170.023,-0.0,0.0,-0.0,-0.0
2021-10-07 23:00:00,-0.0,3691.43,2160.0,-0.0,1816.8930000000005,-0.0,0.0,-0.0,-0.0
2021-10-08 00:00:00,-0.0,3818.83,2160.0,-0.0,1088.08,-0.0,0.0,-0.0,-0.0
2021-10-08 01:00:00,-0.0,3886.9900000000002,2160.0,-0.0,875.3200000000002,-0.0,0.0,-0.0,-0.0
2021-10-08 02:00:00,-0.0,3915.96,2160.0,-0.0,748.7659999999996,-0.0,0.0,-0.0,-0.0
2021-10-08 03:00:00,-0.0,3917.48,2160.0,-0.0,747.498,-0.0,0.0,-0.0,-0.0
2021-10-08 04:00:00,-0.0,3906.67,2160.0,-0.0,878.8329999999996,-0.0,0.0,-0.0,-0.0
2021-10-08 05:00:00,-0.0,3899.86,2160.0,-0.0,1103.904,-0.0,0.0,-0.0,-0.0
2021-10-08 06:00:00,-0.0,3912.25,2160.0,-0.0,1347.6419999999998,-0.0,0.0,-0.0,-0.0
2021-10-08 07:00:00,120.25979318902878,3955.74,2160.0,-0.0,1407.9932068109717,-0.0,0.0,-0.0,-0.0
2021-10-08 08:00:00,765.6788666717839,4037.21,2160.0,-0.0,823.0311333282161,-0.0,0.0,-0.0,-0.0
2021-10-08 09:00:00,1563.5128571026512,4157.46,2110.551142897349,-0.0,-0.0,-0.0,0.0,-0.0,-0.0
2021-10-08 10:00:00,2297.455559282571,4311.04,1191.7234407174292,-0.0,-0.0,-0.0,0.0,-0.0,-0.0
2021-10-08 11:00:00,2807.483016630847,4486.89,435.44498336915285,-0.0,-0.0,-0.0,0.0,-0.0,-0.0
2021-10-08 12:00:00,2989.5947522259753,4669.74,21.837322515789765,-0.0,-0.0,-0.0,0.0,21.121074741764055,20.065021004675852
2021-10-08 13:00:00,2807.483016630847,4842.13,74.49098336915313,-0.0,-0.0,-0.0,0.0,100.0,115.06301450257538
2021-10-08 14:00:00,2297.455559282571,4986.72,464.6674407174287,-0.0,-0.0,-0.0,0.0,100.0,210.05150820112513
2021-10-08 15:00:00,1563.5128571026512,5088.589999999999,1202.1971428973497,-0.0,-0.0,-0.0,0.0,100.0,305.030503050305
2021-10-08 16:00:00,765.6788666717839,5137.24,2138.7871333282164,-0.0,-0.0,-0.0,0.0,100.0,400.0
2021-10-08 17:00:00,120.25979318902878,5128.0,2160.0,-0.0,665.7292068109708,-0.0,100.0,-0.0,294.69684210526316
2021-10-08 18:00:00,-0.0,5062.7,2160.0,-0.0,1050.0649999999996,-0.0,100.0,-0.0,189.4042145263158
2021-10-08 19:00:00,-0.0,4949.39,2160.0,-0.0,1243.133999999999,-0.0,100.0,-0.0,84.12211621012632
2021-10-08 20:00:00,-0.0,4801.349999999999,2160.0,-0.0,1334.1359812014207,-0.0,79.90801879858006,-0.0,-0.0
2021-10-08 21:00:00,-0.0,4635.32,2160.0,-0.0,1382.8370000000004,-0.0,0.0,-0.0,-0.0
2021-10-08 22:00:00,-0.0,4469.31,2160.0,-0.0,1315.0059999999994,-0.0,0.0,-0.0,-0.0
2021-10-08 23:00:00,-0.0,4320.23,2160.0,-0.0,1268.2170000000006,-0.0,0.0,-0.0,-0.0
2021-10-09 00:00:00,-0.0,4215.22,2160.0,-0.0,332.59499999999935,-0.0,0.0,-0.0,-0.0
2021-10-09 01:00:00,-0.0,4135.93,2160.0,-0.0,264.1279999999997,-0.0,0.0,-0.0,-0.0
2021-10-09 02:00:00,-0.0,4098.39,2160.0,-0.0,200.8759999999993,-0.0,0.0,-0.0,-0.0
2021-10-09 03:00:00,-0.0,4098.81,2160.0,-0.0,197.45399999999972,-0.0,0.0,-0.0,-0.0
2021-10-09 04:00:00,-0.0,4127.73,2160.0,-0.0,285.7600000000002,-0.0,0.0,-0.0,-0.0
2021-10-09 05:00:00,-0.0,4171.42,2160.0,-0.0,456.9899999999998,-0.0,0.0,-0.0,-0.0
2021-10-09 06:00:00,-0.0,4213.82,2160.0,-0.0,667.3389999999999,-0.0,0.0,-0.0,-0.0
2021-10-09 07:00:00,101.5236883123529,4238.91,2160.0,-0.0,761.4113116876475,-0.0,0.0,-0.0,-0.0
2021-10-09 08:00:00,713.2288631153415,4232.9,2160.0,-0.0,294.1941368846592,-0.0,0.0,-0.0,-0.0
2021-10-09 09:00:00,1478.7660229761543,4186.3099999999995,1777.3719770238465,-0.0,-0.0,-0.0,0.0,-0.0,-0.0
2021-10-09 10:00:00,2185.883009722649,4095.31,1147.565065019115,-0.0,-0.0,-0.0,0.0,21.121074741764055,20.065021004675852
2021-10-09 11:00:00,2678.2464050250746,3962.3799999999997,793.080594974926,-0.0,-0.0,-0.0,0.0,100.0,115.06301450257538
2021-10-09 12:00:00,2854.2031360914957,3796.06,710.1238639085041,-0.0,-0.0,-0.0,0.0,100.0,210.05150820112513
2021-10-09 13:00:00,2678.2464050250746,3609.91,1032.7145949749256,-0.0,-0.0,-0.0,0.0,100.0,305.030503050305
2021-10-09 14:00:00,2185.883009722649,3420.77,1735.3729902773507,-0.0,-0.0,-0.0,0.0,100.0,400.0
2021-10-09 15:00:00,1478.7660229761543,3246.55,2160.0,-0.0,358.5689770238457,-0.0,100.0,-0.0,294.69684210526316
2021-10-09 16:00:00,713.2288631153415,3103.88,2160.0,-0.0,1450.5761368846588,-0.0,100.0,-0.0,189.4042145263158
2021-10-09 17:00:00,101.5236883123529,3005.93,2160.0,-0.0,2388.902311687647,-0.0,100.0,-0.0,84.12211621012632
2021-10-09 18:00:00,-0.0,2960.66,2160.0,-0.0,2770.040275927358,-0.0,60.815724072641956,-0.0,20.09715234309273
2021-10-09 19:00:00,-0.0,2969.79,2160.0,-0.0,2897.8689999999997,-0.0,0.0,-0.0,20.095142627858422
2021-10-09 20:00:00,-0.0,3028.54,2160.0,-0.0,2758.376,-0.0,0.0,-0.0,20.093133113595638
2021-10-09 21:00:00,-0.0,3126.33,2160.0,-0.0,2459.7439999999997,-0.0,0.0,-0.0,20.09112380028428
2021-10-09 22:00:00,-0.0,3248.16,2160.0,-0.0,2100.4760000000006,-0.0,0.0,-0.0,20.08911468790425
2021-10-09 23:00:00,-0.0,3376.6000000000004,2160.0,-0.0,1772.5809999999992,-0.0,0.0,-0.0,20.08710577643546
2021-10-10 00:00:00,-0.0,3507.6600000000003,2160.0,-0.0,1033.498,-0.0,0.0,-0.0,20.085097065857816
2021-10-10 01:00:00,-0.0,3598.98,2160.0,-0.0,790.8690000000001,-0.0,0.0,-0.0,20.083088556151232
2021-10-10 02:00:00,-0.0,3652.99,2160.0,-0.0,632.5380000000005,-0.0,0.0,-0.0,20.081080247295617
2021-10-10 03:00:00,-0.0,3664.2200000000003,2160.0,-0.0,614.799,-0.0,0.0,-0.0,20.079072139270888
2021-10-10 04:00:00,-0.0,3633.49,2160.0,-0.0,759.2759999999998,-0.0,0.0,-0.0,20.077064232056962
2021-10-10 05:00:00,-0.0,3567.71,2160.0,-0.0,1036.5280000000002,-0.0,0.0,-0.0,20.075056525633755
2021-10-10 06:00:00,-0.0,3478.83,2160.0,-0.0,1374.741,-0.0,0.0,-0.0,20.07304901998119
2021-10-10 07:00:00,77.90794020571079,3382.1299999999997,2160.0,-0.0,1610.8400597942893,-0.0,0.0,-0.0,20.071041715079193
2021-10-10 08:00:00,611.0767359021596,3294.04,2160.0,-0.0,1300.89926409784,-0.0,0.0,-0.0,20.069034610907686
2021-10-10 09:00:00,1287.061352394842,3229.7999999999997,2160.0,-0.0,727.9796476051586,-0.0,0.0,-0.0,20.067027707446595
2021-10-10 10:00:00,1914.0647016170303,3201.3,2160.0,-0.0,91.41129838296933,-0.0,0.0,-0.0,20.065021004675852
2021-10-10 11:00:00,2351.53827174803,3215.3500000000004,1822.7497282519694,-0.0,-0.0,-0.0,0.0,100.0,115.06301450257538
2021-10-10 12:00:00,2508.0133968887526,3272.6499999999996,1532.4976031112478,-0.0,-0.0,-0.0,0.0,100.0,210.05150820112513
2021-10-10 13:00:00,2351.53827174803,3367.6,1551.40272825197,-0.0,-0.0,-0.0,0.0,100.0,305.030503050305
2021-10-10 14:00:00,1914.0647016170303,3488.91,1885.6702983829703,-0.0,-0.0,-0.0,0.0,100.0,400.0
2021-10-10 15:00:00,1287.061352394842,3621.08,2160.0,-0.0,219.37164760515793,-0.0,0.0,-0.0,399.96
2021-10-10 16:00:00,611.0767359021596,3746.38,2160.0,-0.0,950.9242640978406,-0.0,0.0,-0.0,399.920004
2021-10-10 17:00:00,77.90794020571079,3847.16,2160.0,-0.0,1609.1150597942894,-0.0,0.0,-0.0,399.8800119996
2021-10-10 18:00:00,-0.0,3908.16,2160.0,-0.0,1818.38,-0.0,0.0,-0.0,399.84002399840006
2021-10-10 19:00:00,-0.0,3918.53,2160.0,-0.0,1881.4180000000001,-0.0,0.0,-0.0,399.80003999600024
2021-10-10 20:00:00,-0.0,3873.26,2160.0,-0.0,1843.2789999999995,-0.0,0.0,-0.0,399.76005999200066
2021-10-10 21:00:00,-0.0,3773.7799999999997,2160.0,-0.0,1739.3220000000001,-0.0,0.0,-0.0,399.72008398600144
2021-10-10 22:00:00,-0.0,3627.79,2160.0,-0.0,1645.3550000000005,-0.0,0.0,-0.0,399.68011197760285
2021-10-10 23:00:00,-0.0,3448.21,2160.0,-0.0,1623.0379999999996,-0.0,0.0,-0.0,399.6401439664051
2021-10-11 00:00:00,-0.0,3264.98,2160.0,-0.0,1632.0539999999996,-0.0,0.0,-0.0,399.6001799520085
2021-10-11 01:00:00,-0.0,3068.65,2160.0,-0.0,1674.7909999999997,-0.0,0.0,-0.0,399.5602199340133
2021-10-11 02:00:00,-0.0,2889.41,2160.0,-0.0,1747.509,-0.0,0.0,-0.0,399.52026391201986
2021-10-11 03:00:00,-0.0,2740.61,2160.0,-0.0,1887.6829999999995,-0.0,0.0,-0.0,399.4803118856287
2021-10-11 04:00:00,-0.0,2630.6200000000003,2160.0,-0.0,2109.39,-0.0,0.0,-0.0,399.44036385444014
2021-10-11 05:00:00,-0.0,2561.77,2160.0,-0.0,2387.769,-0.0,0.0,-0.0,399.4004198180547
2021-10-11 06:00:00,-0.0,2530.1,2160.0,-0.0,2666.918,-0.0,0.0,-0.0,399.36047977607285
2021-10-11 07:00:00,60.903122889161814,2526.03,2160.0,-0.0,2825.629877110838,-0.0,0.0,-0.0,399.32054372809523
2021-10-11 08:00:00,541.0982159451439,2535.75,2160.0,-0.0,2469.182784054856,-0.0,0.0,-0.0,399.28061167372243
2021-10-11 09:00:00,1158.3299563760108,2543.17,2160.0,-0.0,1881.781043623989,-0.0,0.0,-0.0,399.2406836125551
2021-10-11 10:00:00,1733.2837778118928,2532.27,2160.0,-0.0,1278.182222188107,-0.0,0.0,-0.0,399.20075954419383
2021-10-11 11:00:00,2135.2628723774437,2489.35,2160.0,-0.0,840.6011276225563,-0.0,0.0,-0.0,399.16083946823943
2021-10-11 12:00:00,2279.1692195015867,2405.04,2160.0,-0.0,703.2417804984134,-0.0,0.0,-0.0,399.1209233842926
2021-10-11 13:00:00,2135.2628723774437,2275.67,2160.0,-0.0,932.7101276225562,-0.0,0.0,-0.0,399.0810112919542
2021-10-11 14:00:00,1733.2837778118928,2103.95,2160.0,-0.0,1523.4272221881074,-0.0,0.0,-0.0,399.041103190825
2021-10-11 15:00:00,1158.3299563760108,1898.67,2160.0,-0.0,2401.5420436239892,-0.0,0.0,-0.0,399.00119908050596
2021-10-11 16:00:00,541.0982159451439,1673.6799999999998,2160.0,-0.0,3423.746784054856,-0.0,0.0,-0.0,398.9612989605979
2021-10-11 17:00:00,60.903122889161814,1446.18,2160.0,756.461877110838,3500.0,-0.0,100.0,-0.0,293.658244935965
2021-10-11 18:00:00,-0.0,1234.44,2160.0,1220.780999999999,3500.0,-0.0,100.0,-0.0,188.36572121673458
2021-10-11 19:00:00,-0.0,1055.5,2160.0,1472.5529999999999,3500.0,-0.0,100.0,-0.0,83.08372674987608
2021-10-11 20:00:00,-0.0,922.97,2160.0,1542.2813525416595,3500.0,-0.0,78.92164745834104,-0.0,-0.0
2021-10-11 21:00:00,-0.0,845.24,2160.0,1495.1280000000006,3500.0,-0.0,0.0,-0.0,-0.0
2021-10-11 22:00:00,-0.0,824.4899999999999,2160.0,1275.6580000000004,3500.0,-0.0,0.0,-0.0,-0.0
2021-10-11 23:00:00,-0.0,856.43,2160.0,1041.6629999999996,3500.0,-0.0,0.0,-0.0,-0.0
2021-10-12 00:00:00,-0.0,944.52,2160.0,343.17999999999984,3500.0,-0.0,0.0,-0.0,-0.0
2021-10-12 01:00:00,-0.0,1047.04,2160.0,87.11999999999989,3500.0,-0.0,0.0,-0.0,-0.0
2021-10-12 02:00:00,-0.0,1160.62,2160.0,-0.0,3367.175,-0.0,0.0,-0.0,-0.0
2021-10-12 03:00:00,-0.0,1268.17,2160.0,-0.0,3251.2619999999997,-0.0,0.0,-0.0,-0.0
2021-10-12 04:00:00,-0.0,1354.79,2160.0,-0.0,3276.7259999999997,-0.0,0.0,-0.0,-0.0
2021-10-12 05:00:00,-0.0,1409.76,2160.0,-0.0,3431.7569999999996,-0.0,0.0,-0.0,-0.0
2021-10-12 06:00:00,-0.0,1427.98,2160.0,161.5930000000003,3500.0,-0.0,0.0,-0.0,-0.0
2021-10-12 07:00:00,57.63770507112886,1410.56,2160.0,337.5992949288707,3500.0,-0.0,0.0,-0.0,-0.0
2021-10-12 08:00:00,590.4183473288304,1364.68,2160.0,-0.0,3484.949652671169,-0.0,0.0,-0.0,-0.0
2021-10-12 09:00:00,1285.3054201719376,1302.51,2160.0,-0.0,2890.367579828062,-0.0,0.0,-0.0,-0.0
2021-10-12 10:00:00,1935.4131407481325,1239.47,2160.0,-0.0,2264.740859251867,-0.0,0.0,-0.0,-0.0
2021-10-12 11:00:00,2390.88347587248,1192.11,2160.0,-0.0,1779.1965241275198,-0.0,0.0,-0.0,-0.0
2021-10-12 12:00:00,2554.0865939514897,1175.71,2160.0,-0.0,1555.8174060485098,-0.0,0.0,-0.0,-0.0
2021-10-12 13:00:00,2390.88347587248,1202.17,2160.0,-0.0,1650.0385241275194,-0.0,0.0,-0.0,-0.0
2021-10-12 14:00:00,1935.4131407481325,1278.2099999999998,2160.0,-0.0,2047.8698592518679,-0.0,0.0,-0.0,-0.0
2021-10-12 15:00:00,1285.3054201719376,1404.42,2160.0,-0.0,2671.1295798280617,-0.0,0.0,-0.0,-0.0
2021-10-12 16:00:00,590.4183473288304,1574.99,2160.0,-0.0,3377.0046526711694,-0.0,0.0,-0.0,-0.0
2021-10-12 17:00:00,57.63770507112886,1778.41,2160.0,433.05529492887126,3500.0,-0.0,0.0,-0.0,-0.0
2021-10-12 18:00:00,-0.0,1998.8500000000001,2160.0,463.692,3500.0,-0.0,0.0,-0.0,-0.0
2021-10-12 19:00:00,-0.0,2218.23,2160.0,318.99700000000075,3500.0,-0.0,0.0,-0.0,-0.0
2021-10-12 20:00:00,-0.0,2418.4900000000002,2160.0,36.79899999999952,3500.0,-0.0,0.0,-0.0,-0.0
2021-10-12 21:00:00,-0.0,2583.93,2160.0,-0.0,3169.586,-0.0,0.0,-0.0,-0.0
2021-10-12 22:00:00,-0.0,2703.2099999999996,2160.0,-0.0,2812.2020000000007,-0.0,0.0,-0.0,-0.0
2021-10-12 23:00:00,-0.0,2770.7599999999998,2160.0,-0.0,2544.7990000000004,-0.0,0.0,-0.0,-0.0
2021-10-13 00:00:00,-0.0,2801.11,2160.0,-0.0,1906.3560000000002,-0.0,0.0,-0.0,-0.0
2021-10-13 01:00:00,-0.0,2774.1,2160.0,-0.0,1782.19,-0.0,0.0,-0.0,-0.0
2021-10-13 02:00:00,-0.0,2715.66,2160.0,-0.0,1736.7080000000005,-0.0,0.0,-0.0,-0.0
2021-10-13 03:00:00,-0.0,2641.5699999999997,2160.0,-0.0,1804.955,-0.0,0.0,-0.0,-0.0
2021-10-13 04:00:00,-0.0,2568.87,2160.0,-0.0,1992.3320000000003,-0.0,0.0,-0.0,-0.0
2021-10-13 05:00:00,-0.0,2513.5600000000004,2160.0,-0.0,2260.3089999999993,-0.0,0.0,-0.0,-0.0
2021-10-13 06:00:00,-0.0,2488.37,2160.0,-0.0,2536.291,-0.0,0.0,-0.0,-0.0
2021-10-13 07:00:00,58.86993821000922,2501.07,2160.0,-0.0,2683.7480617899905,-0.0,0.0,-0.0,-0.0
2021-10-13 08:00:00,711.4667697267425,2553.39,2160.0,-0.0,2115.9512302732574,-0.0,0.0,-0.0,-0.0
2021-10-13 09:00:00,1575.8906389827043,2640.83,2160.0,-0.0,1205.1533610172955,-0.0,0.0,-0.0,-0.0
2021-10-13 10:00:00,2388.2280134581933,2753.27,2160.0,-0.0,244.80898654180646,-0.0,0.0,-0.0,-0.0
2021-10-13 11:00:00,2958.554799457579,2876.39,1736.9772005424202,-0.0,-0.0,-0.0,0.0,100.0,95.0
2021-10-13 12:00:00,3163.0993393460244,2993.67,1341.6816606539755,-0.0,-0.0,-0.0,0.0,100.0,189.9905
2021-10-13 13:00:00,2958.554799457579,3088.67,1411.8622005424213,-0.0,-0.0,-0.0,0.0,100.0,284.97150095
2021-10-13 14:00:00,2388.2280134581933,3147.34,1945.1269865418062,-0.0,-0.0,-0.0,0.0,100.0,379.943003799905
2021-10-13 15:00:00,1575.8906389827043,3159.99,2160.0,-0.0,487.4303610172956,-0.0,100.0,-0.0,274.6418516047882
2021-10-13 16:00:00,711.4667697267425,3122.71,2160.0,-0.0,1573.9922302732573,-0.0,100.0,-0.0,169.35122952489093
2021-10-13 17:00:00,58.86993821000922,3037.99,2160.0,-0.0,2541.3390617899904,-0.0,100.0,-0.0,64.07113650720162
2021-10-13 18:00:00,-0.0,2914.5,2160.0,-0.0,2959.6565070761267,-0.0,60.86149292387335,-0.0,-0.0
2021-10-13 19:00:00,-0.0,2766.0099999999998,2160.0,-0.0,3247.1080000000006,-0.0,0.0,-0.0,-0.0
2021-10-13 20:00:00,-0.0,2609.66,2160.0,-0.0,3324.969,-0.0,0.0,-0.0,-0.0
2021-10-13 21:00:00,-0.0,2463.78,2160.0,-0.0,3272.5539999999996,-0.0,0.0,-0.0,-0.0
2021-10-13 22:00:00,-0.0,2345.48,2160.0,-0.0,3156.257,-0.0,0.0,-0.0,-0.0
2021-10-13 23:00:00,-0.0,2268.49,2160.0,-0.0,3036.923,-0.0,0.0,-0.0,-0.0
2021-10-14 00:00:00,-0.0,2255.07,2160.0,-0.0,2445.814,-0.0,0.0,-0.0,-0.0
2021-10-14 01:00:00,-0.0,2280.27,2160.0,-0.0,2273.0080000000003,-0.0,0.0,-0.0,-0.0
2021-10-14 02:00:00,-0.0,2353.74,2160.0,-0.0,2099.201,-0.0,0.0,-0.0,-0.0
2021-10-14 03:00:00,-0.0,2465.64,2160.0,-0.0,1985.0549999999998,-0.0,0.0,-0.0,-0.0
2021-10-14 04:00:00,-0.0,2601.76,2160.0,-0.0,1967.219,-0.0,0.0,-0.0,-0.0
2021-10-14 05:00:00,-0.0,2745.49,2160.0,-0.0,2039.768,-0.0,0.0,-0.0,-0.0
2021-10-14 06:00:00,-0.0,2880.11,2160.0,-0.0,2159.555,-0.0,0.0,-0.0,-0.0
2021-10-14 07:00:00,52.90592981782827,2991.11,2160.0,-0.0,2218.2920701821718,-0.0,0.0,-0.0,-0.0
2021-10-14 08:00:00,777.2803416743425,3068.15,2160.0,-0.0,1557.6096583256574,-0.0,0.0,-0.0,-0.0
2021-10-14 09:00:00,1752.7838672346743,3106.51,2160.0,-0.0,588.4191327653252,-0.0,0.0,-0.0,-0.0
2021-10-14 10:00:00,2673.668658914134,3107.69,1815.5054158276303,-0.0,-0.0,-0.0,0.0,21.121074741764055,20.065021004675852
2021-10-14 11:00:00,3321.6014880002053,3079.24,1204.101511999795,-0.0,-0.0,-0.0,0.0,100.0,115.06301450257538
2021-10-14 12:00:00,3554.1916541295677,3033.6600000000003,947.1903458704319,-0.0,-0.0,-0.0,0.0,100.0,210.05150820112513
2021-10-14 13:00:00,3321.6014880002053,2986.72,1190.9075119997947,-0.0,-0.0,-0.0,0.0,100.0,305.030503050305
2021-10-14 14:00:00,2673.668658914134,2955.26,1895.439341085866,-0.0,-0.0,-0.0,0.0,100.0,400.0
2021-10-14 15:00:00,1752.7838672346743,2954.85,2160.0,-0.0,562.8551327653254,-0.0,100.0,-0.0,294.69684210526316
2021-10-14 16:00:00,777.2803416743425,2997.57,2160.0,-0.0,1683.9756583256574,-0.0,100.0,-0.0,189.4042145263158
2021-10-14 17:00:00,52.90592981782827,3090.37,2160.0,-0.0,2549.028070182172,-0.0,100.0,-0.0,84.12211621012632
2021-10-14 18:00:00,-0.0,3233.96,2160.0,-0.0,2678.6699812014194,-0.0,79.90801879858006,-0.0,-0.0
2021-10-14 19:00:00,-0.0,3422.6299999999997,2160.0,-0.0,2651.3890000000006,-0.0,0.0,-0.0,-0.0
2021-10-14 20:00:00,-0.0,3644.9199999999996,2160.0,-0.0,2353.9500000000003,-0.0,0.0,-0.0,-0.0
2021-10-14 21:00:00,-0.0,3885.0,2160.0,-0.0,1918.8739999999998,-0.0,0.0,-0.0,-0.0
2021-10-14 22:00:00,-0.0,4124.74,2160.0,-0.0,1447.7910000000002,-0.0,0.0,-0.0,-0.0
2021-10-14 23:00:00,-0.0,4345.98,2160.0,-0.0,1033.4350000000004,-0.0,0.0,-0.0,-0.0
2021-10-15 00:00:00,-0.0,4546.55,2160.0,-0.0,231.5010000000002,-0.0,0.0,-0.0,-0.0
2021-10-15 01:00:00,-0.0,4687.54,2160.0,-0.0,-0.0,-0.0,0.0,53.98999999999978,51.29049999999979
2021-10-15 02:00:00,-0.0,4776.84,2019.4219999999996,-0.0,-0.0,-0.0,0.0,100.0,146.2853709499998
2021-10-15 03:00:00,-0.0,4815.05,1981.9579999999996,-0.0,-0.0,-0.0,0.0,100.0,241.27074241290478
2021-10-15 04:00:00,-0.0,4808.97,2109.254,-0.0,-0.0,-0.0,0.0,100.0,336.2466153386635
2021-10-15 05:00:00,-0.0,4770.54,2160.0,-0.0,6.831000000000131,-0.0,100.0,-0.0,230.94983278239283
2021-10-15 06:00:00,-0.0,4715.150000000001,2160.0,-0.0,319.4319999999998,-0.0,100.0,-0.0,125.66357990437776
2021-10-15 07:00:00,40.05989934500052,4659.45,2160.0,-0.0,560.4511006549999,-0.0,100.0,-0.0,20.387855651650483
2021-10-15 08:00:00,745.7844626445606,4619.0,2160.0,-0.0,119.20801133265877,-0.0,19.366526022781052,-0.0,-0.0
2021-10-15 09:00:00,1713.1860553167537,4606.11,1391.3289446832466,-0.0,-0.0,-0.0,0.0,-0.0,-0.0
2021-10-15 10:00:00,2630.676044698598,4628.1,422.39895530140166,-0.0,-0.0,-0.0,0.0,-0.0,-0.0
2021-10-15 11:00:00,3277.610764942176,4435.207235057824,-0.0,-0.0,-0.0,-0.0,0.0,100.0,95.0
2021-10-15 12:00:00,3510.065385426262,4135.215614573738,-0.0,-0.0,-0.0,-0.0,0.0,100.0,189.9905
2021-10-15 13:00:00,3277.610764942176,4334.141235057825,-0.0,-0.0,-0.0,-0.0,0.0,100.0,284.97150095
2021-10-15 14:00:00,2630.676044698598,5001.830000000001,-0.0,-0.0,-0.0,-0.0,0.0,93.41504469859865,373.6872962635737
2021-10-15 15:00:00,1713.1860553167537,5106.96,827.1839446832462,-0.0,-0.0,-0.0,0.0,-0.0,373.6499275339474
2021-10-15 16:00:00,745.7844626445606,5184.370000000001,1935.3187873120767,-0.0,-0.0,-0.0,0.0,27.7762499566379,400.0
2021-10-15 17:00:00,40.05989934500052,5219.6900000000005,2160.0,-0.0,553.3681006549994,-0.0,100.0,-0.0,294.69684210526316
2021-10-15 18:00:00,-0.0,5202.97,2160.0,-0.0,812.2359999999999,-0.0,100.0,-0.0,189.4042145263158
2021-10-15 19:00:00,-0.0,5130.0599999999995,2160.0,-0.0,968.3880000000008,-0.0,100.0,-0.0,84.12211621012632
2021-10-15 20:00:00,-0.0,5003.26,2160.0,-0.0,1041.8009812014188,-0.0,79.90801879858006,-0.0,-0.0
2021-10-15 21:00:00,-0.0,4831.13,2160.0,-0.0,1100.4189999999999,-0.0,0.0,-0.0,-0.0
2021-10-15 22:00:00,-0.0,4627.35,2160.0,-0.0,1074.3359999999993,-0.0,0.0,-0.0,-0.0
2021-10-15 23:00:00,-0.0,4409.07,2160.0,-0.0,1100.884,-0.0,0.0,-0.0,-0.0
2021-10-16 00:00:00,-0.0,4208.35,2160.0,-0.0,265.3809999999994,-0.0,0.0,-0.0,-0.0
2021-10-16 01:00:00,-0.0,4014.98,2160.0,-0.0,315.43700000000035,-0.0,0.0,-0.0,-0.0
2021-10-16 02:00:00,-0.0,3856.57,2160.0,-0.0,377.6469999999995,-0.0,0.0,-0.0,-0.0
2021-10-16 03:00:00,-0.0,3741.93,2160.0,-0.0,494.0189999999998,-0.0,0.0,-0.0,-0.0
2021-10-16 04:00:00,-0.0,3673.72,2160.0,-0.0,684.3300000000004,-0.0,0.0,-0.0,-0.0
2021-10-16 05:00:00,-0.0,3648.24,2160.0,-0.0,929.7399999999998,-0.0,0.0,-0.0,-0.0
2021-10-16 06:00:00,-0.0,3656.06,2160.0,-0.0,1179.81,-0.0,0.0,-0.0,-0.0
2021-10-16 07:00:00,27.552732985364862,3683.38,2160.0,-0.0,1350.8922670146349,-0.0,0.0,-0.0,-0.0
2021-10-16 08:00:00,690.7036413366085,3714.0699999999997,2160.0,-0.0,800.9213586633915,-0.0,0.0,-0.0,-0.0
2021-10-16 09:00:00,1617.3244782775562,3731.93,2064.074521722444,-0.0,-0.0,-0.0,0.0,-0.0,-0.0
2021-10-16 10:00:00,2500.2934562736673,3722.99,1181.978618468097,-0.0,-0.0,-0.0,0.0,21.121074741764055,20.065021004675852
2021-10-16 11:00:00,3124.271673139904,3677.49,614.1803268600961,-0.0,-0.0,-0.0,0.0,100.0,115.06301450257538
2021-10-16 12:00:00,3348.6798112271017,3591.31,408.468188772898,-0.0,-0.0,-0.0,0.0,100.0,210.05150820112513
2021-10-16 13:00:00,3124.271673139904,3466.5800000000004,724.0243268600957,-0.0,-0.0,-0.0,0.0,100.0,305.030503050305
2021-10-16 14:00:00,2500.2934562736673,3311.4500000000003,1530.3145437263324,-0.0,-0.0,-0.0,0.0,100.0,400.0
2021-10-16 15:00:00,1617.3244782775562,3139.09,2160.0,-0.0,333.6195217224433,-0.0,100.0,-0.0,294.69684210526316
2021-10-16 16:00:00,690.7036413366085,2965.88,2160.0,-0.0,1623.450358663391,-0.0,100.0,-0.0,189.4042145263158
2021-10-16 17:00:00,27.552732985364862,2809.28,2160.0,-0.0,2678.150267014635,-0.0,100.0,-0.0,84.12211621012632
2021-10-16 18:00:00,-0.0,2685.45,2160.0,-0.0,3051.13598120142,-0.0,79.90801879858006,-0.0,-0.0
2021-10-16 19:00:00,-0.0,2607.09,2160.0,-0.0,3291.9669999999996,-0.0,0.0,-0.0,-0.0
2021-10-16 20:00:00,-0.0,2581.6800000000003,2160.0,-0.0,3243.115,-0.0,0.0,-0.0,-0.0
2021-10-16 21:00:00,-0.0,2610.46,2160.0,-0.0,3020.0299999999997,-0.0,0.0,-0.0,-0.0
2021-10-16 22:00:00,-0.0,2688.2099999999996,2160.0,-0.0,2711.431,-0.0,0.0,-0.0,-0.0
2021-10-16 23:00:00,-0.0,2803.89,2160.0,-0.0,2402.931,-0.0,0.0,-0.0,-0.0
2021-10-17 00:00:00,-0.0,2955.83,2160.0,-0.0,1649.728,-0.0,0.0,-0.0,-0.0
2021-10-17 01:00:00,-0.0,3098.75,2160.0,-0.0,1362.2079999999996,-0.0,0.0,-0.0,-0.0
2021-10-17 02:00:00,-0.0,3228.53,2160.0,-0.0,1134.8439999999996,-0.0,0.0,-0.0,-0.0
2021-10-17 03:00:00,-0.0,3329.5400000000004,2160.0,-0.0,1034.0859999999998,-0.0,0.0,-0.0,-0.0
2021-10-17 04:00:00,-0.0,3390.43,2160.0,-0.0,1093.721,-0.0,0.0,-0.0,-0.0
2021-10-17 05:00:00,-0.0,3405.5200000000004,2160.0,-0.0,1296.8919999999998,-0.0,0.0,-0.0,-0.0
2021-10-17 06:00:00,-0.0,3375.47,2160.0,-0.0,1583.0700000000002,-0.0,0.0,-0.0,-0.0
2021-10-17 07:00:00,18.002926159042065,3307.08,2160.0,-0.0,1857.5580738409576,-0.0,0.0,-0.0,-0.0
2021-10-17 08:00:00,669.6632604902263,3212.25,2160.0,-0.0,1442.655739509774,-0.0,0.0,-0.0,-0.0
2021-10-17 09:00:00,1599.3893249411526,3106.26,2160.0,-0.0,664.5226750588467,-0.0,0.0,-0.0,-0.0
2021-10-17 10:00:00,2489.6223172909636,3005.61,2024.7557574508005,-0.0,-0.0,-0.0,0.0,21.121074741764055,20.065021004675852
2021-10-17 11:00:00,3120.125208627572,2925.64,1482.7017913724271,-0.0,-0.0,-0.0,0.0,100.0,115.06301450257538
2021-10-17 12:00:00,3347.1025528093346,2878.4300000000003,1233.1664471906647,-0.0,-0.0,-0.0,0.0,100.0,210.05150820112513
2021-10-17 13:00:00,3120.125208627572,2871.0,1431.6277913724275,-0.0,-0.0,-0.0,0.0,100.0,305.030503050305
2021-10-17 14:00:00,2489.6223172909636,2904.34,2053.5296827090365,-0.0,-0.0,-0.0,0.0,100.0,400.0
2021-10-17 15:00:00,1599.3893249411526,2973.13,2160.0,-0.0,720.4296750588469,-0.0,0.0,-0.0,399.96
2021-10-17 16:00:00,669.6632604902263,3066.4799999999996,2160.0,-0.0,1744.2117395097737,-0.0,0.0,-0.0,399.920004
2021-10-17 17:00:00,18.002926159042065,3169.2599999999998,2160.0,-0.0,2525.375073840958,-0.0,0.0,-0.0,399.8800119996
2021-10-17 18:00:00,-0.0,3264.17,2160.0,-0.0,2647.2429999999995,-0.0,0.0,-0.0,399.84002399840006
2021-10-17 19:00:00,-0.0,3334.01,2160.0,-0.0,2657.1629999999996,-0.0,0.0,-0.0,399.80003999600024
2021-10-17 20:00:00,-0.0,3363.9900000000002,2160.0,-0.0,2550.052,-0.0,0.0,-0.0,399.76005999200066
2021-10-17 21:00:00,-0.0,3343.77,2160.0,-0.0,2373.0359999999996,-0.0,0.0,-0.0,399.72008398600144
2021-10-17 22:00:00,-0.0,3268.82,2160.0,-0.0,2214.145,-0.0,0.0,-0.0,399.68011197760285
2021-10-17 23:00:00,-0.0,3141.05,2160.0,-0.0,2146.045,-0.0,0.0,-0.0,399.6401439664051
2021-10-18 00:00:00,-0.0,2982.43,2160.0,-0.0,2136.44,-0.0,0.0,-0.0,399.6001799520085
2021-10-18 01:00:00,-0.0,2778.83,2160.0,-0.0,2192.2830000000004,-0.0,0.0,-0.0,399.5602199340133
2021-10-18 02:00:00,-0.0,2560.8399999999997,2160.0,-0.0,2309.481,-0.0,0.0,-0.0,399.52026391201986
2021-10-18 03:00:00,-0.0,2346.59,2160.0,-0.0,2520.7290000000003,-0.0,0.0,-0.0,399.4803118856287
2021-10-18 04:00:00,-0.0,2153.08,2160.0,-0.0,2831.465,-0.0,0.0,-0.0,399.44036385444014
2021-10-18 05:00:00,-0.0,1994.04,2160.0,-0.0,3205.425,-0.0,0.0,-0.0,399.4004198180547
2021-10-18 06:00:00,-0.0,1878.17,2160.0,-0.0,3500.0,-0.0,74.04299999999967,-0.0,321.4204797760732
2021-10-18 07:00:00,9.685352471599634,1808.07,2160.0,255.14464752840013,3500.0,-0.0,100.0,-0.0,216.12517983335874
2021-10-18 08:00:00,640.6133642411218,1780.02,2160.0,-0.0,3390.744635758878,-0.0,0.0,-0.0,216.10356731537541
2021-10-18 09:00:00,1561.6521850629415,1784.6200000000001,2160.0,-0.0,2507.2308149370583,-0.0,0.0,-0.0,216.08195695864387
2021-10-18 10:00:00,2447.923547871252,1808.15,2160.0,-0.0,1562.6184521287478,-0.0,0.0,-0.0,216.060348762948
2021-10-18 11:00:00,3077.04017692662,1834.62,2160.0,-0.0,833.1018230733798,-0.0,0.0,-0.0,216.0387427280717
2021-10-18 12:00:00,3303.7402686521345,1848.0,2160.0,-0.0,519.7017313478655,-0.0,0.0,-0.0,216.01713885379888
2021-10-18 13:00:00,3077.04017692662,1834.54,2160.0,-0.0,720.3458230733804,-0.0,0.0,-0.0,215.9955371399135
2021-10-18 14:00:00,2447.923547871252,1784.75,2160.0,-0.0,1420.407452128748,-0.0,0.0,-0.0,215.9739375861995
2021-10-18 15:00:00,1561.6521850629415,1694.8,2160.0,-0.0,2498.487814937058,-0.0,0.0,-0.0,215.9523401924409
2021-10-18 16:00:00,640.6133642411218,1567.1399999999999,2160.0,130.9866357588785,3500.0,-0.0,100.0,-0.0,110.66758706368482
2021-10-18 17:00:00,9.685352471599634,1410.32,2160.0,1147.4046475284003,3500.0,-0.0,100.0,-0.0,5.393362410241622
2021-10-18 18:00:00,-0.0,1237.8400000000001,2160.0,1619.6068180796992,3500.0,-0.0,5.123181920300568,-0.0,-0.0
2021-10-18 19:00:00,-0.0,1066.51,2160.0,1872.2039999999997,3500.0,-0.0,0.0,-0.0,-0.0
2021-10-18 20:00:00,-0.0,914.2,2160.0,1943.7709999999997,3500.0,-0.0,0.0,-0.0,-0.0
2021-10-18 21:00:00,-0.0,797.48,2160.0,1859.648000000001,3500.0,-0.0,0.0,-0.0,-0.0
2021-10-18 22:00:00,-0.0,729.4599999999999,2160.0,1690.2299999999996,3500.0,-0.0,0.0,-0.0,-0.0
2021-10-18 23:00:00,-0.0,718.0300000000001,2160.0,1502.2060000000001,3500.0,-0.0,0.0,-0.0,-0.0
2021-10-19 00:00:00,-0.0,778.59,2160.0,833.6930000000002,3500.0,-0.0,0.0,-0.0,-0.0
2021-10-19 01:00:00,-0.0,878.78,2160.0,582.1940000000004,3500.0,-0.0,0.0,-0.0,-0.0
2021-10-19 02:00:00,-0.0,1021.67,2160.0,334.9830000000002,3500.0,-0.0,0.0,-0.0,-0.0
2021-10-19 03:00:00,-0.0,1192.16,2160.0,157.98400000000038,3500.0,-0.0,0.0,-0.0,-0.0
2021-10-19 04:00:00,-0.0,1372.75,2160.0,91.14099999999962,3500.0,-0.0,0.0,-0.0,-0.0
2021-10-19 05:00:00,-0.0,1545.8,2160.0,129.5630000000001,3500.0,-0.0,0.0,-0.0,-0.0
2021-10-19 06:00:00,-0.0,1695.8999999999999,2160.0,228.79600000000028,3500.0,-0.0,0.0,-0.0,-0.0
2021-10-19 07:00:00,2.932714870535258,1811.8500000000001,2160.0,327.2202851294642,3500.0,-0.0,0.0,-0.0,-0.0
2021-10-19 08:00:00,546.4091407737183,1888.06,2160.0,-0.0,3342.6718592262814,-0.0,0.0,-0.0,-0.0
2021-10-19 09:00:00,1360.5024474721115,1925.24,2160.0,-0.0,2530.2235525278893,-0.0,0.0,-0.0,-0.0
2021-10-19 10:00:00,2147.8193280626347,1930.1699999999998,2160.0,-0.0,1699.911671937365,-0.0,0.0,-0.0,-0.0
2021-10-19 11:00:00,2707.974029500563,1914.69,2160.0,-0.0,1078.0989704994367,-0.0,0.0,-0.0,-0.0
2021-10-19 12:00:00,2910.017136117082,1893.94,2160.0,-0.0,820.3288638829181,-0.0,0.0,-0.0,-0.0
2021-10-19 13:00:00,2707.974029500563,1884.24,2160.0,-0.0,989.4519704994373,-0.0,0.0,-0.0,-0.0
2021-10-19 14:00:00,2147.8193280626347,1900.6899999999998,2160.0,-0.0,1551.2606719373662,-0.0,0.0,-0.0,-0.0
2021-10-19 15:00:00,1360.5024474721115,1955.0600000000002,2160.0,-0.0,2383.0755525278882,-0.0,0.0,-0.0,-0.0
2021-10-19 16:00:00,546.4091407737183,2054.03,2160.0,-0.0,3279.066859226282,-0.0,0.0,-0.0,-0.0
2021-10-19 17:00:00,2.932714870535258,2198.1600000000003,2160.0,404.2152851294654,3500.0,-0.0,0.0,-0.0,-0.0
2021-10-19 18:00:00,-0.0,2381.73,2160.0,415.93500000000085,3500.0,-0.0,0.0,-0.0,-0.0
2021-10-19 19:00:00,-0.0,2593.31,2160.0,277.7630000000004,3500.0,-0.0,0.0,-0.0,-0.0
2021-10-19 20:00:00,-0.0,2817.27,2160.0,-0.0,3470.3940000000007,-0.0,0.0,-0.0,-0.0
2021-10-19 21:00:00,-0.0,3035.73,2160.0,-0.0,3048.4970000000008,-0.0,0.0,-0.0,-0.0
2021-10-19 22:00:00,-0.0,3230.92,2160.0,-0.0,2613.3500000000004,-0.0,0.0,-0.0,-0.0
2021-10-19 23:00:00,-0.0,3387.44,2160.0,-0.0,2254.9329999999995,-0.0,0.0,-0.0,-0.0
2021-10-20 00:00:00,-0.0,3508.08,2160.0,-0.0,1523.9610000000002,-0.0,0.0,-0.0,-0.0
2021-10-20 01:00:00,-0.0,3560.14,2160.0,-0.0,1318.3080000000004,-0.0,0.0,-0.0,-0.0
2021-10-20 02:00:00,-0.0,3558.7000000000003,2160.0,-0.0,1213.225,-0.0,0.0,-0.0,-0.0
2021-10-20 03:00:00,-0.0,3511.3,2160.0,-0.0,1252.0,-0.0,0.0,-0.0,-0.0
2021-10-20 04:00:00,-0.0,3430.74,2160.0,-0.0,1444.277,-0.0,0.0,-0.0,-0.0
2021-10-20 05:00:00,-0.0,3333.25,2160.0,-0.0,1751.295,-0.0,0.0,-0.0,-0.0
2021-10-20 06:00:00,-0.0,3236.3599999999997,2160.0,-0.0,2095.665,-0.0,0.0,-0.0,-0.0
2021-10-20 07:00:00,-0.0,3156.55,2160.0,-0.0,2391.0199999999995,-0.0,0.0,-0.0,-0.0
2021-10-20 08:00:00,424.2332250537305,3107.04,2160.0,-0.0,2149.764774946269,-0.0,0.0,-0.0,-0.0
2021-10-20 09:00:00,1079.6888374526663,3096.05,2160.0,-0.0,1542.549162547333,-0.0,0.0,-0.0,-0.0
2021-10-20 10:00:00,1716.8581100706176,3125.77,2160.0,-0.0,836.1138899293826,-0.0,0.0,-0.0,-0.0
2021-10-20 11:00:00,2171.2317577013614,3192.09,2160.0,-0.0,236.899242298638,-0.0,0.0,-0.0,-0.0
2021-10-20 12:00:00,2335.2789554805036,3285.2799999999997,2160.0,-0.0,-0.0,-0.0,0.0,98.10095548050367,93.19590770647848
2021-10-20 13:00:00,2171.2317577013614,3391.3900000000003,2160.0,-0.0,-0.0,-0.0,0.0,83.9717577013621,172.95975793200182
2021-10-20 14:00:00,1716.8581100706176,3494.1800000000003,2160.0,-0.0,184.62888992938247,-0.0,100.0,-0.0,67.6793040614718
2021-10-20 15:00:00,1079.6888374526663,3577.48,2160.0,-0.0,872.0912532228213,-0.0,64.28890932451237,-0.0,-0.0
2021-10-20 16:00:00,424.2332250537305,3627.45,2160.0,-0.0,1721.8487749462697,-0.0,0.0,-0.0,-0.0
2021-10-20 17:00:00,-0.0,3634.56,2160.0,-0.0,2363.9910000000004,-0.0,0.0,-0.0,-0.0
2021-10-20 18:00:00,-0.0,3595.0,2160.0,-0.0,2595.227999999999,-0.0,0.0,-0.0,-0.0
2021-10-20 19:00:00,-0.0,3511.32,2160.0,-0.0,2751.7399999999993,-0.0,0.0,-0.0,-0.0
2021-10-20 20:00:00,-0.0,3392.17,2160.0,-0.0,2787.009,-0.0,0.0,-0.0,-0.0
2021-10-20 21:00:00,-0.0,3251.26,2160.0,-0.0,2724.115,-0.0,0.0,-0.0,-0.0
2021-10-20 22:00:00,-0.0,3105.6299999999997,2160.0,-0.0,2629.525,-0.0,0.0,-0.0,-0.0
2021-10-20 23:00:00,-0.0,2973.4100000000003,2160.0,-0.0,2559.69,-0.0,0.0,-0.0,-0.0
2021-10-21 00:00:00,-0.0,2885.28,2160.0,-0.0,2037.417,-0.0,0.0,-0.0,-0.0
2021-10-21 01:00:00,-0.0,2827.1400000000003,2160.0,-0.0,1942.0169999999998,-0.0,0.0,-0.0,-0.0
2021-10-21 02:00:00,-0.0,2821.0499999999997,2160.0,-0.0,1841.7420000000006,-0.0,0.0,-0.0,-0.0
2021-10-21 03:00:00,-0.0,2869.04,2160.0,-0.0,1785.3890000000001,-0.0,0.0,-0.0,-0.0
2021-10-21 04:00:00,-0.0,2966.67,2160.0,-0.0,1799.8429999999998,-0.0,0.0,-0.0,-0.0
2021-10-21 05:00:00,-0.0,3103.72,2160.0,-0.0,1872.7940000000003,-0.0,0.0,-0.0,-0.0
2021-10-21 06:00:00,-0.0,3265.5,2160.0,-0.0,1959.0699999999997,-0.0,0.0,-0.0,-0.0
2021-10-21 07:00:00,-0.0,3434.95,2160.0,-0.0,2005.844,-0.0,0.0,-0.0,-0.0
2021-10-21 08:00:00,367.51353367106753,3594.86,2160.0,-0.0,1612.6714663289324,-0.0,0.0,-0.0,-0.0
2021-10-21 09:00:00,956.7920653464334,3730.23,2160.0,-0.0,926.1579346535668,-0.0,0.0,-0.0,-0.0
2021-10-21 10:00:00,1532.633094642309,3830.25,2160.0,-0.0,211.73790535769103,-0.0,0.0,-0.0,-0.0
2021-10-21 11:00:00,1944.2359300225157,3889.7,1923.2500699774841,-0.0,-0.0,-0.0,0.0,100.0,95.0
2021-10-21 12:00:00,2092.991114548153,3909.63,1677.989885451847,-0.0,-0.0,-0.0,0.0,100.0,189.9905
2021-10-21 13:00:00,1944.2359300225157,3897.1299999999997,1796.7230699774846,-0.0,-0.0,-0.0,0.0,100.0,284.97150095
2021-10-21 14:00:00,1532.633094642309,3864.3,2160.0,-0.0,-0.0,-0.0,0.0,0.44309464230946105,285.36394371009897
2021-10-21 15:00:00,956.7920653464334,3826.51,2160.0,-0.0,612.548934653566,-0.0,100.0,-0.0,180.0722494209911
2021-10-21 16:00:00,367.51353367106753,3800.25,2160.0,-0.0,1409.6464663289323,-0.0,100.0,-0.0,74.79108430131218
2021-10-21 17:00:00,-0.0,3800.77,2160.0,-0.0,2032.2845750667623,-0.0,71.04442493323795,-0.0,-0.0
2021-10-21 18:00:00,-0.0,3839.9100000000003,2160.0,-0.0,2257.628,-0.0,0.0,-0.0,-0.0
2021-10-21 19:00:00,-0.0,3924.38,2160.0,-0.0,2247.844,-0.0,0.0,-0.0,-0.0
2021-10-21 20:00:00,-0.0,4054.7400000000002,2160.0,-0.0,2035.5459999999998,-0.0,0.0,-0.0,-0.0
2021-10-21 21:00:00,-0.0,4225.19,2160.0,-0.0,1663.3220000000001,-0.0,0.0,-0.0,-0.0
2021-10-21 22:00:00,-0.0,4424.2,2160.0,-0.0,1226.2089999999998,-0.0,0.0,-0.0,-0.0
2021-10-21 23:00:00,-0.0,4635.9800000000005,2160.0,-0.0,814.5749999999998,-0.0,0.0,-0.0,-0.0
2021-10-22 00:00:00,-0.0,4856.21,2146.202,-0.0,-0.0,-0.0,0.0,-0.0,-0.0
2021-10-22 01:00:00,-0.0,5039.34,1811.897,-0.0,-0.0,-0.0,0.0,-0.0,-0.0
2021-10-22 02:00:00,-0.0,5183.47,1563.844,-0.0,-0.0,-0.0,0.0,-0.0,-0.0
2021-10-22 03:00:00,-0.0,5277.3099999999995,1464.161,-0.0,-0.0,-0.0,0.0,-0.0,-0.0
2021-10-22 04:00:00,-0.0,5315.339999999999,1588.0453404250857,-0.0,-0.0,-0.0,0.0,47.23634042508476,44.87452340383052
2021-10-22 05:00:00,-0.0,5298.5199999999995,1870.2960000000003,-0.0,-0.0,-0.0,0.0,100.0,139.87003595149014
2021-10-22 06:00:00,-0.0,5234.03,2160.0,-0.0,-0.0,-0.0,0.0,74.42299999999977,210.55789894789478
2021-10-22 07:00:00,-0.0,5134.26,2160.0,-0.0,144.375,-0.0,100.0,-0.0,105.27368526326316
2021-10-22 08:00:00,400.07529436598105,5015.05,2160.0,-0.0,0.6287056340186723,-0.0,100.0,-0.0,-0.0
2021-10-22 09:00:00,1066.3129467301198,4893.55,1756.9580532698799,-0.0,-0.0,-0.0,0.0,-0.0,-0.0
2021-10-22 10:00:00,1720.8443842748954,4785.849999999999,1174.559615725105,-0.0,-0.0,-0.0,0.0,-0.0,-0.0
2021-10-22 11:00:00,2189.795349938594,4704.8,733.39472480317,-0.0,-0.0,-0.0,0.0,21.121074741764055,20.065021004675852
2021-10-22 12:00:00,2359.443047333948,4658.2699999999995,615.6849526660526,-0.0,-0.0,-0.0,0.0,100.0,115.06301450257538
2021-10-22 13:00:00,2189.795349938594,4648.11,756.128650061406,-0.0,-0.0,-0.0,0.0,100.0,210.05150820112513
2021-10-22 14:00:00,1720.8443842748954,4669.93,1224.867615725104,-0.0,-0.0,-0.0,0.0,100.0,305.030503050305
2021-10-22 15:00:00,1066.3129467301198,4713.75,1938.19505326988,-0.0,-0.0,-0.0,0.0,100.0,400.0
2021-10-22 16:00:00,400.07529436598105,4765.37,2160.0,-0.0,377.67070563401904,-0.0,100.0,-0.0,294.69684210526316
2021-10-22 17:00:00,-0.0,4808.41,2160.0,-0.0,964.7359999999999,-0.0,100.0,-0.0,189.4042145263158
2021-10-22 18:00:00,-0.0,4826.5599999999995,2160.0,-0.0,1143.4040000000005,-0.0,100.0,-0.0,84.12211621012632
2021-10-22 19:00:00,-0.0,4805.91,2160.0,-0.0,1262.2469812014206,-0.0,79.90801879858006,-0.0,-0.0
2021-10-22 20:00:00,-0.0,4736.9,2160.0,-0.0,1332.675000000001,-0.0,0.0,-0.0,-0.0
2021-10-22 21:00:00,-0.0,4615.77,2160.0,-0.0,1255.5109999999995,-0.0,0.0,-0.0,-0.0
2021-10-22 22:00:00,-0.0,4445.16,2160.0,-0.0,1191.5230000000001,-0.0,0.0,-0.0,-0.0
2021-10-22 23:00:00,-0.0,4233.87,2160.0,-0.0,1206.4899999999998,-0.0,0.0,-0.0,-0.0
2021-10-23 00:00:00,-0.0,4009.58,2160.0,-0.0,390.0119999999997,-0.0,0.0,-0.0,-0.0
2021-10-23 01:00:00,-0.0,3762.06,2160.0,-0.0,489.92599999999993,-0.0,0.0,-0.0,-0.0
2021-10-23 02:00:00,-0.0,3523.54,2160.0,-0.0,628.1090000000004,-0.0,0.0,-0.0,-0.0
2021-10-23 03:00:00,-0.0,3311.2799999999997,2160.0,-0.0,838.1230000000005,-0.0,0.0,-0.0,-0.0
2021-10-23 04:00:00,-0.0,3139.1400000000003,2160.0,-0.0,1128.5469999999996,-0.0,0.0,-0.0,-0.0
2021-10-23 05:00:00,-0.0,3015.88,2160.0,-0.0,1468.0860000000002,-0.0,0.0,-0.0,-0.0
2021-10-23 06:00:00,-0.0,2944.02,2160.0,-0.0,1794.3529999999996,-0.0,0.0,-0.0,-0.0
2021-10-23 07:00:00,-0.0,2919.68,2160.0,-0.0,2041.3359999999998,-0.0,0.0,-0.0,-0.0
2021-10-23 08:00:00,451.2191307952104,2933.1800000000003,2160.0,-0.0,1717.3498692047892,-0.0,0.0,-0.0,-0.0
2021-10-23 09:00:00,1232.2269777146662,2970.4399999999996,2160.0,-0.0,943.7540222853345,-0.0,0.0,-0.0,-0.0
2021-10-23 10:00:00,2003.6973401391876,3015.01,2160.0,-0.0,95.74365986081216,-0.0,0.0,-0.0,-0.0
2021-10-23 11:00:00,2557.758648705353,3050.29,1695.6023512946467,-0.0,-0.0,-0.0,0.0,100.0,95.0
2021-10-23 12:00:00,2758.397009543548,3061.92,1413.432990456452,-0.0,-0.0,-0.0,0.0,100.0,189.9905
2021-10-23 13:00:00,2557.758648705353,3039.7000000000003,1600.478351294646,-0.0,-0.0,-0.0,0.0,100.0,284.97150095
2021-10-23 14:00:00,2003.6973401391876,2979.0499999999997,2160.0,-0.0,-0.0,-0.0,0.0,19.67134013918735,303.63077693213296
2021-10-23 15:00:00,1232.2269777146662,2881.62,2160.0,-0.0,855.3510222853342,-0.0,100.0,-0.0,198.33725595970293
2021-10-23 16:00:00,451.2191307952104,2755.09,2160.0,-0.0,1972.3301266591793,-0.0,78.89474254560989,-0.0,115.27032481767552
2021-10-23 17:00:00,-0.0,2612.1,2160.0,-0.0,2878.913,-0.0,0.0,-0.0,115.25879778519375
2021-10-23 18:00:00,-0.0,2468.5699999999997,2160.0,-0.0,3222.6770000000006,-0.0,0.0,-0.0,115.24727190541523
2021-10-23 19:00:00,-0.0,2341.47,2160.0,-0.0,3431.257,-0.0,0.0,-0.0,115.2357471782247
2021-10-23 20:00:00,-0.0,2246.49,2160.0,-0.0,3451.0880000000006,-0.0,0.0,-0.0,115.22422360350687
2021-10-23 21:00:00,-0.0,2195.88,2160.0,-0.0,3306.702,-0.0,0.0,-0.0,115.21270118114653
2021-10-23 22:00:00,-0.0,2196.71,2160.0,-0.0,3074.5299999999997,-0.0,0.0,-0.0,115.20117991102842
2021-10-23 23:00:00,-0.0,2249.8199999999997,2160.0,-0.0,2828.303,-0.0,0.0,-0.0,115.18965979303732
2021-10-24 00:00:00,-0.0,2363.41,2160.0,-0.0,2113.2200000000003,-0.0,0.0,-0.0,115.17814082705802
2021-10-24 01:00:00,-0.0,2498.63,2160.0,-0.0,1833.4979999999996,-0.0,0.0,-0.0,115.16662301297531
2021-10-24 02:00:00,-0.0,2653.56,2160.0,-0.0,1581.2810000000004,-0.0,0.0,-0.0,115.15510635067402
2021-10-24 03:00:00,-0.0,2810.18,2160.0,-0.0,1425.4060000000004,-0.0,0.0,-0.0,115.14359084003895
2021-10-24 04:00:00,-0.0,2950.4799999999996,2160.0,-0.0,1406.3220000000001,-0.0,0.0,-0.0,115.13207648095495
2021-10-24 05:00:00,-0.0,3058.72,2160.0,-0.0,1517.23,-0.0,0.0,-0.0,115.12056327330686
2021-10-24 06:00:00,-0.0,3123.52,2160.0,-0.0,1709.6399999999999,-0.0,0.0,-0.0,115.10905121697952
2021-10-24 07:00:00,-0.0,3139.19,2160.0,-0.0,1919.3489999999997,-0.0,0.0,-0.0,115.09754031185783
2021-10-24 08:00:00,460.35613952000824,3106.4599999999996,2160.0,-0.0,1635.1208604799922,-0.0,0.0,-0.0,115.08603055782665
2021-10-24 09:00:00,1289.236243884966,3032.2599999999998,2160.0,-0.0,927.707756115034,-0.0,0.0,-0.0,115.07452195477086
2021-10-24 10:00:00,2112.5651379592678,2928.6600000000003,2160.0,-0.0,178.52786204073163,-0.0,0.0,-0.0,115.06301450257538
2021-10-24 11:00:00,2705.2939224234983,2811.16,1894.9420775765016,-0.0,-0.0,-0.0,0.0,100.0,210.05150820112513
2021-10-24 12:00:00,2920.1522536843727,2696.52,1727.1867463156273,-0.0,-0.0,-0.0,0.0,100.0,305.030503050305
2021-10-24 13:00:00,2705.2939224234983,2600.42,2004.6160775765015,-0.0,-0.0,-0.0,0.0,100.0,400.0
2021-10-24 14:00:00,2112.5651379592678,2535.2799999999997,2160.0,-0.0,429.82486204073257,-0.0,0.0,-0.0,399.96
2021-10-24 15:00:00,1289.236243884966,2508.52,2160.0,-0.0,1388.1527561150338,-0.0,0.0,-0.0,399.920004
2021-10-24 16:00:00,460.35613952000824,2521.54,2160.0,-0.0,2394.3798604799917,-0.0,0.0,-0.0,399.8800119996
2021-10-24 17:00:00,-0.0,2569.48,2160.0,-0.0,3042.217,-0.0,0.0,-0.0,399.84002399840006
2021-10-24 18:00:00,-0.0,2641.8999999999996,2160.0,-0.0,3171.884,-0.0,0.0,-0.0,399.80003999600024
2021-10-24 19:00:00,-0.0,2724.15,2160.0,-0.0,3172.877,-0.0,0.0,-0.0,399.76005999200066
2021-10-24 20:00:00,-0.0,2799.41,2160.0,-0.0,3024.138,-0.0,0.0,-0.0,399.72008398600144
2021-10-24 21:00:00,-0.0,2850.95,2160.0,-0.0,2779.1770000000006,-0.0,0.0,-0.0,399.68011197760285
2021-10-24 22:00:00,-0.0,2864.4700000000003,2160.0,-0.0,2535.795,-0.0,0.0,-0.0,399.6401439664051
2021-10-24 23:00:00,-0.0,2830.07,2160.0,-0.0,2378.462,-0.0,0.0,-0.0,399.6001799520085
2021-10-25 00:00:00,-0.0,2757.3799999999997,2160.0,-0.0,2287.056,-0.0,0.0,-0.0,399.5602199340133
2021-10-25 01:00:00,-0.0,2621.27,2160.0,-0.0,2279.8520000000003,-0.0,0.0,-0.0,399.52026391201986
2021-10-25 02:00:00,-0.0,2444.05,2160.0,-0.0,2360.8719999999994,-0.0,0.0,-0.0,399.4803118856287
2021-10-25 03:00:00,-0.0,2239.44,2160.0,-0.0,2567.2140000000004,-0.0,0.0,-0.0,399.44036385444014
2021-10-25 04:00:00,-0.0,2024.59,2160.0,-0.0,2904.165,-0.0,0.0,-0.0,399.4004198180547
2021-10-25 05:00:00,-0.0,1817.84,2160.0,-0.0,3330.8450000000003,-0.0,0.0,-0.0,399.36047977607285
2021-10-25 06:00:00,-0.0,1636.42,2160.0,170.15499999999975,3500.0,-0.0,100.0,-0.0,294.0573858333584
2021-10-25 07:00:00,-0.0,1494.19,2160.0,538.3400000000001,3500.0,-0.0,100.0,-0.0,188.76482220003828
2021-10-25 08:00:00,449.2598801043906,1399.95,2160.0,327.1901198956093,3500.0,-0.0,100.0,-0.0,83.48278782308144
2021-10-25 09:00:00,1291.4111353750898,1356.31,2160.0,-0.0,3176.3128646249106,-0.0,0.0,-0.0,83.47443954429913
2021-10-25 10:00:00,2132.6813439514895,1359.54,2160.0,-0.0,2302.62465604851,-0.0,0.0,-0.0,83.4660921003447
2021-10-25 11:00:00,2739.796450312149,1400.15,2160.0,-0.0,1586.7005496878505,-0.0,0.0,-0.0,83.45774549113466
2021-10-25 12:00:00,2960.095090881179,1464.28,2160.0,-0.0,1234.7879091188206,-0.0,0.0,-0.0,83.44939971658555
2021-10-25 13:00:00,2739.796450312149,1535.7299999999998,2160.0,-0.0,1350.0545496878517,-0.0,0.0,-0.0,83.44105477661388
2021-10-25 14:00:00,2132.6813439514895,1598.2099999999998,2160.0,-0.0,1921.8716560485104,-0.0,0.0,-0.0,83.43271067113622
2021-10-25 15:00:00,1291.4111353750898,1637.68,2160.0,-0.0,2831.6478646249097,-0.0,0.0,-0.0,83.4243674000691
2021-10-25 16:00:00,449.2598801043906,1644.28,2160.0,277.95389618044646,3500.0,-0.0,79.24522371516264,-0.0,-0.0
2021-10-25 17:00:00,-0.0,1613.79,2160.0,1071.8980000000001,3500.0,-0.0,0.0,-0.0,-0.0
2021-10-25 18:00:00,-0.0,1548.2199999999998,2160.0,1338.9790000000012,3500.0,-0.0,0.0,-0.0,-0.0
2021-10-25 19:00:00,-0.0,1455.62,2160.0,1514.1420000000007,3500.0,-0.0,0.0,-0.0,-0.0
2021-10-25 20:00:00,-0.0,1349.03,2160.0,1546.4700000000003,3500.0,-0.0,0.0,-0.0,-0.0
2021-10-25 21:00:00,-0.0,1244.7,2160.0,1456.495,3500.0,-0.0,0.0,-0.0,-0.0
2021-10-25 22:00:00,-0.0,1159.97,2160.0,1310.3759999999993,3500.0,-0.0,0.0,-0.0,-0.0
2021-10-25 23:00:00,-0.0,1110.8500000000001,2160.0,1166.6759999999995,3500.0,-0.0,0.0,-0.0,-0.0
2021-10-26 00:00:00,-0.0,1123.64,2160.0,552.4139999999998,3500.0,-0.0,0.0,-0.0,-0.0
2021-10-26 01:00:00,-0.0,1178.2,2160.0,353.2539999999999,3500.0,-0.0,0.0,-0.0,-0.0
2021-10-26 02:00:00,-0.0,1289.37,2160.0,144.5,3500.0,-0.0,0.0,-0.0,-0.0
2021-10-26 03:00:00,-0.0,1451.76,2160.0,-0.0,3482.362,-0.0,0.0,-0.0,-0.0
2021-10-26 04:00:00,-0.0,1654.2,2160.0,-0.0,3400.447,-0.0,0.0,-0.0,-0.0
2021-10-26 05:00:00,-0.0,1881.11,2160.0,-0.0,3391.7970000000005,-0.0,0.0,-0.0,-0.0
2021-10-26 06:00:00,-0.0,2114.53,2160.0,-0.0,3414.5049999999997,-0.0,0.0,-0.0,-0.0
2021-10-26 07:00:00,-0.0,2336.45,2160.0,-0.0,3416.687,-0.0,0.0,-0.0,-0.0
2021-10-26 08:00:00,463.33198255040435,2531.08,2160.0,-0.0,2900.652017449596,-0.0,0.0,-0.0,-0.0
2021-10-26 09:00:00,1368.376417229557,2686.9100000000003,2160.0,-0.0,1885.380582770443,-0.0,0.0,-0.0,-0.0
2021-10-26 10:00:00,2277.696700900625,2798.1,2160.0,-0.0,833.5662990993756,-0.0,0.0,-0.0,-0.0
2021-10-26 11:00:00,2935.5428455889883,2865.16,2160.0,-0.0,38.25915441101233,-0.0,0.0,-0.0,-0.0
2021-10-26 12:00:00,3174.491334714973,2894.73,1959.9726652850268,-0.0,-0.0,-0.0,0.0,100.0,95.0
2021-10-26 13:00:00,2935.5428455889883,2898.5499999999997,2159.155154411012,-0.0,-0.0,-0.0,0.0,100.0,189.9905
2021-10-26 14:00:00,2277.696700900625,2891.7599999999998,2160.0,-0.0,488.5302990993755,-0.0,100.0,-0.0,84.70834305526317
2021-10-26 15:00:00,1368.376417229557,2890.67,2160.0,-0.0,1523.9327041605334,-0.0,80.46487860990976,-0.0,-0.0
2021-10-26 16:00:00,463.33198255040435,2910.51,2160.0,-0.0,2677.0080174495956,-0.0,0.0,-0.0,-0.0
2021-10-26 17:00:00,-0.0,2963.19,2160.0,-0.0,3319.9429999999998,-0.0,0.0,-0.0,-0.0
2021-10-26 18:00:00,-0.0,3055.58,2160.0,-0.0,3426.3289999999997,-0.0,0.0,-0.0,-0.0
2021-10-26 19:00:00,-0.0,3188.5200000000004,2160.0,-0.0,3373.1479999999992,-0.0,0.0,-0.0,-0.0
2021-10-26 20:00:00,-0.0,3356.56,2160.0,-0.0,3127.9780000000005,-0.0,0.0,-0.0,-0.0
2021-10-26 21:00:00,-0.0,3548.6499999999996,2160.0,-0.0,2738.651,-0.0,0.0,-0.0,-0.0
2021-10-26 22:00:00,-0.0,3749.5299999999997,2160.0,-0.0,2303.9299999999994,-0.0,0.0,-0.0,-0.0
2021-10-26 23:00:00,-0.0,3941.76,2160.0,-0.0,1915.8310000000001,-0.0,0.0,-0.0,-0.0
2021-10-27 00:00:00,-0.0,4121.7,2160.0,-0.0,1131.268,-0.0,0.0,-0.0,-0.0
2021-10-27 01:00:00,-0.0,4247.03,2160.0,-0.0,858.1800000000003,-0.0,0.0,-0.0,-0.0
2021-10-27 02:00:00,-0.0,4320.96,2160.0,-0.0,683.4589999999998,-0.0,0.0,-0.0,-0.0
2021-10-27 03:00:00,-0.0,4338.82,2160.0,-0.0,662.5960000000005,-0.0,0.0,-0.0,-0.0
2021-10-27 04:00:00,-0.0,4302.4400000000005,2160.0,-0.0,816.2019999999993,-0.0,0.0,-0.0,-0.0
2021-10-27 05:00:00,-0.0,4219.85,2160.0,-0.0,1113.7129999999997,-0.0,0.0,-0.0,-0.0
2021-10-27 06:00:00,-0.0,4104.33,2160.0,-0.0,1481.9809999999998,-0.0,0.0,-0.0,-0.0
2021-10-27 07:00:00,-0.0,3972.58,2160.0,-0.0,1834.4170000000004,-0.0,0.0,-0.0,-0.0
2021-10-27 08:00:00,485.94346064885895,3842.61,2160.0,-0.0,1616.9225393511406,-0.0,0.0,-0.0,-0.0
2021-10-27 09:00:00,1475.944209088118,3731.29,2160.0,-0.0,780.3657909118824,-0.0,0.0,-0.0,-0.0
2021-10-27 10:00:00,2476.499034361888,3652.25,2005.1620403798765,-0.0,-0.0,-0.0,0.0,21.121074741764055,20.065021004675852
2021-10-27 11:00:00,3202.1364851857543,3614.04,1322.6825148142461,-0.0,-0.0,-0.0,0.0,100.0,115.06301450257538
2021-10-27 12:00:00,3465.9822448828168,3619.1600000000003,980.3977551171824,-0.0,-0.0,-0.0,0.0,100.0,210.05150820112513
2021-10-27 13:00:00,3202.1364851857543,3663.77,1160.1175148142465,-0.0,-0.0,-0.0,0.0,100.0,305.030503050305
2021-10-27 14:00:00,2476.499034361888,3738.34,1832.3389656381119,-0.0,-0.0,-0.0,0.0,100.0,400.0
2021-10-27 15:00:00,1475.944209088118,3829.07,2160.0,-0.0,484.0237909118814,-0.0,100.0,-0.0,294.69684210526316
2021-10-27 16:00:00,485.94346064885895,3919.84,2160.0,-0.0,1567.0535393511404,-0.0,100.0,-0.0,189.4042145263158
2021-10-27 17:00:00,-0.0,3994.51,2160.0,-0.0,2206.9979999999996,-0.0,100.0,-0.0,84.12211621012632
2021-10-27 18:00:00,-0.0,4039.2299999999996,2160.0,-0.0,2377.52998120142,-0.0,79.90801879858006,-0.0,-0.0
2021-10-27 19:00:00,-0.0,4044.4,2160.0,-0.0,2528.412,-0.0,0.0,-0.0,-0.0
2021-10-27 20:00:00,-0.0,4006.1000000000004,2160.0,-0.0,2485.968999999999,-0.0,0.0,-0.0,-0.0
2021-10-27 21:00:00,-0.0,3926.69,2160.0,-0.0,2364.5360000000005,-0.0,0.0,-0.0,-0.0
2021-10-27 22:00:00,-0.0,3814.6000000000004,2160.0,-0.0,2239.188,-0.0,0.0,-0.0,-0.0
2021-10-27 23:00:00,-0.0,3683.2799999999997,2160.0,-0.0,2171.054,-0.0,0.0,-0.0,-0.0
2021-10-28 00:00:00,-0.0,3563.1000000000004,2160.0,-0.0,1682.991,-0.0,0.0,-0.0,-0.0
2021-10-28 01:00:00,-0.0,3444.51,2160.0,-0.0,1650.272,-0.0,0.0,-0.0,-0.0
2021-10-28 02:00:00,-0.0,3357.69,2160.0,-0.0,1632.7710000000002,-0.0,0.0,-0.0,-0.0
2021-10-28 03:00:00,-0.0,3315.67,2160.0,-0.0,1668.2820000000002,-0.0,0.0,-0.0,-0.0
2021-10-28 04:00:00,-0.0,3326.29,2160.0,-0.0,1771.4099999999999,-0.0,0.0,-0.0,-0.0
2021-10-28 05:00:00,-0.0,3391.1200000000003,2160.0,-0.0,1918.051,-0.0,0.0,-0.0,-0.0
2021-10-28 06:00:00,-0.0,3505.27,2160.0,-0.0,2053.234,-0.0,0.0,-0.0,-0.0
2021-10-28 07:00:00,-0.0,3658.02,2160.0,-0.0,2117.7909999999997,-0.0,0.0,-0.0,-0.0
2021-10-28 08:00:00,459.69073362501285,3834.23,2160.0,-0.0,1617.0282663749867,-0.0,0.0,-0.0,-0.0
2021-10-28 09:00:00,1437.3999565039405,4016.36,2160.0,-0.0,496.0140434960597,-0.0,0.0,-0.0,-0.0
2021-10-28 10:00:00,2431.467074301505,4186.78,1453.4619256984952,-0.0,-0.0,-0.0,0.0,-0.0,-0.0
2021-10-28 11:00:00,3154.1964549176137,4330.04,531.5216897442133,-0.0,-0.0,-0.0,0.0,21.187144661827315,20.12778742873595
2021-10-28 12:00:00,3417.2535854057933,4434.94,165.90141459420738,-0.0,-0.0,-0.0,0.0,100.0,115.12577464999308
2021-10-28 13:00:00,3154.1964549176137,4495.9,325.37754508238686,-0.0,-0.0,-0.0,0.0,100.0,210.11426207252808
2021-10-28 14:00:00,2431.467074301505,4513.64,1048.4709256984952,-0.0,-0.0,-0.0,0.0,100.0,305.0932506463208
2021-10-28 15:00:00,1437.3999565039403,4494.9800000000005,2160.0,-0.0,-0.0,-0.0,0.0,99.93395650394086,400.0
2021-10-28 16:00:00,459.69073362501285,4451.76,2160.0,-0.0,1001.8632663749872,-0.0,100.0,-0.0,294.69684210526316
2021-10-28 17:00:00,-0.0,4399.2,2160.0,-0.0,1739.9160000000002,-0.0,100.0,-0.0,189.4042145263158
2021-10-28 18:00:00,-0.0,4353.62,2160.0,-0.0,1977.853,-0.0,100.0,-0.0,84.12211621012632
2021-10-28 19:00:00,-0.0,4330.22,2160.0,-0.0,2094.752981201419,-0.0,79.90801879858006,-0.0,-0.0
2021-10-28 20:00:00,-0.0,4340.820000000001,2160.0,-0.0,2080.651999999999,-0.0,0.0,-0.0,-0.0
2021-10-28 21:00:00,-0.0,4392.18,2160.0,-0.0,1825.8549999999996,-0.0,0.0,-0.0,-0.0
2021-10-28 22:00:00,-0.0,4484.95,2160.0,-0.0,1493.1280000000006,-0.0,0.0,-0.0,-0.0
2021-10-28 23:00:00,-0.0,4613.48,2160.0,-0.0,1162.701,-0.0,0.0,-0.0,-0.0
2021-10-29 00:00:00,-0.0,4780.110000000001,2160.0,-0.0,385.40999999999985,-0.0,0.0,-0.0,-0.0
2021-10-29 01:00:00,-0.0,4942.01,2160.0,-0.0,69.91699999999946,-0.0,0.0,-0.0,-0.0
2021-10-29 02:00:00,-0.0,5095.070000000001,2002.8512182656486,-0.0,-0.0,-0.0,0.0,32.51621826564908,30.890407352366626
2021-10-29 03:00:00,-0.0,5221.639999999999,1935.139000000001,-0.0,-0.0,-0.0,0.0,100.0,125.88731831163139
2021-10-29 04:00:00,-0.0,5306.450000000001,1962.0459999999994,-0.0,-0.0,-0.0,0.0,100.0,220.87472957980023
2021-10-29 05:00:00,-0.0,5338.650000000001,2139.374999999999,-0.0,-0.0,-0.0,0.0,100.0,315.85264210684227
2021-10-29 06:00:00,-0.0,5313.23,2160.0,-0.0,52.27400000000034,-0.0,100.0,-0.0,210.55789894789478
2021-10-29 07:00:00,-0.0,5231.63,2160.0,-0.0,349.41899999999987,-0.0,100.0,-0.0,105.27368526326316
2021-10-29 08:00:00,376.14532680892444,5101.57,2160.0,-0.0,236.80167319107568,-0.0,100.0,-0.0,-0.0
2021-10-29 09:00:00,1212.1600610479993,4935.97,1863.6369389520003,-0.0,-0.0,-0.0,0.0,-0.0,-0.0
2021-10-29 10:00:00,2067.366826425136,4751.2300000000005,1174.7462483166278,-0.0,-0.0,-0.0,0.0,21.121074741764055,20.065021004675852
2021-10-29 11:00:00,2690.704282059155,4565.06,737.9357179408444,-0.0,-0.0,-0.0,0.0,100.0,115.06301450257538
2021-10-29 12:00:00,2917.8233330518888,4394.08,604.0336669481112,-0.0,-0.0,-0.0,0.0,100.0,210.05150820112513
2021-10-29 13:00:00,2690.704282059155,4251.6900000000005,929.7347179408443,-0.0,-0.0,-0.0,0.0,100.0,305.030503050305
2021-10-29 14:00:00,2067.366826425136,4146.27,1675.5101735748635,-0.0,-0.0,-0.0,0.0,100.0,400.0
2021-10-29 15:00:00,1212.1600610479993,4080.17,2160.0,-0.0,434.69793895200087,-0.0,0.0,-0.0,399.96
2021-10-29 16:00:00,376.14532680892444,4049.47,2160.0,-0.0,1481.3956731910762,-0.0,0.0,-0.0,399.920004
2021-10-29 17:00:00,-0.0,4044.61,2160.0,-0.0,2087.4200000000005,-0.0,0.0,-0.0,399.8800119996
2021-10-29 18:00:00,-0.0,4051.79,2160.0,-0.0,2271.9170000000004,-0.0,0.0,-0.0,399.84002399840006
2021-10-29 19:00:00,-0.0,4054.95,2160.0,-0.0,2341.589000000001,-0.0,0.0,-0.0,399.80003999600024
2021-10-29 20:00:00,-0.0,4038.0899999999997,2160.0,-0.0,2274.569,-0.0,0.0,-0.0,399.76005999200066
2021-10-29 21:00:00,-0.0,3987.53,2160.0,-0.0,2121.323999999999,-0.0,0.0,-0.0,399.72008398600144
2021-10-29 22:00:00,-0.0,3893.9,2160.0,-0.0,1974.734,-0.0,0.0,-0.0,399.68011197760285
2021-10-29 23:00:00,-0.0,3753.57,2160.0,-0.0,1913.0089999999996,-0.0,0.0,-0.0,399.6401439664051
2021-10-30 00:00:00,-0.0,3582.8500000000004,2160.0,-0.0,1036.8089999999993,-0.0,0.0,-0.0,399.6001799520085
2021-10-30 01:00:00,-0.0,3363.32,2160.0,-0.0,1102.7989999999995,-0.0,0.0,-0.0,399.5602199340133
2021-10-30 02:00:00,-0.0,3122.47,2160.0,-0.0,1237.284,-0.0,0.0,-0.0,399.52026391201986
2021-10-30 03:00:00,-0.0,2877.47,2160.0,-0.0,1473.922,-0.0,0.0,-0.0,399.4803118856287
2021-10-30 04:00:00,-0.0,2646.6299999999997,2160.0,-0.0,1816.846,-0.0,0.0,-0.0,399.44036385444014
2021-10-30 05:00:00,-0.0,2446.97,2160.0,-0.0,2226.506,-0.0,0.0,-0.0,399.4004198180547
2021-10-30 06:00:00,-0.0,2292.11,2160.0,-0.0,2629.422,-0.0,0.0,-0.0,399.36047977607285
2021-10-30 07:00:00,-0.0,2190.46,2160.0,-0.0,2947.2960000000003,-0.0,0.0,-0.0,399.32054372809523
2021-10-30 08:00:00,294.1648560792141,2144.19,2160.0,-0.0,2833.6521439207854,-0.0,0.0,-0.0,399.28061167372243
2021-10-30 09:00:00,978.1035374833693,2149.0,2160.0,-0.0,2183.0384625166307,-0.0,0.0,-0.0,399.2406836125551
2021-10-30 10:00:00,1682.102974388497,2194.78,2160.0,-0.0,1394.7000256115025,-0.0,0.0,-0.0,399.20075954419383
2021-10-30 11:00:00,2196.523342876881,2267.0,2160.0,-0.0,730.6256571231193,-0.0,0.0,-0.0,399.16083946823943
2021-10-30 12:00:00,2384.1554829341935,2348.69,2160.0,-0.0,384.72751706580675,-0.0,0.0,-0.0,399.1209233842926
2021-10-30 13:00:00,2196.523342876881,2422.79,2160.0,-0.0,455.73765712311933,-0.0,0.0,-0.0,399.0810112919542
2021-10-30 14:00:00,1682.102974388497,2474.41,2160.0,-0.0,936.9390256115034,-0.0,0.0,-0.0,399.041103190825
2021-10-30 15:00:00,978.1035374833693,2492.85,2160.0,-0.0,1721.860462516631,-0.0,0.0,-0.0,399.00119908050596
2021-10-30 16:00:00,294.1648560792141,2473.0099999999998,2160.0,-0.0,2607.1981439207857,-0.0,0.0,-0.0,398.9612989605979
2021-10-30 17:00:00,-0.0,2416.0499999999997,2160.0,-0.0,3185.012,-0.0,0.0,-0.0,398.9214028307018
2021-10-30 18:00:00,-0.0,2329.17,2160.0,-0.0,3465.331,-0.0,0.0,-0.0,398.88151069041874
2021-10-30 19:00:00,-0.0,2224.5699999999997,2160.0,44.615999999999985,3500.0,-0.0,100.0,-0.0,293.5784646446129
2021-10-30 20:00:00,-0.0,2117.73,2160.0,69.51799999999957,3500.0,-0.0,100.0,-0.0,188.28594890341162
2021-10-30 21:00:00,-0.0,2025.23,2160.0,-0.0,3500.0,-0.0,60.245000000000346,-0.0,124.8513308348367
2021-10-30 22:00:00,-0.0,1962.42,2160.0,-0.0,3384.951,-0.0,0.0,-0.0,124.83884570175321
2021-10-30 23:00:00,-0.0,1941.25,2160.0,-0.0,3206.268,-0.0,0.0,-0.0,124.82636181718304
2021-10-31 00:00:00,-0.0,1982.09,2160.0,-0.0,2556.8769999999995,-0.0,0.0,-0.0,124.81387918100133
2021-10-31 01:00:00,-0.0,2058.44,2160.0,-0.0,2329.351,-0.0,0.0,-0.0,124.80139779308323
2021-10-31 02:00:00,-0.0,2178.15,2160.0,-0.0,2105.7189999999996,-0.0,0.0,-0.0,124.78891765330391
2021-10-31 03:00:00,-0.0,2329.7799999999997,2160.0,-0.0,1948.246,-0.0,0.0,-0.0,124.77643876153859
2021-10-31 04:00:00,-0.0,2497.63,2160.0,-0.0,1895.0739999999996,-0.0,0.0,-0.0,124.76396111766243
2021-10-31 05:00:00,-0.0,2663.69,2160.0,-0.0,1941.6799999999998,-0.0,0.0,-0.0,124.75148472155067
2021-10-31 06:00:00,-0.0,2810.0199999999995,2160.0,-0.0,2046.1420000000007,-0.0,0.0,-0.0,124.73900957307852
2021-10-31 07:00:00,-0.0,2921.0000000000005,2160.0,-0.0,2154.189,-0.0,0.0,-0.0,124.72653567212122
2021-10-31 08:00:00,262.2007284566575,2985.43,2160.0,-0.0,1964.6782715433428,-0.0,0.0,-0.0,124.714063018554
2021-10-31 09:00:00,900.602234213489,2997.8500000000004,2160.0,-0.0,1354.9227657865106,-0.0,0.0,-0.0,124.70159161225214
2021-10-31 10:00:00,1561.8924705250233,2959.27,2160.0,-0.0,696.6455294749767,-0.0,0.0,-0.0,124.68912145309092
2021-10-31 11:00:00,2046.3387679101427,2876.93,2160.0,-0.0,220.15423208985726,-0.0,0.0,-0.0,124.67665254094561
2021-10-31 12:00:00,2223.2258349964186,2763.26,2160.0,-0.0,83.46716500358161,-0.0,0.0,-0.0,124.66418487569152
2021-10-31 13:00:00,2046.3387679101427,2634.15,2160.0,-0.0,350.09923208985697,-0.0,0.0,-0.0,124.65171845720396
2021-10-31 14:00:00,1561.8924705250233,2506.77,2160.0,-0.0,983.5345294749768,-0.0,0.0,-0.0,124.63925328535824
2021-10-31 15:00:00,900.602234213489,2397.2599999999998,2160.0,-0.0,1856.9507657865113,-0.0,0.0,-0.0,124.6267893600297
2021-10-31 16:00:00,262.2007284566575,2318.48,2160.0,-0.0,2758.9892715433425,-0.0,0.0,-0.0,124.6143266810937
2021-10-31 17:00:00,-0.0,2278.32,2160.0,-0.0,3291.3799999999997,-0.0,0.0,-0.0,124.6018652484256
2021-10-31 18:00:00,-0.0,2278.6400000000003,2160.0,-0.0,3487.879,-0.0,0.0,-0.0,124.58940506190075
2021-10-31 19:00:00,-0.0,2315.06,2160.0,-0.0,3500.0,-0.0,29.559999999999945,-0.0,93.4611566477104
2021-10-31 20:00:00,-0.0,2377.59,2160.0,-0.0,3388.54,-0.0,0.0,-0.0,93.45181053204563
2021-10-31 21:00:00,-0.0,2452.01,2160.0,-0.0,3115.825,-0.0,0.0,-0.0,93.44246535099242
2021-10-31 22:00:00,-0.0,2521.92,2160.0,-0.0,2811.318,-0.0,0.0,-0.0,93.43312110445733
2021-10-31 23:00:00,-0.0,2570.9900000000002,2160.0,-0.0,2565.9239999999995,-0.0,0.0,-0.0,93.42377779234688
2021-11-01 00:00:00,-0.0,2598.7900000000004,2160.0,-0.0,2369.2059999999997,-0.0,0.0,-0.0,93.41443541456765
2021-11-01 01:00:00,-0.0,2568.67,2160.0,-0.0,2251.7200000000003,-0.0,0.0,-0.0,93.40509397102619
2021-11-01 02:00:00,-0.0,2490.34,2160.0,-0.0,2229.7129999999997,-0.0,0.0,-0.0,93.39575346162908
2021-11-01 03:00:00,-0.0,2366.36,2160.0,-0.0,2351.4469999999997,-0.0,0.0,-0.0,93.38641388628292
2021-11-01 04:00:00,-0.0,2205.47,2160.0,-0.0,2630.6210000000005,-0.0,0.0,-0.0,93.3770752448943
2021-11-01 05:00:00,-0.0,2021.52,2160.0,-0.0,3030.85,-0.0,0.0,-0.0,93.3677375373698
2021-11-01 06:00:00,-0.0,1831.71,2160.0,-0.0,3475.067,-0.0,0.0,-0.0,93.35840076361607
2021-11-01 07:00:00,-0.0,1654.4,2160.0,286.33838832263746,3500.0,-0.0,88.68161167736274,-0.0,-0.0
2021-11-01 08:00:00,262.68746054651524,1506.75,2160.0,400.7145394534846,3500.0,-0.0,0.0,-0.0,-0.0
2021-11-01 09:00:00,933.2317677310409,1402.52,2160.0,-0.0,3379.073232268959,-0.0,0.0,-0.0,-0.0
2021-11-01 10:00:00,1632.2899497492583,1350.33,2160.0,-0.0,2700.2350502507416,-0.0,0.0,-0.0,-0.0
2021-11-01 11:00:00,2145.7245317265383,1352.6,2160.0,-0.0,2113.7304682734616,-0.0,0.0,-0.0,-0.0
2021-11-01 12:00:00,2333.3813164466283,1405.29,2160.0,-0.0,1803.4826835533722,-0.0,0.0,-0.0,-0.0
2021-11-01 13:00:00,2145.7245317265383,1498.59,2160.0,-0.0,1862.026468273462,-0.0,0.0,-0.0,-0.0
2021-11-01 14:00:00,1632.2899497492583,1618.29,2160.0,-0.0,2280.9000502507415,-0.0,0.0,-0.0,-0.0
2021-11-01 15:00:00,933.2317677310409,1747.7500000000002,2160.0,-0.0,2956.6202322689587,-0.0,0.0,-0.0,-0.0
2021-11-01 16:00:00,262.68746054651524,1870.25,2160.0,193.00053945348463,3500.0,-0.0,0.0,-0.0,-0.0
2021-11-01 17:00:00,-0.0,1971.26,2160.0,588.1569999999992,3500.0,-0.0,0.0,-0.0,-0.0
2021-11-01 18:00:00,-0.0,2040.41,2160.0,719.241,3500.0,-0.0,0.0,-0.0,-0.0
2021-11-01 19:00:00,-0.0,2072.9500000000003,2160.0,768.1809999999987,3500.0,-0.0,0.0,-0.0,-0.0
2021-11-01 20:00:00,-0.0,2070.36,2160.0,695.6219999999994,3500.0,-0.0,0.0,-0.0,-0.0
2021-11-01 21:00:00,-0.0,2040.15,2160.0,530.8360000000007,3500.0,-0.0,0.0,-0.0,-0.0
2021-11-01 22:00:00,-0.0,1994.78,2160.0,344.8630000000003,3500.0,-0.0,0.0,-0.0,-0.0
2021-11-01 23:00:00,-0.0,1949.99,2160.0,196.53700000000026,3500.0,-0.0,0.0,-0.0,-0.0
2021-11-02 00:00:00,-0.0,1936.06,2160.0,-0.0,3108.4869999999996,-0.0,0.0,-0.0,-0.0
2021-11-02 01:00:00,-0.0,1941.54,2160.0,-0.0,2958.5060000000003,-0.0,0.0,-0.0,-0.0
2021-11-02 02:00:00,-0.0,1991.97,2160.0,-0.0,2810.7879999999996,-0.0,0.0,-0.0,-0.0
2021-11-02 03:00:00,-0.0,2094.25,2160.0,-0.0,2709.254,-0.0,0.0,-0.0,-0.0
2021-11-02 04:00:00,-0.0,2249.0499999999997,2160.0,-0.0,2675.6690000000003,-0.0,0.0,-0.0,-0.0
2021-11-02 05:00:00,-0.0,2450.63,2160.0,-0.0,2693.237,-0.0,0.0,-0.0,-0.0
2021-11-02 06:00:00,-0.0,2687.4900000000002,2160.0,-0.0,2713.588,-0.0,0.0,-0.0,-0.0
2021-11-02 07:00:00,-0.0,2943.76,2160.0,-0.0,2682.697,-0.0,0.0,-0.0,-0.0
2021-11-02 08:00:00,253.8893159349095,3201.29,2160.0,-0.0,2314.67568406509,-0.0,0.0,-0.0,-0.0
2021-11-02 09:00:00,934.1251367567293,3441.86,2160.0,-0.0,1441.1358632432707,-0.0,0.0,-0.0,-0.0
2021-11-02 10:00:00,1647.9393106130387,3649.62,2160.0,-0.0,490.11068938696144,-0.0,0.0,-0.0,-0.0
2021-11-02 11:00:00,2173.5606783338453,3812.9800000000005,1992.7733216661545,-0.0,-0.0,-0.0,0.0,100.0,95.0
2021-11-02 12:00:00,2365.8814654845974,3926.1400000000003,1619.7555345154024,-0.0,-0.0,-0.0,0.0,100.0,189.9905
2021-11-02 13:00:00,2173.5606783338453,3989.66,1715.0263216661551,-0.0,-0.0,-0.0,0.0,100.0,284.97150095
2021-11-02 14:00:00,1647.9393106130385,4010.32,2160.0,-0.0,-0.0,-0.0,0.0,12.672310613038235,296.9816988822913
2021-11-02 15:00:00,934.1251367567293,4000.05,2160.0,-0.0,719.6508632432706,-0.0,100.0,-0.0,191.68884281766628
2021-11-02 16:00:00,253.8893159349095,3974.22,2160.0,-0.0,1616.083684065091,-0.0,100.0,-0.0,86.4065160386477
2021-11-02 17:00:00,-0.0,3949.45,2160.0,-0.0,2148.0860183823083,-0.0,82.07798161769163,-0.0,-0.0
2021-11-02 18:00:00,-0.0,3941.2999999999997,2160.0,-0.0,2440.4019999999996,-0.0,0.0,-0.0,-0.0
2021-11-02 19:00:00,-0.0,3962.06,2160.0,-0.0,2502.8839999999996,-0.0,0.0,-0.0,-0.0
2021-11-02 20:00:00,-0.0,4019.04,2160.0,-0.0,2372.425,-0.0,0.0,-0.0,-0.0
2021-11-02 21:00:00,-0.0,4113.5,2160.0,-0.0,2084.545,-0.0,0.0,-0.0,-0.0
2021-11-02 22:00:00,-0.0,4240.49,2160.0,-0.0,1727.692,-0.0,0.0,-0.0,-0.0
2021-11-02 23:00:00,-0.0,4389.45,2160.0,-0.0,1387.0,-0.0,0.0,-0.0,-0.0
2021-11-03 00:00:00,-0.0,4559.07,2160.0,-0.0,616.6100000000006,-0.0,0.0,-0.0,-0.0
2021-11-03 01:00:00,-0.0,4705.5599999999995,2160.0,-0.0,326.8060000000005,-0.0,0.0,-0.0,-0.0
2021-11-03 02:00:00,-0.0,4825.5199999999995,2160.0,-0.0,110.64500000000044,-0.0,0.0,-0.0,-0.0
2021-11-03 03:00:00,-0.0,4904.56,2160.0,-0.0,33.33799999999974,-0.0,0.0,-0.0,-0.0
2021-11-03 04:00:00,-0.0,4932.6900000000005,2160.0,-0.0,127.30799999999908,-0.0,0.0,-0.0,-0.0
2021-11-03 05:00:00,-0.0,4905.73,2160.0,-0.0,374.1990000000005,-0.0,0.0,-0.0,-0.0
2021-11-03 06:00:00,-0.0,4825.93,2160.0,-0.0,711.8890000000001,-0.0,0.0,-0.0,-0.0
2021-11-03 07:00:00,-0.0,4701.8,2160.0,-0.0,1061.9740000000002,-0.0,0.0,-0.0,-0.0
2021-11-03 08:00:00,235.73852179920175,4546.96,2160.0,-0.0,1124.9454782007983,-0.0,0.0,-0.0,-0.0
2021-11-03 09:00:00,899.4685797257192,4378.5,2160.0,-0.0,677.309420274281,-0.0,0.0,-0.0,-0.0
2021-11-03 10:00:00,1600.621558080033,4214.71,2160.0,-0.0,110.75844191996703,-0.0,0.0,-0.0,-0.0
2021-11-03 11:00:00,2118.2518938952003,4072.7200000000003,1926.919106104799,-0.0,-0.0,-0.0,0.0,100.0,95.0
2021-11-03 12:00:00,2307.849445809027,3966.3599999999997,1776.1975541909733,-0.0,-0.0,-0.0,0.0,100.0,189.9905
2021-11-03 13:00:00,2118.2518938952003,3904.35,1994.2231061048,-0.0,-0.0,-0.0,0.0,100.0,284.97150095
2021-11-03 14:00:00,1600.621558080033,3889.2700000000004,2160.0,-0.0,194.1154419199661,-0.0,100.0,-0.0,179.67984590516818
2021-11-03 15:00:00,899.4685797257192,3917.31,2160.0,-0.0,975.2044202742809,-0.0,100.0,-0.0,74.39872002584083
2021-11-03 16:00:00,235.73852179920175,3978.94,2160.0,-0.0,1796.6317620546517,-0.0,70.67171614614634,-0.0,-0.0
2021-11-03 17:00:00,-0.0,4060.28,2160.0,-0.0,2256.6520000000005,-0.0,0.0,-0.0,-0.0
2021-11-03 18:00:00,-0.0,4145.0599999999995,2160.0,-0.0,2373.383,-0.0,0.0,-0.0,-0.0
2021-11-03 19:00:00,-0.0,4216.9800000000005,2160.0,-0.0,2384.025999999999,-0.0,0.0,-0.0,-0.0
2021-11-03 20:00:00,-0.0,4261.95,2160.0,-0.0,2264.794000000001,-0.0,0.0,-0.0,-0.0
2021-11-03 21:00:00,-0.0,4270.1,2160.0,-0.0,2062.339,-0.0,0.0,-0.0,-0.0
2021-11-03 22:00:00,-0.0,4237.179999999999,2160.0,-0.0,1864.4100000000008,-0.0,0.0,-0.0,-0.0
2021-11-03 23:00:00,-0.0,4165.2,2160.0,-0.0,1743.5700000000006,-0.0,0.0,-0.0,-0.0
2021-11-04 00:00:00,-0.0,4075.57,2160.0,-0.0,1231.163,-0.0,0.0,-0.0,-0.0
2021-11-04 01:00:00,-0.0,3954.56,2160.0,-0.0,1207.5729999999999,-0.0,0.0,-0.0,-0.0
2021-11-04 02:00:00,-0.0,3831.81,2160.0,-0.0,1232.739,-0.0,0.0,-0.0,-0.0
2021-11-04 03:00:00,-0.0,3724.67,2160.0,-0.0,1340.1310000000003,-0.0,0.0,-0.0,-0.0
2021-11-04 04:00:00,-0.0,3649.17,2160.0,-0.0,1536.156,-0.0,0.0,-0.0,-0.0
2021-11-04 05:00:00,-0.0,3617.8900000000003,2160.0,-0.0,1785.6970000000001,-0.0,0.0,-0.0,-0.0
2021-11-04 06:00:00,-0.0,3638.2,2160.0,-0.0,2021.5150000000003,-0.0,0.0,-0.0,-0.0
2021-11-04 07:00:00,-0.0,3711.2200000000003,2160.0,-0.0,2172.5959999999995,-0.0,0.0,-0.0,-0.0
2021-11-04 08:00:00,240.58119803500156,3831.64,2160.0,-0.0,1953.521801964999,-0.0,0.0,-0.0,-0.0
2021-11-04 09:00:00,953.3356513918741,3988.31,2160.0,-0.0,1129.7013486081257,-0.0,0.0,-0.0,-0.0
2021-11-04 10:00:00,1711.3746726026,4165.72,2160.0,-0.0,162.94732739739925,-0.0,0.0,-0.0,-0.0
2021-11-04 11:00:00,2272.453548894689,4346.0,1611.1874511053106,-0.0,-0.0,-0.0,0.0,100.0,95.0
2021-11-04 12:00:00,2478.1810325964593,4511.18,1170.5129674035402,-0.0,-0.0,-0.0,0.0,100.0,189.9905
2021-11-04 13:00:00,2272.453548894689,4645.58,1205.8934511053108,-0.0,-0.0,-0.0,0.0,100.0,284.97150095
2021-11-04 14:00:00,1711.3746726026,4737.77,1699.5223273974,-0.0,-0.0,-0.0,0.0,100.0,379.943003799905
2021-11-04 15:00:00,953.3356513918741,4782.01,2160.0,-0.0,158.7773486081253,-0.0,100.0,-0.0,274.6418516047882
2021-11-04 16:00:00,240.58119803500156,4778.92,2160.0,-0.0,1062.0278019649988,-0.0,100.0,-0.0,169.35122952489093
2021-11-04 17:00:00,-0.0,4735.26,2160.0,-0.0,1578.5519999999997,-0.0,100.0,-0.0,64.07113650720162
2021-11-04 18:00:00,-0.0,4662.89,2160.0,-0.0,1907.9268925725917,-0.0,41.77110742740785,-0.0,20.095142627858422
2021-11-04 19:00:00,-0.0,4577.06,2160.0,-0.0,2115.2869999999994,-0.0,0.0,-0.0,20.093133113595638
2021-11-04 20:00:00,-0.0,4494.24,2160.0,-0.0,2120.9770000000008,-0.0,0.0,-0.0,20.09112380028428
2021-11-04 21:00:00,-0.0,4429.8,2160.0,-0.0,1988.1799999999994,-0.0,0.0,-0.0,20.08911468790425
2021-11-04 22:00:00,-0.0,4395.780000000001,2160.0,-0.0,1788.3589999999986,-0.0,0.0,-0.0,20.08710577643546
2021-11-04 23:00:00,-0.0,4399.2300000000005,2160.0,-0.0,1589.04,-0.0,0.0,-0.0,20.085097065857816
2021-11-05 00:00:00,-0.0,4454.46,2160.0,-0.0,928.5839999999998,-0.0,0.0,-0.0,20.083088556151232
2021-11-05 01:00:00,-0.0,4529.53,2160.0,-0.0,705.7560000000003,-0.0,0.0,-0.0,20.081080247295617
2021-11-05 02:00:00,-0.0,4626.89,2160.0,-0.0,507.60499999999956,-0.0,0.0,-0.0,20.079072139270888
2021-11-05 03:00:00,-0.0,4731.45,2160.0,-0.0,400.0430000000006,-0.0,0.0,-0.0,20.077064232056962
2021-11-05 04:00:00,-0.0,4825.95,2160.0,-0.0,422.76900000000023,-0.0,0.0,-0.0,20.075056525633755
2021-11-05 05:00:00,-0.0,4893.219999999999,2160.0,-0.0,570.4190000000008,-0.0,0.0,-0.0,20.07304901998119
2021-11-05 06:00:00,-0.0,4918.54,2160.0,-0.0,797.8469999999998,-0.0,0.0,-0.0,20.071041715079193
2021-11-05 07:00:00,-0.0,4891.58,2160.0,-0.0,1045.4930000000004,-0.0,0.0,-0.0,20.069034610907686
2021-11-05 08:00:00,272.27423436700445,4807.88,2160.0,-0.0,995.3977656329951,-0.0,0.0,-0.0,20.067027707446595
2021-11-05 09:00:00,1122.2193642411219,4669.42,2160.0,-0.0,326.03763575887774,-0.0,0.0,-0.0,20.065021004675852
2021-11-05 10:00:00,2032.3960499437112,4484.45,1826.019950056289,-0.0,-0.0,-0.0,0.0,100.0,115.06301450257538
2021-11-05 11:00:00,2707.8323226895923,4266.41,1294.6926773104092,-0.0,-0.0,-0.0,0.0,100.0,210.05150820112513
2021-11-05 12:00:00,2955.751469066626,4032.19,1207.6745309333733,-0.0,-0.0,-0.0,0.0,100.0,305.030503050305
2021-11-05 13:00:00,2707.8323226895923,3799.98,1648.2876773104085,-0.0,-0.0,-0.0,0.0,100.0,400.0
2021-11-05 14:00:00,2032.3960499437112,3586.84,2160.0,-0.0,298.01795005628856,-0.0,0.0,-0.0,399.96
2021-11-05 15:00:00,1122.2193642411219,3406.5499999999997,2160.0,-0.0,1490.344635758878,-0.0,0.0,-0.0,399.920004
2021-11-05 16:00:00,272.27423436700445,3267.86,2160.0,-0.0,2662.778765632996,-0.0,0.0,-0.0,399.8800119996
2021-11-05 17:00:00,-0.0,3173.43,2160.0,-0.0,3258.154000000001,-0.0,0.0,-0.0,399.84002399840006
2021-11-05 18:00:00,-0.0,3119.5899999999997,2160.0,-0.0,3500.0,-0.0,7.154000000000906,-0.0,392.2695136802098
2021-11-05 19:00:00,-0.0,3096.97,2160.0,5.9180000000010295,3500.0,-0.0,100.0,-0.0,286.967128834105
2021-11-05 20:00:00,-0.0,3091.93,2160.0,-0.0,3500.0,-0.0,30.2150000000006,-0.0,255.13316896332623
2021-11-05 21:00:00,-0.0,3088.49,2160.0,-0.0,3332.812,-0.0,0.0,-0.0,255.1076556464299
2021-11-05 22:00:00,-0.0,3070.6699999999996,2160.0,-0.0,3113.194,-0.0,0.0,-0.0,255.08214488086526
2021-11-05 23:00:00,-0.0,3024.77,2160.0,-0.0,2959.64,-0.0,0.0,-0.0,255.0566366663772
2021-11-06 00:00:00,-0.0,2954.6,2160.0,-0.0,1984.7779999999998,-0.0,0.0,-0.0,255.03113100271057
2021-11-06 01:00:00,-0.0,2829.82,2160.0,-0.0,1958.2490000000003,-0.0,0.0,-0.0,255.0056278896103
2021-11-06 02:00:00,-0.0,2666.19,2160.0,-0.0,2017.5570000000002,-0.0,0.0,-0.0,254.98012732682136
2021-11-06 03:00:00,-0.0,2472.26,2160.0,-0.0,2204.9789999999994,-0.0,0.0,-0.0,254.9546293140887
2021-11-06 04:00:00,-0.0,2261.61,2160.0,-0.0,2529.3759999999997,-0.0,0.0,-0.0,254.92913385115727
2021-11-06 05:00:00,-0.0,2051.04,2160.0,-0.0,2951.4170000000004,-0.0,0.0,-0.0,254.90364093777217
2021-11-06 06:00:00,-0.0,1858.44,2160.0,-0.0,3393.35,-0.0,0.0,-0.0,254.8781505736784
2021-11-06 07:00:00,-0.0,1700.44,2160.0,168.6569999999997,3500.0,-0.0,100.0,-0.0,149.5895048638842
2021-11-06 08:00:00,291.971481092007,1590.1599999999999,2160.0,122.10351890799302,3500.0,-0.0,100.0,-0.0,44.31138801866099
2021-11-06 09:00:00,1253.6431896684066,1535.52,2160.0,-0.0,2853.8978103315926,-0.0,0.0,-0.0,44.30695687985913
2021-11-06 10:00:00,2290.678277018729,1538.18,2160.0,-0.0,1776.1367229812704,-0.0,0.0,-0.0,44.30252618417114
2021-11-06 11:00:00,3062.2533792600557,1593.3400000000001,2160.0,-0.0,872.2646207399443,-0.0,0.0,-0.0,44.29809593155272
2021-11-06 12:00:00,3345.7594186879546,1690.34,2160.0,-0.0,415.28158131204555,-0.0,0.0,-0.0,44.29366612195957
2021-11-06 13:00:00,3062.2533792600557,1814.12,2160.0,-0.0,532.3866207399446,-0.0,0.0,-0.0,44.289236755347375
2021-11-06 14:00:00,2290.678277018729,1947.21,2160.0,-0.0,1188.9767229812705,-0.0,0.0,-0.0,44.28480783167184
2021-11-06 15:00:00,1253.6431896684066,2072.02,2160.0,-0.0,2200.0688103315933,-0.0,0.0,-0.0,44.28037935088867
2021-11-06 16:00:00,291.971481092007,2173.19,2160.0,-0.0,3241.4395189079924,-0.0,0.0,-0.0,44.27595131295359
2021-11-06 17:00:00,-0.0,2239.56,2160.0,150.7850524680689,3500.0,-0.0,42.05794753193118,-0.0,-0.0
2021-11-06 18:00:00,-0.0,2265.59,2160.0,359.16899999999987,3500.0,-0.0,0.0,-0.0,-0.0
2021-11-06 19:00:00,-0.0,2252.0699999999997,2160.0,446.09699999999975,3500.0,-0.0,0.0,-0.0,-0.0
2021-11-06 20:00:00,-0.0,2205.83,2160.0,408.9279999999999,3500.0,-0.0,0.0,-0.0,-0.0
2021-11-06 21:00:00,-0.0,2138.78,2160.0,272.5419999999999,3500.0,-0.0,0.0,-0.0,-0.0
2021-11-06 22:00:00,-0.0,2066.15,2160.0,105.21399999999949,3500.0,-0.0,0.0,-0.0,-0.0
2021-11-06 23:00:00,-0.0,2004.31,2160.0,-0.0,3465.1569999999997,-0.0,0.0,-0.0,-0.0
2021-11-07 00:00:00,-0.0,1981.67,2160.0,-0.0,2876.456,-0.0,0.0,-0.0,-0.0
2021-11-07 01:00:00,-0.0,1983.6799999999998,2160.0,-0.0,2720.854,-0.0,0.0,-0.0,-0.0
2021-11-07 02:00:00,-0.0,2030.32,2160.0,-0.0,2567.6910000000007,-0.0,0.0,-0.0,-0.0
2021-11-07 03:00:00,-0.0,2122.2599999999998,2160.0,-0.0,2467.1260000000007,-0.0,0.0,-0.0,-0.0
2021-11-07 04:00:00,-0.0,2253.85,2160.0,-0.0,2447.252,-0.0,0.0,-0.0,-0.0
2021-11-07 05:00:00,-0.0,2413.79,2160.0,-0.0,2496.8410000000003,-0.0,0.0,-0.0,-0.0
2021-11-07 06:00:00,-0.0,2586.56,2160.0,-0.0,2571.551,-0.0,0.0,-0.0,-0.0
2021-11-07 07:00:00,-0.0,2754.39,2160.0,-0.0,2619.265,-0.0,0.0,-0.0,-0.0
2021-11-07 08:00:00,270.2472108535462,2899.62,2160.0,-0.0,2337.2567891464537,-0.0,0.0,-0.0,-0.0
2021-11-07 09:00:00,1210.8477327550918,3006.97,2160.0,-0.0,1326.555267244908,-0.0,0.0,-0.0,-0.0
2021-11-07 10:00:00,2232.3505213898275,3065.58,2160.0,-0.0,206.89747861017304,-0.0,0.0,-0.0,-0.0
2021-11-07 11:00:00,2994.363494473442,3070.3999999999996,1621.5425055265578,-0.0,-0.0,-0.0,0.0,100.0,95.0
2021-11-07 12:00:00,3274.647244243169,3022.86,1311.0367557568302,-0.0,-0.0,-0.0,0.0,100.0,189.9905
2021-11-07 13:00:00,2994.363494473442,2930.64,1639.7325055265574,-0.0,-0.0,-0.0,0.0,100.0,284.97150095
2021-11-07 14:00:00,2232.3505213898275,2806.6000000000004,2160.0,-0.0,282.8024786101719,-0.0,0.0,-0.0,284.943003799905
2021-11-07 15:00:00,1210.8477327550918,2667.1299999999997,2160.0,-0.0,1541.6562672449086,-0.0,0.0,-0.0,284.914509499525
2021-11-07 16:00:00,270.2472108535462,2529.8399999999997,2160.0,-0.0,2799.5297891464543,-0.0,0.0,-0.0,284.88601804857507
2021-11-07 17:00:00,-0.0,2411.3399999999997,2160.0,-0.0,3413.297,-0.0,0.0,-0.0,284.85752944677023
2021-11-07 18:00:00,-0.0,2324.92,2160.0,91.39400000000023,3500.0,-0.0,100.0,-0.0,179.56588579908873
2021-11-07 19:00:00,-0.0,2278.9100000000003,2160.0,210.23600000000033,3500.0,-0.0,100.0,-0.0,74.28477131577198
2021-11-07 20:00:00,-0.0,2275.57,2160.0,159.13152430329183,3500.0,-0.0,70.56347569670838,-0.0,-0.0
2021-11-07 21:00:00,-0.0,2310.9,2160.0,-0.0,3490.561,-0.0,0.0,-0.0,-0.0
2021-11-07 22:00:00,-0.0,2375.2400000000002,2160.0,-0.0,3186.0009999999997,-0.0,0.0,-0.0,-0.0
2021-11-07 23:00:00,-0.0,2454.67,2160.0,-0.0,2904.5159999999996,-0.0,0.0,-0.0,-0.0
2021-11-08 00:00:00,-0.0,2546.19,2160.0,-0.0,2637.654,-0.0,0.0,-0.0,-0.0
2021-11-08 01:00:00,-0.0,2607.39,2160.0,-0.0,2422.914,-0.0,0.0,-0.0,-0.0
2021-11-08 02:00:00,-0.0,2637.6,2160.0,-0.0,2286.3390000000004,-0.0,0.0,-0.0,-0.0
2021-11-08 03:00:00,-0.0,2627.34,2160.0,-0.0,2288.236,-0.0,0.0,-0.0,-0.0
2021-11-08 04:00:00,-0.0,2572.82,2160.0,-0.0,2454.8399999999997,-0.0,0.0,-0.0,-0.0
2021-11-08 05:00:00,-0.0,2476.61,2160.0,-0.0,2761.051,-0.0,0.0,-0.0,-0.0
2021-11-08 06:00:00,-0.0,2347.36,2160.0,-0.0,3138.3569999999995,-0.0,0.0,-0.0,-0.0
2021-11-08 07:00:00,-0.0,2198.79,2160.0,3.15099999999984,3500.0,-0.0,0.0,-0.0,-0.0
2021-11-08 08:00:00,224.81477502302738,2047.93,2160.0,63.44722497697239,3500.0,-0.0,0.0,-0.0,-0.0
2021-11-08 09:00:00,1052.9247336761848,1912.8899999999999,2160.0,-0.0,2908.5122663238153,-0.0,0.0,-0.0,-0.0
2021-11-08 10:00:00,1958.745475232832,1810.56,2160.0,-0.0,2066.4625247671684,-0.0,0.0,-0.0,-0.0
2021-11-08 11:00:00,2636.22109382356,1754.3600000000001,2160.0,-0.0,1367.7519061764397,-0.0,0.0,-0.0,-0.0
2021-11-08 12:00:00,2885.6743704585,1752.52,2160.0,-0.0,1043.5636295414997,-0.0,0.0,-0.0,-0.0
2021-11-08 13:00:00,2636.22109382356,1807.04,2160.0,-0.0,1195.97490617644,-0.0,0.0,-0.0,-0.0
2021-11-08 14:00:00,1958.745475232832,1913.4399999999998,2160.0,-0.0,1785.4515247671682,-0.0,0.0,-0.0,-0.0
2021-11-08 15:00:00,1052.9247336761848,2061.42,2160.0,-0.0,2642.653266323815,-0.0,0.0,-0.0,-0.0
2021-11-08 16:00:00,224.81477502302738,2236.27,2160.0,-0.0,3477.4722249769725,-0.0,0.0,-0.0,-0.0
2021-11-08 17:00:00,-0.0,2420.83,2160.0,244.41599999999926,3500.0,-0.0,0.0,-0.0,-0.0
2021-11-08 18:00:00,-0.0,2597.85,2160.0,260.8349999999996,3500.0,-0.0,0.0,-0.0,-0.0
2021-11-08 19:00:00,-0.0,2752.26,2160.0,181.11099999999897,3500.0,-0.0,0.0,-0.0,-0.0
2021-11-08 20:00:00,-0.0,2873.1600000000003,2160.0,-0.0,3478.2730000000006,-0.0,0.0,-0.0,-0.0
2021-11-08 21:00:00,-0.0,2955.28,2160.0,-0.0,3194.3789999999995,-0.0,0.0,-0.0,-0.0
2021-11-08 22:00:00,-0.0,2999.58,2160.0,-0.0,2911.9759999999997,-0.0,0.0,-0.0,-0.0
2021-11-08 23:00:00,-0.0,3013.1000000000004,2160.0,-0.0,2698.602,-0.0,0.0,-0.0,-0.0
2021-11-09 00:00:00,-0.0,3020.91,2160.0,-0.0,2081.4850000000006,-0.0,0.0,-0.0,-0.0
2021-11-09 01:00:00,-0.0,3012.2,2160.0,-0.0,1939.0200000000004,-0.0,0.0,-0.0,-0.0
2021-11-09 02:00:00,-0.0,3016.44,2160.0,-0.0,1830.8569999999995,-0.0,0.0,-0.0,-0.0
2021-11-09 03:00:00,-0.0,3048.81,2160.0,-0.0,1792.6439999999998,-0.0,0.0,-0.0,-0.0
2021-11-09 04:00:00,-0.0,3121.09,2160.0,-0.0,1835.0419999999995,-0.0,0.0,-0.0,-0.0
2021-11-09 05:00:00,-0.0,3239.94,2160.0,-0.0,1928.859,-0.0,0.0,-0.0,-0.0
2021-11-09 06:00:00,-0.0,3405.8500000000004,2160.0,-0.0,2013.7399999999998,-0.0,0.0,-0.0,-0.0
2021-11-09 07:00:00,-0.0,3612.94,2160.0,-0.0,2025.6780000000003,-0.0,0.0,-0.0,-0.0
2021-11-09 08:00:00,190.93452486951185,3849.66,2160.0,-0.0,1735.1424751304885,-0.0,0.0,-0.0,-0.0
2021-11-09 09:00:00,936.5033467147683,4100.14,2160.0,-0.0,780.1606532852314,-0.0,0.0,-0.0,-0.0
2021-11-09 10:00:00,1757.9900522464436,4346.26,1836.9869477535563,-0.0,-0.0,-0.0,0.0,-0.0,-0.0
2021-11-09 11:00:00,2373.995720704125,4569.96,944.0173540376395,-0.0,-0.0,-0.0,0.0,21.121074741764055,20.065021004675852
2021-11-09 12:00:00,2601.0531600399145,4755.51,536.8178399600856,-0.0,-0.0,-0.0,0.0,100.0,115.06301450257538
2021-11-09 13:00:00,2373.995720704125,4891.58,588.4412792958751,-0.0,-0.0,-0.0,0.0,100.0,210.05150820112513
2021-11-09 14:00:00,1757.9900522464436,4972.639999999999,1144.994947753557,-0.0,-0.0,-0.0,0.0,100.0,305.030503050305
2021-11-09 15:00:00,936.5033467147683,4999.58,2042.1576532852318,-0.0,-0.0,-0.0,0.0,100.0,400.0
2021-11-09 16:00:00,190.93452486951185,4979.57,2160.0,-0.0,632.5944751304886,-0.0,100.0,-0.0,294.69684210526316
2021-11-09 17:00:00,-0.0,4924.93,2160.0,-0.0,1108.1990000000005,-0.0,100.0,-0.0,189.4042145263158
2021-11-09 18:00:00,-0.0,4851.5,2160.0,-0.0,1378.4470000000001,-0.0,100.0,-0.0,84.12211621012632
2021-11-09 19:00:00,-0.0,4776.38,2160.0,-0.0,1551.7599812014205,-0.0,79.90801879858006,-0.0,-0.0
2021-11-09 20:00:00,-0.0,4715.63,2160.0,-0.0,1613.9289999999992,-0.0,0.0,-0.0,-0.0
2021-11-09 21:00:00,-0.0,4682.06,2160.0,-0.0,1449.2039999999988,-0.0,0.0,-0.0,-0.0
2021-11-09 22:00:00,-0.0,4683.5,2160.0,-0.0,1213.1660000000002,-0.0,0.0,-0.0,-0.0
2021-11-09 23:00:00,-0.0,4721.78,2160.0,-0.0,978.5630000000001,-0.0,0.0,-0.0,-0.0
2021-11-10 00:00:00,-0.0,4805.4400000000005,2160.0,-0.0,289.04299999999967,-0.0,0.0,-0.0,-0.0
2021-11-10 01:00:00,-0.0,4898.4800000000005,2160.0,-0.0,48.396999999999935,-0.0,0.0,-0.0,-0.0
2021-11-10 02:00:00,-0.0,4999.67,2106.8689999999997,-0.0,-0.0,-0.0,0.0,100.0,95.0
2021-11-10 03:00:00,-0.0,5092.55,2011.7429999999995,-0.0,-0.0,-0.0,0.0,100.0,189.9905
2021-11-10 04:00:00,-0.0,5160.76,2061.817,-0.0,-0.0,-0.0,0.0,100.0,284.97150095
2021-11-10 05:00:00,-0.0,5190.35,2160.0,-0.0,-0.0,-0.0,0.0,11.493000000000393,295.8613537999054
2021-11-10 06:00:00,-0.0,5171.7,2160.0,-0.0,161.5640000000003,-0.0,100.0,-0.0,190.56860976978857
2021-11-10 07:00:00,-0.0,5100.9800000000005,2160.0,-0.0,454.9269999999997,-0.0,100.0,-0.0,85.28639501407476
2021-11-10 08:00:00,174.3116998260158,4980.74,2160.0,-0.0,560.5733271181399,-0.0,81.01397305584469,-0.0,-0.0
2021-11-10 09:00:00,897.1026920990689,4819.73,2160.0,-0.0,124.47930790093142,-0.0,0.0,-0.0,-0.0
2021-11-10 10:00:00,1699.3973664926827,4631.79,1738.1536335073176,-0.0,-0.0,-0.0,0.0,100.0,95.0
2021-11-10 11:00:00,2302.575487974619,4434.13,1261.8365120253811,-0.0,-0.0,-0.0,0.0,100.0,189.9905
2021-11-10 12:00:00,2525.1352763534956,4245.110000000001,1158.3957236465035,-0.0,-0.0,-0.0,0.0,100.0,284.97150095
2021-11-10 13:00:00,2302.575487974619,4081.92,1508.3325120253812,-0.0,-0.0,-0.0,0.0,100.0,379.943003799905
2021-11-10 14:00:00,1699.3973664926827,3958.33,2160.0,-0.0,-0.0,-0.0,0.2386335073176724,-0.0,379.65381633392747
2021-11-10 15:00:00,897.1026920990689,3882.9900000000002,2160.0,-0.0,883.9953079009306,-0.0,100.0,-0.0,274.35269305755725
2021-11-10 16:00:00,174.3116998260158,3858.32,2160.0,-0.0,1819.7933001739843,-0.0,100.0,-0.0,169.0620998935147
2021-11-10 17:00:00,-0.0,3880.3300000000004,2160.0,-0.0,2205.573,-0.0,100.0,-0.0,63.78203578878852
2021-11-10 18:00:00,-0.0,3939.2500000000005,2160.0,-0.0,2405.392420019989,-0.0,41.49457998001107,-0.0,20.09715234309273
2021-11-10 19:00:00,-0.0,4020.89,2160.0,-0.0,2446.7270000000003,-0.0,0.0,-0.0,20.095142627858422
2021-11-10 20:00:00,-0.0,4108.67,2160.0,-0.0,2283.7980000000007,-0.0,0.0,-0.0,20.093133113595638
2021-11-10 21:00:00,-0.0,4185.92,2160.0,-0.0,2011.5529999999999,-0.0,0.0,-0.0,20.09112380028428
2021-11-10 22:00:00,-0.0,4238.14,2160.0,-0.0,1727.9899999999998,-0.0,0.0,-0.0,20.08911468790425
2021-11-10 23:00:00,-0.0,4255.04,2160.0,-0.0,1517.9740000000002,-0.0,0.0,-0.0,20.08710577643546
2021-11-11 00:00:00,-0.0,4244.84,2160.0,-0.0,925.3620000000001,-0.0,0.0,-0.0,20.085097065857816
2021-11-11 01:00:00,-0.0,4183.27,2160.0,-0.0,842.4309999999996,-0.0,0.0,-0.0,20.083088556151232
2021-11-11 02:00:00,-0.0,4090.82,2160.0,-0.0,837.5929999999994,-0.0,0.0,-0.0,20.081080247295617
2021-11-11 03:00:00,-0.0,3980.0400000000004,2160.0,-0.0,949.1189999999992,-0.0,0.0,-0.0,20.079072139270888
2021-11-11 04:00:00,-0.0,3866.76,2160.0,-0.0,1183.6139999999996,-0.0,0.0,-0.0,20.077064232056962
2021-11-11 05:00:00,-0.0,3767.85,2160.0,-0.0,1501.672,-0.0,0.0,-0.0,20.075056525633755
2021-11-11 06:00:00,-0.0,3698.94,2160.0,-0.0,1827.7930000000001,-0.0,0.0,-0.0,20.07304901998119
2021-11-11 07:00:00,-0.0,3672.21,2160.0,-0.0,2079.902,-0.0,0.0,-0.0,20.071041715079193
2021-11-11 08:00:00,154.67606475795725,3694.6400000000003,2160.0,-0.0,2046.1939352420427,-0.0,0.0,-0.0,20.069034610907686
2021-11-11 09:00:00,836.951231424624,3767.03,2160.0,-0.0,1338.7947685753757,-0.0,0.0,-0.0,20.067027707446595
2021-11-11 10:00:00,1599.9561521850378,3883.78,2160.0,-0.0,429.589847814962,-0.0,0.0,-0.0,20.065021004675852
2021-11-11 11:00:00,2175.094808591751,4033.48,1896.3941914082488,-0.0,-0.0,-0.0,0.0,100.0,115.06301450257538
2021-11-11 12:00:00,2387.5256405690316,4200.45,1449.4563594309684,-0.0,-0.0,-0.0,0.0,100.0,210.05150820112513
2021-11-11 13:00:00,2175.094808591751,4366.63,1462.178191408249,-0.0,-0.0,-0.0,0.0,100.0,305.030503050305
2021-11-11 14:00:00,1599.9561521850378,4513.99,1917.2958478149626,-0.0,-0.0,-0.0,0.0,100.0,400.0
2021-11-11 15:00:00,836.951231424624,4626.81,2160.0,-0.0,415.7197685753754,-0.0,0.0,-0.0,399.96
2021-11-11 16:00:00,154.67606475795725,4693.66,2160.0,-0.0,1221.511935242043,-0.0,0.0,-0.0,399.920004
2021-11-11 17:00:00,-0.0,4708.91,2160.0,-0.0,1596.3590000000004,-0.0,0.0,-0.0,399.8800119996
2021-11-11 18:00:00,-0.0,4673.280000000001,2160.0,-0.0,1834.0769999999993,-0.0,0.0,-0.0,399.84002399840006
2021-11-11 19:00:00,-0.0,4593.73,2160.0,-0.0,1996.8690000000006,-0.0,0.0,-0.0,399.80003999600024
2021-11-11 20:00:00,-0.0,4482.360000000001,2160.0,-0.0,2034.7600000000002,-0.0,0.0,-0.0,399.76005999200066
2021-11-11 21:00:00,-0.0,4354.71,2160.0,-0.0,1968.9900000000007,-0.0,0.0,-0.0,399.72008398600144
2021-11-11 22:00:00,-0.0,4227.6,2160.0,-0.0,1866.2369999999992,-0.0,0.0,-0.0,399.68011197760285
2021-11-11 23:00:00,-0.0,4116.77,2160.0,-0.0,1785.3349999999991,-0.0,0.0,-0.0,399.6401439664051
2021-11-12 00:00:00,-0.0,4047.4900000000002,2160.0,-0.0,1252.976,-0.0,0.0,-0.0,399.6001799520085
2021-11-12 01:00:00,-0.0,4001.63,2160.0,-0.0,1155.522,-0.0,0.0,-0.0,399.5602199340133
2021-11-12 02:00:00,-0.0,3993.48,2160.0,-0.0,1067.4720000000002,-0.0,0.0,-0.0,399.52026391201986
2021-11-12 03:00:00,-0.0,4018.25,2160.0,-0.0,1044.4340000000002,-0.0,0.0,-0.0,399.4803118856287
2021-11-12 04:00:00,-0.0,4065.57,2160.0,-0.0,1119.2149999999997,-0.0,0.0,-0.0,399.44036385444014
2021-11-12 05:00:00,-0.0,4120.889999999999,2160.0,-0.0,1283.8250000000007,-0.0,0.0,-0.0,399.4004198180547
2021-11-12 06:00:00,-0.0,4167.46,2160.0,-0.0,1495.1459999999997,-0.0,0.0,-0.0,399.36047977607285
2021-11-12 07:00:00,-0.0,4188.64,2160.0,-0.0,1699.92,-0.0,0.0,-0.0,399.32054372809523
2021-11-12 08:00:00,125.94654912496163,4170.22,2160.0,-0.0,1736.2634508750384,-0.0,0.0,-0.0,399.28061167372243
2021-11-12 09:00:00,718.1146675110022,4102.37,2160.0,-0.0,1259.5793324889983,-0.0,0.0,-0.0,399.2406836125551
2021-11-12 10:00:00,1385.3750733804115,3981.0899999999997,2160.0,-0.0,684.410926619589,-0.0,0.0,-0.0,399.20075954419383
2021-11-12 11:00:00,1889.6418408044215,3808.8,2160.0,-0.0,284.23515919557803,-0.0,0.0,-0.0,399.16083946823943
2021-11-12 12:00:00,2076.0848758827146,3594.1600000000003,2160.0,-0.0,244.94812411728526,-0.0,0.0,-0.0,399.1209233842926
2021-11-12 13:00:00,1889.6418408044215,3350.97,2160.0,-0.0,640.9991591955786,-0.0,0.0,-0.0,399.0810112919542
2021-11-12 14:00:00,1385.3750733804115,3096.4599999999996,2160.0,-0.0,1426.9579266195885,-0.0,0.0,-0.0,399.041103190825
2021-11-12 15:00:00,718.1146675110022,2849.05,2160.0,-0.0,2449.604332488998,-0.0,0.0,-0.0,399.00119908050596
2021-11-12 16:00:00,125.94654912496163,2626.0499999999997,2160.0,-0.0,3454.772450875039,-0.0,0.0,-0.0,398.9612989605979
2021-11-12 17:00:00,-0.0,2441.38,2160.0,400.33800000000065,3500.0,-0.0,100.0,-0.0,293.658244935965
2021-11-12 18:00:00,-0.0,2303.9100000000003,2160.0,739.3189999999995,3500.0,-0.0,100.0,-0.0,188.36572121673458
2021-11-12 19:00:00,-0.0,2216.33,2160.0,909.4619999999995,3500.0,-0.0,100.0,-0.0,83.08372674987608
2021-11-12 20:00:00,-0.0,2174.95,2160.0,897.65835254166,3500.0,-0.0,78.92164745834104,-0.0,-0.0
2021-11-12 21:00:00,-0.0,2170.35,2160.0,786.875,3500.0,-0.0,0.0,-0.0,-0.0
2021-11-12 22:00:00,-0.0,2188.7200000000003,2160.0,537.656,3500.0,-0.0,0.0,-0.0,-0.0
2021-11-12 23:00:00,-0.0,2213.92,2160.0,319.6370000000006,3500.0,-0.0,0.0,-0.0,-0.0
2021-11-13 00:00:00,-0.0,2242.44,2160.0,-0.0,2752.0260000000003,-0.0,0.0,-0.0,-0.0
2021-11-13 01:00:00,-0.0,2234.81,2160.0,-0.0,2615.056,-0.0,0.0,-0.0,-0.0
2021-11-13 02:00:00,-0.0,2193.96,2160.0,-0.0,2558.322,-0.0,0.0,-0.0,-0.0
2021-11-13 03:00:00,-0.0,2115.7000000000003,2160.0,-0.0,2636.8339999999994,-0.0,0.0,-0.0,-0.0
2021-11-13 04:00:00,-0.0,2002.08,2160.0,-0.0,2870.9790000000003,-0.0,0.0,-0.0,-0.0
2021-11-13 05:00:00,-0.0,1861.21,2160.0,-0.0,3230.1090000000004,-0.0,0.0,-0.0,-0.0
2021-11-13 06:00:00,-0.0,1706.1399999999999,2160.0,141.30700000000024,3500.0,-0.0,0.0,-0.0,-0.0
2021-11-13 07:00:00,-0.0,1553.17,2160.0,518.3789999999999,3500.0,-0.0,0.0,-0.0,-0.0
2021-11-13 08:00:00,107.85120548050355,1419.68,2160.0,685.9447945194961,3500.0,-0.0,0.0,-0.0,-0.0
2021-11-13 09:00:00,649.4299923498107,1321.72,2160.0,287.92900765018885,3500.0,-0.0,0.0,-0.0,-0.0
2021-11-13 10:00:00,1264.3697791423604,1271.8899999999999,2160.0,-0.0,3191.51522085764,-0.0,0.0,-0.0,-0.0
2021-11-13 11:00:00,1730.2956124501077,1277.5600000000002,2160.0,-0.0,2649.5183875498915,-0.0,0.0,-0.0,-0.0
2021-11-13 12:00:00,1902.7404790707196,1339.8799999999999,2160.0,-0.0,2344.98552092928,-0.0,0.0,-0.0,-0.0
2021-11-13 13:00:00,1730.2956124501077,1453.5,2160.0,-0.0,2367.864387549892,-0.0,0.0,-0.0,-0.0
2021-11-13 14:00:00,1264.3697791423604,1607.3100000000002,2160.0,-0.0,2704.71922085764,-0.0,0.0,-0.0,-0.0
2021-11-13 15:00:00,649.4299923498107,1785.7700000000002,2160.0,-0.0,3246.6560076501887,-0.0,0.0,-0.0,-0.0
2021-11-13 16:00:00,107.85120548050355,1970.99,2160.0,290.4207945194962,3500.0,-0.0,0.0,-0.0,-0.0
2021-11-13 17:00:00,-0.0,2144.99,2160.0,456.5550000000003,3500.0,-0.0,0.0,-0.0,-0.0
2021-11-13 18:00:00,-0.0,2292.07,2160.0,508.25099999999975,3500.0,-0.0,0.0,-0.0,-0.0
2021-11-13 19:00:00,-0.0,2400.77,2160.0,479.30999999999995,3500.0,-0.0,0.0,-0.0,-0.0
2021-11-13 20:00:00,-0.0,2465.33,2160.0,337.6200000000008,3500.0,-0.0,0.0,-0.0,-0.0
2021-11-13 21:00:00,-0.0,2486.33,2160.0,119.38299999999981,3500.0,-0.0,0.0,-0.0,-0.0
2021-11-13 22:00:00,-0.0,2470.48,2160.0,-0.0,3401.3920000000003,-0.0,0.0,-0.0,-0.0
2021-11-13 23:00:00,-0.0,2429.6,2160.0,-0.0,3246.403,-0.0,0.0,-0.0,-0.0
2021-11-14 00:00:00,-0.0,2391.55,2160.0,-0.0,2678.285,-0.0,0.0,-0.0,-0.0
2021-11-14 01:00:00,-0.0,2347.48,2160.0,-0.0,2574.597,-0.0,0.0,-0.0,-0.0
2021-11-14 02:00:00,-0.0,2325.31,2160.0,-0.0,2495.976,-0.0,0.0,-0.0,-0.0
2021-11-14 03:00:00,-0.0,2337.06,2160.0,-0.0,2481.2230000000004,-0.0,0.0,-0.0,-0.0
2021-11-14 04:00:00,-0.0,2389.7,2160.0,-0.0,2545.809,-0.0,0.0,-0.0,-0.0
2021-11-14 05:00:00,-0.0,2484.15,2160.0,-0.0,2666.279,-0.0,0.0,-0.0,-0.0
2021-11-14 06:00:00,-0.0,2615.0699999999997,2160.0,-0.0,2788.108,-0.0,0.0,-0.0,-0.0
2021-11-14 07:00:00,-0.0,2771.5,2160.0,-0.0,2852.3639999999996,-0.0,0.0,-0.0,-0.0
2021-11-14 08:00:00,114.5545537560127,2938.2799999999997,2160.0,-0.0,2709.5084462439872,-0.0,0.0,-0.0,-0.0
2021-11-14 09:00:00,730.2028746034184,3098.05,2160.0,-0.0,1976.214125396581,-0.0,0.0,-0.0,-0.0
2021-11-14 10:00:00,1434.6828824327094,3233.58,2160.0,-0.0,1101.3931175672906,-0.0,0.0,-0.0,-0.0
2021-11-14 11:00:00,1969.8232511513665,3330.0299999999997,2160.0,-0.0,395.87274884863336,-0.0,0.0,-0.0,-0.0
2021-11-14 12:00:00,2168.0834020315224,3377.0099999999998,2160.0,-0.0,77.3125979684778,-0.0,0.0,-0.0,-0.0
2021-11-14 13:00:00,1969.8232511513665,3369.93,2160.0,-0.0,243.13674884863394,-0.0,0.0,-0.0,-0.0
2021-11-14 14:00:00,1434.6828824327094,3310.69,2160.0,-0.0,858.6721175672906,-0.0,0.0,-0.0,-0.0
2021-11-14 15:00:00,730.2028746034184,3207.41,2160.0,-0.0,1768.2911253965822,-0.0,0.0,-0.0,-0.0
2021-11-14 16:00:00,114.5545537560127,3073.42,2160.0,-0.0,2701.729446243987,-0.0,0.0,-0.0,-0.0
2021-11-14 17:00:00,-0.0,2925.4999999999995,2160.0,-0.0,3192.8750000000005,-0.0,0.0,-0.0,-0.0
2021-11-14 18:00:00,-0.0,2781.71,2160.0,31.824999999999818,3500.0,-0.0,0.0,-0.0,-0.0
2021-11-14 19:00:00,-0.0,2658.97,2160.0,230.7090000000003,3500.0,-0.0,0.0,-0.0,-0.0
2021-11-14 20:00:00,-0.0,2570.9300000000003,2160.0,238.0059999999994,3500.0,-0.0,0.0,-0.0,-0.0
2021-11-14 21:00:00,-0.0,2526.21,2160.0,81.88300000000072,3500.0,-0.0,0.0,-0.0,-0.0
2021-11-14 22:00:00,-0.0,2527.31,2160.0,-0.0,3343.345,-0.0,0.0,-0.0,-0.0
2021-11-14 23:00:00,-0.0,2570.4100000000003,2160.0,-0.0,3100.7899999999995,-0.0,0.0,-0.0,-0.0
2021-11-15 00:00:00,-0.0,2658.54,2160.0,-0.0,2838.946,-0.0,0.0,-0.0,-0.0
2021-11-15 01:00:00,-0.0,2752.8,2160.0,-0.0,2593.3769999999995,-0.0,0.0,-0.0,-0.0
2021-11-15 02:00:00,-0.0,2849.61,2160.0,-0.0,2392.2449999999994,-0.0,0.0,-0.0,-0.0
2021-11-15 03:00:00,-0.0,2932.81,2160.0,-0.0,2302.537,-0.0,0.0,-0.0,-0.0
2021-11-15 04:00:00,-0.0,2988.52,2160.0,-0.0,2360.574,-0.0,0.0,-0.0,-0.0
2021-11-15 05:00:00,-0.0,3007.12,2160.0,-0.0,2553.446,-0.0,0.0,-0.0,-0.0
2021-11-15 06:00:00,-0.0,2984.62,2160.0,-0.0,2825.2790000000005,-0.0,0.0,-0.0,-0.0
2021-11-15 07:00:00,-0.0,2923.35,2160.0,-0.0,3103.855,-0.0,0.0,-0.0,-0.0
2021-11-15 08:00:00,131.79965653464336,2831.68,2160.0,-0.0,3198.864343465356,-0.0,0.0,-0.0,-0.0
2021-11-15 09:00:00,891.6870274536896,2722.98,2160.0,-0.0,2586.5019725463103,-0.0,0.0,-0.0,-0.0
2021-11-15 10:00:00,1768.0327523283188,2613.89,2160.0,-0.0,1781.1812476716807,-0.0,0.0,-0.0,-0.0
2021-11-15 11:00:00,2435.4163815116162,2522.12,2160.0,-0.0,1128.4296184883842,-0.0,0.0,-0.0,-0.0
2021-11-15 12:00:00,2682.9227297871257,2464.0899999999997,2160.0,-0.0,862.4762702128742,-0.0,0.0,-0.0,-0.0
2021-11-15 13:00:00,2435.4163815116162,2452.77,2160.0,-0.0,1078.6816184883842,-0.0,0.0,-0.0,-0.0
2021-11-15 14:00:00,1768.0327523283188,2495.88,2160.0,-0.0,1721.060247671681,-0.0,0.0,-0.0,-0.0
2021-11-15 15:00:00,891.6870274536896,2594.9100000000003,2160.0,-0.0,2597.2439725463105,-0.0,0.0,-0.0,-0.0
2021-11-15 16:00:00,131.79965653464336,2744.87,2160.0,-0.0,3388.0393434653574,-0.0,0.0,-0.0,-0.0
2021-11-15 17:00:00,-0.0,2934.9500000000003,2160.0,55.56100000000015,3500.0,-0.0,0.0,-0.0,-0.0
2021-11-15 18:00:00,-0.0,3149.9,2160.0,32.9680000000003,3500.0,-0.0,0.0,-0.0,-0.0
2021-11-15 19:00:00,-0.0,3372.08,2160.0,-0.0,3384.196,-0.0,0.0,-0.0,-0.0
2021-11-15 20:00:00,-0.0,3583.77,2160.0,-0.0,3089.097,-0.0,0.0,-0.0,-0.0
2021-11-15 21:00:00,-0.0,3769.4100000000003,2160.0,-0.0,2700.02,-0.0,0.0,-0.0,-0.0
2021-11-15 22:00:00,-0.0,3917.7200000000003,2160.0,-0.0,2311.7529999999997,-0.0,0.0,-0.0,-0.0
2021-11-15 23:00:00,-0.0,4023.01,2160.0,-0.0,2004.5659999999998,-0.0,0.0,-0.0,-0.0
2021-11-16 00:00:00,-0.0,4098.35,2160.0,-0.0,1316.87,-0.0,0.0,-0.0,-0.0
2021-11-16 01:00:00,-0.0,4125.59,2160.0,-0.0,1136.0370000000003,-0.0,0.0,-0.0,-0.0
2021-11-16 02:00:00,-0.0,4128.93,2160.0,-0.0,1026.1749999999993,-0.0,0.0,-0.0,-0.0
2021-11-16 03:00:00,-0.0,4123.49,2160.0,-0.0,1022.9890000000005,-0.0,0.0,-0.0,-0.0
2021-11-16 04:00:00,-0.0,4125.54,2160.0,-0.0,1132.656,-0.0,0.0,-0.0,-0.0
2021-11-16 05:00:00,-0.0,4150.18,2160.0,-0.0,1317.545,-0.0,0.0,-0.0,-0.0
2021-11-16 06:00:00,-0.0,4209.16,2160.0,-0.0,1506.0439999999999,-0.0,0.0,-0.0,-0.0
2021-11-16 07:00:00,-0.0,4309.17,2160.0,-0.0,1621.5789999999997,-0.0,0.0,-0.0,-0.0
2021-11-16 08:00:00,135.99541037253098,4450.81,2160.0,-0.0,1477.411589627469,-0.0,0.0,-0.0,-0.0
2021-11-16 09:00:00,979.1509356514176,4628.35,2160.0,-0.0,493.96606434858256,-0.0,0.0,-0.0,-0.0
2021-11-16 10:00:00,1959.2322073226899,4830.45,1432.2387926773106,-0.0,-0.0,-0.0,0.0,-0.0,-0.0
2021-11-16 11:00:00,2707.4934585764,5041.51,415.51761616536396,-0.0,-0.0,-0.0,0.0,21.121074741764055,20.065021004675852
2021-11-16 12:00:00,2985.2696139085056,5180.367386091494,-0.0,-0.0,-0.0,-0.0,0.0,100.0,115.06301450257538
2021-11-16 13:00:00,2707.4934585764,5414.335541423599,-0.0,-0.0,-0.0,-0.0,0.0,100.0,210.05150820112513
2021-11-16 14:00:00,1959.2322073226899,5553.209999999999,626.4047926773108,-0.0,-0.0,-0.0,0.0,100.0,305.030503050305
2021-11-16 15:00:00,979.1509356514176,5634.280000000001,1623.297064348581,-0.0,-0.0,-0.0,0.0,100.0,400.0
2021-11-16 16:00:00,135.99541037253098,5657.55,2160.0,-0.0,263.1655896274682,-0.0,100.0,-0.0,294.69684210526316
2021-11-16 17:00:00,-0.0,5624.42,2160.0,-0.0,657.3099999999995,-0.0,100.0,-0.0,189.4042145263158
2021-11-16 18:00:00,-0.0,5542.57,2160.0,-0.0,930.8369999999995,-0.0,100.0,-0.0,84.12211621012632
2021-11-16 19:00:00,-0.0,5424.900000000001,2160.0,-0.0,1141.430981201419,-0.0,79.90801879858006,-0.0,-0.0
2021-11-16 20:00:00,-0.0,5287.76,2160.0,-0.0,1274.598,-0.0,0.0,-0.0,-0.0
2021-11-16 21:00:00,-0.0,5148.81,2160.0,-0.0,1209.7439999999997,-0.0,0.0,-0.0,-0.0
2021-11-16 22:00:00,-0.0,5024.66,2160.0,-0.0,1093.674000000001,-0.0,0.0,-0.0,-0.0
2021-11-16 23:00:00,-0.0,4928.65,2160.0,-0.0,987.6290000000008,-0.0,0.0,-0.0,-0.0
2021-11-17 00:00:00,-0.0,4881.46,2160.0,-0.0,422.27899999999954,-0.0,0.0,-0.0,-0.0
2021-11-17 01:00:00,-0.0,4860.72,2160.0,-0.0,289.47899999999936,-0.0,0.0,-0.0,-0.0
2021-11-17 02:00:00,-0.0,4874.81,2160.0,-0.0,169.02399999999943,-0.0,0.0,-0.0,-0.0
2021-11-17 03:00:00,-0.0,4914.1,2160.0,-0.0,121.37099999999919,-0.0,0.0,-0.0,-0.0
2021-11-17 04:00:00,-0.0,4964.759999999999,2160.0,-0.0,182.79500000000098,-0.0,0.0,-0.0,-0.0
2021-11-17 05:00:00,-0.0,5010.66,2160.0,-0.0,346.89599999999973,-0.0,0.0,-0.0,-0.0
2021-11-17 06:00:00,-0.0,5035.74,2160.0,-0.0,569.8720000000003,-0.0,0.0,-0.0,-0.0
2021-11-17 07:00:00,-0.0,5026.27,2160.0,-0.0,795.5659999999998,-0.0,0.0,-0.0,-0.0
2021-11-17 08:00:00,123.83943045747623,4972.8099999999995,2160.0,-0.0,859.4375695425247,-0.0,0.0,-0.0,-0.0
2021-11-17 09:00:00,951.585880334664,4871.66,2160.0,-0.0,170.9761196653359,-0.0,0.0,-0.0,-0.0
2021-11-17 10:00:00,1921.4396169532292,4725.4400000000005,1516.4464564422933,-0.0,-0.0,-0.0,0.0,47.66407339552236,45.280869725746236
2021-11-17 11:00:00,2663.749182146147,4542.900000000001,931.5788178538523,-0.0,-0.0,-0.0,0.0,100.0,140.27634163877366
2021-11-17 12:00:00,2939.5784091188216,4337.81,784.2645908811783,-0.0,-0.0,-0.0,0.0,100.0,235.26231400460978
2021-11-17 13:00:00,2663.749182146147,4127.3,1228.081817853853,-0.0,-0.0,-0.0,0.0,100.0,330.2387877732093
2021-11-17 14:00:00,1921.4396169532292,3929.5600000000004,2160.0,-0.0,-0.0,-0.0,0.0,73.46761695322948,400.0
2021-11-17 15:00:00,951.585880334664,3761.57,2160.0,-0.0,1063.7371196653357,-0.0,100.0,-0.0,294.69684210526316
2021-11-17 16:00:00,123.83943045747623,3636.82,2160.0,-0.0,2197.792569542523,-0.0,100.0,-0.0,189.4042145263158
2021-11-17 17:00:00,-0.0,3563.67,2160.0,-0.0,2621.4709999999995,-0.0,100.0,-0.0,84.12211621012632
2021-11-17 18:00:00,-0.0,3544.19,2160.0,-0.0,2854.48198120142,-0.0,79.90801879858006,-0.0,-0.0
2021-11-17 19:00:00,-0.0,3574.01,2160.0,-0.0,2979.2559999999994,-0.0,0.0,-0.0,-0.0
2021-11-17 20:00:00,-0.0,3642.94,2160.0,-0.0,2828.3879999999995,-0.0,0.0,-0.0,-0.0
2021-11-17 21:00:00,-0.0,3736.35,2160.0,-0.0,2533.204,-0.0,0.0,-0.0,-0.0
2021-11-17 22:00:00,-0.0,3837.23,2160.0,-0.0,2194.221,-0.0,0.0,-0.0,-0.0
2021-11-17 23:00:00,-0.0,3928.42,2160.0,-0.0,1903.1769999999997,-0.0,0.0,-0.0,-0.0
2021-11-18 00:00:00,-0.0,4007.21,2160.0,-0.0,1213.9939999999997,-0.0,0.0,-0.0,-0.0
2021-11-18 01:00:00,-0.0,4038.3599999999997,2160.0,-0.0,1031.6680000000006,-0.0,0.0,-0.0,-0.0
2021-11-18 02:00:00,-0.0,4028.95,2160.0,-0.0,937.156,-0.0,0.0,-0.0,-0.0
2021-11-18 03:00:00,-0.0,3980.09,2160.0,-0.0,980.1729999999998,-0.0,0.0,-0.0,-0.0
2021-11-18 04:00:00,-0.0,3898.94,2160.0,-0.0,1176.0009999999997,-0.0,0.0,-0.0,-0.0
2021-11-18 05:00:00,-0.0,3797.65,2160.0,-0.0,1489.9569999999999,-0.0,0.0,-0.0,-0.0
2021-11-18 06:00:00,-0.0,3691.67,2160.0,-0.0,1846.7290000000003,-0.0,0.0,-0.0,-0.0
2021-11-18 07:00:00,-0.0,3597.5699999999997,2160.0,-0.0,2159.8560000000007,-0.0,0.0,-0.0,-0.0
2021-11-18 08:00:00,110.06922513048819,3530.67,2160.0,-0.0,2253.806774869512,-0.0,0.0,-0.0,-0.0
2021-11-18 09:00:00,905.3771376266504,3502.92,2160.0,-0.0,1527.3148623733496,-0.0,0.0,-0.0,-0.0
2021-11-18 10:00:00,1844.720781726538,3521.11,2160.0,-0.0,534.2142182734619,-0.0,0.0,-0.0,-0.0
2021-11-18 11:00:00,2565.460105823355,3585.92,1934.2808941766448,-0.0,-0.0,-0.0,0.0,100.0,95.0
2021-11-18 12:00:00,2833.538586352472,3691.62,1487.0314136475276,-0.0,-0.0,-0.0,0.0,100.0,189.9905
2021-11-18 13:00:00,2565.460105823355,3826.83,1580.5348941766447,-0.0,-0.0,-0.0,0.0,100.0,284.97150095
2021-11-18 14:00:00,1844.7207817265378,3975.8500000000004,2160.0,-0.0,-0.0,-0.0,0.0,86.13678172653795,366.772946440116
2021-11-18 15:00:00,905.3771376266504,4120.7300000000005,2160.0,-0.0,752.9025515211061,-0.0,58.04031085224317,-0.0,305.6412050904792
2021-11-18 16:00:00,110.06922513048819,4243.57,2160.0,-0.0,1668.2687748695125,-0.0,0.0,-0.0,305.6106409699702
2021-11-18 17:00:00,-0.0,4328.85,2160.0,-0.0,1923.0869999999995,-0.0,0.0,-0.0,305.58007990587316
2021-11-18 18:00:00,-0.0,4365.39,2160.0,-0.0,2083.365999999999,-0.0,0.0,-0.0,305.5495218978826
2021-11-18 19:00:00,-0.0,4347.84,2160.0,-0.0,2179.017,-0.0,0.0,-0.0,305.5189669456928
2021-11-18 20:00:00,-0.0,4277.28,2160.0,-0.0,2171.0870000000004,-0.0,0.0,-0.0,305.4884150489982
2021-11-18 21:00:00,-0.0,4161.02,2160.0,-0.0,2089.0519999999997,-0.0,0.0,-0.0,305.4578662074933
2021-11-18 22:00:00,-0.0,4011.6000000000004,2160.0,-0.0,2003.875,-0.0,0.0,-0.0,305.42732042087255
2021-11-18 23:00:00,-0.0,3845.0099999999998,2160.0,-0.0,1974.1420000000003,-0.0,0.0,-0.0,305.39677768883047
2021-11-19 00:00:00,-0.0,3690.64,2160.0,-0.0,1521.5300000000002,-0.0,0.0,-0.0,305.36623801106157
2021-11-19 01:00:00,-0.0,3540.4900000000002,2160.0,-0.0,1524.074,-0.0,0.0,-0.0,305.3357013872605
2021-11-19 02:00:00,-0.0,3419.64,2160.0,-0.0,1544.587,-0.0,0.0,-0.0,305.30516781712174
2021-11-19 03:00:00,-0.0,3336.1000000000004,2160.0,-0.0,1625.8809999999994,-0.0,0.0,-0.0,305.27463730034003
2021-11-19 04:00:00,-0.0,3291.83,2160.0,-0.0,1788.4350000000004,-0.0,0.0,-0.0,305.24410983661
2021-11-19 05:00:00,-0.0,3282.57,2160.0,-0.0,2013.9739999999997,-0.0,0.0,-0.0,305.2135854256263
2021-11-19 06:00:00,-0.0,3298.43,2160.0,-0.0,2252.521,-0.0,0.0,-0.0,305.18306406708376
2021-11-19 07:00:00,-0.0,3325.3100000000004,2160.0,-0.0,2448.2839999999997,-0.0,0.0,-0.0,305.15254576067707
2021-11-19 08:00:00,102.2075777044315,3346.92,2160.0,-0.0,2465.1984222955684,-0.0,0.0,-0.0,305.122030506101
2021-11-19 09:00:00,902.8880266861122,3347.02,2160.0,-0.0,1709.0909733138876,-0.0,0.0,-0.0,305.0915183030504
2021-11-19 10:00:00,1856.2421615750695,3311.77,2160.0,-0.0,759.0168384249309,-0.0,0.0,-0.0,305.0610091512201
2021-11-19 11:00:00,2589.5132966942997,3231.6699999999996,2160.0,-0.0,35.045703305700954,-0.0,0.0,-0.0,305.030503050305
2021-11-19 12:00:00,2862.5083874475495,3103.0,2080.819612552451,-0.0,-0.0,-0.0,0.0,100.0,400.0
2021-11-19 13:00:00,2589.5132966942997,2928.42,2160.0,-0.0,232.58170330570056,-0.0,0.0,-0.0,399.96
2021-11-19 14:00:00,1856.2421615750695,2716.7599999999998,2160.0,-0.0,1202.650838424931,-0.0,0.0,-0.0,399.920004
2021-11-19 15:00:00,902.8880266861122,2481.94,2160.0,-0.0,2496.9469733138876,-0.0,0.0,-0.0,399.8800119996
2021-11-19 16:00:00,102.2075777044315,2241.24,2160.0,126.66442229556787,3500.0,-0.0,100.0,-0.0,294.57686610366324
2021-11-19 17:00:00,-0.0,2013.11,2160.0,690.4800000000005,3500.0,-0.0,100.0,-0.0,189.28425052231603
2021-11-19 18:00:00,-0.0,1814.78,2160.0,1089.0440000000008,3500.0,-0.0,100.0,-0.0,84.00216420252697
2021-11-19 19:00:00,-0.0,1660.07,2160.0,1345.4409242131987,3500.0,-0.0,79.79407578680139,-0.0,-0.0
2021-11-19 20:00:00,-0.0,1557.6599999999999,2160.0,1452.496000000001,3500.0,-0.0,0.0,-0.0,-0.0
2021-11-19 21:00:00,-0.0,1510.02,2160.0,1305.1399999999994,3500.0,-0.0,0.0,-0.0,-0.0
2021-11-19 22:00:00,-0.0,1513.19,2160.0,1070.6269999999986,3500.0,-0.0,0.0,-0.0,-0.0
2021-11-19 23:00:00,-0.0,1557.3799999999999,2160.0,833.3209999999999,3500.0,-0.0,0.0,-0.0,-0.0
2021-11-20 00:00:00,-0.0,1640.44,2160.0,-0.0,3210.145,-0.0,0.0,-0.0,-0.0
2021-11-20 01:00:00,-0.0,1721.78,2160.0,-0.0,2984.303,-0.0,0.0,-0.0,-0.0
2021-11-20 02:00:00,-0.0,1796.71,2160.0,-0.0,2812.0860000000002,-0.0,0.0,-0.0,-0.0
2021-11-20 03:00:00,-0.0,1850.7299999999998,2160.0,-0.0,2758.812000000001,-0.0,0.0,-0.0,-0.0
2021-11-20 04:00:00,-0.0,1873.52,2160.0,-0.0,2857.2369999999996,-0.0,0.0,-0.0,-0.0
2021-11-20 05:00:00,-0.0,1860.3500000000001,2160.0,-0.0,3089.5549999999994,-0.0,0.0,-0.0,-0.0
2021-11-20 06:00:00,-0.0,1812.75,2160.0,-0.0,3394.366,-0.0,0.0,-0.0,-0.0
2021-11-20 07:00:00,-0.0,1738.25,2160.0,194.2439999999997,3500.0,-0.0,0.0,-0.0,-0.0
2021-11-20 08:00:00,92.16487762255656,1649.35,2160.0,334.37812237744356,3500.0,-0.0,0.0,-0.0,-0.0
2021-11-20 09:00:00,877.4547346996214,1561.82,2160.0,-0.0,3183.8842653003785,-0.0,0.0,-0.0,-0.0
2021-11-20 10:00:00,1820.0822801146253,1492.49,2160.0,-0.0,2281.135719885375,-0.0,0.0,-0.0,-0.0
2021-11-20 11:00:00,2546.859546591956,1456.8999999999999,2160.0,-0.0,1521.591453408044,-0.0,0.0,-0.0,-0.0
2021-11-20 12:00:00,2817.6920681864704,1467.1699999999998,2160.0,-0.0,1172.9529318135292,-0.0,0.0,-0.0,-0.0
2021-11-20 13:00:00,2546.859546591956,1530.23,2160.0,-0.0,1347.1954534080437,-0.0,0.0,-0.0,-0.0
2021-11-20 14:00:00,1820.0822801146253,1646.78,2160.0,-0.0,1984.762719885375,-0.0,0.0,-0.0,-0.0
2021-11-20 15:00:00,877.4547346996214,1811.1399999999999,2160.0,-0.0,2871.2692653003783,-0.0,0.0,-0.0,-0.0
2021-11-20 16:00:00,92.16487762255656,2011.82,2160.0,146.2461223774435,3500.0,-0.0,0.0,-0.0,-0.0
2021-11-20 17:00:00,-0.0,2233.05,2160.0,252.60199999999986,3500.0,-0.0,0.0,-0.0,-0.0
2021-11-20 18:00:00,-0.0,2456.69,2160.0,231.04999999999973,3500.0,-0.0,0.0,-0.0,-0.0
2021-11-20 19:00:00,-0.0,2664.61,2160.0,106.37199999999984,3500.0,-0.0,0.0,-0.0,-0.0
2021-11-20 20:00:00,-0.0,2840.98,2160.0,-0.0,3356.5230000000006,-0.0,0.0,-0.0,-0.0
2021-11-20 21:00:00,-0.0,2974.31,2160.0,-0.0,3029.7729999999997,-0.0,0.0,-0.0,-0.0
2021-11-20 22:00:00,-0.0,3058.8199999999997,2160.0,-0.0,2715.4000000000005,-0.0,0.0,-0.0,-0.0
2021-11-20 23:00:00,-0.0,3095.1600000000003,2160.0,-0.0,2487.328,-0.0,0.0,-0.0,-0.0
2021-11-21 00:00:00,-0.0,3102.06,2160.0,-0.0,1877.5980000000004,-0.0,0.0,-0.0,-0.0
2021-11-21 01:00:00,-0.0,3067.74,2160.0,-0.0,1768.6040000000003,-0.0,0.0,-0.0,-0.0
2021-11-21 02:00:00,-0.0,3019.52,2160.0,-0.0,1720.6240000000003,-0.0,0.0,-0.0,-0.0
2021-11-21 03:00:00,-0.0,2974.1,2160.0,-0.0,1767.7760000000003,-0.0,0.0,-0.0,-0.0
2021-11-21 04:00:00,-0.0,2947.1000000000004,2160.0,-0.0,1916.8769999999995,-0.0,0.0,-0.0,-0.0
2021-11-21 05:00:00,-0.0,2950.88,2160.0,-0.0,2133.027,-0.0,0.0,-0.0,-0.0
2021-11-21 06:00:00,-0.0,2992.8100000000004,2160.0,-0.0,2348.9879999999994,-0.0,0.0,-0.0,-0.0
2021-11-21 07:00:00,-0.0,3074.23,2160.0,-0.0,2493.5220000000004,-0.0,0.0,-0.0,-0.0
2021-11-21 08:00:00,73.37332225463106,3190.24,2160.0,-0.0,2448.0086777453694,-0.0,0.0,-0.0,-0.0
2021-11-21 09:00:00,755.5683937672707,3330.34,2160.0,-0.0,1673.3476062327295,-0.0,0.0,-0.0,-0.0
2021-11-21 10:00:00,1581.146113320029,3479.84,2160.0,-0.0,669.0818866799711,-0.0,0.0,-0.0,-0.0
2021-11-21 11:00:00,2219.1841103008906,3621.87,2080.8148896991092,-0.0,-0.0,-0.0,0.0,100.0,95.0
2021-11-21 12:00:00,2457.171457578549,3739.6400000000003,1657.5735424214508,-0.0,-0.0,-0.0,0.0,100.0,189.9905
2021-11-21 13:00:00,2219.1841103008906,3818.82,1782.7988896991092,-0.0,-0.0,-0.0,0.0,100.0,284.97150095
2021-11-21 14:00:00,1581.146113320029,3849.42,2160.0,-0.0,57.41888667997068,-0.0,100.0,-0.0,179.67984590516818
2021-11-21 15:00:00,755.5683937672707,3827.31,2160.0,-0.0,1013.0826062327296,-0.0,100.0,-0.0,74.39872002584083
2021-11-21 16:00:00,73.37332225463106,3754.7599999999998,2160.0,-0.0,1987.155961599223,-0.0,70.67171614614634,-0.0,-0.0
2021-11-21 17:00:00,-0.0,3640.28,2160.0,-0.0,2480.6299999999997,-0.0,0.0,-0.0,-0.0
2021-11-21 18:00:00,-0.0,3497.5099999999998,2160.0,-0.0,2824.9110000000005,-0.0,0.0,-0.0,-0.0
2021-11-21 19:00:00,-0.0,3343.53,2160.0,-0.0,3061.454,-0.0,0.0,-0.0,-0.0
2021-11-21 20:00:00,-0.0,3196.62,2160.0,-0.0,3134.102,-0.0,0.0,-0.0,-0.0
2021-11-21 21:00:00,-0.0,3073.8900000000003,2160.0,-0.0,3062.526999999999,-0.0,0.0,-0.0,-0.0
2021-11-21 22:00:00,-0.0,2989.1499999999996,2160.0,-0.0,2916.4180000000006,-0.0,0.0,-0.0,-0.0
2021-11-21 23:00:00,-0.0,2951.06,2160.0,-0.0,2761.689,-0.0,0.0,-0.0,-0.0
2021-11-22 00:00:00,-0.0,2973.94,2160.0,-0.0,2570.789,-0.0,0.0,-0.0,-0.0
2021-11-22 01:00:00,-0.0,3030.3999999999996,2160.0,-0.0,2369.7290000000003,-0.0,0.0,-0.0,-0.0
2021-11-22 02:00:00,-0.0,3122.61,2160.0,-0.0,2179.935,-0.0,0.0,-0.0,-0.0
2021-11-22 03:00:00,-0.0,3236.6,2160.0,-0.0,2066.1969999999997,-0.0,0.0,-0.0,-0.0
2021-11-22 04:00:00,-0.0,3356.0499999999997,2160.0,-0.0,2067.2720000000004,-0.0,0.0,-0.0,-0.0
2021-11-22 05:00:00,-0.0,3464.58,2160.0,-0.0,2177.0029999999997,-0.0,0.0,-0.0,-0.0
2021-11-22 06:00:00,-0.0,3547.99,2160.0,-0.0,2349.7210000000005,-0.0,0.0,-0.0,-0.0
2021-11-22 07:00:00,-0.0,3596.32,2160.0,-0.0,2525.4919999999997,-0.0,0.0,-0.0,-0.0
2021-11-22 08:00:00,53.53436871865726,3605.2200000000003,2160.0,-0.0,2604.985631281342,-0.0,0.0,-0.0,-0.0
2021-11-22 09:00:00,598.6188588680791,3576.6,2160.0,-0.0,2134.1241411319215,-0.0,0.0,-0.0,-0.0
2021-11-22 10:00:00,1263.6797285845873,3518.37,2160.0,-0.0,1495.9882714154132,-0.0,0.0,-0.0,-0.0
2021-11-22 11:00:00,1778.8702427847716,3443.46,2160.0,-0.0,985.3077572152292,-0.0,0.0,-0.0,-0.0
2021-11-22 12:00:00,1971.2033522669126,3368.01,2160.0,-0.0,798.656647733088,-0.0,0.0,-0.0,-0.0
2021-11-22 13:00:00,1778.8702427847716,3309.24,2160.0,-0.0,1013.8137572152295,-0.0,0.0,-0.0,-0.0
2021-11-22 14:00:00,1263.6797285845873,3283.09,2160.0,-0.0,1579.893271415413,-0.0,0.0,-0.0,-0.0
2021-11-22 15:00:00,598.6188588680791,3301.9900000000002,2160.0,-0.0,2331.5111411319212,-0.0,0.0,-0.0,-0.0
2021-11-22 16:00:00,53.53436871865726,3373.2000000000003,2160.0,-0.0,2992.7916312813422,-0.0,0.0,-0.0,-0.0
2021-11-22 17:00:00,-0.0,3497.73,2160.0,-0.0,3154.0789999999993,-0.0,0.0,-0.0,-0.0
2021-11-22 18:00:00,-0.0,3670.14,2160.0,-0.0,3180.444000000001,-0.0,0.0,-0.0,-0.0
2021-11-22 19:00:00,-0.0,3879.18,2160.0,-0.0,3051.1639999999993,-0.0,0.0,-0.0,-0.0
2021-11-22 20:00:00,-0.0,4109.23,2160.0,-0.0,2743.983,-0.0,0.0,-0.0,-0.0
2021-11-22 21:00:00,-0.0,4342.28,2160.0,-0.0,2313.697000000001,-0.0,0.0,-0.0,-0.0
2021-11-22 22:00:00,-0.0,4560.29,2160.0,-0.0,1861.8460000000005,-0.0,0.0,-0.0,-0.0
2021-11-22 23:00:00,-0.0,4747.46,2160.0,-0.0,1478.8059999999996,-0.0,0.0,-0.0,-0.0
2021-11-23 00:00:00,-0.0,4903.92,2160.0,-0.0,714.9189999999999,-0.0,0.0,-0.0,-0.0
2021-11-23 01:00:00,-0.0,5000.55,2160.0,-0.0,470.53200000000015,-0.0,0.0,-0.0,-0.0
2021-11-23 02:00:00,-0.0,5049.5199999999995,2160.0,-0.0,320.77000000000044,-0.0,0.0,-0.0,-0.0
2021-11-23 03:00:00,-0.0,5057.5,2160.0,-0.0,309.78799999999956,-0.0,0.0,-0.0,-0.0
2021-11-23 04:00:00,-0.0,5036.29,2160.0,-0.0,448.22400000000016,-0.0,0.0,-0.0,-0.0
2021-11-23 05:00:00,-0.0,5001.07,2160.0,-0.0,698.3640000000005,-0.0,0.0,-0.0,-0.0
2021-11-23 06:00:00,-0.0,4968.25,2160.0,-0.0,983.933,-0.0,0.0,-0.0,-0.0
2021-11-23 07:00:00,-0.0,4953.11,2160.0,-0.0,1219.759000000001,-0.0,0.0,-0.0,-0.0
2021-11-23 08:00:00,44.255653182888146,4967.67,2160.0,-0.0,1299.4213468171115,-0.0,0.0,-0.0,-0.0
2021-11-23 09:00:00,539.613375012793,5018.9,2160.0,-0.0,794.9586249872071,-0.0,0.0,-0.0,-0.0
2021-11-23 10:00:00,1148.9588233548257,5107.75,2160.0,-0.0,61.952176645174404,-0.0,0.0,-0.0,-0.0
2021-11-23 11:00:00,1622.07473702794,5228.9,1622.7321017355448,-0.0,-0.0,-0.0,0.0,68.97583876348493,65.52704682531068
2021-11-23 12:00:00,1798.857064297411,5371.43,1261.1239357025888,-0.0,-0.0,-0.0,0.0,100.0,160.52049412062814
2021-11-23 13:00:00,1622.07473702794,5520.22,1249.6002629720601,-0.0,-0.0,-0.0,0.0,100.0,255.5044420712161
2021-11-23 14:00:00,1148.9588233548257,5657.96,1606.1311766451736,-0.0,-0.0,-0.0,0.0,100.0,350.478891627009
2021-11-23 15:00:00,539.613375012793,5767.46,2160.0,-0.0,-0.0,-0.0,0.0,52.16437501279336,400.0
2021-11-23 16:00:00,44.255653182888146,5833.98,2160.0,-0.0,499.4871300510685,-0.0,60.98621676604449,-0.0,335.7639823515321
2021-11-23 17:00:00,-0.0,5847.16,2160.0,-0.0,820.2199999999993,-0.0,0.0,-0.0,335.73040595329695
2021-11-23 18:00:00,-0.0,5802.509999999999,2160.0,-0.0,1060.0300000000016,-0.0,0.0,-0.0,335.6968329127016
2021-11-23 19:00:00,-0.0,5701.99,2160.0,-0.0,1236.6930000000011,-0.0,0.0,-0.0,335.66326322941035
2021-11-23 20:00:00,-0.0,5553.820000000001,2160.0,-0.0,1304.12,-0.0,0.0,-0.0,335.6296969030874
2021-11-23 21:00:00,-0.0,5371.42,2160.0,-0.0,1285.6769999999997,-0.0,0.0,-0.0,335.5961339333971
2021-11-23 22:00:00,-0.0,5171.67,2160.0,-0.0,1247.9899999999998,-0.0,0.0,-0.0,335.56257432000376
2021-11-23 23:00:00,-0.0,4972.7,2160.0,-0.0,1247.505,-0.0,0.0,-0.0,335.52901806257177
2021-11-24 00:00:00,-0.0,4803.07,2160.0,-0.0,805.9800000000005,-0.0,0.0,-0.0,335.4954651607655
2021-11-24 01:00:00,-0.0,4653.5199999999995,2160.0,-0.0,804.2210000000005,-0.0,0.0,-0.0,335.4619156142494
2021-11-24 02:00:00,-0.0,4544.26,2160.0,-0.0,809.1599999999999,-0.0,0.0,-0.0,335.428369422688
2021-11-24 03:00:00,-0.0,4477.92,2160.0,-0.0,868.991,-0.0,0.0,-0.0,335.3948265857457
2021-11-24 04:00:00,-0.0,4450.79,2160.0,-0.0,1009.8689999999997,-0.0,0.0,-0.0,335.36128710308714
2021-11-24 05:00:00,-0.0,4453.47,2160.0,-0.0,1218.6599999999999,-0.0,0.0,-0.0,335.32775097437684
2021-11-24 06:00:00,-0.0,4472.2699999999995,2160.0,-0.0,1449.1930000000002,-0.0,0.0,-0.0,335.2942181992794
2021-11-24 07:00:00,-0.0,4491.18,2160.0,-0.0,1647.5900000000001,-0.0,0.0,-0.0,335.26068877745945
2021-11-24 08:00:00,45.40163000204688,4494.17,2160.0,-0.0,1734.3363699979525,-0.0,0.0,-0.0,335.2271627085817
2021-11-24 09:00:00,606.437378134275,4467.48,2160.0,-0.0,1238.8156218657255,-0.0,0.0,-0.0,335.19363999231086
2021-11-24 10:00:00,1302.2486258315425,4401.6,2160.0,-0.0,570.8193741684568,-0.0,0.0,-0.0,335.16012062831163
2021-11-24 11:00:00,1843.7041893869618,4292.6900000000005,2160.0,-0.0,61.1358106130383,-0.0,0.0,-0.0,335.1266046162488
2021-11-24 12:00:00,2046.1970610991712,4143.18,2160.0,-0.0,-0.0,-0.0,0.0,68.32306109917135,400.0
2021-11-24 13:00:00,1843.7041893869618,3961.58,2160.0,-0.0,273.14881061303913,-0.0,0.0,-0.0,399.96
2021-11-24 14:00:00,1302.2486258315425,3761.3999999999996,2160.0,-0.0,1032.888374168458,-0.0,0.0,-0.0,399.920004
2021-11-24 15:00:00,606.437378134275,3559.3999999999996,2160.0,-0.0,2029.5676218657259,-0.0,0.0,-0.0,399.8800119996
2021-11-24 16:00:00,45.40163000204688,3373.43,2160.0,-0.0,2957.4413699979527,-0.0,0.0,-0.0,399.84002399840006
2021-11-24 17:00:00,-0.0,3220.04,2160.0,-0.0,3382.0350000000008,-0.0,0.0,-0.0,399.80003999600024
2021-11-24 18:00:00,-0.0,3112.32,2160.0,82.11200000000053,3500.0,-0.0,100.0,-0.0,294.49690209726384
2021-11-24 19:00:00,-0.0,3058.14,2160.0,209.70000000000027,3500.0,-0.0,100.0,-0.0,189.2042945123173
2021-11-24 20:00:00,-0.0,3059.1200000000003,2160.0,125.31100000000015,3500.0,-0.0,100.0,-0.0,83.92221618812921
2021-11-24 21:00:00,-0.0,3110.42,2160.0,-0.0,3470.5740000000005,-0.0,0.0,-0.0,83.9138239665104
2021-11-24 22:00:00,-0.0,3201.3599999999997,2160.0,-0.0,3139.6770000000006,-0.0,0.0,-0.0,83.90543258411375
2021-11-24 23:00:00,-0.0,3316.8399999999997,2160.0,-0.0,2822.2999999999997,-0.0,0.0,-0.0,83.89704204085534
2021-11-25 00:00:00,-0.0,3450.74,2160.0,-0.0,2074.719,-0.0,0.0,-0.0,83.88865233665125
2021-11-25 01:00:00,-0.0,3562.71,2160.0,-0.0,1809.156,-0.0,0.0,-0.0,83.88026347141758
2021-11-25 02:00:00,-0.0,3648.75,2160.0,-0.0,1616.594,-0.0,0.0,-0.0,83.87187544507044
2021-11-25 03:00:00,-0.0,3697.69,2160.0,-0.0,1559.0279999999998,-0.0,0.0,-0.0,83.86348825752594
2021-11-25 04:00:00,-0.0,3704.02,2160.0,-0.0,1664.4150000000004,-0.0,0.0,-0.0,83.85510190870019
2021-11-25 05:00:00,-0.0,3668.5,2160.0,-0.0,1909.464,-0.0,0.0,-0.0,83.84671639850933
2021-11-25 06:00:00,-0.0,3598.0299999999997,2160.0,-0.0,2227.4130000000005,-0.0,0.0,-0.0,83.83833172686948
2021-11-25 07:00:00,-0.0,3504.51,2160.0,-0.0,2536.477999999999,-0.0,0.0,-0.0,83.8299478936968
2021-11-25 08:00:00,47.21301271620101,3403.21,2160.0,-0.0,2724.0329872837992,-0.0,0.0,-0.0,83.82156489890743
2021-11-25 09:00:00,694.1970222853342,3310.56,2160.0,-0.0,2206.948977714666,-0.0,0.0,-0.0,83.81318274241754
2021-11-25 10:00:00,1503.1765614573742,3241.82,2160.0,-0.0,1427.1644385426257,-0.0,0.0,-0.0,83.80480142414329
2021-11-25 11:00:00,2134.0922508955077,3208.89,2160.0,-0.0,750.6567491044916,-0.0,0.0,-0.0,83.79642094400089
2021-11-25 12:00:00,2370.23740963054,3218.62,2160.0,-0.0,427.0185903694605,-0.0,0.0,-0.0,83.78804130190649
2021-11-25 13:00:00,2134.0922508955077,3271.76,2160.0,-0.0,566.2157491044923,-0.0,0.0,-0.0,83.7796624977763
2021-11-25 14:00:00,1503.1765614573742,3362.7400000000002,2160.0,-0.0,1123.1694385426258,-0.0,0.0,-0.0,83.77128453152652
2021-11-25 15:00:00,694.1970222853342,3480.36,2160.0,-0.0,1912.4099777146662,-0.0,0.0,-0.0,83.76290740307337
2021-11-25 16:00:00,47.21301271620101,3609.1800000000003,2160.0,-0.0,2610.5569872837996,-0.0,0.0,-0.0,83.75453111233307
2021-11-25 17:00:00,-0.0,3731.55,2160.0,-0.0,2760.418999999999,-0.0,0.0,-0.0,83.74615565922184
2021-11-25 18:00:00,-0.0,3829.9,2160.0,-0.0,2853.7460000000005,-0.0,0.0,-0.0,83.73778104365591
2021-11-25 19:00:00,-0.0,3889.07,2160.0,-0.0,2867.407999999999,-0.0,0.0,-0.0,83.72940726555154
2021-11-25 20:00:00,-0.0,3898.32,2160.0,-0.0,2774.2769999999996,-0.0,0.0,-0.0,83.72103432482498
2021-11-25 21:00:00,-0.0,3852.7200000000003,2160.0,-0.0,2616.0729999999994,-0.0,0.0,-0.0,83.7126622213925
2021-11-25 22:00:00,-0.0,3753.8100000000004,2160.0,-0.0,2474.763,-0.0,0.0,-0.0,83.70429095517036
2021-11-25 23:00:00,-0.0,3609.3999999999996,2160.0,-0.0,2417.1180000000004,-0.0,0.0,-0.0,83.69592052607484
2021-11-26 00:00:00,-0.0,3443.73,2160.0,-0.0,1968.8899999999999,-0.0,0.0,-0.0,83.68755093402224
2021-11-26 01:00:00,-0.0,3250.81,2160.0,-0.0,2008.27,-0.0,0.0,-0.0,83.67918217892884
2021-11-26 02:00:00,-0.0,3059.65,2160.0,-0.0,2093.065,-0.0,0.0,-0.0,83.67081426071096
2021-11-26 03:00:00,-0.0,2886.95,2160.0,-0.0,2257.402,-0.0,0.0,-0.0,83.66244717928488
2021-11-26 04:00:00,-0.0,2746.1400000000003,2160.0,-0.0,2510.2959999999994,-0.0,0.0,-0.0,83.65408093456695
2021-11-26 05:00:00,-0.0,2645.67,2160.0,-0.0,2820.767,-0.0,0.0,-0.0,83.6457155264735
2021-11-26 06:00:00,-0.0,2587.93,2160.0,-0.0,3126.5630000000006,-0.0,0.0,-0.0,83.63735095492085
2021-11-26 07:00:00,-0.0,2569.0099999999998,2160.0,-0.0,3361.707,-0.0,0.0,-0.0,83.62898721982536
2021-11-26 08:00:00,44.29878134274896,2579.36,2160.0,-0.0,3441.3092186572517,-0.0,0.0,-0.0,83.62062432110338
2021-11-26 09:00:00,720.7146794340396,2605.2,2160.0,-0.0,2777.1883205659597,-0.0,0.0,-0.0,83.61226225867127
2021-11-26 10:00:00,1573.4200115392491,2630.47,2160.0,-0.0,1860.653988460751,-0.0,0.0,-0.0,83.60390103244539
2021-11-26 11:00:00,2239.860982371303,2639.12,2160.0,-0.0,1108.1280176286973,-0.0,0.0,-0.0,83.59554064234214
2021-11-26 12:00:00,2489.5114163084645,2617.4500000000003,2160.0,-0.0,803.5725836915349,-0.0,0.0,-0.0,83.58718108827792
2021-11-26 13:00:00,2239.860982371303,2556.0699999999997,2160.0,-0.0,1072.0810176286968,-0.0,0.0,-0.0,83.57882237016909
2021-11-26 14:00:00,1573.4200115392491,2451.25,2160.0,-0.0,1861.7429884607504,-0.0,0.0,-0.0,83.57046448793207
2021-11-26 15:00:00,720.7146794340396,2305.64,2160.0,-0.0,2959.419320565961,-0.0,0.0,-0.0,83.56210744148328
2021-11-26 16:00:00,44.29878134274896,2127.96,2160.0,415.6981549880493,3500.0,-0.0,79.37606366920217,-0.0,-0.0
2021-11-26 17:00:00,-0.0,1932.0,2160.0,962.0220000000008,3500.0,-0.0,0.0,-0.0,-0.0
2021-11-26 18:00:00,-0.0,1734.82,2160.0,1352.6409999999996,3500.0,-0.0,0.0,-0.0,-0.0
2021-11-26 19:00:00,-0.0,1554.6,2160.0,1607.5470000000005,3500.0,-0.0,0.0,-0.0,-0.0
2021-11-26 20:00:00,-0.0,1408.27,2160.0,1671.9390000000003,3500.0,-0.0,0.0,-0.0,-0.0
2021-11-26 21:00:00,-0.0,1309.28,2160.0,1569.1549999999997,3500.0,-0.0,0.0,-0.0,-0.0
2021-11-26 22:00:00,-0.0,1265.91,2160.0,1374.4220000000005,3500.0,-0.0,0.0,-0.0,-0.0
2021-11-26 23:00:00,-0.0,1280.1799999999998,2160.0,1160.2980000000007,3500.0,-0.0,0.0,-0.0,-0.0
2021-11-27 00:00:00,-0.0,1358.75,2160.0,33.79699999999957,3500.0,-0.0,0.0,-0.0,-0.0
2021-11-27 01:00:00,-0.0,1469.1299999999999,2160.0,-0.0,3272.241,-0.0,0.0,-0.0,-0.0
2021-11-27 02:00:00,-0.0,1607.72,2160.0,-0.0,3029.7289999999994,-0.0,0.0,-0.0,-0.0
2021-11-27 03:00:00,-0.0,1757.4,2160.0,-0.0,2874.2059999999997,-0.0,0.0,-0.0,-0.0
2021-11-27 04:00:00,-0.0,1900.92,2160.0,-0.0,2845.3630000000003,-0.0,0.0,-0.0,-0.0
2021-11-27 05:00:00,-0.0,2023.22,2160.0,-0.0,2935.7299999999996,-0.0,0.0,-0.0,-0.0
2021-11-27 06:00:00,-0.0,2113.44,2160.0,-0.0,3096.302,-0.0,0.0,-0.0,-0.0
2021-11-27 07:00:00,-0.0,2166.2999999999997,2160.0,-0.0,3262.4690000000005,-0.0,0.0,-0.0,-0.0
2021-11-27 08:00:00,40.17696149319415,2182.79,2160.0,-0.0,3342.922038506806,-0.0,0.0,-0.0,-0.0
2021-11-27 09:00:00,727.4734782007984,2169.94,2160.0,-0.0,2709.5415217992013,-0.0,0.0,-0.0,-0.0
2021-11-27 10:00:00,1600.941938696142,2139.79,2160.0,-0.0,1830.656061303858,-0.0,0.0,-0.0,-0.0
2021-11-27 11:00:00,2285.0284880769627,2107.67,2160.0,-0.0,1104.304511923037,-0.0,0.0,-0.0,-0.0
2021-11-27 12:00:00,2541.4931712721323,2090.0,2160.0,-0.0,792.0398287278681,-0.0,0.0,-0.0,-0.0
2021-11-27 13:00:00,2285.0284880769627,2101.98,2160.0,-0.0,997.1595119230369,-0.0,0.0,-0.0,-0.0
2021-11-27 14:00:00,1600.941938696142,2155.4100000000003,2160.0,-0.0,1649.4240613038576,-0.0,0.0,-0.0,-0.0
2021-11-27 15:00:00,727.4734782007984,2256.9700000000003,2160.0,-0.0,2523.9485217992014,-0.0,0.0,-0.0,-0.0
2021-11-27 16:00:00,40.17696149319415,2407.18,2160.0,-0.0,3245.893038506806,-0.0,0.0,-0.0,-0.0
2021-11-27 17:00:00,-0.0,2600.19,2160.0,-0.0,3323.0899999999997,-0.0,0.0,-0.0,-0.0
2021-11-27 18:00:00,-0.0,2824.4700000000003,2160.0,-0.0,3295.629,-0.0,0.0,-0.0,-0.0
2021-11-27 19:00:00,-0.0,3064.1800000000003,2160.0,-0.0,3134.0190000000002,-0.0,0.0,-0.0,-0.0
2021-11-27 20:00:00,-0.0,3301.24,2160.0,-0.0,2818.4699999999993,-0.0,0.0,-0.0,-0.0
2021-11-27 21:00:00,-0.0,3517.6200000000003,2160.0,-0.0,2403.7949999999996,-0.0,0.0,-0.0,-0.0
2021-11-27 22:00:00,-0.0,3697.62,2160.0,-0.0,1989.1980000000003,-0.0,0.0,-0.0,-0.0
2021-11-27 23:00:00,-0.0,3829.96,2160.0,-0.0,1660.5339999999997,-0.0,0.0,-0.0,-0.0
2021-11-28 00:00:00,-0.0,3920.1000000000004,2160.0,-0.0,961.991,-0.0,0.0,-0.0,-0.0
2021-11-28 01:00:00,-0.0,3947.0499999999997,2160.0,-0.0,787.4340000000007,-0.0,0.0,-0.0,-0.0
2021-11-28 02:00:00,-0.0,3928.95,2160.0,-0.0,705.1970000000001,-0.0,0.0,-0.0,-0.0
2021-11-28 03:00:00,-0.0,3878.19,2160.0,-0.0,753.7109999999998,-0.0,0.0,-0.0,-0.0
2021-11-28 04:00:00,-0.0,3810.6299999999997,2160.0,-0.0,939.5550000000007,-0.0,0.0,-0.0,-0.0
2021-11-28 05:00:00,-0.0,3743.39,2160.0,-0.0,1223.074,-0.0,0.0,-0.0,-0.0
2021-11-28 06:00:00,-0.0,3692.57,2160.0,-0.0,1528.3020000000001,-0.0,0.0,-0.0,-0.0
2021-11-28 07:00:00,-0.0,3671.0,2160.0,-0.0,1772.5150000000003,-0.0,0.0,-0.0,-0.0
2021-11-28 08:00:00,38.59970307542729,3686.54,2160.0,-0.0,1859.1072969245731,-0.0,0.0,-0.0,-0.0
2021-11-28 09:00:00,782.5542995087504,3741.02,2160.0,-0.0,1105.3447004912496,-0.0,0.0,-0.0,-0.0
2021-11-28 10:00:00,1735.668148935626,3830.0299999999997,2160.0,-0.0,31.25085106437382,-0.0,0.0,-0.0,-0.0
2021-11-28 11:00:00,2483.6583088987827,3943.53,1358.9616911012167,-0.0,-0.0,-0.0,0.0,100.0,95.0
2021-11-28 12:00:00,2764.29324511309,4067.2999999999997,884.65575488691,-0.0,-0.0,-0.0,0.0,100.0,189.9905
2021-11-28 13:00:00,2483.6583088987827,4184.88,1011.8976911012169,-0.0,-0.0,-0.0,0.0,100.0,284.97150095
2021-11-28 14:00:00,1735.668148935626,4279.91,1689.9958510643737,-0.0,-0.0,-0.0,0.0,100.0,379.943003799905
2021-11-28 15:00:00,782.5542995087504,4338.389999999999,2160.0,-0.0,330.75170049125006,-0.0,100.0,-0.0,274.6418516047882
2021-11-28 16:00:00,38.59970307542729,4350.7,2160.0,-0.0,1250.7332969245733,-0.0,100.0,-0.0,169.35122952489093
2021-11-28 17:00:00,-0.0,4312.96,2160.0,-0.0,1560.5510000000004,-0.0,100.0,-0.0,64.07113650720162
2021-11-28 18:00:00,-0.0,4227.7,2160.0,-0.0,1885.1835070761276,-0.0,60.86149292387335,-0.0,-0.0
2021-11-28 19:00:00,-0.0,4103.58,2160.0,-0.0,2151.6450000000004,-0.0,0.0,-0.0,-0.0
2021-11-28 20:00:00,-0.0,3954.41,2160.0,-0.0,2225.6659999999993,-0.0,0.0,-0.0,-0.0
2021-11-28 21:00:00,-0.0,3797.33,2160.0,-0.0,2187.751,-0.0,0.0,-0.0,-0.0
2021-11-28 22:00:00,-0.0,3650.62,2160.0,-0.0,2103.1180000000004,-0.0,0.0,-0.0,-0.0
2021-11-28 23:00:00,-0.0,3531.39,2160.0,-0.0,2029.2320000000004,-0.0,0.0,-0.0,-0.0
2021-11-29 00:00:00,-0.0,3464.1499999999996,2160.0,-0.0,1927.1990000000005,-0.0,0.0,-0.0,-0.0
2021-11-29 01:00:00,-0.0,3435.8,2160.0,-0.0,1811.0469999999996,-0.0,0.0,-0.0,-0.0
2021-11-29 02:00:00,-0.0,3459.5,2160.0,-0.0,1690.0600000000004,-0.0,0.0,-0.0,-0.0
2021-11-29 03:00:00,-0.0,3531.14,2160.0,-0.0,1619.1650000000004,-0.0,0.0,-0.0,-0.0
2021-11-29 04:00:00,-0.0,3640.83,2160.0,-0.0,1630.6909999999998,-0.0,0.0,-0.0,-0.0
2021-11-29 05:00:00,-0.0,3774.2799999999997,2160.0,-0.0,1716.3890000000001,-0.0,0.0,-0.0,-0.0
2021-11-29 06:00:00,-0.0,3914.7799999999997,2160.0,-0.0,1833.0990000000002,-0.0,0.0,-0.0,-0.0
2021-11-29 07:00:00,-0.0,4045.5299999999997,2160.0,-0.0,1927.728,-0.0,0.0,-0.0,-0.0
2021-11-29 08:00:00,37.10253981168765,4151.92,2160.0,-0.0,1927.6334601883132,-0.0,0.0,-0.0,-0.0
2021-11-29 09:00:00,847.9181063606592,4223.53,2160.0,-0.0,1092.4748936393416,-0.0,0.0,-0.0,-0.0
2021-11-29 10:00:00,1894.9958937928564,4255.53,2160.0,-0.0,-0.0,-0.0,0.0,16.053893792856343,15.251199103213525
2021-11-29 11:00:00,2718.3432713642414,4249.34,1358.4317286357582,-0.0,-0.0,-0.0,0.0,100.0,110.24967398330321
2021-11-29 12:00:00,3027.479760080852,4212.41,1018.6882399191495,-0.0,-0.0,-0.0,0.0,100.0,205.23864901590488
2021-11-29 13:00:00,2718.3432713642414,4157.17,1349.5357286357576,-0.0,-0.0,-0.0,0.0,100.0,300.2181251510033
2021-11-29 14:00:00,1894.9958937928564,4099.3099999999995,2160.0,-0.0,-0.0,-0.0,0.0,1.916893792855717,302.00915244170113
2021-11-29 15:00:00,847.9181063606592,4055.58,2160.0,-0.0,1097.1298936393414,-0.0,100.0,-0.0,196.71579363172015
2021-11-29 16:00:00,37.10253981168765,4041.5,2160.0,-0.0,2112.392460188313,-0.0,100.0,-0.0,91.43296415762013
2021-11-29 17:00:00,-0.0,4069.11,2160.0,-0.0,2370.453370181855,-0.0,86.85262981814417,-0.0,-0.0
2021-11-29 18:00:00,-0.0,4145.3,2160.0,-0.0,2583.2030000000004,-0.0,0.0,-0.0,-0.0
2021-11-29 19:00:00,-0.0,4270.75,2160.0,-0.0,2540.995999999999,-0.0,0.0,-0.0,-0.0
2021-11-29 20:00:00,-0.0,4439.74,2160.0,-0.0,2298.527,-0.0,0.0,-0.0,-0.0
2021-11-29 21:00:00,-0.0,4640.8,2160.0,-0.0,1904.0459999999994,-0.0,0.0,-0.0,-0.0
2021-11-29 22:00:00,-0.0,4858.12,2160.0,-0.0,1456.8640000000005,-0.0,0.0,-0.0,-0.0
2021-11-29 23:00:00,-0.0,5073.58,2160.0,-0.0,1049.6710000000003,-0.0,0.0,-0.0,-0.0
2021-11-30 00:00:00,-0.0,5279.7300000000005,2160.0,-0.0,239.20799999999963,-0.0,0.0,-0.0,-0.0
2021-11-30 01:00:00,-0.0,5439.429999999999,2160.0,-0.0,-0.0,-0.0,0.0,63.805999999999585,60.615699999999606
2021-11-30 02:00:00,-0.0,5551.88,1987.5429999999997,-0.0,-0.0,-0.0,0.0,100.0,155.60963842999962
2021-11-30 03:00:00,-0.0,5611.35,1929.8059999999996,-0.0,-0.0,-0.0,0.0,100.0,250.59407746615662
2021-11-30 04:00:00,-0.0,5618.54,2044.7160000000003,-0.0,-0.0,-0.0,0.0,100.0,345.56901805841
2021-11-30 05:00:00,-0.0,5580.34,2160.0,-0.0,-0.0,-0.0,42.84699999999975,-0.0,300.4323558934465
2021-11-30 06:00:00,-0.0,5508.83,2160.0,-0.0,272.2470000000003,-0.0,100.0,-0.0,195.13915476312036
2021-11-30 07:00:00,-0.0,5419.509999999999,2160.0,-0.0,587.5219999999999,-0.0,100.0,-0.0,89.8564829529072
2021-11-30 08:00:00,31.65606933783646,5329.17,2160.0,-0.0,804.7208082227821,-0.0,85.35512243938132,-0.0,-0.0
2021-11-30 09:00:00,821.5976065141747,5253.5,2160.0,-0.0,223.43839348582537,-0.0,0.0,-0.0,-0.0
2021-11-30 10:00:00,1849.7852599273365,5204.97,1387.7153151133298,-0.0,-0.0,-0.0,0.0,13.122575040667328,12.46644628863396
2021-11-30 11:00:00,2659.818358433119,5191.0599999999995,610.2706415668808,-0.0,-0.0,-0.0,0.0,100.0,107.4651996440051
2021-11-30 12:00:00,2964.1737825708733,5213.21,216.28021742912733,-0.0,-0.0,-0.0,0.0,100.0,202.4544531240407
2021-11-30 13:00:00,2659.818358433119,5266.650000000001,433.6136415668807,-0.0,-0.0,-0.0,0.0,100.0,297.4342076787283
2021-11-30 14:00:00,1849.7852599273365,5340.99,1196.4897400726632,-0.0,-0.0,-0.0,0.0,100.0,392.4044642579604
2021-11-30 15:00:00,821.5976065141747,5421.679999999999,2160.0,-0.0,-0.0,-0.0,0.0,8.036606514174082,400.0
2021-11-30 16:00:00,31.65606933783646,5491.96,2160.0,-0.0,901.6239306621633,-0.0,0.0,-0.0,399.96
2021-11-30 17:00:00,-0.0,5535.2,2160.0,-0.0,1124.9890000000005,-0.0,0.0,-0.0,399.920004
2021-11-30 18:00:00,-0.0,5537.18,2160.0,-0.0,1324.5209999999988,-0.0,0.0,-0.0,399.8800119996
2021-11-30 19:00:00,-0.0,5488.09,2160.0,-0.0,1456.173999999999,-0.0,0.0,-0.0,399.84002399840006
2021-11-30 20:00:00,-0.0,5383.91,2160.0,-0.0,1486.0920000000006,-0.0,0.0,-0.0,399.80003999600024
2021-11-30 21:00:00,-0.0,5227.08,2160.0,-0.0,1448.6170000000002,-0.0,0.0,-0.0,399.76005999200066
2021-11-30 22:00:00,-0.0,5026.24,2160.0,-0.0,1418.6080000000002,-0.0,0.0,-0.0,399.72008398600144
2021-11-30 23:00:00,-0.0,4795.19,2160.0,-0.0,1456.8380000000006,-0.0,0.0,-0.0,399.68011197760285
2021-12-01 00:00:00,-0.0,4561.69,2160.0,-0.0,1084.6550000000007,-0.0,0.0,-0.0,399.6401439664051
2021-12-01 01:00:00,-0.0,4323.1,2160.0,-0.0,1178.6449999999995,-0.0,0.0,-0.0,399.6001799520085
2021-12-01 02:00:00,-0.0,4107.24,2160.0,-0.0,1296.9210000000003,-0.0,0.0,-0.0,399.5602199340133
2021-12-01 03:00:00,-0.0,3928.05,2160.0,-0.0,1476.3629999999994,-0.0,0.0,-0.0,399.52026391201986
2021-12-01 04:00:00,-0.0,3794.3500000000004,2160.0,-0.0,1730.5879999999997,-0.0,0.0,-0.0,399.4803118856287
2021-12-01 05:00:00,-0.0,3708.8399999999997,2160.0,-0.0,2034.359,-0.0,0.0,-0.0,399.44036385444014
2021-12-01 06:00:00,-0.0,3667.82,2160.0,-0.0,2331.507,-0.0,0.0,-0.0,399.4004198180547
2021-12-01 07:00:00,-0.0,3661.83,2160.0,-0.0,2561.598,-0.0,0.0,-0.0,399.36047977607285
2021-12-01 08:00:00,23.27688399345001,3677.07,2160.0,-0.0,2665.0091160065494,-0.0,0.0,-0.0,399.32054372809523
2021-12-01 09:00:00,691.6093326936856,3697.35,2160.0,-0.0,2021.9996673063151,-0.0,0.0,-0.0,399.28061167372243
2021-12-01 10:00:00,1568.300082847201,3706.4399999999996,2160.0,-0.0,1104.9139171527997,-0.0,0.0,-0.0,399.2406836125551
2021-12-01 11:00:00,2260.23595732269,3690.29,2160.0,-0.0,358.7280426773109,-0.0,0.0,-0.0,399.20075954419383
2021-12-01 12:00:00,2520.403501100195,3639.0899999999997,2160.0,-0.0,79.99249889980592,-0.0,0.0,-0.0,399.16083946823943
2021-12-01 13:00:00,2260.23595732269,3548.62,2160.0,-0.0,394.684042677311,-0.0,0.0,-0.0,399.1209233842926
2021-12-01 14:00:00,1568.300082847201,3420.94,2160.0,-0.0,1239.0389171527993,-0.0,0.0,-0.0,399.0810112919542
2021-12-01 15:00:00,691.6093326936856,3264.1,2160.0,-0.0,2378.026667306315,-0.0,0.0,-0.0,399.041103190825
2021-12-01 16:00:00,23.27688399345001,3091.16,2160.0,-0.0,3406.70511600655,-0.0,0.0,-0.0,399.00119908050596
2021-12-01 17:00:00,-0.0,2918.42,2160.0,235.0049999999992,3500.0,-0.0,100.0,-0.0,293.6981410658611
2021-12-01 18:00:00,-0.0,2763.23,2160.0,588.9700000000012,3500.0,-0.0,100.0,-0.0,188.40561335701767
2021-12-01 19:00:00,-0.0,2641.64,2160.0,790.3199999999997,3500.0,-0.0,100.0,-0.0,83.12361490094513
2021-12-01 20:00:00,-0.0,2566.25,2160.0,809.6194625875178,3500.0,-0.0,78.95953741248228,-0.0,-0.0
2021-12-01 21:00:00,-0.0,2544.44,2160.0,713.1530000000002,3500.0,-0.0,0.0,-0.0,-0.0
2021-12-01 22:00:00,-0.0,2577.35,2160.0,446.4020000000005,3500.0,-0.0,0.0,-0.0,-0.0
2021-12-01 23:00:00,-0.0,2659.67,2160.0,168.21199999999953,3500.0,-0.0,0.0,-0.0,-0.0
2021-12-02 00:00:00,-0.0,2790.66,2160.0,-0.0,2928.25,-0.0,0.0,-0.0,-0.0
2021-12-02 01:00:00,-0.0,2934.0899999999997,2160.0,-0.0,2637.0630000000006,-0.0,0.0,-0.0,-0.0
2021-12-02 02:00:00,-0.0,3082.46,2160.0,-0.0,2387.901,-0.0,0.0,-0.0,-0.0
2021-12-02 03:00:00,-0.0,3217.83,2160.0,-0.0,2249.5290000000005,-0.0,0.0,-0.0,-0.0
2021-12-02 04:00:00,-0.0,3324.56,2160.0,-0.0,2260.025,-0.0,0.0,-0.0,-0.0
2021-12-02 05:00:00,-0.0,3391.23,2160.0,-0.0,2408.275,-0.0,0.0,-0.0,-0.0
2021-12-02 06:00:00,-0.0,3412.15,2160.0,-0.0,2640.1030000000005,-0.0,0.0,-0.0,-0.0
2021-12-02 07:00:00,-0.0,3387.9700000000003,2160.0,-0.0,2884.969,-0.0,0.0,-0.0,-0.0
2021-12-02 08:00:00,16.487279398219222,3325.48,2160.0,-0.0,3069.4507206017806,-0.0,0.0,-0.0,-0.0
2021-12-02 09:00:00,565.8907466994167,3236.5899999999997,2160.0,-0.0,2651.0622533005835,-0.0,0.0,-0.0,-0.0
2021-12-02 10:00:00,1292.088863601474,3136.61,2160.0,-0.0,1990.0331363985258,-0.0,0.0,-0.0,-0.0
2021-12-02 11:00:00,1866.2602169941665,3042.04,2160.0,-0.0,1436.500783005833,-0.0,0.0,-0.0,-0.0
2021-12-02 12:00:00,2082.283008571283,2968.31,2160.0,-0.0,1220.888991428717,-0.0,0.0,-0.0,-0.0
2021-12-02 13:00:00,1866.2602169941665,2927.5,2160.0,-0.0,1438.2057830058338,-0.0,0.0,-0.0,-0.0
2021-12-02 14:00:00,1292.088863601474,2926.73,2160.0,-0.0,2034.3011363985268,-0.0,0.0,-0.0,-0.0
2021-12-02 15:00:00,565.8907466994167,2967.0299999999997,2160.0,-0.0,2822.059253300583,-0.0,0.0,-0.0,-0.0
2021-12-02 16:00:00,16.487279398219222,3043.18,2160.0,-0.0,3479.112720601782,-0.0,0.0,-0.0,-0.0
2021-12-02 17:00:00,-0.0,3144.3399999999997,2160.0,123.11000000000104,3500.0,-0.0,0.0,-0.0,-0.0
2021-12-02 18:00:00,-0.0,3255.49,2160.0,207.1200000000008,3500.0,-0.0,0.0,-0.0,-0.0
2021-12-02 19:00:00,-0.0,3359.39,2160.0,179.36400000000094,3500.0,-0.0,0.0,-0.0,-0.0
2021-12-02 20:00:00,-0.0,3438.9399999999996,2160.0,19.071000000000822,3500.0,-0.0,0.0,-0.0,-0.0
2021-12-02 21:00:00,-0.0,3479.4599999999996,2160.0,-0.0,3277.708,-0.0,0.0,-0.0,-0.0
2021-12-02 22:00:00,-0.0,3470.65,2160.0,-0.0,3049.0799999999995,-0.0,0.0,-0.0,-0.0
2021-12-02 23:00:00,-0.0,3408.08,2160.0,-0.0,2912.196,-0.0,0.0,-0.0,-0.0
2021-12-03 00:00:00,-0.0,3303.97,2160.0,-0.0,2403.5760000000005,-0.0,0.0,-0.0,-0.0
2021-12-03 01:00:00,-0.0,3146.16,2160.0,-0.0,2410.077,-0.0,0.0,-0.0,-0.0
2021-12-03 02:00:00,-0.0,2958.31,2160.0,-0.0,2493.606,-0.0,0.0,-0.0,-0.0
2021-12-03 03:00:00,-0.0,2757.3199999999997,2160.0,-0.0,2688.0870000000004,-0.0,0.0,-0.0,-0.0
2021-12-03 04:00:00,-0.0,2561.3399999999997,2160.0,-0.0,2997.815,-0.0,0.0,-0.0,-0.0
2021-12-03 05:00:00,-0.0,2387.4300000000003,2160.0,-0.0,3383.196,-0.0,0.0,-0.0,-0.0
2021-12-03 06:00:00,-0.0,2249.35,2160.0,270.6089999999999,3500.0,-0.0,0.0,-0.0,-0.0
2021-12-03 07:00:00,-0.0,2155.7799999999997,2160.0,581.4859999999999,3500.0,-0.0,0.0,-0.0,-0.0
2021-12-03 08:00:00,13.277312071435883,2109.35,2160.0,749.7766879285646,3500.0,-0.0,0.0,-0.0,-0.0
2021-12-03 09:00:00,531.4005411421554,2106.3,2160.0,273.529458857844,3500.0,-0.0,0.0,-0.0,-0.0
2021-12-03 10:00:00,1221.3956484239077,2137.21,2160.0,-0.0,3014.5583515760927,-0.0,0.0,-0.0,-0.0
2021-12-03 11:00:00,1767.8602396888757,2188.32,2160.0,-0.0,2339.8457603111246,-0.0,0.0,-0.0,-0.0
2021-12-03 12:00:00,1973.5938845563405,2243.59,2160.0,-0.0,2002.3661154436586,-0.0,0.0,-0.0,-0.0
2021-12-03 13:00:00,1767.8602396888757,2286.91,2160.0,-0.0,2122.1587603111248,-0.0,0.0,-0.0,-0.0
2021-12-03 14:00:00,1221.3956484239077,2304.44,2160.0,-0.0,2669.197351576092,-0.0,0.0,-0.0,-0.0
2021-12-03 15:00:00,531.4005411421554,2286.61,2160.0,-0.0,3475.8904588578444,-0.0,0.0,-0.0,-0.0
2021-12-03 16:00:00,13.277312071435883,2229.48,2160.0,732.0116879285652,3500.0,-0.0,0.0,-0.0,-0.0
2021-12-03 17:00:00,-0.0,2135.39,2160.0,1065.1810000000005,3500.0,-0.0,0.0,-0.0,-0.0
2021-12-03 18:00:00,-0.0,2012.73,2160.0,1380.1980000000003,3500.0,-0.0,0.0,-0.0,-0.0
2021-12-03 19:00:00,-0.0,1874.8999999999999,2160.0,1591.4359999999997,3500.0,-0.0,0.0,-0.0,-0.0
2021-12-03 20:00:00,-0.0,1738.5500000000002,2160.0,1644.3769999999995,3500.0,-0.0,0.0,-0.0,-0.0
2021-12-03 21:00:00,-0.0,1621.39,2160.0,1558.0999999999995,3500.0,-0.0,0.0,-0.0,-0.0
2021-12-03 22:00:00,-0.0,1539.8500000000001,2160.0,1399.682999999999,3500.0,-0.0,0.0,-0.0,-0.0
2021-12-03 23:00:00,-0.0,1506.8899999999999,2160.0,1230.746000000001,3500.0,-0.0,0.0,-0.0,-0.0
2021-12-04 00:00:00,-0.0,1540.27,2160.0,145.93300000000045,3500.0,-0.0,0.0,-0.0,-0.0
2021-12-04 01:00:00,-0.0,1621.39,2160.0,-0.0,3411.2199999999993,-0.0,0.0,-0.0,-0.0
2021-12-04 02:00:00,-0.0,1755.28,2160.0,-0.0,3170.8070000000007,-0.0,0.0,-0.0,-0.0
2021-12-04 03:00:00,-0.0,1931.1200000000001,2160.0,-0.0,2986.3420000000006,-0.0,0.0,-0.0,-0.0
2021-12-04 04:00:00,-0.0,2133.66,2160.0,-0.0,2895.5190000000002,-0.0,0.0,-0.0,-0.0
2021-12-04 05:00:00,-0.0,2345.23,2160.0,-0.0,2893.4770000000003,-0.0,0.0,-0.0,-0.0
2021-12-04 06:00:00,-0.0,2548.09,2160.0,-0.0,2938.0969999999998,-0.0,0.0,-0.0,-0.0
2021-12-04 07:00:00,-0.0,2726.6800000000003,2160.0,-0.0,2975.0519999999997,-0.0,0.0,-0.0,-0.0
2021-12-04 08:00:00,11.68773132228022,2869.68,2160.0,-0.0,2953.8322686777196,-0.0,0.0,-0.0,-0.0
2021-12-04 09:00:00,551.7385490993759,2971.41,2160.0,-0.0,2349.3014509006243,-0.0,0.0,-0.0,-0.0
2021-12-04 10:00:00,1276.205378441306,3032.49,2160.0,-0.0,1524.2086215586946,-0.0,0.0,-0.0,-0.0
2021-12-04 11:00:00,1850.8942697523285,3059.6099999999997,2160.0,-0.0,843.8787302476717,-0.0,0.0,-0.0,-0.0
2021-12-04 12:00:00,2067.379148756525,3064.54,2160.0,-0.0,544.700851243475,-0.0,0.0,-0.0,-0.0
2021-12-04 13:00:00,1850.8942697523285,3062.39,2160.0,-0.0,719.5277302476716,-0.0,0.0,-0.0,-0.0
2021-12-04 14:00:00,1276.205378441306,3069.4100000000003,2160.0,-0.0,1304.2136215586934,-0.0,0.0,-0.0,-0.0
2021-12-04 15:00:00,551.7385490993759,3100.7000000000003,2160.0,-0.0,2095.272450900624,-0.0,0.0,-0.0,-0.0
2021-12-04 16:00:00,11.68773132228022,3168.0199999999995,2160.0,-0.0,2747.9862686777205,-0.0,0.0,-0.0,-0.0
2021-12-04 17:00:00,-0.0,3278.06,2160.0,-0.0,2874.653,-0.0,0.0,-0.0,-0.0
2021-12-04 18:00:00,-0.0,3431.4,2160.0,-0.0,2912.9899999999993,-0.0,0.0,-0.0,-0.0
2021-12-04 19:00:00,-0.0,3622.3300000000004,2160.0,-0.0,2794.8919999999994,-0.0,0.0,-0.0,-0.0
2021-12-04 20:00:00,-0.0,3839.5,2160.0,-0.0,2493.8410000000003,-0.0,0.0,-0.0,-0.0
2021-12-04 21:00:00,-0.0,4067.3199999999997,2160.0,-0.0,2062.2170000000006,-0.0,0.0,-0.0,-0.0
2021-12-04 22:00:00,-0.0,4287.99,2160.0,-0.0,1601.3270000000002,-0.0,0.0,-0.0,-0.0
2021-12-04 23:00:00,-0.0,4483.82,2160.0,-0.0,1203.442,-0.0,0.0,-0.0,-0.0
2021-12-05 00:00:00,-0.0,4649.37,2160.0,-0.0,422.3609999999999,-0.0,0.0,-0.0,-0.0
2021-12-05 01:00:00,-0.0,4754.01,2160.0,-0.0,164.18099999999959,-0.0,0.0,-0.0,-0.0
2021-12-05 02:00:00,-0.0,4802.54,2160.0,-0.0,9.286000000000058,-0.0,0.0,-0.0,-0.0
2021-12-05 03:00:00,-0.0,4796.389999999999,2160.0,-0.0,7.07300000000032,-0.0,0.0,-0.0,-0.0
2021-12-05 04:00:00,-0.0,4743.23,2160.0,-0.0,172.317,-0.0,0.0,-0.0,-0.0
2021-12-05 05:00:00,-0.0,4655.9400000000005,2160.0,-0.0,469.60799999999927,-0.0,0.0,-0.0,-0.0
2021-12-05 06:00:00,-0.0,4550.87,2160.0,-0.0,822.7340000000004,-0.0,0.0,-0.0,-0.0
2021-12-05 07:00:00,-0.0,4445.67,2160.0,-0.0,1144.1580000000004,-0.0,0.0,-0.0,-0.0
2021-12-05 08:00:00,9.722319465766043,4356.93,2160.0,-0.0,1357.4266805342334,-0.0,0.0,-0.0,-0.0
2021-12-05 09:00:00,548.3499079674548,4297.95,2160.0,-0.0,915.9140920325453,-0.0,0.0,-0.0,-0.0
2021-12-05 10:00:00,1276.0390269675572,4277.08,2160.0,-0.0,170.5359730324426,-0.0,0.0,-0.0,-0.0
2021-12-05 11:00:00,1854.1596875703617,4296.57,1755.4903124296388,-0.0,-0.0,-0.0,0.0,100.0,95.0
2021-12-05 12:00:00,2072.0616346842703,4352.41,1405.1733653157303,-0.0,-0.0,-0.0,0.0,100.0,189.9905
2021-12-05 13:00:00,1854.1596875703617,4434.96,1498.0033124296378,-0.0,-0.0,-0.0,0.0,100.0,284.97150095
2021-12-05 14:00:00,1276.0390269675572,4530.29,1999.1949730324432,-0.0,-0.0,-0.0,0.0,100.0,379.943003799905
2021-12-05 15:00:00,548.3499079674548,4622.26,2160.0,-0.0,374.2750920325452,-0.0,100.0,-0.0,274.6418516047882
2021-12-05 16:00:00,9.722319465766043,4694.71,2160.0,-0.0,1022.0116805342343,-0.0,100.0,-0.0,169.35122952489093
2021-12-05 17:00:00,-0.0,4733.85,2160.0,-0.0,1219.2829999999994,-0.0,100.0,-0.0,64.07113650720162
2021-12-05 18:00:00,-0.0,4730.17,2160.0,-0.0,1455.541507076127,-0.0,60.86149292387335,-0.0,-0.0
2021-12-05 19:00:00,-0.0,4679.860000000001,2160.0,-0.0,1641.3979999999992,-0.0,0.0,-0.0,-0.0
2021-12-05 20:00:00,-0.0,4585.47,2160.0,-0.0,1653.8499999999995,-0.0,0.0,-0.0,-0.0
2021-12-05 21:00:00,-0.0,4455.63,2160.0,-0.0,1581.9160000000002,-0.0,0.0,-0.0,-0.0
2021-12-05 22:00:00,-0.0,4304.03,2160.0,-0.0,1495.4130000000005,-0.0,0.0,-0.0,-0.0
2021-12-05 23:00:00,-0.0,4147.68,2160.0,-0.0,1451.9089999999997,-0.0,0.0,-0.0,-0.0
2021-12-06 00:00:00,-0.0,4014.37,2160.0,-0.0,1407.924,-0.0,0.0,-0.0,-0.0
2021-12-06 01:00:00,-0.0,3901.52,2160.0,-0.0,1369.5980000000004,-0.0,0.0,-0.0,-0.0
2021-12-06 02:00:00,-0.0,3832.2400000000002,2160.0,-0.0,1334.9549999999995,-0.0,0.0,-0.0,-0.0
2021-12-06 03:00:00,-0.0,3814.74,2160.0,-0.0,1346.612,-0.0,0.0,-0.0,-0.0
2021-12-06 04:00:00,-0.0,3850.98,2160.0,-0.0,1425.0499999999997,-0.0,0.0,-0.0,-0.0
2021-12-06 05:00:00,-0.0,3936.4500000000003,2160.0,-0.0,1552.2469999999998,-0.0,0.0,-0.0,-0.0
2021-12-06 06:00:00,-0.0,4060.8300000000004,2160.0,-0.0,1678.658,-0.0,0.0,-0.0,-0.0
2021-12-06 07:00:00,-0.0,4209.37,2160.0,-0.0,1749.1459999999997,-0.0,0.0,-0.0,-0.0
2021-12-06 08:00:00,7.775391106335075,4364.91,2160.0,-0.0,1722.9506088936655,-0.0,0.0,-0.0,-0.0
2021-12-06 09:00:00,530.9322925493809,4510.17,2160.0,-0.0,1095.5997074506183,-0.0,0.0,-0.0,-0.0
2021-12-06 10:00:00,1242.5900584126498,4630.08,2160.0,-0.0,228.4649415873505,-0.0,0.0,-0.0,-0.0
2021-12-06 11:00:00,1808.7827022310923,4713.75,1764.2172977689077,-0.0,-0.0,-0.0,0.0,100.0,95.0
2021-12-06 12:00:00,2022.3040605362814,4755.900000000001,1435.0749394637185,-0.0,-0.0,-0.0,0.0,100.0,189.9905
2021-12-06 13:00:00,1808.7827022310923,4757.52,1607.6122977689072,-0.0,-0.0,-0.0,0.0,100.0,284.97150095
2021-12-06 14:00:00,1242.5900584126498,4725.650000000001,2160.0,-0.0,-0.0,-0.0,0.0,32.7170584126502,316.0242092919227
2021-12-06 15:00:00,530.9322925493809,4672.34,2160.0,-0.0,734.8667074506182,-0.0,100.0,-0.0,210.72944897625672
2021-12-06 16:00:00,7.775391106335075,4612.95,2160.0,-0.0,1502.2716088936645,-0.0,100.0,-0.0,105.44521813662227
2021-12-06 17:00:00,-0.0,4563.93,2160.0,-0.0,1789.0969999999998,-0.0,100.0,-0.0,0.17151572007178117
2021-12-06 18:00:00,-0.0,4540.54,2160.0,-0.0,2109.1420763599244,-0.0,0.1629236400747853,-0.0,-0.0
2021-12-06 19:00:00,-0.0,4554.61,2160.0,-0.0,2173.3360000000002,-0.0,0.0,-0.0,-0.0
2021-12-06 20:00:00,-0.0,4612.89,2160.0,-0.0,2036.567,-0.0,0.0,-0.0,-0.0
2021-12-06 21:00:00,-0.0,4715.97,2160.0,-0.0,1735.192,-0.0,0.0,-0.0,-0.0
2021-12-06 22:00:00,-0.0,4858.08,2160.0,-0.0,1358.4850000000006,-0.0,0.0,-0.0,-0.0
2021-12-06 23:00:00,-0.0,5027.77,2160.0,-0.0,992.4709999999995,-0.0,0.0,-0.0,-0.0
2021-12-07 00:00:00,-0.0,5218.85,2160.0,-0.0,191.29899999999998,-0.0,0.0,-0.0,-0.0
2021-12-07 01:00:00,-0.0,5394.25,2045.5428985451772,-0.0,-0.0,-0.0,0.0,17.24989854517779,16.3874036179189
2021-12-07 02:00:00,-0.0,5545.57,1876.6350000000002,-0.0,-0.0,-0.0,0.0,100.0,111.38576487755711
2021-12-07 03:00:00,-0.0,5657.2699999999995,1762.6890000000003,-0.0,-0.0,-0.0,0.0,100.0,206.37462630106936
2021-12-07 04:00:00,-0.0,5718.17,1820.0730000000003,-0.0,-0.0,-0.0,0.0,100.0,301.35398883843925
2021-12-07 05:00:00,-0.0,5722.89,2031.6329999999998,-0.0,-0.0,-0.0,0.0,100.0,396.3238534395554
2021-12-07 06:00:00,-0.0,5672.5199999999995,2160.0,-0.0,-0.0,-0.0,76.41000000000076,-0.0,315.85264210684227
2021-12-07 07:00:00,-0.0,5574.38,2160.0,-0.0,297.1930000000002,-0.0,100.0,-0.0,210.55789894789478
2021-12-07 08:00:00,6.845055086480403,5441.009999999999,2160.0,-0.0,564.4499449135205,-0.0,100.0,-0.0,105.27368526326316
2021-12-07 09:00:00,575.4220700286563,5288.41,2160.0,-0.0,193.14592997134298,-0.0,100.0,-0.0,-0.0
2021-12-07 10:00:00,1353.9839341674347,5133.870000000001,1818.2741405743286,-0.0,-0.0,-0.0,0.0,21.121074741764055,20.065021004675852
2021-12-07 11:00:00,1974.2408069542528,4993.65,1346.3171930457481,-0.0,-0.0,-0.0,0.0,100.0,115.06301450257538
2021-12-07 12:00:00,2208.2726858561055,4880.75,1155.2843141438952,-0.0,-0.0,-0.0,0.0,100.0,210.05150820112513
2021-12-07 13:00:00,1974.2408069542528,4803.19,1431.0631930457464,-0.0,-0.0,-0.0,0.0,100.0,305.030503050305
2021-12-07 14:00:00,1353.9839341674347,4762.97,2116.6780658325647,-0.0,-0.0,-0.0,0.0,100.0,400.0
2021-12-07 15:00:00,575.4220700286563,4755.86,2160.0,-0.0,748.4719299713448,-0.0,0.0,-0.0,399.96
2021-12-07 16:00:00,6.845055086480403,4771.99,2160.0,-0.0,1489.2559449135201,-0.0,0.0,-0.0,399.920004
2021-12-07 17:00:00,-0.0,4797.3,2160.0,-0.0,1704.2689999999993,-0.0,0.0,-0.0,399.8800119996
2021-12-07 18:00:00,-0.0,4815.54,2160.0,-0.0,1886.263,-0.0,0.0,-0.0,399.84002399840006
2021-12-07 19:00:00,-0.0,4810.49,2160.0,-0.0,1972.7929999999997,-0.0,0.0,-0.0,399.80003999600024
2021-12-07 20:00:00,-0.0,4768.34,2160.0,-0.0,1939.7939999999999,-0.0,0.0,-0.0,399.76005999200066
2021-12-07 21:00:00,-0.0,4679.64,2160.0,-0.0,1833.498999999999,-0.0,0.0,-0.0,399.72008398600144
2021-12-07 22:00:00,-0.0,4540.67,2160.0,-0.0,1741.1260000000002,-0.0,0.0,-0.0,399.68011197760285
2021-12-07 23:00:00,-0.0,4354.13,2160.0,-0.0,1734.5500000000002,-0.0,0.0,-0.0,399.6401439664051
2021-12-08 00:00:00,-0.0,4138.25,2160.0,-0.0,1343.2920000000004,-0.0,0.0,-0.0,399.6001799520085
2021-12-08 01:00:00,-0.0,3888.2299999999996,2160.0,-0.0,1448.8110000000006,-0.0,0.0,-0.0,399.5602199340133
2021-12-08 02:00:00,-0.0,3630.7299999999996,2160.0,-0.0,1609.0230000000001,-0.0,0.0,-0.0,399.52026391201986
2021-12-08 03:00:00,-0.0,3384.2299999999996,2160.0,-0.0,1856.2690000000002,-0.0,0.0,-0.0,399.4803118856287
2021-12-08 04:00:00,-0.0,3165.96,2160.0,-0.0,2195.755,-0.0,0.0,-0.0,399.44036385444014
2021-12-08 05:00:00,-0.0,2989.78,2160.0,-0.0,2591.083,-0.0,0.0,-0.0,399.4004198180547
2021-12-08 06:00:00,-0.0,2864.37,2160.0,-0.0,2973.7030000000004,-0.0,0.0,-0.0,399.36047977607285
2021-12-08 07:00:00,-0.0,2792.21,2160.0,-0.0,3271.2419999999993,-0.0,0.0,-0.0,399.32054372809523
2021-12-08 08:00:00,6.53083563606591,2769.34,2160.0,-0.0,3430.979164363934,-0.0,0.0,-0.0,399.28061167372243
2021-12-08 09:00:00,688.1097905792653,2786.0099999999998,2160.0,-0.0,2779.997209420735,-0.0,0.0,-0.0,399.2406836125551
2021-12-08 10:00:00,1627.305566702487,2828.0499999999997,2160.0,-0.0,1769.3104332975124,-0.0,0.0,-0.0,399.20075954419383
2021-12-08 11:00:00,2376.4848316446632,2878.8999999999996,2160.0,-0.0,900.9241683553364,-0.0,0.0,-0.0,399.16083946823943
2021-12-08 12:00:00,2659.282337017706,2921.86,2160.0,-0.0,507.6296629822946,-0.0,0.0,-0.0,399.1209233842926
2021-12-08 13:00:00,2376.4848316446632,2942.47,2160.0,-0.0,736.2881683553373,-0.0,0.0,-0.0,399.0810112919542
2021-12-08 14:00:00,1627.305566702487,2930.4,2160.0,-0.0,1524.8774332975133,-0.0,0.0,-0.0,399.041103190825
2021-12-08 15:00:00,688.1097905792653,2880.95,2160.0,-0.0,2621.762209420735,-0.0,0.0,-0.0,399.00119908050596
2021-12-08 16:00:00,6.530835636065909,2795.66,2160.0,-0.0,3500.0,-0.0,78.99816436393454,-0.0,315.80533647224576
2021-12-08 17:00:00,-0.0,2682.08,2160.0,334.53000000000065,3500.0,-0.0,100.0,-0.0,210.5105980438617
2021-12-08 18:00:00,-0.0,2552.74,2160.0,665.9570000000003,3500.0,-0.0,100.0,-0.0,105.22638908932048
2021-12-08 19:00:00,-0.0,2423.44,2160.0,878.5449268721086,3500.0,-0.0,99.95507312789098,-0.0,-0.0
2021-12-08 20:00:00,-0.0,2311.03,2160.0,1017.4299999999985,3500.0,-0.0,0.0,-0.0,-0.0
2021-12-08 21:00:00,-0.0,2231.11,2160.0,903.9300000000003,3500.0,-0.0,0.0,-0.0,-0.0
2021-12-08 22:00:00,-0.0,2195.83,2160.0,709.348,3500.0,-0.0,0.0,-0.0,-0.0
2021-12-08 23:00:00,-0.0,2212.16,2160.0,501.28499999999985,3500.0,-0.0,0.0,-0.0,-0.0
2021-12-09 00:00:00,-0.0,2290.08,2160.0,-0.0,3317.309,-0.0,0.0,-0.0,-0.0
2021-12-09 01:00:00,-0.0,2405.54,2160.0,-0.0,3058.535,-0.0,0.0,-0.0,-0.0
2021-12-09 02:00:00,-0.0,2556.3599999999997,2160.0,-0.0,2811.5150000000003,-0.0,0.0,-0.0,-0.0
2021-12-09 03:00:00,-0.0,2726.7999999999997,2160.0,-0.0,2642.8070000000002,-0.0,0.0,-0.0,-0.0
2021-12-09 04:00:00,-0.0,2898.8199999999997,2160.0,-0.0,2592.8870000000006,-0.0,0.0,-0.0,-0.0
2021-12-09 05:00:00,-0.0,3054.3599999999997,2160.0,-0.0,2657.2780000000002,-0.0,0.0,-0.0,-0.0
2021-12-09 06:00:00,-0.0,3177.7,2160.0,-0.0,2791.8280000000004,-0.0,0.0,-0.0,-0.0
2021-12-09 07:00:00,-0.0,3257.4399999999996,2160.0,-0.0,2938.0430000000006,-0.0,0.0,-0.0,-0.0
2021-12-09 08:00:00,5.705239433016069,3287.9,2160.0,-0.0,3045.747760566983,-0.0,0.0,-0.0,-0.0
2021-12-09 09:00:00,770.6077992273053,3269.84,2160.0,-0.0,2346.5392007726937,-0.0,0.0,-0.0,-0.0
2021-12-09 10:00:00,1830.95057639955,3210.2000000000003,2160.0,-0.0,1316.6484236004505,-0.0,0.0,-0.0,-0.0
2021-12-09 11:00:00,2677.7473506038277,3121.11,2160.0,-0.0,490.7426493961725,-0.0,0.0,-0.0,-0.0
2021-12-09 12:00:00,2997.536494806059,3018.1200000000003,2160.0,-0.0,206.45950519394046,-0.0,0.0,-0.0,-0.0
2021-12-09 13:00:00,2677.7473506038277,2918.0499999999997,2160.0,-0.0,592.7366493961722,-0.0,0.0,-0.0,-0.0
2021-12-09 14:00:00,1830.95057639955,2836.63,2160.0,-0.0,1548.1354236004502,-0.0,0.0,-0.0,-0.0
2021-12-09 15:00:00,770.6077992273053,2786.36,2160.0,-0.0,2766.7242007726936,-0.0,0.0,-0.0,-0.0
2021-12-09 16:00:00,5.705239433016069,2774.7300000000005,2160.0,233.2567605669824,3500.0,-0.0,0.0,-0.0,-0.0
2021-12-09 17:00:00,-0.0,2803.21,2160.0,445.4309999999996,3500.0,-0.0,0.0,-0.0,-0.0
2021-12-09 18:00:00,-0.0,2867.0299999999997,2160.0,583.1220000000003,3500.0,-0.0,0.0,-0.0,-0.0
2021-12-09 19:00:00,-0.0,2955.81,2160.0,576.9050000000002,3500.0,-0.0,0.0,-0.0,-0.0
2021-12-09 20:00:00,-0.0,3054.9900000000002,2160.0,403.4629999999993,3500.0,-0.0,0.0,-0.0,-0.0
2021-12-09 21:00:00,-0.0,3147.82,2160.0,116.32799999999907,3500.0,-0.0,0.0,-0.0,-0.0
2021-12-09 22:00:00,-0.0,3217.63,2160.0,-0.0,3315.669000000001,-0.0,0.0,-0.0,-0.0
2021-12-09 23:00:00,-0.0,3250.19,2160.0,-0.0,3090.2889999999993,-0.0,0.0,-0.0,-0.0
2021-12-10 00:00:00,-0.0,3244.66,2160.0,-0.0,2488.3680000000004,-0.0,0.0,-0.0,-0.0
2021-12-10 01:00:00,-0.0,3178.95,2160.0,-0.0,2409.478,-0.0,0.0,-0.0,-0.0
2021-12-10 02:00:00,-0.0,3064.46,2160.0,-0.0,2426.384,-0.0,0.0,-0.0,-0.0
2021-12-10 03:00:00,-0.0,2909.79,2160.0,-0.0,2581.3059999999996,-0.0,0.0,-0.0,-0.0
2021-12-10 04:00:00,-0.0,2728.67,2160.0,-0.0,2882.951,-0.0,0.0,-0.0,-0.0
2021-12-10 05:00:00,-0.0,2538.2599999999998,2160.0,-0.0,3291.6210000000005,-0.0,0.0,-0.0,-0.0
2021-12-10 06:00:00,-0.0,2356.88,2160.0,229.1289999999999,3500.0,-0.0,0.0,-0.0,-0.0
2021-12-10 07:00:00,-0.0,2201.7400000000002,2160.0,608.371000000001,3500.0,-0.0,0.0,-0.0,-0.0
2021-12-10 08:00:00,4.195753837887628,2086.68,2160.0,861.1622461621128,3500.0,-0.0,0.0,-0.0,-0.0
2021-12-10 09:00:00,745.4640820284517,2020.43,2160.0,231.74691797154765,3500.0,-0.0,0.0,-0.0,-0.0
2021-12-10 10:00:00,1778.8579204533828,2005.5500000000002,2160.0,-0.0,2681.929079546617,-0.0,0.0,-0.0,-0.0
2021-12-10 11:00:00,2605.014789581415,2038.23,2160.0,-0.0,1752.6912104185853,-0.0,0.0,-0.0,-0.0
2021-12-10 12:00:00,2917.1332824941155,2108.89,2160.0,-0.0,1300.1447175058847,-0.0,0.0,-0.0,-0.0
2021-12-10 13:00:00,2605.014789581415,2203.59,2160.0,-0.0,1481.6172104185848,-0.0,0.0,-0.0,-0.0
2021-12-10 14:00:00,1778.8579204533828,2306.0,2160.0,-0.0,2230.1030795466168,-0.0,0.0,-0.0,-0.0
2021-12-10 15:00:00,745.4640820284517,2399.73,2160.0,-0.0,3275.223917971548,-0.0,0.0,-0.0,-0.0
2021-12-10 16:00:00,4.195753837887628,2470.6,2160.0,633.0282461621127,3500.0,-0.0,0.0,-0.0,-0.0
2021-12-10 17:00:00,-0.0,2508.62,2160.0,831.4870000000001,3500.0,-0.0,0.0,-0.0,-0.0
2021-12-10 18:00:00,-0.0,2509.42,2160.0,1029.4629999999997,3500.0,-0.0,0.0,-0.0,-0.0
2021-12-10 19:00:00,-0.0,2474.88,2160.0,1143.7619999999997,3500.0,-0.0,0.0,-0.0,-0.0
2021-12-10 20:00:00,-0.0,2412.9,2160.0,1128.612000000001,3500.0,-0.0,0.0,-0.0,-0.0
2021-12-10 21:00:00,-0.0,2336.34,2160.0,1007.9349999999995,3500.0,-0.0,0.0,-0.0,-0.0
2021-12-10 22:00:00,-0.0,2261.34,2160.0,849.0939999999991,3500.0,-0.0,0.0,-0.0,-0.0
2021-12-10 23:00:00,-0.0,2205.06,2160.0,709.505000000001,3500.0,-0.0,0.0,-0.0,-0.0
2021-12-11 00:00:00,-0.0,2192.23,2160.0,-0.0,3175.4199999999996,-0.0,0.0,-0.0,-0.0
2021-12-11 01:00:00,-0.0,2217.57,2160.0,-0.0,3002.3219999999997,-0.0,0.0,-0.0,-0.0
2021-12-11 02:00:00,-0.0,2297.12,2160.0,-0.0,2821.9809999999998,-0.0,0.0,-0.0,-0.0
2021-12-11 03:00:00,-0.0,2431.85,2160.0,-0.0,2684.2490000000003,-0.0,0.0,-0.0,-0.0
2021-12-11 04:00:00,-0.0,2616.26,2160.0,-0.0,2617.0639999999994,-0.0,0.0,-0.0,-0.0
2021-12-11 05:00:00,-0.0,2839.05,2160.0,-0.0,2609.1949999999997,-0.0,0.0,-0.0,-0.0
2021-12-11 06:00:00,-0.0,3084.5699999999997,2160.0,-0.0,2616.4230000000007,-0.0,0.0,-0.0,-0.0
2021-12-11 07:00:00,-0.0,3334.7599999999998,2160.0,-0.0,2586.9190000000003,-0.0,0.0,-0.0,-0.0
2021-12-11 08:00:00,2.7232352369255968,3571.5200000000004,2160.0,-0.0,2485.9147647630734,-0.0,0.0,-0.0,-0.0
2021-12-11 09:00:00,656.792585354621,3779.02,2160.0,-0.0,1666.4694146453783,-0.0,0.0,-0.0,-0.0
2021-12-11 10:00:00,1573.4261727049434,3945.69,2160.0,-0.0,548.3558272950563,-0.0,0.0,-0.0,-0.0
2021-12-11 11:00:00,2306.956076783339,4065.67,1880.914923216662,-0.0,-0.0,-0.0,0.0,100.0,95.0
2021-12-11 12:00:00,2584.177727202948,4139.45,1456.5942727970519,-0.0,-0.0,-0.0,0.0,100.0,189.9905
2021-12-11 13:00:00,2306.956076783339,4173.66,1660.0899232166612,-0.0,-0.0,-0.0,0.0,100.0,284.97150095
2021-12-11 14:00:00,1573.4261727049434,4180.070000000001,2160.0,-0.0,48.36382729505567,-0.0,100.0,-0.0,179.67984590516818
2021-12-11 15:00:00,656.792585354621,4173.82,2160.0,-0.0,1073.1074146453795,-0.0,100.0,-0.0,74.39872002584083
2021-12-11 16:00:00,2.7232352369255968,4171.3,2160.0,-0.0,1942.8240486169282,-0.0,70.67171614614634,-0.0,-0.0
2021-12-11 17:00:00,-0.0,4187.76,2160.0,-0.0,2228.4300000000003,-0.0,0.0,-0.0,-0.0
2021-12-11 18:00:00,-0.0,4235.19,2160.0,-0.0,2376.1600000000008,-0.0,0.0,-0.0,-0.0
2021-12-11 19:00:00,-0.0,4320.56,2160.0,-0.0,2366.934,-0.0,0.0,-0.0,-0.0
2021-12-11 20:00:00,-0.0,4444.78,2160.0,-0.0,2161.9710000000005,-0.0,0.0,-0.0,-0.0
2021-12-11 21:00:00,-0.0,4602.5,2160.0,-0.0,1803.4079999999994,-0.0,0.0,-0.0,-0.0
2021-12-11 22:00:00,-0.0,4782.79,2160.0,-0.0,1385.6799999999994,-0.0,0.0,-0.0,-0.0
2021-12-11 23:00:00,-0.0,4970.5,2160.0,-0.0,998.5159999999996,-0.0,0.0,-0.0,-0.0
2021-12-12 00:00:00,-0.0,5156.96,2160.0,-0.0,197.5060000000003,-0.0,0.0,-0.0,-0.0
2021-12-12 01:00:00,-0.0,5307.650000000001,2155.5069999999996,-0.0,-0.0,-0.0,0.0,100.0,95.0
2021-12-12 02:00:00,-0.0,5416.4400000000005,1942.3959999999997,-0.0,-0.0,-0.0,0.0,100.0,189.9905
2021-12-12 03:00:00,-0.0,5472.96,1879.3670000000002,-0.0,-0.0,-0.0,0.0,100.0,284.97150095
2021-12-12 04:00:00,-0.0,5472.679999999999,1993.3950000000004,-0.0,-0.0,-0.0,0.0,100.0,379.943003799905
2021-12-12 05:00:00,-0.0,5417.530000000001,2160.0,-0.0,-0.0,-0.0,0.01599999999962165,-0.0,379.88816739426227
2021-12-12 06:00:00,-0.0,5315.69,2160.0,-0.0,251.1890000000003,-0.0,100.0,-0.0,274.58702068278603
2021-12-12 07:00:00,-0.0,5180.55,2160.0,-0.0,603.6359999999995,-0.0,100.0,-0.0,169.29640408598095
2021-12-12 08:00:00,1.7559322229045136,5028.92,2160.0,-0.0,888.648067777095,-0.0,100.0,-0.0,64.01631655083553
2021-12-12 09:00:00,598.5017967198855,4878.91,2160.0,-0.0,519.9287841068929,-0.0,60.80941917322143,-0.0,-0.0
2021-12-12 10:00:00,1438.8539916078194,4747.49,2014.8610831339442,-0.0,-0.0,-0.0,0.0,21.121074741764055,20.065021004675852
2021-12-12 11:00:00,2111.9182155613553,4648.360000000001,1442.667784438644,-0.0,-0.0,-0.0,0.0,100.0,115.06301450257538
2021-12-12 12:00:00,2366.37435874015,4590.179999999999,1169.9156412598509,-0.0,-0.0,-0.0,0.0,100.0,210.05150820112513
2021-12-12 13:00:00,2111.9182155613553,4575.4800000000005,1396.4507844386444,-0.0,-0.0,-0.0,0.0,100.0,305.030503050305
2021-12-12 14:00:00,1438.8539916078194,4600.49,2062.6100083921806,-0.0,-0.0,-0.0,0.0,100.0,400.0
2021-12-12 15:00:00,598.5017967198855,4655.7300000000005,2160.0,-0.0,586.5892032801139,-0.0,100.0,-0.0,294.69684210526316
2021-12-12 16:00:00,1.7559322229045136,4727.4,2160.0,-0.0,1292.5330677770962,-0.0,100.0,-0.0,189.4042145263158
2021-12-12 17:00:00,-0.0,4799.42,2160.0,-0.0,1448.071,-0.0,100.0,-0.0,84.12211621012632
2021-12-12 18:00:00,-0.0,4855.650000000001,2160.0,-0.0,1604.2899812014193,-0.0,79.90801879858006,-0.0,-0.0
2021-12-12 19:00:00,-0.0,4882.2300000000005,2160.0,-0.0,1731.025999999999,-0.0,0.0,-0.0,-0.0
2021-12-12 20:00:00,-0.0,4869.56,2160.0,-0.0,1660.2869999999994,-0.0,0.0,-0.0,-0.0
2021-12-12 21:00:00,-0.0,4813.66,2160.0,-0.0,1512.7510000000002,-0.0,0.0,-0.0,-0.0
2021-12-12 22:00:00,-0.0,4716.88,2160.0,-0.0,1369.5729999999994,-0.0,0.0,-0.0,-0.0
2021-12-12 23:00:00,-0.0,4587.58,2160.0,-0.0,1296.9759999999997,-0.0,0.0,-0.0,-0.0
2021-12-13 00:00:00,-0.0,4447.64,2160.0,-0.0,1255.9349999999995,-0.0,0.0,-0.0,-0.0
2021-12-13 01:00:00,-0.0,4296.76,2160.0,-0.0,1253.2219999999998,-0.0,0.0,-0.0,-0.0
2021-12-13 02:00:00,-0.0,4161.13,2160.0,-0.0,1282.33,-0.0,0.0,-0.0,-0.0
2021-12-13 03:00:00,-0.0,4057.1800000000003,2160.0,-0.0,1377.6539999999995,-0.0,0.0,-0.0,-0.0
2021-12-13 04:00:00,-0.0,3997.89,2160.0,-0.0,1548.6610000000005,-0.0,0.0,-0.0,-0.0
2021-12-13 05:00:00,-0.0,3991.0,2160.0,-0.0,1765.08,-0.0,0.0,-0.0,-0.0
2021-12-13 06:00:00,-0.0,4038.03,2160.0,-0.0,1965.529,-0.0,0.0,-0.0,-0.0
2021-12-13 07:00:00,-0.0,4134.0,2160.0,-0.0,2085.1039999999994,-0.0,0.0,-0.0,-0.0
2021-12-13 08:00:00,1.152137984853137,4268.12,2160.0,-0.0,2083.299862015147,-0.0,0.0,-0.0,-0.0
2021-12-13 09:00:00,582.4889270801352,4425.2,2160.0,-0.0,1382.133072919865,-0.0,0.0,-0.0,-0.0
2021-12-13 10:00:00,1404.745778323611,4587.64,2160.0,-0.0,357.8912216763888,-0.0,0.0,-0.0,-0.0
2021-12-13 11:00:00,2063.824156150855,4737.73,1730.2008438491448,-0.0,-0.0,-0.0,0.0,100.0,95.0
2021-12-13 12:00:00,2313.061791986491,4860.01,1280.9202080135092,-0.0,-0.0,-0.0,0.0,100.0,189.9905
2021-12-13 13:00:00,2063.824156150855,4943.2300000000005,1403.129843849144,-0.0,-0.0,-0.0,0.0,100.0,284.97150095
2021-12-13 14:00:00,1404.745778323611,4981.79,2040.6662216763884,-0.0,-0.0,-0.0,0.0,100.0,379.943003799905
2021-12-13 15:00:00,582.4889270801352,4976.400000000001,2160.0,-0.0,606.1940729198648,-0.0,100.0,-0.0,274.6418516047882
2021-12-13 16:00:00,1.152137984853137,4933.86,2160.0,-0.0,1410.0538620151478,-0.0,100.0,-0.0,169.35122952489093
2021-12-13 17:00:00,-0.0,4866.0599999999995,2160.0,-0.0,1752.6542782140923,-0.0,51.37172178590747,-0.0,115.25879778519375
2021-12-13 18:00:00,-0.0,4788.19,2160.0,-0.0,2073.572000000001,-0.0,0.0,-0.0,115.24727190541523
2021-12-13 19:00:00,-0.0,4716.66,2160.0,-0.0,2217.9339999999993,-0.0,0.0,-0.0,115.2357471782247
2021-12-13 20:00:00,-0.0,4666.69,2160.0,-0.0,2184.0240000000003,-0.0,0.0,-0.0,115.22422360350687
2021-12-13 21:00:00,-0.0,4650.16,2160.0,-0.0,1996.7489999999998,-0.0,0.0,-0.0,115.21270118114653
2021-12-13 22:00:00,-0.0,4673.91,2160.0,-0.0,1732.7790000000005,-0.0,0.0,-0.0,115.20117991102842
2021-12-13 23:00:00,-0.0,4738.68,2160.0,-0.0,1465.9539999999997,-0.0,0.0,-0.0,115.18965979303732
2021-12-14 00:00:00,-0.0,4847.2,2160.0,-0.0,740.0349999999999,-0.0,0.0,-0.0,115.17814082705802
2021-12-14 01:00:00,-0.0,4971.6900000000005,2160.0,-0.0,462.0049999999992,-0.0,0.0,-0.0,115.16662301297531
2021-12-14 02:00:00,-0.0,5105.030000000001,2160.0,-0.0,222.29999999999927,-0.0,0.0,-0.0,115.15510635067402
2021-12-14 03:00:00,-0.0,5229.58,2160.0,-0.0,89.38699999999972,-0.0,0.0,-0.0,115.14359084003895
2021-12-14 04:00:00,-0.0,5327.82,2160.0,-0.0,103.23100000000068,-0.0,0.0,-0.0,115.13207648095495
2021-12-14 05:00:00,-0.0,5384.62,2160.0,-0.0,256.4319999999998,-0.0,0.0,-0.0,115.12056327330686
2021-12-14 06:00:00,-0.0,5389.27,2160.0,-0.0,499.83799999999974,-0.0,0.0,-0.0,115.10905121697952
2021-12-14 07:00:00,-0.0,5336.9,2160.0,-0.0,768.4320000000007,-0.0,0.0,-0.0,115.09754031185783
2021-12-14 08:00:00,0.6777282263841983,5229.099999999999,2160.0,-0.0,1009.8052717736169,-0.0,0.0,-0.0,115.08603055782665
2021-12-14 09:00:00,544.2712162777608,5073.74,2160.0,-0.0,659.7067837222402,-0.0,0.0,-0.0,115.07452195477086
2021-12-14 10:00:00,1316.1420544724185,4883.87,2160.0,-0.0,39.14694552758124,-0.0,0.0,-0.0,115.06301450257538
2021-12-14 11:00:00,1935.2406281086894,4676.05,1810.4333718913106,-0.0,-0.0,-0.0,0.0,100.0,210.05150820112513
2021-12-14 12:00:00,2169.420374987207,4468.099999999999,1707.6286250127928,-0.0,-0.0,-0.0,0.0,100.0,305.030503050305
2021-12-14 13:00:00,1935.2406281086894,4276.78,2090.606371891311,-0.0,-0.0,-0.0,0.0,100.0,400.0
2021-12-14 14:00:00,1316.1420544724185,4115.61,2160.0,-0.0,629.275945527582,-0.0,0.0,-0.0,399.96
2021-12-14 15:00:00,544.2712162777608,3993.09,2160.0,-0.0,1623.0277837222384,-0.0,0.0,-0.0,399.920004
2021-12-14 16:00:00,0.6777282263841983,3911.67,2160.0,-0.0,2429.600271773616,-0.0,0.0,-0.0,399.8800119996
2021-12-14 17:00:00,-0.0,3867.51,2160.0,-0.0,2701.1270000000004,-0.0,0.0,-0.0,399.84002399840006
2021-12-14 18:00:00,-0.0,3851.12,2160.0,-0.0,2910.955999999999,-0.0,0.0,-0.0,399.80003999600024
2021-12-14 19:00:00,-0.0,3848.78,2160.0,-0.0,2987.9820000000004,-0.0,0.0,-0.0,399.76005999200066
2021-12-14 20:00:00,-0.0,3844.48,2160.0,-0.0,2910.3440000000005,-0.0,0.0,-0.0,399.72008398600144
2021-12-14 21:00:00,-0.0,3822.2400000000002,2160.0,-0.0,2730.809999999999,-0.0,0.0,-0.0,399.68011197760285
2021-12-14 22:00:00,-0.0,3768.41,2160.0,-0.0,2546.5370000000003,-0.0,0.0,-0.0,399.6401439664051
2021-12-14 23:00:00,-0.0,3673.63,2160.0,-0.0,2441.4630000000006,-0.0,0.0,-0.0,399.6001799520085
2021-12-15 00:00:00,-0.0,3542.3500000000004,2160.0,-0.0,1957.4069999999992,-0.0,0.0,-0.0,399.5602199340133
2021-12-15 01:00:00,-0.0,3361.0499999999997,2160.0,-0.0,1987.5310000000004,-0.0,0.0,-0.0,399.52026391201986
2021-12-15 02:00:00,-0.0,3146.59,2160.0,-0.0,2098.0689999999995,-0.0,0.0,-0.0,399.4803118856287
2021-12-15 03:00:00,-0.0,2912.7999999999997,2160.0,-0.0,2326.016,-0.0,0.0,-0.0,399.44036385444014
2021-12-15 04:00:00,-0.0,2676.79,2160.0,-0.0,2676.7039999999997,-0.0,0.0,-0.0,399.4004198180547
2021-12-15 05:00:00,-0.0,2456.77,2160.0,-0.0,3109.391,-0.0,0.0,-0.0,399.36047977607285
2021-12-15 06:00:00,-0.0,2269.7000000000003,2160.0,-0.0,3500.0,-0.0,47.25199999999995,-0.0,349.5815963596742
2021-12-15 07:00:00,-0.0,2129.06,2160.0,306.9199999999996,3500.0,-0.0,100.0,-0.0,244.28348030530145
2021-12-15 08:00:00,0.33886411319209914,2043.18,2160.0,529.5801358868075,3500.0,-0.0,100.0,-0.0,138.9958940625341
2021-12-15 09:00:00,468.5566510592571,2014.0900000000001,2160.0,131.51934894074202,3500.0,-0.0,100.0,-0.0,33.71883657839099
2021-12-15 10:00:00,1135.6507054549177,2037.38,2160.0,-0.0,3005.5672945450824,-0.0,0.0,-0.0,33.71546469473315
2021-12-15 11:00:00,1671.0128761385736,2102.7999999999997,2160.0,-0.0,2330.4011238614266,-0.0,0.0,-0.0,33.712093148263676
2021-12-15 12:00:00,1873.5611983420326,2195.7,2160.0,-0.0,1961.481801657968,-0.0,0.0,-0.0,33.70872193894885
2021-12-15 13:00:00,1671.0128761385736,2298.96,2160.0,-0.0,2021.405123861426,-0.0,0.0,-0.0,33.70535106675495
2021-12-15 14:00:00,1135.6507054549177,2395.39,2160.0,-0.0,2481.9462945450823,-0.0,0.0,-0.0,33.701980531648275
2021-12-15 15:00:00,468.5566510592571,2469.96,2160.0,-0.0,3177.086348940742,-0.0,0.0,-0.0,33.69861033359511
2021-12-15 16:00:00,0.33886411319209914,2511.84,2160.0,256.2716574378737,3500.0,-0.0,32.01047844893367,-0.0,-0.0
2021-12-15 17:00:00,-0.0,2515.8,2160.0,514.6909999999998,3500.0,-0.0,0.0,-0.0,-0.0
2021-12-15 18:00:00,-0.0,2482.88,2160.0,744.4289999999992,3500.0,-0.0,0.0,-0.0,-0.0
2021-12-15 19:00:00,-0.0,2420.15,2160.0,885.2600000000002,3500.0,-0.0,0.0,-0.0,-0.0
2021-12-15 20:00:00,-0.0,2339.7200000000003,2160.0,887.1999999999998,3500.0,-0.0,0.0,-0.0,-0.0
2021-12-15 21:00:00,-0.0,2256.9500000000003,2160.0,771.6759999999995,3500.0,-0.0,0.0,-0.0,-0.0
2021-12-15 22:00:00,-0.0,2188.35,2160.0,605.6779999999999,3500.0,-0.0,0.0,-0.0,-0.0
2021-12-15 23:00:00,-0.0,2149.18,2160.0,448.5250000000001,3500.0,-0.0,0.0,-0.0,-0.0
2021-12-16 00:00:00,-0.0,2159.21,2160.0,-0.0,3326.4880000000003,-0.0,0.0,-0.0,-0.0
2021-12-16 01:00:00,-0.0,2209.39,2160.0,-0.0,3128.7019999999998,-0.0,0.0,-0.0,-0.0
2021-12-16 02:00:00,-0.0,2308.2400000000002,2160.0,-0.0,2929.5139999999997,-0.0,0.0,-0.0,-0.0
2021-12-16 03:00:00,-0.0,2449.98,2160.0,-0.0,2785.528,-0.0,0.0,-0.0,-0.0
2021-12-16 04:00:00,-0.0,2623.17,2160.0,-0.0,2730.6220000000003,-0.0,0.0,-0.0,-0.0
2021-12-16 05:00:00,-0.0,2812.08,2160.0,-0.0,2757.992,-0.0,0.0,-0.0,-0.0
2021-12-16 06:00:00,-0.0,2998.73,2160.0,-0.0,2825.7490000000003,-0.0,0.0,-0.0,-0.0
2021-12-16 07:00:00,-0.0,3165.17,2160.0,-0.0,2881.9519999999993,-0.0,0.0,-0.0,-0.0
2021-12-16 08:00:00,0.16019030805444684,3295.83,2160.0,-0.0,2891.863809691945,-0.0,0.0,-0.0,-0.0
2021-12-16 09:00:00,433.9370610224133,3379.5199999999995,2160.0,-0.0,2419.0699389775873,-0.0,0.0,-0.0,-0.0
2021-12-16 10:00:00,1053.7010405536794,3410.86,2160.0,-0.0,1735.994959446321,-0.0,0.0,-0.0,-0.0
2021-12-16 11:00:00,1551.3137490277354,3390.89,2160.0,-0.0,1187.5532509722643,-0.0,0.0,-0.0,-0.0
2021-12-16 12:00:00,1739.6051338143488,3326.9100000000003,2160.0,-0.0,993.3408661856506,-0.0,0.0,-0.0,-0.0
2021-12-16 13:00:00,1551.3137490277354,3231.42,2160.0,-0.0,1241.3092509722642,-0.0,0.0,-0.0,-0.0
2021-12-16 14:00:00,1053.7010405536794,3120.37,2160.0,-0.0,1875.1099594463212,-0.0,0.0,-0.0,-0.0
2021-12-16 15:00:00,433.9370610224133,3011.03,2160.0,-0.0,2710.3359389775865,-0.0,0.0,-0.0,-0.0
2021-12-16 16:00:00,0.16019030805444684,2919.58,2160.0,-0.0,3423.899809691945,-0.0,0.0,-0.0,-0.0
2021-12-16 17:00:00,-0.0,2858.9700000000003,2160.0,218.14800000000014,3500.0,-0.0,0.0,-0.0,-0.0
2021-12-16 18:00:00,-0.0,2837.1600000000003,2160.0,440.19200000000046,3500.0,-0.0,0.0,-0.0,-0.0
2021-12-16 19:00:00,-0.0,2856.08,2160.0,502.7520000000004,3500.0,-0.0,0.0,-0.0,-0.0
2021-12-16 20:00:00,-0.0,2911.4,2160.0,372.2830000000008,3500.0,-0.0,0.0,-0.0,-0.0
2021-12-16 21:00:00,-0.0,2993.2,2160.0,95.48800000000028,3500.0,-0.0,0.0,-0.0,-0.0
2021-12-16 22:00:00,-0.0,3087.31,2160.0,-0.0,3270.0349999999994,-0.0,0.0,-0.0,-0.0
2021-12-16 23:00:00,-0.0,3177.38,2160.0,-0.0,2986.8489999999993,-0.0,0.0,-0.0,-0.0
2021-12-17 00:00:00,-0.0,3254.7999999999997,2160.0,-0.0,2300.3540000000007,-0.0,0.0,-0.0,-0.0
2021-12-17 01:00:00,-0.0,3290.25,2160.0,-0.0,2120.4030000000002,-0.0,0.0,-0.0,-0.0
2021-12-17 02:00:00,-0.0,3281.83,2160.0,-0.0,2031.5349999999999,-0.0,0.0,-0.0,-0.0
2021-12-17 03:00:00,-0.0,3225.7400000000002,2160.0,-0.0,2088.3709999999996,-0.0,0.0,-0.0,-0.0
2021-12-17 04:00:00,-0.0,3124.52,2160.0,-0.0,2310.8070000000002,-0.0,0.0,-0.0,-0.0
2021-12-17 05:00:00,-0.0,2986.9,2160.0,-0.0,2667.574,-0.0,0.0,-0.0,-0.0
2021-12-17 06:00:00,-0.0,2826.68,2160.0,-0.0,3085.0050000000006,-0.0,0.0,-0.0,-0.0
2021-12-17 07:00:00,-0.0,2661.0099999999998,2160.0,-0.0,3476.0540000000005,-0.0,0.0,-0.0,-0.0
2021-12-17 08:00:00,0.07393398833282162,2508.2,2160.0,272.1880660116667,3500.0,-0.0,0.0,-0.0,-0.0
2021-12-17 09:00:00,502.50467403541097,2385.35,2160.0,-0.0,3439.8733259645883,-0.0,0.0,-0.0,-0.0
2021-12-17 10:00:00,1221.9439921707094,2306.11,2160.0,-0.0,2770.2240078292907,-0.0,0.0,-0.0,-0.0
2021-12-17 11:00:00,1799.7812391515713,2279.0299999999997,2160.0,-0.0,2151.1097608484292,-0.0,0.0,-0.0,-0.0
2021-12-17 12:00:00,2018.4594931429745,2306.4,2160.0,-0.0,1837.5245068570255,-0.0,0.0,-0.0,-0.0
2021-12-17 13:00:00,1799.7812391515713,2384.09,2160.0,-0.0,1944.9837608484281,-0.0,0.0,-0.0,-0.0
2021-12-17 14:00:00,1221.9439921707094,2502.16,2160.0,-0.0,2432.0910078292904,-0.0,0.0,-0.0,-0.0
2021-12-17 15:00:00,502.50467403541097,2646.2799999999997,2160.0,-0.0,3115.64832596459,-0.0,0.0,-0.0,-0.0
2021-12-17 16:00:00,0.07393398833282162,2799.67,2160.0,155.0570660116664,3500.0,-0.0,0.0,-0.0,-0.0
2021-12-17 17:00:00,-0.0,2945.4900000000002,2160.0,244.73199999999952,3500.0,-0.0,0.0,-0.0,-0.0
2021-12-17 18:00:00,-0.0,3069.04,2160.0,323.2689999999993,3500.0,-0.0,0.0,-0.0,-0.0
2021-12-17 19:00:00,-0.0,3159.8500000000004,2160.0,315.7009999999991,3500.0,-0.0,0.0,-0.0,-0.0
2021-12-17 20:00:00,-0.0,3213.01,2160.0,189.0619999999999,3500.0,-0.0,0.0,-0.0,-0.0
2021-12-17 21:00:00,-0.0,3229.8700000000003,2160.0,-0.0,3478.7819999999997,-0.0,0.0,-0.0,-0.0
2021-12-17 22:00:00,-0.0,3217.8,2160.0,-0.0,3260.9900000000007,-0.0,0.0,-0.0,-0.0
2021-12-17 23:00:00,-0.0,3189.15,2160.0,-0.0,3097.9070000000006,-0.0,0.0,-0.0,-0.0
2021-12-18 00:00:00,-0.0,3167.04,2160.0,-0.0,2075.8540000000003,-0.0,0.0,-0.0,-0.0
2021-12-18 01:00:00,-0.0,3153.14,2160.0,-0.0,1946.4389999999999,-0.0,0.0,-0.0,-0.0
2021-12-18 02:00:00,-0.0,3170.3700000000003,2160.0,-0.0,1833.0089999999996,-0.0,0.0,-0.0,-0.0
2021-12-18 03:00:00,-0.0,3230.7000000000003,2160.0,-0.0,1774.4109999999996,-0.0,0.0,-0.0,-0.0
2021-12-18 04:00:00,-0.0,3340.96,2160.0,-0.0,1786.2520000000004,-0.0,0.0,-0.0,-0.0
2021-12-18 05:00:00,-0.0,3501.74,2160.0,-0.0,1845.402,-0.0,0.0,-0.0,-0.0
2021-12-18 06:00:00,-0.0,3707.2500000000005,2160.0,-0.0,1897.783,-0.0,0.0,-0.0,-0.0
2021-12-18 07:00:00,-0.0,3945.95,2160.0,-0.0,1885.0370000000003,-0.0,0.0,-0.0,-0.0
2021-12-18 08:00:00,0.02464466277760721,4201.96,2160.0,-0.0,1772.8723553372224,-0.0,0.0,-0.0,-0.0
2021-12-18 09:00:00,620.9099563504249,4457.09,2160.0,-0.0,944.491043649575,-0.0,0.0,-0.0,-0.0
2021-12-18 10:00:00,1511.3647506652342,4693.17,1969.88932407653,-0.0,-0.0,-0.0,0.0,21.121074741764055,20.065021004675852
2021-12-18 11:00:00,2226.7376994422275,4894.33,1064.0363005577728,-0.0,-0.0,-0.0,0.0,100.0,115.06301450257538
2021-12-18 12:00:00,2497.48396471702,5049.05,571.0860352829795,-0.0,-0.0,-0.0,0.0,100.0,210.05150820112513
2021-12-18 13:00:00,2226.7376994422275,5151.55,705.7503005577719,-0.0,-0.0,-0.0,0.0,100.0,305.030503050305
2021-12-18 14:00:00,1511.3647506652342,5202.47,1397.3852493347658,-0.0,-0.0,-0.0,0.0,100.0,400.0
2021-12-18 15:00:00,620.9099563504249,5208.67,2160.0,-0.0,29.616043649574976,-0.0,100.0,-0.0,294.69684210526316
2021-12-18 16:00:00,0.02464466277760721,5182.17,2160.0,-0.0,867.0013553372222,-0.0,100.0,-0.0,189.4042145263158
2021-12-18 17:00:00,-0.0,5138.44,2160.0,-0.0,1145.7050000000008,-0.0,100.0,-0.0,84.12211621012632
2021-12-18 18:00:00,-0.0,5094.21,2160.0,-0.0,1411.5389812014191,-0.0,79.90801879858006,-0.0,-0.0
2021-12-18 19:00:00,-0.0,5065.16,2160.0,-0.0,1603.0589999999993,-0.0,0.0,-0.0,-0.0
2021-12-18 20:00:00,-0.0,5063.7,2160.0,-0.0,1530.2580000000007,-0.0,0.0,-0.0,-0.0
2021-12-18 21:00:00,-0.0,5097.28,2160.0,-0.0,1302.3720000000003,-0.0,0.0,-0.0,-0.0
2021-12-18 22:00:00,-0.0,5167.31,2160.0,-0.0,1001.4929999999995,-0.0,0.0,-0.0,-0.0
2021-12-18 23:00:00,-0.0,5268.969999999999,2160.0,-0.0,707.014000000001,-0.0,0.0,-0.0,-0.0
2021-12-19 00:00:00,-0.0,5399.150000000001,2127.401999999999,-0.0,-0.0,-0.0,0.0,-0.0,-0.0
2021-12-19 01:00:00,-0.0,5528.64,1853.312,-0.0,-0.0,-0.0,0.0,-0.0,-0.0
2021-12-19 02:00:00,-0.0,5647.96,1650.9842910176112,-0.0,-0.0,-0.0,0.0,14.576291017610966,13.847476466730418
2021-12-19 03:00:00,-0.0,5740.429999999999,1644.1900000000005,-0.0,-0.0,-0.0,0.0,100.0,108.84609171908374
2021-12-19 04:00:00,-0.0,5791.78,1713.3650000000007,-0.0,-0.0,-0.0,0.0,100.0,203.83520710991183
2021-12-19 05:00:00,-0.0,5792.16,1931.246,-0.0,-0.0,-0.0,0.0,100.0,298.81482358920084
2021-12-19 06:00:00,-0.0,5737.5,2160.0,-0.0,-0.0,-0.0,0.0,17.96600000000035,315.85264210684227
2021-12-19 07:00:00,-0.0,5630.18,2160.0,-0.0,213.45499999999993,-0.0,100.0,-0.0,210.55789894789478
2021-12-19 08:00:00,-0.0,5478.78,2160.0,-0.0,506.78200000000015,-0.0,100.0,-0.0,105.27368526326316
2021-12-19 09:00:00,685.2017203715077,5297.06,2160.0,-0.0,48.90427962849117,-0.0,100.0,-0.0,-0.0
2021-12-19 10:00:00,1668.7886953228945,5102.16,1510.033379418871,-0.0,-0.0,-0.0,0.0,21.121074741764055,20.065021004675852
2021-12-19 11:00:00,2459.087580109508,4912.4400000000005,917.9324198904906,-0.0,-0.0,-0.0,0.0,100.0,115.06301450257538
2021-12-19 12:00:00,2758.2121745727154,4745.110000000001,716.3708254272833,-0.0,-0.0,-0.0,0.0,100.0,210.05150820112513
2021-12-19 13:00:00,2459.087580109508,4614.03,1110.6284198904923,-0.0,-0.0,-0.0,0.0,100.0,305.030503050305
2021-12-19 14:00:00,1668.7886953228945,4527.95,2011.7473046771065,-0.0,-0.0,-0.0,0.0,100.0,400.0
2021-12-19 15:00:00,685.2017203715077,4489.47,2160.0,-0.0,779.2702796284912,-0.0,100.0,-0.0,294.69684210526316
2021-12-19 16:00:00,-0.0,4494.81,2160.0,-0.0,1646.5379999999996,-0.0,100.0,-0.0,189.4042145263158
2021-12-19 17:00:00,-0.0,4534.42,2160.0,-0.0,1839.2109999999993,-0.0,100.0,-0.0,84.12211621012632
2021-12-19 18:00:00,-0.0,4594.400000000001,2160.0,-0.0,1998.0989812014186,-0.0,79.90801879858006,-0.0,-0.0
2021-12-19 19:00:00,-0.0,4658.46,2160.0,-0.0,2093.705999999999,-0.0,0.0,-0.0,-0.0
2021-12-19 20:00:00,-0.0,4710.26,2160.0,-0.0,1964.7759999999998,-0.0,0.0,-0.0,-0.0
2021-12-19 21:00:00,-0.0,4735.67,2160.0,-0.0,1742.1290000000008,-0.0,0.0,-0.0,-0.0
2021-12-19 22:00:00,-0.0,4724.7699999999995,2160.0,-0.0,1519.188000000001,-0.0,0.0,-0.0,-0.0
2021-12-19 23:00:00,-0.0,4673.23,2160.0,-0.0,1374.8590000000004,-0.0,0.0,-0.0,-0.0
2021-12-20 00:00:00,-0.0,4590.12,2160.0,-0.0,1281.3500000000004,-0.0,0.0,-0.0,-0.0
2021-12-20 01:00:00,-0.0,4469.17,2160.0,-0.0,1254.5420000000004,-0.0,0.0,-0.0,-0.0
2021-12-20 02:00:00,-0.0,4330.47,2160.0,-0.0,1292.451,-0.0,0.0,-0.0,-0.0
2021-12-20 03:00:00,-0.0,4190.19,2160.0,-0.0,1429.728,-0.0,0.0,-0.0,-0.0
2021-12-20 04:00:00,-0.0,4065.6,2160.0,-0.0,1671.5440000000003,-0.0,0.0,-0.0,-0.0
2021-12-20 05:00:00,-0.0,3972.6800000000003,2160.0,-0.0,1979.384,-0.0,0.0,-0.0,-0.0
2021-12-20 06:00:00,-0.0,3923.92,2160.0,-0.0,2280.893,-0.0,0.0,-0.0,-0.0
2021-12-20 07:00:00,-0.0,3926.62,2160.0,-0.0,2498.879,-0.0,0.0,-0.0,-0.0
2021-12-20 08:00:00,-0.0,3981.8700000000003,2160.0,-0.0,2582.107999999999,-0.0,0.0,-0.0,-0.0
2021-12-20 09:00:00,675.0974086326887,4084.28,2160.0,-0.0,1846.7245913673119,-0.0,0.0,-0.0,-0.0
2021-12-20 10:00:00,1644.3596733445913,4222.67,2160.0,-0.0,704.2623266554081,-0.0,0.0,-0.0,-0.0
2021-12-20 11:00:00,2423.167984111146,4381.5,1952.693015888855,-0.0,-0.0,-0.0,0.0,100.0,95.0
2021-12-20 12:00:00,2717.9489567598,4542.85,1423.2430432401993,-0.0,-0.0,-0.0,0.0,100.0,189.9905
2021-12-20 13:00:00,2423.167984111146,4688.76,1532.5980158888538,-0.0,-0.0,-0.0,0.0,100.0,284.97150095
2021-12-20 14:00:00,1644.359673344591,4803.53,2160.0,-0.0,-0.0,-0.0,0.0,42.209673344590556,325.04219347726604
2021-12-20 15:00:00,675.0974086326887,4875.76,2160.0,-0.0,856.6825913673119,-0.0,100.0,-0.0,219.74653136318148
2021-12-20 16:00:00,-0.0,4899.72,2160.0,-0.0,1782.78913345183,-0.0,8.829866548169791,-0.0,210.42996034355065
2021-12-20 17:00:00,-0.0,4876.0599999999995,2160.0,-0.0,2043.9500000000007,-0.0,0.0,-0.0,210.4089173475163
2021-12-20 18:00:00,-0.0,4811.58,2160.0,-0.0,2303.59,-0.0,0.0,-0.0,210.38787645578157
2021-12-20 19:00:00,-0.0,4718.2,2160.0,-0.0,2473.1140000000005,-0.0,0.0,-0.0,210.366837668136
2021-12-20 20:00:00,-0.0,4611.24,2160.0,-0.0,2499.331,-0.0,0.0,-0.0,210.34580098436916
2021-12-20 21:00:00,-0.0,4507.2699999999995,2160.0,-0.0,2402.4579999999996,-0.0,0.0,-0.0,210.32476640427072
2021-12-20 22:00:00,-0.0,4421.71,2160.0,-0.0,2250.580000000001,-0.0,0.0,-0.0,210.3037339276303
2021-12-20 23:00:00,-0.0,4366.73,2160.0,-0.0,2106.1059999999998,-0.0,0.0,-0.0,210.28270355423754
2021-12-21 00:00:00,-0.0,4356.37,2160.0,-0.0,1499.8950000000004,-0.0,0.0,-0.0,210.2616752838821
2021-12-21 01:00:00,-0.0,4377.93,2160.0,-0.0,1327.0259999999998,-0.0,0.0,-0.0,210.24064911635372
2021-12-21 02:00:00,-0.0,4433.16,2160.0,-0.0,1167.4750000000004,-0.0,0.0,-0.0,210.21962505144208
2021-12-21 03:00:00,-0.0,4511.29,2160.0,-0.0,1082.8360000000002,-0.0,0.0,-0.0,210.19860308893695
2021-12-21 04:00:00,-0.0,4597.38,2160.0,-0.0,1110.4939999999997,-0.0,0.0,-0.0,210.17758322862807
2021-12-21 05:00:00,-0.0,4674.2699999999995,2160.0,-0.0,1245.0750000000007,-0.0,0.0,-0.0,210.1565654703052
2021-12-21 06:00:00,-0.0,4724.95,2160.0,-0.0,1443.728,-0.0,0.0,-0.0,210.13554981375816
2021-12-21 07:00:00,-0.0,4734.8,2160.0,-0.0,1651.1850000000004,-0.0,0.0,-0.0,210.11453625877678
2021-12-21 08:00:00,0.012322331388803604,4693.65,2160.0,-0.0,1827.4606776686112,-0.0,0.0,-0.0,210.0935248051509
2021-12-21 09:00:00,659.9409410244602,4597.13,2160.0,-0.0,1302.87705897554,-0.0,0.0,-0.0,210.0725154526704
2021-12-21 10:00:00,1606.8997859226286,4447.360000000001,2160.0,-0.0,467.6232140773707,-0.0,0.0,-0.0,210.05150820112513
2021-12-21 11:00:00,2367.729815192918,4252.6900000000005,2084.325184807082,-0.0,-0.0,-0.0,0.0,100.0,305.030503050305
2021-12-21 12:00:00,2655.696538583564,4026.6600000000003,1945.9124614164366,-0.0,-0.0,-0.0,0.0,100.0,400.0
2021-12-21 13:00:00,2367.729815192918,3786.27,2160.0,-0.0,171.64818480708118,-0.0,0.0,-0.0,399.96
2021-12-21 14:00:00,1606.8997859226286,3549.75,2160.0,-0.0,1187.1022140773719,-0.0,0.0,-0.0,399.920004
2021-12-21 15:00:00,659.9409410244602,3334.26,2160.0,-0.0,2448.4190589755403,-0.0,0.0,-0.0,399.8800119996
2021-12-21 16:00:00,0.012322331388803604,3153.63,2160.0,-0.0,3469.8456776686103,-0.0,0.0,-0.0,399.84002399840006
2021-12-21 17:00:00,-0.0,3016.65,2160.0,232.64000000000078,3500.0,-0.0,100.0,-0.0,294.5368821012634
2021-12-21 18:00:00,-0.0,2925.99,2160.0,515.6570000000011,3500.0,-0.0,100.0,-0.0,189.24427051831645
2021-12-21 19:00:00,-0.0,2878.02,2160.0,637.0349999999999,3500.0,-0.0,100.0,-0.0,83.96218819652778
2021-12-21 20:00:00,-0.0,2863.35,2160.0,588.5398976211777,3500.0,-0.0,79.75610237882272,-0.0,-0.0
2021-12-21 21:00:00,-0.0,2868.33,2160.0,459.8790000000008,3500.0,-0.0,0.0,-0.0,-0.0
2021-12-21 22:00:00,-0.0,2876.95,2160.0,211.3020000000006,3500.0,-0.0,0.0,-0.0,-0.0
2021-12-21 23:00:00,-0.0,2873.1800000000003,2160.0,13.174999999999272,3500.0,-0.0,0.0,-0.0,-0.0
2021-12-22 00:00:00,-0.0,2849.94,2160.0,-0.0,2917.2450000000003,-0.0,0.0,-0.0,-0.0
2021-12-22 01:00:00,-0.0,2784.32,2160.0,-0.0,2829.2729999999997,-0.0,0.0,-0.0,-0.0
2021-12-22 02:00:00,-0.0,2679.12,2160.0,-0.0,2827.95,-0.0,0.0,-0.0,-0.0
2021-12-22 03:00:00,-0.0,2536.73,2160.0,-0.0,2961.7149999999997,-0.0,0.0,-0.0,-0.0
2021-12-22 04:00:00,-0.0,2365.61,2160.0,-0.0,3244.551,-0.0,0.0,-0.0,-0.0
2021-12-22 05:00:00,-0.0,2179.18,2160.0,140.50999999999976,3500.0,-0.0,0.0,-0.0,-0.0
2021-12-22 06:00:00,-0.0,1994.13,2160.0,573.04,3500.0,-0.0,0.0,-0.0,-0.0
2021-12-22 07:00:00,-0.0,1828.2399999999998,2160.0,954.4740000000002,3500.0,-0.0,0.0,-0.0,-0.0
2021-12-22 08:00:00,0.05545049124961622,1697.95,2160.0,1218.1775495087513,3500.0,-0.0,0.0,-0.0,-0.0
2021-12-22 09:00:00,675.3315329290759,1616.27,2160.0,661.8314670709242,3500.0,-0.0,0.0,-0.0,-0.0
2021-12-22 10:00:00,1643.1212790400166,1590.9499999999998,2160.0,-0.0,3179.815720959984,-0.0,0.0,-0.0,-0.0
2021-12-22 11:00:00,2420.531005193942,1623.52,2160.0,-0.0,2291.3139948060575,-0.0,0.0,-0.0,-0.0
2021-12-22 12:00:00,2714.7513117644053,1709.01,2160.0,-0.0,1833.8416882355937,-0.0,0.0,-0.0,-0.0
2021-12-22 13:00:00,2420.531005193942,1836.62,2160.0,-0.0,1956.6439948060583,-0.0,0.0,-0.0,-0.0
2021-12-22 14:00:00,1643.1212790400166,1991.1499999999999,2160.0,-0.0,2596.5407209599834,-0.0,0.0,-0.0,-0.0
2021-12-22 15:00:00,675.3315329290759,2154.99,2160.0,-0.0,3498.3714670709237,-0.0,0.0,-0.0,-0.0
2021-12-22 16:00:00,0.05545049124961622,2310.43,2160.0,698.1905495087494,3500.0,-0.0,0.0,-0.0,-0.0
2021-12-22 17:00:00,-0.0,2441.96,2160.0,791.7359999999999,3500.0,-0.0,0.0,-0.0,-0.0
2021-12-22 18:00:00,-0.0,2538.31,2160.0,887.0630000000001,3500.0,-0.0,0.0,-0.0,-0.0
2021-12-22 19:00:00,-0.0,2593.85,2160.0,904.3549999999996,3500.0,-0.0,0.0,-0.0,-0.0
2021-12-22 20:00:00,-0.0,2609.2599999999998,2160.0,805.0640000000003,3500.0,-0.0,0.0,-0.0,-0.0
2021-12-22 21:00:00,-0.0,2591.3,2160.0,619.2200000000003,3500.0,-0.0,0.0,-0.0,-0.0
2021-12-22 22:00:00,-0.0,2551.8,2160.0,418.4999999999991,3500.0,-0.0,0.0,-0.0,-0.0
2021-12-22 23:00:00,-0.0,2505.9300000000003,2160.0,262.3150000000005,3500.0,-0.0,0.0,-0.0,-0.0
2021-12-23 00:00:00,-0.0,2476.5,2160.0,-0.0,3172.286,-0.0,0.0,-0.0,-0.0
2021-12-23 01:00:00,-0.0,2465.73,2160.0,-0.0,3029.516,-0.0,0.0,-0.0,-0.0
2021-12-23 02:00:00,-0.0,2491.91,2160.0,-0.0,2896.9710000000005,-0.0,0.0,-0.0,-0.0
2021-12-23 03:00:00,-0.0,2561.83,2160.0,-0.0,2818.688,-0.0,0.0,-0.0,-0.0
2021-12-23 04:00:00,-0.0,2676.1600000000003,2160.0,-0.0,2816.4419999999996,-0.0,0.0,-0.0,-0.0
2021-12-23 05:00:00,-0.0,2829.27,2160.0,-0.0,2873.333,-0.0,0.0,-0.0,-0.0
2021-12-23 06:00:00,-0.0,3009.8999999999996,2160.0,-0.0,2940.759,-0.0,0.0,-0.0,-0.0
2021-12-23 07:00:00,-0.0,3202.54,2160.0,-0.0,2964.343,-0.0,0.0,-0.0,-0.0
2021-12-23 08:00:00,0.16019030805444684,3389.49,2160.0,-0.0,2911.4838096919457,-0.0,0.0,-0.0,-0.0
2021-12-23 09:00:00,664.7035221062329,3553.1400000000003,2160.0,-0.0,2121.425477893767,-0.0,0.0,-0.0,-0.0
2021-12-23 10:00:00,1615.2912935984036,3678.27,2160.0,-0.0,1007.1487064015955,-0.0,0.0,-0.0,-0.0
2021-12-23 11:00:00,2378.665884300481,3754.09,2160.0,-0.0,90.51911569951835,-0.0,0.0,-0.0,-0.0
2021-12-23 12:00:00,2667.5444602138987,3775.62,1963.5355397861022,-0.0,-0.0,-0.0,0.0,100.0,95.0
2021-12-23 13:00:00,2378.665884300481,3744.36,2160.0,-0.0,-0.0,-0.0,0.0,18.847884300481383,112.89599008545731
2021-12-23 14:00:00,1615.2912935984036,3668.0600000000004,2160.0,-0.0,839.2277064015957,-0.0,0.0,-0.0,112.88470048644876
2021-12-23 15:00:00,664.7035221062329,3559.6899999999996,2160.0,-0.0,1997.546477893768,-0.0,0.0,-0.0,112.87341201640012
2021-12-23 16:00:00,0.16019030805444684,3435.67,2160.0,-0.0,2967.668809691945,-0.0,0.0,-0.0,112.86212467519849
2021-12-23 17:00:00,-0.0,3313.72,2160.0,-0.0,3316.4680000000003,-0.0,0.0,-0.0,112.85083846273096
2021-12-23 18:00:00,-0.0,3210.49,2160.0,13.137000000000626,3500.0,-0.0,100.0,-0.0,7.576395484147852
2021-12-23 19:00:00,-0.0,3139.3500000000004,2160.0,251.7661440476304,3500.0,-0.0,7.196855952369466,-0.0,-0.0
2021-12-23 20:00:00,-0.0,3108.67,2160.0,207.70499999999993,3500.0,-0.0,0.0,-0.0,-0.0
2021-12-23 21:00:00,-0.0,3120.77,2160.0,-0.0,3493.8310000000006,-0.0,0.0,-0.0,-0.0
2021-12-23 22:00:00,-0.0,3171.68,2160.0,-0.0,3204.8179999999998,-0.0,0.0,-0.0,-0.0
2021-12-23 23:00:00,-0.0,3251.76,2160.0,-0.0,2924.884,-0.0,0.0,-0.0,-0.0
2021-12-24 00:00:00,-0.0,3353.41,2160.0,-0.0,2205.821,-0.0,0.0,-0.0,-0.0
2021-12-24 01:00:00,-0.0,3447.92,2160.0,-0.0,1960.1350000000002,-0.0,0.0,-0.0,-0.0
2021-12-24 02:00:00,-0.0,3525.44,2160.0,-0.0,1778.6929999999998,-0.0,0.0,-0.0,-0.0
2021-12-24 03:00:00,-0.0,3572.14,2160.0,-0.0,1726.15,-0.0,0.0,-0.0,-0.0
2021-12-24 04:00:00,-0.0,3578.5099999999998,2160.0,-0.0,1834.4569999999999,-0.0,0.0,-0.0,-0.0
2021-12-24 05:00:00,-0.0,3540.72,2160.0,-0.0,2084.914,-0.0,0.0,-0.0,-0.0
2021-12-24 06:00:00,-0.0,3461.2900000000004,2160.0,-0.0,2415.136,-0.0,0.0,-0.0,-0.0
2021-12-24 07:00:00,-0.0,3348.8,2160.0,-0.0,2746.6529999999993,-0.0,0.0,-0.0,-0.0
2021-12-24 08:00:00,0.3018971190256883,3216.91,2160.0,-0.0,3015.3611028809746,-0.0,0.0,-0.0,-0.0
2021-12-24 09:00:00,576.5865303448983,3082.5399999999995,2160.0,-0.0,2614.5124696551015,-0.0,0.0,-0.0,-0.0
2021-12-24 10:00:00,1398.8557039197628,2963.7400000000002,2160.0,-0.0,1875.476296080237,-0.0,0.0,-0.0,-0.0
2021-12-24 11:00:00,2058.9137070924166,2877.27,2160.0,-0.0,1227.5032929075833,-0.0,0.0,-0.0,-0.0
2021-12-24 12:00:00,2308.656558514994,2836.45,2160.0,-0.0,945.110441485007,-0.0,0.0,-0.0,-0.0
2021-12-24 13:00:00,2058.9137070924166,2849.41,2160.0,-0.0,1142.5282929075843,-0.0,0.0,-0.0,-0.0
2021-12-24 14:00:00,1398.8557039197628,2918.0099999999998,2160.0,-0.0,1755.5942960802365,-0.0,0.0,-0.0,-0.0
2021-12-24 15:00:00,576.5865303448983,3037.67,2160.0,-0.0,2560.819469655101,-0.0,0.0,-0.0,-0.0
2021-12-24 16:00:00,0.3018971190256883,3197.96,2160.0,-0.0,3161.6721028809734,-0.0,0.0,-0.0,-0.0
2021-12-24 17:00:00,-0.0,3384.04,2160.0,-0.0,3205.924,-0.0,0.0,-0.0,-0.0
2021-12-24 18:00:00,-0.0,3578.6400000000003,2160.0,-0.0,3208.142999999999,-0.0,0.0,-0.0,-0.0
2021-12-24 19:00:00,-0.0,3764.38,2160.0,-0.0,3100.5029999999997,-0.0,0.0,-0.0,-0.0
2021-12-24 20:00:00,-0.0,3926.08,2160.0,-0.0,2860.3140000000003,-0.0,0.0,-0.0,-0.0
2021-12-24 21:00:00,-0.0,4052.75,2160.0,-0.0,2535.349,-0.0,0.0,-0.0,-0.0
2021-12-24 22:00:00,-0.0,4139.0,2160.0,-0.0,2214.5020000000004,-0.0,0.0,-0.0,-0.0
2021-12-24 23:00:00,-0.0,4185.72,2160.0,-0.0,1971.4579999999996,-0.0,0.0,-0.0,-0.0
2021-12-25 00:00:00,-0.0,4205.92,2160.0,-0.0,901.0079999999998,-0.0,0.0,-0.0,-0.0
2021-12-25 01:00:00,-0.0,4199.4,2160.0,-0.0,759.9220000000005,-0.0,0.0,-0.0,-0.0
2021-12-25 02:00:00,-0.0,4187.5,2160.0,-0.0,671.4840000000004,-0.0,0.0,-0.0,-0.0
2021-12-25 03:00:00,-0.0,4186.58,2160.0,-0.0,670.1580000000004,-0.0,0.0,-0.0,-0.0
2021-12-25 04:00:00,-0.0,4211.78,2160.0,-0.0,763.2430000000004,-0.0,0.0,-0.0,-0.0
2021-12-25 05:00:00,-0.0,4274.88,2160.0,-0.0,916.4219999999996,-0.0,0.0,-0.0,-0.0
2021-12-25 06:00:00,-0.0,4382.5199999999995,2160.0,-0.0,1063.1890000000003,-0.0,0.0,-0.0,-0.0
2021-12-25 07:00:00,-0.0,4535.22,2160.0,-0.0,1133.1319999999996,-0.0,0.0,-0.0,-0.0
2021-12-25 08:00:00,0.44976509569133155,4727.12,2160.0,-0.0,1081.5142349043085,-0.0,0.0,-0.0,-0.0
2021-12-25 09:00:00,465.611613857333,4946.71,2160.0,-0.0,441.4353861426666,-0.0,0.0,-0.0,-0.0
2021-12-25 10:00:00,1127.2715201105314,5178.1900000000005,1676.3254798894684,-0.0,-0.0,-0.0,0.0,-0.0,-0.0
2021-12-25 11:00:00,1658.136039837274,5403.5,870.4720349044906,-0.0,-0.0,-0.0,0.0,21.121074741764055,20.065021004675852
2021-12-25 12:00:00,1858.9592356463006,5604.66,477.4667643536998,-0.0,-0.0,-0.0,0.0,100.0,115.06301450257538
2021-12-25 13:00:00,1658.136039837274,5766.0599999999995,481.07696016272666,-0.0,-0.0,-0.0,0.0,100.0,210.05150820112513
2021-12-25 14:00:00,1127.2715201105314,5876.46,926.6794798894687,-0.0,-0.0,-0.0,0.0,100.0,305.030503050305
2021-12-25 15:00:00,465.611613857333,5930.450000000001,1640.4713861426667,-0.0,-0.0,-0.0,0.0,100.0,400.0
2021-12-25 16:00:00,0.44976509569133155,5929.07,2160.0,-0.0,-0.0,-0.0,35.35023490430885,-0.0,362.749226416517
2021-12-25 17:00:00,-0.0,5879.59,2160.0,-0.0,218.7579999999998,-0.0,100.0,-0.0,257.4497935991385
2021-12-25 18:00:00,-0.0,5794.51,2160.0,-0.0,504.0720000000001,-0.0,100.0,-0.0,152.16089072504178
2021-12-25 19:00:00,-0.0,5689.8099999999995,2160.0,-0.0,690.2520000000004,-0.0,100.0,-0.0,46.882516741232436
2021-12-25 20:00:00,-0.0,5582.72,2160.0,-0.0,777.66006293492,-0.0,44.5339370650804,-0.0,-0.0
2021-12-25 21:00:00,-0.0,5489.48,2160.0,-0.0,720.4380000000001,-0.0,0.0,-0.0,-0.0
2021-12-25 22:00:00,-0.0,5423.04,2160.0,-0.0,555.5349999999999,-0.0,0.0,-0.0,-0.0
2021-12-25 23:00:00,-0.0,5391.39,2160.0,-0.0,394.0689999999995,-0.0,0.0,-0.0,-0.0
2021-12-26 00:00:00,-0.0,5402.360000000001,1931.9119999999994,-0.0,-0.0,-0.0,0.0,-0.0,-0.0
2021-12-26 01:00:00,-0.0,5439.96,1749.8109999999997,-0.0,-0.0,-0.0,0.0,-0.0,-0.0
2021-12-26 02:00:00,-0.0,5500.14,1592.3429999999998,-0.0,-0.0,-0.0,0.0,-0.0,-0.0
2021-12-26 03:00:00,-0.0,5568.82,1578.0589700888677,-0.0,-0.0,-0.0,0.0,53.649970088866965,50.96747158442361
2021-12-26 04:00:00,-0.0,5629.66,1684.7849999999999,-0.0,-0.0,-0.0,0.0,100.0,145.96237483726517
2021-12-26 05:00:00,-0.0,5666.45,1867.1419999999998,-0.0,-0.0,-0.0,0.0,100.0,240.94777859978146
2021-12-26 06:00:00,-0.0,5665.3,2125.5029999999997,-0.0,-0.0,-0.0,0.0,100.0,335.9236838219215
2021-12-26 07:00:00,-0.0,5616.71,2160.0,-0.0,39.47199999999975,-0.0,100.0,-0.0,230.62693355880248
2021-12-26 08:00:00,0.6900505577730018,5516.93,2160.0,-0.0,281.9599494422266,-0.0,100.0,-0.0,125.34071297070976
2021-12-26 09:00:00,435.3233233036537,5368.579999999999,2160.0,-0.0,42.94267669634684,-0.0,100.0,-0.0,20.065021004675852
2021-12-26 10:00:00,1051.3105082642517,5180.47,1945.6154917357478,-0.0,-0.0,-0.0,0.0,100.0,115.06301450257538
2021-12-26 11:00:00,1545.2265173216663,4966.48,1597.332482678334,-0.0,-0.0,-0.0,0.0,100.0,210.05150820112513
2021-12-26 12:00:00,1732.0269000102346,4743.85,1565.6250999897654,-0.0,-0.0,-0.0,0.0,100.0,305.030503050305
2021-12-26 13:00:00,1545.2265173216663,4530.96,1931.7864826783336,-0.0,-0.0,-0.0,0.0,100.0,400.0
2021-12-26 14:00:00,1051.3105082642517,4345.0,2160.0,-0.0,379.00249173574844,-0.0,0.0,-0.0,399.96
2021-12-26 15:00:00,435.3233233036537,4199.75,2160.0,-0.0,1248.4776766963466,-0.0,0.0,-0.0,399.920004
2021-12-26 16:00:00,0.6900505577730018,4103.8,2160.0,-0.0,1969.4289494422267,-0.0,0.0,-0.0,399.8800119996
2021-12-26 17:00:00,-0.0,4059.58,2160.0,-0.0,2249.76,-0.0,0.0,-0.0,399.84002399840006
2021-12-26 18:00:00,-0.0,4063.05,2160.0,-0.0,2448.3769999999995,-0.0,0.0,-0.0,399.80003999600024
2021-12-26 19:00:00,-0.0,4104.360000000001,2160.0,-0.0,2490.3089999999993,-0.0,0.0,-0.0,399.76005999200066
2021-12-26 20:00:00,-0.0,4169.29,2160.0,-0.0,2351.9000000000005,-0.0,0.0,-0.0,399.72008398600144
2021-12-26 21:00:00,-0.0,4241.1900000000005,2160.0,-0.0,2086.58,-0.0,0.0,-0.0,399.68011197760285
2021-12-26 22:00:00,-0.0,4303.31,2160.0,-0.0,1794.597999999999,-0.0,0.0,-0.0,399.6401439664051
2021-12-26 23:00:00,-0.0,4341.08,2160.0,-0.0,1565.0950000000003,-0.0,0.0,-0.0,399.6001799520085
2021-12-27 00:00:00,-0.0,4349.78,2160.0,-0.0,1382.4000000000005,-0.0,0.0,-0.0,399.5602199340133
2021-12-27 01:00:00,-0.0,4313.34,2160.0,-0.0,1275.5249999999996,-0.0,0.0,-0.0,399.52026391201986
2021-12-27 02:00:00,-0.0,4238.89,2160.0,-0.0,1253.7749999999996,-0.0,0.0,-0.0,399.4803118856287
2021-12-27 03:00:00,-0.0,4133.91,2160.0,-0.0,1360.487,-0.0,0.0,-0.0,399.44036385444014
2021-12-27 04:00:00,-0.0,4010.89,2160.0,-0.0,1605.6079999999997,-0.0,0.0,-0.0,399.4004198180547
2021-12-27 05:00:00,-0.0,3885.58,2160.0,-0.0,1950.848,-0.0,0.0,-0.0,399.36047977607285
2021-12-27 06:00:00,-0.0,3774.79,2160.0,-0.0,2319.5289999999995,-0.0,0.0,-0.0,399.32054372809523
2021-12-27 07:00:00,-0.0,3694.1000000000004,2160.0,-0.0,2626.172999999999,-0.0,0.0,-0.0,399.28061167372243
2021-12-27 08:00:00,1.2199108074915568,3655.61,2160.0,-0.0,2807.3140891925086,-0.0,0.0,-0.0,399.2406836125551
2021-12-27 09:00:00,501.6174661754171,3666.29,2160.0,-0.0,2343.870533824583,-0.0,0.0,-0.0,399.20075954419383
2021-12-27 10:00:00,1207.8842120560846,3726.9,2160.0,-0.0,1547.8057879439154,-0.0,0.0,-0.0,399.16083946823943
2021-12-27 11:00:00,1773.774958755501,3831.8,2160.0,-0.0,808.8150412444982,-0.0,0.0,-0.0,399.1209233842926
2021-12-27 12:00:00,1987.7460821563814,3969.6,2160.0,-0.0,389.5599178436196,-0.0,0.0,-0.0,399.0810112919542
2021-12-27 13:00:00,1773.774958755501,4124.59,2160.0,-0.0,414.9590412444993,-0.0,0.0,-0.0,399.041103190825
2021-12-27 14:00:00,1207.8842120560846,4278.74,2160.0,-0.0,853.881787943915,-0.0,0.0,-0.0,399.00119908050596
2021-12-27 15:00:00,501.6174661754171,4414.04,2160.0,-0.0,1532.8245338245829,-0.0,0.0,-0.0,398.9612989605979
2021-12-27 16:00:00,1.2199108074915568,4514.8,2160.0,-0.0,2122.4620891925083,-0.0,0.0,-0.0,398.9214028307018
2021-12-27 17:00:00,-0.0,4569.650000000001,2160.0,-0.0,2303.781,-0.0,0.0,-0.0,398.88151069041874
2021-12-27 18:00:00,-0.0,4573.01,2160.0,-0.0,2501.932999999999,-0.0,0.0,-0.0,398.8416225393497
2021-12-27 19:00:00,-0.0,4525.67,2160.0,-0.0,2631.834999999999,-0.0,0.0,-0.0,398.8017383770958
2021-12-27 20:00:00,-0.0,4434.66,2160.0,-0.0,2648.5840000000007,-0.0,0.0,-0.0,398.76185820325804
2021-12-27 21:00:00,-0.0,4312.1900000000005,2160.0,-0.0,2576.7479999999996,-0.0,0.0,-0.0,398.7219820174377
2021-12-27 22:00:00,-0.0,4173.87,2160.0,-0.0,2484.219,-0.0,0.0,-0.0,398.68210981923596
2021-12-27 23:00:00,-0.0,4036.6400000000003,2160.0,-0.0,2428.63,-0.0,0.0,-0.0,398.64224160825404
2021-12-28 00:00:00,-0.0,3921.7400000000002,2160.0,-0.0,1931.9540000000002,-0.0,0.0,-0.0,398.60237738409324
2021-12-28 01:00:00,-0.0,3830.92,2160.0,-0.0,1878.174,-0.0,0.0,-0.0,398.5625171463548
2021-12-28 02:00:00,-0.0,3777.2099999999996,2160.0,-0.0,1834.3000000000006,-0.0,0.0,-0.0,398.5226608946402
2021-12-28 03:00:00,-0.0,3762.19,2160.0,-0.0,1849.5719999999997,-0.0,0.0,-0.0,398.48280862855074
2021-12-28 04:00:00,-0.0,3781.1800000000003,2160.0,-0.0,1951.107,-0.0,0.0,-0.0,398.4429603476879
2021-12-28 05:00:00,-0.0,3823.95,2160.0,-0.0,2126.5969999999998,-0.0,0.0,-0.0,398.40311605165317
2021-12-28 06:00:00,-0.0,3876.02,2160.0,-0.0,2330.6549999999993,-0.0,0.0,-0.0,398.36327574004804
2021-12-28 07:00:00,-0.0,3920.7599999999998,2160.0,-0.0,2510.0170000000003,-0.0,0.0,-0.0,398.32343941247404
2021-12-28 08:00:00,2.033184679152595,3941.6400000000003,2160.0,-0.0,2629.0308153208466,-0.0,0.0,-0.0,398.2836070685328
2021-12-28 09:00:00,579.020190794187,3924.5200000000004,2160.0,-0.0,2114.7668092058134,-0.0,0.0,-0.0,398.2437787078259
2021-12-28 10:00:00,1389.6324388752432,3859.66,2160.0,-0.0,1337.7105611247575,-0.0,0.0,-0.0,398.20395432995514
2021-12-28 11:00:00,2038.6065049636684,3743.13,2160.0,-0.0,734.8654950363323,-0.0,0.0,-0.0,398.16413393452217
2021-12-28 12:00:00,2283.913317086276,3577.4,2160.0,-0.0,585.5206829137246,-0.0,0.0,-0.0,398.1243175211287
2021-12-28 13:00:00,2038.6065049636684,3371.19,2160.0,-0.0,1001.0914950363324,-0.0,0.0,-0.0,398.0845050893766
2021-12-28 14:00:00,1389.6324388752432,3138.33,2160.0,-0.0,1907.6645611247573,-0.0,0.0,-0.0,398.04469663886766
2021-12-28 15:00:00,579.020190794187,2896.05,2160.0,-0.0,3066.0138092058137,-0.0,0.0,-0.0,398.0048921692038
2021-12-28 16:00:00,2.033184679152595,2662.81,2160.0,463.64681532084705,3500.0,-0.0,100.0,-0.0,292.70193378525005
2021-12-28 17:00:00,-0.0,2455.88,2160.0,904.8929999999991,3500.0,-0.0,100.0,-0.0,187.4095056971347
2021-12-28 18:00:00,-0.0,2289.17,2160.0,1270.3790000000008,3500.0,-0.0,100.0,-0.0,82.12760685182816
2021-12-28 19:00:00,-0.0,2171.52,2160.0,1489.7745756134145,3500.0,-0.0,78.01342438658584,-0.0,-0.0
2021-12-28 20:00:00,-0.0,2105.5499999999997,2160.0,1556.6280000000006,3500.0,-0.0,0.0,-0.0,-0.0
2021-12-28 21:00:00,-0.0,2087.52,2160.0,1377.4210000000003,3500.0,-0.0,0.0,-0.0,-0.0
2021-12-28 22:00:00,-0.0,2107.9,2160.0,1123.2000000000007,3500.0,-0.0,0.0,-0.0,-0.0
2021-12-28 23:00:00,-0.0,2152.83,2160.0,882.4009999999998,3500.0,-0.0,0.0,-0.0,-0.0
2021-12-29 00:00:00,-0.0,2211.23,2160.0,209.07400000000007,3500.0,-0.0,0.0,-0.0,-0.0
2021-12-29 01:00:00,-0.0,2256.35,2160.0,16.196000000000367,3500.0,-0.0,0.0,-0.0,-0.0
2021-12-29 02:00:00,-0.0,2279.2599999999998,2160.0,-0.0,3392.4950000000003,-0.0,0.0,-0.0,-0.0
2021-12-29 03:00:00,-0.0,2270.01,2160.0,-0.0,3398.7429999999995,-0.0,0.0,-0.0,-0.0
2021-12-29 04:00:00,-0.0,2224.2799999999997,2160.0,61.699000000000524,3500.0,-0.0,0.0,-0.0,-0.0
2021-12-29 05:00:00,-0.0,2143.98,2160.0,356.9190000000003,3500.0,-0.0,0.0,-0.0,-0.0
2021-12-29 06:00:00,-0.0,2037.04,2160.0,716.6070000000009,3500.0,-0.0,0.0,-0.0,-0.0
2021-12-29 07:00:00,-0.0,1916.3700000000001,2160.0,1057.9630000000006,3500.0,-0.0,0.0,-0.0,-0.0
2021-12-29 08:00:00,2.9511983676184634,1798.12,2160.0,1311.7408016323816,3500.0,-0.0,0.0,-0.0,-0.0
2021-12-29 09:00:00,608.2980501739844,1699.4799999999998,2160.0,847.1589498260164,3500.0,-0.0,0.0,-0.0,-0.0
2021-12-29 10:00:00,1454.460224311739,1636.3700000000001,2160.0,29.29577568826153,3500.0,-0.0,0.0,-0.0,-0.0
2021-12-29 11:00:00,2131.276598173166,1621.2299999999998,2160.0,-0.0,2793.6884018268343,-0.0,0.0,-0.0,-0.0
2021-12-29 12:00:00,2387.0204249820904,1661.29,2160.0,-0.0,2424.56557501791,-0.0,0.0,-0.0,-0.0
2021-12-29 13:00:00,2131.276598173166,1757.53,2160.0,-0.0,2544.553401826835,-0.0,0.0,-0.0,-0.0
2021-12-29 14:00:00,1454.460224311739,1904.51,2160.0,-0.0,3095.54377568826,-0.0,0.0,-0.0,-0.0
2021-12-29 15:00:00,608.2980501739844,2090.95,2160.0,357.1259498260156,3500.0,-0.0,0.0,-0.0,-0.0
2021-12-29 16:00:00,2.9511983676184634,2301.22,2160.0,936.0018016323829,3500.0,-0.0,0.0,-0.0,-0.0
2021-12-29 17:00:00,-0.0,2517.31,2160.0,951.5339999999997,3500.0,-0.0,0.0,-0.0,-0.0
2021-12-29 18:00:00,-0.0,2721.17,2160.0,942.8340000000007,3500.0,-0.0,0.0,-0.0,-0.0
2021-12-29 19:00:00,-0.0,2896.99,2160.0,843.1579999999994,3500.0,-0.0,0.0,-0.0,-0.0
2021-12-29 20:00:00,-0.0,3033.27,2160.0,626.1350000000002,3500.0,-0.0,0.0,-0.0,-0.0
2021-12-29 21:00:00,-0.0,3124.18,2160.0,334.38200000000006,3500.0,-0.0,0.0,-0.0,-0.0
2021-12-29 22:00:00,-0.0,3170.25,2160.0,50.873999999999796,3500.0,-0.0,0.0,-0.0,-0.0
2021-12-29 23:00:00,-0.0,3178.19,2160.0,-0.0,3343.48,-0.0,0.0,-0.0,-0.0
2021-12-30 00:00:00,-0.0,3164.77,2160.0,-0.0,2738.1560000000004,-0.0,0.0,-0.0,-0.0
2021-12-30 01:00:00,-0.0,3135.26,2160.0,-0.0,2616.357,-0.0,0.0,-0.0,-0.0
2021-12-30 02:00:00,-0.0,3111.06,2160.0,-0.0,2536.235,-0.0,0.0,-0.0,-0.0
2021-12-30 03:00:00,-0.0,3107.51,2160.0,-0.0,2533.277,-0.0,0.0,-0.0,-0.0
2021-12-30 04:00:00,-0.0,3136.63,2160.0,-0.0,2617.9039999999995,-0.0,0.0,-0.0,-0.0
2021-12-30 05:00:00,-0.0,3205.46,2160.0,-0.0,2760.5460000000003,-0.0,0.0,-0.0,-0.0
2021-12-30 06:00:00,-0.0,3314.98,2160.0,-0.0,2900.359,-0.0,0.0,-0.0,-0.0
2021-12-30 07:00:00,-0.0,3459.89,2160.0,-0.0,2972.7550000000006,-0.0,0.0,-0.0,-0.0
2021-12-30 08:00:00,4.0848528553883945,3629.3199999999997,2160.0,-0.0,2934.3781471446114,-0.0,0.0,-0.0,-0.0
2021-12-30 09:00:00,631.1621360659094,3808.18,2160.0,-0.0,2167.266863934091,-0.0,0.0,-0.0,-0.0
2021-12-30 10:00:00,1502.9424371609869,3979.2,2160.0,-0.0,1086.4015628390132,-0.0,0.0,-0.0,-0.0
2021-12-30 11:00:00,2199.5299917357493,4125.22,2160.0,-0.0,166.65600826425134,-0.0,0.0,-0.0,-0.0
2021-12-30 12:00:00,2462.6487338808724,4231.5,1980.7802661191276,-0.0,-0.0,-0.0,0.0,100.0,95.0
2021-12-30 13:00:00,2199.5299917357493,4287.7300000000005,2145.048008264251,-0.0,-0.0,-0.0,0.0,100.0,189.9905
2021-12-30 14:00:00,1502.9424371609869,4289.4,2160.0,-0.0,498.070562839014,-0.0,100.0,-0.0,84.70834305526317
2021-12-30 15:00:00,631.1621360659094,4238.49,2160.0,-0.0,1539.1639853241818,-0.0,80.46487860990976,-0.0,-0.0
2021-12-30 16:00:00,4.0848528553883945,4143.21,2160.0,-0.0,2522.854147144611,-0.0,0.0,-0.0,-0.0
2021-12-30 17:00:00,-0.0,4016.94,2160.0,-0.0,2879.010999999999,-0.0,0.0,-0.0,-0.0
2021-12-30 18:00:00,-0.0,3876.55,2160.0,-0.0,3211.7570000000005,-0.0,0.0,-0.0,-0.0
2021-12-30 19:00:00,-0.0,3740.12,2160.0,-0.0,3421.5950000000003,-0.0,0.0,-0.0,-0.0
2021-12-30 20:00:00,-0.0,3624.6499999999996,2160.0,-0.0,3453.656000000001,-0.0,0.0,-0.0,-0.0
2021-12-30 21:00:00,-0.0,3543.8199999999997,2160.0,-0.0,3331.050000000001,-0.0,0.0,-0.0,-0.0
2021-12-30 22:00:00,-0.0,3506.2599999999998,2160.0,-0.0,3128.6520000000005,-0.0,0.0,-0.0,-0.0
2021-12-30 23:00:00,-0.0,3514.5,2160.0,-0.0,2918.5149999999994,-0.0,0.0,-0.0,-0.0
2021-12-31 00:00:00,-0.0,3569.4900000000002,2160.0,-0.0,2242.168,-0.0,0.0,-0.0,-0.0
2021-12-31 01:00:00,-0.0,3652.18,2160.0,-0.0,2005.8849999999998,-0.0,0.0,-0.0,-0.0
2021-12-31 02:00:00,-0.0,3753.5099999999998,2160.0,-0.0,1798.033,-0.0,0.0,-0.0,-0.0
2021-12-31 03:00:00,-0.0,3857.31,2160.0,-0.0,1685.6070000000004,-0.0,0.0,-0.0,-0.0
2021-12-31 04:00:00,-0.0,3947.3799999999997,2160.0,-0.0,1707.2540000000004,-0.0,0.0,-0.0,-0.0
2021-12-31 05:00:00,-0.0,4009.8,2160.0,-0.0,1854.3629999999994,-0.0,0.0,-0.0,-0.0
2021-12-31 06:00:00,-0.0,4034.88,2160.0,-0.0,2076.763,-0.0,0.0,-0.0,-0.0
2021-12-31 07:00:00,-0.0,4018.57,2160.0,-0.0,2308.6169999999997,-0.0,0.0,-0.0,-0.0
2021-12-31 08:00:00,5.896235569542524,3963.11,2160.0,-0.0,2491.648764430458,-0.0,0.0,-0.0,-0.0
2021-12-31 09:00:00,701.584259952922,3876.77,2160.0,-0.0,1919.5507400470788,-0.0,0.0,-0.0,-0.0
2021-12-31 10:00:00,1663.138906381128,3772.85,2160.0,-0.0,1022.3710936188727,-0.0,0.0,-0.0,-0.0
2021-12-31 11:00:00,2430.610672269983,3667.88,2160.0,-0.0,281.3473277300168,-0.0,0.0,-0.0,-0.0
2021-12-31 12:00:00,2720.3764560433942,3579.46,2160.0,-0.0,2.2385439566064633,-0.0,0.0,-0.0,-0.0
2021-12-31 13:00:00,2430.610672269983,3523.9300000000003,2160.0,-0.0,303.7263277300167,-0.0,0.0,-0.0,-0.0
2021-12-31 14:00:00,1663.138906381128,3514.12,2160.0,-0.0,1098.026093618872,-0.0,0.0,-0.0,-0.0
2021-12-31 15:00:00,701.584259952922,3557.67,2160.0,-0.0,2113.9117400470773,-0.0,0.0,-0.0,-0.0
2021-12-31 16:00:00,5.896235569542524,3655.9599999999996,2160.0,-0.0,2891.2927644304573,-0.0,0.0,-0.0,-0.0
2021-12-31 17:00:00,-0.0,3803.91,2160.0,-0.0,2974.259,-0.0,0.0,-0.0,-0.0
2021-12-31 18:00:00,-0.0,3990.59,2160.0,-0.0,2979.254999999999,-0.0,0.0,-0.0,-0.0
2021-12-31 19:00:00,-0.0,4200.68,2160.0,-0.0,2841.9969999999994,-0.0,0.0,-0.0,-0.0
2021-12-31 20:00:00,-0.0,4416.47,2160.0,-0.0,2542.327,-0.0,0.0,-0.0,-0.0
2021-12-31 21:00:00,-0.0,4620.15,2160.0,-0.0,2134.8420000000006,-0.0,0.0,-0.0,-0.0
2021-12-31 22:00:00,-0.0,4796.12,2160.0,-0.0,1718.652000000001,-0.0,0.0,-0.0,-0.0
2021-12-31 23:00:00,-0.0,4933.02,2160.0,-0.0,1379.6970000000001,-0.0,0.0,-0.0,-0.0
